date,Trading_Volume,Trading_money,open,max,min,close,spread,Trading_turnover
2015-01-05,77006,3049837,28.899805,28.972601,28.754214,28.863408,-0.618761,47
2015-01-06,41025,1604871,28.535828,28.608623,28.390237,28.49943,-0.363978,31
2015-01-07,34001,1335039,28.49943,28.863408,28.463032,28.754214,0.254784,31
2015-01-08,75257,2955723,29.081794,29.081794,28.49943,28.535828,-0.218386,50
2015-01-09,3259,128039,28.608623,28.608623,28.608623,28.608623,0.072795,7
2015-01-12,17526,692319,28.936203,28.936203,28.535828,28.790612,0.181989,20
2015-01-13,48009,1913049,28.863408,29.081794,28.863408,29.081794,0.291182,59
2015-01-14,130022,5215871,29.081794,29.263783,28.82701,29.118192,0.036398,50
2015-01-15,23100,917819,28.899805,29.045396,28.681419,29.045396,-0.072796,19
2015-01-16,61594,2423903,28.645021,28.899805,28.390237,28.899805,-0.145591,57
2015-01-19,27001,1062289,28.899805,28.899805,28.49943,28.790612,-0.109193,23
2015-01-20,30921,1225986,28.899805,28.936203,28.681419,28.936203,0.145591,32
2015-01-21,47064,1870846,28.972601,29.118192,28.645021,29.118192,0.181989,36
2015-01-22,50255,1995346,29.118192,29.118192,28.754214,28.972601,-0.145591,35
2015-01-23,10134,401204,28.754214,28.972601,28.754214,28.972601,0.0,11
2015-01-26,39182,1543559,28.754214,28.82701,28.608623,28.608623,-0.363978,40
2015-01-27,26627,1045153,28.645021,28.717817,28.535828,28.535828,-0.072795,28
2015-01-28,17000,672300,28.535828,28.863408,28.535828,28.863408,0.32758,12
2015-01-29,246000,9649500,28.82701,28.863408,28.535828,28.535828,-0.32758,22
2015-01-30,20780,820941,28.535828,28.899805,28.535828,28.863408,0.32758,19
2015-02-02,72464,2881011,28.972601,28.972601,28.899805,28.936203,0.072795,60
2015-02-03,95427,3787679,28.936203,29.081794,28.572226,28.972601,0.036398,70
2015-02-04,38182,1519056,29.008999,29.008999,28.82701,28.972601,0.0,19
2015-02-05,10465,415562,28.972601,28.972601,28.82701,28.972601,0.0,13
2015-02-06,26005,1033595,28.972601,28.972601,28.790612,28.899805,-0.072796,22
2015-02-09,10265,406543,28.717817,28.972601,28.681419,28.972601,0.072796,11
2015-02-10,111266,4440559,29.008999,29.081794,28.972601,29.045396,0.072795,87
2015-02-11,12488,495769,29.045396,29.045396,28.754214,28.972601,-0.072795,16
2015-02-12,48776,1935628,28.717817,28.972601,28.681419,28.972601,0.0,29
2015-02-13,23430,929026,28.754214,29.008999,28.754214,29.008999,0.036398,20
2015-02-24,85894,3404792,28.972601,29.081794,28.717817,28.717817,-0.291182,80
2015-02-25,78190,3065895,28.717817,28.717817,28.463032,28.717817,0.0,61
2015-02-26,218074,8535410,28.463032,28.717817,28.390237,28.681419,-0.036398,62
2015-03-02,107524,4227488,28.681419,28.681419,28.463032,28.681419,0.0,48
2015-03-03,73998,2912918,28.608623,28.863408,28.572226,28.863408,0.181989,35
2015-03-04,37890,1491586,28.608623,28.790612,28.608623,28.754214,-0.109194,29
2015-03-05,34204,1343386,28.608623,28.754214,28.535828,28.608623,-0.145591,30
2015-03-06,53008,2098416,28.790612,28.936203,28.608623,28.681419,0.072796,27
2015-03-09,56112,2204438,28.608623,28.717817,28.49943,28.717817,0.036398,32
2015-03-10,92380,3622140,28.972601,28.972601,28.426635,28.426635,-0.291182,58
2015-03-11,94050,3655028,28.82701,28.82701,28.171851,28.317442,-0.109193,66
2015-03-12,47404,1848761,28.535828,28.535828,28.281044,28.49943,0.181988,37
2015-03-13,15131,588916,28.353839,28.535828,28.317442,28.317442,-0.181988,18
2015-03-16,101009,3953142,28.535828,28.572226,28.353839,28.353839,0.036397,32
2015-03-17,72456,2833917,28.463032,28.535828,28.281044,28.281044,-0.072795,44
2015-03-18,61116,2373939,28.317442,28.535828,28.099055,28.390237,0.109193,50
2015-03-19,40080,1568082,28.681419,28.681419,28.317442,28.317442,-0.072795,52
2015-03-20,40017,1551753,28.390237,28.390237,27.917066,28.353839,0.036397,37
2015-03-23,12344,478809,28.353839,28.463032,28.171851,28.463032,0.109193,59
2015-03-24,50374,1965083,28.390237,28.49943,28.317442,28.317442,-0.14559,40
2015-03-25,17436,674151,28.099055,28.281044,28.099055,28.171851,-0.145591,22
2015-03-26,68116,2662237,28.353839,28.681419,28.171851,28.463032,0.291181,68
2015-03-27,79661,3120229,28.244646,28.608623,28.244646,28.608623,0.145591,73
2015-03-30,30054,1174956,28.426635,28.608623,28.390237,28.390237,-0.218386,81
2015-03-31,26889,1046398,28.208248,28.572226,28.208248,28.317442,-0.072795,32
2015-04-01,15107,584212,28.208248,28.244646,28.135453,28.171851,-0.145591,15
2015-04-02,29001,1120888,28.171851,28.390237,28.062657,28.062657,-0.109194,19
2015-04-07,48388,1876606,28.099055,28.426635,28.099055,28.353839,0.291182,35
2015-04-08,22092,858604,28.317442,28.353839,28.281044,28.353839,0.0,21
2015-04-09,17035,661502,28.062657,28.353839,28.062657,28.353839,0.0,21
2015-04-10,11387,443126,28.353839,28.353839,28.244646,28.353839,0.0,12
2015-04-13,51009,1977042,28.171851,28.317442,28.099055,28.099055,-0.254784,41
2015-04-14,21082,815700,28.171851,28.317442,28.099055,28.099055,0.0,15
2015-04-15,62306,2398267,28.244646,28.244646,27.880669,28.02626,-0.072795,63
2015-04-16,78266,3007924,28.02626,28.099055,27.880669,27.953464,-0.072796,62
2015-04-17,25311,974066,27.953464,28.171851,27.917066,28.135453,0.181989,116
2015-04-20,53705,2080276,28.171851,28.353839,28.02626,28.244646,0.109193,28
2015-04-21,22050,856172,28.244646,28.353839,28.135453,28.135453,-0.109193,15
2015-04-22,40248,1548160,28.02626,28.208248,27.917066,27.917066,-0.218387,29
2015-04-23,80133,3093860,27.953464,28.426635,27.953464,28.390237,0.473171,60
2015-04-24,118500,4619250,28.535828,28.681419,27.917066,28.572226,0.181989,108
2015-04-27,83596,3276090,28.681419,28.681419,28.244646,28.426635,-0.145591,92
2015-04-28,70504,2757029,28.390237,28.535828,28.208248,28.49943,0.072795,66
2015-04-29,170474,6814215,28.572226,29.62776,28.535828,29.15459,0.65516,160
2015-04-30,106236,4270913,29.445771,29.482169,28.82701,29.336578,0.181988,101
2015-05-04,54707,2175052,29.336578,29.336578,28.899805,28.936203,-0.400375,34
2015-05-05,92535,3654323,28.82701,29.118192,28.535828,28.754214,-0.181989,56
2015-05-06,54110,2149504,28.463032,29.008999,28.463032,28.972601,0.218387,44
2015-05-07,66385,2640806,28.681419,29.118192,28.681419,29.008999,0.036398,61
2015-05-08,83000,3310900,29.045396,29.118192,28.82701,29.045396,0.036397,42
2015-05-11,77024,3059623,29.008999,29.045396,28.171851,28.171851,-0.873545,63
2015-05-12,74806,2954047,28.608623,28.936203,28.426635,28.426635,0.254784,39
2015-05-13,5317,209475,29.008999,29.008999,28.608623,28.608623,0.181988,9
2015-05-14,15110,593450,28.972601,28.972601,28.49943,28.608623,0.0,13
2015-05-15,19549,765450,28.863408,28.863408,28.353839,28.353839,-0.254784,19
2015-05-18,43249,1689041,28.754214,28.754214,28.281044,28.426635,0.072796,25
2015-05-19,96263,3814831,28.754214,29.263783,28.49943,28.535828,0.109193,88
2015-05-20,60479,2362109,28.754214,28.754214,28.281044,28.353839,-0.181989,52
2015-05-21,82106,3162169,28.099055,28.135453,27.953464,27.953464,-0.400375,60
2015-05-22,58249,2232711,27.807873,28.208248,27.807873,27.953464,0.0,53
2015-05-25,60000,2296350,28.135453,28.135453,27.771475,27.844271,-0.109193,45
2015-05-26,14822,568381,28.244646,28.244646,27.807873,28.099055,0.254784,15
2015-05-27,23366,896880,28.099055,28.099055,27.917066,27.953464,-0.145591,20
2015-05-28,38371,1470465,27.953464,28.135453,27.807873,27.807873,-0.145591,31
2015-05-29,71001,2709638,27.953464,27.953464,27.771475,27.771475,-0.036398,27
2015-06-01,18001,690538,27.771475,28.02626,27.735078,27.880669,0.109194,12
2015-06-02,18928,723860,27.880669,27.917066,27.807873,27.807873,-0.072796,14
2015-06-03,59305,2262678,27.807873,27.953464,27.662282,27.662282,-0.145591,45
2015-06-04,148073,5563708,27.662282,27.771475,27.079918,27.152714,-0.509568,75
2015-06-05,86332,3206584,27.152714,27.152714,26.89793,26.89793,-0.254784,54
2015-06-08,54000,1987500,27.298305,27.298305,26.715941,26.825134,-0.072796,21
2015-06-09,64025,2366425,26.825134,27.116316,26.788736,26.825134,0.0,27
2015-06-10,59381,2201722,26.934327,27.225509,26.825134,27.225509,0.400375,32
2015-06-11,81283,3029141,27.298305,27.298305,26.970725,26.970725,-0.254784,58
2015-06-12,34196,1276402,27.480293,27.662282,27.007123,27.079918,0.109193,32
2015-06-15,23000,857400,27.079918,27.334703,27.043521,27.334703,0.254785,16
2015-06-16,60000,2245300,27.334703,27.407498,27.152714,27.189112,-0.145591,16
2015-06-17,151066,5591048,27.152714,27.334703,26.825134,27.189112,0.0,140
2015-06-18,76965,2888691,27.225509,27.443896,27.225509,27.334703,0.145591,62
2015-06-22,110000,4165250,27.334703,27.807873,27.334703,27.807873,0.47317,27
2015-06-23,41334,1570592,27.625884,27.807873,27.553089,27.807873,0.0,21
2015-06-24,49016,1876708,27.917066,28.02626,27.735078,27.807873,0.0,31
2015-06-25,91378,3514694,27.989862,28.02626,27.880669,28.02626,0.218387,28
2015-06-26,29717,1133289,27.516691,27.989862,27.516691,27.989862,-0.036398,20
2015-06-29,31000,1185250,27.953464,27.953464,27.735078,27.844271,-0.145591,28
2015-06-30,27254,1040784,27.807873,27.953464,27.735078,27.735078,-0.109193,15
2015-07-01,41516,1596512,28.208248,28.208248,27.771475,28.135453,0.400375,24
2015-07-02,40000,1537050,27.953464,28.244646,27.771475,27.771475,-0.363978,32
2015-07-03,120623,4599941,27.807873,27.989862,27.662282,27.771475,0.0,60
2015-07-06,63227,2416903,27.735078,28.02626,27.735078,27.771475,0.0,20
2015-07-07,9067,347865,27.807873,28.02626,27.807873,28.02626,0.254785,10
2015-07-08,192082,7329023,27.807873,27.989862,27.589487,27.917066,-0.109194,77
2015-07-09,80001,3054588,27.3711,27.953464,27.3711,27.844271,-0.072795,45
2015-07-13,37000,1416900,27.807873,28.02626,27.771475,27.880669,0.036398,17
2015-07-14,72000,2747050,27.880669,27.880669,27.69868,27.844271,-0.036398,53
2015-07-15,52000,1980550,27.844271,27.844271,27.625884,27.625884,-0.218387,38
2015-07-16,59019,2239317,27.662282,27.953464,27.516691,27.589487,-0.036397,24
2015-07-17,170018,6472078,27.662282,27.989862,27.625884,27.662282,0.072795,63
2015-07-20,57546,2181333,27.662282,27.662282,27.480293,27.625884,-0.036398,25
2015-07-21,62009,2351889,27.662282,27.662282,27.553089,27.625884,0.0,20
2015-07-22,76000,2869550,27.3711,27.625884,27.3711,27.516691,-0.109193,21
2015-07-23,79500,3018399,27.589487,27.844271,27.516691,27.771475,0.254784,42
2015-07-24,30066,1138075,27.589487,27.69868,27.480293,27.480293,-0.291182,14
2015-07-27,69000,2615200,27.480293,27.662282,27.443896,27.589487,0.109194,29
2015-07-28,627072,23749907,27.625884,27.662282,27.443896,27.553089,-0.036398,55
2015-07-29,256410,9854188,27.516691,28.244646,27.516691,27.735078,0.181989,36
2015-07-30,153062,5943256,27.735078,28.390237,27.735078,27.807873,0.072795,34
2015-07-31,29000,1113750,27.807873,28.244646,27.69868,28.244646,0.436773,22
2015-08-03,60307,2304854,27.880669,27.953464,27.662282,27.662282,-0.582364,36
2015-08-04,70066,2666687,27.662282,27.735078,27.589487,27.589487,-0.072795,27
2015-08-05,18001,690688,27.662282,28.02626,27.662282,27.953464,0.363977,18
2015-08-06,54832,2126614,28.208248,28.353839,27.807873,28.317442,0.363978,39
2015-08-07,12033,465173,27.880669,28.317442,27.880669,28.281044,-0.036398,12
2015-08-10,58332,2266114,28.281044,28.390237,28.02626,28.281044,0.0,24
2015-08-11,132600,5119078,28.281044,28.390237,27.735078,28.099055,-0.181989,96
2015-08-12,23509,901867,27.771475,28.099055,27.771475,27.953464,-0.145591,18
2015-08-13,47896,1846006,27.844271,28.244646,27.844271,28.171851,0.218387,21
2015-08-14,13401,516157,28.02626,28.135453,28.02626,28.02626,-0.145591,10
2015-08-17,5000,192500,28.02626,28.02626,28.02626,28.02626,0.0,4
2015-08-18,48033,1818550,27.771475,27.807873,26.861532,27.735078,-0.291182,27
2015-08-19,385423,14252777,26.934327,27.334703,26.315566,26.89793,-0.837148,72
2015-08-20,41984,1560146,26.788736,27.662282,26.606748,27.662282,0.764352,38
2015-08-21,171601,6321085,26.788736,27.007123,26.679543,26.715941,-0.946341,65
2015-08-24,535032,19017840,26.206373,27.225509,24.058906,27.225509,0.509568,312
2015-08-25,174512,6509449,26.970725,27.443896,26.788736,27.443896,0.218387,98
2015-08-26,125120,4695747,26.788736,27.662282,26.788736,27.662282,0.218386,63
2015-08-27,186334,7006875,27.157881,27.965278,27.047782,27.891878,0.229596,120
2015-08-28,78001,2935037,27.37808,27.891878,27.34138,27.891878,0.0,35
2015-08-31,122438,4672451,27.598279,28.552475,27.561579,28.552475,0.660597,70
2015-09-01,90033,3409794,27.855178,28.479075,27.561579,27.891878,-0.660597,46
2015-09-02,18029,685942,27.818478,28.222176,27.745079,27.855178,-0.0367,15
2015-09-03,26429,1007808,27.855178,28.222176,27.855178,27.928578,0.0734,24
2015-09-04,73024,2778310,27.855178,28.112077,27.818478,27.965278,0.0367,34
2015-09-07,97319,3685385,27.524879,27.965278,27.524879,27.965278,0.0,50
2015-09-08,38011,1443218,27.598279,27.965278,27.598279,27.965278,0.0,14
2015-09-09,70108,2693747,27.965278,28.332276,27.965278,28.332276,0.366998,30
2015-09-10,25105,968992,28.332276,28.479075,28.185477,28.442375,0.110099,19
2015-09-11,23002,890426,28.442375,28.479075,28.222176,28.479075,0.0367,13
2015-09-14,29003,1125765,28.479075,28.552475,28.479075,28.479075,0.0,20
2015-09-15,31004,1195404,28.112077,28.479075,28.112077,28.479075,0.0,11
2015-09-16,83000,3226800,28.258876,28.882774,28.258876,28.479075,0.0,33
2015-09-17,81002,3190577,28.479075,29.249772,28.222176,28.625875,0.1468,41
2015-09-18,27051,1050533,28.625875,28.809374,28.258876,28.699274,0.073399,26
2015-09-21,88674,3450732,28.699274,28.699274,28.258876,28.625875,-0.073399,47
2015-09-22,52145,2035928,28.625875,28.992873,28.625875,28.662574,0.036699,31
2015-09-23,72333,2814569,28.589175,28.625875,28.479075,28.625875,-0.036699,33
2015-09-24,69000,2685700,28.368976,28.625875,28.368976,28.625875,0.0,31
2015-09-25,79034,3085524,28.479075,28.919473,28.368976,28.625875,0.0,31
2015-09-30,76332,2959181,28.258876,28.625875,28.258876,28.625875,0.0,24
2015-10-01,39540,1539701,28.405676,28.919473,28.405676,28.625875,0.0,15
2015-10-02,15603,607993,28.625875,28.625875,28.589175,28.625875,0.0,16
2015-10-05,44000,1709850,28.552475,28.625875,28.295576,28.589175,-0.0367,24
2015-10-06,56000,2180000,28.625875,28.625875,28.515775,28.589175,0.0,26
2015-10-07,2921,113195,28.479075,28.479075,28.479075,28.479075,-0.1101,6
2015-10-08,40500,1576549,28.552475,28.625875,28.479075,28.625875,0.1468,25
2015-10-12,592416,23071698,28.625875,28.625875,28.405676,28.589175,-0.0367,24
2015-10-13,44178,1713460,28.552475,28.625875,28.332276,28.332276,-0.256899,13
2015-10-14,25066,968194,28.258876,28.479075,28.222176,28.479075,0.146799,17
2015-10-15,27207,1054778,28.148777,28.552475,28.148777,28.442375,-0.0367,18
2015-10-16,20631,800705,28.552475,28.552475,28.479075,28.479075,0.0367,12
2015-10-19,63126,2441706,28.479075,28.479075,28.185477,28.332276,-0.146799,27
2015-10-20,50525,1957139,28.185477,28.589175,28.185477,28.552475,0.220199,33
2015-10-21,52015,2017830,28.295576,28.625875,28.258876,28.589175,0.0367,31
2015-10-22,2584,100313,28.625875,28.625875,28.479075,28.479075,-0.1101,4
2015-10-23,5507,213669,28.479075,28.589175,28.405676,28.405676,-0.073399,6
2015-10-26,37132,1443843,28.552475,28.552475,28.405676,28.515775,0.110099,14
2015-10-27,10032,388433,28.625875,28.625875,28.332276,28.332276,-0.183499,11
2015-10-28,41166,1581524,28.332276,28.332276,28.148777,28.185477,-0.146799,11
2015-10-29,20004,767552,28.185477,28.332276,28.075377,28.112077,-0.0734,18
2015-10-30,36342,1383844,27.745079,28.185477,27.745079,27.855178,-0.256899,22
2015-11-02,30033,1141570,27.781778,28.405676,27.745079,28.405676,0.550498,20
2015-11-03,49049,1884171,28.258876,28.368976,27.891878,28.258876,-0.1468,46
2015-11-04,77024,2982829,28.258876,28.625875,27.965278,28.625875,0.366999,52
2015-11-05,11,385,28.258876,28.625875,27.965278,28.625875,0.0,11
2015-11-06,6016,231708,28.258876,28.295576,28.222176,28.222176,-0.403699,21
2015-11-09,7585,290408,28.222176,28.258876,28.038677,28.038677,-0.183499,78
2015-11-10,92025,3541760,28.112077,28.442375,28.112077,28.405676,0.366999,40
2015-11-11,15002,576476,28.075377,28.295576,28.038677,28.258876,-0.1468,12
2015-11-12,15004,573102,28.405676,28.405676,27.928578,28.222176,-0.0367,13
2015-11-13,42006,1612778,28.552475,28.552475,27.818478,28.258876,0.0367,18
2015-11-16,79006,2947423,26.423884,27.818478,26.423884,27.41478,-0.844096,56
2015-11-17,43002,1601224,26.974382,27.45148,26.974382,27.194581,-0.220199,31
2015-11-18,77211,2858256,27.047782,27.37808,26.827583,26.827583,-0.366998,44
2015-11-19,66014,2404303,27.157881,27.157881,26.460584,26.717483,-0.1101,70
2015-11-20,55006,1989666,26.570684,26.680783,26.460584,26.533984,-0.183499,59
2015-11-23,94418,3413060,26.644083,26.827583,26.350485,26.423884,-0.1101,69
2015-11-24,94005,3353827,26.203685,26.644083,25.910087,26.020186,-0.403698,76
2015-11-25,288004,9859833,25.799987,26.203685,24.075095,24.515493,-1.504693,214
2015-11-26,260025,8645826,24.515493,24.809091,24.148494,24.185194,-0.330299,224
2015-11-27,273003,8869646,24.111794,24.919191,23.561297,23.561297,-0.623897,176
2015-11-30,1422903,44695219,23.597997,23.597997,22.8273,23.047499,-0.513798,445
2015-12-01,224108,7096216,23.047499,23.818196,22.9007,23.708096,0.660597,113
2015-12-02,180820,5913852,24.442093,24.442093,23.781496,23.781496,0.0734,86
2015-12-03,82004,2633928,23.561297,23.708096,23.414497,23.561297,-0.220199,62
2015-12-04,196035,6387178,23.708096,24.221894,23.487897,23.781496,0.220199,106
2015-12-07,78505,2538359,24.221894,24.221894,23.561297,23.708096,-0.0734,41
2015-12-08,45006,1444492,23.487897,23.708096,23.487897,23.524597,-0.183499,29
2015-12-09,26548,844536,23.597997,23.708096,23.194298,23.708096,0.183499,22
2015-12-10,111000,3489150,23.304398,23.524597,22.8273,23.524597,-0.183499,84
2015-12-11,17816,569097,23.524597,23.597997,23.304398,23.561297,0.0367,14
2015-12-14,66388,2113216,23.781496,23.891595,23.157599,23.634697,0.0734,32
2015-12-15,58000,1858050,23.634697,23.634697,23.267698,23.451197,-0.1835,37
2015-12-16,100132,3225566,23.414497,24.295294,23.414497,24.111794,0.660597,48
2015-12-17,104665,3439211,24.075095,24.331993,23.854896,24.258594,0.1468,37
2015-12-18,30007,985576,23.854896,24.258594,23.854896,24.075095,-0.183499,22
2015-12-21,109006,3571696,23.854896,24.331993,23.708096,24.111794,0.036699,31
2015-12-22,88066,2906291,24.001695,24.588892,24.001695,24.515493,0.403699,39
2015-12-23,47972,1604908,24.588892,24.809091,24.148494,24.735692,0.220199,40
2015-12-24,116417,3974767,24.809091,25.286189,24.809091,25.21279,0.477098,80
2015-12-25,49366,1725750,25.21279,25.836687,25.21279,25.653188,0.440398,36
2015-12-28,244102,8963222,25.21279,27.708379,25.21279,27.671679,2.018491,219
2015-12-29,179002,6762024,26.974382,27.891878,26.937682,27.745079,0.0734,145
2015-12-30,151001,5698387,27.45148,27.818478,27.45148,27.781778,0.036699,102
2015-12-31,149968,5643598,27.524879,27.818478,27.157881,27.781778,0.0,105
2016-01-04,86001,3178387,27.30468,27.41478,26.570684,27.194581,-0.587197,68
2016-01-05,135004,4894494,26.827583,27.084481,26.387184,26.423884,-0.770697,81
2016-01-06,99033,3488497,26.203685,26.387184,25.579788,25.689888,-0.733996,74
2016-01-07,100112,3503295,25.689888,25.873387,25.543088,25.689888,0.0,44
2016-01-08,64001,2224635,25.322889,25.873387,25.286189,25.689888,0.0,52
2016-01-11,129009,4424766,25.432989,25.983486,24.588892,25.983486,0.293598,82
2016-01-12,54005,1853420,25.543088,25.543088,24.992591,25.322889,-0.660597,55
2016-01-13,90000,3139550,25.616488,25.983486,25.10269,25.726587,0.403698,68
2016-01-14,73080,2513334,25.396289,25.689888,24.955891,25.689888,-0.036699,43
2016-01-15,108372,3771695,25.689888,25.763287,25.21279,25.689888,0.0,66
2016-01-18,268001,9319535,24.955891,25.836687,24.478793,25.689888,0.0,51
2016-01-19,45002,1561218,25.616488,25.689888,25.249489,25.579788,-0.1101,36
2016-01-20,70004,2415288,25.322889,25.469688,25.249489,25.469688,-0.1101,57
2016-01-21,100466,3483076,25.17609,26.020186,25.13939,25.322889,-0.146799,29
2016-01-22,46066,1608896,25.322889,26.203685,25.322889,25.726587,0.403698,26
2016-01-25,38005,1337075,25.469688,26.350485,25.469688,25.689888,-0.036699,30
2016-01-26,37025,1297170,25.799987,25.799987,25.689888,25.799987,0.110099,23
2016-01-27,7350,257212,25.579788,25.763287,25.579788,25.763287,-0.0367,9
2016-01-28,29683,1038501,25.616488,25.763287,25.616488,25.763287,0.0,19
2016-01-29,111000,3876650,25.836687,25.983486,25.10269,25.799987,0.0367,48
2016-01-30,26315,927305,25.616488,26.056886,25.616488,25.910087,0.1101,21
2016-02-01,51004,1797891,26.203685,26.313785,25.689888,25.689888,-0.220199,19
2016-02-02,26000,917500,25.836687,26.203685,25.799987,25.873387,0.183499,11
2016-02-03,41001,1441285,25.983486,26.056886,25.653188,25.689888,-0.183499,21
2016-02-15,92332,3221934,26.240385,26.240385,25.249489,25.579788,-0.1101,34
2016-02-16,49001,1722385,25.249489,25.910087,25.249489,25.873387,0.293599,27
2016-02-17,75001,2666985,25.469688,27.121181,25.469688,26.387184,0.513797,36
2016-02-18,21033,756524,25.946786,26.827583,25.946786,26.277085,-0.110099,14
2016-02-19,42271,1535751,25.946786,27.157881,25.946786,26.423884,0.146799,35
2016-02-22,61003,2226705,27.121181,27.121181,26.203685,26.350485,-0.073399,21
2016-02-23,53166,1918600,26.166985,26.937682,26.130286,26.240385,-0.1101,30
2016-02-24,64001,2304035,26.497284,26.717483,26.056886,26.313785,0.0734,20
2016-02-25,9114,328268,26.717483,26.717483,26.130286,26.350485,0.0367,12
2016-02-26,23095,832931,26.277085,26.607383,26.277085,26.313785,-0.0367,22
2016-03-01,59005,2120527,26.644083,27.157881,26.093586,26.093586,-0.220199,41
2016-03-02,157505,5666726,26.460584,26.497284,26.203685,26.423884,0.330298,24
2016-03-03,43306,1563816,26.570684,26.570684,26.423884,26.533984,0.1101,30
2016-03-04,4641,166913,26.423884,26.423884,26.423884,26.423884,-0.1101,9
2016-03-07,53375,1912646,26.277085,26.790883,26.130286,26.277085,-0.146799,41
2016-03-08,5008,178481,26.130286,26.313785,26.093586,26.093586,-0.183499,11
2016-03-09,11489,411126,26.056886,26.423884,26.056886,26.277085,0.183499,11
2016-03-10,2320,82541,26.130286,26.130286,26.130286,26.130286,-0.146799,6
2016-03-11,10499,372964,26.130286,26.130286,25.910087,25.983486,-0.1468,11
2016-03-14,74400,2663150,25.910087,26.570684,25.910087,26.570684,0.587198,30
2016-03-15,25424,915569,26.166985,26.497284,26.166985,26.497284,-0.0734,14
2016-03-16,49000,1770450,26.130286,26.680783,26.130286,26.497284,0.0,9
2016-03-17,35143,1266518,26.240385,26.497284,26.240385,26.423884,-0.0734,23
2016-03-18,10869,390872,26.423884,26.423884,26.387184,26.423884,0.0,10
2016-03-21,58621,2169190,27.524879,27.524879,26.790883,26.827583,0.403699,27
2016-03-22,14000,513500,26.827583,27.011082,26.827583,26.864282,0.036699,11
2016-03-23,11514,420107,26.460584,26.864282,26.460584,26.864282,0.0,12
2016-03-24,12000,438550,27.37808,27.37808,26.460584,26.864282,0.0,9
2016-03-25,143200,5228078,26.864282,26.900982,26.203685,26.864282,0.0,53
2016-03-28,42004,1532894,26.533984,26.864282,26.533984,26.864282,0.0,8
2016-03-29,17000,621000,26.533984,27.30468,26.533984,26.864282,0.0,14
2016-03-30,25028,913765,27.231281,27.231281,26.754183,26.790883,-0.073399,18
2016-03-31,15216,557304,27.194581,27.194581,26.754183,27.011082,0.220199,10
2016-04-01,18216,667503,26.533984,27.047782,26.533984,27.047782,0.0367,12
2016-04-06,39244,1427784,27.157881,27.157881,26.644083,26.680783,-0.366999,38
2016-04-07,20503,740907,26.203685,26.790883,26.203685,26.790883,0.1101,18
2016-04-08,31416,1143771,26.423884,27.157881,26.423884,26.790883,0.0,19
2016-04-11,17075,621525,27.157881,27.157881,26.423884,26.790883,0.0,18
2016-04-12,12373,450424,26.644083,26.900982,26.644083,26.900982,0.110099,16
2016-04-13,17210,629302,26.533984,26.900982,26.533984,26.900982,0.0,17
2016-04-14,11013,406527,27.121181,27.121181,26.974382,27.084481,0.183499,8
2016-04-15,113034,4169339,26.570684,27.561579,26.570684,26.864282,-0.220199,76
2016-04-18,55163,2031780,26.680783,27.30468,26.680783,26.900982,0.0367,22
2016-04-19,43025,1588365,26.717483,27.231281,26.717483,26.937682,0.0367,19
2016-04-20,92000,3388400,26.644083,27.30468,26.644083,26.937682,0.0,36
2016-04-21,90963,3361290,27.011082,27.598279,27.011082,27.157881,0.220199,33
2016-04-22,37004,1359045,26.754183,27.157881,26.754183,27.047782,-0.110099,10
2016-04-25,70079,2586764,26.607383,27.231281,26.607383,27.231281,0.183499,15
2016-04-26,104001,3818036,27.011082,27.194581,25.983486,27.194581,-0.0367,31
2016-04-27,3034,112202,26.900982,27.267981,26.900982,27.267981,0.0734,5
2016-04-28,64128,2397323,27.231281,27.855178,27.231281,27.267981,0.0,27
2016-04-29,38266,1431442,27.157881,27.671679,27.157881,27.30468,0.036699,27
2016-05-03,49265,1819825,26.974382,27.30468,26.974382,27.30468,0.0,31
2016-05-04,57000,2101100,27.084481,27.157881,27.011082,27.121181,-0.183499,16
2016-05-05,10000,370800,26.937682,27.561579,26.937682,27.047782,-0.073399,8
2016-05-06,4158,155392,27.047782,27.561579,27.047782,27.561579,0.513797,4
2016-05-09,58426,2187916,27.157881,27.745079,27.157881,27.745079,0.1835,21
2016-05-10,68630,2590036,27.37808,28.038677,27.37808,28.038677,0.293598,28
2016-05-11,34000,1294450,27.891878,28.185477,27.891878,27.965278,-0.073399,16
2016-05-12,78103,2982052,27.928578,28.332276,27.598279,28.001977,0.036699,39
2016-05-13,22002,834925,27.34138,28.001977,27.34138,27.928578,-0.073399,7
2016-05-16,54071,2054733,27.891878,27.965278,27.818478,27.891878,-0.0367,20
2016-05-17,23734,904330,27.524879,28.038677,27.524879,28.038677,0.146799,17
2016-05-18,42074,1615769,27.891878,28.405676,27.891878,28.112077,0.0734,18
2016-05-19,72500,2789049,28.112077,28.405676,28.112077,28.295576,0.183499,36
2016-05-20,33112,1280950,28.332276,28.589175,28.295576,28.368976,0.0734,27
2016-05-23,54136,2072645,28.001977,28.258876,28.001977,28.222176,-0.1468,21
2016-05-24,24360,936132,28.001977,28.368976,28.001977,28.222176,0.0,12
2016-05-25,20914,806400,28.112077,28.332276,28.112077,28.332276,0.1101,17
2016-05-26,140500,5500598,28.368976,28.846074,28.368976,28.846074,0.513798,67
2016-05-27,361861,14568126,28.772674,30.277367,28.772674,30.093868,1.247794,104
2016-05-30,2200266,95883972,29.947069,31.084764,29.947069,30.974664,0.880796,148
2016-05-31,2238924,99030836,30.534266,31.011364,30.497566,30.791165,-0.183499,94
2016-06-01,134565,5625601,29.543371,30.974664,29.543371,30.791165,0.0,61
2016-06-02,164200,6858709,30.827865,30.827865,30.093868,30.607666,-0.183499,55
2016-06-03,156196,6443853,30.167268,30.460867,29.72687,30.314067,-0.293599,73
2016-06-04,25600,1054868,30.277367,30.314067,30.167268,30.314067,0.0,19
2016-06-06,398332,16688361,30.093868,31.194863,30.020469,30.681066,0.366999,70
2016-06-07,197695,8313299,30.681066,30.974664,30.681066,30.901265,0.220199,92
2016-06-08,196132,8257044,30.974664,31.048064,30.460867,31.048064,0.146799,70
2016-06-13,83971,3483346,30.534266,30.607666,30.314067,30.607666,-0.440398,55
2016-06-14,87300,3647199,30.534266,30.681066,30.534266,30.644366,0.0367,39
2016-06-15,74493,3113457,30.277367,30.791165,30.277367,30.791165,0.146799,32
2016-06-16,135312,5663209,30.754465,30.827865,30.607666,30.791165,0.0,41
2016-06-17,137058,5747620,30.754465,30.827865,30.717765,30.791165,0.0,32
2016-06-20,15144274,613587369,29.947069,31.89216,29.72687,31.488462,0.697297,94
2016-06-21,109422,4739434,31.635261,32.00226,31.158164,31.378363,-0.110099,51
2016-06-22,5115001,208594642,31.415062,31.561862,31.341663,31.341663,-0.0367,26
2016-06-23,5109133,207080578,31.525162,31.561862,30.901265,31.561862,0.220199,38
2016-06-24,5091181,206390753,31.488462,31.488462,30.314067,31.231563,-0.330299,74
2016-06-27,73026,3075585,31.378363,31.378363,30.681066,30.827865,-0.403698,55
2016-06-28,167661,7188307,30.901265,31.708661,30.901265,31.598562,0.770697,73
2016-06-29,12214423,534979619,31.598562,32.295859,31.598562,32.149059,0.550497,149
2016-06-30,7103371,307992807,32.369258,32.405958,31.635261,31.818761,-0.330298,63
2016-07-01,41711,1813527,32.222459,32.222459,31.598562,31.818761,0.0,20
2016-07-04,129286,5560110,31.561862,32.772956,30.827865,32.07566,0.256899,66
2016-07-05,64502,2782386,32.369258,32.369258,31.231563,31.92886,-0.1468,45
2016-07-06,83500,3627149,31.92886,32.332558,31.304963,32.149059,0.220199,63
2016-07-07,45226,1981303,32.369258,32.369258,32.03896,32.185759,0.0367,28
2016-07-11,158988,6953723,32.662857,32.662857,31.818761,32.295859,0.1101,53
2016-07-12,122901,5388818,32.222459,32.295859,31.96556,32.295859,0.0,40
2016-07-13,75755,3328630,32.185759,32.295859,32.149059,32.295859,0.0,43
2016-07-14,57670,2535860,32.259159,32.369258,32.259159,32.259159,-0.0367,33
2016-07-15,63757,2803267,32.295859,32.332558,32.259159,32.295859,0.0367,33
2016-07-18,49500,2189449,32.295859,32.662857,32.295859,32.589457,0.293598,36
2016-07-19,45457,2012662,32.589457,32.589457,32.442658,32.442658,-0.146799,29
2016-07-20,57042,2514398,32.295859,32.552757,32.295859,32.516058,0.0734,28
2016-07-21,68287,3016012,32.516058,32.516058,32.295859,32.479358,-0.0367,36
2016-07-22,42368,1865317,32.295859,32.479358,32.259159,32.369258,-0.1101,20
2016-07-25,36066,1584932,32.332558,32.332558,32.185759,32.295859,-0.073399,20
2016-07-26,66306,2911786,32.149059,32.332558,32.149059,32.295859,0.0,21
2016-07-27,59868,2632386,32.295859,32.405958,32.222459,32.259159,-0.0367,29
2016-07-28,82002,3609286,32.295859,32.516058,32.222459,32.332558,0.073399,28
2016-07-29,25481,1121164,32.295859,32.369258,32.259159,32.295859,-0.036699,26
2016-08-01,83219,3667691,32.589457,32.626157,32.222459,32.332558,0.036699,27
2016-08-02,52194,2293723,32.332558,32.332558,32.149059,32.295859,-0.036699,27
2016-08-03,28279,1243641,32.626157,32.626157,32.222459,32.295859,0.0,14
2016-08-04,114501,5003543,32.295859,32.295859,31.635261,31.745361,-0.550498,61
2016-08-05,47514,2086305,32.295859,32.332558,32.149059,32.295859,0.550498,40
2016-08-08,73061,3209601,32.369258,32.516058,31.561862,32.149059,-0.1468,28
2016-08-09,17495,766579,32.149059,32.295859,32.112359,32.185759,0.0367,19
2016-08-10,38354,1683446,32.222459,32.295859,32.149059,32.149059,-0.0367,16
2016-08-11,37181,1607620,32.112359,32.112359,31.561862,31.708661,-0.440398,33
2016-08-12,21503,935127,31.635261,32.112359,31.635261,32.112359,0.403698,25
2016-08-15,15005,652515,31.782061,32.185759,31.745361,31.818761,-0.293598,17
2016-08-16,10890,472813,31.745361,32.185759,31.745361,32.185759,0.366998,13
2016-08-17,73636,3214475,32.405958,32.405958,31.598562,32.185759,0.0,70
2016-08-18,10108,438353,31.782061,32.00226,31.782061,31.855461,-0.330298,14
2016-08-19,48682,2086463,31.745361,31.745361,31.194863,31.304963,-0.550498,52
2016-08-22,44945,1868395,31.59875,31.59875,30.451723,30.599726,-0.705237,60
2016-08-23,48515,2008466,30.599726,30.895733,30.525724,30.636727,0.037001,23
2016-08-24,38211,1552354,30.451723,30.488724,29.452699,29.452699,-1.184028,32
2016-08-25,62420,2509440,29.674704,29.970711,29.674704,29.93371,0.481011,33
2016-08-26,26579,1075931,29.600702,30.599726,29.600702,30.044713,0.111003,26
2016-08-29,10018,406371,29.859709,30.488724,29.822708,30.081714,0.037001,24
2016-08-30,13146,537595,31.228741,31.228741,30.007712,30.081714,0.0,19
2016-08-31,16503,665170,29.859709,29.970711,29.822708,29.970711,-0.111003,20
2016-09-01,67064,2676928,29.822708,29.822708,29.045689,29.230694,-0.740017,37
2016-09-02,2626,106549,29.415698,29.415698,29.304695,29.304695,0.074001,5
2016-09-05,61130,2415231,28.860685,29.452699,28.860685,29.119691,-0.185004,33
2016-09-06,6578,256363,28.897686,29.045689,28.860685,28.860685,-0.259006,15
2016-09-07,17099,668450,28.934687,29.230694,28.860685,28.934687,0.074002,18
2016-09-08,6500,253650,28.786683,28.934687,28.786683,28.934687,0.0,6
2016-09-09,43166,1678791,28.601679,28.860685,28.564678,28.63868,-0.296007,16
2016-09-10,2021,78108,28.601679,28.601679,28.601679,28.601679,-0.037001,4
2016-09-12,75321,2914544,28.601679,29.156692,28.490676,28.527677,-0.074002,32
2016-09-13,22000,848250,28.490676,28.63868,28.490676,28.527677,0.0,12
2016-09-14,0,0,28.490676,28.63868,28.490676,28.527677,0.0,0
2016-09-19,43536,1689756,28.527677,29.267695,28.527677,29.156692,0.629015,16
2016-09-20,2122,82970,29.119691,29.119691,28.786683,28.786683,-0.370009,6
2016-09-21,139383,5676104,28.490676,31.450746,28.453675,30.858732,2.072049,79
2016-09-22,32210,1329871,30.858732,31.524748,29.600702,29.785707,-1.073025,24
2016-09-23,32007,1297232,29.859709,30.155716,29.859709,30.007712,0.222005,23
2016-09-26,57172,2287411,29.600702,29.822708,29.452699,29.452699,-0.555013,11
2016-09-29,69792,2794462,29.600702,29.93371,29.4897,29.526701,0.074002,17
2016-09-30,57992,2322636,29.341696,30.34072,29.08269,29.193693,-0.333008,24
2016-10-03,28362,1133043,29.452699,29.785707,29.452699,29.674704,0.481011,14
2016-10-04,98800,3957859,29.452699,30.081714,29.452699,29.600702,-0.074002,29
2016-10-05,85304,3353474,28.897686,29.341696,28.897686,29.045689,-0.555013,45
2016-10-06,3116,122696,29.119691,29.156692,29.119691,29.156692,0.111003,6
2016-10-07,1275,50184,29.119691,29.119691,29.119691,29.119691,-0.037001,4
2016-10-11,69008,2721712,29.230694,29.230694,28.971688,29.045689,-0.074002,17
2016-10-12,11332,442980,29.045689,29.045689,28.860685,28.860685,-0.185004,7
2016-10-13,20394,794925,28.63868,28.971688,28.63868,28.934687,0.074002,17
2016-10-14,42948,1699250,29.341696,29.341696,29.156692,29.304695,0.370008,29
2016-10-17,8200,322576,28.971688,29.304695,28.971688,29.304695,0.0,14
2016-10-18,31186,1241097,29.156692,29.859709,29.008688,29.378697,0.074002,16
2016-10-19,7769,309151,29.267695,29.748706,29.267695,29.563702,0.185005,11
2016-10-20,30767,1204507,29.119691,29.119691,28.860685,28.860685,-0.703017,29
2016-10-21,35000,1359500,28.860685,28.934687,28.601679,28.712681,-0.148004,26
2016-10-24,57582,2241247,28.860685,28.860685,28.63868,28.675681,-0.037,19
2016-10-25,21216,823466,28.675681,28.823684,28.63868,28.675681,0.0,10
2016-10-26,71182,2752460,28.63868,28.897686,28.23167,28.860685,0.185004,23
2016-10-27,31842,1225847,28.823684,28.823684,28.379673,28.601679,-0.259006,23
2016-10-28,17001,656039,28.601679,28.601679,28.416674,28.601679,0.0,11
2016-10-31,85000,3279700,28.490676,29.267695,28.342673,28.490676,-0.111003,21
2016-11-01,25282,972872,28.416674,28.601679,28.379673,28.416674,-0.074002,20
2016-11-02,84026,3245951,28.342673,29.156692,28.342673,28.749682,0.333008,41
2016-11-03,55000,2124450,28.897686,28.934687,28.379673,28.601679,-0.148003,40
2016-11-04,6220,240296,28.564678,28.601679,28.564678,28.601679,0.0,8
2016-11-07,69056,2673500,28.490676,29.008688,28.490676,28.675681,0.074002,24
2016-11-08,36199,1411971,28.897686,28.897686,28.860685,28.897686,0.222005,14
2016-11-09,114000,4396050,28.342673,28.860685,28.268671,28.342673,-0.555013,50
2016-11-10,3105,120101,28.342673,28.786683,28.342673,28.749682,0.407009,7
2016-11-11,15001,576238,28.564678,28.564678,28.416674,28.416674,-0.333008,10
2016-11-14,52000,2002250,28.490676,28.564678,28.305672,28.305672,-0.111002,8
2016-11-15,129042,5114709,28.860685,29.600702,28.860685,29.415698,1.110026,79
2016-11-16,22631,890894,29.415698,29.415698,28.934687,28.934687,-0.481011,20
2016-11-17,38500,1490800,28.712681,28.860685,28.601679,28.63868,-0.296007,21
2016-11-18,85553,3328501,28.63868,29.08269,28.63868,28.823684,0.185004,28
2016-11-21,9007,348570,28.63868,28.786683,28.564678,28.675681,-0.148003,10
2016-11-22,108329,4224381,28.63868,29.230694,28.63868,29.008688,0.333007,33
2016-11-23,11204,438896,28.712681,29.156692,28.712681,29.156692,0.148004,12
2016-11-24,4008,156459,28.860685,28.897686,28.860685,28.897686,-0.259006,5
2016-11-25,10100,396589,29.304695,29.304695,28.897686,28.897686,0.0,10
2016-11-28,21498,845272,28.971688,29.4897,28.934687,28.971688,0.074002,15
2016-11-29,5033,197496,28.934687,29.230694,28.934687,29.230694,0.259006,4
2016-11-30,31003,1219867,28.897686,29.378697,28.897686,28.897686,-0.333008,24
2016-12-01,59005,2326446,29.008688,29.896709,29.008688,29.230694,0.333008,21
2016-12-02,3001,117589,28.897686,29.045689,28.897686,29.045689,-0.185005,4
2016-12-05,62202,2447707,29.008688,29.822708,29.008688,29.119691,0.074002,24
2016-12-06,12059,475003,29.156692,29.341696,29.045689,29.045689,-0.074002,12
2016-12-07,10363,407415,29.008688,29.230694,29.008688,29.230694,0.185005,11
2016-12-08,17066,671737,29.304695,29.304695,29.008688,29.156692,-0.074002,12
2016-12-09,26759,1048660,29.119691,29.415698,28.823684,28.823684,-0.333008,21
2016-12-12,57050,2224955,28.786683,29.304695,28.786683,29.08269,0.259006,15
2016-12-13,11408,447469,29.008688,29.193693,28.897686,28.934687,-0.148003,10
2016-12-14,22009,872605,28.934687,29.415698,28.934687,29.415698,0.481011,9
2016-12-15,12000,476900,29.415698,29.600702,29.341696,29.452699,0.037001,7
2016-12-16,12433,491695,29.230694,29.4897,29.08269,29.4897,0.037001,9
2016-12-19,56571,2228596,29.156692,29.563702,28.934687,29.304695,-0.185005,17
2016-12-20,15111,596122,28.971688,29.304695,28.971688,29.304695,0.0,12
2016-12-21,24066,956213,29.08269,29.563702,29.08269,29.452699,0.148004,23
2016-12-22,1000,39800,29.452699,29.452699,29.452699,29.452699,0.0,1
2016-12-23,5001,198489,29.193693,29.415698,29.193693,29.415698,-0.037001,4
2016-12-26,57016,2275936,29.452699,29.822708,29.304695,29.600702,0.185004,18
2016-12-27,0,0,29.452699,29.822708,29.304695,29.600702,0.0,0
2016-12-28,30580,1221459,29.452699,29.674704,29.415698,29.452699,-0.148003,18
2016-12-29,3016,120183,29.4897,29.526701,29.452699,29.452699,0.0,4
2016-12-30,69765,2770017,29.526701,29.748706,29.304695,29.304695,-0.148004,21
2017-01-03,67730,2695978,29.378697,29.637703,29.378697,29.637703,0.333008,20
2017-01-04,4173,166885,29.637703,29.637703,29.563702,29.600702,-0.037001,5
2017-01-05,26050,1045990,29.600702,29.93371,29.563702,29.563702,-0.037,16
2017-01-06,40323,1627950,29.970711,29.970711,29.563702,29.859709,0.296007,23
2017-01-09,77007,3089930,29.526701,29.970711,29.526701,29.674704,-0.185005,20
2017-01-10,38199,1539148,29.748706,29.970711,29.600702,29.674704,0.0,29
2017-01-11,21008,841768,29.674704,29.674704,29.637703,29.637703,-0.037001,10
2017-01-12,3033,121059,29.637703,29.637703,29.600702,29.600702,-0.037001,6
2017-01-13,12185,490650,29.600702,29.970711,29.600702,29.637703,0.037001,18
2017-01-16,47552,1890165,29.378697,29.637703,29.378697,29.637703,0.0,16
2017-01-17,7516,300834,29.637703,29.637703,29.637703,29.637703,0.0,7
2017-01-18,113259,4553432,29.526701,30.007712,29.526701,29.674704,0.037001,70
2017-01-19,28206,1133081,29.563702,29.970711,29.563702,29.93371,0.259006,13
2017-01-20,80049,3228360,29.93371,30.155716,29.674704,29.711705,-0.222005,24
2017-01-23,32553,1305556,29.711705,29.711705,29.600702,29.600702,-0.111003,23
2017-01-24,19108,771252,29.674704,29.970711,29.674704,29.970711,0.370009,10
2017-02-02,17109,683808,29.378697,29.93371,29.378697,29.93371,-0.037001,9
2017-02-03,61415,2465531,29.600702,30.155716,29.600702,29.896709,-0.037001,26
2017-02-06,4008,161920,29.896709,29.896709,29.896709,29.896709,0.0,10
2017-02-07,59447,2394734,29.674704,30.377721,29.674704,30.377721,0.481012,16
2017-02-08,7333,298419,30.451723,30.451723,29.822708,29.970711,-0.40701,9
2017-02-09,33540,1347354,29.526701,30.229717,29.526701,29.970711,0.0,21
2017-02-10,32787,1334573,30.155716,30.34072,29.785707,30.192717,0.222006,25
2017-02-13,66008,2668573,29.896709,30.118715,29.896709,30.118715,-0.074002,26
2017-02-14,336,12900,29.896709,30.118715,29.896709,30.118715,0.0,5
2017-02-15,103406,4270375,29.711705,31.080738,29.711705,30.636727,0.518012,74
2017-02-16,31534,1294475,30.784731,30.784731,30.044713,30.044713,-0.592014,30
2017-02-17,67385,2769564,30.34072,30.710729,29.896709,30.007712,-0.037001,27
2017-02-18,765,29145,30.34072,30.710729,29.896709,30.007712,0.0,5
2017-02-20,5500,223599,30.081714,30.118715,30.081714,30.118715,0.111003,7
2017-02-21,5500,223649,30.118715,30.118715,30.081714,30.118715,0.0,9
2017-02-22,9,358,30.118715,30.118715,30.081714,30.118715,0.0,1
2017-02-23,88416,3573609,29.822708,30.081714,29.674704,29.859709,-0.259006,49
2017-02-24,10594,427060,29.785707,29.859709,29.785707,29.859709,0.0,10
2017-03-01,57138,2297831,29.748706,29.859709,29.637703,29.859709,0.0,31
2017-03-02,27771,1116640,29.822708,29.859709,29.526701,29.859709,0.0,19
2017-03-03,3691,147834,29.674704,29.674704,29.674704,29.674704,-0.185005,7
2017-03-06,66505,2665294,29.674704,29.674704,29.600702,29.674704,0.0,12
2017-03-07,5582,223661,29.674704,29.674704,29.674704,29.674704,0.0,7
2017-03-08,80,3071,29.674704,29.674704,29.674704,29.674704,0.0,3
2017-03-09,41,1495,29.674704,29.674704,29.674704,29.674704,0.0,7
2017-03-10,536,21490,29.674704,29.674704,29.674704,29.674704,0.0,23
2017-03-13,63354,2523544,29.600702,29.600702,29.045689,29.341696,-0.333008,78
2017-03-14,23791,958738,29.08269,30.488724,29.08269,30.34072,0.999024,32
2017-03-15,57747,2307030,29.267695,29.859709,29.267695,29.600702,-0.740018,43
2017-03-16,21337,859109,29.600702,30.192717,29.600702,29.674704,0.074002,37
2017-03-17,33813,1358740,29.748706,30.081714,29.600702,29.674704,0.0,75
2017-03-20,53063,2127678,29.674704,29.711705,29.637703,29.711705,0.037001,108
2017-03-21,15595,625499,29.970711,29.970711,29.674704,29.674704,-0.037001,61
2017-03-22,5866,233015,29.378697,29.415698,29.378697,29.415698,-0.259006,20
2017-03-23,10280861,411236990,29.600702,29.859709,29.600702,29.859709,0.444011,69
2017-03-24,29527,1187853,29.304695,30.192717,29.304695,29.711705,-0.148004,51
2017-03-27,48103,1932250,29.600702,30.007712,29.600702,30.007712,0.296007,21
2017-03-28,31449,1277247,30.007712,30.34072,29.748706,29.748706,-0.259006,35
2017-03-29,21004,853360,29.674704,30.636727,29.674704,29.896709,0.148003,10
2017-03-30,33032,1350730,29.93371,30.858732,29.896709,30.118715,0.222006,42
2017-03-31,31490,1284588,30.192717,30.266718,30.118715,30.192717,0.074002,22
2017-04-05,53124,2150165,29.896709,29.970711,29.748706,29.748706,-0.444011,108
2017-04-06,8,352,29.896709,29.970711,29.748706,29.748706,0.0,7
2017-04-07,5125,205272,29.674704,29.674704,29.674704,29.674704,-0.074002,23
2017-04-10,93081,3735660,29.600702,29.896709,29.600702,29.896709,0.222005,41
2017-04-11,208,8359,29.600702,29.896709,29.600702,29.896709,0.0,8
2017-04-12,1205,48556,29.822708,29.822708,29.822708,29.822708,-0.074001,18
2017-04-13,13767,551230,29.452699,29.674704,29.452699,29.637703,-0.185005,30
2017-04-14,3284205,144405353,32.523772,32.597774,31.117738,32.597774,2.960071,839
2017-04-17,875756,37410956,32.597774,32.597774,29.674704,32.190764,-0.40701,504
2017-04-18,338892,14727554,32.190764,32.634774,31.19174,32.153763,-0.037001,226
2017-04-19,425012,18566302,32.153763,32.634774,31.487747,31.487747,-0.666016,216
2017-04-20,63005,2668007,31.672752,31.672752,31.154739,31.154739,-0.333008,56
2017-04-21,74697,3140614,31.154739,31.820755,30.710729,31.561749,0.40701,59
2017-04-24,11352,481537,31.376745,31.413745,31.376745,31.413745,-0.148004,14
2017-04-25,19682,829725,31.154739,31.302743,31.154739,31.154739,-0.259006,22
2017-04-26,8626,359271,30.821731,31.006736,30.710729,31.006736,-0.148003,19
2017-04-27,13132,544977,30.710729,30.710729,30.710729,30.710729,-0.296007,11
2017-04-28,9755,407610,30.710729,31.450746,30.710729,31.450746,0.740017,14
2017-05-02,4002,166732,30.895733,30.895733,30.74773,30.74773,-0.703016,6
2017-05-03,31560,1324944,30.74773,31.820755,30.710729,31.006736,0.259006,24
2017-05-04,9237,384335,30.858732,30.858732,30.710729,30.710729,-0.296007,11
2017-05-05,15165,620440,30.488724,30.488724,30.155716,30.229717,-0.481012,16
2017-05-08,9004,366110,30.525724,30.525724,29.970711,29.970711,-0.259006,13
2017-05-09,3155,127544,29.970711,29.970711,29.970711,29.970711,0.0,8
2017-05-10,26086,1051040,29.896709,30.155716,29.600702,29.600702,-0.370009,41
2017-05-11,32194,1288320,29.896709,30.118715,29.267695,29.452699,-0.148003,32
2017-05-12,13000,519200,29.600702,29.600702,29.452699,29.600702,0.148003,14
2017-05-15,21115,850059,29.748706,30.118715,29.674704,29.674704,0.074002,13
2017-05-16,4841,192569,29.600702,29.600702,29.119691,29.119691,-0.555013,8
2017-05-17,11386,455040,29.378697,29.600702,29.378697,29.600702,0.481011,11
2017-05-18,10090,403600,29.600702,29.600702,29.600702,29.600702,0.0,3
2017-05-19,29100,1155639,29.378697,29.600702,29.378697,29.600702,0.0,10
2017-05-22,29418,1180320,29.600702,29.896709,29.600702,29.748706,0.148004,15
2017-05-23,15999,636210,29.415698,29.415698,29.415698,29.415698,-0.333008,15
2017-05-24,15538,615785,29.415698,29.415698,29.304695,29.415698,0.0,8
2017-05-25,20025,799087,29.415698,29.600702,29.415698,29.452699,0.037001,16
2017-05-26,67139,2663003,29.230694,29.452699,29.230694,29.415698,-0.037001,22
2017-05-31,120353,4788575,29.156692,29.563702,29.156692,29.563702,0.148004,30
2017-06-01,23916,944581,28.897686,29.970711,28.897686,29.230694,-0.333008,20
2017-06-02,1420,56231,29.304695,29.304695,29.304695,29.304695,0.074001,4
2017-06-03,22000,878450,29.600702,29.637703,29.341696,29.341696,0.037001,13
2017-06-05,9906,391795,29.304695,29.304695,29.267695,29.267695,-0.074001,14
2017-06-06,19251,767537,29.267695,29.600702,29.267695,29.341696,0.074001,14
2017-06-07,4033,160910,29.526701,29.526701,29.526701,29.526701,0.185005,5
2017-06-08,11531,458324,29.526701,29.526701,29.304695,29.452699,-0.074002,14
2017-06-09,46408,1853002,29.600702,30.34072,29.08269,29.341696,-0.111003,41
2017-06-12,40014,1576503,29.119691,29.230694,28.971688,29.230694,-0.111002,16
2017-06-13,19587,773467,29.156692,29.378697,29.119691,29.230694,0.0,19
2017-06-14,14208,560915,29.119691,29.230694,29.119691,29.230694,0.0,8
2017-06-15,589,23264,29.119691,29.230694,29.119691,29.230694,0.0,3
2017-06-16,6381,251748,29.119691,29.230694,29.119691,29.230694,0.0,10
2017-06-19,14010,560244,29.526701,29.600702,29.526701,29.600702,0.370008,18
2017-06-20,2042,81730,29.637703,29.637703,29.600702,29.600702,0.0,8
2017-06-21,42586,1725849,29.748706,30.34072,29.600702,30.34072,0.740018,38
2017-06-22,11423,467915,30.34072,30.34072,30.34072,30.34072,0.0,12
2017-06-23,5,200,30.34072,30.34072,30.34072,30.34072,0.0,5
2017-06-26,48033,2005332,29.970711,31.228741,29.970711,31.228741,0.888021,42
2017-06-27,67882,2874894,31.783754,31.783754,31.006736,31.302743,0.074002,53
2017-06-28,38927,1647503,31.59875,31.746753,30.895733,31.080738,-0.222005,36
2017-06-29,20001,844892,31.117738,31.524748,31.117738,31.154739,0.074001,15
2017-06-30,4,165,31.117738,31.524748,31.117738,31.154739,0.0,3
2017-07-03,24248,1009462,31.080738,31.154739,30.710729,30.710729,-0.44401,33
2017-07-04,45203,1876921,30.710729,31.006736,30.636727,30.673728,-0.037001,37
2017-07-05,429072,17592316,30.753187,30.753187,30.678362,30.678362,0.004634,67
2017-07-06,29350,1203278,30.678362,30.678362,30.678362,30.678362,0.0,32
2017-07-07,39759,1609710,30.304235,30.341648,30.191998,30.304235,-0.374127,46
2017-07-10,18431,746165,30.304235,30.379061,29.967522,30.304235,0.0,29
2017-07-11,25132,1023135,30.341648,30.678362,30.341648,30.678362,0.374127,22
2017-07-12,94075,3958792,31.239551,32.174867,31.239551,31.576265,0.897903,62
2017-07-13,7078,294200,31.052488,31.389202,31.052488,31.389202,-0.187063,11
2017-07-14,927090,38250940,31.389202,31.389202,30.004934,30.865425,-0.523777,21
2017-07-17,8758,363266,31.052488,31.052488,31.052488,31.052488,0.187063,11
2017-07-18,47153,1939035,31.052488,31.052488,30.341648,30.341648,-0.71084,45
2017-07-19,38216,1555896,30.379061,30.715775,30.379061,30.379061,0.037413,30
2017-07-20,48005,1953151,30.453886,30.678362,30.379061,30.453886,0.074825,27
2017-07-21,32613,1333097,30.453886,30.678362,30.453886,30.678362,0.224476,24
2017-07-24,17016,699052,30.640949,31.015076,30.640949,30.753187,0.074825,10
2017-07-25,2398,98935,31.202139,31.202139,30.678362,30.678362,-0.074825,8
2017-07-26,30186,1236988,30.678362,30.678362,30.640949,30.678362,0.0,15
2017-07-27,18262,747336,30.640949,30.678362,30.640949,30.640949,-0.037413,19
2017-07-28,8253,331443,30.004934,30.341648,30.004934,30.341648,-0.299301,14
2017-07-31,27313,1113818,30.304235,30.678362,30.304235,30.678362,0.336714,30
2017-08-01,7005,286850,30.640949,30.640949,30.640949,30.640949,-0.037413,10
2017-08-02,18798,769025,30.191998,30.678362,30.191998,30.678362,0.037413,24
2017-08-03,9346,382702,30.640949,30.678362,30.603537,30.678362,0.0,16
2017-08-04,14519,594022,30.678362,30.678362,30.603537,30.678362,0.0,11
2017-08-07,31048,1267694,30.22941,30.678362,30.22941,30.528711,-0.149651,15
2017-08-08,1041,42466,30.528711,30.528711,30.528711,30.528711,0.0,3
2017-08-09,33961,1385166,30.491299,30.528711,30.491299,30.528711,0.0,15
2017-08-10,38793,1578435,30.528711,30.528711,30.379061,30.453886,-0.074825,31
2017-08-11,39500,1630250,30.453886,31.052488,30.416473,31.052488,0.598602,37
2017-08-14,33169,1360442,30.678362,31.052488,30.678362,30.678362,-0.374126,22
2017-08-15,37323,1496355,30.07976,30.154585,29.930109,29.930109,-0.748253,20
2017-08-16,81040,3237437,29.668221,30.640949,29.668221,29.780459,-0.14965,36
2017-08-17,33009,1356971,30.154585,31.052488,30.154585,31.052488,1.272029,23
2017-08-18,34512,1430543,30.117172,31.800741,30.117172,31.089901,0.037413,40
2017-08-21,4019,166535,30.94025,31.052488,30.94025,31.015076,-0.074825,11
2017-08-22,7140,296165,31.127314,31.127314,31.015076,31.052488,0.037412,12
2017-08-23,32087,1317242,30.828012,31.052488,30.678362,31.052488,0.0,18
2017-08-24,19350,802347,30.902838,31.052488,30.902838,31.052488,0.0,22
2017-08-25,14968,617263,30.678362,31.127314,30.678362,31.127314,0.074826,20
2017-08-28,4532,186967,30.7906,31.089901,30.7906,31.089901,-0.037413,8
2017-08-29,16501,656540,31.089901,31.127314,31.052488,31.127314,0.037413,11
2017-08-30,14505,603406,31.127314,31.314377,31.089901,31.127314,0.0,14
2017-08-31,26500,1102499,31.127314,31.202139,31.127314,31.127314,0.0,22
2017-09-01,7397,308985,31.351789,31.351789,31.202139,31.202139,0.074825,8
2017-09-04,38009,1581572,31.202139,31.202139,31.127314,31.127314,-0.074825,40
2017-09-05,1210,50292,31.127314,31.127314,31.127314,31.127314,0.0,5
2017-09-06,37382,1558939,30.678362,31.351789,30.678362,31.351789,0.224475,39
2017-09-07,6253,260497,31.164726,31.65109,31.127314,31.127314,-0.224475,9
2017-09-08,30504,1276963,31.127314,31.426615,31.127314,31.426615,0.299301,34
2017-09-11,14020049,586028077,30.528711,31.276964,30.528711,31.276964,-0.149651,88
2017-09-12,54464,2276701,31.276964,31.426615,30.753187,31.276964,0.0,42
2017-09-13,28941,1209651,31.276964,31.426615,31.276964,31.276964,0.0,29
2017-09-14,11476,479554,31.276964,31.276964,31.276964,31.276964,0.0,13
2017-09-15,27684,1156347,31.276964,31.276964,31.276964,31.276964,0.0,31
2017-09-18,24344,1010774,30.977663,31.276964,30.94025,31.276964,0.0,31
2017-09-19,40361,1678731,30.977663,31.314377,30.678362,31.276964,0.0,42
2017-09-20,33256,1390074,31.276964,31.314377,31.276964,31.276964,0.0,24
2017-09-21,34033,1421615,31.276964,31.314377,30.94025,31.276964,0.0,43
2017-09-22,32249,1347383,30.977663,31.276964,30.977663,31.276964,0.0,34
2017-09-25,93460,3906940,31.276964,31.351789,31.276964,31.276964,0.0,53
2017-09-26,38240,1597259,31.276964,31.351789,30.902838,31.276964,0.0,41
2017-09-27,44003,1839523,31.276964,31.314377,31.127314,31.276964,0.0,34
2017-09-28,30000,1253700,31.202139,31.276964,31.202139,31.276964,0.0,25
2017-09-29,33298,1390265,31.276964,31.276964,30.828012,31.276964,0.0,40
2017-09-30,30300,1266449,31.276964,31.276964,31.276964,31.276964,0.0,31
2017-10-02,24074,1005497,31.276964,31.276964,30.977663,30.977663,-0.299301,10
2017-10-03,683,27456,31.276964,31.276964,30.977663,30.977663,0.0,3
2017-10-05,6001,250241,31.763328,31.763328,31.089901,31.089901,0.112238,4
2017-10-06,3026,124460,30.828012,30.828012,30.715775,30.715775,-0.374126,6
2017-10-11,6009,246919,30.379061,31.052488,30.379061,30.865425,0.14965,8
2017-10-12,13658,552899,30.566124,30.566124,30.042347,30.528711,-0.336714,16
2017-10-13,4033,164489,30.528711,30.528711,30.491299,30.528711,0.0,5
2017-10-16,25,925,30.528711,30.528711,30.491299,30.528711,0.0,1
2017-10-17,10034,408632,30.22941,30.640949,30.154585,30.640949,0.112238,12
2017-10-18,14638,603484,30.528711,31.052488,30.528711,31.052488,0.411539,18
2017-10-19,3,123,30.528711,31.052488,30.528711,31.052488,0.0,3
2017-10-20,22018,887470,30.379061,30.379061,29.967522,30.042347,-1.010141,24
2017-10-23,5315,211673,29.780459,29.817871,29.780459,29.817871,-0.224476,9
2017-10-24,1512,60201,29.817871,29.817871,29.817871,29.817871,0.0,3
2017-10-25,1006,40036,29.780459,29.780459,29.780459,29.780459,-0.037412,5
2017-10-26,29,1148,29.780459,29.780459,29.780459,29.780459,0.0,7
2017-10-27,2000,79600,29.780459,29.780459,29.780459,29.780459,0.0,2
2017-10-30,5002,199680,29.780459,29.930109,29.780459,29.930109,0.14965,4
2017-10-31,27004,1080110,29.930109,29.930109,29.892696,29.930109,0.0,11
2017-11-01,0,0,29.930109,29.930109,29.892696,29.930109,0.0,0
2017-11-02,2001,79439,29.705633,29.705633,29.705633,29.705633,-0.224476,3
2017-11-03,17001,673038,29.630808,29.930109,29.51857,29.51857,-0.187063,11
2017-11-06,7399,295827,29.892696,29.930109,29.892696,29.930109,0.411539,12
2017-11-07,6500,261200,30.07976,30.07976,30.07976,30.07976,0.149651,8
2017-11-08,27639,1131039,29.555983,31.276964,29.555983,31.052488,0.972728,26
2017-11-09,11417,468722,30.678362,31.052488,30.678362,31.052488,0.0,3
2017-11-10,6119,250441,30.304235,31.276964,30.304235,30.678362,-0.374126,10
2017-11-13,41837,1740483,31.276964,31.276964,30.977663,31.052488,0.374126,27
2017-11-14,28010,1167916,31.015076,31.276964,31.015076,31.276964,0.224476,19
2017-11-15,28761,1201936,30.977663,31.426615,30.828012,31.426615,0.149651,26
2017-11-16,1000,41900,31.351789,31.351789,31.351789,31.351789,-0.074826,1
2017-11-17,23008,955727,31.276964,31.351789,30.828012,31.351789,0.0,27
2017-11-20,43932,1863066,31.426615,32.100042,31.351789,31.875566,0.523777,33
2017-11-21,27199,1152708,31.875566,31.875566,31.426615,31.613678,-0.261888,25
2017-11-22,39635,1686082,31.725916,32.025217,31.426615,31.725916,0.112238,36
2017-11-23,22522,948713,31.464027,31.725916,31.426615,31.426615,-0.299301,22
2017-11-24,45686,1950804,31.389202,32.025217,31.351789,32.025217,0.598602,15
2017-11-27,56079,2409019,32.025217,32.324518,31.613678,32.025217,0.0,31
2017-11-28,1205,51460,31.987804,31.987804,31.987804,31.987804,-0.037413,9
2017-11-29,25156,1075418,31.426615,32.249693,31.426615,32.249693,0.261889,30
2017-11-30,3001,129242,32.174867,32.249693,32.174867,32.249693,0.0,4
2017-12-01,30468,1311149,32.174867,32.361931,31.800741,31.800741,-0.448952,26
2017-12-04,74066,3238116,32.623819,32.92312,32.511581,32.511581,0.71084,34
2017-12-05,39516,1731462,32.698644,32.885707,32.623819,32.736057,0.224476,43
2017-12-06,95320,4197040,32.848295,33.147596,32.436756,32.436756,-0.299301,49
2017-12-07,14397,613111,32.249693,32.249693,31.052488,32.062629,-0.374127,15
2017-12-08,11035,470383,32.025217,32.025217,31.800741,31.950392,-0.112237,11
2017-12-11,42124,1794232,31.987804,32.586406,31.800741,32.174867,0.224475,16
2017-12-12,7011,302823,32.698644,32.698644,32.137455,32.174867,0.0,11
2017-12-13,42170,1851439,31.912979,33.072771,31.912979,32.736057,0.56119,28
2017-12-14,35626,1579557,33.072771,33.297246,32.698644,32.698644,-0.037413,44
2017-12-15,38730,1702503,32.736057,33.297246,32.548994,32.810882,0.112238,30
2017-12-18,59069,2614142,32.548994,33.297246,32.548994,32.77347,-0.037412,48
2017-12-19,27790,1224676,33.297246,33.297246,32.77347,32.848295,0.074825,38
2017-12-20,5000,218500,32.77347,32.77347,32.623819,32.77347,-0.074825,5
2017-12-21,57328,2543846,33.259834,33.372072,32.997945,33.297246,0.523776,41
2017-12-22,10057,443558,32.997945,33.147596,32.960533,33.147596,-0.14965,13
2017-12-25,21193,934431,32.77347,33.147596,32.623819,32.92312,-0.224476,19
2017-12-26,46066,2049728,33.446897,33.446897,32.548994,33.446897,0.523777,55
2017-12-27,48001,2156494,33.521722,33.671373,33.521722,33.671373,0.224476,45
2017-12-28,8594,386440,33.63396,33.671373,33.63396,33.671373,0.0,10
2017-12-29,90276,4080027,33.671373,34.120324,33.521722,33.746198,0.074825,90
2018-01-02,13254,579820,32.623819,33.48431,32.623819,32.885707,-0.860491,20
2018-01-03,33179,1486709,33.110183,33.671373,33.110183,33.559135,0.673428,41
2018-01-04,16006,717167,33.521722,33.596548,33.521722,33.596548,0.037413,19
2018-01-05,19802,888516,33.521722,33.671373,33.521722,33.671373,0.074825,23
2018-01-08,44067,1976977,33.821023,33.821023,33.48431,33.48431,-0.187063,48
2018-01-09,45456,2025237,33.072771,33.671373,33.072771,33.596548,0.112238,30
2018-01-10,45014,2000268,33.072771,33.671373,33.072771,33.521722,-0.074826,31
2018-01-11,17163,764735,33.446897,33.446897,33.259834,33.409484,-0.112238,20
2018-01-12,19015,854519,33.409484,33.708785,33.297246,33.671373,0.261889,16
2018-01-15,16126,719584,33.708785,33.708785,33.297246,33.297246,-0.374127,22
2018-01-16,14110,629526,33.297246,33.671373,33.185009,33.446897,0.149651,32
2018-01-17,70507,3189962,33.372072,34.419626,33.372072,34.3448,0.897903,71
2018-01-18,26397,1208382,34.3448,34.3448,33.746198,33.746198,-0.598602,18
2018-01-19,73034,3219433,33.895849,33.895849,32.661232,32.92312,-0.823078,48
2018-01-22,68003,3010232,33.596548,33.63396,32.77347,33.297246,0.374126,31
2018-01-23,146361,6487312,33.072771,33.521722,32.698644,33.521722,0.224476,56
2018-01-24,11092198,493512198,33.297246,33.559135,33.259834,33.559135,0.037413,44
2018-01-25,50791,2276446,33.446897,33.63396,33.297246,33.63396,0.074825,28
2018-01-26,2588215,116340628,33.63396,33.671373,33.596548,33.671373,0.037413,52
2018-01-29,89011,3998184,33.409484,33.63396,33.222421,33.63396,-0.037413,51
2018-01-30,86209,3870690,33.63396,33.63396,33.372072,33.63396,0.0,34
2018-01-31,49788,2236980,33.409484,33.63396,33.409484,33.63396,0.0,37
2018-02-01,143503,6421082,32.661232,33.746198,32.661232,33.63396,0.0,47
2018-02-02,90825,4074139,33.372072,33.63396,33.372072,33.596548,-0.037412,36
2018-02-05,78505,3511469,33.072771,33.63396,33.072771,33.63396,0.037412,34
2018-02-06,60009,2680950,33.035358,33.596548,33.035358,33.521722,-0.112238,47
2018-02-07,90022,3990872,33.072771,33.446897,32.548994,33.297246,-0.224476,86
2018-02-08,17978,796120,32.736057,33.559135,32.736057,33.559135,0.261889,11
2018-02-09,341002,14735386,33.446897,33.521722,31.875566,32.174867,-1.384268,159
2018-02-12,2546000,109525900,32.810882,33.297246,32.474168,33.297246,1.122379,24
2018-02-21,22240,992560,33.671373,33.671373,32.92312,33.035358,-0.261888,30
2018-02-22,10,440,33.671373,33.671373,32.92312,33.035358,0.0,10
2018-02-23,45809,2022035,32.997945,33.409484,32.960533,33.409484,0.374126,31
2018-02-26,60622,2700749,33.409484,33.446897,32.997945,33.446897,0.037413,59
2018-02-27,14484,639443,33.596548,33.596548,32.92312,32.92312,-0.523777,22
2018-03-01,19,836,33.596548,33.596548,32.92312,32.92312,0.0,19
2018-03-02,13102,576338,33.035358,33.147596,32.548994,33.147596,0.224476,40
2018-03-05,59091,2649060,32.698644,33.671373,32.661232,33.63396,0.486364,47
2018-03-06,37013,1640372,33.072771,33.559135,33.072771,33.521722,-0.112238,20
2018-03-07,35012,1545978,32.92312,33.48431,32.848295,33.48431,-0.037412,24
2018-03-08,14549,649066,33.446897,33.521722,33.222421,33.446897,-0.037413,23
2018-03-09,3203,142228,33.185009,33.297246,33.185009,33.297246,-0.149651,14
2018-03-12,20466,916416,33.409484,33.559135,33.409484,33.446897,0.149651,32
2018-03-13,77105,3459797,33.559135,33.671373,33.259834,33.596548,0.149651,67
2018-03-14,16174,724554,33.521722,33.671373,33.372072,33.596548,0.0,27
2018-03-15,94102,4238161,33.63396,33.858436,33.63396,33.671373,0.074825,56
2018-03-16,694707,33739729,36.88886,37.03851,35.392354,35.392354,1.720981,446
2018-03-19,211334,10084222,35.392354,36.252845,35.018228,36.140607,0.748253,168
2018-03-20,96049,4648066,36.252845,36.365083,35.916131,36.252845,0.112238,78
2018-03-21,174267,8408187,36.215432,36.215432,36.028369,36.140607,-0.112238,103
2018-03-22,83473,4049883,36.290257,36.439908,36.215432,36.290257,0.14965,77
2018-03-23,37099,1768620,35.317529,36.252845,35.167878,36.252845,-0.037412,36
2018-03-26,33067,1580320,35.579417,35.990956,35.579417,35.990956,-0.261889,47
2018-03-27,39362,1897492,36.589558,36.589558,35.953544,35.953544,-0.037412,47
2018-03-28,56453,2722987,35.916131,36.140607,35.916131,36.103194,0.14965,55
2018-03-29,25481,1230388,36.103194,36.215432,36.103194,36.140607,0.037413,29
2018-03-30,38033,1836634,35.803893,36.215432,35.803893,36.140607,0.0,24
2018-03-31,15004,718742,35.841306,36.065782,35.76648,36.065782,-0.074825,11
2018-04-02,31468,1534709,36.664384,36.664384,36.028369,36.215432,0.14965,17
2018-04-03,31310,1504595,36.140607,36.140607,35.916131,36.065782,-0.14965,29
2018-04-09,7256,349552,36.065782,36.065782,36.028369,36.065782,0.0,19
2018-04-10,27328,1317161,36.178019,36.178019,36.028369,36.028369,-0.037413,13
2018-04-11,9788,470004,36.028369,36.028369,35.916131,35.916131,-0.112238,17
2018-04-12,15000,720750,35.990956,36.178019,35.878718,35.878718,-0.037413,7
2018-04-13,37346,1793052,35.916131,36.103194,35.841306,35.916131,0.037413,21
2018-04-16,28809,1377613,35.916131,35.916131,35.654243,35.654243,-0.261888,26
2018-04-17,23059,1087183,35.542005,35.542005,35.018228,35.542005,-0.112238,30
2018-04-18,28005,1341985,35.878718,35.916131,35.354941,35.916131,0.374126,22
2018-04-19,31405,1494304,35.317529,35.916131,35.167878,35.317529,-0.598602,26
2018-04-20,2000,95200,35.61683,35.61683,35.61683,35.61683,0.299301,2
2018-04-23,37226,1754539,34.793752,35.61683,34.793752,35.579417,-0.037413,33
2018-04-24,12425,591601,35.579417,35.691655,35.579417,35.579417,0.0,11
2018-04-25,67000,3144550,35.317529,35.542005,34.943402,35.504592,-0.074825,21
2018-04-26,20309,962053,35.691655,35.691655,35.354941,35.467179,-0.037413,17
2018-04-27,22768,1080020,35.280116,35.542005,35.242704,35.542005,0.074826,22
2018-04-30,195003,9333791,35.691655,36.028369,35.467179,35.916131,0.374126,60
2018-05-02,1724226,77539775,35.916131,36.178019,35.916131,36.065782,0.149651,64
2018-05-03,2309145,103539287,35.916131,36.028369,34.793752,35.76648,-0.299302,92
2018-05-04,4006000,182051200,35.76648,35.916131,33.63396,35.803893,0.037413,1041
2018-05-07,2608235,120214080,36.028369,36.028369,35.167878,35.990956,0.187063,841
2018-05-08,888028,42318835,36.065782,36.065782,35.167878,35.916131,-0.074825,549
2018-05-09,2977067,135188045,35.76648,35.878718,35.691655,35.878718,-0.037413,15
2018-05-10,5009,240177,35.803893,35.953544,35.803893,35.841306,-0.037412,7
2018-05-11,13024,624542,35.841306,36.065782,35.841306,35.841306,0.0,11
2018-05-14,19200,925947,35.878718,36.290257,35.841306,36.290257,0.448951,16
2018-05-15,7020,337260,35.990956,35.990956,35.916131,35.916131,-0.374126,5
2018-05-16,24169,1152610,35.691655,35.916131,35.579417,35.916131,0.0,14
2018-05-17,1135440,54421686,35.916131,35.916131,35.317529,35.916131,0.0,200
2018-05-18,222461,10638454,35.916131,35.916131,35.61683,35.878718,-0.037413,78
2018-05-21,41266,1981114,35.878718,37.03851,35.803893,35.953544,0.074826,22
2018-05-22,231219,11048716,35.953544,35.990956,35.167878,35.916131,-0.037413,182
2018-05-23,31006,1491086,36.439908,36.439908,35.76648,36.028369,0.112238,17
2018-05-24,27186,1316033,35.916131,36.439908,35.916131,36.365083,0.336714,20
2018-05-25,169100,8271049,36.065782,36.664384,36.065782,36.514733,0.14965,38
2018-05-28,35893,1729855,36.514733,36.664384,35.916131,35.916131,-0.598602,30
2018-05-29,90149,4327405,35.654243,35.990956,35.654243,35.953544,0.037413,36
2018-05-30,59187,2834544,35.691655,35.916131,35.61683,35.61683,-0.336714,31
2018-05-31,47932,2302486,36.514733,36.514733,35.61683,35.841306,0.224476,46
2018-06-01,29070,1379821,35.803893,35.841306,35.205291,35.354941,-0.486365,19
2018-06-04,38800,1837008,35.61683,35.61683,35.242704,35.354941,0.0,27
2018-06-05,31973,1504970,35.354941,35.354941,34.943402,35.317529,-0.037412,33
2018-06-06,13145,621763,35.542005,35.542005,35.317529,35.354941,0.037412,18
2018-06-07,8082,380728,35.354941,35.354941,35.167878,35.167878,-0.187063,10
2018-06-08,6506,304355,34.980815,35.130466,34.943402,35.130466,-0.037412,9
2018-06-11,0,0,34.980815,35.130466,34.943402,35.130466,0.0,0
2018-06-12,11180,520044,35.504592,35.542005,34.419626,35.542005,0.411539,16
2018-06-13,7530,354397,35.317529,35.317529,35.167878,35.167878,-0.374127,10
2018-06-14,4000,188300,35.05564,35.280116,35.05564,35.280116,0.112238,4
2018-06-15,17457,811900,34.831165,35.018228,34.606689,35.018228,-0.261888,17
2018-06-19,82103,3830249,34.569276,35.280116,34.494451,35.093053,0.074825,48
2018-06-20,57057,2677317,34.644101,35.280116,34.494451,35.242704,0.149651,34
2018-06-21,34166,1612952,34.90599,35.392354,34.90599,35.354941,0.112237,12
2018-06-22,14500,684750,35.242704,35.76648,35.242704,35.467179,0.112238,15
2018-06-25,55033,2629131,35.467179,36.065782,35.467179,35.878718,0.411539,37
2018-06-26,59909,2886121,35.878718,36.290257,35.61683,36.290257,0.411539,47
2018-06-27,5388,259407,36.178019,36.215432,35.953544,35.953544,-0.336713,9
2018-06-28,96143,4642827,35.841306,36.439908,35.76648,35.916131,-0.037413,73
2018-06-29,33419,1603886,35.916131,35.916131,35.878718,35.916131,0.0,7
2018-07-02,40733,1932423,35.542005,35.729068,35.242704,35.504592,-0.411539,28
2018-07-03,53275,2508125,35.654243,35.654243,34.793752,35.280116,-0.224476,46
2018-07-04,71101,3025242,34.976347,34.976347,34.245134,34.245134,-1.034982,48
2018-07-05,4711,197619,33.960773,34.245134,33.960773,34.245134,0.0,6
2018-07-06,10582,448310,34.407626,34.529494,34.245134,34.529494,0.28436,13
2018-07-09,11071,490274,35.99192,35.99192,35.910674,35.99192,1.462426,13
2018-07-10,10545,451875,35.99192,35.99192,34.163888,35.01697,-0.97495,9
2018-07-11,4000,171050,34.651363,34.935724,34.651363,34.935724,-0.081246,4
2018-07-12,9067,391130,34.367003,35.220084,34.367003,35.220084,0.28436,11
2018-07-13,6009,260637,35.220084,35.30133,35.220084,35.220084,0.0,8
2018-07-16,80,3204,35.220084,35.30133,35.220084,35.220084,0.0,1
2018-07-17,0,0,35.220084,35.30133,35.220084,35.220084,0.0,0
2018-07-18,46313,2081990,35.748183,37.210608,35.504445,37.210608,1.990524,41
2018-07-19,4066,179916,35.951297,36.154412,35.788805,36.154412,-1.056196,6
2018-07-20,5000,221800,36.154412,36.154412,35.829428,36.073166,-0.081246,5
2018-07-23,1099,43960,36.154412,36.154412,35.829428,36.073166,0.0,3
2018-07-24,10158,447884,35.99192,35.99192,35.788805,35.788805,-0.284361,7
2018-07-25,14102,633457,36.073166,36.560641,36.073166,36.560641,0.771836,16
2018-07-26,207299,9015886,36.560641,36.560641,34.935724,35.423199,-1.137442,158
2018-07-27,114720,4948353,35.138839,35.341953,34.935724,35.341953,-0.081246,80
2018-07-30,119113,5183151,35.504445,35.504445,34.935724,35.504445,0.162492,102
2018-07-31,113241,4954032,35.504445,35.545068,35.504445,35.545068,0.040623,110
2018-08-01,104842,4580810,35.545068,35.666937,35.423199,35.423199,-0.121869,79
2018-08-02,118009,5162341,35.545068,36.560641,35.504445,35.545068,0.121869,111
2018-08-03,8130,356644,35.585691,35.666937,35.545068,35.666937,0.121869,11
2018-08-06,103632,4540308,35.666937,36.560641,35.545068,35.70756,0.040623,103
2018-08-07,129024,5636698,35.70756,35.910674,34.123265,35.70756,0.0,118
2018-08-08,122908,5416091,35.70756,36.560641,35.70756,36.154412,0.446852,125
2018-08-09,0,0,35.70756,36.560641,35.70756,36.154412,0.0,0
2018-08-10,19535,871054,35.788805,36.398149,35.788805,36.398149,0.243737,11
2018-08-13,21000,931450,36.154412,36.154412,35.951297,36.154412,-0.243737,14
2018-08-14,19542,872463,36.235658,36.398149,35.99192,36.398149,0.243737,14
2018-08-15,464,19024,36.235658,36.398149,35.99192,36.398149,0.0,1
2018-08-16,22427,974692,34.529494,36.479395,34.529494,36.479395,0.081246,28
2018-08-17,46945,2118706,35.748183,37.048116,35.748183,37.007494,0.528099,27
2018-08-20,17924,815055,36.560641,37.210608,36.560641,37.088739,0.081245,21
2018-08-21,23470,1061032,36.966871,37.048116,36.032543,36.926248,-0.162491,25
2018-08-22,4013,180079,36.804379,36.804379,36.073166,36.479395,-0.446853,6
2018-08-23,7880,353526,36.438772,36.560641,36.316904,36.560641,0.081246,9
2018-08-24,600,25230,36.438772,36.560641,36.316904,36.560641,0.0,1
2018-08-27,25128,1132221,36.560641,36.885625,36.316904,36.560641,0.0,21
2018-08-28,1016,45715,36.560641,36.560641,36.560641,36.560641,0.0,2
2018-08-29,2000,88800,36.073166,36.073166,36.073166,36.073166,-0.487475,2
2018-08-30,13168,585517,36.073166,36.885625,36.032543,36.032543,-0.040623,11
2018-08-31,47282,2099955,36.032543,36.885625,35.748183,36.560641,0.528098,13
2018-09-03,10015,450675,36.560641,36.560641,36.560641,36.560641,0.0,11
2018-09-04,37849,1701163,36.763756,36.763756,36.113789,36.560641,0.0,22
2018-09-05,5000,224300,35.910674,36.641887,35.910674,36.641887,0.081246,4
2018-09-06,1516,67668,36.154412,36.154412,36.154412,36.154412,-0.487475,2
2018-09-07,216,8650,36.154412,36.154412,36.154412,36.154412,0.0,1
2018-09-10,110383,4819566,35.423199,36.398149,35.382576,36.195035,0.040623,111
2018-09-11,129020,5657737,35.626314,36.195035,35.545068,36.073166,-0.121869,100
2018-09-12,107001,4675393,35.504445,35.70756,35.463822,35.504445,-0.568721,88
2018-09-13,300647,13224039,35.423199,36.68251,35.423199,36.438772,0.934327,130
2018-09-14,8000,359150,36.154412,36.520018,36.154412,36.520018,0.081246,6
2018-09-17,0,0,36.154412,36.520018,36.154412,36.520018,0.0,0
2018-09-18,2,89,36.154412,36.520018,36.154412,36.520018,0.0,1
2018-09-19,61000,2726550,36.479395,36.520018,35.99192,36.520018,0.0,61
2018-09-20,79868,3548175,36.520018,36.560641,35.910674,36.438772,-0.081246,75
2018-09-21,87095,3811838,35.870051,36.398149,35.01697,36.073166,-0.365606,75
2018-09-25,3174,139520,35.585691,35.788805,35.585691,35.788805,-0.284361,6
2018-09-26,17268,777256,36.479395,36.641887,36.479395,36.641887,0.853082,13
2018-09-27,110000,4867300,36.641887,36.641887,35.870051,35.870051,-0.771836,25
2018-09-28,132000,5821950,35.951297,36.073166,35.382576,35.382576,-0.487475,33
2018-10-01,106066,4617471,35.382576,35.382576,35.341953,35.341953,-0.040623,11
2018-10-02,124464,5426108,35.382576,36.154412,35.341953,36.113789,0.771836,19
2018-10-03,210557,9147927,35.463822,35.463822,35.01697,35.138839,-0.97495,73
2018-10-04,124001,5369393,35.179461,35.260707,35.138839,35.220084,0.081245,14
2018-10-05,134136,5780098,34.570117,35.179461,34.570117,35.179461,-0.040623,18
2018-10-08,61076,2651268,35.179461,35.70756,35.179461,35.70756,0.528099,17
2018-10-09,137189,5980860,35.341953,36.398149,35.30133,36.357527,0.649967,23
2018-10-11,162117,7040960,35.30133,35.341953,35.260707,35.341953,-1.015574,10
2018-10-12,196666,8433853,32.25461,35.870051,32.25461,35.057593,-0.28436,85
2018-10-15,22024,930300,35.220084,35.220084,34.123265,34.123265,-0.934328,24
2018-10-16,4223,176215,34.32638,34.32638,33.554544,33.554544,-0.568721,5
2018-10-17,1010,42319,34.042019,34.042019,34.042019,34.042019,0.487475,2
2018-10-18,29004,1162156,33.351429,33.351429,32.132741,32.132741,-1.909278,31
2018-10-19,9183,370015,32.498348,33.879528,32.417102,32.417102,0.284361,10
2018-10-22,7000,285950,33.188938,33.188938,33.188938,33.188938,0.771836,4
2018-10-23,4222,171318,32.904577,33.026446,32.904577,33.026446,-0.162492,5
2018-10-24,15041,605364,32.9452,32.9452,32.498348,32.701462,-0.324984,14
2018-10-25,102,4095,32.9452,32.9452,32.498348,32.701462,0.0,2
2018-10-26,12000,482700,32.823331,32.823331,32.498348,32.660839,-0.040623,9
2018-10-29,35172,1444453,33.310806,33.92015,33.310806,33.757659,1.09682,8
2018-10-30,57050,2261920,32.9452,32.9452,31.685889,32.213987,-1.543672,58
2018-10-31,3435,138416,32.579594,33.067069,32.498348,33.067069,0.853082,9
2018-11-01,2001,81190,32.579594,33.351429,32.579594,33.351429,0.28436,3
2018-11-02,1,40,32.579594,33.351429,32.579594,33.351429,0.0,1
2018-11-05,5001,201040,32.579594,32.742085,32.579594,32.660839,-0.69059,6
2018-11-06,7001,281440,32.660839,32.660839,32.660839,32.660839,0.0,2
2018-11-07,1056,43017,33.107692,33.107692,33.107692,33.107692,0.446853,4
2018-11-08,3037,123505,33.148315,33.148315,32.904577,32.904577,-0.203115,6
2018-11-09,4200,171390,32.9452,33.229561,32.9452,33.229561,0.324984,5
2018-11-12,11283,464203,33.026446,33.473298,33.026446,33.473298,0.243737,10
2018-11-13,2000,81000,32.904577,32.904577,32.904577,32.904577,-0.568721,2
2018-11-14,0,0,32.904577,32.904577,32.904577,32.904577,0.0,0
2018-11-15,1,40,32.904577,32.904577,32.904577,32.904577,0.0,1
2018-11-16,7050,293166,33.310806,34.123265,33.310806,34.123265,1.218688,9
2018-11-19,3066,130235,34.529494,34.529494,34.488872,34.488872,0.365607,4
2018-11-20,4000,168750,34.691986,34.691986,33.838905,33.879528,-0.609344,4
2018-11-21,5637,237408,33.838905,34.691986,33.838905,34.691986,0.812458,7
2018-11-22,9750,418325,34.935724,34.935724,34.529494,34.935724,0.243738,8
2018-11-23,502,21934,34.935724,34.935724,34.529494,34.935724,0.0,5
2018-11-26,37186,1587034,34.691986,34.691986,34.651363,34.691986,-0.243738,34
2018-11-27,107000,4568200,34.691986,34.691986,34.123265,34.123265,-0.568721,20
2018-11-28,2008731,85773005,34.691986,34.773232,34.651363,34.651363,0.528098,23
2018-11-29,195463,8348293,34.691986,35.179461,34.691986,34.935724,0.284361,11
2018-11-30,244000,10420100,34.691986,35.870051,33.960773,33.960773,-0.974951,32
2018-12-03,268050,11387038,33.838905,34.773232,33.838905,34.042019,0.081246,34
2018-12-04,274000,11585100,34.042019,34.529494,33.960773,34.042019,0.0,35
2018-12-05,169001,7115742,34.204511,34.32638,34.123265,34.123265,0.081246,13
2018-12-06,25567,1025296,33.879528,33.879528,32.295233,32.295233,-1.828032,27
2018-12-07,17000,693250,32.701462,33.310806,32.701462,33.310806,1.015573,12
2018-12-10,313552,13152608,33.757659,34.367003,33.757659,33.960773,0.649967,22
2018-12-11,302001,12670891,34.042019,34.61074,34.042019,34.123265,0.162492,22
2018-12-12,581801,24367366,34.001396,34.082642,33.960773,34.042019,-0.081246,58
2018-12-13,296002,12412584,34.042019,34.123265,34.042019,34.082642,0.040623,41
2018-12-14,286378,12011851,34.042019,34.691986,34.042019,34.529494,0.446852,51
2018-12-17,257763,10811775,34.082642,34.773232,34.042019,34.773232,0.243738,31
2018-12-18,251001,10542592,34.123265,34.285757,34.123265,34.285757,-0.487475,21
2018-12-19,336300,14128908,34.123265,34.163888,33.879528,34.123265,-0.162492,85
2018-12-20,335875,14231886,34.123265,35.748183,34.123265,35.463822,1.340557,92
2018-12-21,312221,13491307,34.854478,35.748183,34.854478,35.748183,0.284361,71
2018-12-22,11001,475643,35.098216,35.138839,35.098216,35.138839,-0.609344,7
2018-12-24,8003,351582,35.463822,36.032543,35.057593,35.70756,0.568721,10
2018-12-25,283004,12157122,35.341953,35.341953,34.732609,34.732609,-0.974951,27
2018-12-26,254001,10909492,34.935724,34.935724,34.895101,34.895101,0.162492,17
2018-12-27,121258,5218696,34.895101,35.545068,34.854478,35.504445,0.609344,18
2018-12-28,70516,3128563,35.504445,36.560641,34.976347,36.560641,1.056196,47
2019-01-02,3,135,35.504445,36.560641,34.976347,36.560641,0.0,3
2019-01-03,427000,18341450,35.30133,35.30133,34.895101,35.179461,-1.38118,18
2019-01-04,408140,17532370,35.098216,35.138839,34.895101,35.138839,-0.040622,30
2019-01-07,282640,12154982,35.098216,35.30133,34.935724,35.30133,0.162491,25
2019-01-08,301001,12912942,34.854478,34.854478,34.854478,34.854478,-0.446852,36
2019-01-09,399058,17134423,34.854478,35.666937,34.854478,35.666937,0.812459,21
2019-01-10,614250,26367075,35.70756,35.70756,34.854478,34.935724,-0.731213,74
2019-01-11,387000,16622850,35.220084,35.220084,34.895101,34.895101,-0.040623,34
2019-01-14,400008,17180489,34.895101,34.935724,34.895101,34.895101,0.0,39
2019-01-15,305855,13093637,34.773232,35.260707,34.773232,34.773232,-0.121869,37
2019-01-16,437179,18734776,34.854478,34.935724,34.123265,34.32638,-0.446852,62
2019-01-17,505868,21548056,34.61074,34.61074,34.32638,34.32638,0.0,24
2019-01-18,507200,21605319,34.61074,34.61074,34.407626,34.407626,0.081246,20
2019-01-21,356001,15128241,34.529494,34.529494,34.245134,34.245134,-0.162492,18
2019-01-22,305441,12982092,34.448249,34.61074,34.448249,34.529494,0.28436,25
2019-01-23,25,1043,34.448249,34.61074,34.448249,34.529494,0.0,2
2019-01-24,2000,84300,34.245134,34.245134,34.245134,34.245134,-0.28436,2
2019-01-25,9078,384790,34.285757,34.529494,34.245134,34.529494,0.28436,14
2019-01-28,9118,382715,34.123265,34.163888,34.123265,34.123265,-0.406229,17
2019-01-29,20251,849441,34.123265,34.123265,34.042019,34.042019,-0.081246,20
2019-01-30,5034,210963,34.082642,34.082642,34.042019,34.042019,0.0,5
2019-02-11,10150,425284,34.042019,34.042019,34.042019,34.042019,0.0,12
2019-02-12,2001,83991,34.082642,34.123265,34.082642,34.123265,0.081246,3
2019-02-13,1118,44159,34.082642,34.123265,34.082642,34.123265,0.0,6
2019-02-14,1000,41900,34.042019,34.042019,34.042019,34.042019,-0.081246,1
2019-02-15,2001,83891,34.042019,34.082642,34.042019,34.082642,0.040623,3
2019-02-18,2003,84226,34.163888,34.163888,34.163888,34.163888,0.081246,5
2019-02-19,102,4323,34.163888,34.163888,34.163888,34.163888,0.0,4
2019-02-20,23015,989850,34.448249,35.829428,34.407626,35.626314,1.462426,27
2019-02-21,10,430,34.448249,35.829428,34.407626,35.626314,0.0,10
2019-02-22,9965,428751,35.01697,35.01697,34.651363,35.01697,-0.609344,8
2019-02-25,4004,171318,34.773232,34.773232,34.732609,34.732609,-0.284361,7
2019-02-26,2,84,34.773232,34.773232,34.732609,34.732609,0.0,2
2019-02-27,4003,171126,34.732609,34.732609,34.732609,34.732609,0.0,7
2019-03-04,31006,1338003,34.773232,35.098216,34.773232,35.098216,0.365607,26
2019-03-05,1013,43759,35.098216,35.098216,35.098216,35.098216,0.0,3
2019-03-06,3,126,35.098216,35.098216,35.098216,35.098216,0.0,3
2019-03-07,1750,74673,34.773232,34.773232,34.773232,34.773232,-0.324984,5
2019-03-08,2005,85560,34.691986,34.691986,34.651363,34.651363,-0.121869,7
2019-03-11,16201,689911,34.895101,34.895101,34.448249,34.448249,-0.203114,17
2019-03-12,21067,891240,34.813855,34.813855,34.204511,34.691986,0.243737,19
2019-03-13,5013,212237,34.691986,34.691986,34.204511,34.204511,-0.487475,13
2019-03-14,12497,524870,34.204511,34.651363,33.960773,34.651363,0.446852,10
2019-03-15,6000,252700,34.204511,34.32638,34.042019,34.285757,-0.365606,6
2019-03-18,4498,188610,34.285757,34.285757,34.042019,34.042019,-0.243738,15
2019-03-19,10,375,34.285757,34.285757,34.042019,34.042019,0.0,4
2019-03-20,22949,967979,34.123265,34.813855,34.042019,34.813855,0.771836,31
2019-03-21,31826,1335909,34.529494,34.529494,34.042019,34.042019,-0.771836,26
2019-03-22,32672,1378003,34.123265,34.61074,34.082642,34.570117,0.528098,41
2019-03-25,20201,843118,34.204511,34.204511,33.351429,33.351429,-1.218688,23
2019-03-26,2882,120525,33.92015,34.123265,33.92015,34.123265,0.771836,11
2019-03-27,3059,128730,34.082642,34.245134,34.082642,34.245134,0.121869,26
2019-03-28,1207,50944,34.32638,34.32638,34.32638,34.32638,0.081246,5
2019-03-29,5178,217221,34.123265,34.123265,34.082642,34.082642,-0.243738,7
2019-04-01,7052,295206,34.082642,34.082642,33.960773,33.960773,-0.121869,32
2019-04-02,20370,855872,34.285757,34.448249,34.082642,34.082642,0.121869,24
2019-04-03,66552,2795106,34.285757,34.285757,34.082642,34.082642,0.0,60
2019-04-08,5488,231439,34.285757,34.448249,34.204511,34.204511,0.121869,27
2019-04-09,2201,92492,34.163888,34.163888,34.123265,34.123265,-0.081246,8
2019-04-10,10,420,34.163888,34.163888,34.123265,34.123265,0.0,10
2019-04-11,9052,381087,34.32638,34.448249,34.042019,34.448249,0.324984,54
2019-04-12,4870,204071,34.042019,34.123265,34.042019,34.123265,-0.324984,15
2019-04-15,3025,127341,34.367003,34.367003,34.123265,34.123265,0.0,5
2019-04-16,4864,204177,34.367003,34.367003,34.082642,34.082642,-0.040623,10
2019-04-17,67717,2965271,34.082642,37.210608,34.082642,35.341953,1.259311,74
2019-04-18,3410,144741,34.61074,34.61074,34.367003,34.367003,-0.97495,7
2019-04-19,5174,218608,34.367003,34.367003,34.204511,34.204511,-0.162492,10
2019-04-22,4729,198998,34.367003,34.367003,34.123265,34.123265,-0.081246,7
2019-04-23,5206,220343,34.367003,34.488872,34.32638,34.488872,0.365607,5
2019-04-24,5301,225467,34.732609,35.220084,34.285757,34.32638,-0.162492,6
2019-04-25,0,0,34.732609,35.220084,34.285757,34.32638,0.0,0
2019-04-26,2479,104493,34.285757,34.285757,34.285757,34.285757,-0.040623,5
2019-04-29,20825,876000,34.285757,34.570117,34.082642,34.367003,0.081246,17
2019-04-30,459,19140,34.285757,34.570117,34.082642,34.367003,0.0,2
2019-05-02,10094,433125,34.61074,35.057593,34.570117,34.570117,0.203114,11
2019-05-03,11018,466660,34.367003,34.935724,34.163888,34.61074,0.040623,13
2019-05-06,4725,199557,34.407626,34.407626,34.245134,34.245134,-0.365606,7
2019-05-07,18202,765054,34.245134,34.407626,34.082642,34.407626,0.162492,19
2019-05-08,2022,85327,34.204511,34.367003,34.204511,34.367003,-0.040623,5
2019-05-09,3017,127566,34.529494,34.529494,34.245134,34.245134,-0.121869,5
2019-05-10,518,21833,34.529494,34.529494,34.245134,34.245134,0.0,3
2019-05-13,3192,134469,34.367003,34.367003,34.123265,34.163888,-0.081246,8
2019-05-14,6437,270489,34.123265,34.163888,34.123265,34.163888,0.0,12
2019-05-15,2100,88713,34.488872,34.488872,34.163888,34.163888,0.0,5
2019-05-16,8398,358574,34.448249,34.813855,34.448249,34.691986,0.528098,9
2019-05-17,5001,212392,34.488872,34.529494,34.448249,34.448249,-0.243737,5
2019-05-20,6310,271380,34.691986,35.70756,34.367003,35.179461,0.731212,9
2019-05-21,6001,260543,35.138839,35.341953,35.138839,35.138839,-0.040622,7
2019-05-22,6438,273995,34.895101,34.976347,34.367003,34.976347,-0.162492,8
2019-05-23,16000,677700,34.245134,34.529494,34.204511,34.204511,-0.771836,7
2019-05-24,14001,592542,34.407626,34.448249,34.367003,34.367003,0.162492,5
2019-05-27,8087,344030,34.448249,34.61074,34.448249,34.61074,0.243737,10
2019-05-28,19000,809800,34.691986,34.691986,34.285757,34.285757,-0.324983,4
2019-05-29,4510,189467,34.204511,34.204511,34.123265,34.123265,-0.162492,7
2019-05-30,32066,1352465,34.123265,34.61074,34.123265,34.285757,0.162492,23
2019-05-31,1,41,34.123265,34.61074,34.123265,34.285757,0.0,1
2019-06-03,2002,83783,34.001396,34.001396,34.001396,34.001396,-0.284361,3
2019-06-04,2067,87206,34.285757,34.285757,34.285757,34.285757,0.284361,3
2019-06-05,1178,49776,34.367003,34.367003,34.367003,34.367003,0.081246,2
2019-06-06,0,0,34.367003,34.367003,34.367003,34.367003,0.0,0
2019-06-10,2033,85426,34.163888,34.163888,34.123265,34.123265,-0.243738,3
2019-06-11,1100,46500,34.367003,34.367003,34.367003,34.367003,0.243738,4
2019-06-12,9666,406237,34.245134,34.245134,34.123265,34.123265,-0.243738,10
2019-06-13,5500,230899,34.123265,34.123265,34.123265,34.123265,0.0,8
2019-06-14,11592,481638,34.123265,34.123265,33.310806,33.310806,-0.812459,16
2019-06-17,22600,948168,33.392052,34.529494,33.392052,34.529494,1.218688,27
2019-06-18,5001,210041,34.123265,34.123265,34.123265,34.123265,-0.406229,6
2019-06-19,83410,3640411,34.123265,36.316904,34.123265,35.341953,1.218688,83
2019-06-20,21272,907060,34.935724,35.220084,34.163888,34.773232,-0.568721,23
2019-06-21,18006,768954,34.732609,34.732609,34.691986,34.691986,-0.081246,17
2019-06-24,28000,1196700,34.813855,34.895101,34.651363,34.732609,0.040623,23
2019-06-25,3050,130219,34.691986,34.691986,34.691986,34.691986,-0.040623,5
2019-06-26,6501,275592,34.163888,34.691986,34.163888,34.691986,0.0,7
2019-06-27,39781,1699496,34.691986,34.935724,34.61074,34.935724,0.243738,44
2019-06-28,27715,1182080,34.773232,34.773232,34.285757,34.32638,-0.609344,11
2019-07-01,23017,979068,34.529494,34.691986,34.285757,34.61074,0.28436,17
2019-07-02,1000,42700,34.691986,34.691986,34.691986,34.691986,0.081246,1
2019-07-03,47503,1998425,34.691986,34.691986,33.392052,34.448249,-0.243737,43
2019-07-04,9034,379267,34.123265,34.123265,34.042019,34.042019,-0.40623,8
2019-07-05,9001,379291,34.285757,34.285757,34.001396,34.001396,-0.040623,7
2019-07-08,17069,718963,34.367003,34.367003,33.960773,33.960773,-0.040623,10
2019-07-09,452,18803,34.367003,34.367003,33.960773,33.960773,0.0,1
2019-07-10,48006,2007398,33.960773,34.123265,33.879528,33.960773,0.0,50
2019-07-11,12027,500310,34.414818,34.6636,34.166037,34.166037,0.205264,10
2019-07-12,11000,458700,34.6636,34.6636,34.497746,34.497746,0.331709,11
2019-07-15,2407,100469,34.6636,34.6636,34.580673,34.580673,0.082927,9
2019-07-16,2000,83500,34.6636,34.6636,34.580673,34.580673,0.0,2
2019-07-17,48000,2008050,34.6636,34.870918,34.414818,34.787991,0.207318,48
2019-07-18,6215,258557,34.6636,34.6636,34.331891,34.331891,-0.4561,8
2019-07-19,11677,485640,34.580673,34.580673,34.331891,34.331891,0.0,15
2019-07-22,6766,281107,34.580673,34.580673,34.331891,34.331891,0.0,13
2019-07-23,4000,165799,34.414818,34.414818,34.331891,34.331891,0.0,7
2019-07-24,35000,1436300,34.331891,34.331891,33.834328,33.834328,-0.497563,35
2019-07-25,2061,84293,33.917255,33.917255,33.917255,33.917255,0.082927,5
2019-07-26,14101,581760,33.585546,34.497746,33.585546,34.373355,0.4561,9
2019-07-29,267,10985,33.585546,34.497746,33.585546,34.373355,0.0,3
2019-07-30,33,1356,33.585546,34.497746,33.585546,34.373355,0.0,1
2019-07-31,24746,1011270,34.000182,34.456282,33.544082,34.456282,0.082927,31
2019-08-01,8086,330140,34.373355,34.373355,33.668473,33.917255,-0.539027,12
2019-08-02,1148,46579,33.668473,33.668473,33.668473,33.668473,-0.248782,4
2019-08-05,4001,162441,33.668473,33.668473,33.668473,33.668473,0.0,4
2019-08-06,26886,1086882,33.585546,33.585546,33.502618,33.585546,-0.082927,19
2019-08-07,25110,1012638,33.461155,33.544082,33.253837,33.253837,-0.331709,26
2019-08-08,6699,271603,33.544082,33.709937,33.502618,33.709937,0.4561,9
2019-08-12,5018,203236,33.2953,34.083109,33.170909,34.083109,0.373172,6
2019-08-13,0,0,33.2953,34.083109,33.170909,34.083109,0.0,0
2019-08-14,1199,48038,33.253837,33.253837,33.253837,33.253837,-0.829272,4
2019-08-15,5776,232140,33.253837,33.419691,33.253837,33.419691,0.165854,7
2019-08-16,400668,16186585,33.502618,33.502618,33.419691,33.502618,0.082927,26
2019-08-19,14001,572640,33.917255,34.2075,33.792864,33.792864,0.290246,9
2019-08-20,23014,932209,33.544082,33.792864,33.461155,33.461155,-0.331709,20
2019-08-21,34100,1418255,33.336764,35.078237,33.336764,34.166037,0.704882,35
2019-08-22,10289,414238,33.958718,33.958718,33.253837,33.253837,-0.9122,14
2019-08-23,8588,351780,33.958718,34.000182,33.958718,34.000182,0.746345,8
2019-08-26,3100,124968,33.419691,33.419691,33.419691,33.419691,-0.580491,6
2019-08-27,601,24219,33.419691,33.419691,33.419691,33.419691,0.0,5
2019-08-28,12109,492614,33.7514,33.7514,33.668473,33.7514,0.331709,10
2019-08-29,11068,450849,34.000182,34.000182,33.627009,33.627009,-0.124391,10
2019-08-30,20006,821444,34.2075,34.2075,33.875791,34.000182,0.373173,13
2019-09-02,21063,872601,34.414818,34.456282,34.166037,34.456282,0.4561,15
2019-09-03,11000,458500,34.580673,34.580673,34.539209,34.539209,0.082927,8
2019-09-04,28070,1187883,34.580673,35.285555,34.580673,34.995309,0.4561,29
2019-09-05,4555,190631,34.995309,34.995309,34.6636,34.6636,-0.331709,9
2019-09-06,74,3052,34.995309,34.995309,34.6636,34.6636,0.0,2
2019-09-09,1,38,34.995309,34.995309,34.6636,34.6636,0.0,1
2019-09-10,2033,83655,34.000182,34.248964,34.000182,34.248964,-0.414636,4
2019-09-11,31262,1279392,35.078237,35.078237,33.502618,33.917255,-0.331709,33
2019-09-12,25000,1036400,33.917255,34.705064,33.917255,34.705064,0.787809,25
2019-09-16,9033,378926,34.705064,34.829455,34.705064,34.829455,0.124391,10
2019-09-17,5048,213366,35.078237,35.1197,35.078237,35.1197,0.290245,9
2019-09-18,58303,2482766,35.285555,35.368482,35.161164,35.368482,0.248782,59
2019-09-19,14521,620469,35.451409,35.451409,35.244091,35.244091,-0.124391,6
2019-09-20,4098,174429,35.327018,35.327018,35.244091,35.327018,0.082927,5
2019-09-23,1229,52364,35.327018,35.327018,35.327018,35.327018,0.0,5
2019-09-24,11052,470316,35.285555,35.327018,35.161164,35.327018,0.0,12
2019-09-25,2043,86833,35.327018,35.327018,35.161164,35.161164,-0.165854,4
2019-09-26,15899,656121,35.327018,35.327018,34.083109,34.083109,-1.078055,20
2019-09-27,36100,1486259,34.414818,34.6636,33.834328,34.124573,0.041464,38
2019-10-01,30322,1245702,34.000182,34.124573,34.000182,34.124573,0.0,17
2019-10-02,2126,87859,34.497746,34.497746,34.083109,34.083109,-0.041464,3
2019-10-03,896,33824,34.497746,34.497746,34.083109,34.083109,0.0,3
2019-10-04,2004,81963,33.875791,33.958718,33.875791,33.958718,-0.124391,3
2019-10-07,6034,249207,33.958718,34.539209,33.958718,34.539209,0.580491,8
2019-10-08,2272,93731,34.000182,34.414818,34.000182,34.414818,-0.124391,5
2019-10-09,4045,166147,34.041646,34.083109,34.041646,34.083109,-0.331709,6
2019-10-14,26504,1118718,34.083109,35.451409,34.083109,35.451409,1.3683,30
2019-10-15,11945,509767,35.451409,35.451409,35.285555,35.451409,0.0,14
2019-10-16,48500,2114300,35.368482,37.317273,35.368482,36.736782,1.285373,52
2019-10-17,3485,150579,36.073364,36.073364,35.741655,35.741655,-0.995127,8
2019-10-18,4168,179723,35.783118,35.824582,35.700191,35.824582,0.082927,6
2019-10-21,219445,9510628,35.824582,36.653855,35.741655,35.741655,-0.082927,132
2019-10-22,26010,1120677,35.783118,35.824582,35.658728,35.658728,-0.082927,7
2019-10-23,16000,698250,36.114828,36.405073,35.741655,35.741655,0.082927,14
2019-10-24,7137,310975,35.617264,36.488,35.617264,36.073364,0.331709,8
2019-10-25,25,1040,35.617264,36.488,35.617264,36.073364,0.0,1
2019-10-28,14277,606077,35.244091,35.617264,34.912382,35.244091,-0.829273,18
2019-10-29,372,15660,35.244091,35.617264,34.912382,35.244091,0.0,2
2019-10-30,1007,42794,35.244091,35.244091,35.244091,35.244091,0.0,5
2019-10-31,15500,656450,35.078237,35.451409,34.995309,35.451409,0.207318,10
2019-11-01,6999,295356,35.161164,35.161164,34.829455,34.870918,-0.580491,12
2019-11-04,13193,559023,35.202628,35.244091,34.995309,35.202628,0.33171,13
2019-11-05,1548,64960,34.829455,34.829455,34.829455,34.829455,-0.373173,5
2019-11-06,4041,172896,35.327018,35.5758,35.327018,35.534337,0.704882,5
2019-11-07,939,36292,35.327018,35.5758,35.327018,35.534337,0.0,2
2019-11-08,1201,50900,35.161164,35.161164,35.161164,35.161164,-0.373173,5
2019-11-11,5063,213439,35.078237,35.078237,34.870918,34.870918,-0.290246,7
2019-11-12,4282,180385,35.1197,35.1197,34.912382,34.912382,0.041464,7
2019-11-13,1,41,35.1197,35.1197,34.912382,34.912382,0.0,1
2019-11-14,160,6680,35.1197,35.1197,34.912382,34.912382,0.0,2
2019-11-15,5017,210708,34.829455,34.829455,34.829455,34.829455,-0.082927,7
2019-11-18,0,0,34.829455,34.829455,34.829455,34.829455,0.0,0
2019-11-19,4136,172650,34.787991,34.787991,34.539209,34.622137,-0.207318,7
2019-11-20,23500,1020849,34.705064,36.363609,34.705064,36.363609,1.741472,26
2019-11-21,18095,763303,34.953846,35.1197,34.953846,35.1197,-1.243909,20
2019-11-22,1486,62659,34.995309,34.995309,34.995309,34.995309,-0.124391,4
2019-11-25,7015,295125,35.036773,35.036773,34.829455,34.829455,-0.165854,10
2019-11-26,1000,42100,34.912382,34.912382,34.912382,34.912382,0.082927,1
2019-11-27,3004,126368,34.912382,34.912382,34.829455,34.829455,-0.082927,5
2019-11-28,1010,42215,34.6636,34.6636,34.6636,34.6636,-0.165855,3
2019-11-29,10499,441006,34.6636,35.492873,34.6636,35.492873,0.829273,9
2019-12-02,991,40829,34.6636,35.492873,34.6636,35.492873,0.0,1
2019-12-03,100,4105,34.6636,35.492873,34.6636,35.492873,0.0,1
2019-12-04,2304,95915,34.6636,34.6636,34.6636,34.6636,-0.829273,6
2019-12-05,5259,219158,34.746528,34.746528,34.456282,34.456282,-0.207318,10
2019-12-06,4333,181951,34.829455,34.995309,34.746528,34.995309,0.539027,7
2019-12-09,11100,467400,34.995309,34.995309,34.829455,34.953846,-0.041463,8
2019-12-10,5518,233014,34.995309,34.995309,34.995309,34.995309,0.041463,6
2019-12-11,754,31668,34.995309,34.995309,34.995309,34.995309,0.0,3
2019-12-12,5275,220488,34.705064,34.705064,34.6636,34.6636,-0.331709,7
2019-12-13,1723,72837,35.161164,35.161164,35.161164,35.161164,0.497564,5
2019-12-16,30502,1301683,35.1197,35.866046,35.1197,35.617264,0.4561,21
2019-12-17,15716,668114,35.327018,35.492873,35.161164,35.492873,-0.124391,12
2019-12-18,16500,711797,35.368482,36.073364,35.368482,35.990437,0.497564,21
2019-12-19,15657,660823,35.492873,35.492873,34.912382,35.202628,-0.787809,14
2019-12-20,10385,445542,36.280682,36.322146,35.202628,35.202628,0.0,12
2019-12-23,36,1525,36.280682,36.322146,35.202628,35.202628,0.0,5
2019-12-24,64,2716,36.280682,36.322146,35.202628,35.202628,0.0,2
2019-12-25,23251,975392,34.705064,34.912382,34.6636,34.829455,-0.373173,21
2019-12-26,3501,146165,34.414818,34.746528,34.414818,34.746528,-0.082927,5
2019-12-27,15443,648950,34.746528,35.285555,34.580673,35.1197,0.373172,12
2019-12-30,309,12931,34.746528,35.285555,34.580673,35.1197,0.0,1
2019-12-31,8119,339560,35.161164,35.161164,34.580673,34.580673,-0.539027,11
2020-01-02,1445,60255,34.580673,34.580673,34.580673,34.580673,0.0,4
2020-01-03,166,6889,34.580673,34.580673,34.580673,34.580673,0.0,1
2020-01-06,39197,1618495,34.166037,34.580673,34.041646,34.331891,-0.248782,17
2020-01-07,54120,2270986,34.166037,35.824582,34.166037,35.451409,1.119518,35
2020-01-08,19234,806415,35.078237,35.078237,34.497746,34.870918,-0.580491,18
2020-01-09,56124,2353095,34.746528,34.829455,34.746528,34.829455,-0.041463,12
2020-01-10,59004,2438015,34.829455,34.829455,34.166037,34.248964,-0.580491,51
2020-01-13,39502,1625754,34.083109,34.414818,34.083109,34.124573,-0.124391,18
2020-01-14,24500,1011250,34.248964,34.539209,34.166037,34.539209,0.414636,5
2020-01-15,16004,660814,34.248964,34.248964,34.124573,34.124573,-0.414636,6
2020-01-16,12267,505999,34.124573,34.248964,34.124573,34.248964,0.124391,11
2020-01-17,21266,876707,34.166037,34.2075,34.166037,34.2075,-0.041464,12
2020-01-20,15235,631353,34.787991,34.995309,34.2075,34.248964,0.041464,18
2020-01-30,33005,1334350,33.419691,33.917255,33.336764,33.461155,-0.787809,10
2020-01-31,6454,260681,33.502618,33.585546,33.336764,33.336764,-0.124391,8
2020-02-03,2163,86475,33.253837,33.253837,33.087982,33.087982,-0.248782,10
2020-02-04,21166,844840,33.087982,33.170909,33.087982,33.170909,0.082927,16
2020-02-05,7000,280400,33.336764,33.336764,33.087982,33.253837,0.082928,7
2020-02-06,1033,41465,33.2953,33.2953,33.2953,33.2953,0.041463,3
2020-02-07,77000,3083800,33.2953,33.585546,32.673346,32.673346,-0.621954,51
2020-02-10,3504,139002,32.756273,33.129446,32.756273,33.129446,0.4561,15
2020-02-11,20322,813310,33.212373,33.212373,33.087982,33.212373,0.082927,17
2020-02-12,6300,252958,33.212373,33.544082,33.129446,33.502618,0.290245,15
2020-02-13,13234,540123,33.709937,34.000182,33.627009,33.917255,0.414637,14
2020-02-14,6002,244882,33.917255,34.083109,33.668473,34.083109,0.165854,7
2020-02-17,3001,122140,33.834328,33.834328,33.585546,33.585546,-0.497563,4
2020-02-18,17398,694470,33.419691,33.627009,33.005055,33.212373,-0.373173,19
2020-02-19,14001,568640,33.502618,33.834328,33.502618,33.627009,0.414636,15
2020-02-20,1006,40690,33.544082,33.544082,33.544082,33.544082,-0.082927,7
2020-02-21,5095,206780,33.834328,33.834328,33.544082,33.544082,0.0,24
2020-02-24,19006,754234,33.419691,33.419691,32.756273,32.756273,-0.787809,22
2020-02-25,15200,608819,32.8392,33.419691,32.8392,33.419691,0.663418,8
2020-02-26,12107,491923,33.419691,33.917255,33.419691,33.917255,0.497564,17
2020-02-27,25017,1015789,33.834328,34.083109,33.212373,33.834328,-0.082927,26
2020-03-02,11609,470211,33.668473,33.709937,33.378228,33.627009,-0.207319,15
2020-03-03,1945,78288,33.419691,33.419691,33.419691,33.419691,-0.207318,6
2020-03-04,44300,1775633,33.005055,33.502618,32.8392,33.253837,-0.165854,15
2020-03-05,7907,319540,33.461155,33.544082,33.461155,33.544082,0.290245,26
2020-03-06,5021,200640,33.170909,33.170909,33.129446,33.129446,-0.414636,7
2020-03-09,15002,606130,33.585546,33.917255,32.797737,32.880664,-0.248782,17
2020-03-10,19857,800257,32.631882,33.917255,32.631882,33.834328,0.953664,22
2020-03-11,19002,767380,33.834328,33.834328,33.170909,33.170909,-0.663419,17
2020-03-12,16005,637995,33.046518,33.336764,32.8392,33.212373,0.041464,19
2020-03-13,55004,2109654,32.548955,32.756273,31.512364,31.802609,-1.409764,55
2020-03-16,4000,153400,31.802609,32.258709,31.346509,32.258709,0.4561,4
2020-03-17,20302,758481,30.724555,31.346509,30.724555,31.0148,-1.243909,28
2020-03-18,47001,1743737,30.766018,31.056264,30.019673,30.683091,-0.331709,47
2020-03-19,24587,858938,29.6465,29.687964,27.697709,29.605037,-1.078054,30
2020-03-20,10249,376334,29.605037,30.683091,29.605037,30.600164,0.995127,17
2020-03-23,10031,377066,30.600164,31.512364,30.600164,31.429437,0.829273,14
2020-03-24,9003,346264,31.927,32.341637,31.512364,31.595291,0.165854,12
2020-03-25,10271,391805,31.761146,32.175782,31.097728,31.097728,-0.497563,12
2020-03-26,107,3959,31.761146,32.175782,31.097728,31.097728,0.0,6
2020-03-27,6284,232291,30.766018,30.766018,30.517237,30.517237,-0.580491,13
2020-03-30,3057,110458,29.853818,30.185528,29.853818,30.185528,-0.331709,24
2020-03-31,13014,463004,30.931873,30.931873,28.7343,30.185528,0.0,27
2020-04-01,15033,538321,30.1026,30.1026,29.314791,29.853818,-0.33171,27
2020-04-06,10467,374021,29.853818,29.853818,29.439182,29.605037,-0.248781,33
2020-04-07,22403,791922,29.687964,29.687964,28.609909,29.480646,-0.124391,26
2020-04-08,16207,606635,29.853818,31.761146,29.687964,31.761146,2.2805,21
2020-04-09,8004,295498,31.180655,31.180655,30.351382,30.766018,-0.995128,12
2020-04-10,10033,370486,30.848946,30.931873,30.061137,30.931873,0.165855,10
2020-04-13,10162,372109,30.766018,30.766018,30.226991,30.351382,-0.580491,23
2020-04-14,1057,39568,31.056264,31.056264,31.056264,31.056264,0.704882,32
2020-04-15,32115,1272925,30.807482,33.834328,30.807482,33.792864,2.7366,49
2020-04-16,26032,1017852,33.585546,33.585546,32.009928,32.963591,-0.829273,52
2020-04-17,41005,1680750,33.170909,34.497746,33.170909,33.170909,0.207318,43
2020-04-20,110226,4621725,33.917255,35.948973,33.834328,33.834328,0.663419,80
2020-04-21,72100,2822300,34.041646,34.041646,31.512364,32.341637,-1.492691,70
2020-04-22,15199,594961,32.714809,32.8392,31.927,32.092855,-0.248782,19
2020-04-23,47010,1800685,32.258709,32.341637,31.512364,31.802609,-0.290246,42
2020-04-24,10251,391503,31.553828,31.761146,31.553828,31.595291,-0.207318,22
2020-04-27,51033,1952956,31.885537,31.968464,31.553828,31.595291,0.0,41
2020-04-28,8002,307876,31.761146,31.927,31.761146,31.927,0.331709,8
2020-04-29,64217,2564557,31.885537,33.834328,31.885537,33.2953,1.3683,62
2020-04-30,47987,1952167,33.2953,34.166037,33.170909,34.124573,0.829273,50
2020-05-04,17083,681260,34.166037,34.166037,32.756273,32.756273,-1.3683,19
2020-05-05,5000,199500,32.8392,33.253837,32.8392,33.253837,0.497564,5
2020-05-06,31249,1239783,32.8392,33.170909,32.673346,32.963591,-0.290246,30
2020-05-07,67009,2740561,33.170909,34.456282,33.087982,33.585546,0.621955,53
2020-05-08,20125,811111,34.000182,34.000182,33.170909,33.253837,-0.331709,19
2020-05-11,31653,1317773,33.875791,35.161164,33.875791,34.000182,0.746345,30
2020-05-12,62172,2462812,33.875791,33.917255,32.258709,33.087982,-0.9122,50
2020-05-13,27100,1088440,33.087982,33.668473,33.087982,33.668473,0.580491,15
2020-05-14,17072,684708,33.336764,33.668473,33.087982,33.668473,0.0,15
2020-05-15,13348,534608,33.378228,33.668473,33.087982,33.668473,0.0,14
2020-05-18,9500,387399,33.129446,33.917255,33.129446,33.917255,0.248782,11
2020-05-19,24500,1010349,33.668473,34.622137,33.668473,34.622137,0.704882,25
2020-05-20,32828,1332484,34.622137,34.622137,33.336764,33.585546,-1.036591,33
2020-05-21,41999,1690960,33.668473,34.166037,32.756273,33.419691,-0.165855,37
2020-05-22,36042,1425883,33.668473,33.668473,32.3831,32.466028,-0.953663,24
2020-05-25,30124,1213082,32.756273,33.875791,32.714809,33.875791,1.409763,28
2020-05-26,52740,2197172,34.373355,34.829455,34.083109,34.414818,0.539027,53
2020-05-27,18443,758404,34.539209,34.705064,33.834328,33.875791,-0.539027,23
2020-05-28,62033,2465403,33.834328,33.875791,32.341637,32.963591,-0.9122,61
2020-05-29,34015,1328435,32.963591,33.005055,31.968464,32.507491,-0.4561,30
2020-06-01,7786,309495,32.922128,33.170909,32.922128,33.046518,0.539027,15
2020-06-02,9533,381566,33.170909,33.336764,33.170909,33.336764,0.290246,6
2020-06-03,39183,1607389,33.668473,34.414818,33.544082,34.414818,1.078054,36
2020-06-04,5220,214013,33.875791,34.331891,33.834328,34.331891,-0.082927,8
2020-06-05,2033,84465,34.580673,34.580673,34.580673,34.580673,0.248782,5
2020-06-08,40001,1636041,34.000182,34.414818,33.544082,34.248964,-0.331709,35
2020-06-09,46075,1935628,34.622137,35.161164,34.622137,34.829455,0.580491,44
2020-06-10,41520,1773390,34.829455,35.617264,34.829455,35.327018,0.497563,41
2020-06-11,18003,748023,34.995309,34.995309,34.000182,34.000182,-1.326836,18
2020-06-12,1000,40900,33.917255,33.917255,33.917255,33.917255,-0.082927,1
2020-06-15,23251,967827,34.414818,34.705064,34.166037,34.166037,0.248782,26
2020-06-16,302403,13220629,33.958718,37.566055,33.958718,36.363609,2.197572,211
2020-06-17,44784,1941646,35.409946,36.363609,35.409946,36.363609,0.0,47
2020-06-18,8750,382122,36.114828,36.405073,35.990437,36.239218,-0.124391,16
2020-06-19,270717,12458214,35.700191,38.892891,35.700191,38.809964,2.570746,170
2020-06-22,227975,10865509,39.556309,39.888019,38.975819,39.639237,0.829273,173
2020-06-23,60903,2845707,38.727037,39.390455,38.188009,38.188009,-1.451228,51
2020-06-24,44318,2052778,38.7685,38.809964,38.229473,38.3124,0.124391,39
2020-06-29,110357,4863328,37.8563,37.8563,35.907509,36.363609,-1.948791,83
2020-06-30,16318,714864,36.736782,36.736782,36.156291,36.363609,0.0,18
2020-07-01,38662,1701997,36.488,36.985564,35.907509,36.073364,-0.290245,30
2020-07-02,32501,1427042,36.239218,36.985564,35.741655,36.985564,0.9122,29
2020-07-03,36260,1594990,36.446537,36.819709,36.280682,36.736782,-0.248782,28
2020-07-06,167173,7794691,37.690446,39.017282,37.607519,38.519719,1.782937,104
2020-07-07,148826,7049062,39.390455,39.805091,38.7685,39.266064,0.746345,100
2020-07-08,678815,32783538,39.266064,40.966073,39.266064,40.1368,0.870736,256
2020-07-09,183068,8661097,39.888019,39.888019,38.519719,38.519719,-1.617081,99
2020-07-10,58140,2675661,38.188009,38.561182,37.814837,38.022155,-0.497564,50
2020-07-13,719800,34693987,38.561182,40.966073,37.897764,40.219728,2.197573,207
2020-07-14,310030,14949513,40.634364,40.634364,39.100209,39.100209,-1.119519,179
2020-07-15,215127,10308682,39.473382,40.012409,39.141673,40.012409,0.9122,157
2020-07-16,428847,20770965,40.012409,41.049,39.473382,39.639237,-0.373172,190
2020-07-17,302454,13707158,39.970946,39.970946,36.280682,36.736782,-2.902455,214
2020-07-20,147634,6786528,36.736782,39.058746,36.488,38.809964,2.073182,113
2020-07-21,87091,4081127,38.7685,39.390455,37.980691,39.183137,0.373173,76
2020-07-22,49002,2310342,39.141673,39.390455,38.975819,39.017282,-0.165855,40
2020-07-23,43436,2014161,38.975819,38.975819,38.229473,38.3124,-0.704882,35
2020-07-24,82066,3763339,38.3124,38.602646,37.483128,37.773373,-0.539027,64
2020-07-27,88033,3877283,37.358737,37.358737,35.824582,35.948973,-1.8244,75
2020-07-28,127149,5399510,35.741655,35.866046,34.497746,34.829455,-1.119518,83
2020-07-29,82024,3549143,34.829455,36.363609,34.829455,36.363609,1.534154,45
2020-07-30,56000,2449000,36.405073,36.446537,36.073364,36.446537,0.082928,29
2020-07-31,13110,580690,36.985564,36.985564,36.446537,36.819709,0.373172,17
2020-08-03,48001,2083643,36.819709,36.819709,35.783118,35.866046,-0.953663,43
2020-08-04,36996,1601024,35.866046,36.0319,35.824582,35.824582,-0.041464,38
2020-08-05,54081,2360509,35.907509,36.488,35.907509,36.114828,0.290246,40
2020-08-06,84000,3558400,36.157266,36.751399,35.648008,35.987513,-0.127315,42
2020-08-07,46010,1951876,35.987513,36.327018,35.732885,35.817761,-0.169752,25
2020-08-10,603468,27646635,36.199704,39.382562,35.775323,39.043057,3.225296,203
2020-08-11,158066,7087420,38.873304,39.043057,37.218218,38.194295,-0.848762,132
2020-08-12,57029,2523521,38.109419,38.364047,37.345533,37.387971,-0.806324,44
2020-08-13,21620,949031,37.600161,37.642599,36.751399,37.345533,-0.042438,23
2020-08-14,36002,1586788,36.496771,38.151857,36.496771,37.939666,0.594133,34
2020-08-17,95002,4326540,38.194295,39.382562,37.939666,38.915743,0.976077,58
2020-08-18,19131,878691,38.661114,39.127933,38.661114,39.043057,0.127314,22
2020-08-19,691260,33091190,39.467438,42.947363,39.212809,39.679628,0.636571,295
2020-08-20,136177,6163728,39.679628,39.679628,37.345533,38.279171,-1.400457,104
2020-08-21,49069,2218037,37.727476,39.467438,37.472847,39.467438,1.188267,44
2020-08-24,53004,2465384,39.425,39.891819,39.297685,39.340124,-0.127314,38
2020-08-25,51424,2389858,39.127933,39.594752,39.127933,39.425,0.084876,46
2020-08-26,38003,1740138,39.043057,39.170371,38.194295,39.127933,-0.297067,30
2020-08-27,43001,1954345,39.382562,39.382562,38.321609,38.406485,-0.721448,30
2020-08-28,22419,1021779,38.448923,38.74599,38.448923,38.661114,0.254629,19
2020-08-31,3177,144300,38.448923,38.618676,38.448923,38.618676,-0.042438,5
2020-09-01,15009,681307,38.321609,38.915743,38.321609,38.661114,0.042438,16
2020-09-02,29000,1309750,38.74599,38.74599,38.236733,38.364047,-0.297067,23
2020-09-03,39680,1828525,38.618676,39.849381,38.618676,39.127933,0.763886,30
2020-09-04,50515,2300626,39.043057,39.043057,38.406485,38.406485,-0.721448,46
2020-09-07,47000,2132650,38.406485,39.043057,38.279171,38.279171,-0.127314,20
2020-09-08,42001,1893745,38.279171,38.74599,38.194295,38.194295,-0.084876,26
2020-09-09,71261,3178315,38.151857,38.151857,37.515285,37.939666,-0.254629,39
2020-09-10,4666,210117,38.279171,38.279171,38.236733,38.279171,0.339505,10
2020-09-11,56002,2476938,37.982104,37.982104,36.496771,37.387971,-0.8912,40
2020-09-14,49040,2196786,38.024542,38.406485,37.769914,38.151857,0.763886,42
2020-09-15,34001,1528944,38.151857,38.321609,37.939666,38.321609,0.169752,27
2020-09-16,77033,3493036,38.618676,39.043057,38.06698,38.448923,0.127314,56
2020-09-17,14101,632023,37.769914,38.194295,37.769914,38.024542,-0.424381,18
2020-09-18,66033,2984638,38.364047,38.5338,38.194295,38.491361,0.466819,35
2020-09-21,29601,1338645,38.5338,38.958181,37.769914,38.491361,0.0,26
2020-09-22,17102,760738,37.85479,38.151857,37.515285,37.515285,-0.976076,16
2020-09-23,32002,1399385,37.85479,37.85479,36.539209,36.539209,-0.976076,28
2020-09-24,71040,3012601,36.369456,36.411894,35.732885,35.987513,-0.551696,47
2020-09-25,52001,2185242,35.817761,36.072389,35.266065,36.072389,0.084876,20
2020-09-28,12506,531258,35.520694,36.921152,35.478256,36.921152,0.848763,18
2020-09-29,21002,894534,35.648008,36.327018,35.648008,36.242142,-0.67901,17
2020-09-30,8178,344737,35.902637,35.902637,35.732885,35.732885,-0.509257,12
2020-10-05,20005,849810,36.114828,36.496771,35.775323,36.072389,0.339504,16
2020-10-06,40351,1727475,36.411894,36.624085,35.817761,36.624085,0.551696,29
2020-10-07,24810,1060357,35.987513,36.581647,35.987513,36.581647,-0.042438,20
2020-10-08,21132,905223,36.496771,36.581647,36.157266,36.411894,-0.169753,19
2020-10-12,46758,1997688,36.411894,36.708961,36.072389,36.242142,-0.169752,32
2020-10-13,10336,436762,36.072389,36.072389,35.690447,36.029951,-0.212191,12
2020-10-14,16004,683520,36.327018,36.327018,36.072389,36.28458,0.254629,16
2020-10-15,19182,834948,36.708961,37.133342,36.624085,37.048466,0.763886,18
2020-10-16,51000,2241600,38.024542,38.024542,37.006028,37.090904,0.042438,30
2020-10-19,168142,7498374,37.515285,38.321609,37.006028,38.321609,1.230705,126
2020-10-20,8471,378796,37.939666,38.151857,37.769914,38.151857,-0.169752,11
2020-10-21,45501,2034044,38.236733,38.236733,37.769914,37.769914,-0.381943,30
2020-10-22,12000,532100,37.600161,37.769914,37.387971,37.769914,0.0,11
2020-10-23,11624,516653,37.430409,37.85479,37.387971,37.769914,0.0,12
2020-10-26,14261,637186,37.769914,38.109419,37.769914,37.897228,0.127314,15
2020-10-27,3013,134279,37.600161,37.939666,37.600161,37.939666,0.042438,6
2020-10-28,1035,45865,37.600161,37.600161,37.600161,37.600161,-0.339505,3
2020-10-29,19002,831835,37.17578,37.260656,36.836275,37.006028,-0.594133,17
2020-10-30,24118,1049342,36.96359,37.006028,36.836275,36.836275,-0.169753,18
2020-11-02,18651,818226,36.539209,37.769914,36.539209,36.921152,0.084877,21
2020-11-03,39047,1718150,36.878713,37.600161,36.878713,37.006028,0.084876,35
2020-11-04,32196,1390930,37.006028,37.685037,36.157266,37.218218,0.21219,35
2020-11-05,9559,414484,36.708961,37.260656,36.666523,36.921152,-0.297066,15
2020-11-06,8298,364322,37.260656,37.303095,37.260656,37.303095,0.381943,8
2020-11-09,131546,5691372,37.515285,37.769914,36.496771,36.496771,-0.806324,113
2020-11-10,26061,1121864,36.496771,36.666523,36.411894,36.496771,0.0,27
2020-11-11,75097,3235876,36.539209,36.751399,36.454332,36.624085,0.127314,56
2020-11-12,6005,258715,36.666523,36.666523,36.411894,36.411894,-0.212191,8
2020-11-13,11282,485126,36.496771,36.496771,36.496771,36.496771,0.084877,15
2020-11-16,511505,20940472,37.260656,37.260656,33.950484,35.138751,-1.35802,371
2020-11-17,60075,2491262,35.138751,35.435818,35.096313,35.435818,0.297067,40
2020-11-18,86490,3631680,35.435818,36.072389,35.053875,36.072389,0.636571,75
2020-11-19,18010,757267,35.817761,35.817761,35.520694,35.690447,-0.381942,25
2020-11-20,13016,546369,35.520694,35.817761,35.520694,35.817761,0.127314,13
2020-11-23,73778,3161318,36.28458,36.454332,35.902637,36.411894,0.594133,72
2020-11-24,16027,680372,35.860199,36.157266,35.860199,36.157266,-0.254628,20
2020-11-25,23052,986704,36.199704,36.411894,36.157266,36.327018,0.169752,26
2020-11-26,69425,2977402,36.242142,36.454332,36.199704,36.454332,0.127314,49
2020-11-27,4629,196271,35.987513,35.987513,35.987513,35.987513,-0.466819,14
2020-11-30,20007,851995,36.327018,36.327018,35.732885,35.732885,-0.254628,15
2020-12-01,12357,523007,36.072389,36.072389,35.732885,35.775323,0.042438,10
2020-12-02,30336,1272365,35.775323,35.817761,35.308504,35.39338,-0.381943,30
2020-12-03,29004,1197581,35.39338,35.39338,34.799246,34.968999,-0.424381,24
2020-12-04,42312,1781134,35.478256,36.029951,35.478256,35.817761,0.848762,40
2020-12-07,16298,684518,35.775323,35.817761,35.223627,35.223627,-0.594134,15
2020-12-08,16595,687521,35.223627,35.223627,35.053875,35.138751,-0.084876,20
2020-12-09,48110,2015043,35.223627,35.648008,35.223627,35.223627,0.084876,33
2020-12-10,17275,712670,34.841684,35.39338,34.841684,35.053875,-0.169752,16
2020-12-11,7010,293763,35.478256,35.648008,35.435818,35.435818,0.381943,7
2020-12-14,13209,550310,35.39338,35.39338,35.350942,35.39338,-0.042438,13
2020-12-15,23070,957154,35.478256,35.478256,35.053875,35.181189,-0.212191,18
2020-12-16,92342,3950602,36.072389,36.496771,36.029951,36.496771,1.315582,85
2020-12-17,48016,2051332,36.496771,36.496771,35.860199,36.454332,-0.042439,43
2020-12-18,22534,964394,36.454332,36.454332,36.28458,36.369456,-0.084876,21
2020-12-21,18003,769927,35.945075,36.454332,35.775323,36.369456,0.0,15
2020-12-22,24759,1047860,35.987513,35.987513,35.732885,35.732885,-0.636571,26
2020-12-23,12052,512738,36.199704,36.199704,35.775323,35.775323,0.042438,16
2020-12-24,35097,1487555,35.648008,36.327018,35.648008,36.029951,0.254628,30
2020-12-25,18083,770288,35.902637,36.369456,35.902637,36.029951,0.0,19
2020-12-28,68944,2947654,36.28458,36.454332,36.157266,36.454332,0.424381,69
2020-12-29,13160,560672,36.369456,36.411894,36.029951,36.029951,-0.424381,17
2020-12-30,21154,897000,36.072389,36.114828,35.902637,36.114828,0.084877,18
2020-12-31,27603,1178554,36.114828,36.496771,35.902637,35.902637,-0.212191,33
2021-01-04,75240,3189306,35.350942,36.496771,35.350942,36.029951,0.127314,81
2021-01-05,6782,285188,35.690447,35.732885,35.690447,35.690447,-0.339504,16
2021-01-06,25496,1064457,35.563132,35.648008,35.223627,35.223627,-0.46682,30
2021-01-07,32072,1327996,35.478256,35.563132,35.053875,35.181189,-0.042438,32
2021-01-08,25086,1041510,35.053875,35.435818,35.011437,35.053875,-0.127314,29
2021-01-11,67414,2768997,34.799246,35.308504,34.799246,34.968999,-0.084876,41
2021-01-12,32210,1317907,34.671932,35.520694,34.417303,35.520694,0.551695,34
2021-01-13,76693,3194717,34.71437,35.690447,34.71437,35.563132,0.042438,80
2021-01-14,46214,1942586,35.435818,36.28458,35.011437,35.945075,0.381943,38
2021-01-15,99406,4190519,35.945075,36.199704,35.520694,35.60557,-0.339505,77
2021-01-18,60373,2530130,35.648008,35.690447,35.39338,35.39338,-0.21219,69
2021-01-19,29063,1218535,35.987513,35.987513,35.478256,35.60557,0.21219,36
2021-01-20,95785,3937819,35.435818,35.435818,34.799246,34.799246,-0.806324,91
2021-01-21,28092,1163927,35.138751,35.478256,34.841684,34.841684,0.042438,25
2021-01-22,12808,528457,35.478256,35.478256,34.799246,34.841684,0.0,23
2021-01-25,11309,463524,34.841684,34.841684,34.756808,34.799246,-0.042438,31
2021-01-26,33779,1371412,34.671932,34.671932,34.332427,34.587056,-0.21219,33
2021-01-27,1867,76459,34.799246,34.799246,34.799246,34.799246,0.21219,20
2021-01-28,86364,3482270,34.162675,34.629494,33.992922,34.374865,-0.424381,91
2021-01-29,166605,6675983,33.992922,34.968999,33.653417,33.865608,-0.509257,133
2021-02-01,18655,753207,33.950484,34.417303,33.950484,34.120237,0.254629,26
2021-02-02,32027,1291775,33.950484,34.544618,33.950484,34.205113,0.084876,40
2021-02-03,11442,461643,34.162675,34.332427,34.120237,34.332427,0.127314,24
2021-02-04,40049,1614260,34.162675,34.332427,34.120237,34.162675,-0.169752,47
2021-02-05,50013,2018920,34.162675,34.459741,34.120237,34.332427,0.169752,48
2021-02-17,39949,1627685,34.332427,34.799246,34.332427,34.799246,0.466819,51
2021-02-18,54746,2230491,34.71437,34.799246,34.205113,34.205113,-0.594133,58
2021-02-19,43608,1761672,34.205113,34.459741,34.162675,34.247551,0.042438,59
2021-02-22,37596,1531937,34.50218,34.71437,34.50218,34.587056,0.339505,63
2021-02-23,171616,7029285,34.587056,35.053875,34.417303,35.011437,0.424381,130
2021-02-24,30015,1242932,35.096313,35.350942,34.841684,34.926561,-0.084876,40
2021-02-25,96131,3960114,34.884123,35.266065,34.884123,35.266065,0.339504,24
2021-02-26,86030,3494091,35.266065,35.266065,34.332427,34.417303,-0.848762,79
2021-03-02,21116,860794,34.671932,34.756808,34.459741,34.459741,0.042438,41
2021-03-03,28909,1178537,34.799246,34.799246,34.417303,34.459741,0.0,46
2021-03-04,66721,2693820,34.289989,34.587056,34.162675,34.587056,0.127315,75
2021-03-05,4026,162870,34.205113,34.587056,34.205113,34.289989,-0.297067,30
2021-03-08,65409,2654155,34.459741,34.544618,34.289989,34.289989,0.0,55
2021-03-09,61421,2514522,34.629494,34.968999,34.587056,34.587056,0.297067,58
2021-03-10,25521,1037267,34.459741,34.629494,34.374865,34.459741,-0.127315,28
2021-03-11,19409,792545,34.799246,34.799246,34.544618,34.587056,0.127315,29
2021-03-12,8024,327810,34.671932,34.71437,34.629494,34.671932,0.084876,28
2021-03-15,58182,2372958,34.417303,34.671932,34.417303,34.544618,-0.127314,40
2021-03-16,34030,1396398,34.374865,34.884123,34.374865,34.587056,0.042438,49
2021-03-17,28448,1154747,34.629494,34.629494,34.374865,34.417303,-0.169753,36
2021-03-18,63213,2567691,34.459741,34.841684,34.374865,34.374865,-0.042438,42
2021-03-19,108585,4369794,34.332427,34.459741,33.992922,34.077799,-0.297066,104
2021-03-22,47078,1894135,34.120237,34.459741,33.992922,34.289989,0.21219,53
2021-03-23,51010,2045066,34.205113,34.205113,33.950484,33.950484,-0.339505,45
2021-03-24,29013,1175590,34.03536,34.50218,34.03536,34.332427,0.381943,36
2021-03-25,34238,1392552,34.459741,34.629494,34.459741,34.629494,0.297067,43
2021-03-26,70088,2871461,34.629494,35.011437,34.374865,34.884123,0.254629,84
2021-03-29,76333,3141926,34.968999,35.138751,34.629494,34.629494,-0.254629,60
2021-03-30,7207,293983,34.671932,34.71437,34.544618,34.544618,-0.084876,19
2021-03-31,9021,366957,34.587056,34.629494,34.459741,34.459741,-0.084877,27
2021-04-01,21631,880542,34.459741,34.799246,34.459741,34.71437,0.254629,31
2021-04-06,48167,1976806,34.884123,35.011437,34.50218,34.756808,0.042438,65
2021-04-07,31996,1310542,34.799246,34.841684,34.756808,34.756808,0.0,33
2021-04-08,45520,1873291,34.544618,35.053875,34.544618,34.968999,0.212191,51
2021-04-09,58916,2422127,34.841684,35.053875,34.841684,34.884123,-0.084876,33
2021-04-12,48259,1990540,34.671932,35.138751,34.671932,35.053875,0.169752,45
2021-04-13,73429,3058928,35.053875,35.520694,35.053875,35.138751,0.084876,78
2021-04-14,55309,2261900,34.629494,35.011437,34.629494,34.671932,-0.466819,56
2021-04-15,62523,2584016,34.671932,35.223627,34.671932,35.096313,0.424381,54
2021-04-16,74975,3125021,35.563132,35.563132,35.138751,35.435818,0.339505,55
2021-04-19,187365,8025509,35.266065,36.921152,35.266065,36.327018,0.8912,138
2021-04-20,92643,3973255,35.987513,36.496771,35.987513,36.28458,-0.042438,58
2021-04-21,56164,2398393,36.242142,36.496771,36.114828,36.114828,-0.169752,64
2021-04-22,334256,14329332,36.114828,36.921152,35.690447,35.732885,-0.381943,169
2021-04-23,86955,3656996,36.369456,36.411894,35.223627,35.478256,-0.254629,78
2021-04-26,82416,3452165,35.520694,35.902637,35.223627,35.60557,0.127314,86
2021-04-27,74840,3155707,35.60557,36.029951,35.520694,35.860199,0.254629,64
2021-04-28,91427,3857255,35.478256,36.242142,35.478256,35.732885,-0.127314,59
2021-04-29,145292,6157677,35.732885,36.327018,35.648008,36.327018,0.594133,89
2021-05-03,97332,4120480,36.327018,36.496771,35.690447,36.029951,-0.297067,84
2021-05-04,214382,9175483,36.029951,36.666523,35.563132,36.157266,0.127315,177
2021-05-05,33458,1424042,36.157266,36.28458,35.945075,36.157266,0.0,39
2021-05-06,87926,3753433,35.775323,36.454332,35.775323,36.199704,0.042438,58
2021-05-07,50064,2142078,36.411894,36.454332,36.199704,36.327018,0.127314,43
2021-05-10,315872,13609709,36.411894,36.921152,36.327018,36.581647,0.254629,133
2021-05-11,177727,7571691,36.751399,36.836275,35.435818,35.435818,-1.145829,158
2021-05-12,166281,6783160,35.563132,36.242142,33.992922,33.992922,-1.442896,107
2021-05-13,168172,6624173,33.865608,34.332427,32.677341,32.762217,-1.230705,129
2021-05-14,67045,2624566,33.016846,33.441227,33.016846,33.101722,0.339505,51
2021-05-17,152013,5729681,32.93197,32.93197,30.852503,31.276884,-1.824838,70
2021-05-18,57319,2190516,31.404198,33.14416,31.404198,33.101722,1.824838,50
2021-05-19,127274,4863723,32.210522,32.762217,31.828579,32.422712,-0.67901,76
2021-05-20,57300,2168509,32.422712,32.422712,31.913455,32.040769,-0.381943,46
2021-05-21,15051,579374,32.677341,32.762217,32.465151,32.762217,0.721448,15
2021-05-24,28297,1101986,33.101722,33.526103,32.762217,33.186598,0.424381,33
2021-05-25,32607,1289175,33.865608,33.908046,33.186598,33.82317,0.636572,32
2021-05-26,235255,9356875,33.82317,33.82317,33.313913,33.780732,-0.042438,35
2021-05-27,26215,1028652,33.610979,33.610979,33.229036,33.441227,-0.339505,27
2021-05-28,55315,2180049,33.398789,33.780732,33.271475,33.653417,0.21219,45
2021-05-31,18257,724504,33.653417,33.865608,33.526103,33.780732,0.127315,24
2021-06-01,26036,1028818,33.865608,33.865608,33.398789,33.695856,-0.084876,21
2021-06-02,91407,3626243,33.398789,33.82317,33.398789,33.441227,-0.254629,49
2021-06-03,58614,2326389,33.780732,33.865608,33.441227,33.526103,0.084876,45
2021-06-04,24005,952350,33.568541,33.865608,33.229036,33.780732,0.254629,21
2021-06-07,120504,4804356,33.865608,33.865608,33.526103,33.695856,-0.084876,45
2021-06-08,35231,1408686,34.162675,34.162675,33.526103,33.695856,0.0,26
2021-06-09,15017,594770,33.695856,33.695856,33.526103,33.568541,-0.127315,17
2021-06-10,14501,575239,33.526103,33.865608,33.526103,33.82317,0.254629,12
2021-06-11,22003,870768,33.82317,33.865608,33.526103,33.526103,-0.297067,16
2021-06-15,13352,530424,33.780732,33.780732,33.526103,33.526103,0.0,13
2021-06-16,23080,913153,33.526103,33.780732,33.441227,33.483665,-0.042438,26
2021-06-17,39100,1551720,33.441227,33.865608,33.356351,33.865608,0.381943,16
2021-06-18,76967,3020706,33.526103,33.695856,33.016846,33.271475,-0.594133,79
2021-06-21,41141,1614847,33.271475,33.695856,33.059284,33.271475,0.0,41
2021-06-22,213327,8514804,33.610979,34.374865,33.356351,34.247551,0.976076,79
2021-06-23,476080,19775959,34.247551,35.987513,34.247551,35.648008,1.400457,155
2021-06-24,131491,5526752,36.242142,36.242142,35.138751,35.648008,0.0,58
2021-06-25,22328,931812,35.60557,35.690447,35.138751,35.138751,-0.509257,30
2021-06-28,29515,1217441,35.138751,35.39338,34.884123,34.884123,-0.254628,33
2021-06-29,32071,1314284,35.011437,35.011437,34.587056,34.587056,-0.297067,23
2021-06-30,26152,1070365,34.629494,35.563132,34.544618,34.756808,0.169752,37
2021-07-01,31319,1279158,34.799246,35.053875,34.289989,34.71437,-0.042438,35
2021-07-02,49500,2018080,34.71437,34.841684,34.459741,34.459741,-0.254629,37
2021-07-05,77541,3193235,34.71437,35.308504,34.71437,35.308504,0.848763,53
2021-07-06,7364,305293,35.266065,35.266065,35.181189,35.181189,-0.127315,14
2021-07-07,35755,1457888,34.884123,34.884123,34.50218,34.50218,-0.679009,42
2021-07-08,39754,1610178,34.671932,34.756808,34.205113,34.247551,-0.254629,35
2021-07-09,66051,2646757,34.884123,34.884123,33.780732,34.247551,0.0,53
2021-07-12,17261,702064,34.120237,34.799246,34.120237,34.629494,0.381943,25
2021-07-13,32232,1317299,34.459741,34.799246,34.459741,34.544618,-0.084876,32
2021-07-14,22765,940944,34.799246,35.308504,34.799246,35.308504,0.763886,18
2021-07-15,11680,484735,35.138751,35.39338,35.138751,35.39338,0.084876,16
2021-07-16,17033,710619,35.648008,35.690447,35.223627,35.223627,-0.169753,14
2021-07-19,31537,1305790,35.096313,35.308504,34.799246,35.308504,0.084877,25
2021-07-20,19224,795774,35.223627,35.308504,34.968999,35.308504,0.0,16
2021-07-21,45005,1857902,35.053875,35.138751,34.799246,34.799246,-0.509258,28
2021-07-22,44272,1852427,35.435818,35.563132,35.435818,35.478256,0.67901,47
2021-07-23,39721,1680230,35.987513,35.987513,35.690447,35.690447,0.212191,32
2021-07-26,7500,311723,34.884123,35.987513,34.884123,35.053875,-0.636572,11
2021-07-27,7164,296198,35.053875,35.138751,35.053875,35.096313,0.042438,9
2021-07-28,23329,951373,35.563132,35.563132,34.162675,34.544618,-0.551695,22
2021-07-29,16096,655775,34.544618,34.71437,34.459741,34.71437,0.169752,18
2021-07-30,28336,1174254,34.71437,35.39338,34.71437,35.223627,0.509257,24
2021-08-02,23260,952377,35.60557,35.60557,34.544618,34.968999,-0.254628,24
2021-08-03,32034,1313645,34.629494,35.011437,34.629494,34.71437,-0.254629,27
2021-08-04,12475,512643,34.799246,34.926561,34.799246,34.926561,0.212191,17
2021-08-05,24019,981717,35.231026,35.665977,35.231026,35.361512,0.434951,16
2021-08-06,6000,244650,35.274521,35.665977,35.274521,35.665977,0.304465,5
2021-08-09,23268,943099,35.057046,35.405007,34.970056,35.274521,-0.391456,24
2021-08-10,2004,81363,35.318016,35.318016,35.318016,35.318016,0.043495,6
2021-08-11,29000,1183450,35.405007,35.578987,35.318016,35.448502,0.130486,18
2021-08-12,3278,132597,35.100541,35.361512,35.100541,35.361512,-0.08699,8
2021-08-13,22000,894050,35.318016,35.578987,35.274521,35.405007,0.043495,17
2021-08-16,10000,403350,34.535105,35.405007,34.535105,35.318016,-0.086991,7
2021-08-17,12081,489955,35.318016,35.405007,35.187531,35.187531,-0.130485,15
2021-08-18,23391,936473,35.057046,35.187531,34.622095,35.187531,0.0,27
2021-08-19,48210,1936053,35.274521,35.318016,34.5786,34.622095,-0.565436,36
2021-08-20,39000,1578400,35.578987,35.578987,34.622095,35.100541,0.478446,20
2021-08-23,33395,1368374,35.578987,35.796463,35.578987,35.796463,0.695922,30
2021-08-24,11001,453041,35.709472,35.839958,35.709472,35.839958,0.043495,5
2021-08-25,13068,536288,35.839958,35.839958,35.622482,35.665977,-0.173981,7
2021-08-26,23484,952426,35.405007,35.405007,35.231026,35.274521,-0.391456,29
2021-08-27,21042,855855,35.361512,35.535492,35.361512,35.535492,0.260971,15
2021-08-30,23237,948428,35.535492,35.535492,35.318016,35.535492,0.0,17
2021-08-31,10352,426050,35.752967,35.839958,35.752967,35.839958,0.304466,16
2021-09-01,91570,3793227,35.231026,36.318404,35.231026,36.318404,0.478446,53
2021-09-02,1593,66280,36.318404,36.318404,36.318404,36.318404,0.0,6
2021-09-03,51327,2148472,35.752967,36.535879,35.665977,36.274909,-0.043495,38
2021-09-06,1001,41841,36.361899,36.361899,36.361899,36.361899,0.08699,2
2021-09-07,4424,181598,35.839958,35.839958,35.665977,35.665977,-0.695922,7
2021-09-08,40001,1636091,35.665977,35.665977,35.405007,35.448502,-0.217475,15
2021-09-09,7033,286296,35.405007,35.448502,35.405007,35.405007,-0.043495,11
2021-09-10,1504,61427,35.665977,35.665977,35.665977,35.665977,0.26097,6
2021-09-13,2008,82728,35.839958,35.839958,35.839958,35.839958,0.173981,4
2021-09-14,98128,4023372,35.665977,35.709472,35.665977,35.665977,-0.173981,22
2021-09-15,7003,287222,35.665977,35.839958,35.622482,35.839958,0.173981,10
2021-09-16,4247,175127,35.665977,36.013938,35.665977,35.839958,0.0,7
2021-09-17,23004,941062,35.839958,35.970443,35.491997,35.491997,-0.347961,21
2021-09-22,33002,1327879,34.796075,35.144036,34.796075,35.144036,-0.347961,30
2021-09-23,10752,442307,35.491997,36.057433,35.491997,36.057433,0.913397,10
2021-09-24,12574,519569,35.883453,36.100928,35.839958,35.926948,-0.130485,14
2021-09-27,262651,10911681,36.187918,36.535879,36.013938,36.013938,0.08699,80
2021-09-28,172231,7144302,35.839958,36.187918,35.752967,36.100928,0.08699,39
2021-09-29,237338,9811815,36.100928,36.144423,35.274521,35.883453,-0.217475,95
2021-09-30,109709,4543880,35.361512,36.144423,35.361512,35.839958,-0.043495,59
2021-10-01,61002,2496380,35.361512,35.752967,35.361512,35.665977,-0.173981,39
2021-10-04,5007,204386,35.578987,35.578987,35.491997,35.491997,-0.17398,10
2021-10-05,48036,1978882,35.752967,36.057433,35.578987,35.709472,0.217475,41
2021-10-06,34916,1433388,35.752967,35.839958,35.448502,35.448502,-0.26097,26
2021-10-07,624285,25911066,35.839958,36.274909,35.839958,36.057433,0.608931,111
2021-10-08,85009,3527465,36.100928,36.231413,35.970443,35.970443,-0.08699,14
2021-10-12,17043,700004,35.970443,35.970443,35.535492,35.709472,-0.260971,15
2021-10-13,17005,697906,36.057433,36.057433,35.535492,35.796463,0.086991,16
2021-10-14,14343,593065,35.926948,36.013938,35.926948,36.013938,0.217475,13
2021-10-15,52001,2144591,35.752967,36.100928,35.535492,36.100928,0.08699,39
2021-10-18,12812,529389,36.100928,36.100928,35.970443,36.057433,-0.043495,16
2021-10-19,56030,2324035,36.100928,36.100928,36.057433,36.100928,0.043495,27
2021-10-20,128159,5319724,36.013938,36.144423,36.013938,36.057433,-0.043495,59
2021-10-21,49002,2030782,36.013938,36.100928,35.970443,36.013938,-0.043495,25
2021-10-22,8032,332464,36.057433,36.057433,35.970443,35.970443,-0.043495,8
2021-10-25,12486,514931,35.665977,35.970443,35.665977,35.926948,-0.043495,13
2021-10-26,114000,4726050,35.839958,36.100928,35.839958,36.057433,0.130485,37
2021-10-27,19041,788398,35.839958,36.057433,35.839958,35.926948,-0.130485,18
2021-10-28,113,4524,35.839958,36.057433,35.839958,35.926948,0.0,4
2021-10-29,36339,1500321,35.926948,35.926948,35.839958,35.926948,0.0,36
2021-11-01,10035,414471,35.883453,36.057433,35.839958,36.057433,0.130485,13
2021-11-02,26035,1073641,35.839958,35.883453,35.839958,35.839958,-0.217475,10
2021-11-03,26073,1073307,35.752967,35.839958,35.752967,35.839958,0.0,12
2021-11-04,30878,1274691,36.187918,36.187918,35.796463,35.883453,0.043495,23
2021-11-05,29846,1231457,35.665977,36.100928,35.665977,36.100928,0.217475,18
2021-11-08,14954,618862,35.926948,36.100928,35.796463,35.796463,-0.304465,17
2021-11-09,47389,1965070,35.839958,36.100928,35.839958,36.100928,0.304465,23
2021-11-10,17142,709620,36.100928,36.100928,35.752967,35.839958,-0.26097,14
2021-11-11,156658,6506937,36.448889,36.709859,35.839958,36.535879,0.695921,102
2021-11-12,42101,1750200,36.448889,36.448889,36.100928,36.187918,-0.347961,20
2021-11-15,30595,1270263,36.144423,36.274909,35.926948,36.100928,-0.08699,31
2021-11-16,23651,979956,36.448889,36.448889,36.013938,36.144423,0.043495,23
2021-11-17,26496,1100654,35.970443,36.274909,35.970443,36.274909,0.130486,15
2021-11-18,64020,2677615,36.361899,36.492384,36.013938,36.448889,0.17398,32
2021-11-19,29032,1209009,36.448889,36.448889,36.100928,36.144423,-0.304466,22
2021-11-22,28760,1199436,36.231413,36.535879,36.187918,36.492384,0.347961,25
2021-11-23,67919,2851279,36.405394,36.535879,36.405394,36.448889,-0.043495,23
2021-11-24,597246,25351833,36.709859,37.405781,36.535879,36.97083,0.521941,222
2021-11-25,230086,10015890,37.405781,38.275683,36.709859,38.232188,1.261358,164
2021-11-26,238002,10709651,38.449663,39.841506,38.188693,38.319178,0.08699,181
2021-11-29,65452,2834048,38.319178,38.319178,37.231801,37.840732,-0.478446,58
2021-11-30,96869,4230845,37.884227,38.275683,37.666752,37.753742,-0.08699,75
2021-12-01,128080,5569936,37.405781,38.101703,37.405781,38.101703,0.347961,86
2021-12-02,65203,2856217,38.058207,38.275683,37.797237,38.145198,0.043495,58
2021-12-03,61119,2667649,37.710247,38.145198,37.666752,38.014712,-0.130486,34
2021-12-06,34332,1493684,37.797237,38.014712,37.753742,37.840732,-0.17398,28
2021-12-07,46011,1984325,37.753742,37.753742,37.405781,37.405781,-0.434951,38
2021-12-08,16164,698590,37.710247,37.710247,37.492771,37.666752,0.260971,21
2021-12-09,22469,970356,37.797237,37.797237,37.405781,37.536266,-0.130486,28
2021-12-10,23165,994883,37.492771,37.492771,37.231801,37.405781,-0.130485,25
2021-12-13,29154,1252705,37.492771,37.710247,37.231801,37.623256,0.217475,28
2021-12-14,28100,1205050,37.05782,37.405781,37.05782,37.405781,-0.217475,23
2021-12-15,12004,513618,37.101315,37.275296,37.101315,37.275296,-0.130485,15
2021-12-16,11033,470609,37.101315,37.14481,37.101315,37.14481,-0.130486,10
2021-12-17,24593,1048892,37.014325,37.405781,37.014325,37.05782,-0.08699,22
2021-12-20,73000,3105300,37.014325,37.318791,36.927335,36.97083,-0.08699,30
2021-12-21,162811,7086616,36.927335,38.275683,36.927335,37.840732,0.869902,86
2021-12-22,234100,10108920,37.840732,38.188693,37.275296,37.405781,-0.434951,52
2021-12-23,105984,4518387,37.405781,37.405781,36.927335,37.14481,-0.260971,63
2021-12-24,72000,3063450,37.405781,37.405781,36.97083,37.318791,0.173981,28
2021-12-27,156383,6623822,36.97083,37.275296,36.622869,36.840345,-0.478446,138
2021-12-28,213300,9009737,37.101315,37.101315,36.448889,37.05782,0.217475,152
2021-12-29,31630,1343290,36.840345,37.14481,36.753355,37.14481,0.08699,35
2021-12-30,43251,1844016,37.14481,37.188306,37.014325,37.188306,0.043496,25
2022-01-03,37072,1570051,37.014325,37.014325,36.709859,36.840345,-0.347961,34
2022-01-04,26255,1107316,36.753355,36.79685,36.622869,36.709859,-0.130486,23
2022-01-05,30056,1269808,36.622869,36.927335,36.622869,36.927335,0.217476,30
2022-01-06,35249,1485633,37.101315,37.101315,36.579374,36.579374,-0.347961,36
2022-01-07,26474,1115333,36.927335,36.927335,36.535879,36.840345,0.260971,28
2022-01-10,31397,1329610,36.840345,36.88384,36.666364,36.840345,0.0,24
2022-01-11,19601,831891,36.840345,37.05782,36.840345,36.840345,0.0,21
2022-01-12,38759,1651620,36.88384,37.275296,36.840345,37.188306,0.347961,31
2022-01-13,20032,855064,37.188306,37.188306,37.014325,37.101315,-0.086991,19
2022-01-14,29029,1231747,36.840345,37.05782,36.840345,36.97083,-0.130485,25
2022-01-17,15023,637979,36.79685,37.318791,36.79685,37.101315,0.130485,27
2022-01-18,44019,1864306,36.88384,36.88384,36.709859,36.88384,-0.217475,34
2022-01-19,68067,2880077,37.362286,37.362286,36.666364,36.927335,0.043495,24
2022-01-20,16100,682957,36.79685,37.05782,36.79685,36.97083,0.043495,23
2022-01-21,52993,2228359,36.666364,36.927335,36.535879,36.535879,-0.434951,36
2022-01-24,14000,589500,36.405394,37.014325,36.361899,36.753355,0.217476,14
2022-01-25,49117,2053798,36.361899,36.709859,36.231413,36.709859,-0.043496,48
2022-01-26,14000,591650,36.709859,36.927335,36.709859,36.840345,0.130486,11
2022-02-07,31230,1316076,36.579374,37.101315,36.535879,37.101315,0.26097,40
2022-02-08,2071,88008,36.97083,36.97083,36.97083,36.97083,-0.130485,8
2022-02-09,56577,2417750,36.666364,37.362286,36.666364,37.275296,0.304466,64
2022-02-10,27039,1149003,36.88384,37.05782,36.88384,37.05782,-0.217476,31
2022-02-11,61590,2610272,36.753355,36.88384,36.753355,36.79685,-0.26097,19
2022-02-14,16013,674940,37.275296,37.275296,36.535879,36.753355,-0.043495,27
2022-02-15,51001,2151644,36.709859,36.753355,36.579374,36.753355,0.0,25
2022-02-16,37213,1585001,37.14481,37.14481,36.579374,37.14481,0.391455,40
2022-02-17,7770,329396,36.840345,37.101315,36.709859,37.101315,-0.043495,29
2022-02-18,9505,403484,36.88384,37.101315,36.79685,37.101315,0.0,14
2022-02-21,21046,891819,36.753355,37.05782,36.753355,37.05782,-0.043495,36
2022-02-22,29105,1231227,36.753355,37.05782,36.709859,37.05782,0.0,32
2022-02-23,68787,2921220,36.97083,37.05782,36.753355,37.014325,-0.043495,34
2022-02-24,32043,1352812,36.666364,37.05782,36.666364,36.840345,-0.17398,35
2022-02-25,18019,761353,36.709859,36.840345,36.709859,36.840345,0.0,20
2022-03-01,35560,1510282,37.188306,37.188306,36.753355,37.101315,0.26097,48
2022-03-02,86884,3704069,37.14481,37.362286,36.88384,37.362286,0.260971,46
2022-03-03,28195,1202175,37.405781,37.405781,37.05782,37.101315,-0.260971,16
2022-03-04,16002,680434,36.79685,37.275296,36.79685,37.231801,0.130486,17
2022-03-07,63720,2681990,36.448889,37.188306,36.448889,37.188306,-0.043495,63
2022-03-08,31013,1307553,36.88384,36.88384,36.535879,36.579374,-0.608932,36
2022-03-09,26132,1097981,36.448889,36.709859,36.448889,36.579374,0.0,34
2022-03-10,27118,1149484,36.622869,36.97083,36.622869,36.97083,0.391456,36
2022-03-11,30229,1275464,36.709859,36.79685,36.622869,36.622869,-0.347961,65
2022-03-14,52004,2203474,36.622869,37.05782,36.622869,37.05782,0.434951,32
2022-03-15,30211,1282474,36.840345,37.014325,36.840345,36.927335,-0.130485,29
2022-03-16,61067,2602592,36.927335,37.362286,36.88384,37.101315,0.17398,58
2022-03-17,157086,6753274,37.318791,37.492771,37.231801,37.405781,0.304466,86
2022-03-18,49144,2100797,37.405781,37.405781,37.14481,37.14481,-0.260971,38
2022-03-21,33257,1425954,37.14481,37.405781,37.14481,37.188306,0.043496,72
2022-03-22,39003,1654282,37.188306,37.188306,36.709859,36.97083,-0.217476,33
2022-03-23,60007,2559597,36.97083,37.231801,36.97083,37.231801,0.260971,52
2022-03-24,97030,4111977,36.840345,37.231801,36.622869,36.79685,-0.434951,74
2022-03-25,78378,3305326,36.666364,36.840345,36.622869,36.79685,0.0,53
2022-03-28,65676,2757827,36.535879,36.709859,36.492384,36.579374,-0.217476,45
2022-03-29,223055,9329889,36.535879,36.753355,36.231413,36.318404,-0.26097,88
2022-03-30,133987,5622951,36.318404,36.927335,36.231413,36.927335,0.608931,94
2022-03-31,24618,1037142,36.622869,36.79685,36.535879,36.79685,-0.130485,30
2022-04-01,50148,2110127,36.709859,36.753355,36.535879,36.579374,-0.217476,85
2022-04-06,25144,1055440,36.448889,36.579374,36.448889,36.579374,0.0,30
2022-04-07,74415,3121975,36.448889,36.579374,36.405394,36.579374,0.0,57
2022-04-08,18050,759101,36.579374,36.666364,36.535879,36.666364,0.08699,20
2022-04-11,86000,3614450,36.666364,36.709859,36.492384,36.535879,-0.130485,55
2022-04-12,43277,1817493,36.492384,36.579374,36.492384,36.535879,0.0,29
2022-04-13,98573,4159354,36.622869,37.231801,36.535879,37.101315,0.565436,84
2022-04-14,10464,442159,36.79685,36.79685,36.753355,36.753355,-0.34796,16
2022-04-15,57201,2405881,36.753355,36.753355,36.535879,36.579374,-0.173981,38
2022-04-18,84150,3543309,36.535879,36.97083,36.448889,36.840345,0.260971,62
2022-04-19,15019,633296,36.709859,36.709859,36.666364,36.666364,-0.173981,18
2022-04-20,52050,2200300,36.666364,37.05782,36.622869,36.622869,-0.043495,37
2022-04-21,86733,3655998,36.927335,36.927335,36.622869,36.666364,0.043495,72
2022-04-22,88272,3715318,36.535879,36.666364,36.535879,36.622869,-0.043495,65
2022-04-25,89101,3728522,36.405394,36.492384,36.361899,36.361899,-0.26097,52
2022-04-26,31010,1297317,36.361899,36.405394,36.361899,36.405394,0.043495,22
2022-04-27,86988,3622078,36.274909,36.448889,36.100928,36.187918,-0.217476,67
2022-04-28,23001,958891,36.405394,36.405394,36.187918,36.231413,0.043495,13
2022-04-29,22004,919815,36.231413,36.448889,36.231413,36.448889,0.217476,17
2022-05-03,46713,1958870,36.274909,36.579374,36.274909,36.535879,0.08699,38
2022-05-04,28006,1176050,36.535879,36.535879,36.492384,36.535879,0.0,17
2022-05-05,117361,4940178,36.535879,36.666364,36.535879,36.622869,0.08699,75
2022-05-06,65112,2724612,36.361899,36.492384,36.361899,36.405394,-0.217475,39
2022-05-09,106133,4414742,36.274909,36.318404,36.100928,36.144423,-0.260971,54
2022-05-10,69158,2870290,35.970443,36.361899,35.970443,36.144423,0.0,25
2022-05-11,30041,1246501,35.970443,36.361899,35.970443,36.361899,0.217476,24
2022-05-12,39845,1646593,36.057433,36.187918,35.839958,36.187918,-0.173981,30
2022-05-13,21091,881113,36.448889,36.448889,36.231413,36.231413,0.043495,26
2022-05-16,109389,4572161,36.492384,36.535879,36.100928,36.361899,0.130486,84
2022-05-17,72045,3016340,36.492384,36.492384,36.318404,36.405394,0.043495,51
2022-05-18,100001,4165891,36.274909,36.405394,36.057433,36.231413,-0.173981,80
2022-05-19,19601,808390,35.796463,35.970443,35.796463,35.883453,-0.34796,25
2022-05-20,7318,305375,36.187918,36.361899,36.187918,36.361899,0.478446,11
2022-05-23,22311,926946,36.187918,36.318404,36.100928,36.100928,-0.260971,21
2022-05-24,5171,213953,35.883453,36.057433,35.883453,36.057433,-0.043495,9
2022-05-25,32503,1354623,36.231413,36.361899,36.144423,36.361899,0.304466,34
2022-05-26,11137,465584,36.361899,36.448889,36.231413,36.361899,0.0,20
2022-05-27,23021,964523,36.405394,36.448889,36.405394,36.448889,0.08699,22
2022-05-30,53429,2236277,36.492384,36.492384,36.361899,36.361899,-0.08699,51
2022-05-31,229396,9630545,36.361899,36.622869,36.318404,36.492384,0.130485,92
2022-06-01,102043,4284402,36.492384,36.535879,36.405394,36.492384,0.0,18
2022-06-02,6117,255504,36.492384,36.492384,36.231413,36.492384,0.0,9
2022-06-06,41003,1708224,36.274909,36.405394,36.187918,36.187918,-0.304466,21
2022-06-07,12024,498211,35.970443,36.187918,35.970443,36.057433,-0.130485,16
2022-06-08,44003,1831173,36.187918,36.361899,36.100928,36.100928,0.043495,35
2022-06-09,11065,460613,35.970443,36.318404,35.970443,36.100928,0.0,11
2022-06-10,23776,988192,35.926948,36.318404,35.926948,36.318404,0.217476,23
2022-06-13,71733,2958522,35.970443,35.970443,35.796463,35.839958,-0.478446,111
2022-06-14,8228,338273,35.796463,35.839958,35.709472,35.839958,0.0,15
2022-06-15,79766,3322897,35.926948,36.361899,35.926948,36.318404,0.478446,75
2022-06-16,26168,1088612,36.318404,36.318404,36.013938,36.274909,-0.043495,26
2022-06-17,15140,626831,35.883453,36.231413,35.883453,36.231413,-0.043496,18
2022-06-20,18203,752842,36.231413,36.274909,35.883453,36.100928,-0.130485,21
2022-06-21,113432,4740425,36.361899,36.492384,36.144423,36.405394,0.304466,90
2022-06-22,25665,1067496,36.231413,36.405394,35.970443,36.057433,-0.347961,29
2022-06-23,95675,3999392,36.274909,36.535879,36.187918,36.318404,0.260971,79
2022-06-24,138359,5795369,36.448889,36.535879,36.144423,36.448889,0.130485,123
2022-06-27,244051,10216376,36.448889,36.492384,36.318404,36.361899,-0.08699,107
2022-06-28,35001,1458591,36.405394,36.405394,36.187918,36.231413,-0.130486,22
2022-06-29,18904,779277,35.752967,36.187918,35.752967,36.187918,-0.043495,26
2022-06-30,67700,2793338,35.926948,35.970443,35.796463,35.796463,-0.391455,46
2022-07-01,66133,2738514,36.361899,36.361899,35.752967,35.796463,0.0,62
2022-07-04,33162,1375057,35.839958,36.187918,35.839958,36.144423,0.34796,36
2022-07-05,43203,1801287,36.361899,36.361899,36.013938,36.144423,0.0,42
2022-07-06,66314,2726067,35.926948,35.926948,35.665977,35.709472,-0.434951,40
2022-07-07,26675,1099223,35.665977,36.057433,35.622482,35.752967,0.043495,26
2022-07-08,27001,1114141,35.839958,36.144423,35.839958,35.883453,0.130486,23
2022-07-11,46032,1895661,35.839958,35.926948,35.709472,35.709472,-0.173981,36
2022-07-12,45330,1842871,35.405007,35.665977,35.231026,35.274521,-0.434951,44
2022-07-13,54034,2196939,35.231026,35.709472,35.057046,35.491997,0.217476,55
2022-07-14,109079,4400989,35.231026,35.318016,34.926561,34.926561,-0.565436,62
2022-07-15,53006,2136892,34.926561,35.187531,34.926561,34.970056,0.043495,35
2022-07-18,46289,1861917,34.970056,35.231026,34.926561,35.013551,0.043495,40
2022-07-19,20002,805480,35.013551,35.144036,34.970056,35.013551,0.0,20
2022-07-20,63838,2578378,35.013551,35.361512,34.970056,35.013551,0.0,94
2022-07-21,4493,181132,35.013551,35.231026,35.013551,35.057046,0.043495,10
2022-07-22,22757,915124,34.926561,35.057046,34.926561,34.970056,-0.08699,26
2022-07-25,4403,177660,35.013551,35.231026,35.013551,35.100541,0.130485,8
2022-07-26,1277,51712,35.231026,35.231026,35.231026,35.231026,0.130485,36
2022-07-27,5333,215826,35.187531,35.274521,35.187531,35.274521,0.043495,12
2022-07-28,24711,997315,35.274521,35.274521,35.057046,35.187531,-0.08699,16
2022-07-29,25028,1011582,35.318016,35.361512,35.144036,35.144036,-0.043495,16
2022-08-01,21000,850950,35.144036,35.361512,35.144036,35.361512,0.217476,13
2022-08-02,12000,486950,35.187531,35.491997,35.187531,35.318016,-0.043496,12
2022-08-03,28370,1150927,35.231026,35.535492,35.144036,35.231026,-0.08699,31
2022-08-04,55727,2243530,35.057046,35.144036,34.926561,35.100541,-0.130485,37
2022-08-05,82012,3323731,35.318016,35.448502,35.144036,35.405007,0.304466,38
2022-08-08,35051,1427837,35.405007,35.622482,35.318016,35.448502,0.043495,32
2022-08-09,27072,1104894,35.491997,35.578987,35.448502,35.535492,0.08699,46
2022-08-10,85193,3471991,35.318016,35.665977,35.274521,35.405007,-0.130485,71
2022-08-11,32387,1295699,35.62796,35.717141,35.62796,35.717141,0.312134,41
2022-08-12,35013,1416530,36.118458,36.207639,35.940095,36.207639,0.490498,33
2022-08-15,32101,1308040,36.25223,36.564365,36.207639,36.386002,0.178363,29
2022-08-16,21001,855790,36.341411,36.564365,36.29682,36.29682,-0.089182,14
2022-08-17,38000,1542550,36.341411,36.341411,35.940095,36.029276,-0.267544,37
2022-08-18,19064,775245,36.25223,36.341411,36.207639,36.207639,0.178363,19
2022-08-19,28104,1146028,36.207639,36.519774,36.207639,36.519774,0.312135,36
2022-08-22,61139,2513101,36.519774,37.188634,36.430593,36.564365,0.044591,57
2022-08-23,40971,1668103,36.475183,36.519774,36.25223,36.25223,-0.312135,33
2022-08-24,21017,855088,36.386002,36.386002,36.25223,36.25223,0.0,17
2022-08-25,44054,1799411,36.341411,36.876499,36.29682,36.29682,0.04459,37
2022-08-26,103170,4219320,36.519774,36.742727,36.25223,36.25223,-0.04459,78
2022-08-29,123634,4988857,36.163048,36.163048,35.850914,35.940095,-0.312135,119
2022-08-30,37063,1500359,35.984686,36.386002,35.940095,36.25223,0.312135,32
2022-08-31,47201,1914669,36.118458,36.25223,36.073867,36.163048,-0.089182,34
2022-09-01,112439,4526247,35.940095,35.984686,35.806323,35.940095,-0.222953,76
2022-09-02,85632,3434180,35.895504,35.895504,35.672551,35.806323,-0.133772,82
2022-09-05,27113,1088632,35.895504,35.895504,35.672551,35.672551,-0.133772,32
2022-09-06,37289,1492922,35.761732,35.806323,35.672551,35.806323,0.133772,25
2022-09-07,118297,4726542,35.761732,35.761732,35.494188,35.583369,-0.222954,105
2022-09-08,53098,2119023,35.672551,35.717141,35.449597,35.672551,0.089182,34
2022-09-12,126671,5064584,35.761732,35.806323,35.449597,35.672551,0.0,156
2022-09-13,44660,1787467,35.672551,35.761732,35.672551,35.672551,0.0,41
2022-09-14,44203,1764350,35.62796,35.672551,35.449597,35.494188,-0.178363,38
2022-09-15,95106,3787180,35.494188,35.672551,35.449597,35.62796,0.133772,68
2022-09-16,30137,1198954,35.583369,35.583369,35.449597,35.494188,-0.133772,37
2022-09-19,38020,1514544,35.538779,35.62796,35.449597,35.494188,0.0,33
2022-09-20,117050,4641625,35.583369,35.583369,35.226644,35.315825,-0.178363,80
2022-09-21,167988,6722322,35.984686,36.073867,35.271235,35.271235,-0.04459,175
2022-09-22,85461,3366856,35.226644,35.315825,34.9591,35.182053,-0.089182,68
2022-09-23,54223,2144604,35.449597,35.449597,35.182053,35.182053,0.0,41
2022-09-26,110582,4303640,35.048281,35.226644,34.33483,34.33483,-0.847223,80
2022-09-27,32242,1252820,34.379421,34.736146,34.379421,34.691556,0.356726,37
2022-09-28,54678,2113316,34.646965,34.736146,34.33483,34.513193,-0.178363,47
2022-09-29,28770,1114135,34.869918,34.869918,34.424012,34.646965,0.133772,34
2022-09-30,89021,3437412,34.602374,34.602374,34.111877,34.245649,-0.401316,46
2022-10-03,13092,502844,34.156467,34.33483,34.156467,34.33483,0.089181,18
2022-10-04,16003,619414,34.33483,34.736146,34.33483,34.424012,0.089182,18
2022-10-05,37001,1430888,34.379421,34.736146,34.379421,34.424012,0.0,29
2022-10-06,56130,2166509,34.468602,34.691556,34.33483,34.33483,-0.089182,28
2022-10-07,35004,1348603,34.513193,34.557784,34.33483,34.424012,0.089182,17
2022-10-11,76681,2951464,34.736146,34.736146,34.111877,34.290239,-0.133773,32
2022-10-12,37001,1423438,34.33483,34.424012,34.245649,34.33483,0.044591,12
2022-10-13,75790,2913350,34.33483,34.602374,34.022695,34.022695,-0.312135,52
2022-10-14,24032,932083,34.424012,34.780737,34.379421,34.602374,0.579679,25
2022-10-17,58064,2251335,34.379421,34.869918,34.33483,34.468602,-0.133772,41
2022-10-18,16134,636176,34.557784,35.449597,34.557784,34.9591,0.490498,20
2022-10-19,48097,1870207,34.557784,34.9591,34.424012,34.869918,-0.089182,49
2022-10-20,22055,852715,34.468602,34.691556,34.424012,34.424012,-0.445906,26
2022-10-21,43011,1659629,34.424012,34.602374,34.33483,34.424012,0.0,21
2022-10-24,77004,2995304,34.780737,34.914509,34.424012,34.780737,0.356725,59
2022-10-25,74048,2890080,34.780737,34.9591,34.513193,34.869918,0.089181,60
2022-10-26,32844,1286521,34.914509,35.226644,34.691556,34.691556,-0.178362,37
2022-10-27,230463,8931039,34.691556,34.869918,34.379421,34.379421,-0.312135,116
2022-10-28,55035,2119647,34.557784,34.557784,34.156467,34.156467,-0.222954,30
2022-10-31,70501,2704612,34.290239,34.33483,34.067286,34.067286,-0.089181,42
2022-11-01,24804,952529,34.290239,34.33483,34.111877,34.156467,0.089181,27
2022-11-02,28122,1075586,34.201058,34.245649,33.978105,33.978105,-0.178362,27
2022-11-03,273742,10292919,33.978105,33.978105,33.175472,33.309244,-0.668861,149
2022-11-04,115524,4309714,33.220063,33.443016,33.175472,33.309244,0.0,78
2022-11-07,41119,1539863,33.353835,33.710561,33.353835,33.353835,0.044591,31
2022-11-08,180336,6759649,34.290239,34.290239,33.264654,33.398426,0.044591,119
2022-11-09,105995,3987863,33.443016,33.799742,33.443016,33.443016,0.04459,70
2022-11-10,89102,3358124,33.532198,33.799742,33.487607,33.799742,0.356726,46
2022-11-11,119351,4596426,34.33483,34.468602,34.245649,34.379421,0.579679,100
2022-11-14,126092,4869851,34.513193,34.602374,34.33483,34.513193,0.133772,85
2022-11-15,81642,3149349,34.424012,34.513193,34.33483,34.379421,-0.133772,69
2022-11-16,44444,1698072,34.33483,34.379421,33.888923,33.888923,-0.490498,48
2022-11-17,21207,812546,34.245649,34.245649,33.978105,34.201058,0.312135,22
2022-11-18,128206,4918411,34.156467,34.468602,34.067286,34.067286,-0.133772,82
2022-11-21,13003,496314,34.067286,34.156467,33.978105,34.156467,0.089181,14
2022-11-22,50330,1921019,34.201058,34.201058,33.933514,33.978105,-0.178362,52
2022-11-23,36063,1384991,34.201058,34.379421,34.111877,34.156467,0.178362,39
2022-11-24,203183,7905863,34.513193,34.869918,34.468602,34.691556,0.535089,124
2022-11-25,64056,2493675,34.691556,34.825328,34.602374,34.646965,-0.044591,36
2022-11-28,122192,4744890,34.914509,34.914509,34.468602,34.646965,0.0,78
2022-11-29,92005,3571542,34.736146,34.736146,34.557784,34.691556,0.044591,48
2022-11-30,190528,7409305,34.691556,34.869918,34.513193,34.869918,0.178362,105
2022-12-01,66413,2603997,34.869918,35.182053,34.825328,35.00369,0.133772,52
2022-12-02,45118,1769968,35.00369,35.092872,34.869918,35.00369,0.0,41
2022-12-05,54530,2139455,34.914509,35.137463,34.914509,35.048281,0.044591,66
2022-12-06,31207,1224574,35.048281,35.048281,34.869918,35.00369,-0.044591,16
2022-12-07,48152,1884932,35.00369,35.048281,34.602374,34.869918,-0.133772,29
2022-12-08,33026,1288209,34.602374,34.914509,34.602374,34.691556,-0.178362,23
2022-12-09,123314,4894542,35.137463,35.850914,35.137463,35.405007,0.713451,103
2022-12-12,118952,4763434,35.494188,36.029276,35.360416,35.895504,0.490497,103
2022-12-13,82071,3331267,36.118458,36.430593,35.940095,36.430593,0.535089,62
2022-12-14,166652,6841344,36.519774,36.92109,36.386002,36.831909,0.401316,114
2022-12-15,73881,3039281,36.965681,36.965681,36.564365,36.608955,-0.222954,55
2022-12-16,93008,3770427,36.163048,36.341411,35.895504,35.895504,-0.713451,78
2022-12-19,76201,3057961,35.672551,36.073867,35.583369,35.940095,0.044591,44
2022-12-20,49242,1967825,35.761732,35.761732,35.494188,35.672551,-0.267544,31
2022-12-21,13870,554374,35.672551,35.672551,35.583369,35.583369,-0.089182,17
2022-12-22,20701,828530,35.672551,35.850914,35.62796,35.850914,0.267545,21
2022-12-23,21002,835479,35.62796,35.62796,35.405007,35.538779,-0.312135,21
2022-12-26,35004,1396410,35.405007,35.672551,35.405007,35.583369,0.04459,10
2022-12-27,15103,604176,35.62796,35.850914,35.62796,35.850914,0.267545,12
2022-12-28,16001,638741,35.895504,35.895504,35.494188,35.538779,-0.312135,15
2022-12-29,26368,1052732,35.717141,35.717141,35.583369,35.583369,0.04459,23
2022-12-30,30169,1206874,35.717141,35.717141,35.672551,35.717141,0.133772,23
2023-01-03,21326,851451,35.583369,35.717141,35.538779,35.62796,-0.089181,31
2023-01-04,9201,367679,35.494188,35.761732,35.494188,35.761732,0.133772,10
2023-01-05,79802,3189179,35.984686,36.073867,35.449597,35.672551,-0.089181,73
2023-01-06,22104,884708,35.62796,35.806323,35.62796,35.806323,0.133772,36
2023-01-09,40015,1610405,36.073867,36.073867,35.850914,35.850914,0.044591,22
2023-01-10,45107,1801623,35.583369,35.895504,35.583369,35.761732,-0.089182,28
2023-01-11,28961,1155896,35.850914,35.850914,35.449597,35.538779,-0.222953,25
2023-01-12,109267,4342702,35.583369,35.62796,35.226644,35.449597,-0.089182,72
2023-01-13,35132,1397641,35.494188,35.538779,35.315825,35.494188,0.044591,26
2023-01-16,19007,759780,35.583369,35.717141,35.583369,35.672551,0.178363,20
2023-01-17,33206,1331587,35.672551,35.895504,35.672551,35.895504,0.222953,34
2023-01-30,38117,1538330,36.073867,36.163048,35.850914,35.850914,-0.04459,50
2023-01-31,18003,726170,35.761732,36.073867,35.761732,35.984686,0.133772,16
2023-02-01,37009,1497596,35.984686,36.386002,35.940095,36.386002,0.401316,41
2023-02-02,21124,861297,36.341411,36.430593,36.341411,36.341411,-0.044591,39
2023-02-03,26064,1057624,36.29682,36.341411,36.118458,36.341411,0.0,33
2023-02-06,39157,1588677,36.163048,36.29682,36.118458,36.29682,-0.044591,40
2023-02-07,18336,747025,36.475183,36.475183,36.25223,36.386002,0.089182,27
2023-02-08,15527,631921,36.163048,36.341411,36.163048,36.341411,-0.044591,43
2023-02-09,14017,569131,36.118458,36.29682,36.118458,36.29682,-0.044591,29
2023-02-10,30040,1221378,36.163048,36.475183,36.073867,36.475183,0.178363,35
2023-02-13,36130,1468332,36.475183,36.475183,36.163048,36.29682,-0.178363,36
2023-02-14,47847,1944527,36.386002,36.430593,36.207639,36.207639,-0.089181,18
2023-02-15,175272,7017383,35.226644,36.073867,35.226644,36.073867,-0.133772,110
2023-02-16,31183,1264838,36.118458,36.341411,36.073867,36.29682,0.222953,38
2023-02-17,65089,2646599,36.029276,36.475183,36.029276,36.29682,0.0,63
2023-02-20,45609,1861019,36.29682,36.519774,36.29682,36.475183,0.178363,71
2023-02-21,83190,3402872,36.29682,36.564365,36.25223,36.564365,0.089182,65
2023-02-22,24669,1002488,36.118458,36.430593,36.118458,36.29682,-0.267545,63
2023-02-23,112545,4608995,36.386002,36.653546,36.386002,36.564365,0.267545,70
2023-02-24,75499,3089270,36.430593,36.564365,36.341411,36.564365,0.0,47
2023-03-01,66753,2739262,36.564365,36.742727,36.519774,36.698137,0.133772,65
2023-03-02,120063,4958001,36.876499,36.965681,36.608955,36.831909,0.133772,70
2023-03-03,110232,4589797,36.876499,37.277816,36.876499,37.099453,0.267544,85
2023-03-06,87138,3655692,37.144044,37.58995,37.144044,37.366997,0.267544,72
2023-03-07,16435,687922,37.277816,37.411588,37.233225,37.411588,0.044591,34
2023-03-08,42026,1765148,37.277816,37.54536,37.277816,37.54536,0.133772,47
2023-03-09,92309,3865326,37.500769,37.723722,37.099453,37.411588,-0.133772,56
2023-03-10,63210,2616622,37.099453,37.233225,36.742727,37.010271,-0.401317,71
2023-03-13,51024,2099364,36.653546,36.965681,36.475183,36.965681,-0.04459,57
2023-03-14,62022,2544512,36.653546,36.653546,36.475183,36.608955,-0.356726,39
2023-03-15,51262,2100391,36.653546,36.653546,36.386002,36.475183,-0.133772,84
2023-03-16,25144,1026589,36.475183,36.564365,36.25223,36.386002,-0.089181,77
2023-03-17,37055,1519201,36.430593,36.653546,36.430593,36.564365,0.178363,36
2023-03-20,89054,3645974,36.742727,36.831909,36.386002,36.787318,0.222953,95
2023-03-21,29264,1207761,36.831909,36.876499,36.742727,36.831909,0.044591,77
2023-03-22,82202,3392532,36.831909,36.876499,36.698137,36.876499,0.04459,57
2023-03-23,65171,2692429,36.742727,36.92109,36.742727,36.876499,0.0,88
2023-03-24,11472,472819,36.876499,36.876499,36.653546,36.876499,0.0,42
2023-03-27,44222,1832633,36.787318,37.010271,36.787318,36.965681,0.089182,52
2023-03-28,100282,4143969,36.876499,37.010271,36.742727,36.831909,-0.133772,43
2023-03-29,42152,1746855,36.876499,37.010271,36.876499,36.965681,0.133772,28
2023-03-30,52108,2157800,36.965681,37.010271,36.831909,36.965681,0.0,31
2023-03-31,97075,4021846,37.010271,37.054862,36.876499,36.92109,-0.044591,47
2023-04-06,88070,3647938,36.742727,36.965681,36.742727,36.965681,0.044591,35
2023-04-07,46523,1928211,37.010271,37.010271,36.92109,36.965681,0.0,26
2023-04-10,206533,8344617,35.717141,36.25223,35.538779,36.118458,-0.847223,149
2023-04-11,73617,2990709,36.25223,36.386002,36.118458,36.207639,0.089181,43
2023-04-12,139655,5651395,36.207639,36.29682,35.984686,36.118458,-0.089181,51
2023-04-13,88066,3575076,36.341411,36.341411,36.118458,36.25223,0.133772,43
2023-04-14,120005,4876156,36.341411,36.386002,36.207639,36.29682,0.04459,52
2023-04-17,137451,5577685,36.341411,36.341411,36.073867,36.163048,-0.133772,67
2023-04-18,121019,4909622,36.25223,36.29682,36.118458,36.118458,-0.04459,40
2023-04-19,127300,5148244,36.118458,36.163048,35.984686,35.984686,-0.133772,50
2023-04-20,226080,9107718,35.895504,36.073867,35.850914,35.940095,-0.044591,40
2023-04-21,181455,7320044,35.984686,36.073867,35.895504,35.940095,0.0,42
2023-04-24,34180,1380869,36.029276,36.029276,36.029276,36.029276,0.089181,10
2023-04-25,25333,1024884,36.475183,36.475183,35.940095,35.984686,-0.04459,26
2023-04-26,69180,2802848,36.25223,36.430593,35.940095,36.341411,0.356725,50
2023-04-27,50140,2030794,36.29682,36.341411,36.073867,36.118458,-0.222953,25
2023-04-28,36178,1470318,36.29682,36.386002,36.118458,36.118458,0.0,32
2023-05-02,20607,835984,36.118458,36.25223,36.073867,36.25223,0.133772,21
2023-05-03,100372,4061349,36.25223,36.25223,35.850914,36.163048,-0.089182,77
2023-05-04,23260,942961,35.940095,36.163048,35.940095,36.163048,0.0,10
2023-05-05,7368,299254,36.207639,36.29682,36.207639,36.25223,0.089182,10
2023-05-08,39900,1625603,36.25223,36.430593,36.25223,36.29682,0.04459,38
2023-05-09,33321,1352377,36.29682,36.386002,36.073867,36.118458,-0.178362,32
2023-05-10,24996,1015238,36.386002,36.430593,36.118458,36.207639,0.089181,25
2023-05-11,73320,2968951,36.029276,36.207639,36.029276,36.118458,-0.089181,27
2023-05-12,12101,489443,36.029276,36.207639,36.029276,36.207639,0.089181,13
2023-05-15,51207,2081451,36.207639,36.29682,36.207639,36.29682,0.089181,22
2023-05-16,108505,4460554,36.29682,37.277816,36.29682,36.742727,0.445907,95
2023-05-17,153347,6376525,36.742727,37.456178,36.742727,37.277816,0.535089,164
2023-05-18,50048,2075895,36.965681,37.099453,36.742727,36.92109,-0.356726,50
2023-05-19,47366,1959370,37.010271,37.010271,36.787318,36.92109,0.0,58
2023-05-22,89414,3680866,36.831909,36.92109,36.564365,36.608955,-0.312135,96
2023-05-23,108002,4455682,36.876499,37.144044,36.698137,36.831909,0.222954,58
2023-05-24,104431,4309677,36.653546,37.366997,36.608955,37.366997,0.535088,86
2023-05-25,29251,1207789,37.099453,37.099453,36.653546,36.653546,-0.713451,31
2023-05-26,59200,2438150,36.698137,37.054862,36.564365,36.92109,0.267544,44
2023-05-29,22634,934174,36.92109,36.92109,36.787318,36.787318,-0.133772,19
2023-05-30,72034,2967151,36.831909,37.010271,36.564365,36.92109,0.133772,41
2023-05-31,67397,2811400,37.010271,37.322406,36.831909,37.322406,0.401316,60
2023-06-01,12111,503239,37.277816,37.277816,36.831909,36.92109,-0.401316,14
2023-06-02,134616,5587175,36.92109,37.144044,36.876499,37.144044,0.222954,62
2023-06-05,12002,495982,37.144044,37.144044,36.787318,36.787318,-0.356726,10
2023-06-06,299317,12576322,36.965681,37.946676,36.965681,37.456178,0.66886,155
2023-06-07,508780,21656563,37.634541,38.347992,37.456178,38.125039,0.668861,262
2023-06-08,121632,5145798,38.125039,38.347992,37.58995,37.58995,-0.535089,105
2023-06-09,2602511,119610063,38.526355,41.335568,38.526355,41.335568,3.745618,1440
2023-06-12,1231645,56248714,42.628698,42.628698,39.106034,39.685713,-1.649855,925
2023-06-13,266376,11737372,39.373578,39.685713,39.106034,39.50735,-0.178363,242
2023-06-14,302964,13220510,39.997848,39.997848,38.660127,38.972262,-0.535088,249
2023-06-15,161907,7034715,38.660127,39.239806,38.570946,39.106034,0.133772,160
2023-06-16,252535,11163488,39.239806,39.819485,38.660127,39.551941,0.445907,178
2023-06-19,164142,7216998,39.908666,39.953257,38.749308,38.749308,-0.802633,129
2023-06-20,75875,3312008,38.972262,39.061443,38.793899,38.793899,0.044591,69
2023-06-21,69501,3049377,38.793899,39.373578,38.615536,39.373578,0.579679,91
2023-06-26,77502,3373570,39.106034,39.328987,38.437173,38.704718,-0.66886,69
2023-06-27,124672,5443703,38.615536,39.150625,38.526355,39.150625,0.445907,84
2023-06-28,37473,1638907,39.150625,39.195215,38.749308,38.793899,-0.356726,50
2023-06-29,101404,4415351,38.793899,39.150625,38.570946,38.570946,-0.222953,70
2023-06-30,136206,5903005,38.570946,38.83849,38.570946,38.704718,0.133772,45
2023-07-03,72233,3121142,38.704718,38.793899,38.347992,38.749308,0.04459,53
2023-07-04,100902,4346172,38.570946,38.615536,38.258811,38.570946,-0.178362,95
2023-07-05,634694,27645703,38.83849,39.328987,38.749308,38.793899,0.222953,110
2023-07-06,131591,5682921,38.793899,38.793899,38.347992,38.570946,-0.222953,94
2023-07-07,105651,4556850,38.570946,38.793899,38.21422,38.570946,0.0,99
2023-07-10,105503,4540913,38.347992,38.704718,37.991267,38.526355,-0.044591,86
2023-07-11,88817,3866084,38.615536,38.972262,38.615536,38.793899,0.267544,54
2023-07-12,68899,2989674,38.615536,38.927671,38.615536,38.704718,-0.089181,49
2023-07-13,29261,1272528,38.749308,38.88308,38.704718,38.704718,0.0,65
2023-07-14,38066,1660071,38.704718,39.061443,38.704718,39.061443,0.356725,31
2023-07-17,29753,1296893,39.106034,39.106034,38.749308,38.927671,-0.133772,21
2023-07-18,75145,3260042,38.704718,38.927671,38.615536,38.704718,-0.222953,43
2023-07-19,49280,2142694,38.615536,39.016852,38.615536,39.016852,0.312134,56
2023-07-20,23000,1003050,38.927671,38.972262,38.615536,38.927671,-0.089181,17
2023-07-21,86001,3766394,39.195215,39.239806,38.793899,39.016852,0.089181,58
2023-07-24,373074,16473918,39.150625,39.685713,39.061443,39.418169,0.401317,269
2023-07-25,349655,15845126,39.685713,41.112615,39.685713,40.622117,1.203948,274
2023-07-26,132248,5956331,41.246387,41.246387,39.150625,39.551941,-1.070176,112
2023-07-27,117789,5323901,39.997848,40.622117,39.953257,40.577527,1.025586,122
2023-07-28,89604,4034093,40.934252,40.934252,39.864076,40.042438,-0.535089,68
2023-07-31,147157,6705934,40.309982,40.978843,40.13162,40.399164,0.356726,119
2023-08-01,165437,7369455,40.399164,40.399164,39.418169,39.418169,-0.980995,114
2023-08-02,57794,2553636,39.462759,39.551941,39.328987,39.462759,0.04459,59
2023-08-04,33259,1471408,39.685713,39.685713,39.373578,39.641122,0.178363,34
2023-08-07,14118,629209,39.953257,39.953257,39.596531,39.774894,0.133772,18
2023-08-08,49450,2181267,39.462759,39.50735,39.239806,39.284397,-0.490497,42
2023-08-09,10100,445406,39.284397,39.418169,39.284397,39.284397,0.0,13
2023-08-10,27503,1209562,39.239806,39.418169,39.150625,39.195215,-0.089182,41
2023-08-11,29197,1278897,38.88308,39.239806,38.88308,39.106034,-0.089181,28
2023-08-14,62491,2738604,39.150625,39.150625,38.972262,39.106034,0.0,73
2023-08-15,55809,2437229,38.972262,39.061443,38.615536,39.016852,-0.089182,36
2023-08-16,18626,811934,38.88308,38.972262,38.83849,38.88308,-0.133772,19
2023-08-17,73154,3171684,38.704718,38.88308,38.437173,38.88308,0.0,62
2023-08-18,29149,1268885,38.615536,38.88308,38.615536,38.88308,0.0,28
2023-08-21,19312,841440,38.88308,39.106034,38.793899,38.88308,0.0,22
2023-08-22,115805,5064485,38.88308,39.239806,38.704718,38.972262,0.089182,66
2023-08-23,249762,10921575,38.972262,39.596531,38.526355,38.526355,-0.445907,174
2023-08-24,81601,3467057,39.588832,39.588832,38.988302,39.26547,0.739115,84
2023-08-25,47100,1996845,38.988302,39.357859,38.988302,39.17308,-0.09239,31
2023-08-28,21382,908313,39.311664,39.311664,39.17308,39.26547,0.09239,20
2023-08-29,52034,2214087,39.26547,39.542638,39.26547,39.496443,0.230973,26
2023-08-30,20015,855832,39.496443,39.588832,39.404054,39.496443,0.0,18
2023-08-31,28847,1235827,39.26547,39.819806,39.26547,39.819806,0.323363,20
2023-09-01,44535,1919947,39.635027,40.004584,39.635027,40.004584,0.184778,35
2023-09-04,12063,521713,39.912195,40.004584,39.912195,40.004584,0.0,25
2023-09-05,59776,2586892,40.004584,40.050779,39.95839,40.004584,0.0,29
2023-09-06,52066,2227255,39.727416,39.819806,39.26547,39.450248,-0.554336,43
2023-09-07,28060,1191750,39.17308,39.450248,39.17308,39.450248,0.0,29
2023-09-08,54013,2295460,39.26547,39.26547,39.219275,39.219275,-0.230973,18
2023-09-11,106414,4647236,39.95839,41.020867,39.357859,39.635027,0.415752,89
2023-09-12,25219,1088396,40.004584,40.004584,39.773611,39.866,0.230973,26
2023-09-13,12071,517165,39.727416,39.727416,39.542638,39.542638,-0.323362,16
2023-09-14,38000,1638050,39.542638,40.374142,39.404054,39.95839,0.415752,30
2023-09-15,26058,1120989,39.95839,39.95839,39.635027,39.635027,-0.323363,26
2023-09-18,9554,409771,39.635027,39.681222,39.635027,39.681222,0.046195,19
2023-09-19,30034,1290357,39.542638,39.866,39.542638,39.681222,0.0,17
2023-09-20,18029,772334,39.542638,39.681222,39.496443,39.681222,0.0,23
2023-09-21,33232,1417969,39.819806,39.912195,39.26547,39.681222,0.0,34
2023-09-22,4498,192988,39.681222,39.773611,39.542638,39.542638,-0.138584,14
2023-09-25,19747,845570,39.542638,39.727416,39.496443,39.588832,0.046194,27
2023-09-26,23300,994433,39.681222,39.681222,39.404054,39.450248,-0.138584,29
2023-09-27,31410,1334440,39.450248,39.450248,39.080691,39.450248,0.0,36
2023-09-28,12003,513128,39.450248,39.727416,39.357859,39.542638,0.09239,14
2023-10-02,14275,610292,39.542638,39.727416,39.311664,39.542638,0.0,26
2023-10-03,48844,2082348,39.26547,39.635027,39.219275,39.542638,0.0,34
2023-10-04,23123,981950,39.26547,39.404054,39.17308,39.219275,-0.323363,24
2023-10-05,16009,682481,39.496443,39.496443,39.26547,39.311664,0.092389,20
2023-10-06,16002,683136,39.542638,39.588832,39.357859,39.357859,0.046195,18
2023-10-11,21074,904175,39.311664,39.773611,39.311664,39.681222,0.323363,35
2023-10-12,25798,1107478,39.357859,39.866,39.357859,39.866,0.184778,90
2023-10-13,6640,285853,39.819806,39.819806,39.635027,39.635027,-0.230973,65
2023-10-16,26045,1118820,39.450248,39.819806,39.450248,39.635027,0.0,28
2023-10-17,140051,6009338,39.912195,39.912195,39.635027,39.681222,0.046195,71
2023-10-18,58131,2536480,40.004584,40.605115,39.95839,39.95839,0.277168,52
2023-10-19,23017,997329,39.95839,40.096974,39.95839,40.050779,0.092389,24
2023-10-20,34498,1489707,40.050779,40.050779,39.681222,39.773611,-0.277168,24
2023-10-23,17013,731259,39.727416,39.727416,39.635027,39.681222,-0.092389,29
2023-10-24,46028,2011239,39.912195,40.65131,39.727416,40.466531,0.785309,93
2023-10-25,68672,3021733,40.281752,40.836088,40.281752,40.743699,0.277168,90
2023-10-26,108469,4788970,40.697504,41.113256,40.281752,41.067062,0.323363,101
2023-10-27,33012,1468778,41.067062,41.159451,41.020867,41.020867,-0.046195,29
2023-10-30,106967,4823875,41.25184,41.852371,41.25184,41.575203,0.554336,147
2023-10-31,80002,3552790,41.852371,41.852371,40.512726,40.743699,-0.831504,40
2023-11-01,36050,1588201,41.020867,41.020867,40.65131,40.789894,0.046195,22
2023-11-02,45617,2025084,41.020867,41.159451,40.743699,40.836088,0.046194,45
2023-11-03,13004,575327,41.113256,41.113256,40.65131,40.928478,0.09239,13
2023-11-06,34459,1533784,41.205646,41.205646,41.020867,41.113256,0.184778,42
2023-11-07,15282,679191,41.113256,41.25184,40.836088,40.836088,-0.277168,19
2023-11-08,23198,1022018,40.928478,40.928478,40.65131,40.65131,-0.184778,30
2023-11-09,8017,352581,40.65131,40.697504,40.55892,40.65131,0.0,14
2023-11-10,8707,380501,40.327947,40.420336,40.327947,40.374142,-0.277168,41
2023-11-13,27620,1208501,40.466531,40.65131,40.374142,40.466531,0.092389,21
2023-11-14,23009,1016498,40.789894,40.928478,40.697504,40.789894,0.323363,23
2023-11-15,93050,4143507,41.205646,41.298035,40.743699,41.25184,0.461946,74
2023-11-16,32151,1436294,41.575203,41.667592,41.113256,41.34423,0.09239,18
2023-11-17,47192,2110943,41.759982,41.806176,40.789894,41.482814,0.138584,38
2023-11-20,47010,2087596,41.482814,41.482814,40.512726,41.436619,-0.046195,38
2023-11-21,98638,4401011,41.529008,41.575203,40.605115,41.529008,0.092389,141
2023-11-22,4022,180271,41.482814,41.482814,41.390424,41.390424,-0.138584,9
2023-11-23,22380,997948,40.974672,41.482814,40.974672,41.34423,-0.046194,28
2023-11-24,13225,592153,41.34423,41.436619,41.298035,41.298035,-0.046195,16
2023-11-27,17781,792649,41.113256,41.436619,41.020867,41.159451,-0.138584,47
2023-11-28,59891,2701218,41.529008,41.806176,41.529008,41.667592,0.508141,57
2023-11-29,27149,1225870,41.759982,41.806176,41.667592,41.713787,0.046195,30
2023-11-30,20114,907946,41.806176,41.990955,41.575203,41.575203,-0.138584,18
2023-12-01,133505,5971405,41.436619,41.852371,40.928478,41.759982,0.184779,58
2023-12-04,51202,2302148,41.575203,41.713787,41.482814,41.529008,-0.230974,34
2023-12-05,53156,2400546,41.759982,41.852371,41.436619,41.529008,0.0,35
2023-12-06,50040,2247631,41.667592,41.667592,41.436619,41.436619,-0.092389,36
2023-12-07,48280,2174544,41.205646,41.667592,41.205646,41.667592,0.230973,39
2023-12-08,108804,4953719,41.759982,42.406707,41.713787,42.360512,0.69292,118
2023-12-11,103200,4769804,42.406707,42.868654,42.406707,42.822459,0.461947,89
2023-12-12,42548,1986525,43.330601,43.376795,42.868654,43.053433,0.230974,37
2023-12-13,73646,3435452,43.330601,43.330601,42.961043,42.961043,-0.09239,45
2023-12-14,108092,5058291,42.961043,43.42299,42.868654,43.376795,0.415752,107
2023-12-15,60681,2838333,43.053433,43.42299,42.961043,43.376795,0.0,60
2023-12-18,78528,3691914,43.469185,43.561574,43.238211,43.330601,-0.046194,72
2023-12-19,42908,1999525,43.192017,43.284406,42.776265,42.961043,-0.369558,138
2023-12-20,49559,2318671,43.145822,43.376795,43.053433,43.330601,0.369558,101
2023-12-21,523466,25335164,43.330601,44.993609,43.330601,44.346883,1.016282,213
2023-12-22,23159,1106907,44.300689,44.300689,43.977326,44.208299,-0.138584,44
2023-12-25,49760,2380778,44.947414,44.947414,44.023521,44.162105,-0.046194,164
2023-12-26,49603,2376513,44.300689,44.439273,44.162105,44.439273,0.277168,40
2023-12-27,71201,3421598,44.439273,44.485467,44.023521,44.346883,-0.09239,50
2023-12-28,49715,2388271,44.80883,44.80883,44.208299,44.346883,0.0,77
2023-12-29,40335,1931038,44.023521,44.485467,43.977326,44.254494,-0.092389,36
2024-01-02,121461,5800767,44.254494,44.254494,43.884937,44.254494,0.0,46
2024-01-03,88832,4234353,44.208299,44.208299,43.515379,44.208299,-0.046195,86
2024-01-04,67707,3245855,44.254494,44.393078,43.977326,44.346883,0.138584,53
2024-01-05,31454,1505639,44.80883,44.80883,44.023521,44.162105,-0.184778,46
2024-01-08,31515,1505062,44.300689,44.300689,44.023521,44.162105,0.0,40
2024-01-09,30318,1445584,44.300689,44.300689,43.746353,44.069715,-0.09239,68
2024-01-10,34008,1611810,43.515379,43.884937,43.515379,43.838742,-0.230973,22
2024-01-11,35830,1698490,43.515379,44.300689,43.515379,43.884937,0.046195,50
2024-01-12,47812,2258674,43.884937,43.884937,43.376795,43.515379,-0.369558,66
2024-01-15,58583,2738128,43.145822,43.515379,43.053433,43.099627,-0.415752,49
2024-01-16,164767,7571509,42.591486,42.73007,42.083344,42.129539,-0.970088,104
2024-01-17,162795,7342507,41.759982,42.03715,41.482814,41.759982,-0.369557,208
2024-01-18,5005,227073,41.990955,41.990955,41.898566,41.898566,0.138584,7
2024-01-19,29255,1310322,41.34423,41.575203,41.159451,41.575203,-0.323363,43
2024-01-22,21001,945544,41.25184,41.667592,41.25184,41.667592,0.092389,14
2024-01-23,39591,1791139,41.667592,42.03715,41.667592,42.03715,0.369558,26
2024-01-24,76497,3468918,41.990955,42.083344,41.759982,41.990955,-0.046195,58
2024-01-25,33012,1494642,41.852371,41.898566,41.806176,41.898566,-0.092389,23
2024-01-26,31275,1416727,41.575203,42.03715,41.529008,41.898566,0.0,32
2024-01-29,22053,1000499,41.575203,42.314318,41.575203,41.990955,0.092389,28
2024-01-30,25002,1133139,41.806176,42.03715,41.806176,42.03715,0.046195,22
2024-01-31,65588,2969638,41.529008,41.94476,41.529008,41.806176,-0.230974,40
2024-02-01,62980,2864773,41.806176,42.360512,41.806176,42.03715,0.230974,54
2024-02-02,57331,2593838,41.852371,42.221928,41.482814,41.852371,-0.184779,62
2024-02-05,28081,1260403,41.575203,41.575203,41.390424,41.436619,-0.415752,33
2024-02-15,45302,2040279,41.436619,41.94476,41.436619,41.852371,0.415752,41
2024-02-16,30275,1372267,41.575203,42.314318,41.529008,42.129539,0.277168,38
2024-02-19,76393,3529441,42.406707,42.961043,42.314318,42.868654,0.739115,64
2024-02-20,20034,923489,42.545291,42.776265,42.499096,42.499096,-0.369558,54
2024-02-21,25415,1172447,43.238211,43.238211,42.452902,42.452902,-0.046194,39
2024-02-22,35155,1617710,42.591486,42.591486,42.314318,42.545291,0.092389,29
2024-02-23,27430,1259209,42.452902,42.452902,42.360512,42.406707,-0.138584,48
2024-02-26,65377,2986279,42.406707,42.914849,42.03715,42.268123,-0.138584,78
2024-02-27,38502,1745637,42.03715,42.03715,41.852371,41.852371,-0.415752,34
2024-02-29,44007,1990015,41.852371,42.221928,41.575203,42.221928,0.369557,40
2024-03-01,27134,1232308,42.221928,42.221928,41.759982,41.852371,-0.369557,27
2024-03-04,83733,3792924,41.667592,41.990955,41.667592,41.806176,-0.046195,56
2024-03-05,84303,3814225,41.759982,41.852371,41.621398,41.667592,-0.138584,66
2024-03-06,64496,2905780,41.621398,41.898566,41.575203,41.806176,0.138584,60
2024-03-07,36131,1624336,41.575203,41.621398,41.436619,41.621398,-0.184778,44
2024-03-08,42290,1888060,41.205646,41.575203,41.113256,41.159451,-0.461947,56
2024-03-11,11328,511151,41.759982,41.990955,41.482814,41.482814,0.323363,31
2024-03-12,64032,2889340,41.529008,42.221928,41.529008,41.575203,0.092389,54
2024-03-13,41609,1871647,41.482814,41.759982,41.34423,41.667592,0.092389,45
2024-03-14,18594,838730,41.667592,41.759982,41.667592,41.713787,0.046195,21
2024-03-15,17772,798894,41.390424,41.898566,41.390424,41.898566,0.184779,17
2024-03-18,294239,13314551,41.667592,41.898566,41.436619,41.852371,-0.046195,60
2024-03-19,35117,1579475,41.575203,41.667592,41.482814,41.575203,-0.277168,28
2024-03-20,34112,1531890,41.298035,41.94476,41.298035,41.436619,-0.138584,65
2024-03-21,40411,1832887,41.482814,42.221928,41.482814,41.806176,0.369557,40
2024-03-22,40108,1821514,42.175734,42.175734,41.621398,41.806176,0.0,23
2024-03-25,26106,1177361,41.621398,42.083344,41.575203,41.852371,0.046195,26
2024-03-26,27796,1256446,41.852371,41.852371,41.667592,41.667592,-0.184779,33
2024-03-27,25040,1139619,41.667592,42.268123,41.667592,42.221928,0.554336,30
2024-03-28,25500,1162839,41.990955,42.221928,41.94476,42.175734,-0.046194,33
2024-03-29,33522,1528533,42.03715,42.221928,42.03715,42.129539,-0.046195,57
2024-04-01,67641,3098667,42.175734,42.545291,42.175734,42.545291,0.415752,57
2024-04-02,32870,1513677,42.175734,42.73007,42.03715,42.637681,0.09239,38
2024-04-03,4433,204253,42.683875,42.683875,42.499096,42.683875,0.046194,10
2024-04-08,66936,3108901,42.637681,43.145822,42.637681,42.961043,0.277168,62
2024-04-09,88937,4145042,42.868654,43.376795,42.868654,43.238211,0.277168,80
2024-04-10,62449,2963445,43.238211,44.069715,43.238211,43.792547,0.554336,65
2024-04-11,86624,4103880,43.792547,43.884937,43.607769,43.607769,-0.184778,119
2024-04-12,38834,1829777,43.515379,43.700158,43.42299,43.607769,0.0,44
2024-04-15,54009,2555250,43.607769,43.931131,43.607769,43.700158,0.092389,45
2024-04-16,110760,5158633,43.607769,43.700158,42.314318,42.961043,-0.739115,185
2024-04-17,37125,1730003,42.591486,43.561574,42.591486,43.238211,0.277168,41
2024-04-18,88003,4159188,42.868654,43.977326,42.776265,43.792547,0.554336,76
2024-04-19,112136,5309556,43.838742,44.208299,43.145822,43.607769,-0.184778,84
2024-04-22,755591,37918860,44.346883,47.950068,43.376795,45.825113,2.217344,448
2024-04-23,343167,17068705,46.656617,47.58051,44.993609,46.287059,0.461946,341
2024-04-24,267727,13229823,46.471838,46.471838,45.270777,46.19467,-0.092389,207
2024-04-25,63715,3204246,46.287059,46.933785,46.19467,46.656617,0.461947,108
2024-04-26,233727,11879739,46.841395,47.303342,46.471838,46.471838,-0.184779,268
2024-04-29,836145,45528349,46.749006,51.091305,46.749006,50.629358,4.15752,865
2024-04-30,994065,51123254,50.536969,50.536969,46.287059,46.287059,-4.342299,1203
2024-05-02,583063,29783402,46.656617,48.319625,45.871307,47.857678,1.570619,543
2024-05-03,213278,10960132,47.857678,48.227236,46.841395,47.303342,-0.554336,252
2024-05-06,213746,10863502,47.303342,47.857678,46.287059,46.471838,-0.831504,254
2024-05-07,85930,4315391,46.564227,46.841395,46.19467,46.287059,-0.184779,262
2024-05-08,119276,5913417,46.148475,46.287059,45.594139,45.594139,-0.69292,201
2024-05-09,96565,4751347,45.547945,45.917502,45.270777,45.270777,-0.323362,110
2024-05-10,175860,8567232,45.732723,45.732723,44.485467,44.485467,-0.78531,246
2024-05-13,334034,15832643,44.485467,44.577857,43.376795,43.376795,-1.108672,284
2024-05-14,131476,6208323,43.607769,44.300689,43.238211,43.42299,0.046195,140
2024-05-15,128655,6107617,43.238211,44.162105,43.238211,44.023521,0.600531,120
2024-05-16,160700,7794304,44.439273,45.363166,44.346883,45.316971,1.29345,133
2024-05-17,113119,5600228,45.455555,46.564227,45.132193,45.409361,0.09239,111
2024-05-20,119153,5813004,46.009891,46.009891,44.577857,44.716441,-0.69292,113
2024-05-21,66952,3209723,44.716441,44.716441,44.023521,44.346883,-0.369558,61
2024-05-22,41084,1971800,44.346883,44.485467,44.208299,44.485467,0.138584,109
2024-05-23,88830,4214746,43.977326,44.023521,43.515379,43.607769,-0.877698,177
2024-05-24,64878,3050833,43.238211,43.700158,43.238211,43.607769,0.0,48
2024-05-27,26645,1266920,43.607769,44.208299,43.607769,43.977326,0.369557,35
2024-05-28,87102,4150095,43.607769,44.624051,43.607769,44.069715,0.092389,63
2024-05-29,11303,536345,44.069715,44.069715,43.746353,43.838742,-0.230973,21
2024-05-30,53065,2543975,44.624051,44.716441,43.884937,43.884937,0.046195,35
2024-05-31,103064,4957950,43.884937,44.762635,43.884937,44.670246,0.785309,68
2024-06-03,70299,3392147,44.346883,44.855025,44.346883,44.439273,-0.230973,69
2024-06-04,39395,1897021,44.346883,44.762635,43.838742,44.762635,0.323362,35
2024-06-05,31201,1507212,44.531662,44.901219,44.346883,44.901219,0.138584,40
2024-06-06,44289,2135426,44.80883,44.80883,44.346883,44.485467,-0.415752,62
2024-06-07,74065,3610145,44.439273,45.547945,44.439273,45.132193,0.646726,91
2024-06-11,48002,2323446,44.762635,44.855025,44.531662,44.577857,-0.554336,44
2024-06-12,65163,3142295,44.577857,44.716441,44.346883,44.393078,-0.184779,59
2024-06-13,84032,4069139,44.577857,45.132193,44.577857,44.624051,0.230973,72
2024-06-14,51627,2510182,44.716441,45.085998,44.716441,44.855025,0.230974,47
2024-06-17,141241,6806625,44.855025,44.947414,44.162105,44.162105,-0.69292,142
2024-06-18,204461,9723588,44.208299,44.531662,43.42299,44.254494,0.092389,164
2024-06-19,106787,5171522,44.300689,44.947414,44.300689,44.80883,0.554336,111
2024-06-20,82257,4001013,44.947414,45.178387,44.624051,45.085998,0.277168,81
2024-06-21,107601,5189503,44.624051,44.762635,44.346883,44.762635,-0.323363,92
2024-06-24,32601,1574791,44.762635,44.762635,44.393078,44.485467,-0.277168,32
2024-06-25,45113,2175934,44.485467,44.901219,44.439273,44.624051,0.138584,32
2024-06-26,72789,3521894,44.577857,44.855025,44.485467,44.80883,0.184779,67
2024-06-27,64559,3099840,44.577857,44.670246,43.746353,44.439273,-0.369557,98
2024-06-28,68187,3344250,44.439273,46.471838,44.439273,45.178387,0.739114,66
2024-07-01,27267,1335064,45.547945,45.732723,44.855025,44.901219,-0.277168,38
2024-07-02,37101,1789682,44.624051,44.670246,44.485467,44.670246,-0.230973,34
2024-07-03,37062,1789338,44.624051,44.855025,44.393078,44.577857,-0.092389,47
2024-07-04,58380,2861821,45.132193,45.409361,44.993609,45.409361,0.831504,77
2024-07-05,26315,1290004,45.547945,45.547945,45.085998,45.409361,0.0,32
2024-07-08,17001,832599,45.409361,45.455555,45.039803,45.178387,-0.230974,16
2024-07-09,26611,1297945,45.547945,45.547945,44.901219,44.947414,-0.230973,36
2024-07-10,61858,3010920,44.947414,45.270777,44.80883,44.993609,0.046195,104
2024-07-11,23453,1117099,44.898885,45.372502,44.898885,44.993609,0.0,55
2024-07-12,44437,2121577,45.467226,45.940843,45.088332,45.088332,0.094723,27
2024-07-15,18376,881471,45.04097,45.609311,45.04097,45.467226,0.378894,22
2024-07-16,32033,1541527,45.467226,45.846119,45.088332,45.088332,-0.378894,19
2024-07-17,10281,494463,45.846119,45.846119,45.230417,45.467226,0.378894,16
2024-07-18,45301,2179623,45.467226,45.940843,45.467226,45.609311,0.142085,45
2024-07-19,60618,2900367,45.372502,45.751396,45.04097,45.183055,-0.426256,59
2024-07-22,82851,3955300,45.088332,45.751396,44.804162,45.088332,-0.094723,86
2024-07-23,68229,3302456,45.704034,45.988204,45.561949,45.561949,0.473617,65
2024-07-26,45400,2171629,45.704034,45.751396,45.088332,45.230417,-0.331532,53
2024-07-29,94558,4522909,45.230417,45.751396,45.088332,45.230417,0.0,81
2024-07-30,40877,1946628,45.230417,45.372502,44.946247,45.372502,0.142085,37
2024-07-31,18000,863300,45.656672,45.656672,45.183055,45.467226,0.094724,15
2024-08-01,78106,3798489,45.751396,46.414459,45.419864,46.035566,0.56834,70
2024-08-02,43015,2076074,45.514587,46.272374,45.467226,45.893481,-0.142085,50
2024-08-05,171474,7914230,45.372502,45.372502,42.957056,43.335949,-2.557532,160
2024-08-06,76602,3541783,44.709439,44.709439,43.335949,43.572758,0.236809,107
2024-08-07,66356,3059805,42.767609,44.093737,42.767609,44.046375,0.473617,62
2024-08-08,61138,2806478,43.288588,44.330545,43.288588,43.288588,-0.757787,63
2024-08-09,97810,4571088,43.193864,45.135694,43.193864,44.7568,1.468212,106
2024-08-12,104508,4973429,44.898885,45.467226,44.898885,44.946247,0.189447,60
2024-08-13,38700,1844117,45.135694,45.419864,44.993609,45.372502,0.426255,51
2024-08-14,72619,3488204,45.798757,45.798757,45.04097,45.419864,0.047362,59
2024-08-15,25301,1220325,45.419864,46.082928,45.419864,45.561949,0.142085,24
2024-08-16,85445,4146253,45.893481,46.225013,45.798757,45.893481,0.331532,68
2024-08-19,63578,3082641,46.130289,46.130289,45.798757,45.846119,-0.047362,48
2024-08-20,20000,970200,46.225013,46.225013,45.893481,45.893481,0.047362,19
2024-08-21,84001,4070598,45.704034,45.940843,45.704034,45.940843,0.047362,60
2024-08-22,24181,1167389,46.035566,46.082928,45.467226,45.704034,-0.236809,29
2024-08-23,40566,1956082,45.609311,45.893481,45.088332,45.846119,0.142085,41
2024-08-26,45060,2188411,46.414459,46.603906,45.798757,45.988204,0.142085,39
2024-08-27,41783,2007594,45.467226,45.751396,45.230417,45.561949,-0.426255,40
2024-08-28,22007,1059139,46.225013,46.225013,45.372502,45.609311,0.047362,24
2024-08-29,20052,961185,45.419864,45.656672,45.277779,45.467226,-0.142085,22
2024-08-30,50076,2426189,45.325141,46.319736,45.325141,46.035566,0.56834,44
2024-09-02,7003,339444,46.035566,46.035566,45.609311,46.035566,0.0,8
2024-09-03,8039,387217,45.609311,45.798757,45.514587,45.704034,-0.331532,10
2024-09-04,228939,10685588,43.951651,45.609311,43.667481,43.667481,-2.036553,335
2024-09-05,61429,2845038,43.90429,44.47263,43.572758,43.62012,-0.047361,126
2024-09-06,68677,3132872,43.714843,43.762205,42.199269,43.572758,-0.047362,110
2024-09-09,120729,5408080,42.720247,42.909694,42.104545,42.436077,-1.136681,188
2024-09-10,184102,8591100,42.436077,46.272374,42.436077,43.099141,0.663064,140
2024-09-11,53678,2454467,43.572758,43.856928,43.099141,43.241226,0.142085,76
2024-09-12,40441,1889778,44.47263,44.47263,43.90429,44.283183,1.041957,48
2024-09-13,4499,209621,43.856928,44.330545,43.856928,44.330545,0.047362,16
2024-09-16,17823,839545,43.809566,44.851524,43.809566,44.7568,0.426255,26
2024-09-18,30001,1413797,44.7568,44.851524,44.18846,44.7568,0.0,31
2024-09-19,85255,4083012,45.04097,45.704034,44.993609,45.277779,0.520979,94
2024-09-20,58945,2844028,45.609311,45.940843,45.325141,45.704034,0.426255,61
2024-09-23,34069,1648322,45.893481,45.940843,45.561949,45.704034,0.0,38
2024-09-24,12451,597805,45.230417,45.704034,45.183055,45.656672,-0.047362,20
2024-09-25,64654,3123153,45.846119,46.082928,44.946247,46.082928,0.426256,78
2024-09-26,83921,4139910,47.26697,47.26697,45.940843,46.556545,0.473617,97
2024-09-27,66352,3244826,46.414459,46.414459,45.751396,46.414459,-0.142086,82
2024-09-30,40700,1975464,46.367098,46.367098,45.561949,46.082928,-0.331531,81
2024-10-01,11340,549444,45.609311,46.035566,45.609311,46.035566,-0.047362,31
2024-10-04,22538,1081914,46.319736,46.319736,45.230417,45.372502,-0.663064,89
2024-10-07,35456,1726283,46.272374,46.319736,45.704034,46.177651,0.805149,44
2024-10-08,51346,2483708,46.461821,46.509183,45.372502,45.372502,-0.805149,54
2024-10-09,15080,721036,45.372502,46.035566,45.088332,45.277779,-0.094723,16
2024-10-11,32016,1523938,45.135694,45.467226,44.898885,44.898885,-0.378894,36
2024-10-14,31815,1493497,44.330545,44.804162,44.18846,44.709439,-0.189446,43
2024-10-15,19591,939600,45.846119,45.846119,45.277779,45.419864,0.710425,137
2024-10-16,116744,5497657,44.946247,45.135694,44.425268,44.614715,-0.805149,97
2024-10-17,26024,1234979,44.519992,45.230417,44.519992,44.804162,0.189447,27
2024-10-18,51680,2476463,45.04097,45.751396,45.04097,45.372502,0.56834,58
2024-10-21,23617,1126012,45.325141,45.467226,44.851524,44.851524,-0.520978,25
2024-10-22,15591,734949,44.7568,44.946247,44.47263,44.614715,-0.236809,134
2024-10-23,87102,4088485,44.519992,44.898885,44.18846,44.18846,-0.426255,195
2024-10-24,32516,1512990,44.235822,44.283183,43.999013,44.046375,-0.142085,34
2024-10-25,22046,1024906,44.046375,44.377907,43.90429,43.90429,-0.142085,29
2024-10-28,27909,1306349,43.90429,44.709439,43.90429,44.567353,0.663063,34
2024-10-29,57905,2672361,44.709439,44.709439,43.335949,43.525396,-1.041957,142
2024-10-30,35739,1631686,43.099141,43.430673,43.051779,43.430673,-0.094723,60
2024-11-01,30698,1425535,43.099141,44.662077,43.004418,44.662077,1.231404,42
2024-11-04,5181,242714,44.709439,44.709439,44.141098,44.18846,-0.473617,15
2024-11-05,42029,1947487,44.614715,44.709439,43.714843,44.141098,-0.047362,32
2024-11-06,13511,623906,43.762205,43.809566,43.667481,43.667481,-0.473617,16
2024-11-07,22356,1031640,43.430673,44.046375,43.430673,43.809566,0.142085,28
2024-11-08,4006,186435,44.283183,44.283183,43.809566,43.809566,0.0,9
2024-11-11,12960,600261,44.141098,44.141098,43.667481,43.951651,0.142085,18
2024-11-12,68237,3116343,43.383311,43.478034,43.099141,43.099141,-0.85251,71
2024-11-13,46003,2077682,42.767609,42.909694,42.672886,42.767609,-0.331532,47
2024-11-14,44478,1993315,42.672886,42.672886,42.341354,42.388716,-0.378893,96
2024-11-15,13080,592586,42.483439,43.288588,42.483439,43.288588,0.899872,17
2024-11-18,25056,1140650,43.288588,43.478034,42.862332,43.051779,-0.236809,27
2024-11-19,70583,3245759,43.146503,44.235822,42.625524,44.093737,1.041958,73
2024-11-20,25260,1162043,43.525396,43.809566,43.478034,43.62012,-0.473617,29
2024-11-21,17166,789253,43.288588,44.046375,43.288588,43.335949,-0.284171,19
2024-11-22,24488,1139897,44.235822,44.47263,43.62012,44.093737,0.757788,32
2024-11-25,85267,4014129,44.093737,44.946247,44.093737,44.898885,0.805148,78
2024-11-26,11846,554513,44.898885,44.898885,44.141098,44.330545,-0.56834,22
2024-11-27,84227,3879957,44.046375,44.046375,43.525396,43.62012,-0.710425,69
2024-11-28,13018,595886,43.951651,43.951651,43.241226,43.241226,-0.378894,13
2024-11-29,26583,1206157,42.814971,43.525396,42.814971,43.099141,-0.142085,36
2024-12-02,7412,341078,43.146503,43.951651,43.146503,43.951651,0.85251,18
2024-12-03,11371,527817,43.90429,44.18846,43.572758,44.141098,0.189447,16
2024-12-04,6841,318564,43.62012,44.377907,43.62012,44.141098,0.0,16
2024-12-05,6080,280485,43.762205,43.809566,43.762205,43.762205,-0.378893,16
2024-12-06,1082,50235,44.046375,44.046375,44.046375,44.046375,0.28417,4
2024-12-09,3300,152932,43.762205,44.235822,43.62012,43.62012,-0.426255,55
2024-12-10,14558,666660,43.478034,43.478034,43.241226,43.241226,-0.378894,20
2024-12-11,17394,792282,43.335949,43.383311,43.051779,43.099141,-0.142085,23
2024-12-12,13116,596774,43.004418,43.193864,43.004418,43.051779,-0.047362,15
2024-12-13,7007,315518,42.625524,42.767609,42.625524,42.625524,-0.426255,13
2024-12-16,2931,130343,42.625524,42.767609,42.625524,42.767609,0.142085,13
2024-12-17,4115,185797,42.814971,42.814971,42.814971,42.814971,0.047362,19
2024-12-18,15479,696934,42.625524,42.862332,42.625524,42.625524,-0.189447,20
2024-12-19,73050,3226684,41.96246,42.199269,41.630928,41.96246,-0.663064,78
2024-12-20,72422,3172788,41.39412,41.867737,41.346758,41.630928,-0.331532,128
2024-12-23,25336,1126095,42.388716,42.388716,41.867737,42.009822,0.378894,31
2024-12-24,15095,674920,42.293992,42.530801,42.057184,42.530801,0.520979,26
2024-12-25,21563,971688,42.578162,42.957056,42.388716,42.909694,0.378893,238
2024-12-26,6066,271290,42.341354,42.436077,42.293992,42.436077,-0.473617,8
2024-12-27,1002,44939,42.483439,42.483439,42.483439,42.483439,0.047362,3
2024-12-30,5411,242655,42.341354,43.146503,42.199269,43.146503,0.663064,12
2024-12-31,36190,1603658,42.341354,42.341354,41.725652,41.867737,-1.278766,93
2025-01-02,56149,2448139,41.630928,41.630928,41.062588,41.062588,-0.805149,59
2025-01-03,60728,2611074,40.778418,40.967865,40.494248,40.731056,-0.331532,121
2025-01-06,29661,1285637,40.967865,41.204673,40.967865,41.062588,0.331532,36
2025-01-07,31004,1329220,40.967865,40.967865,40.352163,40.731056,-0.331532,34
2025-01-08,9599,411275,40.778418,40.778418,40.399524,40.683695,-0.047361,17
2025-01-09,63442,2722928,41.015226,41.10995,40.257439,41.10995,0.426255,66
2025-01-10,68196,2929187,41.10995,41.10995,40.399524,40.446886,-0.663064,53
2025-01-13,122065,5090892,40.683695,40.683695,38.362972,39.594376,-0.85251,132
2025-01-14,25224,1055295,40.210078,40.210078,39.499652,39.594376,0.0,31
2025-01-15,36635,1539219,39.594376,40.636333,39.357567,40.636333,1.041957,58
2025-01-16,44498,1911118,40.115354,41.10995,40.115354,40.304801,-0.331532,113
2025-01-17,16483,701273,40.352163,40.446886,40.257439,40.257439,-0.047362,72
2025-01-20,19780,836351,39.783822,40.257439,39.783822,40.257439,0.0,109
2025-01-21,2000,84900,40.162716,40.257439,40.162716,40.257439,0.0,2
2025-01-22,31898,1374090,40.54161,41.015226,40.54161,40.82578,0.568341,42
2025-02-03,51528,2170874,40.920503,41.157312,39.357567,39.689099,-1.136681,63
2025-02-04,23058,972600,39.925907,40.115354,39.783822,39.783822,0.094723,30
2025-02-05,88404,3715551,40.399524,40.399524,38.647142,39.831184,0.047362,69
2025-02-06,19739,835209,40.82578,40.82578,39.878546,40.304801,0.473617,77
2025-02-07,14440,610195,39.925907,40.162716,39.925907,40.020631,-0.28417,18
2025-02-10,28574,1197638,39.594376,39.973269,39.594376,39.736461,-0.28417,38
2025-02-11,14820,624157,39.831184,40.067993,39.783822,39.925907,0.189446,39
2025-02-12,27068,1150067,39.973269,40.54161,39.878546,40.257439,0.331532,41
2025-02-13,25266,1079210,40.257439,40.636333,40.257439,40.399524,0.142085,29
2025-02-14,31319,1337999,40.162716,40.636333,40.162716,40.446886,0.047362,43
2025-02-17,51203,2233383,40.731056,41.67829,40.731056,41.204673,0.757787,58
2025-02-18,10344,451169,41.015226,41.773014,41.015226,41.39412,0.189447,23
2025-02-19,29160,1275774,41.39412,41.583567,41.252035,41.441482,0.047362,33
2025-02-20,19005,835070,40.920503,41.820375,40.920503,41.536205,0.094723,23
2025-02-21,23381,1038828,42.293992,42.293992,41.630928,42.057184,0.520979,41
2025-02-24,20563,904948,41.867737,41.915099,41.583567,41.630928,-0.426256,34
2025-02-25,46617,2032343,41.252035,41.488843,41.157312,41.204673,-0.426255,57
2025-02-26,22038,954892,41.157312,41.252035,40.873141,41.10995,-0.094723,26
2025-02-27,29114,1262145,41.10995,41.157312,40.967865,41.10995,0.0,28
2025-03-03,16216,699276,40.82578,40.967865,40.82578,40.82578,-0.28417,29
2025-03-04,22290,950073,40.82578,40.82578,40.067993,40.588971,-0.236809,31
2025-03-05,250909,11084389,42.151907,42.814971,41.488843,41.915099,1.326128,171
2025-03-06,26124,1150856,41.96246,41.96246,41.536205,41.67829,-0.236809,47
2025-03-07,86008,3735348,41.67829,41.67829,40.967865,41.015226,-0.663064,56
2025-03-10,73664,3182310,41.062588,41.299397,40.778418,40.82578,-0.189446,207
2025-03-11,45556,1941428,40.588971,40.636333,39.973269,40.54161,-0.28417,51
2025-03-12,177525,7765042,40.82578,42.057184,40.731056,41.39412,0.85251,159
2025-03-13,57347,2505918,41.488843,41.773014,41.252035,41.252035,-0.142085,88
2025-03-14,18011,787579,41.346758,41.630928,41.204673,41.39412,0.142085,26
2025-03-17,62635,2736004,41.39412,41.488843,41.252035,41.346758,-0.047362,72
2025-03-18,31117,1368810,42.199269,42.293992,41.299397,41.441482,0.094724,36
2025-03-19,61580,2695534,41.441482,41.630928,41.299397,41.536205,0.094723,63
2025-03-20,58736,2602526,42.009822,42.104545,41.630928,42.009822,0.473617,69
2025-03-21,57261,2516581,41.67829,41.725652,41.346758,41.67829,-0.331532,93
2025-03-24,17644,778658,41.583567,41.96246,41.583567,41.773014,0.094724,30
2025-03-25,7458,327656,41.773014,41.773014,41.488843,41.488843,-0.284171,18
2025-03-26,21075,925398,41.725652,41.725652,41.488843,41.630928,0.142085,31
2025-03-27,42003,1840381,41.583567,41.583567,41.488843,41.536205,-0.094723,25
2025-03-28,98031,4237448,42.24663,42.24663,39.689099,40.82578,-0.710425,78
2025-03-31,42406,1794051,40.210078,40.210078,39.925907,40.020631,-0.805149,53
2025-04-01,53525,2291440,40.067993,40.82578,39.831184,40.82578,0.805149,74
2025-04-02,57104,2456782,40.731056,41.299397,40.494248,40.731056,-0.094724,108
2025-04-07,152476,5904822,36.657951,37.226291,36.657951,36.657951,-4.073105,92
2025-04-08,98005,3782999,37.321014,37.321014,36.042249,36.610589,-0.047362,281
2025-04-09,260815,9925225,34.479313,36.563227,34.479313,36.184334,-0.426255,170
2025-04-10,106761,4371345,38.078801,39.215482,37.510461,38.931312,2.746978,118
2025-04-11,26027,1067349,38.647142,39.120759,38.552418,39.120759,0.189447,31
2025-04-14,62512,2561432,39.026035,39.120759,38.457695,38.457695,-0.663064,80
2025-04-15,48422,1999841,39.310205,39.594376,38.552418,39.215482,0.757787,48
2025-04-16,43505,1765634,38.978674,38.978674,38.220887,38.31561,-0.899872,75
2025-04-17,42002,1699481,38.078801,38.362972,38.078801,38.362972,0.047362,23
2025-04-18,27100,1090726,37.984078,39.16812,37.936716,38.220887,-0.142085,20
2025-04-21,29229,1191050,38.268248,38.836589,38.126163,38.647142,0.426255,25
2025-04-22,33468,1359437,38.741865,38.741865,38.03144,38.457695,-0.189447,30
2025-04-23,21063,861615,38.552418,39.026035,38.457695,38.647142,0.189447,24
2025-04-24,15002,610130,38.552418,38.59978,38.362972,38.59978,-0.047362,15
2025-04-25,41193,1679278,38.647142,39.026035,38.457695,38.59978,0.0,66
2025-04-28,3594,147538,38.647142,39.026035,38.647142,39.026035,0.426255,8
2025-04-29,19396,797735,38.647142,39.16812,38.647142,39.16812,0.142085,21
2025-04-30,25090,1028832,38.694503,38.978674,38.694503,38.836589,-0.331531,25
2025-05-02,115122,4905392,38.836589,40.920503,38.836589,40.636333,1.799744,146
2025-05-05,312691,13794573,40.683695,43.241226,40.683695,40.920503,0.28417,318
2025-05-06,74441,3195217,40.920503,41.10995,40.115354,40.588971,-0.331532,65
2025-05-07,60076,2556044,40.778418,40.778418,40.020631,40.257439,-0.331532,56
2025-05-08,14246,606842,40.257439,40.54161,40.067993,40.304801,0.047362,19
2025-05-09,137752,5811483,40.210078,40.683695,39.026035,40.54161,0.236809,82
2025-05-12,60223,2595297,40.588971,41.015226,40.588971,41.015226,0.473616,51
2025-05-13,43663,1881324,40.778418,40.920503,40.731056,40.731056,-0.28417,130
2025-05-14,58979,2567253,41.915099,41.915099,40.778418,41.299397,0.568341,231
2025-05-15,33051,1429909,41.015226,41.062588,40.873141,41.062588,-0.236809,28
2025-05-16,505467,23828333,43.478034,45.135694,43.099141,45.135694,4.073106,268
2025-05-19,3922279,203916453,49.256161,49.635055,47.645864,49.635055,4.499361,3316
2025-05-20,7305635,415868003,52.57148,54.560671,52.097863,54.560671,4.925616,4808
2025-05-21,5163551,299262146,54.655394,58.254883,53.234543,58.254883,3.694212,3257
2025-05-22,6008481,391005924,59.770457,64.033009,57.875989,64.033009,5.778126,3630
2025-05-23,5934468,434204773,66.590541,70.379476,66.022201,70.379476,6.346467,3860
2025-05-26,3172008,252708409,73.789518,77.389007,72.937008,77.389007,7.009531,2126
2025-05-27,3775405,289705978,79.094028,79.094028,69.716413,71.04254,-6.346467,2890
2025-05-28,1897417,143065423,71.231987,72.368667,69.905859,72.273944,1.231404,1571
2025-05-29,1822529,132221792,72.842284,72.842284,66.306371,67.727221,-4.546723,1521
2025-06-02,1557420,107090585,67.821945,67.821945,62.706882,65.359137,-2.368084,1314
2025-06-03,934093,62713393,65.73803,65.73803,62.612159,62.612159,-2.746978,852
2025-06-04,880005,58736857,63.180499,64.411903,62.233265,62.612159,0.0,812
2025-06-05,1174992,79865839,62.991052,65.264413,62.896329,64.127733,1.515574,969
2025-06-06,1489827,104103971,64.88552,67.632498,64.696073,67.158881,3.031148,1294
2025-06-09,1058052,72381238,67.158881,67.158881,63.654116,63.654116,-3.504765,993
2025-06-10,1949780,129309335,62.517435,64.506626,60.717691,63.654116,0.0,1781
2025-06-11,1950068,125213176,63.843563,63.843563,59.391563,59.959904,-3.694212,1687
2025-06-12,1424692,90403568,59.202117,61.475478,58.7285,60.054627,0.094723,1207
2025-06-13,8620246,580961308,61.096584,66.022201,60.433521,60.717691,0.663064,5612
2025-06-16,2154862,133584324,59.675734,60.338797,57.686542,58.539053,-2.178638,1799
2025-06-17,1286512,79068405,58.917947,59.86518,56.928755,57.212926,-1.326127,1155
2025-06-18,1064181,64108423,56.834032,58.065436,56.644585,56.739309,-0.473617,854
2025-06-19,986455,58943178,56.834032,58.349606,55.129011,55.886798,-0.852511,917
2025-06-20,911014,53867250,55.886798,57.118202,54.560671,56.834032,0.947234,803
2025-06-23,1320651,77031164,56.170968,57.118202,53.329267,56.265692,-0.56834,1015
2025-06-24,526199,31520341,55.886798,57.307649,55.886798,57.307649,1.041957,405
2025-06-25,640731,38917292,57.591819,58.44433,56.739309,56.834032,-0.473617,528
2025-06-26,2236082,139867078,57.307649,60.812414,56.928755,59.202117,2.368085,1763
2025-06-27,7467792,501679433,61.570201,65.074967,61.096584,62.801605,3.599488,5034
2025-06-30,2415767,155690650,62.612159,63.275222,59.107393,59.486287,-3.315318,1840
2025-07-01,1129524,70260083,59.58101,60.054627,58.160159,58.7285,-0.757787,1007
2025-07-02,1212283,74090384,59.391563,59.391563,57.307649,57.591819,-1.136681,822
2025-07-03,472621,28911089,58.065436,58.633776,57.497096,57.970713,0.378894,438
2025-07-04,628819,37652009,57.686542,57.875989,56.170968,56.644585,-1.326128,570
2025-07-07,318042,18767087,56.644585,56.644585,55.413181,55.792075,-0.85251,286
2025-07-08,524332,30739611,55.507905,56.360415,54.465947,56.360415,0.56834,410
2025-07-09,328954,19213239,56.170968,56.170968,54.844841,55.507905,-0.85251,295
2025-07-10,531214,30507198,55.507905,55.507905,53.802884,53.99233,-1.515575,461
2025-07-11,200884,11540279,54.087054,54.750118,53.99233,54.750118,0.757788,197
2025-07-14,665011,38833772,55.129011,56.834032,53.99233,54.465947,-0.284171,586
2025-07-15,257669,14914109,54.560671,55.413181,54.276501,55.129011,0.663064,250
2025-07-16,1544216,93477222,56.265692,58.823223,55.129011,57.875989,2.746978,1231
2025-07-17,453872,27353944,57.875989,57.970713,56.360415,56.739309,-1.13668,492
2025-07-18,339683,20072074,56.549862,57.023479,55.413181,56.076245,-0.663064,369
2025-07-21,224970,13275613,56.549862,56.644585,55.129011,55.129011,-0.947234,215
2025-07-22,407034,23266688,55.129011,55.507905,53.234543,53.42399,-1.705021,425
2025-07-23,324814,18640847,53.518713,54.844841,53.518713,54.560671,1.136681,285
2025-07-24,864860,50394576,56.019512,57.57561,55.630488,57.381098,2.820427,649
2025-07-25,974888,55466066,57.381098,57.381098,54.852439,55.435976,-1.945122,768
2025-07-28,1090178,60200047,55.533232,55.533232,52.712805,53.004573,-2.431403,846
2025-07-29,663742,35570653,53.101829,53.101829,51.35122,52.421037,-0.583536,604
2025-07-30,197267,10573048,52.226524,52.421037,51.642988,52.226524,-0.194513,184
2025-07-31,453852,23783216,52.032012,52.032012,50.475915,50.962195,-1.264329,390
2025-08-01,363362,18888651,50.281402,50.962195,50.08689,50.962195,0.0,323
2025-08-04,436113,22683601,50.378659,51.156707,49.989634,50.670427,-0.291768,349
2025-08-05,398858,20812125,50.767683,51.156707,50.184146,50.962195,0.291768,331
2025-08-06,301443,15874596,51.35122,51.642988,50.767683,50.864939,-0.097256,258
2025-08-07,148634,7799327,51.059451,51.35122,50.767683,50.962195,0.097256,184
2025-08-08,173053,8991372,50.670427,50.767683,50.281402,50.670427,-0.291768,168
2025-08-11,303632,15519639,50.864939,50.864939,49.308841,49.989634,-0.680793,270
2025-08-12,670527,35733629,49.60061,52.712805,49.406098,51.934756,1.945122,549
2025-08-13,290970,15443030,52.226524,52.226524,51.059451,51.934756,0.0,333
2025-08-14,238679,12750118,52.032012,52.421037,51.545732,51.642988,-0.291768,183
2025-08-15,298735,15817898,51.642988,51.934756,50.864939,51.934756,0.291768,292
2025-08-18,478300,25929764,52.032012,53.58811,52.032012,52.421037,0.486281,775
2025-08-19,309306,16632670,52.712805,52.907317,51.8375,52.518293,0.097256,260
2025-08-20,286280,15175436,51.740244,52.032012,51.156707,51.253963,-1.26433,243
2025-08-21,232587,12484172,51.740244,52.518293,51.642988,52.32378,1.069817,281
2025-08-22,1547998,86416985,54.268902,56.214024,53.004573,53.490854,1.167074,1269
2025-08-25,669134,35915519,52.518293,53.296341,51.642988,52.421037,-1.069817,658
2025-08-26,254192,13472428,52.226524,52.226524,51.253963,51.448476,-0.972561,271
2025-08-27,242535,12910003,51.545732,52.032012,51.448476,51.740244,0.291768,208
2025-08-28,325877,17519827,51.934756,53.004573,51.642988,52.226524,0.48628,308
2025-08-29,140430,7494077,51.934756,52.518293,51.545732,51.740244,-0.48628,197
2025-09-01,164076,8735087,51.8375,52.032012,51.253963,52.032012,0.291768,246
2025-09-02,151654,8013973,52.032012,52.032012,51.156707,51.253963,-0.778049,160
2025-09-03,217242,11561157,51.448476,52.421037,51.448476,51.545732,0.291769,157
2025-09-04,1098571,60978690,52.129268,55.33872,51.934756,54.171646,2.625914,1132
2025-09-05,593068,32634272,54.366159,54.755183,52.810061,53.393598,-0.778048,812
2025-09-08,354906,19037297,52.907317,52.907317,51.642988,52.129268,-1.26433,361
2025-09-09,281423,15123695,52.32378,52.907317,51.740244,52.032012,-0.097256,205
2025-09-10,270510,14446857,52.129268,52.518293,51.448476,52.032012,0.0,233
2025-09-11,422934,22163358,51.934756,52.032012,50.475915,50.573171,-1.458841,353
2025-09-12,236118,12487215,50.670427,51.8375,50.670427,51.448476,0.875305,194
2025-09-15,117003,6192533,51.448476,51.8375,51.059451,51.35122,-0.097256,104
2025-09-16,268829,14426590,51.35122,52.907317,51.253963,52.032012,0.680792,304
2025-09-17,1504552,83583793,53.101829,55.241463,53.101829,53.685366,1.653354,1138
2025-09-18,401242,21847736,53.879878,53.977134,52.32378,53.101829,-0.583537,384
2025-09-19,539075,29267722,52.712805,53.782622,51.8375,53.782622,0.680793,694
2025-09-22,326968,17793778,53.879878,53.879878,52.421037,53.490854,-0.291768,233
2025-09-23,418703,23235500,53.490854,54.560671,53.004573,54.268902,0.778048,382
2025-09-24,373700,20886481,54.366159,54.852439,53.782622,54.463415,0.194513,478
2025-09-25,293705,16589420,54.560671,55.630488,54.171646,54.657927,0.194512,289
2025-09-26,330652,18592691,54.657927,55.33872,53.879878,54.755183,0.097256,473
2025-09-30,266081,14897002,54.949695,55.144207,53.879878,54.949695,0.194512,241
2025-10-01,491893,26840321,54.268902,54.268902,52.518293,52.712805,-2.23689,608
2025-10-02,280174,15064649,53.004573,53.004573,51.740244,52.32378,-0.389025,214
2025-10-03,306179,16232860,52.129268,52.615549,51.059451,51.448476,-0.875304,267
2025-10-07,261109,13952718,51.545732,52.421037,50.962195,52.226524,0.778048,229
2025-10-08,235356,12696842,52.421037,53.004573,52.129268,52.421037,0.194513,204
2025-10-09,571134,29802812,51.934756,51.934756,50.08689,50.962195,-1.458842,460
2025-10-13,2535480,143671555,51.545732,56.019512,51.545732,56.019512,5.057317,2682
2025-10-14,2668569,154034840,56.116768,57.867378,54.755183,55.435976,-0.583536,2304
2025-10-15,507140,28552973,55.922256,55.922256,54.07439,54.657927,-0.778049,565
2025-10-16,316830,17786906,54.755183,55.33872,54.07439,54.560671,-0.097256,329
2025-10-17,218940,12268470,54.07439,55.144207,53.782622,54.171646,-0.389025,186
2025-10-20,950726,54558994,54.463415,56.603049,54.463415,56.31128,2.139634,740
2025-10-21,342645,19695305,56.408537,56.797561,55.144207,56.019512,-0.291768,350
2025-10-22,947429,55569389,56.019512,58.353659,55.630488,57.770122,1.75061,775
2025-10-23,1233039,80517420,63.508232,63.508232,63.508232,63.508232,5.73811,584
2025-10-27,3319648,208153023,66.134146,66.134146,57.964634,59.715244,-3.792988,2323
2025-10-28,1257890,73645828,59.8125,59.909756,55.144207,56.408537,-3.306707,1078
2025-10-29,675153,39003361,56.505793,56.992073,55.630488,56.31128,-0.097257,567
2025-10-30,3335286,204618704,60.493293,61.854878,57.186585,57.867378,1.556098,2306
2025-10-31,1086276,61930419,56.700305,57.186585,54.755183,54.852439,-3.014939,968
2025-11-03,817005,46019386,54.852439,56.116768,54.171646,54.852439,0.0,638
2025-11-04,401911,22187143,54.366159,54.560671,53.199085,53.199085,-1.653354,363
2025-11-05,326225,17836994,53.199085,53.977134,52.032012,53.685366,0.486281,376
2025-11-06,1903759,112676532,56.992073,58.645427,55.825,58.256402,4.571036,3472
2025-11-07,2318293,143606428,57.478354,62.438415,57.381098,59.617988,1.361586,3113
2025-11-10,745470,43990438,59.520732,59.617988,56.31128,57.381098,-2.23689,2036
2025-11-11,317916,18824699,56.505793,58.353659,56.505793,57.57561,0.194512,1266
2025-11-12,531636,32159626,57.478354,59.8125,57.089329,59.228963,1.653353,1135
2025-11-13,814129,50682898,59.228963,61.757622,58.548171,60.882317,1.653354,1136
2025-11-14,2123152,138054708,61.952134,64.772561,61.368598,62.243902,1.361585,2296
2025-11-17,557077,35700309,63.216463,63.216463,61.660366,61.757622,-0.48628,1240
2025-11-18,482915,31068302,62.243902,63.410976,61.757622,62.535671,0.778049,1214
2025-11-19,375310,23811626,62.341159,62.730183,60.687805,62.632927,0.097256,565
2025-11-20,394602,25432656,63.119207,63.8,62.04939,62.730183,0.097256,443
2025-11-21,1256569,83371434,62.632927,65.842378,62.341159,65.453354,2.723171,1693
2025-11-24,2528753,181682218,66.912195,71.969512,65.939634,71.969512,6.516158,3124
2025-11-25,3266125,241113441,71.483232,75.178963,69.343598,70.607927,-1.361585,3768
2025-11-26,1154706,82277475,71.191463,71.191463,67.495732,70.121646,-0.486281,1677
2025-11-27,469467,33134166,69.246341,69.440854,67.7875,68.857317,-1.264329,907
2025-11-28,362535,25511360,68.468293,68.857317,67.982012,68.760061,-0.097256,383
2025-12-01,758609,52523635,68.857317,69.051829,66.231402,68.079268,-0.680793,748
2025-12-02,462497,32812763,68.371037,69.635366,68.371037,69.149085,1.069817,786
2025-12-03,161081,11415741,68.857317,69.343598,68.565549,69.149085,0.0,176
2025-12-04,162313,11547635,69.051829,69.635366,68.760061,69.343598,0.194513,196
2025-12-05,490509,35256990,69.149085,70.899695,68.27378,69.635366,0.291768,847
2025-12-08,324821,22868306,69.343598,69.343598,67.884756,68.662805,-0.972561,495
2025-12-09,295260,20461986,68.468293,68.468293,66.814939,67.106707,-1.556098,521
2025-12-10,147043,10235945,67.106707,68.27378,67.106707,67.690244,0.583537,262
2025-12-11,333782,23471294,67.7875,69.149085,67.30122,68.662805,0.972561,341
2025-12-12,216331,15385299,68.857317,69.829878,68.565549,69.051829,0.389024,292
2025-12-15,369065,26527254,68.176524,70.607927,68.176524,70.413415,1.361586,386
2025-12-16,426381,30162850,69.53811,70.218902,68.079268,68.565549,-1.847866,580
2025-12-17,300271,21236362,68.468293,69.635366,67.592988,69.440854,0.875305,432
2025-12-18,397196,28627565,69.440854,70.996951,69.246341,69.53811,0.097256,576
2025-12-19,167222,11931822,70.02439,70.02439,68.954573,69.53811,0.0,419
2025-12-22,316566,22988565,69.927134,71.677744,69.051829,71.677744,2.139634,266
2025-12-23,209837,15241037,71.677744,71.677744,69.635366,70.510671,-1.167073,403
2025-12-24,795393,55253056,69.829878,69.829878,66.523171,66.523171,-3.9875,2021
2025-12-26,209256,14212334,66.523171,66.523171,65.356098,66.425915,-0.097256,326
2025-12-29,197559,13434783,66.425915,66.620427,65.647866,65.939634,-0.486281,341
2025-12-30,124457,8348686,65.453354,65.647866,64.967073,65.064329,-0.875305,199
2025-12-31,173972,11587388,65.161585,65.356098,64.28628,64.772561,-0.291768,203
2026-01-02,146717,9806171,64.772561,65.356098,64.480793,65.356098,0.583537,126
2026-01-05,184560,12276059,65.356098,65.356098,63.702744,64.772561,-0.583537,450
2026-01-06,97967,6581798,64.772561,66.03689,64.480793,65.161585,0.389024,111
2026-01-07,328861,22666855,65.258841,67.884756,65.258841,67.398476,2.236891,316
2026-01-08,909557,66092826,67.884756,71.872256,67.884756,70.607927,3.209451,1128
2026-01-09,355993,25912262,70.413415,71.580488,69.343598,70.802439,0.194512,351
2026-01-12,304986,22119262,69.440854,71.385976,69.440854,71.28872,0.486281,399
2026-01-13,142425,10360429,71.385976,71.385976,69.927134,70.996951,-0.291769,174
2026-01-14,226275,16457929,71.094207,71.580488,69.927134,71.094207,0.097256,243
2026-01-15,104664,7679787,71.094207,71.775,70.899695,71.28872,0.194513,127
2026-01-16,78214,5676123,70.899695,70.996951,70.413415,70.413415,-0.875305,137
2026-01-19,500131,37267156,70.607927,73.428354,69.927134,73.428354,3.014939,551
2026-01-20,878697,67339164,73.817378,75.470732,73.52561,73.52561,0.097256,1593
2026-01-21,513025,38778409,73.622866,75.178963,71.969512,72.650305,-0.875305,771
2026-01-22,813124,62305871,73.720122,75.373476,73.331098,74.595427,1.945122,1212
2026-01-23,382388,29079237,75.27622,75.27622,72.455793,74.692683,0.097256,873
2026-01-26,741322,58199786,75.567988,77.707622,74.303659,77.610366,2.917683,1046
2026-01-27,416656,33138598,78.096646,78.582927,75.7625,76.735061,-0.875305,993
2026-01-28,450275,34789181,77.221341,77.221341,74.206402,75.7625,-0.972561,855
2026-01-29,211191,16207301,76.054268,76.054268,74.01189,74.887195,-0.875305,659
2026-01-30,246465,18400796,74.01189,74.595427,71.969512,72.066768,-2.820427,571
2026-02-02,548202,38173187,70.607927,70.607927,65.258841,65.258841,-6.807927,865
2026-02-03,427272,29488045,66.717683,68.760061,65.842378,68.468293,3.209452,343
2026-02-04,115704,8184000,67.884756,69.732622,67.495732,68.371037,-0.097256,117
2026-02-05,134858,9369342,68.079268,69.051829,66.717683,66.912195,-1.458842,157
2026-02-06,128837,8754592,66.912195,67.106707,65.064329,65.939634,-0.972561,263
2026-02-09,210267,14473551,68.760061,68.857317,65.842378,66.231402,0.291768,180
2026-02-10,130988,9070023,66.328659,68.176524,65.939634,68.176524,1.945122,152
2026-02-11,401403,28587427,68.857317,70.899695,67.690244,69.635366,1.458842,419
2026-02-23,482607,33390450,69.635366,69.635366,65.647866,67.203963,-2.431403,591
2026-02-24,326048,22140722,67.106707,67.982012,65.453354,66.328659,-0.875304,358
2026-02-25,318367,21355704,66.717683,66.912195,64.869817,64.967073,-1.361586,350
2026-02-26,185248,12464213,65.161585,66.03689,64.772561,65.939634,0.972561,181
2026-03-02,132424,8922075,65.745122,65.939634,64.869817,65.55061,-0.389024,155
2026-03-03,114998,7620501,64.967073,65.161585,63.897256,64.383537,-1.167073,140
2026-03-04,443473,28693417,63.508232,64.28628,62.341159,62.730183,-1.653354,368
2026-03-05,320587,20637484,60.785061,64.091768,60.785061,63.216463,0.48628,251
2026-03-06,93095,6103563,62.924695,64.578049,62.924695,63.605488,0.389025,106
2026-03-09,546160,33612886,60.687805,61.271341,58.839939,60.201524,-3.403964,505
2026-03-10,92373,5820126,62.04939,62.04939,60.785061,61.660366,1.458842,121
2026-03-11,78742,5040922,62.146646,62.730183,61.854878,62.04939,0.389024,118
2026-03-12,229127,14452355,60.396037,62.632927,60.396037,61.952134,-0.097256,361
2026-03-13,100458,6352955,60.687805,61.952134,60.687805,61.660366,-0.291768,166
2026-03-16,253153,15506978,60.785061,61.174085,58.839939,59.034451,-2.625915,312
2026-03-17,181635,11175495,59.520732,60.687805,59.034451,60.687805,1.653354,197
2026-03-18,46147,2905770,61.465854,61.660366,60.882317,61.368598,0.680793,75
2026-03-19,69721,4290770,60.29878,60.493293,59.520732,59.617988,-1.75061,176
2026-03-20,203701,12392371,59.228963,60.007012,58.645427,58.645427,-0.972561,229
2026-03-23,154089,9233766,56.797561,59.228963,56.700305,58.839939,0.194512,135
2026-03-24,87649,5350689,60.29878,60.29878,58.645427,59.034451,0.194512,183
2026-03-25,75076,4663434,60.785061,60.882317,59.715244,60.687805,1.653354,129
2026-03-26,73880,4562027,61.271341,61.271341,59.520732,59.520732,-1.167073,222
2026-03-27,101639,6144711,59.131707,59.32622,58.06189,58.937195,-0.583537,218
2026-03-30,159687,9728511,57.672866,60.493293,57.57561,59.8125,0.875305,282
2026-03-31,113724,7001557,59.32622,60.979573,58.937195,59.034451,-0.778049,290
2026-04-01,99177,6133546,59.520732,60.785061,59.423476,60.687805,1.653354,157
2026-04-02,52409,3205473,59.909756,60.882317,58.839939,58.839939,-1.847866,169
2026-04-07,61866,3782567,59.228963,59.8125,59.131707,59.617988,0.778049,373
2026-04-08,170497,10659306,59.8125,61.465854,59.617988,60.785061,1.167073,555
2026-04-09,50476,3154906,60.396037,61.368598,60.201524,60.979573,0.194512,817
2026-04-10,118002,7449625,61.56311,62.632927,60.396037,60.882317,-0.097256,672
2026-04-13,148671,9280301,60.687805,61.271341,59.8125,60.979573,0.097256,263
2026-04-14,161050,10181819,61.271341,62.04939,60.882317,61.465854,0.486281,201
2026-04-15,95687,6083187,61.56311,62.243902,61.271341,62.04939,0.583536,458
2026-04-16,89366,5731797,62.341159,62.632927,61.757622,62.146646,0.097256,130
2026-04-17,101183,6471241,62.341159,62.535671,61.854878,62.243902,0.097256,459
2026-04-20,164784,10681775,62.04939,63.605488,62.04939,62.535671,0.291769,175
2026-04-21,104852,6791117,62.924695,63.410976,62.243902,63.216463,0.680792,136
2026-04-22,48528,3138112,62.924695,63.31372,62.438415,63.021951,-0.194512,61
2026-04-23,105428,6647883,62.632927,62.632927,60.493293,61.368598,-1.653353,325
2026-04-24,74256,4618934,61.368598,61.368598,60.29878,60.493293,-0.875305,105
2026-04-27,104168,6381733,59.617988,60.493293,58.839939,59.617988,-0.875305,168
2026-04-28,70435,4388619,61.174085,61.271341,59.32622,61.271341,1.653353,156
2026-04-29,68674,4385720,62.146646,62.827439,61.465854,61.854878,0.583537,103
2026-04-30,131676,8394568,61.465854,62.730183,61.076829,62.632927,0.778049,130
2026-05-04,154221,9954176,62.632927,63.605488,61.56311,63.021951,0.389024,191
2026-05-05,95948,6115311,62.535671,63.410976,60.979573,61.368598,-1.653353,326
2026-05-06,133902,8590679,62.632927,63.216463,61.174085,62.535671,1.167073,182
2026-05-07,77575,4955267,62.04939,62.535671,61.757622,62.535671,0.0,158
2026-05-08,64742,4158251,63.021951,63.021951,62.04939,62.535671,0.0,156
2026-05-11,45169,2891205,62.341159,62.438415,62.04939,62.341159,-0.194512,64
2026-05-12,107050,6724950,62.438415,62.438415,60.29878,60.785061,-1.556098,331
2026-05-13,101289,6319708,60.590549,62.341159,59.909756,62.04939,1.264329,116
2026-05-14,177677,11344517,61.368598,63.508232,60.979573,60.979573,-1.069817,226
2026-05-15,834067,56301899,65.356098,67.009451,63.702744,65.064329,4.084756,1048
2026-05-18,374846,24153609,63.31372,63.702744,61.660366,61.660366,-3.403963,815
2026-05-19,116464,7420183,61.660366,62.827439,61.271341,61.271341,-0.389025,252
2026-05-20,170989,10604561,60.882317,60.882317,59.909756,60.29878,-0.972561,223
2026-05-21,90420,5676063,60.29878,61.660366,60.29878,60.785061,0.486281,112
2026-05-22,133934,8360607,60.785061,61.271341,60.396037,60.882317,0.097256,199
2026-05-25,380392,24908684,62.924695,64.772561,62.730183,64.091768,3.209451,416
2026-05-26,456299,31171558,66.03689,69.051829,64.480793,64.967073,0.875305,772
2026-05-27,334670,21649243,65.064329,65.064329,61.757622,62.04939,-2.917683,683
2026-05-28,95061,6053260,62.243902,62.535671,60.882317,62.04939,0.0,125
2026-05-29,154771,9907082,62.04939,62.632927,61.660366,62.438415,0.389025,166
2026-06-01,346403,22816566,62.827439,64.967073,62.535671,64.189024,1.750609,361
2026-06-02,126814,8285668,63.605488,64.189024,62.924695,63.994512,-0.194512,345
2026-06-03,282540,19060935,65.356098,66.523171,64.28628,65.842378,1.847866,306
2026-06-04,93450,6230192,65.064329,65.55061,64.28628,64.772561,-1.069817,140
2026-06-05,111247,7407435,64.772561,65.745122,63.702744,65.258841,0.48628,159
2026-06-08,119606,7772224,62.827439,63.8,62.827439,63.31372,-1.945121,320
2026-06-09,166103,10782630,62.535671,63.8,62.535671,63.216463,-0.097257,317
2026-06-10,112207,7244005,62.04939,63.8,62.04939,62.827439,-0.389024,271
2026-06-11,118952,7647406,63.021951,63.508232,61.757622,63.216463,0.389024,156
2026-06-12,118778,7738376,63.605488,64.28628,62.827439,63.216463,0.0,127
2026-06-15,135545,8863788,63.702744,64.189024,63.021951,63.897256,0.680793,135
2026-06-16,306429,20653529,65.55061,66.134146,64.675305,65.647866,1.75061,310
2026-06-17,124698,8314226,65.356098,65.356098,64.383537,64.967073,-0.680793,453
2026-06-18,89504,5961146,65.258841,65.647866,64.383537,65.258841,0.291768,168
2026-06-22,216926,14236935,65.258841,65.258841,63.216463,64.383537,-0.875304,220
2026-06-23,115243,7641709,64.383537,64.772561,63.702744,64.675305,0.291768,136
2026-06-24,167145,11009071,64.772561,64.967073,63.216463,64.772561,0.097256,242
2026-06-25,61115,4066660,65.647866,65.647866,64.189024,64.869817,0.097256,75
2026-06-26,184421,12019807,63.994512,64.578049,62.632927,63.702744,-1.167073,243
2026-06-29,243035,15756980,63.31372,64.189024,62.341159,63.216463,-0.486281,204
2026-06-30,181734,11762777,63.410976,63.994512,62.438415,63.216463,0.0,174
2026-07-01,65716,4251937,63.410976,63.410976,62.535671,63.216463,0.0,73
2026-07-02,71198,4603665,63.216463,63.216463,62.632927,62.924695,-0.291768,89
2026-07-03,225497,14818111,62.438415,64.383537,62.438415,64.383537,1.458842,201
2026-07-06,531538,36449514,65.356098,68.857317,65.356098,66.425915,2.042378,684
2026-07-07,138448,9211624,66.425915,66.425915,64.189024,64.189024,-2.236891,433
2026-07-08,146628,9722703,64.578049,65.161585,63.994512,64.675305,0.486281,118
2026-07-09,108089,7182861,64.772561,65.161585,64.189024,64.869817,0.194512,225
2026-07-13,97930,6458939,65.161585,65.258841,63.605488,64.383537,-0.48628,143
2026-07-14,122909,8077549,64.772561,64.772561,63.410976,64.189024,-0.194513,133
2026-07-15,114013,7546932,64.480793,64.967073,63.605488,64.967073,0.778049,158
2026-07-16,124427,8324403,64.869817,65.745122,63.8,64.869817,-0.097256,134
2026-07-17,174945,11645501,64.578049,65.258841,63.994512,64.28628,-0.583537,200
2026-07-20,127571,8497777,64.869817,65.453354,63.897256,65.064329,0.778049,139
2026-07-21,38549,2573229,65.356098,65.453354,64.675305,65.064329,0.0,112
2026-07-22,101466,6725532,65.064329,65.161585,64.091768,64.091768,-0.972561,328
2026-07-23,87399,5717995,64.480793,64.480793,63.021951,63.994512,-0.097256,115
2026-07-24,122243,8091510,63.31372,64.967073,63.31372,64.869817,0.875305,132
2026-07-27,306191,20913351,65.161585,67.7875,64.869817,67.592988,2.723171,612
2026-07-28,166701,11392572,67.7875,67.7875,65.745122,66.328659,-1.264329,271
2026-07-29,502025,34849639,67.398476,68.371037,66.328659,68.176524,1.847865,976
2026-07-30,206349,14271775,67.982012,68.079268,66.328659,66.523171,-1.653353,485
2026-07-31,127249,8673775,66.620427,67.30122,65.647866,65.745122,-0.778049,471
2026-08-03,202737,13722506,65.258841,66.814939,64.578049,65.939634,0.194512,297
2026-08-04,310186,20630100,64.772561,65.745122,63.897256,64.675305,-1.264329,589
2026-08-05,181503,11999148,64.869817,65.356098,63.702744,63.8,-0.875305,224
2026-08-06,108820,6946636,63.5,64.5,63.5,64.2,0.4,175
2026-08-07,56314,3609124,63.9,64.6,63.7,64.0,-0.2,104
2026-08-10,55308,3571392,64.4,65.0,64.0,65.0,1.0,63
2026-08-11,63391,4135470,65.1,65.5,65.0,65.4,0.4,82
2026-08-12,34656,2264485,65.2,65.6,65.0,65.3,-0.1,51
2026-08-13,39518,2577253,65.5,65.6,64.7,64.9,-0.4,50
2026-08-14,52171,3379400,65.0,65.2,64.3,65.0,0.1,97
