date,Trading_Volume,Trading_money,open,max,min,close,spread,Trading_turnover
2015-01-05,2163027,44713173,12.326344,12.598249,12.265921,12.507614,0.241693,947
2015-01-06,1049208,21468327,12.386767,12.447191,12.296133,12.326344,-0.18127,425
2015-01-07,691405,14216704,12.326344,12.507614,12.326344,12.356556,0.030212,378
2015-01-08,1021142,21020482,12.507614,12.507614,12.356556,12.386767,0.030211,405
2015-01-09,610272,12532210,12.477402,12.477402,12.386767,12.386767,0.0,257
2015-01-12,744102,15309428,12.386767,12.477402,12.386767,12.386767,0.0,267
2015-01-13,568717,11651587,12.326344,12.416979,12.326344,12.416979,0.030212,235
2015-01-14,418614,8567519,12.416979,12.447191,12.326344,12.386767,-0.030212,227
2015-01-15,963942,19856023,12.416979,12.537826,12.356556,12.507614,0.120847,509
2015-01-16,736563,15104391,12.507614,12.507614,12.326344,12.356556,-0.151058,356
2015-01-19,603829,12464998,12.356556,12.62846,12.356556,12.386767,0.030211,312
2015-01-20,309188,6337069,12.386767,12.416979,12.356556,12.386767,0.0,221
2015-01-21,552043,11262552,12.356556,12.386767,12.296133,12.296133,-0.090634,278
2015-01-22,696336,14196003,12.416979,12.416979,12.265921,12.296133,0.0,323
2015-01-23,816318,16693788,12.356556,12.416979,12.296133,12.296133,0.0,328
2015-01-26,583804,11904815,12.326344,12.386767,12.265921,12.296133,0.0,263
2015-01-27,863353,17682097,12.326344,12.477402,12.296133,12.296133,0.0,367
2015-01-28,508067,10382540,12.296133,12.386767,12.265921,12.296133,0.0,247
2015-01-29,537189,10945365,12.296133,12.356556,12.265921,12.296133,0.0,265
2015-01-30,733372,14986980,12.326344,12.386767,12.296133,12.386767,0.090634,470
2015-02-02,346903,7086816,12.326344,12.386767,12.296133,12.296133,-0.090634,179
2015-02-03,717195,14669989,12.296133,12.416979,12.296133,12.296133,0.0,366
2015-02-04,679003,13829543,12.386767,12.386767,12.265921,12.296133,0.0,284
2015-02-05,479354,9735794,12.296133,12.326344,12.235709,12.235709,-0.060424,258
2015-02-06,239636,4867844,12.235709,12.356556,12.235709,12.265921,0.030212,145
2015-02-09,331612,6725854,12.265921,12.296133,12.235709,12.235709,-0.030212,169
2015-02-10,414453,8405982,12.235709,12.326344,12.205498,12.205498,-0.030211,257
2015-02-11,424795,8599664,12.175286,12.326344,12.175286,12.235709,0.030211,215
2015-02-12,1248215,25567068,12.205498,12.447191,12.205498,12.416979,0.18127,572
2015-02-13,466419,9509570,12.416979,12.416979,12.265921,12.296133,-0.120846,262
2015-02-24,350146,7138640,12.296133,12.386767,12.265921,12.296133,0.0,242
2015-02-25,368120,7506816,12.296133,12.386767,12.296133,12.296133,0.0,213
2015-02-26,2292941,47625550,12.326344,12.658672,12.326344,12.568037,0.271904,921
2015-03-02,644508,13382846,12.598249,12.598249,12.477402,12.507614,-0.060423,281
2015-03-03,665415,13741564,12.507614,12.537826,12.416979,12.416979,-0.090635,328
2015-03-04,542081,11150382,12.416979,12.477402,12.386767,12.386767,-0.030212,379
2015-03-05,451209,9275295,12.386767,12.477402,12.386767,12.386767,0.0,291
2015-03-06,356983,7336634,12.386767,12.477402,12.386767,12.447191,0.060424,251
2015-03-09,567119,11671807,12.447191,12.477402,12.386767,12.416979,-0.030212,323
2015-03-10,1089448,22554942,12.386767,12.62846,12.386767,12.416979,0.0,541
2015-03-11,903648,18461354,12.356556,12.447191,12.235709,12.356556,-0.060423,407
2015-03-12,844677,17222015,12.356556,12.386767,12.296133,12.326344,-0.030212,341
2015-03-13,347000,7077568,12.326344,12.356556,12.296133,12.326344,0.0,226
2015-03-16,736000,14991130,12.326344,12.356556,12.265921,12.265921,-0.060423,385
2015-03-17,1046538,21278044,12.265921,12.326344,12.235709,12.235709,-0.030212,500
2015-03-18,702418,14344007,12.265921,12.386767,12.265921,12.326344,0.090635,412
2015-03-19,751557,15380287,12.326344,12.386767,12.326344,12.356556,0.030212,398
2015-03-20,1441470,29512263,12.356556,12.507614,12.265921,12.477402,0.120846,700
2015-03-23,1262251,26086981,12.507614,12.537826,12.447191,12.477402,0.0,453
2015-03-24,676829,13984716,12.507614,12.507614,12.447191,12.477402,0.0,295
2015-03-25,436191,8953399,12.447191,12.477402,12.326344,12.447191,-0.030211,283
2015-03-26,801970,16391527,12.326344,12.416979,12.296133,12.296133,-0.151058,340
2015-03-27,1843928,38180584,12.386767,12.598249,12.386767,12.447191,0.151058,956
2015-03-30,2916559,60930291,12.447191,12.749307,12.447191,12.688884,0.241693,1423
2015-03-31,3220142,68439532,12.688884,12.900365,12.688884,12.779519,0.090635,1202
2015-04-01,1856114,39501675,12.719095,12.991,12.719095,12.80973,0.030211,620
2015-04-02,939802,19991034,12.80973,12.900365,12.80973,12.839942,0.030212,507
2015-04-07,3620531,78933204,12.900365,13.35354,12.870153,13.17227,0.332328,1631
2015-04-08,1743687,37923773,13.17227,13.262905,12.930577,13.17227,0.0,853
2015-04-09,1390557,30342819,13.17227,13.262905,13.081635,13.111846,-0.060424,718
2015-04-10,1489272,32620948,13.232693,13.293116,13.142058,13.262905,0.151059,711
2015-04-13,1439161,31575728,13.262905,13.293116,13.202481,13.232693,-0.030212,779
2015-04-14,2388349,52803293,13.17227,13.534809,13.17227,13.413963,0.18127,887
2015-04-15,1543660,34016047,13.413963,13.413963,13.232693,13.232693,-0.18127,526
2015-04-16,1154905,25400598,13.232693,13.413963,13.17227,13.17227,-0.060423,500
2015-04-17,973250,21247964,13.17227,13.323328,13.081635,13.262905,0.090635,462
2015-04-20,868775,19140581,13.262905,13.383751,13.232693,13.232693,-0.030212,454
2015-04-21,1027024,22332928,13.262905,13.35354,13.051423,13.051423,-0.18127,495
2015-04-22,719300,15660733,13.081635,13.293116,13.021212,13.202481,0.151058,403
2015-04-23,827244,18152744,13.202481,13.323328,13.142058,13.262905,0.060424,369
2015-04-24,1194078,26273288,13.262905,13.35354,13.262905,13.293116,0.030211,703
2015-04-27,1134527,24981191,13.293116,13.35354,13.262905,13.262905,-0.030211,560
2015-04-28,1677284,37327782,13.262905,13.565021,13.232693,13.444174,0.181269,839
2015-04-29,858012,18977364,13.444174,13.474386,13.293116,13.35354,-0.090634,457
2015-04-30,1064990,23470418,13.444174,13.444174,13.262905,13.323328,-0.030212,544
2015-05-04,511627,11311044,13.293116,13.413963,13.293116,13.35354,0.030212,280
2015-05-05,2663445,59975539,13.35354,13.716079,13.323328,13.655656,0.302116,1238
2015-05-06,1604825,36287344,13.655656,13.716079,13.595233,13.685867,0.030211,773
2015-05-07,1308734,29469454,13.685867,13.685867,13.534809,13.534809,-0.151058,537
2015-05-08,4904691,112930643,13.776502,14.2901,13.534809,13.534809,0.0,2160
2015-05-11,2627365,57666165,13.595233,13.655656,12.930577,13.202481,-0.332328,1271
2015-05-12,817844,18054435,13.202481,13.413963,13.17227,13.413963,0.211482,454
2015-05-13,1034365,23151256,13.413963,13.625444,13.323328,13.534809,0.120846,520
2015-05-14,983451,21695704,13.534809,13.534809,13.232693,13.232693,-0.302116,517
2015-05-15,824259,18023993,13.232693,13.35354,13.111846,13.17227,-0.060423,402
2015-05-18,850709,18342769,13.17227,13.17227,12.991,12.991,-0.18127,449
2015-05-19,743205,16093176,12.991,13.293116,12.991,13.051423,0.060423,430
2015-05-20,550570,11868355,13.081635,13.142058,12.930577,13.051423,0.0,271
2015-05-21,666688,14418835,13.051423,13.262905,12.930577,12.991,-0.060423,396
2015-05-22,412436,8883218,12.991,13.111846,12.960788,13.021212,0.030212,226
2015-05-25,458524,9881112,13.051423,13.111846,12.991,12.991,-0.030212,235
2015-05-26,329549,7102018,13.081635,13.111846,12.991,12.991,0.0,167
2015-05-27,538031,11573406,13.081635,13.081635,12.960788,12.991,0.0,200
2015-05-28,680016,14597434,12.991,13.051423,12.900365,12.960788,-0.030212,349
2015-05-29,669152,14255579,12.991,12.991,12.80973,12.80973,-0.151058,357
2015-06-01,1038727,22391993,12.80973,13.142058,12.779519,13.142058,0.332328,446
2015-06-02,356697,7691231,13.111846,13.111846,12.991,12.991,-0.151058,198
2015-06-03,611050,13027857,13.021212,13.051423,12.80973,12.870153,-0.120847,343
2015-06-04,1126701,23664678,12.779519,12.839942,12.537826,12.62846,-0.241693,487
2015-06-05,745961,15532475,12.568037,12.658672,12.537826,12.568037,-0.060423,383
2015-06-08,472173,9780471,12.568037,12.658672,12.447191,12.537826,-0.030211,247
2015-06-09,1569825,31755900,12.507614,12.658672,11.994016,12.084651,-0.453175,636
2015-06-10,957577,19262351,12.084651,12.326344,12.084651,12.205498,0.120847,363
2015-06-11,1147609,22900780,12.175286,12.175286,11.963805,12.084651,-0.120847,541
2015-06-12,4678593,84284824,10.876186,11.057456,10.876186,10.876186,-1.208465,1199
2015-06-15,11042448,194025602,10.271953,10.876186,10.271953,10.876186,0.0,2268
2015-06-16,2484599,44159299,10.75534,10.845974,10.664705,10.75534,-0.120846,947
2015-06-17,1763321,31081635,10.75534,10.785551,10.57407,10.694916,-0.060424,916
2015-06-18,2571729,45042151,10.664705,10.664705,10.483435,10.634493,-0.060423,984
2015-06-22,1917620,33484340,10.664705,10.725128,10.483435,10.634493,0.0,885
2015-06-23,1773929,31303185,10.664705,10.75534,10.604281,10.664705,0.030212,648
2015-06-24,1178627,20653013,10.664705,10.75534,10.513646,10.604281,-0.060424,704
2015-06-25,1403574,24653992,10.57407,10.634493,10.57407,10.634493,0.030212,412
2015-06-26,1111834,19821671,10.634493,10.876186,10.604281,10.876186,0.241693,447
2015-06-29,1043921,18575199,10.815763,10.845974,10.634493,10.664705,-0.211481,495
2015-06-30,605500,10811417,10.664705,10.906398,10.664705,10.785551,0.120846,284
2015-07-01,967921,17630209,10.876186,11.057456,10.876186,10.997033,0.211482,416
2015-07-02,761713,13881574,10.997033,11.087667,10.966821,10.966821,-0.030212,423
2015-07-03,512646,9299078,10.966821,10.997033,10.936609,10.936609,-0.030212,234
2015-07-06,674631,12172418,10.906398,10.997033,10.845974,10.845974,-0.090635,319
2015-07-07,433564,7837568,10.876186,11.027244,10.845974,10.876186,0.030212,164
2015-07-08,1115125,19883737,10.876186,10.936609,10.664705,10.906398,0.030212,421
2015-07-09,1205578,21303990,10.876186,10.876186,10.543858,10.876186,-0.030212,456
2015-07-13,1086483,19520680,10.75534,10.997033,10.725128,10.997033,0.120847,354
2015-07-14,689301,12468431,10.997033,11.027244,10.876186,10.906398,-0.090635,317
2015-07-15,396337,7135894,10.997033,10.997033,10.815763,10.815763,-0.090635,204
2015-07-16,223555,4025521,10.876186,10.936609,10.845974,10.876186,0.060423,160
2015-07-17,230309,4134626,10.876186,10.936609,10.815763,10.845974,-0.030212,152
2015-07-20,550752,9797829,10.876186,10.906398,10.694916,10.694916,-0.151058,316
2015-07-21,334591,5936896,10.634493,10.785551,10.634493,10.664705,-0.030211,154
2015-07-22,461562,8116809,10.664705,10.725128,10.57407,10.57407,-0.090635,220
2015-07-23,521343,9144583,10.57407,10.75534,10.513646,10.694916,0.120846,293
2015-07-24,245504,4304618,10.694916,10.694916,10.57407,10.57407,-0.120846,162
2015-07-27,892452,15391792,10.57407,10.604281,10.271953,10.362588,-0.211482,387
2015-07-28,701000,11891191,10.302165,10.362588,10.181319,10.271953,-0.090635,343
2015-07-29,302600,5158456,10.271953,10.3928,10.241742,10.362588,0.090635,167
2015-07-30,346000,6021093,10.453223,10.57407,10.453223,10.483435,0.120847,206
2015-07-31,184367,3188907,10.483435,10.604281,10.3928,10.423012,-0.060423,140
2015-08-03,212396,3630832,10.423012,10.423012,10.271953,10.332377,-0.090635,179
2015-08-04,447637,7624279,10.271953,10.332377,10.271953,10.271953,-0.060424,205
2015-08-05,336709,5753168,10.271953,10.423012,10.271953,10.3928,0.120847,225
2015-08-06,263738,4531916,10.3928,10.483435,10.302165,10.332377,-0.060423,164
2015-08-07,317544,5407971,10.302165,10.332377,10.241742,10.302165,-0.030212,193
2015-08-10,830639,14579521,10.3928,10.815763,10.3928,10.815763,0.513598,379
2015-08-11,2296900,42064616,11.238726,11.359572,10.725128,10.815763,0.0,1093
2015-08-12,681450,11958669,10.815763,10.815763,10.483435,10.604281,-0.211482,338
2015-08-13,277171,4860355,10.604281,10.664705,10.543858,10.604281,0.0,171
2015-08-14,241746,4231627,10.604281,10.664705,10.513646,10.634493,0.030212,137
2015-08-17,312966,5505696,10.664705,10.664705,10.57407,10.664705,0.030212,197
2015-08-18,448488,7823204,10.664705,10.664705,10.483435,10.483435,-0.18127,291
2015-08-19,748688,12759548,10.423012,10.483435,10.21153,10.241742,-0.241693,473
2015-08-20,356337,6058490,10.241742,10.332377,10.181319,10.271953,0.030211,211
2015-08-21,1434075,23995543,10.271953,10.271953,10.000049,10.151107,-0.120846,483
2015-08-24,1691434,26586474,9.969837,10.060472,9.154123,9.365605,-0.785502,852
2015-08-25,1027526,16166951,9.365605,9.637509,9.184335,9.516663,0.151058,437
2015-08-26,838578,13298198,9.516663,9.788567,9.426028,9.788567,0.271904,390
2015-08-27,968500,16056395,9.969837,10.120895,9.939626,10.03026,0.241693,509
2015-08-28,1330873,22722791,10.181319,10.3928,10.151107,10.332377,0.302117,748
2015-08-31,1140965,18083639,10.39736,10.429852,10.20241,10.267393,-0.064984,599
2015-09-01,432536,6863111,10.267393,10.39736,10.267393,10.299885,0.032492,222
2015-09-02,402075,6309882,10.267393,10.267393,10.137426,10.234901,-0.064984,253
2015-09-03,374722,5921200,10.299885,10.299885,10.234901,10.299885,0.064984,261
2015-09-04,246126,3888428,10.299885,10.332377,10.234901,10.234901,-0.064984,167
2015-09-07,131625,2064946,10.234901,10.234901,10.137426,10.234901,0.0,98
2015-09-08,259367,4062737,10.137426,10.234901,10.137426,10.169918,-0.064983,129
2015-09-09,232037,3676231,10.234901,10.332377,10.234901,10.332377,0.162459,158
2015-09-10,542687,8693092,10.332377,10.559819,10.299885,10.429852,0.097475,245
2015-09-11,859168,14039517,10.592311,10.689786,10.559819,10.592311,0.162459,470
2015-09-14,408954,6707446,10.624802,10.754769,10.592311,10.624802,0.032491,218
2015-09-15,162060,2641119,10.592311,10.657294,10.559819,10.559819,-0.064983,136
2015-09-16,328889,5351647,10.559819,10.624802,10.527327,10.592311,0.032492,234
2015-09-17,463826,7611499,10.624802,10.754769,10.592311,10.657294,0.064983,298
2015-09-18,362590,5953722,10.657294,10.722278,10.592311,10.657294,0.0,264
2015-09-21,466305,7528436,10.657294,10.689786,10.429852,10.429852,-0.227442,326
2015-09-22,375285,6045492,10.527327,10.559819,10.39736,10.527327,0.097475,257
2015-09-23,357496,5737480,10.494835,10.527327,10.39736,10.429852,-0.097475,253
2015-09-24,1674235,27461820,10.429852,10.852245,10.429852,10.722278,0.292426,761
2015-09-25,504488,8218599,10.657294,10.657294,10.527327,10.527327,-0.194951,268
2015-09-30,252893,4115013,10.429852,10.689786,10.429852,10.592311,0.064984,154
2015-10-01,386233,6334253,10.624802,10.722278,10.624802,10.657294,0.064983,186
2015-10-02,187116,3068144,10.624802,10.689786,10.592311,10.689786,0.032492,124
2015-10-05,513674,8512680,10.624802,10.884736,10.624802,10.754769,0.064983,283
2015-10-06,324487,5374328,10.819753,10.852245,10.689786,10.689786,-0.064983,218
2015-10-07,1061393,17851706,10.722278,11.047195,10.722278,10.884736,0.19495,529
2015-10-08,1682382,28620349,10.917228,11.177162,10.852245,11.014703,0.129967,769
2015-10-12,947468,16082906,11.014703,11.112179,10.884736,11.112179,0.097476,482
2015-10-13,586358,10015895,11.112179,11.242146,10.982212,10.982212,-0.129967,288
2015-10-14,324502,5476096,11.047195,11.047195,10.917228,10.94972,-0.032492,203
2015-10-15,788137,13400865,10.852245,11.177162,10.852245,11.079687,0.129967,286
2015-10-16,1148264,19622938,11.079687,11.14467,11.047195,11.112179,0.032492,163
2015-10-19,2773872,49272391,11.372113,11.69703,11.372113,11.437096,0.324917,865
2015-10-20,1201655,21269932,11.469588,11.567063,11.372113,11.567063,0.129967,520
2015-10-21,544411,9590080,11.632047,11.664539,11.372113,11.50208,-0.064983,304
2015-10-22,777318,13642927,11.50208,11.50208,11.307129,11.469588,-0.032492,325
2015-10-23,637741,11192746,11.469588,11.534572,11.274637,11.469588,0.0,359
2015-10-26,1957950,35130298,11.469588,11.826997,11.469588,11.534572,0.064984,581
2015-10-27,451445,8045216,11.534572,11.664539,11.50208,11.50208,-0.032492,197
2015-10-28,201757,3560271,11.469588,11.50208,11.437096,11.437096,-0.064984,128
2015-10-29,339017,5934890,11.50208,11.534572,11.274637,11.274637,-0.162459,208
2015-10-30,240877,4178860,11.372113,11.372113,11.177162,11.307129,0.032492,164
2015-11-02,261198,4558143,11.307129,11.437096,11.307129,11.339621,0.032492,153
2015-11-03,241422,4239054,11.372113,11.469588,11.372113,11.404605,0.064984,155
2015-11-04,636248,11204946,11.404605,11.534572,11.339621,11.437096,0.032491,287
2015-11-05,279727,4927666,11.50208,11.534572,11.404605,11.404605,-0.032491,167
2015-11-06,189357,3312705,11.534572,11.534572,11.307129,11.307129,-0.097476,133
2015-11-09,194723,3365768,11.404605,11.404605,11.177162,11.177162,-0.129967,156
2015-11-10,378710,6435025,11.079687,11.112179,11.014703,11.014703,-0.162459,211
2015-11-11,269155,4544430,10.94972,11.014703,10.917228,10.917228,-0.097475,157
2015-11-12,171003,2878101,10.852245,11.047195,10.852245,10.982212,0.064984,97
2015-11-13,908751,15868288,11.274637,11.567063,11.177162,11.274637,0.292425,412
2015-11-16,387724,6672211,11.209654,11.274637,11.112179,11.14467,-0.129967,212
2015-11-17,267499,4650049,11.274637,11.372113,11.242146,11.307129,0.162459,153
2015-11-18,477211,8323215,11.307129,11.437096,11.209654,11.372113,0.064984,276
2015-11-19,496845,8777004,11.437096,11.534572,11.404605,11.50208,0.129967,306
2015-11-20,296233,5247079,11.599555,11.599555,11.437096,11.437096,-0.064984,183
2015-11-23,308707,5417522,11.437096,11.469588,11.339621,11.404605,-0.032491,187
2015-11-24,211856,3701238,11.404605,11.404605,11.242146,11.372113,-0.032492,124
2015-11-25,262909,4576666,11.437096,11.437096,11.242146,11.307129,-0.064984,138
2015-11-26,268684,4682261,11.339621,11.404605,11.274637,11.307129,0.0,187
2015-11-27,336991,5848392,11.307129,11.339621,11.209654,11.209654,-0.097475,201
2015-11-30,358429,6148045,11.177162,11.242146,11.047195,11.242146,0.032492,205
2015-12-01,263547,4583978,11.339621,11.404605,11.242146,11.242146,0.0,178
2015-12-02,245559,4251636,11.274637,11.339621,11.209654,11.274637,0.032491,187
2015-12-03,223568,3863139,11.209654,11.274637,11.209654,11.209654,-0.064983,139
2015-12-04,222053,3841853,11.209654,11.307129,11.177162,11.274637,0.064983,137
2015-12-07,413853,7248719,11.274637,11.50208,11.209654,11.437096,0.162459,245
2015-12-08,338993,5895518,11.372113,11.404605,11.242146,11.242146,-0.19495,236
2015-12-09,282733,4884255,11.339621,11.339621,11.177162,11.209654,-0.032492,149
2015-12-10,353829,6105155,11.209654,11.242146,11.177162,11.242146,0.032492,159
2015-12-11,552231,9506885,11.209654,11.242146,11.112179,11.112179,-0.129967,246
2015-12-14,437424,7432122,11.047195,11.112179,10.982212,11.014703,-0.097476,303
2015-12-15,262162,4452041,11.047195,11.112179,10.982212,11.047195,0.032492,187
2015-12-16,252583,4317686,11.14467,11.177162,11.014703,11.14467,0.097475,123
2015-12-17,232858,3997357,11.14467,11.242146,11.112179,11.14467,0.0,165
2015-12-18,426715,7149685,11.14467,11.177162,10.689786,10.689786,-0.454884,262
2015-12-21,402637,6816765,10.917228,11.047195,10.917228,11.014703,0.324917,249
2015-12-22,430028,7281026,11.014703,11.079687,10.94972,10.94972,-0.064983,204
2015-12-23,332649,5653306,10.982212,11.112179,10.982212,11.047195,0.097475,232
2015-12-24,303988,5181096,11.047195,11.14467,11.014703,11.047195,0.0,209
2015-12-25,703517,11840106,11.047195,11.047195,10.884736,10.982212,-0.064983,294
2015-12-28,749432,12564647,10.982212,10.982212,10.852245,10.884736,-0.097476,389
2015-12-29,755920,12609753,10.917228,10.982212,10.787261,10.852245,-0.032491,453
2015-12-30,1018507,16932758,10.917228,10.982212,10.722278,10.884736,0.032491,332
2015-12-31,379717,6422736,10.917228,11.047195,10.917228,10.982212,0.097476,216
2016-01-04,332494,5597210,10.982212,10.982212,10.884736,10.94972,-0.032492,161
2016-01-05,252968,4266755,10.917228,10.982212,10.884736,10.94972,0.0,134
2016-01-06,677933,11450014,10.94972,11.014703,10.917228,10.982212,0.032492,210
2016-01-07,528125,8808972,10.982212,10.982212,10.754769,10.787261,-0.194951,308
2016-01-08,256637,4269221,10.754769,10.884736,10.722278,10.852245,0.064984,146
2016-01-11,447131,7429654,10.982212,10.982212,10.754769,10.787261,-0.064984,223
2016-01-12,367800,6112043,10.852245,10.917228,10.754769,10.754769,-0.032492,192
2016-01-13,634311,10501539,10.787261,10.917228,10.689786,10.754769,0.0,213
2016-01-14,419552,6892468,10.689786,10.722278,10.592311,10.657294,-0.097475,200
2016-01-15,225224,3720455,10.722278,10.787261,10.689786,10.689786,0.032492,124
2016-01-18,1398330,23614660,10.592311,11.177162,10.592311,11.112179,0.422393,606
2016-01-19,691382,11658946,11.047195,11.047195,10.852245,10.982212,-0.129967,309
2016-01-20,379212,6321994,10.982212,10.982212,10.754769,10.787261,-0.194951,235
2016-01-21,310696,5180053,10.884736,10.884736,10.787261,10.787261,0.0,142
2016-01-22,206201,3440782,10.884736,10.917228,10.787261,10.819753,0.032492,132
2016-01-25,409273,6874903,10.884736,10.982212,10.852245,10.852245,0.032492,196
2016-01-26,368427,6241681,10.884736,11.079687,10.884736,10.982212,0.129967,197
2016-01-27,192543,3261765,11.047195,11.112179,10.94972,11.014703,0.032491,105
2016-01-28,326457,5545688,11.079687,11.079687,11.014703,11.014703,0.0,169
2016-01-29,516254,8753818,11.047195,11.112179,10.94972,11.047195,0.032492,233
2016-01-30,309364,5303816,11.177162,11.209654,11.079687,11.112179,0.064984,190
2016-02-01,369112,6274073,11.047195,11.14467,10.982212,10.982212,-0.129967,215
2016-02-02,170848,2895866,10.982212,11.047195,10.982212,11.014703,0.032491,98
2016-02-03,200730,3397007,11.014703,11.047195,10.94972,11.014703,0.0,131
2016-02-15,1710877,30097334,11.242146,11.599555,11.14467,11.437096,0.422393,797
2016-02-16,1300044,23211120,11.567063,11.69703,11.469588,11.599555,0.162459,534
2016-02-17,703523,12539890,11.69703,11.69703,11.50208,11.534572,-0.064983,403
2016-02-18,796250,14136118,11.599555,11.664539,11.469588,11.50208,-0.032492,459
2016-02-19,3717099,67877310,11.534572,12.05444,11.50208,12.021948,0.519868,1487
2016-02-22,2768959,52147303,12.086931,12.379357,12.05444,12.346865,0.324917,1159
2016-02-23,1936658,36565558,12.346865,12.411849,12.184407,12.216898,-0.129967,1140
2016-02-24,2015004,37681410,12.281882,12.314374,12.021948,12.05444,-0.162458,712
2016-02-25,959200,17969338,12.086931,12.24939,12.086931,12.216898,0.162458,415
2016-02-26,1521451,28934919,12.281882,12.444341,12.281882,12.346865,0.129967,648
2016-03-01,803324,15371313,12.476832,12.476832,12.346865,12.476832,0.129967,419
2016-03-02,1317502,25201623,12.541816,12.606799,12.24939,12.281882,-0.19495,615
2016-03-03,1106340,20923906,12.24939,12.379357,12.216898,12.281882,0.0,438
2016-03-04,3377889,64854506,12.379357,12.606799,12.314374,12.541816,0.259934,1072
2016-03-07,2248223,43782267,12.671783,12.834242,12.509324,12.541816,0.0,824
2016-03-08,1348701,25691369,12.509324,12.541816,12.314374,12.346865,-0.194951,605
2016-03-09,1212789,23063894,12.346865,12.444341,12.281882,12.346865,0.0,445
2016-03-10,1900677,35746379,12.314374,12.379357,12.119423,12.184407,-0.162458,618
2016-03-11,1049792,19583979,12.151915,12.24939,12.05444,12.184407,0.0,469
2016-03-14,1007646,18923141,12.184407,12.346865,12.119423,12.184407,0.0,404
2016-03-15,1020095,19047197,12.184407,12.281882,12.086931,12.086931,-0.097476,468
2016-03-16,964314,18082778,12.086931,12.281882,12.086931,12.24939,0.162459,428
2016-03-17,840296,15883727,12.346865,12.379357,12.151915,12.151915,-0.097475,290
2016-03-18,1387320,26159224,12.184407,12.314374,12.184407,12.184407,0.032492,498
2016-03-21,727680,13749934,12.314374,12.346865,12.184407,12.314374,0.129967,257
2016-03-22,943708,17897068,12.346865,12.346865,12.281882,12.314374,0.0,450
2016-03-23,697605,13153367,12.314374,12.346865,12.184407,12.184407,-0.129967,264
2016-03-24,3293317,61586700,12.184407,12.24939,12.119423,12.151915,-0.032492,283
2016-03-25,507483,9579640,12.184407,12.314374,12.184407,12.314374,0.162459,254
2016-03-28,1878220,35584378,12.346865,12.444341,12.281882,12.281882,-0.032492,303
2016-03-29,759932,14322612,12.281882,12.314374,12.184407,12.216898,-0.064984,325
2016-03-30,2546784,46600748,11.891981,12.021948,11.762014,11.859489,-0.357409,1171
2016-03-31,1323799,23991615,11.826997,11.924473,11.69703,11.729522,-0.129967,572
2016-04-01,735982,13306076,11.729522,11.826997,11.69703,11.729522,0.0,420
2016-04-06,695583,12628456,11.729522,11.859489,11.729522,11.859489,0.129967,423
2016-04-07,433958,7858681,11.859489,11.859489,11.729522,11.762014,-0.097475,275
2016-04-08,272507,4937218,11.69703,11.826997,11.69703,11.794506,0.032492,149
2016-04-11,1473266,27569403,12.24939,12.24939,12.021948,12.151915,0.357409,740
2016-04-12,812048,14952562,11.989456,12.151915,11.826997,11.956964,-0.194951,508
2016-04-13,403407,7452143,12.021948,12.05444,11.956964,12.05444,0.097476,213
2016-04-14,309886,5734834,12.086931,12.119423,11.956964,12.05444,0.0,183
2016-04-15,370828,6834332,12.05444,12.05444,11.924473,11.989456,-0.064984,196
2016-04-18,618928,11505943,11.956964,12.151915,11.956964,12.119423,0.129967,356
2016-04-19,1124754,21101867,12.151915,12.24939,12.119423,12.24939,0.129967,603
2016-04-20,530408,9905301,12.24939,12.24939,12.086931,12.086931,-0.162459,287
2016-04-21,639624,11936887,12.086931,12.184407,12.05444,12.151915,0.064984,328
2016-04-22,1182276,22277343,12.151915,12.346865,12.086931,12.119423,-0.032492,629
2016-04-25,298995,5585474,12.151915,12.184407,12.119423,12.151915,0.032492,208
2016-04-26,332380,6202558,12.119423,12.184407,12.086931,12.086931,-0.064984,206
2016-04-27,620852,11529899,12.119423,12.151915,11.989456,12.119423,0.032492,273
2016-04-28,336125,6255150,12.151915,12.151915,12.05444,12.05444,-0.064983,186
2016-04-29,294459,5447542,12.05444,12.05444,11.989456,12.021948,-0.032492,171
2016-05-03,369738,6796512,11.989456,12.05444,11.891981,11.956964,-0.064984,195
2016-05-04,810472,14716496,11.989456,11.989456,11.69703,11.69703,-0.259934,408
2016-05-05,752659,13627341,11.69703,11.924473,11.69703,11.891981,0.194951,296
2016-05-06,488457,8839016,11.859489,11.859489,11.729522,11.762014,-0.129967,228
2016-05-09,249768,4521474,11.826997,11.826997,11.729522,11.762014,0.0,133
2016-05-10,346698,6263814,11.762014,11.826997,11.69703,11.729522,-0.032492,187
2016-05-11,274674,4961732,11.794506,11.794506,11.69703,11.69703,-0.032492,152
2016-05-12,422989,7613497,11.69703,11.762014,11.632047,11.632047,-0.064983,231
2016-05-13,1020905,17946824,11.599555,11.599555,11.307129,11.404605,-0.227442,533
2016-05-16,309599,5410108,11.372113,11.437096,11.307129,11.404605,0.0,176
2016-05-17,377617,6690846,11.372113,11.599555,11.372113,11.567063,0.162458,184
2016-05-18,214921,3808297,11.534572,11.567063,11.469588,11.50208,-0.064983,133
2016-05-19,470004,8292817,11.567063,11.567063,11.404605,11.50208,0.0,156
2016-05-20,182708,3233242,11.469588,11.567063,11.404605,11.50208,0.0,115
2016-05-23,958883,17145994,11.50208,11.794506,11.50208,11.762014,0.259934,302
2016-05-24,1492422,27430096,11.632047,12.086931,11.632047,11.924473,0.162459,624
2016-05-25,1232613,22732293,11.989456,12.05444,11.859489,11.989456,0.064983,445
2016-05-26,444089,8166664,11.956964,12.021948,11.891981,11.891981,-0.097475,214
2016-05-27,1222829,22594532,11.924473,12.086931,11.924473,12.021948,0.129967,547
2016-05-30,475281,8759469,12.021948,12.021948,11.924473,11.956964,-0.064984,211
2016-05-31,537970,9888246,11.989456,12.021948,11.859489,11.989456,0.032492,240
2016-06-01,512460,9475884,11.924473,12.086931,11.924473,11.989456,0.0,242
2016-06-02,445436,8146623,11.989456,11.989456,11.794506,11.826997,-0.162459,272
2016-06-03,440271,7992652,11.826997,11.891981,11.762014,11.794506,-0.032491,182
2016-06-04,693023,12703167,11.794506,11.956964,11.762014,11.956964,0.162458,286
2016-06-06,578575,10488223,11.956964,11.956964,11.729522,11.762014,-0.19495,380
2016-06-07,954661,17260859,11.762014,11.859489,11.69703,11.762014,0.0,332
2016-06-08,445161,8073110,11.826997,11.826997,11.729522,11.794506,0.032492,272
2016-06-13,332238,6026616,11.762014,11.826997,11.729522,11.794506,0.0,177
2016-06-14,216102,3931354,11.762014,11.859489,11.762014,11.826997,0.032491,120
2016-06-15,798437,14603539,11.762014,11.989456,11.762014,11.956964,0.129967,415
2016-06-16,651560,11903934,11.956964,11.989456,11.794506,11.794506,-0.162458,289
2016-06-17,1515800,28099914,11.859489,12.119423,11.859489,11.989456,0.19495,620
2016-06-20,839322,15542954,11.989456,12.086931,11.989456,12.05444,0.064984,371
2016-06-21,600878,11123338,12.05444,12.086931,11.956964,12.086931,0.032491,279
2016-06-22,644089,11951234,12.086931,12.119423,11.989456,12.021948,-0.064983,242
2016-06-23,261647,4843601,12.05444,12.086931,11.989456,11.989456,-0.032492,153
2016-06-24,879843,16057954,12.021948,12.021948,11.762014,11.826997,-0.162459,387
2016-06-27,503000,9177194,11.762014,11.956964,11.729522,11.859489,0.032492,309
2016-06-28,1012595,18732618,11.891981,12.119423,11.859489,12.05444,0.194951,439
2016-06-29,495663,9213087,12.151915,12.151915,12.021948,12.05444,0.0,288
2016-06-30,692169,12920395,12.086931,12.184407,12.05444,12.184407,0.129967,383
2016-07-01,702666,13158862,12.184407,12.216898,12.119423,12.119423,-0.064984,402
2016-07-04,531292,9987201,12.216898,12.281882,12.151915,12.184407,0.064984,228
2016-07-05,415683,7741010,12.216898,12.24939,12.05444,12.119423,-0.064984,222
2016-07-06,433702,8040749,12.119423,12.119423,12.021948,12.05444,-0.064983,188
2016-07-07,493756,9159630,12.05444,12.151915,12.021948,12.05444,0.0,246
2016-07-11,633917,11702812,12.05444,12.05444,11.956964,12.021948,-0.032492,297
2016-07-12,384831,7112922,12.021948,12.05444,11.989456,11.989456,-0.032492,215
2016-07-13,354787,6592156,12.021948,12.119423,12.021948,12.086931,0.097475,187
2016-07-14,323321,6024033,12.05444,12.151915,12.05444,12.086931,0.0,179
2016-07-15,641618,11926209,12.119423,12.151915,12.05444,12.05444,-0.032491,367
2016-07-18,391669,7317588,12.05444,12.184407,12.05444,12.151915,0.097475,264
2016-07-19,345934,6462367,12.151915,12.184407,12.086931,12.151915,0.0,214
2016-07-20,480434,8958770,12.151915,12.184407,12.05444,12.119423,-0.032492,304
2016-07-21,461582,8632294,12.119423,12.184407,12.119423,12.119423,0.0,271
2016-07-22,568095,10606313,12.119423,12.151915,12.086931,12.151915,0.032492,286
2016-07-25,444272,8288441,12.151915,12.151915,12.086931,12.086931,-0.064984,252
2016-07-26,403777,7487577,12.086931,12.086931,12.021948,12.021948,-0.064983,208
2016-07-27,603399,11156857,12.021948,12.05444,11.989456,12.021948,0.0,271
2016-07-28,369486,6830185,12.021948,12.05444,11.956964,12.021948,0.0,232
2016-07-29,459803,8498368,11.989456,12.05444,11.989456,11.989456,-0.032492,247
2016-08-01,223133,4123247,11.989456,12.086931,11.989456,12.021948,0.032492,105
2016-08-02,275727,5097653,12.021948,12.05444,11.989456,11.989456,-0.032492,153
2016-08-03,376857,6983600,11.989456,12.086931,11.989456,12.021948,0.032492,172
2016-08-04,402495,7497822,12.021948,12.151915,12.021948,12.119423,0.097475,187
2016-08-05,367598,6844856,12.151915,12.184407,12.05444,12.086931,-0.032492,176
2016-08-08,539525,10047508,12.151915,12.184407,12.021948,12.119423,0.032492,211
2016-08-09,299162,5555041,12.119423,12.119423,12.021948,12.05444,-0.064983,174
2016-08-10,869635,16295365,12.05444,12.24939,12.021948,12.216898,0.162458,383
2016-08-11,1312576,24832925,12.216898,12.411849,12.151915,12.346865,0.129967,503
2016-08-12,796387,14999267,12.281882,12.314374,12.184407,12.216898,-0.129967,298
2016-08-15,807708,15097733,12.086931,12.24939,12.086931,12.216898,0.0,293
2016-08-16,299228,5614294,12.216898,12.24939,12.151915,12.184407,-0.032491,168
2016-08-17,511289,9605012,12.184407,12.24939,12.184407,12.24939,0.064983,269
2016-08-18,746694,14176326,12.281882,12.411849,12.216898,12.346865,0.097475,404
2016-08-19,614419,11649016,12.346865,12.379357,12.24939,12.281882,-0.064983,318
2016-08-22,701261,13133902,12.281882,12.314374,12.086931,12.184407,-0.097475,357
2016-08-23,489480,9197442,12.151915,12.24939,12.151915,12.184407,0.0,189
2016-08-24,378932,7126655,12.184407,12.281882,12.184407,12.281882,0.097475,209
2016-08-25,1037125,19706825,12.24939,12.411849,12.24939,12.411849,0.129967,487
2016-08-26,870170,16599430,12.444341,12.476832,12.346865,12.379357,-0.032492,435
2016-08-29,3164385,60503133,12.379357,12.476832,12.346865,12.444341,0.064984,1056
2016-08-30,1277944,23206474,12.512904,12.547186,12.410059,12.410059,-0.034282,654
2016-08-31,757192,13602619,12.410059,12.410059,12.238649,12.272931,-0.137128,390
2016-09-01,483199,8599464,12.272931,12.341495,12.135803,12.170085,-0.102846,273
2016-09-02,774367,13636718,12.170085,12.204367,11.998675,12.101521,-0.068564,365
2016-09-05,542832,9624869,12.101521,12.272931,12.067239,12.204367,0.102846,218
2016-09-06,260270,4632792,12.204367,12.238649,12.170085,12.204367,0.0,165
2016-09-07,389092,6926180,12.170085,12.238649,12.170085,12.204367,0.0,198
2016-09-08,764664,13665208,12.204367,12.341495,12.204367,12.272931,0.068564,342
2016-09-09,2045699,35655021,12.067239,12.101521,11.655856,12.067239,-0.205692,858
2016-09-10,486732,8514533,11.930112,12.135803,11.861548,11.964394,-0.102845,221
2016-09-12,371358,6470607,11.930112,11.998675,11.930112,11.930112,-0.034282,202
2016-09-13,483116,8411603,11.964394,12.032957,11.89583,11.89583,-0.034282,245
2016-09-14,412780,7204596,11.998675,11.998675,11.89583,11.998675,0.102845,160
2016-09-19,394646,6900834,11.998675,12.032957,11.930112,11.998675,0.0,222
2016-09-20,298381,5225215,12.067239,12.067239,11.964394,11.998675,0.0,165
2016-09-21,648472,11385998,12.032957,12.170085,11.964394,12.135803,0.137128,333
2016-09-22,359922,6342730,12.135803,12.170085,12.032957,12.067239,-0.068564,202
2016-09-23,694149,12353833,12.101521,12.341495,12.101521,12.170085,0.102846,302
2016-09-26,705843,12486063,12.170085,12.204367,12.032957,12.135803,-0.034282,248
2016-09-29,360249,6397434,12.204367,12.238649,12.101521,12.135803,0.0,202
2016-09-30,452172,8009446,12.204367,12.238649,12.067239,12.135803,0.0,217
2016-10-03,420891,7460517,12.170085,12.204367,12.101521,12.170085,0.034282,140
2016-10-04,413679,7370625,12.135803,12.307213,12.135803,12.170085,0.0,213
2016-10-05,376063,6665702,12.067239,12.238649,12.067239,12.135803,-0.034282,185
2016-10-06,4736381,87099641,12.272931,12.752878,12.272931,12.752878,0.617075,1841
2016-10-07,3328089,62544775,13.027133,13.027133,12.61575,12.684314,-0.068564,1378
2016-10-11,1929901,34698116,12.512904,12.61575,12.170085,12.272931,-0.411383,983
2016-10-12,475711,8485412,12.238649,12.341495,12.135803,12.238649,-0.034282,236
2016-10-13,492774,8775931,12.238649,12.307213,12.170085,12.204367,-0.034282,236
2016-10-14,942982,16598080,12.204367,12.238649,11.998675,12.067239,-0.137128,569
2016-10-17,625676,10941720,11.998675,12.101521,11.930112,11.998675,-0.068564,346
2016-10-18,309408,5409786,11.964394,12.032957,11.930112,11.998675,0.0,202
2016-10-19,538916,9430525,11.998675,12.067239,11.964394,12.032957,0.034282,345
2016-10-20,498605,8733897,11.998675,12.101521,11.964394,11.964394,-0.068563,262
2016-10-21,2926850,51726255,12.067239,12.204367,11.998675,12.135803,0.171409,553
2016-10-24,2355871,42634721,12.204367,12.547186,12.204367,12.375777,0.239974,1086
2016-10-25,565258,10201074,12.410059,12.478622,12.307213,12.375777,0.0,279
2016-10-26,591283,10682018,12.410059,12.478622,12.307213,12.307213,-0.068564,226
2016-10-27,1203438,21549661,12.307213,12.410059,12.170085,12.272931,-0.034282,235
2016-10-28,268328,4770400,12.204367,12.238649,12.135803,12.170085,-0.102846,161
2016-10-31,271477,4802789,12.170085,12.170085,12.101521,12.135803,-0.034282,141
2016-11-01,350369,6193686,12.135803,12.204367,12.067239,12.067239,-0.068564,180
2016-11-02,279260,4929418,12.170085,12.170085,12.032957,12.135803,0.068564,191
2016-11-03,272121,4815545,12.101521,12.204367,12.032957,12.170085,0.034282,195
2016-11-04,351612,6218709,12.101521,12.238649,12.032957,12.238649,0.068564,176
2016-11-07,359415,6396742,12.238649,12.272931,12.135803,12.204367,-0.034282,132
2016-11-08,575548,10252651,12.170085,12.238649,12.170085,12.204367,0.0,181
2016-11-09,1230554,21566029,12.101521,12.238649,11.89583,12.067239,-0.137128,421
2016-11-10,377080,6692957,12.101521,12.204367,12.101521,12.135803,0.068564,156
2016-11-11,248675,4366071,12.135803,12.170085,11.998675,12.032957,-0.102846,138
2016-11-14,146701,2589443,12.032957,12.170085,12.032957,12.101521,0.068564,99
2016-11-15,692000,12266947,12.170085,12.238649,12.067239,12.135803,0.034282,229
2016-11-16,535631,9451619,12.135803,12.170085,12.067239,12.067239,-0.068564,222
2016-11-17,596588,10505563,12.067239,12.170085,11.998675,12.032957,-0.034282,243
2016-11-18,264654,4668787,12.067239,12.170085,12.032957,12.170085,0.137128,160
2016-11-21,467345,8261150,12.135803,12.204367,12.032957,12.204367,0.034282,243
2016-11-22,331655,5878670,12.204367,12.238649,12.101521,12.135803,-0.068564,238
2016-11-23,249674,4428974,12.101521,12.204367,12.101521,12.170085,0.034282,140
2016-11-24,141479,2507996,12.135803,12.204367,12.135803,12.170085,0.0,88
2016-11-25,429982,7604074,12.170085,12.170085,12.067239,12.101521,-0.068564,162
2016-11-28,521867,9245240,12.135803,12.238649,12.101521,12.170085,0.068564,238
2016-11-29,275722,4886022,12.170085,12.204367,12.101521,12.204367,0.034282,111
2016-11-30,703577,12462874,12.170085,12.204367,12.101521,12.101521,-0.102846,285
2016-12-01,378087,6705733,12.135803,12.204367,12.135803,12.170085,0.068564,153
2016-12-02,774174,13666457,12.204367,12.204367,12.067239,12.067239,-0.102846,259
2016-12-05,276832,4883291,12.067239,12.135803,12.067239,12.067239,0.0,149
2016-12-06,612700,10820093,12.101521,12.170085,12.067239,12.067239,0.0,306
2016-12-07,297737,5272402,12.170085,12.170085,12.101521,12.170085,0.102846,128
2016-12-08,935397,16599521,12.170085,12.238649,12.101521,12.204367,0.034282,253
2016-12-09,684315,12193858,12.238649,12.272931,12.170085,12.238649,0.034282,290
2016-12-12,2771827,50171736,12.375777,12.512904,12.341495,12.410059,0.17141,852
2016-12-13,1246267,22586022,12.410059,12.478622,12.375777,12.478622,0.068563,396
2016-12-14,981333,17773623,12.512904,12.512904,12.341495,12.444341,-0.034281,334
2016-12-15,682225,12372753,12.444341,12.512904,12.375777,12.444341,0.0,362
2016-12-16,1731053,31768767,12.444341,12.684314,12.444341,12.650032,0.205691,946
2016-12-19,1337807,24779741,12.650032,12.78716,12.61575,12.684314,0.034282,596
2016-12-20,1432511,26694290,12.684314,12.821442,12.684314,12.821442,0.137128,509
2016-12-21,4728337,89697916,12.855724,13.129979,12.855724,13.061415,0.239973,1517
2016-12-22,3081895,58787355,12.992851,13.164261,12.992851,13.095697,0.034282,841
2016-12-23,2024310,38739457,13.164261,13.198543,13.061415,13.164261,0.068564,664
2016-12-26,3383958,65607859,13.198543,13.472798,13.198543,13.404235,0.239974,927
2016-12-27,2588361,51215713,13.472798,13.609926,13.472798,13.609926,0.205691,1147
2016-12-28,3086145,61050878,13.575644,13.747054,13.198543,13.232825,-0.377101,1074
2016-12-29,11740227,226384954,13.232825,13.301389,12.958569,13.232825,0.0,845
2016-12-30,915020,17682280,13.301389,13.301389,13.164261,13.267107,0.034282,439
2017-01-03,741451,14419047,13.267107,13.438516,13.267107,13.301389,0.034282,328
2017-01-04,468751,9094887,13.267107,13.335671,13.267107,13.301389,0.0,246
2017-01-05,3095689,62182430,13.335671,14.021309,13.335671,13.8499,0.548511,1483
2017-01-06,2946078,60796725,13.8499,14.501256,13.781336,14.089873,0.239973,1293
2017-01-09,1569314,32004912,14.089873,14.124155,13.815618,14.021309,-0.068564,662
2017-01-10,1258371,25810064,14.055591,14.124155,13.918464,14.089873,0.068564,564
2017-01-11,3359189,70118657,14.192719,14.466974,14.158437,14.398411,0.308538,1224
2017-01-12,1315209,27518289,14.432692,14.466974,14.192719,14.364129,-0.034282,526
2017-01-13,1662511,34779873,14.364129,14.432692,14.295565,14.398411,0.034282,551
2017-01-16,1007207,20755637,14.398411,14.398411,13.918464,14.089873,-0.308538,607
2017-01-17,997427,20290288,14.089873,14.192719,13.8499,13.952745,-0.137128,469
2017-01-18,600677,12273102,13.952745,14.089873,13.815618,14.055591,0.102846,386
2017-01-19,875225,17744815,13.987027,14.089873,13.781336,13.884182,-0.171409,443
2017-01-20,1526629,31309505,13.884182,14.124155,13.8499,14.124155,0.239973,586
2017-01-23,1832316,38288501,14.295565,14.398411,14.295565,14.295565,0.17141,526
2017-01-24,1091696,22759946,14.295565,14.364129,14.227001,14.295565,0.0,365
2017-02-02,1646165,34215608,14.295565,14.432692,14.158437,14.295565,0.0,635
2017-02-03,1314189,27254262,14.295565,14.295565,14.158437,14.295565,0.0,448
2017-02-06,930666,19363739,14.295565,14.329847,14.227001,14.329847,0.034282,458
2017-02-07,1249640,26031947,14.329847,14.364129,14.227001,14.329847,0.0,449
2017-02-08,1004923,20916084,14.329847,14.329847,14.192719,14.329847,0.0,397
2017-02-09,1050927,21860223,14.295565,14.329847,14.227001,14.329847,0.0,530
2017-02-10,2434828,51444382,14.329847,14.844076,14.295565,14.398411,0.068564,954
2017-02-13,2766241,57003826,14.227001,14.329847,13.781336,14.329847,-0.068564,1043
2017-02-14,1023079,21237815,14.227001,14.329847,14.158437,14.192719,-0.137128,476
2017-02-15,769968,15955081,14.192719,14.261283,14.124155,14.192719,0.0,474
2017-02-16,538374,11137320,14.192719,14.227001,14.158437,14.158437,-0.034282,328
2017-02-17,677546,14016079,14.192719,14.261283,14.124155,14.192719,0.034282,379
2017-02-18,742350,15395728,14.227001,14.261283,14.192719,14.227001,0.034282,203
2017-02-20,638845,13279970,14.227001,14.329847,14.227001,14.227001,0.0,260
2017-02-21,691861,14380962,14.227001,14.295565,14.227001,14.261283,0.034282,271
2017-02-22,766721,15965545,14.261283,14.329847,14.227001,14.295565,0.034282,367
2017-02-23,771582,16087606,14.295565,14.329847,14.261283,14.295565,0.0,280
2017-02-24,553416,11550510,14.295565,14.329847,14.295565,14.295565,0.0,215
2017-03-01,833610,17351535,14.295565,14.329847,14.227001,14.227001,-0.068564,289
2017-03-02,699198,14521582,14.261283,14.295565,14.227001,14.261283,0.034282,215
2017-03-03,1152972,23898008,14.261283,14.261283,14.158437,14.261283,0.0,293
2017-03-06,480461,9974456,14.261283,14.295565,14.192719,14.261283,0.0,162
2017-03-07,885106,18347521,14.261283,14.261283,14.192719,14.227001,-0.034282,200
2017-03-08,675618,14018916,14.227001,14.261283,14.192719,14.227001,0.0,186
2017-03-09,565763,11720339,14.227001,14.227001,14.192719,14.227001,0.0,192
2017-03-10,690192,14282546,14.192719,14.227001,14.158437,14.227001,0.0,196
2017-03-13,2173234,45863834,14.227001,14.706948,14.227001,14.295565,0.068564,852
2017-03-14,968778,20257397,14.329847,14.398411,14.261283,14.364129,0.068564,476
2017-03-15,847771,17705475,14.364129,14.398411,14.295565,14.295565,-0.068564,344
2017-03-16,928979,19403944,14.329847,14.398411,14.295565,14.329847,0.034282,264
2017-03-17,1217099,25577520,14.329847,14.56982,14.261283,14.56982,0.239973,452
2017-03-20,1267343,26873303,14.604102,14.672666,14.432692,14.466974,-0.102846,494
2017-03-21,1277777,26767532,14.501256,14.501256,14.261283,14.364129,-0.102845,454
2017-03-22,1075282,22398356,14.227001,14.432692,14.227001,14.295565,-0.068564,345
2017-03-23,479976,10017785,14.295565,14.364129,14.261283,14.295565,0.0,227
2017-03-24,489584,10196656,14.329847,14.329847,14.261283,14.295565,0.0,235
2017-03-27,2511453,51731546,14.295565,14.329847,13.8499,14.089873,-0.205692,861
2017-03-28,3081702,61752238,13.987027,14.055591,13.50708,13.609926,-0.479947,1142
2017-03-29,1127057,22130248,13.609926,13.609926,13.369953,13.404235,-0.205691,527
2017-03-30,2475691,48265266,13.335671,13.609926,13.164261,13.404235,0.0,703
2017-03-31,1224387,24064106,13.404235,13.609926,13.335671,13.575644,0.171409,482
2017-04-05,1409903,28137557,13.575644,13.747054,13.575644,13.644208,0.068564,841
2017-04-06,978173,19461403,13.50708,13.712772,13.50708,13.67849,0.034282,412
2017-04-07,1033313,20611113,13.67849,13.712772,13.609926,13.67849,0.0,423
2017-04-10,1404177,28151340,13.67849,13.8499,13.575644,13.815618,0.137128,623
2017-04-11,1410841,28413020,13.712772,13.884182,13.712772,13.815618,0.0,749
2017-04-12,642460,12772956,13.575644,13.712772,13.575644,13.609926,-0.205692,502
2017-04-13,407383,8084703,13.541362,13.67849,13.541362,13.541362,-0.068564,373
2017-04-14,528711,10377464,13.541362,13.541362,13.404235,13.404235,-0.137127,296
2017-04-17,649698,12670794,13.472798,13.472798,13.301389,13.472798,0.068563,344
2017-04-18,230228,4547979,13.50708,13.609926,13.472798,13.541362,0.068564,196
2017-04-19,1206581,23574240,13.541362,13.541362,13.335671,13.404235,-0.137127,577
2017-04-20,1032663,19972690,13.438516,13.438516,13.198543,13.267107,-0.137128,659
2017-04-21,1199167,23039599,13.301389,13.335671,13.095697,13.267107,0.0,726
2017-04-24,198772,3822422,13.267107,13.301389,13.129979,13.129979,-0.137128,297
2017-04-25,503985,9637341,13.164261,13.198543,13.095697,13.095697,-0.034282,443
2017-04-26,696244,13345029,13.198543,13.267107,13.027133,13.232825,0.137128,434
2017-04-27,847922,16126901,13.198543,13.198543,12.821442,13.129979,-0.102846,399
2017-04-28,1133097,21408515,13.095697,13.129979,12.890006,12.924288,-0.205691,503
2017-05-02,867444,16322143,12.958569,12.958569,12.855724,12.924288,0.0,475
2017-05-03,426185,8029903,12.958569,12.992851,12.855724,12.855724,-0.068564,219
2017-05-04,616039,11723441,12.924288,13.129979,12.924288,13.061415,0.205691,292
2017-05-05,235484,4482265,13.095697,13.095697,12.992851,12.992851,-0.068564,125
2017-05-08,600073,11461848,13.027133,13.232825,12.992851,13.232825,0.239974,263
2017-05-09,407010,7749231,13.232825,13.232825,12.924288,13.061415,-0.17141,237
2017-05-10,268750,5093757,13.061415,13.061415,12.924288,12.992851,-0.068564,170
2017-05-11,271240,5134623,12.992851,13.027133,12.958569,12.992851,0.0,142
2017-05-12,206548,3915953,12.992851,13.027133,12.958569,13.027133,0.034282,114
2017-05-15,282862,5359986,13.027133,13.027133,12.958569,13.027133,0.0,145
2017-05-16,258199,4912655,13.061415,13.095697,13.027133,13.027133,0.0,165
2017-05-17,622947,11960793,13.027133,13.267107,13.027133,13.095697,0.068564,397
2017-05-18,283351,5398619,13.027133,13.129979,12.992851,13.061415,-0.034282,174
2017-05-19,167006,3180761,13.095697,13.095697,13.027133,13.027133,-0.034282,149
2017-05-22,496514,9433588,13.027133,13.095697,12.992851,13.027133,0.0,272
2017-05-23,602514,11446287,13.095697,13.129979,12.958569,13.027133,0.0,311
2017-05-24,557489,10537505,13.027133,13.027133,12.890006,12.992851,-0.034282,309
2017-05-25,648108,12314199,12.992851,13.129979,12.958569,13.129979,0.137128,358
2017-05-26,262518,5036089,13.129979,13.198543,13.095697,13.129979,0.0,190
2017-05-31,1582039,30442652,13.164261,13.369953,12.992851,13.369953,0.239974,598
2017-06-01,1030185,20074051,13.198543,13.472798,13.198543,13.472798,0.102845,436
2017-06-02,2089497,41337559,13.50708,13.67849,13.472798,13.50708,0.034282,724
2017-06-03,737315,14473838,13.575644,13.575644,13.369953,13.404235,-0.102845,290
2017-06-05,683211,13353506,13.438516,13.438516,13.369953,13.438516,0.034281,351
2017-06-06,466601,9107285,13.438516,13.438516,13.335671,13.369953,-0.068563,238
2017-06-07,389577,7595716,13.369953,13.404235,13.335671,13.404235,0.034282,208
2017-06-08,516116,9991070,13.404235,13.404235,13.198543,13.198543,-0.205692,380
2017-06-09,444475,8571115,13.232825,13.301389,13.164261,13.164261,-0.034282,315
2017-06-12,456575,8704877,13.095697,13.129979,13.027133,13.095697,-0.068564,268
2017-06-13,159352,3044319,13.095697,13.129979,13.061415,13.095697,0.0,102
2017-06-14,421663,8021547,13.129979,13.129979,12.992851,13.027133,-0.068564,241
2017-06-15,283504,5385826,13.027133,13.061415,12.992851,13.027133,0.0,214
2017-06-16,330839,6331905,13.095697,13.232825,13.027133,13.232825,0.205692,240
2017-06-19,192675,3696085,13.232825,13.232825,13.095697,13.095697,-0.137128,116
2017-06-20,225243,4300367,13.129979,13.129979,13.061415,13.095697,0.0,128
2017-06-21,250017,4788417,13.095697,13.198543,13.061415,13.198543,0.102846,144
2017-06-22,193988,3733165,13.198543,13.232825,13.129979,13.198543,0.0,90
2017-06-23,119772,2306226,13.198543,13.267107,13.129979,13.198543,0.0,88
2017-06-26,476794,9166487,13.198543,13.198543,13.164261,13.198543,0.0,312
2017-06-27,1507428,29401263,13.232825,13.541362,13.164261,13.404235,0.205692,617
2017-06-28,20102840,425773946,13.712772,14.74123,13.712772,14.74123,1.336995,4713
2017-06-29,8730988,187006048,14.878358,14.912639,14.398411,14.432692,-0.308538,3128
2017-06-30,2531718,52733044,14.295565,14.604102,14.124155,14.535538,0.102846,1230
2017-07-03,1506957,31548097,14.501256,14.501256,14.261283,14.261283,-0.274255,678
2017-07-04,2296367,48639876,14.295565,14.844076,14.227001,14.261283,0.0,956
2017-07-05,1346096,27959631,14.261283,14.466974,14.055591,14.261283,0.0,576
2017-07-06,842114,17602729,14.261283,14.432692,14.192719,14.364129,0.102846,428
2017-07-07,3147411,65039505,14.364129,14.466974,13.918464,13.952745,-0.411384,1180
2017-07-10,1223978,24859946,13.918464,14.055591,13.8499,13.884182,-0.068563,410
2017-07-11,1025849,20910669,14.021309,14.124155,13.884182,13.952745,0.068563,436
2017-07-12,1460701,29895019,14.055591,14.124155,13.952745,13.987027,0.034282,501
2017-07-13,1083202,22270220,14.021309,14.192719,13.987027,14.055591,0.068564,410
2017-07-14,727855,14963584,14.055591,14.158437,14.055591,14.055591,0.0,285
2017-07-17,799892,16387498,14.124155,14.124155,13.987027,13.987027,-0.068564,373
2017-07-18,1066073,21882878,13.952745,14.192719,13.918464,14.055591,0.068564,471
2017-07-19,956768,19581061,14.055591,14.124155,13.952745,13.987027,-0.068564,438
2017-07-20,1750915,36391980,14.089873,14.364129,14.089873,14.192719,0.205692,698
2017-07-21,1143857,23719147,14.329847,14.364129,14.124155,14.124155,-0.068564,439
2017-07-24,1144830,23461344,14.124155,14.124155,13.987027,13.987027,-0.137128,359
2017-07-25,384562,7876558,13.987027,14.089873,13.987027,14.055591,0.068564,210
2017-07-26,1269513,26002206,14.089873,14.124155,13.987027,13.987027,-0.068564,441
2017-07-27,711186,14609747,14.055591,14.158437,13.987027,14.089873,0.102846,344
2017-07-28,1387057,28804721,14.158437,14.329847,14.158437,14.329847,0.239974,651
2017-07-31,2217290,47030094,14.432692,14.706948,14.398411,14.535538,0.205691,905
2017-08-01,947478,19915938,14.501256,14.501256,14.329847,14.398411,-0.137127,396
2017-08-02,846983,17779540,14.398411,14.56982,14.295565,14.295565,-0.102846,348
2017-08-03,2227923,47139533,14.329847,14.672666,14.295565,14.466974,0.171409,1020
2017-08-04,1059553,22340263,14.466974,14.604102,14.398411,14.466974,0.0,463
2017-08-07,2585307,55605872,14.604102,14.981203,14.501256,14.672666,0.205692,1098
2017-08-08,1373748,29487148,14.74123,14.775512,14.672666,14.74123,0.068564,512
2017-08-09,1618592,34694251,14.74123,14.809794,14.604102,14.604102,-0.137128,551
2017-08-10,1714988,35930289,14.604102,14.672666,14.227001,14.398411,-0.205691,646
2017-08-11,1240204,25899535,14.261283,14.501256,14.227001,14.295565,-0.102846,445
2017-08-14,1704124,34975761,14.295565,14.295565,13.952745,13.987027,-0.308538,606
2017-08-15,719828,14795668,14.021309,14.158437,14.021309,14.055591,0.068564,264
2017-08-16,1172510,24519678,14.261283,14.466974,14.192719,14.227001,0.17141,514
2017-08-17,1018767,21251655,14.261283,14.432692,14.192719,14.295565,0.068564,429
2017-08-18,682012,14175791,14.261283,14.364129,14.192719,14.364129,0.068564,310
2017-08-21,1011330,21325030,14.364129,14.535538,14.329847,14.466974,0.102845,410
2017-08-22,612648,12893358,14.466974,14.466974,14.398411,14.466974,0.0,247
2017-08-23,690653,14539013,14.466974,14.501256,14.398411,14.432692,-0.034282,307
2017-08-24,845200,17764174,14.398411,14.466974,14.364129,14.398411,-0.034281,358
2017-08-25,2105304,44245105,14.398411,14.466974,14.329847,14.398411,0.0,636
2017-08-28,1234587,24740158,14.398411,14.506399,14.362414,14.506399,0.107988,549
2017-08-29,666382,13364951,14.470403,14.506399,14.398411,14.434407,-0.071992,300
2017-08-30,767368,15425310,14.470403,14.542395,14.398411,14.434407,0.0,278
2017-08-31,526102,10571932,14.470403,14.506399,14.434407,14.434407,0.0,241
2017-09-01,880128,17627260,14.506399,14.506399,14.362414,14.398411,-0.035996,361
2017-09-04,569253,11353928,14.398411,14.398411,14.326418,14.326418,-0.071993,239
2017-09-05,306050,6104842,14.326418,14.398411,14.326418,14.398411,0.071993,165
2017-09-06,551386,10966184,14.398411,14.398411,14.254426,14.326418,-0.071993,274
2017-09-07,2996218,60976693,14.326418,14.830363,14.290422,14.794367,0.467949,1162
2017-09-08,3815293,79023004,14.902355,14.974347,14.686379,14.794367,0.0,1162
2017-09-11,1968798,39559541,14.614387,14.650383,14.362414,14.470403,-0.323964,742
2017-09-12,704449,14234269,14.542395,14.650383,14.470403,14.470403,0.0,248
2017-09-13,509004,10299924,14.614387,14.614387,14.506399,14.542395,0.071992,277
2017-09-14,9392835,199735570,14.614387,15.910244,14.614387,15.910244,1.367849,3625
2017-09-15,5033504,109268027,15.76626,15.76626,15.406299,15.622275,-0.287969,1921
2017-09-18,30420240,721909797,16.198212,17.170105,16.198212,17.098112,1.475837,6552
2017-09-19,9860347,229582144,17.098112,17.098112,16.378192,16.594168,-0.503944,3955
2017-09-20,6997627,161815447,16.558172,17.062116,16.342196,16.558172,-0.035996,2790
2017-09-21,15088677,353272102,16.558172,17.206101,16.414188,16.990124,0.431952,4818
2017-09-22,11665451,275459268,16.882136,17.422077,16.630164,16.774148,-0.215976,3672
2017-09-25,8755425,203721970,16.990124,17.206101,16.234208,16.48618,-0.287968,2857
2017-09-26,8657503,191712307,16.450184,16.558172,15.478291,15.478291,-1.007889,2596
2017-09-27,3840906,83542960,15.694267,15.838252,15.514287,15.658271,0.17998,1288
2017-09-28,3578533,78010375,15.694267,15.94624,15.514287,15.586279,-0.071992,1132
2017-09-29,4961421,104929004,15.514287,15.622275,15.082335,15.118331,-0.467948,1503
2017-09-30,8891204,195298733,15.334307,16.162216,15.298311,15.94624,0.827909,3215
2017-10-02,4004267,88220042,15.94624,16.090224,15.694267,15.982236,0.035996,1538
2017-10-03,9522184,215737822,16.234208,16.48618,16.162216,16.198212,0.215976,3071
2017-10-05,4069531,90793580,16.234208,16.3062,15.910244,16.054228,-0.143984,1834
2017-10-06,3514326,76834928,16.054228,16.054228,15.622275,15.76626,-0.287968,1761
2017-10-11,2442349,53273202,15.94624,16.018232,15.478291,15.694267,-0.071993,1157
2017-10-12,1781025,38774791,15.76626,15.874248,15.550283,15.838252,0.143985,738
2017-10-13,5884168,130785860,15.838252,16.270204,15.622275,16.162216,0.323964,1663
2017-10-16,8740348,196418066,16.270204,16.450184,15.910244,16.018232,-0.143984,2670
2017-10-17,2057115,45047351,16.018232,16.018232,15.622275,15.730263,-0.287969,919
2017-10-18,2767272,59822820,15.622275,15.730263,15.478291,15.550283,-0.17998,855
2017-10-19,2341125,50628935,15.550283,15.730263,15.478291,15.514287,-0.035996,782
2017-10-20,3581502,76640280,15.406299,15.514287,15.298311,15.406299,-0.107988,784
2017-10-23,5866205,129020210,15.478291,16.054228,15.442295,15.910244,0.503945,2187
2017-10-24,3249274,70499514,15.802256,15.874248,15.514287,15.586279,-0.323965,1401
2017-10-25,3056494,65743988,15.76626,15.76626,15.406299,15.406299,-0.17998,1093
2017-10-26,1722512,36936000,15.406299,15.550283,15.370303,15.406299,0.0,643
2017-10-27,3006884,64728365,15.478291,15.658271,15.370303,15.370303,-0.035996,1121
2017-10-30,2358616,49783999,15.478291,15.514287,15.046339,15.118331,-0.251972,971
2017-10-31,1050928,22162938,15.118331,15.262315,15.118331,15.154327,0.035996,458
2017-11-01,1211430,25516380,15.190323,15.298311,15.082335,15.118331,-0.035996,542
2017-11-02,1488537,31490194,15.118331,15.406299,15.082335,15.226319,0.107988,644
2017-11-03,1602915,33769556,15.298311,15.334307,15.082335,15.118331,-0.107988,572
2017-11-06,872054,18370684,15.118331,15.262315,15.082335,15.190323,0.071992,311
2017-11-07,3819644,81237861,15.190323,15.478291,15.190323,15.406299,0.215976,968
2017-11-08,6375056,139096058,15.442295,15.94624,15.442295,15.730263,0.323964,2363
2017-11-09,3524787,75535734,15.730263,15.730263,15.190323,15.226319,-0.503944,1433
2017-11-10,2143610,44757322,15.118331,15.190323,14.866359,15.082335,-0.143984,894
2017-11-13,1843284,38188722,14.974347,15.046339,14.866359,14.866359,-0.215976,812
2017-11-14,1396360,28753312,14.830363,14.938351,14.686379,14.830363,-0.035996,636
2017-11-15,1077355,22239307,14.758371,14.974347,14.758371,14.902355,0.071992,619
2017-11-16,842999,17406523,14.938351,14.974347,14.794367,14.866359,-0.035996,426
2017-11-17,721529,14925369,14.902355,14.974347,14.830363,14.902355,0.035996,305
2017-11-20,930335,19162781,14.938351,14.938351,14.758371,14.794367,-0.107988,468
2017-11-21,781709,16146508,14.866359,14.902355,14.830363,14.866359,0.071992,447
2017-11-22,2925874,61849104,14.974347,15.442295,14.974347,15.190323,0.323964,1140
2017-11-23,3666963,76034924,15.190323,15.190323,14.794367,14.866359,-0.323964,1195
2017-11-24,1238092,25563994,14.830363,14.938351,14.830363,14.866359,0.0,454
2017-11-27,12143240,267127020,15.910244,16.162216,15.550283,15.586279,0.71992,4168
2017-11-28,12478981,278283855,15.730263,16.522176,15.586279,16.090224,0.503945,3864
2017-11-29,5355255,119100972,16.090224,16.270204,15.76626,15.982236,-0.107988,1937
2017-11-30,5510940,123547739,15.982236,16.378192,15.76626,16.234208,0.251972,1960
2017-12-01,6292485,140286568,16.378192,16.378192,15.76626,15.76626,-0.467948,2161
2017-12-04,1883622,41188060,15.802256,15.910244,15.586279,15.76626,0.0,753
2017-12-05,2587150,55967715,15.76626,15.802256,15.334307,15.406299,-0.359961,1090
2017-12-06,1613664,34598721,15.370303,15.658271,15.262315,15.442295,0.035996,612
2017-12-07,1223152,26150476,15.478291,15.550283,15.262315,15.262315,-0.17998,636
2017-12-08,2547668,55289485,15.406299,15.874248,15.190323,15.802256,0.539941,1049
2017-12-11,1723885,37706292,15.838252,15.910244,15.622275,15.730263,-0.071993,643
2017-12-12,1484554,32436096,15.730263,15.874248,15.586279,15.802256,0.071993,687
2017-12-13,4009296,89510412,15.94624,16.270204,15.838252,15.874248,0.071992,1717
2017-12-14,1923542,42282133,15.838252,15.982236,15.730263,15.76626,-0.107988,744
2017-12-15,982000,21432848,15.838252,15.838252,15.622275,15.694267,-0.071993,479
2017-12-18,1324890,28717072,15.694267,15.694267,15.550283,15.550283,-0.143984,681
2017-12-19,5110037,112750264,15.586279,16.054228,15.586279,15.910244,0.359961,1779
2017-12-20,14645210,331580277,16.162216,16.558172,16.090224,16.558172,0.647928,4499
2017-12-21,6834657,154442456,16.378192,16.414188,16.12622,16.12622,-0.431952,2638
2017-12-22,3769520,84009109,16.12622,16.270204,15.910244,15.94624,-0.17998,1473
2017-12-25,6174761,139445437,16.12622,16.414188,16.090224,16.342196,0.395956,2729
2017-12-26,5001118,112543512,16.450184,16.48618,15.982236,16.054228,-0.287968,2183
2017-12-27,2445810,54524502,15.982236,16.162216,15.982236,16.12622,0.071992,1239
2017-12-28,2364072,52717742,16.12622,16.234208,15.94624,16.018232,-0.107988,1257
2017-12-29,2154128,48026971,16.054228,16.162216,15.982236,16.018232,0.0,823
2018-01-02,3440902,77131726,16.018232,16.270204,15.982236,16.270204,0.251972,1050
2018-01-03,2900389,65217436,16.3062,16.378192,16.090224,16.162216,-0.107988,1092
2018-01-04,3123076,69919987,16.090224,16.198212,16.054228,16.12622,-0.035996,718
2018-01-05,1967985,44071254,16.12622,16.270204,15.982236,16.162216,0.035996,708
2018-01-08,2013933,44895107,16.234208,16.234208,15.982236,15.982236,-0.17998,798
2018-01-09,1035812,23016026,15.94624,16.054228,15.94624,16.018232,0.035996,487
2018-01-10,2528391,55744462,15.982236,16.090224,15.658271,15.76626,-0.251972,978
2018-01-11,2641400,57185122,15.586279,15.694267,15.514287,15.658271,-0.107989,903
2018-01-12,1054406,23126310,15.658271,15.874248,15.622275,15.802256,0.143985,499
2018-01-15,1018167,22355591,15.838252,15.910244,15.730263,15.802256,0.0,392
2018-01-16,913435,20096181,15.874248,15.94624,15.76626,15.874248,0.071992,447
2018-01-17,3768153,84109337,15.838252,16.198212,15.838252,16.12622,0.251972,1644
2018-01-18,1593343,35424196,16.198212,16.198212,15.910244,15.910244,-0.215976,734
2018-01-19,1144505,25246318,15.910244,15.982236,15.802256,15.802256,-0.107988,433
2018-01-22,1744738,38074291,15.838252,15.838252,15.658271,15.658271,-0.143985,621
2018-01-23,1236432,26886237,15.76626,15.802256,15.586279,15.658271,0.0,475
2018-01-24,601401,13043774,15.658271,15.694267,15.550283,15.586279,-0.071992,344
2018-01-25,987064,21347272,15.622275,15.694267,15.514287,15.514287,-0.071992,511
2018-01-26,1273143,27601873,15.550283,15.730263,15.478291,15.586279,0.071992,578
2018-01-29,621254,13404156,15.658271,15.694267,15.514287,15.514287,-0.071992,337
2018-01-30,2350391,49941592,15.514287,15.514287,15.154327,15.190323,-0.323964,986
2018-01-31,1229695,25827495,15.082335,15.262315,15.010343,15.190323,0.0,483
2018-02-01,861943,18144253,15.118331,15.262315,15.082335,15.154327,-0.035996,373
2018-02-02,608750,12805650,15.226319,15.226319,15.118331,15.190323,0.035996,236
2018-02-05,1239689,25726106,14.902355,15.082335,14.794367,15.010343,-0.17998,499
2018-02-06,3812692,76356043,14.650383,14.794367,14.03845,14.254426,-0.755917,1592
2018-02-07,1208348,24429165,14.578391,14.686379,14.398411,14.434407,0.179981,689
2018-02-08,1063828,21425246,14.398411,14.650383,14.398411,14.434407,0.0,373
2018-02-09,1097847,21841819,14.290422,14.542395,14.03845,14.434407,0.0,520
2018-02-12,1399327,27935864,14.398411,14.434407,14.326418,14.362414,-0.071993,567
2018-02-21,1317677,26411540,14.506399,14.578391,14.362414,14.398411,0.035997,499
2018-02-22,576776,11607172,14.470403,14.542395,14.398411,14.542395,0.143984,296
2018-02-23,777976,15799498,14.542395,14.722375,14.542395,14.722375,0.17998,378
2018-02-26,679418,13884413,14.830363,14.830363,14.614387,14.686379,-0.035996,360
2018-02-27,502974,10218965,14.722375,14.758371,14.542395,14.686379,0.0,296
2018-03-01,367607,7444836,14.614387,14.650383,14.542395,14.578391,-0.107988,199
2018-03-02,492809,9942394,14.542395,14.578391,14.434407,14.542395,-0.035996,285
2018-03-05,514246,10333570,14.542395,14.614387,14.398411,14.398411,-0.143984,290
2018-03-06,889570,17870350,14.398411,14.578391,14.398411,14.398411,0.0,373
2018-03-07,360988,7242160,14.398411,14.506399,14.398411,14.434407,0.035996,182
2018-03-08,380879,7675219,14.470403,14.542395,14.470403,14.470403,0.035996,206
2018-03-09,609070,12256543,14.542395,14.578391,14.434407,14.434407,-0.035996,295
2018-03-12,601361,12169698,14.542395,14.614387,14.506399,14.614387,0.17998,330
2018-03-13,1316216,27007903,14.614387,14.866359,14.614387,14.722375,0.107988,655
2018-03-14,424868,8655901,14.758371,14.758371,14.614387,14.686379,-0.035996,253
2018-03-15,338503,6947456,14.686379,14.830363,14.650383,14.758371,0.071992,189
2018-03-16,1095663,22688515,14.902355,14.974347,14.830363,14.974347,0.215976,517
2018-03-19,1262421,26540360,15.046339,15.298311,15.010343,15.082335,0.107988,549
2018-03-20,571917,11874328,15.046339,15.046339,14.866359,14.938351,-0.143984,291
2018-03-21,690747,14264666,14.938351,15.046339,14.722375,14.722375,-0.215976,365
2018-03-22,578506,11841119,14.758371,14.902355,14.650383,14.686379,-0.035996,291
2018-03-23,558533,11260970,14.470403,14.614387,14.434407,14.578391,-0.107988,277
2018-03-26,300252,6099743,14.578391,14.686379,14.542395,14.650383,0.071992,221
2018-03-27,679562,14006314,14.722375,14.938351,14.722375,14.866359,0.215976,426
2018-03-28,988832,20526468,14.866359,15.010343,14.758371,14.866359,0.0,438
2018-03-29,8219103,177084053,14.902355,15.838252,14.902355,15.550283,0.683924,3385
2018-03-30,16930385,381431213,15.730263,16.702156,15.694267,15.838252,0.287969,6090
2018-03-31,4029961,88521986,15.76626,16.018232,15.586279,15.838252,0.0,1776
2018-04-02,2016072,44554524,16.12622,16.162216,15.730263,15.76626,-0.071992,1063
2018-04-03,8263871,185922798,15.550283,16.558172,15.478291,16.342196,0.575936,3211
2018-04-09,23854147,570442249,16.84614,17.782037,16.450184,17.566061,1.223865,8445
2018-04-10,11358424,264941280,17.422077,17.494069,16.234208,16.414188,-1.151873,4301
2018-04-11,5598811,129523355,16.66616,16.954128,16.162216,16.774148,0.35996,2234
2018-04-12,3012589,68594000,16.66616,16.918132,16.234208,16.450184,-0.323964,1329
2018-04-13,3151445,70562530,16.450184,16.48618,15.94624,16.12622,-0.323964,1313
2018-04-16,2837126,64030009,16.198212,16.378192,16.018232,16.234208,0.107988,1228
2018-04-17,2694185,59457383,16.270204,16.270204,15.730263,15.730263,-0.503945,1346
2018-04-18,1930048,42617003,15.838252,16.090224,15.658271,15.982236,0.251973,885
2018-04-19,1847177,41365303,16.054228,16.342196,15.982236,16.018232,0.035996,884
2018-04-20,5455333,124081294,16.12622,16.810144,15.982236,16.12622,0.107988,2303
2018-04-23,2263771,49982040,16.12622,16.270204,15.76626,16.018232,-0.107988,973
2018-04-24,1977624,42706441,15.982236,16.018232,15.334307,15.586279,-0.431953,928
2018-04-25,1389491,29946028,15.370303,15.586279,15.370303,15.514287,-0.071992,660
2018-04-26,1399972,29955642,15.694267,15.694267,15.190323,15.334307,-0.17998,633
2018-04-27,699404,14883597,15.370303,15.406299,15.262315,15.334307,0.0,329
2018-04-30,1113816,23994645,15.298311,15.694267,15.298311,15.442295,0.107988,444
2018-05-02,1413036,29727256,15.550283,15.550283,14.902355,15.118331,-0.323964,692
2018-05-03,479127,10007799,15.118331,15.190323,14.974347,15.046339,-0.071992,283
2018-05-04,603333,12568237,15.046339,15.118331,14.938351,14.974347,-0.071992,346
2018-05-07,1469228,30269321,14.974347,15.046339,14.758371,14.794367,-0.17998,759
2018-05-08,797176,16570363,14.830363,15.082335,14.794367,15.082335,0.287968,391
2018-05-09,782664,16271738,15.046339,15.118331,14.830363,15.010343,-0.071992,392
2018-05-10,959439,19970499,15.082335,15.082335,14.902355,15.046339,0.035996,369
2018-05-11,1803410,38097693,15.046339,15.334307,15.046339,15.262315,0.215976,684
2018-05-14,2160347,45273600,15.226319,15.298311,14.902355,15.082335,-0.17998,847
2018-05-15,3311820,70016646,15.118331,15.76626,14.902355,15.478291,0.395956,1214
2018-05-16,1595609,33799762,15.478291,15.478291,15.118331,15.190323,-0.287968,673
2018-05-17,623242,13091264,15.262315,15.262315,15.046339,15.082335,-0.107988,338
2018-05-18,516468,10822378,15.046339,15.190323,15.046339,15.082335,0.0,276
2018-05-21,1499859,32010925,15.190323,15.550283,15.154327,15.478291,0.395956,645
2018-05-22,1147753,24421163,15.478291,15.478291,15.190323,15.190323,-0.287968,388
2018-05-23,540750,11412386,15.190323,15.334307,15.082335,15.154327,-0.035996,266
2018-05-24,579620,12208120,15.190323,15.298311,15.082335,15.118331,-0.035996,318
2018-05-25,3568269,75764749,15.190323,15.478291,15.154327,15.154327,0.035996,729
2018-05-28,1212517,25396473,15.154327,15.190323,14.974347,15.010343,-0.143984,483
2018-05-29,639687,13376357,15.046339,15.118331,15.010343,15.082335,0.071992,258
2018-05-30,678463,14141301,15.046339,15.082335,14.938351,14.938351,-0.143984,323
2018-05-31,534549,11146319,14.974347,15.082335,14.974347,15.046339,0.107988,268
2018-06-01,748638,15640230,14.866359,15.190323,14.866359,15.118331,0.071992,380
2018-06-04,854148,18075317,15.190323,15.298311,15.190323,15.262315,0.143984,429
2018-06-05,813245,17139095,15.262315,15.298311,15.118331,15.118331,-0.143984,402
2018-06-06,1402917,29438755,15.118331,15.190323,15.046339,15.082335,-0.035996,500
2018-06-07,874659,18447943,15.118331,15.298311,15.082335,15.262315,0.17998,394
2018-06-08,672214,14135707,15.262315,15.262315,15.046339,15.082335,-0.17998,328
2018-06-11,883279,18395333,15.082335,15.118331,14.938351,14.974347,-0.107988,414
2018-06-12,734577,15229389,14.974347,15.010343,14.866359,14.938351,-0.035996,360
2018-06-13,2673887,56309609,14.974347,15.334307,14.902355,15.262315,0.323964,1104
2018-06-14,4992207,106866776,15.262315,15.622275,15.226319,15.262315,0.0,1776
2018-06-15,1488760,31208681,15.262315,15.298311,15.010343,15.010343,-0.251972,637
2018-06-19,687640,14365359,15.118331,15.190323,14.938351,15.010343,0.0,314
2018-06-20,1105954,22901140,14.974347,15.046339,14.794367,14.938351,-0.071992,458
2018-06-21,569276,11843921,15.010343,15.046339,14.938351,14.938351,0.0,222
2018-06-22,630308,13029104,14.938351,14.938351,14.866359,14.866359,-0.071992,321
2018-06-25,406099,8417143,14.938351,15.010343,14.866359,14.974347,0.107988,260
2018-06-26,1451669,29858344,14.902355,14.902355,14.722375,14.866359,-0.107988,601
2018-06-27,604100,12561667,14.902355,15.046339,14.902355,14.902355,0.035996,282
2018-06-28,681421,14210082,14.902355,15.082335,14.902355,15.010343,0.107988,320
2018-06-29,676501,14153571,15.118331,15.118331,15.010343,15.118331,0.107988,279
2018-07-02,560058,11696905,15.154327,15.190323,14.902355,14.902355,-0.215976,294
2018-07-03,524245,10819671,14.902355,14.974347,14.758371,14.758371,-0.143984,282
2018-07-04,520902,10694788,14.794367,14.830363,14.758371,14.794367,0.035996,270
2018-07-05,781080,15927479,14.794367,14.794367,14.578391,14.578391,-0.215976,367
2018-07-06,2170454,44165360,14.578391,14.794367,14.434407,14.614387,0.035996,654
2018-07-09,4117875,85674817,14.578391,15.118331,14.578391,14.938351,0.323964,1041
2018-07-10,1607461,33537561,14.902355,15.082335,14.866359,15.046339,0.107988,465
2018-07-11,4451248,94170760,15.010343,15.370303,14.866359,15.010343,-0.035996,1155
2018-07-12,1296697,27208514,14.974347,15.262315,14.974347,15.154327,0.143984,449
2018-07-13,674882,14197174,15.154327,15.226319,15.010343,15.154327,0.0,309
2018-07-16,889015,18786308,15.118331,15.262315,15.046339,15.190323,0.035996,417
2018-07-17,2519098,53908875,15.406299,15.478291,15.262315,15.370303,0.17998,1305
2018-07-18,3331155,71593854,15.442295,15.694267,15.262315,15.370303,0.0,1397
2018-07-19,765020,16411223,15.334307,15.514287,15.334307,15.442295,0.071992,393
2018-07-20,1267983,27302831,15.406299,15.622275,15.334307,15.514287,0.071992,617
2018-07-23,1464395,31799827,15.514287,15.76626,15.442295,15.622275,0.107988,681
2018-07-24,1113413,24199142,15.730263,15.730263,15.550283,15.550283,-0.071992,529
2018-07-25,794754,17264735,15.550283,15.694267,15.550283,15.622275,0.071992,371
2018-07-26,979462,21238648,15.622275,15.730263,15.478291,15.658271,0.035996,459
2018-07-27,670361,14535575,15.694267,15.694267,15.550283,15.586279,-0.071992,331
2018-07-30,881059,18929403,15.586279,15.622275,15.298311,15.406299,-0.17998,385
2018-07-31,783479,16822245,15.406299,15.586279,15.370303,15.586279,0.17998,321
2018-08-01,462651,9969742,15.586279,15.622275,15.478291,15.514287,-0.071992,240
2018-08-02,488056,10453993,15.478291,15.514287,15.334307,15.406299,-0.107988,228
2018-08-03,362925,7751347,15.406299,15.442295,15.334307,15.442295,0.035996,199
2018-08-06,368070,7907400,15.442295,15.550283,15.406299,15.550283,0.107988,204
2018-08-07,382730,8265944,15.550283,15.586279,15.478291,15.550283,0.0,170
2018-08-08,1357440,29559870,15.622275,15.730263,15.586279,15.658271,0.107988,600
2018-08-09,490379,10624560,15.730263,15.730263,15.514287,15.586279,-0.071992,284
2018-08-10,1527150,32615224,15.406299,15.478291,15.298311,15.334307,-0.251972,615
2018-08-13,1347431,28110660,15.262315,15.262315,14.830363,15.010343,-0.323964,610
2018-08-14,540273,11302785,15.010343,15.190323,14.974347,15.046339,0.035996,215
2018-08-15,444585,9278965,15.046339,15.118331,14.938351,15.010343,-0.035996,184
2018-08-16,382935,7963396,14.938351,15.082335,14.902355,14.974347,-0.035996,183
2018-08-17,1517153,31995444,15.046339,15.262315,15.010343,15.118331,0.143984,496
2018-08-20,371009,7765783,15.118331,15.118331,15.010343,15.046339,-0.071992,190
2018-08-21,355895,7499889,15.046339,15.226319,15.046339,15.190323,0.143984,168
2018-08-22,307585,6484341,15.190323,15.226319,15.118331,15.190323,0.0,139
2018-08-23,727906,15484404,15.226319,15.370303,15.190323,15.334307,0.143984,292
2018-08-24,517700,11028638,15.370303,15.370303,15.262315,15.334307,0.0,133
2018-08-27,1605957,34393722,15.370303,15.478291,15.334307,15.442295,0.107988,806
2018-08-28,2482180,53189391,15.478291,15.478291,15.298311,15.406299,-0.035996,780
2018-08-29,3310899,68092563,15.48182,15.821665,15.406299,15.557341,0.151042,1354
2018-08-30,369689,7581200,15.557341,15.595102,15.44406,15.44406,-0.113281,224
2018-08-31,439951,8992743,15.44406,15.519581,15.368539,15.519581,0.075521,192
2018-09-03,375760,7698337,15.519581,15.519581,15.406299,15.44406,-0.075521,148
2018-09-04,273322,5592366,15.48182,15.519581,15.368539,15.48182,0.03776,116
2018-09-05,260394,5321010,15.48182,15.519581,15.368539,15.368539,-0.113281,140
2018-09-06,429186,8733613,15.406299,15.44406,15.330778,15.368539,0.0,177
2018-09-07,1116168,22446982,15.368539,15.368539,15.028694,15.141975,-0.226564,440
2018-09-10,1158414,23008680,15.179736,15.255257,14.877652,15.104215,-0.03776,610
2018-09-11,402500,8043823,15.066454,15.217497,15.028694,15.217497,0.113282,180
2018-09-12,633300,12613217,15.217497,15.217497,14.953173,14.953173,-0.264324,300
2018-09-13,352996,7052914,15.066454,15.104215,15.028694,15.104215,0.151042,191
2018-09-14,210818,4220493,15.104215,15.217497,15.066454,15.217497,0.113282,119
2018-09-17,226910,4565574,15.179736,15.293018,15.141975,15.293018,0.075521,119
2018-09-18,633441,12856455,15.255257,15.406299,15.179736,15.293018,0.0,358
2018-09-19,1341642,27499859,15.330778,15.595102,15.330778,15.48182,0.188802,610
2018-09-20,1558624,32236550,15.519581,15.670623,15.519581,15.632862,0.151042,840
2018-09-21,1529754,31813951,15.746144,15.783905,15.595102,15.632862,0.0,743
2018-09-25,1778603,37220885,15.632862,15.897186,15.632862,15.746144,0.113282,878
2018-09-26,455229,9459837,15.821665,15.821665,15.632862,15.632862,-0.113282,240
2018-09-27,308173,6377612,15.632862,15.670623,15.557341,15.670623,0.037761,148
2018-09-28,594718,12322083,15.708384,15.746144,15.557341,15.708384,0.037761,307
2018-10-01,399224,8309731,15.783905,15.783905,15.670623,15.708384,0.0,211
2018-10-02,357999,7436078,15.746144,15.783905,15.632862,15.632862,-0.075522,174
2018-10-03,1325778,27784001,15.632862,15.934947,15.595102,15.859426,0.226564,579
2018-10-04,9017852,195039811,16.237031,16.576876,16.085989,16.350313,0.490887,3643
2018-10-05,3431467,73136607,16.237031,16.425834,15.821665,15.934947,-0.415366,1538
2018-10-08,1376761,29225252,16.048228,16.237031,15.934947,16.010468,0.075521,627
2018-10-09,1187047,24914467,15.934947,16.048228,15.708384,15.746144,-0.264324,544
2018-10-11,3115737,62921340,15.519581,15.519581,15.066454,15.217497,-0.528647,1271
2018-10-12,1244073,25466033,15.217497,15.859426,15.179736,15.783905,0.566408,648
2018-10-15,1286575,26783640,15.708384,15.821665,15.595102,15.632862,-0.151043,739
2018-10-16,802433,16631364,15.632862,15.821665,15.519581,15.557341,-0.075521,424
2018-10-17,744575,15362953,15.670623,15.708384,15.48182,15.519581,-0.03776,408
2018-10-18,453103,9291697,15.519581,15.595102,15.44406,15.48182,-0.037761,241
2018-10-19,1509166,30947349,15.44406,15.821665,15.179736,15.821665,0.339845,499
2018-10-22,1058596,21841152,15.708384,15.708384,15.519581,15.595102,-0.226563,444
2018-10-23,680416,13922069,15.557341,15.595102,15.293018,15.293018,-0.302084,342
2018-10-24,753161,15194557,15.255257,15.406299,15.104215,15.406299,0.113281,411
2018-10-25,1135861,22714270,15.028694,15.217497,14.990933,15.104215,-0.302084,486
2018-10-26,763477,15240336,15.179736,15.330778,14.990933,15.028694,-0.075521,364
2018-10-29,754034,14964330,14.990933,15.104215,14.877652,15.066454,0.03776,320
2018-10-30,347862,6938694,15.066454,15.179736,14.990933,15.066454,0.0,208
2018-10-31,809304,16333652,15.104215,15.330778,15.104215,15.330778,0.264324,331
2018-11-01,315402,6393355,15.330778,15.368539,15.255257,15.330778,0.0,181
2018-11-02,413253,8364957,15.368539,15.368539,15.217497,15.255257,-0.075521,202
2018-11-05,417175,8459610,15.255257,15.368539,15.255257,15.330778,0.075521,154
2018-11-06,390084,7934946,15.330778,15.406299,15.293018,15.406299,0.075521,210
2018-11-07,1469602,30400095,15.44406,15.708384,15.406299,15.557341,0.151042,694
2018-11-08,396002,8168435,15.595102,15.632862,15.557341,15.557341,0.0,204
2018-11-09,978928,20226927,15.708384,15.746144,15.406299,15.48182,-0.075521,457
2018-11-12,419880,8570950,15.406299,15.557341,15.293018,15.44406,-0.03776,169
2018-11-13,949342,19490359,15.255257,15.595102,15.255257,15.48182,0.03776,393
2018-11-14,1047192,21354202,15.406299,15.48182,15.368539,15.406299,-0.075521,324
2018-11-15,476918,9709828,15.406299,15.519581,15.293018,15.330778,-0.075521,218
2018-11-16,426082,8648613,15.330778,15.44406,15.293018,15.368539,0.037761,209
2018-11-19,266938,5452576,15.368539,15.48182,15.368539,15.48182,0.113281,154
2018-11-20,258777,5313136,15.44406,15.595102,15.330778,15.519581,0.037761,147
2018-11-21,254494,5189949,15.48182,15.48182,15.330778,15.368539,-0.151042,162
2018-11-22,468359,9492618,15.406299,15.44406,15.217497,15.293018,-0.075521,188
2018-11-23,410700,8296238,15.330778,15.330778,15.217497,15.255257,-0.037761,181
2018-11-26,468142,9481109,15.293018,15.406299,15.217497,15.255257,0.0,205
2018-11-27,398785,8059805,15.255257,15.330778,15.217497,15.293018,0.037761,131
2018-11-28,235184,4766381,15.293018,15.406299,15.255257,15.330778,0.03776,140
2018-11-29,318021,6457670,15.406299,15.44406,15.293018,15.330778,0.0,167
2018-11-30,575493,11649005,15.255257,15.330778,15.255257,15.293018,-0.03776,257
2018-12-03,640835,13014396,15.255257,15.406299,15.255257,15.330778,0.03776,308
2018-12-04,743300,15038457,15.330778,15.330778,15.255257,15.255257,-0.075521,362
2018-12-05,794351,15940482,15.141975,15.217497,15.104215,15.141975,-0.113282,329
2018-12-06,837602,16772669,15.141975,15.255257,15.066454,15.104215,-0.03776,325
2018-12-07,302315,6060100,15.104215,15.179736,15.104215,15.104215,0.0,161
2018-12-10,517546,10335209,15.066454,15.141975,15.028694,15.066454,-0.037761,270
2018-12-11,249090,4970992,14.990933,15.104215,14.990933,15.104215,0.037761,125
2018-12-12,408251,8134894,15.104215,15.104215,15.028694,15.066454,-0.037761,210
2018-12-13,344250,6882487,15.104215,15.141975,15.028694,15.141975,0.075521,161
2018-12-14,256576,5120070,15.141975,15.141975,15.028694,15.066454,-0.075521,134
2018-12-17,413802,8233796,15.066454,15.066454,14.990933,15.028694,-0.03776,209
2018-12-18,417448,8284987,15.066454,15.104215,14.953173,14.990933,-0.037761,266
2018-12-19,1233159,24285625,14.990933,15.028694,14.802131,14.877652,-0.113281,430
2018-12-20,671545,13145423,14.839891,14.877652,14.72661,14.72661,-0.151042,367
2018-12-21,583838,11325003,14.72661,14.76437,14.575567,14.651089,-0.075521,260
2018-12-22,187712,3658133,14.651089,14.802131,14.651089,14.72661,0.075521,127
2018-12-24,327652,6390106,14.802131,14.802131,14.651089,14.688849,-0.037761,155
2018-12-25,1566112,29884538,14.651089,14.651089,14.311244,14.386765,-0.302084,617
2018-12-26,351750,6719723,14.386765,14.500046,14.386765,14.386765,0.0,152
2018-12-27,181589,3478157,14.500046,14.537807,14.386765,14.386765,0.0,132
2018-12-28,467780,8982022,14.386765,14.575567,14.386765,14.575567,0.188802,173
2019-01-02,241481,4678134,14.72661,14.76437,14.537807,14.537807,-0.03776,150
2019-01-03,204011,3908458,14.424525,14.500046,14.424525,14.462286,-0.075521,109
2019-01-04,482765,9197536,14.386765,14.500046,14.349004,14.386765,-0.075521,234
2019-01-07,672876,13103368,14.500046,14.802131,14.500046,14.76437,0.377605,316
2019-01-08,181363,3538139,14.688849,14.802131,14.651089,14.76437,0.0,110
2019-01-09,156398,3065525,14.76437,14.839891,14.72661,14.802131,0.037761,110
2019-01-10,177611,3466722,14.802131,14.802131,14.72661,14.72661,-0.075521,93
2019-01-11,263663,5143326,14.72661,14.802131,14.688849,14.72661,0.0,179
2019-01-14,232568,4531469,14.839891,14.839891,14.651089,14.72661,0.0,204
2019-01-15,258680,5055942,14.72661,14.839891,14.72661,14.802131,0.075521,141
2019-01-16,295678,5764952,14.802131,14.802131,14.688849,14.688849,-0.113282,206
2019-01-17,93070,1818662,14.802131,14.802131,14.688849,14.76437,0.075521,79
2019-01-18,170479,3350538,14.76437,14.877652,14.76437,14.802131,0.037761,101
2019-01-21,114855,2253951,14.802131,14.877652,14.802131,14.839891,0.03776,101
2019-01-22,233790,4604471,14.839891,14.953173,14.802131,14.915412,0.075521,127
2019-01-23,132122,2596082,14.915412,14.915412,14.802131,14.877652,-0.03776,98
2019-01-24,138410,2731416,14.877652,14.953173,14.839891,14.953173,0.075521,97
2019-01-25,210833,4185198,14.953173,15.028694,14.915412,14.990933,0.03776,156
2019-01-28,173160,3425620,14.990933,15.028694,14.877652,14.953173,-0.03776,162
2019-01-29,245141,4847962,14.877652,14.990933,14.839891,14.990933,0.03776,195
2019-01-30,305978,6079159,14.990933,15.066454,14.877652,15.028694,0.037761,182
2019-02-11,644007,12923329,15.255257,15.255257,14.953173,15.104215,0.075521,301
2019-02-12,699091,14132231,15.104215,15.368539,15.104215,15.368539,0.264324,335
2019-02-13,448071,9090233,15.44406,15.44406,15.217497,15.330778,-0.037761,204
2019-02-14,467534,9501356,15.255257,15.406299,15.255257,15.368539,0.037761,225
2019-02-15,485922,9859022,15.368539,15.406299,15.217497,15.255257,-0.113282,194
2019-02-18,249557,5055066,15.255257,15.330778,15.255257,15.293018,0.037761,202
2019-02-19,348375,7078719,15.293018,15.406299,15.255257,15.330778,0.03776,212
2019-02-20,495831,10108096,15.330778,15.44406,15.330778,15.406299,0.075521,295
2019-02-21,550194,11248600,15.406299,15.519581,15.330778,15.519581,0.113282,298
2019-02-22,587384,11985996,15.48182,15.48182,15.330778,15.44406,-0.075521,218
2019-02-25,1054779,21675707,15.406299,15.632862,15.406299,15.557341,0.113281,362
2019-02-26,668227,13712913,15.557341,15.557341,15.44406,15.519581,-0.03776,192
2019-02-27,283941,5820038,15.519581,15.557341,15.44406,15.519581,0.0,182
2019-03-04,481871,9893639,15.557341,15.632862,15.406299,15.557341,0.03776,342
2019-03-05,233499,4779719,15.557341,15.557341,15.44406,15.44406,-0.113281,161
2019-03-06,448928,9146566,15.48182,15.48182,15.330778,15.44406,0.0,235
2019-03-07,479991,9832663,15.406299,15.557341,15.330778,15.330778,-0.113282,178
2019-03-08,290110,5886576,15.330778,15.368539,15.293018,15.330778,0.0,138
2019-03-11,124310,2525532,15.330778,15.406299,15.330778,15.368539,0.037761,103
2019-03-12,491913,10041770,15.368539,15.557341,15.330778,15.44406,0.075521,162
2019-03-13,112352,2290886,15.406299,15.44406,15.368539,15.406299,-0.037761,105
2019-03-14,401944,8149059,15.406299,15.406299,15.217497,15.406299,0.0,247
2019-03-15,601787,12176543,15.406299,15.406299,15.217497,15.255257,-0.151042,297
2019-03-18,314229,6371969,15.255257,15.368539,15.255257,15.330778,0.075521,189
2019-03-19,409037,8298839,15.330778,15.368539,15.293018,15.293018,-0.03776,280
2019-03-20,409493,8331475,15.330778,15.406299,15.330778,15.406299,0.113281,238
2019-03-21,566817,11583062,15.406299,15.519581,15.330778,15.44406,0.037761,288
2019-03-22,551081,11266087,15.48182,15.557341,15.330778,15.406299,-0.037761,264
2019-03-25,419534,8516111,15.255257,15.368539,15.255257,15.330778,-0.075521,161
2019-03-26,344470,7025584,15.368539,15.44406,15.368539,15.406299,0.075521,111
2019-03-27,1176592,24256987,15.406299,15.632862,15.406299,15.557341,0.151042,452
2019-03-28,680682,14010353,15.557341,15.632862,15.48182,15.48182,-0.075521,239
2019-03-29,693171,14249164,15.519581,15.595102,15.406299,15.595102,0.113282,274
2019-04-01,422760,8714657,15.595102,15.632862,15.48182,15.595102,0.0,182
2019-04-02,263658,5425631,15.557341,15.632862,15.48182,15.595102,0.0,133
2019-04-03,904396,18754624,15.595102,15.783905,15.519581,15.595102,0.0,562
2019-04-08,651868,13509048,15.708384,15.708384,15.595102,15.632862,0.03776,439
2019-04-09,617677,12741788,15.632862,15.632862,15.519581,15.632862,0.0,338
2019-04-10,928096,19128879,15.595102,15.670623,15.519581,15.519581,-0.113281,380
2019-04-11,2202000,45890111,15.595102,15.934947,15.519581,15.595102,0.075521,657
2019-04-12,519204,10751256,15.595102,15.708384,15.557341,15.595102,0.0,216
2019-04-15,644555,13341102,15.632862,15.670623,15.557341,15.670623,0.075521,263
2019-04-16,487689,10071305,15.632862,15.670623,15.557341,15.670623,0.0,224
2019-04-17,571421,11812174,15.632862,15.632862,15.557341,15.595102,-0.075521,268
2019-04-18,680817,14075552,15.595102,15.708384,15.557341,15.557341,-0.037761,324
2019-04-19,452755,9353938,15.670623,15.670623,15.557341,15.632862,0.075521,165
2019-04-22,518586,10740342,15.595102,15.708384,15.595102,15.632862,0.0,375
2019-04-23,671773,13933421,15.670623,15.746144,15.632862,15.632862,0.0,443
2019-04-24,1240218,25916866,15.708384,15.859426,15.670623,15.859426,0.226564,672
2019-04-25,411478,8627059,15.897186,15.897186,15.783905,15.821665,-0.037761,218
2019-04-26,903163,18809924,15.821665,15.821665,15.670623,15.708384,-0.113281,205
2019-04-29,344232,7148594,15.708384,15.746144,15.632862,15.632862,-0.075522,158
2019-04-30,242205,5034459,15.670623,15.746144,15.632862,15.708384,0.075522,130
2019-05-02,756422,15854565,15.746144,15.859426,15.746144,15.821665,0.113281,284
2019-05-03,616553,12905047,15.821665,15.897186,15.708384,15.708384,-0.113281,241
2019-05-06,983241,20441611,15.708384,15.783905,15.632862,15.708384,0.0,471
2019-05-07,463965,9699922,15.746144,15.859426,15.708384,15.708384,0.0,219
2019-05-08,310547,6475265,15.708384,15.821665,15.708384,15.708384,0.0,164
2019-05-09,3598981,75849995,15.859426,16.048228,15.821665,15.972707,0.264323,1024
2019-05-10,1528116,32329642,16.010468,16.048228,15.897186,16.048228,0.075521,632
2019-05-13,2877832,61654050,16.085989,16.274792,16.048228,16.048228,0.0,1018
2019-05-14,1811297,38005145,15.859426,16.010468,15.670623,16.010468,-0.03776,782
2019-05-15,1432033,30190293,16.048228,16.048228,15.859426,15.859426,-0.151042,462
2019-05-16,2261830,47583430,15.859426,16.010468,15.783905,15.897186,0.03776,683
2019-05-17,1434150,30332799,15.897186,16.085989,15.859426,15.972707,0.075521,429
2019-05-20,2186218,45813748,15.897186,15.972707,15.708384,15.897186,-0.075521,628
2019-05-21,991089,20779955,15.859426,15.972707,15.783905,15.897186,0.0,303
2019-05-22,314306,6589641,15.934947,15.934947,15.783905,15.783905,-0.113281,198
2019-05-23,1120206,23230297,15.783905,15.783905,15.519581,15.595102,-0.188803,445
2019-05-24,832751,17183079,15.557341,15.708384,15.519581,15.632862,0.03776,378
2019-05-27,852240,17642315,15.632862,15.708384,15.595102,15.595102,-0.03776,399
2019-05-28,3964892,82529553,15.595102,15.746144,15.557341,15.746144,0.151042,483
2019-05-29,472256,9828480,15.783905,15.783905,15.632862,15.708384,-0.03776,289
2019-05-30,777366,16197605,15.670623,15.821665,15.632862,15.708384,0.0,436
2019-05-31,819164,17046907,15.708384,15.821665,15.670623,15.708384,0.0,381
2019-06-03,530540,11047197,15.632862,15.821665,15.632862,15.746144,0.03776,211
2019-06-04,298963,6246027,15.708384,15.821665,15.708384,15.746144,0.0,144
2019-06-05,494293,10345908,15.746144,15.897186,15.746144,15.746144,0.0,205
2019-06-06,488366,10213475,15.783905,15.859426,15.746144,15.821665,0.075521,169
2019-06-10,732879,15425659,15.821665,16.010468,15.783905,15.972707,0.151042,227
2019-06-11,617000,12975796,15.972707,15.972707,15.821665,15.821665,-0.151042,247
2019-06-12,517463,10838375,15.859426,15.859426,15.783905,15.821665,0.0,269
2019-06-13,471513,9858818,15.821665,15.821665,15.746144,15.821665,0.0,237
2019-06-14,496655,10382288,15.821665,15.859426,15.746144,15.783905,-0.03776,242
2019-06-17,566850,11914801,15.821665,15.934947,15.821665,15.897186,0.113281,203
2019-06-18,754627,15861467,15.897186,15.934947,15.821665,15.859426,-0.03776,328
2019-06-19,934591,19609911,15.859426,15.934947,15.746144,15.934947,0.075521,411
2019-06-20,583625,12280425,15.934947,15.972707,15.821665,15.934947,0.0,238
2019-06-21,605923,12796133,15.934947,16.010468,15.897186,15.972707,0.03776,330
2019-06-24,1017184,21629088,16.010468,16.085989,15.972707,16.085989,0.113282,468
2019-06-25,1074701,22964542,16.085989,16.199271,16.085989,16.123749,0.03776,490
2019-06-26,884916,18817566,16.085989,16.123749,16.010468,16.123749,0.0,328
2019-06-27,1033678,21999054,16.123749,16.123749,16.010468,16.123749,0.0,323
2019-06-28,733433,15593105,16.123749,16.123749,16.010468,16.010468,-0.113281,261
2019-07-01,1331476,28343638,16.123749,16.199271,16.010468,16.010468,0.0,287
2019-07-02,630300,13384826,16.010468,16.085989,16.010468,16.010468,0.0,191
2019-07-03,813386,17260127,16.048228,16.085989,15.972707,16.010468,0.0,437
2019-07-04,268789,5710874,16.010468,16.085989,16.010468,16.085989,0.075521,126
2019-07-05,432205,9222151,16.085989,16.123749,16.085989,16.085989,0.0,216
2019-07-08,753390,16015694,16.085989,16.123749,15.972707,15.972707,-0.113282,369
2019-07-09,609068,12900783,15.972707,16.085989,15.972707,16.010468,0.037761,276
2019-07-10,245283,5207369,16.010468,16.085989,16.010468,16.048228,0.03776,131
2019-07-11,456222,9693353,16.048228,16.085989,15.972707,16.010468,-0.03776,157
2019-07-12,905795,19346681,16.010468,16.199271,16.010468,16.123749,0.113281,251
2019-07-15,448511,9557102,16.16151,16.16151,16.010468,16.048228,-0.075521,175
2019-07-16,734681,15580519,16.048228,16.085989,15.972707,16.048228,0.0,326
2019-07-17,405223,8586510,16.048228,16.048228,15.972707,15.972707,-0.075521,175
2019-07-18,421158,8881032,15.972707,15.972707,15.897186,15.897186,-0.075521,228
2019-07-19,1406522,29603734,15.897186,15.972707,15.821665,15.934947,0.037761,392
2019-07-22,477688,10035048,15.934947,16.010468,15.821665,15.859426,-0.075521,182
2019-07-23,318376,6689523,15.897186,15.897186,15.821665,15.859426,0.0,168
2019-07-24,471019,9885891,15.859426,15.897186,15.821665,15.821665,-0.037761,191
2019-07-25,229282,4824372,15.859426,15.934947,15.859426,15.934947,0.113282,131
2019-07-26,601906,12654126,15.934947,15.972707,15.821665,15.859426,-0.075521,201
2019-07-29,676656,14227588,15.859426,15.934947,15.859426,15.897186,0.03776,166
2019-07-30,497126,10438279,15.972707,15.972707,15.821665,15.859426,-0.03776,172
2019-07-31,260356,5475306,15.859426,15.934947,15.859426,15.897186,0.03776,83
2019-08-01,302918,6359786,15.859426,15.897186,15.821665,15.821665,-0.075521,156
2019-08-02,1793821,37421842,15.821665,15.859426,15.708384,15.708384,-0.113281,409
2019-08-05,873614,18170589,15.632862,15.783905,15.632862,15.746144,0.03776,211
2019-08-06,720772,14952952,15.632862,15.783905,15.519581,15.783905,0.037761,281
2019-08-07,376228,7853163,15.783905,15.821665,15.708384,15.783905,0.0,123
2019-08-08,287772,5995653,15.708384,15.821665,15.670623,15.746144,-0.037761,133
2019-08-12,455818,9528144,15.821665,15.897186,15.708384,15.783905,0.037761,154
2019-08-13,660146,13827048,15.859426,15.859426,15.783905,15.821665,0.03776,171
2019-08-14,976958,20671012,15.821665,16.085989,15.821665,15.934947,0.113282,283
2019-08-15,309218,6480704,15.746144,15.897186,15.746144,15.821665,-0.113282,127
2019-08-16,1013218,21195005,15.859426,15.859426,15.746144,15.859426,0.037761,376
2019-08-19,395982,8322072,15.859426,15.934947,15.821665,15.859426,0.0,164
2019-08-20,844975,17745670,15.859426,15.897186,15.821665,15.821665,-0.037761,313
2019-08-21,389069,8162038,15.821665,15.897186,15.821665,15.859426,0.037761,211
2019-08-22,385495,8098244,15.897186,15.897186,15.859426,15.859426,0.0,171
2019-08-23,575489,12100866,15.859426,15.934947,15.859426,15.859426,0.0,159
2019-08-26,1780422,37160021,15.821665,15.821665,15.708384,15.783905,-0.075521,522
2019-08-27,2241580,46646729,15.783905,15.821665,15.670623,15.746144,-0.037761,686
2019-08-28,1564220,31361500,15.865133,15.984121,15.865133,15.904795,0.158651,618
2019-08-29,492507,9923110,16.023784,16.023784,15.944458,15.984121,0.079326,192
2019-08-30,625285,12632973,16.023784,16.063447,15.984121,16.063447,0.079326,280
2019-09-02,288106,5835482,16.063447,16.10311,16.023784,16.063447,0.0,151
2019-09-03,260375,5271085,16.063447,16.10311,16.023784,16.063447,0.0,143
2019-09-04,409629,8311303,16.063447,16.142772,16.063447,16.063447,0.0,206
2019-09-05,389786,7913362,16.10311,16.142772,16.063447,16.10311,0.039663,172
2019-09-06,413522,8432194,16.142772,16.222098,16.142772,16.222098,0.118988,176
2019-09-09,489624,10038206,16.261761,16.301424,16.222098,16.261761,0.039663,198
2019-09-10,582323,11889435,16.261761,16.261761,16.142772,16.182435,-0.079326,185
2019-09-11,1114876,22616675,16.142772,16.142772,16.023784,16.10311,-0.079325,448
2019-09-12,426172,8646184,16.10311,16.142772,16.063447,16.10311,0.0,171
2019-09-16,234467,4760777,16.142772,16.142772,16.10311,16.10311,0.0,130
2019-09-17,357831,7251621,16.063447,16.142772,16.063447,16.063447,-0.039663,167
2019-09-18,597395,12135761,16.063447,16.182435,16.063447,16.142772,0.079325,305
2019-09-19,145883,2973566,16.142772,16.182435,16.142772,16.182435,0.039663,85
2019-09-20,454106,9298408,16.222098,16.301424,16.142772,16.261761,0.079326,215
2019-09-23,239557,4902060,16.261761,16.301424,16.182435,16.182435,-0.079326,148
2019-09-24,225707,4604631,16.182435,16.222098,16.142772,16.182435,0.0,151
2019-09-25,368951,7505193,16.142772,16.182435,16.10311,16.10311,-0.079325,217
2019-09-26,440096,8922685,16.10311,16.142772,16.063447,16.10311,0.0,277
2019-09-27,483660,9777946,16.10311,16.10311,15.984121,16.023784,-0.079326,305
2019-10-01,366386,7402905,16.023784,16.063447,15.984121,16.063447,0.039663,164
2019-10-02,322141,6493229,16.023784,16.023784,15.944458,15.984121,-0.079326,193
2019-10-03,474730,9535203,15.944458,15.984121,15.904795,15.944458,-0.039663,237
2019-10-04,243103,4902563,15.944458,16.023784,15.944458,16.023784,0.079326,106
2019-10-07,275227,5558879,16.023784,16.063447,15.984121,16.023784,0.0,127
2019-10-08,458614,9243938,16.023784,16.063447,15.944458,15.944458,-0.079326,195
2019-10-09,376384,7567614,15.944458,15.984121,15.944458,15.944458,0.0,140
2019-10-14,584474,11825818,15.984121,16.10311,15.984121,16.063447,0.118989,310
2019-10-15,428709,8710969,16.063447,16.182435,16.063447,16.10311,0.039663,252
2019-10-16,259415,5266845,16.182435,16.182435,16.063447,16.142772,0.039662,164
2019-10-17,248444,5029417,16.10311,16.142772,16.023784,16.063447,-0.079325,142
2019-10-18,1199961,24526543,16.063447,16.341087,16.023784,16.341087,0.27764,430
2019-10-21,889521,18154948,16.261761,16.341087,16.063447,16.222098,-0.118989,285
2019-10-22,867489,17606874,16.222098,16.222098,16.023784,16.182435,-0.039663,292
2019-10-23,718319,14526256,16.182435,16.182435,15.984121,16.142772,-0.039663,249
2019-10-24,364237,7386556,16.142772,16.142772,16.063447,16.142772,0.0,134
2019-10-25,278143,5644898,16.063447,16.142772,16.063447,16.142772,0.0,111
2019-10-28,560281,11385448,16.10311,16.222098,16.063447,16.142772,0.0,160
2019-10-29,176573,3584471,16.142772,16.142772,16.063447,16.10311,-0.039662,90
2019-10-30,173629,3523831,16.10311,16.142772,16.063447,16.142772,0.039662,95
2019-10-31,207532,4216895,16.142772,16.142772,16.063447,16.142772,0.0,97
2019-11-01,150500,3060446,16.142772,16.182435,16.10311,16.182435,0.039663,87
2019-11-04,504550,10329415,16.182435,16.261761,16.182435,16.261761,0.079326,265
2019-11-05,496277,10194707,16.301424,16.341087,16.261761,16.261761,0.0,223
2019-11-06,286532,5879653,16.261761,16.301424,16.261761,16.301424,0.039663,123
2019-11-07,400766,8249509,16.341087,16.380749,16.301424,16.301424,0.0,187
2019-11-08,305059,6269102,16.301424,16.341087,16.261761,16.341087,0.039663,97
2019-11-11,705638,14476739,16.301424,16.301424,16.261761,16.261761,-0.079326,196
2019-11-12,270293,5544355,16.261761,16.301424,16.261761,16.261761,0.0,92
2019-11-13,3437272,71712737,16.261761,16.698052,16.261761,16.539401,0.27764,843
2019-11-14,4329913,92057489,16.618726,16.975692,16.579064,16.936029,0.396628,1708
2019-11-15,1151868,24533209,17.015355,17.015355,16.817041,16.856703,-0.079326,372
2019-11-18,718430,15244666,16.817041,16.936029,16.777378,16.817041,-0.039662,232
2019-11-19,784680,16771042,16.856703,17.015355,16.817041,16.975692,0.158651,338
2019-11-20,734976,15695186,16.936029,16.975692,16.856703,16.936029,-0.039663,271
2019-11-21,347607,7401114,16.896366,16.936029,16.856703,16.896366,-0.039663,157
2019-11-22,902212,19293759,16.896366,17.015355,16.896366,16.936029,0.039663,256
2019-11-25,298257,6371969,16.936029,16.975692,16.896366,16.975692,0.039663,161
2019-11-26,395463,8456380,16.975692,16.975692,16.936029,16.975692,0.0,139
2019-11-27,1312672,28291311,16.975692,17.213669,16.936029,17.213669,0.237977,384
2019-11-28,1333055,28879477,17.213669,17.253332,17.055018,17.213669,0.0,421
2019-11-29,1902657,41315104,17.213669,17.332657,17.09468,17.213669,0.0,383
2019-12-02,1379661,29576457,17.213669,17.213669,16.896366,16.896366,-0.317303,372
2019-12-03,1304885,27769111,16.856703,17.015355,16.777378,16.856703,-0.039663,336
2019-12-04,1410738,30093993,16.856703,17.055018,16.817041,16.856703,0.0,322
2019-12-05,618520,13227847,16.936029,17.055018,16.856703,16.936029,0.079326,162
2019-12-06,381054,8129141,16.936029,16.975692,16.896366,16.896366,-0.039663,159
2019-12-09,480839,10263525,16.975692,16.975692,16.896366,16.896366,0.0,164
2019-12-10,441051,9413027,16.975692,16.975692,16.896366,16.936029,0.039663,155
2019-12-11,962809,20541389,16.936029,17.015355,16.817041,16.896366,-0.039663,190
2019-12-12,1555736,33280729,16.896366,17.134343,16.856703,17.09468,0.198314,280
2019-12-13,1755005,38085604,17.015355,17.332657,17.015355,17.213669,0.118989,503
2019-12-16,939015,20390417,17.253332,17.292995,17.174006,17.174006,-0.039663,310
2019-12-17,1450277,31516892,17.213669,17.292995,17.174006,17.292995,0.118989,411
2019-12-18,2639258,57894340,17.292995,17.530972,17.253332,17.451646,0.158651,783
2019-12-19,983900,21662854,17.491309,17.570634,17.411983,17.451646,0.0,281
2019-12-20,703589,15436205,17.491309,17.530972,17.332657,17.332657,-0.118989,283
2019-12-23,1988829,43654611,17.253332,17.689623,17.213669,17.610297,0.27764,480
2019-12-24,1912756,42920532,17.768949,17.9276,17.610297,17.808611,0.198314,712
2019-12-25,2161513,49137435,17.848274,18.125914,17.848274,18.006925,0.198314,636
2019-12-26,779452,17712332,18.006925,18.125914,18.006925,18.046588,0.039663,296
2019-12-27,822462,18754907,18.086251,18.125914,18.046588,18.086251,0.039663,322
2019-12-30,1501118,34474279,18.165577,18.284565,18.125914,18.165577,0.079326,476
2019-12-31,11885245,291312795,19.791753,19.831416,18.839845,19.276136,1.110559,4301
2020-01-02,8776654,220992434,19.831416,20.267707,19.672764,20.267707,0.991571,3857
2020-01-03,6486604,164978995,20.02973,20.505684,19.871079,20.30737,0.039663,2714
2020-01-06,2568721,65017745,20.148718,20.228044,19.990067,19.990067,-0.317303,1196
2020-01-07,4051241,102564425,20.02973,20.228044,19.871079,20.188381,0.198314,1505
2020-01-08,3728817,93577125,19.990067,20.109056,19.593439,19.950404,-0.237977,1419
2020-01-09,7479115,194922377,20.02973,21.021301,20.02973,20.981638,1.031234,3243
2020-01-10,4959880,129537419,21.140289,21.140289,20.545347,20.624672,-0.356966,2266
2020-01-13,3234414,83720865,20.822987,20.862649,20.267707,20.58501,-0.039662,1265
2020-01-14,1939465,50747029,20.743661,20.941975,20.58501,20.664335,0.079325,840
2020-01-15,1345204,35140154,20.703998,20.822987,20.664335,20.703998,0.039663,598
2020-01-16,16515694,460412186,20.822987,22.766465,20.664335,22.092197,1.388199,6156
2020-01-17,9368873,257422871,22.171523,22.449163,21.179952,21.536917,-0.55528,3903
2020-01-20,3719775,102539764,21.57658,22.052534,21.338603,22.012871,0.475954,1808
2020-01-30,7588569,201282127,20.902312,21.57658,20.703998,20.981638,-1.031233,2793
2020-01-31,6290942,171577834,21.338603,22.171523,21.179952,21.457592,0.475954,2648
2020-02-03,4998955,132569278,20.902312,21.417929,20.545347,21.338603,-0.118989,2117
2020-02-04,5197003,142350077,21.497255,22.092197,21.219615,21.893883,0.55528,2135
2020-02-05,4956572,138201148,21.973209,22.449163,21.655906,22.052534,0.158651,2300
2020-02-06,9644481,277007028,22.211186,23.202756,22.211186,22.766465,0.713931,4449
2020-02-07,4170680,119284400,22.68714,23.004442,22.4095,22.528488,-0.237977,1961
2020-02-10,3188448,89300901,22.330174,22.4095,22.012871,22.369837,-0.158651,1466
2020-02-11,3165329,89170112,22.4095,22.607814,22.13186,22.250848,-0.118989,1727
2020-02-12,2261501,63393761,22.369837,22.449163,22.13186,22.250848,0.0,1047
2020-02-13,3382593,93916756,22.171523,22.250848,21.814557,21.85422,-0.396628,1468
2020-02-14,4553022,124625985,21.814557,21.973209,21.536917,21.774894,-0.079326,1594
2020-02-17,4876695,135830048,21.735232,22.369837,21.695569,22.250848,0.475954,1564
2020-02-18,3429265,94615884,22.250848,22.250848,21.57658,21.735232,-0.515616,1422
2020-02-19,2968945,80747431,21.57658,21.814557,21.338603,21.814557,0.079325,1309
2020-02-20,2121169,58829713,21.814557,22.13186,21.774894,22.012871,0.198314,883
2020-02-21,1830759,50352208,21.814557,22.211186,21.616243,21.655906,-0.356965,892
2020-02-24,2237074,60171054,21.536917,21.536917,21.219615,21.219615,-0.436291,1161
2020-02-25,3940253,103862729,20.783324,21.021301,20.783324,20.862649,-0.356966,1495
2020-02-26,4631824,123094027,20.822987,21.338603,20.783324,21.060964,0.198315,1387
2020-02-27,3196120,83863520,21.060964,21.100626,20.58501,20.624672,-0.436292,1238
2020-03-02,3054400,79012843,20.02973,20.862649,20.02973,20.466021,-0.158651,1175
2020-03-03,1337742,35285107,21.021301,21.100626,20.783324,20.902312,0.436291,592
2020-03-04,1147245,29844291,20.941975,20.941975,20.466021,20.703998,-0.198314,557
2020-03-05,772007,20301976,20.783324,20.941975,20.703998,20.902312,0.198314,381
2020-03-06,922415,24091304,20.902312,20.902312,20.624672,20.664335,-0.237977,441
2020-03-09,3153541,79930846,20.188381,20.505684,19.871079,19.871079,-0.793256,1255
2020-03-10,5212938,128786700,19.19681,19.950404,19.19681,19.831416,-0.039663,1664
2020-03-11,1708625,42615710,19.871079,19.990067,19.514113,19.514113,-0.317303,854
2020-03-12,7927725,185767083,19.434787,19.434787,18.244902,18.601868,-0.912245,2293
2020-03-13,6101201,133382879,17.292995,17.729286,17.055018,17.729286,-0.872582,2066
2020-03-16,3841475,85812089,17.689623,18.20524,17.491309,17.610297,-0.118989,1297
2020-03-17,2005981,43558530,17.174006,17.610297,17.055018,17.213669,-0.396628,954
2020-03-18,2196831,48065424,17.253332,17.530972,17.174006,17.332657,0.118988,1046
2020-03-19,6380618,127911750,17.174006,17.174006,15.627156,15.627156,-1.705501,2268
2020-03-20,2884610,59987717,15.904795,16.975692,15.904795,16.420412,0.793256,1478
2020-03-23,1833546,37288865,15.706481,16.539401,15.666818,16.420412,0.0,847
2020-03-24,1682586,35553006,16.579064,16.975692,16.499738,16.539401,0.118989,698
2020-03-25,3561113,77633103,17.015355,17.570634,16.856703,17.332657,0.793256,1258
2020-03-26,1858989,40468047,17.332657,17.491309,17.09468,17.292995,-0.039662,664
2020-03-27,2555664,56257154,17.530972,17.848274,17.213669,17.292995,0.0,787
2020-03-30,1990854,43494969,17.055018,17.530972,16.777378,17.530972,0.237977,535
2020-03-31,1659954,36964424,17.64996,17.768949,17.451646,17.729286,0.198314,809
2020-04-01,1389860,30843389,17.491309,17.729286,17.491309,17.610297,-0.118989,440
2020-04-06,1043402,23232826,17.768949,17.768949,17.530972,17.64996,0.039663,536
2020-04-07,3764203,85958535,17.768949,18.403554,17.768949,18.363891,0.713931,1348
2020-04-08,1902678,44241873,18.244902,18.641531,18.086251,18.522542,0.158651,761
2020-04-09,2087332,48907362,18.522542,18.839845,18.443217,18.443217,-0.079325,672
2020-04-10,1781650,41869900,18.482879,18.800182,18.482879,18.760519,0.317302,534
2020-04-13,2398951,56559622,18.839845,18.839845,18.522542,18.681194,-0.079325,956
2020-04-14,1811559,42982856,18.839845,18.879508,18.720856,18.879508,0.198314,750
2020-04-15,3239674,78313511,18.958833,19.355462,18.919171,19.355462,0.475954,947
2020-04-16,1903708,46013084,19.236473,19.315799,18.998496,19.276136,-0.079326,872
2020-04-17,2467167,60524507,19.553776,19.712427,19.315799,19.355462,0.079326,999
2020-04-20,912409,22302998,19.355462,19.47445,19.315799,19.434787,0.079325,486
2020-04-21,2798983,67002809,19.434787,19.434787,18.720856,18.720856,-0.713931,1173
2020-04-22,1606326,37509957,18.482879,18.800182,18.20524,18.720856,0.0,595
2020-04-23,621722,14742902,18.879508,18.919171,18.681194,18.839845,0.118989,322
2020-04-24,824054,19749326,18.800182,19.157148,18.760519,19.038159,0.198314,331
2020-04-27,2279501,56285944,19.117485,19.791753,19.117485,19.75209,0.713931,951
2020-04-28,2257912,56298315,19.831416,19.950404,19.672764,19.791753,0.039663,584
2020-04-29,2213935,55427231,19.791753,20.109056,19.712427,19.831416,0.039663,771
2020-04-30,3987854,100375120,19.910741,20.466021,19.791753,20.069393,0.237977,1743
2020-05-04,867843,21600189,19.831416,19.831416,19.593439,19.712427,-0.356966,416
2020-05-05,2709047,68580326,19.75209,20.386695,19.75209,20.109056,0.396629,1080
2020-05-06,1422870,35741161,19.910741,20.109056,19.791753,19.871079,-0.237977,603
2020-05-07,1110977,27941270,19.871079,20.02973,19.831416,19.990067,0.118988,379
2020-05-08,3285948,84621844,20.109056,20.862649,19.990067,20.624672,0.634605,1340
2020-05-11,8230796,220872864,20.783324,21.655906,20.703998,21.57658,0.951908,2609
2020-05-12,6470806,176683260,21.57658,21.933546,21.219615,21.933546,0.356966,2272
2020-05-13,6355397,173631099,21.179952,21.973209,21.140289,21.814557,-0.118989,2674
2020-05-14,5441064,149845546,21.814557,21.973209,21.536917,21.814557,0.0,1813
2020-05-15,6958625,191998416,21.893883,22.092197,21.57658,21.85422,0.039663,1960
2020-05-18,2782799,76411387,21.85422,22.012871,21.417929,21.85422,0.0,1085
2020-05-19,5203246,145253012,21.973209,22.369837,21.893883,21.973209,0.118989,1945
2020-05-20,3565169,98594431,22.092197,22.171523,21.774894,21.893883,-0.079326,1049
2020-05-21,1765488,48649563,21.893883,22.092197,21.655906,21.933546,0.039663,820
2020-05-22,2633761,72070984,21.933546,21.933546,21.536917,21.735232,-0.198314,865
2020-05-25,2042349,56604061,22.012871,22.211186,21.774894,21.973209,0.237977,875
2020-05-26,1695366,46941112,22.13186,22.211186,21.85422,21.893883,-0.079326,660
2020-05-27,3309230,92742608,22.092197,22.568151,21.85422,22.211186,0.317303,1320
2020-05-28,8860229,256048512,22.369837,23.242419,22.369837,23.163094,0.951908,4140
2020-05-29,5777050,166163416,23.004442,23.242419,22.528488,22.607814,-0.55528,2572
2020-06-01,2221433,63779586,22.607814,22.964779,22.568151,22.726802,0.118988,1045
2020-06-02,3213240,91015469,22.925117,22.925117,22.250848,22.330174,-0.396628,1281
2020-06-03,2094885,58905480,22.449163,22.568151,22.13186,22.290511,-0.039663,1014
2020-06-04,1582679,44736955,22.4095,22.607814,22.290511,22.449163,0.158652,585
2020-06-05,4430172,128474879,22.449163,23.282082,22.449163,23.163094,0.713931,1913
2020-06-08,3302309,96703278,23.242419,23.877025,22.925117,23.044105,-0.118989,2019
2020-06-09,1160079,33662972,23.004442,23.202756,22.845791,23.004442,-0.039663,633
2020-06-10,2303226,66043854,22.845791,23.004442,22.528488,22.726802,-0.27764,863
2020-06-11,3365303,94557988,22.806128,22.845791,21.933546,22.369837,-0.356965,1450
2020-06-12,2593048,71168798,21.497255,22.171523,21.497255,21.735232,-0.634605,1141
2020-06-15,1530455,42269492,21.893883,22.092197,21.616243,21.735232,0.0,689
2020-06-16,1490819,41201337,21.85422,22.052534,21.735232,21.973209,0.237977,533
2020-06-17,663095,18349877,22.092197,22.092197,21.85422,22.052534,0.079325,364
2020-06-18,1762968,48401766,22.052534,22.052534,21.536917,21.933546,-0.118988,809
2020-06-19,1853937,50785981,21.933546,21.973209,21.536917,21.536917,-0.396629,643
2020-06-22,1884441,51718729,21.536917,21.933546,21.536917,21.85422,0.317303,770
2020-06-23,1537658,42577474,22.012871,22.330174,21.774894,21.85422,0.0,703
2020-06-24,514101,14201523,21.893883,22.052534,21.85422,21.893883,0.039663,285
2020-06-29,1031494,28365304,21.774894,21.973209,21.695569,21.893883,0.0,401
2020-06-30,531177,14667361,21.933546,22.012871,21.814557,21.933546,0.039663,280
2020-07-01,762722,21065287,22.012871,22.012871,21.814557,21.973209,0.039663,387
2020-07-02,2597048,73012943,21.933546,22.607814,21.933546,22.449163,0.475954,1096
2020-07-03,1771971,49691338,22.449163,22.449163,22.13186,22.250848,-0.198315,977
2020-07-06,1279284,36092432,22.369837,22.488825,22.211186,22.369837,0.118989,700
2020-07-07,5531511,159309906,22.528488,23.639048,22.449163,22.607814,0.237977,2412
2020-07-08,1571411,44787463,22.647477,22.726802,22.449163,22.647477,0.039663,835
2020-07-09,2715810,78560028,22.806128,23.202756,22.806128,22.925117,0.27764,1130
2020-07-10,3353417,97008429,22.964779,23.321745,22.488825,22.925117,0.0,1390
2020-07-13,2173809,63091975,23.004442,23.401071,22.845791,23.004442,0.079325,855
2020-07-14,2451964,70068159,23.083768,23.083768,22.449163,22.766465,-0.237977,1033
2020-07-15,6243430,182901602,22.964779,23.877025,22.647477,22.925117,0.158652,2272
2020-07-16,2806402,81153235,23.004442,23.242419,22.766465,23.004442,0.079325,1313
2020-07-17,2166578,62463392,23.083768,23.123431,22.726802,22.766465,-0.237977,841
2020-07-20,1417635,40833196,23.004442,23.083768,22.568151,22.925117,0.158652,616
2020-07-21,1400721,40557221,23.044105,23.083768,22.845791,22.925117,0.0,649
2020-07-22,16858084,511505390,23.004442,24.590956,23.004442,24.392641,1.467524,6255
2020-07-23,9678593,300389344,24.51163,25.304886,23.916687,25.027247,0.634606,4935
2020-07-24,4950866,151939177,24.551293,24.868595,23.877025,24.075339,-0.951908,2258
2020-07-27,3415590,101991573,23.877025,24.194327,23.361408,23.520059,-0.55528,1350
2020-07-28,2697469,79363551,23.480396,23.877025,23.004442,23.083768,-0.436291,1203
2020-07-29,2406889,71266898,23.083768,23.758036,23.083768,23.639048,0.55528,791
2020-07-30,5081293,154347318,23.718373,24.392641,23.520059,24.154664,0.515616,2167
2020-07-31,3284721,100144396,24.154664,24.432304,23.758036,24.273653,0.118989,1575
2020-08-03,4648759,143679438,24.352979,24.908258,24.273653,24.51163,0.237977,1966
2020-08-04,2496317,77278520,24.590956,24.749607,24.313316,24.51163,0.0,1566
2020-08-05,3815546,117072467,24.590956,24.630618,24.154664,24.51163,0.0,1139
2020-08-06,2368085,72667741,24.51163,24.551293,24.23399,24.51163,0.0,859
2020-08-07,3313804,101797547,24.590956,24.828933,24.154664,24.352979,-0.158651,1239
2020-08-10,4269758,133328356,24.352979,25.304886,24.194327,24.670281,0.317302,1400
2020-08-11,2627598,81364452,24.868595,24.908258,24.23399,24.670281,0.0,1079
2020-08-12,1768651,54780503,24.51163,24.78927,24.313316,24.78927,0.118989,697
2020-08-13,1515548,47170972,24.868595,24.908258,24.471967,24.670281,-0.118989,679
2020-08-14,18214338,572343887,24.670281,25.701515,24.51163,24.908258,0.237977,4120
2020-08-17,21163914,707401367,25.146235,27.367354,25.027247,27.367354,2.459096,7137
2020-08-18,12204283,419108872,28.200273,28.319262,26.653423,27.010388,-0.356966,6152
2020-08-19,7185047,247240422,27.208702,28.001959,26.732748,27.16904,0.158652,3130
2020-08-20,9266129,303677743,27.16904,27.16904,25.185898,25.899829,-1.269211,3773
2020-08-21,5654403,186183597,26.375783,26.574097,25.78084,25.979155,0.079326,2968
2020-08-24,3274362,107179529,25.979155,26.33612,25.582526,26.018817,0.039662,1434
2020-08-25,4789599,157273723,26.375783,26.534434,25.78084,25.979155,-0.039662,1902
2020-08-26,1995265,64977310,25.701515,25.979155,25.701515,25.860166,-0.118989,879
2020-08-27,4688827,154856565,26.098143,26.415446,25.979155,26.177469,0.317303,2115
2020-08-28,14522307,496593397,26.177469,27.605331,26.018817,27.407017,1.229548,5154
2020-08-31,24904621,913488298,27.644994,30.143752,27.446679,29.826449,2.419432,9992
2020-09-01,42007918,1643676470,30.024763,32.404533,29.429821,31.690602,1.864153,17189
2020-09-02,35462841,1443866087,31.730265,33.47543,31.174986,33.435767,1.745165,13347
2020-09-03,33170011,1431788368,33.277116,35.141269,33.19779,35.141269,1.705502,13969
2020-09-04,72957901,3315786083,34.070372,38.314295,33.951384,36.965759,1.82449,28770
2020-09-07,48331808,2408691800,38.314295,40.614739,37.917667,40.456088,3.490329,18304
2020-09-08,40433105,1998000040,40.376762,41.645973,37.67969,38.472947,-1.983141,17386
2020-09-09,25574094,1270764220,39.424854,40.218111,38.750586,39.464517,0.99157,10953
2020-09-10,55014745,2843021784,39.746198,43.403824,39.746198,43.403824,3.939307,20253
2020-09-11,88611060,4834117261,44.704313,47.224011,41.046687,42.591018,-0.812806,37484
2020-09-14,43924714,2238210015,43.159982,43.647666,39.9494,41.859493,-0.731525,19091
2020-09-15,22076353,1138890056,41.615651,42.753579,41.046687,42.265896,0.406403,10094
2020-09-16,18720914,964019751,42.83486,42.83486,41.209249,41.940774,-0.325122,7961
2020-09-17,28599648,1492382448,42.184615,43.566385,41.37181,41.696932,-0.243842,13486
2020-09-18,15395042,795660642,41.45309,42.753579,41.37181,41.615651,-0.081281,6861
2020-09-21,19520180,1009466192,41.615651,42.753579,41.37181,41.859493,0.243842,8222
2020-09-22,36180112,1774824422,41.778213,41.940774,38.689551,39.339796,-2.519697,15731
2020-09-23,57102806,2657100182,39.502357,39.90876,36.251134,38.283148,-1.056648,23369
2020-09-24,28721900,1319614173,37.226501,38.52699,36.373055,36.373055,-1.910093,12140
2020-09-25,53161063,2340584493,36.576256,37.917386,33.203113,34.666163,-1.706892,22006
2020-09-28,21281247,902999628,35.113206,35.194487,33.568875,35.031925,0.365762,8898
2020-09-29,18920415,796045340,35.113206,35.113206,33.772077,33.853357,-1.178568,7235
2020-09-30,53347693,2306269583,33.853357,36.413695,33.528235,34.706803,0.853446,22307
2020-10-05,37960354,1678067172,35.68217,37.06394,34.706803,37.06394,2.357137,15706
2020-10-06,54445435,2550801420,37.14522,38.933393,37.06394,38.120587,1.056647,23047
2020-10-07,23357933,1086871629,38.039306,38.445709,37.389062,37.836105,-0.284482,10601
2020-10-08,22940763,1077220711,37.876745,38.689551,37.470342,38.201868,0.365763,10345
2020-10-12,52199546,2537666387,38.201868,40.233882,38.120587,40.152601,1.950733,23606
2020-10-13,30607412,1497059882,40.437083,40.559004,39.136594,40.152601,0.0,13795
2020-10-14,57392838,2921874317,39.827479,42.83486,39.583637,41.209249,1.056648,25262
2020-10-15,31842724,1592306122,40.884126,42.103335,39.746198,40.071321,-1.137928,14807
2020-10-16,25551713,1228536786,40.233882,40.477724,38.079947,38.52699,-1.544331,11817
2020-10-19,22144506,1052654934,39.014673,39.827479,37.795465,38.405069,-0.121921,10266
2020-10-20,23343070,1077283143,38.201868,38.283148,37.06394,37.307781,-1.097288,10571
2020-10-21,16728107,776626016,37.307781,38.323788,37.307781,37.470342,0.162561,8439
2020-10-22,17588717,819088399,37.389062,38.648911,37.10458,38.201868,0.731526,8328
2020-10-23,38069202,1835047248,38.283148,39.827479,38.079947,39.827479,1.625611,18543
2020-10-26,32916745,1620292242,40.396443,40.965407,39.217875,40.193242,0.365763,15635
2020-10-27,22133818,1092423298,39.786839,40.884126,39.421076,39.624278,-0.568964,11271
2020-10-28,107993913,5643759016,40.193242,43.566385,39.90876,43.078702,3.454424,46481
2020-10-29,51798644,2692789833,42.753579,43.078702,41.534371,42.184615,-0.894087,23986
2020-10-30,44929730,2260220796,42.347177,42.753579,39.014673,39.136594,-3.048021,20779
2020-11-02,41253394,2009202444,39.664918,40.437083,38.201868,39.868119,0.731525,19361
2020-11-03,41145042,2050146681,40.315162,41.45309,39.664918,40.315162,0.447043,18856
2020-11-04,27261927,1345462473,40.193242,40.965407,39.258515,39.827479,-0.487683,12437
2020-11-05,53426641,2695007231,40.274522,42.184615,40.152601,40.802846,0.975367,24231
2020-11-06,17640963,879539266,40.802846,41.127968,40.233882,40.640285,-0.162561,8194
2020-11-09,22571577,1133298092,41.45309,41.534371,40.518364,40.518364,-0.121921,9346
2020-11-10,24152761,1177083250,40.640285,40.640285,38.56763,39.664918,-0.853446,12355
2020-11-11,17265873,836127424,39.583637,40.071321,38.689551,39.542997,-0.121921,8039
2020-11-12,18272324,873135784,39.664918,39.868119,38.323788,38.364429,-1.178568,8839
2020-11-13,17166279,821436843,38.079947,39.746198,37.795465,39.461716,1.097287,8073
2020-11-16,16623461,797142093,39.786839,39.827479,38.60827,38.648911,-0.812805,7248
2020-11-17,16426450,787995970,38.60827,39.583637,38.201868,38.730191,0.08128,7035
2020-11-18,25436123,1246919266,38.892752,40.640285,38.852112,40.437083,1.706892,10753
2020-11-19,47656710,2415922426,40.559004,41.940774,40.152601,40.884126,0.447043,20428
2020-11-20,23068298,1156912299,41.127968,41.615651,40.233882,40.355803,-0.528323,10361
2020-11-23,21948182,1099427405,40.396443,41.45309,39.786839,41.37181,1.016007,9246
2020-11-24,30170374,1544453449,41.859493,42.347177,40.640285,41.45309,0.08128,12209
2020-11-25,114108654,6255003369,41.940774,45.598399,41.696932,45.598399,4.145309,42078
2020-11-26,76394906,4288573580,44.541752,46.655047,44.541752,45.191997,-0.406402,33021
2020-11-27,95486779,5511734644,45.435838,48.768342,45.273277,46.086083,0.894086,44579
2020-11-30,57793426,3352663047,47.14273,47.955536,46.004802,47.549133,1.46305,24210
2020-12-01,31631485,1843923360,47.792975,48.5245,46.492486,47.14273,-0.406403,15100
2020-12-02,18364456,1061485237,47.14273,47.874255,46.492486,46.655047,-0.487683,8963
2020-12-03,40465897,2373285263,47.06145,48.768342,46.898888,47.386572,0.731525,18506
2020-12-04,32607347,1865591682,47.14273,47.711694,45.517119,46.573766,-0.812806,14872
2020-12-07,27380494,1577644098,46.329925,47.711694,45.191997,47.305291,0.731525,12115
2020-12-08,67356072,4066178765,47.711694,50.393953,47.467852,49.98755,2.682259,30099
2020-12-09,40438920,2530540253,49.581147,52.100845,49.256025,51.4506,1.46305,18573
2020-12-10,52881712,3363524274,51.4506,53.563895,49.824989,50.150111,-1.300489,25198
2020-12-11,72088839,4177615595,50.393953,51.125478,45.191997,45.354558,-4.795553,31940
2020-12-14,35532249,1968409645,44.704313,46.492486,43.159982,45.191997,-0.162561,16339
2020-12-15,43904185,2327946128,44.785594,45.435838,41.859493,42.103335,-3.088662,20474
2020-12-16,21686949,1165133437,43.078702,44.460471,42.83486,44.054069,1.950734,10432
2020-12-17,16873151,893659431,43.485105,43.728946,42.591018,43.078702,-0.975367,8052
2020-12-18,41309556,2276634998,43.322543,46.411205,42.591018,45.354558,2.275856,19456
2020-12-21,19022472,1052930947,45.67968,45.67968,43.891507,45.110716,-0.243842,8625
2020-12-22,17636934,960149519,45.110716,45.517119,42.672299,43.159982,-1.950734,8028
2020-12-23,19939767,1087404315,43.485105,45.517119,42.916141,44.135349,0.975367,9516
2020-12-24,12868604,707990243,44.460471,45.354558,44.054069,44.460471,0.325122,6223
2020-12-25,8082562,442573503,44.866874,45.191997,43.891507,44.379191,-0.08128,3950
2020-12-28,13627719,754822662,44.785594,45.67968,44.135349,44.866874,0.487683,6085
2020-12-29,26293566,1481168513,45.191997,46.817608,44.866874,45.435838,0.568964,11331
2020-12-30,12106475,677382237,45.67968,46.167363,44.948155,45.67968,0.243842,5882
2020-12-31,30316251,1643229887,45.110716,45.273277,43.485105,43.566385,-2.113295,14429
2021-01-04,55606364,2788353350,42.997421,42.997421,39.502357,39.90876,-3.657625,26531
2021-01-05,25017085,1226582269,39.90876,40.477724,39.095954,39.542997,-0.365763,11734
2021-01-06,24474517,1163936730,39.868119,39.90876,37.917386,38.283148,-1.259849,12174
2021-01-07,21577902,1043653166,38.52699,39.9494,38.52699,38.811472,0.528324,10572
2021-01-08,11684216,562128832,39.014673,39.786839,38.48635,39.177234,0.365762,5651
2021-01-11,19894513,983196795,39.99004,40.599644,39.827479,40.193242,1.016008,9132
2021-01-12,11991213,584042275,40.233882,40.559004,39.136594,39.217875,-0.975367,6106
2021-01-13,10184074,489976507,39.339796,39.542997,38.770832,39.177234,-0.040641,5100
2021-01-14,6918477,333406712,39.217875,39.542997,38.852112,39.095954,-0.08128,3934
2021-01-15,11437005,541957711,39.258515,39.299155,38.161227,38.242508,-0.853446,5789
2021-01-18,16424079,763698023,38.201868,39.095954,36.169853,38.730191,0.487683,7371
2021-01-19,11757965,562837941,38.730191,39.705558,38.201868,38.648911,-0.08128,5885
2021-01-20,11234110,516453747,38.48635,38.730191,36.616896,36.820098,-1.828813,6154
2021-01-21,7195741,327457643,36.982659,37.551623,36.657537,36.901378,0.08128,3715
2021-01-22,10897005,505759141,37.267141,38.364429,37.226501,37.754824,0.853446,5169
2021-01-25,18351689,878969490,37.917386,39.542997,37.632904,39.095954,1.34113,8514
2021-01-26,10925105,519636500,39.258515,39.258515,38.283148,38.323788,-0.772166,5333
2021-01-27,7158108,327292492,38.079947,38.811472,38.079947,38.770832,0.447044,2367
2021-01-28,6873729,322633044,38.201868,38.933393,37.795465,37.836105,-0.934727,3827
2021-01-29,48662877,2389121436,38.201868,41.127968,38.039306,38.933393,1.097288,21774
2021-02-01,37364757,1742801632,39.827479,39.827479,37.023299,37.998666,-0.934727,15459
2021-02-02,13097217,614482390,38.283148,38.689551,37.795465,37.958026,-0.04064,6384
2021-02-03,17920181,855651970,38.201868,39.421076,37.958026,38.364429,0.406403,8012
2021-02-04,9732307,464825327,38.770832,39.339796,38.364429,38.56763,0.203201,4786
2021-02-05,8188901,390104741,39.095954,39.299155,38.201868,38.648911,0.081281,4209
2021-02-17,16142555,789847462,38.974033,40.355803,38.974033,40.071321,1.42241,7628
2021-02-18,15160468,758794071,40.071321,41.290529,39.746198,41.046687,0.975366,8007
2021-02-19,10490006,524215889,41.046687,41.290529,40.071321,40.640285,-0.406402,5759
2021-02-22,15836703,804695958,41.046687,41.859493,40.518364,41.778213,1.137928,8061
2021-02-23,12945425,667910782,41.859493,42.265896,41.209249,42.022054,0.243841,7134
2021-02-24,14437409,737195071,42.022054,42.428457,40.721565,40.965407,-1.056647,6690
2021-02-25,6665442,337671692,41.37181,41.615651,40.721565,40.965407,0.0,3483
2021-02-26,8588284,431710252,40.518364,41.696932,39.90876,40.721565,-0.243842,4421
2021-03-02,8649113,439664353,41.127968,41.778213,40.802846,40.802846,0.081281,4503
2021-03-03,45546935,2408929920,41.45309,43.891507,41.046687,43.810227,3.007381,23232
2021-03-04,32609089,1748612464,43.322543,44.541752,42.753579,42.83486,-0.975367,17095
2021-03-05,14238809,735330240,42.509738,42.753579,41.127968,41.778213,-1.056647,7688
2021-03-08,17714734,934580917,42.428457,43.891507,42.022054,42.184615,0.406402,8920
2021-03-09,9931686,518978644,42.672299,43.403824,41.940774,42.103335,-0.08128,5737
2021-03-10,6809344,355976084,42.672299,43.078702,41.940774,42.265896,0.162561,3933
2021-03-11,22841498,1222935567,42.997421,44.29791,42.672299,43.159982,0.894086,11407
2021-03-12,37026097,2035769102,44.379191,45.273277,44.054069,44.379191,1.219209,19000
2021-03-15,26318281,1459165853,44.866874,45.923522,44.21663,44.785594,0.406403,14170
2021-03-16,17127891,945415616,45.435838,45.67968,44.21663,44.460471,-0.325123,9893
2021-03-17,12025272,651552070,44.704313,44.785594,43.485105,43.728946,-0.731525,7120
2021-03-18,20511883,1132140865,44.704313,45.435838,44.135349,44.704313,0.975367,9899
2021-03-19,9357954,506894796,44.379191,44.623033,43.728946,43.891507,-0.812806,5440
2021-03-22,11487688,614827623,43.891507,44.21663,43.159982,43.241263,-0.650244,6159
2021-03-23,9815249,529174956,43.891507,44.21663,43.322543,43.810227,0.568964,5275
2021-03-24,7904567,421501984,43.566385,43.972788,42.997421,43.241263,-0.568964,4475
2021-03-25,12287704,640219581,42.83486,43.159982,41.778213,42.103335,-1.137928,6995
2021-03-26,4439371,232329423,42.347177,42.916141,42.265896,42.753579,0.650244,2416
2021-03-29,6928197,368646857,42.916141,43.728946,42.591018,43.485105,0.731526,3789
2021-03-30,5953226,317057704,43.241263,43.647666,42.916141,43.485105,0.0,3199
2021-03-31,10904989,583600323,43.972788,44.21663,42.916141,42.916141,-0.568964,5684
2021-04-01,7256817,381288731,43.159982,43.241263,42.347177,42.83486,-0.081281,3707
2021-04-06,13694654,729100076,42.916141,43.810227,42.672299,43.403824,0.568964,5078
2021-04-07,17302534,939367849,43.972788,44.460471,43.810227,44.21663,0.812806,8862
2021-04-08,14205564,777653767,43.972788,45.029435,43.891507,44.135349,-0.081281,7700
2021-04-09,46554132,2611131690,44.379191,46.898888,43.566385,46.573766,2.438417,21568
2021-04-12,32490909,1850324105,46.817608,47.305291,45.517119,45.842241,-0.731525,16566
2021-04-13,29336369,1674912205,46.248644,47.386572,45.029435,45.029435,-0.812806,14492
2021-04-14,23995952,1297163409,45.029435,45.842241,42.509738,43.972788,-1.056647,11831
2021-04-15,7453200,402305948,43.647666,44.29791,43.485105,43.647666,-0.325122,4636
2021-04-16,20128956,1115126571,43.972788,45.760961,43.891507,45.598399,1.950733,8942
2021-04-19,13618589,763589202,45.435838,46.167363,45.029435,45.760961,0.162562,6426
2021-04-20,9440414,525799060,45.67968,45.760961,44.948155,45.517119,-0.243842,5036
2021-04-21,18964348,1076584004,45.517119,46.817608,45.354558,45.760961,0.243842,9293
2021-04-22,17723148,981151400,46.492486,46.492486,43.485105,43.972788,-1.788173,10158
2021-04-23,7918441,425588224,44.21663,44.29791,43.241263,43.647666,-0.325122,4872
2021-04-26,7640841,414262205,44.135349,44.623033,43.728946,44.054069,0.406403,4368
2021-04-27,9514738,516708668,44.29791,44.948155,43.647666,43.972788,-0.081281,5077
2021-04-28,8192228,439290408,43.891507,44.135349,43.241263,43.485105,-0.487683,4264
2021-04-29,5709923,305095705,43.810227,43.891507,43.159982,43.485105,0.0,2860
2021-05-03,8496666,446086559,43.403824,43.485105,42.265896,42.265896,-1.219209,4936
2021-05-04,17855517,885703279,42.103335,42.428457,38.60827,40.111961,-2.153935,9288
2021-05-05,5299234,265069038,40.071321,41.615651,39.746198,40.233882,0.121921,3009
2021-05-06,14096657,729803664,40.802846,43.159982,40.559004,42.022054,1.788172,7619
2021-05-07,6877123,358958894,42.265896,42.916141,41.940774,42.672299,0.650245,3720
2021-05-10,5347194,280689618,42.672299,43.322543,42.265896,42.265896,-0.406403,3443
2021-05-11,10825757,537612376,41.534371,42.103335,39.095954,39.99004,-2.275856,6484
2021-05-12,18948263,869713288,39.461716,39.99004,36.007292,37.18586,-2.80418,9018
2021-05-13,11933446,555972365,36.616896,39.258515,35.966652,38.201868,1.016008,6397
2021-05-14,11123275,539047766,39.583637,40.802846,38.283148,38.60827,0.406402,6329
2021-05-17,12083015,540361930,36.535616,38.039306,34.950645,36.291774,-2.316496,6068
2021-05-18,8483808,394624996,36.373055,38.892752,36.332414,38.56763,2.275856,4377
2021-05-19,8565842,411266191,37.876745,39.786839,37.876745,39.664918,1.097288,4035
2021-05-20,6021177,288306553,39.502357,40.03068,38.648911,38.648911,-1.016007,2896
2021-05-21,2735888,131549932,39.380436,39.542997,38.689551,39.095954,0.447043,1418
2021-05-24,4355508,210146390,38.770832,39.705558,38.48635,39.299155,0.203201,2090
2021-05-25,7248420,358425735,39.542997,40.721565,39.542997,40.477724,1.178569,3635
2021-05-26,3892625,194521416,40.640285,41.046687,39.9494,40.965407,0.487683,2244
2021-05-27,5332641,270542721,41.37181,41.859493,40.599644,41.859493,0.894086,2858
2021-05-28,4517979,232521887,41.696932,42.184615,41.290529,41.615651,-0.243842,2616
2021-05-31,3689984,189346360,41.615651,42.022054,41.45309,41.615651,0.0,1885
2021-06-01,3062555,158031239,41.696932,42.184615,41.534371,41.859493,0.243842,1735
2021-06-02,4526171,231139537,41.940774,42.103335,41.127968,41.45309,-0.406403,2831
2021-06-03,4389061,222888956,41.45309,41.859493,41.046687,41.209249,-0.243841,2619
2021-06-04,5710651,291972464,41.046687,42.103335,40.884126,40.884126,-0.325123,3136
2021-06-07,4169533,207249609,40.965407,41.046687,39.583637,40.640285,-0.243841,2605
2021-06-08,3370576,167406143,40.640285,41.127968,40.03068,40.152601,-0.487684,2172
2021-06-09,3887476,190126210,39.90876,40.152601,39.461716,39.583637,-0.568964,2481
2021-06-10,2518615,123441081,40.152601,40.193242,39.542997,39.9494,0.365763,1437
2021-06-11,3284799,163663309,40.193242,41.046687,39.9494,40.640285,0.690885,1955
2021-06-15,2501160,125019407,40.721565,40.965407,40.396443,40.640285,0.0,1365
2021-06-16,4251704,215083866,40.640285,41.615651,40.477724,40.599644,-0.040641,2236
2021-06-17,3937473,200097838,40.640285,41.696932,40.559004,41.696932,1.097288,2149
2021-06-18,5325496,271275076,42.022054,42.103335,40.965407,40.965407,-0.731525,2306
2021-06-21,3536077,177396600,40.396443,41.37181,40.355803,40.802846,-0.162561,1848
2021-06-22,28434476,1494129417,40.884126,44.135349,40.884126,43.078702,2.275856,12024
2021-06-23,11015408,579647087,42.753579,43.322543,42.265896,43.078702,0.0,5290
2021-06-24,4999250,263061842,43.322543,43.322543,42.428457,42.509738,-0.568964,2677
2021-06-25,7788945,410256452,42.997421,43.403824,42.347177,42.509738,0.0,3595
2021-06-28,7839757,400567803,42.428457,42.428457,41.046687,41.45309,-1.056648,4249
2021-06-29,4291585,217580868,41.45309,41.615651,41.046687,41.046687,-0.406403,2237
2021-06-30,3349702,169977001,41.290529,41.534371,41.046687,41.290529,0.243842,1686
2021-07-01,5366975,269814288,41.45309,41.534371,40.396443,40.640285,-0.650244,2836
2021-07-02,2593697,129747175,40.477724,41.127968,40.477724,40.640285,0.0,1646
2021-07-05,4012418,200927326,40.884126,41.127968,40.477724,40.965407,0.325122,2188
2021-07-06,2937454,146935380,40.965407,41.046687,40.477724,40.559004,-0.406403,1727
2021-07-07,4290541,215175300,40.802846,41.290529,40.437083,40.559004,0.0,2121
2021-07-08,3119744,155309647,40.599644,40.802846,40.355803,40.477724,-0.08128,1963
2021-07-09,4561814,224377507,40.274522,40.477724,39.786839,39.90876,-0.568964,2948
2021-07-12,3141429,156064501,40.233882,40.599644,40.071321,40.396443,0.487683,1570
2021-07-13,5772801,289906648,40.518364,41.290529,40.315162,40.396443,0.0,3284
2021-07-14,3592476,176965988,40.802846,40.802846,39.746198,39.868119,-0.528324,2080
2021-07-15,2637936,131037819,39.90876,40.802846,39.827479,40.802846,0.934727,1598
2021-07-16,2278093,114512823,40.559004,41.209249,40.559004,40.802846,0.0,1400
2021-07-19,5709247,289765415,40.965407,41.534371,40.884126,41.290529,0.487683,2543
2021-07-20,3353136,167801145,40.884126,41.046687,40.477724,40.477724,-0.812805,1846
2021-07-21,3779111,186559369,40.640285,40.802846,39.786839,39.868119,-0.609605,2263
2021-07-22,2220227,109280056,40.152601,40.355803,39.868119,39.99004,0.121921,1290
2021-07-23,1605039,79573847,40.071321,40.599644,40.071321,40.274522,0.284482,987
2021-07-26,3058681,153100356,40.477724,41.046687,40.233882,40.437083,0.162561,1790
2021-07-27,8216301,413608961,40.640285,41.45309,40.315162,41.45309,1.016007,3632
2021-07-28,23112705,1179754185,41.859493,42.265896,40.640285,40.884126,-0.568964,11775
2021-07-29,5677147,284856597,41.127968,41.290529,40.477724,40.802846,-0.08128,3212
2021-07-30,9536657,479181628,40.640285,41.046687,40.274522,41.046687,0.243841,2432
2021-08-02,3524718,177395115,41.45309,41.45309,40.640285,40.721565,-0.325122,1794
2021-08-03,1719687,86316934,40.721565,40.965407,40.640285,40.802846,0.081281,889
2021-08-04,4930882,250719442,40.802846,41.778213,40.802846,41.37181,0.568964,2502
2021-08-05,1869180,94770034,41.45309,41.615651,41.046687,41.127968,-0.243842,1141
2021-08-06,2108268,105819451,41.127968,41.209249,40.640285,40.640285,-0.487683,1155
2021-08-09,4110234,203185362,40.640285,40.721565,39.99004,39.99004,-0.650245,2459
2021-08-10,5331903,258576615,40.03068,40.071321,39.014673,39.177234,-0.812806,3592
2021-08-11,4450224,211255941,39.177234,39.258515,38.323788,38.48635,-0.690884,2920
2021-08-12,1442330,68546183,38.52699,38.770832,38.445709,38.689551,0.203201,1065
2021-08-13,2216863,104742383,38.852112,38.852112,38.283148,38.283148,-0.406403,1473
2021-08-16,3692883,170866312,38.201868,38.201868,37.226501,37.754824,-0.528324,2158
2021-08-17,2152296,99652956,37.754824,38.079947,37.307781,37.510983,-0.243841,1324
2021-08-18,1823364,83822600,37.307781,38.039306,36.982659,37.958026,0.447043,1214
2021-08-19,1701355,78529385,37.958026,37.958026,37.389062,37.389062,-0.568964,1024
2021-08-20,2343194,106954298,37.389062,37.592263,36.820098,37.389062,0.0,1367
2021-08-23,1598527,74669599,37.592263,38.201868,37.551623,38.120587,0.731525,1088
2021-08-24,1679431,79248807,38.242508,38.689551,38.039306,38.48635,0.365763,1024
2021-08-25,1406980,66967202,38.56763,38.811472,38.48635,38.770832,0.284482,851
2021-08-26,2006778,95723252,38.852112,39.217875,38.48635,38.689551,-0.081281,1232
2021-08-27,1184107,56590805,38.811472,39.014673,38.60827,38.770832,0.081281,673
2021-08-30,3135342,151980805,38.811472,39.746198,38.770832,39.421076,0.650244,1601
2021-08-31,1920616,93600452,39.502357,39.99004,39.339796,39.827479,0.406403,1046
2021-09-01,1224698,59971336,39.664918,40.03068,39.624278,39.786839,-0.04064,784
2021-09-02,1789581,87202730,39.868119,39.99004,39.380436,39.421076,-0.365763,1076
2021-09-03,3537112,172416596,39.502357,40.071321,39.421076,39.583637,0.162561,1320
2021-09-06,5253859,254384903,39.705558,39.868119,38.892752,38.892752,-0.690885,2445
2021-09-07,2814595,129405631,39.105747,39.531735,38.850154,39.190944,0.298192,1696
2021-09-08,2462286,111223713,39.276142,39.276142,38.25377,38.338967,-0.851977,1726
2021-09-09,1066886,47896801,38.25377,38.424165,37.912979,38.424165,0.085198,818
2021-09-10,620580,28258482,38.466764,38.97795,38.424165,38.807555,0.38339,526
2021-09-13,759875,34497005,38.764956,39.020549,38.509363,38.722357,-0.085198,567
2021-09-14,1036827,47128205,39.020549,39.063148,38.509363,38.764956,0.042599,811
2021-09-15,2118877,97030072,38.764956,39.233543,38.509363,39.233543,0.468587,1343
2021-09-16,2157744,100534538,39.616933,40.08552,39.403939,39.446537,0.212994,1609
2021-09-17,1299752,59769328,39.276142,39.446537,39.063148,39.105747,-0.34079,814
2021-09-22,1011310,45937100,38.338967,38.97795,38.338967,38.850154,-0.255593,777
2021-09-23,1165708,53731124,39.190944,39.489136,39.105747,39.276142,0.425988,775
2021-09-24,1987958,92845193,39.616933,40.213317,39.318741,39.403939,0.127797,1256
2021-09-27,1056523,48950635,39.574334,39.744729,39.233543,39.403939,0.0,593
2021-09-28,2737619,128058564,39.318741,40.213317,39.148346,40.08552,0.681581,1517
2021-09-29,21728064,1056662754,39.787328,42.300661,39.659532,41.491282,1.405762,9588
2021-09-30,15269812,746581315,41.789474,42.045068,41.065294,41.533881,0.042599,8525
2021-10-01,24165307,1175046576,41.789474,42.556254,39.616933,39.616933,-1.916948,12213
2021-10-04,5580750,260980839,40.170718,40.46891,39.36134,39.531735,-0.085198,3331
2021-10-05,3617749,167710132,39.489136,39.957724,38.935351,39.36134,-0.170395,2236
2021-10-06,9341723,442999220,40.426311,40.980096,39.616933,39.616933,0.255593,5034
2021-10-07,4062582,192305912,39.872526,40.724503,39.787328,40.724503,1.10757,2370
2021-10-08,3520001,166361558,40.724503,40.809701,39.957724,39.957724,-0.766779,1937
2021-10-12,2615461,121574870,39.957724,40.000323,39.276142,39.403939,-0.553785,1345
2021-10-13,2443760,112106213,39.787328,39.787328,38.892752,39.063148,-0.340791,1484
2021-10-14,2317546,105367506,39.446537,39.446537,38.424165,38.679758,-0.38339,1600
2021-10-15,1990862,91336014,39.190944,39.36134,38.807555,38.97795,0.298192,1170
2021-10-18,2189217,100094862,39.190944,39.616933,38.637159,38.97795,0.0,1666
2021-10-19,2048274,94586166,39.190944,39.702131,38.97795,39.616933,0.638983,1218
2021-10-20,3227148,148747877,39.702131,39.872526,38.850154,38.97795,-0.638983,1620
2021-10-21,42141050,1745632893,35.101455,36.549816,35.101455,35.186652,-3.791298,18479
2021-10-22,11439200,474762666,35.27185,35.953432,34.931059,35.357048,0.170396,6290
2021-10-25,9888055,396757667,35.484844,35.484844,33.525297,34.249477,-1.107571,5828
2021-10-26,11888021,469583470,34.121681,34.206879,33.269704,33.525297,-0.72418,7372
2021-10-27,5266241,207862867,33.567896,33.908687,33.354902,33.866088,0.340791,3221
2021-10-28,6863631,279361634,33.823489,35.058856,33.653094,35.016257,1.150169,4057
2021-10-29,4931590,202544070,35.016257,35.229251,34.760664,35.058856,0.042599,2155
2021-11-01,6375991,266879476,35.27185,35.99603,35.058856,35.825635,0.766779,3563
2021-11-02,5197020,216199703,35.99603,36.209025,34.931059,35.144053,-0.681582,3426
2021-11-03,2268507,93360032,34.931059,35.186652,34.931059,35.058856,-0.085197,1220
2021-11-04,2412919,98989336,35.186652,35.357048,34.760664,34.88846,-0.170396,1454
2021-11-05,2171272,89346239,34.931059,35.65524,34.675466,35.144053,0.255593,1390
2021-11-08,4426568,185311009,35.229251,35.953432,35.144053,35.825635,0.681582,2415
2021-11-09,5749509,244638604,35.953432,36.76281,35.910833,36.251624,0.425989,3205
2021-11-10,3001205,127124942,36.294222,36.37942,35.825635,36.294222,0.042598,1788
2021-11-11,5830418,251627884,36.251624,37.188798,36.081228,36.848007,0.553785,3051
2021-11-12,4411753,191493426,37.231397,37.359194,36.549816,37.146199,0.298192,2612
2021-11-15,3775847,165391951,37.188798,37.742583,36.805409,37.444391,0.298192,1976
2021-11-16,9403078,423885200,37.699985,38.935351,37.316595,38.892752,1.448361,4750
2021-11-17,4350880,197200007,38.935351,38.935351,38.168572,38.807555,-0.085197,3148
2021-11-18,3558004,161448089,38.807555,38.935351,38.338967,38.850154,0.042599,2218
2021-11-19,2856601,129119397,38.850154,39.105747,38.211171,38.338967,-0.511187,1821
2021-11-22,3941370,178774619,37.912979,39.020549,37.912979,38.807555,0.468588,1888
2021-11-23,3571232,163578968,38.850154,39.318741,38.59456,39.148346,0.340791,2305
2021-11-24,2007103,91459657,39.190944,39.190944,38.59456,38.97795,-0.170396,1581
2021-11-25,2259469,103502425,39.105747,39.190944,38.764956,38.935351,-0.042599,1186
2021-11-26,3713309,167227495,38.892752,38.935351,38.040775,38.083374,-0.851977,2214
2021-11-29,3015858,133079715,37.401793,38.168572,36.975804,37.912979,-0.170395,1873
2021-11-30,2486223,112248466,38.338967,38.850154,38.125973,38.211171,0.298192,1498
2021-12-01,1426615,64463367,38.040775,38.722357,37.998177,38.466764,0.255593,1101
2021-12-02,3892993,176503320,38.850154,39.318741,37.912979,38.168572,-0.298192,2766
2021-12-03,1333156,59909139,38.338967,38.551962,38.083374,38.296368,0.127796,872
2021-12-06,2266070,102222919,38.338967,38.935351,37.912979,38.637159,0.340791,1678
2021-12-07,1628344,73458709,38.892752,38.892752,38.211171,38.338967,-0.298192,1476
2021-12-08,4655233,207668097,38.424165,38.892752,37.614787,37.742583,-0.596384,2420
2021-12-09,2773023,121973867,37.572188,37.827781,37.273996,37.273996,-0.468587,1914
2021-12-10,1363581,59656456,37.273996,37.614787,37.018403,37.231397,-0.042599,974
2021-12-13,2509824,108921767,37.231397,37.401793,36.76281,36.890606,-0.340791,1447
2021-12-14,1941954,84545389,37.061002,37.529589,36.805409,36.848007,-0.042599,1250
2021-12-15,885797,38571413,37.231397,37.273996,36.933205,37.103601,0.255594,685
2021-12-16,2346164,101752555,37.444391,37.48699,36.677612,36.677612,-0.425989,1460
2021-12-17,2032646,87806549,36.677612,37.188798,36.635013,36.677612,0.0,1278
2021-12-20,2822871,123166485,37.316595,37.614787,36.890606,36.890606,0.212994,1703
2021-12-21,1689197,73170635,36.890606,37.188798,36.720211,37.188798,0.298192,808
2021-12-22,1013701,44371011,37.48699,37.48699,37.146199,37.316595,0.127797,648
2021-12-23,6197710,277128608,38.168572,38.637159,37.699985,38.168572,0.851977,3293
2021-12-24,3609857,162481782,38.25377,38.722357,37.998177,38.25377,0.085198,2142
2021-12-27,1791113,80362729,38.125973,38.466764,38.083374,38.296368,0.042598,1391
2021-12-28,1604324,72090368,38.296368,38.424165,38.125973,38.168572,-0.127796,1136
2021-12-29,3526907,160014773,38.338967,38.850154,38.338967,38.637159,0.468587,2111
2021-12-30,1757275,79550191,38.764956,38.850154,38.338967,38.551962,-0.085197,1975
2022-01-03,1775974,79757670,38.722357,38.722357,38.083374,38.211171,-0.340791,1144
2022-01-04,1736946,77949037,38.296368,38.466764,38.083374,38.424165,0.212994,1040
2022-01-05,3352750,152918475,38.59456,39.148346,38.59456,38.637159,0.212994,2052
2022-01-06,1800748,81510566,38.637159,38.807555,38.424165,38.509363,-0.127796,1206
2022-01-07,1730465,77722036,38.679758,38.679758,38.040775,38.083374,-0.425989,1273
2022-01-10,1163122,52092400,38.083374,38.381566,37.87038,38.083374,0.0,899
2022-01-11,3285661,147752545,38.083374,38.637159,37.912979,37.912979,-0.170395,1684
2022-01-12,1637916,72981542,37.998177,38.424165,37.614787,37.785182,-0.127797,1345
2022-01-13,1757187,77646407,37.742583,37.955578,37.444391,37.699985,-0.085197,1094
2022-01-14,2521645,110090858,37.785182,37.785182,36.848007,37.061002,-0.638983,1648
2022-01-17,932798,40435440,37.061002,37.061002,36.805409,37.018403,-0.042599,722
2022-01-18,1434378,62515835,37.061002,37.444391,36.890606,36.890606,-0.127797,871
2022-01-19,784636,33938681,36.848007,36.975804,36.677612,36.933205,0.042599,757
2022-01-20,800699,34759283,37.061002,37.231397,36.848007,36.933205,0.0,772
2022-01-21,2758853,118016517,36.890606,37.103601,36.038629,36.038629,-0.894576,1973
2022-01-24,2723941,113293101,35.953432,35.953432,35.101455,35.65524,-0.383389,1819
2022-01-25,1727812,71675405,35.399646,35.740437,35.101455,35.144053,-0.511187,1472
2022-01-26,1414423,58587896,35.186652,35.783036,35.016257,35.783036,0.638983,960
2022-02-07,2035687,86668776,36.209025,36.677612,35.825635,36.549816,0.76678,1226
2022-02-08,1823388,78952877,36.549816,37.316595,36.294222,37.231397,0.681581,1322
2022-02-09,1438464,63045972,37.146199,37.529589,37.146199,37.48699,0.255593,1580
2022-02-10,1395533,61062948,37.359194,37.657386,37.018403,37.188798,-0.298192,1395
2022-02-11,942751,41259130,37.146199,37.529589,37.146199,37.231397,0.042599,736
2022-02-14,1784907,76542448,37.061002,37.061002,36.336821,36.37942,-0.851977,1183
2022-02-15,833678,35703642,36.37942,36.635013,36.336821,36.336821,-0.042599,690
2022-02-16,941094,40444528,36.549816,36.720211,36.549816,36.635013,0.298192,629
2022-02-17,1045797,45285825,36.635013,37.061002,36.635013,36.805409,0.170396,838
2022-02-18,801170,34512725,36.805409,36.805409,36.592414,36.677612,-0.127797,635
2022-02-21,1021621,44181353,36.720211,37.061002,36.635013,36.975804,0.298192,593
2022-02-22,1154902,49343166,36.975804,36.975804,36.209025,36.37942,-0.596384,911
2022-02-23,1156735,48942084,35.783036,36.336821,35.783036,36.123827,-0.255593,712
2022-02-24,2434068,101438810,36.123827,36.123827,35.101455,35.101455,-1.022372,1767
2022-02-25,1049075,43618557,35.357048,35.697838,35.144053,35.612641,0.511186,807
2022-03-01,1360048,57685915,35.612641,36.464618,35.484844,36.251624,0.638983,867
2022-03-02,544377,23162917,36.251624,36.37942,36.123827,36.294222,0.042598,439
2022-03-03,2273483,98165126,36.464618,37.061002,36.294222,36.890606,0.596384,1492
2022-03-04,2564456,111980512,36.890606,37.48699,36.549816,37.273996,0.38339,1726
2022-03-07,1799277,77271908,37.231397,37.231397,36.294222,36.422019,-0.851977,1365
2022-03-08,4266156,177338680,35.612641,35.99603,34.845861,35.357048,-1.064971,2533
2022-03-09,1362376,57191393,35.740437,36.081228,35.399646,35.99603,0.638982,922
2022-03-10,6304522,277502554,36.464618,38.040775,36.464618,37.87038,1.87435,3650
2022-03-11,10203157,463327699,37.699985,39.190944,37.657386,38.807555,0.937175,5760
2022-03-14,33381244,1617910623,39.233543,42.68405,39.233543,42.68405,3.876495,16688
2022-03-15,35011837,1742994622,42.769248,43.706423,41.533881,41.832073,-0.851977,19440
2022-03-16,54170749,2796523232,42.513655,45.069586,41.832073,44.217609,2.385536,27900
2022-03-17,24239544,1240368991,44.302807,44.813993,42.939643,43.536027,-0.681582,12469
2022-03-18,20334862,1032425176,43.195237,44.302807,42.087666,43.280434,-0.255593,12401
2022-03-21,52816682,2823507066,43.024841,46.858738,42.854446,46.091958,2.811524,25388
2022-03-22,27094972,1463652706,45.751168,46.943936,45.239981,46.77354,0.681582,15089
2022-03-23,20459114,1111382468,46.262354,47.029133,45.580772,46.603145,-0.170395,10263
2022-03-24,27850997,1528317959,46.432749,47.540319,45.751168,45.751168,-0.851977,14893
2022-03-25,11495544,616316557,46.091958,46.177156,45.239981,45.836365,0.085197,6361
2022-03-28,13518984,729756219,45.410377,46.77354,44.984388,46.603145,0.76678,7308
2022-03-29,8852554,479293192,46.432749,46.77354,45.66597,46.006761,-0.596384,4856
2022-03-30,7756614,418153442,46.262354,46.347552,45.410377,46.262354,0.255593,3939
2022-03-31,65631207,3654378824,47.625517,48.98868,45.751168,46.603145,0.340791,32691
2022-04-01,13119243,707595440,46.006761,46.517947,45.495575,46.006761,-0.596384,7518
2022-04-06,8710781,467199979,45.580772,46.262354,45.239981,45.921563,-0.085198,5358
2022-04-07,13324983,698187295,45.495575,45.66597,43.962016,43.962016,-1.959547,7863
2022-04-08,9591657,505956478,44.643598,45.410377,44.473202,45.069586,1.10757,4600
2022-04-11,11880098,637693632,44.984388,46.517947,44.728795,45.66597,0.596384,6544
2022-04-12,7565077,397878185,44.899191,45.495575,44.302807,44.984388,-0.681582,4395
2022-04-13,4702480,248349216,44.728795,45.325179,44.643598,45.069586,0.085198,3245
2022-04-14,23038780,1257473377,45.325179,47.284726,44.643598,47.284726,2.21514,11640
2022-04-15,59826558,3352171112,46.77354,48.562692,46.177156,47.369924,0.085198,25164
2022-04-18,27532163,1535983120,48.392297,48.477494,46.517947,47.114331,-0.255593,13002
2022-04-19,42064281,2391606259,47.540319,49.414669,46.77354,48.818285,1.703954,20092
2022-04-20,43128096,2488608231,49.414669,50.181448,48.221901,49.073878,0.255593,22361
2022-04-21,21016953,1191054143,49.159076,49.329471,47.284726,47.966308,-1.10757,12237
2022-04-22,11127064,626546762,47.369924,48.64789,47.114331,48.136703,0.170395,6312
2022-04-25,15710079,855797672,48.051506,48.051506,44.728795,46.091958,-2.044745,9738
2022-04-26,35303825,1998364743,46.517947,49.073878,46.262354,48.051506,1.959548,19289
2022-04-27,27202589,1544594076,47.369924,49.159076,46.688342,48.562692,0.511186,15805
2022-04-28,31367952,1792180480,49.244274,49.840658,47.284726,47.369924,-1.192768,17117
2022-04-29,19673332,1078206796,48.136703,48.136703,45.836365,46.347552,-1.022372,11602
2022-05-03,19707870,1040371124,46.006761,46.517947,43.536027,44.728795,-1.618757,11277
2022-05-04,7508444,393227744,44.813993,45.069586,44.132411,44.813993,0.085198,4915
2022-05-05,6006084,317847569,45.495575,45.580772,44.5584,44.643598,-0.170395,3521
2022-05-06,6849371,357102169,43.876818,45.069586,43.79162,44.132411,-0.511187,4168
2022-05-09,14736516,736438655,43.876818,43.876818,41.917271,42.598853,-1.533558,8772
2022-05-10,6945298,345325776,41.746876,43.024841,41.533881,42.172864,-0.425989,3994
2022-05-11,7358179,359733396,42.598853,42.598853,40.937497,40.937497,-1.235367,4351
2022-05-12,14448528,680871682,40.639305,41.278288,39.489136,39.489136,-1.448361,6682
2022-05-13,12985965,631592198,40.383712,42.385858,40.08552,41.533881,2.044745,7703
2022-05-16,8988754,441407048,41.746876,42.513655,41.19309,42.130265,0.596384,4825
2022-05-17,4986583,247338595,42.087666,42.556254,41.917271,42.385858,0.255593,2816
2022-05-18,5913356,293693805,42.598853,42.939643,42.045068,42.130265,-0.255593,3168
2022-05-19,4072160,198276647,41.19309,41.832073,41.150492,41.746876,-0.383389,2373
2022-05-20,4881367,241161840,42.172864,42.513655,41.661678,41.704277,-0.042599,2729
2022-05-23,5746227,287553311,42.002469,43.110039,41.917271,42.68405,0.979773,3092
2022-05-24,6694429,332132929,42.939643,42.939643,41.746876,41.746876,-0.937174,3466
2022-05-25,3816138,188735408,41.95987,42.343259,41.95987,42.172864,0.425988,2167
2022-05-26,6408341,320006110,42.471056,43.280434,41.874672,42.087666,-0.085198,3554
2022-05-27,4934746,245178460,42.769248,42.854446,42.002469,42.428457,0.340791,2490
2022-05-30,14170800,728597363,43.024841,44.5584,42.598853,44.217609,1.789152,7287
2022-05-31,6867489,352054118,43.876818,44.217609,43.280434,43.876818,-0.340791,4472
2022-06-01,6147047,311796470,43.876818,43.876818,42.769248,43.280434,-0.596384,3992
2022-06-02,3230615,162448930,43.110039,43.195237,42.598853,42.769248,-0.511186,2039
2022-06-06,2012815,101061945,43.024841,43.195237,42.513655,42.598853,-0.170395,1266
2022-06-07,4190106,210915667,42.939643,43.365632,42.598853,42.68405,0.085197,2324
2022-06-08,3849264,192159637,42.939643,43.024841,42.343259,42.428457,-0.255593,2464
2022-06-09,12152812,622730305,42.598853,44.473202,42.471056,43.536027,1.10757,5889
2022-06-10,4207878,214741294,43.110039,43.876818,42.939643,43.706423,0.170396,2478
2022-06-13,3873369,193962372,42.769248,42.939643,42.513655,42.556254,-1.150169,2445
2022-06-14,5020469,246815383,42.343259,42.471056,41.448684,42.002469,-0.553785,3023
2022-06-15,13831789,676132790,42.385858,43.024841,40.639305,40.937497,-1.064972,7908
2022-06-16,4469132,216238248,41.491282,41.661678,40.511509,40.596707,-0.34079,2920
2022-06-17,3859678,183949621,40.298515,41.022695,40.042921,40.8523,0.255593,2221
2022-06-20,4569049,216671316,41.278288,41.491282,39.616933,39.957724,-0.894576,2999
2022-06-21,4309814,206722121,40.639305,41.363486,40.213317,41.363486,1.405762,2385
2022-06-22,13190973,648021418,41.448684,42.258062,41.406085,41.789474,0.425988,7614
2022-06-23,10911222,535607207,41.832073,42.215463,41.448684,41.704277,-0.085197,6432
2022-06-24,41633205,2177674229,42.513655,45.836365,42.385858,45.836365,4.132088,22353
2022-06-27,67058797,3650448278,46.432749,47.540319,44.899191,46.77354,0.937175,35053
2022-06-28,87082483,4847971786,47.114331,49.585064,45.751168,46.858738,0.085198,45040
2022-06-29,31577165,1729517676,46.177156,47.710715,45.836365,46.347552,-0.511186,16878
2022-06-30,30359033,1673167690,46.347552,47.625517,46.177156,46.943936,0.596384,17091
2022-07-01,58878264,3289217924,48.818285,48.818285,44.899191,47.284726,0.34079,31017
2022-07-04,39069353,2153949952,47.710715,48.392297,45.66597,47.369924,0.085198,19860
2022-07-05,36315582,2010715945,47.540319,48.136703,46.091958,46.603145,-0.766779,18488
2022-07-06,22373378,1223560222,46.603145,47.199529,45.751168,46.091958,-0.511187,10693
2022-07-07,27884341,1534720328,46.858738,47.966308,45.836365,47.284726,1.192768,13189
2022-07-08,22422679,1231664608,47.540319,47.625517,46.177156,46.177156,-1.10757,11911
2022-07-11,18337763,1000211978,46.177156,47.114331,45.410377,46.858738,0.681582,8402
2022-07-12,11537516,628207045,46.432749,47.029133,46.006761,46.091958,-0.76678,6178
2022-07-13,19582417,1085861357,46.943936,47.966308,46.603145,46.688342,0.596384,10517
2022-07-14,14653770,812505678,46.77354,48.051506,46.347552,48.051506,1.363164,7809
2022-07-15,27483769,1502029009,48.051506,48.136703,45.836365,46.006761,-2.044745,15137
2022-07-18,10403041,567992034,46.347552,46.943936,46.006761,46.517947,0.511186,5544
2022-07-19,8373200,459584553,46.603145,47.114331,46.432749,46.517947,0.0,4790
2022-07-20,7322755,399606294,47.029133,47.029133,46.006761,46.091958,-0.425989,4611
2022-07-21,17519202,932717081,46.432749,46.517947,44.5584,45.921563,-0.170395,10825
2022-07-22,17863392,979641757,46.006761,47.284726,45.836365,46.688342,0.766779,9449
2022-07-25,17281119,921069989,47.945336,48.932974,47.227054,47.49641,0.808068,9936
2022-07-26,10399317,554598973,47.49641,48.394263,46.957698,47.945336,0.448926,5863
2022-07-27,9957592,536945943,47.945336,48.843189,47.855551,48.843189,0.897853,5372
2022-07-28,48358918,2726313597,49.20233,51.626532,48.753404,50.90825,2.065061,25566
2022-07-29,51647049,2978507668,51.446962,52.524385,50.369539,52.255029,1.346779,28673
2022-08-01,23949335,1406830987,52.883526,53.242667,51.806103,53.063097,0.808068,15510
2022-08-02,19299942,1137248172,52.344815,53.601809,52.165244,52.883526,-0.179571,13084
2022-08-03,17734483,1027228010,52.883526,53.242667,50.998036,51.806103,-1.077423,11840
2022-08-04,14701206,838189899,51.626532,51.985674,50.189968,51.446962,-0.359141,8586
2022-08-05,9614601,554313573,51.536747,52.255029,51.357177,51.806103,0.359141,5446
2022-08-08,8954642,517627558,51.806103,52.524385,50.998036,52.344815,0.538712,5339
2022-08-09,17378205,1022195945,52.4346,53.422238,52.255029,52.4346,0.089785,9314
2022-08-10,41291804,2508210395,52.524385,55.487299,52.344815,55.217943,2.783343,22990
2022-08-11,32859688,2046527032,55.756655,56.564723,54.769017,56.474937,1.256994,18316
2022-08-12,17852173,1121707809,56.115796,56.834078,55.487299,56.654508,0.179571,11876
2022-08-15,17564263,1126774201,56.834078,58.270643,56.474937,58.091072,1.436564,9876
2022-08-16,42246698,2673773359,58.360428,59.617422,55.307729,55.756655,-2.334417,27080
2022-08-17,17381261,1079584866,55.487299,56.654508,55.128158,55.66687,-0.089785,10786
2022-08-18,16057643,1011452343,55.577085,57.462575,54.858802,57.462575,1.795705,10148
2022-08-19,23276665,1492904479,58.719569,58.89914,56.654508,57.193219,-0.269356,14058
2022-08-22,28623524,1869068524,57.462575,59.527637,57.193219,58.360428,1.167209,16163
2022-08-23,15912335,1040313901,58.180857,59.258281,57.821716,59.07871,0.718282,8921
2022-08-24,10059345,658249218,58.89914,59.258281,58.270643,58.719569,-0.359141,6180
2022-08-25,13147598,856347386,59.258281,59.707207,57.731931,58.360428,-0.359141,8351
2022-08-26,11236661,724915063,58.450213,58.89914,57.462575,57.642146,-0.718282,6689
2022-08-29,11352231,728376318,56.026011,58.360428,55.936226,57.821716,0.17957,6717
2022-08-30,20255988,1336322755,57.911502,59.886778,57.821716,59.527637,1.705921,12552
2022-08-31,15734094,1047420334,59.707207,60.60506,58.988925,59.437851,-0.089786,10520
2022-09-01,7681926,507030916,59.437851,60.066348,58.629784,59.07871,-0.359141,5242
2022-09-02,9910706,644254321,59.07871,59.258281,57.731931,58.180857,-0.897853,6754
2022-09-05,6200425,404604521,58.450213,58.988925,58.001287,58.539999,0.359142,3820
2022-09-06,12617289,806140597,58.539999,58.719569,56.564723,57.013649,-1.52635,8859
2022-09-07,10284056,658534250,57.013649,58.270643,56.654508,57.283005,0.269356,6305
2022-09-08,22626107,1496331667,58.001287,60.066348,57.821716,60.066348,2.783343,12864
2022-09-12,13554445,899496945,60.515275,60.964201,58.89914,59.258281,-0.808067,13539
2022-09-13,7940898,528321082,59.617422,60.515275,59.168496,59.348066,0.089785,5238
2022-09-14,4372202,286988559,58.450213,59.348066,58.180857,59.07871,-0.269356,3321
2022-09-15,7510864,498806921,59.348066,60.245919,59.168496,59.258281,0.179571,5282
2022-09-16,17084458,1119376706,59.976563,60.515275,57.37279,57.911502,-1.346779,9958
2022-09-19,28914911,1907441817,58.719569,60.694845,57.642146,57.642146,-0.269356,16872
2022-09-20,19929793,1304062864,57.821716,59.707207,57.193219,59.527637,1.885491,12299
2022-09-21,8856613,585023799,59.07871,60.156134,58.629784,58.719569,-0.808068,7189
2022-09-22,7809278,515656042,58.539999,59.976563,58.180857,59.796992,1.077423,4847
2022-09-23,14219251,921565772,59.617422,59.976563,57.193219,57.283005,-2.513987,9419
2022-09-26,16204967,998261023,56.385152,57.103434,54.050735,54.409876,-2.873129,10099
2022-09-27,9211831,558753192,54.679232,55.128158,53.332453,54.679232,0.269356,5654
2022-09-28,13764486,808500771,54.769017,55.038373,51.536747,51.716318,-2.962914,8146
2022-09-29,9473596,547933730,52.344815,52.973312,50.998036,51.177606,-0.538712,5551
2022-09-30,7684230,434459718,50.459324,51.357177,49.920612,51.087821,-0.089785,4630
2022-10-03,3607921,204450392,50.369539,51.536747,50.279753,50.459324,-0.628497,2917
2022-10-04,8713223,497468946,51.806103,52.344815,50.369539,51.357177,0.897853,4680
2022-10-05,7875783,455020898,51.985674,52.524385,51.177606,51.177606,-0.179571,4989
2022-10-06,3613483,207505216,51.626532,51.895888,51.267391,51.626532,0.448926,2267
2022-10-07,4279450,246071392,51.536747,52.165244,51.177606,51.267391,-0.359141,2962
2022-10-11,4794261,270202154,50.279753,51.087821,49.830827,50.638894,-0.628497,3382
2022-10-12,7846308,436483688,50.638894,50.72868,49.292115,50.369539,-0.269355,4552
2022-10-13,12320539,666115874,50.638894,50.998036,47.49641,47.765766,-2.603773,6924
2022-10-14,7169825,399117963,49.471686,50.818465,49.292115,49.741042,1.975276,4260
2022-10-17,7889158,426331838,49.381901,49.561471,47.765766,48.932974,-0.808068,5104
2022-10-18,4785324,260424049,49.561471,49.561471,48.214692,48.843189,-0.089785,2944
2022-10-19,5352826,293949211,49.20233,49.920612,48.663618,48.663618,-0.179571,2861
2022-10-20,6797661,359409187,48.663618,48.663618,46.957698,47.406625,-1.256993,4396
2022-10-21,4266040,224080136,47.316839,47.67598,46.688342,46.778128,-0.628497,2509
2022-10-24,5971981,314678952,47.67598,48.304477,46.688342,46.688342,-0.089786,3587
2022-10-25,5788272,297032852,46.778128,46.867913,45.431349,45.880275,-0.808067,3649
2022-10-26,7934008,400096682,45.880275,46.059846,44.892637,44.892637,-0.987638,4371
2022-10-27,5424670,274389789,45.161993,45.880275,44.982422,45.521134,0.628497,3273
2022-10-28,6127637,304724079,45.072208,45.431349,44.039677,44.039677,-1.481457,4717
2022-10-31,5163737,255714120,44.443711,44.847744,44.174355,44.353925,0.314248,3021
2022-11-01,12683644,656313900,44.488603,47.49641,44.398818,47.047484,2.693559,7390
2022-11-02,9009597,470124449,46.778128,47.67598,46.329201,46.867913,-0.179571,4986
2022-11-03,5559126,290302376,46.059846,47.49641,45.79049,47.406625,0.538712,3084
2022-11-04,7709564,408508569,47.406625,48.214692,46.778128,47.586195,0.17957,4615
2022-11-07,5357408,285515789,47.945336,48.304477,47.316839,48.035122,0.448927,3179
2022-11-08,6811819,365606657,48.304477,48.932974,47.406625,47.49641,-0.538712,4054
2022-11-09,4755391,252057980,47.586195,47.945336,47.316839,47.67598,0.17957,2912
2022-11-10,8122248,421660828,47.227054,47.586195,46.149631,46.508772,-1.167208,4797
2022-11-11,10141942,527625049,47.49641,47.49641,46.149631,46.418987,-0.089785,5760
2022-11-14,7127947,373377488,46.598557,47.406625,46.239416,47.137269,0.718282,4103
2022-11-15,13373923,710491054,47.586195,48.573833,47.047484,47.765766,0.628497,7203
2022-11-16,11497334,601659122,47.945336,47.945336,46.688342,46.867913,-0.897853,6327
2022-11-17,28489799,1548185059,47.137269,49.920612,46.778128,49.741042,2.873129,15170
2022-11-18,19046270,1041788247,49.561471,49.920612,48.304477,48.663618,-1.077424,11576
2022-11-21,21990856,1221929729,48.663618,50.638894,48.124907,50.010398,1.34678,12067
2022-11-22,16933481,938817837,50.279753,50.638894,49.112545,49.471686,-0.538712,10056
2022-11-23,8494124,466957644,49.830827,49.920612,48.932974,49.02276,-0.448926,5136
2022-11-24,13657715,761856029,49.381901,50.459324,49.292115,50.100183,1.077423,7406
2022-11-25,42519517,2458211864,50.818465,53.152882,50.549109,51.357177,1.256994,23269
2022-11-28,20691352,1192490304,50.818465,52.524385,50.638894,52.524385,1.167208,10358
2022-11-29,14950359,868821977,52.165244,52.703956,51.806103,51.985674,-0.538711,7681
2022-11-30,16379968,958425464,51.895888,52.973312,51.806103,52.883526,0.897852,8202
2022-12-01,22314803,1337700851,53.691594,54.769017,53.063097,53.242667,0.359141,11563
2022-12-02,80916291,5155070879,54.230305,58.539999,54.14052,58.539999,5.297332,36857
2022-12-05,40187302,2620137167,59.168496,59.168496,57.552361,58.180857,-0.359142,22504
2022-12-06,81454031,5375858995,58.450213,61.502913,57.013649,57.911502,-0.269355,47556
2022-12-07,32501776,2063104937,57.731931,58.539999,55.936226,56.385152,-1.52635,16825
2022-12-08,15375626,969211775,56.564723,57.103434,55.936226,56.654508,0.269356,9630
2022-12-09,14144673,900878964,57.37279,57.911502,56.474937,57.193219,0.538711,9867
2022-12-12,14634022,943192134,57.731931,58.539999,57.283005,57.462575,0.269356,8803
2022-12-13,20542067,1331505800,58.001287,59.348066,57.103434,57.103434,-0.359141,12142
2022-12-14,31484960,2069081447,57.731931,59.707207,57.37279,59.707207,2.603773,16944
2022-12-15,49278992,3334200729,60.066348,61.862054,58.988925,61.502913,1.795706,25940
2022-12-16,31227552,2121637983,60.694845,61.772268,60.156134,61.323342,-0.179571,17658
2022-12-19,23179723,1533852348,60.874416,60.964201,58.539999,59.258281,-2.065061,15910
2022-12-20,28454112,1856128515,58.988925,59.976563,57.462575,57.462575,-1.795706,12439
2022-12-21,14779495,970439185,58.719569,59.437851,58.180857,58.809354,1.346779,8742
2022-12-22,12686230,838407494,59.617422,59.886778,58.539999,59.168496,0.359142,6551
2022-12-23,12514992,828523613,58.629784,60.156134,58.450213,59.258281,0.089785,7056
2022-12-26,9998618,665852335,59.258281,60.335704,59.168496,59.707207,0.448926,6040
2022-12-27,22709137,1531858057,60.425489,61.413127,59.707207,60.515275,0.808068,12295
2022-12-28,11183281,754636733,60.156134,61.233557,59.976563,60.156134,-0.359141,6911
2022-12-29,11351298,754492116,59.796992,60.425489,58.809354,60.156134,0.0,6897
2022-12-30,10299693,696783580,61.053986,61.233557,60.335704,60.335704,0.17957,6438
2023-01-03,57810013,4118405811,60.245919,66.261532,60.156134,64.735182,4.399478,31427
2023-01-04,93120649,6958479545,65.184109,69.493802,65.094324,66.441103,1.705921,52123
2023-01-05,45233329,3280694990,66.890029,67.159385,64.0169,64.555612,-1.885491,25744
2023-01-06,26295561,1883598396,64.376041,65.273894,63.298618,65.273894,0.718282,14761
2023-01-09,23935644,1736966240,65.184109,65.992176,63.83733,65.722821,0.448927,13691
2023-01-10,18574671,1345306102,65.004538,65.633035,64.376041,65.004538,-0.718283,10736
2023-01-11,20448466,1494013168,65.453465,66.620673,64.555612,64.645397,-0.359141,12271
2023-01-12,11732062,840319957,64.645397,65.094324,63.567974,63.927115,-0.718282,7292
2023-01-13,9508943,673472404,63.927115,64.465827,63.029262,63.388403,-0.538712,5933
2023-01-16,7639666,543770753,63.298618,64.376041,63.029262,64.286256,0.897853,4679
2023-01-17,25847039,1891460541,64.286256,66.351317,64.196471,65.633035,1.346779,15288
2023-01-30,27564357,2060042543,66.530888,68.865305,65.363679,67.787882,2.154847,16540
2023-01-31,53176922,4211083792,67.698097,73.264784,67.518526,72.726072,4.93819,30730
2023-02-01,30905530,2490881225,72.546501,73.803495,70.930366,72.00779,-0.718282,20084
2023-02-02,30976765,2509971704,72.277145,74.791133,71.558863,71.648649,-0.359141,18371
2023-02-03,21362255,1676655589,71.469078,71.738434,69.942728,70.122299,-1.52635,13301
2023-02-06,11779496,923941708,70.032514,71.109937,69.763158,70.391655,0.269356,7465
2023-02-07,11145975,881365761,70.301869,71.558863,70.301869,71.109937,0.718282,6848
2023-02-08,19529388,1561843286,72.456716,72.815857,71.109937,71.109937,0.0,11121
2023-02-09,44298000,3637704650,71.738434,74.880918,71.558863,73.623925,2.513988,25993
2023-02-10,31335776,2593409268,74.252422,75.599201,72.905642,73.534139,-0.089786,19386
2023-02-13,16784626,1378635821,72.995428,74.880918,72.18736,74.521777,0.987638,10290
2023-02-14,24562757,2062143517,74.880918,76.048127,74.342207,75.509415,0.987638,14059
2023-02-15,94627468,8345114197,76.227698,82.512667,76.137912,77.664262,2.154847,57687
2023-02-16,41028551,3605704031,78.83147,79.729323,78.202974,78.83147,1.167208,25782
2023-02-17,46107434,4120179921,78.292759,81.88417,77.933618,81.435243,2.603773,28362
2023-02-20,42496141,3881702402,81.88417,83.859446,80.088464,82.692237,1.256994,25752
2023-02-21,65645736,6250315006,83.679875,87.540642,83.679875,86.553004,3.860767,41401
2023-02-22,39699449,3777023984,85.29601,87.361072,83.949231,84.577728,-1.975276,27009
2023-02-23,30088681,2890455066,84.847084,87.450857,84.847084,85.924507,1.346779,19066
2023-02-24,26866624,2573993721,86.732575,87.540642,84.487943,85.206225,-0.718282,18273
2023-03-01,19027104,1821509543,85.206225,86.642789,84.847084,86.642789,1.436564,11276
2023-03-02,25359854,2449681190,87.181501,88.438495,85.475581,86.283648,-0.359141,16963
2023-03-03,21429298,2060183359,87.450857,87.989568,84.577728,84.936869,-1.346779,14103
2023-03-06,16666971,1608279126,85.744937,87.181501,85.744937,87.091716,2.154847,10396
2023-03-07,36497433,3609917981,87.181501,90.683127,87.181501,88.438495,1.346779,24006
2023-03-08,34830581,3494793829,88.618065,91.132053,88.52828,90.2342,1.795705,21253
2023-03-09,41301243,4103683209,91.580979,92.478832,86.732575,90.2342,0.0,26566
2023-03-10,31378452,3052316187,88.34871,89.426133,85.475581,87.00193,-3.23227,21409
2023-03-13,23375689,2225747244,86.104078,86.912145,83.949231,85.744937,-1.256993,14338
2023-03-14,19930130,1911612429,86.104078,87.450857,84.936869,85.026654,-0.718283,13972
2023-03-15,16379090,1567385547,86.463219,87.091716,85.026654,85.29601,0.269356,10806
2023-03-16,26168937,2440608065,85.385795,85.744937,82.153526,83.679875,-1.616135,17296
2023-03-17,17931833,1686258896,85.026654,85.385795,83.230949,85.206225,1.52635,11640
2023-03-20,29421931,2875734638,85.924507,89.066992,85.475581,88.707851,3.501626,18995
2023-03-21,26546331,2648059887,90.2342,91.132053,88.438495,88.438495,-0.269356,16876
2023-03-22,20310952,1994831340,89.785274,90.2342,87.091716,87.091716,-1.346779,13684
2023-03-23,12565536,1213362720,86.642789,87.899783,85.924507,86.104078,-0.987638,9853
2023-03-24,10373741,998757342,87.091716,87.271286,86.014292,86.104078,0.0,7102
2023-03-27,13981304,1331139440,86.193863,87.091716,84.757299,84.847084,-1.256994,10772
2023-03-28,10746235,1017026583,84.847084,85.655151,84.039016,85.11644,0.269356,7227
2023-03-29,9282705,885286807,85.29601,86.553004,84.667513,85.026654,-0.089786,6754
2023-03-30,7506763,715835036,85.475581,86.193863,84.757299,86.193863,1.167209,5616
2023-03-31,13165144,1247079959,86.463219,86.553004,84.667513,84.936869,-1.256994,9057
2023-04-06,7842801,748938548,85.11644,86.553004,84.667513,85.924507,0.987638,5478
2023-04-07,30850362,3010758250,86.373434,88.618065,86.193863,86.912145,0.987638,19554
2023-04-10,47429949,4738007185,87.540642,91.580979,87.540642,91.132053,4.219908,30662
2023-04-11,78478597,8381906928,91.580979,98.763801,91.132053,96.968096,5.836043,46558
2023-04-12,96336454,10977333955,98.763801,105.04877,98.763801,103.253065,6.284969,51387
2023-04-13,73436593,8078156815,103.701991,104.150918,96.070243,96.968096,-6.284969,39864
2023-04-14,35012206,3722423973,96.968096,97.865949,94.274538,94.723464,-2.244632,22298
2023-04-17,36788504,4000937118,95.17239,99.212728,94.723464,97.865949,3.142485,20811
2023-04-18,22770894,2486215737,97.865949,99.661654,96.519169,97.865949,0.0,13941
2023-04-19,15141267,1638437807,98.763801,99.212728,95.621317,96.968096,-0.897853,9456
2023-04-20,17841160,1921567179,98.314875,99.212728,94.723464,94.723464,-2.244632,11408
2023-04-21,24142025,2494334687,93.825611,95.621317,91.132053,92.029906,-2.693558,13198
2023-04-24,13185811,1380188226,92.478832,95.621317,92.029906,94.274538,2.244632,8227
2023-04-25,21695769,2239601692,94.274538,96.070243,90.2342,92.029906,-2.244632,13497
2023-04-26,10997116,1127659818,92.029906,93.376685,90.683127,92.478832,0.448926,7083
2023-04-27,13239166,1337669298,92.478832,92.927758,88.977206,90.683127,-1.795705,8764
2023-04-28,10688626,1088363607,92.478832,93.376685,90.2342,91.132053,0.448926,6920
2023-05-02,37364492,3991399665,92.029906,97.865949,92.029906,96.968096,5.836043,22115
2023-05-03,24970666,2648805417,95.17239,97.865949,92.927758,94.723464,-2.244632,15300
2023-05-04,24085096,2600111971,94.723464,98.314875,94.274538,98.314875,3.591411,15496
2023-05-05,17583608,1894797386,98.314875,98.763801,95.17239,96.968096,-1.346779,10801
2023-05-08,38502935,4252352445,97.865949,100.559507,96.968096,99.212728,2.244632,23701
2023-05-09,42739815,4507802972,98.314875,98.763801,92.029906,92.927758,-6.28497,27640
2023-05-10,17204051,1799041318,92.478832,95.17239,92.029906,95.17239,2.244632,9551
2023-05-11,15783253,1618630331,94.274538,94.723464,90.683127,90.683127,-4.489263,11313
2023-05-12,16303333,1690536372,91.580979,94.274538,91.580979,93.825611,3.142484,9857
2023-05-15,12329642,1290706814,93.825611,95.17239,92.927758,93.825611,0.0,8066
2023-05-16,10970934,1150425208,93.825611,95.17239,92.927758,94.274538,0.448927,6962
2023-05-17,11691634,1236452456,94.723464,96.519169,93.825611,94.274538,0.0,7855
2023-05-18,35980678,3896572919,95.17239,98.763801,94.723464,96.968096,2.693558,22751
2023-05-19,34998108,3841425242,99.212728,101.008433,96.968096,97.865949,0.897853,22902
2023-05-22,78553049,9125323908,98.314875,106.844476,98.314875,105.04877,7.182821,41788
2023-05-23,56414089,6510125662,105.946623,106.844476,101.45736,102.355212,-2.693558,35050
2023-05-24,29237499,3273481563,102.355212,102.355212,99.212728,101.008433,-1.346779,18543
2023-05-25,32490946,3719353444,101.906286,104.150918,101.008433,101.008433,0.0,20782
2023-05-26,18999384,2129103299,101.45736,102.355212,99.212728,100.559507,-0.448926,12533
2023-05-29,18482684,2108178561,101.45736,104.150918,101.008433,101.906286,1.346779,11951
2023-05-30,13991979,1573649915,103.253065,103.253065,99.661654,100.559507,-1.346779,9629
2023-05-31,23764201,2716577531,101.45736,103.701991,101.008433,102.804139,2.244632,14713
2023-06-01,15064086,1726586252,103.701991,104.599844,101.906286,101.906286,-0.897853,9606
2023-06-02,58149957,6880499079,103.701991,108.640181,103.253065,105.04877,3.142484,36605
2023-06-05,28960789,3388354984,106.39555,107.293402,102.804139,103.253065,-1.795705,19459
2023-06-06,13945845,1587875093,104.150918,104.150918,101.008433,101.906286,-1.346779,10273
2023-06-07,11885635,1364697810,102.804139,104.150918,101.906286,103.701991,1.795705,7695
2023-06-08,37097081,4363946149,106.39555,107.742329,102.804139,103.701991,0.0,22646
2023-06-09,13715568,1576718176,105.04877,105.497697,101.906286,102.804139,-0.897852,9257
2023-06-12,16986421,1905290961,102.804139,102.804139,99.661654,100.559507,-2.244632,12036
2023-06-13,9946306,1118134481,101.008433,101.906286,99.661654,101.45736,0.897853,7379
2023-06-14,10925877,1236199767,101.906286,103.253065,100.559507,101.008433,-0.448927,7430
2023-06-15,20514317,2360728036,101.008433,104.599844,100.559507,104.599844,3.591411,13779
2023-06-16,51555208,6409067899,106.39555,114.925151,105.946623,114.925151,10.325307,29721
2023-06-19,102047173,13298650986,116.27193,120.312267,113.129445,115.374077,0.448926,53656
2023-06-20,62483275,8341294713,117.169782,123.903678,117.169782,118.516562,3.142485,37934
2023-06-21,25555022,3361667498,120.312267,120.312267,116.27193,118.965488,0.448926,16824
2023-06-26,29195834,3899912482,119.863341,121.659046,118.067635,119.863341,0.897853,18096
2023-06-27,65689424,8918351252,123.903678,127.046163,118.516562,118.516562,-1.346779,38445
2023-06-28,32579983,4236044285,118.965488,120.312267,114.476224,115.823003,-2.693559,22151
2023-06-29,15745629,2058071289,116.720856,118.516562,115.823003,118.516562,2.693559,9588
2023-06-30,29335751,3956410967,120.312267,123.005825,118.516562,123.005825,4.489263,20271
2023-07-03,23138873,3191483249,125.250457,125.250457,123.005825,123.903678,0.897853,15337
2023-07-04,27539003,3752401461,124.801531,126.14831,120.312267,120.761193,-3.142485,19816
2023-07-05,17907003,2358647156,120.312267,120.761193,117.169782,117.169782,-3.591411,14649
2023-07-06,13837416,1813174463,116.720856,118.965488,115.374077,117.618709,0.448927,9715
2023-07-07,11352446,1472907615,117.618709,118.516562,115.374077,116.27193,-1.346779,8768
2023-07-10,13630953,1792960386,116.720856,119.863341,115.823003,118.067635,1.795705,9210
2023-07-11,12274966,1633865472,119.863341,121.21012,118.516562,118.965488,0.897853,8038
2023-07-12,34705890,4708851693,120.312267,123.903678,118.516562,121.21012,2.244632,22776
2023-07-13,20789593,2794013972,122.556899,123.005825,118.965488,120.312267,-0.897853,14642
2023-07-14,47548577,6502971674,122.902574,127.965976,122.442264,126.585048,6.272781,30327
2023-07-17,63350845,9058851318,128.426285,135.330924,127.965976,129.807213,3.222165,39826
2023-07-18,39359755,5447584289,132.569068,133.029377,124.283501,125.20412,-4.603093,29131
2023-07-19,9826097,1203695999,112.77577,112.77577,112.77577,112.77577,-12.42835,11020
2023-07-20,7378354,815307393,101.728347,101.728347,101.728347,101.728347,-11.047423,8939
2023-07-21,141242863,15590194947,102.188657,105.410822,97.585564,103.569585,1.841238,77946
2023-07-24,62600867,6755318882,104.029894,104.490203,96.664946,97.585564,-5.984021,39726
2023-07-25,45258746,4983169048,98.966492,104.029894,97.585564,102.648966,5.063402,29898
2023-07-26,24102785,2632969424,102.648966,103.569585,99.426801,99.426801,-3.222165,16437
2023-07-27,18454050,2039229496,100.807729,103.109275,99.426801,101.728347,2.301546,12218
2023-07-28,17888124,1998627257,101.728347,104.490203,100.34742,103.569585,1.841238,11575
2023-07-31,42414692,4977647567,104.950512,111.394842,104.490203,107.712368,4.142783,30788
2023-08-01,30450352,3491362750,108.632986,109.553605,103.569585,104.950512,-2.761856,20578
2023-08-02,18717327,2111651617,104.490203,106.791749,101.728347,101.728347,-3.222165,12781
2023-08-04,21261601,2438551158,104.029894,107.712368,103.569585,106.791749,5.063402,14061
2023-08-07,14290615,1650226947,106.791749,107.712368,104.490203,107.252059,0.46031,9621
2023-08-08,12638140,1458031104,107.712368,108.172677,104.950512,105.871131,-1.380928,8181
2023-08-09,22376240,2622706106,106.33144,110.013914,105.871131,106.791749,0.920618,14190
2023-08-10,23702377,2728796000,108.632986,109.093296,103.109275,104.950512,-1.841237,16093
2023-08-11,10795737,1244315076,105.871131,107.712368,104.950512,105.410822,0.46031,7322
2023-08-14,21716136,2382001092,104.950512,104.950512,98.966492,99.88711,-5.523712,15235
2023-08-15,14425751,1611181334,100.807729,104.490203,100.34742,102.648966,2.761856,9466
2023-08-16,10267356,1126191718,101.268038,102.648966,99.426801,101.728347,-0.920619,9250
2023-08-17,12604620,1386991693,100.34742,103.109275,99.88711,101.268038,-0.460309,8280
2023-08-18,25406640,2888630690,102.188657,106.791749,101.728347,104.029894,2.761856,17970
2023-08-21,13739806,1566037212,104.029894,106.33144,103.569585,104.490203,0.460309,8877
2023-08-22,18173795,2023464916,104.490203,105.410822,101.268038,101.268038,-3.222165,13000
2023-08-23,9209772,1013550376,101.268038,102.648966,100.34742,101.268038,0.0,6013
2023-08-24,29532876,3391465226,102.648966,107.712368,101.728347,105.871131,4.603093,17173
2023-08-25,12453110,1423880530,104.950512,106.791749,103.569585,104.490203,-1.380928,7751
2023-08-28,7878723,888749130,105.410822,105.871131,102.648966,103.109275,-1.380928,5341
2023-08-29,5216246,588415933,104.029894,104.950512,102.648966,104.490203,1.380928,3607
2023-08-30,4681877,530661698,104.950512,105.410822,103.569585,103.569585,-0.920618,3411
2023-08-31,4816288,545603218,104.029894,105.410822,103.569585,104.490203,0.920618,3267
2023-09-01,18503218,2102079252,105.410822,106.791749,102.188657,102.648966,-1.841237,12187
2023-09-04,6721030,743285293,102.648966,102.648966,101.268038,101.728347,-0.920619,5314
2023-09-05,4170359,461355406,101.728347,102.648966,101.268038,101.728347,0.0,3383
2023-09-06,4611445,512159109,103.109275,103.109275,101.728347,101.728347,0.0,3389
2023-09-07,8707067,950795320,102.188657,102.188657,99.426801,99.88711,-1.841237,8026
2023-09-08,7389277,791584609,99.88711,99.88711,97.585564,98.506183,-1.380927,6405
2023-09-11,11422749,1204891108,98.966492,99.88711,95.284018,95.284018,-3.222165,9437
2023-09-12,9159012,945478071,95.744327,96.664946,92.982471,95.744327,0.460309,6021
2023-09-13,6876572,705102240,95.744327,95.744327,93.442781,94.823709,-0.920618,5636
2023-09-14,3474973,360823673,95.284018,96.204636,94.823709,95.744327,0.920618,2992
2023-09-15,6118119,631155340,96.204636,96.664946,93.90309,95.284018,-0.460309,4434
2023-09-18,4721935,481723955,93.90309,94.823709,93.442781,93.442781,-1.841237,4401
2023-09-19,4475882,455248125,93.442781,94.823709,92.982471,92.982471,-0.46031,3426
2023-09-20,8780795,880917778,92.982471,93.90309,90.40474,92.522162,-0.460309,7041
2023-09-21,7046531,697070017,91.877729,92.061853,90.496801,90.865049,-1.657113,7651
2023-09-22,17004414,1739064508,91.325358,96.664946,90.957111,93.90309,3.038041,11250
2023-09-25,12922674,1367220782,95.284018,98.506183,94.823709,98.045873,4.142783,9414
2023-09-26,7759950,825046768,97.585564,98.966492,96.204636,98.045873,0.0,6546
2023-09-27,8108487,862144104,98.506183,98.966492,96.664946,97.585564,-0.460309,5689
2023-09-28,5887968,628916263,97.585564,98.966492,97.125255,98.966492,1.380928,3883
2023-10-02,7689197,835180051,99.88711,100.807729,98.966492,100.34742,1.380928,5142
2023-10-03,10049898,1092974471,100.807729,102.648966,98.045873,98.966492,-1.380928,6840
2023-10-04,4441928,473459500,98.045873,99.88711,97.125255,97.585564,-1.380928,3441
2023-10-05,4347754,470477072,98.045873,100.807729,98.045873,99.426801,1.841237,3284
2023-10-06,3730353,398833221,99.426801,99.426801,97.585564,98.045873,-1.380928,2553
2023-10-11,4665918,494735543,99.426801,99.88711,96.664946,96.664946,-1.380927,3536
2023-10-12,2882298,304639032,97.125255,98.045873,96.664946,97.585564,0.920618,1958
2023-10-13,7286139,751346087,97.585564,97.585564,93.90309,94.363399,-3.222165,6229
2023-10-16,3124963,318250326,93.90309,94.363399,92.982471,94.363399,0.0,2523
2023-10-17,6965626,705809801,95.744327,96.204636,92.061853,92.061853,-2.301546,6822
2023-10-18,6599880,656913584,92.522162,92.982471,91.141234,91.141234,-0.920619,5921
2023-10-19,5227902,513898297,90.865049,91.785667,90.220616,90.312678,-0.828556,5458
2023-10-20,10773955,1029957678,90.496801,90.865049,86.261956,88.563503,-1.749175,10111
2023-10-23,8453737,842630963,88.379379,92.982471,87.642884,91.969791,3.406288,6349
2023-10-24,4716412,472391593,92.061853,93.442781,91.41742,92.061853,0.092062,3786
2023-10-25,3169083,322529640,92.982471,94.363399,92.982471,93.90309,1.841237,2746
2023-10-26,2633640,265133840,92.982471,93.90309,92.061853,92.061853,-1.841237,2328
2023-10-27,2842552,283492507,92.982471,92.982471,91.233296,91.233296,-0.828557,2655
2023-10-30,4031932,395733648,91.969791,91.969791,89.484121,89.852368,-1.380928,4136
2023-10-31,8000276,761464758,90.772987,90.957111,85.617523,85.801647,-4.050721,8388
2023-11-01,6368712,598078046,86.261956,87.366698,85.617523,86.998451,1.196804,4348
2023-11-02,4812687,462683989,88.471441,89.023812,87.827008,88.839688,1.841237,3115
2023-11-03,3538973,345594265,89.760307,90.680925,89.207935,90.496801,1.657113,2965
2023-11-06,6315230,637951591,92.061853,93.90309,91.693606,92.522162,2.025361,4368
2023-11-07,4986793,507132061,93.442781,94.823709,92.522162,94.363399,1.841237,3444
2023-11-08,3983915,403021972,94.363399,94.823709,92.522162,92.522162,-1.841237,2760
2023-11-09,5982579,598556763,93.90309,94.363399,91.325358,91.41742,-1.104742,4303
2023-11-10,8099613,824745258,91.969791,94.823709,91.141234,94.363399,2.945979,5518
2023-11-13,4420038,449318676,94.823709,95.284018,92.522162,92.982471,-1.380928,2811
2023-11-14,3403449,345493914,93.90309,94.363399,92.522162,93.90309,0.920619,2126
2023-11-15,6465955,668257411,94.823709,95.744327,93.90309,95.284018,1.380928,4581
2023-11-16,2787666,286775629,95.284018,95.744327,93.442781,94.823709,-0.460309,2229
2023-11-17,2938624,305168543,95.284018,96.204636,94.823709,95.744327,0.920618,2428
2023-11-20,2483507,255575422,95.744327,96.204636,94.363399,94.363399,-1.380928,1991
2023-11-21,3177833,325816557,94.823709,95.284018,93.90309,94.363399,0.0,2324
2023-11-22,1894236,194322419,93.90309,95.284018,93.442781,94.363399,0.0,1616
2023-11-23,14893610,1584923832,94.823709,99.88711,94.363399,98.045873,3.682474,10072
2023-11-24,55225656,6271656285,101.268038,107.712368,99.426801,107.712368,9.666495,32406
2023-11-27,67570668,8181531834,111.394842,114.617007,108.632986,109.553605,1.841237,40599
2023-11-28,40783613,4994306945,110.013914,114.617007,110.013914,114.156698,4.603093,25093
2023-11-29,20331572,2475006190,113.696388,114.617007,110.934533,111.394842,-2.761856,17339
2023-11-30,22051889,2692876152,110.934533,113.696388,110.474224,111.855151,0.460309,12147
2023-12-01,18131718,2211922586,111.855151,114.156698,110.474224,110.934533,-0.920618,11265
2023-12-04,33537257,4176817622,111.855151,116.458244,110.474224,116.458244,5.523711,20291
2023-12-05,67213891,8650349515,115.997935,122.442264,114.156698,119.2201,2.761856,42397
2023-12-06,45949062,5901539683,120.140718,121.521646,115.997935,116.458244,-2.761856,29160
2023-12-07,60379928,7834058563,116.458244,123.362883,115.997935,116.458244,0.0,35623
2023-12-08,22934721,2904177390,117.378862,119.2201,115.077316,115.997935,-0.460309,14709
2023-12-11,16630931,2082314157,116.918553,117.839172,113.696388,115.997935,0.0,9822
2023-12-12,9947344,1255355168,115.997935,117.839172,115.077316,115.077316,-0.920619,6822
2023-12-13,16727048,2102441649,116.458244,118.299481,113.696388,114.617007,-0.460309,9853
2023-12-14,15817067,1980669873,116.458244,116.918553,114.156698,115.077316,0.460309,9160
2023-12-15,23534015,2893891511,115.537625,116.918553,110.474224,112.315461,-2.761855,14818
2023-12-18,8623576,1042890589,111.855151,113.236079,110.013914,110.934533,-1.380928,6199
2023-12-19,16934231,1986808141,110.934533,111.394842,106.791749,107.712368,-3.222165,11223
2023-12-20,6415119,752920747,108.172677,109.093296,107.252059,108.172677,0.460309,4574
2023-12-21,7066330,817309059,107.252059,107.712368,105.410822,105.871131,-2.301546,5954
2023-12-22,6573648,764040987,106.33144,108.632986,105.871131,106.791749,0.920618,4130
2023-12-25,7969240,941360569,107.252059,110.013914,107.252059,108.172677,1.380928,4921
2023-12-26,5988075,696379833,108.172677,108.632986,106.33144,107.252059,-0.920618,4422
2023-12-27,3369790,392272510,107.252059,108.172677,106.791749,106.791749,-0.46031,2940
2023-12-28,30401701,3652400454,107.712368,113.236079,107.252059,109.553605,2.761856,18716
2023-12-29,18103745,2100763716,109.553605,110.013914,104.950512,107.252059,-2.301546,12165
2024-01-02,11106441,1314502142,107.712368,110.474224,106.33144,109.553605,2.301546,7256
2024-01-03,9991889,1189461052,108.632986,110.934533,107.712368,110.474224,0.920619,9150
2024-01-04,11236416,1329919883,109.553605,110.934533,107.712368,109.093296,-1.380928,6409
2024-01-05,4685405,556821984,108.632986,110.013914,108.172677,110.013914,0.920618,3237
2024-01-08,10680929,1274544973,110.474224,111.394842,108.632986,108.632986,-1.380928,5387
2024-01-09,14600022,1748762070,110.934533,112.315461,108.632986,110.474224,1.841238,8808
2024-01-10,8339910,998126274,109.553605,111.855151,108.632986,110.013914,-0.46031,5197
2024-01-11,7613947,906814041,110.474224,110.934533,108.632986,109.553605,-0.460309,4430
2024-01-12,15414664,1864572852,110.474224,112.77577,110.013914,110.934533,1.380928,9165
2024-01-15,42844405,5267650003,112.315461,115.997935,110.474224,111.855151,0.920618,22951
2024-01-16,10231612,1225866805,111.855151,112.315461,109.093296,109.093296,-2.761855,7129
2024-01-17,9955887,1159031805,109.093296,109.553605,105.871131,105.871131,-3.222165,8668
2024-01-18,4597892,530461482,106.33144,107.252059,104.950512,106.33144,0.460309,3585
2024-01-19,4722260,547634629,106.791749,108.172677,106.33144,106.33144,0.0,3308
2024-01-22,7097114,832276353,107.252059,109.553605,105.871131,109.093296,2.761856,4615
2024-01-23,11451355,1381789147,109.093296,112.315461,109.093296,110.934533,1.841237,7236
2024-01-24,9349576,1123593377,111.394842,111.855151,109.553605,110.013914,-0.920619,6660
2024-01-25,6294639,748320326,110.474224,110.934533,108.632986,108.632986,-1.380928,3828
2024-01-26,3681973,437209648,109.093296,110.013914,108.632986,109.553605,0.920619,2460
2024-01-29,6129575,735944550,109.553605,111.394842,109.093296,110.934533,1.380928,3193
2024-01-30,7882241,944749363,110.934533,112.315461,109.093296,109.093296,-1.841237,4909
2024-01-31,7654373,909871965,109.093296,110.474224,107.712368,110.013914,0.920618,4998
2024-02-01,26436998,3247136759,109.553605,115.997935,109.553605,115.997935,5.984021,15793
2024-02-02,38527432,4894327261,118.299481,119.680409,114.156698,114.617007,-1.380928,22333
2024-02-05,12684327,1564152311,115.997935,115.997935,112.315461,112.77577,-1.841237,8900
2024-02-15,17578388,2122468588,113.236079,113.236079,109.553605,110.934533,-1.841237,10368
2024-02-16,42722224,5432826564,111.855151,119.680409,111.855151,118.75979,7.825257,24461
2024-02-19,60438264,7967379976,120.601027,125.20412,118.75979,119.2201,0.46031,32689
2024-02-20,32627366,4191358312,120.140718,122.442264,115.077316,117.839172,-1.380928,19847
2024-02-21,46292759,6133458364,118.299481,125.20412,117.839172,121.981955,4.142783,28483
2024-02-22,38000888,5070685895,122.442264,125.20412,120.140718,122.902574,0.920619,23779
2024-02-23,78697493,11101669434,124.283501,134.410305,121.061337,131.64845,8.745876,44746
2024-02-26,112761065,17329160765,138.092779,144.537109,137.172161,140.854635,9.206185,61090
2024-02-27,101520911,15859127904,142.235563,147.759274,139.473707,143.156181,2.301546,63998
2024-02-29,86330223,14296678666,144.537109,157.425768,144.0768,157.425768,14.269587,53807
2024-03-01,101617121,17617725231,164.330407,165.251026,154.663913,157.425768,0.0,58795
2024-03-04,67835774,11447529465,158.806696,159.267006,151.441748,153.743294,-3.682474,42412
2024-03-05,70356229,12064530286,156.965459,161.108243,153.743294,155.584531,1.841237,43149
2024-03-06,46127158,7919477662,155.124222,161.108243,152.822676,160.187624,4.603093,33432
2024-03-07,38615762,6583335265,160.187624,160.647933,153.743294,157.425768,-2.761856,27064
2024-03-08,51772763,8468268449,156.50515,156.965459,144.997418,148.679892,-8.745876,35937
2024-03-11,20258203,3313975507,152.822676,152.822676,148.219583,151.441748,2.761856,14243
2024-03-12,76003778,12943784694,151.441748,162.028861,148.679892,156.50515,5.063402,50022
2024-03-13,114630032,20210636569,159.267006,169.393809,156.50515,159.727315,3.222165,73887
2024-03-14,74386594,12793668491,160.647933,163.409789,150.981439,159.267006,-0.460309,50782
2024-03-15,60824253,10369806186,159.267006,161.108243,151.902057,156.044841,-3.222165,38904
2024-03-18,80563262,14282723537,156.50515,168.012882,154.663913,164.330407,8.285566,54121
2024-03-19,67561044,12280048766,164.790717,170.774737,164.330407,165.711335,1.380928,57361
2024-03-20,36950540,6574862623,166.631954,168.473191,161.568552,162.94948,-2.761855,28603
2024-03-21,60069343,10970297621,165.251026,171.235046,164.790717,167.092263,4.142783,41065
2024-03-22,41244647,7491628232,168.473191,172.615974,162.94948,163.409789,-3.682474,31740
2024-03-25,55532651,10294468491,165.251026,174.457211,163.870098,170.314428,6.904639,38940
2024-03-26,95125541,18299159285,172.155665,183.663397,168.473191,172.155665,1.841237,73395
2024-03-27,58217420,10578307436,173.076283,174.457211,161.108243,162.028861,-10.126804,56515
2024-03-28,31745375,5685095847,163.870098,168.473191,162.028861,162.94948,0.920619,26363
2024-03-29,27388998,4860945439,164.790717,166.171645,159.267006,165.251026,2.301546,19829
2024-04-01,23170776,4163826698,166.631954,168.473191,163.409789,163.409789,-1.841237,18529
2024-04-02,18348160,3287144499,165.251026,167.552572,162.48917,164.330407,0.920618,13579
2024-04-03,8834789,1573850067,163.409789,165.251026,162.028861,164.330407,0.0,7590
2024-04-08,39205331,7113464009,166.171645,169.393809,164.330407,167.552572,3.222165,27174
2024-04-09,72422367,13420509205,167.552572,176.298448,166.631954,170.314428,2.761856,49333
2024-04-10,58903172,10803825694,172.615974,175.838139,164.790717,168.473191,-1.841237,48797
2024-04-11,100434453,19220959877,168.012882,182.282469,166.171645,177.679376,9.206185,67964
2024-04-12,120277910,24459097640,180.441232,195.171128,178.599995,195.171128,17.491752,82149
2024-04-15,126993629,26265216047,196.552056,203.456695,179.520613,186.885561,-8.285567,87440
2024-04-16,77076481,14926875297,181.36185,185.044324,173.996902,175.37783,-11.507731,54654
2024-04-17,79388375,16176121525,178.599995,192.869582,178.139685,192.869582,17.491752,52778
2024-04-18,92574621,19210043650,191.948963,197.472675,185.504634,187.345871,-5.523711,68758
2024-04-19,80037634,15980043203,186.885561,191.948963,173.536593,181.82216,-5.523711,67832
2024-04-22,51797610,10029222551,185.504634,186.425252,169.393809,170.314428,-11.507732,38956
2024-04-23,42789842,8058943215,174.917521,177.679376,168.9335,173.536593,3.222165,32555
2024-04-24,38033209,7320746045,177.679376,179.520613,173.076283,179.060304,5.523711,28466
2024-04-25,18236367,3492792935,176.758758,179.060304,173.996902,175.838139,-3.222165,13540
2024-04-26,18671010,3566508674,176.758758,179.060304,173.076283,173.536593,-2.301546,17268
2024-04-29,19216285,3591127590,173.996902,174.917521,170.314428,171.235046,-2.301547,17609
2024-04-30,18174628,3337301439,170.774737,171.235046,166.171645,169.393809,-1.841237,14787
2024-05-02,16032718,2943838942,169.393809,171.695356,166.631954,167.092263,-2.301546,16658
2024-05-03,25645268,4609262431,168.012882,170.314428,162.028861,164.330407,-2.761856,20514
2024-05-06,16446321,2908202042,165.711335,166.631954,160.647933,163.409789,-0.920618,16892
2024-05-07,14437762,2574446389,163.870098,166.171645,161.568552,165.711335,2.301546,14148
2024-05-08,24703340,4543824235,164.330407,172.155665,163.870098,169.393809,3.682474,19869
2024-05-09,13667793,2475173418,169.854119,170.774737,164.790717,165.251026,-4.142783,13346
2024-05-10,10775360,1933736136,166.631954,168.473191,163.409789,163.870098,-1.380928,8096
2024-05-13,32365110,5485780485,162.94948,162.94948,153.743294,154.203604,-9.666494,26258
2024-05-14,17620210,2962554814,154.663913,157.886078,152.362367,153.743294,-0.46031,14592
2024-05-15,12411718,2105351128,154.663913,157.886078,154.663913,154.663913,0.920619,13647
2024-05-16,9133269,1553322385,156.965459,158.806696,154.663913,155.584531,0.920618,8031
2024-05-17,5543691,938818676,156.044841,156.965459,154.663913,156.965459,1.380928,7781
2024-05-20,7686103,1313342693,158.346387,160.187624,155.584531,156.044841,-0.920618,6525
2024-05-21,4561044,768361458,155.584531,157.425768,153.743294,154.203604,-1.841237,5200
2024-05-22,10127636,1681107497,155.124222,155.584531,151.441748,151.902057,-2.301547,10373
2024-05-23,13429082,2179054458,151.902057,151.902057,147.759274,149.140202,-2.761855,11567
2024-05-24,15095913,2448180358,147.759274,152.362367,145.457728,150.52113,1.380928,12360
2024-05-27,13514435,2268003566,150.981439,156.965459,150.981439,155.124222,4.603092,12178
2024-05-28,9297929,1570590987,156.50515,157.886078,154.203604,155.124222,0.0,7246
2024-05-29,6643586,1120897014,155.124222,156.965459,153.743294,155.124222,0.0,5191
2024-05-30,7329560,1232843327,153.743294,156.965459,151.902057,153.743294,-1.380928,6002
2024-05-31,5826398,966536173,155.124222,155.584531,150.981439,150.981439,-2.761855,5691
2024-06-03,4045767,673115702,151.902057,154.663913,151.902057,153.282985,2.301546,3660
2024-06-04,7083310,1187101172,152.822676,156.50515,151.441748,154.203604,0.920619,6240
2024-06-05,4624402,768292070,154.663913,155.584531,151.902057,151.902057,-2.301547,4771
2024-06-06,5337324,884367789,153.282985,155.124222,150.981439,152.822676,0.920619,4149
2024-06-07,48941604,8581744002,153.282985,168.012882,153.282985,167.552572,14.729896,34213
2024-06-11,36565160,6544185248,166.631954,167.552572,161.568552,163.409789,-4.142783,28283
2024-06-12,11372582,2004803311,164.330407,166.631954,160.187624,161.568552,-1.841237,9522
2024-06-13,22621597,4076928623,162.028861,168.012882,161.568552,166.171645,4.603093,19976
2024-06-14,69480441,13237999522,167.092263,179.980922,166.631954,175.838139,9.666494,60309
2024-06-17,38656673,7292404069,178.599995,178.599995,168.473191,169.393809,-6.44433,61283
2024-06-18,21726772,4050528609,169.854119,174.457211,167.552572,173.076283,3.682474,16541
2024-06-19,18133927,3399107426,173.536593,174.917521,169.854119,173.076283,0.0,29900
2024-06-20,26775634,5094160108,174.917521,178.599995,172.155665,173.076283,0.0,20716
2024-06-21,11016808,2076716724,173.536593,175.838139,172.155665,173.076283,0.0,8991
2024-06-24,9497495,1761301300,173.536593,174.457211,168.9335,169.393809,-3.682474,8850
2024-06-25,9946983,1850948943,169.854119,173.536593,167.092263,173.536593,4.142784,8496
2024-06-26,7238217,1358774083,173.996902,174.917521,171.235046,171.695356,-1.841237,9746
2024-06-27,8244570,1544499515,171.695356,174.457211,170.314428,171.235046,-0.46031,6763
2024-06-28,9512038,1787126425,172.615974,173.996902,171.235046,173.076283,1.841237,6745
2024-07-01,13174405,2483977202,178.801692,179.740284,174.108734,174.108734,1.032451,11143
2024-07-02,5640770,1051423246,175.047326,176.455213,173.639438,175.047326,0.938592,5484
2024-07-03,4359302,816409201,176.455213,177.393805,174.57803,175.516622,0.469296,5821
2024-07-04,57649596,11384830337,179.740284,191.941974,177.8631,188.656903,13.140281,44283
2024-07-05,58460760,11863049880,191.003382,196.634932,184.902537,190.534086,1.877183,58107
2024-07-08,29490183,6043989322,192.41127,196.634932,188.656903,190.064791,-0.469295,30001
2024-07-09,34198917,7052855030,190.534086,196.165636,188.656903,194.757749,4.692958,34359
2024-07-10,83059146,18315736369,198.042819,213.998875,195.69634,213.998875,19.241126,69229
2024-07-11,72649640,16648003309,215.876059,220.569016,208.367326,213.998875,0.0,54430
2024-07-12,60475317,14056124312,214.468171,223.384791,211.652397,217.283946,3.285071,85572
2024-07-15,45313751,10586767232,219.161129,224.323383,212.590988,221.038312,3.754366,46198
2024-07-16,37333901,8662389498,223.384791,224.323383,211.652397,214.468171,-6.570141,45702
2024-07-17,27680493,6266969992,214.468171,217.753242,208.836622,209.775213,-4.692958,25264
2024-07-18,21837459,4889868258,207.428735,213.998875,206.490143,209.775213,0.0,25815
2024-07-19,19134340,4272742341,209.775213,213.060284,206.959439,206.959439,-2.815774,17796
2024-07-22,28948215,6247617792,209.305918,210.713805,196.165636,196.634932,-10.324507,25569
2024-07-23,18858054,4039094258,199.920002,204.143664,197.104227,202.735777,6.100845,28904
2024-07-26,11074556,2340897796,193.819157,202.735777,193.349861,199.450706,-3.285071,12264
2024-07-29,26577434,5318435911,201.327889,202.266481,182.086762,182.086762,-17.363944,25103
2024-07-30,19915134,3841384639,180.209579,185.371833,176.924509,180.209579,-1.877183,16281
2024-07-31,9722202,1848750148,180.209579,181.617467,176.924509,177.393805,-2.815774,9110
2024-08-01,9151282,1734837293,178.801692,179.740284,176.924509,177.393805,0.0,8633
2024-08-02,15993774,2900281563,172.700847,173.170143,167.069298,168.007889,-9.385916,15343
2024-08-05,12580429,2048621292,155.806199,156.74479,151.582537,151.582537,-16.425352,13428
2024-08-06,33438502,5174482224,151.582537,155.336903,137.034368,145.481692,-6.100845,22789
2024-08-07,17571218,2873148178,145.950987,157.683382,145.012396,157.214086,11.732394,13654
2024-08-08,15052987,2427870814,152.990424,155.336903,146.889579,151.582537,-5.631549,13301
2024-08-09,21661283,3772437648,157.683382,166.600002,157.214086,166.600002,15.017465,13758
2024-08-12,42033326,7586133479,168.007889,173.170143,166.600002,170.354368,3.754366,37345
2024-08-13,53873492,9035027303,153.45972,161.437748,153.45972,160.029861,-10.324507,37838
2024-08-14,28021505,4824663914,162.845635,167.538593,158.621973,164.722819,4.692958,21402
2024-08-15,21757257,3824687587,164.722819,168.007889,162.37634,162.37634,-2.346479,16750
2024-08-16,19610270,3485426467,167.069298,168.946481,164.722819,165.192114,2.815774,15829
2024-08-19,10562176,1866383594,167.069298,168.007889,163.784227,165.66141,0.469296,15118
2024-08-20,15824682,2823748801,167.069298,170.354368,165.66141,166.130706,0.469296,12675
2024-08-21,23192410,4181363247,166.600002,173.639438,164.722819,168.007889,1.877183,17810
2024-08-22,25686033,4611070842,170.354368,173.639438,163.784227,165.192114,-2.815775,22725
2024-08-23,11157711,1941807141,162.37634,166.130706,161.437748,164.722819,-0.469295,9000
2024-08-26,7445887,1299895004,165.192114,166.130706,162.37634,162.37634,-2.346479,6867
2024-08-27,7013592,1227620015,162.845635,166.130706,162.37634,165.66141,3.28507,5470
2024-08-28,5266113,921145171,164.253523,166.130706,163.314931,163.784227,-1.877183,4436
2024-08-29,6026767,1042543544,163.314931,164.722819,161.437748,161.907044,-1.877183,5827
2024-08-30,5478629,940208917,162.845635,163.784227,160.029861,160.499157,-1.407887,5475
2024-09-02,9915377,1727404828,161.437748,166.130706,160.968452,161.437748,0.938591,8111
2024-09-03,7764013,1316196291,161.437748,162.845635,156.275495,157.683382,-3.754366,8908
2024-09-04,11638717,1863414166,148.297466,153.929016,144.5431,150.643945,-7.039437,12195
2024-09-05,7890550,1263541797,151.113241,154.398311,147.358875,147.828171,-2.815774,8853
2024-09-06,5768269,917576964,149.236058,151.113241,147.828171,149.705354,1.877183,5259
2024-09-09,4645342,735614633,145.950987,150.174649,145.950987,150.174649,0.469295,4552
2024-09-10,9404839,1465279643,152.051833,152.521128,142.665917,144.5431,-5.631549,10242
2024-09-11,4986813,772242717,145.481692,146.889579,143.604509,145.950987,1.407887,3850
2024-09-12,6964459,1119287261,148.297466,153.45972,147.828171,153.45972,7.508733,5979
2024-09-13,6000091,983006120,155.336903,155.806199,152.051833,154.398311,0.938591,6448
2024-09-16,3568836,584671536,154.398311,155.336903,152.521128,153.929016,-0.469295,3315
2024-09-18,13665516,2304034763,153.45972,161.437748,153.45972,157.214086,3.28507,11378
2024-09-19,8312320,1406358946,157.683382,160.968452,156.74479,159.091269,1.877183,7743
2024-09-20,8105395,1383472728,161.907044,162.37634,158.621973,160.499157,1.407888,5841
2024-09-23,11222739,1959266886,161.437748,166.130706,160.968452,164.253523,3.754366,9741
2024-09-24,5935455,1030712836,164.253523,165.192114,161.437748,162.37634,-1.877183,6747
2024-09-25,4814058,836080008,163.314931,164.253523,161.437748,164.253523,1.877183,4230
2024-09-26,15155758,2682386021,168.946481,169.885072,162.845635,163.314931,-0.938592,11159
2024-09-27,8658394,1524659715,164.722819,167.069298,164.253523,165.192114,1.877183,7208
2024-09-30,11855316,2068634583,164.722819,167.069298,161.437748,161.907044,-3.28507,16670
2024-10-01,8527648,1450578531,162.37634,162.845635,158.152678,159.091269,-2.815775,7444
2024-10-04,7821210,1281146331,158.621973,159.091269,152.051833,152.521128,-6.570141,8729
2024-10-07,5368762,898895521,153.929016,158.621973,153.929016,158.152678,5.63155,4530
2024-10-08,2964735,489096273,155.806199,156.74479,153.929016,154.398311,-3.754367,5695
2024-10-09,3032727,498650892,156.275495,157.214086,152.990424,152.990424,-1.407887,3300
2024-10-11,2912968,474813182,153.45972,154.398311,152.051833,152.521128,-0.469296,3245
2024-10-14,5307726,875862307,153.929016,157.214086,152.990424,154.867607,2.346479,4202
2024-10-15,6636126,1085863168,154.867607,155.806199,152.051833,152.521128,-2.346479,5722
2024-10-16,5209089,848689270,152.521128,154.867607,152.051833,152.990424,0.469296,4141
2024-10-17,4039800,665029823,152.990424,155.806199,152.990424,154.398311,1.407887,3021
2024-10-18,4352872,712645841,154.867607,155.336903,152.521128,152.990424,-1.407887,4050
2024-10-21,4048990,666424761,153.929016,155.336903,153.45972,154.867607,1.877183,3114
2024-10-22,5781808,936293567,154.867607,154.867607,150.643945,152.051833,-2.815774,5323
2024-10-23,9081957,1505025077,152.051833,157.683382,152.051833,154.867607,2.815774,6454
2024-10-24,7529185,1215620731,155.336903,155.336903,149.705354,150.174649,-4.692958,7962
2024-10-25,2455249,394882627,151.113241,152.051833,150.174649,150.643945,0.469296,2814
2024-10-28,3668097,585609553,152.051833,152.990424,148.297466,149.705354,-0.938591,4497
2024-10-29,3737597,585457471,148.766762,149.236058,145.950987,146.889579,-2.815775,4906
2024-10-30,2802517,444467981,147.828171,150.174649,147.358875,149.705354,2.815775,2687
2024-11-01,2069948,328611628,146.889579,150.643945,145.950987,150.643945,0.938591,2549
2024-11-04,1804713,288073145,150.643945,151.113241,148.766762,150.643945,0.0,1880
2024-11-05,5208046,852554195,150.174649,154.867607,150.174649,154.867607,4.223662,4785
2024-11-06,2290997,375059937,153.45972,155.336903,152.990424,153.929016,-0.938591,2822
2024-11-07,11752593,1976327021,155.806199,160.499157,154.398311,159.091269,5.162253,10194
2024-11-08,5893517,994539925,160.029861,160.968452,156.74479,156.74479,-2.346479,12496
2024-11-11,6215066,1054228089,157.214086,160.499157,156.275495,160.029861,3.285071,5759
2024-11-12,4123901,693448743,158.621973,160.029861,156.74479,156.74479,-3.285071,4889
2024-11-13,7068328,1163011116,157.683382,158.152678,152.990424,152.990424,-3.754366,7036
2024-11-14,5848774,946764246,152.990424,155.806199,149.236058,150.643945,-2.346479,5839
2024-11-15,3826777,618478092,151.113241,154.398311,149.236058,150.643945,0.0,3587
2024-11-18,5164131,809654504,150.643945,150.643945,145.950987,145.950987,-4.692958,6034
2024-11-19,2628272,416094337,146.889579,149.705354,146.889579,149.705354,3.754367,2544
2024-11-20,3358429,528582341,149.705354,150.174649,146.420283,146.889579,-2.815775,3894
2024-11-21,3006296,476128439,147.358875,150.174649,146.889579,149.236058,2.346479,2636
2024-11-22,2495966,402275496,152.521128,152.521128,149.705354,151.582537,2.346479,2410
2024-11-25,4996665,821765952,152.521128,155.806199,152.521128,155.336903,3.754366,4524
2024-11-26,2173706,356295087,154.398311,154.867607,152.990424,153.929016,-1.407887,5523
2024-11-27,2701725,436881605,154.398311,154.867607,150.174649,151.113241,-2.815775,8209
2024-11-28,5781640,902816208,150.643945,150.643945,143.604509,147.828171,-3.28507,6337
2024-11-29,2221663,348779603,146.420283,148.766762,145.012396,148.297466,0.469295,2620
2024-12-02,2382165,376796214,148.766762,150.174649,146.889579,147.828171,-0.469295,2487
2024-12-03,3594466,577562404,148.766762,152.990424,148.766762,150.643945,2.815774,3057
2024-12-04,3846971,608356310,150.643945,151.113241,147.358875,147.828171,-2.815774,6502
2024-12-05,4741639,744187680,148.766762,149.705354,145.950987,145.950987,-1.877184,4783
2024-12-06,10415599,1685863621,147.358875,154.398311,147.358875,151.582537,5.63155,8922
2024-12-09,3853716,613887087,149.705354,150.643945,147.828171,149.705354,-1.877183,5472
2024-12-10,3009102,479238423,150.174649,152.521128,147.828171,148.297466,-1.407888,3095
2024-12-11,2788560,438454827,147.828171,149.236058,146.420283,147.358875,-0.938591,4506
2024-12-12,2210338,347188607,148.297466,149.236058,146.420283,146.420283,-0.938592,2594
2024-12-13,5102519,783882254,146.420283,146.889579,143.135213,143.604509,-2.815774,5884
2024-12-16,5401412,815426090,144.073804,144.5431,139.850142,140.788734,-2.815775,6025
2024-12-17,2432244,366790745,141.727325,143.604509,140.788734,140.788734,0.0,2686
2024-12-18,3105255,469822723,142.196621,143.135213,139.850142,142.665917,1.877183,2577
2024-12-19,2475972,371026004,140.788734,141.727325,139.850142,140.319438,-2.346479,3257
2024-12-20,2612783,393404056,140.788734,143.135213,139.850142,140.319438,0.0,2771
2024-12-23,2732212,418562198,141.727325,145.012396,141.727325,143.135213,2.815775,3805
2024-12-24,1179154,180619374,144.5431,144.5431,143.135213,143.135213,0.0,1574
2024-12-25,1520975,233951170,144.073804,145.950987,143.135213,143.604509,0.469296,1551
2024-12-26,914820,140637672,144.5431,145.012396,143.604509,144.5431,0.938591,1193
2024-12-27,1814810,277303366,144.5431,145.481692,142.665917,142.665917,-1.877183,1976
2024-12-30,2688343,413693685,142.665917,146.420283,142.196621,143.135213,0.469296,2475
2024-12-31,1873243,286833065,142.196621,145.012396,141.727325,144.5431,1.407887,2196
2025-01-02,6747077,1062965796,145.481692,151.113241,144.5431,146.889579,2.346479,5816
2025-01-03,3268355,515576810,148.297466,149.705354,146.420283,147.828171,0.938592,3128
2025-01-06,2892730,455329520,148.766762,148.766762,146.420283,148.297466,0.469295,3115
2025-01-07,3197540,508287185,149.236058,150.174649,147.828171,149.236058,0.938592,2986
2025-01-08,5402858,869635616,150.174649,152.990424,149.705354,149.705354,0.469296,4802
2025-01-09,3061982,482609558,150.174649,150.643945,145.950987,145.950987,-3.754367,6061
2025-01-10,3897393,606627879,147.358875,149.236058,144.5431,145.481692,-0.469295,3341
2025-01-13,3356548,510586487,145.481692,145.950987,140.319438,143.135213,-2.346479,3719
2025-01-14,1984622,303684151,143.604509,145.950987,142.196621,143.135213,0.0,2022
2025-01-15,6310506,939090573,144.073804,144.073804,137.972959,138.442255,-4.692958,7649
2025-01-16,4079798,603445592,140.319438,140.319438,137.503663,138.442255,0.0,3559
2025-01-17,3818998,555777374,138.911551,138.911551,135.62648,136.565072,-1.877183,4325
2025-01-20,2489483,365030703,136.565072,138.911551,136.095776,137.972959,1.407887,2303
2025-01-21,2970144,445621959,137.972959,142.665917,137.503663,142.665917,4.692958,3153
2025-01-22,4953674,763416780,143.135213,145.950987,142.665917,145.481692,2.815775,4684
2025-02-03,3578627,541739965,142.196621,143.604509,139.850142,143.604509,-1.877183,5107
2025-02-04,1837124,277553836,143.604509,144.073804,140.788734,140.788734,-2.815775,2357
2025-02-05,1516267,229952881,142.665917,143.604509,141.727325,141.727325,0.938591,1727
2025-02-06,2315538,354174509,142.665917,144.5431,142.196621,144.5431,2.815775,2533
2025-02-07,1293785,197260317,144.5431,144.5431,142.665917,142.665917,-1.877183,1667
2025-02-10,1914589,287089073,141.25803,141.727325,139.850142,140.319438,-2.346479,2383
2025-02-11,4924693,732502961,140.788734,142.196621,138.911551,138.911551,-1.407887,5813
2025-02-12,3236867,477367921,139.380847,139.380847,137.503663,137.503663,-1.407888,4038
2025-02-13,3815369,568867078,138.911551,141.727325,137.503663,139.850142,2.346479,3625
2025-02-14,2773432,412735226,140.319438,141.25803,138.442255,138.911551,-0.938591,2615
2025-02-17,1491977,222981319,140.319438,141.25803,139.850142,140.319438,1.407887,1812
2025-02-18,1512216,226471890,140.319438,141.25803,139.850142,140.788734,0.469296,1716
2025-02-19,4130108,623960058,141.25803,143.135213,140.319438,141.25803,0.469296,4004
2025-02-20,34786690,5546765157,142.196621,154.398311,141.727325,152.521128,11.263098,30869
2025-02-21,65255412,10856376423,152.521128,161.437748,150.643945,150.643945,-1.877183,54882
2025-02-24,18109458,2910208712,150.174649,153.45972,148.766762,148.766762,-1.877183,20651
2025-02-25,10513471,1630614397,147.358875,147.828171,144.5431,144.5431,-4.223662,10171
2025-02-26,6246276,962155548,145.012396,146.420283,143.604509,145.012396,0.469296,5741
2025-02-27,7175166,1101389919,145.481692,146.889579,142.196621,142.665917,-2.346479,7700
2025-03-03,4979611,746250097,141.25803,142.665917,139.850142,139.850142,-2.815775,5690
2025-03-04,5883553,864230100,137.972959,139.380847,136.095776,138.911551,-0.938591,6323
2025-03-05,5991607,896494465,139.380847,142.196621,138.442255,140.788734,1.877183,5251
2025-03-06,6027078,896511598,141.25803,142.196621,138.442255,138.911551,-1.877183,6625
2025-03-07,5176937,761509400,138.442255,140.319438,137.034368,137.034368,-1.877183,6592
2025-03-10,4331690,634950843,137.972959,139.380847,136.565072,136.565072,-0.469296,5047
2025-03-11,6052102,860979430,133.749297,135.157185,131.402818,135.157185,-1.407887,7164
2025-03-12,2526965,367449773,135.62648,137.503663,134.687889,137.034368,1.877183,3048
2025-03-13,3244579,470466265,137.972959,138.442255,134.218593,134.687889,-2.346479,4220
2025-03-14,3726465,537674156,135.157185,137.034368,133.280001,136.565072,1.877183,3518
2025-03-17,1923003,280158461,137.503663,137.972959,136.095776,136.095776,-0.469296,3308
2025-03-18,1489073,216507366,137.034368,137.503663,136.095776,136.095776,0.0,2301
2025-03-19,2201304,318342008,136.565072,137.503663,134.218593,134.218593,-1.877183,3712
2025-03-20,1774310,258960969,135.62648,137.503663,135.62648,137.503663,3.28507,3334
2025-03-21,2719316,398421450,137.503663,138.911551,136.565072,137.034368,-0.469295,3440
2025-03-24,3810218,565881428,138.911551,140.788734,137.503663,138.911551,1.877183,4531
2025-03-25,2946745,436023124,140.788734,140.788734,137.503663,137.972959,-0.938592,3297
2025-03-26,6970214,1048546270,139.380847,142.665917,138.911551,141.25803,3.285071,6039
2025-03-27,4510994,676119981,140.319438,141.727325,139.380847,141.25803,0.0,4714
2025-03-28,7915258,1163191938,140.319438,141.25803,135.157185,136.565072,-4.692958,8047
2025-03-31,14091877,1891812124,130.933522,131.872114,122.955494,122.955494,-13.609578,14107
2025-04-01,6314675,826292995,122.955494,124.363382,120.13972,124.363382,1.407888,5908
2025-04-02,10034984,1364589375,123.894086,129.994931,123.894086,127.179156,2.815774,7766
2025-04-07,1915228,233657816,114.50817,114.50817,114.50817,114.50817,-12.670986,1970
2025-04-08,15760457,1760227624,103.245071,108.876621,103.245071,105.59155,-8.91662,12104
2025-04-09,19485530,2142120813,104.652959,108.876621,97.613522,99.960001,-5.631549,14407
2025-04-10,1426353,166883301,109.815212,109.815212,109.815212,109.815212,9.855211,1025
2025-04-11,17401869,2089112987,109.815212,117.793241,107.468734,117.793241,7.978029,11370
2025-04-14,9510931,1205768694,119.670424,121.547607,116.854649,118.262536,0.469295,7396
2025-04-15,7255596,934786009,118.731832,122.486198,118.262536,121.078311,2.815775,5533
2025-04-16,4111574,525852007,119.670424,122.486198,118.262536,118.262536,-2.815775,5925
2025-04-17,4049828,505475896,118.262536,118.731832,114.977466,117.793241,-0.469295,5085
2025-04-18,2349317,296404923,118.731832,119.670424,117.323945,118.262536,0.469295,1855
2025-04-21,3312887,407193230,117.793241,119.201128,113.569579,114.50817,-3.754366,4620
2025-04-22,3752498,454363551,112.161691,115.446762,111.692396,113.100283,-1.407887,2548
2025-04-23,4077315,504359542,115.916058,117.323945,114.977466,115.446762,2.346479,2779
2025-04-24,2016585,249025312,116.385353,117.323945,114.977466,116.385353,0.938591,1627
2025-04-25,5452336,675448032,116.854649,117.793241,114.977466,115.446762,-0.938591,4417
2025-04-28,3593824,447497927,115.916058,117.793241,115.446762,117.793241,2.346479,2325
2025-04-29,3806752,484435987,118.262536,120.609015,116.854649,120.13972,2.346479,3084
2025-04-30,3332079,425862846,120.609015,122.016903,118.731832,119.201128,-0.938592,2918
2025-05-02,24073810,3263617807,121.078311,130.464227,120.13972,127.179156,7.978028,18240
2025-05-05,37798025,5298487466,128.587044,136.095776,128.587044,129.525635,2.346479,26542
2025-05-06,7508073,1030853240,128.587044,130.464227,126.240565,129.994931,0.469296,5639
2025-05-07,4227895,579718588,129.994931,129.994931,127.179156,129.056339,-0.938592,3538
2025-05-08,3715575,517632630,130.464227,132.34141,129.525635,129.994931,0.938592,3286
2025-05-09,6990374,957711262,128.587044,130.464227,127.648452,128.117748,-1.877183,6499
2025-05-12,6772474,933163431,128.587044,130.464227,128.587044,129.056339,0.938591,4147
2025-05-13,6551255,908800036,130.464227,131.402818,129.056339,131.402818,2.346479,4664
2025-05-14,5814138,826100053,133.280001,134.687889,131.872114,133.749297,2.346479,6013
2025-05-15,4441576,635738823,133.749297,135.62648,132.34141,135.157185,1.407888,4460
2025-05-16,36966079,5608195222,137.034368,146.889579,137.034368,141.727325,6.57014,28126
2025-05-19,22973315,3508705205,143.135213,145.012396,140.788734,142.196621,0.469296,19187
2025-05-20,8103343,1220358073,143.604509,144.073804,138.911551,140.319438,-1.877183,10750
2025-05-21,4014258,603067339,140.788734,142.196621,139.380847,142.196621,1.877183,5505
2025-05-22,18797559,2892859534,143.135213,146.889579,141.727325,142.196621,0.0,14930
2025-05-23,5895688,898985973,143.135213,144.073804,142.196621,144.073804,1.877183,5642
2025-05-26,4236186,645388966,144.5431,145.012396,141.727325,143.135213,-0.938591,4834
2025-05-27,7742526,1171456015,144.073804,144.5431,139.850142,141.727325,-1.407888,6351
2025-05-28,5733731,872855224,142.665917,144.5431,141.727325,142.665917,0.938592,4424
2025-05-29,3225012,489410654,144.073804,144.073804,141.25803,142.196621,-0.469296,3235
2025-06-02,3074027,465691165,142.196621,143.604509,141.25803,141.727325,-0.469296,3014
2025-06-03,3885257,593714565,142.196621,144.5431,142.196621,143.604509,1.877184,3372
2025-06-04,8138409,1261313595,145.012396,146.420283,144.073804,145.950987,2.346478,6628
2025-06-05,12651539,1990243145,148.297466,151.582537,145.012396,145.012396,-0.938591,10020
2025-06-06,11063342,1748869954,147.358875,149.236058,146.420283,149.236058,4.223662,9219
2025-06-09,8282787,1317732278,151.113241,151.582537,147.828171,147.828171,-1.407887,9861
2025-06-10,3847672,610259947,148.297466,150.174649,147.358875,149.236058,1.407887,4584
2025-06-11,8247961,1321607026,149.705354,152.051833,149.236058,149.236058,0.0,7440
2025-06-12,4638149,741790207,149.705354,151.113241,148.766762,150.174649,0.938591,4201
2025-06-13,5560628,890180432,149.705354,151.113241,148.766762,150.643945,0.469296,5085
2025-06-16,9411590,1526330322,150.174649,153.929016,149.705354,152.051833,1.407888,14755
2025-06-17,8072745,1316721118,153.45972,154.398311,151.582537,153.929016,1.877183,7748
2025-06-18,17404717,2895024202,153.929016,158.621973,153.929016,154.867607,0.938591,22218
2025-06-19,8678825,1412141143,155.806199,155.806199,151.113241,151.582537,-3.28507,9947
2025-06-20,7197666,1164517767,152.990424,153.45972,150.174649,151.582537,0.0,5216
2025-06-23,4394139,709811039,150.174649,152.990424,149.236058,152.521128,0.938591,4016
2025-06-24,7782241,1284083779,154.398311,155.806199,153.45972,155.806199,3.285071,8624
2025-06-25,4340640,721206234,157.214086,157.683382,154.867607,154.867607,-0.938592,6700
2025-06-26,5551399,924334087,156.275495,157.683382,154.867607,155.336903,0.469296,4948
2025-06-27,5121519,849111864,156.74479,157.214086,154.398311,155.806199,0.469296,6390
2025-06-30,5926598,967975811,156.74479,157.214086,152.051833,152.051833,-3.754366,5415
2025-07-01,3703276,606599965,153.45972,154.867607,152.990424,153.45972,1.407887,2932
2025-07-02,2900972,473480021,153.45972,154.398311,152.521128,152.990424,-0.469296,2530
2025-07-03,4393515,726385797,154.398311,155.806199,153.929016,155.336903,2.346479,3876
2025-07-04,6680507,1082825012,155.336903,155.806199,150.643945,151.582537,-3.754366,7753
2025-07-07,3438821,549294404,151.582537,151.582537,148.297466,150.174649,-1.407888,3288
2025-07-08,3738116,593545470,149.236058,150.643945,147.358875,150.643945,0.469296,3545
2025-07-09,2230323,359338774,149.705354,152.051833,149.705354,152.051833,1.407888,2200
2025-07-10,4642971,757202224,153.45972,154.398311,152.051833,152.521128,0.469295,3929
2025-07-11,7372528,1217164206,153.45972,156.275495,152.521128,154.867607,2.346479,6098
2025-07-14,12144103,2020169574,155.806199,157.683382,153.929016,155.806199,0.938592,14674
2025-07-15,4289388,712843055,156.275495,157.214086,155.336903,155.806199,0.0,4575
2025-07-16,7058463,1170901539,157.683382,158.152678,153.929016,153.929016,-1.877183,6499
2025-07-17,1815527,298752541,154.398311,155.806199,153.929016,154.398311,0.469295,1976
2025-07-18,2233710,367434583,155.336903,155.336903,153.45972,154.398311,0.0,2497
2025-07-21,2836123,461945946,154.867607,154.867607,152.051833,152.051833,-2.346478,4025
2025-07-22,4454741,714135327,152.521128,152.990424,148.766762,148.766762,-3.285071,5578
2025-07-23,5088443,828010938,150.174649,153.929016,150.174649,153.45972,4.692958,7124
2025-07-24,2118002,345922741,153.929016,154.398311,152.521128,153.45972,0.0,2509
2025-07-25,3514358,578303074,153.929016,155.336903,152.990424,154.867607,1.407887,3240
2025-07-28,2526147,417221680,154.398311,156.275495,153.929016,154.398311,-0.469296,2504
2025-07-29,7360111,1223013733,154.867607,157.214086,154.398311,154.867607,0.469296,6246
2025-07-30,2971976,489480895,155.336903,155.806199,153.45972,154.867607,0.0,5507
2025-07-31,3334808,552652838,155.336903,156.74479,154.867607,154.867607,0.0,3231
2025-08-01,3420113,566733208,153.45972,156.74479,152.521128,156.275495,1.407888,3609
2025-08-04,2718191,450919175,155.336903,156.74479,153.929016,156.275495,0.0,3717
2025-08-05,11429893,1932358840,156.74479,160.968452,155.806199,158.621973,2.346478,13658
2025-08-06,11958172,2052755498,159.560565,163.784227,159.091269,159.560565,0.938592,12937
2025-08-07,5613353,947406912,160.029861,160.968452,157.214086,158.152678,-1.407887,6597
2025-08-08,4803376,800086790,158.621973,159.091269,155.336903,155.806199,-2.346479,4385
2025-08-11,5106320,858860733,157.683382,160.499157,155.806199,156.275495,0.469296,4371
2025-08-12,4178709,687013643,157.214086,157.214086,152.990424,153.929016,-2.346479,6271
2025-08-13,3801821,626383180,155.336903,156.275495,152.990424,153.45972,-0.469296,4013
2025-08-14,3140018,513423910,154.398311,154.867607,152.051833,153.929016,0.469296,3390
2025-08-15,2747171,453276979,154.867607,155.806199,153.45972,155.336903,1.407887,3070
2025-08-18,4649751,776330890,154.867607,158.152678,154.398311,157.214086,1.877183,4374
2025-08-19,9093388,1541869106,158.621973,161.907044,156.74479,156.74479,-0.469296,8155
2025-08-20,7699659,1274595953,157.683382,157.683382,152.051833,156.275495,-0.469295,7014
2025-08-21,3580404,591427339,155.336903,156.74479,153.929016,153.929016,-2.346479,4425
2025-08-22,2731492,450830730,154.867607,156.275495,153.45972,153.929016,0.0,2597
2025-08-25,3205610,533005401,155.806199,156.74479,154.398311,156.74479,2.815774,3446
2025-08-26,2878801,480516852,156.275495,157.214086,155.336903,157.214086,0.469296,2596
2025-08-27,5530159,929026475,157.683382,158.621973,156.74479,157.683382,0.469296,4673
2025-08-28,5010297,832546479,160.19242,161.639942,158.744898,161.157434,3.474052,4319
2025-08-29,13104033,2226353500,162.122449,165.982507,160.674927,165.5,4.342566,14124
2025-09-01,11690959,1969937687,167.430029,168.395044,158.744898,159.227405,-6.272595,13489
2025-09-02,8077581,1307606819,160.19242,160.674927,152.95481,156.332362,-2.895043,9617
2025-09-03,3980451,647213823,156.332362,159.227405,154.88484,159.227405,2.895043,3750
2025-09-04,6693797,1116336377,159.227405,162.604956,158.744898,160.674927,1.447522,5955
2025-09-05,11599009,1948187535,163.569971,166.465015,159.227405,159.709913,-0.965014,9292
2025-09-08,4537298,745971330,161.157434,161.157434,157.297376,158.262391,-1.447522,4535
2025-09-09,3955811,649623814,159.227405,160.19242,157.779883,157.779883,-0.482508,4037
2025-09-10,2675772,438579303,158.262391,158.744898,157.779883,158.262391,0.482508,3906
2025-09-11,4867958,792885494,159.227405,159.709913,155.849854,155.849854,-2.412537,5089
2025-09-12,3035742,496270105,156.814869,158.744898,156.814869,157.779883,1.930029,3011
2025-09-15,4898391,790923464,157.297376,157.779883,154.88484,155.849854,-1.930029,5020
2025-09-16,2664228,428856730,156.814869,156.814869,154.402332,155.849854,0.0,3248
2025-09-17,4009594,642579190,156.332362,156.332362,153.919825,153.919825,-1.930029,4510
2025-09-18,2465685,394788254,154.402332,155.367347,153.919825,154.402332,0.482507,2878
2025-09-19,3491241,556202107,154.88484,154.88484,152.95481,153.437318,-0.965014,3843
2025-09-22,3445761,554743251,155.849854,157.297376,154.402332,154.402332,0.965014,3384
2025-09-23,3110608,496397692,155.367347,155.849854,153.437318,153.437318,-0.965014,3488
2025-09-24,4325248,693467608,154.402332,156.332362,153.437318,153.919825,0.482507,4259
2025-09-25,3057952,486449945,154.88484,155.367347,152.472303,152.472303,-1.447522,3888
2025-09-26,6475323,1003021485,152.472303,152.95481,148.129738,148.129738,-4.342565,8283
2025-09-30,2530823,392172730,148.612245,151.024781,147.64723,150.059767,1.930029,2692
2025-10-01,2207420,343391752,150.542274,151.024781,148.612245,150.059767,0.0,2307
2025-10-02,2448658,378329048,150.542274,151.024781,148.129738,148.129738,-1.930029,3527
2025-10-03,1711753,265223868,148.129738,150.059767,147.64723,149.577259,1.447521,1944
2025-10-07,4777430,754789528,151.024781,153.919825,149.577259,153.437318,3.860059,4130
2025-10-08,1740928,276100424,152.95481,153.919825,151.507289,153.919825,0.482507,2016
2025-10-09,5180325,813943051,154.402332,155.367347,149.577259,149.577259,-4.342566,5676
2025-10-13,3958462,604894903,145.234694,150.059767,142.822157,150.059767,0.482508,4485
2025-10-14,3950786,620874295,151.024781,153.919825,149.094752,149.577259,-0.482508,3964
2025-10-15,2824948,439425836,149.577259,151.024781,148.612245,151.024781,1.447522,2361
2025-10-16,2761895,437335264,152.472303,153.919825,151.024781,152.95481,1.930029,2819
2025-10-17,1616034,255176758,152.472303,153.919825,151.507289,151.507289,-1.447521,1615
2025-10-20,3103596,481103735,152.95481,153.437318,148.612245,148.612245,-2.895044,4813
2025-10-21,2718125,419343485,149.094752,149.577259,148.129738,148.612245,0.0,2535
2025-10-22,2344244,360261210,148.612245,149.094752,147.64723,148.129738,-0.482507,2167
2025-10-23,4275846,646575109,148.129738,148.129738,144.752187,146.199708,-1.93003,4157
2025-10-27,5031115,763296969,147.64723,149.094752,145.234694,146.682216,0.482508,4219
2025-10-28,6792141,1016620462,147.64723,148.612245,142.822157,144.269679,-2.412537,6757
2025-10-29,5022691,747242450,144.269679,145.234694,142.822157,142.822157,-1.447522,5199
2025-10-30,6037955,909992670,144.269679,146.682216,142.822157,145.717201,2.895044,4390
2025-10-31,25483141,3963581293,146.199708,152.472303,145.234694,147.64723,1.930029,19143
2025-11-03,18590531,2944342962,150.542274,155.367347,148.612245,151.989796,4.342566,16295
2025-11-04,7223824,1119869279,152.95481,153.919825,147.64723,147.64723,-4.342566,7654
2025-11-05,4341005,655168930,146.199708,147.164723,143.787172,146.199708,-1.447522,4267
2025-11-06,1965089,297302334,147.64723,147.64723,145.234694,145.717201,-0.482507,2290
2025-11-07,8370492,1225922732,144.269679,144.269679,139.927114,139.927114,-5.790087,9792
2025-11-10,3070616,442575462,140.409621,140.892128,137.514577,139.444606,-0.482508,3592
2025-11-11,2512711,364437663,139.927114,141.374636,138.962099,138.962099,-0.482507,2779
2025-11-12,1860978,268091416,139.444606,140.409621,138.479592,138.479592,-0.482507,2642
2025-11-13,6078235,904509762,140.892128,145.717201,140.892128,144.752187,6.272595,5345
2025-11-14,3309681,487128524,142.822157,144.269679,140.892128,140.892128,-3.860059,4605
2025-11-17,1974820,287509035,141.374636,142.33965,138.962099,139.927114,-0.965014,2162
2025-11-18,6020892,882422383,141.374636,143.304665,138.962099,141.857143,1.930029,4534
2025-11-19,11415005,1695543861,144.269679,145.717201,139.927114,144.752187,2.895044,8678
2025-11-20,13237048,2010867712,148.129738,150.059767,144.269679,145.717201,0.965014,9352
2025-11-21,8583883,1286525950,143.304665,146.199708,142.822157,146.199708,0.482507,8818
2025-11-24,6554800,984361332,144.752187,146.199708,143.787172,146.199708,0.0,5177
2025-11-25,4766972,710824368,146.199708,146.682216,142.822157,143.787172,-2.412536,4206
2025-11-26,3122033,467298154,144.269679,145.234694,143.304665,144.752187,0.965015,2652
2025-11-27,4797088,727763162,145.234694,148.129738,144.752187,145.234694,0.482507,4030
2025-11-28,1948281,292436392,146.199708,146.682216,144.269679,144.269679,-0.965015,1912
2025-12-01,2220256,328620253,144.269679,144.752187,141.857143,141.857143,-2.412536,2659
2025-12-02,1498228,221181324,142.33965,143.787172,141.857143,141.857143,0.0,1694
2025-12-03,1834207,270588681,143.304665,143.304665,141.374636,142.33965,0.482507,1534
2025-12-04,1241475,184157153,143.304665,144.269679,142.33965,142.33965,0.0,1434
2025-12-05,1097002,161886006,142.822157,143.304665,141.857143,142.33965,0.0,1256
2025-12-08,1259340,187222401,142.822157,144.752187,142.822157,143.304665,0.965015,1367
2025-12-09,2571189,385140750,144.269679,145.234694,143.304665,144.752187,1.447522,2311
2025-12-10,4080292,619479814,145.234694,148.129738,144.752187,145.234694,0.482507,3817
2025-12-11,2170220,325330100,146.682216,146.682216,143.304665,144.269679,-0.965015,2343
2025-12-12,4404703,670751889,145.234694,148.129738,144.752187,147.164723,2.895044,3839
2025-12-15,7641189,1156937064,146.199708,148.612245,143.304665,143.304665,-3.860058,6995
2025-12-16,3643611,534862759,143.304665,144.752187,139.444606,141.374636,-1.930029,3971
2025-12-17,2473235,363421780,142.33965,142.822157,140.892128,141.374636,0.0,2070
2025-12-18,1903651,276616181,141.374636,141.374636,139.444606,139.444606,-1.93003,2340
2025-12-19,4282345,638861279,140.892128,145.717201,139.927114,145.717201,6.272595,2913
2025-12-22,2833986,430219252,146.682216,147.64723,145.234694,146.682216,0.965015,2651
2025-12-23,1195318,180310131,146.682216,146.682216,144.752187,145.717201,-0.965015,1563
2025-12-24,1183128,177923995,146.199708,146.199708,144.269679,144.269679,-1.447522,1382
2025-12-26,1094278,164549718,145.234694,145.717201,144.269679,145.234694,0.965015,1102
2025-12-29,1351902,203791444,146.199708,146.199708,144.752187,145.234694,0.0,1466
2025-12-30,1155133,173769248,144.269679,146.199708,143.787172,145.717201,0.482507,1293
2025-12-31,1555928,233319324,145.717201,145.717201,144.269679,144.269679,-1.447522,1790
2026-01-02,2120193,315479879,144.752187,145.234694,142.822157,143.304665,-0.965014,3640
2026-01-05,2329925,342665330,143.304665,143.304665,140.892128,141.857143,-1.447522,3133
2026-01-06,1819268,268222204,142.33965,143.787172,141.374636,141.857143,0.0,2137
2026-01-07,3031840,442765277,141.857143,142.33965,139.927114,140.892128,-0.965015,3403
2026-01-08,2790068,404688912,140.892128,141.374636,139.444606,139.927114,-0.965014,4008
2026-01-09,2656088,388973787,141.374636,142.822157,139.927114,141.374636,1.447522,2674
2026-01-12,3366868,492663317,142.33965,142.822157,139.927114,140.892128,-0.482508,3581
2026-01-13,4227710,624956687,142.33965,144.752187,140.892128,141.857143,0.965015,3686
2026-01-14,27327297,4253074871,143.304665,152.95481,143.304665,151.507289,9.650146,22847
2026-01-15,11638682,1773857612,150.542274,150.542274,145.234694,145.717201,-5.790088,10970
2026-01-16,22229161,3492815900,149.094752,154.402332,147.164723,154.402332,8.685131,18265
2026-01-19,25154488,4069054737,154.88484,160.19242,151.024781,154.88484,0.482508,20269
2026-01-20,46776115,7992467217,154.88484,170.325073,152.472303,170.325073,15.440233,36231
2026-01-21,91704259,16506384082,170.80758,180.940233,168.877551,171.290087,0.965014,68411
2026-01-22,53759069,9896814284,175.632653,182.387755,171.772595,177.562682,6.272595,57361
2026-01-23,24170494,4423354792,179.010204,181.905248,172.737609,177.562682,0.0,38417
2026-01-26,13620345,2474718304,176.597668,179.975219,172.737609,174.667638,-2.895044,22320
2026-01-27,11026429,1962195359,175.632653,175.632653,169.842566,170.80758,-3.860058,16419
2026-01-28,27637028,5015069884,170.80758,180.940233,167.430029,179.010204,8.202624,27818
2026-01-29,14724088,2656425933,179.010204,179.975219,171.290087,171.772595,-7.237609,13211
2026-01-30,14177195,2429857320,170.80758,173.220117,162.604956,162.604956,-9.167639,14198
2026-02-02,8637453,1413316343,159.709913,161.157434,155.367347,157.779883,-4.825073,9302
2026-02-03,7702888,1290826447,161.639942,164.534985,158.744898,163.087464,5.307581,8645
2026-02-04,5950273,1011607733,161.157434,166.465015,160.674927,164.534985,1.447521,6395
2026-02-05,5810707,963848465,162.122449,164.534985,157.779883,158.744898,-5.790087,8368
2026-02-06,7105522,1131451410,157.297376,157.779883,151.507289,152.95481,-5.790088,7089
2026-02-09,5442337,878346050,156.814869,157.779883,153.919825,157.297376,4.342566,4665
2026-02-10,5937909,976293871,157.779883,161.157434,157.297376,157.297376,0.0,5305
2026-02-11,4158414,680729004,158.262391,159.227405,156.332362,157.779883,0.482507,4109
2026-02-23,7716222,1300628892,159.227405,165.982507,159.227405,162.122449,4.342566,6943
2026-02-24,5149599,866569850,163.569971,164.052478,160.674927,162.122449,0.0,5307
2026-02-25,12302087,2107693990,163.087464,167.430029,162.604956,164.534985,2.412536,10234
2026-02-26,16103208,2814642939,165.5,171.772595,162.122449,169.360058,4.825073,13118
2026-03-02,8394927,1443967798,165.017493,168.877551,164.052478,165.5,-3.860058,10628
2026-03-03,8129299,1365080757,165.982507,167.430029,159.227405,159.709913,-5.790087,9879
2026-03-04,8639704,1361382116,155.849854,157.297376,149.577259,149.577259,-10.132654,11633
2026-03-05,4352860,693143695,154.402332,155.849854,151.024781,154.402332,4.825073,4878
2026-03-06,4891399,788137242,153.437318,158.262391,151.507289,154.402332,0.0,5073
2026-03-09,6403461,963160599,146.682216,147.64723,142.822157,146.199708,-8.202624,8249
2026-03-10,5195195,790199600,149.094752,149.094752,144.269679,145.717201,-0.482507,5744
2026-03-11,4252126,661613959,147.64723,152.472303,147.64723,151.024781,5.30758,5301
2026-03-12,3416910,537430558,150.542274,153.919825,149.577259,151.989796,0.965015,4278
2026-03-13,2484363,390650308,149.094752,152.95481,148.612245,152.472303,0.482507,3128
2026-03-16,2399701,379263724,152.472303,153.919825,150.542274,152.95481,0.482507,3249
2026-03-17,3614898,586248491,154.88484,158.744898,154.402332,156.332362,3.377552,4365
2026-03-18,3494831,568630452,158.262391,158.744898,155.367347,156.332362,0.0,4272
2026-03-19,2438675,389391939,155.849854,155.849854,152.95481,153.919825,-2.412537,3889
2026-03-20,3217660,507336519,155.367347,155.367347,150.542274,151.989796,-1.930029,4651
2026-03-23,3779051,589745900,149.577259,154.88484,147.164723,148.612245,-3.377551,6526
2026-03-24,2167293,337707580,151.989796,152.472303,147.64723,151.024781,2.412536,4407
2026-03-25,2184908,347079077,152.95481,154.88484,151.989796,152.95481,1.930029,4009
2026-03-26,4522290,702411586,150.059767,152.472303,148.129738,148.129738,-4.825072,5736
2026-03-27,4086106,615922670,146.682216,146.682216,144.269679,146.682216,-1.447522,5150
2026-03-30,2961521,440652775,143.787172,144.269679,142.822157,143.787172,-2.895044,4047
2026-03-31,8045101,1166162533,142.822157,144.269679,137.514577,137.997085,-5.790087,9521
2026-04-01,5931123,863736139,141.374636,143.304665,138.479592,139.927114,1.930029,4702
2026-04-02,2855384,413978290,141.857143,142.822157,138.479592,138.962099,-0.965015,3815
2026-04-07,1979313,286270418,140.409621,140.409621,138.479592,139.444606,0.482507,2428
2026-04-08,3546269,526512502,141.857143,144.269679,141.857143,142.822157,3.377551,3635
2026-04-09,2238223,333390907,144.269679,144.752187,142.33965,144.752187,1.93003,2569
2026-04-10,2021743,303715002,145.234694,145.717201,144.269679,145.234694,0.482507,2367
2026-04-13,2881627,431788917,145.234694,146.682216,142.33965,146.199708,0.965014,3348
2026-04-14,3172746,479529266,147.64723,147.64723,144.752187,146.199708,0.0,3884
2026-04-15,4360885,665247433,147.64723,149.577259,145.234694,145.234694,-0.965014,4687
2026-04-16,4730032,723950724,145.717201,149.577259,145.234694,149.577259,4.342565,4741
2026-04-17,5865727,902226168,150.542274,150.542274,146.682216,147.64723,-1.930029,5475
2026-04-20,7113011,1095593581,148.612245,151.024781,146.682216,148.129738,0.482508,6683
2026-04-21,4069083,630379004,149.094752,150.059767,148.612245,150.059767,1.930029,4273
2026-04-22,3925212,608974395,150.059767,150.542274,148.612245,150.059767,0.0,4118
2026-04-23,7888273,1206334390,151.989796,152.472303,143.787172,146.199708,-3.860059,8600
2026-04-24,5563468,837284596,147.64723,148.129738,143.787172,144.269679,-1.930029,5488
2026-04-27,5090723,764470586,146.682216,147.64723,143.787172,144.752187,0.482508,5315
2026-04-28,3546611,528846616,145.717201,145.717201,143.304665,143.787172,-0.965015,4375
2026-04-29,3861025,571118507,143.787172,143.787172,141.857143,143.304665,-0.482507,4631
2026-04-30,4297141,642731528,143.787172,146.199708,142.33965,143.304665,0.0,4129
2026-05-04,15341587,2390270369,145.234694,152.95481,145.234694,150.059767,6.755102,13338
2026-05-05,5441643,835884232,150.542274,150.542274,147.164723,148.612245,-1.447522,5629
2026-05-06,10727471,1673257092,151.507289,152.472303,148.612245,150.059767,1.447522,10023
2026-05-07,5840853,916729406,151.507289,152.472303,150.059767,151.024781,0.965014,6439
2026-05-08,17757265,2828659053,151.507289,157.779883,151.507289,152.472303,1.447522,15494
2026-05-11,7010322,1109942951,153.919825,153.919825,150.542274,152.95481,0.482507,7582
2026-05-12,4903477,770779189,153.919825,153.919825,150.542274,151.507289,-1.447521,6289
2026-05-13,4179311,649650921,151.507289,151.507289,149.094752,150.059767,-1.447522,4601
2026-05-14,4842134,746880382,151.024781,151.507289,147.64723,147.64723,-2.412537,6942
2026-05-15,6052430,917209675,148.612245,150.059767,144.752187,144.752187,-2.895043,7825
2026-05-18,3926981,581645888,143.787172,143.787172,141.374636,143.304665,-1.447522,5344
2026-05-19,4396655,660369426,143.787172,146.682216,143.787172,144.752187,1.447522,4007
2026-05-20,4375774,650414274,144.752187,145.234694,142.33965,143.304665,-1.447522,5419
2026-05-21,5712027,873597642,144.752187,149.094752,144.752187,149.094752,5.790087,5309
2026-05-22,6295032,982987275,149.577259,151.507289,148.129738,151.024781,1.930029,5905
2026-05-25,12479266,1977379340,152.472303,154.402332,150.059767,154.402332,3.377551,12082
2026-05-26,33962679,5685110916,160.19242,165.982507,158.262391,159.227405,4.825073,29077
2026-05-27,30847651,5250500479,162.604956,169.360058,160.674927,163.087464,3.860059,36353
2026-05-28,30884625,5273226600,164.052478,170.80758,159.227405,159.709913,-3.377551,28190
2026-05-29,12795546,2125967089,162.604956,163.569971,159.227405,160.674927,0.965014,19656
2026-06-01,9845209,1661828110,161.639942,165.017493,160.674927,162.604956,1.930029,10393
2026-06-02,8754578,1463945476,163.569971,164.052478,159.227405,162.122449,-0.482507,8937
2026-06-03,45937741,8245475892,165.017493,178.04519,163.087464,178.04519,15.922741,34839
2026-06-04,79393091,15383402249,183.35277,193.96793,179.975219,180.457726,2.412536,65330
2026-06-05,40328422,6996611623,180.457726,180.940233,163.087464,164.534985,-15.922741,35334
2026-06-08,18490201,3022322477,149.577259,163.569971,149.577259,163.569971,-0.965014,17743
2026-06-09,10947365,1853287677,165.017493,165.017493,161.157434,163.569971,0.0,10765
2026-06-10,9464167,1586784077,162.122449,165.5,158.744898,158.744898,-4.825073,10474
2026-06-11,6775296,1109772609,158.262391,161.157434,154.88484,158.262391,-0.482507,8045
2026-06-12,6604951,1112960228,163.569971,164.052478,161.157434,161.157434,2.895043,6409
2026-06-15,6263080,1068333058,164.052478,165.5,163.569971,164.052478,2.895044,6446
2026-06-16,3931089,665588595,165.5,165.5,162.122449,162.604956,-1.447522,4841
2026-06-17,10715307,1829994937,165.017493,166.465015,162.122449,165.982507,3.377551,9315
2026-06-18,17875474,3128902125,166.947522,170.325073,165.017493,170.325073,4.342566,15291
2026-06-22,17056003,3052578856,174.667638,174.667638,169.842566,174.667638,4.342565,14625
2026-06-23,18461060,3345261748,177.080175,178.04519,172.255102,175.632653,0.965015,17851
2026-06-24,21240039,3885450568,176.597668,178.527697,172.737609,178.527697,2.895044,17900
2026-06-25,13725218,2526467839,179.010204,179.010204,175.632653,178.527697,0.0,12397
2026-06-26,12764277,2282806735,177.080175,177.080175,169.360058,169.360058,-9.167639,14886
2026-06-29,6747459,1196040329,170.325073,174.185131,168.877551,169.360058,0.0,7202
2026-06-30,4855530,859793652,171.772595,171.772595,169.842566,170.80758,1.447522,5320
2026-07-01,4231022,753497525,172.737609,174.185131,170.325073,170.80758,0.0,6645
2026-07-02,3769313,667913748,170.80758,172.255102,170.325073,170.325073,-0.482507,4566
2026-07-03,2745352,486112699,170.325073,171.772595,169.360058,170.325073,0.0,3653
2026-07-06,7138128,1284633669,171.772595,175.632653,171.290087,172.255102,1.930029,6830
2026-07-07,5855032,1038623422,174.185131,174.667638,168.877551,168.877551,-3.377551,9245
2026-07-08,5678073,980581333,170.80758,170.80758,165.5,165.5,-3.377551,7284
2026-07-09,3187925,535274390,167.0,169.0,166.5,168.5,3.0,4396
2026-07-13,2378452,400113761,170.0,170.0,166.5,168.0,-0.5,3536
2026-07-14,4762366,774487566,168.0,168.0,159.0,164.0,-4.0,7065
2026-07-15,5291779,887781008,163.5,171.5,162.5,171.0,7.0,5884
2026-07-16,2792262,468758213,170.5,170.5,167.0,167.0,-4.0,3101
2026-07-17,5265751,849100244,165.0,166.0,158.5,158.5,-8.5,7389
2026-07-20,4311536,683019836,160.5,162.0,154.0,157.5,-1.0,4631
2026-07-21,3232666,524863061,160.0,164.0,160.0,162.5,5.0,2986
2026-07-22,3559066,587012821,164.5,167.0,162.5,162.5,0.0,3612
2026-07-23,3349556,539854834,164.5,164.5,160.0,160.0,-2.5,3562
2026-07-24,2724366,432173289,159.5,161.0,157.5,158.0,-2.0,3614
2026-07-27,2307700,361786064,159.0,159.0,155.5,158.5,0.5,2941
2026-07-28,4409680,676275522,155.0,156.0,152.0,152.5,-6.0,5610
2026-07-29,5755291,851755313,153.0,154.0,145.5,149.5,-3.0,7333
2026-07-30,2755943,408883951,147.5,151.5,146.0,147.0,-2.5,3575
2026-07-31,4378054,676440486,154.0,156.5,153.5,153.5,6.5,3750
2026-08-03,2536779,396139966,153.0,158.5,152.5,155.5,2.0,2806
2026-08-04,2773779,437771584,154.0,160.0,154.0,159.0,3.5,3321
2026-08-05,2416786,390898818,161.5,163.0,160.5,161.0,2.0,2988
2026-08-06,1746061,278952130,161.5,162.5,158.5,160.5,-0.5,2257
2026-08-07,1522629,242143010,160.5,161.5,157.0,157.5,-3.0,2217
2026-08-10,1539058,245891750,159.5,160.5,158.5,159.5,2.0,2178
