date,Trading_Volume,Trading_money,open,max,min,close,spread,Trading_turnover
2015-01-05,137382,22090120,76.391232,76.865712,75.679513,76.391232,0.948959,96
2015-01-06,47001,7483659,76.391232,76.391232,74.967793,75.442273,-0.948959,44
2015-01-07,52421,8344439,75.442273,75.916753,75.205033,75.205033,-0.23724,53
2015-01-08,60837,9738420,76.391232,76.391232,75.442273,76.153993,0.94896,52
2015-01-09,103314,16604396,76.153993,76.628472,75.916753,75.916753,-0.23724,94
2015-01-12,52807,8422712,76.391232,76.391232,75.442273,75.679513,-0.23724,61
2015-01-13,52214,8329954,75.916753,75.916753,75.442273,75.916753,0.23724,52
2015-01-14,38917,6202971,75.916753,75.916753,75.442273,75.442273,-0.47448,40
2015-01-15,56108,8897280,75.679513,75.679513,74.967793,74.967793,-0.47448,59
2015-01-16,135961,21420817,74.967793,75.205033,74.493314,74.493314,-0.474479,120
2015-01-19,39050,6138600,75.442273,75.442273,74.493314,74.493314,0.0,34
2015-01-20,24809,3923724,74.967793,75.205033,74.730554,75.205033,0.711719,38
2015-01-21,50239,7987001,75.442273,75.679513,75.205033,75.442273,0.23724,49
2015-01-22,54521,8703597,75.916753,75.916753,75.442273,75.679513,0.23724,50
2015-01-23,57522,9192998,76.153993,76.153993,75.442273,75.679513,0.0,66
2015-01-26,58320,9286880,76.153993,76.153993,75.205033,75.205033,-0.47448,58
2015-01-27,38224,6068840,75.205033,75.679513,75.205033,75.442273,0.23724,37
2015-01-28,138462,21953725,74.967793,75.679513,74.730554,74.967793,-0.47448,107
2015-01-29,35100,5547000,74.967793,75.205033,74.967793,75.205033,0.23724,28
2015-01-30,38080,6018679,74.967793,75.205033,74.730554,75.205033,0.0,36
2015-02-02,76002,12110326,75.442273,75.679513,75.205033,75.679513,0.47448,64
2015-02-03,66254,10579012,75.679513,75.916753,75.679513,75.679513,0.0,50
2015-02-04,58030,9287815,75.916753,76.153993,75.679513,76.153993,0.47448,51
2015-02-05,58522,9403042,76.153993,76.391232,76.153993,76.153993,0.0,65
2015-02-06,64137,10297057,76.391232,76.391232,75.916753,76.391232,0.237239,58
2015-02-09,63466,10216526,76.391232,76.628472,76.153993,76.628472,0.23724,54
2015-02-10,79057,12646120,76.391232,76.628472,75.442273,75.916753,-0.711719,67
2015-02-11,29087,4641920,75.916753,76.153993,75.442273,75.916753,0.0,34
2015-02-12,41562,6634636,75.916753,75.916753,75.442273,75.679513,-0.23724,49
2015-02-13,44801,7189660,76.391232,76.391232,75.916753,75.916753,0.23724,46
2015-02-24,54716,8779776,75.916753,76.628472,75.916753,76.153993,0.23724,55
2015-02-25,352527,57701482,76.391232,78.763631,76.391232,78.763631,2.609638,303
2015-02-26,162424,26821960,78.763631,79.000871,77.814672,78.289151,-0.47448,150
2015-03-02,103931,17075615,78.289151,78.526391,77.577432,78.051911,-0.23724,95
2015-03-03,96475,15933850,78.289151,78.763631,77.814672,78.763631,0.71172,93
2015-03-04,98992,16383672,79.238111,79.238111,78.289151,78.289151,-0.47448,102
2015-03-05,46049,7607585,78.763631,78.763631,78.051911,78.526391,0.23724,60
2015-03-06,88570,14672620,78.526391,78.763631,78.289151,78.763631,0.23724,83
2015-03-09,813544,137816524,78.763631,81.847749,78.763631,81.373269,2.609638,628
2015-03-10,333750,57299500,81.373269,82.559469,80.42431,81.610509,0.23724,281
2015-03-11,262298,44765803,80.89879,81.610509,80.18707,80.66155,-0.948959,237
2015-03-12,459292,79381866,81.373269,82.559469,81.13603,81.847749,1.186199,357
2015-03-13,737083,129346025,82.322229,83.982908,82.322229,83.508428,1.660679,566
2015-03-16,728586,130060093,84.457387,85.169107,83.982908,84.694627,1.186199,606
2015-03-17,748243,134183606,85.406347,86.355306,83.982908,84.220148,-0.474479,610
2015-03-18,346889,61480748,84.220148,84.931867,82.796708,84.220148,0.0,388
2015-03-19,327392,58389540,84.457387,85.406347,84.220148,84.457387,0.237239,331
2015-03-20,376485,67303830,84.457387,85.406347,83.745668,84.931867,0.47448,358
2015-03-23,2287170,423638120,85.406347,89.676664,85.406347,88.490465,3.558598,1859
2015-03-24,671866,124282978,88.253225,88.964945,87.067026,87.067026,-1.423439,575
2015-03-25,775914,143371607,87.067026,88.490465,86.592546,87.541506,0.47448,669
2015-03-26,461444,84878442,86.592546,88.253225,86.355306,87.067026,-0.47448,443
2015-03-27,468356,85537436,87.304266,88.015985,85.406347,86.355306,-0.71172,428
2015-03-30,1392631,261073866,87.541506,90.151144,87.541506,88.253225,1.897919,1113
2015-03-31,1391668,263633061,89.202185,91.100103,87.778745,90.151144,1.897919,1046
2015-04-01,1059527,196338713,89.676664,89.913904,87.067026,87.304266,-2.846878,774
2015-04-02,1087906,199807230,87.304266,88.015985,86.355306,87.067026,-0.23724,816
2015-04-07,680841,126919512,87.778745,89.202185,86.829786,89.202185,2.135159,548
2015-04-08,857798,156929034,87.304266,87.778745,85.643587,86.829786,-2.372399,705
2015-04-09,563916,103172653,86.355306,87.778745,86.118066,86.355306,-0.47448,485
2015-04-10,306174,55585552,87.304266,87.304266,85.643587,86.118066,-0.23724,298
2015-04-13,274684,50149672,86.355306,87.304266,85.643587,87.304266,1.1862,300
2015-04-14,159585,29124242,86.118066,87.541506,86.118066,86.355306,-0.94896,186
2015-04-15,289609,52383120,86.829786,86.829786,85.406347,85.643587,-0.711719,263
2015-04-16,657826,117397202,85.643587,86.355306,82.559469,83.745668,-1.897919,572
2015-04-17,231603,40836128,83.745668,84.457387,83.271188,83.508428,-0.23724,188
2015-04-20,222588,38817602,83.033948,83.508428,82.559469,82.796708,-0.71172,190
2015-04-21,252388,44062900,83.033948,83.982908,82.084989,82.559469,-0.237239,190
2015-04-22,736851,133183233,83.508428,87.778745,83.033948,87.304266,4.744797,613
2015-04-23,405493,73990219,87.304266,87.778745,85.643587,86.829786,-0.47448,342
2015-04-24,257634,46713620,85.880827,86.829786,85.406347,85.880827,-0.948959,236
2015-04-27,445237,82312985,86.355306,88.490465,86.355306,87.541506,1.660679,371
2015-04-28,165717,30577781,87.541506,88.015985,87.067026,87.541506,0.0,166
2015-04-29,180537,33027734,87.541506,87.541506,86.355306,86.355306,-1.1862,161
2015-04-30,876033,163484605,87.067026,89.913904,86.355306,88.253225,1.897919,702
2015-05-04,1168157,206734853,86.355306,86.355306,82.322229,83.745668,-4.507557,860
2015-05-05,351830,62259910,83.982908,84.694627,83.033948,83.271188,-0.47448,264
2015-05-06,330240,58263240,83.033948,84.457387,82.559469,83.745668,0.47448,294
2015-05-07,266102,47064452,83.508428,84.457387,83.033948,83.982908,0.23724,248
2015-05-08,218884,38869468,83.982908,84.931867,83.508428,83.982908,0.0,174
2015-05-11,809668,140297400,83.982908,84.931867,80.18707,83.033948,-0.94896,512
2015-05-12,297715,51849055,82.559469,83.508428,81.847749,83.271188,0.23724,274
2015-05-13,168447,29559225,83.508428,83.745668,83.033948,83.508428,0.23724,143
2015-05-14,216583,37914608,83.033948,83.982908,82.559469,83.033948,-0.47448,196
2015-05-15,80396,14060098,83.033948,83.745668,82.559469,83.033948,0.0,88
2015-05-18,241648,41640104,83.033948,83.033948,81.373269,81.610509,-1.423439,226
2015-05-19,158521,27528924,81.610509,83.033948,81.610509,82.559469,0.94896,174
2015-05-20,404923,69395289,81.847749,82.796708,80.89879,81.13603,-1.423439,398
2015-05-21,218638,37139138,80.89879,81.13603,80.18707,80.18707,-0.94896,210
2015-05-22,144019,24502730,81.13603,81.13603,80.18707,80.66155,0.47448,144
2015-05-25,179729,30392659,80.66155,81.13603,79.475351,80.42431,-0.23724,156
2015-05-26,410184,68646044,80.18707,80.66155,78.289151,78.526391,-1.897919,361
2015-05-27,254222,42611128,78.763631,79.94983,78.763631,79.71259,1.186199,227
2015-05-28,170241,28975470,79.94983,81.13603,79.94983,80.66155,0.94896,163
2015-05-29,123168,20854975,81.373269,81.373269,79.94983,80.18707,-0.47448,99
2015-06-01,140427,23880802,80.66155,81.373269,79.475351,80.89879,0.71172,125
2015-06-02,317264,53139588,79.94983,80.42431,78.763631,79.000871,-1.897919,286
2015-06-03,320664,53461552,79.000871,79.71259,78.763631,79.71259,0.711719,245
2015-06-04,304899,50667335,79.94983,79.94983,78.763631,78.763631,-0.948959,235
2015-06-05,184687,30768416,78.763631,79.71259,78.289151,79.71259,0.948959,143
2015-06-08,127784,21433103,79.71259,80.18707,78.763631,79.94983,0.23724,100
2015-06-09,291812,47652948,79.94983,79.94983,75.916753,76.391232,-3.558598,228
2015-06-10,119291,19393869,78.051911,78.051911,75.916753,77.814672,1.42344,101
2015-06-11,93146,15277590,78.763631,78.763631,77.340192,78.289151,0.474479,91
2015-06-12,163250,26454750,78.051911,78.051911,76.153993,76.865712,-1.423439,139
2015-06-15,291652,47404447,75.916753,77.814672,75.916753,77.102952,0.23724,235
2015-06-16,53937,8704324,76.865712,76.865712,76.391232,76.391232,-0.71172,53
2015-06-17,157055,25384410,76.153993,77.102952,76.153993,76.865712,0.47448,149
2015-06-18,52849,8541689,76.865712,76.865712,76.391232,76.391232,-0.47448,57
2015-06-22,84021,13576433,75.916753,77.102952,75.916753,76.865712,0.47448,76
2015-06-23,75300,12237000,76.865712,77.340192,76.865712,77.340192,0.47448,73
2015-06-24,66949,10871738,77.340192,77.577432,76.865712,76.865712,-0.47448,74
2015-06-25,100465,16225561,76.865712,77.340192,76.391232,76.865712,0.0,101
2015-06-26,93003,15043489,76.865712,77.102952,76.391232,76.865712,0.0,81
2015-06-29,193905,31041751,76.628472,76.865712,75.442273,75.916753,-0.948959,171
2015-06-30,191233,30501159,75.916753,76.391232,75.442273,75.679513,-0.23724,159
2015-07-01,93249,14999713,75.916753,76.628472,75.916753,75.916753,0.23724,84
2015-07-02,164440,26334900,75.916753,76.391232,75.679513,75.916753,0.0,143
2015-07-03,127263,20423210,76.153993,76.391232,75.916753,76.153993,0.23724,101
2015-07-06,181021,28888402,75.916753,76.153993,75.442273,75.679513,-0.47448,154
2015-07-07,762308,126387552,76.153993,80.42431,76.153993,79.94983,4.270317,601
2015-07-08,485116,79374908,79.71259,79.71259,76.628472,76.865712,-3.084118,425
2015-07-09,511809,81254940,76.153993,76.628472,74.018834,75.679513,-1.186199,424
2015-07-13,565332,91201952,77.102952,77.577432,76.153993,76.391232,0.711719,425
2015-07-14,481217,74584243,77.145093,78.652815,77.145093,77.647667,1.256435,412
2015-07-15,140070,21769165,77.898954,78.401528,77.39638,78.150241,0.502574,135
2015-07-16,131174,20331818,78.150241,78.150241,77.647667,77.647667,-0.502574,102
2015-07-17,155572,24263804,77.647667,79.406676,77.39638,78.652815,1.005148,130
2015-07-20,151206,23543930,78.401528,78.904102,77.39638,77.39638,-1.256435,128
2015-07-21,83395,12923918,77.647667,78.150241,77.647667,78.150241,0.753861,86
2015-07-22,100820,15480460,77.39638,77.647667,76.893806,76.893806,-1.256435,93
2015-07-23,283100,42410400,76.893806,76.893806,74.632224,75.134798,-1.759008,201
2015-07-24,171182,25947164,76.139946,76.893806,75.637372,76.391232,1.256434,145
2015-07-27,265575,40391825,76.139946,77.145093,75.386085,75.888659,-0.502573,206
2015-07-28,235000,35604500,74.883511,77.647667,74.883511,76.893806,1.005147,174
2015-07-29,203862,31199886,76.893806,77.145093,76.642519,76.893806,0.0,157
2015-07-30,82483,12753882,77.39638,78.150241,77.145093,77.39638,0.502574,68
2015-07-31,42000,6469000,77.39638,77.898954,77.145093,77.39638,0.0,40
2015-08-03,189002,28917328,77.145093,77.39638,76.391232,76.893806,-0.502574,144
2015-08-04,135435,20861055,77.39638,77.898954,76.893806,77.145093,0.251287,130
2015-08-05,109837,17014735,76.893806,78.904102,76.893806,78.150241,1.005148,98
2015-08-06,56515,8700550,78.150241,78.150241,77.145093,77.145093,-1.005148,65
2015-08-07,173825,27334700,76.893806,80.914398,76.893806,78.150241,1.005148,148
2015-08-10,398680,58792500,75.134798,75.386085,72.873215,74.883511,-3.26673,375
2015-08-11,284977,41475175,76.139946,76.139946,72.119354,72.370641,-2.51287,249
2015-08-12,483947,66831133,71.868067,71.868067,67.847476,69.606485,-2.764156,405
2015-08-13,125365,17340600,69.606485,70.109059,68.852624,70.109059,0.502574,115
2015-08-14,59733,8279518,70.109059,70.109059,69.355198,69.355198,-0.753861,62
2015-08-17,285396,38203467,67.847476,69.103911,65.585894,65.837181,-3.518017,221
2015-08-18,121542,15921772,65.334607,67.093615,65.334607,65.585894,-0.251287,116
2015-08-19,298100,37128300,65.585894,65.837181,61.565302,62.067876,-3.518018,248
2015-08-20,519705,61436805,62.067876,62.319163,57.042137,60.308868,-1.759008,464
2015-08-21,942754,105425456,59.30372,59.30372,54.277981,55.031842,-5.277026,826
2015-08-24,691551,70019702,52.267685,52.770259,49.754816,50.759964,-4.271878,536
2015-08-25,778661,82170771,50.25739,55.785703,49.754816,55.785703,5.025739,630
2015-08-26,771183,88610777,56.79085,59.30372,54.529268,59.30372,3.518017,617
2015-08-27,578805,71266040,60.308868,64.329459,60.308868,61.816589,2.512869,485
2015-08-28,545862,68082836,62.821737,64.329459,61.565302,62.821737,1.005148,458
2015-08-31,416245,53696187,63.826885,65.837181,62.067876,65.585894,2.764157,357
2015-09-01,188988,24523440,65.08332,66.339755,64.329459,64.832033,-0.753861,166
2015-09-02,239123,30141367,63.073024,64.580746,62.57045,64.329459,-0.502574,180
2015-09-03,157792,20403960,64.329459,65.585894,64.329459,64.832033,0.502574,155
2015-09-04,106612,13832560,64.832033,65.837181,64.580746,64.832033,0.0,99
2015-09-07,110636,14087408,64.832033,64.832033,63.324311,63.826885,-1.005148,98
2015-09-08,120096,15117192,63.826885,64.078172,62.821737,62.821737,-1.005148,108
2015-09-09,220520,28472580,64.329459,65.334607,64.329459,64.832033,2.010296,202
2015-09-10,158306,20687198,64.832033,66.339755,64.832033,66.339755,1.507722,150
2015-09-11,126654,16611174,66.339755,66.339755,65.08332,65.837181,-0.502574,129
2015-09-14,42079,5506507,66.088468,66.591041,65.334607,65.585894,-0.251287,46
2015-09-15,90375,11743561,65.837181,66.088468,64.329459,64.580746,-1.005148,71
2015-09-16,77410,9890684,64.329459,64.580746,63.826885,64.078172,-0.502574,80
2015-09-17,73462,9501098,65.334607,65.334607,64.580746,64.832033,0.753861,81
2015-09-18,265550,35436024,65.334607,68.601337,64.832033,68.098763,3.26673,210
2015-09-21,114202,15097684,67.847476,67.847476,65.837181,66.339755,-1.759008,113
2015-09-22,93144,12298508,66.339755,67.093615,66.088468,66.088468,-0.251287,84
2015-09-23,158851,20486202,65.837181,65.837181,64.329459,64.580746,-1.507722,130
2015-09-24,114714,14614392,64.832033,65.08332,62.319163,63.324311,-1.256435,115
2015-09-25,48347,6146584,63.324311,64.329459,63.324311,64.078172,0.753861,57
2015-09-30,58717,7481916,63.575598,64.329459,63.575598,64.078172,0.0,55
2015-10-01,132458,17345684,64.329459,66.591041,64.329459,66.339755,2.261583,124
2015-10-02,71351,9296587,66.339755,66.339755,65.08332,65.837181,-0.502574,71
2015-10-05,88087,11540026,66.088468,66.339755,65.08332,66.088468,0.251287,80
2015-10-06,148650,19744750,67.093615,67.344902,66.088468,66.842328,0.75386,134
2015-10-07,102162,13537046,67.093615,67.093615,66.088468,66.339755,-0.502573,89
2015-10-08,82875,10887125,66.842328,66.842328,65.334607,66.339755,0.0,94
2015-10-12,79310,10536073,66.339755,67.344902,65.837181,66.591041,0.251286,85
2015-10-13,105280,13994380,67.093615,67.847476,66.339755,66.591041,0.0,91
2015-10-14,80504,10559783,66.339755,66.591041,65.334607,66.591041,0.0,76
2015-10-15,131102,17405270,66.842328,67.344902,66.339755,67.344902,0.753861,117
2015-10-16,321024,44153298,67.344902,71.61678,67.093615,69.103911,1.759009,279
2015-10-19,268599,37765157,69.355198,71.61678,69.355198,71.61678,2.512869,254
2015-10-20,141180,20018147,71.365493,71.868067,70.611633,71.114207,-0.502573,139
2015-10-21,121578,17063044,71.114207,71.114207,69.857772,70.86292,-0.251287,111
2015-10-22,341401,49495651,70.86292,74.12965,70.360346,72.621928,1.759008,284
2015-10-23,234150,34209473,73.627076,74.12965,72.621928,72.873215,0.251287,196
2015-10-26,97537,14356439,73.878363,74.380937,73.124502,73.878363,1.005148,98
2015-10-27,238457,34814028,73.878363,73.878363,73.124502,73.124502,-0.753861,94
2015-10-28,162214,23152994,72.621928,72.621928,70.86292,71.365493,-1.759009,153
2015-10-29,225180,31599610,72.370641,72.370641,69.355198,69.355198,-2.010295,182
2015-10-30,215004,29394072,69.355198,69.857772,67.847476,68.601337,-0.753861,172
2015-11-02,247240,34295840,69.606485,70.86292,68.601337,70.86292,2.261583,211
2015-11-03,222000,31538500,71.114207,72.370641,70.86292,71.868067,1.005147,191
2015-11-04,196287,28094470,71.868067,72.370641,71.365493,72.119354,0.251287,170
2015-11-05,849207,126247355,72.370641,76.391232,71.868067,76.139946,4.020592,658
2015-11-06,708694,104212100,75.888659,76.139946,72.370641,73.124502,-3.015444,582
2015-11-09,282323,40912817,73.375789,74.12965,71.365493,73.375789,0.251287,235
2015-11-10,169004,24189084,72.873215,72.873215,71.365493,71.868067,-1.507722,150
2015-11-11,236327,33398761,72.621928,72.621928,70.109059,71.61678,-0.251287,200
2015-11-12,288022,41273244,72.119354,72.873215,71.114207,72.873215,1.256435,242
2015-11-13,278540,40131260,72.873215,73.124502,71.365493,71.868067,-1.005148,202
2015-11-16,176224,25108032,72.119354,72.370641,71.114207,71.114207,-0.75386,161
2015-11-17,227094,32827130,72.119354,73.375789,72.119354,72.119354,1.005147,212
2015-11-18,159451,22812895,72.370641,72.370641,71.61678,72.119354,0.0,161
2015-11-19,227210,32833160,72.621928,73.375789,71.868067,73.124502,1.005148,198
2015-11-20,268350,39256100,73.627076,74.380937,72.621928,73.375789,0.251287,251
2015-11-23,137281,19969380,73.627076,73.627076,72.873215,72.873215,-0.502574,128
2015-11-24,117277,17019665,73.375789,73.375789,72.621928,73.375789,0.502574,112
2015-11-25,72615,10537482,73.375789,73.375789,72.370641,73.124502,-0.251287,73
2015-11-26,280568,39892574,73.627076,73.627076,67.847476,72.370641,-0.753861,238
2015-11-27,74035,10620145,72.370641,72.370641,71.61678,72.119354,-0.251287,69
2015-11-30,82473,11740639,72.119354,72.119354,71.114207,71.365493,-0.753861,97
2015-12-01,71279,10193176,71.61678,72.119354,71.61678,72.119354,0.753861,70
2015-12-02,46006,6608876,72.119354,72.873215,71.868067,71.868067,-0.251287,48
2015-12-03,43717,6281248,72.370641,72.370641,71.868067,72.119354,0.251287,66
2015-12-04,80481,11502764,71.868067,72.621928,70.86292,72.370641,0.251287,81
2015-12-07,85174,12294136,72.621928,72.873215,71.868067,72.370641,0.0,80
2015-12-08,76030,10856820,72.621928,72.621928,71.365493,71.868067,-0.502574,61
2015-12-09,196225,27499450,70.360346,71.365493,70.109059,70.360346,-1.507721,145
2015-12-10,108551,15091640,70.86292,70.86292,69.355198,69.857772,-0.502574,105
2015-12-11,154932,21310647,70.611633,70.611633,68.601337,68.601337,-1.256435,149
2015-12-14,83005,11247715,67.344902,68.852624,67.344902,68.35005,-0.251287,78
2015-12-15,87100,11903800,68.601337,69.606485,68.35005,68.601337,0.251287,64
2015-12-16,65207,8986273,69.355198,69.606485,68.852624,69.103911,0.502574,60
2015-12-17,48683,6717754,69.103911,70.109059,69.103911,69.103911,0.0,56
2015-12-18,61013,8321872,68.601337,68.852624,68.35005,68.35005,-0.753861,61
2015-12-21,53059,7213142,67.847476,68.852624,67.596189,68.35005,0.0,52
2015-12-22,56020,7668240,68.601337,69.103911,68.601337,68.601337,0.251287,52
2015-12-23,82877,11410649,69.103911,69.606485,68.601337,69.355198,0.753861,81
2015-12-24,79014,10892516,69.355198,70.109059,68.601337,68.852624,-0.502574,73
2015-12-25,29201,4015140,68.852624,69.355198,68.852624,68.852624,0.0,25
2015-12-28,64557,8913579,69.103911,69.606485,69.103911,69.103911,0.251287,76
2015-12-29,32081,4386134,69.103911,69.103911,68.601337,68.852624,-0.251287,38
2015-12-30,41251,5706897,69.355198,69.857772,69.355198,69.355198,0.502574,44
2015-12-31,27004,3725580,69.355198,69.857772,68.852624,69.355198,0.0,28
2016-01-04,44005,6065715,69.103911,69.606485,68.852624,69.103911,-0.251287,45
2016-01-05,67200,9199100,68.852624,69.103911,68.35005,68.852624,-0.251287,70
2016-01-06,144538,19531820,68.852624,68.852624,67.344902,67.847476,-1.005148,138
2016-01-07,204289,26999804,67.847476,68.098763,65.334607,66.339755,-1.507721,172
2016-01-08,82102,10929188,65.837181,67.596189,65.585894,67.093615,0.75386,83
2016-01-11,136014,17618390,65.837181,65.837181,64.580746,65.08332,-2.010295,125
2016-01-12,96057,12441138,65.334607,65.585894,64.580746,64.580746,-0.502574,83
2016-01-13,41689,5395759,65.334607,65.334607,64.832033,64.832033,0.251287,50
2016-01-14,123193,15868283,64.329459,65.334607,63.826885,64.832033,0.0,127
2016-01-15,159724,21083516,66.088468,67.093615,65.585894,66.591041,1.759008,145
2016-01-18,169080,22806620,64.329459,69.355198,64.329459,69.103911,2.51287,147
2016-01-19,40300,5521400,69.103911,69.355198,68.35005,68.852624,-0.251287,44
2016-01-20,97249,13312113,68.852624,69.355198,67.344902,68.852624,0.0,99
2016-01-21,116099,16097652,68.852624,71.365493,68.098763,69.857772,1.005148,112
2016-01-22,35198,4894119,70.360346,70.86292,69.103911,70.109059,0.251287,42
2016-01-25,56002,7850794,71.365493,71.365493,69.857772,70.86292,0.753861,51
2016-01-26,56548,7955220,70.86292,71.114207,70.109059,70.360346,-0.502574,65
2016-01-27,58025,8187536,70.86292,71.114207,70.360346,71.114207,0.753861,57
2016-01-28,93549,13236409,70.86292,71.365493,70.360346,70.86292,-0.251287,94
2016-01-29,94157,13326029,69.857772,71.61678,69.606485,71.61678,0.75386,88
2016-01-30,47284,6765968,71.868067,72.370641,70.611633,71.365493,-0.251287,48
2016-02-01,61702,8821532,70.611633,72.119354,70.611633,71.868067,0.502574,73
2016-02-02,41765,5918365,72.119354,72.119354,70.611633,70.611633,-1.256434,47
2016-02-03,45416,6406156,71.114207,71.114207,70.611633,70.86292,0.251287,54
2016-02-15,51489,7164916,70.360346,70.360346,69.606485,69.606485,-1.256435,70
2016-02-16,61489,8543460,69.857772,70.109059,69.355198,70.109059,0.502574,60
2016-02-17,44004,6131580,69.857772,70.360346,69.606485,70.109059,0.0,31
2016-02-18,72103,10073935,69.857772,70.611633,69.857772,70.360346,0.251287,68
2016-02-19,69530,9679492,70.360346,70.611633,69.606485,70.611633,0.251287,68
2016-02-22,249077,34800123,70.611633,70.86292,70.109059,70.109059,-0.502574,62
2016-02-23,87609,12239760,70.611633,70.86292,69.857772,70.109059,0.0,81
2016-02-24,49576,6919347,70.360346,70.360346,69.857772,70.360346,0.251287,58
2016-02-25,65058,9142678,70.611633,70.86292,70.109059,70.611633,0.251287,68
2016-02-26,155365,22277425,70.86292,72.873215,70.86292,72.370641,1.759008,139
2016-03-01,221750,32631750,73.124502,74.632224,72.873215,73.878363,1.507722,194
2016-03-02,121917,17898299,74.632224,74.632224,73.124502,73.878363,0.0,114
2016-03-03,99320,14557695,73.627076,74.380937,73.124502,73.627076,-0.251287,81
2016-03-04,561142,85088584,75.888659,77.145093,75.386085,75.386085,1.759009,440
2016-03-07,156723,23754197,75.637372,77.145093,75.637372,75.637372,0.251287,148
2016-03-08,210424,31935656,75.888659,76.893806,75.888659,76.139946,0.502574,195
2016-03-09,200645,30540685,76.391232,76.893806,75.888659,76.893806,0.75386,192
2016-03-10,194350,29851750,76.893806,77.898954,76.642519,77.39638,0.502574,189
2016-03-11,102091,15641696,77.39638,77.39638,76.642519,77.39638,0.0,95
2016-03-14,224858,35102706,77.39638,78.904102,77.39638,78.652815,1.256435,203
2016-03-15,166399,25807634,79.406676,79.406676,77.145093,77.145093,-1.507722,155
2016-03-16,165811,25501394,76.893806,77.898954,76.893806,77.39638,0.251287,137
2016-03-17,128376,19863088,77.898954,78.401528,77.145093,77.145093,-0.251287,119
2016-03-18,120996,18603874,77.145093,78.150241,76.893806,77.145093,0.0,142
2016-03-21,195628,29777258,77.145093,77.145093,75.888659,76.391232,-0.753861,179
2016-03-22,87324,13318072,76.642519,77.145093,75.888659,76.642519,0.251287,88
2016-03-23,81305,12365507,76.391232,76.893806,76.139946,76.642519,0.0,74
2016-03-24,95200,14455997,75.888659,76.642519,75.888659,76.391232,-0.251287,97
2016-03-25,104049,15768997,75.888659,76.642519,75.637372,76.391232,0.0,88
2016-03-28,74007,11199564,76.391232,76.391232,75.888659,75.888659,-0.502573,73
2016-03-29,125249,18912218,76.642519,76.642519,75.386085,75.888659,0.0,120
2016-03-30,147483,22269173,75.888659,76.391232,75.386085,75.888659,0.0,129
2016-03-31,277603,41506530,76.139946,76.139946,74.380937,74.632224,-1.256435,256
2016-04-01,88401,13212444,74.632224,75.386085,74.632224,75.134798,0.502574,95
2016-04-06,108322,16197127,75.637372,75.637372,74.632224,75.134798,0.0,133
2016-04-07,69070,10384570,75.386085,75.888659,75.386085,75.637372,0.502574,56
2016-04-08,115186,17258492,75.134798,75.637372,74.883511,75.386085,-0.251287,82
2016-04-11,167065,24705685,74.632224,74.632224,73.878363,74.12965,-1.256435,160
2016-04-12,183252,26796544,74.12965,74.380937,72.873215,73.124502,-1.005148,171
2016-04-13,88213,12920024,73.878363,74.12965,73.124502,73.878363,0.753861,93
2016-04-14,42466,6264468,74.12965,74.380937,73.878363,74.12965,0.251287,44
2016-04-15,44446,6611454,73.627076,75.134798,73.627076,74.883511,0.753861,53
2016-04-18,63307,9360243,74.12965,74.883511,74.12965,74.12965,-0.753861,58
2016-04-19,72100,10599300,74.632224,74.632224,73.627076,73.627076,-0.502574,68
2016-04-20,87458,12738596,73.627076,73.878363,72.873215,73.375789,-0.251287,89
2016-04-21,133000,19329500,73.878363,73.878363,72.621928,73.124502,-0.251287,106
2016-04-22,75011,10919622,73.124502,73.375789,72.873215,73.124502,0.0,56
2016-04-25,46001,6713150,73.375789,73.627076,73.124502,73.124502,0.0,38
2016-04-26,29162,4257232,73.627076,73.627076,73.124502,73.627076,0.502574,32
2016-04-27,29121,4255150,73.627076,73.627076,73.124502,73.375789,-0.251287,30
2016-04-28,70469,10252206,73.124502,73.375789,72.873215,73.375789,0.0,65
2016-04-29,56922,8253150,72.873215,73.124502,72.621928,73.124502,-0.251287,48
2016-05-03,135280,19398040,72.621928,72.873215,71.114207,71.61678,-1.507722,117
2016-05-04,215361,30331942,70.86292,71.868067,70.109059,71.61678,0.0,124
2016-05-05,43280,6145118,71.61678,71.868067,70.86292,71.114207,-0.502573,39
2016-05-06,73085,10520740,70.86292,73.124502,70.86292,72.370641,1.256434,62
2016-05-09,51000,7305000,71.868067,72.370641,71.61678,71.868067,-0.502574,51
2016-05-10,78070,11375324,71.868067,74.12965,71.868067,73.627076,1.759009,58
2016-05-11,67226,9836448,74.12965,74.12965,73.124502,73.878363,0.251287,62
2016-05-12,24314,3547344,73.627076,73.878363,72.873215,72.873215,-1.005148,29
2016-05-13,42517,6115220,73.627076,73.627076,71.868067,72.873215,0.0,50
2016-05-16,34299,4939904,72.873215,72.873215,72.119354,72.119354,-0.753861,43
2016-05-17,27436,3950565,72.621928,72.873215,72.119354,72.119354,0.0,31
2016-05-18,13485,1935340,72.119354,72.370641,71.868067,72.370641,0.251287,16
2016-05-19,30334,4368263,72.119354,72.873215,71.868067,72.370641,0.0,31
2016-05-20,15170,2184065,71.868067,72.621928,71.868067,72.621928,0.251287,17
2016-05-23,36254,5292838,72.621928,73.878363,72.621928,73.375789,0.753861,33
2016-05-24,25697,3707065,71.365493,73.124502,71.365493,73.124502,-0.251287,33
2016-05-25,34552,5053592,73.375789,73.878363,73.124502,73.627076,0.502574,39
2016-05-26,20300,2966600,73.124502,73.878363,73.124502,73.375789,-0.251287,21
2016-05-27,34735,5064810,73.124502,73.627076,72.873215,73.375789,0.0,37
2016-05-30,48274,7080004,73.878363,73.878363,73.375789,73.878363,0.502574,50
2016-05-31,90314,13187530,73.627076,74.12965,72.873215,72.873215,-1.005148,79
2016-06-01,101096,14900112,73.627076,74.380937,73.375789,73.878363,1.005148,86
2016-06-02,52156,7710088,74.380937,74.632224,74.12965,74.380937,0.502574,50
2016-06-03,66262,9786883,73.878363,74.883511,73.627076,73.627076,-0.753861,58
2016-06-04,32150,4749700,73.124502,74.632224,73.124502,74.632224,1.005148,22
2016-06-06,41001,6054148,74.12965,74.380937,73.878363,73.878363,-0.753861,35
2016-06-07,51300,7546250,74.12965,74.12965,73.627076,74.12965,0.251287,43
2016-06-08,43639,6464572,74.380937,74.883511,74.12965,74.12965,0.0,42
2016-06-13,19505,2862985,74.380937,74.380937,73.627076,73.627076,-0.502574,26
2016-06-14,41282,6055812,73.627076,74.12965,73.375789,73.627076,0.0,45
2016-06-15,34251,5027397,73.124502,74.12965,73.124502,73.878363,0.251287,34
2016-06-16,169982,24763860,73.375789,73.878363,72.621928,73.124502,-0.753861,109
2016-06-17,45261,6632867,73.375789,73.878363,73.375789,73.878363,0.753861,29
2016-06-20,78564,11568408,73.878363,74.12965,73.627076,73.878363,0.0,53
2016-06-21,62000,9137000,73.878363,74.380937,73.878363,74.380937,0.502574,42
2016-06-22,70174,10341600,74.380937,74.380937,73.375789,74.380937,0.0,61
2016-06-23,65191,9608664,73.878363,74.380937,73.878363,74.12965,-0.251287,69
2016-06-24,150052,21917300,74.12965,74.12965,72.621928,73.124502,-1.005148,126
2016-06-27,92249,13331354,71.868067,73.124502,71.365493,73.124502,0.0,62
2016-06-28,82277,11967442,73.124502,73.375789,72.370641,73.375789,0.251287,58
2016-06-29,197176,28857696,73.627076,73.878363,73.124502,73.878363,0.502574,167
2016-06-30,702366,104480204,73.878363,75.134798,73.878363,75.134798,1.256435,476
2016-07-01,633745,90514035,75.671475,77.549845,75.671475,76.744829,1.610031,444
2016-07-04,160813,22928446,77.281506,77.549845,75.671475,75.939813,-0.805016,130
2016-07-05,85211,12028562,75.939813,76.208152,75.134798,76.208152,0.268339,73
2016-07-06,76059,10685407,75.671475,75.671475,75.134798,75.403136,-0.805016,55
2016-07-07,55055,7748337,75.671475,75.939813,75.134798,75.671475,0.268339,49
2016-07-11,165066,23078806,76.208152,76.208152,74.061443,75.134798,-0.536677,136
2016-07-12,75311,10493851,75.403136,75.403136,74.329782,74.866459,-0.268339,72
2016-07-13,80002,11105282,75.134798,75.134798,74.061443,74.061443,-0.805016,57
2016-07-14,67411,9413743,74.866459,75.403136,74.598121,74.598121,0.536678,54
2016-07-15,46217,6442597,75.134798,75.134798,74.598121,74.866459,0.268338,48
2016-07-18,55176,7693316,74.866459,75.134798,74.598121,75.134798,0.268339,57
2016-07-19,92676,12851640,75.403136,75.403136,73.256428,74.329782,-0.805016,83
2016-07-20,107248,14948720,73.793105,75.403136,73.793105,74.866459,0.536677,90
2016-07-21,64964,9086473,75.403136,75.403136,74.598121,74.866459,0.0,67
2016-07-22,74403,10496023,75.134798,75.939813,75.134798,75.939813,1.073354,67
2016-07-25,98156,13909152,75.134798,76.476491,75.134798,76.208152,0.268339,73
2016-07-26,184199,26478156,75.939813,77.818183,75.939813,77.281506,1.073354,134
2016-07-27,80095,11550275,77.281506,77.818183,77.281506,77.281506,0.0,66
2016-07-28,166688,24310948,77.818183,78.891538,77.281506,78.35486,1.073354,137
2016-07-29,134151,19661546,78.891538,78.891538,78.35486,78.623199,0.268339,132
2016-08-01,110070,16050220,78.891538,78.891538,77.818183,78.086522,-0.536677,83
2016-08-02,67105,9809380,78.623199,78.891538,78.086522,78.086522,0.0,59
2016-08-03,55102,7988892,78.086522,78.086522,77.549845,77.818183,-0.268339,37
2016-08-04,94363,13641451,77.818183,78.086522,77.281506,77.549845,-0.268338,77
2016-08-05,60500,8732247,77.281506,77.818183,77.281506,77.818183,0.268338,47
2016-08-08,109006,15966382,77.818183,78.891538,77.818183,78.35486,0.536677,91
2016-08-09,171287,25216189,79.159876,79.696553,78.623199,79.159876,0.805016,145
2016-08-10,56562,8327114,79.159876,79.159876,78.891538,79.159876,0.0,55
2016-08-11,595209,90656977,82.1116,82.916616,80.23323,82.648277,3.488401,441
2016-08-12,219526,33864233,82.916616,83.184955,82.1116,82.916616,0.268339,203
2016-08-15,144880,22243640,83.184955,83.453293,81.843262,82.1116,-0.805016,139
2016-08-16,374991,57763614,82.648277,83.98997,81.843262,83.184955,1.073355,329
2016-08-17,239890,37175950,83.453293,83.721632,82.648277,83.721632,0.536677,198
2016-08-18,461661,72340438,83.721632,85.063325,83.453293,85.063325,1.341693,359
2016-08-19,393730,62942840,85.063325,86.941695,84.794986,85.331663,0.268338,329
2016-08-22,280404,43583317,84.794986,84.794986,82.379939,83.453293,-1.87837,231
2016-08-23,127100,19948700,83.98997,84.794986,83.184955,83.98997,0.536677,113
2016-08-24,327256,52029460,84.794986,85.86834,84.258309,85.331663,1.341693,282
2016-08-25,195961,31332314,85.331663,86.405017,84.794986,85.063325,-0.268338,183
2016-08-26,164523,26186915,85.86834,85.86834,85.063325,85.600002,0.536677,164
2016-08-29,159959,25465440,85.600002,86.136679,84.526647,86.136679,0.536677,155
2016-08-30,118818,18967562,86.136679,86.405017,85.331663,85.86834,-0.268339,112
2016-08-31,182589,28838765,86.405017,86.405017,83.721632,84.526647,-1.341693,157
2016-09-01,78878,12379846,84.526647,85.331663,83.98997,84.258309,-0.268338,78
2016-09-02,164020,25446610,84.258309,84.794986,82.379939,83.453293,-0.805016,141
2016-09-05,127062,19850734,83.98997,84.526647,82.916616,84.258309,0.805016,105
2016-09-06,397454,63270459,84.794986,86.673356,84.794986,85.063325,0.805016,301
2016-09-07,335131,53739591,86.136679,86.405017,84.794986,86.405017,1.341692,299
2016-09-08,397423,64019103,86.405017,87.210033,85.063325,86.941695,0.536678,349
2016-09-09,604122,95755959,85.063325,86.405017,83.98997,85.86834,-1.073355,470
2016-09-10,113236,17870788,84.794986,85.063325,84.258309,84.526647,-1.341693,78
2016-09-12,265150,42243350,85.600002,85.86834,84.794986,85.600002,1.073355,244
2016-09-13,148627,23661693,85.86834,85.86834,84.794986,85.063325,-0.536677,144
2016-09-14,214200,33512100,85.063325,85.063325,83.184955,84.794986,-0.268339,191
2016-09-19,196950,31212100,85.063325,85.600002,84.526647,85.600002,0.805016,173
2016-09-20,170885,27200330,85.600002,85.86834,85.063325,85.063325,-0.536677,132
2016-09-21,143233,22758280,85.600002,85.86834,84.794986,85.86834,0.805015,121
2016-09-22,262228,42401480,85.86834,87.478372,85.86834,86.405017,0.536677,216
2016-09-23,392456,63819828,86.136679,88.015049,86.136679,87.478372,1.073355,342
2016-09-26,107301,17448063,87.478372,87.478372,86.673356,87.478372,0.0,102
2016-09-29,212474,34141340,86.136679,87.210033,85.600002,85.86834,-1.610032,178
2016-09-30,116312,18748732,85.86834,86.941695,85.86834,86.405017,0.536677,107
2016-10-03,221180,36056340,86.405017,88.015049,86.405017,87.74671,1.341693,180
2016-10-04,419016,69734672,87.478372,90.430096,87.478372,89.62508,1.87837,379
2016-10-05,123995,20662670,90.161757,90.161757,89.088403,89.088403,-0.536677,120
2016-10-06,147822,24448038,88.820064,89.62508,88.283387,88.820064,-0.268339,140
2016-10-07,232899,38344436,88.283387,89.893419,86.941695,88.015049,-0.805015,213
2016-10-11,406653,64412998,86.405017,86.941695,84.258309,84.258309,-3.75674,319
2016-10-12,153320,24252217,84.258309,85.331663,84.258309,85.063325,0.805016,136
2016-10-13,152340,24183560,85.063325,85.600002,84.794986,85.600002,0.536677,128
2016-10-14,86135,13546195,84.526647,85.86834,83.98997,84.258309,-1.341693,93
2016-10-17,165271,25918818,83.98997,84.794986,82.1116,84.794986,0.536677,121
2016-10-18,115251,18109409,84.258309,84.794986,83.453293,84.526647,-0.268339,99
2016-10-19,186421,29524939,84.526647,85.600002,84.258309,85.331663,0.805016,164
2016-10-20,136069,21468040,85.063325,85.063325,84.258309,85.063325,-0.268338,117
2016-10-21,386466,59751696,84.794986,85.063325,82.1116,82.1116,-2.951725,249
2016-10-24,173787,26369411,82.1116,82.1116,80.769908,81.306585,-0.805015,179
2016-10-25,95754,14506484,81.038246,81.574923,80.769908,81.306585,0.0,102
2016-10-26,108230,16369844,81.306585,81.574923,80.769908,81.038246,-0.268339,109
2016-10-27,93525,14228800,81.038246,82.1116,81.038246,81.306585,0.268339,96
2016-10-28,81700,12321200,81.306585,81.306585,80.769908,80.769908,-0.536677,88
2016-10-31,85221,12885313,79.964892,81.843262,79.696553,81.843262,1.073354,85
2016-11-01,78502,11961053,80.769908,82.1116,80.769908,81.574923,-0.268339,87
2016-11-02,83250,12574000,81.038246,81.574923,80.769908,81.306585,-0.268338,81
2016-11-03,232677,34608033,81.038246,81.038246,79.159876,79.696553,-1.610032,203
2016-11-04,58602,8778800,79.696553,80.769908,79.696553,80.501569,0.805016,62
2016-11-07,40087,6033637,80.769908,81.306585,80.501569,80.769908,0.268339,40
2016-11-08,55141,8222650,80.769908,80.769908,79.428215,80.501569,-0.268339,53
2016-11-09,403600,59285200,79.964892,79.964892,77.818183,78.35486,-2.146709,328
2016-11-10,217101,32424598,79.428215,81.038246,78.891538,79.964892,1.610032,156
2016-11-11,102327,15107557,79.964892,80.23323,78.35486,79.428215,-0.536677,89
2016-11-14,76324,11254952,80.23323,80.23323,78.623199,79.428215,0.0,79
2016-11-15,65207,9681257,79.428215,80.501569,78.891538,80.23323,0.805015,59
2016-11-16,66615,9928326,80.23323,80.501569,79.428215,79.696553,-0.536677,66
2016-11-17,78227,11600935,79.964892,79.964892,79.159876,79.696553,0.0,62
2016-11-18,119000,17863000,79.964892,81.038246,79.964892,81.038246,1.341693,83
2016-11-21,35002,5259304,80.23323,81.038246,79.964892,81.038246,0.0,35
2016-11-22,79282,11979364,80.501569,81.574923,80.501569,81.306585,0.268339,71
2016-11-23,69001,10362650,81.306585,81.306585,80.23323,80.501569,-0.805016,67
2016-11-24,34000,5051000,79.964892,80.23323,79.428215,79.964892,-0.536677,25
2016-11-25,47480,7119000,80.501569,80.769908,79.964892,80.501569,0.536677,40
2016-11-28,130300,19719450,80.501569,81.574923,80.501569,81.306585,0.805016,98
2016-11-29,29019,4380407,81.306585,81.574923,80.769908,81.306585,0.0,30
2016-11-30,30094,4538788,80.501569,81.306585,80.501569,81.038246,-0.268339,30
2016-12-01,32000,4828000,81.038246,81.306585,80.501569,80.769908,-0.268338,31
2016-12-02,48100,7225549,80.23323,81.038246,80.23323,80.501569,-0.268339,34
2016-12-05,47243,7127693,80.501569,81.306585,80.501569,81.038246,0.536677,52
2016-12-06,27031,4065181,81.306585,81.306585,80.501569,80.501569,-0.536677,29
2016-12-07,63001,9489153,80.501569,81.306585,80.501569,80.769908,0.268339,60
2016-12-08,70139,10591415,80.769908,81.306585,80.769908,80.769908,0.0,85
2016-12-09,153054,23201208,80.501569,82.379939,80.501569,82.1116,1.341692,149
2016-12-12,138013,21123495,82.379939,82.379939,81.843262,82.1116,0.0,118
2016-12-13,56575,8614900,81.574923,82.1116,81.306585,81.574923,-0.536677,63
2016-12-14,97716,14838332,81.038246,82.1116,81.038246,81.574923,0.0,103
2016-12-15,116150,17771024,81.574923,82.648277,81.038246,81.843262,0.268339,107
2016-12-16,116500,17987249,81.843262,83.184955,81.843262,83.184955,1.341693,115
2016-12-19,185939,29274423,83.184955,85.600002,83.184955,84.258309,1.073354,186
2016-12-20,152317,24203744,83.721632,85.600002,83.721632,85.063325,0.805016,149
2016-12-21,196781,31504460,85.063325,86.405017,84.794986,85.86834,0.805015,181
2016-12-22,195110,31274100,85.600002,86.673356,85.600002,85.86834,0.0,157
2016-12-23,111275,17784725,85.86834,86.405017,84.794986,85.331663,-0.536677,102
2016-12-26,53501,8564160,85.331663,86.136679,85.331663,85.86834,0.536677,40
2016-12-27,65602,10518820,85.86834,86.405017,85.331663,85.86834,0.0,71
2016-12-28,23136,3695624,85.86834,85.86834,85.600002,85.600002,-0.268338,24
2016-12-29,53601,8576660,85.600002,86.136679,85.331663,85.86834,0.268338,44
2016-12-30,72157,11587463,86.136679,86.405017,85.86834,86.136679,0.268339,62
2017-01-03,22380,3581920,86.405017,86.405017,85.331663,85.331663,-0.805016,32
2017-01-04,67937,10885451,85.331663,86.405017,85.331663,85.86834,0.536677,60
2017-01-05,147793,23889380,85.86834,87.210033,85.86834,86.673356,0.805016,150
2017-01-06,128136,20790032,86.136679,87.478372,86.136679,87.478372,0.805016,129
2017-01-09,56149,9082562,87.478372,87.478372,86.405017,86.673356,-0.805016,57
2017-01-10,94206,15248372,87.210033,87.478372,86.405017,87.210033,0.536677,89
2017-01-11,103716,16915208,87.210033,87.74671,87.210033,87.74671,0.536677,111
2017-01-12,28300,4605749,87.74671,87.74671,86.941695,86.941695,-0.805015,34
2017-01-13,37348,6044028,87.478372,87.478372,86.673356,86.941695,0.0,46
2017-01-16,116667,18715220,85.86834,86.941695,85.600002,86.136679,-0.805016,113
2017-01-17,49505,7967810,85.600002,87.210033,85.600002,86.673356,0.536677,48
2017-01-18,100457,16303534,86.941695,87.478372,86.673356,87.210033,0.536677,105
2017-01-19,78442,12754322,87.210033,87.478372,86.941695,87.478372,0.268339,86
2017-01-20,41087,6666507,87.478372,87.478372,86.673356,86.941695,-0.536677,45
2017-01-23,25435,4125905,86.136679,87.478372,86.136679,87.478372,0.536677,30
2017-01-24,41349,6671038,87.210033,87.210033,86.405017,86.405017,-1.073355,45
2017-02-02,64703,10425480,86.405017,87.210033,86.136679,86.405017,0.0,70
2017-02-03,56008,8967780,86.405017,86.405017,85.600002,85.86834,-0.536677,63
2017-02-06,78111,12484199,85.600002,86.405017,85.600002,85.86834,0.0,95
2017-02-07,66760,10693600,86.405017,86.405017,85.600002,86.405017,0.536677,67
2017-02-08,51052,8188342,86.405017,86.405017,85.86834,86.136679,-0.268338,49
2017-02-09,200425,31608150,85.600002,85.600002,84.258309,84.526647,-1.610032,169
2017-02-10,52020,8227200,84.794986,85.331663,84.526647,85.063325,0.536678,67
2017-02-13,34856,5538655,85.331663,85.600002,85.063325,85.063325,0.0,78
2017-02-14,62324,9893851,85.063325,85.600002,84.794986,84.794986,-0.268339,65
2017-02-15,40003,6353477,85.331663,85.600002,84.794986,84.794986,0.0,42
2017-02-16,40165,6354570,84.794986,85.600002,84.794986,84.794986,0.0,45
2017-02-17,54064,8550612,85.331663,85.331663,84.526647,85.063325,0.268339,61
2017-02-18,31713,5016154,84.794986,85.063325,84.794986,84.794986,-0.268339,33
2017-02-20,60399,9598441,85.063325,85.600002,84.794986,85.331663,0.536677,64
2017-02-21,77050,12197900,85.331663,85.600002,84.526647,84.526647,-0.805016,77
2017-02-22,54126,8554970,84.526647,85.063325,84.526647,84.794986,0.268339,50
2017-02-23,130115,20552724,85.331663,85.600002,84.526647,84.794986,0.0,128
2017-02-24,105249,16579091,85.063325,85.063325,84.258309,85.063325,0.268339,106
2017-03-01,62557,9906063,85.063325,85.331663,84.258309,85.063325,0.0,69
2017-03-02,86050,13558900,85.600002,85.600002,84.258309,84.258309,-0.805016,77
2017-03-03,112203,17639471,84.794986,84.794986,83.721632,83.721632,-0.536677,109
2017-03-06,133893,20814354,83.721632,83.98997,83.184955,83.453293,-0.268339,149
2017-03-07,176083,27223402,83.721632,83.721632,82.648277,83.184955,-0.268338,156
2017-03-08,73160,11284460,83.453293,83.453293,82.648277,82.916616,-0.268339,80
2017-03-09,287212,43699268,82.916616,82.916616,81.038246,81.306585,-1.610031,242
2017-03-10,83720,12759160,82.1116,82.1116,81.306585,81.843262,0.536677,83
2017-03-13,76094,11667446,81.843262,82.648277,81.843262,82.648277,0.805015,158
2017-03-14,91149,14045042,82.648277,83.184955,82.1116,82.379939,-0.268338,121
2017-03-15,118613,18376515,83.184955,83.721632,82.648277,82.916616,0.536677,150
2017-03-16,48762,7583468,83.721632,83.721632,83.184955,83.721632,0.805016,72
2017-03-17,148202,23109714,83.721632,84.258309,83.184955,84.258309,0.536677,146
2017-03-20,79239,12415523,84.258309,84.794986,83.721632,83.721632,-0.536677,106
2017-03-21,99046,15402925,83.98997,84.258309,82.916616,83.184955,-0.536677,85
2017-03-22,130120,19967840,82.916616,82.916616,82.1116,82.379939,-0.805016,121
2017-03-23,188575,29327775,82.916616,83.98997,82.916616,83.721632,1.341693,194
2017-03-24,107179,16757603,84.526647,84.526647,83.184955,83.184955,-0.536677,113
2017-03-27,67341,10519696,83.453293,84.526647,83.184955,83.453293,0.268338,79
2017-03-28,139008,21543288,83.453293,83.98997,82.648277,83.453293,0.0,138
2017-03-29,81288,12607064,83.184955,83.98997,82.916616,83.453293,0.0,92
2017-03-30,114500,17849000,83.453293,83.98997,83.453293,83.721632,0.268339,99
2017-03-31,122582,19106792,83.721632,83.98997,83.453293,83.721632,0.0,114
2017-04-05,123344,19309698,83.721632,84.526647,83.721632,83.98997,0.268338,147
2017-04-06,244700,37794000,83.98997,84.258309,82.379939,82.916616,-1.073354,192
2017-04-07,82242,12598010,82.648277,82.648277,81.574923,82.1116,-0.805016,89
2017-04-10,74532,11391396,82.379939,82.379939,81.574923,82.1116,0.0,132
2017-04-11,68033,10389615,82.648277,82.648277,81.574923,81.843262,-0.268338,88
2017-04-12,127023,19279226,81.843262,81.843262,81.038246,81.574923,-0.268339,102
2017-04-13,195228,29366656,81.306585,81.306585,80.23323,80.769908,-0.805015,171
2017-04-14,136396,20428296,80.769908,80.769908,79.964892,79.964892,-0.805016,111
2017-04-17,62139,9286850,79.964892,80.501569,79.964892,80.23323,0.268338,74
2017-04-18,149015,22297825,80.501569,81.038246,79.964892,80.769908,0.536678,96
2017-04-19,54147,8153264,80.769908,81.038246,80.23323,81.038246,0.268338,61
2017-04-20,54350,8167350,81.038246,81.574923,80.23323,80.501569,-0.536677,59
2017-04-21,62105,9310405,80.769908,81.038246,80.23323,80.23323,-0.268339,56
2017-04-24,105144,15687100,80.501569,80.501569,79.696553,79.964892,-0.268338,85
2017-04-25,149053,22182556,80.501569,80.501569,79.428215,79.696553,-0.268339,128
2017-04-26,75001,11174152,79.696553,80.501569,79.696553,80.501569,0.805016,70
2017-04-27,60140,9025208,80.501569,80.769908,80.23323,80.501569,0.0,60
2017-04-28,78195,11806236,80.769908,81.306585,80.769908,81.306585,0.805016,64
2017-05-02,136997,20845540,81.306585,81.843262,81.038246,81.843262,0.536677,122
2017-05-03,71533,10952615,82.1116,82.379939,81.843262,82.379939,0.536677,68
2017-05-04,1123770,162039339,75.134798,79.696553,75.134798,79.428215,-2.951724,770
2017-05-05,232991,34348168,78.891538,79.964892,78.35486,79.159876,-0.268339,194
2017-05-08,278562,40383990,78.891538,78.891538,77.013168,77.281506,-1.87837,256
2017-05-09,239258,34161216,77.549845,77.549845,76.208152,76.476491,-0.805015,163
2017-05-10,330823,46947777,76.476491,77.013168,75.671475,75.939813,-0.536678,287
2017-05-11,257019,36325236,75.939813,77.013168,75.134798,75.671475,-0.268338,218
2017-05-12,240577,34058798,75.403136,76.476491,75.403136,76.208152,0.536677,216
2017-05-15,142000,20189500,77.013168,77.013168,75.671475,76.208152,0.0,124
2017-05-16,118784,16957896,76.208152,77.013168,76.208152,76.208152,0.0,96
2017-05-17,135095,19384726,76.476491,77.818183,76.208152,77.549845,1.341693,144
2017-05-18,127212,18173028,76.744829,77.281506,76.208152,76.744829,-0.805016,127
2017-05-19,121138,17256661,76.744829,77.013168,76.208152,76.476491,-0.268338,138
2017-05-22,121852,17328336,76.476491,77.013168,75.939813,76.208152,-0.268339,123
2017-05-23,111187,15732054,76.208152,76.208152,75.671475,75.939813,-0.268339,91
2017-05-24,95066,13415570,75.671475,76.208152,75.403136,76.208152,0.268339,91
2017-05-25,145099,20565256,76.208152,76.744829,75.671475,75.939813,-0.268339,107
2017-05-26,86288,12267972,75.939813,76.744829,75.939813,76.744829,0.805016,86
2017-05-31,132300,19000000,77.013168,77.818183,76.744829,76.744829,0.0,110
2017-06-01,75695,10920775,76.744829,77.818183,76.744829,77.549845,0.805016,69
2017-06-02,80308,11636312,77.549845,78.086522,77.549845,77.549845,0.0,80
2017-06-03,38000,5465000,77.549845,77.549845,77.013168,77.281506,-0.268339,37
2017-06-05,54000,7740000,77.013168,77.549845,76.744829,77.013168,-0.268338,54
2017-06-06,76154,10909830,77.013168,77.281506,76.744829,77.013168,0.0,77
2017-06-07,66001,9473645,77.281506,77.281506,76.744829,76.744829,-0.268339,64
2017-06-08,97609,13960196,76.744829,77.013168,76.476491,76.476491,-0.268338,101
2017-06-09,153120,21618660,76.476491,76.744829,75.134798,75.134798,-1.341693,130
2017-06-12,295676,40971316,75.134798,75.134798,74.061443,74.061443,-1.073355,265
2017-06-13,116207,16243394,74.061443,75.403136,74.061443,75.134798,1.073355,93
2017-06-14,150490,20963090,75.134798,75.134798,74.329782,75.134798,0.0,132
2017-06-15,71050,10073850,75.671475,76.744829,75.671475,75.939813,0.805015,67
2017-06-16,82045,11632935,76.208152,76.208152,75.939813,75.939813,0.0,79
2017-06-19,71805,10190709,75.939813,76.476491,75.939813,76.476491,0.536678,76
2017-06-20,126110,18086394,76.744829,77.281506,76.744829,77.013168,0.536677,117
2017-06-21,116894,16785524,77.281506,77.549845,76.476491,77.281506,0.268338,111
2017-06-22,221128,31939492,77.281506,77.818183,77.013168,77.549845,0.268339,175
2017-06-23,143500,20757000,77.818183,77.818183,77.281506,77.549845,0.0,95
2017-06-26,220733,32113149,77.549845,78.623199,77.281506,78.086522,0.536677,163
2017-06-27,203643,29702378,78.35486,78.623199,77.818183,78.35486,0.268338,181
2017-06-28,135386,19675970,78.623199,78.623199,77.818183,77.818183,-0.536677,141
2017-06-29,218712,31634240,77.281506,78.35486,77.281506,77.818183,0.0,166
2017-06-30,254090,36486594,76.744829,77.818183,76.476491,77.818183,0.0,176
2017-07-03,411529,59190676,77.281506,77.549845,76.744829,77.281506,-0.536677,326
2017-07-04,552933,75177821,77.568798,78.717965,77.568798,78.143382,0.861876,373
2017-07-05,206858,28035188,78.143382,78.143382,77.568798,77.568798,-0.574584,190
2017-07-06,189397,25738188,77.568798,78.430674,77.568798,78.430674,0.861876,184
2017-07-07,187110,25333460,78.430674,78.430674,77.281506,78.143382,-0.287292,172
2017-07-10,338785,45491475,78.717965,78.717965,76.419631,76.706923,-1.436459,242
2017-07-11,132813,17811755,77.281506,77.281506,76.706923,76.994214,0.287291,127
2017-07-12,100661,13502574,76.994214,77.568798,76.706923,77.281506,0.287292,106
2017-07-13,147925,19919337,77.281506,77.85609,76.994214,77.281506,0.0,133
2017-07-14,100200,13491000,77.568798,77.568798,76.994214,77.281506,0.0,78
2017-07-17,73100,9869900,77.568798,77.85609,77.281506,77.568798,0.287292,68
2017-07-18,116001,15650637,77.568798,77.85609,77.281506,77.568798,0.0,98
2017-07-19,239318,32249566,77.568798,77.85609,76.994214,77.281506,-0.287292,181
2017-07-20,183050,24707350,77.568798,77.85609,77.281506,77.281506,0.0,158
2017-07-21,224628,29799280,77.281506,77.281506,75.845047,75.845047,-1.436459,214
2017-07-24,407502,53012262,75.845047,75.845047,74.121296,74.408588,-1.436459,327
2017-07-25,153598,19811039,74.408588,74.408588,73.834004,74.121296,-0.287292,151
2017-07-26,180915,23580365,74.121296,75.557755,74.121296,74.69588,0.574584,151
2017-07-27,94678,12311318,74.69588,75.270463,74.408588,74.983171,0.287291,146
2017-07-28,160911,20757471,74.983171,74.983171,73.834004,74.121296,-0.861875,168
2017-07-31,157230,20102900,74.121296,74.121296,73.25942,73.546712,-0.574584,136
2017-08-01,89401,11531531,73.834004,74.983171,73.546712,74.408588,0.861876,89
2017-08-02,147052,19202812,75.270463,75.270463,74.408588,74.69588,0.287292,123
2017-08-03,127500,16456000,74.69588,74.983171,73.834004,73.834004,-0.861876,123
2017-08-04,73190,9478794,73.834004,74.69588,73.834004,74.69588,0.861876,62
2017-08-07,157614,20348706,74.983171,75.270463,73.546712,73.546712,-1.149168,155
2017-08-08,129963,16570278,73.546712,73.834004,72.972129,72.972129,-0.574583,130
2017-08-09,168482,21308435,72.972129,72.972129,72.397545,72.684837,-0.287292,142
2017-08-10,297752,37347760,73.25942,73.546712,71.535669,71.822961,-0.861876,243
2017-08-11,141786,17959858,71.248377,73.546712,71.248377,73.546712,1.723751,129
2017-08-14,219825,28274100,72.972129,74.983171,72.397545,72.684837,-0.861875,189
2017-08-15,99575,12713175,73.546712,73.834004,72.972129,73.546712,0.861875,87
2017-08-16,139466,17993580,73.546712,74.983171,73.25942,74.69588,1.149168,115
2017-08-17,101732,13285526,74.69588,75.270463,74.69588,74.983171,0.287291,97
2017-08-18,60170,7784185,74.69588,74.69588,74.121296,74.408588,-0.574583,61
2017-08-21,49006,6341786,74.121296,74.983171,74.121296,74.408588,0.0,48
2017-08-22,84350,10897024,74.69588,74.69588,73.834004,74.408588,0.0,86
2017-08-23,101400,13011100,74.408588,74.408588,73.25942,73.834004,-0.574584,94
2017-08-24,80768,10301072,73.834004,73.834004,72.972129,73.546712,-0.287292,83
2017-08-25,54587,6971428,72.972129,73.834004,72.972129,73.25942,-0.287292,63
2017-08-28,40545,5202531,73.546712,74.121296,73.546712,73.834004,0.574584,46
2017-08-29,35600,4572598,73.546712,74.121296,73.546712,73.834004,0.0,45
2017-08-30,46803,6036987,73.834004,74.408588,73.834004,74.408588,0.574584,51
2017-08-31,122157,15963724,74.69588,75.557755,74.408588,75.557755,1.149167,114
2017-09-01,164408,21741764,76.419631,76.706923,75.557755,76.132339,0.574584,140
2017-09-04,51176,6747232,76.132339,76.419631,75.270463,75.270463,-0.861876,49
2017-09-05,47314,6227948,75.557755,75.845047,75.557755,75.557755,0.287292,40
2017-09-06,36275,4759800,75.270463,76.132339,74.983171,76.132339,0.574584,47
2017-09-07,35178,4629996,76.132339,76.132339,75.270463,75.270463,-0.861876,38
2017-09-08,60123,7878613,74.69588,75.845047,74.69588,74.983171,-0.287292,45
2017-09-11,68620,9013646,75.845047,75.845047,75.270463,75.557755,0.574584,66
2017-09-12,113167,14939045,75.845047,76.132339,75.557755,75.845047,0.287292,82
2017-09-13,82921,10890993,75.845047,75.845047,74.983171,75.845047,0.0,81
2017-09-14,79070,10428485,75.845047,76.132339,75.270463,75.845047,0.0,53
2017-09-15,41118,5417312,75.845047,75.845047,75.557755,75.845047,0.0,38
2017-09-18,101228,13411666,76.132339,76.419631,75.845047,76.132339,0.287292,86
2017-09-19,63399,8365966,76.132339,76.132339,75.557755,75.557755,-0.574584,66
2017-09-20,38165,5019445,75.557755,75.845047,75.270463,75.845047,0.287292,35
2017-09-21,48030,6332020,75.845047,76.132339,75.557755,75.845047,0.0,44
2017-09-22,53098,6983936,75.557755,75.845047,75.270463,75.557755,-0.287292,44
2017-09-25,134221,17368672,75.270463,75.270463,74.121296,74.121296,-1.436459,117
2017-09-26,65310,8483420,74.408588,74.983171,74.408588,74.69588,0.574584,49
2017-09-27,40928,5337068,74.69588,75.270463,74.69588,75.270463,0.574583,46
2017-09-28,48185,6262050,75.270463,75.270463,74.408588,74.69588,-0.574583,41
2017-09-29,70289,9156502,74.69588,75.557755,74.408588,75.557755,0.861875,72
2017-09-30,42218,5569276,75.845047,76.132339,75.557755,75.845047,0.287292,33
2017-10-02,35189,4632515,75.845047,75.845047,75.270463,75.845047,0.0,36
2017-10-03,67058,8773156,75.270463,75.557755,74.69588,75.270463,-0.574584,65
2017-10-05,89368,11671208,75.270463,75.270463,74.69588,75.270463,0.0,78
2017-10-06,68048,8852740,74.983171,75.270463,74.408588,74.408588,-0.861875,85
2017-10-11,364454,46089791,72.972129,74.121296,71.822961,73.834004,-0.574584,265
2017-10-12,122507,15540396,73.834004,73.834004,72.397545,73.546712,-0.287292,118
2017-10-13,76917,9767914,73.546712,73.546712,72.684837,73.25942,-0.287292,83
2017-10-16,147452,18594452,72.972129,72.972129,72.110253,72.397545,-0.861875,122
2017-10-17,120368,15204550,72.397545,73.546712,72.110253,72.684837,0.287292,92
2017-10-18,91669,11548294,72.684837,73.25942,71.822961,72.684837,0.0,103
2017-10-19,24058,3030308,72.684837,72.684837,72.110253,72.110253,-0.574584,39
2017-10-20,298449,38433023,72.110253,74.983171,72.110253,74.983171,2.872918,205
2017-10-23,78668,10148337,74.983171,74.983171,73.546712,73.834004,-1.149167,78
2017-10-24,56216,7185648,73.25942,74.121296,72.972129,73.25942,-0.574584,47
2017-10-25,17934,2283083,73.25942,73.25942,72.972129,73.25942,0.0,26
2017-10-26,17800,2279700,73.25942,73.834004,73.25942,73.834004,0.574584,22
2017-10-27,35291,4509248,73.546712,73.834004,72.972129,72.972129,-0.861875,37
2017-10-30,28231,3577720,73.25942,73.25942,72.684837,72.684837,-0.287292,29
2017-10-31,108575,13788736,72.684837,74.121296,72.397545,72.397545,-0.287292,87
2017-11-01,30000,3800500,73.25942,73.25942,72.397545,73.25942,0.861875,28
2017-11-02,16648,2114119,72.972129,73.25942,72.684837,72.684837,-0.574583,21
2017-11-03,45418,5743293,73.25942,73.25942,72.397545,73.25942,0.574583,50
2017-11-06,20217,2562559,72.972129,72.972129,72.684837,72.972129,-0.287291,25
2017-11-07,18600,2355300,72.972129,72.972129,72.684837,72.972129,0.0,25
2017-11-08,24333,3078124,72.684837,72.972129,72.397545,72.972129,0.0,22
2017-11-09,18300,2323100,72.972129,72.972129,72.684837,72.972129,0.0,24
2017-11-10,80545,10243215,72.684837,74.121296,72.397545,72.972129,0.0,66
2017-11-13,46000,5825000,72.972129,72.972129,72.397545,72.684837,-0.287292,38
2017-11-14,116979,14733854,72.684837,72.972129,72.110253,72.397545,-0.287292,104
2017-11-15,66339,8404892,72.397545,73.25942,72.397545,73.25942,0.861875,54
2017-11-16,55300,7006748,72.972129,72.972129,72.397545,72.684837,-0.574583,50
2017-11-17,33912,4292208,72.684837,72.972129,72.397545,72.684837,0.0,41
2017-11-20,31010,3921290,72.684837,72.972129,72.397545,72.684837,0.0,32
2017-11-21,52652,6669304,72.684837,72.972129,72.397545,72.684837,0.0,57
2017-11-22,68456,8709093,72.684837,73.546712,72.684837,73.546712,0.861875,69
2017-11-23,13980,1781930,72.972129,73.25942,72.972129,73.25942,-0.287292,17
2017-11-24,63008,8055080,73.25942,74.121296,72.972129,74.121296,0.861876,57
2017-11-27,61425,7933825,74.121296,74.69588,73.834004,73.834004,-0.287292,66
2017-11-28,57374,7391746,74.121296,74.121296,73.834004,74.121296,0.287292,57
2017-11-29,192404,25109424,74.408588,75.270463,74.408588,75.270463,1.149167,147
2017-11-30,124628,16314768,75.270463,75.557755,74.69588,75.557755,0.287292,109
2017-12-01,90829,11849183,75.557755,75.557755,74.408588,74.983171,-0.574584,78
2017-12-04,14200,1850799,74.983171,74.983171,74.69588,74.983171,0.0,15
2017-12-05,60150,7773500,74.983171,75.270463,73.546712,74.408588,-0.574583,61
2017-12-06,89697,11588563,73.546712,75.270463,72.972129,73.546712,-0.861876,74
2017-12-07,28454,3651337,73.546712,74.121296,73.546712,74.121296,0.574584,33
2017-12-08,18238,2335821,73.546712,73.834004,73.546712,73.834004,-0.287292,21
2017-12-11,50034,6492920,74.121296,74.983171,74.121296,74.408588,0.574584,50
2017-12-12,46788,6075045,74.408588,74.983171,74.408588,74.408588,0.0,49
2017-12-13,37430,4873830,74.121296,74.983171,74.121296,74.69588,0.287292,40
2017-12-14,43157,5586410,74.69588,74.69588,74.121296,74.121296,-0.574584,41
2017-12-15,101001,13116633,74.983171,74.983171,74.121296,74.408588,0.287292,74
2017-12-18,56003,7221902,74.69588,74.69588,73.546712,73.834004,-0.574584,55
2017-12-19,79993,10239602,74.408588,74.408588,73.25942,73.25942,-0.574584,89
2017-12-20,32359,4134130,73.25942,73.546712,73.25942,73.546712,0.287292,34
2017-12-21,21267,2741809,74.121296,74.408588,73.834004,73.834004,0.287292,24
2017-12-22,28001,3607629,73.834004,74.121296,73.834004,74.121296,0.287292,22
2017-12-25,11148,1443332,74.69588,74.69588,74.121296,74.69588,0.574584,17
2017-12-26,24013,3100708,74.408588,74.408588,74.121296,74.121296,-0.574584,20
2017-12-27,18926,2431454,74.121296,74.408588,73.546712,74.121296,0.0,27
2017-12-28,18100,2338449,74.121296,74.408588,73.834004,74.408588,0.287292,19
2017-12-29,39828,5148640,74.408588,74.408588,74.121296,74.408588,0.0,46
2018-01-02,29097,3759707,74.121296,74.408588,74.121296,74.408588,0.0,30
2018-01-03,64050,8253625,74.408588,74.408588,73.834004,73.834004,-0.574584,52
2018-01-04,87411,11191811,73.834004,74.121296,73.25942,73.25942,-0.574584,78
2018-01-05,58377,7482821,73.546712,74.121296,73.546712,74.121296,0.861876,49
2018-01-08,52267,6729575,74.121296,74.121296,73.834004,73.834004,-0.287292,43
2018-01-09,93230,11970783,73.834004,74.121296,73.546712,73.546712,-0.287292,76
2018-01-10,130514,16620792,73.834004,73.834004,72.972129,73.25942,-0.287292,94
2018-01-11,69087,8831677,73.546712,73.546712,73.25942,73.546712,0.287292,57
2018-01-12,135227,17495510,73.25942,75.270463,73.25942,74.121296,0.574584,79
2018-01-15,63722,8238138,74.408588,74.408588,74.121296,74.121296,0.0,60
2018-01-16,33117,4282210,74.69588,74.69588,74.121296,74.408588,0.287292,26
2018-01-17,49001,6337131,74.121296,74.69588,74.121296,74.408588,0.0,47
2018-01-18,92734,12007285,74.408588,74.69588,74.121296,74.69588,0.287292,86
2018-01-19,106099,13725969,74.69588,74.69588,74.121296,74.408588,-0.287292,76
2018-01-22,64140,8291768,74.69588,74.69588,74.121296,74.121296,-0.287292,55
2018-01-23,57057,7370437,74.408588,74.408588,73.834004,74.121296,0.0,52
2018-01-24,78100,10022500,74.121296,74.121296,73.546712,74.121296,0.0,45
2018-01-25,25584,3287920,73.834004,73.834004,73.546712,73.834004,-0.287292,31
2018-01-26,76020,9748090,73.546712,74.121296,73.546712,73.834004,0.0,67
2018-01-29,67001,8589634,73.834004,74.121296,73.546712,73.546712,-0.287292,50
2018-01-30,38008,4879532,73.546712,74.121296,73.546712,74.121296,0.574584,43
2018-01-31,39598,5097142,74.121296,74.408588,73.546712,73.834004,-0.287292,43
2018-02-01,25199,3240770,74.121296,74.121296,73.834004,74.121296,0.287292,23
2018-02-02,35050,4505024,74.121296,74.121296,73.546712,74.121296,0.0,26
2018-02-05,53175,6819575,73.546712,74.121296,73.25942,74.121296,0.0,51
2018-02-06,203095,25670061,73.546712,73.546712,72.110253,72.397545,-1.723751,171
2018-02-07,54345,6885315,72.397545,73.25942,72.397545,72.684837,0.287292,69
2018-02-08,82599,10404871,72.684837,72.972129,72.110253,72.397545,-0.287292,65
2018-02-09,111315,13876367,71.535669,72.397545,71.248377,72.110253,-0.287292,84
2018-02-12,56788,7186576,72.110253,73.25942,72.110253,72.684837,0.574584,61
2018-02-21,47001,5975135,73.546712,73.546712,72.684837,73.25942,0.574583,52
2018-02-22,61001,7723627,72.972129,73.25942,72.397545,72.684837,-0.574583,67
2018-02-23,58783,7428941,73.25942,73.25942,72.397545,72.972129,0.287292,81
2018-02-26,48437,6131436,72.972129,72.972129,72.397545,72.972129,0.0,55
2018-02-27,46728,5915956,72.972129,72.972129,72.397545,72.684837,-0.287292,61
2018-03-01,61065,7703255,72.684837,72.684837,72.110253,72.397545,-0.287292,60
2018-03-02,47443,5963536,72.397545,72.397545,72.110253,72.110253,-0.287292,56
2018-03-05,33887,4255262,72.110253,72.397545,72.110253,72.110253,0.0,48
2018-03-06,96779,12085654,72.397545,72.397545,71.535669,71.535669,-0.574584,96
2018-03-07,64501,8034873,71.248377,71.822961,71.248377,71.535669,0.0,67
2018-03-08,35300,4416300,72.110253,72.110253,71.822961,71.822961,0.287292,41
2018-03-09,181661,23079447,72.684837,74.408588,72.110253,72.972129,1.149168,139
2018-03-12,71597,9103819,73.25942,73.25942,72.684837,72.972129,0.0,68
2018-03-13,90565,11524320,72.972129,73.546712,72.684837,72.972129,0.0,65
2018-03-14,37305,4732690,72.972129,72.972129,72.684837,72.972129,0.0,43
2018-03-15,31202,3956956,72.684837,72.972129,72.684837,72.684837,-0.287292,32
2018-03-16,87234,11123186,72.684837,73.546712,72.684837,73.546712,0.861875,76
2018-03-19,73005,9378140,73.546712,74.121296,73.25942,73.834004,0.287292,75
2018-03-20,37880,4850020,73.25942,74.121296,73.25942,73.834004,0.0,45
2018-03-21,577000,75982500,74.408588,76.419631,74.408588,75.557755,1.723751,490
2018-03-22,143809,18888788,76.132339,76.132339,74.983171,75.557755,0.0,281
2018-03-23,92190,12063270,74.408588,75.845047,74.121296,74.983171,-0.574584,160
2018-03-26,94516,12444798,74.983171,75.845047,74.983171,75.845047,0.861876,262
2018-03-27,83700,11039900,75.845047,76.132339,75.270463,75.557755,-0.287292,175
2018-03-28,54735,7178785,75.557755,75.557755,75.270463,75.270463,-0.287292,146
2018-03-29,69109,9088388,75.270463,75.845047,75.270463,75.270463,0.0,86
2018-03-30,35721,4699172,75.557755,75.845047,75.557755,75.557755,0.287292,63
2018-03-31,73458,9624207,75.557755,75.557755,74.983171,74.983171,-0.574584,103
2018-04-02,38213,5002616,74.983171,75.557755,74.983171,75.270463,0.287292,74
2018-04-03,63163,8264896,75.270463,75.557755,74.983171,74.983171,-0.287292,104
2018-04-09,67630,8813530,74.983171,75.270463,74.69588,74.983171,0.0,134
2018-04-10,111055,14404645,74.69588,74.983171,74.408588,74.408588,-0.574583,122
2018-04-11,75500,9767000,74.408588,74.69588,74.121296,74.121296,-0.287292,146
2018-04-12,38564,4987320,74.121296,74.69588,74.121296,74.69588,0.574584,48
2018-04-13,45021,5821419,74.121296,74.69588,74.121296,74.408588,-0.287292,47
2018-04-16,88203,11363217,74.408588,74.408588,73.546712,74.121296,-0.287292,75
2018-04-17,45607,5879303,74.121296,74.121296,73.834004,73.834004,-0.287292,55
2018-04-18,74150,9511900,73.834004,74.408588,73.546712,73.546712,-0.287292,42
2018-04-19,24004,3089024,73.546712,74.121296,73.546712,73.834004,0.287292,24
2018-04-20,30554,3952741,73.834004,74.69588,73.834004,74.408588,0.574584,43
2018-04-23,27000,3497500,74.983171,74.983171,74.121296,74.121296,-0.287292,27
2018-04-24,54000,6934000,74.69588,74.69588,73.25942,73.546712,-0.574584,40
2018-04-25,55337,7062639,73.546712,73.546712,73.25942,73.25942,-0.287292,57
2018-04-26,71000,9070500,73.25942,73.834004,72.972129,73.546712,0.287292,63
2018-04-27,28400,3645500,73.546712,74.121296,73.546712,74.121296,0.574584,24
2018-04-30,27195,3517655,74.121296,74.408588,74.121296,74.121296,0.0,34
2018-05-02,19177,2480095,74.121296,74.408588,74.121296,74.408588,0.287292,26
2018-05-03,41623,5389676,74.408588,74.69588,74.121296,74.121296,-0.287292,46
2018-05-04,206149,25998923,72.972129,73.25942,71.822961,72.972129,-1.149167,204
2018-05-07,50112,6372278,72.972129,73.546712,72.684837,72.972129,0.0,47
2018-05-08,32464,4142892,72.972129,73.546712,72.972129,73.546712,0.574583,34
2018-05-09,74530,9461870,72.972129,73.546712,72.397545,72.972129,-0.574583,67
2018-05-10,22200,2821100,72.972129,73.546712,72.972129,72.972129,0.0,19
2018-05-11,34050,4330974,73.25942,73.25942,72.684837,72.972129,0.0,34
2018-05-14,78521,9955667,72.972129,73.546712,72.110253,72.684837,-0.287292,71
2018-05-15,25287,3194949,72.684837,72.972129,72.397545,72.684837,0.0,30
2018-05-16,49161,6159363,71.535669,72.684837,71.535669,72.684837,0.0,57
2018-05-17,43100,5429350,72.684837,72.684837,72.110253,72.684837,0.0,37
2018-05-18,38087,4797049,72.397545,72.684837,72.110253,72.397545,-0.287292,30
2018-05-21,34813,4399442,72.397545,72.972129,72.110253,72.397545,0.0,33
2018-05-22,36301,4577075,72.397545,72.684837,72.110253,72.684837,0.287292,36
2018-05-23,30779,3889944,72.397545,72.684837,72.397545,72.397545,-0.287292,31
2018-05-24,113628,14340256,72.397545,72.972129,72.110253,72.972129,0.574584,82
2018-05-25,13338,1691256,72.972129,73.25942,72.397545,72.684837,-0.287292,18
2018-05-28,19564,2486906,73.25942,73.25942,72.684837,73.25942,0.574583,25
2018-05-29,54130,6850074,73.25942,73.546712,72.397545,72.972129,-0.287291,40
2018-05-30,41201,5208027,72.972129,73.25942,72.397545,72.972129,0.0,36
2018-05-31,113631,14524899,72.397545,74.69588,72.397545,74.69588,1.723751,86
2018-06-01,44879,5776451,74.121296,74.121296,73.25942,73.834004,-0.861876,53
2018-06-04,36300,4676700,73.834004,74.121296,73.834004,74.121296,0.287292,28
2018-06-05,19545,2495485,73.546712,73.546712,73.25942,73.25942,-0.861876,29
2018-06-06,38049,4843772,72.972129,73.546712,72.972129,73.546712,0.287292,30
2018-06-07,11423,1463644,73.546712,73.834004,73.546712,73.546712,0.0,17
2018-06-08,29734,3813319,73.834004,74.121296,73.546712,73.546712,0.0,27
2018-06-11,22291,2872039,74.121296,74.408588,73.834004,74.121296,0.574584,26
2018-06-12,25089,3235070,74.121296,74.121296,73.834004,74.121296,0.0,25
2018-06-13,47606,6139674,74.121296,74.408588,73.546712,74.121296,0.0,54
2018-06-14,25151,3238554,74.121296,74.121296,73.546712,74.121296,0.0,23
2018-06-15,58127,7475883,74.121296,74.121296,73.546712,74.121296,0.0,45
2018-06-19,64207,8237910,74.121296,74.121296,73.546712,73.546712,-0.574584,39
2018-06-20,43473,5566280,73.546712,73.834004,73.546712,73.546712,0.0,36
2018-06-21,145782,18680378,74.121296,74.121296,73.546712,74.121296,0.574584,54
2018-06-22,33094,4259626,74.121296,74.121296,73.546712,74.121296,0.0,32
2018-06-25,58101,7512630,73.834004,74.69588,73.834004,74.408588,0.287292,37
2018-06-26,28007,3615417,74.121296,74.408588,73.834004,74.408588,0.0,28
2018-06-27,82227,10675510,74.408588,74.69588,74.408588,74.408588,0.0,56
2018-06-28,60108,7769540,74.121296,74.69588,73.834004,74.121296,-0.287292,37
2018-06-29,75038,9693459,74.408588,74.69588,74.121296,74.121296,0.0,44
2018-07-02,62148,8055740,74.408588,74.69588,74.408588,74.408588,0.287292,38
2018-07-03,94781,12328418,74.408588,74.983171,74.408588,74.983171,0.574583,75
2018-07-04,92199,12036569,75.270463,75.270463,74.408588,74.983171,0.0,61
2018-07-05,128129,16692962,74.983171,75.270463,74.408588,74.983171,0.0,107
2018-07-06,248677,32293510,74.983171,74.983171,74.408588,74.408588,-0.574583,157
2018-07-09,216938,26918188,76.868376,76.868376,75.638482,75.945955,1.537367,145
2018-07-10,64340,7971880,76.868376,76.868376,75.945955,75.945955,0.0,55
2018-07-11,85540,10606540,76.253429,76.560902,75.638482,76.560902,0.614947,70
2018-07-12,71010,8835760,76.560902,76.868376,76.253429,76.560902,0.0,51
2018-07-13,51584,6400706,76.253429,76.560902,75.945955,76.560902,0.0,54
2018-07-16,60140,7503069,76.560902,76.868376,76.560902,76.560902,0.0,54
2018-07-17,59745,7491125,76.868376,77.483323,76.560902,77.483323,0.922421,63
2018-07-18,27020,3402520,77.483323,77.790796,77.175849,77.175849,-0.307474,27
2018-07-19,29285,3684910,77.175849,77.483323,77.175849,77.483323,0.307474,31
2018-07-20,69824,8832148,77.483323,78.09827,77.483323,78.09827,0.614947,61
2018-07-23,25098,3191494,78.713217,78.713217,78.09827,78.405743,0.307473,24
2018-07-24,47269,6027026,78.713217,78.713217,78.09827,78.09827,-0.307473,50
2018-07-25,46220,5882220,78.09827,78.713217,78.09827,78.09827,0.0,39
2018-07-26,29003,3685384,78.405743,78.405743,77.790796,78.09827,0.0,31
2018-07-27,34307,4366489,78.09827,78.713217,78.09827,78.405743,0.307473,33
2018-07-30,34264,4371792,78.713217,78.713217,78.405743,78.405743,0.0,30
2018-07-31,98662,12657903,78.713217,79.328164,78.713217,78.713217,0.307474,81
2018-08-01,64815,8343820,79.02069,79.328164,79.02069,79.328164,0.614947,57
2018-08-02,66025,8534237,79.635637,79.943111,79.02069,79.635637,0.307473,55
2018-08-03,127319,16647289,79.635637,80.865531,79.635637,80.558058,0.922421,117
2018-08-06,320144,42939796,81.480478,83.325319,81.480478,82.710372,2.152314,240
2018-08-07,351854,48289644,83.632793,85.17016,83.632793,84.24774,1.537368,249
2018-08-08,214631,29437447,84.862687,85.17016,83.632793,84.555213,0.307473,162
2018-08-09,369969,51293784,85.17016,86.092581,84.24774,84.24774,-0.307473,288
2018-08-10,128535,17776830,84.555213,85.477634,84.555213,85.477634,1.229894,124
2018-08-13,216425,29282375,85.477634,85.785107,81.480478,83.017846,-2.459788,186
2018-08-14,85632,11685262,83.017846,84.862687,83.017846,83.940266,0.92242,91
2018-08-15,215433,29802687,83.940266,85.785107,83.940266,85.785107,1.844841,204
2018-08-16,244717,34147803,85.785107,86.400054,84.862687,85.477634,-0.307473,190
2018-08-17,216977,30528766,86.400054,86.707528,86.092581,86.707528,1.229894,144
2018-08-20,107038,14998875,86.707528,86.707528,85.785107,86.400054,-0.307474,99
2018-08-21,70660,9864728,85.477634,86.400054,85.477634,86.400054,0.0,77
2018-08-22,117140,16282600,86.400054,86.400054,85.17016,85.785107,-0.614947,93
2018-08-23,96343,13428347,86.092581,86.400054,84.862687,86.092581,0.307474,92
2018-08-24,29453,4101467,86.092581,86.092581,85.17016,85.477634,-0.614947,38
2018-08-27,117075,16391925,86.092581,86.400054,85.785107,86.092581,0.614947,109
2018-08-28,103100,14512600,86.092581,86.707528,86.092581,86.707528,0.614947,93
2018-08-29,518093,74389892,87.322475,89.474789,87.322475,88.859842,2.152314,374
2018-08-30,122238,17594272,88.859842,88.859842,88.244895,88.244895,-0.614947,109
2018-08-31,104706,15002958,87.629948,88.552369,87.322475,87.937422,-0.307473,80
2018-09-03,94337,13439191,87.937422,88.859842,86.707528,87.322475,-0.614947,78
2018-09-04,36001,5106642,87.322475,87.322475,87.015001,87.015001,-0.307474,29
2018-09-05,118791,16665822,87.015001,87.015001,85.785107,86.707528,-0.307473,94
2018-09-06,87485,12208900,85.785107,86.092581,85.477634,86.092581,-0.614947,91
2018-09-07,125491,17358749,86.092581,86.092581,84.862687,85.477634,-0.614947,122
2018-09-10,194890,26908320,85.785107,86.092581,84.24774,85.17016,-0.307474,172
2018-09-11,53000,7321500,85.17016,85.17016,84.862687,84.862687,-0.307473,48
2018-09-12,120358,16779262,84.862687,86.092581,84.862687,86.092581,1.229894,114
2018-09-13,93300,13166400,86.707528,88.244895,86.092581,87.937422,1.844841,81
2018-09-14,71100,10145800,87.937422,88.552369,87.322475,87.629948,-0.307474,63
2018-09-17,34285,4853325,87.629948,87.629948,86.707528,87.015001,-0.614947,41
2018-09-18,104210,14671003,86.707528,87.322475,85.785107,86.400054,-0.614947,90
2018-09-19,187099,26773204,87.015001,88.552369,87.015001,88.244895,1.844841,163
2018-09-20,83781,11845902,88.244895,88.244895,86.400054,87.322475,-0.92242,80
2018-09-21,96202,13661484,87.322475,88.244895,86.400054,88.244895,0.92242,80
2018-09-25,95307,13509245,87.937422,88.244895,86.092581,87.629948,-0.614947,90
2018-09-26,79059,11138348,87.937422,87.937422,86.400054,86.707528,-0.92242,50
2018-09-27,70462,9946104,86.707528,87.322475,86.400054,87.322475,0.614947,75
2018-09-28,81231,11461917,86.707528,87.322475,86.092581,87.322475,0.0,76
2018-10-01,51524,7287645,86.400054,87.629948,86.400054,86.707528,-0.614947,48
2018-10-02,45189,6365243,86.707528,87.015001,86.400054,87.015001,0.307473,44
2018-10-03,44524,6265646,86.400054,87.015001,86.400054,86.707528,-0.307473,48
2018-10-04,54101,7587741,86.707528,86.707528,86.092581,86.092581,-0.614947,53
2018-10-05,211121,29126198,85.477634,85.785107,83.940266,85.477634,-0.614947,175
2018-10-08,71551,9878808,84.862687,85.477634,84.555213,85.17016,-0.307474,72
2018-10-09,91304,12673907,86.092581,86.092581,84.862687,85.17016,0.0,74
2018-10-11,412629,55479727,83.632793,83.940266,82.095425,83.017846,-2.152314,271
2018-10-12,146220,19643027,81.173005,83.632793,81.173005,83.325319,0.307473,134
2018-10-15,89505,12173429,83.632793,84.24774,83.325319,83.325319,0.0,86
2018-10-16,85861,11688386,83.632793,84.555213,83.325319,83.940266,0.614947,74
2018-10-17,138387,19009211,83.940266,85.17016,83.632793,84.555213,0.614947,125
2018-10-18,165557,23109537,84.555213,86.707528,84.24774,86.092581,1.537368,140
2018-10-19,572154,81762676,86.092581,89.167316,86.092581,89.167316,3.074735,391
2018-10-22,202667,29326215,88.552369,89.474789,87.937422,89.474789,0.307473,188
2018-10-23,302456,43923975,88.552369,91.934577,87.322475,87.937422,-1.537367,293
2018-10-24,191430,27425920,88.552369,88.859842,86.400054,88.859842,0.92242,169
2018-10-25,185125,26362875,86.707528,88.244895,86.707528,87.937422,-0.92242,152
2018-10-26,132519,18979736,88.552369,89.167316,87.015001,88.552369,0.614947,136
2018-10-29,67692,9658605,88.552369,88.859842,87.322475,87.629948,-0.922421,78
2018-10-30,63116,8977028,88.244895,88.244895,86.707528,87.629948,0.0,67
2018-10-31,121750,17390874,88.244895,88.244895,87.322475,88.244895,0.614947,104
2018-11-01,63069,8975867,88.244895,88.244895,87.322475,87.322475,-0.92242,56
2018-11-02,77301,10983392,87.322475,87.937422,86.707528,87.629948,0.307473,67
2018-11-05,71424,10083784,86.707528,87.322475,86.707528,86.707528,-0.92242,68
2018-11-06,59266,8318006,87.322475,87.322475,86.092581,86.092581,-0.614947,59
2018-11-07,54318,7703314,86.400054,87.937422,86.400054,87.629948,1.537367,57
2018-11-08,78209,11154991,87.937422,87.937422,87.322475,87.629948,0.0,67
2018-11-09,231291,33169758,88.552369,89.167316,87.629948,88.244895,0.614947,194
2018-11-12,28239,4044677,87.937422,88.244895,87.629948,87.937422,-0.307473,31
2018-11-13,66502,9473034,87.322475,87.937422,87.015001,87.937422,0.0,66
2018-11-14,59225,8444561,87.937422,87.937422,87.322475,87.937422,0.0,63
2018-11-15,39215,5563030,87.629948,87.629948,87.015001,87.015001,-0.922421,45
2018-11-16,67343,9525078,87.015001,87.322475,86.707528,87.322475,0.307474,61
2018-11-19,24820,3520526,87.322475,87.322475,87.015001,87.322475,0.0,37
2018-11-20,31200,4408299,87.015001,87.015001,86.707528,86.707528,-0.614947,30
2018-11-21,39100,5517249,86.707528,87.322475,86.400054,87.322475,0.614947,38
2018-11-22,42250,6000624,87.322475,87.937422,86.707528,87.629948,0.307473,42
2018-11-23,24060,3393020,87.322475,87.322475,86.400054,86.400054,-1.229894,27
2018-11-26,22000,3106000,86.400054,87.322475,86.400054,86.707528,0.307474,21
2018-11-27,20003,2817929,86.707528,86.707528,86.400054,86.707528,0.0,20
2018-11-28,24517,3440154,86.400054,86.707528,86.092581,86.400054,-0.307474,30
2018-11-29,31958,4504096,86.707528,87.015001,86.400054,86.400054,0.0,42
2018-11-30,86116,12158972,86.400054,87.322475,86.400054,87.322475,0.922421,74
2018-12-03,50250,7158124,87.322475,87.937422,87.322475,87.322475,0.0,51
2018-12-04,90114,12866351,87.322475,87.937422,87.322475,87.937422,0.614947,77
2018-12-05,17203,2441722,87.629948,87.629948,87.015001,87.015001,-0.922421,23
2018-12-06,39000,5478000,87.015001,87.015001,86.092581,86.092581,-0.92242,39
2018-12-07,30000,4220500,87.322475,87.322475,86.092581,86.092581,0.0,28
2018-12-10,131753,18180288,85.477634,85.477634,84.555213,84.555213,-1.537368,134
2018-12-11,78516,10753949,84.555213,84.555213,83.940266,84.24774,-0.307473,74
2018-12-12,105500,14536500,84.24774,85.477634,84.24774,85.477634,1.229894,91
2018-12-13,25603,3557117,84.862687,85.785107,84.862687,85.785107,0.307473,31
2018-12-14,23400,3252900,85.785107,85.785107,85.17016,85.17016,-0.614947,24
2018-12-17,24905,3427436,85.17016,85.17016,84.24774,84.555213,-0.614947,30
2018-12-18,25283,3480054,84.555213,85.17016,84.24774,85.17016,0.614947,31
2018-12-19,7080,974540,84.862687,84.862687,84.24774,84.555213,-0.614947,10
2018-12-20,25081,3449136,84.555213,85.17016,84.24774,84.24774,-0.307473,28
2018-12-21,144205,19689891,83.632793,84.555213,83.325319,84.555213,0.307473,79
2018-12-22,52002,7063774,84.24774,84.24774,83.017846,83.325319,-1.229894,47
2018-12-24,54185,7319751,83.325319,83.325319,82.710372,83.017846,-0.307473,55
2018-12-25,55200,7352500,82.402899,82.402899,81.480478,82.402899,-0.614947,54
2018-12-26,18202,2442072,82.710372,82.710372,82.402899,82.402899,0.0,21
2018-12-27,18172,2452477,83.325319,83.325319,82.710372,83.017846,0.614947,21
2018-12-28,3101,418285,83.017846,83.017846,82.710372,83.017846,0.0,6
2019-01-02,62101,8451285,83.017846,84.24774,83.017846,83.017846,0.0,54
2019-01-03,46300,6289450,83.017846,84.555213,83.017846,83.017846,0.0,45
2019-01-04,41370,5602501,83.632793,83.632793,83.017846,83.632793,0.614947,46
2019-01-07,32033,4359063,84.24774,84.24774,83.325319,83.632793,0.0,44
2019-01-08,48295,6602562,84.24774,84.24774,83.632793,83.940266,0.307473,45
2019-01-09,20001,2743640,84.24774,84.555213,84.24774,84.24774,0.307474,19
2019-01-10,15109,2073651,84.555213,84.555213,84.24774,84.24774,0.0,19
2019-01-11,41000,5624000,84.862687,84.862687,84.24774,84.555213,0.307473,35
2019-01-14,35200,4837100,84.862687,84.862687,84.24774,84.24774,-0.307473,36
2019-01-15,41352,5687428,84.555213,84.862687,84.24774,84.862687,0.614947,43
2019-01-16,70001,9705142,84.862687,85.785107,84.862687,84.862687,0.0,70
2019-01-17,70800,9822400,84.862687,86.092581,84.862687,85.477634,0.614947,63
2019-01-18,93126,13065140,85.477634,87.015001,85.17016,86.092581,0.614947,92
2019-01-21,35172,4911080,86.092581,86.092581,85.477634,85.477634,-0.614947,79
2019-01-22,36081,5044840,86.400054,86.707528,85.785107,85.785107,0.307473,33
2019-01-23,9425,1314500,85.477634,86.092581,85.477634,85.477634,-0.307473,16
2019-01-24,21569,2992591,85.785107,85.785107,85.17016,85.17016,-0.307474,31
2019-01-25,56001,7759143,85.477634,85.785107,84.862687,84.862687,-0.307473,49
2019-01-28,42100,5856500,84.862687,85.785107,84.862687,85.477634,0.614947,42
2019-01-29,87000,12074000,85.477634,85.785107,84.862687,85.17016,-0.307474,43
2019-01-30,47002,6542282,85.785107,85.785107,85.17016,85.477634,0.307474,43
2019-02-11,66133,9226253,85.477634,86.092581,85.477634,85.785107,0.307473,73
2019-02-12,135057,19011379,85.785107,87.015001,85.785107,86.707528,0.922421,75
2019-02-13,212186,30117875,87.015001,87.322475,87.015001,87.322475,0.614947,101
2019-02-14,184702,26339386,87.937422,87.937422,87.322475,87.629948,0.307473,95
2019-02-15,67050,9591800,87.937422,88.244895,87.629948,87.937422,0.307474,64
2019-02-18,72249,10396854,88.552369,88.552369,88.244895,88.552369,0.614947,100
2019-02-19,54303,7845541,88.552369,89.167316,88.552369,88.859842,0.307473,83
2019-02-20,43143,6252021,88.859842,89.167316,88.859842,89.167316,0.307474,49
2019-02-21,43025,6226103,89.167316,89.474789,88.552369,88.859842,-0.307474,64
2019-02-22,76107,10903564,88.859842,88.859842,87.629948,88.244895,-0.614947,77
2019-02-25,74009,10620805,88.244895,88.859842,87.937422,88.244895,0.0,66
2019-02-26,105005,15082245,87.937422,88.552369,87.937422,88.552369,0.307474,97
2019-02-27,45215,6506960,88.552369,88.552369,88.244895,88.552369,0.0,63
2019-03-04,147723,21386835,88.859842,89.167316,88.552369,89.167316,0.614947,121
2019-03-05,252837,37071202,89.474789,91.012157,89.474789,89.782263,0.614947,189
2019-03-06,159367,23524183,89.782263,91.31963,89.782263,91.012157,1.229894,149
2019-03-07,101313,15022824,91.012157,91.627104,90.704683,91.012157,0.0,99
2019-03-08,57500,8507000,91.012157,91.627104,90.39721,91.012157,0.0,70
2019-03-11,47545,6967160,90.089736,90.704683,89.474789,90.39721,-0.614947,57
2019-03-12,86442,12739751,90.39721,91.012157,90.089736,90.089736,-0.307474,77
2019-03-13,49572,7293656,90.089736,91.012157,90.089736,91.012157,0.922421,53
2019-03-14,74062,10938266,91.31963,91.31963,90.39721,91.012157,0.0,68
2019-03-15,80063,11898387,90.704683,91.627104,90.704683,91.627104,0.614947,78
2019-03-18,132120,19744500,91.31963,92.549524,91.31963,92.549524,0.92242,124
2019-03-19,104831,15651399,92.549524,92.549524,91.31963,91.31963,-1.229894,100
2019-03-20,92770,13807230,91.012157,92.242051,91.012157,91.627104,0.307474,80
2019-03-21,169071,24945437,91.934577,91.934577,90.39721,90.39721,-1.229894,105
2019-03-22,442035,66702250,93.471945,93.471945,91.934577,92.242051,1.844841,324
2019-03-25,102115,15297920,92.242051,92.549524,91.31963,92.549524,0.307473,87
2019-03-26,178712,26944724,92.856998,93.471945,91.934577,92.856998,0.307474,138
2019-03-27,110762,16776824,93.471945,93.471945,92.856998,93.164471,0.307473,93
2019-03-28,162138,24447700,93.164471,93.471945,92.242051,92.242051,-0.92242,147
2019-03-29,125212,18796614,92.242051,93.164471,91.934577,92.242051,0.0,115
2019-04-01,111178,16695783,92.242051,92.856998,91.934577,91.934577,-0.307474,112
2019-04-02,179297,26762753,92.242051,92.856998,91.31963,91.31963,-0.614947,152
2019-04-03,147461,22074650,91.627104,92.242051,91.627104,92.242051,0.922421,113
2019-04-08,143186,21423803,92.549524,92.549524,91.31963,91.31963,-0.922421,137
2019-04-09,293836,44026812,91.627104,92.549524,91.627104,92.242051,0.922421,200
2019-04-10,224067,33447550,92.242051,92.242051,91.31963,91.627104,-0.614947,173
2019-04-11,141258,21170700,92.242051,92.242051,91.934577,92.242051,0.614947,123
2019-04-12,81019,12146369,92.242051,92.242051,91.934577,92.242051,0.0,79
2019-04-15,69110,10337110,92.242051,92.242051,91.934577,91.934577,-0.307474,58
2019-04-16,161902,24243800,92.242051,92.242051,91.934577,92.242051,0.307474,158
2019-04-17,122180,18315590,92.549524,92.549524,91.934577,92.242051,0.0,106
2019-04-18,132409,19774969,92.242051,92.242051,91.31963,91.627104,-0.614947,93
2019-04-19,112468,16747963,91.627104,91.934577,91.31963,91.627104,0.0,79
2019-04-22,72150,10766750,91.627104,91.934577,91.627104,91.627104,0.0,50
2019-04-23,62545,9339750,91.627104,92.242051,91.627104,92.242051,0.614947,62
2019-04-24,88194,13239294,92.242051,92.549524,91.934577,92.549524,0.307473,63
2019-04-25,63001,9464155,92.242051,92.549524,92.242051,92.549524,0.0,54
2019-04-26,60240,9049700,92.856998,92.856998,91.934577,92.242051,-0.307473,65
2019-04-29,95401,14313150,92.242051,92.549524,92.242051,92.242051,0.0,96
2019-04-30,67719,10176206,92.242051,92.549524,92.242051,92.549524,0.307473,62
2019-05-02,177320,26811476,92.549524,93.471945,92.549524,93.471945,0.922421,138
2019-05-03,152020,23147060,93.471945,94.086892,93.164471,93.471945,0.0,143
2019-05-06,129039,19369928,92.856998,92.856998,91.934577,92.242051,-1.229894,89
2019-05-07,48358,7261058,92.242051,92.549524,91.627104,92.549524,0.307473,47
2019-05-08,132674,19923100,92.549524,92.549524,91.934577,92.242051,-0.307473,124
2019-05-09,160277,24065104,92.549524,92.856998,91.934577,91.934577,-0.307474,126
2019-05-10,66042,9871884,91.934577,92.242051,91.627104,92.242051,0.307474,62
2019-05-13,67003,9999453,91.934577,92.242051,91.627104,91.627104,-0.614947,69
2019-05-14,176094,25913600,91.31963,91.31963,89.167316,91.012157,-0.614947,166
2019-05-15,92158,13614042,91.012157,91.627104,90.39721,90.39721,-0.614947,97
2019-05-16,196236,28550692,90.39721,90.39721,89.167316,89.167316,-1.229894,175
2019-05-17,116249,16916103,89.167316,89.782263,89.167316,89.167316,0.0,110
2019-05-20,147562,21274706,89.167316,89.474789,87.937422,88.244895,-0.922421,149
2019-05-21,141400,20389200,88.244895,89.167316,88.244895,88.859842,0.614947,139
2019-05-22,216389,31139209,88.859842,89.167316,87.937422,88.552369,-0.307473,225
2019-05-23,101250,14579250,88.859842,88.859842,88.244895,88.552369,0.0,109
2019-05-24,131984,19147171,88.859842,89.474789,88.552369,89.474789,0.92242,148
2019-05-27,155578,22715388,89.474789,90.39721,89.474789,89.474789,0.0,144
2019-05-28,611366,91419216,90.089736,92.549524,89.167316,92.549524,3.074735,2194
2019-05-29,192782,28408236,91.012157,91.012157,89.782263,90.39721,-2.152314,179
2019-05-30,220614,32317949,90.089736,91.012157,89.474789,89.782263,-0.614947,200
2019-05-31,121443,17812397,89.782263,90.704683,89.782263,90.089736,0.307473,122
2019-06-03,83626,12317335,90.089736,91.012157,89.782263,90.704683,0.614947,86
2019-06-04,87250,12898624,90.704683,91.31963,90.704683,91.012157,0.307474,87
2019-06-05,98380,14531240,91.012157,91.012157,90.39721,91.012157,0.0,84
2019-06-06,240773,35130966,91.627104,91.627104,89.167316,89.474789,-1.537368,211
2019-06-10,239239,34380770,87.937422,89.782263,87.937422,89.474789,0.0,223
2019-06-11,31875,4606500,88.552369,89.167316,88.552369,88.859842,-0.614947,46
2019-06-12,93001,13392644,88.859842,88.859842,88.244895,88.552369,-0.307473,92
2019-06-13,82984,11980180,88.552369,89.474789,88.244895,89.167316,0.614947,82
2019-06-14,29540,4285800,89.167316,89.474789,88.859842,89.474789,0.307473,39
2019-06-17,103420,15170529,89.167316,90.704683,89.167316,90.39721,0.922421,84
2019-06-18,72580,10691260,90.39721,91.012157,90.39721,91.012157,0.614947,72
2019-06-19,275577,40081665,90.704683,90.704683,88.859842,89.167316,-1.844841,231
2019-06-20,168127,24614796,89.167316,91.31963,88.859842,90.39721,1.229894,117
2019-06-21,120999,17694854,90.39721,90.39721,89.782263,89.782263,-0.614947,88
2019-06-24,134700,19767900,89.782263,91.012157,89.782263,90.704683,0.92242,116
2019-06-25,120510,17605715,90.39721,90.704683,89.167316,89.782263,-0.92242,91
2019-06-26,82133,11996984,89.782263,90.39721,89.474789,89.782263,0.0,75
2019-06-27,69688,10196324,90.089736,90.39721,89.782263,90.39721,0.614947,69
2019-06-28,111480,16324540,90.39721,90.704683,89.782263,90.089736,-0.307474,102
2019-07-01,249628,36567316,90.39721,90.704683,89.474789,90.39721,0.307474,183
2019-07-02,184406,27061088,90.39721,90.704683,89.782263,90.39721,0.0,148
2019-07-03,525272,77372256,90.39721,91.012157,90.089736,91.012157,0.614947,337
2019-07-04,386102,53454086,91.344318,92.672963,91.344318,91.676479,0.664322,337
2019-07-05,145489,20245427,92.00864,93.005124,92.00864,92.672963,0.996484,122
2019-07-08,62531,8748402,93.337285,93.337285,92.672963,93.005124,0.332161,66
2019-07-09,109300,15160950,92.00864,92.340802,91.676479,92.340802,-0.664322,101
2019-07-10,104382,14478670,92.340802,92.340802,91.676479,92.340802,0.0,106
2019-07-11,203344,27973641,92.340802,92.340802,90.679996,91.344318,-0.996484,167
2019-07-12,147431,20284123,91.676479,92.00864,90.679996,92.00864,0.664322,133
2019-07-15,73700,10149449,92.00864,92.00864,91.012157,91.676479,-0.332161,60
2019-07-16,63900,8796647,91.676479,92.00864,91.012157,91.344318,-0.332161,70
2019-07-17,76308,10501312,92.00864,92.00864,91.012157,91.344318,0.0,75
2019-07-18,27688,3801098,91.344318,91.344318,91.012157,91.012157,-0.332161,37
2019-07-19,69249,9482736,91.012157,91.344318,90.679996,91.012157,0.0,68
2019-07-22,67633,9247354,91.012157,91.012157,90.347835,90.679996,-0.332161,66
2019-07-23,61850,8430525,90.679996,91.012157,90.347835,90.347835,-0.332161,63
2019-07-24,70261,9521626,90.347835,90.347835,89.683512,90.015673,-0.332162,67
2019-07-25,55699,7533413,90.015673,90.347835,89.683512,90.347835,0.332162,60
2019-07-26,56384,7611724,90.015673,90.015673,89.351351,89.683512,-0.664323,56
2019-07-29,48438,6559568,89.683512,90.347835,89.683512,90.347835,0.664323,52
2019-07-30,45381,6160816,90.347835,90.347835,90.015673,90.015673,-0.332162,40
2019-07-31,59050,8003850,90.015673,90.347835,89.683512,90.347835,0.332162,42
2019-08-01,31536,4289432,90.347835,90.347835,90.347835,90.347835,0.0,32
2019-08-02,74040,10007480,90.347835,90.347835,89.01919,90.015673,-0.332162,46
2019-08-05,107355,14359635,90.015673,90.347835,87.690545,88.354868,-1.660805,85
2019-08-06,125251,16429506,87.690545,87.690545,86.361901,87.690545,-0.664323,126
2019-08-07,110000,14481500,87.690545,88.354868,86.694062,86.694062,-0.996483,120
2019-08-08,76638,10025893,86.694062,87.358384,86.694062,87.026223,0.332161,86
2019-08-12,70619,9325565,87.026223,88.354868,87.026223,88.354868,1.328645,72
2019-08-13,55971,7432614,88.354868,88.354868,88.022707,88.022707,-0.332161,56
2019-08-14,60500,8035249,88.354868,88.687029,88.022707,88.022707,0.0,61
2019-08-15,99001,13173634,88.022707,89.351351,87.690545,88.022707,0.0,94
2019-08-16,56425,7548375,88.022707,89.351351,88.022707,89.01919,0.996483,58
2019-08-19,136051,18065436,89.01919,89.01919,87.358384,88.022707,-0.996483,113
2019-08-20,72553,9596324,88.022707,88.022707,87.358384,87.690545,-0.332162,56
2019-08-21,93950,12371900,87.690545,88.022707,87.026223,87.358384,-0.332161,86
2019-08-22,147349,19627766,87.690545,88.687029,87.358384,88.687029,1.328645,134
2019-08-23,87545,11774799,89.351351,89.683512,89.01919,89.01919,0.332161,84
2019-08-26,71696,9495656,89.01919,89.01919,87.358384,88.022707,-0.996483,63
2019-08-27,14144,1884940,89.01919,89.01919,88.354868,88.354868,0.332161,17
2019-08-28,52003,6873902,87.690545,88.354868,87.690545,87.690545,-0.664323,46
2019-08-29,23437,3097337,87.690545,88.022707,87.690545,87.690545,0.0,32
2019-08-30,36576,4855891,88.354868,88.354868,88.022707,88.022707,0.332162,45
2019-09-02,25749,3418488,88.022707,88.354868,88.022707,88.354868,0.332161,35
2019-09-03,24379,3237665,88.354868,88.354868,88.022707,88.022707,-0.332161,28
2019-09-04,68102,9089168,88.354868,89.01919,88.354868,88.354868,0.332161,60
2019-09-05,26866,3581608,88.354868,88.687029,88.354868,88.687029,0.332161,35
2019-09-06,43766,5865910,88.687029,89.351351,88.687029,89.01919,0.332161,39
2019-09-09,21526,2889510,89.683512,89.683512,88.687029,88.687029,-0.332161,26
2019-09-10,19033,2556436,88.687029,89.683512,88.687029,89.351351,0.664322,28
2019-09-11,42260,5680469,89.351351,89.683512,89.01919,89.01919,-0.332161,47
2019-09-12,21249,2849115,88.687029,89.351351,88.687029,88.687029,-0.332161,33
2019-09-16,96885,12888760,88.687029,89.351351,87.690545,87.690545,-0.996484,106
2019-09-17,9117,1214061,88.354868,88.687029,88.354868,88.354868,0.664323,26
2019-09-18,53430,7142120,88.354868,89.351351,88.354868,88.687029,0.332161,59
2019-09-19,81569,11005815,89.01919,90.015673,89.01919,89.683512,0.996483,79
2019-09-20,26090,3517830,89.351351,89.683512,89.351351,89.683512,0.0,26
2019-09-23,64059,8579583,89.01919,89.351351,88.687029,88.687029,-0.996483,65
2019-09-24,48419,6480065,88.687029,89.351351,88.354868,89.351351,0.664322,47
2019-09-25,30571,4088797,89.351351,89.351351,88.687029,89.351351,0.0,42
2019-09-26,53663,7158670,88.687029,89.351351,88.354868,88.354868,-0.996483,53
2019-09-27,92453,12228973,88.354868,88.354868,87.690545,88.022707,-0.332161,81
2019-10-01,106174,14037729,88.022707,88.354868,87.358384,87.690545,-0.332162,78
2019-10-02,46636,6170588,87.358384,88.354868,87.358384,88.354868,0.664323,51
2019-10-03,14573,1926919,88.354868,88.354868,87.690545,87.690545,-0.664323,23
2019-10-04,26357,3480159,87.690545,88.022707,87.690545,87.690545,0.0,32
2019-10-07,75450,9962350,87.690545,88.022707,87.690545,87.690545,0.0,56
2019-10-08,38113,5034029,87.690545,88.022707,87.358384,87.358384,-0.332161,40
2019-10-09,13265,1749245,87.358384,87.690545,87.358384,87.690545,0.332161,16
2019-10-14,66750,8814750,88.354868,88.354868,87.358384,87.690545,0.0,70
2019-10-15,42370,5604210,87.358384,88.022707,87.358384,87.690545,0.0,46
2019-10-16,79101,10460135,87.690545,88.354868,87.690545,87.690545,0.0,81
2019-10-17,61434,8103722,88.354868,88.354868,87.358384,87.358384,-0.332161,70
2019-10-18,540291,70672765,87.358384,87.690545,86.361901,87.026223,-0.332161,329
2019-10-21,62821,8298776,87.358384,88.022707,87.358384,87.690545,0.664322,77
2019-10-22,38712,5101484,88.022707,88.022707,87.358384,87.358384,-0.332161,47
2019-10-23,57852,7652888,87.358384,88.687029,87.358384,87.690545,0.332161,63
2019-10-24,83800,11131300,87.690545,88.687029,87.690545,88.687029,0.996484,85
2019-10-25,65216,8702376,88.354868,89.01919,88.022707,89.01919,0.332161,63
2019-10-28,68324,9163740,89.351351,89.351351,88.687029,89.01919,0.0,56
2019-10-29,76415,10251730,89.01919,89.683512,88.687029,89.683512,0.664322,64
2019-10-30,43212,5796832,89.683512,89.683512,88.687029,89.01919,-0.664322,46
2019-10-31,51281,6852654,89.01919,89.01919,88.354868,88.354868,-0.664322,35
2019-11-01,42800,5703798,88.354868,89.01919,88.354868,88.354868,0.0,34
2019-11-04,51751,6921634,88.354868,89.351351,88.354868,88.687029,0.332161,57
2019-11-05,84640,11345400,89.01919,89.351351,88.687029,89.351351,0.664322,73
2019-11-06,63300,8503400,89.01919,89.683512,88.687029,89.01919,-0.332161,65
2019-11-07,32287,4328745,89.01919,89.351351,89.01919,89.01919,0.0,27
2019-11-08,143903,19499808,89.683512,90.679996,89.683512,90.347835,1.328645,132
2019-11-11,87051,11716857,90.347835,90.347835,89.01919,89.01919,-1.328645,82
2019-11-12,44247,5904345,88.687029,88.687029,88.354868,88.687029,-0.332161,41
2019-11-13,61455,8215380,89.351351,89.351351,88.354868,88.687029,0.0,55
2019-11-14,54675,7325461,89.01919,89.01919,88.687029,89.01919,0.332161,53
2019-11-15,82470,11001713,89.01919,89.01919,88.354868,88.354868,-0.664322,81
2019-11-18,58939,7868265,88.687029,89.01919,88.354868,89.01919,0.664322,57
2019-11-19,57150,7649175,89.01919,89.351351,88.687029,88.687029,-0.332161,51
2019-11-20,21375,2856625,89.01919,89.01919,88.687029,88.687029,0.0,28
2019-11-21,21250,2829250,88.354868,88.687029,88.354868,88.354868,-0.332161,26
2019-11-22,71187,9563245,88.354868,89.683512,88.354868,89.01919,0.664322,62
2019-11-25,32721,4388835,89.01919,89.351351,88.687029,89.351351,0.332161,43
2019-11-26,31146,4184710,89.351351,89.351351,89.01919,89.351351,0.0,33
2019-11-27,27262,3668999,89.351351,89.683512,89.351351,89.683512,0.332161,33
2019-11-28,21062,2831370,89.683512,89.683512,89.01919,89.01919,-0.664322,22
2019-11-29,27913,3744233,89.01919,89.01919,88.687029,89.01919,0.0,34
2019-12-02,24226,3240236,89.01919,89.01919,88.687029,88.687029,-0.332161,29
2019-12-03,14117,1884912,88.354868,89.01919,88.354868,88.687029,0.0,17
2019-12-04,25001,3336135,88.687029,89.01919,88.354868,88.354868,-0.332161,24
2019-12-05,22687,3033245,88.354868,89.01919,88.354868,88.687029,0.332161,31
2019-12-06,29600,3958600,89.01919,89.01919,88.687029,88.687029,0.0,33
2019-12-09,42191,5629594,88.354868,89.01919,88.354868,88.687029,0.0,46
2019-12-10,40172,5359048,88.687029,88.687029,88.354868,88.687029,0.0,37
2019-12-11,24619,3291446,89.01919,89.01919,88.687029,88.687029,0.0,30
2019-12-12,30100,4012948,88.687029,89.01919,88.354868,88.687029,0.0,31
2019-12-13,46037,6134532,88.354868,88.687029,88.354868,88.354868,-0.332161,43
2019-12-16,53242,7114289,88.687029,89.01919,88.354868,88.687029,0.332161,54
2019-12-17,35388,4723684,88.687029,89.01919,88.354868,88.687029,0.0,40
2019-12-18,43055,5740452,88.687029,88.687029,88.354868,88.687029,0.0,41
2019-12-19,119501,15903634,89.01919,89.01919,88.022707,88.354868,-0.332161,99
2019-12-20,105257,13943681,88.687029,88.687029,87.690545,87.690545,-0.664323,81
2019-12-23,52050,6896650,88.354868,88.354868,87.690545,87.690545,0.0,54
2019-12-24,41201,5480934,88.687029,88.687029,88.022707,88.022707,0.332162,32
2019-12-25,28163,3743342,88.022707,88.687029,88.022707,88.354868,0.332161,27
2019-12-26,39260,5211340,88.354868,88.354868,88.022707,88.354868,0.0,41
2019-12-27,86100,11440950,88.354868,88.354868,88.022707,88.354868,0.0,65
2019-12-30,87295,11558530,88.354868,88.354868,87.690545,88.022707,-0.332161,74
2019-12-31,45118,5981249,88.022707,88.354868,88.022707,88.022707,0.0,48
2020-01-02,46429,6171486,88.022707,88.687029,88.022707,88.354868,0.332161,49
2020-01-03,68223,9103493,88.354868,89.01919,88.354868,88.687029,0.332161,64
2020-01-06,63820,8467467,88.687029,88.687029,87.690545,88.354868,-0.332161,68
2020-01-07,33153,4384925,88.022707,88.022707,87.690545,87.690545,-0.664323,33
2020-01-08,61891,8172553,87.690545,88.022707,87.690545,88.022707,0.332162,67
2020-01-09,72414,9581562,88.022707,88.022707,87.690545,87.690545,-0.332162,64
2020-01-10,58973,7787909,87.690545,88.022707,87.690545,87.690545,0.0,71
2020-01-13,75093,9917319,87.690545,88.022707,87.358384,87.358384,-0.332161,86
2020-01-14,64500,8532500,87.690545,88.354868,87.690545,87.690545,0.332161,58
2020-01-15,17800,2354900,88.022707,88.022707,87.690545,87.690545,0.0,28
2020-01-16,87460,11575180,87.690545,88.354868,87.690545,87.690545,0.0,93
2020-01-17,55139,7285916,87.690545,88.022707,87.690545,87.690545,0.0,68
2020-01-20,62004,8217030,88.354868,88.354868,87.690545,88.354868,0.664323,57
2020-01-30,569300,73348500,86.694062,86.694062,85.033256,85.365417,-2.989451,420
2020-01-31,245453,31595843,85.365417,86.02974,85.365417,85.365417,0.0,185
2020-02-03,219596,27837082,84.036773,85.365417,83.704612,84.701095,-0.664322,208
2020-02-04,108861,14077430,84.701095,86.694062,84.701095,86.02974,1.328645,96
2020-02-05,60501,7825378,86.02974,86.02974,85.697578,85.697578,-0.332162,60
2020-02-06,97807,12681767,85.697578,86.361901,85.697578,86.02974,0.332162,90
2020-02-07,84002,10845764,86.02974,86.02974,85.697578,85.697578,-0.332162,65
2020-02-10,60593,7793885,85.697578,85.697578,85.033256,85.365417,-0.332161,58
2020-02-11,81027,10429064,85.697578,86.02974,85.033256,85.365417,0.0,73
2020-02-12,97724,12653479,85.697578,86.361901,85.697578,86.02974,0.664323,72
2020-02-13,88502,11472008,86.02974,86.361901,85.697578,86.02974,0.0,76
2020-02-14,68371,8858601,86.361901,86.361901,85.697578,85.697578,-0.332162,67
2020-02-17,125451,16305081,86.02974,86.694062,86.02974,86.694062,0.996484,131
2020-02-18,140064,18098884,86.361901,86.694062,85.033256,85.697578,-0.996484,98
2020-02-19,83027,10725537,85.697578,86.361901,85.365417,86.02974,0.332162,81
2020-02-20,69350,8998672,86.02974,86.694062,86.02974,86.02974,0.0,76
2020-02-21,76008,9915548,86.361901,87.026223,86.361901,86.361901,0.332161,62
2020-02-24,97042,12637521,86.361901,87.358384,86.02974,86.361901,0.0,88
2020-02-25,136120,17596280,86.02974,86.361901,85.697578,85.697578,-0.664323,95
2020-02-26,57123,7378613,85.697578,86.02974,85.697578,85.697578,0.0,57
2020-02-27,99738,12869940,85.697578,86.02974,85.365417,85.365417,-0.332161,91
2020-03-02,164300,21083845,85.365417,86.02974,84.368934,85.365417,0.0,149
2020-03-03,40774,5269120,85.697578,86.361901,85.365417,86.02974,0.664323,48
2020-03-04,39521,5097466,86.02974,86.02974,85.365417,85.697578,-0.332162,44
2020-03-05,66581,8621530,86.02974,86.361901,85.697578,86.02974,0.332162,56
2020-03-06,21510,2781300,86.02974,86.02974,85.697578,85.697578,-0.332162,35
2020-03-09,208069,26645901,85.697578,85.697578,84.701095,84.701095,-0.996483,202
2020-03-10,164215,20813020,84.701095,84.701095,83.704612,84.701095,0.0,163
2020-03-11,59500,7634743,85.033256,85.697578,85.033256,85.033256,0.332161,72
2020-03-12,341734,42876984,85.033256,85.033256,83.040289,83.040289,-1.992967,299
2020-03-13,386400,46720600,82.043806,82.043806,79.054355,80.383,-2.657289,323
2020-03-16,340328,41269677,81.047322,82.043806,79.718678,79.718678,-0.664322,244
2020-03-17,289701,34119620,77.39355,79.054355,77.061388,78.390033,-1.328645,237
2020-03-18,378422,44108083,78.390033,78.722194,76.729227,76.729227,-1.660806,298
2020-03-19,418644,45757340,76.064905,76.064905,71.082488,71.74681,-4.982417,329
2020-03-20,210022,23634596,73.075454,75.400583,73.075454,75.068421,3.321611,183
2020-03-23,133767,14798171,74.071938,74.071938,73.075454,73.739777,-1.328644,101
2020-03-24,120341,13689556,75.732744,76.064905,74.73626,75.732744,1.992967,125
2020-03-25,165096,19454424,78.390033,78.722194,77.061388,78.057872,2.325128,141
2020-03-26,138581,16396639,80.383,80.383,77.725711,79.054355,0.996483,116
2020-03-27,225410,26767790,79.386516,80.383,77.39355,77.725711,-1.328644,173
2020-03-30,61750,7170500,76.397066,78.390033,75.732744,78.057872,0.332161,58
2020-03-31,82664,9757516,79.054355,79.054355,78.057872,78.057872,0.0,85
2020-04-01,59501,7028620,78.390033,78.722194,78.390033,78.722194,0.664322,56
2020-04-06,96312,11445940,79.054355,79.386516,78.057872,79.054355,0.332161,87
2020-04-07,73237,8814336,79.718678,80.715161,79.386516,79.718678,0.664323,74
2020-04-08,78960,9545760,80.050839,80.715161,79.718678,80.050839,0.332161,85
2020-04-09,162688,20079812,81.047322,82.708128,81.047322,81.711645,1.660806,148
2020-04-10,70191,8702661,81.711645,83.040289,81.711645,82.375967,0.664322,67
2020-04-13,92617,11406625,81.711645,82.375967,81.379483,82.043806,-0.332161,93
2020-04-14,187612,23349415,82.043806,83.37245,81.711645,83.37245,1.328644,137
2020-04-15,137401,17487025,83.37245,85.033256,83.37245,84.701095,1.328645,125
2020-04-16,115527,14773483,84.701095,85.365417,84.368934,85.033256,0.332161,100
2020-04-17,156893,20135304,85.697578,86.02974,84.368934,84.701095,-0.332161,132
2020-04-20,67701,8599537,84.368934,85.033256,84.036773,84.036773,-0.664322,68
2020-04-21,158482,19736506,84.036773,84.701095,82.043806,82.043806,-1.992967,169
2020-04-22,91299,11329174,81.711645,83.37245,81.379483,83.37245,1.328644,79
2020-04-23,68760,8716139,84.036773,84.701095,83.704612,84.036773,0.664323,64
2020-04-24,26503,3360884,84.036773,84.368934,83.704612,84.368934,0.332161,35
2020-04-27,81337,10362302,84.701095,85.033256,84.036773,85.033256,0.664322,74
2020-04-28,89887,11506476,85.365417,85.365417,84.701095,85.033256,0.0,66
2020-04-29,97526,12583880,85.365417,86.02974,85.365417,85.697578,0.664322,94
2020-04-30,102802,13379657,85.697578,86.694062,85.697578,86.694062,0.996484,108
2020-05-04,46105,5954360,85.697578,86.361901,85.365417,86.02974,-0.664322,52
2020-05-05,68219,8816078,86.02974,86.694062,85.697578,86.02974,0.0,58
2020-05-06,32752,4245260,86.02974,86.361901,85.697578,86.02974,0.0,45
2020-05-07,238024,31887199,88.022707,91.012157,88.022707,88.687029,2.657289,212
2020-05-08,114238,15227271,88.687029,89.351351,88.022707,88.354868,-0.332161,109
2020-05-11,80102,10618117,88.354868,88.354868,87.690545,88.022707,-0.332161,74
2020-05-12,77450,10288075,88.022707,88.354868,88.022707,88.354868,0.332161,67
2020-05-13,42771,5661043,88.022707,88.354868,87.690545,88.354868,0.0,50
2020-05-14,80000,10576500,88.022707,88.022707,87.690545,87.690545,-0.664323,62
2020-05-15,45000,5926500,87.690545,88.022707,86.694062,87.358384,-0.332161,40
2020-05-18,110305,14388455,87.358384,87.358384,86.361901,86.361901,-0.996483,93
2020-05-19,54212,7128484,87.026223,87.690545,87.026223,87.690545,1.328644,55
2020-05-20,29111,3825207,87.026223,87.690545,87.026223,87.358384,-0.332161,31
2020-05-21,108814,14454762,87.690545,88.687029,87.690545,88.354868,0.996484,86
2020-05-22,123155,16189960,87.690545,88.354868,86.694062,86.694062,-1.660806,113
2020-05-25,43519,5713766,87.358384,88.022707,86.361901,88.022707,1.328645,51
2020-05-26,70000,9298000,88.022707,88.354868,87.690545,88.022707,0.0,62
2020-05-27,136612,18280508,88.354868,89.351351,88.022707,89.351351,1.328644,126
2020-05-28,113387,15186825,89.351351,89.351351,88.354868,89.01919,-0.332161,91
2020-05-29,26181,3496754,89.01919,89.01919,88.354868,88.354868,-0.664322,26
2020-06-01,62464,8353176,88.354868,89.351351,88.354868,89.01919,0.664322,63
2020-06-02,44601,5985534,89.01919,89.351351,88.687029,89.351351,0.332161,49
2020-06-03,89230,12001280,89.351351,89.683512,89.01919,89.683512,0.332161,93
2020-06-04,93297,12626240,89.683512,90.347835,89.351351,90.015673,0.332161,83
2020-06-05,64387,8737132,90.347835,90.679996,89.683512,90.679996,0.664323,66
2020-06-08,102958,13981788,90.679996,90.679996,90.015673,90.015673,-0.664323,106
2020-06-09,210268,28323180,89.683512,90.015673,88.687029,89.01919,-0.996483,167
2020-06-10,148006,19974346,89.01919,90.015673,89.01919,90.015673,0.996483,116
2020-06-11,128554,17302290,90.015673,90.015673,89.01919,89.01919,-0.996483,113
2020-06-12,172301,22806983,87.358384,89.01919,87.026223,88.687029,-0.332161,156
2020-06-15,210533,28507955,89.683512,90.347835,89.351351,89.683512,0.996483,187
2020-06-16,317737,43561469,90.679996,91.344318,90.347835,91.344318,1.660806,266
2020-06-17,176958,24357725,91.676479,92.00864,90.347835,91.676479,0.332161,130
2020-06-18,278969,38801673,92.340802,92.672963,91.676479,92.340802,0.664323,229
2020-06-19,263159,36750760,92.340802,93.337285,92.340802,92.340802,0.0,230
2020-06-22,200514,27972960,92.672963,93.005124,92.340802,92.672963,0.332161,143
2020-06-23,273809,38037451,92.340802,93.005124,91.676479,92.340802,-0.332161,214
2020-06-24,264376,36828640,92.340802,92.672963,92.340802,92.340802,0.0,132
2020-06-29,604734,83531292,91.676479,92.340802,91.344318,91.676479,-0.664323,343
2020-06-30,592641,82193415,91.676479,92.672963,91.676479,92.340802,0.664323,386
2020-07-01,461150,60671950,92.90818,93.972014,92.90818,93.972014,1.631212,288
2020-07-02,121935,16132387,94.326625,94.326625,93.262791,93.617403,-0.354611,112
2020-07-03,97550,12893600,94.326625,94.326625,93.617403,93.617403,0.0,90
2020-07-06,151931,20093354,93.972014,94.326625,93.617403,93.972014,0.354611,141
2020-07-07,167041,21897412,94.326625,94.326625,92.553568,92.90818,-1.063834,157
2020-07-08,99776,13051932,92.90818,93.262791,92.553568,93.262791,0.354611,97
2020-07-09,159531,21095092,93.972014,94.326625,93.617403,93.617403,0.354612,129
2020-07-10,103264,13511215,93.617403,93.617403,92.553568,92.90818,-0.709223,78
2020-07-13,60056,7864836,92.553568,93.262791,92.553568,92.553568,-0.354612,68
2020-07-14,66020,8625620,92.90818,92.90818,92.553568,92.553568,0.0,48
2020-07-15,51531,6765561,93.262791,93.262791,92.90818,93.262791,0.709223,56
2020-07-16,102566,13543278,93.262791,94.326625,93.262791,94.326625,1.063834,97
2020-07-17,158223,21023769,94.326625,94.681237,93.617403,94.326625,0.0,137
2020-07-20,133084,17724256,94.326625,95.035848,93.617403,95.035848,0.709223,142
2020-07-21,174970,23683950,95.390459,96.454294,95.035848,96.099682,1.063834,171
2020-07-22,123406,16783216,96.099682,96.808905,96.099682,96.454294,0.354612,114
2020-07-23,90475,12280625,96.099682,96.454294,96.099682,96.454294,0.0,80
2020-07-24,92755,12474415,96.454294,96.454294,95.035848,95.035848,-1.418446,89
2020-07-27,106569,14122108,95.035848,95.035848,93.617403,93.972014,-1.063834,104
2020-07-28,112552,14809086,93.617403,94.681237,92.90818,92.90818,-1.063834,106
2020-07-29,105321,13982193,92.90818,95.035848,92.553568,94.326625,1.418445,87
2020-07-30,33200,4403000,95.035848,95.035848,93.617403,93.972014,-0.354611,32
2020-07-31,48181,6398981,95.035848,95.035848,93.617403,93.972014,0.0,43
2020-08-03,53796,7095072,94.681237,94.681237,93.262791,93.262791,-0.709223,57
2020-08-04,106846,14040172,93.262791,93.617403,92.90818,93.262791,0.0,84
2020-08-05,85855,11347285,93.262791,94.326625,93.262791,93.972014,0.709223,79
2020-08-06,65293,8670115,94.681237,94.681237,93.617403,94.681237,0.709223,58
2020-08-07,61306,8142848,94.681237,94.681237,93.617403,94.681237,0.0,57
2020-08-10,126467,16919045,95.035848,95.390459,94.326625,95.035848,0.354611,103
2020-08-11,57301,7667334,95.035848,95.035848,94.681237,95.035848,0.0,52
2020-08-12,37500,5006000,94.681237,94.681237,94.326625,94.681237,-0.354611,43
2020-08-13,229376,30821760,94.681237,96.099682,94.681237,95.390459,0.709222,153
2020-08-14,562021,76587384,95.745071,97.518128,95.745071,97.518128,2.127669,363
2020-08-17,583862,81858680,98.581962,100.70963,98.22735,100.000407,2.482279,463
2020-08-18,472946,66219886,99.291185,100.355019,97.163516,100.355019,0.354612,392
2020-08-19,203717,28652880,101.064241,101.418853,99.291185,99.645796,-0.709223,144
2020-08-20,356211,49151829,98.936573,99.291185,95.745071,98.22735,-1.418446,232
2020-08-21,131303,18232117,99.291185,99.291185,98.22735,98.22735,0.0,120
2020-08-24,66778,9290530,98.936573,98.936573,98.22735,98.936573,0.709223,56
2020-08-25,78376,10890450,99.291185,99.291185,97.872739,98.22735,-0.709223,55
2020-08-26,55150,7621350,98.22735,98.581962,97.518128,98.22735,0.0,45
2020-08-27,105289,14622671,98.936573,98.936573,97.872739,97.872739,-0.354611,71
2020-08-28,82349,11339662,97.872739,97.872739,97.163516,97.518128,-0.354611,54
2020-08-31,58000,8017000,97.518128,98.22735,97.518128,97.518128,0.0,44
2020-09-01,124175,17048236,97.872739,97.872739,96.808905,97.518128,0.0,74
2020-09-02,65153,8963189,97.518128,97.872739,97.163516,97.518128,0.0,46
2020-09-03,43088,5936187,97.872739,97.872739,97.518128,97.518128,0.0,27
2020-09-04,253290,35132100,97.163516,98.936573,96.808905,98.936573,1.418445,197
2020-09-07,50662,7034518,98.936573,98.936573,98.22735,98.22735,-0.709223,55
2020-09-08,143881,20060395,99.291185,99.645796,98.581962,98.936573,0.709223,123
2020-09-09,85001,11811139,98.581962,98.936573,97.872739,98.936573,0.0,68
2020-09-10,107035,14953365,98.936573,99.291185,98.581962,98.936573,0.0,89
2020-09-11,85422,11927367,99.291185,99.291185,98.581962,98.936573,0.0,83
2020-09-14,56184,7843944,99.291185,99.291185,98.581962,99.291185,0.354612,51
2020-09-15,65429,9135560,99.291185,99.291185,98.581962,98.936573,-0.354612,63
2020-09-16,65174,9101272,98.936573,99.291185,98.581962,98.936573,0.0,64
2020-09-17,44145,6147372,99.291185,99.291185,98.581962,98.936573,0.0,40
2020-09-18,39100,5440948,98.936573,98.936573,98.581962,98.936573,0.0,41
2020-09-21,84200,11677800,98.581962,98.936573,98.22735,98.581962,-0.354611,71
2020-09-22,68322,9433595,98.22735,98.581962,97.518128,97.872739,-0.709223,69
2020-09-23,81225,11142210,97.872739,97.872739,96.808905,96.808905,-1.063834,75
2020-09-24,209606,28274110,95.745071,96.454294,95.035848,95.390459,-1.418446,181
2020-09-25,68206,9175016,95.390459,96.099682,95.035848,95.390459,0.0,71
2020-09-28,44000,5957500,95.745071,96.808905,95.390459,96.454294,1.063835,35
2020-09-29,89030,12246610,96.808905,97.872739,96.808905,97.872739,1.418445,51
2020-09-30,32039,4440421,97.872739,98.581962,97.872739,97.872739,0.0,31
2020-10-05,45188,6235035,97.872739,98.22735,97.518128,97.872739,0.0,48
2020-10-06,176374,24044923,98.581962,98.581962,96.099682,96.808905,-1.063834,178
2020-10-07,32956,4505472,96.808905,97.518128,96.099682,97.518128,0.709223,40
2020-10-08,29205,4006495,97.518128,97.518128,96.808905,97.518128,0.0,29
2020-10-12,67217,9129617,97.163516,97.163516,95.745071,96.099682,-1.418446,60
2020-10-13,109594,14775485,96.099682,96.099682,95.035848,95.035848,-1.063834,99
2020-10-14,63500,8632500,96.454294,96.808905,96.099682,96.454294,1.418446,51
2020-10-15,15000,2034500,95.745071,96.808905,95.745071,96.454294,0.0,14
2020-10-16,98087,13452093,96.454294,97.518128,96.099682,97.518128,1.063834,91
2020-10-19,69141,9503458,96.454294,97.872739,96.454294,97.872739,0.354611,74
2020-10-20,46029,6371574,97.872739,98.581962,96.808905,98.581962,0.709223,47
2020-10-21,69155,9585890,99.291185,99.291185,97.518128,97.872739,-0.709223,75
2020-10-22,146523,19559651,97.518128,97.872739,93.972014,93.972014,-3.900725,100
2020-10-23,146143,19895091,95.390459,97.163516,95.390459,96.454294,2.48228,128
2020-10-26,25002,3407772,96.454294,97.518128,96.454294,96.454294,0.0,26
2020-10-27,125304,17191936,96.454294,98.22735,96.454294,97.163516,0.709222,79
2020-10-28,82021,11332399,97.872739,98.581962,97.163516,97.872739,0.709223,71
2020-10-29,24731,3387146,96.454294,97.518128,96.454294,96.808905,-1.063834,31
2020-10-30,37380,5098250,97.872739,97.872739,96.454294,96.454294,-0.354611,31
2020-11-02,33136,4531268,96.808905,97.518128,96.454294,96.454294,0.0,30
2020-11-03,17220,2353400,96.808905,97.163516,96.454294,97.163516,0.709222,16
2020-11-04,23495,3205215,96.808905,97.163516,96.454294,97.163516,0.0,25
2020-11-05,57564,7932863,97.163516,97.872739,97.163516,97.518128,0.354612,45
2020-11-06,20187,2767804,97.872739,97.872739,96.808905,96.808905,-0.709223,31
2020-11-09,68620,9441866,97.163516,98.22735,97.163516,97.518128,0.709223,67
2020-11-10,220888,30723431,98.581962,99.291185,98.22735,98.22735,0.709222,185
2020-11-11,161117,22472294,98.581962,99.291185,98.581962,98.936573,0.709223,153
2020-11-12,67685,9399529,98.936573,98.936573,98.22735,98.581962,-0.354611,81
2020-11-13,75428,10496575,98.936573,98.936573,98.581962,98.936573,0.354611,65
2020-11-16,213173,29830917,98.936573,99.645796,98.22735,98.936573,0.0,182
2020-11-17,122142,17089291,99.291185,99.645796,98.581962,99.291185,0.354612,113
2020-11-18,83713,11684330,98.936573,99.291185,98.581962,98.936573,-0.354612,73
2020-11-19,23135,3218351,98.581962,98.936573,98.581962,98.936573,0.0,36
2020-11-20,58819,8185647,99.291185,99.291185,98.22735,98.581962,-0.354611,56
2020-11-23,65520,9123520,98.581962,99.291185,98.581962,98.581962,0.0,56
2020-11-24,48110,6695454,99.291185,99.291185,98.22735,98.22735,-0.354612,55
2020-11-25,135908,18797181,98.581962,98.581962,97.518128,97.518128,-0.709222,119
2020-11-26,70315,9695519,97.872739,98.22735,97.518128,97.518128,0.0,77
2020-11-27,45204,6271466,97.518128,98.22735,97.518128,98.22735,0.709222,34
2020-11-30,37435,5204592,98.22735,98.936573,98.22735,98.581962,0.354612,47
2020-12-01,50496,7024400,98.581962,98.936573,98.22735,98.581962,0.0,56
2020-12-02,46751,6494057,98.581962,98.936573,98.22735,98.22735,-0.354612,60
2020-12-03,54872,7633918,98.936573,98.936573,98.22735,98.581962,0.354612,66
2020-12-04,77670,10831299,98.581962,99.291185,98.581962,98.936573,0.354611,80
2020-12-07,75375,10486580,98.936573,98.936573,98.22735,98.581962,-0.354611,79
2020-12-08,61284,8511492,98.581962,98.581962,98.22735,98.581962,0.0,79
2020-12-09,428470,60761977,99.645796,101.418853,99.291185,100.70963,2.127668,350
2020-12-10,123907,17569682,100.70963,101.418853,100.000407,100.70963,0.0,117
2020-12-11,173083,24395850,101.064241,101.064241,99.291185,100.000407,-0.709223,154
2020-12-14,54794,7690365,100.000407,100.000407,99.291185,99.645796,-0.354611,68
2020-12-15,98475,13741106,99.645796,99.645796,98.581962,98.936573,-0.709223,100
2020-12-16,79060,11058018,98.936573,99.645796,98.936573,98.936573,0.0,64
2020-12-17,37462,5231684,98.936573,99.291185,98.581962,99.291185,0.354612,44
2020-12-18,69554,9747510,99.291185,99.645796,98.936573,99.645796,0.354611,73
2020-12-21,30120,4207800,99.645796,99.645796,98.581962,99.291185,-0.354611,41
2020-12-22,92085,12809481,98.936573,99.291185,98.22735,98.22735,-1.063835,103
2020-12-23,72449,10057296,98.22735,99.291185,97.872739,98.581962,0.354612,63
2020-12-24,17243,2403594,98.581962,98.936573,98.581962,98.936573,0.354611,24
2020-12-25,43110,6017449,98.936573,99.291185,98.581962,98.581962,-0.354611,40
2020-12-28,58062,8114237,98.581962,99.291185,98.581962,99.291185,0.709223,49
2020-12-29,42771,5995371,99.291185,99.645796,98.936573,99.645796,0.354611,49
2020-12-30,105364,14743830,99.645796,99.645796,98.936573,98.936573,-0.709223,83
2020-12-31,88929,12456267,99.291185,99.645796,98.936573,99.645796,0.709223,84
2021-01-04,119836,16894791,100.000407,100.355019,99.645796,100.000407,0.354611,94
2021-01-05,223512,31779865,100.355019,101.418853,100.000407,101.064241,1.063834,201
2021-01-06,157662,22302524,101.064241,101.064241,100.000407,100.355019,-0.709222,147
2021-01-07,69777,9863991,100.355019,100.70963,100.000407,100.70963,0.354611,72
2021-01-08,111789,15796334,100.70963,101.064241,99.291185,100.70963,0.0,117
2021-01-11,128594,18130538,100.000407,100.355019,99.645796,100.000407,-0.709223,165
2021-01-12,196534,27577914,99.645796,100.000407,99.291185,99.291185,-0.709222,164
2021-01-13,79750,11187631,99.291185,99.645796,99.291185,99.291185,0.0,87
2021-01-14,94724,13279638,99.645796,99.645796,99.291185,99.645796,0.354611,106
2021-01-15,76484,10716690,100.000407,100.000407,99.291185,99.291185,-0.354611,92
2021-01-18,108833,15226076,98.581962,99.645796,98.581962,99.291185,0.0,96
2021-01-19,34818,4871450,99.291185,99.291185,98.936573,99.291185,0.0,55
2021-01-20,171065,23786649,99.291185,99.291185,98.22735,98.581962,-0.709223,168
2021-01-21,100394,13987031,98.581962,99.645796,98.22735,98.22735,-0.354612,98
2021-01-22,154580,21643151,98.581962,99.645796,98.581962,99.645796,1.418446,141
2021-01-25,63801,8903449,98.581962,99.645796,98.581962,99.645796,0.0,95
2021-01-26,67218,9381941,99.291185,99.645796,98.581962,98.936573,-0.709223,62
2021-01-27,90944,12756670,98.936573,99.645796,98.936573,99.645796,0.709223,66
2021-01-28,71230,9925920,98.936573,99.291185,98.581962,98.936573,-0.709223,82
2021-01-29,65867,9208316,98.936573,99.645796,98.936573,99.645796,0.709223,90
2021-02-01,43830,6112370,99.291185,99.291185,98.581962,98.581962,-1.063834,92
2021-02-02,65576,9141832,98.581962,99.291185,98.581962,98.581962,0.0,91
2021-02-03,33841,4731970,98.581962,99.291185,98.581962,99.291185,0.709223,55
2021-02-04,38925,5450694,99.291185,99.645796,99.291185,99.291185,0.0,66
2021-02-05,86670,12191831,99.645796,100.000407,99.291185,99.645796,0.354611,84
2021-02-17,656209,95135101,102.482687,103.901132,102.128075,103.19191,3.546114,538
2021-02-18,286232,41902082,103.19191,104.610355,102.837298,104.610355,1.418445,272
2021-02-19,763864,115938886,105.319578,109.574914,105.319578,108.51108,3.900725,823
2021-02-22,326768,49613049,108.51108,109.574914,106.738023,106.738023,-1.773057,382
2021-02-23,342325,51706191,106.028801,108.51108,105.674189,107.801857,1.063834,383
2021-02-24,159364,24121410,107.801857,107.801857,106.738023,107.447246,-0.354611,161
2021-02-25,157841,23886058,107.801857,107.801857,107.092635,107.092635,-0.354611,168
2021-02-26,226488,33804692,106.028801,106.738023,104.964966,106.383412,-0.709223,242
2021-03-02,153774,23321810,108.156469,108.156469,106.738023,106.738023,0.354611,195
2021-03-03,262596,39980411,107.092635,108.865692,107.092635,107.801857,1.063834,246
2021-03-04,500325,76986612,108.865692,109.929526,108.51108,109.220303,1.418446,477
2021-03-05,258654,39974398,109.220303,109.929526,108.51108,109.929526,0.709223,282
2021-03-08,813550,128891241,110.99336,113.475639,110.99336,112.057194,2.127668,714
2021-03-09,548199,87587318,113.475639,114.184862,112.057194,112.766417,0.709223,512
2021-03-10,353026,56647138,114.184862,114.539474,112.766417,114.539474,1.773057,332
2021-03-11,325237,52662542,114.539474,115.603308,114.184862,114.184862,-0.354612,407
2021-03-12,280322,45249731,114.184862,115.248696,113.475639,115.248696,1.063834,261
2021-03-15,244773,40230891,115.603308,117.021753,115.248696,117.021753,1.773057,313
2021-03-16,295500,48115801,117.021753,117.021753,114.539474,115.248696,-1.773057,312
2021-03-17,230041,37515303,115.248696,116.31253,114.539474,116.31253,1.063834,220
2021-03-18,188659,30815785,116.667142,116.667142,115.248696,115.957919,-0.354611,188
2021-03-19,182062,29604566,115.957919,115.957919,114.894085,114.894085,-1.063834,182
2021-03-22,142899,23211933,114.894085,115.603308,114.539474,115.248696,0.354611,517
2021-03-23,207153,33477494,115.248696,115.603308,113.830251,114.894085,-0.354611,420
2021-03-24,161776,26306260,114.894085,115.957919,114.184862,115.248696,0.354611,309
2021-03-25,252974,41339175,115.248696,117.021753,114.894085,117.021753,1.773057,286
2021-03-26,295495,49167835,117.021753,118.440199,117.021753,117.730976,0.709223,384
2021-03-29,400658,67717234,118.79481,120.567867,118.79481,119.858644,2.127668,541
2021-03-30,182989,30877646,119.858644,120.567867,119.149421,119.149421,-0.709223,350
2021-03-31,488680,80831774,119.858644,119.858644,115.957919,115.957919,-3.191502,577
2021-04-01,243231,40016284,115.248696,118.440199,115.248696,117.730976,1.773057,377
2021-04-06,229040,38445470,118.79481,119.858644,118.085587,119.149421,1.418445,440
2021-04-07,143077,24094258,120.213256,120.213256,118.79481,119.858644,0.709223,463
2021-04-08,91224,15402077,119.858644,120.213256,119.149421,119.858644,0.0,330
2021-04-09,1350558,240113362,124.468592,128.723928,124.113981,125.532426,5.673782,1166
2021-04-12,955322,172408823,126.950872,132.270042,124.113981,126.950872,1.418446,942
2021-04-13,378818,67035658,126.950872,127.305483,123.759369,125.177815,-1.773057,420
2021-04-14,447408,77385539,124.823203,125.532426,120.567867,124.113981,-1.063834,558
2021-04-15,301151,52714195,124.113981,125.532426,122.695535,123.759369,-0.354612,297
2021-04-16,195603,34189673,124.113981,124.823203,123.050147,124.113981,0.354612,204
2021-04-19,160997,28039557,124.823203,124.823203,122.695535,123.404758,-0.709223,199
2021-04-20,152713,26554856,123.404758,123.759369,123.050147,123.050147,-0.354611,194
2021-04-21,368574,65214145,123.759369,127.660094,123.050147,126.950872,3.900725,360
2021-04-22,586982,103621354,127.660094,127.660094,121.631701,122.695535,-4.255337,397
2021-04-23,276021,48018028,122.695535,124.823203,122.340924,124.113981,1.418446,245
2021-04-26,140823,24730480,124.468592,125.177815,123.759369,124.823203,0.709222,192
2021-04-27,98233,17242338,126.241649,126.241649,124.113981,124.823203,0.0,120
2021-04-28,127891,22400783,125.177815,125.177815,123.404758,124.468592,-0.354611,133
2021-04-29,506010,90174349,124.823203,127.305483,124.113981,126.59626,2.127668,411
2021-05-03,1013645,184412216,126.950872,131.560819,126.241649,128.014706,1.418446,826
2021-05-04,1440283,253254687,128.369317,130.496985,120.567867,124.113981,-3.900725,1462
2021-05-05,326937,56893811,122.695535,124.823203,122.340924,123.050147,-1.063834,519
2021-05-06,216588,37510565,123.404758,124.113981,121.631701,122.340924,-0.709223,264
2021-05-07,272474,47178132,123.404758,124.113981,122.340924,124.113981,1.773057,224
2021-05-10,484869,83109197,122.340924,122.695535,120.567867,122.340924,-1.773057,442
2021-05-11,515176,86998077,121.27709,121.27709,118.440199,119.149421,-3.191503,448
2021-05-12,750804,120595052,118.440199,118.440199,110.638748,115.603308,-3.546113,757
2021-05-13,441354,71410443,114.184862,117.376365,110.99336,116.31253,0.709222,400
2021-05-14,227861,37548887,116.31253,118.79481,115.603308,115.603308,-0.709222,238
2021-05-17,356242,56314324,109.220303,114.184862,109.220303,111.347971,-4.255337,361
2021-05-18,286876,46263322,111.347971,116.667142,111.347971,115.603308,4.255337,270
2021-05-19,213177,34298566,114.894085,115.248696,113.475639,114.184862,-1.418446,190
2021-05-20,86270,13912211,114.184862,115.957919,114.184862,114.894085,0.709223,114
2021-05-21,127499,20815618,114.539474,116.667142,114.539474,116.31253,1.418445,125
2021-05-24,103543,17083050,116.31253,117.376365,116.31253,117.021753,0.709223,126
2021-05-25,116799,19297697,117.730976,118.085587,116.31253,116.667142,-0.354611,145
2021-05-26,85811,14107641,116.667142,117.376365,115.957919,116.667142,0.0,77
2021-05-27,46748,7689912,116.667142,117.021753,115.957919,116.667142,0.0,68
2021-05-28,50088,8279277,117.376365,117.730976,117.021753,117.021753,0.354611,74
2021-05-31,137346,22093493,117.021753,117.730976,116.31253,116.667142,-0.354611,121
2021-06-01,51789,8581622,117.021753,118.085587,117.021753,117.730976,1.063834,65
2021-06-02,55448,9194332,118.085587,118.085587,117.021753,117.376365,-0.354611,75
2021-06-03,52527,8719396,117.021753,118.440199,117.021753,118.440199,1.063834,101
2021-06-04,53186,8843946,118.085587,118.440199,117.376365,118.085587,-0.354612,58
2021-06-07,107328,17697871,118.085587,118.085587,115.957919,117.730976,-0.354611,131
2021-06-08,59802,9870854,117.021753,117.730976,116.667142,117.021753,-0.709223,101
2021-06-09,383175,62297233,116.31253,116.667142,114.539474,115.248696,-1.773057,380
2021-06-10,101668,16542210,114.894085,115.957919,114.894085,115.603308,0.354612,116
2021-06-11,61173,10036196,116.31253,117.021753,115.603308,115.957919,0.354611,98
2021-06-15,68633,11293990,117.021753,117.376365,116.31253,116.31253,0.354611,90
2021-06-16,186338,31052999,116.667142,119.149421,116.667142,118.440199,2.127669,226
2021-06-17,199242,33548269,119.858644,119.858644,118.79481,119.504033,1.063834,201
2021-06-18,110242,18598423,119.858644,120.213256,119.149421,119.504033,0.0,137
2021-06-21,101442,16932990,120.213256,120.213256,117.730976,118.79481,-0.709223,112
2021-06-22,47183,7889550,119.149421,119.149421,118.085587,118.440199,-0.354611,65
2021-06-23,55891,9341159,118.440199,119.149421,118.085587,118.79481,0.354611,69
2021-06-24,60777,10203423,118.79481,119.504033,118.79481,119.149421,0.354611,80
2021-06-25,94344,15890233,119.149421,120.213256,118.79481,119.149421,0.0,93
2021-06-28,76015,12794282,119.149421,119.858644,119.149421,119.504033,0.354612,97
2021-06-29,144716,24204523,119.858644,119.858644,117.730976,118.440199,-1.063834,156
2021-06-30,95822,15998225,119.149421,119.149421,118.085587,118.085587,-0.354612,117
2021-07-01,61863,10315255,118.085587,118.79481,118.085587,118.085587,0.0,78
2021-07-02,53078,8853684,118.085587,119.149421,118.085587,118.085587,0.0,60
2021-07-05,89109,14891022,118.085587,119.149421,118.085587,119.149421,1.063834,114
2021-07-06,94676,15931224,119.149421,119.504033,118.79481,119.504033,0.354612,104
2021-07-07,85641,14386836,119.504033,119.858644,118.440199,118.79481,-0.709223,91
2021-07-08,73721,12336232,118.440199,119.149421,118.440199,118.440199,-0.354611,89
2021-07-09,147597,24423945,118.440199,118.440199,115.603308,117.376365,-1.063834,133
2021-07-12,153206,25455838,119.149421,119.149421,117.376365,117.730976,0.354611,158
2021-07-13,94738,15775141,117.376365,118.79481,117.376365,117.730976,0.0,107
2021-07-14,96295,15961829,118.79481,118.79481,117.021753,117.730976,0.0,102
2021-07-15,68126,11310755,117.730976,118.085587,117.376365,117.730976,0.0,88
2021-07-16,87682,14587294,117.730976,118.440199,117.376365,118.085587,0.354611,86
2021-07-19,353551,58008058,117.376365,117.376365,115.957919,116.31253,-1.773057,275
2021-07-20,113132,18550704,115.957919,117.021753,115.603308,116.31253,0.0,133
2021-07-21,57999,9560052,117.021753,117.730976,116.31253,116.31253,0.0,84
2021-07-22,62399,10278272,116.31253,117.021753,116.31253,116.31253,0.0,86
2021-07-23,59245,9822606,116.667142,118.085587,116.667142,118.085587,1.773057,80
2021-07-26,106368,17574625,118.085587,118.085587,116.31253,117.021753,-1.063834,138
2021-07-27,109485,17970713,117.021753,117.021753,115.957919,115.957919,-1.063834,149
2021-07-28,144893,23610144,116.31253,116.31253,115.248696,115.603308,-0.354611,142
2021-07-29,131508,21459520,115.603308,116.31253,115.248696,115.957919,0.354611,131
2021-07-30,163505,26574091,115.957919,115.957919,114.894085,115.603308,-0.354611,181
2021-08-02,58649,9556948,115.603308,115.957919,114.894085,115.248696,-0.354612,78
2021-08-03,78272,12742006,115.248696,115.957919,115.248696,115.957919,0.709223,99
2021-08-04,66135,10838419,115.957919,116.667142,115.603308,116.667142,0.709223,92
2021-08-05,74786,12259397,116.667142,116.667142,115.957919,115.957919,-0.709223,97
2021-08-06,282229,45925249,116.31253,116.31253,114.894085,115.248696,-0.709223,283
2021-08-09,248870,40808223,115.957919,116.667142,115.957919,115.957919,0.709223,253
2021-08-10,223689,36538268,116.31253,116.667142,115.248696,115.248696,-0.709223,245
2021-08-11,204600,33232392,115.248696,115.957919,114.894085,114.894085,-0.354611,215
2021-08-12,90808,14805798,116.31253,116.31253,115.248696,115.248696,0.354611,116
2021-08-13,119677,19505766,115.248696,115.957919,114.894085,115.248696,0.0,166
2021-08-16,242327,39617925,115.603308,116.667142,115.248696,115.603308,0.354612,270
2021-08-17,299461,48758472,115.603308,116.31253,114.894085,114.894085,-0.709223,254
2021-08-18,395107,63328793,114.539474,114.539474,112.766417,114.184862,-0.709223,416
2021-08-19,512337,81798750,114.184862,114.184862,112.766417,112.766417,-1.418445,485
2021-08-20,602166,89765582,113.520707,113.520707,110.880691,111.634981,-1.131436,599
2021-08-23,351321,51619678,111.634981,112.389271,109.749255,110.503545,-1.131436,428
2021-08-24,131536,19303316,110.880691,111.257836,110.503545,110.503545,0.0,182
2021-08-25,83324,12330228,110.503545,112.766417,110.503545,112.012126,1.508581,130
2021-08-26,101753,15185629,112.389271,113.143562,111.634981,112.766417,0.754291,135
2021-08-27,156740,23821458,113.143562,115.783578,113.143562,115.029288,2.262871,191
2021-08-30,90928,14010614,116.160724,116.915014,115.406433,116.160724,1.131436,131
2021-08-31,141032,21570267,116.160724,116.160724,114.274998,114.652143,-1.508581,176
2021-09-01,124124,18741927,114.652143,114.652143,113.143562,113.520707,-1.131436,185
2021-09-02,148215,22333001,113.520707,114.652143,113.143562,113.143562,-0.377145,168
2021-09-03,83209,12469143,113.520707,113.520707,112.766417,112.766417,-0.377145,131
2021-09-06,86263,12910455,112.766417,113.520707,112.389271,112.389271,-0.377146,106
2021-09-07,82577,12285584,112.389271,112.766417,112.012126,112.012126,-0.377145,128
2021-09-08,131468,19368482,112.012126,112.012126,110.503545,110.503545,-1.508581,184
2021-09-09,97544,14295019,110.1264,110.880691,110.1264,110.503545,0.0,132
2021-09-10,113462,16647237,110.503545,111.257836,110.503545,110.503545,0.0,130
2021-09-13,87166,12821675,110.503545,111.634981,110.503545,110.880691,0.377146,112
2021-09-14,85595,12673237,111.257836,112.766417,110.880691,112.012126,1.131435,108
2021-09-15,94788,13998060,111.634981,112.012126,110.880691,112.012126,0.0,125
2021-09-16,75515,11141800,111.634981,111.634981,110.880691,111.257836,-0.75429,103
2021-09-17,119625,17596149,111.257836,111.257836,110.503545,110.880691,-0.377145,170
2021-09-22,118414,17266002,109.37211,110.503545,109.37211,110.1264,-0.754291,203
2021-09-23,32137,4722192,110.880691,111.634981,110.503545,110.880691,0.754291,73
2021-09-24,49626,7315449,110.880691,111.634981,110.880691,110.880691,0.0,81
2021-09-27,80729,11890175,111.257836,111.634981,110.503545,110.880691,0.0,109
2021-09-28,59260,8704707,110.880691,111.257836,110.503545,110.503545,-0.377146,98
2021-09-29,80565,11786624,110.503545,110.880691,110.1264,110.1264,-0.377145,127
2021-09-30,82219,12056001,110.503545,111.257836,110.1264,110.503545,0.377145,129
2021-10-01,142735,20760776,110.1264,110.1264,109.37211,109.37211,-1.131435,214
2021-10-04,180251,25949744,109.749255,109.749255,107.863529,108.240674,-1.131436,254
2021-10-05,102838,14691690,107.863529,108.240674,107.109239,107.863529,-0.377145,164
2021-10-06,64855,9291591,107.863529,108.240674,107.863529,107.863529,0.0,98
2021-10-07,142916,20645758,107.863529,109.749255,107.863529,109.749255,1.885726,175
2021-10-08,139391,20191597,109.749255,109.749255,108.617819,108.994965,-0.75429,167
2021-10-12,92574,13311808,109.37211,109.37211,107.863529,108.240674,-0.754291,166
2021-10-13,117732,16819682,108.617819,108.617819,107.109239,107.863529,-0.377145,168
2021-10-14,56700,8144938,108.617819,108.617819,107.863529,108.617819,0.75429,76
2021-10-15,51268,7462570,108.617819,110.503545,108.617819,110.503545,1.885726,108
2021-10-18,73160,10760465,110.503545,111.634981,110.503545,110.503545,0.0,229
2021-10-19,63487,9298636,110.503545,111.634981,110.1264,110.880691,0.377146,78
2021-10-20,64861,9537469,111.634981,111.634981,110.503545,110.880691,0.0,86
2021-10-21,581567,90661991,111.257836,121.440756,111.257836,121.440756,10.560065,653
2021-10-22,216352,33498086,117.669304,119.177885,115.406433,115.783578,-5.657178,298
2021-10-25,66439,10067864,114.652143,114.652143,113.897852,114.652143,-1.131435,242
2021-10-26,50004,7623701,114.652143,115.406433,114.652143,115.406433,0.75429,71
2021-10-27,39752,6043269,115.406433,115.406433,113.897852,114.652143,-0.75429,81
2021-10-28,41494,6339820,114.652143,115.783578,114.652143,115.406433,0.75429,55
2021-10-29,39420,6000182,115.406433,115.406433,114.652143,115.029288,-0.377145,67
2021-11-01,36769,5596261,114.652143,115.029288,114.274998,115.029288,0.0,68
2021-11-02,39804,6042117,114.274998,114.652143,113.897852,114.274998,-0.75429,58
2021-11-03,43711,6598690,113.520707,114.274998,113.520707,113.897852,-0.377146,79
2021-11-04,46310,7006448,113.897852,114.274998,113.520707,114.274998,0.377146,59
2021-11-05,99717,14947034,115.029288,115.029288,112.012126,113.520707,-0.754291,116
2021-11-08,103212,15402132,113.143562,113.520707,111.634981,113.143562,-0.377145,131
2021-11-09,108538,16270986,112.389271,113.520707,112.389271,113.143562,0.0,129
2021-11-10,57299,8589889,112.766417,113.520707,112.766417,113.143562,0.0,91
2021-11-11,26110,3908676,112.766417,113.143562,112.766417,112.766417,-0.377145,43
2021-11-12,57748,8620078,112.012126,112.766417,112.012126,112.766417,0.0,82
2021-11-15,152964,22649865,112.766417,112.766417,111.257836,111.257836,-1.508581,195
2021-11-16,89653,13155010,110.1264,111.257836,110.1264,110.503545,-0.754291,133
2021-11-17,228437,33276598,110.1264,111.257836,109.37211,110.880691,0.377146,290
2021-11-18,247075,35932430,110.1264,110.503545,109.37211,109.37211,-1.508581,311
2021-11-19,63640,9255377,109.37211,110.1264,109.37211,109.749255,0.377145,134
2021-11-22,81931,11885582,109.37211,109.749255,108.994965,109.37211,-0.377145,113
2021-11-23,86791,12542508,108.994965,109.37211,108.617819,108.994965,-0.377145,129
2021-11-24,157312,22985977,108.617819,111.257836,108.617819,110.880691,1.885726,150
2021-11-25,57649,8398182,110.1264,110.1264,109.37211,109.749255,-1.131436,91
2021-11-26,92579,13411829,109.749255,109.749255,108.994965,108.994965,-0.75429,141
2021-11-29,166898,23916225,108.240674,108.617819,107.863529,108.240674,-0.754291,220
2021-11-30,107737,15616931,109.37211,112.389271,108.240674,108.994965,0.754291,125
2021-12-01,50149,7224150,108.994965,108.994965,108.240674,108.240674,-0.754291,96
2021-12-02,72024,10325116,107.863529,108.617819,107.863529,107.863529,-0.377145,120
2021-12-03,50810,7307334,108.240674,109.37211,107.863529,108.617819,0.75429,85
2021-12-06,47105,6856975,109.37211,110.1264,109.37211,110.1264,1.508581,60
2021-12-07,33207,4833592,110.1264,110.1264,109.37211,109.749255,-0.377145,181
2021-12-08,35979,5239596,110.503545,110.503545,109.37211,109.37211,-0.377145,64
2021-12-09,39558,5780858,110.503545,110.880691,109.749255,110.1264,0.75429,57
2021-12-10,15023,2187751,110.1264,110.1264,109.37211,110.1264,0.0,41
2021-12-13,57590,8318090,109.749255,109.749255,108.617819,108.994965,-1.131435,166
2021-12-14,75155,10784786,108.617819,108.617819,107.863529,107.863529,-1.131436,107
2021-12-15,18758,2698479,107.863529,108.994965,107.863529,108.617819,0.75429,44
2021-12-16,65536,9450739,108.240674,109.37211,108.240674,108.617819,0.0,84
2021-12-17,30211,4350589,108.240674,109.37211,108.240674,108.617819,0.0,50
2021-12-20,26400,3798303,108.617819,108.994965,108.240674,108.617819,0.0,34
2021-12-21,107344,15384428,108.617819,108.617819,107.863529,108.240674,-0.377145,109
2021-12-22,66000,9465935,108.994965,108.994965,107.863529,108.240674,0.0,108
2021-12-23,39751,5699245,108.240674,108.240674,107.863529,108.240674,0.0,55
2021-12-24,46007,6625859,108.617819,108.994965,108.617819,108.994965,0.754291,57
2021-12-27,56765,8178502,108.994965,108.994965,108.240674,108.617819,-0.377146,90
2021-12-28,85542,12289553,108.617819,108.994965,107.863529,108.240674,-0.377145,128
2021-12-29,39637,5713664,108.240674,109.37211,108.240674,109.37211,1.131436,80
2021-12-30,59001,8591644,109.37211,110.1264,109.37211,110.1264,0.75429,106
2022-01-03,52221,7628223,110.503545,110.503545,109.749255,110.1264,0.0,330
2022-01-04,29604,4328172,110.1264,110.503545,110.1264,110.503545,0.377145,46
2022-01-05,36272,5278989,110.1264,110.1264,109.37211,110.1264,-0.377145,69
2022-01-06,48483,7051167,110.1264,110.1264,109.37211,110.1264,0.0,313
2022-01-07,49048,7112681,109.749255,109.749255,108.994965,109.37211,-0.75429,269
2022-01-10,27741,4005657,108.617819,109.37211,108.617819,108.617819,-0.754291,63
2022-01-11,74731,10740669,108.994965,108.994965,108.240674,108.240674,-0.377145,107
2022-01-12,33911,4870515,108.240674,108.617819,108.240674,108.617819,0.377145,52
2022-01-13,35339,5087741,108.617819,108.994965,108.240674,108.994965,0.377146,74
2022-01-14,41717,6013780,108.994965,109.37211,108.240674,108.994965,0.0,56
2022-01-17,39973,5749536,108.994965,108.994965,108.240674,108.240674,-0.754291,70
2022-01-18,56888,8185892,108.617819,108.994965,108.240674,108.240674,0.0,64
2022-01-19,52952,7629077,108.994965,108.994965,108.240674,108.994965,0.754291,63
2022-01-20,61204,8824431,108.240674,109.37211,108.240674,108.994965,0.0,86
2022-01-21,44961,6468415,108.994965,108.994965,108.240674,108.240674,-0.754291,79
2022-01-24,68442,9835897,108.617819,108.994965,107.863529,108.240674,0.0,90
2022-01-25,66883,9606196,107.863529,108.994965,107.863529,108.994965,0.754291,103
2022-01-26,38604,5575025,108.617819,109.37211,108.617819,108.617819,-0.377146,74
2022-02-07,77682,11300132,108.617819,110.503545,108.617819,110.1264,1.508581,112
2022-02-08,65456,9629763,110.503545,111.634981,110.1264,110.880691,0.754291,96
2022-02-09,96241,14329143,111.257836,112.766417,111.257836,112.389271,1.50858,175
2022-02-10,160302,23354642,111.634981,111.634981,109.37211,109.749255,-2.640016,228
2022-02-11,63509,9274925,109.749255,110.503545,109.749255,110.1264,0.377145,107
2022-02-14,66713,9683825,109.37211,110.1264,108.994965,109.749255,-0.377145,105
2022-02-15,37855,5505767,109.37211,110.1264,108.994965,108.994965,-0.75429,62
2022-02-16,37419,5442465,108.994965,110.1264,108.994965,109.37211,0.377145,78
2022-02-17,66704,9712631,109.749255,110.1264,109.37211,109.37211,0.0,90
2022-02-18,42577,6165121,109.37211,109.749255,108.617819,109.37211,0.0,70
2022-02-21,54821,7994036,110.1264,110.1264,109.37211,110.1264,0.75429,94
2022-02-22,58296,8457373,109.749255,110.1264,108.994965,109.37211,-0.75429,101
2022-02-23,31974,4656348,110.1264,110.1264,109.37211,110.1264,0.75429,77
2022-02-24,121057,17452065,108.617819,109.37211,108.240674,108.617819,-1.508581,156
2022-02-25,75271,10844364,108.617819,108.994965,108.240674,108.240674,-0.377145,103
2022-03-01,72503,10457808,108.617819,109.37211,108.240674,108.617819,0.377145,111
2022-03-02,59912,8638114,109.749255,109.749255,108.240674,108.240674,-0.377145,77
2022-03-03,51913,7466345,108.994965,108.994965,108.240674,108.240674,0.0,72
2022-03-04,69642,10000579,108.240674,108.617819,108.240674,108.240674,0.0,122
2022-03-07,186340,26407569,107.863529,107.863529,106.354948,106.732093,-1.508581,275
2022-03-08,179499,25199682,106.732093,106.732093,105.223513,105.977803,-0.75429,257
2022-03-09,30732,4333372,105.977803,106.732093,105.977803,106.732093,0.75429,82
2022-03-10,127997,18192465,107.109239,107.863529,106.354948,107.486384,0.754291,131
2022-03-11,47578,6751455,107.109239,107.109239,106.354948,107.109239,-0.377145,89
2022-03-14,37324,5315418,106.732093,107.863529,106.732093,107.863529,0.75429,86
2022-03-15,42731,6064315,107.863529,107.863529,106.732093,106.732093,-1.131436,57
2022-03-16,69924,9927810,107.863529,107.863529,106.732093,106.732093,0.0,91
2022-03-17,26937,3841288,107.863529,107.863529,107.109239,107.863529,1.131436,49
2022-03-18,40936,5862338,107.863529,108.240674,107.486384,108.240674,0.377145,71
2022-03-21,52458,7522880,108.240674,108.994965,107.863529,107.863529,-0.377145,67
2022-03-22,366961,51566718,107.486384,108.240674,105.600658,106.732093,-1.131436,314
2022-03-23,41213,5854817,106.732093,107.486384,106.732093,107.109239,0.377146,106
2022-03-24,47550,6729709,107.109239,107.109239,106.354948,106.732093,-0.377146,79
2022-03-25,70828,10018865,107.109239,107.109239,106.354948,106.732093,0.0,102
2022-03-28,54808,7719041,106.354948,106.732093,105.600658,106.354948,-0.377145,104
2022-03-29,90473,12770465,106.354948,107.109239,105.977803,105.977803,-0.377145,143
2022-03-30,43668,6176647,106.354948,107.109239,106.354948,106.732093,0.75429,72
2022-03-31,376825,52738029,106.732093,106.732093,105.223513,105.223513,-1.50858,361
2022-04-01,72272,10110669,105.223513,105.600658,105.223513,105.223513,0.0,150
2022-04-06,53836,7527698,105.223513,105.977803,104.846367,105.223513,0.0,103
2022-04-07,106077,14798237,105.223513,105.600658,104.846367,104.846367,-0.377146,149
2022-04-08,79769,11114833,104.846367,105.600658,104.846367,104.846367,0.0,139
2022-04-11,65109,9049861,104.846367,105.223513,104.469222,104.846367,0.0,125
2022-04-12,81054,11219090,104.846367,104.846367,104.092077,104.469222,-0.377145,140
2022-04-13,53774,7496916,104.846367,105.600658,104.469222,105.600658,1.131436,92
2022-04-14,49700,6918611,105.223513,105.223513,104.846367,104.846367,-0.754291,61
2022-04-15,48902,6789966,105.223513,105.223513,104.469222,104.469222,-0.377145,61
2022-04-18,55235,7704626,104.469222,105.600658,104.469222,105.600658,1.131436,94
2022-04-19,70107,9734992,105.600658,105.600658,104.092077,105.600658,0.0,84
2022-04-20,63726,8922463,105.223513,105.977803,105.223513,105.600658,0.0,89
2022-04-21,57652,8080179,105.600658,106.354948,105.223513,105.600658,0.0,73
2022-04-22,50510,7090980,105.600658,106.354948,105.600658,105.600658,0.0,72
2022-04-25,52278,7266587,105.600658,105.600658,104.469222,104.469222,-1.131436,100
2022-04-26,55710,7754540,104.469222,105.600658,104.469222,104.846367,0.377145,65
2022-04-27,82152,11310974,104.469222,104.469222,103.714932,103.714932,-1.131435,131
2022-04-28,26632,3669136,104.092077,104.092077,103.714932,104.092077,0.377145,43
2022-04-29,12696,1758830,104.092077,104.846367,104.092077,104.469222,0.377145,40
2022-05-03,47426,6519441,104.469222,104.469222,103.337787,104.092077,-0.377145,89
2022-05-04,48262,6628630,103.337787,104.092077,102.960641,103.714932,-0.377145,89
2022-05-05,19755,2730993,104.092077,104.846367,104.092077,104.469222,0.75429,41
2022-05-06,44032,6055712,104.469222,104.469222,103.337787,104.092077,-0.377145,75
2022-05-09,90815,12366211,103.337787,103.337787,102.206351,102.960641,-1.131436,144
2022-05-10,121642,16356620,101.829206,102.583496,100.320625,102.583496,-0.377145,217
2022-05-11,33925,4547429,101.45206,101.829206,100.69777,101.829206,-0.75429,81
2022-05-12,48952,6524651,101.074915,101.074915,100.320625,100.320625,-1.508581,98
2022-05-13,84043,11263684,100.320625,102.960641,99.566334,102.960641,2.640016,111
2022-05-16,128594,17804120,103.337787,107.486384,102.206351,104.469222,1.508581,140
2022-05-17,46507,6502222,105.223513,105.977803,104.092077,105.977803,1.508581,72
2022-05-18,44859,6241056,103.714932,106.354948,103.714932,105.600658,-0.377145,75
2022-05-19,54596,7511794,103.714932,104.092077,103.337787,103.714932,-1.885726,71
2022-05-20,11599,1600712,104.092077,104.092077,104.092077,104.092077,0.377145,29
2022-05-23,23750,3282591,105.600658,105.600658,103.337787,104.092077,0.0,43
2022-05-24,23716,3266195,104.092077,104.469222,103.337787,104.092077,0.0,32
2022-05-25,19996,2746255,103.714932,104.092077,102.960641,103.714932,-0.377145,41
2022-05-26,14479,1994976,104.092077,104.092077,103.714932,104.092077,0.377145,25
2022-05-27,15030,2064014,104.092077,104.092077,103.337787,103.337787,-0.75429,31
2022-05-30,27206,3763364,104.469222,104.846367,104.092077,104.469222,1.131435,47
2022-05-31,7266,1007435,104.846367,104.846367,104.092077,104.469222,0.0,16
2022-06-01,24406,3384438,104.469222,104.846367,104.469222,104.846367,0.377145,36
2022-06-02,17745,2465172,104.846367,104.846367,104.469222,104.846367,0.0,32
2022-06-06,41950,5832870,104.846367,105.223513,104.469222,105.223513,0.377146,51
2022-06-07,30987,4313386,105.223513,105.223513,104.846367,105.223513,0.0,61
2022-06-08,21698,3023996,105.223513,105.223513,104.846367,105.223513,0.0,39
2022-06-09,15835,2211769,105.600658,105.600658,105.223513,105.600658,0.377145,42
2022-06-10,7517,1043605,104.469222,104.846367,104.469222,104.846367,-0.754291,32
2022-06-13,28382,3912928,104.092077,104.469222,103.714932,104.092077,-0.75429,44
2022-06-14,40573,5552793,103.714932,103.714932,102.960641,103.337787,-0.75429,69
2022-06-15,32825,4533163,103.714932,104.469222,103.714932,104.469222,1.131435,49
2022-06-16,40061,5555694,104.469222,105.223513,104.092077,104.092077,-0.377145,59
2022-06-17,43826,6005421,103.714932,104.092077,102.960641,102.960641,-1.131436,55
2022-06-20,54693,7419443,102.960641,102.960641,101.829206,102.206351,-0.75429,91
2022-06-21,47507,6494139,102.206351,103.337787,102.206351,103.337787,1.131436,52
2022-06-22,48826,6622936,102.583496,102.960641,101.829206,102.583496,-0.754291,62
2022-06-23,43192,5879776,102.960641,104.092077,102.206351,102.960641,0.377145,63
2022-06-24,64658,8833750,102.960641,104.092077,102.206351,104.092077,1.131436,79
2022-06-27,52710,7321031,104.092077,105.223513,104.092077,105.223513,1.131436,52
2022-06-28,21742,3025627,104.846367,105.223513,104.846367,104.846367,-0.377146,45
2022-06-29,68924,9582670,104.846367,105.223513,104.469222,105.223513,0.377146,104
2022-06-30,59719,8265797,105.223513,105.223513,103.714932,104.846367,-0.377146,96
2022-07-01,80074,11075028,103.714932,105.223513,103.714932,104.092077,-0.75429,87
2022-07-04,29831,4115507,104.092077,104.469222,103.714932,104.092077,0.0,46
2022-07-05,37471,5183803,104.846367,105.223513,103.714932,104.469222,0.377145,62
2022-07-06,33409,4562909,103.714932,103.714932,101.829206,103.714932,-0.75429,73
2022-07-07,39814,5418496,103.714932,103.714932,102.206351,102.960641,-0.754291,84
2022-07-08,37018,5064346,103.337787,103.714932,102.583496,103.714932,0.754291,56
2022-07-11,24422,3352738,103.714932,104.092077,102.960641,103.714932,0.0,38
2022-07-12,55382,7528360,102.960641,102.960641,102.206351,102.960641,-0.754291,83
2022-07-13,24109,3315069,103.714932,104.092077,103.337787,104.092077,1.131436,39
2022-07-14,14225,1947692,102.583496,103.714932,102.583496,103.714932,-0.377145,22
2022-07-15,12262,1691157,104.092077,104.092077,103.714932,104.092077,0.377145,23
2022-07-18,55701,7681878,104.092077,104.846367,102.960641,103.337787,-0.75429,73
2022-07-19,27765,3819771,103.714932,104.092077,103.337787,103.714932,0.377145,41
2022-07-20,47561,6583992,104.092077,104.469222,104.092077,104.092077,0.377145,50
2022-07-21,32032,4434859,104.092077,104.469222,104.092077,104.092077,0.0,45
2022-07-22,35001,4843539,104.092077,104.846367,104.092077,104.469222,0.377145,64
2022-07-25,55084,7637860,104.469222,104.846367,104.469222,104.846367,0.377145,64
2022-07-26,73932,10274970,104.846367,105.223513,104.469222,104.846367,0.0,90
2022-07-27,95886,13333050,105.223513,105.223513,104.469222,104.846367,0.0,154
2022-07-28,156799,20813587,106.854918,107.256629,106.051498,106.854918,2.008551,246
2022-07-29,68546,9160562,107.256629,107.658339,106.854918,107.658339,0.803421,91
2022-08-01,47004,6275369,107.658339,107.658339,106.854918,107.256629,-0.40171,71
2022-08-02,61289,8114600,106.854918,106.854918,106.051498,106.051498,-1.205131,97
2022-08-03,85510,11311692,106.051498,106.854918,106.051498,106.453208,0.40171,97
2022-08-04,49323,6519046,106.453208,106.453208,105.649788,106.453208,0.0,63
2022-08-05,51490,6841674,106.453208,107.256629,106.453208,106.453208,0.0,69
2022-08-08,50554,6738737,106.854918,107.256629,106.854918,107.256629,0.803421,60
2022-08-09,71921,9582158,106.854918,107.658339,106.453208,107.256629,0.0,91
2022-08-10,74474,9831640,106.854918,106.854918,105.649788,105.649788,-1.606841,137
2022-08-11,50881,6713860,106.051498,106.453208,105.649788,105.649788,0.0,93
2022-08-12,56920,7517244,105.649788,106.453208,105.649788,105.649788,0.0,75
2022-08-15,66265,8773852,105.649788,106.854918,105.649788,106.854918,1.20513,80
2022-08-16,34438,4570535,106.051498,106.854918,106.051498,106.854918,0.0,47
2022-08-17,41372,5474882,106.854918,106.854918,106.051498,106.051498,-0.80342,73
2022-08-18,20110,2654133,106.453208,106.453208,105.649788,105.649788,-0.40171,50
2022-08-19,30253,3996045,105.649788,106.453208,105.649788,106.051498,0.40171,51
2022-08-22,40728,5373057,106.051498,106.051498,105.649788,106.051498,0.0,60
2022-08-23,131265,17379895,106.051498,106.854918,106.051498,106.854918,0.80342,120
2022-08-24,46401,6173168,106.854918,107.256629,106.453208,106.854918,0.0,66
2022-08-25,57444,7628702,106.051498,107.256629,106.051498,106.453208,-0.40171,59
2022-08-26,71529,9507836,106.453208,107.256629,106.453208,106.854918,0.40171,79
2022-08-29,56394,7474917,106.051498,106.854918,106.051498,106.854918,0.0,76
2022-08-30,68253,9076260,106.854918,106.854918,106.453208,106.453208,-0.40171,73
2022-08-31,41203,5477103,106.453208,107.256629,106.453208,107.256629,0.803421,53
2022-09-01,62649,8269920,106.453208,106.453208,105.649788,106.051498,-1.205131,88
2022-09-02,28023,3701269,105.649788,106.453208,105.649788,106.051498,0.0,58
2022-09-05,99910,13108179,106.854918,106.854918,104.444657,104.444657,-1.606841,158
2022-09-06,136362,17621287,104.444657,104.444657,103.239526,103.239526,-1.205131,244
2022-09-07,90997,11630810,103.239526,103.239526,102.034396,102.837816,-0.40171,210
2022-09-08,101079,12910520,103.239526,103.239526,102.034396,102.837816,0.0,163
2022-09-12,112250,14525068,103.641237,104.444657,103.239526,104.042947,1.205131,142
2022-09-13,92804,12043495,103.641237,104.444657,103.641237,104.444657,0.40171,94
2022-09-14,78081,10149745,103.239526,104.846367,103.239526,104.846367,0.40171,155
2022-09-15,42083,5464877,103.641237,104.444657,103.641237,104.444657,-0.40171,71
2022-09-16,53989,6995162,103.641237,104.444657,103.641237,104.042947,-0.40171,61
2022-09-19,43761,5646076,104.042947,104.042947,103.641237,103.641237,-0.40171,81
2022-09-20,69818,9012032,103.641237,104.042947,103.239526,104.042947,0.40171,63
2022-09-21,70760,9157219,103.641237,104.444657,103.641237,104.042947,0.0,70
2022-09-22,175224,22800402,103.239526,106.453208,102.436106,104.444657,0.40171,152
2022-09-23,56050,7236088,103.641237,104.042947,103.239526,103.641237,-0.80342,77
2022-09-26,175654,22133312,102.837816,102.837816,100.025845,101.230975,-2.410262,202
2022-09-27,58873,7411254,101.632686,101.632686,100.829265,101.230975,0.0,91
2022-09-28,145323,17970154,101.230975,101.230975,98.419004,98.820714,-2.410261,257
2022-09-29,328362,40609314,98.820714,102.837816,96.410453,98.820714,0.0,276
2022-09-30,85684,10664569,98.017294,100.427555,98.017294,100.427555,1.606841,103
2022-10-03,96040,11703785,98.820714,98.820714,97.213873,97.213873,-3.213682,145
2022-10-04,115594,13930863,98.017294,98.017294,96.410453,96.812163,-0.40171,193
2022-10-05,93015,11183292,97.213873,97.615583,96.008743,96.008743,-0.80342,182
2022-10-06,202009,23726648,96.008743,96.008743,93.598481,94.401902,-1.606841,375
2022-10-07,281059,32200090,94.803612,94.803612,91.18822,92.393351,-2.008551,372
2022-10-11,135832,15346485,91.58993,91.58993,89.983089,91.18822,-1.205131,201
2022-10-12,121210,13635731,90.78651,91.18822,89.581379,91.18822,0.0,164
2022-10-13,76827,8648659,91.99164,91.99164,89.983089,90.384799,-0.803421,132
2022-10-14,72596,8221911,91.58993,91.58993,90.384799,90.78651,0.401711,124
2022-10-17,77453,8838033,90.78651,93.196771,90.384799,93.196771,2.410261,108
2022-10-18,137452,15670286,93.196771,93.196771,90.384799,91.18822,-2.008551,184
2022-10-19,57861,6565659,91.18822,91.58993,90.78651,91.58993,0.40171,106
2022-10-20,793464,87290346,91.58993,91.58993,86.769407,88.376248,-3.213682,490
2022-10-21,149214,16299713,88.376248,88.376248,86.769407,88.376248,0.0,165
2022-10-24,144689,15850898,89.581379,89.581379,87.171118,87.572828,-0.80342,184
2022-10-25,119185,12902695,89.376686,89.376686,88.152348,88.968573,1.395745,143
2022-10-26,116613,12599794,88.152348,88.968573,87.744235,87.744235,-1.224338,132
2022-10-27,118196,12693994,88.152348,88.152348,86.92801,88.152348,0.408113,154
2022-10-28,81478,8730364,87.744235,87.744235,86.92801,87.744235,-0.408113,113
2022-10-31,67375,7239081,87.744235,87.744235,87.336123,87.744235,0.0,76
2022-11-01,61264,6602077,87.744235,88.152348,87.744235,88.152348,0.408113,59
2022-11-02,89583,9726764,88.560461,89.376686,88.152348,88.968573,0.816225,93
2022-11-03,78621,8571171,88.560461,89.376686,88.560461,89.376686,0.408113,106
2022-11-04,70143,7653678,88.968573,89.376686,88.560461,88.968573,-0.408113,99
2022-11-07,100532,10924474,88.968573,88.968573,88.152348,88.968573,0.0,155
2022-11-08,95078,10369502,88.560461,89.376686,88.560461,88.968573,0.0,112
2022-11-09,222326,24620056,88.968573,92.233475,88.968573,91.41725,2.448677,224
2022-11-10,126465,14329990,91.41725,93.049701,91.41725,93.049701,1.632451,158
2022-11-11,158126,18138562,95.090264,95.090264,93.049701,93.457813,0.408112,184
2022-11-14,182923,20709956,93.457813,93.457813,91.41725,92.233475,-1.224338,233
2022-11-15,184389,20848191,93.049701,93.049701,91.825362,92.233475,0.0,133
2022-11-16,172559,19546307,92.233475,93.049701,92.233475,92.233475,0.0,191
2022-11-17,94125,10696418,92.233475,93.457813,92.233475,93.049701,0.816226,109
2022-11-18,120243,13575679,93.049701,93.049701,91.41725,91.825362,-1.224339,135
2022-11-21,53893,6070739,92.641588,92.641588,91.41725,91.825362,0.0,68
2022-11-22,46484,5231531,92.233475,92.233475,91.41725,91.825362,0.0,77
2022-11-23,78262,8828953,92.233475,92.233475,91.825362,91.825362,0.0,99
2022-11-24,434001,48160777,89.784799,91.41725,88.968573,91.41725,-0.408112,492
2022-11-25,114052,12769364,91.41725,91.41725,91.009137,91.41725,0.0,195
2022-11-28,63068,7083359,90.601024,92.233475,90.601024,91.825362,0.408112,111
2022-11-29,72667,8221490,91.41725,92.641588,91.41725,92.641588,0.816226,114
2022-11-30,198444,23023916,92.641588,95.498377,92.641588,95.498377,2.856789,281
2022-12-01,154016,18075234,96.314602,96.722715,95.090264,95.498377,0.0,206
2022-12-02,78310,9160107,95.090264,95.498377,95.090264,95.498377,0.0,130
2022-12-05,109270,12968044,95.498377,97.130828,95.498377,97.130828,1.632451,164
2022-12-06,79017,9381974,97.130828,97.130828,96.314602,96.722715,-0.408113,119
2022-12-07,81000,9560180,95.90649,97.130828,95.90649,96.314602,-0.408113,107
2022-12-08,58265,6825171,96.314602,96.314602,95.090264,95.498377,-0.816225,101
2022-12-09,43260,5084955,95.498377,96.314602,95.498377,95.90649,0.408113,73
2022-12-12,29314,3447612,95.90649,96.314602,95.498377,96.314602,0.408112,59
2022-12-13,191358,22754900,97.130828,97.947053,95.498377,97.947053,1.632451,196
2022-12-14,209571,25507184,98.763279,99.987617,97.947053,99.579504,1.632451,247
2022-12-15,80909,9851192,100.39573,100.39573,98.355166,99.171391,-0.408113,147
2022-12-16,106751,12825961,98.763279,98.763279,97.538941,97.538941,-1.63245,129
2022-12-19,111067,13483445,97.130828,100.39573,97.130828,99.579504,2.040563,152
2022-12-20,100561,12259916,99.579504,100.39573,98.355166,99.171391,-0.408113,139
2022-12-21,112236,13523232,98.763279,98.763279,97.947053,98.355166,-0.816225,66
2022-12-22,43587,5243487,97.947053,98.763279,97.947053,97.947053,-0.408113,63
2022-12-23,27133,3260105,97.947053,98.763279,97.947053,97.947053,0.0,51
2022-12-26,17885,2150727,97.947053,98.763279,97.538941,97.947053,0.0,41
2022-12-27,54240,6489804,97.538941,98.355166,97.130828,97.947053,0.0,81
2022-12-28,63511,7560442,97.947053,97.947053,96.722715,97.130828,-0.816225,86
2022-12-29,191050,22273414,96.314602,97.130828,94.274039,96.722715,-0.408113,235
2022-12-30,98662,11750656,95.90649,97.947053,95.90649,97.130828,0.408113,126
2023-01-03,43953,5228528,97.130828,97.538941,96.722715,97.130828,0.0,63
2023-01-04,28348,3359254,97.130828,97.130828,96.314602,96.722715,-0.408113,43
2023-01-05,26546,3148253,96.722715,97.130828,96.314602,96.722715,0.0,54
2023-01-06,49365,5857018,96.722715,97.538941,96.314602,97.130828,0.408113,69
2023-01-09,48415,5784451,97.538941,97.947053,97.130828,97.947053,0.816225,119
2023-01-10,55283,6605184,97.130828,97.947053,97.130828,97.538941,-0.408112,92
2023-01-11,59876,7091145,97.130828,97.130828,95.90649,96.314602,-1.224339,89
2023-01-12,55112,6526569,96.314602,97.130828,96.314602,96.314602,0.0,73
2023-01-13,44241,5232598,96.314602,96.722715,96.314602,96.722715,0.408113,61
2023-01-16,28542,3373076,96.722715,96.722715,95.90649,96.314602,-0.408113,52
2023-01-17,28534,3374563,96.314602,96.722715,96.314602,96.722715,0.408113,41
2023-01-30,45054,5388441,97.947053,97.947053,97.130828,97.538941,0.816226,99
2023-01-31,30638,3653605,97.538941,97.538941,97.130828,97.538941,0.0,79
2023-02-01,42362,5064231,97.538941,97.947053,97.130828,97.947053,0.408112,71
2023-02-02,65042,7794311,97.130828,97.947053,97.130828,97.947053,0.0,89
2023-02-03,62820,7536867,97.538941,98.355166,97.538941,98.355166,0.408113,109
2023-02-06,73700,8884142,98.355166,98.763279,97.947053,98.763279,0.408113,109
2023-02-07,49756,6013966,99.171391,99.171391,98.355166,98.355166,-0.408113,85
2023-02-08,66883,8070676,98.763279,98.763279,97.947053,98.355166,0.0,113
2023-02-09,47039,5674126,98.763279,98.763279,98.355166,98.355166,0.0,84
2023-02-10,43144,5209138,98.763279,98.763279,98.355166,98.763279,0.408113,70
2023-02-13,31710,3826994,98.763279,98.763279,98.355166,98.355166,-0.408113,64
2023-02-14,34462,4149635,98.355166,98.355166,97.947053,98.355166,0.0,81
2023-02-15,51422,6183743,98.355166,98.355166,97.947053,98.355166,0.0,102
2023-02-16,48080,5788668,98.355166,98.763279,97.947053,98.763279,0.408113,88
2023-02-17,43211,5238353,98.763279,98.763279,98.355166,98.763279,0.0,86
2023-02-20,84741,10238489,98.763279,98.763279,98.355166,98.355166,-0.408113,123
2023-02-21,82966,10027184,98.355166,99.171391,98.355166,98.763279,0.408113,109
2023-02-22,59180,7168568,98.763279,99.171391,98.355166,98.763279,0.0,83
2023-02-23,99111,12086208,99.171391,99.987617,98.763279,99.579504,0.816225,140
2023-02-24,114462,13985171,99.987617,99.987617,99.579504,99.579504,0.0,150
2023-03-01,75292,9188705,99.579504,99.987617,99.171391,99.579504,0.0,114
2023-03-02,69012,8405765,99.171391,99.579504,99.171391,99.171391,-0.408113,95
2023-03-03,114656,14056109,99.579504,100.803842,99.171391,99.987617,0.816226,131
2023-03-06,277024,34674122,100.803842,103.660631,100.803842,103.252519,3.264902,312
2023-03-07,118064,14875399,103.252519,103.660631,102.028181,102.436293,-0.816226,201
2023-03-08,114698,14310093,101.620068,102.028181,101.620068,101.620068,-0.816225,156
2023-03-09,169545,21044803,101.620068,102.028181,100.39573,100.803842,-0.816226,205
2023-03-10,124953,15289656,100.803842,100.803842,99.579504,99.987617,-0.816225,185
2023-03-13,687888,78704331,94.682152,95.498377,91.41725,93.457813,-6.529804,905
2023-03-14,117242,13408682,93.457813,93.865926,93.049701,93.049701,-0.408112,210
2023-03-15,107276,12281445,93.865926,94.274039,93.049701,93.049701,0.0,158
2023-03-16,124980,14061391,92.233475,92.233475,91.41725,91.41725,-1.632451,225
2023-03-17,121657,13681447,91.41725,92.641588,91.41725,91.41725,0.0,189
2023-03-20,72066,8066730,91.41725,92.233475,91.009137,91.41725,0.0,139
2023-03-21,92599,10381530,91.41725,91.825362,91.41725,91.41725,0.0,137
2023-03-22,82486,9305792,91.825362,92.641588,91.41725,92.233475,0.816225,138
2023-03-23,114978,12941096,92.233475,92.233475,91.41725,91.825362,-0.408113,140
2023-03-24,99161,11152696,91.825362,91.825362,91.41725,91.41725,-0.408112,153
2023-03-27,87920,9863949,91.41725,91.825362,91.41725,91.825362,0.408112,129
2023-03-28,70188,7911927,91.825362,92.233475,91.825362,91.825362,0.0,92
2023-03-29,91764,10329680,92.641588,92.641588,91.41725,91.41725,-0.408112,127
2023-03-30,28144,3171991,91.825362,92.233475,91.825362,91.825362,0.408112,59
2023-03-31,112009,12681869,91.825362,93.049701,91.41725,92.641588,0.816226,145
2023-04-06,77041,8682551,92.233475,92.233475,91.825362,92.233475,-0.408113,136
2023-04-07,88336,9933145,92.233475,92.233475,91.41725,91.825362,-0.408113,181
2023-04-10,88978,10034729,91.825362,92.233475,91.825362,91.825362,0.0,87
2023-04-11,68897,7801876,93.049701,93.049701,92.233475,92.641588,0.816226,105
2023-04-12,81618,9272466,93.049701,93.049701,92.641588,92.641588,0.0,117
2023-04-13,88612,10047571,92.641588,93.049701,92.233475,93.049701,0.408113,122
2023-04-14,96441,10903825,93.049701,93.049701,91.825362,92.641588,-0.408113,143
2023-04-17,93353,10543017,92.641588,92.641588,91.825362,92.233475,-0.408113,170
2023-04-18,98852,11184433,92.233475,93.049701,91.825362,91.825362,-0.408113,130
2023-04-19,115314,13017761,93.049701,93.049701,91.825362,91.825362,0.0,187
2023-04-20,79690,8984356,91.825362,92.641588,91.825362,92.641588,0.816226,107
2023-04-21,110773,12475381,92.641588,92.641588,91.41725,92.233475,-0.408113,142
2023-04-24,51348,5775139,91.825362,91.825362,91.41725,91.825362,-0.408113,80
2023-04-25,153324,17144141,91.825362,91.825362,90.601024,90.601024,-1.224338,250
2023-04-26,35014,3906607,90.601024,91.41725,90.601024,91.41725,0.816226,96
2023-04-27,40096,4472899,91.41725,91.41725,90.601024,91.41725,0.0,83
2023-04-28,146276,16275247,91.41725,91.41725,90.601024,91.009137,-0.408113,230
2023-05-02,60942,6799564,91.009137,91.41725,91.009137,91.009137,0.0,97
2023-05-03,46688,5214333,91.41725,91.41725,91.009137,91.41725,0.408113,67
2023-05-04,31470,3529924,91.41725,91.825362,91.41725,91.41725,0.0,50
2023-05-05,66150,7442372,91.41725,92.233475,91.41725,92.233475,0.816225,93
2023-05-08,48732,5498214,92.233475,92.233475,91.825362,91.825362,-0.408113,86
2023-05-09,53388,5997144,91.825362,92.233475,91.41725,91.825362,0.0,77
2023-05-10,196731,21798724,90.601024,91.41725,89.784799,91.009137,-0.816225,294
2023-05-11,262314,28940485,91.009137,91.009137,89.784799,90.192912,-0.816225,320
2023-05-12,238644,25965888,89.784799,89.784799,88.152348,88.968573,-1.224339,397
2023-05-15,159454,17211864,88.968573,88.968573,87.744235,88.152348,-0.816225,294
2023-05-16,189903,20477684,88.152348,88.560461,87.336123,88.560461,0.408113,264
2023-05-17,143900,15661109,88.152348,90.192912,88.152348,89.784799,1.224338,158
2023-05-18,116865,12759110,89.784799,89.784799,88.968573,89.376686,-0.408113,182
2023-05-19,127450,14044996,89.784799,90.601024,89.376686,90.601024,1.224338,132
2023-05-22,60871,6707987,89.784799,90.601024,89.784799,89.784799,-0.816225,132
2023-05-23,61428,6741790,89.784799,89.784799,89.376686,89.784799,0.0,102
2023-05-24,63012,6917521,89.376686,89.784799,89.376686,89.784799,0.0,99
2023-05-25,101853,11142229,89.784799,89.784799,88.968573,89.376686,-0.408113,163
2023-05-26,190371,20793107,89.784799,89.784799,88.560461,88.968573,-0.408113,202
2023-05-29,142031,15674110,89.784799,90.601024,88.968573,90.192912,1.224339,178
2023-05-30,100965,11076773,89.784799,89.784799,88.968573,88.968573,-1.224339,133
2023-05-31,74040,8115971,88.968573,89.784799,88.968573,89.376686,0.408113,122
2023-06-01,76717,8414489,89.376686,89.784799,89.376686,89.376686,0.0,121
2023-06-02,83229,9187890,89.784799,90.601024,89.784799,90.601024,1.224338,130
2023-06-05,60700,6716128,90.601024,90.601024,89.784799,90.192912,-0.408112,106
2023-06-06,56150,6199544,90.192912,90.601024,89.784799,90.601024,0.408112,87
2023-06-07,54804,6066812,90.601024,90.601024,90.192912,90.192912,-0.408112,90
2023-06-08,147815,16188287,89.784799,89.784799,88.968573,89.784799,-0.408113,180
2023-06-09,54932,6044789,89.784799,90.192912,89.784799,89.784799,0.0,88
2023-06-12,128662,14314624,90.601024,91.41725,90.192912,91.009137,1.224338,171
2023-06-13,104694,11662463,91.009137,91.41725,90.601024,90.601024,-0.408113,116
2023-06-14,221827,25050622,90.601024,93.457813,90.601024,92.641588,2.040564,240
2023-06-15,71398,8085037,93.049701,93.049701,91.825362,92.641588,0.0,118
2023-06-16,98122,11058441,92.641588,92.641588,91.41725,92.233475,-0.408113,122
2023-06-19,54592,6161830,91.825362,92.641588,91.41725,92.641588,0.408113,83
2023-06-20,136616,15531655,92.641588,93.049701,92.641588,93.049701,0.408113,135
2023-06-21,104255,11921775,92.641588,93.865926,92.641588,93.457813,0.408112,110
2023-06-26,46027,5237269,93.049701,93.049701,92.641588,93.049701,-0.408112,76
2023-06-27,45500,5158614,92.641588,92.641588,92.233475,92.641588,-0.408113,56
2023-06-28,55196,6204425,92.233475,92.641588,91.41725,91.825362,-0.816226,142
2023-06-29,21046,2368742,92.641588,92.641588,91.41725,91.825362,0.0,68
2023-06-30,215822,23981222,92.233475,92.233475,90.192912,91.009137,-0.816225,248
2023-07-03,45423,5091267,91.41725,91.825362,91.009137,91.825362,0.816225,62
2023-07-04,41206,4591056,91.41725,91.41725,90.601024,91.009137,-0.816225,105
2023-07-05,38971,4355828,91.41725,91.41725,91.009137,91.009137,0.0,61
2023-07-06,32578,3633504,91.009137,91.009137,91.009137,91.009137,0.0,75
2023-07-07,31637,3523741,91.009137,91.41725,90.192912,91.41725,0.408113,57
2023-07-10,68138,7683069,91.41725,92.233475,91.41725,92.233475,0.816225,128
2023-07-11,133844,15166239,92.233475,92.641588,92.233475,92.641588,0.408113,106
2023-07-12,74520,8430168,92.641588,92.641588,91.825362,92.233475,-0.408113,102
2023-07-13,58460,6572919,93.049701,93.049701,91.41725,91.41725,-0.816225,117
2023-07-14,67834,7615731,91.41725,92.233475,91.009137,91.41725,0.0,83
2023-07-17,65322,7361444,91.825362,92.233475,91.41725,91.825362,0.408112,73
2023-07-18,82616,9287853,91.825362,92.233475,91.41725,91.825362,0.0,115
2023-07-19,250276,27925888,91.41725,91.825362,89.784799,90.601024,-1.224338,268
2023-07-20,202075,22512800,91.41725,91.41725,90.192912,91.009137,0.408113,256
2023-07-21,245002,26359652,91.438425,93.155579,91.009137,92.297002,1.287865,448
2023-07-24,149458,16022096,92.726291,93.155579,91.438425,91.867714,-0.429288,226
2023-07-25,193927,20617583,92.297002,92.297002,91.009137,91.009137,-0.858577,314
2023-07-26,76386,8100753,91.009137,91.867714,90.579849,90.579849,-0.429288,150
2023-07-27,102624,10880545,91.009137,91.438425,90.579849,91.009137,0.429288,162
2023-07-28,106866,11315378,91.009137,91.438425,90.579849,91.009137,0.0,162
2023-07-31,121681,12893201,91.009137,91.438425,90.579849,91.009137,0.0,188
2023-08-01,48206,5120765,91.009137,91.438425,91.009137,91.438425,0.429288,70
2023-08-02,65007,6898956,91.009137,91.438425,91.009137,91.009137,-0.429288,137
2023-08-04,76199,8151401,91.867714,92.297002,91.009137,92.297002,1.287865,138
2023-08-07,43030,4580312,91.867714,91.867714,91.009137,91.009137,-1.287865,94
2023-08-08,76214,8120101,91.867714,92.297002,91.009137,91.438425,0.429288,114
2023-08-09,100910,10723657,91.867714,91.867714,91.009137,91.009137,-0.429288,138
2023-08-10,188092,19684175,91.867714,91.867714,89.291983,89.721272,-1.287865,295
2023-08-11,50889,5324094,89.721272,90.15056,89.721272,90.15056,0.429288,116
2023-08-14,291445,29864648,89.291983,90.15056,86.716253,88.004118,-2.146442,342
2023-08-15,69253,7110778,88.004118,88.433407,87.57483,88.004118,0.0,119
2023-08-16,151724,15393720,87.57483,87.57483,86.716253,87.145542,-0.858576,204
2023-08-17,188614,18935844,86.716253,86.716253,85.857676,86.286965,-0.858577,267
2023-08-18,192963,19289283,86.286965,86.286965,85.685961,85.685961,-0.601004,259
2023-08-21,156813,15567633,85.857676,85.857676,84.655669,85.170815,-0.515146,270
2023-08-22,291053,28654210,85.170815,85.170815,83.968808,84.312238,-0.858577,412
2023-08-23,826060,79417358,84.140523,84.140523,81.30722,82.165796,-2.146442,962
2023-08-24,249770,24188425,81.994081,84.741527,81.994081,82.852658,0.686862,313
2023-08-25,213669,20754560,82.680942,84.569811,82.509227,84.398096,1.545438,237
2023-08-28,111292,10969476,85.857676,85.857676,84.312238,84.398096,0.0,162
2023-08-29,43334,4294944,84.569811,85.514246,84.569811,85.34253,0.944434,74
2023-08-30,181633,18240746,85.428388,87.57483,85.256673,87.145542,1.803012,198
2023-08-31,99620,10021168,87.145542,87.145542,85.857676,86.286965,-0.858577,108
2023-09-01,74499,7508404,86.286965,87.145542,86.286965,86.716253,0.429288,79
2023-09-04,93061,9381848,86.716253,87.57483,85.857676,87.145542,0.429289,127
2023-09-05,97998,9884194,87.145542,87.145542,86.286965,86.716253,-0.429289,127
2023-09-06,95188,9551620,86.716253,86.716253,85.857676,86.286965,-0.429288,105
2023-09-07,48712,4902280,86.286965,86.716253,85.857676,86.716253,0.429288,59
2023-09-08,95069,9660812,86.286965,87.57483,86.286965,87.57483,0.858577,99
2023-09-11,263273,27712536,90.15056,91.009137,89.291983,90.579849,3.005019,273
2023-09-12,125774,13273273,91.009137,91.867714,89.721272,90.15056,-0.429289,176
2023-09-13,89631,9419138,90.15056,90.579849,89.721272,90.579849,0.429289,91
2023-09-14,115281,12123042,91.009137,91.009137,89.721272,90.579849,0.0,149
2023-09-15,77058,8124298,90.15056,91.009137,90.15056,90.579849,0.0,88
2023-09-18,99514,10566770,90.579849,91.867714,90.579849,91.867714,1.287865,126
2023-09-19,84219,8996173,91.867714,92.297002,91.009137,91.438425,-0.429289,129
2023-09-20,356383,39066054,91.867714,94.872732,91.867714,94.443444,3.005019,382
2023-09-21,104786,11348669,94.443444,94.443444,92.297002,92.726291,-1.717153,161
2023-09-22,64543,6931353,92.726291,92.726291,91.867714,92.297002,-0.429289,87
2023-09-25,83570,9041211,92.726291,93.584867,92.297002,92.726291,0.429289,88
2023-09-26,115389,12614632,94.014156,95.302021,92.726291,94.014156,1.287865,117
2023-09-27,73491,7951434,94.014156,94.014156,92.726291,92.726291,-1.287865,69
2023-09-28,16641,1798216,92.726291,93.155579,92.297002,92.726291,0.0,45
2023-10-02,87703,9428239,92.726291,93.155579,91.867714,92.297002,-0.429289,108
2023-10-03,109132,11698726,91.867714,92.726291,91.438425,92.297002,0.0,115
2023-10-04,31450,3353962,91.867714,91.867714,91.438425,91.867714,-0.429288,214
2023-10-05,28106,3001890,91.438425,92.297002,91.438425,92.297002,0.429288,240
2023-10-06,24535,2638427,92.726291,92.726291,91.867714,92.297002,0.0,37
2023-10-11,344670,37981798,93.155579,95.731309,93.155579,95.302021,3.005019,397
2023-10-12,224824,25386032,96.160598,97.877751,95.731309,97.448463,2.146442,291
2023-10-13,245956,28075741,98.30704,98.30704,97.448463,97.448463,0.0,277
2023-10-16,138457,15720424,97.448463,98.30704,96.589886,97.877751,0.429288,169
2023-10-17,224033,25298313,98.30704,98.30704,95.731309,96.160598,-1.717153,222
2023-10-18,199370,21500602,96.160598,96.589886,91.438425,91.438425,-4.722173,170
2023-10-19,118117,12803980,92.297002,93.584867,92.297002,92.726291,1.287866,184
2023-10-20,81091,8774019,92.726291,93.584867,92.297002,92.726291,0.0,106
2023-10-23,29054,3160316,93.584867,93.584867,93.155579,93.155579,0.429288,77
2023-10-24,59278,6473257,93.155579,94.443444,93.155579,94.443444,1.287865,73
2023-10-25,47991,5293165,95.302021,95.731309,93.584867,93.584867,-0.858577,82
2023-10-26,29222,3164767,93.584867,93.584867,92.726291,92.726291,-0.858576,83
2023-10-27,51632,5630701,93.584867,94.443444,93.155579,93.155579,0.429288,63
2023-10-30,11634,1263416,93.155579,93.584867,93.155579,93.584867,0.429288,42
2023-10-31,70670,7588561,93.155579,93.155579,91.867714,91.867714,-1.717153,108
2023-11-01,68658,7291855,91.867714,91.867714,90.579849,91.009137,-0.858577,106
2023-11-02,37296,3984883,91.009137,92.297002,91.009137,91.867714,0.858577,64
2023-11-03,47741,5146655,91.867714,93.155579,91.867714,92.297002,0.429288,65
2023-11-06,86923,9347237,92.297002,94.014156,91.438425,91.867714,-0.429288,269
2023-11-07,21692,2328867,92.297002,92.297002,91.867714,92.297002,0.429288,52
2023-11-08,83548,8940797,92.297002,92.297002,91.438425,91.867714,-0.429288,100
2023-11-09,28275,3013593,91.867714,91.867714,91.009137,91.438425,-0.429289,80
2023-11-10,148849,15572212,90.15056,90.579849,89.291983,89.291983,-2.146442,239
2023-11-13,238375,24312300,88.004118,88.433407,86.716253,87.145542,-2.146441,326
2023-11-14,107858,11007147,87.145542,88.004118,87.145542,88.004118,0.858576,122
2023-11-15,139846,14383701,88.433407,88.862695,88.004118,88.433407,0.429289,164
2023-11-16,90414,9321409,88.862695,88.862695,88.004118,88.862695,0.429288,106
2023-11-17,100904,10486339,88.862695,89.291983,88.862695,88.862695,0.0,119
2023-11-20,89654,9267095,88.862695,89.291983,88.004118,88.433407,-0.429288,112
2023-11-21,149128,15437751,89.291983,89.291983,88.433407,88.433407,0.0,145
2023-11-22,90222,9373262,88.433407,89.291983,88.433407,89.291983,0.858576,110
2023-11-23,51296,5340575,89.721272,89.721272,89.291983,89.721272,0.429289,91
2023-11-24,41418,4320546,89.721272,89.721272,88.862695,89.291983,-0.429289,83
2023-11-27,75097,7850252,89.291983,90.15056,89.291983,90.15056,0.858577,104
2023-11-28,108691,11404023,90.15056,90.579849,89.721272,90.579849,0.429289,256
2023-11-29,82347,8667731,90.15056,91.009137,90.15056,91.009137,0.429288,103
2023-11-30,42835,4524335,91.009137,91.009137,90.579849,91.009137,0.0,75
2023-12-01,142740,15169098,91.009137,91.867714,90.579849,91.867714,0.858577,120
2023-12-04,252647,27531481,92.726291,94.443444,92.726291,94.014156,2.146442,270
2023-12-05,177784,19531118,94.014156,95.302021,93.155579,95.302021,1.287865,204
2023-12-06,94099,10392487,95.302021,95.302021,94.443444,94.872732,-0.429289,125
2023-12-07,105681,11498170,94.014156,94.014156,92.726291,92.726291,-2.146441,368
2023-12-08,48248,5218582,93.584867,93.584867,92.297002,92.297002,-0.429289,195
2023-12-11,57891,6234451,92.297002,93.155579,91.438425,92.726291,0.429289,78
2023-12-12,36238,3896367,92.726291,92.726291,91.867714,92.297002,-0.429289,48
2023-12-13,55280,5906306,92.726291,92.726291,91.438425,91.438425,-0.858577,93
2023-12-14,94794,10313609,92.297002,94.443444,92.297002,93.584867,2.146442,116
2023-12-15,58218,6305151,93.584867,93.584867,92.297002,93.155579,-0.429288,141
2023-12-18,68402,7373943,92.726291,93.155579,92.297002,92.726291,-0.429288,103
2023-12-19,62013,6615203,91.867714,92.297002,91.438425,91.438425,-1.287866,99
2023-12-20,63435,6790824,91.438425,92.297002,91.438425,92.297002,0.858577,84
2023-12-21,65122,6945157,92.297002,92.297002,91.009137,91.438425,-0.858577,79
2023-12-22,74564,7907698,91.438425,91.867714,90.579849,91.009137,-0.429288,102
2023-12-25,45782,4827996,91.009137,91.009137,90.15056,90.579849,-0.429288,75
2023-12-26,121097,12883360,90.579849,92.297002,90.15056,91.438425,0.858576,132
2023-12-27,53068,5645258,91.867714,91.867714,91.009137,91.009137,-0.429288,75
2023-12-28,35037,3722892,91.009137,91.438425,91.009137,91.009137,0.0,61
2023-12-29,22195,2366864,91.438425,91.867714,91.009137,91.438425,0.429288,52
2024-01-02,48031,5090065,91.867714,91.867714,90.579849,91.009137,-0.429288,82
2024-01-03,27774,2930868,91.009137,91.009137,90.15056,90.579849,-0.429288,61
2024-01-04,49556,5210464,90.579849,90.579849,90.15056,90.579849,0.0,66
2024-01-05,108798,11475866,90.579849,91.438425,89.721272,90.579849,0.0,84
2024-01-08,17755,1869462,91.009137,91.009137,90.15056,90.15056,-0.429289,57
2024-01-09,208368,21557898,90.15056,90.15056,88.004118,88.004118,-2.146442,222
2024-01-10,63407,6534968,89.291983,89.291983,88.004118,88.433407,0.429289,112
2024-01-11,28686,2975652,88.433407,89.291983,88.433407,89.291983,0.858576,58
2024-01-12,20358,2112491,89.291983,89.291983,88.862695,88.862695,-0.429288,57
2024-01-15,42647,4402274,88.862695,88.862695,88.433407,88.433407,-0.429288,86
2024-01-16,172359,17662448,88.433407,88.433407,87.57483,88.004118,-0.429289,139
2024-01-17,204303,20796617,87.57483,88.004118,86.716253,87.57483,-0.429288,237
2024-01-18,85280,8631785,87.57483,87.57483,86.286965,86.716253,-0.858577,150
2024-01-19,161528,16320407,87.145542,87.57483,86.286965,86.286965,-0.429288,184
2024-01-22,92871,9367982,86.286965,87.145542,86.286965,86.716253,0.429288,140
2024-01-23,23764,2410893,87.145542,87.145542,86.716253,86.716253,0.0,55
2024-01-24,31815,3239887,86.716253,87.57483,86.716253,87.145542,0.429289,72
2024-01-25,36622,3748819,87.57483,88.004118,87.57483,87.57483,0.429288,79
2024-01-26,54521,5540851,87.145542,87.57483,87.145542,87.145542,-0.429288,84
2024-01-29,46068,4679529,87.57483,87.57483,86.716253,87.145542,0.0,83
2024-01-30,64277,6512932,87.145542,87.57483,86.716253,86.716253,-0.429289,108
2024-01-31,44239,4476648,86.716253,87.145542,86.716253,86.716253,0.0,76
2024-02-01,106284,10717153,87.145542,87.145542,86.286965,86.286965,-0.429288,119
2024-02-02,50119,5069777,86.716253,87.145542,86.286965,86.716253,0.429288,67
2024-02-05,38767,3912582,86.716253,86.716253,86.286965,86.716253,0.0,88
2024-02-15,114354,11636965,86.716253,88.433407,86.716253,88.004118,1.287865,176
2024-02-16,79379,8165171,87.57483,88.862695,87.57483,88.433407,0.429289,129
2024-02-19,83675,8617078,88.862695,88.862695,88.004118,88.433407,0.0,167
2024-02-20,114780,11753001,88.433407,88.433407,87.145542,88.004118,-0.429289,205
2024-02-21,53208,5460176,88.004118,88.433407,88.004118,88.004118,0.0,108
2024-02-22,71232,7292735,88.004118,88.004118,87.57483,88.004118,0.0,124
2024-02-23,80667,8246186,87.57483,88.433407,87.57483,87.57483,-0.429288,139
2024-02-26,75029,7691180,87.57483,88.433407,87.57483,88.004118,0.429288,164
2024-02-27,95866,9793381,88.004118,88.004118,87.145542,87.57483,-0.429288,158
2024-02-29,108814,11124768,87.57483,88.433407,87.145542,87.57483,0.0,151
2024-03-01,79428,8147970,88.004118,88.433407,87.57483,88.004118,0.429288,148
2024-03-04,284118,29211858,88.004118,88.862695,87.145542,88.433407,0.429289,227
2024-03-05,57941,5969594,88.862695,88.862695,88.004118,88.004118,-0.429289,133
2024-03-06,96952,9934700,88.004118,88.433407,87.57483,87.57483,-0.429288,156
2024-03-07,136080,13821086,87.57483,87.57483,86.716253,87.57483,0.0,191
2024-03-08,277052,27936859,87.145542,87.145542,86.286965,86.286965,-1.287865,308
2024-03-11,460285,45731003,85.771819,85.857676,84.655669,85.514246,-0.772719,575
2024-03-12,279393,27800528,85.084957,86.286965,84.913242,86.286965,0.772719,335
2024-03-13,159642,16071635,85.857676,87.145542,85.771819,86.286965,0.0,184
2024-03-14,106702,10668883,86.286965,86.286965,85.600103,85.857676,-0.429289,168
2024-03-15,66802,6665298,85.857676,85.857676,85.428388,85.685961,-0.171715,159
2024-03-18,100013,9973567,85.685961,85.857676,85.428388,85.428388,-0.257573,194
2024-03-19,98647,9811699,85.428388,85.771819,85.170815,85.256673,-0.171715,180
2024-03-20,299927,29631396,85.084957,85.256673,84.140523,84.398096,-0.858577,486
2024-03-21,215173,21101064,84.398096,84.655669,83.711235,84.226381,-0.171715,1212
2024-03-22,126461,12402126,84.398096,84.569811,83.968808,84.226381,0.0,704
2024-03-25,151371,14787432,84.140523,84.140523,83.711235,83.968808,-0.257573,701
2024-03-26,160982,15702804,83.968808,84.054665,83.539519,83.711235,-0.257573,507
2024-03-27,106459,10439034,83.711235,84.827384,83.711235,84.569811,0.858576,389
2024-03-28,57987,5740212,84.827384,85.256673,84.827384,84.9991,0.429289,429
2024-03-29,73510,7303043,84.9991,85.514246,84.9991,85.170815,0.171715,325
2024-04-01,74055,7327717,85.170815,85.170815,84.741527,84.827384,-0.343431,322
2024-04-02,47418,4679349,84.827384,84.827384,84.655669,84.655669,-0.171715,240
2024-04-03,30231,2980638,84.655669,84.741527,84.569811,84.569811,-0.085858,172
2024-04-08,178575,17449509,84.569811,84.569811,83.539519,83.711235,-0.858576,676
2024-04-09,87333,8516250,83.539519,83.968808,83.453661,83.797092,0.085857,302
2024-04-10,68774,6729537,83.797092,84.226381,83.625377,84.054665,0.257573,317
2024-04-11,73865,7236388,84.054665,84.398096,83.968808,83.968808,-0.085857,304
2024-04-12,57268,5635576,84.655669,84.655669,84.140523,84.398096,0.429288,366
2024-04-15,85911,8431152,84.140523,84.655669,83.968808,84.312238,-0.085858,742
2024-04-16,88792,8693824,84.140523,84.312238,83.88295,84.054665,-0.257573,633
2024-04-17,40968,4020621,84.054665,84.483954,83.88295,84.140523,0.085858,487
2024-04-18,30191,2970174,83.968808,84.569811,83.968808,84.483954,0.343431,1370
2024-04-19,148267,14449289,84.226381,84.226381,83.196088,83.453661,-1.030293,784
2024-04-22,75053,7322428,83.797092,84.054665,83.625377,83.625377,0.171716,393
2024-04-23,29592,2889674,83.797092,84.054665,83.797092,83.797092,0.171715,140
2024-04-24,43806,4280827,83.88295,84.140523,83.797092,83.88295,0.085858,166
2024-04-25,74738,7330685,83.88295,84.655669,83.797092,84.312238,0.429288,148
2024-04-26,42655,4187068,84.312238,84.483954,84.140523,84.226381,-0.085857,345
2024-04-29,64390,6346911,84.312238,84.9991,84.312238,84.913242,0.686861,294
2024-04-30,63910,6331050,84.9991,85.170815,84.913242,84.9991,0.085858,82
2024-05-02,42703,4224395,84.9991,85.084957,84.827384,85.084957,0.085857,111
2024-05-03,66301,6553971,84.483954,85.084957,84.483954,84.913242,-0.171715,111
2024-05-06,59321,5883891,85.084957,85.256673,84.9991,85.084957,0.171715,122
2024-05-07,337768,34294844,85.428388,88.433407,85.428388,88.004118,2.919161,385
2024-05-08,55694,5685900,88.004118,88.433407,87.145542,87.57483,-0.429288,243
2024-05-09,92626,9337975,86.716253,87.145542,86.286965,86.286965,-1.287865,131
2024-05-10,44023,4457558,86.286965,87.145542,86.286965,87.145542,0.858577,91
2024-05-13,48357,4886634,87.145542,87.57483,86.286965,86.286965,-0.858577,153
2024-05-14,54935,5513662,86.286965,86.286965,85.857676,86.286965,0.0,95
2024-05-15,91902,9294055,86.286965,87.57483,86.286965,86.716253,0.429288,130
2024-05-16,133837,13697615,88.004118,88.433407,87.145542,87.57483,0.858577,164
2024-05-17,103496,10650457,87.57483,88.862695,87.57483,88.004118,0.429288,167
2024-05-20,72245,7445053,88.862695,88.862695,88.004118,88.433407,0.429289,166
2024-05-21,80438,8296205,88.433407,89.291983,88.004118,88.004118,-0.429289,100
2024-05-22,57109,5825974,87.57483,88.004118,87.145542,87.145542,-0.858576,160
2024-05-23,50495,5108277,87.145542,87.57483,86.286965,86.286965,-0.858577,116
2024-05-24,25184,2538437,86.286965,87.145542,86.286965,86.286965,0.0,77
2024-05-27,37142,3755163,86.716253,87.145542,86.286965,86.716253,0.429288,96
2024-05-28,27186,2750366,86.716253,87.145542,86.716253,86.716253,0.0,71
2024-05-29,69105,6954255,86.716253,87.145542,86.286965,86.286965,-0.429288,113
2024-05-30,37189,3752176,86.286965,87.145542,86.286965,86.716253,0.429288,71
2024-05-31,57841,5851854,86.716253,87.57483,86.716253,87.145542,0.429289,82
2024-06-03,40268,4074561,87.145542,87.145542,86.286965,86.716253,-0.429289,92
2024-06-04,26788,2710840,87.57483,87.57483,86.716253,87.145542,0.429289,60
2024-06-05,43033,4343561,87.145542,87.145542,85.857676,86.716253,-0.429289,93
2024-06-06,28481,2874677,86.716253,86.716253,86.286965,86.286965,-0.429288,86
2024-06-07,35376,3566147,86.286965,87.145542,86.286965,86.716253,0.429288,70
2024-06-11,64675,6558148,87.57483,87.57483,86.716253,87.145542,0.429289,94
2024-06-12,129565,13105033,87.57483,87.57483,86.286965,86.716253,-0.429289,143
2024-06-13,90349,9114017,86.716253,86.716253,86.286965,86.716253,0.0,126
2024-06-14,41505,4189577,86.716253,87.145542,86.286965,87.145542,0.429289,74
2024-06-17,53713,5453547,86.716253,87.57483,86.716253,87.145542,0.0,106
2024-06-18,66974,6768392,87.145542,87.145542,86.286965,86.286965,-0.858577,91
2024-06-19,47179,4762662,86.716253,87.145542,86.286965,86.286965,0.0,85
2024-06-20,92663,9329915,86.286965,86.716253,86.286965,86.286965,0.0,87
2024-06-21,45850,4643995,86.286965,87.145542,86.286965,86.716253,0.429288,76
2024-06-24,37837,3833145,87.145542,87.145542,86.716253,87.145542,0.429289,90
2024-06-25,34735,3516476,87.57483,87.57483,86.716253,86.716253,-0.429289,73
2024-06-26,44189,4474517,86.716253,87.145542,86.286965,86.716253,0.0,333
2024-06-27,46906,4728344,86.286965,86.716253,86.286965,86.716253,0.0,61
2024-06-28,30207,3054236,86.716253,87.145542,86.286965,86.716253,0.0,60
2024-07-01,31647,3195992,86.716253,87.145542,86.286965,86.716253,0.0,56
2024-07-02,49481,4987479,87.145542,87.145542,86.286965,86.286965,-0.429288,91
2024-07-03,64595,6504937,86.716253,86.716253,86.286965,86.286965,0.0,85
2024-07-04,89979,9069926,86.716253,86.716253,86.286965,86.716253,0.429288,107
2024-07-05,101231,10214263,86.716253,87.145542,86.286965,86.716253,0.0,125
2024-07-08,91374,9212845,86.716253,86.716253,86.286965,86.716253,0.0,151
2024-07-09,95316,9588009,86.286965,86.716253,85.857676,86.286965,-0.429288,141
2024-07-10,78600,7926104,86.716253,86.716253,86.286965,86.716253,0.429288,88
2024-07-11,90589,9142326,86.716253,86.716253,86.286965,86.716253,0.0,120
2024-07-12,93711,9496863,86.286965,87.145542,86.286965,87.145542,0.429289,139
2024-07-15,93011,9471172,86.716253,88.004118,86.716253,88.004118,0.858576,121
2024-07-16,79715,8153663,88.004118,88.004118,87.57483,87.57483,-0.429288,211
2024-07-17,99723,10224043,87.57483,88.433407,87.57483,88.004118,0.429288,130
2024-07-18,76877,7882244,88.004118,88.433407,87.57483,88.433407,0.429289,108
2024-07-19,75840,7926713,87.57483,87.57483,87.145542,87.57483,-0.858577,96
2024-07-22,151990,15261841,86.716253,86.716253,85.857676,86.286965,-1.287865,209
2024-07-23,31526,3181111,86.716253,87.145542,86.286965,86.716253,0.429288,84
2024-07-26,63620,6374521,86.286965,86.716253,85.514246,86.716253,0.0,120
2024-07-29,56662,5709699,87.145542,87.145542,86.286965,86.286965,-0.429288,113
2024-07-30,179114,18042661,85.857676,86.716253,85.857676,86.716253,0.429288,132
2024-07-31,89358,9046502,86.716253,87.145542,86.286965,87.145542,0.429289,134
2024-08-01,191760,19030403,87.859118,88.751089,87.859118,88.661892,1.51635,150
2024-08-02,182542,18050117,88.572695,89.01868,87.948315,88.037512,-0.62438,210
2024-08-05,281967,27175434,87.413133,89.01868,84.737221,85.718388,-2.319124,449
2024-08-06,134365,12787094,85.629191,85.807585,83.131673,85.629191,-0.089197,259
2024-08-07,72906,7107040,85.718388,87.413133,85.718388,87.145542,1.516351,162
2024-08-08,78193,7675115,87.413133,87.948315,86.87795,87.859118,0.713576,141
2024-08-09,167067,17087052,91.427001,92.764957,90.53503,90.981016,3.121898,239
2024-08-12,145798,15001400,91.427001,92.764957,90.981016,91.427001,0.445985,207
2024-08-13,184450,19114979,92.764957,92.764957,91.872987,92.764957,1.337956,877
2024-08-14,212170,22290127,93.656928,94.548899,93.210943,93.210943,0.445986,230
2024-08-15,397726,42563537,94.994884,96.33284,94.102913,95.440869,2.229926,495
2024-08-16,168513,17963524,97.224811,97.224811,95.886855,95.886855,0.445986,320
2024-08-19,97492,10349945,96.778826,96.778826,94.102913,94.548899,-1.337956,184
2024-08-20,138135,14712299,94.548899,95.440869,94.548899,95.440869,0.89197,215
2024-08-21,80398,8615418,95.440869,95.886855,94.994884,95.886855,0.445986,151
2024-08-22,71614,7661366,95.886855,95.886855,94.994884,94.994884,-0.891971,96
2024-08-23,69754,7407919,95.440869,95.440869,94.102913,94.994884,0.0,98
2024-08-26,68518,7289359,94.994884,95.440869,94.548899,94.994884,0.0,91
2024-08-27,54049,5742535,94.548899,95.440869,94.102913,95.440869,0.445985,110
2024-08-28,51345,5483474,95.440869,95.886855,94.994884,94.994884,-0.445985,89
2024-08-29,46025,4886719,94.548899,95.440869,94.548899,94.548899,-0.445985,69
2024-08-30,255228,27669963,94.548899,97.224811,94.548899,97.224811,2.675912,292
2024-09-02,238154,26368929,98.116782,99.454738,98.116782,99.008752,1.783941,334
2024-09-03,194144,21662464,99.008752,100.346709,98.562767,100.346709,1.337957,332
2024-09-04,199737,21818593,97.224811,99.008752,95.886855,96.33284,-4.013869,330
2024-09-05,113653,12501187,97.670796,99.008752,97.224811,97.224811,0.891971,174
2024-09-06,80450,8850840,98.562767,98.562767,97.670796,98.116782,0.891971,150
2024-09-09,106166,11511698,96.778826,97.670796,96.33284,96.33284,-1.783942,292
2024-09-10,429356,48331161,100.346709,101.238679,99.008752,99.454738,3.121898,483
2024-09-11,717765,83024403,100.792694,105.252548,99.900723,103.022621,3.567883,1122
2024-09-12,246638,28432608,104.360577,104.806562,101.684665,103.022621,0.0,361
2024-09-13,333418,39129266,103.022621,106.144518,102.13065,104.360577,1.337956,372
2024-09-16,199792,23512775,105.252548,106.144518,104.360577,104.806562,0.445985,246
2024-09-18,238849,27747337,104.806562,105.252548,102.576635,103.022621,-1.783941,282
2024-09-19,143175,16742136,103.914592,105.252548,102.576635,105.252548,2.229927,213
2024-09-20,176030,20690676,106.144518,106.144518,103.468606,104.360577,-0.891971,174
2024-09-23,102394,12005926,105.252548,105.252548,103.914592,104.360577,0.0,159
2024-09-24,139001,16265597,104.360577,104.806562,103.468606,104.806562,0.445985,134
2024-09-25,79419,9308237,104.806562,104.806562,103.914592,104.806562,0.0,144
2024-09-26,90225,10512569,104.806562,104.806562,103.468606,103.468606,-1.337956,116
2024-09-27,95669,11155524,103.914592,104.360577,103.468606,104.360577,0.891971,131
2024-09-30,115294,13311307,103.914592,103.914592,102.576635,103.022621,-1.337956,371
2024-10-01,104609,12077566,102.576635,103.914592,102.576635,103.914592,0.891971,122
2024-10-04,161518,18518759,103.468606,103.468606,101.238679,101.684665,-2.229927,339
2024-10-07,176568,19962022,101.684665,101.684665,99.900723,100.792694,-0.891971,370
2024-10-08,66779,7591014,100.792694,101.684665,100.792694,101.238679,0.445985,119
2024-10-09,144900,16272264,101.684665,101.684665,99.008752,99.900723,-1.337956,404
2024-10-11,336042,36827361,98.116782,99.008752,96.778826,96.778826,-3.121897,403
2024-10-14,220649,23933513,96.33284,97.670796,96.33284,97.224811,0.445985,282
2024-10-15,85541,9452997,97.224811,99.008752,97.224811,98.562767,1.337956,120
2024-10-16,112415,12422787,97.224811,99.454738,97.224811,99.454738,0.891971,160
2024-10-17,47069,5217143,99.454738,99.454738,98.116782,98.562767,-0.891971,73
2024-10-18,62807,6882501,98.562767,98.562767,97.224811,97.224811,-1.337956,743
2024-10-21,78435,8515388,97.224811,97.670796,95.886855,96.778826,-0.445985,99
2024-10-22,80593,8716113,96.33284,97.224811,95.886855,96.778826,0.0,90
2024-10-23,33068,3583198,95.886855,96.778826,95.886855,96.778826,0.0,55
2024-10-24,76579,8280248,96.33284,96.778826,95.886855,95.886855,-0.891971,75
2024-10-25,31942,3469076,96.778826,97.224811,96.33284,96.778826,0.891971,56
2024-10-28,65112,7052702,96.33284,97.224811,96.33284,96.778826,0.0,74
2024-10-29,37379,4030126,96.778826,96.778826,95.886855,95.886855,-0.891971,61
2024-10-30,63168,6784998,95.886855,96.778826,95.440869,95.440869,-0.445986,97
2024-11-01,97677,10340565,94.994884,94.994884,93.656928,94.548899,-0.89197,117
2024-11-04,50038,5336161,94.548899,96.33284,94.548899,94.548899,0.0,95
2024-11-05,50944,5458048,94.102913,96.33284,94.102913,95.886855,1.337956,75
2024-11-06,39267,4236774,95.440869,96.778826,95.440869,95.440869,-0.445986,62
2024-11-07,56465,6081884,95.440869,96.778826,95.440869,96.33284,0.891971,60
2024-11-08,61580,6659685,96.33284,97.224811,96.33284,96.33284,0.0,90
2024-11-11,148107,15727427,96.33284,96.33284,94.102913,94.548899,-1.783941,187
2024-11-12,179874,18791753,94.102913,94.102913,92.764957,93.210943,-1.337956,228
2024-11-13,107602,11155522,93.210943,93.210943,91.872987,92.318972,-0.891971,180
2024-11-14,89032,9157650,92.318972,92.318972,91.427001,91.427001,-0.891971,126
2024-11-15,320721,32685332,91.427001,91.872987,90.089045,90.089045,-1.337956,321
2024-11-18,112119,11428008,90.53503,91.872987,90.089045,91.872987,1.783942,156
2024-11-19,47392,4886132,91.427001,92.764957,91.427001,92.318972,0.445985,93
2024-11-20,42396,4377235,92.318972,92.318972,91.872987,92.318972,0.0,88
2024-11-21,90632,9502986,93.210943,94.102913,92.318972,94.102913,1.783941,113
2024-11-22,117808,12654634,94.548899,96.33284,94.548899,96.33284,2.229927,155
2024-11-25,84241,8975545,96.33284,96.33284,94.102913,95.440869,-0.891971,117
2024-11-26,126707,13339048,93.656928,94.102913,93.656928,93.656928,-1.783941,88
2024-11-27,54164,5642662,93.210943,93.210943,92.318972,92.764957,-0.891971,79
2024-11-28,133902,13806641,92.318972,92.764957,91.427001,91.872987,-0.89197,121
2024-11-29,31500,3255090,91.872987,92.764957,90.981016,92.318972,0.445985,45
2024-12-02,30283,3128035,91.872987,92.764957,91.872987,91.872987,-0.445985,74
2024-12-03,40288,4191088,92.318972,93.210943,92.318972,93.210943,1.337956,71
2024-12-04,48443,5027441,92.318972,92.764957,92.318972,92.318972,-0.891971,75
2024-12-05,68523,7078063,92.318972,92.764957,91.872987,92.318972,0.0,81
2024-12-06,55908,5788735,91.872987,92.764957,91.872987,91.872987,-0.445985,76
2024-12-09,34562,3567584,91.872987,92.764957,91.872987,91.872987,0.0,135
2024-12-10,139686,14656542,94.102913,94.102913,92.318972,92.318972,0.445985,117
2024-12-11,65649,6830618,92.318972,93.210943,91.872987,93.210943,0.891971,107
2024-12-12,44450,4633647,93.210943,93.210943,92.318972,92.318972,-0.891971,92
2024-12-13,59780,6172653,91.872987,92.318972,91.427001,92.318972,0.0,125
2024-12-16,59663,6172880,92.318972,92.764957,91.427001,91.427001,-0.891971,91
2024-12-17,21949,2259208,90.981016,92.318972,90.981016,91.872987,0.445986,60
2024-12-18,78131,8155392,91.427001,93.656928,91.427001,93.210943,1.337956,104
2024-12-19,36366,3796186,92.318972,93.656928,92.318972,92.764957,-0.445986,86
2024-12-20,64659,6742034,92.764957,93.656928,92.318972,92.764957,0.0,146
2024-12-23,96932,10202069,92.764957,94.548899,92.764957,94.102913,1.337956,118
2024-12-24,458852,49798075,94.548899,98.116782,94.102913,97.224811,3.121898,816
2024-12-25,230631,25129295,98.562767,98.562767,96.33284,96.778826,-0.445985,244
2024-12-26,171670,18855681,98.116782,100.346709,96.778826,96.778826,0.0,201
2024-12-27,86204,9357580,98.116782,98.116782,96.33284,96.778826,0.0,134
2024-12-30,152541,16544855,96.778826,97.670796,95.886855,96.778826,0.0,172
2024-12-31,320694,35427392,97.224811,99.900723,96.778826,99.008752,2.229926,373
2025-01-02,243823,27228868,99.008752,100.346709,98.562767,99.454738,0.445986,624
2025-01-03,164262,18274764,99.900723,99.900723,99.008752,99.008752,-0.445986,253
2025-01-06,510697,58378980,100.346709,103.468606,100.346709,100.792694,1.783942,684
2025-01-07,115185,13022475,101.684665,101.684665,100.346709,100.792694,0.0,359
2025-01-08,120151,13434642,100.792694,100.792694,99.008752,99.900723,-0.891971,682
2025-01-09,103862,11455629,99.900723,99.900723,96.778826,97.670796,-2.229927,173
2025-01-10,62778,6795880,97.224811,97.670796,95.886855,96.778826,-0.89197,543
2025-01-13,179215,18940572,95.886855,95.886855,93.656928,93.656928,-3.121898,216
2025-01-14,44628,4737714,94.102913,95.440869,93.656928,94.548899,0.891971,65
2025-01-15,36152,3815026,94.102913,94.994884,93.656928,94.102913,-0.445986,159
2025-01-16,70774,7568551,95.886855,95.886855,94.548899,95.440869,1.337956,92
2025-01-17,61862,6558449,94.548899,94.994884,94.102913,94.548899,-0.89197,93
2025-01-20,58888,6233349,94.102913,94.548899,94.102913,94.102913,-0.445986,111
2025-01-21,64738,6863232,94.548899,94.994884,94.102913,94.548899,0.445986,76
2025-01-22,18000,1912714,94.548899,95.440869,94.548899,95.440869,0.89197,60
2025-02-03,128079,13500708,94.102913,94.548899,93.656928,94.102913,-1.337956,171
2025-02-04,111513,11717665,94.102913,94.548899,92.764957,92.764957,-1.337956,175
2025-02-05,104500,10989048,92.764957,94.102913,92.764957,94.102913,1.337956,139
2025-02-06,69185,7352337,94.548899,94.994884,94.548899,94.548899,0.445986,125
2025-02-07,84959,9045531,94.102913,95.440869,94.102913,94.994884,0.445985,155
2025-02-10,68243,7312740,94.994884,95.886855,94.994884,95.886855,0.891971,166
2025-02-11,124020,13428614,97.224811,97.224811,96.33284,96.33284,0.445985,170
2025-02-12,51723,5588868,96.778826,96.778826,95.886855,95.886855,-0.445985,106
2025-02-13,82037,8847845,96.33284,96.778826,95.886855,96.33284,0.445985,147
2025-02-14,40003,4313697,96.778826,96.778826,95.440869,96.33284,0.0,120
2025-02-17,63434,6878742,96.33284,97.224811,96.33284,96.778826,0.445986,157
2025-02-18,37131,4024488,96.778826,96.778826,96.33284,96.33284,-0.445986,118
2025-02-19,179454,19708225,96.778826,99.008752,96.778826,98.562767,2.229927,214
2025-02-20,93209,10252953,98.562767,98.562767,97.670796,98.116782,-0.445985,154
2025-02-21,106484,11774977,98.116782,99.008752,98.116782,98.562767,0.445985,180
2025-02-24,88771,9775598,98.562767,98.562767,97.670796,97.670796,-0.891971,169
2025-02-25,67333,7369250,97.670796,98.116782,97.224811,98.116782,0.445986,175
2025-02-26,89171,9828358,98.116782,98.562767,97.670796,98.116782,0.0,138
2025-02-27,164264,18216305,98.562767,99.454738,98.116782,99.008752,0.89197,189
2025-03-03,67219,7427153,99.008752,99.454738,98.116782,99.008752,0.0,167
2025-03-04,134907,14921315,99.008752,99.454738,98.116782,99.454738,0.445986,272
2025-03-05,76659,8562453,99.900723,100.346709,98.562767,99.900723,0.445985,154
2025-03-06,316596,35819214,100.346709,101.238679,100.346709,101.238679,1.337956,384
2025-03-07,89242,9995514,101.238679,101.238679,99.008752,99.454738,-1.783941,579
2025-03-10,305940,33799132,98.562767,99.454738,97.224811,99.454738,0.0,1190
2025-03-11,194327,21379885,97.670796,99.454738,97.224811,99.008752,-0.445986,205
2025-03-12,80593,8965582,99.900723,99.900723,98.562767,99.900723,0.891971,232
2025-03-13,136872,15216339,99.454738,100.346709,98.562767,98.562767,-1.337956,297
2025-03-14,116446,12852763,99.454738,99.454738,98.116782,98.116782,-0.445985,154
2025-03-17,95099,10626311,98.116782,100.346709,98.116782,99.454738,1.337956,195
2025-03-18,71479,8013540,99.900723,100.346709,99.454738,100.346709,0.891971,229
2025-03-19,42596,4768071,99.454738,99.900723,99.454738,99.900723,-0.445986,136
2025-03-20,40552,4536811,99.900723,99.900723,99.008752,99.454738,-0.445985,120
2025-03-21,74100,8450636,99.454738,99.454738,99.008752,99.008752,-0.445986,399
2025-03-24,102399,11363000,99.454738,99.900723,98.562767,99.008752,0.0,275
2025-03-25,78709,8749778,99.454738,99.454738,99.008752,99.008752,0.0,395
2025-03-26,44211,4921146,99.454738,99.900723,99.008752,99.008752,0.0,146
2025-03-27,131390,14454383,99.008752,99.008752,97.670796,98.116782,-0.89197,190
2025-03-28,163395,17702481,97.224811,97.224811,95.886855,95.886855,-2.229927,303
2025-03-31,240400,25489066,94.102913,95.440869,93.656928,94.102913,-1.783942,373
2025-04-01,85172,9030803,94.102913,95.440869,94.102913,94.994884,0.891971,186
2025-04-02,71551,7638343,94.548899,95.886855,94.548899,94.994884,0.0,204
2025-04-07,440834,42276154,85.539994,85.539994,85.539994,85.539994,-9.45489,725
2025-04-08,308290,28920645,82.953279,85.450797,82.061308,85.004812,-0.535182,588
2025-04-09,451356,41040702,82.953279,83.22087,79.385396,79.385396,-5.619416,1227
2025-04-10,121502,11853048,87.234739,87.323936,84.380432,87.323936,7.93854,486
2025-04-11,166801,16195436,83.131673,87.591527,83.131673,86.788753,-0.535183,553
2025-04-14,230811,22315801,85.629191,86.967147,85.629191,86.164374,-0.624379,502
2025-04-15,212754,20814851,85.629191,88.572695,85.629191,87.323936,1.159562,365
2025-04-16,54707,5368185,86.967147,88.215906,86.967147,87.234739,-0.089197,134
2025-04-17,64452,6294701,86.967147,88.126709,86.87795,86.967147,-0.267592,101
2025-04-18,44639,4363885,86.967147,88.215906,86.967147,86.967147,0.0,364
2025-04-21,60517,5884545,87.056345,87.769921,85.807585,85.807585,-1.159562,335
2025-04-22,100946,9648347,85.183206,86.521162,84.558826,84.737221,-1.070364,173
2025-04-23,39642,3836865,86.164374,86.699556,86.164374,86.253571,1.51635,99
2025-04-24,15177,1477162,86.610359,87.413133,86.521162,87.413133,1.159562,168
2025-04-25,56981,5622929,87.680724,88.305104,87.680724,88.215906,0.802773,88
2025-04-28,65946,6519874,88.126709,88.305104,88.037512,88.037512,-0.178394,101
2025-04-29,55293,5483289,87.769921,88.929483,87.591527,88.661892,0.62438,152
2025-04-30,85514,8542867,89.01868,90.089045,88.572695,88.572695,-0.089197,142
2025-05-02,45166,4497712,88.572695,89.197074,88.572695,89.01868,0.445985,130
2025-05-05,192009,18656948,88.572695,88.572695,85.629191,85.896783,-3.121897,412
2025-05-06,21366,2068206,85.3616,87.234739,85.3616,86.610359,0.713576,55
2025-05-07,34607,3355408,86.699556,87.323936,86.075177,86.521162,-0.089197,54
2025-05-08,12938,1267132,86.164374,87.680724,86.164374,87.323936,0.802774,36
2025-05-09,33336,3284830,87.323936,88.572695,87.056345,88.215906,0.89197,40
2025-05-12,78841,7732257,87.680724,88.126709,87.145542,87.859118,-0.356788,120
2025-05-13,69931,6926427,88.394301,89.107877,87.680724,88.126709,0.267591,99
2025-05-14,43625,4347224,88.305104,89.64306,88.305104,89.197074,1.070365,152
2025-05-15,67126,6704783,89.64306,89.64306,88.840286,88.840286,-0.356788,173
2025-05-16,93258,9230709,88.394301,88.929483,87.859118,88.394301,-0.445985,142
2025-05-19,24471,2417020,87.859118,88.751089,87.859118,87.948315,-0.445986,57
2025-05-20,19621,1931651,87.769921,88.037512,87.50233,87.948315,0.0,52
2025-05-21,9882,977995,88.483498,88.661892,87.769921,88.572695,0.62438,36
2025-05-22,24360,2401906,87.948315,88.305104,87.769921,87.859118,-0.713577,57
2025-05-23,21178,2093533,87.859118,88.929483,87.859118,88.394301,0.535183,34
2025-05-26,19885,1965977,88.305104,88.394301,88.037512,88.126709,-0.267592,47
2025-05-27,65094,6372680,87.591527,87.680724,86.521162,86.521162,-1.605547,68
2025-05-28,68167,6616628,86.699556,86.87795,86.164374,86.431965,-0.089197,63
2025-05-29,17630,1710861,86.431965,86.788753,86.342768,86.431965,0.0,52
2025-06-02,59394,5694272,86.431965,86.431965,85.183206,85.450797,-0.981168,87
2025-06-03,14352,1378357,85.450797,85.896783,85.450797,85.629191,0.178394,38
2025-06-04,25247,2439643,85.450797,86.699556,85.450797,86.075177,0.445986,93
2025-06-05,26663,2583785,86.164374,87.234739,85.629191,86.164374,0.089197,58
2025-06-06,18708,1807118,86.075177,87.056345,85.629191,86.164374,0.0,82
2025-06-09,20177,1966454,86.075177,87.413133,85.98598,86.253571,0.089197,40
2025-06-10,41488,4083796,87.413133,88.305104,86.788753,87.413133,1.159562,76
2025-06-11,43528,4297558,87.859118,88.572695,87.680724,87.948315,0.535182,63
2025-06-12,22355,2211737,87.948315,88.661892,87.948315,88.126709,0.178394,54
2025-06-13,26309,2588287,88.037512,88.126709,87.056345,87.680724,-0.445985,53
2025-06-16,53186,5268632,87.591527,89.01868,87.413133,89.01868,1.337956,119
2025-06-17,30715,3059056,88.572695,89.01868,88.572695,89.01868,0.0,56
2025-06-18,142442,14251555,88.840286,89.64306,88.840286,89.197074,0.178394,225
2025-06-19,48512,4839861,89.197074,89.197074,88.840286,88.840286,-0.356788,197
2025-06-20,62286,6167700,88.840286,88.840286,87.859118,87.948315,-0.891971,107
2025-06-23,37715,3696127,87.323936,87.769921,86.610359,87.50233,-0.445985,101
2025-06-24,25250,2507685,87.948315,88.929483,87.948315,88.929483,1.427153,43
2025-06-25,12846,1283471,89.107877,89.197074,89.01868,89.01868,0.089197,64
2025-06-26,54489,5459625,88.929483,90.089045,88.929483,89.107877,0.089197,170
2025-06-27,36766,3679461,89.107877,89.64306,89.107877,89.197074,0.089197,53
2025-06-30,49263,4924142,89.197074,89.197074,89.01868,89.107877,-0.089197,66
2025-07-01,266416,26790038,89.64306,93.210943,87.948315,91.872987,2.76511,586
2025-07-02,156977,16353698,90.981016,94.548899,90.981016,93.656928,1.783941,174
2025-07-03,51360,5363065,93.656928,93.656928,92.318972,92.764957,-0.891971,113
2025-07-04,27192,2812952,91.872987,92.764957,91.872987,92.318972,-0.445985,42
2025-07-07,18829,1944443,91.872987,92.764957,91.427001,91.427001,-0.891971,48
2025-07-08,37678,3816786,90.981016,91.427001,89.197074,90.089045,-1.337956,119
2025-07-09,31146,3152316,90.53503,90.981016,90.089045,90.089045,0.0,42
2025-07-10,26380,2660916,89.64306,90.53503,89.197074,90.089045,0.0,289
2025-07-11,15447,1561932,90.089045,90.53503,90.089045,90.089045,0.0,69
2025-07-14,25251,2558584,90.089045,90.981016,90.089045,90.089045,0.0,132
2025-07-15,25384,2577533,90.981016,90.981016,90.089045,90.089045,0.0,33
2025-07-16,76515,7785899,90.089045,91.427001,90.089045,91.427001,1.337956,94
2025-07-17,59860,6119357,91.427001,91.427001,90.981016,90.981016,-0.445985,80
2025-07-18,56037,5750485,90.981016,91.872987,90.981016,91.427001,0.445985,76
2025-07-21,107881,11074631,91.427001,91.872987,91.427001,91.427001,0.0,114
2025-07-22,129720,13321660,91.427001,92.318972,90.53503,90.53503,-0.891971,164
2025-07-23,136045,14046458,90.53503,93.210943,90.53503,92.318972,1.783942,166
2025-07-24,433402,44964581,92.318972,93.210943,92.318972,92.764957,0.445985,520
2025-07-25,348166,34199523,93.048932,93.711538,92.10235,93.238248,0.473291,308
2025-07-28,50884,4991480,92.764957,93.332906,92.386325,92.764957,-0.473291,416
2025-07-29,67764,6598889,91.534402,93.14359,91.534402,92.386325,-0.378632,259
2025-07-30,17443,1707514,92.575641,92.859615,92.575641,92.575641,0.189316,45
2025-07-31,44205,4331108,93.048932,93.048932,92.291667,92.764957,0.189316,110
2025-08-01,28242,2774383,92.480983,93.711538,92.480983,92.670299,-0.094658,51
2025-08-04,39188,3810340,91.818376,92.670299,91.534402,92.386325,-0.283974,80
2025-08-05,20320,1988581,92.575641,92.859615,92.480983,92.575641,0.189316,52
2025-08-06,51323,5001771,92.670299,92.670299,91.723718,91.723718,-0.851923,126
2025-08-07,56555,5474157,92.480983,92.480983,91.250427,91.62906,-0.094658,262
2025-08-08,65911,6425521,91.534402,93.711538,91.155769,92.480983,0.851923,88
2025-08-11,15963,1550791,91.534402,92.197009,91.534402,91.913034,-0.567949,45
2025-08-12,33156,3215039,91.345085,92.197009,91.345085,91.818376,-0.094658,92
2025-08-13,38901,3766106,91.818376,91.818376,91.345085,91.534402,-0.283974,253
2025-08-14,58958,5705873,90.966453,92.007692,90.966453,91.62906,0.094658,92
2025-08-15,29151,2839223,91.818376,92.954274,91.723718,92.764957,1.135897,149
2025-08-18,64280,6339729,92.764957,94.184829,92.670299,94.184829,1.419872,149
2025-08-19,6856,677760,93.900855,94.184829,93.048932,93.14359,-1.041239,90
2025-08-20,27214,2639294,91.913034,92.007692,91.439744,91.818376,-1.325214,279
2025-08-21,52786,4903248,92.007692,92.007692,91.723718,91.723718,-0.094658,152
2025-08-22,28801,2789558,91.534402,92.007692,91.439744,91.439744,-0.283974,52
2025-08-25,77059,7456851,91.534402,91.913034,91.439744,91.439744,0.0,98
2025-08-26,42952,4128805,91.439744,91.818376,90.682479,90.682479,-0.757265,60
2025-08-27,42106,4046239,90.682479,91.250427,90.682479,90.871795,0.189316,71
2025-08-28,56304,5429907,92.197009,92.197009,91.061111,91.250427,0.378632,74
2025-08-29,65222,6296972,91.345085,91.62906,91.250427,91.345085,0.094658,91
2025-09-01,61451,5866560,91.155769,91.155769,90.11453,90.209188,-1.135897,229
2025-09-02,126242,11908761,90.11453,90.11453,88.978632,89.073291,-1.135897,243
2025-09-03,41666,3930643,89.262607,89.451923,89.167949,89.167949,0.094658,95
2025-09-04,20702,1961973,89.735897,89.830556,89.357265,89.641239,0.47329,61
2025-09-05,29628,2801524,89.546581,89.641239,89.451923,89.546581,-0.094658,229
2025-09-08,37286,3527661,89.546581,89.830556,89.546581,89.546581,0.0,49
2025-09-09,34381,3255378,89.641239,89.735897,89.262607,89.262607,-0.283974,84
2025-09-10,55108,5240223,89.262607,91.534402,88.978632,89.830556,0.567949,93
2025-09-11,119582,11204469,89.830556,89.830556,88.221368,88.316026,-1.51453,466
2025-09-12,145188,13433271,88.410684,88.410684,87.08547,87.180128,-1.135898,311
2025-09-15,51388,4737368,87.558761,87.558761,87.08547,87.274786,0.094658,119
2025-09-16,112851,10320206,87.08547,87.464103,86.138889,86.328205,-0.946581,224
2025-09-17,73267,6675147,86.138889,86.612179,86.138889,86.233547,-0.094658,148
2025-09-18,38039,3493188,86.233547,87.08547,86.233547,86.990812,0.757265,87
2025-09-19,64798,5925204,87.08547,87.08547,86.422863,86.422863,-0.567949,223
2025-09-22,39082,3569165,86.422863,86.517521,86.328205,86.422863,0.0,80
2025-09-23,94162,8549401,86.422863,86.422863,85.665598,85.949573,-0.47329,186
2025-09-24,41028,3732060,85.665598,86.328205,85.665598,85.949573,0.0,83
2025-09-25,26427,2408952,86.138889,86.328205,86.138889,86.328205,0.378632,47
2025-09-26,122868,11096889,85.949573,85.949573,85.286966,85.476282,-0.851923,158
2025-09-30,38588,3487309,85.665598,85.760256,85.476282,85.57094,0.094658,59
2025-10-01,46290,4184591,85.57094,85.665598,85.381624,85.57094,0.0,71
2025-10-02,74010,6678906,85.192308,85.665598,85.192308,85.286966,-0.283974,76
2025-10-03,51439,4643146,85.381624,85.57094,85.286966,85.57094,0.283974,73
2025-10-07,173103,15562912,85.476282,85.760256,84.624359,84.719017,-0.851923,257
2025-10-08,75336,6728790,85.002991,85.09765,84.245726,85.09765,0.378633,113
2025-10-09,167413,14919727,84.719017,84.813675,84.05641,84.340385,-0.757265,280
2025-10-13,74545,6638598,84.245726,84.435043,84.05641,84.340385,0.0,129
2025-10-14,124316,11084112,84.435043,84.624359,83.961752,84.624359,0.283974,136
2025-10-15,66392,5939118,84.245726,85.002991,84.245726,84.908333,0.283974,115
2025-10-16,158702,14423377,85.09765,86.801496,85.09765,86.233547,1.325214,143
2025-10-17,178332,16367284,86.044231,87.558761,86.044231,87.274786,1.041239,161
2025-10-20,194101,17832422,87.274786,87.464103,86.138889,86.990812,-0.283974,284
2025-10-21,54391,4957299,86.422863,86.517521,86.044231,86.044231,-0.946581,259
2025-10-22,23954,2174719,85.949573,86.044231,85.760256,85.760256,-0.283975,138
2025-10-23,79654,7257273,85.760256,86.896154,85.381624,86.612179,0.851923,171
2025-10-27,93746,8529835,86.328205,86.517521,85.665598,86.328205,-0.283974,252
2025-10-28,81285,7356204,85.854915,86.138889,85.381624,85.476282,-0.851923,138
2025-10-29,45984,4172351,85.57094,86.233547,85.476282,86.044231,0.567949,66
2025-10-30,75049,6785784,86.138889,86.138889,85.192308,85.665598,-0.378633,197
2025-10-31,157390,14476148,85.665598,87.748077,85.665598,87.369444,1.703846,172
2025-11-03,34318,3163040,87.369444,88.032051,86.612179,87.464103,0.094659,206
2025-11-04,19905,1828931,86.138889,87.558761,86.138889,86.990812,-0.473291,45
2025-11-05,25192,2316185,86.990812,87.464103,86.138889,87.369444,0.378632,64
2025-11-06,60058,5551435,87.369444,87.748077,87.08547,87.464103,0.094659,151
2025-11-07,233123,21850344,87.464103,89.451923,87.464103,89.357265,1.893162,455
2025-11-10,237609,22703560,88.789316,91.723718,88.789316,91.345085,1.98782,306
2025-11-11,132564,12774901,91.345085,91.534402,90.303846,91.345085,0.0,260
2025-11-12,270954,26633080,91.345085,93.711538,91.345085,93.427564,2.082479,298
2025-11-13,124485,12204623,93.332906,93.61688,91.439744,91.439744,-1.98782,189
2025-11-14,295153,28965961,91.345085,93.522222,90.871795,92.764957,1.325213,209
2025-11-17,55414,5406241,92.859615,93.048932,91.723718,91.818376,-0.946581,91
2025-11-18,270898,26382293,91.818376,92.670299,91.62906,92.291667,0.473291,176
2025-11-19,26901,2612508,92.291667,92.291667,91.061111,92.10235,-0.189317,54
2025-11-20,168681,16513790,92.197009,93.522222,91.818376,93.522222,1.419872,144
2025-11-21,32361,3178824,91.818376,93.711538,91.818376,92.291667,-1.230555,43
2025-11-24,50225,4911165,92.291667,92.954274,92.291667,92.291667,0.0,109
2025-11-25,48675,4767854,91.913034,93.14359,91.913034,92.291667,0.0,68
2025-11-26,176836,17465827,92.291667,93.995513,92.291667,93.995513,1.703846,144
2025-11-27,28130,2776999,93.900855,93.995513,93.238248,93.61688,-0.378633,42
2025-11-28,200244,19979675,93.900855,95.13141,93.427564,95.13141,1.51453,188
2025-12-01,44372,4435561,94.468803,94.65812,94.468803,94.468803,-0.662607,67
2025-12-02,23019,2299491,94.65812,94.65812,94.374145,94.374145,-0.094658,37
2025-12-03,42568,4252397,94.65812,94.65812,94.374145,94.468803,0.094658,36
2025-12-04,105034,10581339,94.468803,96.077991,94.279487,95.604701,1.135898,112
2025-12-05,515558,53329771,96.077991,100.337607,95.13141,97.497863,1.893162,407
2025-12-08,57415,5846321,97.497863,97.497863,96.077991,96.077991,-1.419872,92
2025-12-09,14779,1499344,96.551282,96.551282,95.604701,95.604701,-0.47329,40
2025-12-10,141763,14041489,94.65812,95.13141,93.14359,93.238248,-2.366453,568
2025-12-11,44642,4441900,93.711538,95.13141,93.238248,94.65812,1.419872,67
2025-12-12,32445,3265693,94.65812,96.077991,94.279487,94.374145,-0.283975,51
2025-12-15,73219,7348108,93.238248,96.077991,93.238248,95.604701,1.230556,74
2025-12-16,184765,18855833,95.604701,97.971154,94.65812,96.551282,0.946581,132
2025-12-17,99669,10256730,96.551282,97.971154,96.551282,96.551282,0.0,126
2025-12-18,107189,11000390,96.551282,97.971154,96.077991,96.077991,-0.473291,97
2025-12-19,56978,5837999,96.077991,97.497863,96.077991,96.077991,0.0,52
2025-12-22,19985,2029114,93.14359,96.551282,93.14359,95.604701,-0.47329,78
2025-12-23,91265,9367549,95.13141,97.971154,95.13141,96.551282,0.946581,99
2025-12-24,444704,46348205,95.604701,100.337607,94.65812,97.971154,1.419872,325
2025-12-26,42204,4350909,97.971154,98.444444,96.551282,97.024573,-0.946581,92
2025-12-29,17403,1775094,96.077991,97.024573,96.077991,96.551282,-0.473291,45
2025-12-30,182570,18837929,96.551282,98.444444,95.604701,98.444444,1.893162,177
2025-12-31,34047,3497591,97.497863,97.497863,96.551282,97.024573,-1.419871,120
2026-01-02,60881,6276633,96.551282,98.444444,96.077991,96.077991,-0.946582,67
2026-01-05,182155,18974362,95.604701,100.810897,95.604701,97.971154,1.893163,165
2026-01-06,147187,15441522,97.971154,100.337607,97.024573,98.917735,0.946581,139
2026-01-07,49032,5095897,98.444444,98.917735,97.971154,98.444444,-0.473291,76
2026-01-08,58468,6111249,99.391026,99.391026,97.971154,97.971154,-0.47329,81
2026-01-09,15605,1618032,98.444444,98.444444,97.971154,97.971154,0.0,33
2026-01-12,123983,12797808,96.551282,98.917735,96.551282,97.497863,-0.473291,100
2026-01-13,88473,9022635,95.604701,97.024573,95.604701,96.077991,-1.419872,117
2026-01-14,50875,5141589,95.604701,96.077991,95.13141,96.077991,0.0,63
2026-01-15,22078,2249442,96.077991,97.024573,96.077991,96.551282,0.473291,58
2026-01-16,86632,8872649,96.551282,98.444444,95.13141,98.444444,1.893162,118
2026-01-19,27076,2776682,97.971154,97.971154,96.551282,96.551282,-1.893162,83
2026-01-20,106472,10590933,96.077991,96.077991,93.238248,93.238248,-3.313034,2041
2026-01-21,47631,4695543,92.954274,94.279487,92.764957,93.522222,0.283974,209
2026-01-22,39322,3867212,93.048932,93.806197,92.764957,92.764957,-0.757265,663
2026-01-23,8323,816365,92.859615,92.859615,92.764957,92.764957,0.0,35
2026-01-26,30506,2979716,92.764957,92.859615,92.197009,92.197009,-0.567948,144
2026-01-27,56935,5557697,92.197009,94.374145,91.913034,91.913034,-0.283975,599
2026-01-28,50307,4870346,91.913034,92.007692,91.345085,91.439744,-0.47329,376
2026-01-29,34447,3339874,91.62906,92.10235,91.62906,91.62906,0.189316,72
2026-01-30,25664,2473411,91.345085,91.345085,91.061111,91.061111,-0.567949,67
2026-02-02,28015,2669370,90.871795,90.871795,89.925214,90.11453,-0.946581,762
2026-02-03,36151,3440663,90.11453,90.303846,89.925214,89.925214,-0.189316,106
2026-02-04,25529,2438967,89.925214,90.966453,89.925214,90.966453,1.041239,40
2026-02-05,29756,2845629,90.777137,90.966453,90.11453,90.11453,-0.851923,95
2026-02-06,44802,4252738,89.925214,90.682479,88.978632,89.925214,-0.189316,227
2026-02-09,25727,2471206,91.723718,92.007692,90.303846,90.303846,0.378632,174
2026-02-10,16762,1602753,90.777137,90.777137,90.398504,90.493162,0.189316,129
2026-02-11,35155,3355713,90.11453,90.682479,89.925214,90.019872,-0.47329,242
2026-02-23,184164,18227260,90.019872,96.551282,90.019872,95.604701,5.584829,298
2026-02-24,70329,7011394,94.65812,96.077991,93.900855,94.563462,-1.041239,118
2026-02-25,31987,3162676,92.764957,95.604701,92.764957,93.61688,-0.946582,146
2026-02-26,42672,4191016,92.764957,93.522222,92.764957,93.427564,-0.189316,316
2026-03-02,32290,3143516,92.575641,92.764957,91.913034,91.913034,-1.51453,628
2026-03-03,40776,3950192,93.048932,93.048932,91.155769,91.818376,-0.094658,208
2026-03-04,85541,8154502,90.303846,91.250427,89.357265,89.925214,-1.893162,221
2026-03-05,43550,4153128,90.871795,90.871795,89.925214,90.303846,0.378632,474
2026-03-06,26193,2493362,90.398504,90.493162,89.735897,90.303846,0.0,222
2026-03-09,66033,6178722,88.032051,88.978632,87.937393,88.6,-1.703846,763
2026-03-10,83321,7858207,88.6,90.587821,88.505342,88.505342,-0.094658,645
2026-03-11,37435,3527505,88.978632,89.925214,88.978632,89.073291,0.567949,165
2026-03-12,36530,3435062,88.126709,89.830556,88.126709,88.883974,-0.189317,372
2026-03-13,41165,3914110,88.883974,91.155769,88.883974,88.978632,0.094658,244
2026-03-16,92363,8717242,88.978632,91.723718,88.410684,89.167949,0.189317,680
2026-03-17,22100,2099458,89.262607,90.11453,89.262607,89.830556,0.662607,163
2026-03-18,36379,3437288,91.439744,91.439744,88.978632,89.641239,-0.189317,698
2026-03-19,20824,1952305,88.789316,88.789316,88.505342,88.789316,-0.851923,547
2026-03-20,75206,7037686,88.410684,89.641239,88.126709,88.221368,-0.567948,744
2026-03-23,38960,3590112,87.558761,87.842735,86.612179,87.274786,-0.946582,1473
2026-03-24,29780,2774983,88.126709,89.641239,87.653419,87.937393,0.662607,915
2026-03-25,13596,1281355,90.493162,90.493162,88.221368,88.789316,0.851923,802
2026-03-26,10537,983504,88.6,88.6,88.221368,88.410684,-0.378632,86
2026-03-27,33827,3124146,87.08547,87.937393,87.08547,87.558761,-0.851923,190
2026-03-30,43075,3985214,87.274786,87.842735,87.274786,87.558761,0.0,172
2026-03-31,42151,3888962,87.653419,87.653419,86.896154,86.896154,-0.662607,242
2026-04-01,46452,4297863,86.896154,88.694658,86.612179,87.748077,0.851923,79
2026-04-02,25328,2335487,87.274786,87.842735,87.08547,87.08547,-0.662607,52
2026-04-07,27700,2544474,87.08547,87.08547,86.801496,86.801496,-0.283974,68
2026-04-08,38659,3588836,87.369444,88.316026,87.369444,87.748077,0.946581,68
2026-04-09,21777,2010306,87.558761,87.748077,87.180128,87.274786,-0.473291,230
2026-04-10,39287,3646527,87.464103,88.6,87.464103,87.748077,0.473291,39
2026-04-13,29408,2725164,87.748077,87.937393,87.558761,87.748077,0.0,58
2026-04-14,36408,3373411,87.653419,88.126709,87.464103,87.748077,0.0,494
2026-04-15,21420,1992831,88.221368,88.221368,87.748077,88.032051,0.283974,262
2026-04-16,50780,4747091,87.937393,88.883974,87.937393,88.789316,0.757265,173
2026-04-17,40932,3839241,88.789316,88.978632,88.505342,88.694658,-0.094658,127
2026-04-20,45314,4211060,88.505342,88.505342,87.180128,88.410684,-0.283974,82
2026-04-21,92087,8558217,88.032051,88.694658,87.180128,88.032051,-0.378633,550
2026-04-22,20628,1917560,87.653419,88.410684,87.653419,87.937393,-0.094658,104
2026-04-23,104258,9614578,87.558761,87.653419,87.08547,87.08547,-0.851923,428
2026-04-24,114610,10546648,87.08547,88.316026,86.706838,86.801496,-0.283974,286
2026-04-27,180105,16247232,86.612179,86.612179,85.002991,85.192308,-1.609188,1605
2026-04-28,64926,5884957,86.044231,86.138889,85.286966,86.138889,0.946581,125
2026-04-29,33172,3019680,86.138889,86.990812,85.949573,86.138889,0.0,78
2026-04-30,56487,5160485,86.138889,87.274786,86.138889,87.274786,1.135897,161
2026-05-04,43987,4024702,87.274786,87.274786,86.328205,86.422863,-0.851923,301
2026-05-05,78726,7165749,86.422863,86.517521,85.949573,86.328205,-0.094658,403
2026-05-06,48970,4471003,86.990812,86.990812,86.138889,86.801496,0.473291,132
2026-05-07,38285,3495422,86.517521,86.990812,86.233547,86.422863,-0.378633,72
2026-05-08,76239,6966138,86.422863,86.801496,86.233547,86.422863,0.0,344
2026-05-11,93273,8541091,86.422863,87.274786,86.233547,87.274786,0.851923,450
2026-05-12,56299,5132025,87.08547,87.08547,86.138889,86.328205,-0.946581,204
2026-05-13,43495,3950473,86.233547,86.233547,85.760256,86.044231,-0.283974,300
2026-05-14,57887,5251897,86.044231,86.044231,85.665598,85.665598,-0.378633,162
2026-05-15,145686,13112899,86.517521,86.517521,84.813675,84.813675,-0.851923,247
2026-05-18,83594,7486959,84.435043,85.476282,84.340385,85.476282,0.662607,126
2026-05-19,40621,3664456,85.57094,85.949573,85.192308,85.476282,0.0,91
2026-05-20,45399,4087830,85.476282,85.476282,85.002991,85.192308,-0.283974,118
2026-05-21,24812,2243778,85.760256,85.854915,85.192308,85.476282,0.283974,50
2026-05-22,51525,4657004,85.476282,86.138889,85.192308,85.949573,0.473291,121
2026-05-25,88435,7959452,85.949573,85.949573,84.908333,85.286966,-0.662607,144
2026-05-26,127347,11720739,88.032051,88.789316,86.328205,86.612179,1.325213,332
2026-05-27,103311,9400160,86.612179,86.706838,85.665598,85.854915,-0.757264,167
2026-05-28,70905,6436801,85.854915,86.422863,85.665598,86.328205,0.47329,96
2026-05-29,43360,3953509,86.328205,86.896154,85.949573,86.706838,0.378633,71
2026-06-01,106492,9707377,86.896154,86.896154,85.760256,86.706838,0.0,132
2026-06-02,30118,2744400,86.612179,86.612179,86.138889,86.233547,-0.473291,50
2026-06-03,73400,6699564,86.233547,86.612179,85.949573,86.517521,0.283974,95
2026-06-04,96770,8861817,86.517521,86.990812,86.422863,86.990812,0.473291,116
2026-06-05,45103,4129375,86.706838,86.896154,86.328205,86.896154,-0.094658,97
2026-06-08,112982,10172391,86.612179,86.612179,84.813675,85.192308,-1.703846,163
2026-06-09,67559,6094178,85.286966,85.949573,85.192308,85.381624,0.189316,123
2026-06-10,31346,2826548,85.192308,85.760256,85.192308,85.760256,0.378632,72
2026-06-11,50784,4584692,85.476282,85.949573,85.286966,85.57094,-0.189316,75
2026-06-12,36366,3288761,85.665598,85.760256,85.476282,85.57094,0.0,69
2026-06-15,61359,5559389,85.854915,86.138889,85.57094,85.665598,0.094658,96
2026-06-16,63722,5792338,85.665598,86.422863,85.665598,86.138889,0.473291,84
2026-06-17,26164,2375170,85.854915,86.138889,85.665598,86.138889,0.0,83
2026-06-18,57936,5287587,86.612179,86.706838,86.138889,86.612179,0.47329,71
2026-06-22,87667,7987879,86.138889,86.517521,86.138889,86.328205,-0.283974,111
2026-06-23,52927,4810586,86.138889,86.328205,85.665598,86.328205,0.0,128
2026-06-24,52935,4807019,86.044231,86.328205,85.665598,85.854915,-0.47329,74
2026-06-25,51981,4708636,85.760256,85.949573,85.665598,85.854915,0.0,95
2026-06-26,108166,9775321,85.854915,86.233547,85.192308,85.192308,-0.662607,166
2026-06-29,48513,4386443,86.138889,86.138889,85.286966,85.57094,0.378632,75
2026-06-30,44584,4034483,85.57094,86.044231,85.286966,85.665598,0.094658,71
2026-07-01,69740,6324276,85.665598,86.138889,85.665598,85.760256,0.094658,106
2026-07-02,38464,3489554,85.760256,86.328205,85.760256,85.949573,0.189317,63
2026-07-03,106852,9773536,85.949573,86.990812,85.949573,86.990812,1.041239,143
2026-07-06,104805,9699675,86.990812,87.842735,86.990812,87.842735,0.851923,148
2026-07-07,68100,6303757,87.842735,87.842735,87.369444,87.653419,-0.189316,87
2026-07-08,64619,5968631,87.08547,87.653419,86.990812,87.369444,-0.283975,93
2026-07-09,39588,3654263,87.274786,87.558761,87.274786,87.464103,0.094659,56
2026-07-13,45501,4209684,87.464103,87.842735,87.369444,87.653419,0.189316,68
2026-07-14,104082,9584114,87.180128,87.653419,86.138889,87.369444,-0.283975,174
2026-07-15,87683,8137156,87.558761,88.221368,87.464103,88.032051,0.662607,125
2026-07-16,136405,12801812,87.180128,89.546581,87.180128,89.546581,1.51453,202
2026-07-17,106445,9901589,89.262607,89.262607,87.464103,88.126709,-1.419872,200
2026-07-20,615826,58427094,89.735897,90.398504,88.410684,89.262607,1.135898,234
2026-07-21,272172,25830032,89.262607,90.871795,88.883974,89.641239,0.378632,613
2026-07-22,171825,16111502,90.019872,90.019872,88.316026,88.6,-1.041239,683
2026-07-23,216840,19325251,88.6,90.4,88.6,89.7,1.1,187
2026-07-24,80430,7201908,90.1,90.8,88.7,90.3,0.6,148
2026-07-27,27161,2437190,90.2,90.2,89.1,89.5,-0.8,68
2026-07-28,102987,9208062,90.2,90.2,88.9,89.2,-0.3,141
2026-07-29,188206,17100428,89.9,91.6,89.9,91.2,2.0,220
2026-07-30,209716,19240302,91.5,92.5,88.9,91.9,0.7,191
2026-07-31,131470,12137366,91.9,92.8,91.8,91.8,-0.1,117
2026-08-03,113159,10332796,91.7,91.8,90.6,91.2,-0.6,155
2026-08-04,60777,5546222,90.2,92.0,90.2,91.7,0.5,64
2026-08-05,77498,7101932,91.7,92.0,91.0,91.0,-0.7,61
2026-08-06,74258,6776216,90.4,91.7,90.3,91.5,0.5,135
2026-08-07,111518,10305450,93.1,93.1,91.5,92.4,0.9,126
2026-08-10,155960,14653369,93.5,94.6,93.2,94.6,2.2,161
