date,Trading_Volume,Trading_money,open,max,min,close,spread,Trading_turnover
2015-01-05,0,0,13.884074,13.884074,13.884074,13.884074,0.0,0
2015-01-06,3052,125028,13.425638,13.425638,13.425638,13.425638,-0.458436,2
2015-01-07,1116,43988,12.934456,12.934456,12.934456,12.934456,-0.491182,4
2015-01-08,41,1518,12.934456,12.934456,12.934456,12.934456,0.0,3
2015-01-09,40,1520,12.934456,12.934456,12.934456,12.934456,0.0,1
2015-01-12,0,0,12.934456,12.934456,12.934456,12.934456,0.0,0
2015-01-13,0,0,12.934456,12.934456,12.934456,12.934456,0.0,0
2015-01-14,136,5004,12.934456,12.934456,12.934456,12.934456,0.0,4
2015-01-15,200,7329,12.934456,12.934456,12.934456,12.934456,0.0,2
2015-01-16,61,2235,12.934456,12.934456,12.934456,12.934456,0.0,2
2015-01-19,50,1835,12.934456,12.934456,12.934456,12.934456,0.0,1
2015-01-20,9084,332929,12.00121,12.00121,12.00121,12.00121,-0.933246,12
2015-01-21,7200,251277,11.166201,12.737983,11.166201,12.737983,0.736773,9
2015-01-22,80,3280,11.166201,12.737983,11.166201,12.737983,0.0,3
2015-01-23,102,3966,11.166201,12.737983,11.166201,12.737983,0.0,3
2015-01-26,102,3732,11.166201,12.737983,11.166201,12.737983,0.0,3
2015-01-27,119,4366,11.166201,12.737983,11.166201,12.737983,0.0,4
2015-01-28,63,2336,11.166201,12.737983,11.166201,12.737983,0.0,2
2015-01-29,173,6330,11.166201,12.737983,11.166201,12.737983,0.0,4
2015-01-30,63,2450,11.166201,12.737983,11.166201,12.737983,0.0,2
2015-02-02,0,0,11.166201,12.737983,11.166201,12.737983,0.0,0
2015-02-03,0,0,11.166201,12.737983,11.166201,12.737983,0.0,0
2015-02-04,237,9216,11.166201,12.737983,11.166201,12.737983,0.0,4
2015-02-05,8,292,11.166201,12.737983,11.166201,12.737983,0.0,2
2015-02-06,62,2281,11.166201,12.737983,11.166201,12.737983,0.0,2
2015-02-09,193,7062,11.166201,12.737983,11.166201,12.737983,0.0,3
2015-02-10,0,0,11.166201,12.737983,11.166201,12.737983,0.0,0
2015-02-11,18,664,11.166201,12.737983,11.166201,12.737983,0.0,1
2015-02-12,9,329,11.166201,12.737983,11.166201,12.737983,0.0,3
2015-02-13,0,0,11.166201,12.737983,11.166201,12.737983,0.0,0
2015-02-24,57,2113,11.166201,12.737983,11.166201,12.737983,0.0,6
2015-02-25,16,592,11.166201,12.737983,11.166201,12.737983,0.0,2
2015-02-26,2204,85404,12.770728,12.770728,12.770728,12.770728,0.032745,5
2015-03-02,18,654,12.770728,12.770728,12.770728,12.770728,0.0,2
2015-03-03,0,0,12.770728,12.770728,12.770728,12.770728,0.0,0
2015-03-04,13,471,12.770728,12.770728,12.770728,12.770728,0.0,1
2015-03-05,0,0,12.770728,12.770728,12.770728,12.770728,0.0,0
2015-03-06,103,3759,12.770728,12.770728,12.770728,12.770728,0.0,2
2015-03-09,11,399,12.770728,12.770728,12.770728,12.770728,0.0,1
2015-03-10,0,0,12.770728,12.770728,12.770728,12.770728,0.0,0
2015-03-11,425,15551,12.770728,12.770728,12.770728,12.770728,0.0,6
2015-03-12,83,3020,12.770728,12.770728,12.770728,12.770728,0.0,4
2015-03-13,101,3675,12.770728,12.770728,12.770728,12.770728,0.0,3
2015-03-16,1,36,12.770728,12.770728,12.770728,12.770728,0.0,1
2015-03-17,2001,81039,13.26191,13.26191,13.26191,13.26191,0.491182,2
2015-03-18,363,13720,13.26191,13.26191,13.26191,13.26191,0.0,3
2015-03-19,734,29505,13.26191,13.26191,13.26191,13.26191,0.0,6
2015-03-20,147,5466,13.26191,13.26191,13.26191,13.26191,0.0,5
2015-03-23,1865,73479,12.90171,12.90171,12.90171,12.90171,-0.3602,7
2015-03-24,4242,166254,12.868965,12.90171,12.868965,12.868965,-0.032745,7
2015-03-25,64,2384,12.868965,12.90171,12.868965,12.868965,0.0,6
2015-03-26,382,14094,12.868965,12.90171,12.868965,12.868965,0.0,4
2015-03-27,149,5662,12.868965,12.90171,12.868965,12.868965,0.0,3
2015-03-30,0,0,12.868965,12.90171,12.868965,12.868965,0.0,0
2015-03-31,20,751,12.868965,12.90171,12.868965,12.868965,0.0,2
2015-04-01,5,184,12.868965,12.90171,12.868965,12.868965,0.0,1
2015-04-02,1,41,12.868965,12.90171,12.868965,12.868965,0.0,1
2015-04-07,45,1780,12.868965,12.90171,12.868965,12.868965,0.0,4
2015-04-08,34,1343,12.868965,12.90171,12.868965,12.868965,0.0,1
2015-04-09,280,11003,12.868965,12.90171,12.868965,12.868965,0.0,4
2015-04-10,152,5911,12.868965,12.90171,12.868965,12.868965,0.0,4
2015-04-13,16,625,12.868965,12.90171,12.868965,12.868965,0.0,1
2015-04-14,2,76,12.868965,12.90171,12.868965,12.868965,0.0,2
2015-04-15,15,585,12.868965,12.90171,12.868965,12.868965,0.0,5
2015-04-16,27,1053,12.868965,12.90171,12.868965,12.868965,0.0,3
2015-04-17,9,351,12.868965,12.90171,12.868965,12.868965,0.0,2
2015-04-20,69,2695,12.868965,12.90171,12.868965,12.868965,0.0,5
2015-04-21,37,1445,12.868965,12.90171,12.868965,12.868965,0.0,3
2015-04-22,40,1563,12.868965,12.90171,12.868965,12.868965,0.0,3
2015-04-23,829,32331,12.868965,12.90171,12.868965,12.868965,0.0,11
2015-04-24,249,9711,12.868965,12.90171,12.868965,12.868965,0.0,2
2015-04-27,8,312,12.868965,12.90171,12.868965,12.868965,0.0,2
2015-04-28,92,3550,12.868965,12.90171,12.868965,12.868965,0.0,5
2015-04-29,0,0,12.868965,12.90171,12.868965,12.868965,0.0,0
2015-04-30,0,0,12.868965,12.90171,12.868965,12.868965,0.0,0
2015-05-04,0,0,12.868965,12.90171,12.868965,12.868965,0.0,0
2015-05-05,2111,81971,12.737983,12.770728,12.737983,12.770728,-0.098237,7
2015-05-06,0,0,12.737983,12.770728,12.737983,12.770728,0.0,0
2015-05-07,181,6569,12.737983,12.770728,12.737983,12.770728,0.0,3
2015-05-08,0,0,12.737983,12.770728,12.737983,12.770728,0.0,0
2015-05-11,0,0,12.737983,12.770728,12.737983,12.770728,0.0,0
2015-05-12,344,12452,12.737983,12.770728,12.737983,12.770728,0.0,4
2015-05-13,0,0,12.737983,12.770728,12.737983,12.770728,0.0,0
2015-05-14,0,0,12.737983,12.770728,12.737983,12.770728,0.0,0
2015-05-15,9,334,12.737983,12.770728,12.737983,12.770728,0.0,1
2015-05-18,0,0,12.737983,12.770728,12.737983,12.770728,0.0,0
2015-05-19,0,0,12.737983,12.770728,12.737983,12.770728,0.0,0
2015-05-20,0,0,12.737983,12.770728,12.737983,12.770728,0.0,0
2015-05-21,12,480,12.737983,12.770728,12.737983,12.770728,0.0,2
2015-05-22,16,624,12.737983,12.770728,12.737983,12.770728,0.0,2
2015-05-25,131,4984,12.737983,12.770728,12.737983,12.770728,0.0,2
2015-05-26,0,0,12.737983,12.770728,12.737983,12.770728,0.0,0
2015-05-27,0,0,12.737983,12.770728,12.737983,12.770728,0.0,0
2015-05-28,0,0,12.737983,12.770728,12.737983,12.770728,0.0,0
2015-05-29,0,0,12.737983,12.770728,12.737983,12.770728,0.0,0
2015-06-01,0,0,12.737983,12.770728,12.737983,12.770728,0.0,0
2015-06-02,2000,71700,11.739246,11.739246,11.739246,11.739246,-1.031482,2
2015-06-03,0,0,11.739246,11.739246,11.739246,11.739246,0.0,0
2015-06-04,0,0,11.739246,11.739246,11.739246,11.739246,0.0,0
2015-06-05,72,2324,11.739246,11.739246,11.739246,11.739246,0.0,5
2015-06-08,45,1452,11.739246,11.739246,11.739246,11.739246,0.0,3
2015-06-09,2388,87706,12.115819,12.115819,12.050328,12.050328,0.311082,9
2015-06-10,16,529,12.115819,12.115819,12.050328,12.050328,0.0,2
2015-06-11,0,0,12.115819,12.115819,12.050328,12.050328,0.0,0
2015-06-12,0,0,12.115819,12.115819,12.050328,12.050328,0.0,0
2015-06-15,34,1249,12.115819,12.115819,12.050328,12.050328,0.0,3
2015-06-16,0,0,12.115819,12.115819,12.050328,12.050328,0.0,0
2015-06-17,0,0,12.115819,12.115819,12.050328,12.050328,0.0,0
2015-06-18,75,2512,12.115819,12.115819,12.050328,12.050328,0.0,3
2015-06-22,68,2263,12.115819,12.115819,12.050328,12.050328,0.0,2
2015-06-23,0,0,12.115819,12.115819,12.050328,12.050328,0.0,0
2015-06-24,0,0,12.115819,12.115819,12.050328,12.050328,0.0,0
2015-06-25,50,1800,12.115819,12.115819,12.050328,12.050328,0.0,2
2015-06-26,300,9945,12.115819,12.115819,12.050328,12.050328,0.0,1
2015-06-29,290,9860,12.115819,12.115819,12.050328,12.050328,0.0,1
2015-06-30,0,0,12.115819,12.115819,12.050328,12.050328,0.0,0
2015-07-01,124,4141,12.115819,12.115819,12.050328,12.050328,0.0,3
2015-07-02,64,2176,12.115819,12.115819,12.050328,12.050328,0.0,3
2015-07-03,71,2414,12.115819,12.115819,12.050328,12.050328,0.0,3
2015-07-06,0,0,12.115819,12.115819,12.050328,12.050328,0.0,0
2015-07-07,19,629,12.115819,12.115819,12.050328,12.050328,0.0,2
2015-07-08,0,0,12.115819,12.115819,12.050328,12.050328,0.0,0
2015-07-09,0,0,12.115819,12.115819,12.050328,12.050328,0.0,0
2015-07-13,0,0,12.115819,12.115819,12.050328,12.050328,0.0,0
2015-07-14,1,34,12.115819,12.115819,12.050328,12.050328,0.0,1
2015-07-15,0,0,12.115819,12.115819,12.050328,12.050328,0.0,0
2015-07-16,0,0,12.115819,12.115819,12.050328,12.050328,0.0,0
2015-07-17,0,0,12.115819,12.115819,12.050328,12.050328,0.0,0
2015-07-20,0,0,12.115819,12.115819,12.050328,12.050328,0.0,0
2015-07-21,2999,110261,10.855119,13.245538,10.855119,13.245538,1.19521,8
2015-07-22,0,0,10.855119,13.245538,10.855119,13.245538,0.0,0
2015-07-23,0,0,10.855119,13.245538,10.855119,13.245538,0.0,0
2015-07-24,0,0,10.855119,13.245538,10.855119,13.245538,0.0,0
2015-07-27,0,0,10.855119,13.245538,10.855119,13.245538,0.0,0
2015-07-28,0,0,10.855119,13.245538,10.855119,13.245538,0.0,0
2015-07-29,0,0,10.855119,13.245538,10.855119,13.245538,0.0,0
2015-07-30,0,0,10.855119,13.245538,10.855119,13.245538,0.0,0
2015-07-31,0,0,10.855119,13.245538,10.855119,13.245538,0.0,0
2015-08-03,0,0,10.855119,13.245538,10.855119,13.245538,0.0,0
2015-08-04,0,0,10.855119,13.245538,10.855119,13.245538,0.0,0
2015-08-05,0,0,10.855119,13.245538,10.855119,13.245538,0.0,0
2015-08-06,0,0,10.855119,13.245538,10.855119,13.245538,0.0,0
2015-08-07,0,0,10.855119,13.245538,10.855119,13.245538,0.0,0
2015-08-10,0,0,10.855119,13.245538,10.855119,13.245538,0.0,0
2015-08-11,0,0,10.855119,13.245538,10.855119,13.245538,0.0,0
2015-08-12,0,0,10.855119,13.245538,10.855119,13.245538,0.0,0
2015-08-13,0,0,10.855119,13.245538,10.855119,13.245538,0.0,0
2015-08-14,4285,157717,12.115819,12.115819,12.115819,12.115819,-1.129719,4
2015-08-17,100,3689,12.115819,12.115819,12.115819,12.115819,0.0,2
2015-08-18,0,0,12.115819,12.115819,12.115819,12.115819,0.0,0
2015-08-19,0,0,12.115819,12.115819,12.115819,12.115819,0.0,0
2015-08-20,0,0,12.115819,12.115819,12.115819,12.115819,0.0,0
2015-08-21,0,0,12.115819,12.115819,12.115819,12.115819,0.0,0
2015-08-24,0,0,12.115819,12.115819,12.115819,12.115819,0.0,0
2015-08-25,0,0,12.115819,12.115819,12.115819,12.115819,0.0,0
2015-08-26,0,0,12.115819,12.115819,12.115819,12.115819,0.0,0
2015-08-27,0,0,12.115819,12.115819,12.115819,12.115819,0.0,0
2015-08-28,0,0,12.115819,12.115819,12.115819,12.115819,0.0,0
2015-08-31,0,0,12.115819,12.115819,12.115819,12.115819,0.0,0
2015-09-01,0,0,12.115819,12.115819,12.115819,12.115819,0.0,0
2015-09-02,26,842,12.115819,12.115819,12.115819,12.115819,0.0,2
2015-09-03,0,0,12.115819,12.115819,12.115819,12.115819,0.0,0
2015-09-04,0,0,12.115819,12.115819,12.115819,12.115819,0.0,0
2015-09-07,0,0,12.115819,12.115819,12.115819,12.115819,0.0,0
2015-09-08,0,0,12.115819,12.115819,12.115819,12.115819,0.0,0
2015-09-09,0,0,12.115819,12.115819,12.115819,12.115819,0.0,0
2015-09-10,0,0,12.115819,12.115819,12.115819,12.115819,0.0,0
2015-09-11,0,0,12.115819,12.115819,12.115819,12.115819,0.0,0
2015-09-14,0,0,12.115819,12.115819,12.115819,12.115819,0.0,0
2015-09-15,0,0,12.115819,12.115819,12.115819,12.115819,0.0,0
2015-09-16,0,0,12.115819,12.115819,12.115819,12.115819,0.0,0
2015-09-17,0,0,12.115819,12.115819,12.115819,12.115819,0.0,0
2015-09-18,0,0,12.115819,12.115819,12.115819,12.115819,0.0,0
2015-09-21,0,0,12.115819,12.115819,12.115819,12.115819,0.0,0
2015-09-22,0,0,12.115819,12.115819,12.115819,12.115819,0.0,0
2015-09-23,2,64,12.115819,12.115819,12.115819,12.115819,0.0,1
2015-09-24,0,0,12.115819,12.115819,12.115819,12.115819,0.0,0
2015-09-25,0,0,12.115819,12.115819,12.115819,12.115819,0.0,0
2015-09-30,0,0,12.115819,12.115819,12.115819,12.115819,0.0,0
2015-10-01,0,0,12.115819,12.115819,12.115819,12.115819,0.0,0
2015-10-02,27,874,12.115819,12.115819,12.115819,12.115819,0.0,1
2015-10-05,0,0,12.115819,12.115819,12.115819,12.115819,0.0,0
2015-10-06,0,0,12.115819,12.115819,12.115819,12.115819,0.0,0
2015-10-07,0,0,12.115819,12.115819,12.115819,12.115819,0.0,0
2015-10-08,0,0,12.115819,12.115819,12.115819,12.115819,0.0,0
2015-10-12,0,0,12.115819,12.115819,12.115819,12.115819,0.0,0
2015-10-13,0,0,12.115819,12.115819,12.115819,12.115819,0.0,0
2015-10-14,0,0,12.115819,12.115819,12.115819,12.115819,0.0,0
2015-10-15,0,0,12.115819,12.115819,12.115819,12.115819,0.0,0
2015-10-16,0,0,12.115819,12.115819,12.115819,12.115819,0.0,0
2015-10-19,0,0,12.115819,12.115819,12.115819,12.115819,0.0,0
2015-10-20,0,0,12.115819,12.115819,12.115819,12.115819,0.0,0
2015-10-21,0,0,12.115819,12.115819,12.115819,12.115819,0.0,0
2015-10-22,0,0,12.115819,12.115819,12.115819,12.115819,0.0,0
2015-10-23,0,0,12.115819,12.115819,12.115819,12.115819,0.0,0
2015-10-26,0,0,12.115819,12.115819,12.115819,12.115819,0.0,0
2015-10-27,0,0,12.115819,12.115819,12.115819,12.115819,0.0,0
2015-10-28,0,0,12.115819,12.115819,12.115819,12.115819,0.0,0
2015-10-29,0,0,12.115819,12.115819,12.115819,12.115819,0.0,0
2015-10-30,0,0,12.115819,12.115819,12.115819,12.115819,0.0,0
2015-11-02,0,0,12.115819,12.115819,12.115819,12.115819,0.0,0
2015-11-03,0,0,12.115819,12.115819,12.115819,12.115819,0.0,0
2015-11-04,0,0,12.115819,12.115819,12.115819,12.115819,0.0,0
2015-11-05,0,0,12.115819,12.115819,12.115819,12.115819,0.0,0
2015-11-06,0,0,12.115819,12.115819,12.115819,12.115819,0.0,0
2015-11-09,0,0,12.115819,12.115819,12.115819,12.115819,0.0,0
2015-11-10,0,0,12.115819,12.115819,12.115819,12.115819,0.0,0
2015-11-11,0,0,12.115819,12.115819,12.115819,12.115819,0.0,0
2015-11-12,0,0,12.115819,12.115819,12.115819,12.115819,0.0,0
2015-11-13,0,0,12.115819,12.115819,12.115819,12.115819,0.0,0
2015-11-16,0,0,12.115819,12.115819,12.115819,12.115819,0.0,0
2015-11-17,0,0,12.115819,12.115819,12.115819,12.115819,0.0,0
2015-11-18,0,0,12.115819,12.115819,12.115819,12.115819,0.0,0
2015-11-19,0,0,12.115819,12.115819,12.115819,12.115819,0.0,0
2015-11-20,0,0,12.115819,12.115819,12.115819,12.115819,0.0,0
2015-11-23,0,0,12.115819,12.115819,12.115819,12.115819,0.0,0
2015-11-24,0,0,12.115819,12.115819,12.115819,12.115819,0.0,0
2015-11-25,0,0,12.115819,12.115819,12.115819,12.115819,0.0,0
2015-11-26,0,0,12.115819,12.115819,12.115819,12.115819,0.0,0
2015-11-27,0,0,12.115819,12.115819,12.115819,12.115819,0.0,0
2015-11-30,0,0,12.115819,12.115819,12.115819,12.115819,0.0,0
2015-12-01,0,0,12.115819,12.115819,12.115819,12.115819,0.0,0
2015-12-02,831,20024,12.115819,12.115819,12.115819,12.115819,0.0,4
2015-12-03,0,0,12.115819,12.115819,12.115819,12.115819,0.0,0
2015-12-04,0,0,12.115819,12.115819,12.115819,12.115819,0.0,0
2015-12-07,0,0,12.115819,12.115819,12.115819,12.115819,0.0,0
2015-12-08,0,0,12.115819,12.115819,12.115819,12.115819,0.0,0
2015-12-09,0,0,12.115819,12.115819,12.115819,12.115819,0.0,0
2015-12-10,0,0,12.115819,12.115819,12.115819,12.115819,0.0,0
2015-12-11,0,0,12.115819,12.115819,12.115819,12.115819,0.0,0
2015-12-14,0,0,12.115819,12.115819,12.115819,12.115819,0.0,0
2015-12-15,3015,80617,8.75941,8.75941,8.75941,8.75941,-3.356409,5
2015-12-16,0,0,8.75941,8.75941,8.75941,8.75941,0.0,0
2015-12-17,0,0,8.75941,8.75941,8.75941,8.75941,0.0,0
2015-12-18,0,0,8.75941,8.75941,8.75941,8.75941,0.0,0
2015-12-21,0,0,8.75941,8.75941,8.75941,8.75941,0.0,0
2015-12-22,0,0,8.75941,8.75941,8.75941,8.75941,0.0,0
2015-12-23,0,0,8.75941,8.75941,8.75941,8.75941,0.0,0
2015-12-24,0,0,8.75941,8.75941,8.75941,8.75941,0.0,0
2015-12-25,0,0,8.75941,8.75941,8.75941,8.75941,0.0,0
2015-12-28,0,0,8.75941,8.75941,8.75941,8.75941,0.0,0
2015-12-29,159,3846,8.75941,8.75941,8.75941,8.75941,0.0,4
2015-12-30,0,0,8.75941,8.75941,8.75941,8.75941,0.0,0
2015-12-31,0,0,8.75941,8.75941,8.75941,8.75941,0.0,0
2016-01-04,0,0,8.75941,8.75941,8.75941,8.75941,0.0,0
2016-01-05,0,0,8.75941,8.75941,8.75941,8.75941,0.0,0
2016-01-06,0,0,8.75941,8.75941,8.75941,8.75941,0.0,0
2016-01-07,0,0,8.75941,8.75941,8.75941,8.75941,0.0,0
2016-01-08,3,72,8.75941,8.75941,8.75941,8.75941,0.0,1
2016-01-11,0,0,8.75941,8.75941,8.75941,8.75941,0.0,0
2016-01-12,0,0,8.75941,8.75941,8.75941,8.75941,0.0,0
2016-01-13,0,0,8.75941,8.75941,8.75941,8.75941,0.0,0
2016-01-14,0,0,8.75941,8.75941,8.75941,8.75941,0.0,0
2016-01-15,0,0,8.75941,8.75941,8.75941,8.75941,0.0,0
2016-01-18,0,0,8.75941,8.75941,8.75941,8.75941,0.0,0
2016-01-19,0,0,8.75941,8.75941,8.75941,8.75941,0.0,0
2016-01-20,0,0,8.75941,8.75941,8.75941,8.75941,0.0,0
2016-01-21,0,0,8.75941,8.75941,8.75941,8.75941,0.0,0
2016-01-22,0,0,8.75941,8.75941,8.75941,8.75941,0.0,0
2016-01-25,0,0,8.75941,8.75941,8.75941,8.75941,0.0,0
2016-01-26,0,0,8.75941,8.75941,8.75941,8.75941,0.0,0
2016-01-27,0,0,8.75941,8.75941,8.75941,8.75941,0.0,0
2016-01-28,0,0,8.75941,8.75941,8.75941,8.75941,0.0,0
2016-01-29,0,0,8.75941,8.75941,8.75941,8.75941,0.0,0
2016-01-30,3,72,8.75941,8.75941,8.75941,8.75941,0.0,3
2016-02-01,0,0,8.75941,8.75941,8.75941,8.75941,0.0,0
2016-02-02,0,0,8.75941,8.75941,8.75941,8.75941,0.0,0
2016-02-03,0,0,8.75941,8.75941,8.75941,8.75941,0.0,0
2016-02-15,0,0,8.75941,8.75941,8.75941,8.75941,0.0,0
2016-02-16,0,0,8.75941,8.75941,8.75941,8.75941,0.0,0
2016-02-17,0,0,8.75941,8.75941,8.75941,8.75941,0.0,0
2016-02-18,0,0,8.75941,8.75941,8.75941,8.75941,0.0,0
2016-02-19,0,0,8.75941,8.75941,8.75941,8.75941,0.0,0
2016-02-22,0,0,8.75941,8.75941,8.75941,8.75941,0.0,0
2016-02-23,0,0,8.75941,8.75941,8.75941,8.75941,0.0,0
2016-02-24,0,0,8.75941,8.75941,8.75941,8.75941,0.0,0
2016-02-25,0,0,8.75941,8.75941,8.75941,8.75941,0.0,0
2016-02-26,0,0,8.75941,8.75941,8.75941,8.75941,0.0,0
2016-03-01,0,0,8.75941,8.75941,8.75941,8.75941,0.0,0
2016-03-02,0,0,8.75941,8.75941,8.75941,8.75941,0.0,0
2016-03-03,0,0,8.75941,8.75941,8.75941,8.75941,0.0,0
2016-03-04,0,0,8.75941,8.75941,8.75941,8.75941,0.0,0
2016-03-07,2,48,8.75941,8.75941,8.75941,8.75941,0.0,2
2016-03-08,0,0,8.75941,8.75941,8.75941,8.75941,0.0,0
2016-03-09,0,0,8.75941,8.75941,8.75941,8.75941,0.0,0
2016-03-10,4,96,8.75941,8.75941,8.75941,8.75941,0.0,4
2016-03-11,0,0,8.75941,8.75941,8.75941,8.75941,0.0,0
2016-03-14,0,0,8.75941,8.75941,8.75941,8.75941,0.0,0
2016-03-15,0,0,8.75941,8.75941,8.75941,8.75941,0.0,0
2016-03-16,0,0,8.75941,8.75941,8.75941,8.75941,0.0,0
2016-03-17,0,0,8.75941,8.75941,8.75941,8.75941,0.0,0
2016-03-18,0,0,8.75941,8.75941,8.75941,8.75941,0.0,0
2016-03-21,0,0,8.75941,8.75941,8.75941,8.75941,0.0,0
2016-03-22,0,0,8.75941,8.75941,8.75941,8.75941,0.0,0
2016-03-23,0,0,8.75941,8.75941,8.75941,8.75941,0.0,0
2016-03-24,5,120,8.75941,8.75941,8.75941,8.75941,0.0,1
2016-03-25,0,0,8.75941,8.75941,8.75941,8.75941,0.0,0
2016-03-28,0,0,8.75941,8.75941,8.75941,8.75941,0.0,0
2016-03-29,0,0,8.75941,8.75941,8.75941,8.75941,0.0,0
2016-03-30,0,0,8.75941,8.75941,8.75941,8.75941,0.0,0
2016-03-31,0,0,8.75941,8.75941,8.75941,8.75941,0.0,0
2016-04-01,0,0,8.75941,8.75941,8.75941,8.75941,0.0,0
2016-04-06,517,13959,8.75941,8.75941,8.75941,8.75941,0.0,9
2016-04-07,11,319,8.75941,8.75941,8.75941,8.75941,0.0,1
2016-04-08,50,1431,8.75941,8.75941,8.75941,8.75941,0.0,2
2016-04-11,0,0,8.75941,8.75941,8.75941,8.75941,0.0,0
2016-04-12,0,0,8.75941,8.75941,8.75941,8.75941,0.0,0
2016-04-13,0,0,8.75941,8.75941,8.75941,8.75941,0.0,0
2016-04-14,0,0,8.75941,8.75941,8.75941,8.75941,0.0,0
2016-04-15,0,0,8.75941,8.75941,8.75941,8.75941,0.0,0
2016-04-18,0,0,8.75941,8.75941,8.75941,8.75941,0.0,0
2016-04-19,0,0,8.75941,8.75941,8.75941,8.75941,0.0,0
2016-04-20,2070,63380,10.118346,10.118346,9.987365,9.987365,1.227955,4
2016-04-21,181,5011,10.118346,10.118346,9.987365,9.987365,0.0,6
2016-04-22,5,139,10.118346,10.118346,9.987365,9.987365,0.0,1
2016-04-25,4,111,10.118346,10.118346,9.987365,9.987365,0.0,1
2016-04-26,347,9646,10.118346,10.118346,9.987365,9.987365,0.0,1
2016-04-27,200,5559,10.118346,10.118346,9.987365,9.987365,0.0,2
2016-04-28,40,1112,10.118346,10.118346,9.987365,9.987365,0.0,1
2016-04-29,10,278,10.118346,10.118346,9.987365,9.987365,0.0,2
2016-05-03,0,0,10.118346,10.118346,9.987365,9.987365,0.0,0
2016-05-04,10040,334970,10.986101,10.986101,10.806001,10.969728,0.982363,16
2016-05-05,10942,401531,12.017583,12.066701,11.952092,12.066701,1.096973,18
2016-05-06,2019,70658,11.46091,11.46091,11.46091,11.46091,-0.605791,4
2016-05-09,2382,83239,10.806001,11.935719,10.806001,11.935719,0.474809,5
2016-05-10,1035,36216,11.46091,11.46091,11.46091,11.46091,-0.474809,3
2016-05-11,2274,78371,10.822374,11.673756,10.822374,11.673756,0.212846,7
2016-05-12,7089,274854,12.803474,12.803474,12.115819,12.115819,0.442063,12
2016-05-13,2096,70524,11.133456,11.133456,10.904237,10.904237,-1.211582,6
2016-05-16,1110,35485,10.478546,10.478546,10.478546,10.478546,-0.425691,5
2016-05-17,4049,117679,9.47981,9.65991,9.463437,9.65991,-0.818636,7
2016-05-18,1070,34590,10.593155,10.593155,10.593155,10.593155,0.933245,4
2016-05-19,1016,34385,11.084337,11.084337,11.084337,11.084337,0.491182,4
2016-05-20,0,0,11.084337,11.084337,11.084337,11.084337,0.0,0
2016-05-23,280,8902,11.084337,11.084337,11.084337,11.084337,0.0,4
2016-05-24,216,6759,11.084337,11.084337,11.084337,11.084337,0.0,4
2016-05-25,1225,40162,10.756883,10.756883,10.756883,10.756883,-0.327454,5
2016-05-26,3641,108509,9.692655,9.807264,9.692655,9.807264,-0.949619,12
2016-05-27,2019,60462,9.807264,9.807264,9.807264,9.807264,0.0,7
2016-05-30,19,517,9.807264,9.807264,9.807264,9.807264,0.0,4
2016-05-31,0,0,9.807264,9.807264,9.807264,9.807264,0.0,0
2016-06-01,10000,270700,8.841274,8.988628,8.792155,8.792155,-1.015109,9
2016-06-02,2024,56988,9.65991,9.65991,8.792155,8.792155,0.0,3
2016-06-03,2999,83371,8.841274,9.610792,8.841274,9.610792,0.818637,5
2016-06-04,5087,154647,10.527665,10.527665,9.65991,10.249328,0.638536,9
2016-06-06,11034,375894,11.231692,11.231692,11.051592,11.133456,0.884128,15
2016-06-07,33,1056,11.231692,11.231692,11.051592,11.133456,0.0,3
2016-06-08,6353,218397,12.148565,12.148565,10.183837,11.46091,0.327454,12
2016-06-13,12763,422892,12.476019,12.476019,10.593155,10.609528,-0.851382,13
2016-06-14,5999,198016,11.428165,11.428165,10.625901,10.904237,0.294709,9
2016-06-15,7388,240497,10.445801,10.789628,10.445801,10.789628,-0.114609,8
2016-06-16,13244,416170,11.722874,11.722874,9.921874,9.921874,-0.867754,17
2016-06-17,1329,41014,10.134719,10.134719,10.134719,10.134719,0.212845,7
2016-06-20,11080,318696,9.823637,9.823637,9.266964,9.266964,-0.867755,10
2016-06-21,9248,257294,9.692655,9.692655,9.005001,9.152355,-0.114609,13
2016-06-22,5323,149821,9.135983,9.332455,9.135983,9.332455,0.1801,10
2016-06-23,1307,36789,9.332455,9.332455,9.332455,9.332455,0.0,5
2016-06-24,16042,424042,8.415583,8.841274,8.415583,8.726664,-0.605791,15
2016-06-27,134,3281,8.415583,8.841274,8.415583,8.726664,0.0,7
2016-06-28,3000,76450,8.513819,8.513819,8.022637,8.497446,-0.229218,3
2016-06-29,6069,156243,8.808528,8.841274,8.03901,8.431955,-0.065491,7
2016-06-30,5175,137089,8.808528,8.808528,8.644801,8.677546,0.245591,8
2016-07-01,16187,411270,8.972255,8.972255,7.891655,8.120873,-0.556673,19
2016-07-04,6275,157902,8.382837,8.382837,8.120873,8.235483,0.11461,10
2016-07-05,15091,389238,8.595683,8.595683,8.21911,8.21911,-0.016373,17
2016-07-06,1000,25750,8.431955,8.431955,8.431955,8.431955,0.212845,1
2016-07-07,109,2572,8.431955,8.431955,8.431955,8.431955,0.0,2
2016-07-11,6381,157364,8.366464,8.366464,7.875283,7.875283,-0.556672,9
2016-07-12,2037,49193,8.03901,8.03901,7.793419,7.793419,-0.081864,5
2016-07-13,1033,24951,7.924401,7.924401,7.924401,7.924401,0.130982,5
2016-07-14,3001,72023,7.85891,7.85891,7.85891,7.85891,-0.065491,4
2016-07-15,2196,54773,8.21911,8.21911,8.186364,8.186364,0.327454,4
2016-07-18,17051,460798,9.005001,9.005001,8.513819,8.661173,0.474809,23
2016-07-19,20062,509192,8.841274,8.841274,8.268228,8.39921,-0.261963,21
2016-07-20,10123,255324,8.57931,8.57931,8.088128,8.202737,-0.196473,14
2016-07-21,11351,277074,8.055383,8.055383,7.924401,8.022637,-0.1801,17
2016-07-22,2021,49500,8.022637,8.022637,8.022637,8.022637,0.0,4
2016-07-25,5165,125910,8.317346,8.317346,7.875283,8.03901,0.016373,8
2016-07-26,1080,26476,8.03901,8.03901,8.03901,8.03901,0.0,6
2016-07-27,6136,146895,7.891655,7.891655,7.695182,7.85891,-0.1801,14
2016-07-28,4058,95618,7.695182,7.777046,7.695182,7.777046,-0.081864,7
2016-07-29,3011,71690,7.85891,7.85891,7.695182,7.695182,-0.081864,4
2016-08-01,1237,29068,7.695182,7.695182,7.695182,7.695182,0.0,9
2016-08-02,2355,55634,7.826164,7.826164,7.695182,7.695182,0.0,6
2016-08-03,40,920,7.826164,7.826164,7.695182,7.695182,0.0,4
2016-08-04,0,0,7.826164,7.826164,7.695182,7.695182,0.0,0
2016-08-05,42,893,7.826164,7.826164,7.695182,7.695182,0.0,4
2016-08-08,1234,30244,8.088128,8.088128,8.088128,8.088128,0.392946,5
2016-08-09,2048,48188,7.711555,7.711555,7.711555,7.711555,-0.376573,6
2016-08-10,81,1736,7.711555,7.711555,7.711555,7.711555,0.0,4
2016-08-11,6154,140883,6.974782,7.695182,6.974782,7.695182,-0.016373,8
2016-08-12,2268,53496,7.826164,7.826164,7.760673,7.760673,0.065491,6
2016-08-15,100,2135,7.826164,7.826164,7.760673,7.760673,0.0,1
2016-08-16,0,0,7.826164,7.826164,7.760673,7.760673,0.0,0
2016-08-17,10641,264879,7.85891,8.497446,7.85891,8.497446,0.736773,17
2016-08-18,8309,206466,8.186364,8.350092,8.022637,8.350092,-0.147354,10
2016-08-19,3748,90723,7.908028,8.088128,7.908028,7.908028,-0.442064,10
2016-08-22,10020,223886,7.547828,7.547828,7.236746,7.302237,-0.605791,13
2016-08-23,2032,46022,7.449592,7.449592,7.400473,7.400473,0.098236,4
2016-08-24,4037,90879,7.367728,7.400473,7.367728,7.367728,-0.032745,8
2016-08-25,2130,49220,7.449592,7.727928,7.449592,7.727928,0.3602,7
2016-08-26,1865,44115,7.973519,7.973519,7.973519,7.973519,0.245591,3
2016-08-29,1156,26232,7.465964,7.465964,7.465964,7.465964,-0.507555,5
2016-08-30,1075,25350,7.760673,7.760673,7.760673,7.760673,0.294709,6
2016-08-31,636,14369,7.760673,7.760673,7.760673,7.760673,0.0,9
2016-09-01,173,4082,7.760673,7.760673,7.760673,7.760673,0.0,1
2016-09-02,1032,23948,7.596946,7.596946,7.596946,7.596946,-0.163727,4
2016-09-05,1018,22676,7.302237,7.302237,7.302237,7.302237,-0.294709,2
2016-09-06,3410,76110,7.695182,7.695182,7.204001,7.204001,-0.098236,13
2016-09-07,1173,25552,7.204001,7.204001,7.204001,7.204001,0.0,7
2016-09-08,1074,24341,7.449592,7.449592,7.449592,7.449592,0.245591,3
2016-09-09,2046,44516,6.991155,7.269492,6.991155,7.269492,-0.1801,4
2016-09-10,5013,111673,7.187628,7.400473,7.187628,7.351355,0.081863,8
2016-09-12,1000,22400,7.334982,7.334982,7.334982,7.334982,-0.016373,1
2016-09-13,6181,132405,7.023901,7.040273,6.991155,7.023901,-0.311081,8
2016-09-14,1035,23648,7.49871,7.49871,7.49871,7.49871,0.474809,3
2016-09-19,3144,67899,6.991155,7.302237,6.942037,7.302237,-0.196473,11
2016-09-20,2045,45533,7.302237,7.302237,7.302237,7.302237,0.0,4
2016-09-21,22999,526475,7.056646,7.85891,7.056646,7.826164,0.523927,25
2016-09-22,26,558,7.056646,7.85891,7.056646,7.826164,0.0,3
2016-09-23,335,7234,7.056646,7.85891,7.056646,7.826164,0.0,5
2016-09-26,64,1381,7.056646,7.85891,7.056646,7.826164,0.0,4
2016-09-29,2253,50550,7.400473,7.400473,7.367728,7.367728,-0.458436,8
2016-09-30,9386,216525,8.104501,8.104501,7.220373,7.269492,-0.098236,11
2016-10-03,5102,112844,7.367728,7.367728,7.204001,7.204001,-0.065491,16
2016-10-04,20,428,7.367728,7.367728,7.204001,7.204001,0.0,1
2016-10-05,3116,68662,7.13851,7.465964,7.073019,7.465964,0.261963,10
2016-10-06,6142,134172,7.204001,7.367728,6.974782,7.187628,-0.278336,11
2016-10-07,15,304,7.204001,7.367728,6.974782,7.187628,0.0,4
2016-10-11,1005,21099,6.876546,6.876546,6.876546,6.876546,-0.311082,2
2016-10-12,1665,34098,6.876546,6.876546,6.876546,6.876546,0.0,5
2016-10-13,2092,42847,6.712819,6.712819,6.712819,6.712819,-0.163727,5
2016-10-14,2706,56481,6.860173,7.023901,6.860173,7.023901,0.311082,7
2016-10-17,1103,22341,6.663701,6.663701,6.663701,6.663701,-0.3602,4
2016-10-18,1000,20300,6.647328,6.647328,6.647328,6.647328,-0.016373,1
2016-10-19,8,148,6.647328,6.647328,6.647328,6.647328,0.0,2
2016-10-20,3212,63041,6.549091,6.549091,6.254382,6.254382,-0.392946,8
2016-10-21,4516,89002,6.450855,6.499973,6.450855,6.499973,0.245591,11
2016-10-24,2082,43091,6.827428,6.827428,6.745564,6.745564,0.245591,9
2016-10-25,224,4276,6.827428,6.827428,6.745564,6.745564,0.0,5
2016-10-26,4077,81085,6.434482,6.745564,6.434482,6.745564,0.0,7
2016-10-27,2226,43737,6.483601,6.483601,6.41811,6.41811,-0.327454,7
2016-10-28,8813,182082,6.876546,6.909292,6.499973,6.843801,0.425691,15
2016-10-31,11,214,6.876546,6.909292,6.499973,6.843801,0.0,2
2016-11-01,1012,20240,6.549091,6.549091,6.549091,6.549091,-0.29471,3
2016-11-02,32,579,6.549091,6.549091,6.549091,6.549091,0.0,3
2016-11-03,0,0,6.549091,6.549091,6.549091,6.549091,0.0,0
2016-11-04,19,390,6.549091,6.549091,6.549091,6.549091,0.0,2
2016-11-07,31,565,6.549091,6.549091,6.549091,6.549091,0.0,2
2016-11-08,3145,60784,6.123401,6.712819,6.123401,6.712819,0.163728,6
2016-11-09,29,534,6.123401,6.712819,6.123401,6.712819,0.0,2
2016-11-10,19,345,6.123401,6.712819,6.123401,6.712819,0.0,2
2016-11-11,84,1771,6.123401,6.712819,6.123401,6.712819,0.0,4
2016-11-14,59,1062,6.123401,6.712819,6.123401,6.712819,0.0,3
2016-11-15,14079,260359,6.008791,6.23801,5.959673,6.025164,-0.687655,16
2016-11-16,1004,19572,6.385364,6.385364,6.385364,6.385364,0.3602,2
2016-11-17,1039,20103,6.352619,6.352619,6.352619,6.352619,-0.032745,2
2016-11-18,11326,201216,5.730455,6.205264,5.730455,6.205264,-0.147355,13
2016-11-21,24000,417650,6.156146,6.156146,5.599473,5.599473,-0.605791,23
2016-11-22,10095,172220,5.566728,5.648591,5.566728,5.566728,-0.032745,15
2016-11-23,3254,53098,5.435746,5.435746,5.321137,5.321137,-0.245591,10
2016-11-24,4085,68534,5.321137,5.632219,5.321137,5.632219,0.311082,7
2016-11-25,3,47,5.321137,5.632219,5.321137,5.632219,0.0,1
2016-11-28,3021,51846,5.566728,5.730455,5.566728,5.730455,0.098236,5
2016-11-29,118,1980,5.566728,5.730455,5.566728,5.730455,0.0,6
2016-11-30,9059,162696,5.812319,5.894182,5.812319,5.894182,0.163727,11
2016-12-01,2133,38261,5.894182,5.894182,5.894182,5.894182,0.0,4
2016-12-02,15,262,5.894182,5.894182,5.894182,5.894182,0.0,2
2016-12-05,42,756,5.894182,5.894182,5.894182,5.894182,0.0,2
2016-12-06,8201,150368,5.910555,6.352619,5.910555,5.992419,0.098237,12
2016-12-07,5045,94100,6.270755,6.270755,5.943301,6.123401,0.130982,8
2016-12-08,5133,98031,6.270755,6.270755,6.254382,6.254382,0.130981,11
2016-12-09,4302,76759,5.779573,6.041537,5.779573,6.041537,-0.212845,8
2016-12-12,1010,18624,6.041537,6.041537,6.041537,6.041537,0.0,2
2016-12-13,3080,57104,6.336246,6.336246,5.959673,5.959673,-0.081864,6
2016-12-14,1159,21977,6.254382,6.254382,6.254382,6.254382,0.294709,4
2016-12-15,141,2467,6.254382,6.254382,6.254382,6.254382,0.0,2
2016-12-16,158,2740,6.254382,6.254382,6.254382,6.254382,0.0,3
2016-12-19,5,87,6.254382,6.254382,6.254382,6.254382,0.0,1
2016-12-20,49,849,6.254382,6.254382,6.254382,6.254382,0.0,3
2016-12-21,1453,27561,6.303501,6.303501,6.303501,6.303501,0.049119,4
2016-12-22,12,228,6.303501,6.303501,6.303501,6.303501,0.0,3
2016-12-23,27,487,6.303501,6.303501,6.303501,6.303501,0.0,4
2016-12-26,34,646,6.303501,6.303501,6.303501,6.303501,0.0,1
2016-12-27,68,1293,6.303501,6.303501,6.303501,6.303501,0.0,7
2016-12-28,4050,73644,5.87781,6.205264,5.861437,6.205264,-0.098237,6
2016-12-29,9045,163668,5.894182,5.992419,5.894182,5.894182,-0.311082,11
2016-12-30,1955,34973,6.05791,6.05791,6.05791,6.05791,0.163728,5
2017-01-03,6032,111551,6.05791,6.05791,6.05791,6.05791,0.0,6
2017-01-04,35,598,6.05791,6.05791,6.05791,6.05791,0.0,2
2017-01-05,224,3773,6.05791,6.05791,6.05791,6.05791,0.0,4
2017-01-06,10,170,6.05791,6.05791,6.05791,6.05791,0.0,2
2017-01-09,1020,19563,6.287128,6.287128,6.287128,6.287128,0.229218,3
2017-01-10,136,2385,6.287128,6.287128,6.287128,6.287128,0.0,3
2017-01-11,9046,167449,6.090655,6.205264,5.894182,5.894182,-0.392946,10
2017-01-12,2047,39304,6.287128,6.303501,6.287128,6.303501,0.409319,6
2017-01-13,8,139,6.287128,6.303501,6.287128,6.303501,0.0,2
2017-01-16,21,367,6.287128,6.303501,6.287128,6.303501,0.0,2
2017-01-17,251,4379,6.287128,6.303501,6.287128,6.303501,0.0,2
2017-01-18,23100,440834,6.287128,6.319873,5.959673,6.303501,0.0,23
2017-01-19,11018,206565,6.483601,6.483601,5.910555,5.910555,-0.392946,12
2017-01-20,4181,75873,5.976046,5.976046,5.926928,5.926928,0.016373,9
2017-01-23,2068,36385,5.812319,5.812319,5.714082,5.714082,-0.212846,6
2017-01-24,81039,1459402,5.894182,6.025164,5.894182,5.894182,0.1801,7
2017-02-02,225,3735,5.894182,6.025164,5.894182,5.894182,0.0,2
2017-02-03,1103,20572,6.139773,6.139773,6.139773,6.139773,0.245591,4
2017-02-06,1387,25116,5.943301,5.943301,5.943301,5.943301,-0.196472,8
2017-02-07,3104,56334,5.926928,5.959673,5.926928,5.959673,0.016372,10
2017-02-08,2092,38056,5.959673,5.959673,5.959673,5.959673,0.0,7
2017-02-09,83420,1526379,5.959673,5.992419,5.959673,5.992419,0.032746,20
2017-02-10,5694,103570,5.992419,6.025164,5.959673,6.025164,0.032745,8
2017-02-13,5072,92976,5.959673,6.05791,5.959673,6.05791,0.032746,7
2017-02-14,56,996,5.959673,6.05791,5.959673,6.05791,0.0,2
2017-02-15,1366,24467,5.926928,5.926928,5.926928,5.926928,-0.130982,6
2017-02-16,8034,148091,6.041537,6.05791,5.926928,5.926928,0.0,6
2017-02-17,8201,150896,5.992419,6.05791,5.992419,6.05791,0.130982,9
2017-02-18,4268,78324,6.05791,6.05791,5.894182,5.894182,-0.163728,10
2017-02-20,8027,145059,5.894182,5.959673,5.894182,5.959673,0.065491,6
2017-02-21,240,4151,5.894182,5.959673,5.894182,5.959673,0.0,2
2017-02-22,5111,92963,5.959673,5.959673,5.959673,5.959673,0.0,7
2017-02-23,1308,23799,5.959673,5.959673,5.959673,5.959673,0.0,15
2017-02-24,180,3272,5.959673,5.959673,5.959673,5.959673,0.0,6
2017-03-01,107,1946,5.959673,5.959673,5.959673,5.959673,0.0,3
2017-03-02,175,3182,5.959673,5.959673,5.959673,5.959673,0.0,5
2017-03-03,0,0,5.959673,5.959673,5.959673,5.959673,0.0,0
2017-03-06,1769,30878,5.894182,5.894182,5.894182,5.894182,-0.065491,5
2017-03-07,48,830,5.894182,5.894182,5.894182,5.894182,0.0,4
2017-03-08,2783,48978,5.763201,5.763201,5.763201,5.763201,-0.130981,8
2017-03-09,1067,18831,5.779573,5.779573,5.779573,5.779573,0.016372,6
2017-03-10,25,439,5.779573,5.779573,5.779573,5.779573,0.0,3
2017-03-13,6287,110962,5.779573,5.779573,5.779573,5.779573,0.0,8
2017-03-14,173,2749,5.779573,5.779573,5.779573,5.779573,0.0,2
2017-03-15,2,32,5.779573,5.779573,5.779573,5.779573,0.0,1
2017-03-16,12157,213933,5.779573,5.845064,5.615846,5.845064,0.065491,13
2017-03-17,4046,71222,5.714082,5.845064,5.714082,5.845064,0.0,9
2017-03-20,9,157,5.714082,5.845064,5.714082,5.845064,0.0,2
2017-03-21,6031,110051,6.041537,6.041537,5.664964,5.664964,-0.1801,5
2017-03-22,6045,107300,5.664964,5.845064,5.664964,5.845064,0.1801,8
2017-03-23,11,188,5.664964,5.845064,5.664964,5.845064,0.0,1
2017-03-24,4168,74670,5.87781,5.87781,5.87781,5.87781,0.032746,10
2017-03-27,16,272,5.87781,5.87781,5.87781,5.87781,0.0,1
2017-03-28,3054,54849,5.87781,5.894182,5.87781,5.894182,0.016372,9
2017-03-29,5,86,5.87781,5.894182,5.87781,5.894182,0.0,1
2017-03-30,5201,90230,5.681337,5.681337,5.681337,5.681337,-0.212845,15
2017-03-31,1266,21214,5.566728,5.566728,5.566728,5.566728,-0.114609,5
2017-04-05,1278,21474,5.566728,5.566728,5.566728,5.566728,0.0,9
2017-04-06,49,758,5.566728,5.566728,5.566728,5.566728,0.0,3
2017-04-07,32,516,5.566728,5.566728,5.566728,5.566728,0.0,1
2017-04-10,3186,54084,5.566728,5.5831,5.566728,5.5831,0.016372,6
2017-04-11,1029,17544,5.5831,5.5831,5.5831,5.5831,0.0,5
2017-04-12,4793,82263,5.533982,5.533982,5.501237,5.501237,-0.081863,16
2017-04-13,6042,99623,5.468491,5.468491,5.255646,5.452119,-0.049118,9
2017-04-14,42,648,5.468491,5.468491,5.255646,5.452119,0.0,2
2017-04-17,182,2793,5.468491,5.468491,5.255646,5.452119,0.0,2
2017-04-18,3018,51088,5.51761,5.566728,5.51761,5.566728,0.114609,5
2017-04-19,0,0,5.51761,5.566728,5.51761,5.566728,0.0,0
2017-04-20,4002,68032,5.566728,5.566728,5.566728,5.566728,0.0,3
2017-04-21,3526,59439,5.566728,5.566728,5.566728,5.566728,0.0,9
2017-04-24,16104,276705,5.566728,5.69771,5.566728,5.69771,0.130982,8
2017-04-25,5249,90908,5.632219,5.69771,5.632219,5.69771,0.0,5
2017-04-26,4290,74616,5.69771,5.69771,5.69771,5.69771,0.0,5
2017-04-27,0,0,5.69771,5.69771,5.69771,5.69771,0.0,0
2017-04-28,27,423,5.69771,5.69771,5.69771,5.69771,0.0,5
2017-05-02,3084,51844,5.69771,5.69771,5.403,5.435746,-0.261964,8
2017-05-03,2123,35522,5.452119,5.51761,5.452119,5.51761,0.081864,7
2017-05-04,376,5827,5.452119,5.51761,5.452119,5.51761,0.0,5
2017-05-05,63,1022,5.452119,5.51761,5.452119,5.51761,0.0,3
2017-05-08,33143,587085,5.533982,5.926928,5.533982,5.926928,0.409318,21
2017-05-09,6029,109088,5.926928,5.926928,5.926928,5.926928,0.0,5
2017-05-10,5081,91924,5.926928,5.926928,5.926928,5.926928,0.0,5
2017-05-11,6050,109774,5.926928,5.959673,5.926928,5.959673,0.032745,5
2017-05-12,15067,275671,5.959673,6.025164,5.959673,5.992419,0.032746,15
2017-05-15,6136,111178,5.992419,5.992419,5.894182,5.894182,-0.098237,10
2017-05-16,6024,108719,5.894182,5.926928,5.894182,5.926928,0.032746,7
2017-05-17,30307,559797,5.926928,6.156146,5.926928,6.123401,0.196473,25
2017-05-18,1097,20297,6.090655,6.090655,6.090655,6.090655,-0.032746,3
2017-05-19,3294,59732,5.926928,5.943301,5.926928,5.943301,-0.147354,13
2017-05-22,37068,699848,5.943301,6.532719,5.943301,6.532719,0.589418,43
2017-05-23,7576,165910,7.171255,7.171255,7.171255,7.171255,0.638536,17
2017-05-24,6474,155691,7.875283,7.875283,7.875283,7.875283,0.704028,20
2017-05-25,20473,541501,8.661173,8.661173,8.661173,8.661173,0.78589,35
2017-05-26,34782,1010410,9.512555,9.512555,9.512555,9.512555,0.851382,42
2017-05-31,191900,5829566,10.085601,10.151092,9.561674,9.676283,0.163728,181
2017-06-01,54228,1581260,10.151092,10.151092,9.135983,9.152355,-0.523928,49
2017-06-02,39018,1105487,9.758146,9.758146,9.168728,9.201474,0.049119,34
2017-06-03,20287,561482,9.332455,9.332455,8.841274,9.201474,0.0,23
2017-06-05,25516,714859,9.283337,9.283337,9.005001,9.168728,-0.032746,29
2017-06-06,31722,853944,9.168728,9.168728,8.726664,8.775783,-0.392945,32
2017-06-07,9087,243367,8.775783,8.775783,8.75941,8.75941,-0.016373,13
2017-06-08,32147,845297,8.75941,8.906764,8.350092,8.366464,-0.392946,36
2017-06-09,39190,1000946,8.57931,8.57931,8.022637,8.481073,0.114609,42
2017-06-12,15067,379890,8.186364,8.382837,8.186364,8.366464,-0.114609,20
2017-06-13,18016,450639,8.251855,8.251855,8.120873,8.186364,-0.1801,18
2017-06-14,47326,1100567,7.957146,7.973519,7.384101,7.465964,-0.7204,45
2017-06-15,7058,156886,7.416846,7.416846,7.253119,7.269492,-0.196472,6
2017-06-16,3050,68609,7.269492,7.416846,7.269492,7.416846,0.147354,6
2017-06-19,23557,582516,7.629692,8.153619,7.629692,8.153619,0.736773,28
2017-06-20,201491,5411467,8.317346,8.955883,8.317346,8.955883,0.802264,184
2017-06-21,350480,10263169,9.332455,9.84001,9.283337,9.84001,0.884127,285
2017-06-22,479456,15670158,9.987365,10.822374,9.987365,10.822374,0.982364,356
2017-06-23,448109,16078897,11.493656,11.902974,11.46091,11.902974,1.0806,285
2017-06-26,185490,7410314,13.08181,13.08181,13.08181,13.08181,1.178836,114
2017-06-27,198873,7561978,14.375256,14.375256,11.788365,11.788365,-1.293445,148
2017-06-28,76975,2757300,12.115819,12.377783,11.231692,12.377783,0.589418,73
2017-06-29,75691,2725815,12.377783,12.377783,11.624637,11.853856,-0.523927,64
2017-06-30,33823,1198655,11.755619,11.788365,11.46091,11.771992,-0.081864,37
2017-07-03,20081,706449,11.493656,11.690128,11.46091,11.526401,-0.245591,21
2017-07-04,25057,867298,11.46091,11.46091,11.149828,11.198946,-0.327455,20
2017-07-05,13060,422401,11.133456,11.198946,10.331192,11.198946,0.0,12
2017-07-06,29209,962140,10.642274,11.133456,10.642274,11.035219,-0.163727,23
2017-07-07,18213,617471,10.838746,11.379046,10.838746,11.133456,0.098237,23
2017-07-10,15038,502888,11.133456,11.133456,10.642274,10.871492,-0.261964,16
2017-07-11,120606,4377714,11.771992,11.952092,11.542774,11.952092,1.0806,99
2017-07-12,85489,3432378,13.147301,13.147301,13.147301,13.147301,1.195209,83
2017-07-13,581001,21323936,12.377783,12.508765,11.837483,11.837483,-1.309818,394
2017-07-14,180883,6470073,11.46091,12.115819,11.346301,11.477283,-0.3602,157
2017-07-17,52252,1827354,11.82111,11.82111,11.198946,11.395419,-0.081864,45
2017-07-18,45092,1551572,11.575519,11.575519,11.149828,11.149828,-0.245591,46
2017-07-19,136230,4920564,11.231692,12.197683,11.198946,11.706501,0.556673,139
2017-07-20,56368,1993759,11.984837,11.984837,11.411792,11.526401,-0.1801,52
2017-07-21,53201,1809181,11.46091,11.46091,10.871492,11.002474,-0.523927,56
2017-07-24,38049,1291986,10.969728,11.329928,10.969728,11.018846,0.016372,39
2017-07-25,15020,503706,11.133456,11.133456,10.806001,10.887865,-0.130981,15
2017-07-26,43026,1443963,10.969728,11.133456,10.904237,10.986101,0.098236,42
2017-07-27,38153,1247102,10.969728,10.969728,10.576783,10.593155,-0.392946,41
2017-07-28,40000,1281850,10.642274,10.806001,10.347565,10.38031,-0.212845,33
2017-07-31,45076,1439346,10.74051,10.74051,10.331192,10.38031,0.0,35
2017-08-01,47022,1479278,10.675019,10.675019,10.183837,10.183837,-0.196473,30
2017-08-02,98158,3025674,9.954619,10.478546,9.889128,10.445801,0.261964,75
2017-08-03,22133,704639,10.478546,10.642274,10.20021,10.20021,-0.245591,28
2017-08-04,40066,1212246,10.085601,10.085601,9.65991,10.052855,-0.147355,45
2017-08-07,38341,1196830,10.314819,10.642274,10.085601,10.118346,0.065491,39
2017-08-08,25320,770366,10.363937,10.363937,9.823637,9.84001,-0.278336,33
2017-08-09,26068,782574,10.02011,10.02011,9.676283,9.725401,-0.114609,29
2017-08-10,27164,796429,9.65991,9.65991,9.332455,9.561674,-0.163727,27
2017-08-11,46035,1299695,9.496183,9.496183,9.005001,9.29971,-0.261964,50
2017-08-14,26624,747622,9.234219,9.332455,8.775783,8.874019,-0.425691,28
2017-08-15,44224,1261122,8.93951,9.758146,8.93951,9.758146,0.884127,37
2017-08-16,317624,10325080,10.724137,10.724137,10.347565,10.724137,0.965991,249
2017-08-17,274198,9298893,10.986101,11.624637,10.527665,10.544037,-0.1801,223
2017-08-18,117223,3593271,10.478546,10.478546,9.823637,9.872755,-0.671282,106
2017-08-21,88029,2714691,9.430692,10.478546,9.430692,10.085601,0.212846,74
2017-08-22,28007,871611,10.396683,10.396683,9.970992,9.970992,-0.114609,26
2017-08-23,41015,1235441,9.970992,9.987365,9.725401,9.758146,-0.212846,43
2017-08-24,51066,1498075,9.856383,9.856383,9.528928,9.561674,-0.196472,51
2017-08-25,16166,472095,9.561674,9.725401,9.430692,9.496183,-0.065491,22
2017-08-28,31070,884131,9.496183,9.496183,9.185101,9.332455,-0.163728,33
2017-08-29,58159,1653024,9.201474,10.232955,9.168728,10.232955,0.9005,58
2017-08-30,53343,1592446,10.20021,10.20021,9.561674,9.610792,-0.622163,53
2017-08-31,30844,894243,9.578046,9.578046,9.365201,9.463437,-0.147355,34
2017-09-01,33270,950604,9.316083,9.512555,9.316083,9.463437,0.0,34
2017-09-04,29013,826967,9.365201,9.365201,9.29971,9.332455,-0.130982,23
2017-09-05,39197,1104352,9.234219,9.266964,9.185101,9.201474,-0.130981,36
2017-09-06,43029,1231719,9.201474,9.528928,9.168728,9.381574,0.1801,42
2017-09-07,47062,1357163,9.414319,9.528928,9.381574,9.430692,0.049118,37
2017-09-08,41049,1179692,9.414319,9.496183,9.348828,9.397946,-0.032746,35
2017-09-11,102081,3033578,9.594419,9.938246,9.47981,9.47981,0.081864,81
2017-09-12,26271,751974,9.496183,9.496183,9.332455,9.332455,-0.147355,36
2017-09-13,12785,368252,9.365201,9.545301,9.332455,9.332455,0.0,17
2017-09-14,6445,184300,9.365201,9.365201,9.365201,9.365201,0.032746,16
2017-09-15,7099,202965,9.332455,9.47981,9.332455,9.381574,0.016373,12
2017-09-18,14576,415327,9.447064,9.447064,9.234219,9.348828,-0.032746,17
2017-09-19,18100,509550,9.234219,9.250592,9.168728,9.168728,-0.1801,22
2017-09-20,4062,114331,9.266964,9.266964,9.135983,9.201474,0.032746,8
2017-09-21,18064,498411,9.054119,9.11961,8.988628,9.086864,-0.11461,19
2017-09-22,11060,303882,9.037746,9.037746,8.923137,9.005001,-0.081863,11
2017-09-25,12067,331419,8.972255,9.005001,8.972255,8.988628,-0.016373,16
2017-09-26,9100,244800,8.857646,8.857646,8.677546,8.677546,-0.311082,12
2017-09-27,6119,158167,8.530192,8.530192,8.431955,8.431955,-0.245591,14
2017-09-28,9051,234904,8.513819,8.546564,8.382837,8.382837,-0.049118,12
2017-09-29,10046,258293,8.382837,8.513819,8.382837,8.513819,0.130982,10
2017-09-30,55731,1563799,8.513819,9.365201,8.513819,9.365201,0.851382,55
2017-10-02,206272,6137510,9.512555,10.118346,9.29971,9.823637,0.458436,156
2017-10-03,37100,1073854,9.692655,9.692655,9.348828,9.348828,-0.474809,41
2017-10-05,13021,372744,9.381574,9.447064,9.348828,9.365201,0.016373,12
2017-10-06,16046,472307,9.889128,9.889128,9.348828,9.348828,-0.016373,20
2017-10-11,47232,1286708,9.168728,9.168728,8.841274,8.841274,-0.507554,39
2017-10-12,13799,371176,8.677546,8.93951,8.677546,8.93951,0.098236,26
2017-10-13,11029,301134,8.874019,8.988628,8.841274,8.988628,0.049118,10
2017-10-16,9016,243127,8.75941,8.972255,8.75941,8.841274,-0.147354,10
2017-10-17,11089,302610,9.29971,9.29971,8.775783,8.775783,-0.065491,17
2017-10-18,10212,281686,9.037746,9.103237,9.005001,9.037746,0.261963,15
2017-10-19,5255,143106,8.890392,8.988628,8.890392,8.906764,-0.130982,11
2017-10-20,4100,110268,8.906764,8.906764,8.775783,8.775783,-0.130981,8
2017-10-23,30143,799517,8.693919,8.906764,8.612055,8.726664,-0.049119,21
2017-10-24,6144,162244,8.644801,8.677546,8.644801,8.644801,-0.081863,9
2017-10-25,4395,118427,8.841274,8.841274,8.841274,8.841274,0.196473,7
2017-10-26,1220,32451,8.743037,8.743037,8.743037,8.743037,-0.098237,4
2017-10-27,220026,6347641,9.135983,9.610792,8.75941,8.857646,0.114609,156
2017-10-30,77117,2160105,9.463437,9.463437,8.874019,8.972255,0.114609,68
2017-10-31,9077,246724,8.93951,8.93951,8.890392,8.890392,-0.081863,12
2017-11-01,10093,273652,8.890392,8.890392,8.874019,8.874019,-0.016373,15
2017-11-02,13226,359584,9.005001,9.054119,8.824901,8.824901,-0.049118,25
2017-11-03,14020,379262,8.874019,8.906764,8.841274,8.906764,0.081863,15
2017-11-06,2084,55737,8.75941,8.75941,8.75941,8.75941,-0.147354,5
2017-11-07,7182,195840,8.874019,8.988628,8.874019,8.988628,0.229218,10
2017-11-08,1600,43915,8.988628,8.988628,8.988628,8.988628,0.0,9
2017-11-09,6024,168192,9.234219,9.234219,9.005001,9.152355,0.163727,7
2017-11-10,6363,173579,8.841274,9.135983,8.841274,9.135983,-0.016372,12
2017-11-13,3054,84620,9.135983,9.135983,9.005001,9.005001,-0.130982,6
2017-11-14,2038,55219,8.874019,8.874019,8.874019,8.874019,-0.130982,4
2017-11-15,2316,64551,9.201474,9.201474,9.168728,9.168728,0.294709,6
2017-11-16,1716,46832,9.005001,9.005001,9.005001,9.005001,-0.163727,6
2017-11-17,14139,391073,9.070492,9.168728,8.972255,8.972255,-0.032746,11
2017-11-20,12250,327848,8.775783,8.906764,8.644801,8.644801,-0.327454,19
2017-11-21,7027,188806,8.75941,8.906764,8.75941,8.906764,0.261963,7
2017-11-22,2505,66455,8.677546,8.743037,8.677546,8.743037,-0.163727,6
2017-11-23,8376,228774,8.743037,9.070492,8.743037,9.005001,0.261964,18
2017-11-24,123,3391,8.743037,9.070492,8.743037,9.005001,0.0,7
2017-11-27,2505,68636,9.005001,9.005001,8.93951,8.93951,-0.065491,5
2017-11-28,6120,166514,8.972255,8.972255,8.775783,8.775783,-0.163727,11
2017-11-29,3010,80667,8.808528,8.808528,8.743037,8.743037,-0.032746,4
2017-11-30,2083,55653,8.743037,8.775783,8.743037,8.775783,0.032746,5
2017-12-01,10076,262006,8.644801,8.644801,8.415583,8.497446,-0.278337,14
2017-12-04,8369,217831,8.546564,8.57931,8.513819,8.513819,0.016373,9
2017-12-05,2032,52810,8.513819,8.513819,8.513819,8.513819,0.0,6
2017-12-06,13,322,8.513819,8.513819,8.513819,8.513819,0.0,1
2017-12-07,3005,76623,8.350092,8.350092,8.350092,8.350092,-0.163727,3
2017-12-08,6208,162920,8.350092,8.841274,8.350092,8.841274,0.491182,7
2017-12-11,25373,709550,9.103237,9.29971,8.841274,8.841274,0.0,22
2017-12-12,6010,158461,8.612055,8.644801,8.612055,8.612055,-0.229219,7
2017-12-13,7031,185462,8.612055,8.644801,8.612055,8.644801,0.032746,6
2017-12-14,17165,461125,8.677546,9.005001,8.57931,9.005001,0.3602,23
2017-12-15,4092,108958,8.841274,8.841274,8.677546,8.677546,-0.327455,11
2017-12-18,5009,133785,8.743037,8.75941,8.743037,8.75941,0.081864,7
2017-12-19,12018,324698,8.972255,8.972255,8.75941,8.75941,0.0,12
2017-12-20,24018,657750,8.75941,9.168728,8.75941,8.792155,0.032745,17
2017-12-21,4001,107426,8.792155,8.792155,8.792155,8.792155,0.0,4
2017-12-22,9039,246711,8.792155,9.005001,8.792155,9.005001,0.212846,9
2017-12-25,5345,145502,9.005001,9.005001,8.841274,8.841274,-0.163727,10
2017-12-26,11016,296047,8.841274,8.841274,8.710292,8.743037,-0.098237,10
2017-12-27,137,3642,8.841274,8.841274,8.710292,8.743037,0.0,6
2017-12-28,1000,26700,8.743037,8.743037,8.743037,8.743037,0.0,1
2017-12-29,1855,48972,8.743037,8.743037,8.743037,8.743037,0.0,5
2018-01-02,9435,259686,8.743037,9.168728,8.743037,9.168728,0.425691,17
2018-01-03,21138,586738,9.168728,9.365201,8.874019,9.234219,0.065491,19
2018-01-04,4019,113347,9.29971,9.29971,9.217846,9.217846,-0.016373,6
2018-01-05,6,153,9.29971,9.29971,9.217846,9.217846,0.0,1
2018-01-08,8366,234749,9.266964,9.266964,9.201474,9.201474,-0.016372,12
2018-01-09,15008,419514,9.168728,9.234219,8.906764,8.906764,-0.29471,11
2018-01-10,7004,193304,8.906764,9.135983,8.874019,9.135983,0.229219,6
2018-01-11,7,179,8.906764,9.135983,8.874019,9.135983,0.0,2
2018-01-12,7048,194855,9.037746,9.103237,9.037746,9.103237,-0.032746,9
2018-01-15,5134,145090,9.168728,9.397946,9.168728,9.381574,0.278337,9
2018-01-16,48089,1426100,9.512555,10.003737,9.266964,9.266964,-0.11461,47
2018-01-17,18345,533357,9.234219,9.65991,9.234219,9.627164,0.3602,29
2018-01-18,4139,120044,9.512555,9.512555,9.496183,9.496183,-0.130981,12
2018-01-19,1998,57789,9.496183,9.496183,9.496183,9.496183,0.0,7
2018-01-22,12905,364647,9.463437,9.463437,9.054119,9.054119,-0.442064,15
2018-01-23,4112,116636,9.054119,9.381574,9.054119,9.381574,0.327455,11
2018-01-24,3022,86066,9.217846,9.381574,9.217846,9.381574,0.0,4
2018-01-25,107027,3020449,9.381574,9.381574,9.234219,9.234219,-0.147355,11
2018-01-26,101524,2893227,9.29971,9.332455,9.29971,9.332455,0.098236,10
2018-01-29,2423,69462,9.332455,9.47981,9.332455,9.47981,0.147355,7
2018-01-30,2002,56806,9.381574,9.381574,9.201474,9.201474,-0.278336,4
2018-01-31,2415,67686,9.234219,9.234219,9.234219,9.234219,0.032745,6
2018-02-01,4034,113671,9.234219,9.234219,9.217846,9.217846,-0.016373,6
2018-02-02,7030,195910,9.201474,9.201474,9.054119,9.11961,-0.098236,9
2018-02-05,1036,29072,9.201474,9.201474,9.201474,9.201474,0.081864,3
2018-02-06,47000,1209800,8.677546,8.808528,8.284601,8.284601,-0.916873,38
2018-02-07,18000,455650,8.513819,8.513819,8.03901,8.055383,-0.229218,17
2018-02-08,4000,103500,8.513819,8.513819,8.350092,8.350092,0.294709,3
2018-02-09,17013,441617,8.350092,8.644801,8.350092,8.595683,0.245591,14
2018-02-12,7032,183277,8.546564,8.612055,8.513819,8.513819,-0.081864,6
2018-02-21,4005,105924,8.661173,8.661173,8.661173,8.661173,0.147354,4
2018-02-22,3343,89509,8.972255,8.972255,8.693919,8.824901,0.163728,5
2018-02-23,4000,111700,9.152355,9.152355,9.135983,9.135983,0.311082,4
2018-02-26,27000,753600,9.168728,9.168728,9.103237,9.135983,0.0,11
2018-02-27,4004,108107,8.857646,8.857646,8.792155,8.792155,-0.343828,4
2018-03-01,5124,140428,8.988628,8.988628,8.988628,8.988628,0.196473,9
2018-03-02,7000,190500,8.743037,8.93951,8.743037,8.93951,-0.049118,4
2018-03-05,10042,270014,8.808528,8.808528,8.775783,8.808528,-0.130982,10
2018-03-06,24023,671460,8.972255,9.168728,8.972255,9.152355,0.343827,21
2018-03-07,3021,84043,9.168728,9.168728,9.005001,9.005001,-0.147354,5
2018-03-08,3024,82674,9.005001,9.005001,8.857646,8.857646,-0.147355,6
2018-03-09,1034,28434,9.021374,9.021374,9.021374,9.021374,0.163728,3
2018-03-12,7100,198993,9.168728,9.365201,9.005001,9.365201,0.343827,10
2018-03-13,71999,2110968,9.496183,9.758146,9.365201,9.692655,0.327454,68
2018-03-14,34133,1007245,9.889128,9.970992,9.545301,9.758146,0.065491,29
2018-03-15,38424,1150700,9.758146,9.856383,9.758146,9.758146,0.0,36
2018-03-16,31035,922530,9.823637,9.823637,9.627164,9.823637,0.065491,24
2018-03-19,10261,306962,9.823637,9.856383,9.758146,9.84001,0.016373,12
2018-03-20,67376,2071433,9.84001,10.314819,9.823637,10.314819,0.474809,54
2018-03-21,183556,6289355,10.642274,11.346301,10.511292,11.346301,1.031482,102
2018-03-22,636308,24131626,12.443274,12.476019,12.00121,12.476019,1.129718,409
2018-03-23,554080,21698510,12.410528,13.491128,12.148565,13.098183,0.622164,477
2018-03-26,280718,12247142,14.080547,14.408001,13.916819,14.408001,1.309818,179
2018-03-27,292807,14041096,15.71782,15.848801,15.42311,15.848801,1.4408,218
2018-03-28,666660,35050994,16.962147,17.420583,16.962147,17.420583,1.571782,406
2018-03-29,740626,42794209,19.123347,19.156093,18.337456,19.156093,1.73551,536
2018-03-30,748779,41867748,20.629638,20.629638,17.256856,17.355092,-1.801001,532
2018-03-31,350833,18388924,17.617056,17.617056,16.700183,17.617056,0.261964,295
2018-04-02,484765,27332504,17.944511,19.352565,17.387838,19.352565,1.735509,367
2018-04-03,402442,23377729,19.811002,19.811002,18.010002,18.173729,-1.178836,316
2018-04-09,326233,17283842,18.173729,18.173729,16.356356,16.356356,-1.817373,244
2018-04-10,254090,12337795,16.356356,16.356356,15.586838,15.766938,-0.589418,181
2018-04-11,202179,9543942,15.71782,15.799683,15.06291,15.799683,0.032745,164
2018-04-12,225212,11140479,15.881547,16.601947,15.521347,15.554092,-0.245591,179
2018-04-13,264230,12077964,15.390365,15.390365,14.768201,14.768201,-0.785891,199
2018-04-16,221470,9581275,14.768201,14.768201,13.589365,13.884074,-0.884127,175
2018-04-17,122015,5163062,13.949565,14.375256,13.425638,13.458383,-0.425691,91
2018-04-18,147823,6041325,13.818583,13.98231,13.049065,13.196419,-0.261964,121
2018-04-19,526793,22998022,13.360147,14.506238,13.294656,14.506238,1.309819,332
2018-04-20,321237,13667742,14.096919,14.326138,13.572992,13.589365,-0.916873,267
2018-04-23,216963,9339917,13.753092,14.669965,13.703974,13.949565,0.3602,170
2018-04-24,108010,4608066,14.080547,14.375256,13.589365,13.753092,-0.196473,95
2018-04-25,94059,3898354,13.654856,13.933192,13.425638,13.556619,-0.196473,72
2018-04-26,128567,5045357,13.818583,13.818583,12.508765,12.574256,-0.982363,96
2018-04-27,156060,6159194,12.574256,13.425638,12.574256,13.212792,0.638536,132
2018-04-30,94125,3682291,13.098183,13.098183,12.590628,12.967201,-0.245591,89
2018-05-02,34000,1342050,12.868965,12.983574,12.803474,12.803474,-0.163727,28
2018-05-03,89005,3576999,12.934456,13.26191,12.934456,13.130928,0.327454,80
2018-05-04,40068,1600585,13.130928,13.278283,12.950828,13.065438,-0.06549,39
2018-05-07,39002,1525727,13.098183,13.098183,12.672492,12.770728,-0.29471,31
2018-05-08,23269,909991,12.934456,12.934456,12.705237,12.770728,0.0,28
2018-05-09,35040,1368620,12.737983,13.065438,12.656119,13.049065,0.278337,31
2018-05-10,23088,919470,12.819847,13.098183,12.819847,13.098183,0.049118,24
2018-05-11,436112,18671663,13.098183,14.408001,13.098183,13.80221,0.704027,357
2018-05-14,154054,6568235,14.211529,14.211529,13.605738,13.98231,0.1801,130
2018-05-15,296160,13159063,15.030165,15.030165,13.98231,14.457119,0.474809,252
2018-05-16,247035,10831927,14.408001,14.571729,14.146038,14.391629,-0.06549,139
2018-05-17,227135,10206857,14.506238,15.259383,14.358883,14.866438,0.474809,186
2018-05-18,438360,21249058,15.324874,16.339983,15.324874,16.339983,1.473545,322
2018-05-21,618465,31311739,16.994892,17.551565,15.979783,16.094392,-0.245591,469
2018-05-22,241109,11960469,16.43822,16.700183,15.78331,15.78331,-0.311082,191
2018-05-23,117142,5652770,15.816056,16.07802,15.586838,15.652329,-0.130981,94
2018-05-24,202103,9397738,15.78331,15.881547,14.964674,15.095656,-0.556673,152
2018-05-25,78020,3615633,15.128401,15.324874,15.06291,15.095656,0.0,68
2018-05-28,165200,7450528,15.226638,15.390365,14.52261,14.571729,-0.523927,132
2018-05-29,67315,3020924,14.719083,14.866438,14.52261,14.751829,0.1801,59
2018-05-30,30100,1346263,14.735456,14.800947,14.538983,14.653592,-0.098237,28
2018-05-31,92420,4089761,14.866438,14.866438,14.34251,14.358883,-0.294709,86
2018-06-01,41155,1820591,14.358883,14.637219,14.34251,14.637219,0.278336,39
2018-06-04,210520,9911823,14.735456,16.045274,14.735456,15.570465,0.933246,182
2018-06-05,146002,6885691,15.848801,15.848801,15.128401,15.128401,-0.442064,122
2018-06-06,81682,3763866,15.161147,15.161147,14.997419,15.06291,-0.065491,68
2018-06-07,74032,3449073,15.112029,15.373992,15.06291,15.210265,0.147355,64
2018-06-08,33143,1530626,15.308501,15.308501,14.931929,15.030165,-0.1801,35
2018-06-11,55105,2513897,15.17752,15.17752,14.719083,14.751829,-0.278336,51
2018-06-12,32048,1437000,14.669965,14.800947,14.571729,14.70271,-0.049119,32
2018-06-13,31034,1387306,14.70271,14.70271,14.571729,14.637219,-0.065491,28
2018-06-14,27013,1218780,14.784574,14.866438,14.686338,14.784574,0.147355,27
2018-06-15,46356,2097204,14.964674,14.964674,14.571729,14.571729,-0.212845,39
2018-06-19,36006,1614115,14.571729,14.948301,14.506238,14.571729,0.0,27
2018-06-20,27638,1212716,14.506238,14.555356,14.178783,14.34251,-0.229219,29
2018-06-21,18310,799531,14.52261,14.52261,14.178783,14.34251,0.0,14
2018-06-22,14156,619195,14.34251,14.391629,14.195156,14.34251,0.0,20
2018-06-25,15280,671763,14.457119,14.457119,14.309765,14.309765,-0.032745,22
2018-06-26,39326,1677320,14.047801,14.358883,13.753092,14.096919,-0.212846,30
2018-06-27,18566,796950,14.080547,14.080547,13.998683,14.031428,-0.065491,19
2018-06-28,21034,905343,14.047801,14.178783,14.031428,14.064174,0.032746,27
2018-06-29,28000,1190750,13.98231,13.98231,13.834956,13.884074,-0.1801,16
2018-07-02,48130,1973468,13.834956,13.900447,13.130928,13.327401,-0.556673,34
2018-07-03,121078,4946608,13.360147,13.884074,13.098183,13.212792,-0.114609,92
2018-07-04,9601,387907,13.212792,13.425638,13.212792,13.327401,0.114609,13
2018-07-05,37480,1534972,13.425638,13.425638,13.343774,13.343774,0.016373,32
2018-07-06,28048,1133318,13.343774,13.360147,13.163674,13.360147,0.016373,27
2018-07-09,10000,413400,13.343774,13.687601,13.343774,13.507501,0.147354,10
2018-07-10,8060,333377,13.458383,13.671228,13.458383,13.671228,0.163727,10
2018-07-11,14275,595911,13.671228,13.736719,13.654856,13.736719,0.065491,16
2018-07-12,88192,3892296,13.785838,15.030165,13.785838,14.735456,0.998737,79
2018-07-13,49664,2043191,14.949013,14.949013,14.521899,14.521899,-0.213557,46
2018-07-16,22100,876508,14.41512,14.41512,13.916819,14.005802,-0.516097,21
2018-07-17,27046,1054526,13.988005,14.521899,13.667669,14.059191,0.053389,23
2018-07-18,19028,750842,14.076987,14.237155,13.899023,14.219359,0.160168,21
2018-07-19,21226,832837,14.237155,14.237155,13.632076,14.005802,-0.213557,26
2018-07-20,10200,392158,13.774448,13.774448,13.560891,13.756651,-0.249151,12
2018-07-23,11200,429588,13.578687,13.756651,13.578687,13.721059,-0.035592,15
2018-07-24,8069,311934,13.703262,13.916819,13.703262,13.792244,0.071185,12
2018-07-25,17186,664549,13.792244,13.810041,13.667669,13.667669,-0.124575,15
2018-07-26,68124,2734274,13.649873,14.895624,13.632076,14.593084,0.925415,65
2018-07-27,38100,1546269,14.771049,14.771049,14.272748,14.343934,-0.24915,30
2018-07-30,9100,357688,14.343934,14.343934,13.881227,13.881227,-0.462707,13
2018-07-31,17055,662480,13.845634,13.881227,13.756651,13.756651,-0.124576,15
2018-08-01,19501,750361,13.738855,13.845634,13.61428,13.845634,0.088983,24
2018-08-02,36184,1374946,13.810041,13.810041,13.347333,13.471908,-0.373726,33
2018-08-03,29021,1091495,13.471908,13.471908,13.31174,13.471908,0.0,23
2018-08-06,22038,821274,13.204962,13.827837,13.204962,13.827837,0.355929,14
2018-08-07,16139,626705,13.827837,13.970209,13.738855,13.934616,0.106779,22
2018-08-08,10006,390680,13.881227,13.934616,13.881227,13.881227,-0.053389,7
2018-08-09,8137,317937,13.881227,14.023598,13.881227,14.023598,0.142371,9
2018-08-10,14123,556575,13.952412,14.059191,13.952412,14.059191,0.035593,17
2018-08-13,17213,658676,14.059191,14.059191,13.293944,13.454112,-0.605079,26
2018-08-14,55169,2161755,13.240555,14.379527,13.169369,14.183766,0.729654,59
2018-08-15,96332,3642565,14.059191,14.059191,13.204962,13.204962,-0.978804,66
2018-08-16,31023,1155060,13.187165,13.293944,13.187165,13.240555,0.035593,29
2018-08-17,43028,1609147,13.276147,13.454112,13.240555,13.293944,0.053389,32
2018-08-20,16999,637060,13.31174,13.632076,13.187165,13.187165,-0.106779,22
2018-08-21,13100,489813,13.347333,13.400723,13.222758,13.240555,0.05339,18
2018-08-22,11021,408581,13.204962,13.240555,13.151572,13.187165,-0.05339,12
2018-08-23,17084,633560,13.240555,13.400723,13.169369,13.187165,0.0,16
2018-08-24,5039,186694,13.187165,13.187165,13.187165,13.187165,0.0,8
2018-08-27,43232,1634593,13.471908,13.525298,13.347333,13.454112,0.266947,30
2018-08-28,49277,1866591,13.525298,13.560891,13.418519,13.418519,-0.035593,22
2018-08-29,2085,78974,13.418519,13.560891,13.418519,13.560891,0.142372,5
2018-08-30,65267,2528813,13.596483,14.005802,13.454112,13.881227,0.320336,40
2018-08-31,31143,1214780,14.059191,14.059191,13.632076,13.632076,-0.249151,26
2018-09-03,37006,1445628,13.721059,14.059191,13.685466,13.988005,0.355929,35
2018-09-04,8279,323726,13.952412,13.988005,13.756651,13.988005,0.0,10
2018-09-05,5357,208823,13.916819,13.916819,13.792244,13.792244,-0.195761,5
2018-09-06,27012,1040038,13.703262,13.774448,13.649873,13.774448,-0.017796,26
2018-09-07,16031,608628,13.596483,13.596483,13.382926,13.507501,-0.266947,16
2018-09-10,11016,411643,13.204962,13.471908,13.204962,13.471908,-0.035593,10
2018-09-11,173078,6859939,13.881227,14.521899,13.738855,13.810041,0.338133,96
2018-09-12,84000,3267700,13.934616,14.237155,13.418519,13.86343,0.053389,52
2018-09-13,320113,13317878,13.970209,15.233756,13.970209,15.233756,1.370326,229
2018-09-14,303228,14266873,16.746454,16.746454,16.746454,16.746454,1.512698,153
2018-09-17,977203,50456490,18.401523,18.401523,18.010002,18.401523,1.655069,461
2018-09-18,2310472,127510452,19.22016,20.216761,18.543895,19.042195,0.640672,1418
2018-09-19,688447,36686991,18.508302,19.647274,18.330338,18.864231,-0.177964,541
2018-09-20,387023,20223497,18.864231,18.864231,18.36593,18.650674,-0.213557,289
2018-09-21,328600,17218539,19.077788,19.077788,18.508302,18.650674,0.0,233
2018-09-25,443330,22602882,18.899824,18.899824,17.440515,17.476108,-1.174566,320
2018-09-26,170487,8422610,17.476108,17.778648,17.440515,17.440515,-0.035593,142
2018-09-27,254425,12451132,17.440515,17.725258,17.173569,17.333737,-0.106778,202
2018-09-28,136576,6712349,17.458312,17.689666,17.387126,17.387126,0.053389,112
2018-10-01,131418,6475825,17.582887,17.689666,17.404922,17.689666,0.30254,118
2018-10-02,128100,6381689,17.796444,17.796444,17.654073,17.760851,0.071185,95
2018-10-03,654570,33936282,18.081187,18.793045,18.010002,18.294745,0.533894,450
2018-10-04,770140,42425405,18.294745,20.109982,18.294745,20.109982,1.815237,488
2018-10-05,3102252,179116284,20.964211,21.533698,19.077788,20.003203,-0.106779,2347
2018-10-08,1839590,101608906,20.465911,20.857433,18.010002,18.223559,-1.779644,1354
2018-10-09,1182211,55923646,18.294745,18.401523,16.408322,16.408322,-1.815237,854
2018-10-11,285388,11844300,14.771049,14.806642,14.771049,14.771049,-1.637273,181
2018-10-12,1114300,48424600,14.237155,16.248154,14.237155,15.678667,0.907618,801
2018-10-15,2456686,117477798,16.123578,17.244754,16.123578,17.244754,1.566087,1314
2018-10-16,1340688,65589012,17.013401,17.796444,16.942215,17.582887,0.338133,984
2018-10-17,1298518,66282667,17.86763,18.650674,17.689666,18.187966,0.605079,922
2018-10-18,1378374,72331221,18.36593,18.899824,18.223559,18.650674,0.462708,875
2018-10-19,1653329,87281037,18.721859,19.113381,18.187966,18.935417,0.284743,1133
2018-10-22,865545,45969710,18.935417,19.22016,18.615081,18.686266,-0.249151,587
2018-10-23,662178,33710546,18.437116,18.828638,17.458312,18.259152,-0.427114,502
2018-10-24,555348,27659925,17.61848,18.330338,17.422719,17.422719,-0.836433,421
2018-10-25,687500,32446874,16.710861,17.440515,16.461711,16.479507,-0.943212,473
2018-10-26,443100,20536470,16.960011,16.977808,16.176968,16.176968,-0.302539,319
2018-10-29,443907,20412194,16.087986,16.675268,16.087986,16.479507,0.302539,298
2018-10-30,200600,9222858,16.479507,16.550693,16.230357,16.283746,-0.195761,146
2018-10-31,518100,24503859,16.5151,17.084586,16.372729,16.76425,0.480504,341
2018-11-01,496890,23333045,17.048994,17.084586,16.301543,16.372729,-0.391521,359
2018-11-02,1053550,50282950,16.443914,17.511701,16.372729,17.511701,1.138972,695
2018-11-05,1220733,61472492,17.832037,18.401523,17.333737,17.440515,-0.071186,837
2018-11-06,575539,28580774,17.440515,17.974409,17.298144,17.404922,-0.035593,363
2018-11-07,365035,18034855,17.476108,17.86763,17.387126,17.440515,0.035593,240
2018-11-08,713084,35611281,17.725258,18.081187,17.547294,17.689666,0.249151,474
2018-11-09,1068043,53670621,18.081187,18.259152,17.689666,17.760851,0.071185,691
2018-11-12,480529,23882821,17.796444,17.974409,17.476108,17.476108,-0.284743,297
2018-11-13,1022454,50622107,16.799843,18.045594,16.693065,17.654073,0.177965,590
2018-11-14,1232357,62719610,17.974409,18.472709,17.725258,17.743055,0.088982,782
2018-11-15,866258,42840889,17.796444,18.152373,17.226958,17.226958,-0.516097,637
2018-11-16,353100,17298750,17.529498,17.61848,17.262551,17.36933,0.142372,281
2018-11-19,290061,14046614,17.547294,17.547294,17.084586,17.244754,-0.124576,208
2018-11-20,293011,14286081,17.084586,17.547294,17.013401,17.298144,0.05339,205
2018-11-21,193433,9418641,17.155772,17.547294,17.155772,17.298144,0.0,145
2018-11-22,381172,18355717,17.582887,17.582887,16.693065,16.782047,-0.516097,279
2018-11-23,729503,33470757,16.782047,17.06679,15.945614,15.96341,-0.818637,444
2018-11-26,370100,16831163,15.96341,16.550693,15.96341,16.070189,0.106779,276
2018-11-27,247162,11177463,16.123578,16.319339,15.999003,16.123578,0.053389,186
2018-11-28,618047,28729920,16.159171,16.871029,16.070189,16.550693,0.427115,454
2018-11-29,283100,13114050,16.76425,16.76425,16.301543,16.337136,-0.213557,210
2018-11-30,425008,19195308,16.354932,16.372729,15.910021,16.0168,-0.320336,268
2018-12-03,341044,15517874,16.372729,16.443914,16.0168,16.176968,0.160168,245
2018-12-04,195200,8822457,16.105782,16.176968,16.0168,16.141375,-0.035593,119
2018-12-05,302215,13829340,16.159171,16.550693,16.141375,16.26595,0.124575,237
2018-12-06,275415,12326275,16.337136,16.337136,15.589685,15.874428,-0.391522,231
2018-12-07,184034,8104266,15.660871,15.910021,15.482906,15.71426,-0.160168,143
2018-12-10,146008,6357546,15.71426,15.71426,15.304942,15.376128,-0.338132,112
2018-12-11,403012,16958357,15.304942,15.304942,14.735456,15.002402,-0.373726,275
2018-12-12,267032,11365214,15.16257,15.304942,15.002402,15.091385,0.088983,161
2018-12-13,1033012,46864094,15.233756,16.586286,15.180367,16.105782,1.014397,645
2018-12-14,441007,20207017,16.301543,16.604082,16.123578,16.283746,0.177964,315
2018-12-17,841254,39689271,16.56849,16.995604,16.372729,16.497304,0.213558,506
2018-12-18,254000,11540250,16.621879,16.621879,16.034596,16.034596,-0.462708,185
2018-12-19,99053,4490792,16.052393,16.283746,16.034596,16.070189,0.035593,84
2018-12-20,179034,7977006,16.087986,16.105782,15.76765,15.76765,-0.302539,129
2018-12-21,145006,6315565,15.660871,15.678667,15.304942,15.482906,-0.284744,105
2018-12-22,33385,1449850,15.322738,15.607482,15.304942,15.500703,0.017797,32
2018-12-24,105085,4595798,15.643074,15.643074,15.500703,15.607482,0.106779,84
2018-12-25,115000,4992800,15.411721,15.660871,15.411721,15.411721,-0.195761,87
2018-12-26,104128,4537164,15.482906,15.625278,15.447314,15.447314,0.035593,80
2018-12-27,158054,6897247,15.518499,15.696464,15.429517,15.482906,0.035592,115
2018-12-28,569088,25826972,15.518499,16.550693,15.518499,16.479507,0.996601,369
2019-01-02,1753803,83779247,16.906622,17.600683,16.604082,16.604082,0.124575,1190
2019-01-03,666043,30543715,16.586286,16.586286,16.123578,16.123578,-0.480504,480
2019-01-04,462040,20678258,15.910021,16.194764,15.554092,16.0168,-0.106778,318
2019-01-07,448004,20249830,16.372729,16.372729,15.910021,15.927818,-0.088982,276
2019-01-08,229112,10225038,15.981207,16.0168,15.785446,15.803242,-0.124576,164
2019-01-09,193200,8696298,15.874428,16.230357,15.838835,16.176968,0.373726,155
2019-01-10,178034,8079474,16.194764,16.372729,15.96341,16.052393,-0.124575,140
2019-01-11,671048,30935483,16.621879,16.728658,16.052393,16.105782,0.053389,502
2019-01-14,163017,7349753,16.105782,16.26595,15.981207,15.981207,-0.124575,124
2019-01-15,260200,11634349,16.0168,16.052393,15.838835,15.910021,-0.071186,169
2019-01-16,135148,6067476,15.910021,16.087986,15.910021,15.927818,0.017797,110
2019-01-17,167021,7507990,16.105782,16.105782,15.927818,15.96341,0.035592,115
2019-01-18,174160,7857370,16.070189,16.176968,15.981207,16.176968,0.213558,125
2019-01-21,218005,9999679,16.301543,16.461711,16.248154,16.301543,0.124575,161
2019-01-22,134057,6097824,16.301543,16.301543,16.070189,16.087986,-0.213557,115
2019-01-23,78007,3521966,16.0168,16.105782,16.0168,16.087986,0.0,66
2019-01-24,136074,6184862,16.123578,16.319339,16.087986,16.283746,0.19576,118
2019-01-25,189033,8669641,16.230357,16.443914,16.230357,16.248154,-0.035592,136
2019-01-28,249401,11450696,16.301543,16.479507,16.248154,16.390525,0.142371,182
2019-01-29,228173,10421778,16.426118,16.426118,16.159171,16.194764,-0.195761,130
2019-01-30,130500,5909950,16.194764,16.194764,16.070189,16.105782,-0.088982,97
2019-02-11,197015,9037764,16.301543,16.461711,16.194764,16.426118,0.320336,162
2019-02-12,257005,11871580,16.461711,16.5151,16.372729,16.479507,0.053389,181
2019-02-13,698006,33097282,16.532897,17.155772,16.532897,16.906622,0.427115,490
2019-02-14,588430,28234642,17.120179,17.422719,16.76425,16.782047,-0.124575,376
2019-02-15,326391,15441287,16.782047,17.06679,16.675268,16.906622,0.124575,219
2019-02-18,711103,32438356,16.194764,16.5151,16.034596,16.230357,-0.676265,460
2019-02-19,163255,7467112,16.301543,16.372729,16.230357,16.230357,0.0,108
2019-02-20,269151,12238963,16.194764,16.301543,16.087986,16.301543,0.071186,184
2019-02-21,137226,6259559,16.301543,16.319339,16.176968,16.26595,-0.035593,84
2019-02-22,110100,5030319,16.194764,16.301543,16.194764,16.26595,0.0,82
2019-02-25,269241,12484908,16.301543,16.693065,16.301543,16.408322,0.142372,193
2019-02-26,167016,7737038,16.479507,16.604082,16.426118,16.426118,0.017796,113
2019-02-27,183000,8422700,16.443914,16.479507,16.319339,16.319339,-0.106779,97
2019-03-04,187101,8556158,16.426118,16.426118,16.212561,16.230357,-0.088982,118
2019-03-05,114477,5218473,16.301543,16.301543,16.176968,16.248154,0.017797,66
2019-03-06,90087,4129132,16.26595,16.372729,16.26595,16.301543,0.053389,67
2019-03-07,286192,13269799,16.337136,16.621879,16.337136,16.461711,0.160168,194
2019-03-08,157103,7265952,16.479507,16.532897,16.372729,16.497304,0.035593,77
2019-03-11,1430239,68555363,16.657472,17.404922,16.657472,17.404922,0.907618,909
2019-03-12,828590,40451470,17.458312,17.547294,17.120179,17.298144,-0.106778,517
2019-03-13,1711062,85080110,17.440515,18.045594,17.36933,17.56509,0.266946,1064
2019-03-14,1524355,77047106,17.61848,18.36593,17.61848,18.330338,0.765248,899
2019-03-15,1721755,89426179,18.508302,18.686266,18.11678,18.579488,0.24915,1151
2019-03-18,888008,46562016,18.721859,19.042195,18.401523,18.401523,-0.177965,591
2019-03-19,587328,30812152,18.508302,18.97101,18.36593,18.650674,0.249151,424
2019-03-20,2026201,108946750,18.686266,19.754053,18.543895,18.615081,-0.035593,1153
2019-03-21,449135,23656844,18.686266,18.97101,18.615081,18.721859,0.106778,322
2019-03-22,1354352,68707367,18.864231,18.935417,17.476108,17.671869,-1.04999,895
2019-03-25,490600,24327907,17.760851,17.832037,17.511701,17.547294,-0.124575,325
2019-03-26,511151,25621140,17.743055,18.045594,17.725258,17.974409,0.427115,303
2019-03-27,248388,12511850,18.11678,18.11678,17.796444,17.86763,-0.106779,183
2019-03-28,161113,8027220,17.86763,17.974409,17.654073,17.707462,-0.160168,113
2019-03-29,212328,10579549,17.743055,17.86763,17.671869,17.671869,-0.035593,148
2019-04-01,205132,10224426,17.707462,17.86763,17.671869,17.743055,0.071186,143
2019-04-02,526840,26702274,18.152373,18.401523,17.725258,17.725258,-0.017797,394
2019-04-03,248534,12367082,17.725258,17.938816,17.671869,17.689666,-0.035592,176
2019-04-08,321235,15964930,17.689666,17.832037,17.636276,17.654073,-0.035593,178
2019-04-09,603386,29480318,17.654073,17.654073,17.120179,17.262551,-0.391522,407
2019-04-10,225738,10952078,17.137976,17.476108,17.137976,17.209162,-0.053389,165
2019-04-11,423424,20257972,17.244754,17.298144,16.906622,16.906622,-0.30254,303
2019-04-12,221421,10475695,16.853233,17.013401,16.76425,16.76425,-0.142372,151
2019-04-15,191279,9005645,16.76425,16.835436,16.710861,16.710861,-0.053389,151
2019-04-16,218928,10234622,16.710861,16.710861,16.56849,16.675268,-0.035593,140
2019-04-17,242388,11426021,16.710861,16.835436,16.693065,16.76425,0.088982,178
2019-04-18,309065,14442841,16.871029,16.888826,16.408322,16.408322,-0.355928,226
2019-04-19,242017,11137194,16.372729,16.550693,16.301543,16.301543,-0.106779,163
2019-04-22,194068,8923711,16.319339,16.550693,16.283746,16.301543,0.0,143
2019-04-23,224515,10235505,16.319339,16.372729,16.159171,16.194764,-0.106779,175
2019-04-24,171429,7834881,16.230357,16.319339,16.212561,16.212561,0.017797,113
2019-04-25,210075,9530265,16.194764,16.230357,16.052393,16.159171,-0.05339,153
2019-04-26,111021,5018705,16.159171,16.159171,16.052393,16.070189,-0.088982,88
2019-04-29,192162,8728092,16.159171,16.26595,16.087986,16.087986,0.017797,151
2019-04-30,122738,5557254,16.087986,16.176968,16.087986,16.141375,0.053389,97
2019-05-02,178656,8249036,16.159171,16.621879,16.159171,16.5151,0.373725,159
2019-05-03,207045,9665493,16.5151,16.782047,16.5151,16.532897,0.017797,166
2019-05-06,201100,9205082,16.532897,16.532897,16.230357,16.248154,-0.284743,150
2019-05-07,82112,3770538,16.301543,16.479507,16.301543,16.319339,0.071185,68
2019-05-08,125014,5678886,16.070189,16.319339,16.070189,16.194764,-0.124575,89
2019-05-09,261039,11733315,16.319339,16.319339,15.874428,15.874428,-0.320336,206
2019-05-10,166071,7366495,15.803242,15.945614,15.660871,15.732057,-0.142371,144
2019-05-13,500072,21495825,15.536296,15.732057,15.180367,15.251553,-0.480504,210
2019-05-14,194573,8202289,14.735456,15.16257,14.735456,15.109181,-0.142372,147
2019-05-15,140187,5986758,15.126978,15.304942,15.126978,15.233756,0.124575,108
2019-05-16,214342,9044698,15.233756,15.233756,14.91342,15.002402,-0.231354,158
2019-05-17,276075,11501056,15.073588,15.073588,14.699863,14.699863,-0.302539,181
2019-05-20,378176,15258050,14.699863,14.699863,14.201563,14.254952,-0.444911,287
2019-05-21,150293,6077287,14.254952,14.593084,14.254952,14.450713,0.195761,122
2019-05-22,145053,5951273,14.593084,14.699863,14.521899,14.539695,0.088982,124
2019-05-23,186219,7464423,14.468509,14.66427,14.183766,14.237155,-0.30254,159
2019-05-24,87015,3492253,14.343934,14.343934,14.254952,14.290545,0.05339,68
2019-05-27,95033,3852136,14.308341,14.539695,14.290545,14.41512,0.124575,76
2019-05-28,124049,5101038,14.557491,14.735456,14.557491,14.610881,0.195761,105
2019-05-29,114337,4684831,14.593084,14.699863,14.521899,14.521899,-0.088982,98
2019-05-30,66271,2701561,14.521899,14.646474,14.468509,14.593084,0.071185,61
2019-05-31,86022,3536058,14.593084,14.699863,14.593084,14.646474,0.05339,70
2019-06-03,152018,6159930,14.593084,14.593084,14.379527,14.41512,-0.231354,88
2019-06-04,86000,3461700,14.41512,14.41512,14.272748,14.290545,-0.124575,71
2019-06-05,99066,4002852,14.41512,14.432916,14.308341,14.308341,0.017796,65
2019-06-06,121061,4863248,14.397323,14.397323,14.272748,14.290545,-0.017796,71
2019-06-10,158060,6333008,14.308341,14.379527,14.201563,14.237155,-0.05339,127
2019-06-11,415395,17068983,14.326138,14.949013,14.254952,14.735456,0.498301,183
2019-06-12,252524,10478085,14.735456,14.895624,14.66427,14.66427,-0.071186,168
2019-06-13,157042,6478186,14.66427,14.753252,14.628677,14.735456,0.071186,88
2019-06-14,113086,4689026,14.771049,14.806642,14.717659,14.806642,0.071186,79
2019-06-17,143022,5939572,14.806642,14.842234,14.717659,14.806642,0.0,104
2019-06-18,429061,18090738,14.788845,15.180367,14.788845,15.055792,0.24915,181
2019-06-19,422349,18255573,15.091385,15.660871,15.091385,15.376128,0.320336,299
2019-06-20,207390,9012974,15.376128,15.625278,15.376128,15.447314,0.071186,139
2019-06-21,175125,7537280,15.447314,15.447314,15.16257,15.376128,-0.071186,128
2019-06-24,87044,3745692,15.376128,15.376128,15.269349,15.304942,-0.071186,70
2019-06-25,248057,10766916,15.376128,15.589685,15.304942,15.393924,0.088982,144
2019-06-26,87196,3762337,15.393924,15.429517,15.322738,15.429517,0.035593,71
2019-06-27,105406,4560559,15.358331,15.447314,15.340535,15.393924,-0.035593,71
2019-06-28,228120,9880793,15.46511,15.46511,15.376128,15.393924,0.0,81
2019-07-01,322656,14111427,15.482906,15.660871,15.393924,15.643074,0.24915,169
2019-07-02,202106,8917729,15.732057,15.821039,15.643074,15.71426,0.071186,143
2019-07-03,88110,3858573,15.71426,15.732057,15.518499,15.589685,-0.124575,71
2019-07-04,103054,4547341,15.625278,15.76765,15.625278,15.76765,0.177965,74
2019-07-05,130494,5792031,15.76765,15.856632,15.71426,15.838835,0.071185,100
2019-07-08,557761,25622090,15.981207,16.604082,15.981207,16.479507,0.640672,395
2019-07-09,1118312,52572494,16.906622,16.924418,16.301543,16.301543,-0.177964,626
2019-07-10,913930,42801773,16.5151,16.871029,16.5151,16.710861,0.409318,478
2019-07-11,260455,12267592,16.799843,16.871029,16.604082,16.657472,-0.053389,210
2019-07-12,626322,29759244,16.728658,17.120179,16.693065,16.906622,0.24915,383
2019-07-15,441813,21030527,17.013401,17.013401,16.871029,16.924418,0.017796,295
2019-07-16,901619,43870112,17.084586,17.547294,17.084586,17.209162,0.284744,548
2019-07-17,410193,19667364,17.262551,17.262551,16.835436,17.120179,-0.088983,314
2019-07-18,207146,9925405,17.031197,17.226958,16.942215,16.942215,-0.177964,152
2019-07-19,205503,9875894,17.084586,17.226958,16.977808,17.06679,0.124575,146
2019-07-22,645178,31544248,17.084586,17.56509,17.06679,17.298144,0.231354,333
2019-07-23,557651,27478143,17.440515,17.654073,17.440515,17.511701,0.213557,347
2019-07-24,488308,24184224,17.582887,17.689666,17.547294,17.654073,0.142372,284
2019-07-25,293852,14440037,17.654073,17.654073,17.387126,17.547294,-0.106779,185
2019-07-26,335160,16427436,17.511701,17.511701,17.404922,17.440515,-0.106779,177
2019-07-29,1188310,58837300,17.476108,17.725258,17.476108,17.725258,0.284743,658
2019-07-30,966167,44703579,17.860125,17.994991,17.667459,17.705992,-0.019266,584
2019-07-31,333599,15085755,17.725258,17.802325,17.26286,17.339927,-0.366065,245
2019-08-01,71538,3198160,17.339927,17.339927,17.185794,17.224327,-0.1156,58
2019-08-02,162010,7175443,17.185794,17.205061,16.993128,17.070195,-0.154132,107
2019-08-05,123008,5518010,17.031661,17.43626,17.031661,17.282127,0.211932,92
2019-08-06,100008,4427808,17.147261,17.243594,16.761929,17.243594,-0.038533,75
2019-08-07,81000,3632000,17.147261,17.37846,17.147261,17.359193,0.115599,68
2019-08-08,96039,4324612,17.494059,17.494059,17.243594,17.416993,0.0578,67
2019-08-12,242194,11132929,17.725258,17.879391,17.532593,17.821591,0.404598,168
2019-08-13,204145,9518877,17.763792,18.16839,17.763792,17.840858,0.019267,156
2019-08-14,625066,29676207,17.917924,18.534455,17.898658,18.129857,0.288999,377
2019-08-15,383000,18133600,17.917924,18.515188,17.783058,18.418856,0.288999,257
2019-08-16,141032,6725473,18.380322,18.515188,18.264723,18.303256,-0.1156,113
2019-08-19,262118,12531975,18.572988,18.611521,18.264723,18.303256,0.0,202
2019-08-20,104149,4933904,18.341789,18.457389,18.16839,18.22619,-0.077066,93
2019-08-21,207547,9708542,18.22619,18.22619,17.917924,17.937191,-0.288999,163
2019-08-22,91125,4243480,18.11059,18.11059,17.840858,17.937191,0.0,67
2019-08-23,115088,5280101,17.937191,17.937191,17.532593,17.725258,-0.211933,99
2019-08-26,672005,31220180,18.11059,18.11059,17.648192,17.725258,0.0,198
2019-08-27,68320,3145420,17.860125,17.860125,17.686725,17.725258,0.0,45
2019-08-28,99032,4519291,17.725258,17.725258,17.43626,17.43626,-0.288998,79
2019-08-29,110200,5002498,17.455526,17.744525,17.359193,17.744525,0.308265,81
2019-08-30,140153,6470750,17.763792,17.917924,17.667459,17.667459,-0.077066,107
2019-09-02,169460,7874562,17.667459,18.05279,17.667459,17.975724,0.308265,139
2019-09-03,755027,35358306,18.11059,18.22619,17.840858,17.937191,-0.038533,209
2019-09-04,667365,31710395,17.994991,18.553722,17.937191,18.495922,0.558731,382
2019-09-05,429718,20487446,18.688588,18.688588,18.11059,18.187657,-0.308265,298
2019-09-06,236067,11054473,18.187657,18.457389,17.937191,17.975724,-0.211933,198
2019-09-09,760231,36125953,17.975724,18.630788,17.879391,18.303256,0.327532,422
2019-09-10,89016,4184643,18.418856,18.418856,17.975724,17.975724,-0.327532,79
2019-09-11,599100,28327164,18.438122,18.438122,17.648192,17.725258,-0.250466,180
2019-09-12,289568,13180770,17.725258,17.879391,17.339927,17.397727,-0.327531,219
2019-09-16,386666,17436083,17.455526,17.494059,17.359193,17.37846,-0.019267,108
2019-09-17,195111,8829966,17.416993,17.571126,17.339927,17.416993,0.038533,72
2019-09-18,145046,6544277,17.43626,17.455526,17.359193,17.37846,-0.038533,124
2019-09-19,108050,4871353,17.397727,17.416993,17.339927,17.37846,0.0,98
2019-09-20,97400,4388100,17.43626,17.43626,17.339927,17.339927,-0.038533,89
2019-09-23,89083,4031308,17.37846,17.571126,17.37846,17.37846,0.038533,83
2019-09-24,211532,9457974,17.37846,17.416993,17.108728,17.185794,-0.192666,172
2019-09-25,555157,25086165,17.185794,17.648192,17.012395,17.339927,0.154133,189
2019-09-26,178152,7957203,17.416993,17.43626,17.089461,17.127994,-0.211933,167
2019-09-27,590094,26233218,17.147261,17.301394,17.031661,17.108728,-0.019266,71
2019-10-01,61021,2731732,17.108728,17.339927,17.108728,17.301394,0.192666,49
2019-10-02,395355,17904087,17.282127,17.648192,17.282127,17.609659,0.308265,145
2019-10-03,175347,8096098,17.648192,17.994991,17.37846,17.917924,0.308265,132
2019-10-04,360216,16810233,17.956457,18.11059,17.840858,17.975724,0.0578,98
2019-10-07,1081329,51216926,18.11059,18.495922,17.879391,18.438122,0.462398,428
2019-10-08,889291,43073266,18.476655,18.804187,18.476655,18.688588,0.250466,458
2019-10-09,878013,42718967,19.035386,19.112453,18.438122,18.438122,-0.250466,494
2019-10-14,773651,37703283,18.881254,18.919787,18.534455,18.90052,0.462398,470
2019-10-15,277061,13575139,18.95832,19.035386,18.804187,18.90052,0.0,183
2019-10-16,1910770,97055871,18.881254,20.075782,18.823454,19.382185,0.481665,1214
2019-10-17,1942646,100846592,19.459251,20.345514,19.420718,20.075782,0.693597,992
2019-10-18,933100,47985785,19.844583,20.114315,19.459251,20.037249,-0.038533,449
2019-10-21,473761,24628945,20.037249,20.191381,19.728983,20.191381,0.154132,338
2019-10-22,1038162,55543479,20.229915,20.884978,20.191381,20.730846,0.539465,666
2019-10-23,482361,25615087,20.730846,20.923512,20.229915,20.345514,-0.385332,348
2019-10-24,964103,51307115,20.42258,20.846445,20.037249,20.384047,0.038533,637
2019-10-25,434139,23193107,20.53818,20.730846,20.42258,20.615246,0.231199,327
2019-10-28,588629,31948887,20.846445,21.039111,20.730846,21.000578,0.385332,387
2019-10-29,782298,42807278,21.154711,21.27031,20.884978,21.077644,0.077066,395
2019-10-30,392385,21323724,21.193244,21.193244,20.769379,21.000578,-0.077066,242
2019-10-31,470999,25151747,21.193244,21.193244,20.384047,20.384047,-0.616531,301
2019-11-01,706029,37588747,20.499647,20.923512,20.191381,20.653779,0.269732,316
2019-11-04,199208,10719626,20.692313,21.039111,20.576713,20.653779,0.0,154
2019-11-05,222129,11795737,20.653779,20.692313,20.345514,20.499647,-0.154132,177
2019-11-06,153044,8083610,20.53818,20.53818,20.268448,20.306981,-0.192666,120
2019-11-07,618100,33206747,20.615246,21.000578,20.384047,20.730846,0.423865,379
2019-11-08,241100,12830707,20.730846,20.730846,20.306981,20.499647,-0.231199,181
2019-11-11,367032,19520600,20.53818,20.692313,20.306981,20.499647,0.0,132
2019-11-12,212147,11385391,20.461114,20.923512,20.42258,20.53818,0.038533,143
2019-11-13,209011,11191185,20.576713,20.807912,20.499647,20.576713,0.038533,147
2019-11-14,729500,37788998,20.576713,20.615246,19.728983,19.844583,-0.73213,476
2019-11-15,363064,18928538,19.844583,20.306981,19.844583,20.191381,0.346798,202
2019-11-18,97132,5078375,20.152848,20.229915,20.037249,20.229915,0.038534,91
2019-11-19,117177,6153304,20.229915,20.306981,20.075782,20.229915,0.0,116
2019-11-20,77175,4029029,20.306981,20.345514,19.998716,20.037249,-0.192666,64
2019-11-21,83155,4331273,19.921649,20.191381,19.883116,20.075782,0.038533,65
2019-11-22,55124,2863148,20.075782,20.075782,19.883116,19.998716,-0.077066,47
2019-11-25,160162,8246677,19.998716,20.037249,19.69045,19.69045,-0.308266,124
2019-11-26,179019,9140358,19.536317,19.844583,19.536317,19.80605,0.1156,74
2019-11-27,337300,17828974,19.960182,20.576713,19.960182,20.345514,0.539464,178
2019-11-28,252040,13415027,20.345514,20.807912,20.306981,20.499647,0.154133,109
2019-11-29,232178,12365266,20.53818,20.692313,20.268448,20.384047,-0.1156,117
2019-12-02,158585,8234451,20.268448,20.268448,19.844583,19.921649,-0.462398,101
2019-12-03,485260,25806880,19.921649,20.807912,19.80605,20.576713,0.655064,291
2019-12-04,389577,21032971,20.730846,20.962045,20.615246,20.730846,0.154133,264
2019-12-05,1374287,76348811,21.617109,21.886841,20.962045,20.962045,0.231199,893
2019-12-06,331338,18219218,20.962045,21.462976,20.962045,21.039111,0.077066,254
2019-12-09,235809,12991553,21.27031,21.347377,21.116177,21.116177,0.077066,176
2019-12-10,173174,9458147,21.116177,21.27031,20.923512,21.000578,-0.115599,110
2019-12-11,94630,5159495,20.962045,21.116177,20.884978,21.000578,0.0,80
2019-12-12,227491,12353507,20.807912,21.116177,20.807912,20.884978,-0.1156,114
2019-12-13,307701,16568102,21.077644,21.077644,20.653779,20.653779,-0.231199,172
2019-12-16,142300,7681600,20.730846,20.962045,20.653779,20.692313,0.038534,90
2019-12-17,452525,24696110,20.923512,21.154711,20.846445,21.077644,0.385331,247
2019-12-18,138071,7555861,21.077644,21.154711,21.039111,21.077644,0.0,89
2019-12-19,146027,7974266,21.154711,21.154711,20.962045,21.000578,-0.077066,78
2019-12-20,154082,8443810,21.000578,21.231777,21.000578,21.116177,0.115599,110
2019-12-23,470030,26085327,21.193244,21.771241,21.116177,21.193244,0.077067,292
2019-12-24,151367,8313018,21.347377,21.347377,21.039111,21.039111,-0.154133,96
2019-12-25,266286,14459926,21.116177,21.116177,20.807912,20.807912,-0.231199,148
2019-12-26,159791,8743242,20.846445,21.231777,20.846445,21.154711,0.346799,117
2019-12-27,202338,11187082,21.27031,21.501509,21.193244,21.193244,0.038533,154
2019-12-30,151350,8334750,21.308843,21.38591,21.077644,21.27031,0.077066,105
2019-12-31,222436,12360269,21.424443,21.540042,21.308843,21.540042,0.269732,179
2020-01-02,689317,39251305,21.617109,22.11804,21.617109,21.963907,0.423865,418
2020-01-03,486819,27676523,22.040974,22.349239,21.617109,21.732708,-0.231199,318
2020-01-06,375569,20934975,21.771241,21.771241,21.231777,21.38591,-0.346798,215
2020-01-07,955863,54529791,21.963907,22.349239,21.578576,21.963907,0.577997,592
2020-01-08,691430,39851151,22.11804,22.464838,21.886841,22.00244,0.038533,456
2020-01-09,329390,18825700,22.11804,22.156573,21.809775,22.156573,0.154133,236
2020-01-10,736586,42720688,22.272173,22.541905,21.963907,22.503372,0.346799,460
2020-01-13,322746,18814137,22.657504,22.657504,22.310706,22.387772,-0.1156,231
2020-01-14,244087,14229946,22.503372,22.580438,22.387772,22.503372,0.1156,155
2020-01-15,288425,16737794,22.618971,22.618971,22.233639,22.233639,-0.269733,158
2020-01-16,164483,9496561,22.349239,22.349239,22.156573,22.310706,0.077067,105
2020-01-17,299172,17168653,22.310706,22.310706,22.040974,22.233639,-0.077067,160
2020-01-20,171069,9870467,22.195106,22.387772,22.079507,22.233639,0.0,108
2020-01-30,625277,33671481,20.807912,21.193244,20.461114,20.499647,-1.733992,413
2020-01-31,226635,12237922,20.730846,21.154711,20.653779,20.884978,0.385331,150
2020-02-03,227600,11988378,20.268448,20.53818,20.037249,20.42258,-0.462398,145
2020-02-04,201068,10754604,20.499647,20.730846,20.499647,20.576713,0.154133,117
2020-02-05,190998,10306692,20.730846,20.962045,20.53818,20.807912,0.231199,142
2020-02-06,388053,21460946,21.193244,21.578576,21.000578,21.424443,0.616531,275
2020-02-07,326400,17727900,21.424443,21.424443,20.730846,20.769379,-0.655064,234
2020-02-10,287164,15347157,20.615246,20.730846,20.42258,20.615246,-0.154133,139
2020-02-11,327301,17825254,20.615246,21.27031,20.615246,20.807912,0.192666,198
2020-02-12,162391,8878745,20.884978,21.193244,20.884978,21.039111,0.231199,124
2020-02-13,209243,11501240,21.231777,21.27031,21.116177,21.154711,0.1156,109
2020-02-14,241042,13239001,21.116177,21.308843,21.077644,21.193244,0.038533,110
2020-02-17,176353,9597995,21.039111,21.039111,20.923512,20.923512,-0.269732,113
2020-02-18,169420,9132810,20.846445,20.962045,20.653779,20.653779,-0.269733,131
2020-02-19,128664,6947419,20.692313,20.884978,20.692313,20.846445,0.192666,91
2020-02-20,124353,6728100,20.846445,20.962045,20.807912,20.846445,0.0,86
2020-02-21,207455,11244414,20.884978,20.962045,20.807912,20.962045,0.1156,133
2020-02-24,122515,6575301,20.730846,20.769379,20.615246,20.615246,-0.346799,99
2020-02-25,329212,17389093,20.42258,20.499647,20.268448,20.306981,-0.308265,188
2020-02-26,138027,7314438,20.114315,20.769379,20.114315,20.576713,0.269732,105
2020-02-27,368736,19506690,20.692313,20.846445,20.114315,20.114315,-0.462398,248
2020-03-02,223300,11559218,19.844583,20.268448,19.651917,20.191381,0.077066,188
2020-03-03,208291,11020593,20.42258,20.576713,20.268448,20.345514,0.154133,118
2020-03-04,1177568,64777597,20.807912,21.578576,20.692313,21.000578,0.655064,860
2020-03-05,330232,18256050,21.116177,21.424443,21.116177,21.347377,0.346799,259
2020-03-06,168110,9218350,21.501509,21.501509,20.923512,21.193244,-0.154133,129
2020-03-09,290283,15635783,21.039111,21.231777,20.345514,20.53818,-0.655064,222
2020-03-10,305010,16002348,20.461114,20.461114,19.960182,20.42258,-0.1156,201
2020-03-11,280042,15098134,20.653779,21.039111,20.53818,20.615246,0.192666,193
2020-03-12,491090,25305590,20.306981,20.42258,19.420718,19.651917,-0.963329,347
2020-03-13,700078,32703790,17.725258,18.707854,17.705992,18.534455,-1.117462,457
2020-03-16,494078,23186853,18.534455,18.727121,17.686725,17.744525,-0.78993,330
2020-03-17,368115,16398508,16.954595,17.513326,16.64633,17.455526,-0.288999,271
2020-03-18,497341,22766853,17.532593,17.975724,17.339927,17.917924,0.462398,358
2020-03-19,870083,38405768,17.917924,17.917924,16.453664,16.761929,-1.155995,609
2020-03-20,402063,18587829,17.339927,18.11059,17.339927,17.917924,1.155995,279
2020-03-23,242045,10837325,17.416993,17.416993,16.954595,17.26286,-0.655064,164
2020-03-24,239388,11024614,17.43626,17.879391,17.43626,17.744525,0.481665,147
2020-03-25,331150,15734383,18.072057,18.572988,18.05279,18.22619,0.481665,250
2020-03-26,206526,9691307,18.22619,18.264723,17.783058,18.187657,-0.038533,159
2020-03-27,266493,12660542,18.572988,18.688588,18.129857,18.16839,-0.019267,193
2020-03-30,1171120,55520893,18.16839,18.303256,17.783058,18.303256,0.134866,123
2020-03-31,441686,21479801,18.418856,18.95832,18.418856,18.90052,0.597264,303
2020-04-01,447560,22394431,19.073919,19.574851,18.996853,19.208786,0.308266,300
2020-04-06,244059,12159700,19.247319,19.266585,19.01612,19.266585,0.057799,173
2020-04-07,530176,27098305,19.921649,19.960182,19.459251,19.536317,0.269732,344
2020-04-08,210427,10737077,19.574851,19.767517,19.459251,19.651917,0.1156,142
2020-04-09,228643,11629697,19.651917,19.767517,19.459251,19.574851,-0.077066,156
2020-04-10,315250,15964872,19.459251,19.728983,19.266585,19.651917,0.077066,179
2020-04-13,151270,7708870,19.613384,19.767517,19.382185,19.536317,-0.1156,96
2020-04-14,261342,13324584,19.536317,19.80605,19.536317,19.80605,0.269733,166
2020-04-15,1277058,65835067,19.844583,20.268448,19.844583,20.152848,0.346798,193
2020-04-16,133053,6920581,19.998716,20.229915,19.883116,20.152848,0.0,106
2020-04-17,304044,16152808,20.229915,20.730846,20.229915,20.229915,0.077067,195
2020-04-20,151786,8040485,20.229915,20.53818,20.229915,20.345514,0.115599,101
2020-04-21,248500,12894347,20.229915,20.345514,19.728983,19.921649,-0.423865,198
2020-04-22,116302,6006204,19.921649,20.114315,19.613384,20.114315,0.192666,91
2020-04-23,94120,4907879,20.152848,20.229915,19.998716,19.998716,-0.115599,75
2020-04-24,72022,3733341,19.960182,20.037249,19.921649,19.998716,0.0,41
2020-04-27,248161,12937067,20.075782,20.229915,19.960182,20.229915,0.231199,143
2020-04-28,296690,15792812,20.345514,20.615246,20.345514,20.576713,0.346798,180
2020-04-29,389185,21073643,20.730846,20.962045,20.692313,20.923512,0.346799,230
2020-04-30,403277,22207432,21.077644,21.424443,21.000578,21.347377,0.423865,252
2020-05-04,337212,18559542,20.962045,21.694175,20.769379,21.501509,0.154132,236
2020-05-05,341314,19202144,21.578576,21.963907,21.38591,21.617109,0.1156,220
2020-05-06,529454,29802212,21.694175,21.925374,21.38591,21.462976,-0.154133,302
2020-05-07,537452,30758141,21.578576,22.349239,21.578576,22.233639,0.770663,341
2020-05-08,261448,15142637,22.503372,22.618971,22.040974,22.310706,0.077067,212
2020-05-11,812600,48388900,22.503372,23.274035,22.503372,23.004303,0.693597,508
2020-05-12,384764,22902307,23.312568,23.312568,22.618971,22.927236,-0.077067,265
2020-05-13,373495,22251199,22.85017,23.081369,22.773104,23.042836,0.1156,206
2020-05-14,1336046,81288690,23.389635,23.967632,22.811637,23.235502,0.192666,954
2020-05-15,571256,34038829,23.235502,23.351101,22.734571,22.888703,-0.346799,384
2020-05-18,632490,38103395,22.888703,23.389635,22.888703,23.274035,0.385332,318
2020-05-19,375308,22721380,23.428168,23.5823,23.119902,23.274035,0.0,212
2020-05-20,284142,17108477,23.351101,23.351101,23.119902,23.158436,-0.115599,170
2020-05-21,484833,29506913,23.312568,23.543767,23.235502,23.428168,0.269732,303
2020-05-22,359750,21894873,23.543767,23.659367,23.235502,23.312568,-0.1156,237
2020-05-25,1043798,64789408,23.505234,24.468563,23.351101,24.468563,1.155995,532
2020-05-26,1042707,67239374,24.853895,25.200694,24.391497,24.699762,0.231199,620
2020-05-27,632689,40681231,24.738296,25.046561,24.584163,24.584163,-0.115599,352
2020-05-28,792202,51454986,24.699762,25.316293,24.699762,25.16216,0.577997,467
2020-05-29,1617498,109311054,25.16216,26.472288,25.16216,26.433755,1.271595,1084
2020-06-01,1867667,134373379,26.973219,28.707212,26.780554,27.743883,1.310128,1296
2020-06-02,839854,60830792,27.936549,28.398947,27.358551,28.398947,0.655064,592
2020-06-03,1664292,128328281,28.707212,30.633871,28.476013,30.325605,1.926658,1245
2020-06-04,2360898,185948550,30.479738,31.751333,29.477875,29.747608,-0.577997,1759
2020-06-05,1461401,117047194,30.479738,31.443067,29.90174,31.443067,1.695459,1079
2020-06-08,1236919,101457274,32.213731,32.32933,30.788003,31.943998,0.500931,942
2020-06-09,1102636,88676744,31.828399,31.828399,30.325605,30.441205,-1.502793,867
2020-06-10,1149811,89643481,30.710937,30.980669,29.516409,29.786141,-0.655064,840
2020-06-11,1645326,123483990,29.90174,29.978807,28.013615,28.244814,-1.541327,1076
2020-06-12,1399557,103065275,27.551217,29.477875,27.281485,28.899878,0.655064,950
2020-06-15,1401027,103253871,29.092544,29.28521,28.052148,28.052148,-0.84773,997
2020-06-16,824352,60869016,28.43748,28.822812,28.167748,28.360414,0.308266,641
2020-06-17,643822,47123456,28.630146,28.630146,27.898016,28.244814,-0.1156,501
2020-06-18,589773,43350476,28.32188,28.745745,28.013615,28.43748,0.192666,484
2020-06-19,924285,69624452,28.745745,29.400809,28.630146,29.092544,0.655064,762
2020-06-22,490848,36847742,29.246676,29.246676,28.707212,28.976944,-0.1156,361
2020-06-23,1183650,90483427,29.28521,30.094406,28.899878,29.362276,0.385332,909
2020-06-24,343557,26284496,29.323743,29.670541,29.323743,29.400809,0.038533,289
2020-06-29,478057,36024602,29.015477,29.208143,28.899878,29.054011,-0.346798,334
2020-06-30,878728,68095518,29.28521,30.325605,29.28521,30.248539,1.194528,640
2020-07-01,902833,71568088,30.325605,31.096269,30.01734,30.325605,0.077066,634
2020-07-02,582761,46083090,30.364138,30.710937,30.287072,30.402672,0.077067,313
2020-07-03,1281889,100421483,30.595337,30.788003,29.863207,29.863207,-0.539465,762
2020-07-06,569939,44306452,30.171473,30.248539,29.786141,29.940274,0.077067,435
2020-07-07,1597037,127674720,30.903603,31.443067,30.364138,30.479738,0.539464,1239
2020-07-08,826808,65585573,30.74947,30.826536,30.364138,30.672404,0.192666,548
2020-07-09,688812,54853811,30.672404,30.826536,30.518271,30.710937,0.038533,415
2020-07-10,1273877,100459302,30.942136,30.942136,30.055873,30.364138,-0.346799,795
2020-07-13,1415036,106411739,30.417041,31.314058,30.29472,30.98787,0.623732,810
2020-07-14,664291,49863125,31.191738,31.191738,30.1724,30.253947,-0.733923,461
2020-07-15,424288,31411412,30.1724,30.457814,29.968532,30.009306,-0.244641,297
2020-07-16,215218,15948973,30.050079,30.417041,29.886985,30.29472,0.285414,171
2020-07-17,447654,32826740,30.457814,30.457814,29.520024,29.642344,-0.652376,349
2020-07-20,328687,23855651,29.642344,30.009306,28.989968,29.764665,0.122321,233
2020-07-21,707682,52998523,29.927759,30.906323,29.927759,30.539361,0.774696,437
2020-07-22,286715,21484033,30.539361,30.824776,30.376267,30.417041,-0.12232,189
2020-07-23,569477,43196152,30.539361,31.191738,30.457814,30.98787,0.570829,424
2020-07-24,845400,65437055,31.069417,32.007208,31.028644,31.354832,0.366962,605
2020-07-27,807355,62872755,31.640246,32.007208,31.436379,31.80334,0.448508,523
2020-07-28,2077175,165896691,31.80334,33.230413,31.80334,32.822678,1.019338,1383
2020-07-29,1980182,163974452,32.659584,34.779807,32.578037,34.657486,1.834808,1359
2020-07-30,1329023,113767778,34.779807,35.839918,33.719695,35.187542,0.530056,955
2020-07-31,496541,42723626,34.779807,35.472956,34.779807,35.146768,-0.040774,374
2020-08-03,864071,75185740,35.269089,36.043786,35.105995,35.228315,0.081547,581
2020-08-04,499746,43305902,35.350636,35.554503,35.065221,35.309862,0.081547,328
2020-08-05,610673,53612856,35.472956,36.369974,35.472956,35.758371,0.448509,445
2020-08-06,736839,64061201,35.962239,35.962239,35.065221,35.269089,-0.489282,502
2020-08-07,1320258,116185035,35.839918,36.736935,35.146768,36.655388,1.386299,883
2020-08-10,1047960,96371420,37.103897,37.919367,36.900029,37.430085,0.774697,808
2020-08-11,817389,74127339,37.593179,37.83782,36.614615,37.02235,-0.407735,627
2020-08-12,600477,54224746,37.511632,37.511632,36.20688,36.981576,-0.040774,415
2020-08-13,404480,36908464,36.981576,37.633953,36.818482,37.266991,0.285415,347
2020-08-14,1130252,102331220,37.511632,37.633953,36.492294,36.736935,-0.530056,752
2020-08-17,1302712,121322294,37.266991,38.53097,36.818482,38.041688,1.304753,903
2020-08-18,509949,47640527,38.041688,38.327102,37.633953,38.082461,0.040773,398
2020-08-19,2477534,242417890,38.327102,41.181248,38.327102,39.020252,0.937791,1808
2020-08-20,1823514,170886808,39.22412,40.16191,36.492294,38.041688,-0.978564,1432
2020-08-21,1432971,138836429,38.53097,40.569646,38.245555,40.16191,2.120222,1104
2020-08-24,928445,90747259,40.569646,40.773513,39.264893,39.713402,-0.448508,730
2020-08-25,477569,46169093,39.876496,39.876496,39.061026,39.468761,-0.244641,399
2020-08-26,367428,35370288,39.631855,39.672628,39.061026,39.061026,-0.407735,333
2020-08-27,983475,92097020,39.264893,39.34644,37.552406,37.797047,-1.263979,789
2020-08-28,611513,57059407,37.919367,38.53097,37.552406,38.000914,0.203867,453
2020-08-31,374934,35158484,38.164008,38.490196,38.041688,38.286329,0.285415,296
2020-09-01,372095,34726200,38.53097,38.612517,37.7155,38.082461,-0.203868,243
2020-09-02,160223,14925403,38.123235,38.123235,37.83782,38.000914,-0.081547,144
2020-09-03,323458,30193781,38.000914,38.367876,37.797047,37.960141,-0.040773,240
2020-09-04,541769,49658090,37.552406,37.960141,36.818482,37.960141,0.0,462
2020-09-07,685943,64316530,38.123235,38.897932,37.511632,38.367876,0.407735,507
2020-09-08,2509873,244299908,39.34644,40.977381,38.53097,38.734838,0.366962,1901
2020-09-09,429651,40806796,39.101799,39.142573,38.449423,38.734838,0.0,336
2020-09-10,327667,31056965,38.53097,38.897932,38.53097,38.53097,-0.203868,276
2020-09-11,501425,46592362,38.734838,38.734838,37.593179,37.797047,-0.733923,423
2020-09-14,355201,32786293,37.797047,37.919367,37.307765,37.797047,0.0,256
2020-09-15,191041,17869017,38.123235,38.327102,37.919367,38.041688,0.244641,165
2020-09-16,211264,19788875,38.123235,38.367876,37.960141,38.000914,-0.040774,169
2020-09-17,312116,29470589,38.286329,38.897932,38.123235,38.327102,0.326188,233
2020-09-18,245019,22977370,38.204782,38.449423,38.041688,38.204782,-0.12232,204
2020-09-21,327302,30832636,38.286329,38.734838,38.000914,38.449423,0.244641,255
2020-09-22,275006,25664570,38.245555,38.53097,37.797047,38.000914,-0.448509,209
2020-09-23,759244,71971536,38.490196,39.387214,38.000914,38.123235,0.122321,579
2020-09-24,623688,57216947,37.633953,37.878594,37.144671,37.144671,-0.978564,488
2020-09-25,903018,80826395,37.348538,37.7155,35.595277,36.20688,-0.937791,671
2020-09-28,312382,27996151,36.492294,37.307765,36.003012,37.307765,1.100885,258
2020-09-29,147255,13457152,37.593179,37.7155,36.940803,37.02235,-0.285415,125
2020-09-30,129065,11714020,37.063123,37.185444,36.818482,37.063123,0.040773,102
2020-10-05,157360,14397120,37.103897,37.593179,37.063123,37.430085,0.366962,121
2020-10-06,217318,20170576,37.593179,38.000914,37.593179,37.878594,0.448509,177
2020-10-07,493040,46072324,38.204782,38.408649,37.878594,37.960141,0.081547,360
2020-10-08,450134,41447972,38.082461,38.082461,37.02235,37.307765,-0.652376,341
2020-10-12,442956,40035541,37.307765,37.348538,36.614615,36.655388,-0.652377,313
2020-10-13,543387,48203182,36.655388,36.655388,35.921465,36.125333,-0.530055,429
2020-10-14,356275,31591562,36.084559,36.3292,35.962239,36.003012,-0.122321,281
2020-10-15,590596,51394052,35.880692,35.880692,35.269089,35.350636,-0.652376,440
2020-10-16,685261,59983985,35.432183,36.125333,35.350636,35.472956,0.12232,466
2020-10-19,344042,29958916,35.554503,35.676824,35.391409,35.432183,-0.040773,237
2020-10-20,926162,79052832,35.432183,35.432183,34.657486,34.739033,-0.69315,628
2020-10-21,548461,47513159,34.983674,35.636051,34.82058,35.636051,0.897018,382
2020-10-22,510166,44260642,35.472956,35.554503,35.146768,35.228315,-0.407736,355
2020-10-23,220280,19128460,34.983674,35.595277,34.983674,35.269089,0.040774,195
2020-10-26,588827,51832686,35.51373,36.166106,35.432183,36.084559,0.81547,431
2020-10-27,757050,67621653,35.839918,36.777709,35.717598,36.247653,0.163094,585
2020-10-28,638712,57724342,36.533068,37.226218,36.410747,36.736935,0.489282,478
2020-10-29,458286,41308116,36.288427,37.02235,36.084559,36.777709,0.040774,332
2020-10-30,389707,34748979,36.818482,36.818482,35.921465,35.962239,-0.81547,292
2020-11-02,424034,36921775,35.880692,35.962239,35.309862,35.51373,-0.448509,317
2020-11-03,531197,47271028,35.391409,36.818482,35.391409,36.614615,1.100885,386
2020-11-04,750688,68258590,36.736935,37.511632,36.3292,37.470859,0.856244,590
2020-11-05,1614272,150674233,37.7155,39.142573,37.348538,37.511632,0.040773,1246
2020-11-06,510497,46744471,37.511632,37.878594,36.940803,37.185444,-0.326188,396
2020-11-09,845725,78984451,37.511632,38.734838,37.307765,38.408649,1.223205,647
2020-11-10,769802,72634908,38.408649,39.061026,37.960141,38.571743,0.163094,600
2020-11-11,628870,59802996,38.979479,38.979479,38.571743,38.571743,0.0,484
2020-11-12,573710,54547376,38.979479,38.979479,38.327102,38.857158,0.285415,386
2020-11-13,1640365,159525440,39.020252,40.16191,39.020252,39.550308,0.69315,1214
2020-11-16,1725748,164763934,40.121137,40.16191,38.367876,38.857158,-0.69315,1297
2020-11-17,1591270,150505218,38.53097,39.101799,38.408649,38.490196,-0.366962,444
2020-11-18,295973,28029063,38.65329,38.897932,38.449423,38.449423,-0.040773,240
2020-11-19,570798,53366535,38.367876,38.408649,37.83782,38.041688,-0.407735,439
2020-11-20,242990,22687879,38.123235,38.408649,37.919367,38.041688,0.0,211
2020-11-23,357801,33392769,38.041688,38.245555,37.83782,38.082461,0.040773,230
2020-11-24,338949,31603902,38.245555,38.490196,37.83782,37.919367,-0.163094,264
2020-11-25,315539,29516239,37.919367,38.490196,37.919367,38.164008,0.244641,235
2020-11-26,266157,24890017,38.123235,38.286329,38.041688,38.204782,0.040774,247
2020-11-27,272997,25534665,38.204782,38.327102,37.919367,38.286329,0.081547,232
2020-11-30,730314,69288668,38.734838,39.061026,38.245555,38.245555,-0.040774,561
2020-12-01,761672,70419158,38.367876,38.449423,37.348538,37.7155,-0.530055,616
2020-12-02,300510,27866506,37.878594,38.041688,37.674726,37.756273,0.040773,232
2020-12-03,422413,39142186,38.123235,38.123235,37.633953,37.756273,0.0,310
2020-12-04,1157657,109364824,38.164008,38.979479,37.919367,38.327102,0.570829,872
2020-12-07,617934,58440411,38.734838,38.897932,38.327102,38.327102,0.0,482
2020-12-08,3021669,265540662,36.696162,36.696162,35.269089,35.51373,-2.813372,2264
2020-12-09,2067498,173821075,34.372072,35.065221,33.882789,34.861354,-0.652376,1466
2020-12-10,763481,65641109,34.69826,35.839918,34.290525,34.902127,0.040773,635
2020-12-11,480348,41361968,34.82058,35.595277,34.779807,35.269089,0.366962,402
2020-12-14,380818,32701072,35.269089,35.350636,34.739033,35.024448,-0.244641,299
2020-12-15,469285,39600019,35.269089,35.269089,34.127431,34.249751,-0.774697,412
2020-12-16,372723,31930494,34.331298,35.228315,34.331298,34.942901,0.69315,288
2020-12-17,248211,21450789,35.228315,35.51373,34.983674,35.024448,0.081547,216
2020-12-18,235797,20227554,35.024448,35.105995,34.779807,35.065221,0.040773,176
2020-12-21,246760,20994312,35.065221,35.065221,34.494392,34.69826,-0.366961,196
2020-12-22,411530,34606379,34.494392,34.739033,33.842016,33.882789,-0.815471,332
2020-12-23,236542,19880608,33.882789,34.575939,33.882789,34.453619,0.57083,190
2020-12-24,185950,15769932,35.065221,35.065221,34.290525,34.453619,0.0,184
2020-12-25,148358,12586075,34.739033,34.902127,34.372072,34.412845,-0.040774,136
2020-12-28,277461,23327767,34.372072,34.453619,34.127431,34.208978,-0.203867,218
2020-12-29,322859,27004299,34.372072,34.535166,33.964336,34.168204,-0.040774,281
2020-12-30,304589,25543307,34.086657,34.372072,33.923563,34.208978,0.040774,167
2020-12-31,400926,34097290,34.208978,35.024448,34.208978,34.657486,0.448508,258
2021-01-04,264413,22581009,34.739033,34.983674,34.616713,34.983674,0.326188,214
2021-01-05,472564,40961563,34.861354,35.554503,34.861354,35.51373,0.530056,377
2021-01-06,1136434,100960401,36.20688,36.655388,35.880692,35.921465,0.407735,796
2021-01-07,439380,39053924,36.20688,36.492294,36.125333,36.247653,0.326188,340
2021-01-08,343401,30367371,36.451521,36.492294,35.880692,35.880692,-0.366961,261
2021-01-11,329416,28814093,35.880692,35.880692,35.51373,35.758371,-0.122321,241
2021-01-12,428855,36997338,35.676824,35.676824,34.902127,34.983674,-0.774697,336
2021-01-13,164536,14208683,35.350636,35.350636,35.024448,35.228315,0.244641,153
2021-01-14,188017,16161127,35.228315,35.228315,34.902127,35.146768,-0.081547,165
2021-01-15,367791,31659562,35.146768,35.472956,34.82058,34.902127,-0.244641,251
2021-01-18,219920,18715242,34.861354,34.942901,34.290525,34.69826,-0.203867,152
2021-01-19,199476,16935222,35.146768,35.146768,34.453619,34.453619,-0.244641,173
2021-01-20,625032,51915572,34.453619,34.453619,33.842016,33.964336,-0.489283,426
2021-01-21,337188,28187648,33.842016,34.535166,33.842016,34.127431,0.163095,237
2021-01-22,286377,23999849,34.127431,34.616713,33.882789,34.535166,0.407735,234
2021-01-25,377095,32146667,34.494392,35.146768,34.249751,35.146768,0.611602,287
2021-01-26,421678,36609047,35.187542,35.962239,35.187542,35.187542,0.040774,317
2021-01-27,215569,18716384,35.350636,35.554503,35.228315,35.432183,0.244641,156
2021-01-28,344499,29786625,34.779807,35.432183,34.412845,35.269089,-0.163094,218
2021-01-29,445063,38866197,35.432183,35.880692,35.391409,35.391409,0.12232,362
2021-02-01,278512,24105354,35.391409,35.51373,34.983674,35.391409,0.0,187
2021-02-02,229113,19917211,35.391409,35.636051,35.065221,35.636051,0.244642,163
2021-02-03,334696,29426337,35.758371,36.003012,35.595277,35.880692,0.244641,223
2021-02-04,459977,40505665,35.758371,36.3292,35.51373,35.962239,0.081547,359
2021-02-05,233676,20519876,35.962239,36.043786,35.595277,35.595277,-0.366962,178
2021-02-17,361877,31868646,35.880692,36.288427,35.595277,36.043786,0.448509,260
2021-02-18,250236,22191041,36.451521,36.451521,36.043786,36.043786,0.0,198
2021-02-19,231562,20425962,36.043786,36.3292,35.758371,35.962239,-0.081547,161
2021-02-22,278586,24417913,36.084559,36.084559,35.51373,35.758371,-0.203868,239
2021-02-23,930415,83327718,35.676824,37.266991,35.676824,37.266991,1.50862,706
2021-02-24,759799,69714025,37.7155,38.123235,36.655388,36.940803,-0.326188,570
2021-02-25,396640,35927594,37.266991,37.470859,36.777709,36.859256,-0.081547,284
2021-02-26,1237975,114117712,36.818482,38.327102,36.696162,37.552406,0.69315,849
2021-03-02,615290,56743738,38.082461,38.123235,37.307765,37.389312,-0.163094,448
2021-03-03,655592,60796006,37.756273,38.204782,37.348538,38.082461,0.693149,498
2021-03-04,792806,74782382,37.919367,39.101799,37.919367,38.164008,0.081547,639
2021-03-05,410348,38591144,38.000914,38.734838,37.7155,38.65329,0.489282,306
2021-03-08,1584602,153727700,39.387214,40.202684,38.897932,39.672628,1.019338,1109
2021-03-09,2136209,211405460,39.427987,41.588983,39.142573,40.651193,0.978565,1400
2021-03-10,1228592,121104931,40.773513,41.181248,39.631855,40.325005,-0.326188,913
2021-03-11,976172,96365622,40.447325,40.773513,39.794949,40.121137,-0.203868,748
2021-03-12,1279209,124067558,40.243458,40.284231,38.65329,39.142573,-0.978564,935
2021-03-15,2502355,252285607,39.754175,42.812189,39.754175,42.608321,3.465748,1724
2021-03-16,2007189,207904747,43.016056,43.627659,41.385116,42.608321,0.0,1522
2021-03-17,3156447,345028959,42.404454,46.277937,42.200586,45.462467,2.854146,2386
2021-03-18,2991611,343820748,45.054732,48.112746,45.054732,48.112746,2.650279,2257
2021-03-19,2216927,257029250,47.297275,48.724348,45.666335,47.908878,-0.203868,1731
2021-03-22,5638867,614792005,47.70501,47.70501,43.219924,43.219924,-4.688954,4248
2021-03-23,2149933,227418238,43.423792,44.239262,41.588983,43.219924,0.0,1634
2021-03-24,725064,77908334,43.016056,44.239262,42.812189,43.423792,0.203868,607
2021-03-25,955378,99390533,43.219924,43.423792,41.792851,41.996719,-1.427073,765
2021-03-26,669634,69252735,41.996719,42.608321,41.792851,42.404454,0.407735,503
2021-03-29,811455,84134209,42.404454,43.016056,41.792851,42.812189,0.407735,596
2021-03-30,413729,43161272,42.812189,42.812189,42.200586,42.404454,-0.407735,359
2021-03-31,410063,43036230,42.608321,43.219924,42.404454,42.812189,0.407735,313
2021-04-01,562073,58853673,42.812189,43.016056,42.404454,42.608321,-0.203868,441
2021-04-06,875685,94063171,43.016056,44.646997,42.812189,44.239262,1.630941,750
2021-04-07,723497,77283380,43.423792,44.035394,43.219924,43.423792,-0.81547,609
2021-04-08,526242,56178417,43.627659,43.831527,43.219924,43.423792,0.0,423
2021-04-09,631911,67312250,43.627659,44.035394,43.016056,43.423792,0.0,520
2021-04-12,775985,81660298,43.423792,43.423792,42.200586,42.608321,-0.815471,621
2021-04-13,586524,61363144,42.404454,43.423792,41.996719,42.608321,0.0,477
2021-04-14,636128,66051635,42.812189,43.219924,41.385116,42.200586,-0.407735,508
2021-04-15,499593,52909146,42.404454,43.627659,42.404454,43.016056,0.81547,431
2021-04-16,453144,48447752,43.423792,43.831527,43.219924,43.831527,0.815471,401
2021-04-19,503886,54184115,44.239262,44.443129,43.423792,43.423792,-0.407735,444
2021-04-20,270670,28848187,43.627659,43.831527,43.219924,43.423792,0.0,273
2021-04-21,371878,39488035,43.627659,43.627659,42.812189,43.016056,-0.407736,346
2021-04-22,1558743,169825359,43.627659,45.870202,43.219924,43.831527,0.815471,1243
2021-04-23,1194744,131853145,44.850864,45.666335,44.035394,45.054732,1.223205,996
2021-04-26,1276111,141542183,46.07407,46.481805,44.035394,44.035394,-1.019338,1033
2021-04-27,578513,63203550,44.443129,45.2586,43.831527,45.2586,1.223206,506
2021-04-28,511016,55800581,45.666335,45.666335,44.035394,44.035394,-1.223206,526
2021-04-29,634986,67857976,44.239262,44.239262,43.219924,43.423792,-0.611602,513
2021-05-03,738537,79403758,43.423792,44.850864,43.219924,43.627659,0.203867,532
2021-05-04,923991,97634987,44.239262,44.850864,41.588983,42.200586,-1.427073,774
2021-05-05,357505,37618788,42.404454,43.627659,42.200586,42.812189,0.611603,295
2021-05-06,799540,86387457,43.627659,44.850864,43.016056,44.443129,1.63094,644
2021-05-07,526155,57760470,44.443129,45.054732,44.239262,45.054732,0.611603,421
2021-05-10,478461,52541978,45.462467,45.666335,44.035394,44.443129,-0.611603,506
2021-05-11,617165,66064484,44.035394,44.850864,42.608321,43.016056,-1.427073,515
2021-05-12,1986900,195906250,42.812189,42.812189,38.734838,39.509534,-3.506522,1608
2021-05-13,899957,85422287,37.919367,39.509534,37.797047,38.857158,-0.652376,771
2021-05-14,728179,70643778,40.325005,40.488099,38.775611,38.979479,0.122321,651
2021-05-17,1133738,101964087,35.880692,38.327102,35.51373,36.288427,-2.691052,859
2021-05-18,743231,69285316,36.533068,38.775611,36.533068,38.286329,1.997902,619
2021-05-19,388761,36098655,38.286329,38.286329,37.430085,37.878594,-0.407735,393
2021-05-20,348532,31840958,37.552406,37.878594,36.859256,37.185444,-0.69315,355
2021-05-21,393467,36032891,37.797047,37.83782,36.981576,37.633953,0.448509,355
2021-05-24,277731,25397020,37.633953,37.633953,37.063123,37.226218,-0.407735,296
2021-05-25,460165,42208729,37.389312,37.633953,37.103897,37.226218,0.0,414
2021-05-26,269869,24779678,37.266991,37.83782,37.103897,37.7155,0.489282,227
2021-05-27,263205,24429343,37.511632,38.123235,37.511632,37.83782,0.12232,231
2021-05-28,456197,42843017,37.960141,39.020252,37.7155,38.775611,0.937791,384
2021-05-31,594746,55835412,38.816385,38.857158,37.960141,38.041688,-0.733923,534
2021-06-01,545529,52189728,38.000914,39.958043,38.000914,39.550308,1.50862,459
2021-06-02,384462,36919870,39.550308,39.550308,38.857158,38.938705,-0.611603,380
2021-06-03,244688,23602298,39.550308,39.550308,38.979479,39.34644,0.407735,221
2021-06-04,169818,16271000,39.264893,39.34644,38.816385,38.938705,-0.407735,169
2021-06-07,318519,30045841,38.938705,38.938705,38.041688,38.53097,-0.407735,283
2021-06-08,120718,11444504,38.53097,38.857158,38.408649,38.65329,0.12232,133
2021-06-09,173753,16336964,38.65329,38.65329,38.164008,38.286329,-0.366961,171
2021-06-10,154713,14504545,38.245555,38.490196,38.123235,38.164008,-0.122321,161
2021-06-11,98648,9279837,38.327102,38.53097,38.204782,38.53097,0.366962,116
2021-06-15,554739,53909400,38.938705,40.080363,38.816385,39.958043,1.427073,450
2021-06-16,308459,29918182,39.958043,39.958043,39.142573,39.142573,-0.81547,337
2021-06-17,203395,19812521,39.550308,39.917269,39.387214,39.713402,0.570829,200
2021-06-18,130885,12702990,39.387214,39.754175,39.387214,39.631855,-0.081547,154
2021-06-21,234148,22790939,39.631855,39.835722,39.468761,39.631855,0.0,229
2021-06-22,431917,42547854,39.835722,40.528872,39.835722,40.03959,0.407735,348
2021-06-23,229081,22426272,40.080363,40.121137,39.631855,39.917269,-0.122321,212
2021-06-24,162277,15822897,39.998816,40.03959,39.672628,39.713402,-0.203867,131
2021-06-25,165210,16186023,39.754175,40.080363,39.754175,39.958043,0.244641,163
2021-06-28,202454,19867755,39.958043,40.284231,39.876496,39.958043,0.0,203
2021-06-29,170043,16586008,40.080363,40.121137,39.550308,39.631855,-0.326188,168
2021-06-30,257548,24931781,39.631855,39.754175,38.734838,39.34644,-0.285415,252
2021-07-01,276212,26506913,39.34644,39.468761,38.857158,38.897932,-0.448508,310
2021-07-02,129677,12430296,39.020252,39.264893,38.938705,39.061026,0.163094,152
2021-07-05,211168,20295956,39.061026,39.387214,38.979479,39.305667,0.244641,180
2021-07-06,429260,42020606,39.468761,40.16191,39.468761,39.917269,0.611602,398
2021-07-07,166545,16307614,39.835722,40.080363,39.754175,39.794949,-0.12232,189
2021-07-08,660303,65888620,40.080363,41.385116,39.876496,41.385116,1.590167,549
2021-07-09,679115,69891544,41.385116,43.016056,40.977381,41.588983,0.203867,541
2021-07-12,366410,37638922,42.404454,42.404454,41.385116,41.588983,0.0,299
2021-07-13,402897,40710128,41.792851,41.792851,40.773513,40.773513,-0.81547,308
2021-07-14,252404,25087331,40.773513,40.977381,40.284231,40.406552,-0.366961,238
2021-07-15,115095,11627824,40.406552,41.588983,40.406552,41.181248,0.774696,140
2021-07-16,752179,78655391,42.404454,43.219924,42.200586,42.812189,1.630941,604
2021-07-19,669588,72030502,43.219924,44.239262,43.219924,43.627659,0.81547,578
2021-07-20,371749,39340117,43.831527,43.831527,42.812189,43.016056,-0.611603,335
2021-07-21,480100,50089141,43.423792,43.423792,42.200586,42.200586,-0.81547,383
2021-07-22,297387,31487968,43.016056,43.831527,42.404454,43.016056,0.81547,252
2021-07-23,382915,40753869,43.016056,43.831527,42.812189,43.627659,0.611603,329
2021-07-26,595402,64625595,44.239262,45.054732,43.627659,43.831527,0.203868,524
2021-07-27,557441,59595658,44.035394,44.239262,42.812189,43.016056,-0.815471,418
2021-07-28,552415,57336118,42.812189,42.812189,41.588983,42.200586,-0.81547,509
2021-07-29,1042903,110197839,42.812189,43.627659,42.404454,43.423792,1.223206,843
2021-07-30,1465727,137050839,43.589632,46.566016,43.589632,44.933806,1.510014,1377
2021-08-02,499723,46296687,44.597762,44.933806,44.213712,44.549756,-0.38405,402
2021-08-03,444111,42324999,44.693774,46.277979,44.693774,45.749911,1.200155,398
2021-08-04,176971,16814716,45.653899,45.89393,45.413868,45.50988,-0.240031,189
2021-08-05,273707,25691130,45.50988,45.605892,44.789787,44.789787,-0.720093,278
2021-08-06,338086,31367030,44.789787,45.557886,44.069694,44.981812,0.192025,315
2021-08-09,222837,20708605,44.981812,44.981812,44.405737,44.453743,-0.528069,227
2021-08-10,192845,17781983,44.453743,44.50175,44.165706,44.165706,-0.288037,203
2021-08-11,314372,29430971,44.165706,45.221843,44.165706,45.029818,0.864112,289
2021-08-12,183822,17228959,45.029818,45.221843,44.645768,44.981812,-0.048006,157
2021-08-13,428669,39488835,44.405737,44.981812,43.781657,43.925675,-1.056137,464
2021-08-16,304259,27499598,44.261719,44.549756,43.013557,43.061564,-0.864111,343
2021-08-17,219686,19790594,42.965551,43.877669,42.965551,42.965551,-0.096013,260
2021-08-18,168762,15091428,42.72552,43.685644,42.485489,43.541626,0.576075,155
2021-08-19,216682,19484780,43.541626,43.973681,42.72552,42.72552,-0.816106,232
2021-08-20,164415,14546127,43.157576,43.205582,42.293464,42.293464,-0.432056,183
2021-08-23,74165,6626050,42.533495,43.013557,42.533495,42.773526,0.480062,101
2021-08-24,216998,19505300,43.10957,43.349601,42.917545,43.205582,0.432056,184
2021-08-25,174492,15980324,43.253588,44.309725,43.205582,44.1177,0.912118,154
2021-08-26,105559,9617497,44.165706,44.357731,43.445613,43.685644,-0.432056,130
2021-08-27,54773,4983225,43.685644,44.069694,43.301595,43.685644,0.0,76
2021-08-30,57046,5213027,43.685644,44.021688,43.685644,44.021688,0.336044,80
2021-08-31,433047,40653911,44.261719,45.50988,44.261719,45.50988,1.488192,409
2021-09-01,76436,7207038,44.837793,45.413868,44.837793,45.317855,-0.192025,111
2021-09-02,117670,11027238,45.461874,45.461874,44.693774,45.029818,-0.288037,140
2021-09-03,535339,50789777,45.173837,45.941936,44.789787,45.605892,0.576074,629
2021-09-06,209021,19577303,45.605892,45.605892,44.549756,44.693774,-0.912118,325
2021-09-07,131548,12321232,45.461874,45.461874,44.741781,44.741781,0.048007,197
2021-09-08,215924,19855370,44.261719,44.549756,43.829663,44.165706,-0.576075,296
2021-09-09,94373,8714804,44.1177,44.549756,44.1177,44.357731,0.192025,150
2021-09-10,126070,11746159,44.357731,44.933806,44.357731,44.741781,0.38405,134
2021-09-13,181928,17035236,44.741781,45.173837,44.453743,44.981812,0.240031,195
2021-09-14,145419,13594446,45.317855,45.317855,44.789787,44.837793,-0.144019,149
2021-09-15,184999,17162273,44.50175,44.693774,44.309725,44.597762,-0.240031,203
2021-09-16,116876,10839714,44.645768,44.645768,44.405737,44.549756,-0.048006,113
2021-09-17,188343,17545797,44.549756,45.077824,44.405737,44.885799,0.336043,194
2021-09-22,233184,21568360,44.021688,44.789787,44.021688,44.693774,-0.192025,364
2021-09-23,372965,34712697,44.645768,44.981812,44.549756,44.837793,0.144019,388
2021-09-24,153365,14400473,44.885799,45.269849,44.885799,45.077824,0.240031,235
2021-09-27,217826,20677266,45.077824,46.085954,45.077824,45.605892,0.528068,251
2021-09-28,1010527,98613006,45.605892,47.574147,45.365861,47.430128,1.824236,1024
2021-09-29,406216,39875819,46.806047,47.91019,46.373992,46.90206,-0.528068,494
2021-09-30,613161,61026397,46.950066,48.486264,46.950066,47.862184,0.960124,652
2021-10-01,381531,37419449,47.334116,47.622153,46.421998,47.334116,-0.528068,447
2021-10-04,319176,31262491,47.334116,47.766171,46.421998,46.806047,-0.528069,416
2021-10-05,326374,31434263,46.710035,46.806047,45.413868,46.614023,-0.192024,707
2021-10-06,206779,20014786,46.662029,47.046078,46.133961,46.325985,-0.288038,1256
2021-10-07,266144,26172130,46.566016,47.574147,46.566016,47.334116,1.008131,733
2021-10-08,125170,12269883,47.52614,47.52614,46.806047,47.142091,-0.192025,432
2021-10-12,182755,17790971,47.142091,47.190097,46.373992,46.806047,-0.336044,445
2021-10-13,115348,11155946,46.758041,46.950066,46.277979,46.325985,-0.480062,641
2021-10-14,111771,10770876,46.470004,46.662029,45.989942,46.325985,0.0,426
2021-10-15,129794,12518939,46.758041,46.758041,46.085954,46.373992,0.048007,586
2021-10-18,112392,10958153,46.806047,46.998072,46.614023,46.806047,0.432055,172
2021-10-19,203898,20057028,46.90206,47.574147,46.90206,46.998072,0.192025,531
2021-10-20,125269,12181353,46.998072,47.046078,46.566016,46.710035,-0.288037,150
2021-10-21,840515,83939766,46.806047,48.966327,46.566016,48.966327,2.256292,785
2021-10-22,386859,38484396,48.006202,48.246233,47.334116,47.478134,-1.488193,427
2021-10-25,104944,10332160,47.478134,47.52614,46.950066,47.52614,0.048006,214
2021-10-26,169716,16909855,47.52614,48.006202,47.52614,47.766171,0.240031,238
2021-10-27,111552,11057748,47.766171,47.958196,47.334116,47.766171,0.0,123
2021-10-28,110922,11010969,47.766171,47.862184,47.478134,47.862184,0.096013,95
2021-10-29,313063,31036324,48.246233,48.246233,47.190097,47.622153,-0.240031,514
2021-11-01,155232,15355572,47.670159,47.718165,47.286109,47.52614,-0.096013,758
2021-11-02,196013,19359264,47.52614,47.574147,47.286109,47.478134,-0.048006,188
2021-11-03,106990,10608274,47.814178,47.814178,47.430128,47.718165,0.240031,232
2021-11-04,295929,29731637,47.718165,48.486264,47.718165,47.862184,0.144019,283
2021-11-05,113147,11324459,47.958196,48.486264,47.814178,48.486264,0.62408,175
2021-11-08,857847,89452706,49.446389,50.886575,49.206358,49.446389,0.960125,714
2021-11-09,191167,19769195,49.68642,49.926451,49.446389,49.68642,0.240031,200
2021-11-10,177369,18454010,49.446389,50.166482,49.446389,50.166482,0.480062,206
2021-11-11,613432,65073368,50.406513,51.606668,50.166482,50.646544,0.480062,645
2021-11-12,242078,25604251,50.886575,51.366637,49.926451,50.886575,0.240031,417
2021-11-15,236010,24919053,51.126606,51.126606,50.406513,50.886575,0.0,430
2021-11-16,349039,36138347,50.886575,50.886575,48.006202,49.926451,-0.960124,410
2021-11-17,166854,17383496,49.926451,50.406513,49.68642,50.166482,0.240031,170
2021-11-18,163338,16972586,50.166482,50.406513,49.206358,50.406513,0.240031,350
2021-11-19,125810,13069127,50.166482,50.166482,49.68642,49.68642,-0.720093,140
2021-11-22,232623,23843942,49.68642,49.68642,48.966327,49.446389,-0.240031,273
2021-11-23,130164,13388651,49.446389,49.68642,49.206358,49.446389,0.0,111
2021-11-24,130164,13450638,49.206358,49.926451,49.206358,49.926451,0.480062,231
2021-11-25,95759,9918434,49.926451,50.166482,49.446389,49.926451,0.0,97
2021-11-26,203488,20773851,49.68642,49.68642,48.726296,48.726296,-1.200155,1167
2021-11-29,292174,29326766,48.246233,48.726296,47.814178,48.486264,-0.240032,259
2021-11-30,89165,9054855,49.206358,49.206358,48.486264,48.726296,0.240032,365
2021-12-01,201128,20556714,48.486264,49.446389,48.486264,49.206358,0.480062,240
2021-12-02,199210,20410616,48.966327,49.68642,48.726296,49.446389,0.240031,171
2021-12-03,297817,31059878,49.68642,50.406513,49.446389,49.926451,0.480062,234
2021-12-06,115064,12069728,50.646544,50.646544,49.926451,50.406513,0.480062,159
2021-12-07,623078,66707448,51.846699,52.08673,50.406513,50.646544,0.240031,1239
2021-12-08,562425,59990428,51.126606,51.846699,50.406513,51.846699,1.200155,409
2021-12-09,224996,24173237,52.08673,52.08673,51.126606,51.366637,-0.480062,193
2021-12-10,590877,61880073,50.646544,51.126606,49.68642,50.646544,-0.720093,569
2021-12-13,1505695,167486623,51.126606,55.447164,50.886575,54.006978,3.360434,2100
2021-12-14,652245,73555944,54.006978,55.207133,52.806823,54.48704,0.480062,1289
2021-12-15,368557,41424126,54.48704,54.727071,53.286885,53.766947,-0.720093,344
2021-12-16,462701,51326453,53.526916,54.006978,52.566792,52.806823,-0.960124,707
2021-12-17,309323,34297686,53.046854,53.766947,52.566792,52.806823,0.0,342
2021-12-20,193907,21095877,53.046854,53.286885,51.846699,51.846699,-0.960124,934
2021-12-21,111677,12052865,51.366637,52.326761,51.366637,51.846699,0.0,137
2021-12-22,349048,38155076,52.08673,53.526916,51.606668,51.846699,0.0,945
2021-12-23,183329,19811723,52.08673,52.326761,51.606668,52.08673,0.240031,251
2021-12-24,124083,13361648,51.846699,51.846699,51.366637,51.606668,-0.480062,339
2021-12-27,109262,11770395,51.846699,51.846699,51.366637,51.846699,0.240031,1014
2021-12-28,109237,11875855,51.846699,52.566792,51.606668,52.08673,0.240031,594
2021-12-29,103965,11256077,52.08673,52.326761,51.606668,52.08673,0.0,259
2021-12-30,170555,18534909,52.08673,52.566792,51.846699,52.08673,0.0,412
2022-01-03,289385,31617173,52.08673,53.286885,52.08673,52.326761,0.240031,228
2022-01-04,246442,27300559,52.806823,53.766947,52.806823,53.046854,0.720093,260
2022-01-05,1413358,162168956,53.526916,56.407288,53.286885,55.687195,2.640341,1236
2022-01-06,921699,107139480,55.207133,56.88735,54.48704,55.687195,0.0,1372
2022-01-07,390019,44934868,55.687195,56.407288,54.48704,54.48704,-1.200155,1275
2022-01-10,176536,20264164,54.727071,55.447164,54.727071,54.967102,0.480062,430
2022-01-11,420739,48932053,54.967102,56.407288,54.967102,55.927226,0.960124,467
2022-01-12,467244,54939901,56.88735,56.88735,55.927226,56.88735,0.960124,1278
2022-01-13,352771,41713909,56.88735,57.367412,56.407288,56.88735,0.0,750
2022-01-14,451290,52124265,56.407288,56.407288,54.727071,55.447164,-1.440186,1214
2022-01-17,425522,48366370,55.687195,55.687195,54.006978,54.48704,-0.960124,1613
2022-01-18,115962,13194944,54.48704,54.967102,54.247009,54.727071,0.240031,1020
2022-01-19,334905,37354464,53.766947,54.247009,52.806823,52.806823,-1.920248,2015
2022-01-20,148260,16575410,53.046854,54.247009,53.046854,54.006978,1.200155,217
2022-01-21,513221,55710492,53.286885,53.286885,51.366637,51.846699,-2.160279,2702
2022-01-24,366535,38820707,52.08673,52.08673,49.926451,51.126606,-0.720093,1196
2022-01-25,251961,26530470,51.126606,51.126606,50.166482,50.406513,-0.720093,314
2022-01-26,213587,22827793,50.646544,51.606668,50.646544,51.366637,0.960124,318
2022-02-07,200748,21867681,51.606668,53.046854,51.606668,53.046854,1.680217,211
2022-02-08,130040,14348851,53.046854,53.286885,52.806823,52.806823,-0.240031,142
2022-02-09,771913,81338923,50.166482,51.366637,49.446389,50.406513,-2.40031,688
2022-02-10,230717,24284277,51.126606,51.126606,50.166482,50.646544,0.240031,198
2022-02-11,376204,39331538,50.646544,50.646544,49.68642,49.926451,-0.720093,345
2022-02-14,288996,29683614,49.68642,49.926451,48.966327,49.206358,-0.720093,294
2022-02-15,272940,28185015,49.206358,50.166482,49.206358,49.206358,0.0,259
2022-02-16,108485,11319695,49.926451,50.406513,49.926451,50.166482,0.960124,368
2022-02-17,104784,10899099,49.68642,50.166482,49.68642,49.926451,-0.240031,111
2022-02-18,73241,7631653,49.446389,50.406513,49.446389,50.406513,0.480062,84
2022-02-21,121359,12653601,50.166482,50.406513,49.446389,49.926451,-0.480062,146
2022-02-22,275677,28419287,49.926451,50.406513,48.966327,49.68642,-0.240031,245
2022-02-23,86136,8972599,49.68642,50.166482,49.68642,49.926451,0.240031,104
2022-02-24,358020,36545427,49.926451,49.926451,48.486264,48.486264,-1.440187,393
2022-02-25,119434,12219480,48.726296,49.68642,48.726296,49.68642,1.200156,154
2022-03-01,139718,14569005,49.926451,50.406513,49.68642,49.68642,0.0,153
2022-03-02,102482,10535353,49.68642,49.68642,49.206358,49.206358,-0.480062,129
2022-03-03,122966,12806488,49.446389,50.406513,49.446389,49.926451,0.720093,132
2022-03-04,180534,18539758,49.926451,49.926451,48.966327,49.206358,-0.720093,156
2022-03-07,572578,56954524,48.726296,48.726296,47.286109,47.478134,-1.728224,610
2022-03-08,259211,25523218,47.52614,47.862184,46.806047,46.998072,-0.480062,327
2022-03-09,191984,19032297,47.238103,48.246233,47.238103,47.52614,0.528068,179
2022-03-10,214461,21633038,48.246233,48.726296,48.006202,48.486264,0.960124,348
2022-03-11,91160,9150101,48.006202,48.486264,48.006202,48.246233,-0.240031,96
2022-03-14,136734,13785848,48.726296,48.726296,48.006202,48.246233,0.0,121
2022-03-15,172462,17133173,48.006202,48.006202,47.52614,47.622153,-0.62408,196
2022-03-16,156140,15430832,47.91019,48.006202,47.286109,47.286109,-0.336044,186
2022-03-17,461066,47266778,47.862184,49.926451,47.862184,49.68642,2.400311,362
2022-03-18,131061,13426367,48.966327,49.68642,48.966327,49.206358,-0.480062,824
2022-03-21,656242,69818798,49.68642,51.846699,49.68642,51.126606,1.920248,586
2022-03-22,399828,42637361,51.366637,51.846699,50.646544,50.646544,-0.480062,529
2022-03-23,328275,35339670,51.126606,52.08673,51.126606,51.846699,1.200155,317
2022-03-24,559076,61195106,51.606668,53.046854,51.606668,52.806823,0.960124,486
2022-03-25,420159,46111429,52.806823,53.526916,52.326761,52.326761,-0.480062,355
2022-03-28,1329307,134800286,48.966327,49.68642,47.430128,48.966327,-3.360434,1177
2022-03-29,233277,23882140,49.446389,49.68642,48.726296,48.966327,0.0,248
2022-03-30,170945,17464589,49.446389,49.446389,48.726296,48.726296,-0.240031,193
2022-03-31,115081,11629096,48.726296,48.726296,48.246233,48.486264,-0.240032,153
2022-04-01,377339,37756430,48.486264,48.486264,47.91019,48.006202,-0.480062,332
2022-04-06,169786,16975556,47.766171,48.246233,47.766171,48.006202,0.0,181
2022-04-07,297646,29779127,48.006202,48.486264,47.862184,48.006202,0.0,304
2022-04-08,148716,14936250,47.958196,48.726296,47.91019,48.006202,0.0,131
2022-04-11,293704,29194863,48.006202,48.246233,47.382122,47.382122,-0.62408,332
2022-04-12,160823,15876359,47.958196,47.958196,47.142091,47.430128,0.048006,165
2022-04-13,227254,22869602,47.52614,48.726296,47.52614,48.726296,1.296168,147
2022-04-14,144442,14734257,48.726296,49.206358,48.726296,48.966327,0.240031,137
2022-04-15,67689,6826971,48.966327,48.966327,48.246233,48.246233,-0.720094,132
2022-04-18,102409,10249882,48.006202,48.486264,47.814178,48.246233,0.0,81
2022-04-19,77431,7757306,48.726296,48.726296,47.958196,48.006202,-0.240031,82
2022-04-20,179210,17853220,47.958196,48.006202,47.52614,47.958196,-0.048006,159
2022-04-21,144831,14476019,48.006202,48.246233,47.862184,47.91019,-0.048006,114
2022-04-22,128742,12851380,47.766171,48.006202,47.766171,47.814178,-0.096012,101
2022-04-25,283491,27759559,47.52614,47.52614,46.806047,46.90206,-0.912118,320
2022-04-26,75493,7406241,46.950066,47.334116,46.950066,47.142091,0.240031,106
2022-04-27,224725,21562208,46.614023,46.614023,45.797917,45.941936,-1.200155,320
2022-04-28,94857,9121329,45.989942,46.325985,45.989942,46.277979,0.336043,126
2022-04-29,60745,5886292,46.325985,46.90206,46.325985,46.421998,0.144019,80
2022-05-03,81141,7820007,46.421998,46.470004,46.181967,46.181967,-0.240031,114
2022-05-04,81690,7917927,46.566016,46.758041,46.373992,46.662029,0.480062,74
2022-05-05,49904,4877710,46.854054,46.950066,46.854054,46.854054,0.192025,68
2022-05-06,80212,7738014,46.181967,46.470004,46.085954,46.373992,-0.480062,109
2022-05-09,284426,27003348,45.89393,46.037948,45.12583,45.12583,-1.248162,308
2022-05-10,101754,9469497,44.645768,45.221843,43.973681,45.173837,0.048007,168
2022-05-11,45768,4312089,44.981812,45.461874,44.981812,45.221843,0.048006,66
2022-05-12,166491,15362989,44.309725,44.741781,44.1177,44.165706,-1.056137,190
2022-05-13,127550,11757401,44.165706,44.645768,44.165706,44.165706,0.0,132
2022-05-16,107945,9975561,44.597762,44.645768,44.165706,44.165706,0.0,117
2022-05-17,48318,4499463,44.261719,45.12583,44.261719,44.981812,0.816106,70
2022-05-18,115734,11128775,44.981812,46.51801,44.981812,46.373992,1.39218,127
2022-05-19,70862,6729336,46.277979,46.277979,45.269849,45.413868,-0.960124,80
2022-05-20,49376,4691313,45.029818,45.845923,45.029818,45.50988,0.096012,58
2022-05-23,32610,3094074,45.701905,45.845923,45.461874,45.461874,-0.048006,61
2022-05-24,37978,3587623,45.269849,45.701905,45.269849,45.269849,-0.192025,59
2022-05-25,53082,5026102,45.50988,45.749911,45.269849,45.317855,0.048006,83
2022-05-26,41406,3930751,45.557886,46.950066,45.221843,45.365861,0.048006,50
2022-05-27,40850,3868249,45.50988,45.653899,45.269849,45.50988,0.144019,56
2022-05-30,71369,6812029,45.797917,45.989942,45.557886,45.989942,0.480062,80
2022-05-31,68098,6571547,46.085954,46.566016,45.941936,46.566016,0.576074,81
2022-06-01,104307,10105387,46.662029,46.758041,46.373992,46.470004,-0.096012,142
2022-06-02,47332,4568988,46.51801,46.51801,46.229973,46.470004,0.0,48
2022-06-06,36088,3481593,46.133961,46.51801,46.037948,46.51801,0.048006,47
2022-06-07,47467,4578673,46.229973,46.51801,46.133961,46.325985,-0.192025,52
2022-06-08,84954,8181814,46.51801,46.51801,46.085954,46.277979,-0.048006,101
2022-06-09,40935,3946861,46.037948,46.51801,46.037948,46.470004,0.192025,50
2022-06-10,54776,5309993,45.89393,46.806047,45.89393,46.710035,0.240031,69
2022-06-13,82057,7862645,46.085954,46.325985,45.845923,46.181967,-0.528068,105
2022-06-14,62467,5949840,45.701905,45.989942,45.50988,45.89393,-0.288037,88
2022-06-15,54248,5209035,45.989942,46.373992,45.749911,46.373992,0.480062,90
2022-06-16,80707,7712421,46.421998,46.421998,45.605892,46.085954,-0.288038,86
2022-06-17,190552,17821777,45.50988,45.50988,44.50175,45.029818,-1.056136,197
2022-06-20,225027,20662710,45.029818,45.029818,43.349601,43.925675,-1.104143,239
2022-06-21,115615,10651182,43.685644,44.837793,43.685644,44.837793,0.912118,105
2022-06-22,132813,12145397,44.645768,44.645768,43.637638,43.73365,-1.104143,155
2022-06-23,139763,12811152,43.73365,44.549756,43.73365,44.213712,0.480062,114
2022-06-24,132703,12472278,44.261719,45.557886,44.261719,45.365861,1.152149,151
2022-06-27,66312,6288185,45.50988,45.89393,45.173837,45.269849,-0.096012,89
2022-06-28,36955,3446916,44.837793,44.981812,44.597762,44.981812,-0.288037,75
2022-06-29,79571,7339926,44.597762,44.741781,44.1177,44.165706,-0.816106,401
2022-06-30,189867,17108867,44.165706,44.165706,42.677514,43.253588,-0.912118,231
2022-07-01,198376,17635775,42.773526,43.10957,42.341471,42.341471,-0.912117,211
2022-07-04,127731,11211871,42.72552,42.869539,41.71739,41.813402,-0.528069,142
2022-07-05,64530,5735765,42.293464,44.069694,42.053433,42.773526,0.960124,78
2022-07-06,129740,11356126,42.197452,42.677514,41.71739,42.629508,-0.144018,135
2022-07-07,97764,8624887,42.773526,42.773526,42.005427,42.629508,0.0,110
2022-07-08,62185,5488377,42.821533,42.821533,42.197452,42.341471,-0.288037,64
2022-07-11,42834,3761365,42.341471,42.437483,42.005427,42.005427,-0.336044,70
2022-07-12,112984,9735812,41.861409,41.861409,41.093309,41.71739,-0.288037,172
2022-07-13,76177,6698719,42.341471,42.437483,41.957421,42.437483,0.720093,94
2022-07-14,14136,1249852,42.245458,42.533495,42.245458,42.533495,0.096012,22
2022-07-15,55023,4854601,42.437483,42.437483,42.149446,42.389477,-0.144018,120
2022-07-18,120717,10907636,42.629508,43.925675,42.629508,43.877669,1.488192,198
2022-07-19,114737,10581058,43.877669,44.693774,43.685644,44.021688,0.144019,133
2022-07-20,65585,6014338,44.165706,44.549756,43.637638,43.925675,-0.096013,165
2022-07-21,61595,5644120,43.973681,44.165706,43.73365,44.165706,0.240031,63
2022-07-22,62505,5734429,44.213712,44.261719,43.925675,44.1177,-0.048006,78
2022-07-25,126702,11648198,43.973681,44.357731,43.973681,44.309725,0.192025,105
2022-07-26,82246,7564245,44.165706,44.549756,44.021688,44.021688,-0.288037,101
2022-07-27,93559,8580840,44.405737,44.405737,43.925675,44.1177,0.096012,114
2022-07-28,131528,12074514,44.213712,44.213712,43.973681,44.069694,-0.048006,119
2022-07-29,131751,12159338,44.1177,44.405737,44.1177,44.309725,0.240031,141
2022-08-01,412197,39068665,44.405737,46.085954,44.405737,45.413868,1.104143,411
2022-08-02,357007,28527016,45.621237,45.792316,45.39313,45.507183,0.093315,410
2022-08-03,165195,13001261,45.56421,45.56421,44.480706,44.537732,-0.969451,200
2022-08-04,293499,22272015,44.594759,44.594759,42.541803,42.712883,-1.824849,364
2022-08-05,82706,6319361,43.91044,43.91044,43.169095,43.454228,0.741345,101
2022-08-08,67673,5115109,43.454228,43.454228,42.998015,43.169095,-0.285133,86
2022-08-09,66236,5051172,43.340175,43.625307,43.283148,43.625307,0.456212,96
2022-08-10,74393,5683987,43.454228,43.91044,43.340175,43.796387,0.17108,106
2022-08-11,66302,5103444,44.08152,44.138546,43.796387,43.853414,0.057027,89
2022-08-12,145727,11091739,43.340175,43.625307,43.226122,43.397201,-0.456213,140
2022-08-15,76786,5884501,43.511254,43.91044,43.511254,43.625307,0.228106,114
2022-08-16,99309,7585161,43.682334,43.682334,43.340175,43.340175,-0.285132,139
2022-08-17,89360,6748848,43.283148,43.340175,42.883962,42.998015,-0.34216,158
2022-08-18,64200,4820984,42.769909,42.940989,42.712883,42.940989,-0.057026,76
2022-08-19,71742,5408389,42.998015,43.112069,42.883962,42.940989,0.0,93
2022-08-22,114324,8539269,42.655856,42.712883,42.484777,42.541803,-0.399186,143
2022-08-23,115405,8548024,42.199644,42.313697,42.142617,42.199644,-0.342159,116
2022-08-24,183237,13471358,42.25667,42.313697,41.629378,41.686405,-0.513239,193
2022-08-25,53332,3906140,41.971538,41.971538,41.629378,41.800458,0.114053,72
2022-08-26,110506,8115179,41.914511,42.085591,41.629378,42.085591,0.285133,119
2022-08-29,67755,4953276,41.629378,41.800458,41.629378,41.686405,-0.399186,70
2022-08-30,58077,4260063,41.686405,41.914511,41.686405,41.914511,0.228106,77
2022-08-31,97629,7144617,41.857485,41.971538,41.629378,41.686405,-0.228106,102
2022-09-01,187190,13531084,41.629378,41.629378,41.002086,41.230193,-0.456212,201
2022-09-02,105391,7611303,41.287219,41.401272,41.002086,41.116139,-0.114054,244
2022-09-05,173747,12376588,41.230193,41.287219,40.317768,40.488847,-0.627292,296
2022-09-06,131084,9450176,40.94506,41.344246,40.77398,41.173166,0.684319,174
2022-09-07,71937,5172079,41.116139,41.116139,40.888033,41.059113,-0.114053,312
2022-09-08,72384,5255945,41.116139,41.629378,41.116139,41.572352,0.513239,107
2022-09-12,58022,4260097,41.914511,42.028564,41.743431,41.857485,0.285133,91
2022-09-13,105148,7848596,42.028564,43.055042,41.914511,42.826936,0.969451,144
2022-09-14,92973,6930074,42.826936,42.826936,42.199644,42.484777,-0.342159,256
2022-09-15,56208,4183589,42.541803,42.59883,42.25667,42.25667,-0.228107,90
2022-09-16,40608,3002140,41.914511,42.42775,41.914511,42.370723,0.114053,81
2022-09-19,94238,6917368,42.313697,42.370723,41.230193,41.458299,-0.912424,141
2022-09-20,59197,4300197,41.515325,41.914511,41.287219,41.572352,0.114053,85
2022-09-21,47966,3481718,41.572352,41.629378,41.116139,41.515325,-0.057027,71
2022-09-22,52722,3807422,41.059113,41.686405,40.716954,41.686405,0.17108,67
2022-09-23,63678,4684419,41.629378,42.142617,41.629378,42.085591,0.399186,75
2022-09-26,83992,6029069,41.629378,41.629378,40.488847,40.545874,-1.539717,213
2022-09-27,27401,1951557,40.488847,40.831007,40.488847,40.716954,0.17108,151
2022-09-28,141823,9718347,40.488847,40.488847,38.207786,38.321839,-2.395115,275
2022-09-29,49704,3363237,38.321839,38.949131,38.321839,38.721025,0.399186,93
2022-09-30,33235,2221739,37.409414,38.663998,37.409414,38.663998,-0.057027,78
2022-10-03,17738,1205911,38.663998,39.12021,38.663998,39.12021,0.456212,42
2022-10-04,43625,3021896,39.405343,39.690476,39.12021,39.633449,0.513239,66
2022-10-05,29066,2021339,39.918582,39.918582,39.46237,39.519396,-0.114053,102
2022-10-06,32603,2275273,41.002086,41.002086,39.519396,39.804529,0.285133,70
2022-10-07,39344,2719685,39.46237,39.690476,39.234263,39.633449,-0.17108,97
2022-10-11,46802,3168376,40.545874,40.545874,37.922653,39.006157,-0.627292,83
2022-10-12,31999,2185807,39.006157,39.234263,38.549945,39.006157,0.0,41
2022-10-13,60852,4074872,39.063184,39.063184,37.63752,37.63752,-1.368637,193
2022-10-14,143280,9459540,37.8086,38.321839,37.181308,37.580494,-0.057026,145
2022-10-17,79118,5023510,37.124281,37.124281,35.812671,36.382936,-1.197558,164
2022-10-18,78439,5001758,36.382936,36.782122,36.097803,36.496989,0.114053,74
2022-10-19,110365,6986618,37.523467,37.523467,35.869697,36.15483,-0.342159,154
2022-10-20,832462,48394866,35.812671,35.812671,32.562158,32.562158,-3.592672,390
2022-10-21,298835,17358195,33.075397,34.215927,32.619184,33.360529,0.798371,308
2022-10-24,148560,8956908,34.215927,34.957273,33.816742,34.272954,0.912425,159
2022-10-25,265404,16518144,35.299432,36.554016,34.558087,34.67214,0.399186,274
2022-10-26,72773,4411459,34.67214,35.014299,33.816742,34.900246,0.228106,99
2022-10-27,138181,8588651,35.470511,35.926724,34.900246,35.071326,0.17108,158
2022-10-28,100076,5994564,34.900246,34.900246,33.702689,33.873768,-1.197558,181
2022-10-31,200008,11650841,34.786193,34.786193,32.961343,32.961343,-0.912425,210
2022-11-01,86770,5044432,32.961343,33.417556,32.904317,33.303503,0.34216,115
2022-11-02,57738,3387135,33.930795,33.930795,33.075397,33.645662,0.342159,150
2022-11-03,171410,10105455,33.588635,34.215927,33.246476,34.215927,0.570265,267
2022-11-04,131168,7842324,34.215927,34.50106,33.816742,34.387007,0.17108,125
2022-11-07,217113,13308364,34.387007,35.413485,34.387007,35.413485,1.026478,161
2022-11-08,176850,10933798,35.128352,35.641591,34.786193,35.584565,0.17108,230
2022-11-09,164954,10327169,35.698618,35.812671,35.356458,35.812671,0.228106,165
2022-11-10,48196,3000346,35.641591,35.641591,35.128352,35.527538,-0.285133,143
2022-11-11,120133,7526569,35.641591,35.926724,35.527538,35.698618,0.17108,174
2022-11-14,36186,2267096,35.755644,35.869697,35.527538,35.755644,0.057026,62
2022-11-15,249227,15350190,35.641591,35.641591,34.786193,35.356458,-0.399186,223
2022-11-16,135501,8344610,35.071326,35.698618,34.843219,35.128352,-0.228106,169
2022-11-17,225766,13730028,34.843219,35.185379,34.444034,35.128352,0.0,177
2022-11-18,137140,8560796,35.128352,36.040777,35.014299,35.641591,0.513239,149
2022-11-21,29247,1817206,35.413485,35.584565,35.299432,35.356458,-0.285133,143
2022-11-22,58998,3661734,35.869697,35.869697,35.014299,35.413485,0.057027,80
2022-11-23,67355,4206199,35.128352,35.755644,35.128352,35.584565,0.17108,80
2022-11-24,70990,4423963,35.356458,35.584565,35.356458,35.527538,-0.057027,88
2022-11-25,175200,10871689,35.527538,35.641591,35.242405,35.242405,-0.285133,140
2022-11-28,139085,8541182,35.242405,35.470511,34.786193,34.900246,-0.342159,118
2022-11-29,393310,23829621,34.729166,35.242405,34.387007,34.843219,-0.057027,236
2022-11-30,155034,9648779,34.957273,36.097803,34.900246,35.926724,1.083505,148
2022-12-01,179252,11402215,35.98375,36.725095,35.98375,36.611042,0.684318,172
2022-12-02,133023,8598850,36.32591,37.352387,36.32591,37.067255,0.456213,160
2022-12-05,109427,7180201,37.067255,37.694547,37.067255,37.63752,0.570265,125
2022-12-06,170628,11250667,37.352387,38.207786,37.352387,37.409414,-0.228106,190
2022-12-07,99138,6457254,36.839149,37.523467,36.782122,36.896175,-0.513239,112
2022-12-08,51008,3304402,37.295361,37.295361,36.725095,36.896175,0.0,61
2022-12-09,61525,3978822,37.067255,37.067255,36.725095,37.010228,0.114053,66
2022-12-12,25748,1668814,37.067255,37.067255,36.782122,36.896175,-0.114053,41
2022-12-13,87938,5746565,37.067255,37.751573,36.782122,37.409414,0.513239,76
2022-12-14,61891,4081727,37.63752,37.751573,37.352387,37.523467,0.114053,75
2022-12-15,58640,3874843,37.865626,37.979679,37.352387,37.63752,0.114053,79
2022-12-16,73040,4788042,37.63752,37.63752,37.124281,37.466441,-0.171079,78
2022-12-19,60476,3954432,37.409414,37.466441,37.067255,37.352387,-0.114054,68
2022-12-20,88121,5718664,37.067255,37.295361,36.611042,37.067255,-0.285132,96
2022-12-21,83343,5378477,36.782122,37.067255,36.32591,37.010228,-0.057027,122
2022-12-22,129075,8436000,37.181308,37.580494,36.496989,37.352387,0.342159,132
2022-12-23,149880,9745300,36.839149,37.352387,36.839149,37.352387,0.0,101
2022-12-26,43583,2815019,37.295361,37.295361,36.554016,36.554016,-0.798371,284
2022-12-27,25151,1620710,36.611042,36.839149,36.611042,36.725095,0.171079,47
2022-12-28,56925,3656663,36.782122,36.839149,36.211857,36.211857,-0.513238,74
2022-12-29,101121,6329499,36.097803,36.439963,35.071326,36.211857,0.0,275
2022-12-30,43430,2754351,36.382936,36.382936,36.040777,36.268883,0.057026,67
2023-01-03,27233,1727908,35.812671,36.32591,35.812671,36.32591,0.057027,33
2023-01-04,11337,728139,36.896175,36.896175,36.496989,36.496989,0.171079,38
2023-01-05,72896,4690386,37.010228,37.63752,36.382936,36.611042,0.114053,93
2023-01-06,25370,1627664,36.496989,37.010228,36.382936,36.782122,0.17108,35
2023-01-09,43638,2825532,37.409414,37.409414,36.611042,37.010228,0.228106,65
2023-01-10,67780,4373157,37.067255,37.067255,36.496989,36.896175,-0.114053,190
2023-01-11,34164,2215102,37.067255,37.067255,36.839149,37.067255,0.17108,48
2023-01-12,45222,2929005,37.067255,37.067255,36.839149,37.010228,-0.057027,76
2023-01-13,28294,1834214,36.953202,37.067255,36.782122,37.067255,0.057027,95
2023-01-16,70612,4598129,37.067255,37.295361,36.953202,37.238334,0.171079,78
2023-01-17,45620,3003931,37.295361,37.694547,37.295361,37.63752,0.399186,64
2023-01-30,81129,5399002,38.093733,38.492918,37.751573,37.922653,0.285133,122
2023-01-31,126452,8553931,37.922653,39.063184,37.922653,38.949131,1.026478,240
2023-02-01,24068,1635831,38.949131,38.949131,38.663998,38.721025,-0.228106,457
2023-02-02,42619,2894753,38.721025,39.29129,38.492918,39.006157,0.285132,92
2023-02-03,27211,1862695,38.835078,39.348317,38.663998,39.348317,0.34216,55
2023-02-06,18960,1309570,39.348317,39.633449,39.348317,39.348317,0.0,77
2023-02-07,70782,4802427,39.006157,39.234263,38.492918,38.721025,-0.627292,122
2023-02-08,48183,3251102,38.264812,38.721025,38.264812,38.549945,-0.17108,76
2023-02-09,151263,10199177,38.492918,38.549945,38.264812,38.549945,0.0,71
2023-02-10,35326,2380406,38.663998,38.663998,38.207786,38.549945,0.0,48
2023-02-13,50474,3384628,38.321839,38.378865,37.922653,38.207786,-0.342159,61
2023-02-14,50366,3370108,38.264812,38.264812,38.036706,38.150759,-0.057027,107
2023-02-15,32992,2208909,38.207786,38.492918,38.036706,38.321839,0.17108,40
2023-02-16,37775,2542456,38.321839,38.549945,38.150759,38.435892,0.114053,57
2023-02-17,21507,1445376,38.378865,38.435892,38.264812,38.435892,0.0,28
2023-02-20,41936,2815482,38.264812,38.435892,38.093733,38.435892,0.0,55
2023-02-21,36998,2495407,38.435892,38.663998,38.264812,38.663998,0.228106,45
2023-02-22,73521,4933947,38.549945,38.549945,38.093733,38.207786,-0.456212,75
2023-02-23,52203,3540106,38.378865,38.778051,38.378865,38.663998,0.456212,56
2023-02-24,80438,5409108,38.492918,38.606971,38.093733,38.606971,-0.057027,96
2023-03-01,24575,1653924,38.321839,38.606971,38.207786,38.549945,-0.057026,33
2023-03-02,34847,2332569,38.435892,38.492918,37.922653,38.492918,-0.057027,44
2023-03-03,28363,1921664,38.663998,38.721025,38.435892,38.663998,0.17108,38
2023-03-06,81824,5527795,38.663998,38.721025,38.207786,38.435892,-0.228106,105
2023-03-07,96413,6567727,38.435892,39.29129,38.435892,39.29129,0.855398,86
2023-03-08,32716,2242009,39.177237,39.177237,38.892104,39.12021,-0.17108,247
2023-03-09,79093,5361998,38.949131,38.949131,38.492918,38.778051,-0.342159,86
2023-03-10,103425,6927005,38.663998,38.663998,37.979679,38.036706,-0.741345,156
2023-03-13,73628,4875156,37.922653,37.922653,37.63752,37.694547,-0.342159,104
2023-03-14,74692,4916543,37.694547,37.751573,37.352387,37.523467,-0.17108,79
2023-03-15,43934,2894999,37.751573,37.751573,37.295361,37.580494,0.057027,63
2023-03-16,108260,7067466,37.865626,37.865626,36.896175,37.181308,-0.399186,97
2023-03-17,31946,2106992,37.352387,38.378865,37.352387,38.207786,1.026478,45
2023-03-20,38470,2561772,38.207786,38.207786,37.8086,37.979679,-0.228107,47
2023-03-21,12239,815776,37.979679,38.093733,37.922653,37.979679,0.0,52
2023-03-22,82192,5479824,37.979679,38.435892,37.922653,38.150759,0.17108,86
2023-03-23,26435,1769268,37.8086,38.492918,37.694547,38.321839,0.17108,40
2023-03-24,37761,2552464,38.492918,38.663998,38.378865,38.435892,0.114053,56
2023-03-27,74377,5034426,38.492918,38.778051,38.492918,38.549945,0.114053,95
2023-03-28,35697,2413486,38.549945,38.663998,38.492918,38.606971,0.057026,41
2023-03-29,65475,4453032,38.606971,38.949131,38.606971,38.835078,0.228107,55
2023-03-30,43101,2951199,38.892104,39.177237,38.892104,39.063184,0.228106,67
2023-03-31,45354,3108040,39.063184,39.177237,38.892104,39.006157,-0.057027,170
2023-04-06,21066,1443840,39.006157,39.12021,39.006157,39.12021,0.114053,39
2023-04-07,63238,4304526,38.949131,38.949131,38.663998,38.892104,-0.228106,71
2023-04-10,53282,3637660,39.006157,39.063184,38.835078,38.835078,-0.057026,65
2023-04-11,60533,4156155,38.835078,39.633449,38.835078,39.177237,0.342159,74
2023-04-12,38241,2628611,39.348317,39.348317,39.177237,39.177237,0.0,85
2023-04-13,54349,3722130,39.177237,39.177237,38.949131,39.12021,-0.057027,65
2023-04-14,55325,3797228,39.12021,39.234263,39.006157,39.234263,0.114053,58
2023-04-17,64959,4439792,39.12021,39.12021,38.835078,38.892104,-0.342159,91
2023-04-18,105961,7221765,38.778051,39.12021,38.721025,39.12021,0.228106,95
2023-04-19,104262,7091100,39.063184,39.12021,38.549945,38.892104,-0.228106,103
2023-04-20,39222,2669016,38.892104,38.892104,38.663998,38.778051,-0.114053,41
2023-04-21,103243,6974501,38.606971,38.606971,38.435892,38.549945,-0.228106,95
2023-04-24,50176,3379643,38.549945,38.549945,38.321839,38.321839,-0.228106,63
2023-04-25,73557,4925690,38.378865,38.549945,37.979679,38.093733,-0.228106,96
2023-04-26,60648,4068424,38.207786,38.492918,38.036706,38.492918,0.399185,66
2023-04-27,57167,3843023,38.264812,38.378865,38.264812,38.378865,-0.114053,39
2023-04-28,69891,4730211,38.378865,38.778051,38.378865,38.606971,0.228106,79
2023-05-02,51472,3463506,38.606971,38.606971,38.207786,38.435892,-0.171079,117
2023-05-03,25442,1714129,38.435892,38.492918,38.321839,38.378865,-0.057027,137
2023-05-04,79122,5300766,38.264812,38.321839,38.150759,38.207786,-0.171079,189
2023-05-05,64189,4318662,38.321839,38.492918,38.264812,38.492918,0.285132,72
2023-05-08,34382,2320223,38.492918,38.549945,38.435892,38.492918,0.0,193
2023-05-09,94952,6338891,38.492918,38.492918,37.8086,38.207786,-0.285132,198
2023-05-10,90994,6067036,38.207786,38.207786,37.8086,38.093733,-0.114053,81
2023-05-11,98476,6512572,38.207786,38.207786,37.523467,37.751573,-0.34216,142
2023-05-12,68208,4479864,37.63752,37.63752,37.352387,37.523467,-0.228106,110
2023-05-15,128398,8349927,37.295361,37.523467,36.839149,37.523467,0.0,185
2023-05-16,45378,2993801,38.150759,38.150759,37.295361,37.580494,0.057027,62
2023-05-17,97947,6526445,37.409414,38.721025,37.409414,38.093733,0.513239,117
2023-05-18,54626,3657573,38.093733,38.321839,38.093733,38.150759,0.057026,80
2023-05-19,32035,2146131,38.150759,38.321839,38.150759,38.264812,0.114053,45
2023-05-22,55115,3699006,38.264812,38.435892,38.207786,38.321839,0.057027,46
2023-05-23,27217,1824951,38.435892,38.435892,38.150759,38.264812,-0.057027,50
2023-05-24,48758,3269993,38.207786,38.492918,38.093733,38.492918,0.228106,73
2023-05-25,47822,3236231,38.492918,38.778051,38.321839,38.606971,0.114053,68
2023-05-26,63415,4269077,38.549945,38.663998,38.264812,38.378865,-0.228106,203
2023-05-29,24723,1658931,38.150759,38.378865,38.093733,38.264812,-0.114053,45
2023-05-30,25594,1707979,38.093733,38.264812,37.865626,38.036706,-0.228106,54
2023-05-31,42798,2864828,38.150759,38.264812,38.036706,38.264812,0.228106,54
2023-06-01,25027,1677608,38.150759,38.321839,38.150759,38.321839,0.057027,43
2023-06-02,86193,5767392,38.321839,38.321839,37.922653,38.207786,-0.114053,190
2023-06-05,103754,7068448,38.207786,39.29129,38.207786,38.949131,0.741345,130
2023-06-06,166613,11529238,39.29129,39.690476,39.12021,39.633449,0.684318,233
2023-06-07,356292,25648768,39.804529,41.857485,39.804529,41.458299,1.82485,656
2023-06-08,97618,7040213,41.629378,41.686405,40.77398,41.002086,-0.456213,147
2023-06-09,150497,10794551,41.002086,41.002086,40.77398,41.002086,0.0,160
2023-06-12,87926,6310723,41.002086,41.059113,40.77398,41.059113,0.057027,175
2023-06-13,131186,9422787,41.458299,41.458299,40.77398,40.77398,-0.285133,321
2023-06-14,68534,4910018,40.716954,41.173166,40.716954,41.116139,0.342159,93
2023-06-15,89052,6442669,41.002086,41.458299,41.002086,41.401272,0.285133,274
2023-06-16,123310,9003819,41.572352,41.914511,41.458299,41.458299,0.057027,219
2023-06-19,83444,6000667,41.230193,41.230193,40.831007,41.002086,-0.456213,171
2023-06-20,53345,3819713,40.888033,41.002086,40.716954,40.94506,-0.057026,199
2023-06-21,68110,4901498,40.94506,41.572352,40.77398,41.572352,0.627292,302
2023-06-26,11353,818008,41.059113,41.401272,40.94506,41.401272,-0.17108,122
2023-06-27,101055,7205751,41.401272,41.401272,39.405343,40.488847,-0.912425,296
2023-06-28,40798,2903851,40.488847,40.716954,40.488847,40.602901,0.114054,63
2023-06-29,76628,5444238,40.602901,40.888033,40.431821,40.488847,-0.114054,238
2023-06-30,25667,1836068,41.059113,41.059113,40.488847,40.94506,0.456213,148
2023-07-03,58052,4161822,40.94506,41.059113,40.716954,40.888033,-0.057027,353
2023-07-04,93927,6680129,40.831007,40.831007,40.431821,40.488847,-0.399186,299
2023-07-05,91054,6515295,40.488847,41.059113,40.431821,40.831007,0.34216,114
2023-07-06,151972,11049397,41.515325,41.686405,41.116139,41.173166,0.342159,246
2023-07-07,68300,4901804,40.831007,41.173166,40.77398,40.94506,-0.228106,85
2023-07-10,120026,8533802,40.94506,41.173166,39.918582,40.431821,-0.513239,144
2023-07-11,1662246,117971725,40.545874,40.545874,39.861555,40.431821,0.0,128
2023-07-12,85568,6017294,40.032635,40.374794,39.918582,40.374794,-0.057027,112
2023-07-13,115870,8132806,40.374794,40.374794,39.918582,40.146688,-0.228106,157
2023-07-14,70395,4961519,40.146688,40.374794,39.918582,40.260741,0.114053,95
2023-07-17,239846,17032992,40.260741,40.716954,40.260741,40.545874,0.285133,234
2023-07-18,136491,9082971,40.791235,41.220616,40.607214,40.668554,0.12268,209
2023-07-19,91733,6094176,40.729895,40.975255,40.484534,40.545874,-0.12268,119
2023-07-20,41707,2749750,40.545874,40.545874,40.300513,40.423194,-0.12268,87
2023-07-21,41659,2739201,40.484534,40.484534,40.239173,40.300513,-0.122681,80
2023-07-24,139591,9103468,40.177833,40.239173,39.687111,39.748451,-0.552062,138
2023-07-25,140780,8977748,39.932472,39.932472,38.644328,38.951029,-0.797422,186
2023-07-26,75976,4847918,38.951029,39.44175,38.767008,39.25773,0.306701,102
2023-07-27,36586,2361643,39.44175,39.871132,39.31907,39.871132,0.613402,57
2023-07-28,52531,3409537,39.687111,40.116493,39.625771,39.809792,-0.06134,56
2023-07-31,137402,8984454,39.625771,40.545874,39.625771,40.423194,0.613402,115
2023-08-01,40477,2643885,40.177833,40.484534,39.871132,39.871132,-0.552062,267
2023-08-02,34719,2267675,40.545874,40.545874,39.871132,39.993812,0.12268,135
2023-08-04,58207,3781816,39.687111,40.116493,39.564431,39.993812,0.0,65
2023-08-07,60176,3963409,39.871132,40.668554,39.871132,40.545874,0.552062,98
2023-08-08,61864,4076933,40.545874,40.607214,40.300513,40.484534,-0.06134,170
2023-08-09,26723,1766649,40.545874,40.668554,40.484534,40.545874,0.06134,45
2023-08-10,27297,1796726,40.423194,40.484534,40.177833,40.300513,-0.245361,45
2023-08-11,38641,2540709,40.239173,40.484534,40.055152,40.361853,0.06134,45
2023-08-14,214468,14385942,40.975255,41.711338,40.852575,41.220616,0.858763,247
2023-08-15,367069,25475404,42.140719,43.183503,41.772678,42.999482,1.778866,414
2023-08-16,110618,7682066,42.999482,42.999482,42.2634,42.570101,-0.429381,179
2023-08-17,136477,9453656,42.876802,42.876802,42.32474,42.44742,-0.122681,525
2023-08-18,155929,10743493,42.44742,42.50876,42.079379,42.079379,-0.368041,232
2023-08-21,96666,6560733,42.140719,42.140719,41.343297,41.588657,-0.490722,215
2023-08-22,67287,4551535,41.465977,41.711338,41.281956,41.711338,0.122681,72
2023-08-23,24889,1687992,41.711338,41.711338,41.465977,41.649998,-0.06134,66
2023-08-24,42422,2868890,41.649998,41.711338,41.343297,41.711338,0.06134,88
2023-08-25,34856,2387027,41.465977,42.32474,41.465977,42.32474,0.613402,58
2023-08-28,21446,1470121,42.018039,42.140719,41.895358,42.140719,-0.184021,67
2023-08-29,37732,2606277,42.018039,42.50876,42.018039,42.50876,0.368041,53
2023-08-30,53421,3725310,42.50876,42.876802,42.50876,42.876802,0.368042,84
2023-08-31,8138,566473,42.631441,42.815462,42.570101,42.692781,-0.184021,85
2023-09-01,39443,2749057,42.692781,42.815462,42.692781,42.815462,0.122681,115
2023-09-04,326396,23651056,42.876802,44.778348,42.876802,44.594327,1.778865,393
2023-09-05,121153,8700990,44.471647,44.594327,43.551544,43.858245,-0.736082,217
2023-09-06,387214,29029257,44.348967,46.925255,44.103606,46.495874,2.637629,498
2023-09-07,135894,10175720,46.005152,46.434533,45.26907,46.005152,-0.490722,437
2023-09-08,103791,7643378,45.575771,45.637111,44.778348,45.33041,-0.674742,374
2023-09-11,118996,8889865,45.33041,46.127832,45.33041,45.821131,0.490721,192
2023-09-12,135451,10185333,46.434533,46.434533,45.637111,46.066492,0.245361,199
2023-09-13,41165,3077636,46.311853,46.311853,45.698451,45.698451,-0.368041,168
2023-09-14,38111,2852586,46.066492,46.066492,45.45309,45.943812,0.245361,56
2023-09-15,63421,4711890,46.005152,46.005152,45.33041,45.51443,-0.429382,167
2023-09-18,31482,2312530,44.962369,45.39175,44.778348,45.207729,-0.306701,60
2023-09-19,23846,1750771,44.962369,45.085049,44.839688,45.085049,-0.12268,44
2023-09-20,31199,2302402,44.839688,45.575771,44.839688,45.575771,0.490722,64
2023-09-21,35716,2622867,45.39175,45.39175,44.901028,45.085049,-0.490722,193
2023-09-22,93257,6817238,44.839688,45.33041,44.594327,44.778348,-0.306701,410
2023-09-25,27202,1986890,44.778348,45.085049,44.594327,45.085049,0.306701,175
2023-09-26,14765,1082284,45.759791,45.759791,44.471647,44.901028,-0.184021,105
2023-09-27,22292,1633857,44.901028,45.146389,44.901028,45.023709,0.122681,35
2023-09-28,33491,2463478,45.085049,45.33041,45.023709,45.33041,0.306701,49
2023-10-02,48462,3605327,45.33041,45.943812,45.33041,45.943812,0.613402,135
2023-10-03,50653,3805787,45.943812,46.189173,45.943812,46.127832,0.18402,195
2023-10-04,51963,3870755,46.127832,46.127832,45.33041,45.39175,-0.736082,202
2023-10-05,40218,3005747,45.39175,46.618554,45.39175,45.698451,0.306701,61
2023-10-06,559912,43130866,46.373193,48.45876,45.943812,46.863915,1.165464,1002
2023-10-11,201683,15617986,47.293296,47.968039,46.925255,47.722678,0.858763,312
2023-10-12,610536,49331437,48.39742,50.237626,48.39742,50.237626,2.514948,556
2023-10-13,189246,15396451,49.992265,50.544327,49.440203,49.685564,-0.552062,515
2023-10-16,77467,6193864,49.685564,49.685564,48.765461,48.888142,-0.797422,155
2023-10-17,104965,8395803,49.072162,49.378863,48.704121,48.704121,-0.184021,108
2023-10-18,92618,7379745,48.704121,49.317523,48.39742,49.072162,0.368041,229
2023-10-19,56968,4545387,49.072162,49.194843,48.642781,49.133502,0.06134,101
2023-10-20,92596,7443160,49.133502,49.930925,48.765461,49.501544,0.368042,131
2023-10-23,66129,5345714,49.317523,49.992265,49.256183,49.746904,0.24536,120
2023-10-24,45660,3683724,49.256183,49.685564,49.256183,49.624224,-0.12268,83
2023-10-25,274461,22477226,49.256183,50.851028,49.256183,49.992265,0.368041,221
2023-10-26,48535,3954666,49.378863,50.237626,49.378863,50.053605,0.06134,147
2023-10-27,35194,2849053,50.053605,50.053605,49.440203,49.624224,-0.429381,57
2023-10-30,34987,2831649,49.378863,49.930925,49.378863,49.624224,0.0,46
2023-10-31,58513,4719557,49.624224,49.869585,48.888142,49.072162,-0.552062,221
2023-11-01,65870,5328709,49.808245,50.053605,49.378863,49.746904,0.674742,209
2023-11-02,213546,17572815,49.992265,50.667007,49.992265,50.421647,0.674743,247
2023-11-03,116839,9647386,50.851028,50.851028,50.360306,50.482987,0.06134,143
2023-11-06,191582,15902017,50.482987,51.46443,50.482987,50.973708,0.490721,196
2023-11-07,268523,22689229,50.973708,52.629894,50.973708,52.139172,1.165464,478
2023-11-08,78546,6711080,52.261853,52.629894,52.139172,52.445873,0.306701,157
2023-11-09,105143,8947211,52.445873,52.507214,51.955152,52.077832,-0.368041,140
2023-11-10,107578,9144527,52.077832,52.445873,51.893812,51.955152,-0.12268,109
2023-11-13,270069,22779118,51.52577,52.139172,51.34175,51.40309,-0.552062,317
2023-11-14,114787,9586826,51.771131,51.771131,50.973708,51.157729,-0.245361,594
2023-11-15,190728,16282070,52.077832,52.568554,51.893812,52.568554,1.410825,392
2023-11-16,219600,18737998,52.568554,52.875255,51.771131,52.323193,-0.245361,555
2023-11-17,73673,6278930,52.445873,52.445873,52.139172,52.384533,0.06134,84
2023-11-20,36789,3136065,52.384533,52.507214,52.077832,52.200513,-0.18402,258
2023-11-21,94363,8065267,52.139172,52.752574,52.016492,52.445873,0.24536,158
2023-11-22,48030,4118626,52.691234,52.691234,52.445873,52.691234,0.245361,85
2023-11-23,31951,2744211,52.752574,52.752574,52.507214,52.752574,0.06134,102
2023-11-24,113064,9820960,52.875255,53.672677,52.752574,53.549997,0.797423,165
2023-11-27,133447,11767930,53.979378,54.40876,53.734018,54.102059,0.552062,496
2023-11-28,121211,10761400,54.040719,54.899481,54.040719,54.59278,0.490721,427
2023-11-29,96147,8543330,54.59278,54.899481,54.224739,54.53144,-0.06134,143
2023-11-30,55226,4895187,54.53144,54.838141,54.163399,54.163399,-0.368041,124
2023-12-01,197671,17718343,54.163399,55.267523,53.979378,55.206182,1.042783,237
2023-12-04,320631,29329263,55.206182,57.046389,55.206182,56.739688,1.533506,425
2023-12-05,337648,31580126,56.862368,57.966492,56.739688,57.843811,1.104123,463
2023-12-06,228697,21242216,57.41443,57.843811,56.432987,57.291749,-0.552062,897
2023-12-07,259039,23683425,57.291749,57.291749,55.206182,55.206182,-2.085567,1023
2023-12-08,217621,19479523,56.126286,56.187626,54.286079,54.4701,-0.736082,281
2023-12-11,121070,10875948,54.838141,55.451543,54.776801,55.390203,0.920103,156
2023-12-12,186724,16655736,55.083502,55.390203,54.163399,55.144842,-0.245361,227
2023-12-13,47970,4290910,54.899481,55.022162,54.776801,55.022162,-0.12268,198
2023-12-14,75250,6822357,55.758244,55.819584,55.328863,55.696904,0.674742,200
2023-12-15,113987,10442922,55.696904,56.739688,55.635564,56.310306,0.613402,170
2023-12-18,153657,14108097,56.248966,57.169069,55.574224,55.819584,-0.490722,163
2023-12-19,128423,11533085,55.144842,55.328863,54.776801,55.083502,-0.736082,134
2023-12-20,126563,11335636,55.328863,55.328863,54.4701,55.083502,0.0,160
2023-12-21,150915,13406724,54.899481,55.083502,54.286079,54.4701,-0.613402,190
2023-12-22,109748,9837465,54.53144,55.390203,54.53144,54.776801,0.306701,140
2023-12-25,81873,7352595,54.776801,55.512883,54.776801,55.512883,0.736082,74
2023-12-26,169452,15552821,56.310306,56.678347,55.574224,56.678347,1.165464,233
2023-12-27,260068,24168645,56.432987,57.230409,56.432987,56.923708,0.245361,281
2023-12-28,197676,18374627,56.923708,57.291749,56.617007,57.107729,0.184021,198
2023-12-29,285846,26756186,56.985048,57.966492,56.985048,57.169069,0.06134,222
2024-01-02,190280,17643953,57.169069,57.291749,56.003605,56.739688,-0.429381,373
2024-01-03,148043,13589523,56.739688,56.739688,55.819584,56.187626,-0.552062,238
2024-01-04,126957,11609642,56.310306,56.371646,55.819584,56.064945,-0.122681,132
2024-01-05,157854,14539044,56.310306,56.801028,56.126286,56.739688,0.674743,131
2024-01-08,1285716,121725604,60.113399,60.113399,55.942265,56.739688,0.0,2798
2024-01-09,299606,27708662,57.659791,57.843811,55.758244,56.555667,-0.184021,490
2024-01-10,272088,25194913,56.739688,57.47577,56.126286,57.35309,0.797423,278
2024-01-11,506299,47969628,57.966492,58.579894,57.47577,57.966492,0.613402,648
2024-01-12,140114,13161640,57.966492,57.966492,57.35309,57.47577,-0.490722,272
2024-01-15,382595,36506445,57.905151,59.193296,57.659791,58.150512,0.674742,772
2024-01-16,218239,20501618,58.150512,58.579894,57.291749,57.47577,-0.674742,311
2024-01-17,326049,29941373,57.107729,57.41443,55.635564,56.187626,-1.288144,384
2024-01-18,276655,25747756,56.187626,58.027832,55.880925,57.721131,1.533505,253
2024-01-19,521191,49782794,57.59845,59.193296,57.53711,58.518553,0.797422,690
2024-01-22,129204,12318617,59.254636,59.254636,57.905151,58.457213,-0.06134,768
2024-01-23,155922,14700822,58.825254,58.825254,57.41443,57.782471,-0.674742,810
2024-01-24,513613,49577200,58.089172,60.726801,57.41443,59.561337,1.778866,492
2024-01-25,93284,9004636,59.561337,59.622677,58.825254,59.131955,-0.429382,128
2024-01-26,83355,8021099,59.499997,59.499997,58.825254,58.886595,-0.24536,119
2024-01-29,63848,6105373,58.763914,58.825254,58.579894,58.641234,-0.245361,278
2024-01-30,100140,9506470,58.886595,58.886595,58.027832,58.273193,-0.368041,444
2024-01-31,92344,8723094,58.273193,58.273193,57.659791,57.843811,-0.429382,245
2024-02-01,222033,21269835,57.966492,59.131955,57.966492,58.334533,0.490722,170
2024-02-02,116181,11032254,58.334533,59.009275,57.843811,58.395873,0.06134,195
2024-02-05,164927,15707345,58.579894,58.763914,58.211852,58.641234,0.245361,142
2024-02-15,665961,65676405,59.131955,61.094842,59.131955,60.910821,2.269587,985
2024-02-16,534983,53740462,61.340203,62.873708,60.788141,61.953605,1.042784,1081
2024-02-19,478794,49397786,61.953605,64.407213,61.953605,62.873708,0.920103,1181
2024-02-20,262540,26584595,63.793811,63.793811,61.340203,61.953605,-0.920103,374
2024-02-21,489786,49446026,62.260306,63.48711,61.340203,62.873708,0.920103,361
2024-02-22,228872,23446841,63.180409,63.793811,61.953605,63.180409,0.306701,262
2024-02-23,244047,25296918,63.180409,64.100512,62.873708,63.180409,0.0,268
2024-02-26,230513,23625271,62.873708,63.793811,61.953605,62.873708,-0.306701,227
2024-02-27,305372,31747113,63.793811,64.407213,63.180409,63.48711,0.613402,314
2024-02-29,197818,20435210,63.48711,63.793811,62.873708,63.180409,-0.306701,201
2024-03-01,309625,32452491,63.180409,65.327316,63.180409,64.100512,0.920103,371
2024-03-04,607411,65897644,65.327316,67.474223,65.020615,66.247419,2.146907,696
2024-03-05,617508,65073978,66.247419,66.55412,63.180409,65.634017,-0.613402,673
2024-03-06,422193,46583141,66.55412,69.007728,65.940718,68.394326,2.760309,1253
2024-03-07,283638,31346988,69.007728,69.007728,66.860821,68.394326,0.0,921
2024-03-08,478710,52132175,68.394326,68.394326,65.327316,65.634017,-2.760309,556
2024-03-11,623006,69944240,66.247419,69.927831,66.247419,69.314429,3.680412,658
2024-03-12,632187,72757956,70.541233,71.461336,69.62113,71.154635,1.840206,614
2024-03-13,537053,62964132,71.768037,72.68814,70.541233,72.68814,1.533505,556
2024-03-14,334049,39102157,72.68814,72.994841,69.927831,72.68814,0.0,429
2024-03-15,348585,40685117,72.381439,72.994841,70.847934,70.847934,-1.840206,638
2024-03-18,1790327,225514920,76.675253,77.902057,74.221645,77.902057,7.054123,1081
2024-03-19,4008673,534048448,82.502573,85.262882,77.902057,81.58247,3.680413,3533
2024-03-20,731492,96070821,80.969068,81.889171,79.435563,80.662367,-0.920103,916
2024-03-21,789904,105175524,80.969068,82.809274,80.048965,81.58247,0.920103,820
2024-03-22,581817,76885830,80.969068,82.502573,79.742264,81.275769,-0.306701,673
2024-03-25,341844,45387589,81.889171,81.889171,80.969068,81.275769,0.0,496
2024-03-26,857501,111530946,81.58247,83.115975,78.208758,79.128862,-2.146907,953
2024-03-27,230647,30010432,80.048965,80.355666,79.128862,79.742264,0.613402,330
2024-03-28,179320,23342607,80.662367,80.662367,79.128862,80.048965,0.306701,463
2024-03-29,444618,57075939,79.742264,79.742264,77.902057,78.822161,-1.226804,664
2024-04-01,580930,76394547,78.822161,81.58247,78.822161,81.58247,2.760309,687
2024-04-02,649160,87430560,82.195872,83.729377,81.58247,83.422676,1.840206,747
2024-04-03,878720,122556537,84.342779,86.796387,82.809274,85.876284,2.453608,1404
2024-04-08,1629296,240112275,88.329892,92.930407,87.103088,89.863397,3.987113,1746
2024-04-09,1350442,193674796,89.556696,90.7835,83.422676,90.170098,0.306701,1360
2024-04-10,1218012,186445255,90.476799,96.304118,90.170098,94.157211,3.987113,1346
2024-04-11,793598,121656540,94.157211,95.690716,92.010304,95.690716,1.533505,1016
2024-04-12,1518804,245979346,95.690716,101.824737,94.770613,100.291231,4.600515,1793
2024-04-15,1985229,335983814,99.98453,106.425252,99.064427,104.278345,3.987114,2189
2024-04-16,2018768,341640722,104.278345,106.118551,98.144324,104.891747,0.613402,2755
2024-04-17,3118521,571353306,104.891747,115.319581,104.891747,110.719066,5.827319,10984
2024-04-18,3488458,669684565,110.719066,121.760302,109.492262,121.760302,11.041236,4224
2024-04-19,4413652,867261595,122.373704,127.587622,114.399478,115.319581,-6.440721,5062
2024-04-22,4120938,759826018,118.386591,122.373704,106.731953,107.958757,-7.360824,8504
2024-04-23,1917054,348852460,112.252571,115.626282,107.652056,113.479375,5.520618,5292
2024-04-24,1271619,235605959,116.853086,116.853086,111.639169,113.172674,-0.306701,4153
2024-04-25,2292422,440836947,113.479375,122.067003,112.865973,118.999993,5.827319,2690
2024-04-26,2261453,445242128,119.306694,125.440715,114.706179,122.373704,3.373711,4685
2024-04-29,1817236,364531553,125.440715,126.667519,120.226797,120.226797,-2.146907,4971
2024-04-30,1247137,241335232,120.840199,120.840199,115.932983,119.613395,-0.613402,3727
2024-05-02,1145284,226196724,119.306694,123.293808,118.693292,120.226797,0.613402,3325
2024-05-03,842190,164754789,120.533498,121.453601,118.386591,120.226797,0.0,2505
2024-05-06,3140738,650207307,123.293808,130.654632,121.1469,126.97422,6.747423,5215
2024-05-07,3678973,723142229,127.894323,127.894323,114.399478,122.067003,-4.907217,10757
2024-05-08,949132,185654371,121.453601,122.373704,117.773189,120.840199,-1.226804,2433
2024-05-09,1798481,368240673,122.067003,128.814426,120.840199,122.987106,2.146907,5677
2024-05-10,1296771,263951029,123.293808,126.667519,122.987106,123.293808,0.306702,2237
2024-05-13,3336021,716593191,125.747416,135.561848,125.747416,135.561848,12.26804,3362
2024-05-14,6591520,1367838694,138.015456,139.855662,122.067003,122.680405,-12.881443,5865
2024-05-15,3386925,662718652,123.293808,125.747416,116.546385,117.773189,-4.907216,15352
2024-05-16,5299150,1101676734,118.386591,129.427828,118.386591,129.121127,11.347938,4224
2024-05-17,3696809,787670290,128.201024,134.028343,126.667519,129.427828,0.306701,4880
2024-05-20,2469873,513753161,131.881436,134.028343,123.90721,126.054117,-3.373711,3365
2024-05-21,1361588,278227601,126.054117,128.201024,123.600509,124.827313,-1.226804,2087
2024-05-22,1356932,278291037,123.600509,127.280921,122.987106,126.054117,1.226804,1799
2024-05-23,1686347,333815223,126.054117,126.054117,119.306694,122.067003,-3.987114,4544
2024-05-24,1443491,279619780,120.226797,120.840199,116.853086,119.920096,-2.146907,1713
2024-05-27,664847,131769577,120.533498,123.293808,118.999993,121.453601,1.533505,1087
2024-05-28,498695,98670649,120.533498,123.293808,120.533498,120.533498,-0.920103,3118
2024-05-29,1170585,235568493,120.533498,126.360818,119.306694,125.134014,4.600516,1191
2024-05-30,3987673,862025509,125.747416,137.402054,125.440715,137.402054,12.26804,5986
2024-05-31,9846685,2330652327,137.402054,150.896899,135.561848,148.749992,11.347938,11037
2024-06-03,4234280,993422157,149.976796,153.043806,138.015456,143.842775,-4.907217,6773
2024-06-04,2664131,636986521,145.37628,150.283497,140.775765,149.363394,5.520619,4327
2024-06-05,5240484,1306594636,153.350507,160.711331,147.216487,149.363394,0.0,5922
2024-06-06,2704369,642095365,149.670095,151.817002,141.082466,144.149476,-5.213918,3420
2024-06-07,2341993,552693777,144.456177,149.670095,140.162363,142.002569,-2.146907,3139
2024-06-11,1566827,356705629,142.002569,143.229373,137.095353,140.162363,-1.840206,4272
2024-06-12,1137005,257638787,140.775765,142.002569,136.481951,140.469064,0.306701,2167
2024-06-13,1242105,287266144,140.162363,144.762878,138.015456,142.30927,1.840206,1555
2024-06-14,1932914,462979886,141.389167,150.283497,141.389167,143.842775,1.533505,4685
2024-06-17,1880984,429821071,144.456177,145.989683,136.788652,137.095353,-6.747422,5170
2024-06-18,3301038,780772096,138.015456,149.976796,138.015456,146.909786,9.814433,5678
2024-06-19,3776052,936910058,151.510301,155.804115,148.443291,152.430404,5.520618,12031
2024-06-20,3252652,781907472,151.510301,153.043806,142.922672,147.216487,-5.213917,3673
2024-06-21,1953145,461538930,149.056693,150.590198,142.30927,144.149476,-3.067011,5286
2024-06-24,1032410,246129545,144.762878,148.749992,143.842775,144.149476,0.0,1219
2024-06-25,720125,169245218,144.456177,146.296384,142.922672,143.229373,-0.920103,1521
2024-06-26,1034567,240211070,143.229373,144.456177,141.082466,143.842775,0.613402,1480
2024-06-27,1723264,393962030,143.842775,143.842775,138.322157,141.082466,-2.760309,2502
2024-06-28,867558,203057045,140.469064,145.989683,140.469064,142.002569,0.920103,1915
2024-07-01,2457121,595913049,142.615971,152.123703,142.615971,149.056693,7.054124,3352
2024-07-02,1379406,336264524,149.976796,152.123703,146.909786,149.056693,0.0,4159
2024-07-03,1189085,291483345,150.283497,152.430404,147.216487,150.283497,1.226804,3271
2024-07-04,1746239,441468718,152.123703,158.564424,150.283497,156.110816,5.827319,6317
2024-07-05,2518288,646432932,157.644321,164.085042,152.123703,153.350507,-2.760309,9124
2024-07-08,1384365,348864716,153.350507,158.257723,152.123703,152.123703,-1.226804,4409
2024-07-09,848508,207094155,151.817002,153.350507,148.13659,148.13659,-3.987113,1963
2024-07-10,2808684,724725451,150.896899,161.938135,150.590198,161.018032,12.881442,2862
2024-07-11,1213665,319477249,162.551537,164.698444,158.871125,161.938135,0.920103,8889
2024-07-12,1150755,296716949,159.791228,163.778341,155.804115,157.030919,-4.907216,2348
2024-07-15,2106133,581050972,164.391743,172.672671,159.177826,172.672671,15.641752,2153
2024-07-16,2760464,838634088,179.113392,189.847927,176.966485,189.847927,17.175256,3452
2024-07-17,7272831,2341278073,208.556689,208.556689,183.407206,186.780917,-3.06701,7626
2024-07-18,7642237,2476489527,187.394319,205.182978,182.180402,201.502566,14.721649,6876
2024-07-19,4986046,1655252953,198.742257,212.850504,196.288649,204.569576,3.06701,5260
2024-07-22,3773253,1259322405,203.342772,211.316998,199.355659,203.342772,-1.226804,3867
2024-07-23,5256096,1872230600,207.943287,223.585039,202.422669,223.585039,20.242267,4459
2024-07-26,7042582,2637951808,224.505142,239.226791,218.371122,219.597926,-3.987113,7304
2024-07-29,5471559,2028834227,229.719059,239.533492,215.917514,226.652049,7.054123,5812
2024-07-30,6631266,1950318227,234.415614,249.015895,226.304348,249.015895,22.363846,8606
2024-07-31,6300777,2004902814,254.288218,271.727442,239.687938,240.904628,-8.111267,8338
2024-08-01,5642983,1756549208,247.393642,261.182795,243.338008,253.477092,12.572464,5999
2024-08-02,6425200,1960689721,249.827022,260.777232,234.415614,238.876811,-14.600281,8893
2024-08-05,1584224,422803880,215.354137,222.654277,215.354137,215.354137,-23.522674,3729
2024-08-06,4085813,1045793033,216.976391,226.304348,195.481533,200.348293,-15.005844,4638
2024-08-07,3179448,821073947,203.187237,215.354137,194.670406,210.487377,10.139084,6084
2024-08-08,2010647,511765864,208.45956,212.515194,199.537167,208.865124,-1.622253,2399
2024-08-09,2671621,719196711,214.948574,223.870967,214.137447,214.137447,5.272323,4196
2024-08-12,1856655,505201447,212.10963,224.276531,212.10963,219.004207,4.86676,4833
2024-08-13,2276365,605319638,223.465404,224.276531,210.89294,214.54301,-4.461197,4769
2024-08-14,3451416,961999831,219.004207,232.793361,217.381954,230.359981,15.816971,3579
2024-08-15,4187280,1205406647,231.982234,239.282375,227.115474,235.226741,4.86676,6524
2024-08-16,4482774,1361789324,242.121318,255.504908,236.848995,240.499065,5.272324,6862
2024-08-19,2707886,821527655,242.932445,250.638148,239.687938,245.771388,5.272323,5845
2024-08-20,4578781,1343496220,246.582515,247.799205,230.765544,236.443431,-9.327957,8509
2024-08-21,3054492,849819049,236.443431,236.443431,221.437587,224.276531,-12.1669,5611
2024-08-22,3808904,1016793221,222.248714,222.248714,208.45956,218.598644,-5.677887,5558
2024-08-23,2457497,639189585,218.598644,219.815334,206.02618,209.270687,-9.327957,6080
2024-08-26,1733194,440632238,209.270687,213.32632,202.37611,202.781673,-6.489014,2744
2024-08-27,1464301,368943515,201.15942,208.865124,199.537167,206.431744,3.650071,2555
2024-08-28,1510770,381486493,206.837307,211.298504,201.15942,202.37611,-4.055634,2373
2024-08-29,1002478,251599194,204.403927,208.45956,201.15942,201.15942,-1.21669,1307
2024-08-30,2743637,709509935,202.781673,215.354137,201.15942,214.137447,12.978027,3024
2024-09-02,4150774,1062447180,215.354137,223.059841,195.07597,201.970547,-12.1669,8239
2024-09-03,3623455,856272003,201.15942,201.564983,188.181393,188.99252,-12.978027,7366
2024-09-04,4196822,928815198,181.692379,186.964703,172.364422,174.392239,-14.600281,14878
2024-09-05,2156852,480751584,178.853436,184.936886,176.825619,179.258999,4.86676,5229
2024-09-06,1410464,306000401,180.881253,182.097943,172.769986,173.175549,-6.08345,8076
2024-09-09,2566637,525102562,167.903226,173.581112,163.847592,164.658719,-8.51683,3353
2024-09-10,2132464,428239416,165.875409,169.525479,159.791959,161.414212,-3.244507,5709
2024-09-11,1537527,302450452,161.414212,163.847592,156.953015,159.791959,-1.622253,4144
2024-09-12,1139558,227933209,163.442029,165.469845,158.575269,161.414212,1.622253,10219
2024-09-13,1565834,323221650,161.414212,169.931042,161.414212,167.903226,6.489014,3257
2024-09-16,647087,132082651,166.686536,168.308789,163.847592,164.253155,-3.650071,3039
2024-09-18,883437,179206595,164.253155,167.497662,161.414212,163.847592,-0.405563,1274
2024-09-19,737519,152219058,163.847592,168.714352,163.847592,167.497662,3.65007,3428
2024-09-20,3141131,592355993,154.925198,158.575269,150.869565,150.869565,-16.628097,6526
2024-09-23,6544050,1144517058,141.541608,146.408368,136.674848,146.002805,-4.86676,12813
2024-09-24,2124748,384428704,143.569425,149.247312,143.569425,146.813932,0.811127,10378
2024-09-25,1361460,249221708,147.625058,150.869565,146.408368,147.625058,0.811126,15136
2024-09-26,2160854,381908145,148.436185,148.841748,141.136045,142.758298,-4.86676,3753
2024-09-27,1331285,236075320,144.380551,145.597241,141.541608,144.786115,2.027817,1496
2024-09-30,1164804,203436417,144.786115,144.786115,140.324918,142.352735,-2.43338,3432
2024-10-01,1369983,234533669,141.136045,142.758298,137.080411,139.513791,-2.838944,1801
2024-10-04,1810413,301126968,139.513791,139.513791,133.024778,133.835904,-5.677887,3378
2024-10-07,1233166,208213676,137.891538,139.108228,134.241468,138.297101,4.461197,1977
2024-10-08,645603,109771599,138.297101,139.108228,136.269285,139.108228,0.811127,2119
2024-10-09,625305,106439280,139.513791,140.730481,136.269285,138.297101,-0.811127,793
2024-10-11,707374,120922398,138.702665,141.541608,137.485975,137.485975,-0.811126,866
2024-10-14,794836,132757477,137.485975,138.702665,134.241468,134.647031,-2.838944,1130
2024-10-15,1066053,174345103,134.241468,136.674848,131.402524,131.402524,-3.244507,1619
2024-10-16,787837,127780878,131.402524,132.213651,129.780271,132.213651,0.811127,913
2024-10-17,384041,62810381,132.213651,134.241468,131.402524,133.024778,0.811127,531
2024-10-18,422220,68215340,133.024778,133.024778,130.185834,130.185834,-2.838944,733
2024-10-21,1129679,180511514,130.185834,131.402524,128.158018,128.969144,-1.21669,1189
2024-10-22,1086962,168720425,128.158018,128.969144,124.507947,125.724638,-3.244506,1789
2024-10-23,832394,129134499,124.507947,127.346891,124.507947,124.913511,-0.811127,1106
2024-10-24,538930,82934971,124.102384,125.724638,124.102384,124.507947,-0.405564,693
2024-10-25,462832,71660489,124.507947,127.346891,124.102384,124.507947,0.0,981
2024-10-28,776849,117968444,124.102384,126.130201,121.263441,122.074567,-2.43338,975
2024-10-29,616575,90699933,122.074567,122.885694,117.613371,117.613371,-4.461196,1017
2024-10-30,668259,98487487,117.613371,121.263441,116.802244,120.857877,3.244506,850
2024-11-01,795102,120216219,119.235624,124.913511,118.424497,124.102384,3.244507,973
2024-11-04,597576,88638870,123.291257,123.696821,118.018934,120.046751,-4.055633,939
2024-11-05,1648999,251802679,127.346891,127.752454,121.263441,122.074567,2.027816,1692
2024-11-06,1089573,164790282,122.074567,126.130201,120.046751,121.669004,-0.405563,1240
2024-11-07,386610,58228153,121.263441,123.696821,120.857877,121.263441,-0.405563,546
2024-11-08,782887,118266454,121.263441,124.913511,120.857877,121.669004,0.405563,877
2024-11-11,2245308,356070856,123.291257,132.619214,122.480131,128.158018,6.489014,2442
2024-11-12,1551457,242028860,126.941328,129.374708,123.696821,126.535764,-1.622254,3876
2024-11-13,804121,126275604,126.941328,128.969144,124.913511,126.941328,0.405564,1148
2024-11-14,1111980,175415089,128.563581,130.185834,126.130201,127.346891,0.405563,1250
2024-11-15,2295748,379179129,127.346891,137.080411,127.346891,133.024778,5.677887,2454
2024-11-18,2154321,352886938,133.835904,135.863721,130.185834,133.430341,0.405563,3477
2024-11-19,3160599,536998562,133.024778,141.947171,130.591398,140.324918,6.894577,3268
2024-11-20,3870988,687281022,140.324918,148.030622,139.513791,144.380551,4.055633,4900
2024-11-21,4105399,729113089,142.758298,149.247312,139.919355,142.352735,-2.027816,7385
2024-11-22,2844559,494951263,142.758298,145.597241,137.891538,139.513791,-2.838944,2927
2024-11-25,1526745,262076306,139.513791,142.352735,137.080411,140.324918,0.811127,1550
2024-11-26,972632,169322073,140.324918,143.163861,137.891538,140.730481,0.405563,1037
2024-11-27,885788,153888184,140.730481,142.758298,139.513791,140.324918,-0.405563,1043
2024-11-28,1585754,265883751,139.513791,139.513791,134.241468,135.052594,-5.272324,2324
2024-11-29,3840714,676540398,133.024778,148.030622,132.619214,146.002805,10.950211,3301
2024-12-02,3202037,587106990,147.625058,150.869565,146.002805,148.030622,2.027817,3100
2024-12-03,1478492,267482425,148.030622,149.247312,144.786115,145.191678,-2.838944,5303
2024-12-04,1296863,233457462,146.813932,148.436185,143.974988,144.786115,-0.405563,1744
2024-12-05,1150841,202822990,145.597241,147.219495,140.730481,140.730481,-4.055634,1572
2024-12-06,1442012,256100609,142.758298,145.597241,141.947171,145.597241,4.86676,1942
2024-12-09,1702214,296144764,143.974988,145.597241,138.702665,139.919355,-5.677886,2148
2024-12-10,1598861,282290882,140.324918,145.597241,139.108228,144.786115,4.86676,1661
2024-12-11,986947,174061347,141.947171,144.786115,141.947171,143.163861,-1.622254,1211
2024-12-12,4987091,919261626,143.974988,152.897382,143.163861,152.897382,9.733521,4933
2024-12-13,7279070,1362687522,153.708508,156.953015,147.625058,150.058438,-2.838944,21831
2024-12-16,4589555,851254213,150.464002,154.114072,147.625058,150.464002,0.405564,6866
2024-12-17,3386757,624972172,148.841748,151.275128,146.408368,150.869565,0.405563,5363
2024-12-18,3003212,560715176,150.869565,152.897382,148.841748,150.869565,0.0,3286
2024-12-19,3920794,735367342,149.652875,155.736325,148.436185,149.652875,-1.21669,4331
2024-12-20,4065280,764334069,151.680692,155.330762,150.058438,152.086255,2.43338,6107
2024-12-23,5199086,1021048872,152.897382,164.253155,152.491818,163.036465,10.95021,8185
2024-12-24,6847657,1455192220,165.469845,179.258999,162.630902,179.258999,16.222534,15794
2024-12-25,8019720,1881537776,182.503506,194.670406,182.503506,192.237026,12.978027,16058
2024-12-26,9945470,2438605767,197.914913,205.215053,190.20921,202.781673,10.544647,12127
2024-12-27,5645427,1317679371,192.237026,197.103787,182.503506,182.503506,-20.278167,7427
2024-12-30,4382946,938063739,176.825619,178.042309,169.931042,170.742169,-11.761337,11268
2024-12-31,3769057,767676857,171.958859,172.364422,160.603085,163.036465,-7.705704,4177
2025-01-02,3295989,687124588,164.253155,174.797802,163.847592,166.686536,3.650071,3533
2025-01-03,2546330,508953762,167.092099,168.308789,157.358579,158.980832,-7.705704,3036
2025-01-06,1856303,358766238,158.575269,159.791959,153.302945,155.736325,-3.244507,2170
2025-01-07,2720853,506054048,156.547452,156.953015,146.813932,147.625058,-8.111267,3186
2025-01-08,3187926,601588944,147.219495,157.358579,146.408368,154.519635,6.894577,3186
2025-01-09,1241753,230484748,152.491818,155.330762,148.030622,148.030622,-6.489013,1570
2025-01-10,3509152,606183145,147.625058,148.841748,135.458158,137.891538,-10.139084,4083
2025-01-13,2162309,356785166,138.297101,139.108228,131.808088,133.430341,-4.461197,2240
2025-01-14,1126057,189966743,134.647031,138.702665,134.647031,136.674848,3.244507,1202
2025-01-15,997399,168047942,136.269285,139.513791,133.835904,135.863721,-0.811127,1148
2025-01-16,824525,138894537,137.485975,139.108228,135.052594,135.863721,0.0,1001
2025-01-17,714765,118685244,136.269285,137.485975,133.024778,133.430341,-2.43338,1041
2025-01-20,642496,106668993,133.835904,136.269285,132.619214,136.269285,2.838944,752
2025-01-21,423516,70764588,135.052594,136.674848,134.647031,135.458158,-0.811127,620
2025-01-22,1462090,252474071,136.674848,143.163861,135.863721,143.163861,7.705703,1726
2025-02-03,723508,126193454,141.947171,144.786115,137.891538,141.136045,-2.027816,1486
2025-02-04,804982,137026553,140.324918,141.541608,136.269285,136.674848,-4.461197,1146
2025-02-05,772978,132804074,137.080411,144.380551,136.269285,141.541608,4.86676,979
2025-02-06,1037555,185357709,141.541608,147.625058,141.541608,143.974988,2.43338,2073
2025-02-07,1071939,191264724,144.786115,146.813932,141.947171,145.597241,1.622253,2106
2025-02-10,1848601,342614227,145.597241,152.491818,145.191678,152.491818,6.894577,2161
2025-02-11,3080684,587295054,153.302945,157.764142,150.058438,155.330762,2.838944,7064
2025-02-12,1154890,217202928,156.547452,156.547452,150.058438,150.058438,-5.272324,5884
2025-02-13,450705,84353506,151.680692,153.302945,150.464002,152.897382,2.838944,661
2025-02-14,466501,87471882,154.114072,154.519635,150.464002,150.464002,-2.43338,698
2025-02-17,532766,99304985,151.680692,152.897382,148.436185,152.086255,1.622253,821
2025-02-18,491757,92766716,152.491818,154.519635,150.869565,154.519635,2.43338,671
2025-02-19,973113,184222424,155.330762,157.358579,150.869565,150.869565,-3.65007,1337
2025-02-20,371281,69898737,151.680692,154.114072,151.275128,152.491818,1.622253,1597
2025-02-21,821412,156491231,154.114072,156.547452,152.086255,153.302945,0.811127,1282
2025-02-24,691849,132261843,153.302945,156.953015,151.680692,156.953015,3.65007,938
2025-02-25,1191042,229268982,156.547452,158.980832,152.897382,157.358579,0.405564,1378
2025-02-26,1357420,265346239,156.547452,162.630902,154.925198,154.925198,-2.433381,1636
2025-02-27,981057,185288983,155.330762,158.575269,151.275128,151.680692,-3.244506,1905
2025-03-03,435235,80807120,149.652875,152.491818,148.841748,152.086255,0.405563,670
2025-03-04,601933,112617098,150.058438,154.519635,147.625058,154.114072,2.027817,1472
2025-03-05,665561,127446048,156.547452,158.575269,153.302945,154.519635,0.405563,1268
2025-03-06,839379,155980437,152.491818,152.897382,148.436185,148.841748,-5.677887,1445
2025-03-07,841537,154652791,148.841748,152.086255,146.002805,152.086255,3.244507,1020
2025-03-10,333243,62036284,152.086255,152.086255,149.652875,150.464002,-1.622253,799
2025-03-11,714107,130828465,148.436185,150.869565,146.408368,147.625058,-2.838944,1319
2025-03-12,891932,159960634,148.841748,150.058438,141.541608,141.541608,-6.08345,2010
2025-03-13,507873,89560821,143.569425,145.597241,141.541608,141.947171,0.405563,775
2025-03-14,547436,94793851,143.163861,143.974988,138.702665,138.702665,-3.244506,955
2025-03-17,1649014,269301527,130.591398,134.647031,130.591398,132.213651,-6.489014,2685
2025-03-18,573397,94420928,133.024778,134.647031,132.213651,133.024778,0.811127,877
2025-03-19,522394,84693391,133.024778,134.647031,129.780271,129.780271,-3.244507,1347
2025-03-20,263558,42750134,131.402524,132.619214,130.996961,130.996961,1.21669,522
2025-03-21,644981,106376488,131.402524,136.674848,130.591398,132.619214,1.622253,910
2025-03-24,308996,51218990,132.619214,135.863721,132.619214,133.835904,1.21669,1595
2025-03-25,425586,69588474,134.241468,134.647031,131.402524,131.808088,-2.027816,747
2025-03-26,317563,51498021,132.213651,133.024778,130.591398,130.996961,-0.811127,494
2025-03-27,187243,30334498,130.591398,132.213651,129.780271,131.402524,0.405563,363
2025-03-28,564508,88881233,131.402524,131.402524,126.130201,126.535764,-4.86676,956
2025-03-31,761146,113214794,122.074567,123.696821,118.424497,118.424497,-8.111267,1280
2025-04-01,432486,64624164,119.235624,123.291257,118.830061,122.885694,4.461197,536
2025-04-02,286645,43065075,122.480131,123.291257,120.857877,122.480131,-0.405563,508
2025-04-07,127385,17324360,110.31323,110.31323,110.31323,110.31323,-12.166901,350
2025-04-08,1613815,202024270,99.36302,107.068724,99.36302,101.390837,-8.922393,1779
2025-04-09,1667447,195430679,101.390837,101.7964,91.251753,91.251753,-10.139084,1871
2025-04-10,204792,25281293,100.174147,100.174147,99.36302,100.174147,8.922394,243
2025-04-11,722795,86436152,96.118513,100.174147,92.874006,99.36302,-0.811127,926
2025-04-14,664756,84157547,101.390837,104.635343,100.985273,103.01309,3.65007,816
2025-04-15,370515,48611848,102.201963,107.474287,102.201963,107.474287,4.461197,952
2025-04-16,376586,48437363,107.474287,107.474287,103.01309,103.01309,-4.461197,619
2025-04-17,312962,39511496,102.201963,103.418653,100.57971,102.201963,-0.811127,372
2025-04-18,594527,73788525,102.201963,103.01309,98.957457,99.36302,-2.838943,616
2025-04-21,397662,47258353,98.957457,99.36302,95.307386,95.307386,-4.055634,595
2025-04-22,431365,50142322,92.874006,95.71295,92.468443,93.685133,-1.622253,488
2025-04-23,536925,63524760,95.71295,96.92964,94.901823,95.71295,2.027817,583
2025-04-24,545240,65001042,96.524077,98.957457,95.307386,95.307386,-0.405564,522
2025-04-25,604145,72462032,96.524077,98.551893,96.118513,97.335203,2.027817,539
2025-04-28,423781,50395127,97.335203,98.14633,95.307386,96.524077,-0.811126,566
2025-04-29,573714,69140038,96.524077,98.957457,95.307386,98.551893,2.027816,603
2025-04-30,630879,75467230,98.551893,98.957457,95.307386,96.92964,-1.622253,614
2025-05-02,1026459,127050769,97.335203,102.201963,97.335203,100.174147,3.244507,1076
2025-05-05,2011753,255065476,102.201963,106.66316,99.36302,100.174147,0.0,1965
2025-05-06,1105619,136827937,100.985273,102.607527,98.551893,100.174147,0.0,1066
2025-05-07,653560,81749748,100.57971,103.418653,99.768583,100.985273,0.811126,682
2025-05-08,315070,39518719,101.7964,102.607527,100.985273,101.390837,0.405564,419
2025-05-09,310994,38867825,101.390837,102.201963,100.57971,102.201963,0.811126,428
2025-05-12,400969,50758004,102.607527,103.824217,101.7964,102.607527,0.405564,456
2025-05-13,418080,53325164,103.418653,104.635343,102.607527,103.01309,0.405563,499
2025-05-14,570726,71875691,103.418653,104.635343,100.985273,102.607527,-0.405563,779
2025-05-15,589688,74142437,101.7964,103.824217,100.57971,103.01309,0.405563,577
2025-05-16,702748,90448761,103.01309,105.852034,103.01309,103.418653,0.405563,833
2025-05-19,497233,63481534,102.201963,104.635343,102.201963,103.01309,-0.405563,559
2025-05-20,461191,59270798,103.418653,105.44647,103.418653,103.418653,0.405563,543
2025-05-21,1617736,214109061,104.22978,109.502104,104.22978,108.690977,5.272324,1630
2025-05-22,867954,112922913,107.87985,107.87985,104.22978,104.635343,-4.055634,1276
2025-05-23,464178,60420406,105.44647,106.66316,104.635343,105.44647,0.811127,516
2025-05-26,330755,42870477,105.44647,105.852034,104.635343,104.635343,-0.811127,391
2025-05-27,496918,63302523,105.040907,105.44647,102.201963,102.201963,-2.43338,661
2025-05-28,576117,72070049,102.201963,103.01309,100.174147,100.174147,-2.027816,671
2025-05-29,365902,45419562,100.57971,101.390837,100.174147,100.174147,0.0,454
2025-06-02,483095,58697347,100.985273,100.985273,96.524077,100.57971,0.405563,660
2025-06-03,852817,107477233,100.985273,103.418653,99.768583,101.7964,1.21669,736
2025-06-04,2972222,362311636,100.985273,103.01309,96.92964,97.335203,-4.461197,2941
2025-06-05,4245368,496363185,96.524077,96.92964,91.657316,95.307386,-2.027817,3216
2025-06-06,2989994,344816100,93.27957,95.307386,92.468443,92.874006,-2.43338,2394
2025-06-09,3144886,354035413,92.874006,93.685133,89.6295,91.251753,-1.622253,2666
2025-06-10,3026051,348589692,91.657316,94.49626,91.251753,94.090696,2.838943,2417
2025-06-11,3367041,395282789,94.49626,96.92964,94.090696,96.118513,2.027817,2381
2025-06-12,2738764,322534116,95.71295,97.335203,94.090696,97.335203,1.21669,1880
2025-06-13,3295056,381338079,96.92964,97.740767,91.657316,91.657316,-5.677887,2811
2025-06-16,1300705,147992481,92.06288,93.27957,90.440626,92.874006,1.21669,1214
2025-06-17,1280106,144161269,92.06288,94.090696,90.440626,90.440626,-2.43338,1511
2025-06-18,1234775,136194518,90.84619,90.84619,88.007246,88.41281,-2.027816,1539
2025-06-19,1824398,192931888,88.41281,88.41281,83.951613,83.951613,-4.461197,2124
2025-06-20,1483316,149570052,84.357176,84.357176,81.031557,81.031557,-2.920056,1619
2025-06-23,1110400,108374407,81.031557,81.031557,78.435951,79.328191,-1.703366,1328
2025-06-24,1061028,105369033,79.165965,81.923796,79.165965,80.22043,0.892239,1119
2025-06-25,1267683,129858591,80.950444,83.951613,80.950444,83.546049,3.325619,1297
2025-06-26,916394,94964986,83.546049,84.762739,83.140486,83.951613,0.405564,975
2025-06-27,1109491,116146148,84.357176,86.790556,83.546049,84.762739,0.811126,991
2025-06-30,954109,98219576,85.573866,85.573866,82.734923,82.734923,-2.027816,1000
2025-07-01,732600,76735619,82.734923,85.97943,82.734923,85.168303,2.43338,798
2025-07-02,527179,55153410,84.357176,85.97943,83.951613,84.762739,-0.405564,595
2025-07-03,820559,86803365,85.168303,86.790556,85.168303,85.573866,0.811127,751
2025-07-04,1595043,170018358,86.384993,89.6295,85.168303,85.573866,0.0,1167
2025-07-07,734179,77762307,85.97943,86.790556,83.951613,85.97943,0.405564,685
2025-07-08,1021283,106492895,85.573866,86.384993,83.546049,83.546049,-2.433381,920
2025-07-09,964934,98538343,83.546049,83.951613,82.329359,82.329359,-1.21669,1001
2025-07-10,694441,70406320,82.734923,83.140486,81.518233,81.923796,-0.405563,725
2025-07-11,1069142,111677350,82.329359,85.97943,82.329359,85.168303,3.244507,920
2025-07-14,1552756,161902121,85.168303,86.790556,83.546049,83.951613,-1.21669,1394
2025-07-15,3055116,280664237,84.04045,84.218126,80.486943,80.486943,-3.46467,3866
2025-07-16,1653029,148065193,80.486943,80.486943,78.887865,78.887865,-1.599078,1864
2025-07-17,979319,88947068,79.687404,81.819508,79.687404,80.042755,1.15489,1108
2025-07-18,1070560,95319141,80.486943,80.753456,78.443676,78.532514,-1.510241,1634
2025-07-21,466275,41473068,78.621352,79.509729,78.354839,78.710189,0.177675,570
2025-07-22,1469605,126719739,78.887865,78.976702,75.067844,75.334357,-3.375832,1901
2025-07-23,875615,76918037,76.311572,79.420891,76.222734,78.443676,3.109319,973
2025-07-24,818368,73689560,79.509729,81.197645,78.887865,79.332053,0.888377,1573
2025-07-25,402149,36342767,79.420891,80.753456,79.420891,80.398105,1.066052,739
2025-07-28,323455,29114927,80.398105,80.753456,79.154378,79.953917,-0.444188,591
2025-07-29,408321,36291421,79.953917,79.953917,78.354839,78.887865,-1.066052,569
2025-07-30,367931,32597782,78.887865,79.243215,78.177163,78.710189,-0.177676,441
2025-07-31,825755,72256767,79.06554,79.06554,77.288786,77.555299,-1.15489,857
2025-08-01,519407,45865092,77.288786,79.776242,76.40041,79.687404,2.132105,546
2025-08-04,471728,42840168,78.621352,81.641833,78.443676,81.286482,1.599078,732
2025-08-05,317107,28926293,80.931131,81.641833,80.664618,80.931131,-0.355351,1128
2025-08-06,450164,40644521,79.953917,80.753456,79.687404,80.22043,-0.710701,1095
2025-08-07,725920,64327561,80.664618,80.664618,78.177163,78.177163,-2.043267,991
2025-08-08,529670,46364853,78.532514,78.799027,76.933436,77.466462,-0.710701,790
2025-08-11,714623,61336275,77.466462,77.466462,75.512033,75.689708,-1.776754,1073
2025-08-12,318203,27293852,76.40041,77.111111,75.512033,75.60087,-0.088838,460
2025-08-13,671598,57579733,76.933436,77.199949,75.334357,75.689708,0.088838,914
2025-08-14,433648,37168573,75.512033,77.022273,75.334357,77.022273,1.332565,519
2025-08-15,1224938,103559443,76.844598,76.844598,74.001792,75.067844,-1.954429,1629
2025-08-18,662244,56646455,74.801331,77.555299,74.801331,75.156682,0.088838,1009
2025-08-19,921737,77895193,75.067844,76.578085,74.001792,76.133896,0.977214,1072
2025-08-20,575548,49419821,76.489247,77.199949,74.890169,76.489247,0.355351,1426
2025-08-21,574827,49865908,76.933436,77.821812,76.311572,76.666923,0.177676,1022
2025-08-22,683260,57772365,76.666923,76.666923,74.357143,74.44598,-2.220943,1011
2025-08-25,425301,36376100,75.24552,76.75576,75.24552,75.334357,0.888377,471
2025-08-26,538321,45065547,74.979007,75.067844,74.09063,74.801331,-0.533026,963
2025-08-27,459437,38886878,74.357143,75.956221,74.179467,74.801331,0.0,574
2025-08-28,572572,48753686,74.623656,76.578085,74.44598,75.067844,0.266513,954
2025-08-29,1351374,117076364,76.045059,79.06554,75.867383,76.133896,1.066052,1382
2025-09-01,952242,81656795,76.40041,77.821812,74.801331,75.956221,-0.177675,1214
2025-09-02,421648,36122513,75.956221,76.933436,75.512033,76.222734,0.266513,959
2025-09-03,1465744,129155308,75.867383,79.420891,75.867383,78.887865,2.665131,1665
2025-09-04,2542698,242218152,79.243215,86.705581,78.887865,86.705581,7.817716,3118
2025-09-05,12038910,1264339662,95.056323,95.056323,90.170251,91.947004,5.241423,13397
2025-09-08,4248375,411576101,90.614439,91.058628,83.329749,83.773937,-8.173067,4278
2025-09-09,3284910,323047865,84.395801,90.614439,82.619048,88.837685,5.063748,3371
2025-09-10,2075614,203934109,88.837685,90.170251,85.728366,85.817204,-3.020481,2517
2025-09-11,995556,94628764,85.373016,85.550691,83.862775,83.951613,-1.865591,1493
2025-09-12,2986342,300654710,84.573477,91.502816,84.573477,89.726062,5.774449,6872
2025-09-15,2770560,275802198,89.726062,91.502816,85.728366,88.837685,-0.888377,2606
2025-09-16,4323220,450147039,90.614439,95.056323,89.281874,91.947004,3.109319,3817
2025-09-17,1901856,198030388,92.835381,94.167947,90.170251,92.835381,0.888377,2040
2025-09-18,2389375,242402965,91.502816,94.167947,88.038146,88.748848,-4.086533,2484
2025-09-19,3953632,365606128,85.017665,85.017665,80.486943,81.37532,-7.373528,3852
2025-09-22,1500689,135680139,81.908346,81.997184,79.509729,79.776242,-1.599078,1824
2025-09-23,1130653,100439058,79.776242,80.398105,77.999488,79.06554,-0.710702,1384
2025-09-24,581314,51460166,78.266001,79.420891,78.177163,78.354839,-0.710701,971
2025-09-25,736641,65229350,78.443676,79.953917,77.732975,78.177163,-0.177676,901
2025-09-26,708811,61401073,78.443676,78.443676,76.489247,76.666923,-1.51024,903
2025-09-30,693311,59885345,77.111111,77.91065,76.222734,76.666923,0.0,620
2025-10-01,723638,61870434,76.75576,77.288786,75.423195,75.512033,-1.15489,1324
2025-10-02,738821,62239010,75.778546,76.311572,74.44598,74.44598,-1.066053,1000
2025-10-03,1272479,109017789,77.111111,78.088326,74.979007,75.778546,1.332566,1273
2025-10-07,723127,62333217,76.133896,77.732975,75.24552,77.466462,1.687916,1181
2025-10-08,525801,46004325,77.288786,78.354839,76.40041,77.91065,0.444188,1530
2025-10-09,329256,28913058,78.266001,78.532514,77.288786,77.91065,0.0,1114
2025-10-13,623496,54513397,76.844598,78.799027,75.867383,77.999488,0.088838,920
2025-10-14,702896,62018650,78.532514,79.865079,76.75576,77.199949,-0.799539,1649
2025-10-15,455092,39650079,77.466462,77.91065,76.933436,77.377624,0.177675,789
2025-10-16,347018,30146126,77.644137,78.443676,76.844598,77.022273,-0.355351,1100
2025-10-17,346097,29966699,77.022273,77.732975,76.40041,76.666923,-0.35535,449
2025-10-20,598694,51120444,77.555299,77.91065,75.156682,75.778546,-0.888377,763
2025-10-21,255577,21923771,76.40041,76.75576,75.512033,76.311572,0.533026,351
2025-10-22,455196,39568294,76.666923,77.732975,76.222734,77.555299,1.243727,891
2025-10-23,182663,15883777,77.999488,77.999488,76.666923,77.111111,-0.444188,1171
2025-10-27,318201,27640953,77.199949,77.821812,76.666923,77.288786,0.177675,645
2025-10-28,711456,60644943,77.821812,77.821812,75.067844,75.423195,-1.865591,1401
2025-10-29,380542,32124838,75.512033,75.956221,74.623656,74.623656,-0.799539,951
2025-10-30,593558,49830293,74.801331,75.334357,74.268305,74.268305,-0.355351,727
2025-10-31,465900,39395873,75.067844,75.778546,74.44598,74.44598,0.177675,449
2025-11-03,680520,56637515,75.067844,75.24552,73.379928,73.468766,-0.977214,954
2025-11-04,386658,32144621,73.468766,74.801331,73.291091,74.001792,0.533026,555
2025-11-05,460418,38111084,72.846902,74.534818,71.958525,74.001792,0.0,909
2025-11-06,546966,45585107,75.067844,76.133896,73.202253,73.468766,-0.533026,1285
2025-11-07,281985,23379514,73.557604,74.268305,73.291091,73.468766,0.0,470
2025-11-10,387258,31631668,73.379928,73.379928,72.225038,72.402714,-1.066052,711
2025-11-11,1097685,88904241,72.225038,72.846902,71.158986,71.692012,-0.710702,1005
2025-11-12,359449,29036307,71.425499,72.402714,71.247824,71.514337,-0.177675,774
2025-11-13,318886,25664851,71.336661,71.958525,71.070148,71.78085,0.266513,419
2025-11-14,710083,56690354,71.158986,71.958525,70.092934,70.537122,-1.243728,1080
2025-11-17,511749,40456205,70.092934,71.070148,69.204557,70.092934,-0.444188,789
2025-11-18,495536,39128786,70.004096,71.425499,69.204557,69.559908,-0.533026,1032
2025-11-19,764255,59304539,69.559908,70.092934,68.31618,68.405018,-1.15489,796
2025-11-20,368631,28893799,68.493856,70.181772,68.493856,70.181772,1.776754,488
2025-11-21,304838,23992281,70.181772,70.981311,69.115719,70.092934,-0.088838,903
2025-11-24,1415424,112457436,70.803635,71.336661,70.181772,70.537122,0.444188,495
2025-11-25,153041,12298777,71.158986,72.047363,70.803635,71.247824,0.710702,671
2025-11-26,502361,41310562,72.313876,73.824117,71.603175,73.379928,2.132104,1159
2025-11-27,1540032,133521701,74.44598,78.177163,74.09063,76.844598,3.46467,3050
2025-11-28,623916,52941411,76.844598,76.844598,74.890169,74.890169,-1.954429,4856
2025-12-01,533119,43925302,74.357143,74.534818,72.402714,72.846902,-2.043267,2310
2025-12-02,248360,20338388,72.846902,73.024577,72.402714,72.491551,-0.355351,416
2025-12-03,167229,13717718,72.758064,73.202253,72.491551,73.113415,0.621864,210
2025-12-04,192446,15791420,73.113415,73.646441,72.402714,72.93574,-0.177675,340
2025-12-05,313870,25959433,73.113415,74.179467,72.402714,73.468766,0.533026,386
2025-12-08,284049,23242365,73.557604,73.557604,72.313876,72.491551,-0.977215,478
2025-12-09,233429,18874377,72.491551,72.491551,71.603175,71.603175,-0.888376,397
2025-12-10,167213,13492494,71.78085,72.225038,71.247824,71.247824,-0.355351,268
2025-12-11,244705,19579224,71.603175,72.225038,70.62596,70.892473,-0.355351,687
2025-12-12,487937,40193350,71.070148,74.09063,71.070148,73.557604,2.665131,565
2025-12-15,178634,14753315,72.846902,74.001792,72.846902,73.113415,-0.444189,1043
2025-12-16,348362,28079036,72.93574,73.113415,70.892473,71.247824,-1.865591,1373
2025-12-17,488908,40006666,71.869688,73.557604,71.78085,72.047363,0.799539,548
2025-12-18,356920,29107885,72.047363,73.379928,71.78085,72.669227,0.621864,582
2025-12-19,590703,49215159,72.846902,74.979007,72.669227,73.735279,1.066052,916
2025-12-22,258962,21484377,74.268305,74.801331,72.93574,72.93574,-0.799539,925
2025-12-23,192823,15786243,72.846902,73.024577,72.313876,72.758064,-0.177676,431
2025-12-24,1237417,104924762,72.580389,76.933436,72.580389,74.09063,1.332566,1381
2025-12-26,257188,21573834,74.890169,75.689708,73.824117,74.179467,0.088837,1235
2025-12-29,331670,27530854,74.268305,74.623656,73.113415,73.113415,-1.066052,1255
2025-12-30,227551,18581936,73.024577,73.024577,72.136201,72.758064,-0.355351,402
2025-12-31,350137,28370377,72.491551,73.291091,71.425499,71.78085,-0.977214,465
2026-01-02,291945,23528134,72.047363,72.225038,71.336661,71.336661,-0.444189,429
2026-01-05,666687,52800892,71.425499,71.692012,69.648745,70.270609,-1.066052,987
2026-01-06,660167,53914563,72.136201,73.379928,71.78085,72.846902,2.576293,666
2026-01-07,356163,29301635,72.846902,73.468766,72.580389,73.291091,0.444189,476
2026-01-08,287514,23583435,73.291091,74.179467,72.225038,72.225038,-1.066053,1165
2026-01-09,187044,15105230,72.491551,72.93574,71.070148,72.225038,0.0,1332
2026-01-12,253422,20750864,72.669227,73.113415,72.225038,72.846902,0.621864,396
2026-01-13,531836,42991046,73.291091,73.291091,70.803635,71.336661,-1.510241,2656
2026-01-14,439733,35956770,72.225038,73.202253,71.692012,72.846902,1.510241,478
2026-01-15,225456,18446853,72.669227,73.379928,72.047363,72.047363,-0.799539,1072
2026-01-16,920825,73567582,72.225038,72.225038,70.448285,70.537122,-1.510241,1846
2026-01-19,390592,30922794,70.537122,71.603175,69.648745,69.915258,-0.621864,599
2026-01-20,584117,45617184,69.915258,70.092934,68.938044,69.382232,-0.533026,1097
2026-01-21,436221,33774098,69.382232,69.382232,68.582693,68.582693,-0.799539,633
2026-01-22,348162,27139260,68.671531,69.737583,68.671531,69.648745,1.066052,425
2026-01-23,217747,16990088,69.915258,70.181772,69.026882,69.204557,-0.444188,497
2026-01-26,279247,21784412,69.293395,69.648745,68.938044,69.382232,0.177675,349
2026-01-27,365370,28342975,70.092934,70.092934,68.493856,68.938044,-0.444188,518
2026-01-28,627410,48330395,68.849206,68.938044,68.138505,68.405018,-0.533026,591
2026-01-29,562828,43742802,68.405018,70.270609,67.694316,70.092934,1.687916,639
2026-01-30,362259,27961249,69.737583,69.737583,68.049667,68.227342,-1.865592,910
2026-02-02,401928,30470244,67.783154,68.138505,66.628264,67.250128,-0.977214,546
2026-02-03,409330,30858469,67.427803,68.227342,66.628264,67.783154,0.533026,381
2026-02-04,274896,21283450,68.138505,69.293395,66.894777,69.293395,1.510241,373
2026-02-05,180222,14061329,69.026882,69.737583,68.671531,68.849206,-0.444189,234
2026-02-06,422202,31811206,68.405018,68.405018,66.095238,66.894777,-1.954429,965
2026-02-09,518479,38636889,67.072453,67.427803,65.828725,66.095238,-0.799539,647
2026-02-10,131093,9785362,66.184076,66.717102,66.0064,66.539426,0.444188,226
2026-02-11,277134,20576882,66.095238,66.361751,65.562212,65.828725,-0.710701,419
2026-02-23,343787,25490457,66.095238,66.272913,65.562212,66.184076,0.355351,453
2026-02-24,482881,35881585,66.095238,66.805939,65.384537,65.473374,-0.710702,820
2026-02-25,321411,23655464,65.473374,65.828725,65.118023,65.295699,-0.177675,465
2026-02-26,240666,17757150,65.739887,66.184076,65.118023,65.206861,-0.088838,828
2026-03-02,228478,16639204,65.206861,65.206861,64.407322,64.673835,-0.533026,417
2026-03-03,497684,35919946,64.673835,65.295699,63.69662,63.963134,-0.710701,552
2026-03-04,1282020,89602578,63.518945,63.518945,61.298003,61.742191,-2.220943,957
2026-03-05,371378,26008950,61.831029,62.897081,61.831029,62.097542,0.355351,450
2026-03-06,496212,35630773,62.808244,64.940348,62.630568,64.229647,2.132105,586
2026-03-09,483652,33293819,62.18638,62.18638,60.498464,60.942652,-3.286995,709
2026-03-10,376550,26018665,61.831029,62.364055,60.587302,61.742191,0.799539,450
2026-03-11,418188,30098200,61.919867,64.584997,61.919867,64.407322,2.665131,439
2026-03-12,312070,22368038,63.518945,64.584997,63.163594,63.607783,-0.799539,493
2026-03-13,200719,14335901,63.163594,63.874296,62.364055,63.874296,0.266513,260
2026-03-16,1406584,110090997,67.516641,70.181772,67.338966,70.181772,6.307476,1886
2026-03-17,1240844,99341022,70.270609,72.846902,70.270609,71.158986,0.977214,1924
2026-03-18,639575,51109558,71.070148,72.313876,70.181772,71.78085,0.621864,1057
2026-03-19,1554459,129234571,71.78085,75.956221,71.070148,73.646441,1.865591,1716
2026-03-20,2552947,216182085,77.732975,79.509729,72.580389,72.758064,-0.888377,2525
2026-03-23,658035,52385634,71.514337,71.869688,69.915258,70.092934,-2.66513,728
2026-03-24,347721,27378573,71.070148,71.158986,68.671531,69.915258,-0.177676,437
2026-03-25,393700,31246228,70.181772,72.580389,69.115719,70.892473,0.977215,502
2026-03-26,242262,19309960,71.514337,71.514337,70.270609,70.270609,-0.621864,312
2026-03-27,208686,16343369,69.559908,70.092934,69.293395,69.915258,-0.355351,299
2026-03-30,175726,13686194,69.293395,69.737583,68.849206,68.849206,-1.066052,292
2026-03-31,299341,22929690,68.493856,69.559908,67.338966,67.605479,-1.243727,416
2026-04-01,245697,19309281,67.960829,70.537122,67.960829,70.448285,2.842806,293
2026-04-02,515406,41265890,70.892473,72.225038,69.648745,71.070148,0.621863,570
2026-04-07,493063,39359084,71.692012,71.78085,69.915258,71.425499,0.355351,508
2026-04-08,431578,34426046,71.247824,71.514337,70.270609,70.803635,-0.621864,528
2026-04-09,629554,48838134,71.070148,71.070148,68.227342,68.31618,-2.487455,990
2026-04-10,278946,21426847,68.493856,68.760369,67.694316,68.227342,-0.088838,416
2026-04-13,194806,15170013,68.049667,69.826421,67.871992,69.382232,1.15489,262
2026-04-14,196714,15333419,69.559908,70.004096,68.849206,69.115719,-0.266513,366
2026-04-15,279023,21951846,69.293395,70.537122,68.938044,70.181772,1.066053,391
2026-04-16,313425,24788195,70.181772,71.336661,69.293395,69.737583,-0.444189,1346
2026-04-17,201347,15655371,70.004096,70.004096,68.849206,68.849206,-0.888377,468
2026-04-20,285795,21999757,69.293395,69.293395,67.960829,68.138505,-0.710701,450
2026-04-21,218267,16846280,68.760369,69.115719,68.049667,68.760369,0.621864,278
2026-04-22,184381,14199527,69.204557,69.204557,68.138505,68.227342,-0.533027,502
2026-04-23,737110,55172857,68.227342,68.493856,65.295699,66.272913,-1.954429,954
2026-04-24,294562,21728937,67.338966,67.338966,64.940348,65.029186,-1.243727,547
2026-04-27,490510,35167303,65.029186,65.029186,62.897081,64.051971,-0.977215,653
2026-04-28,197345,14190924,64.407322,64.49616,63.34127,64.051971,0.0,321
2026-04-29,190065,13766909,64.051971,64.940348,63.785458,64.673835,0.621864,309
2026-04-30,349846,25112345,64.673835,64.673835,63.163594,63.163594,-1.510241,336
2026-05-04,304523,21940785,62.985919,64.762673,62.985919,63.963134,0.79954,337
2026-05-05,228768,16416313,64.140809,64.318484,63.252432,63.963134,0.0,345
2026-05-06,330010,23456702,63.518945,63.785458,62.719406,63.163594,-0.79954,752
2026-05-07,254195,18079786,63.252432,63.518945,62.808244,63.34127,0.177676,349
2026-05-08,311024,22027029,63.69662,63.69662,62.541731,62.985919,-0.355351,481
2026-05-11,251697,17902463,62.985919,63.607783,62.808244,63.074757,0.088838,343
2026-05-12,231706,16320698,62.897081,62.985919,62.18638,62.985919,-0.088838,343
2026-05-13,134689,9486374,62.364055,62.985919,62.275218,62.452893,-0.533026,292
2026-05-14,518389,36066160,62.275218,62.719406,61.386841,61.919867,-0.533026,764
2026-05-15,410267,28698987,62.18638,63.69662,61.475678,61.742191,-0.177676,482
2026-05-18,231263,16018254,61.564516,61.919867,61.120328,61.564516,-0.177675,327
2026-05-19,207965,14497141,61.564516,62.275218,61.564516,61.742191,0.177675,271
2026-05-20,197378,13638100,61.742191,61.742191,61.209165,61.386841,-0.35535,263
2026-05-21,159505,11105314,61.919867,62.18638,61.564516,61.653354,0.266513,248
2026-05-22,198293,13713347,61.564516,61.742191,61.298003,61.298003,-0.355351,325
2026-05-25,608426,41488623,61.298003,61.564516,60.143113,60.676139,-0.621864,860
2026-05-26,286170,19384790,60.676139,60.942652,59.8766,60.231951,-0.444188,513
2026-05-27,432858,29453013,60.409626,60.764977,60.231951,60.320788,0.088837,404
2026-05-28,226248,15352124,60.587302,60.764977,59.8766,60.054275,-0.266513,329
2026-05-29,188375,12805254,60.320788,60.676139,60.054275,60.498464,0.444189,579
2026-06-01,338241,23428481,60.587302,62.097542,60.587302,62.097542,1.599078,479
2026-06-02,334763,23518834,62.097542,62.808244,61.564516,62.808244,0.710702,388
2026-06-03,923965,67897694,62.630568,68.049667,61.919867,66.450589,3.642345,1519
2026-06-04,1496082,114242425,68.582693,70.981311,66.0064,66.0064,-0.444189,1625
2026-06-05,537210,39194353,65.473374,65.473374,64.051971,64.318484,-1.687916,550
2026-06-08,692823,48776060,61.298003,63.518945,61.298003,62.985919,-1.332565,641
2026-06-09,433430,30842536,63.607783,64.49616,62.630568,63.074757,0.088838,447
2026-06-10,5909182,457555221,63.074757,69.382232,62.364055,69.382232,6.307475,1923
2026-06-11,4303535,318804115,68.049667,68.849206,63.874296,64.49616,-4.886072,3600
2026-06-12,2556846,187779619,64.140809,67.338966,64.140809,64.673835,0.177675,2778
2026-06-15,994823,71992517,64.584997,65.295699,63.874296,64.49616,-0.177675,1648
2026-06-16,1224909,90708329,64.584997,66.805939,64.584997,66.272913,1.776753,990
2026-06-17,1625837,123915852,66.628264,69.026882,65.828725,68.938044,2.665131,1423
2026-06-18,2160283,168063399,69.293395,70.892473,67.250128,68.227342,-0.710702,2805
2026-06-22,2659935,190749089,66.539426,66.539426,62.364055,63.963134,-4.264208,3036
2026-06-23,552480,39628154,63.963134,64.407322,63.252432,63.34127,-0.621864,1570
2026-06-24,408445,29154620,63.34127,64.229647,63.074757,63.163594,-0.177676,485
2026-06-25,218569,15591898,64.140809,64.140809,63.074757,63.163594,0.0,346
2026-06-26,492015,34647140,63.074757,63.34127,62.18638,62.364055,-0.799539,1428
2026-06-29,291119,20793118,62.985919,63.785458,62.985919,63.430107,1.066052,273
2026-06-30,267548,19206615,63.963134,64.229647,63.430107,63.963134,0.533027,281
2026-07-01,351222,25125717,63.963134,64.140809,63.34127,63.34127,-0.621864,882
2026-07-02,295694,21166128,63.518945,63.963134,63.34127,63.785458,0.444188,277
2026-07-03,1606325,120282403,63.963134,68.049667,63.963134,67.516641,3.731183,1450
2026-07-06,716994,54979966,67.516641,69.204557,66.894777,67.783154,0.266513,706
2026-07-07,913362,69875852,68.582693,70.181772,66.272913,66.361751,-1.421403,1810
2026-07-08,585746,44461106,66.361751,68.405018,66.361751,67.605479,1.243728,451
2026-07-09,489881,37543571,68.582693,69.737583,67.16129,67.427803,-0.177676,662
2026-07-13,595540,45063155,67.516641,69.559908,66.184076,68.31618,0.888377,850
2026-07-14,730170,55688568,68.849206,69.648745,66.628264,67.516641,-0.799539,1564
2026-07-15,340086,26002961,68.049667,68.405018,67.605479,67.694316,0.177675,328
2026-07-16,1867658,148628926,68.405018,73.113415,67.871992,70.981311,3.286995,2568
2026-07-17,1027175,80514656,70.981311,70.981311,68.582693,69.293395,-1.687916,1168
2026-07-20,686156,53241670,69.915258,70.092934,67.960829,68.849206,-0.444189,682
2026-07-21,568816,44786198,69.47107,70.892473,69.293395,70.092934,1.243728,735
2026-07-22,324231,25613180,70.270609,70.803635,69.737583,70.004096,-0.088838,361
2026-07-23,454969,35628778,69.915258,70.448285,68.760369,70.359447,0.355351,585
2026-07-24,408197,31769537,70.004096,70.004096,68.405018,69.47107,-0.888377,488
2026-07-27,490272,38154597,70.004096,70.004096,68.849206,69.115719,-0.355351,397
2026-07-28,506464,38813281,68.849206,68.849206,67.516641,67.871992,-1.243727,579
2026-07-29,738915,55340874,67.871992,68.405018,65.295699,66.805939,-1.066053,3361
2026-07-30,367815,27742916,66.539426,68.405018,65.828725,67.783154,0.977215,566
2026-07-31,595258,45420277,69.026882,69.026882,66.805939,68.31618,0.533026,1778
2026-08-03,1292680,97775396,68.405018,68.405018,64.140809,66.095238,-2.220942,2909
2026-08-04,1057188,71492048,67.0,68.5,66.8,67.8,1.704762,3248
2026-08-05,304598,20860900,67.8,69.0,67.8,68.8,1.0,1284
2026-08-06,1095367,76776184,70.4,72.6,68.6,69.6,0.8,9469
2026-08-07,745688,53185645,70.0,71.9,70.0,71.4,1.8,1192
2026-08-10,702915,50204561,71.4,72.2,70.2,71.1,-0.3,1636
