date,Trading_Volume,Trading_money,open,max,min,close,spread,Trading_turnover
2015-01-05,1054542,21057629,12.626655,12.626655,12.314885,12.47077,-0.249415,383
2015-01-06,753850,14902062,12.377239,12.439593,12.252532,12.439593,-0.031177,335
2015-01-07,590102,11625964,12.408416,12.408416,12.221354,12.346062,-0.093531,207
2015-01-08,382202,7542227,12.252532,12.408416,12.252532,12.346062,0.0,169
2015-01-09,410972,8169637,12.346062,12.564301,12.283708,12.377239,0.031177,146
2015-01-12,346100,6860571,12.346062,12.47077,12.252532,12.377239,0.0,168
2015-01-13,203181,4024558,12.346062,12.408416,12.283708,12.377239,0.0,113
2015-01-14,465508,9158451,12.346062,12.408416,12.190178,12.346062,-0.031177,167
2015-01-15,334569,6579560,12.346062,12.346062,12.190178,12.283708,-0.062354,124
2015-01-16,806509,15636572,12.283708,12.283708,11.971939,12.159001,-0.124707,286
2015-01-19,520503,10026006,12.096647,12.127824,11.909585,12.096647,-0.062354,197
2015-01-20,215100,4164278,11.909585,12.127824,11.909585,12.096647,0.0,112
2015-01-21,389304,7524644,11.971939,12.159001,11.940762,12.159001,0.062354,234
2015-01-22,487001,9451865,12.034293,12.159001,12.034293,12.127824,-0.031177,234
2015-01-23,505801,9765365,12.096647,12.127824,11.971939,12.06547,-0.062354,180
2015-01-26,309782,5963574,12.034293,12.06547,11.940762,12.034293,-0.031177,132
2015-01-27,352500,6762448,12.034293,12.034293,11.909585,12.034293,0.0,255
2015-01-28,378794,7263115,11.909585,12.003116,11.909585,11.971939,-0.062354,127
2015-01-29,449505,8611544,11.940762,12.003116,11.909585,11.971939,0.0,249
2015-01-30,736999,14347578,12.096647,12.346062,12.034293,12.096647,0.124708,261
2015-02-02,236695,4568036,12.159001,12.159001,11.971939,12.034293,-0.062354,107
2015-02-03,238252,4589700,12.034293,12.06547,11.940762,12.06547,0.031177,131
2015-02-04,197100,3806469,12.06547,12.06547,12.003116,12.06547,0.0,123
2015-02-05,175448,3376250,12.06547,12.06547,11.940762,12.06547,0.0,106
2015-02-06,782920,14995514,12.06547,12.06547,11.878409,12.003116,-0.062354,291
2015-02-09,322140,6182215,12.003116,12.034293,11.909585,11.940762,-0.062354,138
2015-02-10,526600,10057500,11.940762,12.003116,11.878409,11.909585,-0.031177,218
2015-02-11,390534,7449196,11.878409,11.971939,11.847231,11.909585,0.0,204
2015-02-12,752369,14176516,11.971939,11.971939,11.691347,11.722524,-0.187061,374
2015-02-13,1402001,27163266,11.909585,12.159001,11.878409,12.127824,0.4053,564
2015-02-24,482102,9367913,12.159001,12.221354,12.034293,12.096647,-0.031177,233
2015-02-25,800709,15595899,12.096647,12.252532,12.034293,12.096647,0.0,369
2015-02-26,605600,11835044,12.159001,12.221354,12.096647,12.221354,0.124707,280
2015-03-02,650591,12891528,12.47077,12.47077,12.283708,12.346062,0.124708,352
2015-03-03,419100,8231498,12.314885,12.346062,12.190178,12.252532,-0.09353,206
2015-03-04,384464,7530790,12.346062,12.346062,12.127824,12.190178,-0.062354,164
2015-03-05,467101,9089965,12.190178,12.221354,12.06547,12.159001,-0.031177,153
2015-03-06,544102,10553266,12.096647,12.159001,12.06547,12.096647,-0.062354,179
2015-03-09,699200,13414800,11.971939,12.034293,11.878409,11.971939,-0.124708,292
2015-03-10,414100,7908206,11.971939,12.034293,11.847231,11.971939,0.0,162
2015-03-11,723580,13766170,11.847231,11.971939,11.816055,11.909585,-0.062354,318
2015-03-12,892422,17215726,11.909585,12.221354,11.878409,12.003116,0.093531,338
2015-03-13,384028,7363581,11.971939,12.06547,11.909585,11.909585,-0.093531,185
2015-03-16,403522,7740092,11.940762,12.003116,11.940762,12.003116,0.093531,206
2015-03-17,551622,10676729,12.003116,12.159001,12.003116,12.06547,0.062354,225
2015-03-18,1536450,29489951,12.06547,12.127824,11.784877,12.127824,0.062354,797
2015-03-19,275301,5317520,12.06547,12.096647,12.003116,12.06547,-0.062354,186
2015-03-20,423802,8146163,11.971939,12.06547,11.909585,12.034293,-0.031177,200
2015-03-23,472600,9063655,11.971939,12.034293,11.909585,12.003116,-0.031177,170
2015-03-24,537160,10281118,11.971939,11.971939,11.878409,11.971939,-0.031177,176
2015-03-25,407100,7783653,11.971939,11.971939,11.878409,11.940762,-0.031177,235
2015-03-26,593610,11324169,11.909585,12.003116,11.847231,11.940762,0.0,249
2015-03-27,1011162,19229124,11.940762,11.971939,11.784877,11.847231,-0.093531,396
2015-03-30,715273,13470796,11.909585,11.909585,11.66017,11.722524,-0.124707,302
2015-03-31,680189,12767977,11.753701,11.784877,11.628993,11.753701,0.031177,349
2015-04-01,1532469,28428170,11.691347,11.691347,11.504286,11.535462,-0.218239,495
2015-04-02,2104137,39435646,11.535462,12.034293,11.473108,11.722524,0.187062,763
2015-04-07,713500,13535200,11.753701,11.909585,11.722524,11.909585,0.187061,226
2015-04-08,1115430,21389948,11.909585,12.096647,11.816055,11.971939,0.062354,491
2015-04-09,794825,15185673,11.909585,12.003116,11.847231,11.909585,-0.062354,576
2015-04-10,472300,8960865,11.940762,11.940762,11.722524,11.847231,-0.062354,237
2015-04-13,711030,13510275,11.847231,11.878409,11.816055,11.878409,0.031178,373
2015-04-14,776913,14770464,11.816055,11.909585,11.816055,11.878409,0.0,252
2015-04-15,1778153,34211072,11.878409,12.096647,11.878409,12.003116,0.124707,808
2015-04-16,6707596,135000988,12.003116,12.813716,12.003116,12.813716,0.8106,1600
2015-04-17,5188617,107453224,12.907247,13.063132,12.595478,12.813716,0.0,1491
2015-04-20,1870979,38642073,12.782539,13.031955,12.720185,12.938424,0.124708,749
2015-04-21,1585699,32515969,12.938424,12.938424,12.689008,12.751362,-0.187062,498
2015-04-22,1030195,21264689,12.751362,12.938424,12.751362,12.87607,0.124708,379
2015-04-23,1777238,36998800,12.87607,13.063132,12.87607,12.938424,0.062354,507
2015-04-24,4667206,99436393,12.907247,13.593139,12.87607,13.530786,0.592362,1300
2015-04-27,21868484,470356248,13.655493,13.655493,13.343724,13.406078,-0.124708,669
2015-04-28,20003412,430066267,13.374901,13.499608,13.312547,13.406078,0.0,560
2015-04-29,18469826,399565084,13.437255,13.530786,13.312547,13.499608,0.09353,722
2015-04-30,4760368,105243969,13.499608,13.967263,13.499608,13.717847,0.218239,1411
2015-05-04,4048755,85754402,13.717847,13.717847,12.969601,13.437255,-0.280592,887
2015-05-05,1974003,42444810,13.437255,13.530786,13.312547,13.499608,0.062353,593
2015-05-06,1594426,34588542,13.468432,13.68667,13.28137,13.624316,0.124708,726
2015-05-07,1304580,28376477,13.593139,13.68667,13.437255,13.437255,-0.187061,696
2015-05-08,1136501,24537069,13.530786,13.561962,13.374901,13.499608,0.062353,461
2015-05-11,2710388,57427521,13.437255,13.499608,13.031955,13.28137,-0.218238,866
2015-05-12,1291164,27408672,13.28137,13.406078,13.125485,13.28137,0.0,788
2015-05-13,1711700,36184250,13.312547,13.312547,13.125485,13.156662,-0.124708,743
2015-05-14,1679200,35572108,13.125485,13.406078,13.063132,13.219016,0.062354,665
2015-05-15,1539459,33141591,13.28137,13.593139,13.219016,13.406078,0.187062,738
2015-05-18,707029,15192758,13.468432,13.468432,13.312547,13.437255,0.031177,419
2015-05-19,1330280,28882897,13.530786,13.624316,13.437255,13.499608,0.062353,625
2015-05-20,1353285,29278665,13.68667,13.68667,13.406078,13.530786,0.031178,618
2015-05-21,974400,21078900,13.437255,13.593139,13.374901,13.499608,-0.031178,539
2015-05-22,2424451,53124880,13.561962,13.749024,13.468432,13.68667,0.187062,1005
2015-05-25,1351752,29264142,13.624316,13.68667,13.28137,13.561962,-0.124708,517
2015-05-26,1547145,32930771,13.530786,13.561962,13.094309,13.312547,-0.249415,549
2015-05-27,997666,21286700,13.312547,13.343724,13.219016,13.343724,0.031177,576
2015-05-28,778238,16708702,13.530786,13.530786,13.312547,13.406078,0.062354,395
2015-05-29,1308118,28255106,13.499608,13.561962,13.406078,13.499608,0.09353,630
2015-06-01,889000,19228748,13.593139,13.593139,13.406078,13.437255,-0.062353,309
2015-06-02,1351201,29023460,13.530786,13.530786,13.28137,13.28137,-0.155885,620
2015-06-03,979600,20865908,13.250193,13.406078,13.219016,13.219016,-0.062354,500
2015-06-04,2775611,57527956,13.219016,13.219016,12.782539,13.031955,-0.187061,956
2015-06-05,955500,19742050,12.969601,13.000778,12.782539,12.969601,-0.062354,544
2015-06-08,986100,20105185,13.063132,13.063132,12.564301,12.689008,-0.280593,372
2015-06-09,2138401,41473539,12.751362,12.782539,11.628993,12.190178,-0.49883,858
2015-06-10,1238052,24006350,12.190178,12.221354,11.878409,12.127824,-0.062354,518
2015-06-11,1370101,26146018,11.971939,12.127824,11.784877,12.06547,-0.062354,653
2015-06-12,931830,17887251,12.06547,12.221354,11.847231,12.096647,0.031177,387
2015-06-15,560950,10731995,12.096647,12.096647,11.847231,12.003116,-0.093531,258
2015-06-16,1113100,21065595,12.003116,12.034293,11.722524,11.784877,-0.218239,343
2015-06-17,1101100,20501490,11.784877,11.784877,11.473108,11.784877,0.0,530
2015-06-18,605100,11303020,11.597816,11.784877,11.566639,11.753701,-0.031176,287
2015-06-22,755950,14115211,11.847231,11.847231,11.566639,11.753701,0.0,335
2015-06-23,645801,12088534,11.753701,11.753701,11.597816,11.722524,-0.031177,313
2015-06-24,476691,8973986,11.722524,11.784877,11.66017,11.784877,0.062353,213
2015-06-25,353740,6732360,11.847231,11.971939,11.816055,11.909585,0.124708,174
2015-06-26,403240,7619384,11.909585,11.909585,11.722524,11.847231,-0.062354,163
2015-06-29,648200,12069749,11.847231,11.847231,11.535462,11.597816,-0.249415,245
2015-06-30,614403,11332393,11.535462,11.597816,11.441932,11.597816,0.0,178
2015-07-01,676600,12449690,11.535462,11.535462,11.410754,11.535462,-0.062354,232
2015-07-02,738354,13485828,11.473108,11.566639,11.317224,11.473108,-0.062354,311
2015-07-03,672100,12264183,11.473108,11.504286,11.286047,11.504286,0.031178,329
2015-07-06,891599,16116791,11.473108,11.473108,11.192516,11.379578,-0.124708,321
2015-07-07,887200,15919330,11.223693,11.286047,11.098985,11.25487,-0.124708,325
2015-07-08,2121601,36701166,11.192516,11.192516,10.600154,10.818393,-0.436477,683
2015-07-09,1428002,24289133,10.818393,10.818393,10.475447,10.693685,-0.124708,526
2015-07-13,1070094,18187337,10.693685,10.724862,10.506624,10.631331,-0.062354,313
2015-07-14,592400,10101908,10.600154,10.724862,10.568978,10.600154,-0.031177,222
2015-07-15,579200,9797527,10.600154,10.662508,10.475447,10.600154,0.0,204
2015-07-16,367982,6253144,10.600154,10.662508,10.568978,10.662508,0.062354,154
2015-07-17,458161,7834309,10.600154,10.787216,10.537801,10.756039,0.093531,313
2015-07-20,176630,3036285,10.724862,10.787216,10.600154,10.787216,0.031177,122
2015-07-21,730101,12402226,10.724862,10.724862,10.506624,10.724862,-0.062354,233
2015-07-22,591000,10039950,10.631331,10.662508,10.537801,10.662508,-0.062354,168
2015-07-23,612003,10355951,10.568978,10.631331,10.475447,10.600154,-0.062354,210
2015-07-24,694002,11697282,10.600154,10.600154,10.413093,10.568978,-0.031176,230
2015-07-27,930202,15470631,10.568978,10.568978,10.257208,10.350739,-0.218239,286
2015-07-28,2881650,45198275,9.914262,10.132501,9.664847,9.727201,-0.623538,906
2015-07-29,2929300,43361180,9.851908,9.851908,8.978955,9.103662,-0.623539,857
2015-07-30,1524563,22548330,9.22837,9.3219,9.103662,9.290724,0.187062,429
2015-07-31,1482710,22321812,9.290724,9.602493,9.22837,9.602493,0.311769,491
2015-08-03,893400,13470450,9.540139,9.602493,9.384254,9.384254,-0.218239,229
2015-08-04,1435666,21793221,9.446608,9.446608,9.3219,9.353078,-0.031176,371
2015-08-05,460600,6921250,9.415432,9.415432,9.290724,9.384254,0.031176,270
2015-08-06,751097,11275155,9.415432,9.477785,9.290724,9.384254,0.0,260
2015-08-07,447302,6684309,9.353078,9.477785,9.22837,9.415432,0.031178,330
2015-08-10,210100,3170264,9.290724,9.446608,9.290724,9.446608,0.031176,127
2015-08-11,413498,6296819,9.384254,9.602493,9.384254,9.477785,0.031177,289
2015-08-12,335303,5041254,9.477785,9.508962,9.3219,9.384254,-0.093531,119
2015-08-13,766080,11547711,9.508962,9.508962,9.3219,9.446608,0.062354,210
2015-08-14,1114051,17409455,9.540139,9.851908,9.540139,9.758377,0.311769,304
2015-08-17,941485,14803892,9.727201,9.914262,9.540139,9.758377,0.0,474
2015-08-18,1107000,17149200,9.790372,9.98234,9.790372,9.886356,0.127979,590
2015-08-19,1586229,23952345,9.822367,9.822367,9.470425,9.662394,-0.223962,605
2015-08-20,681501,10329514,9.598404,9.918351,9.50242,9.918351,0.255957,413
2015-08-21,926000,14015850,9.790372,9.854362,9.534415,9.662394,-0.255957,585
2015-08-24,2263001,30947463,9.374441,9.662394,8.702553,8.702553,-0.959841,534
2015-08-25,1600300,21910265,8.702553,9.118484,8.382606,8.95851,0.255957,765
2015-08-26,2159185,30301987,8.830532,9.598404,8.670559,9.50242,0.54391,510
2015-08-27,1086100,16055338,9.598404,9.598404,9.214468,9.566409,0.063989,499
2015-08-28,1924199,28753200,9.566409,9.566409,9.342447,9.566409,0.0,447
2015-08-31,981316,14384040,9.406436,9.534415,9.278457,9.534415,-0.031994,522
2015-09-01,1273191,18434287,9.374441,9.470425,9.214468,9.406436,-0.127979,448
2015-09-02,465503,6755667,9.374441,9.406436,9.118484,9.374441,-0.031995,272
2015-09-03,937010,13633945,9.406436,9.438431,9.246463,9.374441,0.0,191
2015-09-04,768200,11178828,9.374441,9.374441,9.246463,9.278457,-0.095984,287
2015-09-07,285317,4105529,9.278457,9.342447,9.182473,9.182473,-0.095984,97
2015-09-08,587990,8419106,9.246463,9.278457,9.118484,9.150479,-0.031994,141
2015-09-09,665005,9627821,9.214468,9.374441,9.182473,9.278457,0.127978,217
2015-09-10,1566400,23215539,9.246463,9.662394,9.182473,9.662394,0.383937,573
2015-09-11,758402,11179428,9.662394,9.662394,9.342447,9.438431,-0.223963,293
2015-09-14,238501,3488961,9.438431,9.438431,9.342447,9.374441,-0.06399,140
2015-09-15,202001,2959814,9.374441,9.438431,9.342447,9.438431,0.06399,140
2015-09-16,558002,8277978,9.470425,9.566409,9.406436,9.50242,0.063989,297
2015-09-17,801300,12001150,9.566409,9.662394,9.50242,9.630399,0.127979,299
2015-09-18,595692,9009821,9.662394,9.726383,9.566409,9.726383,0.095984,262
2015-09-21,318860,4770849,9.662394,9.694388,9.534415,9.566409,-0.159974,207
2015-09-22,829111,12689217,9.598404,10.014335,9.566409,9.854362,0.287953,348
2015-09-23,264264,3996811,9.790372,9.790372,9.598404,9.726383,-0.127979,164
2015-09-24,755507,11450880,9.758378,9.886356,9.534415,9.758378,0.031995,363
2015-09-25,549100,8440933,9.918351,9.98234,9.726383,9.822367,0.063989,201
2015-09-30,479651,7207846,9.694388,9.694388,9.566409,9.630399,-0.191968,195
2015-10-01,1271502,18943380,9.598404,9.630399,9.470425,9.598404,-0.031995,386
2015-10-02,513300,7651378,9.598404,9.598404,9.50242,9.566409,-0.031995,201
2015-10-05,303300,4552394,9.566409,9.630399,9.566409,9.630399,0.06399,116
2015-10-06,346900,5263483,9.662394,9.790372,9.630399,9.694388,0.063989,202
2015-10-07,221983,3370939,9.630399,9.790372,9.598404,9.726383,0.031995,94
2015-10-08,193884,2928610,9.662394,9.758378,9.598404,9.694388,-0.031995,128
2015-10-12,274700,4178169,9.694388,9.790372,9.694388,9.726383,0.031995,157
2015-10-13,374801,5724413,9.726383,9.822367,9.662394,9.822367,0.095984,231
2015-10-14,897511,13977220,9.758378,10.078324,9.758378,10.04633,0.223963,421
2015-10-15,334321,5227599,9.98234,10.04633,9.918351,10.014335,-0.031995,192
2015-10-16,266700,4154063,9.950345,10.04633,9.918351,9.950345,-0.06399,154
2015-10-19,385500,6056596,9.950345,10.174308,9.950345,10.142314,0.191969,214
2015-10-20,987501,15929965,10.142314,10.430266,10.04633,10.430266,0.287952,482
2015-10-21,514789,8259200,10.430266,10.46226,10.174308,10.206303,-0.223963,218
2015-10-22,232500,3675297,10.206303,10.238298,10.04633,10.142314,-0.063989,95
2015-10-23,312600,4980288,10.142314,10.238298,10.142314,10.206303,0.063989,174
2015-10-26,180019,2862046,10.142314,10.238298,10.110319,10.206303,0.0,115
2015-10-27,175100,2782576,10.206303,10.206303,10.110319,10.174308,-0.031995,114
2015-10-28,143000,2270750,10.174308,10.206303,10.110319,10.174308,0.0,82
2015-10-29,197500,3129548,10.142314,10.206303,10.04633,10.110319,-0.063989,132
2015-10-30,341800,5339427,10.04633,10.110319,9.918351,10.04633,-0.063989,166
2015-11-02,165300,2579130,10.04633,10.04633,9.918351,10.04633,0.0,105
2015-11-03,227004,3574860,10.014335,10.110319,10.014335,10.110319,0.063989,153
2015-11-04,941700,15430412,10.142314,10.686223,10.110319,10.590239,0.47992,516
2015-11-05,1195914,20550939,10.622234,11.454096,10.590239,11.294122,0.703883,508
2015-11-06,841710,14544981,11.294122,11.294122,10.782207,11.134149,-0.159973,441
2015-11-09,503069,8668592,11.102154,11.134149,10.878191,11.134149,0.0,284
2015-11-10,852200,14711220,10.942181,11.358112,10.846197,11.326117,0.191968,347
2015-11-11,575500,9967547,11.198138,11.262127,10.974176,11.198138,-0.127979,262
2015-11-12,717100,12482789,11.102154,11.230133,10.974176,11.198138,0.0,242
2015-11-13,657199,11226152,11.134149,11.134149,10.782207,11.038165,-0.159973,223
2015-11-16,410009,6949003,10.878191,11.00617,10.750213,10.974176,-0.063989,180
2015-11-17,614002,10430434,11.00617,11.00617,10.750213,10.942181,-0.031995,225
2015-11-18,702735,11826082,10.974176,10.974176,10.686223,10.782207,-0.159974,255
2015-11-19,310300,5239200,10.782207,10.910186,10.718218,10.846197,0.06399,185
2015-11-20,202695,3397102,10.718218,10.814202,10.654228,10.750213,-0.095984,143
2015-11-23,394306,6578073,10.782207,10.782207,10.622234,10.718218,-0.031995,176
2015-11-24,473750,7783195,10.558244,10.622234,10.366277,10.52625,-0.191968,239
2015-11-25,383700,6235776,10.494255,10.558244,10.270292,10.558244,0.031994,174
2015-11-26,407312,6851473,10.590239,11.00617,10.590239,10.718218,0.159974,224
2015-11-27,71801,1207469,10.846197,10.846197,10.686223,10.750213,0.031995,55
2015-11-30,561200,9133475,10.622234,10.622234,10.206303,10.52625,-0.223963,280
2015-12-01,448700,7359559,10.302287,10.590239,10.302287,10.590239,0.063989,191
2015-12-02,766600,12395217,10.430266,10.46226,10.206303,10.430266,-0.159973,353
2015-12-03,620100,10203974,10.366277,10.622234,10.366277,10.494255,0.063989,357
2015-12-04,784084,13063589,10.494255,10.750213,10.430266,10.718218,0.223963,377
2015-12-07,745670,12681041,10.782207,10.974176,10.782207,10.910186,0.191968,393
2015-12-08,720575,12141361,10.910186,10.942181,10.686223,10.750213,-0.159973,371
2015-12-09,604001,10263416,10.686223,11.00617,10.622234,10.910186,0.159973,315
2015-12-10,626100,10549237,10.910186,10.910186,10.590239,10.878191,-0.031995,360
2015-12-11,653300,11123256,10.878191,11.038165,10.750213,10.782207,-0.095984,221
2015-12-14,651100,11068600,10.558244,11.00617,10.558244,10.942181,0.159974,319
2015-12-15,490800,8360700,10.878191,10.974176,10.782207,10.942181,0.0,204
2015-12-16,900635,15569355,10.942181,11.198138,10.910186,11.00617,0.063989,402
2015-12-17,790157,13726813,11.00617,11.262127,10.974176,11.134149,0.127979,300
2015-12-18,662230,11453616,11.198138,11.262127,11.00617,11.00617,-0.127979,258
2015-12-21,356018,6099506,10.942181,11.038165,10.910186,11.00617,0.0,172
2015-12-22,503510,8568159,11.00617,11.00617,10.782207,10.974176,-0.031994,226
2015-12-23,1142100,19488937,11.00617,11.198138,10.718218,11.198138,0.223962,385
2015-12-24,284153,4945416,11.198138,11.198138,11.070159,11.102154,-0.095984,131
2015-12-25,1148500,20350950,11.070159,11.582074,11.070159,11.582074,0.47992,370
2015-12-28,1287406,23604235,11.582074,11.966011,11.390106,11.966011,0.383937,692
2015-12-29,2721455,51285430,11.806037,12.349947,11.614069,12.349947,0.383936,1084
2015-12-30,1981902,38108176,12.317952,12.445931,12.093989,12.317952,-0.031995,640
2015-12-31,1414607,26356713,12.157978,12.285957,11.838032,11.838032,-0.47992,294
2016-01-04,1914018,32774392,11.550079,11.550079,10.686223,10.782207,-1.055825,619
2016-01-05,824467,13800103,10.622234,10.942181,10.46226,10.590239,-0.191968,280
2016-01-06,456200,7522748,10.52625,10.686223,10.46226,10.622234,0.031995,192
2016-01-07,870196,13887861,10.494255,10.494255,9.98234,10.270292,-0.351942,342
2016-01-08,384100,6122487,10.238298,10.302287,10.110319,10.206303,-0.063989,218
2016-01-11,381300,5955863,10.110319,10.238298,9.790372,10.238298,0.031995,186
2016-01-12,574572,8934085,10.174308,10.174308,9.758378,10.174308,-0.06399,303
2016-01-13,711329,11002479,10.142314,10.142314,9.790372,9.886356,-0.287952,351
2016-01-14,1049400,15692888,9.726383,9.726383,9.406436,9.726383,-0.159973,485
2016-01-15,890124,13206215,9.598404,9.630399,9.374441,9.566409,-0.159974,388
2016-01-18,478140,7139400,9.342447,9.694388,9.278457,9.662394,0.095985,334
2016-01-19,284237,4300050,9.726383,9.790372,9.598404,9.790372,0.127978,182
2016-01-20,321107,4790355,9.758378,9.758378,9.406436,9.598404,-0.191968,200
2016-01-21,532159,7843500,9.598404,9.598404,9.278457,9.470425,-0.127979,346
2016-01-22,1268500,18081298,9.470425,9.534415,8.830532,9.150479,-0.319946,645
2016-01-25,318111,4528477,9.150479,9.214468,9.0225,9.118484,-0.031995,219
2016-01-26,653103,9093797,9.0225,9.086489,8.830532,8.926516,-0.191968,297
2016-01-27,1000016,13647911,9.0225,9.0225,8.574574,8.702553,-0.223963,424
2016-01-28,575200,7794427,8.574574,8.734548,8.574574,8.734548,0.031995,240
2016-01-29,676100,9339632,8.734548,8.95851,8.670559,8.926516,0.191968,314
2016-01-30,621072,8629408,8.95851,9.0225,8.830532,8.862526,-0.06399,253
2016-02-01,475210,6676140,8.926516,9.054495,8.862526,9.0225,0.159974,224
2016-02-02,230232,3221098,8.95851,9.0225,8.894521,8.95851,-0.06399,124
2016-02-03,246000,3445500,8.95851,9.054495,8.862526,9.0225,0.06399,81
2016-02-15,287380,4103842,8.862526,9.278457,8.862526,9.182473,0.159973,197
2016-02-16,470023,6750272,9.182473,9.342447,9.118484,9.214468,0.031995,208
2016-02-17,251005,3585675,9.214468,9.214468,9.086489,9.150479,-0.063989,112
2016-02-18,156818,2250131,9.118484,9.246463,9.118484,9.118484,-0.031995,117
2016-02-19,105519,1502872,9.086489,9.150479,9.086489,9.150479,0.031995,82
2016-02-22,336383,4799998,9.182473,9.214468,9.054495,9.118484,-0.031995,189
2016-02-23,320660,4591049,9.118484,9.214468,9.118484,9.182473,0.063989,140
2016-02-24,306200,4347184,9.182473,9.214468,9.0225,9.086489,-0.095984,181
2016-02-25,109900,1568824,9.150479,9.182473,9.086489,9.150479,0.06399,90
2016-02-26,288200,4130285,9.150479,9.246463,9.118484,9.150479,0.0,141
2016-03-01,763551,11238304,9.278457,9.534415,9.182473,9.50242,0.351941,378
2016-03-02,336124,5039564,9.598404,9.662394,9.470425,9.630399,0.127979,216
2016-03-03,1029586,15999858,9.630399,10.302287,9.598404,10.078324,0.447925,375
2016-03-04,641548,10043453,10.078324,10.142314,9.950345,10.014335,-0.063989,362
2016-03-07,1352014,21547484,10.014335,10.494255,10.014335,10.04633,0.031995,621
2016-03-08,439500,6813791,10.04633,10.174308,9.822367,9.950345,-0.095985,187
2016-03-09,618100,9485469,9.950345,9.950345,9.758378,9.854362,-0.095983,233
2016-03-10,624537,9549105,9.886356,9.886356,9.726383,9.822367,-0.031995,265
2016-03-11,543800,8359329,9.822367,9.886356,9.726383,9.854362,0.031995,280
2016-03-14,1114673,17417601,9.886356,10.110319,9.886356,10.014335,0.159973,318
2016-03-15,422317,6439211,9.886356,9.918351,9.662394,9.758378,-0.255957,233
2016-03-16,1082263,16329955,9.598404,9.758378,9.566409,9.630399,-0.127979,517
2016-03-17,945620,14349750,9.758378,9.854362,9.566409,9.662394,0.031995,455
2016-03-18,237261,3580515,9.694388,9.726383,9.598404,9.694388,0.031994,133
2016-03-21,754500,11518546,9.726383,9.822367,9.598404,9.726383,0.031995,233
2016-03-22,321267,4929777,9.790372,9.854362,9.758378,9.854362,0.127979,161
2016-03-23,454094,7098655,9.790372,10.110319,9.790372,10.078324,0.223962,268
2016-03-24,392413,6175617,10.142314,10.142314,9.98234,10.078324,0.0,204
2016-03-25,2193200,35876677,10.398271,10.782207,10.270292,10.270292,0.191968,722
2016-03-28,713821,11379196,10.366277,10.366277,10.078324,10.270292,0.0,264
2016-03-29,1021272,15905526,10.142314,10.206303,9.790372,10.174308,-0.095984,351
2016-03-30,199711,3137855,10.04633,10.078324,10.014335,10.078324,-0.095984,131
2016-03-31,290200,4494024,10.110319,10.110319,9.822367,9.886356,-0.191968,167
2016-04-01,172325,2668679,9.886356,10.014335,9.854362,9.950345,0.063989,99
2016-04-06,210100,3246688,9.98234,9.98234,9.790372,9.98234,0.031995,147
2016-04-07,218200,3363141,10.04633,10.04633,9.790372,9.98234,0.0,139
2016-04-08,166178,2589370,9.918351,10.04633,9.854362,10.04633,0.06399,94
2016-04-11,160497,2511437,10.04633,10.078324,9.950345,10.078324,0.031994,92
2016-04-12,227017,3556860,10.110319,10.110319,9.98234,10.078324,0.0,150
2016-04-13,295500,4612995,10.110319,10.110319,9.918351,9.98234,-0.095984,167
2016-04-14,295400,4630432,10.110319,10.110319,9.950345,10.04633,0.06399,159
2016-04-15,245500,3843720,9.98234,10.078324,9.98234,10.04633,0.0,470
2016-04-18,300512,4701459,9.950345,10.04633,9.950345,10.04633,0.0,357
2016-04-19,702775,11257119,10.04633,10.366277,9.98234,10.238298,0.191968,419
2016-04-20,266760,4254610,10.238298,10.270292,10.110319,10.238298,0.0,268
2016-04-21,406238,6510780,10.142314,10.366277,10.142314,10.334282,0.095984,257
2016-04-22,150103,2397482,10.206303,10.302287,10.174308,10.270292,-0.06399,84
2016-04-25,127117,2030095,10.174308,10.270292,10.174308,10.238298,-0.031994,90
2016-04-26,137500,2202822,10.302287,10.334282,10.206303,10.270292,0.031994,83
2016-04-27,263400,4210500,10.174308,10.302287,10.174308,10.302287,0.031995,195
2016-04-28,473000,7509600,10.302287,10.302287,10.014335,10.238298,-0.063989,179
2016-04-29,457400,7165668,10.142314,10.174308,9.918351,10.174308,-0.06399,160
2016-05-03,534500,8395599,10.04633,10.142314,9.98234,10.110319,-0.063989,77
2016-05-04,307601,4812685,10.078324,10.110319,9.918351,10.110319,0.0,101
2016-05-05,211615,3303642,9.98234,10.078324,9.918351,10.078324,-0.031995,104
2016-05-06,260310,4053635,9.950345,10.04633,9.918351,10.04633,-0.031994,130
2016-05-09,151500,2369300,10.078324,10.078324,9.950345,10.04633,0.0,83
2016-05-10,214300,3355540,9.950345,10.078324,9.950345,10.078324,0.031994,88
2016-05-11,324213,5123921,10.078324,10.174308,9.98234,10.174308,0.095984,163
2016-05-12,274301,4317924,10.078324,10.142314,9.98234,10.110319,-0.063989,170
2016-05-13,490401,7706683,9.98234,10.142314,9.950345,10.142314,0.031995,221
2016-05-16,251003,3937195,10.142314,10.142314,9.950345,10.110319,-0.031995,102
2016-05-17,133105,2090197,10.110319,10.110319,9.98234,10.110319,0.0,66
2016-05-18,186500,2935949,10.078324,10.110319,10.014335,10.110319,0.0,68
2016-05-19,238050,3739135,10.110319,10.110319,9.950345,10.110319,0.0,105
2016-05-20,125300,1975339,10.04633,10.142314,9.98234,10.142314,0.031995,73
2016-05-23,316100,5011940,10.142314,10.238298,10.014335,10.238298,0.095984,121
2016-05-24,126310,2018778,10.238298,10.270292,10.174308,10.238298,0.0,58
2016-05-25,245600,3922889,10.238298,10.302287,10.174308,10.270292,0.031994,75
2016-05-26,397400,6447280,10.334282,10.46226,10.302287,10.398271,0.127979,211
2016-05-27,630601,10262195,10.302287,10.52625,10.302287,10.334282,-0.063989,262
2016-05-30,107540,1741116,10.270292,10.398271,10.270292,10.334282,0.0,52
2016-05-31,703060,11232253,10.334282,10.334282,10.142314,10.206303,-0.127979,317
2016-06-01,457320,7389483,10.238298,10.430266,10.238298,10.430266,0.223963,122
2016-06-02,1302252,21701828,10.46226,11.00617,10.398271,10.590239,0.159973,517
2016-06-03,167498,2751917,10.46226,10.590239,10.46226,10.558244,-0.031995,75
2016-06-04,142789,2356886,10.558244,10.590239,10.52625,10.590239,0.031995,56
2016-06-06,2062301,34150885,10.622234,10.622234,10.398271,10.558244,-0.031995,145
2016-06-07,227957,3740544,10.558244,10.558244,10.46226,10.494255,-0.063989,155
2016-06-08,233851,3835369,10.52625,10.558244,10.430266,10.494255,0.0,170
2016-06-13,5548482,84273574,10.430266,10.430266,9.470425,9.470425,-1.02383,1137
2016-06-14,2039400,30457630,9.470425,9.854362,9.374441,9.790372,0.319947,601
2016-06-15,322351,4882348,9.694388,9.822367,9.598404,9.694388,-0.095984,145
2016-06-16,268035,4062533,9.726383,9.758378,9.662394,9.694388,0.0,138
2016-06-17,313500,4804899,9.758378,9.854362,9.726383,9.854362,0.159974,132
2016-06-20,770130,12020112,9.822367,10.04633,9.822367,9.98234,0.127978,278
2016-06-21,1549256,24912321,10.014335,10.622234,9.98234,10.430266,0.447926,543
2016-06-22,607499,9734984,10.334282,10.398271,10.174308,10.206303,-0.223963,232
2016-06-23,316156,5053777,10.206303,10.270292,10.174308,10.238298,0.031995,180
2016-06-24,867355,13507817,10.206303,10.206303,9.854362,9.918351,-0.319947,333
2016-06-27,434011,6761220,9.822367,10.04633,9.790372,9.98234,0.063989,233
2016-06-28,339800,5362889,9.918351,10.206303,9.918351,10.174308,0.191968,149
2016-06-29,1044080,17165109,10.142314,10.654228,10.142314,10.52625,0.351942,462
2016-06-30,464700,7605091,10.52625,10.590239,10.398271,10.558244,0.031994,187
2016-07-01,346440,5665271,10.590239,10.590239,10.398271,10.46226,-0.095984,113
2016-07-04,424231,6983437,10.558244,10.590239,10.430266,10.558244,0.095984,160
2016-07-05,234200,3817439,10.590239,10.590239,10.398271,10.430266,-0.127978,93
2016-07-06,341020,5516077,10.366277,10.430266,10.270292,10.398271,-0.031995,178
2016-07-07,369300,6043490,10.430266,10.494255,10.366277,10.494255,0.095984,85
2016-07-11,346700,5651938,10.52625,10.52625,10.366277,10.430266,-0.063989,222
2016-07-12,394400,6500360,10.430266,10.654228,10.430266,10.558244,0.127978,169
2016-07-13,252703,4145857,10.494255,10.558244,10.430266,10.52625,-0.031994,143
2016-07-14,132800,2177510,10.46226,10.558244,10.46226,10.52625,0.0,72
2016-07-15,248101,4073861,10.494255,10.558244,10.46226,10.558244,0.031994,130
2016-07-18,397900,6518970,10.494255,10.52625,10.430266,10.494255,-0.063989,164
2016-07-19,621300,10249700,10.558244,10.686223,10.430266,10.590239,0.095984,170
2016-07-20,449728,7483310,10.654228,10.686223,10.590239,10.622234,0.031995,304
2016-07-21,965704,16366911,10.686223,10.942181,10.622234,10.846197,0.223963,454
2016-07-22,224811,3792073,10.750213,10.878191,10.718218,10.782207,-0.06399,115
2016-07-25,265504,4434513,10.750213,10.814202,10.590239,10.654228,-0.127979,105
2016-07-26,123400,2056249,10.590239,10.718218,10.590239,10.622234,-0.031994,63
2016-07-27,256400,4241399,10.622234,10.686223,10.494255,10.590239,-0.031995,99
2016-07-28,313907,5175705,10.590239,10.622234,10.494255,10.558244,-0.031995,132
2016-07-29,111920,1844231,10.558244,10.590239,10.52625,10.558244,0.0,65
2016-08-01,268700,4416483,10.52625,10.590239,10.494255,10.558244,0.0,153
2016-08-02,222759,3672231,10.558244,10.590239,10.494255,10.52625,-0.031994,101
2016-08-03,65006,1069146,10.46226,10.558244,10.46226,10.558244,0.031994,51
2016-08-04,155337,2563157,10.52625,10.590239,10.52625,10.590239,0.031995,85
2016-08-05,263370,4350536,10.558244,10.622234,10.52625,10.558244,-0.031995,101
2016-08-08,374904,6230008,10.590239,10.718218,10.558244,10.622234,0.06399,148
2016-08-09,133387,2206339,10.622234,10.654228,10.558244,10.558244,-0.06399,84
2016-08-10,120050,1998424,10.494255,10.686223,10.494255,10.654228,0.095984,80
2016-08-11,230127,3799642,10.654228,10.654228,10.494255,10.622234,-0.031994,162
2016-08-12,212012,3516847,10.558244,10.654228,10.558244,10.654228,0.031994,126
2016-08-15,270916,4522983,10.622234,10.750213,10.622234,10.686223,0.031995,117
2016-08-16,204900,3419294,10.750213,10.750213,10.622234,10.622234,-0.063989,117
2016-08-17,482526,8056530,10.654228,10.750213,10.590239,10.750213,0.127979,392
2016-08-18,1339662,22711268,10.686223,10.942181,10.686223,10.878191,0.127978,362
2016-08-19,2634314,44666494,10.910186,10.910186,10.814202,10.846197,-0.031994,177
2016-08-22,816015,13608679,10.750213,10.782207,10.590239,10.590239,-0.255958,311
2016-08-23,3126510,51058257,10.656222,10.887162,10.656222,10.788188,0.197949,359
2016-08-24,313300,5087805,10.821179,10.821179,10.656222,10.722205,-0.065983,175
2016-08-25,348751,5698934,10.689214,10.821179,10.689214,10.821179,0.098974,216
2016-08-26,445435,7285423,10.788188,10.887162,10.689214,10.821179,0.0,222
2016-08-29,480000,7906279,10.821179,10.920153,10.755196,10.887162,0.065983,269
2016-08-30,286076,4704725,10.821179,10.953145,10.788188,10.85417,-0.032992,211
2016-08-31,169434,2783751,10.788188,10.887162,10.755196,10.887162,0.032992,118
2016-09-01,299730,4879648,10.85417,10.85417,10.656222,10.821179,-0.065983,133
2016-09-02,372900,6042422,10.689214,10.788188,10.656222,10.788188,-0.032991,109
2016-09-05,85288,1395944,10.821179,10.821179,10.788188,10.788188,0.0,37
2016-09-06,487601,8041788,10.788188,11.118101,10.722205,10.821179,0.032991,162
2016-09-07,272100,4439822,10.821179,10.821179,10.722205,10.722205,-0.098974,165
2016-09-08,180200,2963039,10.821179,10.887162,10.821179,10.85417,0.131965,80
2016-09-09,123701,2025192,10.788188,10.85417,10.755196,10.85417,0.0,96
2016-09-10,95111,1549311,10.821179,10.821179,10.656222,10.788188,-0.065982,49
2016-09-12,116600,1905717,10.722205,10.821179,10.722205,10.788188,0.0,77
2016-09-13,208210,3390372,10.755196,10.821179,10.689214,10.788188,0.0,151
2016-09-14,738700,11949285,10.689214,10.755196,10.656222,10.656222,-0.131966,182
2016-09-19,389610,6312250,10.689214,10.788188,10.623231,10.722205,0.065983,215
2016-09-20,167500,2731324,10.788188,10.788188,10.722205,10.788188,0.065983,95
2016-09-21,443200,7278498,10.755196,10.953145,10.722205,10.953145,0.164957,272
2016-09-22,163600,2697038,10.887162,10.920153,10.821179,10.920153,-0.032992,71
2016-09-23,449200,7374688,10.953145,10.953145,10.755196,10.920153,0.0,221
2016-09-26,996126,16475841,10.821179,10.986136,10.788188,10.953145,0.032992,157
2016-09-29,4272590,72831467,10.986136,11.448015,10.887162,11.283058,0.329913,569
2016-09-30,587600,10003440,11.283058,11.349041,11.151093,11.217076,-0.065982,249
2016-10-03,365100,6204125,11.217076,11.283058,11.151093,11.184084,-0.032992,156
2016-10-04,1037505,17789481,11.283058,11.54699,11.184084,11.217076,0.032992,392
2016-10-05,387165,6583455,11.217076,11.283058,11.151093,11.283058,0.065982,124
2016-10-06,467200,7900928,11.151093,11.250067,11.08511,11.250067,-0.032991,131
2016-10-07,185015,3138801,11.151093,11.217076,11.118101,11.151093,-0.098974,64
2016-10-11,721600,12180169,11.151093,11.250067,11.08511,11.08511,-0.065983,150
2016-10-12,321000,5376146,11.08511,11.151093,11.019127,11.052119,-0.032991,170
2016-10-13,479069,8084059,11.052119,11.217076,11.019127,11.151093,0.098974,151
2016-10-14,271602,4551441,11.052119,11.118101,10.986136,11.019127,-0.131966,149
2016-10-17,358200,5966713,11.019127,11.019127,10.953145,11.019127,0.0,152
2016-10-18,332800,5535699,10.986136,11.019127,10.920153,10.953145,-0.065982,109
2016-10-19,402063,6691943,10.986136,11.019127,10.920153,11.019127,0.065982,167
2016-10-20,281300,4698778,11.019127,11.052119,10.986136,11.052119,0.032992,194
2016-10-21,711507,12062669,11.052119,11.31605,11.052119,11.283058,0.230939,281
2016-10-24,371501,6365917,11.217076,11.415024,11.184084,11.382033,0.098975,152
2016-10-25,167500,2892948,11.349041,11.448015,11.31605,11.415024,0.032991,77
2016-10-26,148501,2553789,11.415024,11.415024,11.31605,11.349041,-0.065983,69
2016-10-27,473601,8162225,11.349041,11.415024,11.283058,11.349041,0.0,84
2016-10-28,137301,2350531,11.31605,11.31605,11.283058,11.31605,-0.032991,50
2016-10-31,277900,4737558,11.31605,11.349041,11.151093,11.250067,-0.065983,148
2016-11-01,147506,2524951,11.250067,11.349041,11.250067,11.283058,0.032991,53
2016-11-02,132620,2250660,11.283058,11.283058,11.151093,11.151093,-0.131965,115
2016-11-03,150001,2528466,11.118101,11.250067,11.08511,11.08511,-0.065983,94
2016-11-04,101600,1710377,11.217076,11.217076,11.052119,11.184084,0.098974,65
2016-11-07,112007,1894762,11.217076,11.250067,11.118101,11.184084,0.0,52
2016-11-08,47300,799090,11.118101,11.184084,11.118101,11.184084,0.0,24
2016-11-09,611097,10062448,11.118101,11.151093,10.656222,10.920153,-0.263931,235
2016-11-10,257200,4257748,10.953145,10.953145,10.887162,10.953145,0.032992,87
2016-11-11,108410,1793613,10.920153,10.953145,10.85417,10.953145,0.0,63
2016-11-14,122359,2022470,10.953145,10.986136,10.821179,10.887162,-0.065983,63
2016-11-15,731002,12363782,10.953145,11.283058,10.920153,11.08511,0.197948,225
2016-11-16,517976,8647853,11.151093,11.151093,10.953145,10.953145,-0.131965,262
2016-11-17,149150,2485525,11.118101,11.151093,10.953145,10.953145,0.0,65
2016-11-18,212520,3554634,11.019127,11.118101,10.953145,11.052119,0.098974,125
2016-11-21,185014,3091929,11.019127,11.08511,10.986136,11.052119,0.0,101
2016-11-22,279816,4649562,11.019127,11.019127,10.920153,10.986136,-0.065983,160
2016-11-23,256101,4265475,11.052119,11.052119,10.953145,11.019127,0.032991,86
2016-11-24,96050,1597928,11.052119,11.052119,10.953145,10.986136,-0.032991,47
2016-11-25,639500,10699398,11.019127,11.184084,10.953145,11.151093,0.164957,138
2016-11-28,601181,10344609,11.217076,11.448015,11.184084,11.349041,0.197948,239
2016-11-29,241306,4146497,11.415024,11.448015,11.283058,11.31605,-0.032991,143
2016-11-30,2550517,45753601,11.31605,12.074852,11.31605,11.843912,0.527862,995
2016-12-01,2733500,49249774,11.843912,12.338784,11.579981,11.843912,0.0,577
2016-12-02,4037358,74630870,11.77793,12.338784,11.744938,12.305792,0.46188,1251
2016-12-05,1958501,35991216,12.305792,12.338784,12.008869,12.074852,-0.23094,590
2016-12-06,1815063,33203134,12.173827,12.305792,11.909895,11.942887,-0.131965,591
2016-12-07,569368,10336910,11.942887,12.041861,11.942887,12.008869,0.065982,260
2016-12-08,1586100,29009879,12.140835,12.173827,11.975878,12.140835,0.131966,415
2016-12-09,526100,9667779,12.140835,12.173827,12.074852,12.140835,0.0,188
2016-12-12,910376,16350738,12.008869,12.041861,11.711947,11.843912,-0.296923,328
2016-12-13,445602,7949223,11.711947,11.843912,11.678955,11.810921,-0.032991,194
2016-12-14,341310,6089900,11.711947,11.843912,11.711947,11.77793,-0.032991,134
2016-12-15,376663,6775448,11.711947,11.975878,11.711947,11.942887,0.164957,195
2016-12-16,286043,5126762,11.876904,11.876904,11.77793,11.810921,-0.131966,125
2016-12-19,258009,4630302,11.843912,11.942887,11.744938,11.843912,0.032991,141
2016-12-20,417103,7443467,11.810921,11.843912,11.744938,11.744938,-0.098974,239
2016-12-21,200515,3593460,11.876904,11.909895,11.744938,11.810921,0.065983,106
2016-12-22,374629,6662463,11.744938,11.77793,11.678955,11.77793,-0.032991,165
2016-12-23,210500,3746698,11.810921,11.810921,11.711947,11.744938,-0.032992,77
2016-12-26,116540,2076426,11.744938,11.810921,11.711947,11.77793,0.032992,73
2016-12-27,864154,15650901,11.77793,12.041861,11.77793,12.041861,0.263931,391
2016-12-28,919162,16879783,12.008869,12.206818,12.008869,12.173827,0.131966,336
2016-12-29,1659949,30889141,12.140835,12.470749,12.008869,12.470749,0.296922,408
2016-12-30,3022945,56992410,12.536732,12.635706,12.338784,12.338784,-0.131965,678
2017-01-03,736600,13624697,12.206818,12.338784,12.074852,12.272801,-0.065983,293
2017-01-04,761400,14083539,12.173827,12.272801,12.173827,12.173827,-0.098974,390
2017-01-05,907322,16944180,12.239809,12.50374,12.140835,12.437758,0.263931,299
2017-01-06,931004,17683119,12.437758,12.668697,12.338784,12.536732,0.098974,343
2017-01-09,885400,16887215,12.536732,12.668697,12.50374,12.602715,0.065983,264
2017-01-10,470713,8954454,12.569723,12.635706,12.470749,12.569723,-0.032992,219
2017-01-11,1661514,31289951,12.50374,12.767671,12.239809,12.338784,-0.230939,532
2017-01-12,279627,5260816,12.371775,12.470749,12.338784,12.470749,0.131965,177
2017-01-13,568011,10732448,12.437758,12.536732,12.371775,12.536732,0.065983,152
2017-01-16,497515,9424453,12.50374,12.536732,12.437758,12.437758,-0.098974,173
2017-01-17,374013,7064687,12.470749,12.50374,12.404766,12.50374,0.065982,147
2017-01-18,235000,4438741,12.50374,12.536732,12.404766,12.536732,0.032992,156
2017-01-19,332064,6256925,12.437758,12.50374,12.371775,12.470749,-0.065983,119
2017-01-20,196900,3728863,12.536732,12.536732,12.437758,12.470749,0.0,94
2017-01-23,393512,7464515,12.536732,12.569723,12.470749,12.536732,0.065983,173
2017-01-24,728132,13874618,12.536732,12.73468,12.470749,12.73468,0.197948,450
2017-02-02,632414,12119443,12.569723,12.767671,12.569723,12.767671,0.032991,292
2017-02-03,755300,14664584,12.767671,12.866646,12.767671,12.866646,0.098975,266
2017-02-06,3954181,79100373,12.833654,13.394508,12.833654,13.19656,0.329914,933
2017-02-07,964193,19295972,13.295534,13.295534,13.130577,13.19656,0.0,286
2017-02-08,2071518,41206666,13.19656,13.262542,12.96562,13.130577,-0.065983,614
2017-02-09,2290000,46356142,13.130577,13.724422,13.031603,13.427499,0.296922,732
2017-02-10,2316155,46919304,13.427499,13.559465,13.163568,13.328525,-0.098974,452
2017-02-13,1753100,34610193,13.262542,13.262542,12.899637,13.031603,-0.296922,603
2017-02-14,1226974,23891278,13.064594,13.097585,12.73468,12.899637,-0.131966,413
2017-02-15,943728,18674976,12.833654,13.295534,12.833654,13.097585,0.197948,438
2017-02-16,429500,8450590,13.097585,13.097585,12.899637,13.031603,-0.065982,184
2017-02-17,474400,9314173,13.064594,13.064594,12.866646,13.031603,0.0,196
2017-02-18,132536,2600939,13.031603,13.031603,12.899637,12.998611,-0.032992,94
2017-02-20,595600,11631022,13.031603,13.031603,12.833654,12.866646,-0.131965,221
2017-02-21,511319,9982357,12.866646,12.932628,12.833654,12.932628,0.065982,203
2017-02-22,493145,9632502,12.932628,12.998611,12.833654,12.932628,0.0,228
2017-02-23,674536,13158058,12.899637,13.031603,12.800663,12.932628,0.0,205
2017-02-24,327210,6379933,12.899637,12.932628,12.800663,12.932628,0.0,190
2017-03-01,470441,9198056,12.932628,12.998611,12.833654,12.866646,-0.065982,224
2017-03-02,289400,5627630,12.932628,12.932628,12.767671,12.833654,-0.032992,178
2017-03-03,287936,5630687,12.767671,13.031603,12.767671,12.899637,0.065983,167
2017-03-06,254795,4964222,12.866646,12.899637,12.800663,12.899637,0.0,176
2017-03-07,454510,8813168,12.833654,12.899637,12.668697,12.899637,0.0,280
2017-03-08,200500,3907891,12.899637,12.899637,12.800663,12.899637,0.0,157
2017-03-09,604700,11711359,12.866646,12.866646,12.73468,12.800663,-0.098974,209
2017-03-10,482110,9273999,12.73468,12.767671,12.602715,12.73468,-0.065983,210
2017-03-13,1028720,20064270,12.800663,12.998611,12.800663,12.866646,0.131966,374
2017-03-14,671884,12996402,12.800663,12.833654,12.73468,12.767671,-0.098975,259
2017-03-15,609400,11704186,12.701689,12.73468,12.635706,12.701689,-0.065982,189
2017-03-16,1439260,27320053,12.635706,12.73468,12.437758,12.50374,-0.197949,436
2017-03-17,1142430,21778507,12.602715,12.701689,12.437758,12.701689,0.197949,535
2017-03-20,463406,8946795,12.767671,12.833654,12.635706,12.73468,0.032991,270
2017-03-21,458743,8823837,12.73468,12.767671,12.635706,12.701689,-0.032991,276
2017-03-22,336410,6475578,12.635706,12.73468,12.635706,12.73468,0.032991,127
2017-03-23,1148200,21962866,12.73468,12.767671,12.569723,12.73468,0.0,569
2017-03-24,890366,17038336,12.73468,12.73468,12.569723,12.73468,0.0,366
2017-03-27,517070,9883480,12.73468,12.73468,12.569723,12.635706,-0.098974,271
2017-03-28,574600,10981276,12.701689,12.701689,12.50374,12.668697,0.032991,319
2017-03-29,580000,11068076,12.668697,12.668697,12.536732,12.569723,-0.098974,288
2017-03-30,2131950,40597442,12.569723,12.668697,12.50374,12.668697,0.098974,628
2017-03-31,1939920,36881169,12.569723,12.668697,12.50374,12.50374,-0.164957,949
2017-04-05,1626521,31578039,12.536732,13.031603,12.536732,12.96562,0.46188,682
2017-04-06,2827407,56671838,12.96562,13.394508,12.96562,13.361517,0.395897,999
2017-04-07,1388823,27995089,13.328525,13.427499,13.064594,13.361517,0.0,597
2017-04-10,2107700,42826116,13.394508,13.460491,13.328525,13.394508,0.032991,786
2017-04-11,1732711,34575566,13.427499,13.427499,12.96562,13.097585,-0.296923,593
2017-04-12,386804,7642228,13.097585,13.163568,12.96562,13.064594,-0.032991,204
2017-04-13,422701,8335357,13.064594,13.064594,12.96562,12.96562,-0.098974,173
2017-04-14,538678,10526029,12.96562,12.96562,12.767671,12.899637,-0.065983,218
2017-04-17,699422,13402699,12.833654,12.899637,12.470749,12.668697,-0.23094,499
2017-04-18,922738,18000278,12.668697,13.064594,12.668697,13.031603,0.362906,542
2017-04-19,854886,16693551,13.031603,13.031603,12.73468,12.866646,-0.164957,410
2017-04-20,415163,8015446,12.800663,12.800663,12.668697,12.767671,-0.098975,146
2017-04-21,297800,5750556,12.767671,12.833654,12.668697,12.767671,0.0,131
2017-04-24,336500,6463497,12.701689,12.767671,12.635706,12.767671,0.0,128
2017-04-25,291000,5623491,12.800663,12.800663,12.701689,12.800663,0.032992,158
2017-04-26,333824,6475764,12.833654,12.866646,12.73468,12.833654,0.032991,233
2017-04-27,363100,6998669,12.800663,12.800663,12.668697,12.73468,-0.098974,128
2017-04-28,204200,3927789,12.701689,12.767671,12.635706,12.73468,0.0,87
2017-05-02,331801,6369919,12.833654,12.833654,12.602715,12.668697,-0.065983,168
2017-05-03,501301,9585148,12.635706,12.701689,12.569723,12.701689,0.032992,165
2017-05-04,837490,16012908,12.701689,12.73468,12.536732,12.701689,0.0,239
2017-05-05,873010,16579690,12.569723,12.668697,12.437758,12.602715,-0.098974,228
2017-05-08,178403,3390864,12.470749,12.569723,12.470749,12.569723,-0.032992,86
2017-05-09,385510,7279538,12.536732,12.569723,12.371775,12.536732,-0.032991,161
2017-05-10,254501,4835319,12.569723,12.602715,12.437758,12.602715,0.065983,170
2017-05-11,814413,15256419,12.569723,12.602715,12.239809,12.338784,-0.263931,379
2017-05-12,1926190,36206403,12.668697,12.701689,12.239809,12.404766,0.065982,742
2017-05-15,903601,17107988,12.50374,12.602715,12.404766,12.404766,0.0,285
2017-05-16,1500915,28272026,12.536732,12.602715,12.338784,12.437758,0.032992,415
2017-05-17,1638833,30632877,12.470749,12.470749,12.239809,12.437758,0.0,297
2017-05-18,425820,7959541,12.338784,12.404766,12.272801,12.404766,-0.032992,165
2017-05-19,314882,5885799,12.404766,12.404766,12.272801,12.404766,0.0,100
2017-05-22,258952,4843555,12.404766,12.404766,12.305792,12.338784,-0.065982,88
2017-05-23,841661,15698444,12.338784,12.371775,12.272801,12.371775,0.032991,323
2017-05-24,654301,12212963,12.371775,12.371775,12.272801,12.305792,-0.065983,205
2017-05-25,394242,7354212,12.371775,12.371775,12.272801,12.305792,0.0,122
2017-05-26,295391,5511320,12.338784,12.371775,12.239809,12.338784,0.032992,153
2017-05-31,741849,13825239,12.338784,12.371775,12.173827,12.371775,0.032991,225
2017-06-01,273702,5107035,12.371775,12.404766,12.272801,12.272801,-0.098974,136
2017-06-02,307800,5720339,12.272801,12.338784,12.239809,12.272801,0.0,124
2017-06-03,116901,2175386,12.272801,12.305792,12.272801,12.305792,0.032991,49
2017-06-05,958873,18123206,12.305792,12.602715,12.239809,12.536732,0.23094,565
2017-06-06,1144631,21910250,12.668697,12.73468,12.536732,12.701689,0.164957,620
2017-06-07,1003711,19335293,12.767671,12.833654,12.569723,12.569723,-0.131966,488
2017-06-08,353930,6769214,12.602715,12.668697,12.536732,12.668697,0.098974,192
2017-06-09,589793,11190206,12.668697,12.668697,12.437758,12.470749,-0.197948,277
2017-06-12,499200,9553659,12.569723,12.701689,12.569723,12.635706,0.164957,190
2017-06-13,350200,6674150,12.701689,12.701689,12.536732,12.602715,-0.032991,138
2017-06-14,428832,8126189,12.602715,12.635706,12.470749,12.536732,-0.065983,176
2017-06-15,661100,12533819,12.536732,12.668697,12.404766,12.437758,-0.098974,157
2017-06-16,386376,7280018,12.470749,12.536732,12.404766,12.50374,0.065982,178
2017-06-19,733613,13996182,12.536732,12.701689,12.536732,12.536732,0.032992,307
2017-06-20,497590,9439441,12.602715,12.602715,12.470749,12.50374,-0.032992,151
2017-06-21,737901,14162405,12.536732,12.800663,12.536732,12.701689,0.197949,356
2017-06-22,1754134,34155865,12.767671,12.998611,12.602715,12.96562,0.263931,511
2017-06-23,5627653,112044813,13.19656,13.295534,12.96562,12.96562,0.0,1227
2017-06-26,1614062,31959767,12.96562,13.130577,12.96562,13.064594,0.098974,568
2017-06-27,1030400,20379089,13.130577,13.130577,12.998611,13.031603,-0.032991,335
2017-06-28,1670703,32714327,12.998611,13.064594,12.767671,12.932628,-0.098975,491
2017-06-29,890500,17426099,12.96562,13.031603,12.800663,12.899637,-0.032991,266
2017-06-30,359301,6998651,12.96562,12.96562,12.800663,12.866646,-0.032991,141
2017-07-03,697119,13694424,12.932628,13.031603,12.866646,12.932628,0.065982,229
2017-07-04,1211804,24015935,12.998611,13.163568,12.96562,13.064594,0.131966,340
2017-07-05,551064,10903306,13.130577,13.130577,12.96562,13.097585,0.032991,220
2017-07-06,1233200,24184917,13.097585,13.097585,12.866646,12.998611,-0.098974,340
2017-07-07,310961,6102682,12.96562,12.998611,12.899637,12.96562,-0.032991,111
2017-07-10,473720,9304062,12.96562,13.031603,12.899637,13.031603,0.065983,181
2017-07-11,735915,14472593,12.998611,13.031603,12.932628,12.932628,-0.098975,257
2017-07-12,268855,5283761,12.998611,13.031603,12.932628,12.998611,0.065983,119
2017-07-13,662600,12982409,13.031603,13.031603,12.866646,12.998611,0.0,230
2017-07-14,1569310,31058804,12.96562,13.163568,12.96562,13.064594,0.065983,258
2017-07-17,596367,11817978,13.031603,13.130577,12.998611,13.097585,0.032991,212
2017-07-18,215200,4273286,13.097585,13.130577,13.064594,13.097585,0.0,119
2017-07-19,531601,10583608,13.097585,13.163568,13.097585,13.130577,0.032992,291
2017-07-20,957986,19172768,13.163568,13.295534,13.130577,13.19656,0.065983,378
2017-07-21,546700,10876307,13.19656,13.19656,13.064594,13.130577,-0.065983,165
2017-07-24,346001,6841369,13.130577,13.130577,12.998611,13.064594,-0.065983,134
2017-07-25,453729,8938808,12.998611,13.064594,12.96562,13.031603,-0.032991,140
2017-07-26,2746450,53862323,12.96562,13.064594,12.932628,12.932628,-0.098975,194
2017-07-27,475036,9340350,12.932628,13.031603,12.932628,12.932628,0.0,199
2017-07-28,329200,6459758,12.932628,12.998611,12.899637,12.96562,0.032992,128
2017-07-31,301500,5914498,13.031603,13.031603,12.899637,12.96562,0.0,106
2017-08-01,262900,5181034,12.932628,13.064594,12.932628,12.998611,0.032991,79
2017-08-02,1192518,23923510,12.998611,13.427499,12.998611,13.295534,0.296923,370
2017-08-03,492720,9888607,13.19656,13.295534,13.19656,13.262542,-0.032992,222
2017-08-04,441100,8815488,13.19656,13.262542,13.130577,13.229551,-0.032991,196
2017-08-07,552202,11065590,13.19656,13.328525,13.130577,13.295534,0.065983,171
2017-08-08,472200,9480800,13.295534,13.295534,13.163568,13.19656,-0.098974,127
2017-08-09,1654410,33026267,13.229551,13.229551,13.097585,13.130577,-0.065983,224
2017-08-10,889544,17416429,13.130577,13.130577,12.833654,12.833654,-0.296923,256
2017-08-11,464641,9137843,12.833654,13.064594,12.833654,12.96562,0.131966,174
2017-08-14,8366862,167566002,13.262542,13.328525,13.163568,13.19656,0.23094,587
2017-08-15,1110760,22230650,13.262542,13.295534,13.163568,13.19656,0.0,327
2017-08-16,861636,17182106,13.19656,13.229551,13.097585,13.163568,-0.032992,396
2017-08-17,2589104,52384749,13.19656,13.493482,13.19656,13.394508,0.23094,657
2017-08-18,4278795,86844735,13.295534,13.460491,13.295534,13.394508,0.0,687
2017-08-21,11223821,241925860,13.592457,14.681173,13.592457,14.681173,1.286665,3266
2017-08-22,12322150,262666940,14.888437,15.233876,14.197558,14.266645,-0.414528,3562
2017-08-23,14048541,297502596,14.473909,15.441139,14.370277,15.26842,1.001775,2884
2017-08-24,6667803,147649930,15.406595,15.613859,15.061156,15.199332,-0.069088,1972
2017-08-25,5802707,123634823,15.164788,15.302964,14.957524,15.061156,-0.138176,1054
2017-08-28,13646028,317004078,15.26842,16.546545,15.26842,16.546545,1.485389,4206
2017-08-29,8090250,192996693,16.442913,16.788353,16.097474,16.477457,-0.069088,2821
2017-08-30,6502769,156529581,16.719265,16.822897,16.373826,16.581089,0.103632,1863
2017-08-31,3929601,94452887,16.822897,16.822897,16.477457,16.650177,0.069088,1439
2017-09-01,4526427,108272642,16.719265,16.753809,16.40837,16.512001,-0.138176,1245
2017-09-04,6327127,149234254,16.581089,16.719265,16.06293,16.097474,-0.414527,2089
2017-09-05,2996601,70339160,16.201106,16.304738,16.097474,16.270194,0.17272,852
2017-09-06,4486562,106846987,16.304738,16.753809,16.097474,16.339282,0.069088,1489
2017-09-07,3039246,71308437,16.442913,16.442913,16.097474,16.132018,-0.207264,946
2017-09-08,2059834,48385127,16.201106,16.270194,16.166562,16.201106,0.069088,513
2017-09-11,2579500,59844473,16.166562,16.201106,15.924754,15.993842,-0.207264,859
2017-09-12,2266301,52576429,16.028386,16.097474,15.993842,16.028386,0.034544,595
2017-09-13,3203882,73835338,16.097474,16.097474,15.786578,15.855666,-0.17272,813
2017-09-14,3605701,82961573,15.959299,15.959299,15.855666,15.855666,0.0,750
2017-09-15,3758540,86891370,15.924754,16.097474,15.855666,15.959299,0.103633,917
2017-09-18,4437290,101577966,15.924754,16.028386,15.648403,15.786578,-0.172721,1571
2017-09-19,3738897,84631081,15.821123,15.855666,15.475683,15.544771,-0.241807,1158
2017-09-20,6298194,143841568,15.855666,16.06293,15.544771,15.579315,0.034544,1613
2017-09-21,2889100,65683285,15.648403,15.855666,15.579315,15.752035,0.17272,752
2017-09-22,2715105,61285761,15.752035,15.786578,15.475683,15.544771,-0.207264,821
2017-09-25,2017801,45049041,15.613859,15.682947,15.233876,15.441139,-0.103632,807
2017-09-26,2499800,55379677,15.372051,15.406595,15.233876,15.26842,-0.172719,712
2017-09-27,1171877,26141454,15.26842,15.475683,15.26842,15.406595,0.138175,385
2017-09-28,609183,13608679,15.475683,15.510227,15.372051,15.372051,-0.034544,275
2017-09-29,3719790,82547742,15.372051,15.682947,15.164788,15.475683,0.103632,822
2017-09-30,760139,16980498,15.475683,15.475683,15.406595,15.441139,-0.034544,243
2017-10-02,3170450,71497149,15.475683,15.821123,15.475683,15.475683,0.034544,860
2017-10-03,2719788,61526622,15.544771,15.786578,15.475683,15.717491,0.241808,659
2017-10-05,9614371,230864250,15.717491,17.133792,15.682947,17.133792,1.416301,3234
2017-10-06,6441245,156510985,17.271968,17.271968,16.546545,16.615633,-0.518159,2362
2017-10-11,4219977,100297899,16.650177,16.719265,16.270194,16.40837,-0.207263,1126
2017-10-12,2137512,50766652,16.442913,16.477457,16.339282,16.339282,-0.069088,751
2017-10-13,3848962,92120490,16.512001,16.684721,16.373826,16.477457,0.138175,1146
2017-10-16,1630102,39000530,16.546545,16.684721,16.442913,16.512001,0.034544,588
2017-10-17,1245134,29799278,16.581089,16.615633,16.442913,16.442913,-0.069088,522
2017-10-18,1629605,38590767,16.442913,16.546545,16.23565,16.40837,-0.034543,604
2017-10-19,1222800,29202698,16.512001,16.546545,16.442913,16.442913,0.034543,492
2017-10-20,2617835,61971144,16.477457,16.477457,16.304738,16.339282,-0.103631,485
2017-10-23,1032191,24611120,16.442913,16.512001,16.40837,16.477457,0.138175,403
2017-10-24,1025956,24495290,16.477457,16.581089,16.442913,16.512001,0.034544,433
2017-10-25,4843019,118271557,16.546545,17.099248,16.512001,16.85744,0.345439,1720
2017-10-26,2133439,52143213,16.788353,16.995616,16.788353,16.85744,0.0,848
2017-10-27,3176400,77128177,16.926528,16.961073,16.512001,16.546545,-0.310895,1009
2017-10-30,1813242,43285920,16.581089,16.822897,16.339282,16.546545,0.0,666
2017-10-31,904900,21664060,16.650177,16.650177,16.442913,16.477457,-0.069088,414
2017-11-01,759700,18159310,16.581089,16.581089,16.442913,16.512001,0.034544,329
2017-11-02,1579200,37981229,16.512001,16.684721,16.512001,16.615633,0.103632,538
2017-11-03,2258719,55271118,16.719265,17.133792,16.719265,16.85744,0.241807,969
2017-11-06,1090146,26581430,16.995616,17.030161,16.719265,16.822897,-0.034543,464
2017-11-07,989800,23959480,16.822897,16.891985,16.650177,16.684721,-0.138176,437
2017-11-08,1528004,37025545,16.753809,16.926528,16.615633,16.684721,0.0,468
2017-11-09,1313541,31695737,16.684721,16.788353,16.581089,16.719265,0.034544,491
2017-11-10,1527901,36952108,16.719265,16.822897,16.546545,16.684721,-0.034544,447
2017-11-13,2698953,64789271,16.546545,16.753809,16.512001,16.615633,-0.069088,698
2017-11-14,1183602,28385476,16.684721,16.684721,16.512001,16.512001,-0.103632,430
2017-11-15,1476094,35328045,16.512001,16.615633,16.477457,16.546545,0.034544,551
2017-11-16,1323729,31619380,16.546545,16.581089,16.442913,16.512001,-0.034544,421
2017-11-17,750088,17982794,16.512001,16.615633,16.512001,16.546545,0.034544,371
2017-11-20,1090124,26017046,16.546545,16.546545,16.442913,16.477457,-0.069088,337
2017-11-21,1455074,35059326,16.477457,16.926528,16.442913,16.684721,0.207264,553
2017-11-22,1820467,43763658,16.719265,16.788353,16.477457,16.581089,-0.103632,569
2017-11-23,3142500,74777549,16.650177,16.650177,16.339282,16.373826,-0.207263,814
2017-11-24,1073636,25702051,16.40837,16.684721,16.373826,16.512001,0.138175,426
2017-11-27,4062120,98892201,16.719265,16.926528,16.719265,16.788353,0.276352,1169
2017-11-28,2559249,62316923,16.891985,16.891985,16.753809,16.788353,0.0,632
2017-11-29,1790500,43247020,16.788353,16.822897,16.581089,16.684721,-0.103632,561
2017-11-30,4395200,105636124,16.615633,16.719265,16.512001,16.650177,-0.034544,712
2017-12-01,1964051,47513634,16.684721,16.85744,16.581089,16.85744,0.207263,698
2017-12-04,4851729,119149685,16.926528,17.133792,16.788353,16.961073,0.103633,1272
2017-12-05,6547536,163484971,16.926528,17.54832,16.788353,17.410144,0.449071,2134
2017-12-06,7189570,182267482,17.755583,17.928302,17.030161,17.306512,-0.103632,2566
2017-12-07,5868822,149931160,17.3756,17.962847,17.168336,17.893759,0.587247,1784
2017-12-08,3973274,102000381,17.99739,18.066478,17.54832,17.617407,-0.276352,1502
2017-12-11,3590979,92654056,17.824671,18.066478,17.651951,17.721039,0.103632,1172
2017-12-12,1861600,47665728,17.790127,17.824671,17.617407,17.651951,-0.069088,626
2017-12-13,1990666,50639446,17.651951,17.790127,17.479232,17.582863,-0.069088,670
2017-12-14,1666955,42258955,17.617407,17.617407,17.444688,17.513775,-0.069088,624
2017-12-15,3220319,82469160,17.582863,17.824671,17.513775,17.790127,0.276352,1013
2017-12-18,2519081,65138977,17.962847,17.99739,17.721039,17.755583,-0.034544,811
2017-12-19,1393110,35763212,17.790127,17.824671,17.686495,17.686495,-0.069088,443
2017-12-20,1706022,43790910,17.755583,17.824671,17.686495,17.721039,0.034544,411
2017-12-21,3766124,97450622,17.755583,18.101023,17.686495,17.755583,0.034544,1002
2017-12-22,1720839,44220554,17.755583,17.859215,17.686495,17.755583,0.0,464
2017-12-25,1420303,36416090,17.790127,17.893759,17.651951,17.721039,-0.034544,413
2017-12-26,1955803,50157682,17.755583,17.824671,17.651951,17.790127,0.069088,488
2017-12-27,1386540,35567296,17.755583,17.790127,17.686495,17.721039,-0.069088,464
2017-12-28,1373900,35252087,17.790127,17.790127,17.686495,17.721039,0.0,456
2017-12-29,5726867,148424896,17.790127,18.031935,17.686495,17.686495,-0.034544,1333
2018-01-02,7350840,192733139,17.928302,18.273742,17.859215,18.273742,0.587247,2167
2018-01-03,6762465,180068436,18.377374,18.584637,18.17011,18.377374,0.103632,2407
2018-01-04,3166238,83955928,18.34283,18.51555,18.204654,18.239198,-0.138176,1121
2018-01-05,3249676,86797045,18.446462,18.584637,18.308286,18.550094,0.310896,1194
2018-01-08,8717659,239759676,18.653725,19.275516,18.653725,19.102797,0.552703,3010
2018-01-09,5435944,147468824,18.999164,19.068252,18.411918,18.757357,-0.34544,2017
2018-01-10,3988701,107740377,18.757357,18.826445,18.550094,18.619182,-0.138175,1255
2018-01-11,11376143,301567122,18.722813,18.722813,18.066478,18.204654,-0.414528,2736
2018-01-12,3385223,89859104,18.308286,18.446462,18.273742,18.308286,0.103632,925
2018-01-15,5137070,138704891,18.584637,18.999164,18.411918,18.722813,0.414527,1555
2018-01-16,3665931,99684568,18.653725,18.930077,18.550094,18.860989,0.138176,1093
2018-01-17,4632761,126449119,18.930077,18.930077,18.722813,18.930077,0.069088,1422
2018-01-18,2801007,76716885,18.999164,19.068252,18.860989,18.860989,-0.069088,1150
2018-01-19,2912517,79552110,18.860989,18.930077,18.791901,18.895533,0.034544,927
2018-01-22,2457638,67215361,18.999164,19.033709,18.826445,18.930077,0.034544,975
2018-01-23,2667074,72858108,18.964621,18.964621,18.826445,18.860989,-0.069088,695
2018-01-24,2234404,61121625,18.860989,18.999164,18.860989,18.930077,0.069088,553
2018-01-25,3260389,88574403,18.930077,18.930077,18.688269,18.722813,-0.207264,809
2018-01-26,3032799,81381263,18.791901,18.791901,18.446462,18.481006,-0.241807,1075
2018-01-29,3096073,81973263,18.481006,18.481006,18.204654,18.204654,-0.276352,1201
2018-01-30,1901345,50311431,18.17011,18.446462,18.17011,18.204654,0.0,755
2018-01-31,4549802,121664552,18.204654,18.722813,18.031935,18.722813,0.518159,1598
2018-02-01,13023263,360201502,18.999164,19.551868,18.895533,19.206428,0.483615,4031
2018-02-02,4533974,125896024,19.344604,19.344604,19.033709,19.033709,-0.172719,1618
2018-02-05,4464935,120757830,18.653725,18.860989,18.377374,18.757357,-0.276352,1398
2018-02-06,8428083,220874173,18.308286,18.653725,17.479232,18.101023,-0.656334,3137
2018-02-07,3793557,101790039,18.446462,18.653725,18.34283,18.619182,0.518159,1516
2018-02-08,5727329,156224175,18.653725,19.033709,18.550094,18.999164,0.379982,2165
2018-02-09,4854564,131605717,18.446462,19.068252,18.17011,18.930077,-0.069087,1793
2018-02-12,10732417,297905168,19.13734,19.448236,18.964621,18.964621,0.034544,2577
2018-02-21,17188818,493245972,19.275516,20.27729,19.13734,20.139114,1.174493,4978
2018-02-22,9880175,290233502,20.380922,20.62273,19.897307,20.208202,0.069088,3817
2018-02-23,7582135,220882685,20.242746,20.346378,19.828219,20.173659,-0.034543,2855
2018-02-26,4613059,134863853,20.415466,20.519098,20.070027,20.070027,-0.103632,1599
2018-02-27,6856510,200202210,20.139114,20.484554,19.931851,20.173659,0.103632,2107
2018-03-01,3165839,92131495,19.966395,20.242746,19.931851,20.173659,0.0,1420
2018-03-02,5009037,145087925,20.035483,20.139114,19.897307,19.966395,-0.207264,1758
2018-03-05,4074580,116979481,20.035483,20.070027,19.690044,19.724587,-0.241808,1680
2018-03-06,4856210,141196255,19.897307,20.380922,19.862763,19.966395,0.241808,1610
2018-03-07,2243623,64601067,19.828219,20.000939,19.759132,19.897307,-0.069088,994
2018-03-08,4310314,125054279,20.035483,20.27729,19.897307,20.000939,0.103632,1295
2018-03-09,3152136,91173244,20.035483,20.208202,19.897307,19.966395,-0.034544,1067
2018-03-12,4557401,131760830,20.000939,20.27729,19.793675,20.035483,0.069088,1308
2018-03-13,3257401,94326829,20.035483,20.104571,19.862763,20.035483,0.0,868
2018-03-14,9435792,276916573,20.139114,20.519098,19.966395,20.311834,0.276351,2721
2018-03-15,2969402,87040262,20.311834,20.311834,20.104571,20.27729,-0.034544,1022
2018-03-16,4489238,130870167,20.311834,20.346378,20.070027,20.139114,-0.138176,1071
2018-03-19,9353782,277834551,20.242746,20.829994,20.173659,20.415466,0.276352,2838
2018-03-20,4081922,120128175,20.346378,20.553642,20.173659,20.519098,0.103632,1446
2018-03-21,6727437,201375567,20.657274,20.899081,20.415466,20.864537,0.345439,1960
2018-03-22,4266291,128255006,20.864537,20.968169,20.62273,20.657274,-0.207263,1508
2018-03-23,4679484,138203359,20.242746,20.62273,20.242746,20.346378,-0.310896,1583
2018-03-26,4012825,119445848,20.346378,20.726361,20.311834,20.657274,0.310896,1242
2018-03-27,3995810,119607800,20.795449,20.864537,20.519098,20.726361,0.069087,1340
2018-03-28,8571519,260885664,20.691818,21.279064,20.62273,21.071801,0.34544,2589
2018-03-29,5804121,177329869,21.071801,21.279064,20.899081,21.002713,-0.069088,1796
2018-03-30,17663267,552418036,21.313608,22.039031,21.279064,21.659048,0.656335,5371
2018-03-31,7858793,248796238,22.004487,22.039031,21.693592,21.935399,0.276351,2761
2018-04-02,14362827,464755557,22.004487,23.040805,21.831768,22.660822,0.725423,4005
2018-04-03,10418351,343352196,22.591734,23.144437,22.211751,23.144437,0.483615,3937
2018-04-09,14753984,504107206,23.351701,24.008035,23.282613,23.52442,0.379983,5078
2018-04-10,8531686,293584674,23.766228,24.111667,23.351701,24.111667,0.587247,3239
2018-04-11,18255500,613177226,23.628052,23.662596,22.660822,23.248069,-0.863598,6411
2018-04-12,4257211,142588680,23.213525,23.282613,23.040805,23.075349,-0.17272,1993
2018-04-13,7466838,246435360,23.213525,23.420788,22.453558,22.695366,-0.379983,2961
2018-04-16,5066447,168701209,22.72991,23.144437,22.72991,23.144437,0.449071,1952
2018-04-17,5048402,166860516,23.213525,23.248069,22.695366,22.695366,-0.449071,1874
2018-04-18,4722289,157202750,22.937173,23.282613,22.764454,23.213525,0.518159,1583
2018-04-19,9964756,339761056,23.144437,23.835316,23.075349,23.52442,0.310895,2972
2018-04-20,11343132,392691220,23.662596,24.180755,23.317157,24.180755,0.656335,3640
2018-04-23,13218559,468972662,24.49165,24.940721,24.008035,24.526194,0.345439,4453
2018-04-24,6667235,232221135,24.629826,24.629826,23.835316,23.869859,-0.656335,3142
2018-04-25,9024761,315945036,23.558964,24.871634,23.558964,24.66437,0.794511,2833
2018-04-26,7275150,255847561,24.66437,24.802546,23.904404,23.938947,-0.725423,2752
2018-04-27,3695135,127759964,24.215299,24.215299,23.593508,23.835316,-0.103631,1510
2018-04-30,3035722,105825570,24.180755,24.284387,23.835316,24.146211,0.310895,1180
2018-05-02,3563414,125102563,24.180755,24.526194,23.904404,24.318931,0.17272,1423
2018-05-03,6759185,239884110,24.215299,24.871634,24.008035,24.871634,0.552703,2410
2018-05-04,5752647,204230099,24.802546,24.83709,24.353475,24.457107,-0.414527,2174
2018-05-07,4091602,145533429,24.526194,24.802546,24.318931,24.698914,0.241807,1401
2018-05-08,4028565,143373786,24.698914,24.802546,24.422563,24.595282,-0.103632,1226
2018-05-09,5765627,205679993,24.49165,24.802546,24.353475,24.768002,0.17272,1747
2018-05-10,4070139,145111444,24.768002,24.768002,24.526194,24.595282,-0.17272,1357
2018-05-11,4644229,164933309,24.698914,24.733458,24.388019,24.388019,-0.207263,1381
2018-05-14,6993341,249875066,24.388019,24.83709,24.353475,24.83709,0.449071,2040
2018-05-15,11255434,409973894,25.251617,25.424337,24.906178,25.078897,0.241807,4038
2018-05-16,4305471,157071379,25.113442,25.286161,25.078897,25.286161,0.207264,1763
2018-05-17,6661611,243571807,25.251617,25.597056,25.113442,25.562513,0.276352,1987
2018-05-18,6327671,236384552,25.562513,25.907952,25.562513,25.80432,0.241807,2209
2018-05-21,5639090,210498494,25.942496,26.046128,25.493425,25.6316,-0.17272,2030
2018-05-22,5548347,207781736,25.6316,26.080671,25.493425,26.046128,0.414528,1884
2018-05-23,8890082,338953599,26.115216,26.667918,25.700688,26.667918,0.62179,3016
2018-05-24,11234333,439386571,26.806094,27.289709,26.529743,27.186078,0.51816,3266
2018-05-25,11039256,438044400,27.255166,27.773325,27.013358,27.013358,-0.17272,4229
2018-05-28,5056907,198060367,27.151533,27.496973,26.702462,27.358797,0.345439,2151
2018-05-29,3385901,133094897,27.358797,27.531517,26.978814,27.186078,-0.172719,1570
2018-05-30,5345435,206876282,26.94427,26.94427,26.564287,26.633375,-0.552703,2247
2018-05-31,4755644,186169866,26.806094,27.358797,26.77155,27.220621,0.587246,1815
2018-06-01,2817000,110611241,27.358797,27.358797,26.978814,27.013358,-0.207263,1240
2018-06-04,2384759,93755509,27.358797,27.358797,27.013358,27.151533,0.138175,1145
2018-06-05,2626690,102725135,27.151533,27.186078,26.875182,27.013358,-0.138175,1203
2018-06-06,4413083,174392543,27.013358,27.462429,26.94427,27.462429,0.449071,1704
2018-06-07,3612405,142427462,27.496973,27.531517,27.047902,27.082445,-0.379984,1613
2018-06-08,3272257,127789671,27.082445,27.220621,26.875182,26.94427,-0.138175,1234
2018-06-11,4758051,188427510,27.220621,27.635149,27.082445,27.393341,0.449071,1916
2018-06-12,3264993,128588719,27.358797,27.393341,27.013358,27.220621,-0.17272,1147
2018-06-13,2462874,97209884,27.220621,27.462429,27.151533,27.220621,0.0,1456
2018-06-14,2494110,98397516,27.289709,27.393341,27.11699,27.186078,-0.034543,969
2018-06-15,6877377,273341780,27.393341,27.704237,27.220621,27.704237,0.518159,2040
2018-06-19,5314410,211046069,27.635149,27.635149,27.289709,27.324253,-0.379984,1962
2018-06-20,2691774,106606729,27.289709,27.496973,27.289709,27.358797,0.034544,1140
2018-06-21,2041204,81000093,27.358797,27.531517,27.358797,27.358797,0.0,733
2018-06-22,2319697,91772799,27.255166,27.427885,27.220621,27.358797,0.0,984
2018-06-25,2088274,82869867,27.496973,27.496973,27.324253,27.358797,0.0,948
2018-06-26,14354533,589280395,27.358797,29.189626,27.220621,28.533291,1.174494,5491
2018-06-27,7419159,306306802,28.706011,28.982362,28.08422,28.326027,-0.207264,3132
2018-06-28,2829164,115878529,28.25694,28.636923,28.08422,28.153307,-0.17272,1379
2018-06-29,2370393,96754495,28.25694,28.360571,28.015132,28.222395,0.069088,906
2018-07-02,3037468,123536700,28.326027,28.326027,27.842412,27.842412,-0.379983,1148
2018-07-03,12705420,493374879,27.842412,27.876956,26.046128,26.184304,-1.658108,4794
2018-07-04,5143502,195771039,25.907952,27.047902,25.735232,26.840638,0.656334,2522
2018-07-05,3426050,132208843,26.806094,26.94427,26.460655,26.495199,-0.345439,1399
2018-07-06,4633483,176309869,26.564287,26.667918,25.942496,26.426111,-0.069088,1586
2018-07-09,2350981,91611503,26.426111,27.220621,26.426111,26.978814,0.552703,1143
2018-07-10,1537820,59947917,27.013358,27.11699,26.667918,26.978814,0.0,760
2018-07-11,5693105,218483490,26.391567,26.737006,26.322479,26.357023,-0.621791,2090
2018-07-12,1897874,72995159,26.426111,26.702462,26.391567,26.564287,0.207264,827
2018-07-13,1594244,61697578,26.702462,26.875182,26.667918,26.702462,0.138175,662
2018-07-16,1263046,48890466,26.667918,26.840638,26.598831,26.702462,0.0,714
2018-07-17,2528753,97173723,26.702462,26.702462,26.322479,26.426111,-0.276351,1180
2018-07-18,1878931,72134964,26.495199,26.702462,26.391567,26.633375,0.207264,856
2018-07-19,1539400,59440028,26.667918,26.840638,26.529743,26.737006,0.103631,711
2018-07-20,2336997,90603783,26.806094,26.875182,26.633375,26.840638,0.103632,1052
2018-07-23,2159209,83456113,26.875182,26.875182,26.564287,26.840638,0.0,783
2018-07-24,1009208,39105147,26.840638,26.909726,26.598831,26.909726,0.069088,525
2018-07-25,3019354,119176916,26.94427,27.531517,26.840638,27.289709,0.379983,1374
2018-07-26,3222920,128908055,27.358797,27.842412,27.324253,27.635149,0.34544,1484
2018-07-27,2170468,87478158,27.946044,27.980588,27.704237,27.773325,0.138176,1050
2018-07-30,1802417,72228580,27.773325,27.807868,27.566061,27.635149,-0.138176,866
2018-07-31,2535494,102015755,27.635149,27.980588,27.531517,27.9115,0.276351,1176
2018-08-01,4499237,184242511,28.015132,28.602379,27.9115,28.533291,0.621791,1893
2018-08-02,3647214,149977962,28.533291,28.636923,28.222395,28.464203,-0.069088,1674
2018-08-03,4423946,184002231,28.498747,28.947818,28.326027,28.947818,0.483615,1669
2018-08-06,2511961,104858810,29.05145,29.085994,28.740555,28.844187,-0.103631,1304
2018-08-07,2548663,106450736,28.844187,28.947818,28.740555,28.87873,0.034543,1035
2018-08-08,3083800,128436175,28.87873,28.947818,28.602379,28.671467,-0.207263,1428
2018-08-09,3903381,161324319,28.498747,28.844187,28.187852,28.533291,-0.138176,1628
2018-08-10,5957841,245654846,28.533291,28.636923,28.25694,28.567835,0.034544,1925
2018-08-13,13163181,539096521,28.395115,28.636923,27.807868,28.049676,-0.518159,3931
2018-08-14,10056794,329957857,28.209545,29.081556,28.209545,28.689151,0.639475,3921
2018-08-15,5419167,178404761,29.212358,29.255958,28.427548,28.471149,-0.218002,2223
2018-08-16,3247010,104879564,28.253145,28.383947,27.991542,28.035143,-0.436006,1592
2018-08-17,3413009,110200892,28.165945,28.340347,28.035143,28.035143,0.0,1124
2018-08-20,3809247,121629737,28.165945,28.209545,27.424735,27.599138,-0.436005,1293
2018-08-21,2069713,66407371,27.599138,28.340347,27.599138,28.253145,0.654007,1122
2018-08-22,3027355,96817499,28.253145,28.253145,27.686339,27.77354,-0.479605,1067
2018-08-23,1630197,51945304,27.77354,27.947942,27.642738,27.81714,0.0436,741
2018-08-24,2474401,77589481,27.81714,27.860741,27.119532,27.206733,-0.610407,1148
2018-08-27,2435100,77185798,27.337535,28.165945,27.206733,27.77354,0.566807,1056
2018-08-28,2822261,91132426,27.991542,28.296746,27.991542,28.122344,0.348804,968
2018-08-29,1507700,48366350,28.209545,28.209545,27.860741,27.904341,-0.218003,731
2018-08-30,1711809,54770453,27.947942,28.035143,27.77354,27.904341,0.0,552
2018-08-31,1794308,57135764,27.904341,27.904341,27.642738,27.904341,0.0,802
2018-09-03,1829587,58266284,27.904341,27.904341,27.686339,27.729939,-0.174402,880
2018-09-04,1557428,49425646,27.81714,27.904341,27.599138,27.642738,-0.087201,698
2018-09-05,1575024,50218204,27.81714,27.991542,27.599138,27.686339,0.043601,887
2018-09-06,1659300,52462172,27.642738,27.686339,27.468336,27.511936,-0.174403,721
2018-09-07,3724104,114562902,27.511936,27.555537,26.203921,26.509125,-1.002811,1694
2018-09-10,3618857,107305410,26.94513,26.94513,25.462712,25.506312,-1.002813,1617
2018-09-11,2567317,76446031,25.549912,26.509125,25.462712,26.247521,0.741209,1502
2018-09-12,1869132,56599314,26.509125,26.596326,26.11672,26.552725,0.305204,1119
2018-09-13,2331350,72382309,26.98873,27.337535,26.596326,27.337535,0.78481,1391
2018-09-14,2786803,86878292,27.555537,27.555537,26.901529,27.250334,-0.087201,1248
2018-09-17,786436,24450778,27.163132,27.206733,27.032331,27.075931,-0.174403,397
2018-09-18,2242704,68394010,27.075931,27.075931,26.247521,26.465524,-0.610407,1066
2018-09-19,1051068,32215278,26.683526,26.857929,26.552725,26.770727,0.305203,580
2018-09-20,1598884,48514397,26.857929,26.857929,26.203921,26.421923,-0.348804,682
2018-09-21,3302909,100234084,26.552725,26.770727,26.16032,26.421923,0.0,1287
2018-09-25,1850135,56231672,26.421923,26.727127,26.247521,26.596326,0.174403,1026
2018-09-26,1623870,49615980,26.683526,26.770727,26.465524,26.727127,0.130801,836
2018-09-27,2767949,84860223,26.814328,27.119532,26.421923,26.509125,-0.218002,1247
2018-09-28,1121860,34022680,26.552725,26.683526,26.378322,26.421923,-0.087202,617
2018-10-01,1578083,47608400,26.421923,26.509125,26.203921,26.509125,0.087202,885
2018-10-02,1355922,41043668,26.552725,26.683526,26.291122,26.334722,-0.174403,707
2018-10-03,1289290,38851675,26.421923,26.421923,26.203921,26.203921,-0.130801,816
2018-10-04,1964230,59102374,26.247521,26.378322,26.11672,26.247521,0.0436,988
2018-10-05,3882709,114579919,26.247521,26.247521,25.419111,25.637113,-0.610408,1854
2018-10-08,1932453,57223740,25.680714,26.11672,25.637113,25.767916,0.130803,1109
2018-10-09,1826149,54561771,25.811516,26.509125,25.680714,26.509125,0.741209,918
2018-10-11,7025005,201421963,24.852304,25.375511,24.590701,24.983106,-1.526019,2596
2018-10-12,3033674,86156868,23.71869,25.506312,23.71869,25.462712,0.479606,1590
2018-10-15,4428762,125591959,25.288309,25.33191,24.372698,24.765103,-0.697609,2246
2018-10-16,2772378,78049285,24.677902,24.939505,24.285497,24.416299,-0.348804,1383
2018-10-17,2056686,57112714,24.765103,24.808703,23.805891,23.849492,-0.566807,1261
2018-10-18,2762773,75957743,23.936693,24.241897,23.805891,23.980293,0.130801,1045
2018-10-19,3601944,99743482,23.675089,24.5471,23.369886,24.5471,0.566807,1372
2018-10-22,1514055,42215526,24.372698,24.459899,23.805891,24.285497,-0.261603,594
2018-10-23,1579321,43499694,24.154695,24.285497,23.893093,23.893093,-0.392404,600
2018-10-24,2781125,75145825,23.71869,23.893093,23.282685,23.369886,-0.523207,1219
2018-10-25,4472509,113547858,22.672277,22.672277,21.800266,21.974669,-1.395217,1740
2018-10-26,5613157,138288831,22.323473,22.323473,20.971856,21.669465,-0.305204,2044
2018-10-29,1955552,49411574,22.06187,22.323473,21.713066,22.323473,0.654008,886
2018-10-30,1134200,28908371,22.323473,22.497875,21.974669,22.149071,-0.174402,699
2018-10-31,2174900,56414180,22.84668,22.84668,22.410674,22.84668,0.697609,790
2018-11-01,1298940,34183856,22.84668,23.151883,22.628677,23.021082,0.174402,658
2018-11-02,1960587,52154057,23.108283,23.413486,22.93388,23.195484,0.174402,1000
2018-11-05,1400753,36881150,23.195484,23.195484,22.84668,22.93388,-0.261604,858
2018-11-06,1117856,29410457,23.195484,23.195484,22.803079,22.803079,-0.130801,662
2018-11-07,1094900,28782458,22.759479,23.064682,22.715878,22.977481,0.174402,630
2018-11-08,1713784,45485529,23.195484,23.282685,22.977481,23.239084,0.261603,707
2018-11-09,947174,25070658,23.369886,23.369886,22.89028,23.195484,-0.0436,454
2018-11-12,1304821,34610991,23.108283,23.326285,22.977481,23.064682,-0.130802,572
2018-11-13,1167133,30560162,22.759479,23.021082,22.628677,23.021082,-0.0436,611
2018-11-14,2267121,61329700,22.93388,23.893093,22.93388,23.805891,0.784809,1051
2018-11-15,2838144,76654391,23.457087,23.893093,23.239084,23.893093,0.087202,1254
2018-11-16,2557658,69455222,23.893093,24.111095,23.457087,23.631489,-0.261604,1340
2018-11-19,1409796,38190538,23.675089,23.805891,23.544288,23.76229,0.130801,568
2018-11-20,613482,16586364,23.71869,23.71869,23.282685,23.544288,-0.218002,338
2018-11-21,1262795,34051415,23.282685,23.675089,23.282685,23.544288,0.0,601
2018-11-22,747452,20113509,23.631489,23.71869,23.326285,23.369886,-0.174402,325
2018-11-23,724960,19365830,23.369886,23.413486,23.239084,23.239084,-0.130802,307
2018-11-26,1183400,32112741,23.413486,23.893093,23.413486,23.457087,0.218003,504
2018-11-27,436251,11732877,23.457087,23.544288,23.369886,23.457087,0.0,286
2018-11-28,1422479,38202375,23.369886,23.544288,23.239084,23.544288,0.087201,621
2018-11-29,861861,23267500,23.71869,23.71869,23.413486,23.457087,-0.087201,451
2018-11-30,2424110,63460296,23.457087,23.544288,22.497875,22.497875,-0.959212,738
2018-12-03,1904420,50914627,23.108283,23.457087,23.108283,23.457087,0.959212,857
2018-12-04,1377791,37166157,23.587889,23.675089,23.369886,23.500688,0.043601,665
2018-12-05,1072203,28773131,23.282685,23.457087,23.282685,23.369886,-0.130802,641
2018-12-06,1897972,50346188,23.369886,23.413486,23.064682,23.108283,-0.261603,792
2018-12-07,607902,16288253,23.195484,23.457087,23.195484,23.457087,0.348804,388
2018-12-10,943820,25047741,23.369886,23.369886,23.108283,23.108283,-0.348804,370
2018-12-11,3294391,86080308,23.108283,23.108283,22.585076,22.84668,-0.261603,793
2018-12-12,1551813,40869906,22.84668,23.195484,22.672277,23.151883,0.305203,815
2018-12-13,1367685,35898272,23.151883,23.282685,22.759479,22.803079,-0.348804,605
2018-12-14,908681,23827954,22.803079,22.977481,22.803079,22.93388,0.130801,533
2018-12-17,808446,21102929,22.93388,22.93388,22.672277,22.803079,-0.130801,399
2018-12-18,2234729,57249071,22.541476,22.585076,22.10547,22.149071,-0.654008,1080
2018-12-19,1229576,31151426,22.279873,22.323473,21.974669,22.10547,-0.043601,490
2018-12-20,1315108,33002375,22.10547,22.10547,21.669465,21.713066,-0.392404,564
2018-12-21,1678600,41529050,21.538664,22.01827,21.27706,21.669465,-0.043601,738
2018-12-22,1800900,46081404,21.974669,22.628677,21.800266,22.454275,0.78481,847
2018-12-24,1409577,36402363,22.541476,22.672277,22.367074,22.497875,0.0436,510
2018-12-25,733046,18595964,22.236272,22.323473,21.931069,22.149071,-0.348804,358
2018-12-26,1203568,30413825,22.149071,22.279873,21.887468,22.06187,-0.087201,461
2018-12-27,1189280,30342265,22.323473,22.410674,22.10547,22.236272,0.174402,426
2018-12-28,614146,15686043,22.192671,22.454275,22.192671,22.279873,0.043601,328
2019-01-02,1137399,28901861,22.323473,22.410674,21.887468,22.01827,-0.261603,449
2019-01-03,773392,19640824,21.887468,22.410674,21.887468,21.974669,-0.043601,426
2019-01-04,1729870,43463517,21.887468,22.149071,21.625865,21.974669,0.0,525
2019-01-07,907561,23224554,22.410674,22.410674,22.192671,22.410674,0.436005,437
2019-01-08,1428575,36341473,22.367074,22.367074,22.10547,22.149071,-0.261603,637
2019-01-09,1013234,26054080,22.149071,22.497875,22.149071,22.497875,0.348804,656
2019-01-10,1439900,37583341,22.541476,22.977481,22.410674,22.84668,0.348805,881
2019-01-11,1635019,42531044,22.672277,22.759479,22.628677,22.672277,-0.174403,636
2019-01-14,875202,22762616,22.759479,22.803079,22.628677,22.672277,0.0,387
2019-01-15,1737321,46448433,22.672277,23.544288,22.672277,23.369886,0.697609,967
2019-01-16,829035,22083622,23.195484,23.457087,23.108283,23.239084,-0.130802,448
2019-01-17,1162600,31173991,23.544288,23.587889,23.239084,23.326285,0.087201,660
2019-01-18,1652660,44359945,23.413486,23.500688,23.239084,23.457087,0.130802,483
2019-01-21,1287337,35176491,23.675089,23.936693,23.631489,23.805891,0.348804,801
2019-01-22,2948695,81895260,23.805891,24.765103,23.71869,24.503499,0.697608,1465
2019-01-23,1689200,47024050,24.329098,24.459899,23.980293,24.416299,-0.0872,999
2019-01-24,2536719,72001491,24.285497,24.939505,24.285497,24.808703,0.392404,1220
2019-01-25,1801920,50954338,24.852304,24.895904,24.459899,24.5471,-0.261603,988
2019-01-28,1907796,54001141,24.590701,24.808703,24.5471,24.765103,0.218003,908
2019-01-29,987980,27874331,24.677902,24.677902,24.503499,24.634302,-0.130801,498
2019-01-30,1064240,30004514,24.765103,24.765103,24.503499,24.503499,-0.130803,476
2019-02-11,2084692,59417786,24.765103,25.026706,24.677902,24.895904,0.392405,1056
2019-02-12,1736082,49199809,24.895904,24.895904,24.634302,24.721503,-0.174401,777
2019-02-13,1317280,37052223,24.634302,24.721503,24.459899,24.503499,-0.218004,763
2019-02-14,2097068,58652351,24.503499,24.590701,24.241897,24.459899,-0.0436,850
2019-02-15,1505096,42088238,24.372698,24.459899,24.329098,24.416299,-0.0436,520
2019-02-18,1444720,40233726,24.372698,24.372698,24.154695,24.154695,-0.261604,575
2019-02-19,650418,18286306,24.154695,24.852304,24.154695,24.416299,0.261604,421
2019-02-20,936667,26426181,24.503499,24.677902,24.503499,24.634302,0.218003,583
2019-02-21,747979,21073253,24.634302,24.677902,24.503499,24.5471,-0.087202,545
2019-02-22,803800,22642325,24.590701,24.765103,24.503499,24.503499,-0.043601,508
2019-02-25,677426,19052262,24.503499,24.590701,24.459899,24.503499,0.0,403
2019-02-26,711075,19988597,24.5471,24.590701,24.416299,24.503499,0.0,457
2019-02-27,619630,17397760,24.5471,24.590701,24.416299,24.590701,0.087202,371
2019-03-04,722542,20356926,24.590701,24.634302,24.459899,24.5471,-0.043601,394
2019-03-05,622903,17504852,24.503499,24.5471,24.459899,24.5471,0.0,451
2019-03-06,2345658,67184136,24.677902,25.288309,24.5471,25.201108,0.654008,1434
2019-03-07,1641856,47033342,25.201108,25.201108,24.765103,24.765103,-0.436005,887
2019-03-08,971448,27847796,24.765103,25.244709,24.590701,25.157508,0.392405,542
2019-03-11,2596061,73843589,25.070307,25.070307,24.590701,24.721503,-0.436005,1392
2019-03-12,1452723,41213694,24.852304,24.939505,24.634302,24.634302,-0.087201,825
2019-03-13,868854,24474728,24.5471,24.721503,24.503499,24.503499,-0.130803,554
2019-03-14,1902341,53959449,24.5471,24.852304,24.5471,24.765103,0.261604,962
2019-03-15,1443279,41036257,24.765103,24.939505,24.677902,24.939505,0.174402,706
2019-03-18,1455440,41650646,24.939505,25.113907,24.852304,25.026706,0.087201,714
2019-03-19,2020571,58858109,25.113907,25.680714,25.070307,25.288309,0.261603,1120
2019-03-20,1672677,48953991,25.506312,25.680714,25.375511,25.506312,0.218003,787
2019-03-21,1067730,31241510,25.637113,25.637113,25.375511,25.593513,0.087201,605
2019-03-22,1322460,38858768,25.680714,25.724315,25.506312,25.680714,0.087201,663
2019-03-25,1406615,41041796,25.462712,25.637113,25.244709,25.593513,-0.087201,808
2019-03-26,2152785,63921346,25.637113,26.029518,25.637113,26.029518,0.436005,933
2019-03-27,1940605,57911957,26.073119,26.203921,25.855116,25.985918,-0.0436,847
2019-03-28,1925187,57160325,25.985918,25.985918,25.767916,25.855116,-0.130802,965
2019-03-29,1272950,37783802,26.073119,26.073119,25.811516,25.898717,0.043601,619
2019-04-01,1669702,49637778,25.898717,26.073119,25.767916,25.898717,0.0,679
2019-04-02,2537005,74964135,26.073119,26.073119,25.419111,25.637113,-0.261604,1210
2019-04-03,1417929,41586305,25.811516,25.811516,25.462712,25.549912,-0.087201,895
2019-04-08,2676468,77561874,25.767916,25.767916,25.157508,25.201108,-0.348804,1302
2019-04-09,1319473,38390804,25.201108,25.506312,25.201108,25.462712,0.261604,719
2019-04-10,1319426,38208536,25.462712,25.462712,25.157508,25.375511,-0.087201,814
2019-04-11,3408770,97094087,25.201108,25.201108,24.677902,24.721503,-0.654008,1639
2019-04-12,1351210,38113309,24.5471,24.677902,24.503499,24.503499,-0.218004,674
2019-04-15,3569078,98462055,24.503499,24.590701,23.849492,23.893093,-0.610406,1854
2019-04-16,3511275,95013998,23.631489,23.980293,23.326285,23.980293,0.0872,1591
2019-04-17,2146624,58284284,24.023894,24.023894,23.544288,23.587889,-0.392404,1201
2019-04-18,3673892,97912657,23.71869,23.71869,22.93388,22.93388,-0.654009,1719
2019-04-19,2440763,64327486,22.89028,23.108283,22.89028,22.89028,-0.0436,1182
2019-04-22,1309458,34524908,22.977481,23.064682,22.89028,22.977481,0.087201,642
2019-04-23,2561271,67460753,22.977481,23.282685,22.759479,23.108283,0.130802,1414
2019-04-24,3015751,79764284,23.195484,23.282685,22.803079,23.151883,0.0436,1755
2019-04-25,1275704,33761668,23.151883,23.151883,23.021082,23.151883,0.0,711
2019-04-26,6737914,162232623,21.059057,21.23346,20.841055,20.841055,-2.310828,2237
2019-04-29,31778938,697399636,19.62024,19.838243,18.79183,19.271436,-1.569619,7922
2019-04-30,9167176,208615135,19.62024,20.187047,19.62024,19.663841,0.392405,3709
2019-05-02,6751582,148896080,19.533039,19.62024,18.922632,19.489438,-0.174403,2973
2019-05-03,4861344,110790552,19.445838,20.143447,19.358637,19.969044,0.479606,1938
2019-05-06,5067866,116972541,20.056246,20.666653,19.62024,20.143447,0.174403,2171
2019-05-07,4316978,102133411,19.969044,20.884656,19.969044,20.666653,0.523206,1968
2019-05-08,3632642,84480598,20.579452,20.579452,20.099846,20.187047,-0.479606,1690
2019-05-09,4678590,105809357,20.056246,20.143447,19.489438,19.533039,-0.654008,2050
2019-05-10,5043078,111908769,19.663841,19.925443,19.009833,19.097033,-0.436006,2143
2019-05-13,7914488,167792366,19.097033,19.184234,18.137822,18.355824,-0.741209,2817
2019-05-14,6763274,139428468,18.225023,18.268624,17.701817,18.225023,-0.130801,2879
2019-05-15,3476770,73489692,18.312224,18.530227,18.312224,18.399425,0.174402,1538
2019-05-16,6075678,125778924,18.486626,18.573827,17.745417,17.919819,-0.479606,1884
2019-05-17,6296275,127159696,17.96342,18.050621,17.440214,17.483814,-0.436005,2208
2019-05-20,4112203,83350594,17.483814,17.919819,17.353012,17.614615,0.130801,1859
2019-05-21,8026008,162345613,17.614615,18.050621,17.527414,17.789018,0.174403,1920
2019-05-22,2516261,52150190,17.876219,18.312224,17.876219,18.050621,0.261603,1332
2019-05-23,1298031,26830985,18.00702,18.181423,17.919819,18.050621,0.0,724
2019-05-24,3683586,78022910,18.050621,18.617428,18.050621,18.486626,0.436005,1470
2019-05-27,4319523,92732566,18.661028,19.009833,18.312224,18.966232,0.479606,1563
2019-05-28,5724578,122273588,18.966232,19.358637,18.137822,18.137822,-0.82841,1798
2019-05-29,2091955,43643308,18.094221,18.399425,18.00702,18.094221,-0.043601,789
2019-05-30,3297701,69747223,18.094221,18.79183,18.00702,18.573827,0.479606,1460
2019-05-31,3607416,77808070,18.486626,19.009833,18.399425,19.009833,0.436006,1108
2019-06-03,1237041,26566918,18.704629,18.922632,18.617428,18.704629,-0.305204,600
2019-06-04,1633597,34762935,18.748229,18.79183,18.268624,18.268624,-0.436005,855
2019-06-05,1027539,21700865,18.399425,18.704629,18.312224,18.312224,0.0436,559
2019-06-06,568169,12028717,18.312224,18.661028,18.312224,18.443025,0.130801,319
2019-06-10,1175634,25192548,18.530227,18.83543,18.443025,18.661028,0.218003,482
2019-06-11,1298459,27904248,18.661028,18.922632,18.573827,18.617428,-0.0436,497
2019-06-12,3054280,63883842,18.530227,18.573827,18.094221,18.225023,-0.392405,1062
2019-06-13,1813770,37647531,18.137822,18.225023,18.050621,18.050621,-0.174402,621
2019-06-14,689869,14332766,18.050621,18.225023,18.050621,18.137822,0.087201,396
2019-06-17,1078641,22291629,18.050621,18.181423,17.919819,18.00702,-0.130802,417
2019-06-18,2524425,51870729,18.00702,18.094221,17.876219,17.876219,-0.130801,1280
2019-06-19,1958160,40530176,17.96342,18.355824,17.876219,18.268624,0.392405,1007
2019-06-20,1678854,35456561,18.268624,18.530227,18.181423,18.530227,0.261603,685
2019-06-21,3959030,82998869,18.530227,18.704629,18.00702,18.137822,-0.392405,1564
2019-06-24,1387563,28671388,18.00702,18.137822,17.919819,17.96342,-0.174402,681
2019-06-25,2497732,52323432,18.050621,18.443025,18.050621,18.181423,0.218003,1072
2019-06-26,1638135,34350200,18.181423,18.399425,18.137822,18.181423,0.0,664
2019-06-27,1595560,33212713,18.225023,18.268624,18.094221,18.137822,-0.043601,795
2019-06-28,1136353,23607019,18.181423,18.181423,18.00702,18.137822,0.0,430
2019-07-01,1469574,30654751,18.225023,18.312224,18.137822,18.181423,0.043601,603
2019-07-02,996845,20757424,18.181423,18.225023,18.094221,18.225023,0.0436,436
2019-07-03,1218361,25409368,18.268624,18.312224,18.050621,18.050621,-0.174402,539
2019-07-04,1943669,40982924,18.137822,18.617428,18.137822,18.355824,0.305203,865
2019-07-05,940943,19702044,18.399425,18.399425,18.181423,18.225023,-0.130801,411
2019-07-08,1154546,24001524,18.225023,18.268624,18.050621,18.094221,-0.130802,476
2019-07-09,905434,18783254,18.094221,18.137822,18.050621,18.050621,-0.0436,548
2019-07-10,930200,19294123,18.094221,18.225023,18.050621,18.094221,0.0436,446
2019-07-11,2702999,56433972,18.181423,18.399425,18.094221,18.137822,0.043601,798
2019-07-12,1303341,27259584,18.225023,18.355824,18.137822,18.268624,0.130802,528
2019-07-15,910446,19058662,18.268624,18.312224,18.181423,18.181423,-0.087201,399
2019-07-16,1599762,33345340,18.181423,18.268624,18.094221,18.137822,-0.043601,628
2019-07-17,761151,15843977,18.225023,18.225023,18.094221,18.137822,0.0,445
2019-07-18,991211,20628029,18.181423,18.181423,18.094221,18.137822,0.0,342
2019-07-19,1218837,25342211,18.225023,18.225023,18.050621,18.094221,-0.043601,444
2019-07-22,2068767,42774488,18.137822,18.137822,17.96342,18.00702,-0.087201,661
2019-07-23,1569993,32274754,18.00702,18.00702,17.876219,17.876219,-0.130801,637
2019-07-24,708063,14585386,17.919819,18.050621,17.876219,17.919819,0.0436,471
2019-07-25,805105,16582763,17.919819,18.00702,17.919819,17.919819,0.0,382
2019-07-26,745220,15360467,17.919819,18.094221,17.876219,18.050621,0.130802,325
2019-07-29,597113,12300067,18.050621,18.137822,17.919819,17.919819,-0.130802,283
2019-07-30,1815494,37148372,17.96342,17.96342,17.745417,17.789018,-0.130801,653
2019-07-31,1862121,37583082,17.789018,17.789018,17.527414,17.571015,-0.218003,805
2019-08-01,870353,17616042,17.527414,17.745417,17.483814,17.701817,0.130802,461
2019-08-02,1576820,31816919,17.701817,17.701817,17.527414,17.571015,-0.130802,535
2019-08-05,2459729,49211995,17.527414,17.614615,17.353012,17.483814,-0.087201,1163
2019-08-06,2650840,52504781,17.396613,17.527414,16.960608,17.440214,-0.0436,1314
2019-08-07,1643365,32661728,17.440214,17.483814,17.17861,17.22221,-0.218004,895
2019-08-08,664121,13202654,17.265811,17.440214,17.265811,17.353012,0.130802,316
2019-08-12,1738356,34636270,17.353012,17.614615,17.17861,17.527414,0.174402,710
2019-08-13,9562265,201965513,17.614615,18.748229,17.614615,18.486626,0.959212,3905
2019-08-14,6517816,139387755,18.748229,18.966232,18.268624,18.530227,0.043601,2276
2019-08-15,2612748,53891742,18.355824,18.355824,17.832618,17.832618,-0.697609,1281
2019-08-16,2784449,56856360,17.876219,18.00702,17.527414,17.614615,-0.218003,1190
2019-08-19,1749113,35271971,17.701817,17.789018,17.483814,17.571015,-0.0436,735
2019-08-20,1050517,21248687,17.701817,17.745417,17.527414,17.614615,0.0436,484
2019-08-21,1042411,21032596,17.614615,17.701817,17.527414,17.614615,0.0,502
2019-08-22,1493427,29985152,17.614615,17.658216,17.440214,17.483814,-0.130801,747
2019-08-23,734929,14807030,17.483814,17.658216,17.483814,17.527414,0.0436,340
2019-08-26,1277333,25538573,17.483814,17.527414,17.396613,17.396613,-0.130801,475
2019-08-27,1773173,35339840,17.440214,17.527414,17.265811,17.265811,-0.130802,620
2019-08-28,791211,15702673,17.309412,17.396613,17.265811,17.309412,0.043601,420
2019-08-29,1530644,30208813,17.353012,17.440214,17.091409,17.17861,-0.130802,685
2019-08-30,3608209,71923529,17.22221,17.483814,17.22221,17.396613,0.218003,522
2019-09-02,1148122,23208901,17.440214,17.745417,17.440214,17.701817,0.305204,572
2019-09-03,1095003,22190007,17.701817,17.789018,17.614615,17.614615,-0.087202,432
2019-09-04,2817105,57516891,17.614615,18.00702,17.483814,17.919819,0.305204,1036
2019-09-05,1211376,24743166,17.919819,17.919819,17.701817,17.789018,-0.130801,625
2019-09-06,1470839,29780294,17.789018,17.876219,17.527414,17.701817,-0.087201,650
2019-09-09,1113976,22416870,17.789018,17.789018,17.440214,17.527414,-0.174403,510
2019-09-10,1657538,33108377,17.527414,17.527414,17.309412,17.396613,-0.130801,758
2019-09-11,2374237,47005745,17.353012,17.396613,17.17861,17.265811,-0.130802,1057
2019-09-12,878889,17471649,17.353012,17.440214,17.22221,17.309412,0.043601,504
2019-09-16,1198656,23733347,17.309412,17.396613,17.17861,17.22221,-0.087202,506
2019-09-17,1219732,24104451,17.22221,17.309412,17.17861,17.22221,0.0,509
2019-09-18,1755635,35240711,17.265811,17.658216,17.265811,17.571015,0.348805,907
2019-09-19,825602,16573340,17.571015,17.658216,17.396613,17.440214,-0.130801,435
2019-09-20,2576020,52189198,17.440214,17.832618,17.440214,17.571015,0.130801,1171
2019-09-23,1296638,26412545,17.658216,17.832618,17.614615,17.745417,0.174402,616
2019-09-24,914940,18436089,17.832618,17.832618,17.483814,17.527414,-0.218003,579
2019-09-25,950756,19028720,17.483814,17.527414,17.396613,17.440214,-0.0872,478
2019-09-26,796031,15914155,17.483814,17.483814,17.396613,17.440214,0.0,515
2019-09-27,1476709,29345998,17.440214,17.527414,17.265811,17.353012,-0.087202,822
2019-10-01,762262,15175015,17.353012,17.483814,17.265811,17.396613,0.043601,452
2019-10-02,669480,13388222,17.396613,17.483814,17.353012,17.483814,0.087201,372
2019-10-03,655400,13064559,17.396613,17.440214,17.353012,17.440214,-0.0436,319
2019-10-04,641225,12811036,17.440214,17.440214,17.396613,17.440214,0.0,275
2019-10-07,1304704,26258039,17.440214,17.658216,17.440214,17.483814,0.0436,552
2019-10-08,1242859,25004918,17.527414,17.658216,17.483814,17.571015,0.087201,487
2019-10-09,2102271,42656226,17.571015,17.832618,17.571015,17.614615,0.0436,817
2019-10-14,3500208,71928849,17.789018,18.181423,17.701817,18.137822,0.523207,1354
2019-10-15,3042288,62899059,18.137822,18.137822,17.919819,18.050621,-0.087201,1037
2019-10-16,2292926,47417371,18.050621,18.137822,17.96342,18.050621,0.0,857
2019-10-17,4975915,105499805,18.050621,18.79183,18.050621,18.399425,0.348804,2110
2019-10-18,2983119,62173145,18.399425,18.443025,18.00702,18.050621,-0.348804,1098
2019-10-21,1895557,39829705,18.094221,18.530227,18.094221,18.312224,0.261603,899
2019-10-22,1617335,33833804,18.399425,18.443025,18.137822,18.225023,-0.087201,571
2019-10-23,1505766,31315391,18.312224,18.312224,18.050621,18.094221,-0.130802,472
2019-10-24,1249770,26029315,18.181423,18.225023,18.094221,18.225023,0.130802,397
2019-10-25,765758,16012907,18.268624,18.312224,18.181423,18.181423,-0.0436,321
2019-10-28,1082242,22485058,18.225023,18.268624,18.050621,18.137822,-0.043601,361
2019-10-29,1666656,34493402,18.137822,18.181423,17.96342,17.96342,-0.174402,518
2019-10-30,1628628,33903405,17.96342,18.312224,17.919819,18.181423,0.218003,491
2019-10-31,1379190,28787315,18.225023,18.312224,18.137822,18.268624,0.087201,465
2019-11-01,963769,20164308,18.225023,18.355824,18.181423,18.181423,-0.087201,399
2019-11-04,1807509,37865832,18.225023,18.399425,18.181423,18.181423,0.0,627
2019-11-05,1840908,38531562,18.225023,18.312224,18.181423,18.312224,0.130801,506
2019-11-06,2048689,43316831,18.312224,18.530227,18.312224,18.486626,0.174402,786
2019-11-07,2029179,42794290,18.573827,18.617428,18.268624,18.268624,-0.218002,693
2019-11-08,713722,14926034,18.312224,18.355824,18.181423,18.181423,-0.087201,361
2019-11-11,1742838,36413349,18.312224,18.355824,18.094221,18.355824,0.174401,588
2019-11-12,1257010,26346960,18.268624,18.355824,18.181423,18.312224,-0.0436,574
2019-11-13,1343032,28378570,18.312224,18.486626,18.312224,18.486626,0.174402,636
2019-11-14,9864614,215429945,18.486626,19.445838,18.486626,19.445838,0.959212,3269
2019-11-15,5963232,131587053,19.576639,19.62024,18.966232,19.140634,-0.305204,2230
2019-11-18,2867620,63075267,19.227835,19.358637,18.966232,19.271436,0.130802,985
2019-11-19,6006235,135809049,19.140634,19.925443,19.140634,19.794642,0.523206,2284
2019-11-20,14557478,335844553,19.751042,20.492251,19.751042,20.056246,0.261604,3870
2019-11-21,3342664,77042449,20.012645,20.317848,19.881843,20.230647,0.174401,1222
2019-11-22,2777373,64047179,20.143447,20.317848,19.969044,20.143447,-0.0872,946
2019-11-25,2853878,65506074,20.143447,20.230647,19.925443,20.056246,-0.087201,1009
2019-11-26,3045143,70184536,20.187047,20.317848,20.012645,20.012645,-0.043601,988
2019-11-27,2604068,59487164,20.012645,20.099846,19.838243,19.925443,-0.087202,824
2019-11-28,6241602,140123550,19.881843,19.925443,19.271436,19.576639,-0.348804,1704
2019-11-29,3864370,86653392,19.62024,19.751042,19.358637,19.576639,0.0,974
2019-12-02,4008070,89095826,19.576639,19.576639,19.184234,19.358637,-0.218002,835
2019-12-03,1546906,34375248,19.271436,19.445838,19.271436,19.402237,0.0436,635
2019-12-04,3289184,73916417,19.358637,19.925443,19.315037,19.489438,0.087201,1267
2019-12-16,2539257,65517368,19.734685,20.271162,19.504766,19.849644,0.360206,1622
2019-12-17,2243054,57249410,19.926284,19.964604,19.274848,19.619726,-0.229918,1412
2019-12-18,2640242,66604597,19.696365,19.696365,19.198208,19.504766,-0.11496,1067
2019-12-19,1154716,29142477,19.466447,19.466447,19.236528,19.389807,-0.114959,471
2019-12-20,1550850,39544050,19.466447,19.619726,19.389807,19.543086,0.153279,477
2019-12-23,6085943,152063640,19.466447,19.466447,18.77669,18.81501,-0.728076,1448
2019-12-24,9490588,227313770,18.81501,18.92997,17.895336,18.623411,-0.191599,2870
2019-12-25,1843945,45140067,18.623411,18.92997,18.623411,18.77669,0.153279,1026
2019-12-26,723257,17840527,18.77669,19.044929,18.77669,18.89165,0.11496,565
2019-12-27,882247,21816257,19.006609,19.083249,18.85333,18.85333,-0.03832,466
2019-12-30,803477,19725986,18.85333,18.92997,18.738371,18.92997,0.07664,495
2019-12-31,2746670,69558442,18.89165,19.849644,18.89165,19.811325,0.881355,1056
2020-01-02,1230005,31308486,19.773005,19.773005,19.389807,19.466447,-0.344878,759
2020-01-03,1677328,42084247,19.543086,19.581406,19.006609,19.198208,-0.268239,692
2020-01-06,669211,16508774,18.92997,19.006609,18.81501,18.89165,-0.306558,372
2020-01-07,674686,16556765,18.89165,18.89165,18.77669,18.81501,-0.07664,317
2020-01-08,1432781,34950169,18.77669,18.89165,18.431813,18.700051,-0.114959,615
2020-01-09,1067800,26136481,18.77669,18.89165,18.661732,18.738371,0.03832,505
2020-01-10,502346,12299553,18.738371,18.89165,18.661732,18.89165,0.153279,299
2020-01-13,1812553,44109370,18.77669,18.81501,18.470133,18.623411,-0.268239,617
2020-01-14,933918,22557997,18.661732,18.700051,18.431813,18.431813,-0.191598,679
2020-01-15,1251472,29993700,18.431813,18.508452,18.201894,18.508452,0.076639,744
2020-01-16,537958,12958325,18.508452,18.546772,18.393493,18.470133,-0.038319,284
2020-01-17,788473,18910702,18.470133,18.508452,18.316853,18.316853,-0.15328,422
2020-01-20,1653039,39306531,18.316853,18.355173,18.163574,18.201894,-0.114959,774
2020-01-30,4872960,110539189,17.16726,17.818696,17.013981,17.358859,-0.843035,1901
2020-01-31,1268021,28733483,17.473818,17.703737,17.09062,17.550458,0.191599,724
2020-02-03,2023349,44459528,17.320539,17.320539,16.707422,16.822382,-0.728076,1182
2020-02-04,588757,12991904,16.860702,17.052301,16.822382,16.860702,0.03832,413
2020-02-05,842850,18512400,16.899021,16.899021,16.784062,16.822382,-0.03832,424
2020-02-06,837082,18385304,16.937341,16.937341,16.745742,16.822382,0.0,417
2020-02-07,974840,21272688,16.860702,16.937341,16.630783,16.630783,-0.191599,590
2020-02-10,953172,20299441,16.285905,16.439184,16.209266,16.285905,-0.344878,639
2020-02-11,2432794,51106760,16.285905,16.324225,16.017667,16.017667,-0.268238,1289
2020-02-12,1126336,23645806,16.094306,16.170945,16.017667,16.094306,0.076639,733
2020-02-13,4459230,98589734,16.209266,17.397179,16.209266,17.013981,0.919675,2554
2020-02-14,1836301,41363452,17.20558,17.435498,17.09062,17.12894,0.114959,1313
2020-02-17,888416,19603903,17.09062,17.09062,16.860702,16.899021,-0.229919,669
2020-02-18,1138386,25045123,16.899021,17.052301,16.707422,17.052301,0.15328,758
2020-02-19,657125,14632696,17.052301,17.16726,16.899021,17.013981,-0.03832,527
2020-02-20,775815,17109897,17.013981,17.09062,16.822382,16.899021,-0.11496,469
2020-02-21,832433,18235360,16.975661,16.975661,16.707422,16.745742,-0.153279,551
2020-02-24,948598,20363160,16.707422,16.707422,16.362544,16.400864,-0.344878,741
2020-02-25,736413,15632508,16.132626,16.477504,16.094306,16.362544,-0.03832,636
2020-02-26,472380,10026732,16.362544,16.362544,16.170945,16.247586,-0.114958,386
2020-02-27,1783724,37277974,16.247586,16.362544,15.826068,15.826068,-0.421518,945
2020-03-02,2547288,51087410,15.51951,15.672789,15.097992,15.289591,-0.536477,1530
2020-03-03,1278752,25779694,15.48119,15.672789,15.366231,15.40455,0.114959,601
2020-03-04,614905,12360895,15.40455,15.51951,15.327911,15.44287,0.03832,464
2020-03-05,971623,19584254,15.557829,15.557829,15.40455,15.40455,-0.03832,591
2020-03-06,968780,19324426,15.40455,15.48119,15.212951,15.289591,-0.114959,612
2020-03-09,2631555,50766071,15.174632,15.174632,14.561515,14.599835,-0.689756,1687
2020-03-10,2987242,57046514,14.254957,15.327911,14.025039,15.136312,0.536477,1254
2020-03-11,961356,18648147,15.174632,15.174632,14.599835,14.638155,-0.498157,579
2020-03-12,2215219,40662951,14.714794,14.753114,13.79512,13.910079,-0.728076,1046
2020-03-13,3358509,55475917,12.760486,13.028724,12.530567,12.990404,-0.919675,1547
2020-03-16,1584900,26421803,12.607206,13.028724,12.530567,12.530567,-0.459837,854
2020-03-17,1756270,27157758,11.495933,12.262328,11.495933,11.879131,-0.651436,1007
2020-03-18,2428691,36984533,11.879131,12.03241,11.304334,11.304334,-0.574797,999
2020-03-19,5549737,75851193,10.576258,10.882817,10.193061,10.2697,-1.034634,1696
2020-03-20,2379613,34459098,10.537939,11.266015,10.537939,11.266015,0.996315,935
2020-03-23,1727592,25197335,10.921136,11.495933,10.691218,11.227695,-0.03832,624
2020-03-24,3179839,47159279,11.495933,11.879131,11.495933,11.572572,0.344877,550
2020-03-25,1814312,28283360,11.764171,12.07073,11.764171,11.91745,0.344878,704
2020-03-26,4082775,60688769,11.764171,11.764171,11.189375,11.457613,-0.459837,1603
2020-03-27,3282773,49403491,11.572572,11.802492,11.380974,11.457613,0.0,1306
2020-03-30,2485447,37045483,11.266015,11.802492,11.112735,11.764171,0.306558,914
2020-03-31,1994572,30550926,11.802492,11.91745,11.572572,11.649212,-0.114959,678
2020-04-01,1367003,20955646,11.649212,11.91745,11.534253,11.840811,0.191599,814
2020-04-06,1079123,16390836,11.840811,11.840811,11.457613,11.649212,-0.191599,652
2020-04-07,1564031,24100997,11.802492,11.99409,11.687532,11.802492,0.15328,805
2020-04-08,2326289,36765966,11.879131,12.338968,11.764171,12.300648,0.498156,1041
2020-04-09,2122368,34903732,12.530567,12.760486,12.415608,12.683846,0.383198,1059
2020-04-10,2546695,43327815,12.798805,13.182003,12.683846,13.028724,0.344878,1262
2020-04-13,3096469,54222384,13.105364,13.71848,13.067044,13.373602,0.344878,2118
2020-04-14,2199183,38359256,13.488562,13.565201,13.220323,13.450242,0.07664,1319
2020-04-15,1234517,21585996,13.450242,13.565201,13.335282,13.335282,-0.11496,976
2020-04-16,989652,17022585,13.220323,13.258643,13.105364,13.182003,-0.153279,968
2020-04-17,1430458,24647250,13.335282,13.411922,13.067044,13.067044,-0.114959,810
2020-04-20,958272,16386881,13.105364,13.296963,12.952085,13.143683,0.076639,514
2020-04-21,2414494,40140993,13.105364,13.105364,12.530567,12.568887,-0.574796,1218
2020-04-22,814889,13207533,12.492247,12.530567,12.07073,12.492247,-0.07664,415
2020-04-23,669634,10999137,12.607206,12.798805,12.453927,12.568887,0.07664,408
2020-04-24,315044,5181964,12.645526,12.683846,12.530567,12.607206,0.038319,216
2020-04-27,1960173,32796774,12.683846,13.105364,12.492247,12.722166,0.11496,766
2020-04-28,2252660,38848739,12.913765,13.641841,12.722166,13.373602,0.651436,987
2020-04-29,1841515,32316101,13.488562,13.641841,13.335282,13.411922,0.03832,852
2020-04-30,1247189,22000114,13.603521,13.603521,13.373602,13.565201,0.153279,635
2020-05-04,1605040,27473082,13.296963,13.335282,12.990404,13.143683,-0.421518,884
2020-05-05,636685,10949362,13.220323,13.258643,13.067044,13.220323,0.07664,393
2020-05-06,1207585,20636626,13.220323,13.258643,12.952085,12.952085,-0.268238,569
2020-05-07,2177243,38127030,13.028724,13.68016,13.028724,13.565201,0.613116,965
2020-05-08,2233185,39286460,13.79512,13.79512,13.296963,13.296963,-0.268238,858
2020-05-11,1069306,18622316,13.450242,13.450242,13.258643,13.335282,0.038319,454
2020-05-12,958856,16462071,13.335282,13.335282,13.067044,13.143683,-0.191599,488
2020-05-13,645782,10987144,13.143683,13.143683,12.990404,13.028724,-0.114959,369
2020-05-14,1119937,18772595,13.028724,13.028724,12.722166,12.798805,-0.229919,644
2020-05-15,1555912,26415866,12.798805,13.258643,12.798805,12.952085,0.15328,612
2020-05-18,794402,13394175,12.990404,13.067044,12.837125,12.837125,-0.11496,303
2020-05-19,1250027,21358453,12.990404,13.182003,12.952085,13.143683,0.306558,402
2020-05-20,664659,11338160,13.143683,13.258643,12.990404,13.028724,-0.114959,365
2020-05-21,1105949,19041063,13.028724,13.296963,13.028724,13.258643,0.229919,442
2020-05-22,678441,11609447,13.143683,13.296963,13.028724,13.067044,-0.191599,345
2020-05-25,522895,8922347,13.067044,13.220323,12.952085,13.143683,0.076639,273
2020-05-26,1470999,25658273,13.143683,13.565201,13.143683,13.335282,0.191599,686
2020-05-27,754516,13161696,13.335282,13.450242,13.296963,13.335282,0.0,341
2020-05-28,1057328,18225776,13.373602,13.411922,13.067044,13.105364,-0.229918,495
2020-05-29,431316,7364893,13.105364,13.143683,13.028724,13.105364,0.0,223
2020-06-01,1143834,19904401,13.105364,13.411922,13.105364,13.411922,0.306558,479
2020-06-02,1847810,32327688,13.411922,13.450242,13.335282,13.411922,0.0,292
2020-06-03,2613389,46683852,13.488562,14.025039,13.488562,13.79512,0.383198,1130
2020-06-04,3646546,68006920,13.948398,14.523195,13.948398,14.408236,0.613116,1547
2020-06-05,2622374,49761870,14.561515,14.753114,14.369916,14.446556,0.03832,1178
2020-06-08,1073925,20050086,14.446556,14.446556,14.178317,14.331596,-0.11496,507
2020-06-09,1067784,20223516,14.331596,14.714794,14.293277,14.523195,0.191599,480
2020-06-10,2250329,42695469,14.369916,14.753114,14.139997,14.676474,0.153279,1183
2020-06-11,2316791,43519025,14.676474,14.676474,14.178317,14.178317,-0.498157,1306
2020-06-12,1675036,30714613,13.871759,14.369916,13.68016,14.369916,0.191599,820
2020-06-15,716936,13211566,14.331596,14.331596,14.025039,14.063358,-0.306558,438
2020-06-16,752074,13926455,14.178317,14.293277,14.063358,14.139997,0.076639,379
2020-06-17,392160,7228170,14.216637,14.216637,14.025039,14.101678,-0.038319,221
2020-06-18,443002,8170029,14.139997,14.216637,14.101678,14.101678,0.0,244
2020-06-19,965330,17655852,14.101678,14.178317,13.948398,13.948398,-0.15328,424
2020-06-22,620272,11419723,13.948398,14.254957,13.948398,14.101678,0.15328,277
2020-06-23,791846,14617974,14.216637,14.369916,14.025039,14.101678,0.0,401
2020-06-24,768874,14027903,14.178317,14.178317,13.910079,13.948398,-0.15328,433
2020-06-29,492845,8847623,13.79512,13.871759,13.68016,13.7568,-0.191598,315
2020-06-30,577358,10327502,13.7568,13.79512,13.641841,13.71848,-0.03832,279
2020-07-01,409917,7359509,13.71848,13.79512,13.68016,13.7568,0.03832,232
2020-07-02,390013,7000624,13.7568,13.83344,13.71848,13.7568,0.0,230
2020-07-03,797112,14398101,13.7568,13.948398,13.7568,13.83344,0.07664,344
2020-07-06,1211272,22310176,13.871759,14.254957,13.871759,14.139997,0.306557,603
2020-07-07,1381747,25098846,14.178317,14.254957,13.7568,13.83344,-0.306557,555
2020-07-08,647481,11684658,13.910079,13.910079,13.79512,13.83344,0.0,277
2020-07-09,708583,12768728,13.871759,13.871759,13.79512,13.79512,-0.03832,247
2020-07-10,1065045,18843285,13.7568,13.7568,13.488562,13.488562,-0.306558,555
2020-07-13,1103875,19282304,13.488562,13.526881,13.335282,13.373602,-0.11496,522
2020-07-14,485706,8484428,13.411922,13.450242,13.335282,13.335282,-0.03832,208
2020-07-15,451783,7902916,13.488562,13.488562,13.335282,13.411922,0.07664,261
2020-07-16,425319,7503121,13.411922,13.603521,13.411922,13.565201,0.153279,217
2020-07-17,854941,14986264,13.565201,13.68016,13.296963,13.296963,-0.268238,341
2020-07-20,469308,8118154,13.296963,13.411922,13.105364,13.411922,0.114959,252
2020-07-21,827628,14683366,13.411922,13.7568,13.411922,13.71848,0.306558,449
2020-07-22,631749,11249572,13.71848,13.7568,13.488562,13.565201,-0.153279,314
2020-07-23,382646,6796661,13.565201,13.68016,13.488562,13.68016,0.114959,194
2020-07-24,1204230,21446629,13.68016,13.7568,13.526881,13.68016,0.0,422
2020-07-27,1280714,22585916,13.68016,13.68016,13.258643,13.526881,-0.153279,480
2020-07-28,672384,11451583,13.487444,13.526881,13.329697,13.329697,-0.197184,397
2020-07-29,499002,8543679,13.329697,13.80294,13.290259,13.448007,0.11831,231
2020-07-30,496952,8528826,13.487444,13.645192,13.448007,13.487444,0.039437,237
2020-07-31,440694,7609410,13.605755,13.684629,13.566318,13.566318,0.078874,251
2020-08-03,448528,7657226,13.566318,13.566318,13.40857,13.448007,-0.118311,182
2020-08-04,486436,8403345,13.487444,13.724066,13.487444,13.645192,0.197185,211
2020-08-05,1821216,32527806,13.605755,14.512806,13.605755,14.19731,0.552118,742
2020-08-06,779771,13984122,14.355057,14.355057,13.921251,14.039562,-0.157748,441
2020-08-07,344974,6126233,13.960688,14.118436,13.921251,14.000125,-0.039437,195
2020-08-10,498576,8835931,14.000125,14.078998,13.921251,13.960688,-0.039437,243
2020-08-11,586761,10308977,13.921251,13.960688,13.724066,13.842377,-0.118311,268
2020-08-12,566560,9838134,13.842377,13.842377,13.566318,13.80294,-0.039437,301
2020-08-13,740425,12809401,13.724066,13.724066,13.605755,13.645192,-0.157748,445
2020-08-14,341915,5960819,13.724066,13.80294,13.684629,13.763503,0.118311,209
2020-08-17,528852,9208318,13.684629,13.80294,13.645192,13.763503,0.0,302
2020-08-18,502017,8750536,13.960688,13.960688,13.684629,13.684629,-0.078874,296
2020-08-19,791062,13799761,13.684629,13.842377,13.645192,13.763503,0.078874,443
2020-08-20,1403515,23822009,13.763503,13.763503,13.211385,13.290259,-0.473244,753
2020-08-21,436879,7410976,13.329697,13.448007,13.329697,13.40857,0.118311,317
2020-08-24,406438,6887683,13.40857,13.448007,13.329697,13.40857,0.0,220
2020-08-25,397005,6792770,13.40857,13.566318,13.369133,13.566318,0.157748,208
2020-08-26,480191,8199247,13.566318,13.605755,13.369133,13.448007,-0.118311,210
2020-08-27,473771,8129907,13.566318,13.605755,13.448007,13.487444,0.039437,200
2020-08-28,742619,12804188,13.526881,13.684629,13.487444,13.645192,0.157748,331
2020-08-31,443640,7688614,13.645192,13.763503,13.605755,13.605755,-0.039437,264
2020-09-01,630716,10853724,13.605755,13.684629,13.526881,13.566318,-0.039437,210
2020-09-02,730993,12484675,13.566318,13.605755,13.369133,13.40857,-0.157748,316
2020-09-03,629565,10751137,13.448007,13.605755,13.369133,13.40857,0.0,277
2020-09-04,536044,9113298,13.40857,13.487444,13.329697,13.487444,0.078874,226
2020-09-07,1449163,25308569,13.487444,14.000125,13.40857,13.684629,0.197185,594
2020-09-08,730328,12814850,13.80294,13.921251,13.724066,13.80294,0.118311,320
2020-09-09,1198881,20915899,13.80294,13.960688,13.566318,13.921251,0.118311,562
2020-09-10,6323410,116243411,14.355057,14.749427,14.236747,14.315621,0.39437,2888
2020-09-11,1911437,34826772,14.394495,14.552242,14.19731,14.394495,0.078874,1070
2020-09-14,1211346,22052919,14.433932,14.512806,14.276183,14.433932,0.039437,699
2020-09-15,730490,13252211,14.433932,14.433932,14.276183,14.276183,-0.157749,434
2020-09-16,702930,12715790,14.276183,14.355057,14.19731,14.19731,-0.078873,444
2020-09-17,2309696,42371626,14.315621,14.59168,14.276183,14.394495,0.197185,1136
2020-09-18,798756,14647103,14.473368,14.552242,14.394495,14.433932,0.039437,457
2020-09-21,1725218,31843134,14.552242,14.709991,14.473368,14.512806,0.078874,750
2020-09-22,1204916,21924613,14.512806,14.512806,14.19731,14.433932,-0.078874,570
2020-09-23,734877,13343716,14.473368,14.473368,14.236747,14.315621,-0.118311,374
2020-09-24,1605707,28516814,14.19731,14.19731,13.881814,13.921251,-0.39437,753
2020-09-25,1246794,21839028,13.921251,14.039562,13.566318,13.881814,-0.039437,703
2020-09-28,576436,10228493,13.881814,14.118436,13.881814,14.039562,0.157748,520
2020-09-29,629785,11191936,14.078998,14.078998,13.921251,14.039562,0.0,320
2020-09-30,515230,9071920,13.80294,13.960688,13.80294,13.921251,-0.118311,321
2020-10-05,550216,9693201,13.842377,14.000125,13.80294,14.000125,0.078874,314
2020-10-06,953355,16983707,13.960688,14.19731,13.842377,14.039562,0.039437,453
2020-10-07,354244,6248422,14.078998,14.078998,13.842377,14.000125,-0.039437,213
2020-10-08,496049,8748749,14.039562,14.039562,13.80294,14.000125,0.0,270
2020-10-12,429679,7534948,14.000125,14.000125,13.763503,13.763503,-0.236622,438
2020-10-13,712566,12299353,13.684629,13.763503,13.487444,13.684629,-0.078874,477
2020-10-14,562579,9764947,13.763503,13.80294,13.605755,13.645192,-0.039437,541
2020-10-15,424763,7328132,13.645192,13.684629,13.526881,13.645192,0.0,373
2020-10-16,432678,7491555,13.684629,13.763503,13.605755,13.645192,0.0,266
2020-10-19,419315,7230609,13.605755,13.645192,13.566318,13.645192,0.0,315
2020-10-20,253009,4361980,13.605755,13.645192,13.566318,13.605755,-0.039437,267
2020-10-21,345161,5949458,13.605755,13.645192,13.566318,13.605755,0.0,308
2020-10-22,610286,10477221,13.645192,13.645192,13.487444,13.487444,-0.118311,334
2020-10-23,500080,8577474,13.566318,13.605755,13.448007,13.566318,0.078874,228
2020-10-26,541773,9330093,13.566318,13.684629,13.526881,13.566318,0.0,311
2020-10-27,800610,13783140,13.566318,13.684629,13.566318,13.566318,0.0,238
2020-10-28,953669,16389305,13.566318,13.645192,13.487444,13.526881,-0.039437,274
2020-10-29,517392,8868857,13.40857,13.645192,13.40857,13.645192,0.118311,248
2020-10-30,649662,11142691,13.526881,13.605755,13.487444,13.487444,-0.157748,230
2020-11-02,661726,11298771,13.605755,13.605755,13.40857,13.448007,-0.039437,341
2020-11-03,262684,4501870,13.487444,13.566318,13.448007,13.487444,0.039437,231
2020-11-04,688039,11883037,13.487444,13.724066,13.487444,13.645192,0.157748,318
2020-11-05,256425,4448883,13.645192,13.724066,13.645192,13.724066,0.078874,215
2020-11-06,367278,6380205,13.684629,13.763503,13.645192,13.684629,-0.039437,221
2020-11-09,815726,14135988,13.724066,13.763503,13.566318,13.684629,0.0,360
2020-11-10,965723,16928991,13.80294,13.881814,13.724066,13.842377,0.157748,436
2020-11-11,1269039,22568219,13.842377,14.118436,13.80294,14.039562,0.197185,521
2020-11-12,819500,14493585,14.078998,14.118436,13.80294,13.921251,-0.118311,298
2020-11-13,326960,5744386,13.960688,13.960688,13.80294,13.881814,-0.039437,187
2020-11-16,642614,11337672,13.881814,14.039562,13.842377,13.921251,0.039437,305
2020-11-17,501625,8807838,13.921251,13.960688,13.763503,13.881814,-0.039437,278
2020-11-18,586336,10265206,13.881814,13.881814,13.763503,13.881814,0.0,324
2020-11-19,633608,11060057,13.80294,13.80294,13.724066,13.763503,-0.118311,359
2020-11-20,560819,9771560,13.763503,13.763503,13.724066,13.724066,-0.039437,293
2020-11-23,905354,15826298,13.724066,13.842377,13.724066,13.842377,0.118311,497
2020-11-24,3032126,54380472,13.842377,14.433932,13.842377,14.078998,0.236621,1430
2020-11-25,3339080,60600562,14.118436,14.552242,14.078998,14.276183,0.197185,1158
2020-11-26,1089446,19718240,14.355057,14.433932,14.19731,14.276183,0.0,486
2020-11-27,1795263,32454901,14.315621,14.433932,14.118436,14.276183,0.0,767
2020-11-30,10199930,191849444,14.315621,15.064923,14.276183,14.986049,0.709866,3450
2020-12-01,2821250,52905482,14.986049,14.986049,14.631116,14.788864,-0.197185,1438
2020-12-02,3082000,57579071,14.828301,14.867738,14.670553,14.670553,-0.118311,1151
2020-12-14,2788941,55876559,14.104942,14.352397,13.998889,14.352397,-0.318156,1776
2020-12-15,1517733,30751373,14.352397,14.387748,14.175643,14.281695,-0.070702,1165
2020-12-16,1023231,20641637,14.281695,14.423098,14.175643,14.246345,-0.03535,739
2020-12-17,857591,17169944,14.246345,14.352397,14.104942,14.140292,-0.106053,623
2020-12-18,679609,13620887,14.140292,14.246345,14.104942,14.140292,0.0,423
2020-12-21,1173538,23471866,14.140292,14.175643,13.998889,14.140292,0.0,586
2020-12-22,1009253,20039700,14.104942,14.140292,13.857487,14.03424,-0.106052,756
2020-12-23,1704093,33281729,14.03424,14.03424,13.680733,13.892837,-0.141403,1017
2020-12-24,620368,12145827,13.892837,13.928188,13.751434,13.892837,0.0,614
2020-12-25,529450,10479249,13.857487,14.104942,13.857487,14.03424,0.141403,453
2020-12-28,376685,7451509,14.104942,14.104942,13.928188,13.928188,-0.106052,442
2020-12-29,661697,12983530,13.963539,13.963539,13.822136,13.928188,0.0,525
2020-12-30,320769,6304572,13.928188,13.963539,13.857487,13.857487,-0.070701,396
2020-12-31,785498,15463918,13.857487,13.998889,13.857487,13.857487,0.0,456
2021-01-04,800277,15674595,13.857487,13.928188,13.822136,13.857487,0.0,501
2021-01-05,389035,7615361,13.857487,13.892837,13.786785,13.857487,0.0,363
2021-01-06,1105820,21364357,13.857487,13.857487,13.53933,13.574681,-0.282806,699
2021-01-07,763353,14713169,13.574681,13.751434,13.574681,13.751434,0.176753,582
2021-01-08,544211,10507962,13.751434,13.751434,13.610031,13.716084,-0.03535,414
2021-01-11,657960,12782968,13.786785,13.822136,13.645382,13.751434,0.03535,441
2021-01-12,542147,10431004,13.751434,13.786785,13.503979,13.610031,-0.141403,425
2021-01-13,659225,12669874,13.610031,13.645382,13.503979,13.645382,0.035351,535
2021-01-14,437597,8377504,13.574681,13.610031,13.503979,13.574681,-0.070701,364
2021-01-15,952622,18044667,13.53933,13.53933,13.327226,13.327226,-0.247455,595
2021-01-18,426855,8055521,13.327226,13.433278,13.150472,13.433278,0.106052,381
2021-01-19,297353,5635198,13.433278,13.433278,13.362576,13.397927,-0.035351,311
2021-01-20,967899,18016925,13.397927,13.397927,13.07977,13.115121,-0.282806,686
2021-01-21,571719,10562370,13.150472,13.185823,12.973718,13.009069,-0.106052,413
2021-01-22,700015,12760789,12.903017,12.973718,12.832315,12.903017,-0.106052,474
2021-01-25,488165,8895272,12.796965,12.938368,12.796965,12.903017,0.0,332
2021-01-26,483015,8755723,12.903017,12.903017,12.761614,12.761614,-0.141403,554
2021-01-27,651769,11803044,12.796965,12.867666,12.761614,12.796965,0.035351,374
2021-01-28,442394,7972872,12.761614,12.796965,12.690912,12.796965,0.0,440
2021-01-29,449344,8082210,12.796965,12.796965,12.655562,12.761614,-0.035351,328
2021-02-01,494305,8870038,12.726263,12.761614,12.620211,12.690912,-0.070702,413
2021-02-02,433454,7827572,12.690912,12.867666,12.690912,12.761614,0.070702,427
2021-02-03,296532,5334945,12.832315,12.832315,12.690912,12.761614,0.0,309
2021-02-04,433198,7788718,12.690912,12.761614,12.690912,12.761614,0.0,263
2021-02-05,460902,8351840,12.796965,12.903017,12.726263,12.903017,0.141403,357
2021-02-17,541780,9910454,12.796965,13.07977,12.796965,13.07977,0.176753,392
2021-02-18,441979,8135924,13.07977,13.07977,12.938368,13.009069,-0.070701,376
2021-02-19,471291,8623544,12.938368,13.04442,12.867666,13.04442,0.035351,385
2021-02-22,640292,11881522,13.07977,13.221173,13.04442,13.221173,0.176753,599
2021-02-23,606192,11351061,13.221173,13.291875,13.150472,13.256524,0.035351,454
2021-02-24,698376,13119841,13.256524,13.327226,13.221173,13.291875,0.035351,390
2021-02-25,664871,12424922,13.362576,13.362576,13.150472,13.185823,-0.106052,519
2021-02-26,705296,13062747,13.07977,13.221173,13.009069,13.221173,0.03535,514
2021-03-02,341672,6341879,13.150472,13.185823,13.07977,13.07977,-0.141403,552
2021-03-03,439484,8213523,13.221173,13.327226,13.07977,13.185823,0.106053,369
2021-03-04,513865,9607298,13.185823,13.327226,13.115121,13.291875,0.106052,412
2021-03-05,301576,5625509,13.291875,13.291875,13.150472,13.221173,-0.070702,333
2021-03-08,239281,4476273,13.221173,13.291875,13.185823,13.221173,0.0,434
2021-03-09,663063,12484361,13.291875,13.433278,13.185823,13.433278,0.212105,524
2021-03-10,475961,9061758,13.433278,13.503979,13.397927,13.468628,0.03535,427
2021-03-11,299918,5697360,13.468628,13.468628,13.397927,13.397927,-0.070701,402
2021-03-12,276915,5206999,13.433278,13.433278,13.256524,13.291875,-0.106052,386
2021-03-15,395346,7392329,13.291875,13.291875,13.185823,13.221173,-0.070702,570
2021-03-16,431550,8114087,13.291875,13.362576,13.221173,13.327226,0.106053,436
2021-03-17,493279,9269354,13.327226,13.327226,13.256524,13.327226,0.0,425
2021-03-18,226767,4271882,13.362576,13.397927,13.291875,13.327226,0.0,346
2021-03-19,456130,8541154,13.256524,13.291875,13.185823,13.291875,-0.035351,496
2021-03-22,413806,7741087,13.291875,13.291875,13.185823,13.256524,-0.035351,462
2021-03-23,344245,6452671,13.291875,13.362576,13.185823,13.256524,0.0,398
2021-03-24,469886,8844560,13.256524,13.362576,13.221173,13.291875,0.035351,359
2021-03-25,2986983,58825326,13.822136,14.069591,13.822136,13.928188,0.636313,1775
2021-03-26,1113760,21929535,13.998889,13.998889,13.822136,13.892837,-0.035351,781
2021-03-29,1008752,19611198,13.892837,13.892837,13.716084,13.716084,-0.176753,616
2021-03-30,474017,9244147,13.680733,13.928188,13.680733,13.857487,0.141403,387
2021-03-31,468360,9184847,13.857487,13.963539,13.822136,13.928188,0.070701,373
2021-04-01,854664,16855365,13.928188,14.069591,13.822136,14.03424,0.106052,507
2021-04-06,3649487,74322820,14.03424,14.705904,13.998889,14.4938,0.45956,1617
2021-04-07,1654065,34069667,14.4938,14.705904,14.423098,14.705904,0.212104,965
2021-04-08,1693143,35431710,14.705904,14.953359,14.599852,14.847307,0.141403,860
2021-04-09,1075668,22522729,14.811956,14.918008,14.705904,14.847307,0.0,1131
2021-04-12,1022216,21414375,14.847307,14.98871,14.705904,14.918008,0.070701,1003
2021-04-13,1081194,22966236,14.918008,15.200814,14.776606,15.024061,0.106053,928
2021-04-14,1387508,29300038,15.024061,15.130113,14.811956,15.059411,0.03535,961
2021-04-15,1974299,42417844,15.094762,15.306867,14.918008,15.306867,0.247456,1055
2021-04-16,2677210,58960309,15.342217,15.766426,15.342217,15.695725,0.388858,1351
2021-04-19,3930063,89667416,15.766426,16.473441,15.731075,15.97853,0.282805,1797
2021-04-20,2867472,63743422,16.013881,16.119933,15.48362,15.872478,-0.106052,1648
2021-04-21,2963739,66657325,15.731075,16.119933,15.589672,16.119933,0.247455,1174
2021-04-22,5127052,116498421,16.261336,16.402739,15.872478,15.907829,-0.212104,2527
2021-04-23,2364296,53422134,15.907829,16.084583,15.872478,16.013881,0.106052,1145
2021-04-26,1179358,26812615,16.049232,16.190635,15.94318,16.155284,0.141403,1074
2021-04-27,1544997,35349117,16.155284,16.296687,16.049232,16.225986,0.070702,1085
2021-04-28,1798753,41652446,16.225986,16.544142,16.225986,16.332038,0.106052,978
2021-04-29,2365890,54128490,16.332038,16.473441,16.013881,16.013881,-0.318157,1258
2021-05-03,2184225,48910981,15.97853,16.013881,15.695725,15.837127,-0.176754,1091
2021-05-04,4997207,108191158,15.837127,15.97853,14.882658,15.412919,-0.424208,1857
2021-05-05,1479992,32457024,15.271516,15.695725,15.130113,15.448269,0.03535,656
2021-05-06,747487,16513300,15.448269,15.731075,15.448269,15.48362,0.035351,416
2021-05-07,758349,16652049,15.48362,15.731075,15.342217,15.518971,0.035351,393
2021-05-10,730742,15965636,15.625023,15.625023,15.342217,15.48362,-0.035351,463
2021-05-11,2508467,53787220,15.448269,15.554322,14.847307,15.094762,-0.388858,1491
2021-05-12,4874405,97984201,15.024061,15.024061,13.786785,14.140292,-0.95447,2216
2021-05-13,2024128,40165306,13.892837,14.387748,13.680733,13.998889,-0.141403,881
2021-05-14,1591114,31222111,14.069591,14.140292,13.645382,13.822136,-0.176753,804
2021-05-17,2521687,47366182,13.503979,13.645382,13.009069,13.009069,-0.813067,1116
2021-05-18,1404992,26917971,13.185823,13.857487,13.115121,13.574681,0.565612,689
2021-05-19,764823,14628417,13.362576,13.716084,13.362576,13.610031,0.03535,355
2021-05-20,769238,14701381,13.53933,13.645382,13.327226,13.610031,0.0,347
2021-05-21,5463896,107404026,13.645382,13.998889,13.574681,13.857487,0.247456,565
2021-05-24,523110,10248137,13.822136,13.998889,13.716084,13.822136,-0.035351,314
2021-05-25,1007034,19674085,13.786785,13.928188,13.716084,13.716084,-0.106052,488
2021-05-26,481681,9323186,13.751434,13.786785,13.610031,13.680733,-0.035351,258
2021-05-27,1122200,21908364,13.716084,13.928188,13.645382,13.786785,0.106052,357
2021-05-28,501666,9909400,13.857487,14.069591,13.857487,13.963539,0.176754,273
2021-05-31,647749,12363523,14.03424,14.03424,13.928188,13.963539,0.0,218
2021-06-01,394302,7811375,14.03424,14.069591,13.892837,14.069591,0.106052,226
2021-06-02,1119461,22627961,14.140292,14.564501,13.963539,14.52915,0.459559,595
2021-06-03,1106476,22846218,14.635203,14.705904,14.423098,14.564501,0.035351,536
2021-06-04,408524,8319041,14.564501,14.564501,14.352397,14.423098,-0.141403,246
2021-06-07,584981,11763949,14.423098,14.423098,14.104942,14.210994,-0.212104,279
2021-06-08,278962,5584029,14.387748,14.387748,14.069591,14.210994,0.0,149
2021-06-09,202290,4050336,14.210994,14.210994,14.104942,14.210994,0.0,155
2021-06-10,317420,6318473,14.140292,14.140292,14.03424,14.069591,-0.141403,208
2021-06-11,546309,10957234,14.140292,14.281695,14.104942,14.210994,0.141403,316
2021-06-15,735546,14609610,14.140292,14.140292,13.998889,13.998889,-0.212105,524
2021-06-16,803382,15865090,14.140292,14.140292,13.857487,13.857487,-0.141402,340
2021-06-17,275099,5426307,13.857487,13.998889,13.786785,13.928188,0.070701,180
2021-06-18,308757,6074222,13.857487,13.998889,13.857487,13.892837,-0.035351,240
2021-06-21,791463,15356678,13.998889,13.998889,13.645382,13.645382,-0.247455,418
2021-06-22,281257,5456513,13.751434,13.786785,13.645382,13.680733,0.035351,238
2021-06-23,364098,7076046,13.680733,13.822136,13.645382,13.822136,0.141403,256
2021-06-24,307722,6065468,13.857487,14.03424,13.857487,13.928188,0.106052,223
2021-06-25,341802,6761786,13.928188,14.069591,13.928188,13.928188,0.0,254
2021-06-28,255440,5036083,14.069591,14.069591,13.857487,13.963539,0.035351,196
2021-06-29,1071888,20954791,13.998889,13.998889,13.751434,13.751434,-0.212105,471
2021-06-30,350991,6844541,13.751434,13.857487,13.751434,13.751434,0.0,306
2021-07-01,465141,9075595,13.786785,13.892837,13.751434,13.786785,0.035351,323
2021-07-02,315129,6159636,13.786785,13.928188,13.751434,13.786785,0.0,255
2021-07-05,1006161,19921180,13.892837,14.281695,13.857487,14.210994,0.424209,489
2021-07-06,458893,9128436,14.281695,14.281695,13.998889,14.104942,-0.106052,314
2021-07-07,453975,9001550,14.104942,14.104942,13.928188,14.104942,0.0,285
2021-07-08,1840587,36979294,14.104942,14.635203,14.03424,14.352397,0.247455,540
2021-07-09,1097806,22030585,14.317046,14.423098,14.069591,14.210994,-0.141403,310
2021-07-12,484648,9814228,14.246345,14.52915,14.210994,14.281695,0.070701,294
2021-07-13,397346,7974100,14.281695,14.281695,14.069591,14.210994,-0.070701,241
2021-07-14,247106,4931457,14.140292,14.175643,14.069591,14.104942,-0.106052,146
2021-07-15,299456,5998127,14.140292,14.246345,14.104942,14.246345,0.141403,182
2021-07-16,223047,4496300,14.246345,14.317046,14.175643,14.317046,0.070701,137
2021-07-19,220646,4446246,14.140292,14.317046,14.140292,14.317046,0.0,144
2021-07-20,274964,5509886,14.140292,14.281695,14.104942,14.140292,-0.176754,161
2021-07-21,398054,7963207,14.210994,14.210994,14.104942,14.210994,0.070702,237
2021-07-22,795510,16182127,14.210994,14.458449,14.210994,14.458449,0.247455,427
2021-07-23,1871399,39296969,14.52915,14.98871,14.52915,14.918008,0.459559,862
2021-07-26,814934,17222454,15.130113,15.200814,14.847307,14.847307,-0.070701,420
2021-07-27,4115563,85272165,14.847307,14.953359,14.599852,14.705904,-0.141403,397
2021-07-28,834535,17155657,14.705904,14.776606,14.387748,14.670553,-0.035351,386
2021-07-29,372924,7752880,14.705904,14.776606,14.599852,14.776606,0.106053,221
2021-07-30,907340,18896512,14.811956,14.882658,14.635203,14.741255,-0.035351,216
2021-08-02,974855,20356362,14.741255,14.811956,14.705904,14.776606,0.035351,198
2021-08-03,1043920,21752269,14.741255,14.847307,14.635203,14.741255,-0.035351,250
2021-08-04,1254062,26093408,14.705904,14.811956,14.670553,14.670553,-0.070702,313
2021-08-05,1641150,34074756,14.776606,14.776606,14.599852,14.670553,0.0,503
2021-08-06,864859,17236149,14.744835,14.967678,14.670553,14.930538,0.259985,412
2021-08-09,800541,15916161,14.930538,14.930538,14.670553,14.856257,-0.074281,338
2021-08-10,998174,19775937,14.744835,14.819116,14.596272,14.819116,-0.037141,229
2021-08-11,871679,17329647,14.744835,14.819116,14.707694,14.781975,-0.037141,243
2021-08-12,239610,4768599,14.781975,14.819116,14.744835,14.819116,0.037141,158
2021-08-13,1026267,20698875,14.707694,15.116241,14.707694,15.04196,0.222844,464
2021-08-16,851040,17087908,15.04196,15.04196,14.856257,14.967678,-0.074282,316
2021-08-17,623101,12476081,15.04196,15.04196,14.819116,14.819116,-0.148562,254
2021-08-18,488071,9705316,14.781975,14.819116,14.707694,14.819116,0.0,213
2021-08-19,1673861,33067474,14.819116,14.819116,14.633413,14.633413,-0.185703,390
2021-08-20,902344,17758062,14.707694,14.744835,14.559131,14.670553,0.03714,258
2021-08-23,356741,7112125,14.707694,14.856257,14.707694,14.856257,0.185704,182
2021-08-24,684178,13705504,14.819116,15.004819,14.781975,14.781975,-0.074282,241
2021-08-25,245520,4885202,14.781975,14.819116,14.744835,14.781975,0.0,109
2021-08-26,227775,4520661,14.781975,14.819116,14.707694,14.707694,-0.074281,133
2021-08-27,913473,18078561,14.744835,14.781975,14.670553,14.781975,0.074281,261
2021-08-30,1007185,20240615,14.781975,15.0791,14.781975,15.04196,0.259985,439
2021-08-31,924694,18947223,15.0791,15.487647,15.004819,15.413366,0.371406,439
2021-09-01,2094037,43436253,15.301944,15.710491,15.264804,15.599069,0.185703,443
2021-09-02,366112,7638514,15.487647,15.63621,15.339085,15.561929,-0.03714,217
2021-09-03,350117,7317924,15.524788,15.599069,15.450507,15.524788,-0.037141,200
2021-09-06,589462,12197501,15.524788,15.524788,15.301944,15.301944,-0.222844,295
2021-09-07,380344,7823424,15.301944,15.487647,15.153382,15.264804,-0.03714,213
2021-09-08,282971,5797960,15.264804,15.301944,15.153382,15.227663,-0.037141,163
2021-09-09,1119267,23113579,15.153382,15.561929,15.0791,15.524788,0.297125,316
2021-09-10,317828,6597602,15.524788,15.524788,15.301944,15.487647,-0.037141,173
2021-09-13,4671611,98894005,15.450507,15.896195,15.376226,15.784773,0.297126,802
2021-09-14,2758076,57931925,15.784773,15.859054,15.524788,15.673351,-0.111422,646
2021-09-15,375597,7906618,15.821913,15.821913,15.487647,15.747632,0.074281,250
2021-09-16,1426042,30402494,15.747632,15.933335,15.561929,15.933335,0.185703,596
2021-09-17,1587952,34538899,15.933335,16.341882,15.859054,16.23046,0.297125,714
2021-09-22,1392488,29969003,15.970476,16.23046,15.821913,16.23046,0.0,613
2021-09-23,1512251,33134080,16.23046,16.490445,16.119038,16.23046,0.0,619
2021-09-24,1659515,35933018,16.23046,16.341882,15.933335,16.23046,0.0,635
2021-09-27,467959,10222831,16.081898,16.304742,16.081898,16.267601,0.037141,257
2021-09-28,539413,11752498,16.156179,16.267601,16.119038,16.267601,0.0,250
2021-09-29,1712281,37620600,16.23046,16.639007,16.119038,16.416163,0.148562,734
2021-09-30,1124855,25041067,16.341882,16.639007,16.341882,16.601867,0.185704,620
2021-10-01,1194270,26401443,16.564726,16.564726,16.267601,16.490445,-0.111422,576
2021-10-04,2468312,55441814,16.490445,16.824711,16.490445,16.750429,0.259984,1447
2021-10-05,3447701,76312287,16.78757,16.78757,16.23046,16.601867,-0.148562,944
2021-10-06,1624410,35750491,16.601867,16.601867,16.23046,16.379023,-0.222844,586
2021-10-07,1094565,24404369,16.379023,16.676148,16.341882,16.639007,0.259984,525
2021-10-08,2627025,60318542,16.639007,17.270398,16.639007,17.158976,0.519969,1399
2021-10-12,849790,19475483,17.158976,17.158976,16.861851,17.121836,-0.03714,584
2021-10-13,871292,20052744,17.270398,17.270398,16.936132,17.084695,-0.037141,614
2021-10-14,810339,18545470,17.084695,17.158976,16.898992,17.047554,-0.037141,441
2021-10-15,1079575,24694081,17.010414,17.158976,16.898992,17.047554,0.0,567
2021-10-18,1510252,35224612,17.084695,17.493242,17.047554,17.38182,0.334266,682
2021-10-19,680132,15874804,17.567523,17.567523,17.196117,17.34468,-0.03714,538
2021-10-20,2534317,58085490,17.456101,17.456101,16.898992,17.158976,-0.185704,685
2021-10-21,4260040,101826992,17.233258,18.496039,17.010414,18.496039,1.337063,1281
2021-10-22,3455408,84454369,18.198914,18.496039,17.716086,18.384617,-0.111422,1949
2021-10-25,3827879,92162663,18.384617,18.384617,17.604664,17.827508,-0.557109,1331
2021-10-26,816551,19759152,17.827508,18.124633,17.678945,18.050352,0.222844,539
2021-10-27,509545,12306695,17.864649,18.050352,17.864649,18.050352,0.0,348
2021-10-28,584141,14087794,18.050352,18.050352,17.827508,18.013211,-0.037141,378
2021-10-29,945829,22645859,17.97607,17.97607,17.678945,17.93893,-0.074281,533
2021-11-01,1307743,31152294,17.716086,17.901789,17.530383,17.790367,-0.148563,658
2021-11-02,3175162,74751506,17.753227,17.753227,17.307539,17.678945,-0.111422,1609
2021-11-03,1342853,31848032,17.678945,17.753227,17.493242,17.753227,0.074282,820
2021-11-04,707135,17072640,17.790367,18.050352,17.753227,17.93893,0.185703,411
2021-11-05,2189693,52120767,17.93893,18.087492,17.456101,17.753227,-0.185703,1321
2021-11-08,1152424,27422704,17.678945,17.790367,17.567523,17.716086,-0.037141,584
2021-11-09,433853,10366599,17.716086,17.864649,17.641805,17.753227,0.037141,240
2021-11-10,376457,9054119,17.753227,17.97607,17.678945,17.901789,0.148562,262
2021-11-11,1303341,30993382,17.716086,17.93893,17.456101,17.753227,-0.148562,546
2021-11-12,2436609,57307610,17.790367,17.790367,17.34468,17.753227,0.0,1613
2021-11-15,2453393,57775876,17.97607,17.97607,17.38182,17.678945,-0.074282,1242
2021-11-16,2515640,59048811,17.418961,17.604664,17.307539,17.567523,-0.111422,1080
2021-11-17,1418948,33341340,17.567523,17.567523,17.38182,17.567523,0.0,800
2021-11-18,1651889,38709604,17.530383,17.530383,17.34468,17.493242,-0.074281,799
2021-11-19,3589126,83657333,17.456101,17.456101,17.158976,17.456101,-0.037141,1394
2021-11-22,1657831,38678256,17.641805,17.641805,17.196117,17.456101,0.0,732
2021-11-23,1645748,38368353,17.270398,17.456101,17.233258,17.38182,-0.074281,769
2021-11-24,2750991,63848958,17.307539,17.38182,17.084695,17.38182,0.0,1033
2021-11-25,3167248,73363550,17.38182,17.38182,17.047554,17.38182,0.0,1076
2021-11-26,6357363,144743984,17.233258,17.233258,16.601867,17.010414,-0.371406,2243
2021-11-29,3513810,78055398,16.78757,16.78757,16.416163,16.416163,-0.594251,1426
2021-11-30,7847893,175359297,16.453304,16.639007,16.304742,16.639007,0.222844,983
2021-12-01,586938,13177644,16.564726,16.78757,16.490445,16.78757,0.148563,419
2021-12-02,972261,21752472,16.78757,16.78757,16.453304,16.78757,0.0,661
2021-12-03,812158,18211342,16.750429,16.78757,16.564726,16.750429,-0.037141,567
2021-12-06,659545,15025596,16.676148,17.084695,16.601867,16.936132,0.185703,499
2021-12-07,359565,8193258,16.936132,16.973273,16.898992,16.973273,0.037141,302
2021-12-08,534380,12199611,17.084695,17.084695,16.898992,17.010414,0.037141,486
2021-12-09,403188,9218101,17.047554,17.047554,16.936132,17.047554,0.03714,272
2021-12-10,5409913,124516798,17.047554,17.307539,16.936132,17.233258,0.185704,807
2021-12-13,1134867,26289831,17.233258,17.270398,17.121836,17.196117,-0.037141,514
2021-12-14,1830722,41879773,17.158976,17.158976,16.750429,17.084695,-0.111422,933
2021-12-15,645280,14737603,17.010414,17.084695,16.861851,17.084695,0.0,416
2021-12-16,430800,9888713,17.084695,17.158976,16.898992,17.158976,0.074281,221
2021-12-17,2033605,47787848,17.233258,17.641805,17.233258,17.456101,0.297125,1022
2021-12-20,564352,13255285,17.530383,17.567523,17.34468,17.530383,0.074282,357
2021-12-21,777520,18428277,17.530383,17.790367,17.456101,17.790367,0.259984,372
2021-12-22,1260470,30039046,17.753227,17.790367,17.604664,17.790367,0.0,619
2021-12-23,2209006,53053979,17.790367,17.93893,17.716086,17.901789,0.111422,997
2021-12-24,1659677,39929215,17.901789,17.93893,17.716086,17.901789,0.0,719
2021-12-27,1624656,39379201,17.901789,18.198914,17.864649,18.050352,0.148563,1379
2021-12-28,2174033,52307202,18.124633,18.161774,17.678945,17.678945,-0.371407,955
2021-12-29,681130,16196826,17.753227,17.753227,17.604664,17.753227,0.074282,441
2021-12-30,579802,13867789,17.678945,17.827508,17.678945,17.827508,0.074281,252
2022-01-03,593850,14134224,17.864649,17.864649,17.567523,17.753227,-0.074281,372
2022-01-04,1013959,24058060,17.753227,17.753227,17.493242,17.753227,0.0,3719
2022-01-05,1061343,25242612,17.604664,17.827508,17.530383,17.827508,0.074281,376
2022-01-06,685403,16432817,17.753227,17.864649,17.716086,17.864649,0.037141,239
2022-01-07,1247299,29980284,17.901789,17.93893,17.753227,17.901789,0.03714,444
2022-01-10,901562,21733531,17.790367,18.013211,17.753227,17.97607,0.074281,450
2022-01-11,1237370,30114920,17.97607,18.161774,17.97607,18.161774,0.185704,704
2022-01-12,642738,15690603,18.161774,18.198914,18.087492,18.161774,0.0,351
2022-01-13,1084931,26331994,18.198914,18.198914,17.93893,18.087492,-0.074282,490
2022-01-14,1278094,30796687,18.087492,18.087492,17.790367,17.97607,-0.111422,549
2022-01-17,4011538,95418848,17.901789,17.93893,17.493242,17.716086,-0.259984,1694
2022-01-18,597460,14151217,17.716086,17.716086,17.493242,17.641805,-0.074281,276
2022-01-19,3897047,92010810,17.567523,17.641805,17.456101,17.641805,0.0,503
2022-01-20,354362,8378535,17.604664,17.641805,17.493242,17.567523,-0.074282,203
2022-01-21,908971,21331937,17.456101,17.567523,17.34468,17.456101,-0.111422,684
2022-01-24,1028043,23868557,17.38182,17.38182,17.084695,17.34468,-0.111421,634
2022-01-25,1126943,26075235,17.270398,17.34468,17.121836,17.233258,-0.111422,631
2022-01-26,778310,18287277,17.158976,17.678945,17.158976,17.678945,0.445687,489
2022-02-07,409214,9750842,17.493242,17.827508,17.493242,17.790367,0.111422,505
2022-02-08,635989,15278687,17.827508,17.901789,17.716086,17.901789,0.111422,383
2022-02-09,497888,11988202,17.864649,17.93893,17.827508,17.901789,0.0,357
2022-02-10,326982,7879348,17.827508,17.93893,17.827508,17.93893,0.037141,203
2022-02-11,4361209,105069168,17.864649,18.198914,17.790367,18.087492,0.148562,874
2022-02-14,579160,14017936,18.087492,18.087492,17.864649,18.050352,-0.03714,388
2022-02-15,639420,15550523,18.087492,18.124633,17.97607,18.087492,0.03714,368
2022-02-16,1259688,30554474,18.124633,18.124633,17.901789,18.050352,-0.03714,507
2022-02-17,796460,19373035,18.050352,18.124633,18.013211,18.124633,0.074281,435
2022-02-18,765905,18697181,18.087492,18.198914,18.013211,18.198914,0.074281,437
2022-02-21,1298429,32043626,18.198914,18.496039,18.087492,18.458899,0.259985,893
2022-02-22,964567,23902518,18.458899,18.53318,18.310336,18.458899,0.0,972
2022-02-23,1663285,41759500,18.421758,18.718883,18.421758,18.718883,0.259984,942
2022-02-24,6087306,150592899,18.681743,18.681743,18.013211,18.124633,-0.59425,2084
2022-02-25,810601,19950122,18.124633,18.421758,18.124633,18.347477,0.222844,875
2022-03-01,746176,18612452,18.496039,18.570321,18.458899,18.53318,0.185703,390
2022-03-02,1170496,28911069,18.496039,18.496039,18.273196,18.421758,-0.111422,607
2022-03-03,3304892,80188895,18.347477,18.347477,17.716086,18.273196,-0.148562,1694
2022-03-04,813917,19943274,18.161774,18.347477,18.013211,18.273196,0.0,639
2022-03-07,1056290,25522070,18.013211,18.087492,17.790367,17.97607,-0.297126,1029
2022-03-08,1124794,27023988,17.827508,17.97607,17.753227,17.901789,-0.074281,988
2022-03-09,1186257,28603587,17.93893,18.124633,17.827508,17.93893,0.037141,748
2022-03-10,561843,13611516,18.013211,18.050352,17.93893,18.013211,0.074281,382
2022-03-11,1168381,28168559,17.901789,18.050352,17.753227,18.050352,0.037141,694
2022-03-14,681295,16498204,17.93893,18.050352,17.93893,18.050352,0.0,363
2022-03-15,992867,23989253,17.97607,18.013211,17.864649,18.013211,-0.037141,465
2022-03-16,1027065,24767952,17.97607,18.013211,17.864649,17.93893,-0.074281,480
2022-03-17,441398,10705938,17.93893,18.087492,17.93893,18.050352,0.111422,263
2022-03-18,1147917,28033201,18.050352,18.236055,18.050352,18.161774,0.111422,420
2022-03-21,340629,8352303,18.273196,18.273196,18.161774,18.236055,0.074281,218
2022-03-22,263798,6473507,18.236055,18.273196,18.161774,18.273196,0.037141,181
2022-03-23,351630,8647045,18.273196,18.310336,18.198914,18.310336,0.03714,263
2022-03-24,338105,8313901,18.198914,18.310336,18.198914,18.310336,0.0,219
2022-03-25,717074,17697826,18.310336,18.421758,18.236055,18.384617,0.074281,397
2022-03-28,448345,11078558,18.347477,18.421758,18.273196,18.384617,0.0,278
2022-03-29,395480,9772244,18.310336,18.384617,18.310336,18.384617,0.0,557
2022-03-30,675275,16702623,18.384617,18.458899,18.310336,18.458899,0.074282,741
2022-03-31,487713,12097743,18.384617,18.496039,18.347477,18.496039,0.03714,347
2022-04-01,456974,11388818,18.496039,18.570321,18.421758,18.570321,0.074282,356
2022-04-06,806572,20191829,18.458899,18.681743,18.458899,18.681743,0.111422,618
2022-04-07,876457,22008734,18.607461,18.718883,18.570321,18.718883,0.03714,545
2022-04-08,923279,23161023,18.718883,18.718883,18.496039,18.681743,-0.03714,537
2022-04-11,1486893,37607977,18.681743,18.867446,18.681743,18.830305,0.148562,1009
2022-04-12,668471,16893034,18.830305,18.830305,18.718883,18.793165,-0.03714,580
2022-04-13,542979,13743133,18.756024,18.830305,18.756024,18.830305,0.03714,679
2022-04-14,707502,17920748,18.867446,18.867446,18.756024,18.830305,0.0,364
2022-04-15,655330,16602873,18.718883,18.867446,18.718883,18.867446,0.037141,373
2022-04-18,423852,10766793,18.904586,18.904586,18.793165,18.904586,0.03714,275
2022-04-19,646508,16474780,18.904586,18.978868,18.867446,18.941727,0.037141,378
2022-04-20,932444,23768240,18.978868,19.016008,18.830305,18.830305,-0.111422,452
2022-04-21,978830,24798002,18.830305,18.904586,18.756024,18.867446,0.037141,378
2022-04-22,503813,12801133,18.867446,18.941727,18.756024,18.941727,0.074281,299
2022-04-25,1789375,44701367,18.756024,18.756024,18.421758,18.421758,-0.519969,1005
2022-04-26,548677,13643519,18.421758,18.570321,18.384617,18.570321,0.148563,312
2022-04-27,1046644,25720514,18.347477,18.421758,18.050352,18.384617,-0.185704,570
2022-04-28,333053,8271118,18.236055,18.570321,18.236055,18.570321,0.185704,216
2022-04-29,891527,22432181,18.53318,18.793165,18.53318,18.793165,0.222844,397
2022-05-03,402785,10175661,18.830305,18.830305,18.681743,18.793165,0.0,277
2022-05-04,233807,5906281,18.756024,18.793165,18.718883,18.793165,0.0,177
2022-05-05,652253,16477062,18.793165,18.830305,18.681743,18.793165,0.0,364
2022-05-06,440901,11049461,18.570321,18.644602,18.53318,18.644602,-0.148563,235
2022-05-09,1079298,26662858,18.496039,18.644602,18.087492,18.347477,-0.297125,570
2022-05-10,2341208,56178107,18.347477,18.347477,17.604664,17.93893,-0.408547,1649
2022-05-11,932324,22219304,17.678945,17.790367,17.567523,17.790367,-0.148563,497
2022-05-12,1947731,45436859,17.716086,17.716086,17.084695,17.233258,-0.557109,1219
2022-05-13,862697,20239925,17.270398,17.641805,17.233258,17.456101,0.222843,490
2022-05-16,1644063,39576221,17.456101,18.310336,17.456101,17.97607,0.519969,1094
2022-05-17,948938,23336933,17.864649,18.421758,17.827508,18.347477,0.371407,774
2022-05-18,359158,8883614,18.347477,18.458899,18.236055,18.458899,0.111422,262
2022-05-19,721543,17675166,18.458899,18.458899,18.050352,18.273196,-0.185703,357
2022-05-20,201872,4946105,18.273196,18.273196,18.124633,18.236055,-0.037141,188
2022-05-23,408442,10055987,18.236055,18.496039,18.198914,18.198914,-0.037141,219
2022-05-24,513328,12587791,18.013211,18.384617,18.013211,18.310336,0.111422,323
2022-05-25,717446,17734588,18.198914,18.496039,18.198914,18.384617,0.074281,446
2022-05-26,605732,15057459,18.421758,18.570321,18.347477,18.496039,0.111422,365
2022-05-27,610125,15256367,18.570321,18.644602,18.458899,18.607461,0.111422,289
2022-05-30,742860,18619102,18.644602,18.681743,18.53318,18.681743,0.074282,431
2022-05-31,668458,16678246,18.607461,18.681743,18.421758,18.607461,-0.074282,387
2022-06-01,634793,15896191,18.53318,18.718883,18.496039,18.607461,0.0,339
2022-06-02,920340,22935426,18.458899,18.607461,18.421758,18.53318,-0.074281,423
2022-06-06,613070,15368953,18.570321,18.718883,18.53318,18.681743,0.148563,390
2022-06-07,360136,9028058,18.681743,18.681743,18.570321,18.644602,-0.037141,224
2022-06-08,347891,8723207,18.644602,18.681743,18.570321,18.681743,0.037141,220
2022-06-09,770090,19265268,18.607461,18.644602,18.496039,18.644602,-0.037141,373
2022-06-10,526749,13243482,18.644602,18.756024,18.570321,18.681743,0.037141,207
2022-06-13,870285,21748569,18.53318,18.681743,18.421758,18.681743,0.0,526
2022-06-14,510874,12787779,18.607461,18.718883,18.458899,18.718883,0.03714,340
2022-06-15,2318381,59635366,18.644602,19.275993,18.644602,19.201712,0.482829,1120
2022-06-16,2176445,55499486,19.201712,19.238852,18.718883,18.830305,-0.371407,663
2022-06-17,1069917,26913050,18.718883,18.793165,18.53318,18.756024,-0.074281,488
2022-06-20,1172769,29300788,18.644602,18.830305,18.384617,18.607461,-0.148563,503
2022-06-21,646643,16358290,18.681743,18.867446,18.644602,18.867446,0.259985,308
2022-06-22,862203,21712693,18.904586,18.904586,18.607461,18.718883,-0.148563,349
2022-06-23,1195345,30134164,18.718883,18.867446,18.607461,18.756024,0.037141,623
2022-06-24,843014,21510659,18.756024,19.053149,18.756024,18.978868,0.222844,549
2022-06-27,824643,21175521,19.053149,19.12743,18.978868,19.09029,0.111422,475
2022-06-28,755988,19424555,19.09029,19.12743,19.016008,19.12743,0.03714,345
2022-06-29,933068,23966637,19.016008,19.164571,19.016008,19.12743,0.0,391
2022-06-30,1079201,27560303,19.09029,19.09029,18.830305,19.053149,-0.074281,504
2022-07-01,1325265,33830537,19.053149,19.09029,18.830305,19.053149,0.0,750
2022-07-04,1749313,44503163,18.941727,19.09029,18.718883,18.904586,-0.148563,801
2022-07-05,1474067,37315641,19.053149,19.053149,18.607461,18.904586,0.0,695
2022-07-06,822681,20790211,18.867446,18.904586,18.681743,18.830305,-0.074281,410
2022-07-07,1115511,28232889,18.830305,18.867446,18.718883,18.830305,0.0,348
2022-07-08,406760,10303182,18.830305,18.941727,18.756024,18.830305,0.0,260
2022-07-11,3098307,75147892,18.793165,18.793165,17.493242,17.493242,-1.337063,1975
2022-07-12,4202277,98701108,17.493242,17.753227,17.233258,17.641805,0.148563,2130
2022-07-13,1810886,43475619,17.678945,18.347477,17.567523,17.790367,0.148562,1137
2022-07-14,2919418,68304792,17.864649,17.864649,17.084695,17.790367,0.0,1051
2022-07-15,1176214,28065978,17.604664,17.864649,17.456101,17.790367,0.0,804
2022-07-18,1462362,35379628,18.050352,18.124633,17.716086,18.013211,0.222844,922
2022-07-19,692185,16759852,17.827508,18.050352,17.827508,18.013211,0.0,320
2022-07-20,713910,17486867,17.97607,18.310336,17.97607,18.236055,0.222844,372
2022-07-21,2931389,71551787,18.236055,18.347477,17.901789,18.161774,-0.074281,1336
2022-07-22,1233356,29806199,18.013211,18.087492,17.827508,18.013211,-0.148563,609
2022-07-25,308469,7463051,17.901789,18.050352,17.864649,18.013211,0.0,233
2022-07-26,367465,8885576,17.93893,18.013211,17.901789,17.97607,-0.037141,184
2022-07-27,321490,7837611,18.050352,18.198914,17.97607,18.198914,0.222844,192
2022-07-28,307695,7531232,18.124633,18.236055,18.087492,18.236055,0.037141,156
2022-07-29,528873,12953512,18.273196,18.273196,18.124633,18.236055,0.0,228
2022-08-01,5581320,142630315,18.236055,18.236055,18.124633,18.236055,0.0,250
2022-08-02,12343751,326585432,18.124633,18.198914,17.678945,18.198914,-0.037141,908
2022-08-03,5360697,138865834,18.124633,18.161774,17.97607,18.050352,-0.148562,513
2022-08-04,2312570,55248656,17.864649,17.901789,17.530383,17.790367,-0.259985,781
2022-08-05,3364148,83933096,17.790367,18.273196,17.790367,18.273196,0.482829,808
2022-08-08,30152641,678092875,18.429377,18.468422,18.15606,18.195105,-0.078091,718
2022-08-09,3838506,81964388,18.195105,18.429377,18.15606,18.351286,0.156181,321
2022-08-10,762679,17919862,18.23415,18.468422,18.195105,18.468422,0.117136,445
2022-08-11,1590626,36737963,18.585558,18.81983,18.507467,18.81983,0.351408,655
2022-08-12,2150762,51889728,18.81983,19.054101,18.702694,18.858875,0.039045,1421
2022-08-15,2160235,49828979,18.858875,18.976011,18.780784,18.936965,0.07809,789
2022-08-16,582023,14163473,18.936965,19.093147,18.936965,19.054101,0.117136,341
2022-08-17,719164,17571903,19.093147,19.132192,19.015056,19.093147,0.039046,428
2022-08-18,2019900,50178054,19.171237,19.678826,19.093147,19.405509,0.312362,916
2022-08-19,600823,14899154,19.405509,19.4836,19.249328,19.444554,0.039045,386
2022-08-22,3596150,91654227,19.4836,20.147369,19.366464,19.991188,0.546634,1338
2022-08-23,1755939,44460400,19.835007,19.952143,19.639781,19.795962,-0.195226,1051
2022-08-24,1490746,37925665,19.913098,19.991188,19.717871,19.952143,0.156181,529
2022-08-25,1586980,40623844,19.952143,20.147369,19.874052,20.030234,0.078091,817
2022-08-26,522107,13384312,20.069279,20.108324,19.952143,20.030234,0.0,342
2022-08-29,1351879,34586995,19.795962,20.342596,19.678826,20.069279,0.039045,716
2022-08-30,633767,16306158,20.22546,20.22546,20.030234,20.069279,0.0,369
2022-08-31,805806,20762400,20.030234,20.22546,19.991188,20.186415,0.117136,482
2022-09-01,1318485,33940637,20.030234,20.22546,19.991188,20.186415,0.0,832
2022-09-02,311590,8042312,20.186415,20.22546,20.108324,20.147369,-0.039046,265
2022-09-05,879464,22472097,20.186415,20.186415,19.835007,19.952143,-0.195226,550
2022-09-06,713594,18220536,19.952143,20.069279,19.874052,19.952143,0.0,490
2022-09-07,865256,21996936,19.913098,19.952143,19.717871,19.913098,-0.039045,585
2022-09-08,537943,13858524,19.913098,20.186415,19.913098,20.186415,0.273317,418
2022-09-12,1354159,35069156,20.186415,20.303551,20.108324,20.264505,0.07809,811
2022-09-13,589781,15266047,20.303551,20.303551,20.108324,20.264505,0.0,585
2022-09-14,391121,10089088,19.952143,20.186415,19.952143,20.186415,-0.07809,369
2022-09-15,773812,19905065,20.069279,20.186415,19.991188,20.147369,-0.039046,416
2022-09-16,557238,14356384,20.030234,20.186415,20.030234,20.147369,0.0,328
2022-09-19,657977,16956889,20.186415,20.264505,20.030234,20.108324,-0.039045,324
2022-09-20,741999,19033025,20.108324,20.147369,19.991188,20.069279,-0.039045,484
2022-09-21,1437409,36731285,19.991188,20.069279,19.795962,19.952143,-0.117136,744
2022-09-22,1366012,34425315,19.795962,19.835007,19.522645,19.795962,-0.156181,1068
2022-09-23,633500,16046427,19.756917,19.913098,19.639781,19.795962,0.0,427
2022-09-26,1604818,39864212,19.56169,19.795962,19.132192,19.4836,-0.312362,1063
2022-09-27,2245401,55485189,19.444554,19.4836,19.132192,19.444554,-0.039046,1268
2022-09-28,1254071,30645782,19.327418,19.4836,18.936965,19.015056,-0.429498,763
2022-09-29,1228670,30147719,18.976011,19.405509,18.936965,19.327418,0.312362,933
2022-09-30,862080,21157119,18.936965,19.327418,18.936965,19.249328,-0.07809,606
2022-10-03,930088,22894825,19.093147,19.405509,19.015056,19.288373,0.039045,658
2022-10-04,644081,15943983,19.405509,19.4836,19.210283,19.405509,0.117136,421
2022-10-05,978329,24102928,19.288373,19.444554,19.132192,19.249328,-0.156181,561
2022-10-06,411323,10079133,19.132192,19.288373,19.054101,19.171237,-0.078091,421
2022-10-07,576939,14102655,19.054101,19.210283,19.054101,19.093147,-0.07809,369
2022-10-11,716414,17351595,18.976011,19.171237,18.780784,19.015056,-0.078091,485
2022-10-12,950298,22943576,18.89792,19.093147,18.663648,19.093147,0.078091,626
2022-10-13,1712326,40958576,18.936965,19.093147,18.429377,18.741739,-0.351408,755
2022-10-14,972083,23600624,18.741739,19.132192,18.741739,19.015056,0.273317,556
2022-10-17,1109552,26801272,18.858875,19.054101,18.663648,19.054101,0.039045,781
2022-10-18,1034499,25481949,18.936965,19.405509,18.936965,19.288373,0.234272,607
2022-10-19,1004977,24792873,19.132192,19.405509,19.132192,19.171237,-0.117136,529
2022-10-20,1041699,25683546,19.288373,19.444554,19.132192,19.210283,0.039046,671
2022-10-21,769728,18916258,19.210283,19.366464,19.093147,19.210283,0.0,444
2022-10-24,626414,15420518,19.210283,19.405509,19.132192,19.249328,0.039045,457
2022-10-25,803918,19719863,19.171237,19.327418,19.054101,19.171237,-0.078091,505
2022-10-26,549315,13464067,19.093147,19.210283,18.976011,19.210283,0.039046,320
2022-10-27,707623,17379507,19.210283,19.288373,19.093147,19.210283,0.0,362
2022-10-28,801452,19701039,19.093147,19.327418,19.015056,19.288373,0.07809,348
2022-10-31,781279,19228926,19.210283,19.327418,19.132192,19.249328,-0.039045,419
2022-11-01,327469,8070855,19.171237,19.288373,19.171237,19.249328,0.0,168
2022-11-02,396937,9753997,19.171237,19.249328,19.132192,19.210283,-0.039045,385
2022-11-03,482670,11800440,19.093147,19.210283,18.936965,19.210283,0.0,344
2022-11-04,786288,19453193,19.132192,19.522645,19.132192,19.366464,0.156181,431
2022-11-07,452380,11213947,19.288373,19.4836,19.288373,19.405509,0.039045,280
2022-11-08,755346,18796781,19.327418,19.600735,19.327418,19.444554,0.039045,454
2022-11-09,2547440,64610001,19.600735,19.991188,19.56169,19.874052,0.429498,1074
2022-11-10,1539857,39474317,19.835007,20.186415,19.795962,20.147369,0.273317,718
2022-11-11,1590148,40917147,20.381641,20.381641,19.952143,20.069279,-0.07809,1052
2022-11-14,752352,19410193,20.108324,20.22546,20.069279,20.147369,0.07809,362
2022-11-15,1140095,29420471,20.264505,20.264505,20.069279,20.108324,-0.039045,543
2022-11-16,1415907,35834301,20.030234,20.108324,19.522645,19.717871,-0.390453,728
2022-11-17,985200,25129910,19.913098,20.069279,19.639781,20.069279,0.351408,616
2022-11-18,649272,16549534,20.030234,20.108324,19.756917,19.991188,-0.078091,407
2022-11-21,536417,13722294,19.952143,20.108324,19.874052,20.069279,0.078091,346
2022-11-22,590919,15148379,19.952143,20.108324,19.952143,20.069279,0.0,325
2022-11-23,696961,17818494,20.069279,20.069279,19.874052,20.030234,-0.039045,409
2022-11-24,340661,8722296,20.069279,20.069279,19.952143,19.991188,-0.039046,229
2022-11-25,854993,21747198,19.913098,19.991188,19.717871,19.717871,-0.273317,515
2022-11-28,829472,21098738,19.717871,20.030234,19.678826,20.030234,0.312363,470
2022-11-29,978536,25132341,19.913098,20.186415,19.913098,20.147369,0.117135,451
2022-11-30,605629,15595003,20.147369,20.186415,20.069279,20.147369,0.0,347
2022-12-01,935326,24132501,20.108324,20.22546,20.069279,20.147369,0.0,492
2022-12-02,444898,11456093,20.069279,20.186415,20.069279,20.069279,-0.07809,316
2022-12-05,880384,22679279,20.108324,20.186415,20.030234,20.069279,0.0,427
2022-12-06,1106998,28182034,20.030234,20.147369,19.639781,19.639781,-0.429498,596
2022-12-07,786500,19942268,19.795962,19.952143,19.639781,19.952143,0.312362,548
2022-12-08,800458,20327627,19.952143,19.991188,19.678826,19.874052,-0.078091,540
2022-12-09,1072753,27565922,19.952143,20.264505,19.913098,20.147369,0.273317,533
2022-12-12,1799028,46383508,20.186415,20.264505,20.030234,20.108324,-0.039045,511
2022-12-13,879417,22456177,19.991188,20.108324,19.756917,19.756917,-0.351407,418
2022-12-14,2583505,64452039,19.795962,19.795962,19.210283,19.210283,-0.546634,1216
2022-12-15,2383696,57893915,19.210283,19.249328,18.780784,18.976011,-0.234272,1183
2022-12-16,2722912,65422061,18.858875,18.976011,18.546513,18.702694,-0.273317,1223
2022-12-19,1141036,27134162,18.624603,18.663648,18.507467,18.546513,-0.156181,690
2022-12-20,3259036,75555842,18.546513,18.585558,17.726562,17.882743,-0.66377,1342
2022-12-21,1576574,36216938,17.960833,18.23415,17.726562,17.882743,0.0,782
2022-12-22,3405979,76528711,17.882743,17.960833,17.336109,17.804652,-0.078091,1738
2022-12-23,2104492,47698103,17.687516,17.921788,17.49229,17.843697,0.039045,880
2022-12-26,2569764,57466816,17.843697,17.843697,17.218973,17.648471,-0.195226,927
2022-12-27,1138194,25928916,17.648471,18.15606,17.531335,17.999879,0.351408,543
2022-12-28,2888507,64673967,17.960833,17.960833,17.258018,17.297063,-0.702816,1360
2022-12-29,1299439,28938781,17.336109,17.648471,17.179927,17.57038,0.273317,707
2022-12-30,645196,14566508,17.648471,17.726562,17.453244,17.687516,0.117136,407
2023-01-03,790276,17805719,17.609426,17.726562,17.414199,17.726562,0.039046,436
2023-01-04,908789,20583777,17.726562,17.765607,17.609426,17.765607,0.039045,540
2023-01-05,1103648,25298127,17.726562,18.038924,17.726562,17.960833,0.195226,581
2023-01-06,777116,17771445,17.921788,17.960833,17.765607,17.882743,-0.07809,419
2023-01-09,463287,10607295,17.960833,17.960833,17.804652,17.960833,0.07809,299
2023-01-10,786602,18018597,17.960833,17.999879,17.843697,17.921788,-0.039045,363
2023-01-11,625072,14393739,17.960833,18.077969,17.882743,17.960833,0.039045,341
2023-01-12,586734,13492240,17.960833,18.038924,17.882743,18.038924,0.078091,227
2023-01-13,904650,20717551,17.960833,17.999879,17.765607,17.960833,-0.078091,425
2023-01-16,362508,8322979,17.882743,17.999879,17.882743,17.999879,0.039046,264
2023-01-17,718692,16534183,17.921788,18.038924,17.843697,18.038924,0.039045,297
2023-01-30,542796,12589809,17.999879,18.195105,17.999879,18.15606,0.117136,293
2023-01-31,367804,8566483,18.195105,18.23415,18.15606,18.195105,0.039045,232
2023-02-01,1056320,24386617,18.15606,18.23415,17.882743,18.038924,-0.156181,546
2023-02-02,1953061,44448567,18.077969,18.117014,17.648471,17.726562,-0.312362,866
2023-02-03,1407834,31813907,17.726562,17.765607,17.531335,17.765607,0.039045,716
2023-02-06,1340740,30417695,17.765607,17.882743,17.609426,17.882743,0.117136,584
2023-02-07,987366,22540787,17.882743,17.921788,17.765607,17.921788,0.039045,432
2023-02-08,2012067,46265902,17.843697,18.077969,17.843697,17.999879,0.078091,931
2023-02-09,452031,10392150,17.882743,18.038924,17.882743,17.999879,0.0,237
2023-02-10,652207,14965438,17.960833,17.999879,17.804652,17.999879,0.0,278
2023-02-13,1561259,36001429,17.882743,18.195105,17.843697,18.15606,0.156181,782
2023-02-14,790242,18504964,18.15606,18.390331,18.15606,18.351286,0.195226,410
2023-02-15,766060,17896390,18.351286,18.390331,18.195105,18.195105,-0.156181,441
2023-02-16,673905,15699450,18.195105,18.273196,18.117014,18.273196,0.078091,401
2023-02-17,839214,19538748,18.15606,18.23415,18.077969,18.23415,-0.039046,393
2023-02-20,678481,15811477,18.195105,18.273196,18.117014,18.273196,0.039046,318
2023-02-21,3543922,83282226,18.273196,18.507467,18.195105,18.429377,0.156181,783
2023-02-22,2141882,50114759,18.351286,18.429377,18.117014,18.117014,-0.312363,921
2023-02-23,1968223,45805960,18.195105,18.273196,18.117014,18.273196,0.156182,520
2023-02-24,1001755,23361512,18.351286,18.351286,18.117014,18.273196,0.0,509
2023-03-01,853187,19845000,18.23415,18.23415,18.117014,18.195105,-0.078091,461
2023-03-02,1641164,37938770,18.15606,18.195105,17.960833,17.960833,-0.234272,702
2023-03-03,1662636,38649767,18.038924,18.273196,18.038924,18.15606,0.195227,793
2023-03-06,947321,22183717,18.15606,18.351286,18.15606,18.312241,0.156181,506
2023-03-07,3307121,79563555,18.351286,19.054101,18.312241,19.054101,0.74186,1605
2023-03-08,2241586,54266586,19.015056,19.132192,18.663648,18.936965,-0.117136,1420
2023-03-09,1933185,46344815,18.89792,18.89792,18.585558,18.702694,-0.234271,1110
2023-03-10,4675274,111678448,18.936965,18.936965,18.429377,18.585558,-0.117136,1777
2023-03-13,2773812,65751295,18.702694,18.702694,18.351286,18.624603,0.039045,1352
2023-03-14,1711638,40383075,18.585558,18.585558,18.351286,18.390331,-0.234272,920
2023-03-15,1886474,45124814,18.585558,18.81983,18.429377,18.663648,0.273317,1013
2023-03-16,1635465,38817713,18.507467,18.663648,18.468422,18.546513,-0.117135,819
2023-03-17,2633330,62600295,18.624603,18.702694,18.429377,18.429377,-0.117136,1155
2023-03-20,998160,23697521,18.546513,18.624603,18.429377,18.507467,0.07809,588
2023-03-21,641684,15264876,18.624603,18.663648,18.468422,18.624603,0.117136,334
2023-03-22,845392,20218093,18.663648,18.741739,18.585558,18.702694,0.078091,472
2023-03-23,1745315,42083682,18.663648,18.976011,18.663648,18.780784,0.07809,805
2023-03-24,1092553,26301742,18.81983,18.936965,18.702694,18.780784,0.0,560
2023-03-27,1443378,34495291,18.81983,18.81983,18.546513,18.702694,-0.07809,733
2023-03-28,1343870,32103538,18.741739,18.81983,18.546513,18.702694,0.0,1128
2023-03-29,927367,22227630,18.663648,18.780784,18.624603,18.780784,0.07809,781
2023-03-30,10677378,242293259,17.648471,17.921788,17.453244,17.765607,-1.015177,3763
2023-03-31,2608276,59645018,17.882743,17.999879,17.765607,17.921788,0.156181,1195
2023-04-06,2310750,52777521,17.882743,17.960833,17.726562,17.882743,-0.039045,1253
2023-04-07,1941920,44455554,17.882743,17.960833,17.804652,17.921788,0.039045,1035
2023-04-10,1383721,31774162,17.960833,18.077969,17.843697,18.038924,0.117136,799
2023-04-11,1392524,32435798,18.038924,18.273196,18.038924,18.273196,0.234272,909
2023-04-12,1720808,40036798,18.312241,18.312241,17.999879,18.195105,-0.078091,992
2023-04-13,3760421,86115072,18.117014,18.15606,17.726562,17.765607,-0.429498,1751
2023-04-14,3081180,70454146,17.921788,17.999879,17.726562,17.921788,0.156181,977
2023-04-17,1102254,25249519,17.921788,17.960833,17.843697,17.882743,-0.039045,893
2023-04-18,1691818,38582067,17.882743,17.921788,17.726562,17.843697,-0.039046,1056
2023-04-19,5192760,116941120,17.843697,17.843697,17.453244,17.49229,-0.351407,1991
2023-04-20,3270219,73393516,17.57038,17.648471,17.453244,17.453244,-0.039046,1164
2023-04-21,3181199,70795448,17.49229,17.531335,17.258018,17.336109,-0.117135,1158
2023-04-24,874746,19465558,17.453244,17.49229,17.336109,17.336109,0.0,575
2023-04-25,1877326,42996906,17.375154,17.531335,17.297063,17.336109,0.0,580
2023-04-26,756003,16853668,17.336109,17.531335,17.336109,17.453244,0.117135,424
2023-04-27,374262,8404890,17.531335,17.609426,17.453244,17.531335,0.078091,243
2023-04-28,1254404,28470331,17.609426,17.804652,17.531335,17.804652,0.273317,906
2023-05-02,986725,22403853,17.843697,17.843697,17.648471,17.687516,-0.117136,496
2023-05-03,434728,9821620,17.648471,17.726562,17.609426,17.609426,-0.07809,262
2023-05-04,1068849,24274288,17.648471,17.843697,17.609426,17.687516,0.07809,372
2023-05-05,381951,8669725,17.648471,17.843697,17.648471,17.726562,0.039046,215
2023-05-08,1022539,23272912,17.804652,17.843697,17.726562,17.804652,0.07809,332
2023-05-09,305525,6939682,17.804652,17.804652,17.687516,17.726562,-0.07809,194
2023-05-10,341350,7741165,17.687516,17.765607,17.687516,17.726562,0.0,169
2023-05-11,996841,22422673,17.687516,17.687516,17.49229,17.49229,-0.234272,463
2023-05-12,904586,20329528,17.57038,17.648471,17.453244,17.531335,0.039045,447
2023-05-15,1127756,25120988,17.49229,17.531335,17.336109,17.453244,-0.078091,543
2023-05-16,840555,18853796,17.453244,17.609426,17.453244,17.453244,0.0,441
2023-05-17,814414,18383515,17.531335,17.726562,17.49229,17.726562,0.273318,610
2023-05-18,530361,11959675,17.648471,17.687516,17.57038,17.609426,-0.117136,373
2023-05-19,803966,18096801,17.609426,17.648471,17.49229,17.609426,0.0,323
2023-05-22,648905,14696348,17.531335,17.765607,17.531335,17.687516,0.07809,290
2023-05-23,649261,14779540,17.765607,17.843697,17.687516,17.804652,0.117136,373
2023-05-24,398198,9052223,17.804652,17.804652,17.687516,17.765607,-0.039045,281
2023-05-25,554761,12566642,17.687516,17.726562,17.648471,17.648471,-0.117136,313
2023-05-26,691212,15599037,17.648471,17.687516,17.57038,17.609426,-0.039045,372
2023-05-29,470315,10612044,17.687516,17.687516,17.57038,17.609426,0.0,300
2023-05-30,604820,13586414,17.609426,17.609426,17.49229,17.57038,-0.039046,282
2023-05-31,647149,14548504,17.531335,17.648471,17.49229,17.531335,-0.039045,437
2023-06-01,551792,12396811,17.57038,17.609426,17.531335,17.531335,0.0,305
2023-06-02,769741,17403086,17.531335,17.804652,17.531335,17.648471,0.117136,330
2023-06-05,670204,15179136,17.648471,17.765607,17.648471,17.648471,0.0,413
2023-06-06,431271,9754465,17.648471,17.726562,17.609426,17.687516,0.039045,245
2023-06-07,370016,8382827,17.687516,17.726562,17.648471,17.687516,0.0,328
2023-06-08,528846,11983562,17.687516,17.765607,17.648471,17.687516,0.0,291
2023-06-09,414922,9428297,17.687516,17.804652,17.687516,17.765607,0.078091,291
2023-06-12,778492,17647901,17.687516,17.765607,17.648471,17.687516,-0.078091,414
2023-06-13,513930,11660337,17.687516,17.765607,17.648471,17.726562,0.039046,325
2023-06-14,1134553,25923666,17.765607,17.921788,17.687516,17.921788,0.195226,515
2023-06-15,730785,16738821,17.921788,17.960833,17.804652,17.882743,-0.039045,370
2023-06-16,1167860,26674776,17.882743,17.960833,17.765607,17.804652,-0.078091,522
2023-06-19,783537,17859756,17.804652,17.882743,17.765607,17.765607,-0.039045,311
2023-06-20,818223,18575578,17.765607,17.843697,17.648471,17.687516,-0.078091,322
2023-06-21,449643,10177959,17.804652,17.804652,17.648471,17.687516,0.0,287
2023-06-26,1618934,36268895,17.57038,17.648471,17.414199,17.414199,-0.273317,869
2023-06-27,2481524,54750613,17.414199,17.414199,17.140882,17.258018,-0.156181,969
2023-06-28,3167336,69297511,17.297063,17.297063,16.867565,17.140882,-0.117136,1239
2023-06-29,1691198,36951342,17.258018,17.258018,16.984701,17.023746,-0.117136,726
2023-06-30,502576,10980648,17.023746,17.140882,16.984701,17.062792,0.039046,366
2023-07-03,602592,13199725,17.062792,17.179927,17.062792,17.101837,0.039045,429
2023-07-04,1127968,24642444,17.179927,17.179927,16.984701,17.023746,-0.078091,594
2023-07-05,2769212,62379570,17.179927,17.49229,17.140882,17.375154,0.351408,869
2023-07-06,5960337,139356785,17.414199,17.414199,17.023746,17.101837,-0.273317,888
2023-07-07,4587635,107121524,17.140882,17.179927,16.945656,17.023746,-0.078091,608
2023-07-10,2019793,46454989,17.140882,17.179927,17.023746,17.140882,0.117136,411
2023-07-11,2346105,54213842,17.140882,17.258018,17.140882,17.179927,0.039045,409
2023-07-12,2084385,47988483,17.179927,17.218973,17.101837,17.101837,-0.07809,405
2023-07-13,1262555,27664402,17.101837,17.179927,17.062792,17.101837,0.0,348
2023-07-14,1308342,28713764,17.101837,17.218973,17.101837,17.179927,0.07809,359
2023-07-17,2314184,51066365,17.218973,17.297063,17.179927,17.218973,0.039046,591
2023-07-18,2207698,48739709,17.297063,17.297063,17.179927,17.218973,0.0,585
2023-07-19,3802460,83825560,17.258018,17.336109,17.140882,17.140882,-0.078091,1117
2023-07-20,4054211,81970396,17.140882,17.268166,17.013598,17.225738,0.084856,658
2023-07-21,1286888,26347992,17.310594,17.480306,17.18331,17.437878,0.21214,778
2023-07-24,1669851,33589281,17.480306,17.480306,16.97117,17.013598,-0.42428,760
2023-07-25,2267206,44859829,17.056026,17.056026,16.546891,16.928743,-0.084855,1130
2023-07-26,977920,19615762,16.97117,17.140882,16.801459,17.098454,0.169711,510
2023-07-27,693088,14094919,17.140882,17.310594,17.140882,17.310594,0.21214,343
2023-07-28,652790,13318197,17.310594,17.437878,17.225738,17.268166,-0.042428,378
2023-07-31,327944,6667518,17.18331,17.310594,17.18331,17.268166,0.0,219
2023-08-01,1790036,36141527,17.310594,17.310594,16.97117,17.140882,-0.127284,528
2023-08-02,1082832,21742287,17.225738,17.225738,16.97117,17.098454,-0.042428,390
2023-08-04,1228278,24749545,17.098454,17.225738,16.97117,17.098454,0.0,521
2023-08-07,402850,8093395,17.140882,17.140882,16.97117,17.056026,-0.042428,262
2023-08-08,429272,8606989,17.098454,17.140882,16.928743,17.056026,0.0,327
2023-08-09,332885,6675971,17.056026,17.098454,16.928743,16.97117,-0.084856,227
2023-08-10,672026,13348361,16.97117,16.97117,16.801459,16.843887,-0.127283,432
2023-08-11,1093319,21490082,16.759031,16.759031,16.631747,16.674175,-0.169712,546
2023-08-14,2172837,41974320,16.589319,16.631747,16.207468,16.292324,-0.381851,977
2023-08-15,2057601,39622804,16.292324,16.631747,16.249896,16.419607,0.127283,419
2023-08-16,1213612,23185977,16.419607,16.419607,16.16504,16.16504,-0.254567,432
2023-08-17,2403936,45593226,16.207468,16.207468,15.995328,16.122612,-0.042428,589
2023-08-18,3873879,73774292,16.080184,16.674175,15.9529,16.080184,-0.042428,780
2023-08-21,421651,8028985,16.080184,16.249896,16.037756,16.249896,0.169712,336
2023-08-22,1974612,38006380,16.377179,16.419607,16.16504,16.249896,0.0,350
2023-08-23,1861478,35723688,16.249896,16.419607,16.122612,16.334752,0.084856,349
2023-08-24,1108599,21625193,16.419607,16.843887,16.419607,16.546891,0.212139,418
2023-08-25,318904,6189091,16.462035,16.589319,16.377179,16.419607,-0.127284,253
2023-08-28,247667,4775414,16.504463,16.504463,16.292324,16.292324,-0.127283,209
2023-08-29,568681,10891130,16.292324,16.334752,16.16504,16.334752,0.042428,195
2023-08-30,140474,2705647,16.377179,16.419607,16.292324,16.334752,0.0,121
2023-08-31,328328,6280404,16.292324,16.292324,16.16504,16.207468,-0.127284,255
2023-09-01,492806,9555977,16.207468,16.716603,16.207468,16.377179,0.169711,296
2023-09-04,250797,4839840,16.377179,16.419607,16.292324,16.377179,0.0,214
2023-09-05,305788,5948429,16.377179,16.589319,16.377179,16.504463,0.127284,226
2023-09-06,267901,5181993,16.462035,16.504463,16.334752,16.419607,-0.084856,285
2023-09-07,224409,4317515,16.334752,16.377179,16.292324,16.292324,-0.127283,211
2023-09-08,254442,4869890,16.292324,16.292324,16.207468,16.207468,-0.084856,185
2023-09-11,243681,4663618,16.249896,16.292324,16.207468,16.292324,0.084856,170
2023-09-12,397613,7621533,16.292324,16.377179,16.207468,16.292324,0.0,240
2023-09-13,506732,9814470,16.292324,16.546891,16.292324,16.462035,0.169711,289
2023-09-14,241222,4682321,16.462035,16.504463,16.419607,16.462035,0.0,162
2023-09-15,314679,6065601,16.462035,16.462035,16.292324,16.334752,-0.127283,210
2023-09-18,172313,3315861,16.377179,16.419607,16.292324,16.292324,-0.042428,170
2023-09-19,199501,3832922,16.292324,16.377179,16.249896,16.292324,0.0,159
2023-09-20,221611,4255871,16.334752,16.334752,16.249896,16.292324,0.0,200
2023-09-21,473548,9055191,16.292324,16.292324,16.16504,16.207468,-0.084856,241
2023-09-22,297781,5679687,16.207468,16.249896,16.16504,16.16504,-0.042428,212
2023-09-25,481515,9176600,16.207468,16.292324,16.122612,16.16504,0.0,354
2023-09-26,795333,15117911,16.249896,16.249896,16.080184,16.122612,-0.042428,294
2023-09-27,531983,10086567,16.122612,16.16504,16.080184,16.122612,0.0,230
2023-09-28,283172,5399304,16.122612,16.249896,16.080184,16.16504,0.042428,158
2023-10-02,211124,4028850,16.292324,16.292324,16.122612,16.207468,0.042428,232
2023-10-03,160966,3070227,16.207468,16.249896,16.122612,16.207468,0.0,206
2023-10-04,921729,17404095,16.16504,16.16504,15.9529,16.037756,-0.169712,432
2023-10-05,494122,9356812,15.995328,16.16504,15.995328,16.16504,0.127284,231
2023-10-06,268600,5091066,16.16504,16.16504,16.037756,16.080184,-0.084856,190
2023-10-11,332999,6300937,16.122612,16.122612,15.995328,15.995328,-0.084856,307
2023-10-12,228180,4314583,16.037756,16.122612,15.995328,16.037756,0.042428,216
2023-10-13,482555,9102954,16.037756,16.122612,15.9529,15.995328,-0.042428,314
2023-10-16,189506,3571261,15.995328,16.037756,15.9529,15.9529,-0.042428,163
2023-10-17,968601,18232474,15.995328,16.037756,15.910472,15.910472,-0.042428,417
2023-10-18,5181944,94475719,15.910472,15.910472,15.231625,15.571049,-0.339423,1930
2023-10-19,559203,10099498,15.571049,15.571049,15.274053,15.274053,-0.296996,660
2023-10-20,944348,16915061,15.274053,15.613477,14.977058,15.358909,0.084856,741
2023-10-23,270475,4868785,15.358909,15.358909,15.189198,15.231625,-0.127284,238
2023-10-24,852439,15369246,15.189198,15.443765,15.189198,15.358909,0.127284,243
2023-10-25,94421,1722331,15.443765,15.528621,15.401337,15.486193,0.127284,164
2023-10-26,237998,4314390,15.358909,15.571049,15.274053,15.316481,-0.169712,758
2023-10-27,166815,3009158,15.274053,15.443765,15.231625,15.274053,-0.042428,194
2023-10-30,219003,3953368,15.358909,15.358909,15.274053,15.274053,0.0,153
2023-10-31,417862,7558611,15.274053,15.486193,15.231625,15.231625,-0.042428,349
2023-11-01,220893,3985312,15.358909,15.358909,15.274053,15.274053,0.042428,142
2023-11-02,851314,15673905,15.401337,15.9529,15.401337,15.613477,0.339424,408
2023-11-03,233984,4316003,15.783189,15.783189,15.571049,15.613477,0.0,214
2023-11-06,220235,4094246,15.613477,15.910472,15.613477,15.825616,0.212139,275
2023-11-07,142313,2651682,15.783189,15.868044,15.740761,15.868044,0.042428,174
2023-11-08,708237,13355773,15.868044,16.207468,15.740761,16.122612,0.254568,465
2023-11-09,377979,7169812,16.122612,16.249896,15.9529,16.122612,0.0,370
2023-11-10,360805,6859178,15.995328,16.249896,15.995328,16.122612,0.0,286
2023-11-13,501887,9599503,16.16504,16.334752,16.122612,16.207468,0.084856,274
2023-11-14,762191,14729938,16.249896,16.674175,16.16504,16.462035,0.254567,511
2023-11-15,902367,17689151,16.462035,16.716603,16.462035,16.716603,0.254568,528
2023-11-16,402026,7893286,16.716603,16.801459,16.589319,16.631747,-0.084856,245
2023-11-17,303472,5942234,16.631747,16.716603,16.546891,16.631747,0.0,275
2023-11-20,280327,5489186,16.631747,16.759031,16.546891,16.631747,0.0,227
2023-11-21,1478284,29806600,16.631747,17.522733,16.631747,17.225738,0.593991,743
2023-11-22,1040959,21245891,17.140882,17.437878,17.140882,17.39545,0.169712,644
2023-11-23,1123838,23202309,17.310594,17.777301,17.268166,17.565161,0.169711,577
2023-11-24,584205,11954390,17.565161,17.607589,17.268166,17.353022,-0.212139,416
2023-11-27,251944,5124044,17.39545,17.480306,17.140882,17.268166,-0.084856,278
2023-11-28,434202,8857896,17.268166,17.39545,17.18331,17.353022,0.084856,226
2023-11-29,234052,4758123,17.353022,17.39545,17.18331,17.268166,-0.084856,208
2023-11-30,292818,5949018,17.225738,17.353022,17.140882,17.268166,0.0,223
2023-12-01,371185,7569021,17.225738,17.353022,17.225738,17.353022,0.084856,265
2023-12-04,677908,13894709,17.39545,17.480306,17.268166,17.437878,0.084856,340
2023-12-05,377114,7721257,17.39545,17.480306,17.310594,17.39545,-0.042428,268
2023-12-06,437520,8962178,17.480306,17.480306,17.310594,17.353022,-0.042428,248
2023-12-07,665670,13531236,17.39545,17.437878,17.056026,17.268166,-0.084856,544
2023-12-08,1289579,26018154,17.39545,17.39545,17.013598,17.225738,-0.042428,675
2023-12-11,788074,15910608,17.225738,17.310594,17.056026,17.310594,0.084856,446
2023-12-12,533010,10874144,17.268166,17.437878,17.225738,17.268166,-0.042428,355
2023-12-13,691868,14010060,17.225738,17.353022,17.056026,17.056026,-0.21214,628
2023-12-14,1557602,31922057,17.18331,17.607589,17.18331,17.437878,0.381852,638
2023-12-15,1170474,23832265,17.480306,17.522733,17.140882,17.140882,-0.296996,596
2023-12-18,833392,17030435,17.268166,17.480306,17.225738,17.310594,0.169712,404
2023-12-19,659896,13351546,17.310594,17.310594,17.098454,17.225738,-0.084856,491
2023-12-20,1006728,20274798,17.225738,17.268166,17.013598,17.098454,-0.127284,906
2023-12-21,401122,8096300,17.140882,17.268166,17.056026,17.098454,0.0,350
2023-12-22,572926,11600426,17.098454,17.310594,17.056026,17.18331,0.084856,409
2023-12-25,208152,4216171,17.268166,17.268166,17.140882,17.18331,0.0,256
2023-12-26,569487,11559604,17.225738,17.310594,17.140882,17.310594,0.127284,341
2023-12-27,431743,8805659,17.310594,17.39545,17.18331,17.310594,0.0,279
2023-12-28,372144,7561403,17.353022,17.353022,17.18331,17.310594,0.0,220
2023-12-29,456622,9257731,17.268166,17.268166,17.140882,17.18331,-0.127284,274
2024-01-02,652135,13287617,17.18331,17.39545,17.140882,17.268166,0.084856,304
2024-01-03,465807,9425979,17.268166,17.310594,17.098454,17.18331,-0.084856,575
2024-01-04,201981,4085597,17.268166,17.268166,17.140882,17.140882,-0.042428,144
2024-01-05,1138479,23310295,17.268166,17.437878,17.225738,17.437878,0.296996,424
2024-01-08,366501,7505066,17.437878,17.437878,17.353022,17.353022,-0.084856,244
2024-01-09,535892,10841201,17.353022,17.39545,17.098454,17.098454,-0.254568,270
2024-01-10,645450,12910113,17.140882,17.140882,16.886315,17.013598,-0.084856,330
2024-01-11,418045,8399035,17.013598,17.140882,17.013598,17.013598,0.0,186
2024-01-12,200155,4020229,17.056026,17.098454,16.97117,17.056026,0.042428,143
2024-01-15,320070,6478587,17.056026,17.268166,17.013598,17.18331,0.127284,188
2024-01-16,354762,7123936,17.140882,17.140882,16.97117,17.013598,-0.169712,220
2024-01-17,1175094,23276079,16.886315,16.97117,16.631747,16.886315,-0.127283,698
2024-01-18,603830,11868835,16.801459,16.886315,16.589319,16.674175,-0.21214,424
2024-01-19,489458,9578906,16.589319,16.843887,16.462035,16.759031,0.084856,292
2024-01-22,140091,2764200,16.759031,16.801459,16.674175,16.716603,-0.042428,162
2024-01-23,145016,2874852,16.759031,16.928743,16.759031,16.843887,0.127284,133
2024-01-24,344698,6875873,16.759031,17.013598,16.759031,16.928743,0.084856,205
2024-01-25,307595,6103800,17.013598,17.013598,16.801459,16.801459,-0.127284,214
2024-01-26,205717,4099175,16.801459,17.013598,16.801459,17.013598,0.212139,150
2024-01-29,869490,17279812,17.013598,17.013598,16.801459,16.928743,-0.084855,369
2024-01-30,84685,1691294,16.97117,16.97117,16.928743,16.928743,0.0,126
2024-01-31,303515,6044276,16.928743,16.97117,16.886315,16.886315,-0.042428,140
2024-02-01,258153,5156517,17.013598,17.013598,16.886315,16.928743,0.042428,158
2024-02-02,292435,5811314,16.928743,16.928743,16.801459,16.886315,-0.042428,215
2024-02-05,296473,5869909,16.843887,16.928743,16.759031,16.928743,0.042428,265
2024-02-15,261205,5188849,16.843887,16.97117,16.759031,16.928743,0.0,239
2024-02-16,141544,2822641,16.886315,16.97117,16.886315,16.928743,0.0,202
2024-02-19,511887,10252933,16.928743,17.098454,16.928743,17.056026,0.127283,378
2024-02-20,420205,8446933,17.056026,17.225738,16.97117,17.013598,-0.042428,353
2024-02-21,316836,6381894,17.056026,17.140882,17.056026,17.098454,0.084856,311
2024-02-22,230620,4653951,17.013598,17.18331,17.013598,17.098454,0.0,244
2024-02-23,264261,5325470,17.140882,17.18331,17.056026,17.056026,-0.042428,267
2024-02-26,343000,6901224,17.140882,17.140882,17.013598,17.140882,0.084856,472
2024-02-27,405490,8143305,17.098454,17.140882,16.928743,17.013598,-0.127284,296
2024-02-29,422177,8471860,17.056026,17.098454,16.97117,17.056026,0.042428,294
2024-03-01,305578,6168418,17.013598,17.18331,17.013598,17.098454,0.042428,270
2024-03-04,491447,9920662,17.098454,17.18331,17.098454,17.18331,0.084856,398
2024-03-05,1914220,39459260,17.18331,17.692445,17.18331,17.522733,0.339423,924
2024-03-06,1155192,24086052,17.565161,17.777301,17.565161,17.734873,0.21214,743
2024-03-07,1623089,34441582,17.819729,18.20158,17.819729,18.031869,0.296996,881
2024-03-08,1641084,34629400,18.031869,18.20158,17.692445,17.734873,-0.296996,1038
2024-03-11,607141,12813339,17.734873,17.989441,17.734873,17.989441,0.254568,432
2024-03-12,487218,10371511,18.031869,18.20158,17.947013,18.031869,0.042428,375
2024-03-13,446569,9409093,17.947013,18.031869,17.777301,17.819729,-0.21214,416
2024-03-14,651371,13694454,17.819729,17.947013,17.734873,17.862157,0.042428,715
2024-03-15,602167,12536877,17.862157,17.862157,17.522733,17.650017,-0.21214,895
2024-03-18,483647,10077161,17.692445,17.734873,17.565161,17.734873,0.084856,483
2024-03-19,448067,9352093,17.650017,17.777301,17.650017,17.734873,0.0,563
2024-03-20,958502,20127633,17.734873,17.989441,17.692445,17.734873,0.0,760
2024-03-21,787077,16616380,17.819729,18.031869,17.777301,17.947013,0.21214,663
2024-03-22,528064,11117746,17.947013,17.947013,17.777301,17.904585,-0.042428,517
2024-03-25,564059,11908225,17.989441,17.989441,17.819729,17.947013,0.042428,728
2024-03-26,672760,14188247,17.989441,17.989441,17.819729,17.904585,-0.042428,665
2024-03-27,1467814,31291478,17.904585,18.244008,17.904585,18.244008,0.339423,1426
2024-03-28,1151770,25058078,18.328864,18.668288,18.286436,18.41372,0.169712,869
2024-03-29,708875,15417133,18.583432,18.583432,18.371292,18.498576,0.084856,328
2024-04-01,1942295,43136627,18.541004,19.007711,18.541004,18.965283,0.466707,1032
2024-04-02,1913733,42890320,18.965283,19.177423,18.837999,19.134995,0.169712,1097
2024-04-03,2747850,62618215,19.219851,19.43199,19.219851,19.389562,0.254567,1155
2024-04-08,3154643,73169737,19.516846,19.856269,19.43199,19.771414,0.381852,1399
2024-04-09,2560345,59503857,19.856269,19.941125,19.516846,19.686558,-0.084856,1129
2024-04-10,2019056,47092663,19.856269,19.898697,19.64413,19.728986,0.042428,856
2024-04-11,1588524,36943142,19.771414,19.898697,19.601702,19.686558,-0.042428,704
2024-04-12,2804120,65003986,19.686558,20.068409,19.262278,19.983553,0.296995,1520
2024-04-15,2469904,58601255,19.941125,20.45026,19.856269,20.110837,0.127284,1203
2024-04-16,3286158,74612648,19.813842,19.813842,18.795571,19.43199,-0.678847,1969
2024-04-17,1327880,30585600,19.347134,19.813842,19.262278,19.601702,0.169712,737
2024-04-18,3853819,90962884,19.601702,20.365405,19.347134,20.195693,0.593991,1539
2024-04-19,2227281,52001729,20.195693,20.280549,19.516846,19.856269,-0.339424,1277
2024-04-22,5941355,142676638,19.856269,20.789684,19.771414,20.45026,0.593991,2356
2024-04-23,2886169,69626114,20.492688,20.704828,20.195693,20.577544,0.127284,1426
2024-04-24,2549926,61509023,20.704828,20.789684,20.238121,20.619972,0.042428,1287
2024-04-25,7755172,194323943,20.577544,21.850382,20.577544,21.468531,0.848559,3447
2024-04-26,8516683,218251414,21.638242,22.359517,21.129107,21.935238,0.466707,3779
2024-04-29,9479338,254962879,22.232233,23.589927,22.020094,23.12322,1.187982,4544
2024-04-30,6198079,165975510,23.335359,23.335359,22.020094,23.165648,0.042428,3795
2024-05-02,13624646,395541287,23.165648,25.3719,23.080792,24.735481,1.569833,6788
2024-05-03,6203193,180102127,24.565769,25.117332,24.183918,24.905193,0.169712,4156
2024-05-06,7578068,225524244,25.3719,25.711323,24.735481,25.15976,0.254567,3942
2024-05-07,10362256,305525242,25.15976,26.262886,24.183918,25.032476,-0.127284,6227
2024-05-08,8787764,249548370,24.947621,25.202188,23.632355,23.802067,-1.230409,5669
2024-05-09,5265371,146165141,24.099062,24.311202,22.953508,22.953508,-0.848559,4649
2024-05-10,5268448,139622322,23.12322,23.12322,22.062522,22.317089,-0.636419,3231
2024-05-13,3644411,94329929,22.401945,22.401945,21.553386,22.062522,-0.254567,1990
2024-05-14,6652028,166317678,22.232233,22.232233,20.577544,20.789684,-1.272838,3577
2024-05-15,2780667,69407993,21.044251,21.468531,20.87454,21.129107,0.339423,1271
2024-05-16,3819664,98433842,21.129107,22.232233,21.086679,21.977666,0.848559,2131
2024-05-17,2121742,55032843,21.977666,22.486801,21.638242,22.147377,0.169711,1421
2024-05-20,2333206,61215691,22.274661,22.91108,21.89281,22.359517,0.21214,1555
2024-05-21,1946608,50412420,22.317089,22.317089,21.765526,22.10495,-0.254567,1366
2024-05-22,2083630,54424297,22.062522,22.401945,21.935238,22.317089,0.212139,849
2024-05-23,3466880,87433491,22.147377,22.147377,21.044251,21.213963,-1.103126,1826
2024-05-24,1107377,27540885,21.213963,21.298819,20.916968,21.129107,-0.084856,780
2024-05-27,919330,23207706,21.213963,21.638242,21.213963,21.595814,0.466707,442
2024-05-28,963984,24735578,21.638242,21.89281,21.553386,21.807954,0.21214,755
2024-05-29,960728,24790903,21.807954,22.274661,21.595814,21.89281,0.084856,682
2024-05-30,791614,20516482,21.850382,22.189805,21.807954,22.020094,0.127284,551
2024-05-31,3279507,88441117,22.486801,23.505071,22.274661,22.868652,0.848558,1916
2024-06-03,1967444,53684897,22.826224,23.335359,22.571657,23.335359,0.466707,1138
2024-06-04,1858575,51129625,23.377787,23.589927,22.953508,23.547499,0.21214,1309
2024-06-05,1924222,52941376,23.717211,23.717211,23.080792,23.335359,-0.21214,1449
2024-06-06,1841620,49835464,23.12322,23.292931,22.69894,23.250504,-0.084855,1350
2024-06-07,2546024,71098063,23.080792,23.92935,23.080792,23.632355,0.381851,1574
2024-06-11,1965128,53429638,23.717211,23.717211,22.741368,22.953508,-0.678847,1767
2024-06-12,1410690,37329886,22.91108,22.91108,22.062522,22.91108,-0.042428,1004
2024-06-13,934548,24894030,22.868652,22.868652,22.401945,22.826224,-0.084856,560
2024-06-14,1245160,33667470,22.741368,23.208076,22.656513,22.868652,0.042428,700
2024-06-17,1738570,45931698,22.953508,22.953508,22.062522,22.486801,-0.381851,901
2024-06-18,860517,22773182,22.486801,22.656513,22.317089,22.529229,0.042428,425
2024-06-19,888709,23473879,22.486801,22.571657,22.232233,22.444373,-0.084856,501
2024-06-20,856909,22706539,22.486801,22.69894,22.401945,22.486801,0.042428,447
2024-06-21,1069788,28183903,22.486801,22.529229,22.189805,22.486801,0.0,778
2024-06-24,570387,15179697,22.486801,22.868652,22.274661,22.656513,0.169712,376
2024-06-25,686854,18326079,22.826224,23.038364,22.317089,22.69894,0.042427,435
2024-06-26,708160,18847169,22.69894,22.91108,22.401945,22.741368,0.042428,529
2024-06-27,1370055,36177301,22.529229,22.614085,22.274661,22.529229,-0.212139,643
2024-06-28,683369,18220490,22.571657,22.783796,22.444373,22.614085,0.084856,449
2024-07-01,3189279,85789453,22.571657,23.080792,22.486801,23.038364,0.424279,1188
2024-07-02,1265854,33922122,23.038364,23.038364,22.529229,22.783796,-0.254568,698
2024-07-03,791588,21117995,22.995936,22.995936,22.529229,22.656513,-0.127283,674
2024-07-04,1289484,34409875,22.783796,22.868652,22.486801,22.69894,0.042427,641
2024-07-05,2250394,60511866,22.656513,23.038364,22.656513,22.783796,0.084856,801
2024-07-08,3868599,99551176,22.916004,23.048212,22.475312,22.827866,0.04407,946
2024-07-09,1387855,35465753,22.871935,22.871935,22.343104,22.695658,-0.132208,635
2024-07-10,5194910,139218035,22.827866,24.017735,22.827866,23.70925,1.013592,1608
2024-07-11,5998460,164106140,24.017735,24.678774,23.797389,24.546566,0.837316,2172
2024-07-12,4848717,132492906,24.546566,24.855051,24.194012,24.546566,0.0,1587
2024-07-15,5235869,147068759,24.634704,25.339812,24.32622,25.119466,0.5729,2112
2024-07-16,3630155,101602305,25.295743,25.47202,25.031328,25.207604,0.088138,1260
2024-07-17,5539547,160428349,25.560158,25.956782,25.031328,25.383881,0.176277,3118
2024-07-18,4701662,135762138,25.295743,25.824574,24.943189,25.692366,0.308485,2255
2024-07-19,7893600,233390215,25.956782,26.441543,25.516089,26.000851,0.308485,3474
2024-07-22,4626362,132972148,25.956782,26.000851,24.766912,25.736435,-0.264416,2198
2024-07-23,6795316,203729333,26.000851,26.705959,25.912712,26.353405,0.61697,2797
2024-07-26,3576082,105842072,25.648297,26.61782,25.648297,26.309335,-0.04407,2098
2024-07-29,8146054,247807559,26.441543,27.587343,26.353405,26.441543,0.132208,3987
2024-07-30,4009219,119153263,26.441543,26.573751,25.516089,26.529682,0.088139,1984
2024-07-31,4426060,131452595,26.485612,26.794097,25.692366,26.485612,-0.04407,2432
2024-08-01,2621383,78616772,26.573751,26.750028,26.088989,26.529682,0.04407,1193
2024-08-02,4721261,137464682,26.000851,26.177128,25.119466,25.427951,-1.101731,2870
2024-08-05,3384108,89043478,24.546566,24.546566,22.916004,22.916004,-2.511947,2224
2024-08-06,7938047,195032460,22.916004,23.048212,20.624404,22.166827,-0.749177,4092
2024-08-07,3546442,92184459,22.166827,23.621112,21.814273,23.224489,1.057662,1504
2024-08-08,1551556,39977678,23.004143,23.180419,22.254965,23.004143,-0.220346,1076
2024-08-09,2098770,55152601,23.004143,23.621112,22.871935,23.092281,0.088138,1155
2024-08-12,1280160,33617831,23.092281,23.488904,22.916004,23.092281,0.0,782
2024-08-13,680033,17884939,23.092281,23.444835,22.916004,23.400766,0.308485,398
2024-08-14,1913756,51790006,23.356696,24.194012,23.356696,24.105873,0.705107,903
2024-08-15,1674448,46721959,24.061804,24.943189,24.061804,24.678774,0.572901,892
2024-08-16,2314843,67001349,25.031328,25.956782,24.810981,25.516089,0.837315,1309
2024-08-19,1124119,32304060,25.516089,25.560158,25.119466,25.339812,-0.176277,772
2024-08-20,3332039,90990356,25.207604,25.207604,23.621112,24.061804,-1.278008,2359
2024-08-21,1609962,43391924,23.929597,24.061804,23.180419,24.017735,-0.044069,1018
2024-08-22,2206597,58830192,24.017735,24.017735,23.004143,23.665181,-0.352554,1295
2024-08-23,1958638,51590943,23.180419,23.400766,23.004143,23.400766,-0.264415,952
2024-08-26,1792709,47457006,23.400766,23.665181,23.048212,23.532973,0.132207,671
2024-08-27,1347699,35669776,23.312627,23.532973,23.13635,23.488904,-0.044069,727
2024-08-28,1522590,40779592,23.577043,23.973666,23.312627,23.577043,0.088139,696
2024-08-29,848469,22636630,23.577043,23.797389,23.224489,23.70925,0.132207,546
2024-08-30,1590923,43168507,23.75332,24.238081,23.488904,24.238081,0.528831,846
2024-09-02,1881672,50626401,24.238081,24.238081,23.400766,23.841458,-0.396623,1054
2024-09-03,1124372,29709828,23.621112,23.797389,23.092281,23.092281,-0.749177,774
2024-09-04,1840386,46482986,22.343104,22.607519,21.726135,22.122758,-0.969523,996
2024-09-05,902172,22932628,22.387173,22.695658,22.166827,22.299035,0.176277,516
2024-09-06,631815,15952008,22.299035,22.475312,21.902412,22.254965,-0.04407,396
2024-09-09,860892,21350087,21.593927,22.299035,21.593927,22.254965,0.0,604
2024-09-10,1030234,25891536,22.210896,22.607519,21.814273,22.166827,-0.088138,599
2024-09-11,788754,19650669,22.210896,22.210896,21.770204,22.078689,-0.088138,457
2024-09-12,679024,17019565,22.210896,22.299035,21.902412,22.166827,0.088138,436
2024-09-13,610979,15510294,22.034619,22.651589,22.034619,22.431242,0.264415,332
2024-09-16,758362,19158425,22.431242,22.431242,22.122758,22.387173,-0.044069,535
2024-09-18,856360,21761232,22.387173,22.607519,22.210896,22.431242,0.044069,433
2024-09-19,1470931,38426704,22.56345,23.444835,22.431242,23.356696,0.925454,886
2024-09-20,3307874,82184682,22.122758,22.783796,21.549858,21.770204,-1.586492,1952
2024-09-23,1490217,36400181,21.637996,21.99055,21.153235,21.99055,0.220346,832
2024-09-24,836778,20805849,21.814273,22.166827,21.593927,21.902412,-0.088138,559
2024-09-25,1163881,29512456,22.034619,22.695658,22.034619,22.475312,0.5729,788
2024-09-26,612074,15606181,22.56345,22.739727,22.343104,22.475312,0.0,432
2024-09-27,891418,22740068,22.651589,22.651589,22.343104,22.519381,0.044069,567
2024-09-30,591570,15181613,22.431242,22.916004,22.343104,22.651589,0.132208,367
2024-10-01,459238,11689874,22.519381,22.56345,22.343104,22.475312,-0.176277,262
2024-10-04,776854,19650710,22.387173,22.431242,22.078689,22.431242,-0.04407,418
2024-10-07,723082,18580977,22.431242,23.092281,22.387173,23.092281,0.661039,424
2024-10-08,541977,13926775,22.871935,22.871935,22.387173,22.783796,-0.308485,437
2024-10-09,479529,12231819,22.871935,22.871935,22.387173,22.519381,-0.264415,419
2024-10-11,621085,15827723,22.343104,22.651589,22.299035,22.519381,0.0,422
2024-10-14,690259,17908627,22.519381,23.004143,22.431242,22.960073,0.440692,453
2024-10-15,736888,19179534,22.960073,23.356696,22.739727,22.916004,-0.044069,431
2024-10-16,1452183,38264330,22.916004,23.444835,22.827866,23.400766,0.484762,699
2024-10-17,615439,16349609,23.356696,23.577043,23.268558,23.400766,0.0,463
2024-10-18,564301,15078973,23.400766,23.797389,23.400766,23.488904,0.088138,345
2024-10-21,646993,17194866,23.621112,23.665181,23.268558,23.488904,0.0,430
2024-10-22,950270,24998265,23.488904,23.488904,22.916004,23.400766,-0.088138,537
2024-10-23,841995,22152130,23.180419,23.621112,22.916004,23.180419,-0.220347,609
2024-10-24,1816757,47151176,23.180419,23.180419,22.651589,22.916004,-0.264415,834
2024-10-25,307405,8007884,22.916004,23.224489,22.827866,22.916004,0.0,223
2024-10-28,594303,15521084,23.092281,23.180419,22.871935,23.180419,0.264415,354
2024-10-29,890535,23089297,22.960073,23.180419,22.651589,23.004143,-0.176276,548
2024-10-30,223715,5829305,23.268558,23.268558,22.827866,23.048212,0.044069,183
2024-11-01,615095,16015585,22.916004,23.13635,22.739727,23.092281,0.044069,322
2024-11-04,1622539,41439737,23.004143,23.048212,22.122758,22.607519,-0.484762,809
2024-11-05,451099,11553788,22.431242,22.739727,22.387173,22.56345,-0.044069,303
2024-11-06,421457,10877034,22.431242,22.827866,22.431242,22.827866,0.264416,224
2024-11-07,818708,21535349,22.607519,23.444835,22.607519,23.180419,0.352553,394
2024-11-08,1103140,28737112,22.916004,23.356696,22.519381,23.048212,-0.132207,662
2024-11-11,535251,13933009,23.048212,23.092281,22.651589,23.092281,0.044069,381
2024-11-12,534996,13815443,22.739727,23.004143,22.56345,23.004143,-0.088138,517
2024-11-13,744317,19397796,22.827866,23.180419,22.695658,23.092281,0.088138,426
2024-11-14,1282670,32608735,22.783796,22.916004,22.034619,22.034619,-1.057662,927
2024-11-15,889121,22726585,22.210896,22.960073,22.210896,22.960073,0.925454,427
2024-11-18,390849,10177232,22.827866,23.13635,22.739727,23.004143,0.04407,243
2024-11-19,428231,11194727,22.916004,23.180419,22.739727,23.004143,0.0,302
2024-11-20,217875,5649185,22.827866,23.092281,22.695658,23.004143,0.0,250
2024-11-21,842572,22081259,22.916004,23.268558,22.827866,23.092281,0.088138,345
2024-11-22,197479,5169192,23.13635,23.13635,22.960073,23.13635,0.044069,222
2024-11-25,1046394,27590880,23.180419,23.532973,23.092281,23.224489,0.088139,519
2024-11-26,1754976,47240443,23.312627,24.105873,23.180419,23.929597,0.705108,907
2024-11-27,581314,15604504,23.929597,24.017735,23.532973,23.621112,-0.308485,521
2024-11-28,889001,23753631,23.841458,23.885527,23.268558,23.532973,-0.088139,470
2024-11-29,617481,16516482,23.356696,23.797389,23.048212,23.75332,0.220347,373
2024-12-02,544401,14648080,24.017735,24.061804,23.532973,23.70925,-0.04407,495
2024-12-03,443740,11924352,23.665181,23.885527,23.577043,23.621112,-0.088138,319
2024-12-04,472457,12674221,23.621112,23.75332,23.488904,23.70925,0.088138,245
2024-12-05,1176579,31889979,23.70925,24.194012,23.577043,23.70925,0.0,795
2024-12-06,4263307,117431072,23.797389,24.546566,23.797389,24.414358,0.705108,1424
2024-12-09,870613,24040080,24.590635,24.590635,24.105873,24.414358,0.0,572
2024-12-10,950750,25945973,24.414358,24.590635,23.665181,24.414358,0.0,551
2024-12-11,1094920,29294378,23.621112,23.885527,23.13635,23.841458,-0.5729,734
2024-12-12,755895,20549542,23.621112,24.105873,23.621112,23.885527,0.044069,333
2024-12-13,1151423,30495695,23.665181,23.797389,23.004143,23.621112,-0.264415,689
2024-12-16,740807,19632684,23.180419,23.532973,23.180419,23.356696,-0.264416,402
2024-12-17,1862663,48574302,23.665181,23.665181,22.475312,22.916004,-0.440692,1058
2024-12-18,956226,24678941,22.695658,23.004143,22.519381,23.004143,0.088139,642
2024-12-19,952117,24390541,22.783796,22.916004,22.254965,22.916004,-0.088139,631
2024-12-20,1204786,31074148,22.916004,23.092281,22.387173,22.871935,-0.044069,691
2024-12-23,589109,15199962,23.13635,23.13635,22.607519,22.827866,-0.044069,494
2024-12-24,232498,6007328,22.960073,22.960073,22.651589,22.783796,-0.04407,343
2024-12-25,320993,8316985,22.651589,23.092281,22.651589,22.871935,0.088139,263
2024-12-26,314765,8163822,22.871935,23.004143,22.739727,22.871935,0.0,281
2024-12-27,484469,12451263,22.871935,22.871935,22.475312,22.871935,0.0,333
2024-12-30,434468,11225948,22.56345,23.004143,22.56345,22.871935,0.0,418
2024-12-31,1189484,30282620,22.783796,22.783796,22.254965,22.475312,-0.396623,774
2025-01-02,564765,14416098,22.343104,22.739727,22.210896,22.607519,0.132207,437
2025-01-03,651366,16658908,22.739727,22.871935,22.299035,22.519381,-0.088138,452
2025-01-06,714577,18462730,22.475312,22.960073,22.431242,22.871935,0.352554,372
2025-01-07,556248,14470676,22.783796,23.048212,22.783796,22.916004,0.044069,314
2025-01-08,744535,19369215,22.916004,23.092281,22.739727,23.004143,0.088139,391
2025-01-09,1379605,36315125,23.004143,23.356696,23.004143,23.13635,0.132207,551
2025-01-10,3045375,74901577,22.739727,22.739727,21.197304,21.549858,-1.586492,2475
2025-01-13,1656417,39044901,21.461719,21.461719,20.492196,20.668473,-0.881385,1300
2025-01-14,1019585,23476417,20.712542,20.888819,19.875227,20.051504,-0.616969,1232
2025-01-15,425600,9796770,20.095573,20.492196,20.051504,20.315919,0.264415,407
2025-01-16,811962,18996754,20.536265,20.932888,20.359988,20.404057,0.088138,591
2025-01-17,475775,11190825,20.448127,21.065096,20.359988,20.888819,0.484762,386
2025-01-20,364960,8623637,20.888819,21.065096,20.580334,20.976958,0.088139,360
2025-01-21,276867,6591591,21.021027,21.109165,20.800681,21.109165,0.132207,266
2025-01-22,686360,16219492,21.021027,21.373581,20.536265,21.021027,-0.088138,867
2025-02-03,555344,13280046,21.109165,21.329511,20.756611,21.241373,0.220346,491
2025-02-04,638502,15297787,21.109165,21.549858,20.756611,21.285442,0.044069,649
2025-02-05,420613,10100180,21.329511,21.373581,20.976958,21.329511,0.044069,434
2025-02-06,502089,12291177,21.41765,21.902412,21.197304,21.770204,0.440693,392
2025-02-07,311088,7606489,21.770204,21.902412,21.285442,21.593927,-0.176277,343
2025-02-10,266260,6554691,21.41765,21.858342,21.373581,21.814273,0.220346,306
2025-02-11,381133,9346997,21.814273,21.814273,21.505788,21.593927,-0.220346,354
2025-02-12,754229,18291677,21.329511,21.726135,21.109165,21.549858,-0.044069,645
2025-02-13,189972,4665192,21.637996,21.814273,21.505788,21.682065,0.132207,228
2025-02-14,230655,5667833,21.637996,21.770204,21.505788,21.770204,0.088139,250
2025-02-17,551606,13845683,21.99055,22.739727,21.682065,22.166827,0.396623,509
2025-02-18,312832,7832058,22.078689,22.254965,21.902412,22.166827,0.0,371
2025-02-19,485065,12137223,22.034619,22.387173,21.902412,22.166827,0.0,482
2025-02-20,231086,5811588,22.166827,22.254965,22.078689,22.254965,0.088138,292
2025-02-21,334528,8484165,22.254965,22.475312,22.254965,22.387173,0.132208,429
2025-02-24,493040,12548201,22.122758,22.56345,22.122758,22.56345,0.176277,508
2025-02-25,306388,7780956,22.299035,22.475312,22.210896,22.475312,-0.088138,272
2025-02-26,558652,14082087,22.387173,22.431242,22.034619,22.299035,-0.176277,527
2025-02-27,215561,5434297,22.166827,22.299035,22.078689,22.299035,0.0,235
2025-03-03,370236,9292378,22.299035,22.299035,21.946481,22.210896,-0.088139,397
2025-03-04,617143,15468692,22.034619,22.343104,21.814273,22.254965,0.044069,567
2025-03-05,325532,8191125,22.078689,22.299035,21.946481,22.299035,0.04407,346
2025-03-06,554647,13984178,22.166827,22.343104,22.122758,22.299035,0.0,362
2025-03-07,468919,12007100,22.299035,23.180419,22.254965,22.695658,0.396623,410
2025-03-10,603029,15602286,22.739727,23.004143,22.56345,22.916004,0.220346,447
2025-03-11,615693,15793314,22.387173,22.827866,22.299035,22.827866,-0.088138,466
2025-03-12,301730,7764934,22.827866,22.827866,22.56345,22.739727,-0.088139,260
2025-03-13,568182,14522126,22.607519,23.004143,22.299035,22.475312,-0.264415,957
2025-03-14,702815,18252399,22.475312,23.797389,22.254965,23.004143,0.528831,769
2025-03-17,677244,17881539,23.004143,23.444835,22.827866,23.444835,0.440692,839
2025-03-18,690599,18336371,23.665181,23.70925,23.268558,23.268558,-0.176277,908
2025-03-19,324448,8555556,23.048212,23.488904,23.048212,23.312627,0.044069,568
2025-03-20,251402,6652113,23.312627,23.444835,23.180419,23.312627,0.0,479
2025-03-21,702027,18786398,23.268558,23.797389,23.224489,23.70925,0.396623,702
2025-03-24,619373,16694163,23.797389,23.885527,23.577043,23.75332,0.04407,1239
2025-03-25,539143,14458752,23.885527,23.885527,23.444835,23.70925,-0.04407,969
2025-03-26,364977,9774970,23.70925,23.75332,23.532973,23.621112,-0.088138,1107
2025-03-27,401602,10705851,23.621112,23.621112,23.356696,23.621112,0.0,666
2025-03-28,571447,14981924,23.665181,23.665181,22.827866,23.13635,-0.484762,463
2025-03-31,727713,18446836,22.695658,22.695658,22.122758,22.343104,-0.793246,481
2025-04-01,469124,12126644,22.122758,23.224489,22.034619,23.048212,0.705108,435
2025-04-02,538127,14075447,22.916004,23.356696,22.695658,23.092281,0.044069,491
2025-04-07,148166,3496674,20.800681,20.800681,20.800681,20.800681,-2.2916,171
2025-04-08,1818370,41292211,19.875227,20.800681,19.390465,20.800681,0.0,1146
2025-04-09,1363045,30053806,20.27185,20.624404,18.729426,18.729426,-2.071255,1113
2025-04-10,2362954,53987812,20.492196,20.492196,19.787088,19.831157,1.101731,1070
2025-04-11,913139,20370230,19.919296,20.139642,18.597219,20.007434,0.176277,500
2025-04-14,752600,16974540,19.963365,20.183711,19.69895,19.963365,-0.044069,654
2025-04-15,876480,20529756,19.875227,21.593927,19.875227,21.109165,1.1458,586
2025-04-16,734427,17386848,20.888819,21.285442,20.624404,20.888819,-0.220346,512
2025-04-17,591212,13907636,20.668473,20.976958,20.448127,20.932888,0.044069,420
2025-04-18,467512,10966892,20.712542,21.021027,20.448127,20.668473,-0.264415,384
2025-04-21,402297,9320082,20.448127,20.580334,20.227781,20.492196,-0.176277,331
2025-04-22,436516,10040747,20.404057,20.448127,20.183711,20.27185,-0.220346,287
2025-04-23,622316,14307404,20.27185,20.624404,20.095573,20.095573,-0.176277,434
2025-04-24,344877,7843002,20.051504,20.227781,19.919296,20.007434,-0.088139,340
2025-04-25,203931,4669289,20.183711,20.27185,20.051504,20.27185,0.264416,179
2025-04-28,149999,3451642,20.27185,20.404057,20.183711,20.27185,0.0,140
2025-04-29,1065667,24319801,20.27185,20.404057,19.963365,20.051504,-0.220346,787
2025-04-30,367163,8351019,20.007434,20.139642,19.963365,20.095573,0.044069,245
2025-05-02,2583542,59118775,19.390465,21.814273,19.390465,21.814273,1.7187,902
2025-05-05,2133085,53404226,21.770204,22.695658,21.505788,22.078689,0.264416,1320
2025-05-06,758600,18986232,21.770204,22.475312,21.770204,22.166827,0.088138,457
2025-05-07,1323768,33956681,22.166827,23.004143,21.946481,22.916004,0.749177,690
2025-05-08,892746,22736429,23.048212,23.092281,22.210896,22.254965,-0.661039,635
2025-05-09,696791,17437233,22.299035,22.387173,21.770204,22.254965,0.0,461
2025-05-12,813888,20731923,22.607519,22.651589,22.299035,22.56345,0.308485,538
2025-05-13,728121,18484364,22.475312,22.651589,22.210896,22.519381,-0.044069,415
2025-05-14,516612,13089590,22.519381,22.519381,22.166827,22.387173,-0.132208,379
2025-05-15,677037,17071926,22.343104,22.431242,21.946481,22.387173,0.0,383
2025-05-16,1167699,30309869,22.475312,23.092281,22.431242,23.048212,0.661039,749
2025-05-19,767433,19897083,23.092281,23.092281,22.651589,22.916004,-0.132208,542
2025-05-20,764148,20086474,22.783796,23.356696,22.783796,23.224489,0.308485,484
2025-05-21,578643,15257347,23.13635,23.356696,23.004143,23.356696,0.132207,418
2025-05-22,457228,12036436,23.180419,23.444835,23.004143,23.312627,-0.044069,372
2025-05-23,306724,8041276,23.092281,23.268558,23.004143,23.13635,-0.176277,210
2025-05-26,387134,10138506,23.13635,23.224489,22.960073,22.960073,-0.176277,314
2025-05-27,585214,15072012,22.827866,23.004143,22.343104,22.783796,-0.176277,574
2025-05-28,671695,17093947,22.651589,22.783796,22.122758,22.431242,-0.352554,538
2025-05-29,1451372,36729767,22.431242,22.519381,22.034619,22.431242,0.0,681
2025-06-02,524666,13039298,22.299035,22.299035,21.637996,22.034619,-0.396623,412
2025-06-03,400249,10002881,22.034619,22.299035,21.814273,22.122758,0.088139,283
2025-06-04,256962,6452602,22.254965,22.299035,21.946481,22.122758,0.0,225
2025-06-05,279650,7100022,22.034619,22.607519,22.034619,22.299035,0.176277,224
2025-06-06,174438,4437756,22.254965,22.56345,22.254965,22.475312,0.176277,143
2025-06-09,586712,14652035,22.56345,22.56345,21.858342,22.034619,-0.440693,464
2025-06-10,508575,12708920,22.122758,22.166827,21.858342,21.99055,-0.044069,347
2025-06-11,1649079,43389222,21.99055,22.431242,21.902412,22.343104,0.352554,444
2025-06-12,915484,24664813,22.166827,22.387173,22.078689,22.343104,0.0,230
2025-06-13,1302740,34456156,22.166827,22.299035,21.902412,22.166827,-0.176277,517
2025-06-16,1773368,46220245,21.902412,24.370289,21.814273,22.783796,0.616969,1267
2025-06-17,929141,24205517,22.56345,23.13635,22.56345,23.13635,0.352554,587
2025-06-18,2503895,68390194,23.092281,23.75332,23.092281,23.356696,0.220346,861
2025-06-19,3994237,109887107,23.13635,23.312627,22.56345,22.739727,-0.616969,790
2025-06-20,2467498,62145769,22.475312,22.827866,21.814273,22.166827,-0.5729,1161
2025-06-23,1196681,31175000,21.99055,22.387173,21.549858,22.387173,0.220346,521
2025-06-24,2754054,74313293,22.166827,22.56345,22.122758,22.210896,-0.176277,478
2025-06-25,427308,10772178,22.210896,22.343104,22.122758,22.254965,0.044069,260
2025-06-26,664738,16919720,22.254965,22.56345,22.254965,22.431242,0.176277,264
2025-06-27,1612662,42897031,22.387173,22.56345,22.166827,22.299035,-0.132207,404
2025-06-30,1160549,31354476,22.122758,22.254965,22.078689,22.122758,-0.176277,194
2025-07-01,1682329,42080382,22.122758,22.210896,21.902412,22.122758,0.0,653
2025-07-02,1635394,40913846,22.122758,22.299035,21.902412,22.078689,-0.044069,695
2025-07-03,2781842,65170591,22.12459,22.813115,22.078689,22.537705,0.459016,455
2025-07-04,1864379,43479780,22.67541,22.67541,22.078689,22.354098,-0.183607,464
2025-07-07,2368486,54996188,22.170492,22.170492,21.57377,22.170492,-0.183606,622
2025-07-08,1428953,32555928,22.078689,22.170492,21.803279,22.170492,0.0,256
2025-07-09,1241683,28510329,21.940984,22.491803,21.940984,22.491803,0.321311,297
2025-07-10,435472,10713089,22.354098,22.813115,22.354098,22.813115,0.321312,266
2025-07-11,558044,13953604,22.904918,23.180328,22.721311,23.042623,0.229508,316
2025-07-14,433425,10776509,22.95082,23.088525,22.629508,22.904918,-0.137705,409
2025-07-15,668743,16631576,22.721311,22.996721,22.629508,22.95082,0.045902,562
2025-07-16,802271,20000542,22.767213,23.22623,22.67541,22.67541,-0.27541,588
2025-07-17,487888,12173191,22.767213,23.042623,22.67541,22.996721,0.321311,385
2025-07-18,1278604,31208481,22.767213,23.134426,22.078689,22.4,-0.596721,1129
2025-07-21,857687,20565629,22.4,22.537705,21.757377,21.757377,-0.642623,781
2025-07-22,1336809,31110457,21.84918,21.895082,21.114754,21.206557,-0.55082,1101
2025-07-23,782658,18342297,21.527869,21.757377,21.344262,21.711475,0.504918,579
2025-07-24,599630,13982122,21.527869,21.619672,21.252459,21.436066,-0.275409,469
2025-07-25,646187,15012687,21.344262,21.57377,21.206557,21.298361,-0.137705,487
2025-07-28,615590,14241660,21.344262,21.390164,21.114754,21.344262,0.045901,469
2025-07-29,812501,18605942,21.298361,21.390164,20.747541,21.298361,-0.045901,638
2025-07-30,413495,9523571,21.252459,21.298361,21.022951,21.068852,-0.229509,343
2025-07-31,523070,11924740,21.022951,21.114754,20.793443,21.114754,0.045902,415
2025-08-01,423378,9777305,20.931148,21.436066,20.747541,21.390164,0.27541,345
2025-08-04,534930,12430364,21.160656,21.57377,21.114754,21.57377,0.183606,305
2025-08-05,1389790,32149588,21.527869,21.619672,21.114754,21.481967,-0.091803,651
2025-08-06,668759,15926360,21.390164,22.12459,21.390164,22.032787,0.55082,380
2025-08-07,487176,11789648,22.12459,22.4,21.986885,22.4,0.367213,382
2025-08-08,1586410,36981654,22.078689,22.078689,21.160656,21.160656,-1.239344,1251
2025-08-11,774045,17654351,21.160656,21.160656,20.793443,21.114754,-0.045902,543
2025-08-12,829360,18888575,20.931148,21.068852,20.793443,21.068852,-0.045902,475
2025-08-13,625044,14303227,21.068852,21.206557,20.839344,21.206557,0.137705,448
2025-08-14,504947,11598916,21.160656,21.298361,21.022951,21.022951,-0.183606,368
2025-08-15,772101,17846537,21.114754,21.436066,21.022951,21.252459,0.229508,530
2025-08-18,604296,14091635,21.298361,21.665574,21.206557,21.298361,0.045902,456
2025-08-19,672211,15380514,21.298361,21.298361,20.885246,20.885246,-0.413115,533
2025-08-20,900447,20171477,20.977049,20.977049,20.334426,20.334426,-0.55082,649
2025-08-21,402170,9005583,20.563934,20.793443,20.472131,20.518033,0.183607,319
2025-08-22,521194,11574128,20.472131,20.563934,20.242623,20.518033,0.0,370
2025-08-25,947056,20955075,20.563934,20.563934,20.196721,20.242623,-0.27541,416
2025-08-26,1512745,32686706,20.242623,20.288525,19.645902,19.645902,-0.596721,895
2025-08-27,627357,13467437,19.645902,19.87541,19.6,19.645902,0.0,471
2025-08-28,409911,8784464,19.737705,19.783607,19.462295,19.645902,0.0,329
2025-08-29,377101,8105331,19.829508,19.921311,19.645902,19.691803,0.045901,307
2025-09-01,339907,7333058,19.921311,20.059016,19.6,19.691803,0.0,316
2025-09-02,367351,7899838,19.737705,19.921311,19.6,19.829508,0.137705,275
2025-09-03,367347,7884201,19.783607,19.829508,19.645902,19.829508,0.0,246
2025-09-04,1456471,32755384,19.829508,20.931148,19.829508,20.839344,1.009836,791
2025-09-05,974338,21853404,20.839344,21.022951,20.334426,20.472131,-0.367213,529
2025-09-08,524519,11559253,20.472131,20.472131,20.15082,20.288525,-0.183606,321
2025-09-09,507953,11181036,20.288525,20.42623,20.059016,20.334426,0.045901,343
2025-09-10,725629,15824955,20.196721,20.196721,19.921311,20.15082,-0.183606,549
2025-09-11,783920,17026809,20.059016,20.104918,19.737705,20.013115,-0.137705,445
2025-09-12,476794,10519260,20.013115,20.380328,20.013115,20.288525,0.27541,249
2025-09-15,459339,10163968,20.288525,20.518033,20.104918,20.334426,0.045901,261
2025-09-16,853545,19273452,20.472131,21.068852,20.334426,20.701639,0.367213,525
2025-09-17,579419,13087067,20.609836,20.839344,20.563934,20.747541,0.045902,338
2025-09-18,741964,16737547,20.839344,21.022951,20.288525,20.609836,-0.137705,522
2025-09-19,1041745,22882654,20.472131,20.472131,20.013115,20.242623,-0.367213,587
2025-09-22,522303,11390787,20.334426,20.334426,19.921311,20.013115,-0.229508,366
2025-09-23,357863,7749475,19.921311,20.013115,19.737705,19.921311,-0.091804,258
2025-09-24,193807,4218258,19.921311,20.15082,19.921311,19.921311,0.0,158
2025-09-25,297547,6481935,20.013115,20.196721,19.87541,19.921311,0.0,253
2025-09-26,748253,15957011,19.967213,19.967213,19.462295,19.645902,-0.275409,486
2025-09-30,262043,5611938,19.829508,19.829508,19.554098,19.783607,0.137705,234
2025-10-01,338786,7275529,19.829508,19.829508,19.645902,19.783607,0.0,190
2025-10-02,641316,13679402,19.829508,19.829508,19.508197,19.645902,-0.137705,377
2025-10-03,408643,8681410,19.508197,19.691803,19.370492,19.645902,0.0,271
2025-10-07,888134,19091151,19.462295,19.829508,19.462295,19.829508,0.183606,573
2025-10-08,2662333,58242713,19.921311,20.380328,19.829508,20.380328,0.55082,1429
2025-10-09,1535540,33947023,20.288525,20.793443,20.059016,20.242623,-0.137705,1135
2025-10-13,1153697,25485948,20.15082,20.518033,19.829508,20.334426,0.091803,722
2025-10-14,1343280,29859560,20.334426,20.701639,20.15082,20.380328,0.045902,673
2025-10-15,5314495,116900405,20.334426,20.472131,19.921311,20.196721,-0.183607,812
2025-10-16,1417382,30539895,20.42623,20.42623,19.554098,19.829508,-0.367213,1026
2025-10-17,1085712,23181830,19.737705,19.829508,19.416393,19.829508,0.0,583
2025-10-20,485259,10348682,19.829508,19.87541,19.462295,19.691803,-0.137705,456
2025-10-21,305125,6530169,19.829508,19.829508,19.554098,19.554098,-0.137705,217
2025-10-22,322609,6882212,19.554098,19.691803,19.508197,19.554098,0.0,257
2025-10-23,336158,7201313,19.554098,19.829508,19.462295,19.691803,0.137705,236
2025-10-27,342161,7376989,19.829508,19.921311,19.691803,19.783607,0.091804,270
2025-10-28,619297,13224410,19.783607,19.783607,19.462295,19.508197,-0.27541,397
2025-10-29,487737,10439154,19.508197,19.783607,19.462295,19.645902,0.137705,269
2025-10-30,898284,20624956,19.691803,19.691803,19.6,19.645902,0.0,117
2025-10-31,258261,5532099,19.829508,19.829508,19.554098,19.554098,-0.091804,150
2025-11-03,207310,4413199,19.645902,19.645902,19.462295,19.554098,0.0,197
2025-11-04,232269,4941060,19.462295,19.645902,19.416393,19.462295,-0.091803,157
2025-11-05,459110,9598982,19.554098,19.554098,19.04918,19.370492,-0.091803,380
2025-11-06,215105,4562933,19.508197,19.645902,19.278689,19.645902,0.27541,203
2025-11-07,1217475,25425988,19.462295,19.6,19.003279,19.278689,-0.367213,741
2025-11-10,597939,12473000,19.278689,19.32459,19.003279,19.232787,-0.045902,341
2025-11-11,348295,7275999,19.232787,19.278689,19.095082,19.186885,-0.045902,291
2025-11-12,560035,11718114,19.278689,19.32459,19.095082,19.232787,0.045902,309
2025-11-13,355555,7416381,19.278689,19.278689,19.04918,19.04918,-0.183607,259
2025-11-14,1231586,25167392,19.04918,19.04918,18.544262,18.819672,-0.229508,729
2025-11-17,974145,19737334,18.636066,19.04918,18.406557,18.681967,-0.137705,620
2025-11-18,799411,15982378,18.544262,18.544262,18.177049,18.452459,-0.229508,532
2025-11-19,445744,8896509,18.590164,18.590164,18.177049,18.406557,-0.045902,324
2025-11-20,311067,6222272,18.406557,18.452459,18.268852,18.360656,-0.045901,240
2025-11-21,455495,9078902,18.360656,18.406557,18.131148,18.406557,0.045901,288
2025-11-24,603797,12240892,18.406557,18.819672,18.222951,18.819672,0.413115,384
2025-11-25,200403,4069831,18.727869,18.77377,18.590164,18.590164,-0.229508,162
2025-11-26,421004,8568257,18.590164,18.77377,18.590164,18.681967,0.091803,158
2025-11-27,399142,8122030,18.590164,18.727869,18.590164,18.727869,0.045902,189
2025-11-28,241677,4913096,18.727869,18.727869,18.590164,18.681967,-0.045902,191
2025-12-01,285860,5791816,18.590164,18.819672,18.498361,18.636066,-0.045901,203
2025-12-02,270744,5486007,18.590164,18.681967,18.544262,18.590164,-0.045902,189
2025-12-03,278472,5718750,18.727869,19.04918,18.727869,18.865574,0.27541,201
2025-12-04,366317,7458007,18.865574,18.911475,18.590164,18.727869,-0.137705,294
2025-12-05,542526,10935278,18.681967,18.681967,18.406557,18.544262,-0.183607,348
2025-12-08,184806,3724544,18.590164,18.590164,18.452459,18.498361,-0.045901,158
2025-12-09,138341,2782134,18.452459,18.544262,18.406557,18.498361,0.0,147
2025-12-10,299216,6011542,18.498361,18.544262,18.360656,18.452459,-0.045902,211
2025-12-11,1032726,20563548,18.314754,18.406557,18.177049,18.406557,-0.045902,470
2025-12-12,466784,9501929,18.544262,18.865574,18.544262,18.636066,0.229509,288
2025-12-15,314993,6359295,18.590164,18.681967,18.452459,18.590164,-0.045902,255
2025-12-16,434911,8737864,18.406557,18.590164,18.314754,18.544262,-0.045902,333
2025-12-17,530484,10795064,18.636066,18.819672,18.498361,18.590164,0.045902,328
2025-12-18,599724,12281204,18.77377,18.957377,18.590164,18.911475,0.321311,404
2025-12-19,464265,9613371,18.727869,19.140984,18.727869,19.003279,0.091804,338
2025-12-22,401302,8274433,19.232787,19.232787,18.77377,18.957377,-0.045902,337
2025-12-23,321768,6611823,19.003279,19.003279,18.77377,18.957377,0.0,214
2025-12-24,512907,10642943,18.957377,19.186885,18.819672,19.186885,0.229508,273
2025-12-26,364320,7535361,19.140984,19.140984,18.865574,19.095082,-0.091803,265
2025-12-29,465661,9609930,19.095082,19.095082,18.865574,19.003279,-0.091803,330
2025-12-30,310712,6428472,19.140984,19.140984,18.911475,19.095082,0.091803,167
2025-12-31,222561,4622563,19.095082,19.140984,18.957377,19.095082,0.0,184
2026-01-02,398678,8299699,19.140984,19.278689,18.957377,19.095082,0.0,291
2026-01-05,747666,15268557,19.003279,19.003279,18.590164,18.865574,-0.229508,449
2026-01-06,353019,7202636,18.865574,18.911475,18.636066,18.77377,-0.091804,221
2026-01-07,299683,6112854,18.77377,18.819672,18.636066,18.681967,-0.091803,197
2026-01-08,301644,6146612,18.681967,18.819672,18.590164,18.77377,0.091803,252
2026-01-09,718871,14621969,18.727869,18.77377,18.544262,18.77377,0.0,282
2026-01-12,1033259,20872205,18.77377,18.77377,18.406557,18.681967,-0.091803,633
2026-01-13,690460,13887233,18.590164,18.590164,18.360656,18.498361,-0.183606,420
2026-01-14,399409,8105348,18.498361,18.681967,18.498361,18.681967,0.183606,268
2026-01-15,629164,12775759,18.681967,18.77377,18.544262,18.727869,0.045902,349
2026-01-16,689038,13913148,18.681967,18.681967,18.452459,18.636066,-0.091803,442
2026-01-19,476276,9621499,18.452459,18.681967,18.360656,18.636066,0.0,401
2026-01-20,474646,9554496,18.498361,18.636066,18.360656,18.360656,-0.27541,367
2026-01-21,701307,13973886,18.360656,18.406557,18.222951,18.222951,-0.137705,416
2026-01-22,256740,5132117,18.360656,18.452459,18.268852,18.452459,0.229508,212
2026-01-23,436049,8732311,18.360656,18.544262,18.314754,18.498361,0.045902,245
2026-01-26,435642,8722339,18.498361,18.544262,18.268852,18.498361,0.0,378
2026-01-27,438520,8797830,18.498361,18.544262,18.268852,18.544262,0.045901,324
2026-01-28,592072,11850426,18.498361,18.498361,18.268852,18.498361,-0.045901,352
2026-01-29,383943,7705347,18.406557,18.498361,18.314754,18.498361,0.0,257
2026-01-30,671056,13406196,18.452459,18.498361,18.222951,18.406557,-0.091804,426
2026-02-02,629544,12477184,18.222951,18.498361,18.085246,18.268852,-0.137705,460
2026-02-03,991041,19566746,18.268852,18.314754,17.993443,18.222951,-0.045901,592
2026-02-04,143902,2868152,18.222951,18.360656,18.177049,18.360656,0.137705,174
2026-02-05,420804,8496166,18.452459,18.636066,18.360656,18.544262,0.183606,299
2026-02-06,357875,7137533,18.360656,18.498361,18.131148,18.452459,-0.091803,277
2026-02-09,954408,19062991,18.452459,18.544262,18.177049,18.177049,-0.27541,474
2026-02-10,824370,16317863,18.222951,18.360656,18.039344,18.360656,0.183607,594
2026-02-11,1177847,23209424,18.360656,18.360656,17.993443,18.177049,-0.183607,789
2026-02-23,534525,10638912,18.268852,18.360656,18.039344,18.360656,0.183607,444
2026-02-24,609142,12116156,18.360656,18.452459,18.131148,18.222951,-0.137705,537
2026-02-25,431947,8593535,18.314754,18.406557,18.131148,18.406557,0.183606,387
2026-02-26,419211,8386447,18.406557,18.452459,18.268852,18.314754,-0.091803,393
2026-03-02,296159,5909630,18.498361,18.498361,18.177049,18.452459,0.137705,596
2026-03-03,280155,5570284,18.268852,18.406557,18.131148,18.360656,-0.091803,478
2026-03-04,1161782,22644769,18.222951,18.222951,17.396721,17.809836,-0.55082,910
2026-03-05,659436,13070844,17.993443,18.360656,17.993443,18.360656,0.55082,749
2026-03-06,716162,14376990,18.360656,18.544262,18.177049,18.360656,0.0,863
2026-03-09,823934,16249966,18.177049,18.314754,17.809836,18.268852,-0.091804,1209
2026-03-10,347520,6942959,18.360656,18.406557,18.268852,18.406557,0.137705,529
2026-03-11,679141,13709576,18.268852,18.636066,18.268852,18.636066,0.229509,602
2026-03-12,555489,11241637,18.360656,18.77377,18.360656,18.590164,-0.045902,980
2026-03-13,593801,11925030,18.406557,18.544262,18.360656,18.544262,-0.045902,878
2026-03-16,394362,7933499,18.406557,18.544262,18.406557,18.544262,0.0,891
2026-03-17,354207,7139966,18.406557,18.590164,18.406557,18.590164,0.045902,720
2026-03-18,290630,5871710,18.544262,18.636066,18.498361,18.544262,-0.045902,698
2026-03-19,769282,15397166,18.452459,18.498361,18.268852,18.360656,-0.183606,842
2026-03-20,642427,12841686,18.360656,18.498361,18.222951,18.268852,-0.091804,881
2026-03-23,810033,15834860,18.039344,18.085246,17.763934,18.085246,-0.183606,1489
2026-03-24,340699,6759359,18.131148,18.360656,18.039344,18.360656,0.27541,1174
2026-03-25,729109,14659793,18.452459,18.590164,18.268852,18.590164,0.229508,1580
2026-03-26,608207,12239030,18.590164,18.636066,18.360656,18.406557,-0.183607,501
2026-03-27,1230920,24577368,18.268852,18.406557,18.222951,18.222951,-0.183606,391
2026-03-30,281904,5589747,18.131148,18.360656,18.085246,18.177049,-0.045902,387
2026-03-31,527453,10410409,18.085246,18.314754,17.993443,18.222951,0.045902,429
2026-04-01,437773,8657433,18.177049,18.222951,18.085246,18.177049,-0.045902,404
2026-04-02,236637,4660056,18.177049,18.268852,18.039344,18.131148,-0.045901,247
2026-04-07,422007,8288291,18.177049,18.177049,17.993443,17.993443,-0.137705,345
2026-04-08,257010,5093411,18.177049,18.268852,18.085246,18.268852,0.275409,247
2026-04-09,302346,5987440,18.360656,18.360656,18.085246,18.314754,0.045902,257
2026-04-10,307379,6098974,18.314754,18.314754,18.131148,18.177049,-0.137705,315
2026-04-13,154891,3068289,18.222951,18.268852,18.085246,18.268852,0.091803,192
2026-04-14,420003,8319586,18.314754,18.360656,18.085246,18.268852,0.0,349
2026-04-15,455531,9023502,18.314754,18.314754,18.085246,18.177049,-0.091803,352
2026-04-16,266042,5283883,18.222951,18.314754,18.085246,18.268852,0.091803,266
2026-04-17,372603,7377745,18.268852,18.268852,18.085246,18.268852,0.0,303
2026-04-20,842471,16546993,18.268852,18.268852,17.901639,18.085246,-0.183606,613
2026-04-21,361768,7089163,18.131148,18.131148,17.855738,18.085246,0.0,337
2026-04-22,724435,14205459,18.039344,18.131148,17.901639,18.039344,-0.045902,384
2026-04-23,1062157,20566451,17.947541,17.993443,17.62623,17.62623,-0.413114,810
2026-04-24,604518,11593270,17.62623,17.809836,17.442623,17.809836,0.183606,421
2026-04-27,794337,15202971,17.763934,17.809836,17.442623,17.809836,0.0,524
2026-04-28,704973,13453134,17.809836,17.809836,17.442623,17.442623,-0.367213,524
2026-04-29,441237,8423574,17.534426,17.672131,17.396721,17.672131,0.229508,309
2026-04-30,564157,10734685,17.62623,17.672131,17.35082,17.488525,-0.183606,469
2026-05-04,1174867,22043286,17.488525,17.488525,17.07541,17.35082,-0.137705,916
2026-05-05,798659,14914762,17.213115,17.259016,17.07541,17.213115,-0.137705,670
2026-05-06,537529,10093607,17.213115,17.304918,17.121311,17.259016,0.045901,355
2026-05-07,533201,10011565,17.167213,17.396721,17.121311,17.35082,0.091804,400
2026-05-08,1161520,21740226,17.304918,17.35082,16.983607,17.213115,-0.137705,670
2026-05-11,1185650,22339357,17.35082,17.580328,17.121311,17.213115,0.0,1798
2026-05-12,1064090,19849486,17.213115,17.259016,16.983607,17.259016,0.045901,1169
2026-05-13,918480,16998926,17.213115,17.213115,16.891803,16.937705,-0.321311,977
2026-05-14,1550417,27996814,16.891803,16.937705,16.340984,16.340984,-0.596721,1563
2026-05-15,894502,15912318,16.432787,16.754098,16.157377,16.295082,-0.045902,911
2026-05-18,594407,10395754,16.295082,16.295082,15.927869,16.019672,-0.27541,734
2026-05-19,474412,8312394,16.019672,16.203279,15.97377,16.065574,0.045902,554
2026-05-20,332099,5825909,16.065574,16.340984,15.881967,16.340984,0.27541,365
2026-05-21,555641,9918464,16.340984,16.845902,16.24918,16.432787,0.091803,533
2026-05-22,384291,6861142,16.386885,16.616393,16.295082,16.616393,0.183606,476
2026-05-25,924217,16368914,16.52459,16.616393,16.157377,16.24918,-0.367213,922
2026-05-26,767387,13438540,16.203279,16.295082,15.881967,16.295082,0.045902,746
2026-05-27,1574018,27550981,16.24918,16.24918,15.97377,16.111475,-0.183607,692
2026-05-28,2659548,45669925,16.111475,16.111475,15.560656,15.881967,-0.229508,2805
2026-05-29,1015650,17364397,15.881967,15.881967,15.514754,15.881967,0.0,990
2026-06-01,1198237,20591556,15.881967,15.881967,15.652459,15.881967,0.0,921
2026-06-02,1175964,20050460,15.790164,15.790164,15.560656,15.744262,-0.137705,951
2026-06-03,1254316,21853781,15.744262,16.340984,15.652459,16.340984,0.596722,763
2026-06-04,600169,10760545,16.386885,16.570492,16.203279,16.570492,0.229508,552
2026-06-05,760197,13881988,16.52459,16.937705,16.432787,16.891803,0.321311,587
2026-06-08,3837831,74096613,16.340984,16.570492,16.295082,16.570492,-0.321311,674
2026-06-09,2138206,41451941,16.478689,16.845902,16.478689,16.616393,0.045901,606
2026-06-10,3696672,67992622,16.478689,17.488525,16.478689,17.213115,0.596722,1192
2026-06-11,1499321,27408866,17.213115,17.213115,16.616393,17.029508,-0.183607,815
2026-06-12,1780921,34640130,17.07541,17.304918,16.937705,17.07541,0.045902,549
2026-06-15,2014790,39537589,17.259016,17.259016,17.029508,17.167213,0.091803,559
2026-06-16,1784114,34192272,17.259016,17.259016,16.754098,16.754098,-0.413115,751
2026-06-17,1025994,18787745,16.845902,16.983607,16.662295,16.937705,0.183607,562
2026-06-18,1370302,25309140,16.937705,17.259016,16.8,16.8,-0.137705,697
2026-06-22,2016992,36899002,16.845902,16.891803,16.708197,16.8,0.0,966
2026-06-23,1763747,29493838,16.8,16.85,16.55,16.8,0.0,2418
2026-06-24,890753,14867551,16.6,16.85,16.6,16.8,0.0,835
2026-06-25,1351642,22425700,16.8,16.8,16.45,16.8,0.0,1046
2026-06-26,1420339,23363058,16.65,16.65,16.3,16.6,-0.2,2152
2026-06-29,1405501,23320361,16.5,17.1,16.45,16.65,0.05,591
2026-06-30,963446,15790869,16.6,16.6,16.3,16.45,-0.2,796
2026-07-01,520767,8552966,16.45,16.55,16.3,16.5,0.05,403
2026-07-02,365131,6034019,16.5,16.7,16.4,16.55,0.05,293
2026-07-03,2699303,45736214,16.45,17.15,16.45,17.1,0.55,600
2026-07-06,1213472,20796528,17.2,17.3,17.0,17.15,0.05,413
2026-07-07,1483133,24669376,17.2,17.2,16.3,16.35,-0.8,1003
2026-07-08,460257,7559582,16.35,16.55,16.3,16.5,0.15,434
2026-07-09,283367,4652802,16.35,16.55,16.3,16.5,0.0,300
2026-07-13,314956,5185117,16.4,16.6,16.35,16.6,0.1,315
2026-07-14,639266,10529621,16.7,16.7,16.3,16.6,0.0,501
2026-07-15,568165,9471410,16.5,16.85,16.4,16.85,0.25,382
2026-07-16,923582,15818843,16.8,17.4,16.7,17.4,0.55,616
2026-07-17,595331,10149761,17.15,17.35,16.8,17.05,-0.35,418
2026-07-20,551288,9415348,17.3,17.3,16.8,17.2,0.15,400
2026-07-21,513501,8815770,17.3,17.3,17.05,17.3,0.1,348
2026-07-22,397492,6827218,17.3,17.3,17.1,17.15,-0.15,293
2026-07-23,421021,7193476,17.15,17.2,16.95,17.2,0.05,288
2026-07-24,789598,13620523,17.1,17.4,17.1,17.25,0.05,270
2026-07-27,358719,6221605,17.25,17.45,17.15,17.4,0.15,235
2026-07-28,485031,8342174,17.4,17.4,17.1,17.2,-0.2,293
2026-07-29,977293,16720082,17.25,17.4,16.95,17.2,0.0,565
2026-07-30,842222,14461055,17.2,17.35,16.95,17.2,0.0,524
2026-07-31,533980,9189024,17.2,17.4,17.1,17.1,-0.1,322
2026-08-03,322672,5498058,17.1,17.15,16.9,17.15,0.05,235
2026-08-04,519510,8758398,16.95,17.05,16.75,16.9,-0.25,340
2026-08-05,229828,3908487,17.0,17.1,16.9,17.0,0.1,206
2026-08-06,306683,5207696,16.85,17.1,16.85,17.1,0.1,246
2026-08-07,147781,2520049,16.95,17.1,16.95,17.05,-0.05,140
2026-08-10,245407,4201643,17.15,17.2,17.0,17.15,0.1,184
