date,Trading_Volume,Trading_money,open,max,min,close,spread,Trading_turnover
2015-01-05,31200543,459923545,11.511241,11.627909,11.277905,11.550131,0.272226,7398
2015-01-06,68450905,1037038075,11.627909,11.900135,11.58902,11.744577,0.194446,13615
2015-01-07,69519827,1088604395,11.861245,12.366807,11.861245,12.327917,0.58334,12693
2015-01-08,55686759,892178293,12.444585,12.794589,12.055692,12.327917,0.0,11142
2015-01-09,36721067,585876806,12.366807,12.600143,12.17236,12.444585,0.116668,7518
2015-01-12,25702764,411541394,12.483475,12.639032,12.289028,12.289028,-0.155557,4769
2015-01-13,46586377,759239226,12.444585,12.833479,12.444585,12.677921,0.388893,7400
2015-01-14,33209554,538847965,12.7557,12.794589,12.405696,12.600143,-0.077778,6361
2015-01-15,30454779,483676790,12.366807,12.483475,12.211249,12.327917,-0.272226,6332
2015-01-16,29077417,463485864,12.483475,12.561253,12.17236,12.405696,0.077779,6376
2015-01-19,30119192,467269249,12.405696,12.405696,11.861245,11.900135,-0.505561,7303
2015-01-20,29744007,466164832,12.016803,12.289028,12.016803,12.250139,0.350004,5177
2015-01-21,29176460,467804247,12.366807,12.561253,12.366807,12.366807,0.116668,6429
2015-01-22,18569087,295940306,12.327917,12.483475,12.250139,12.483475,0.116668,3754
2015-01-23,29366846,472810336,12.561253,12.600143,12.444585,12.522364,0.038889,4920
2015-01-26,27947506,456278878,12.639032,12.833479,12.600143,12.716811,0.194447,4952
2015-01-27,12980537,212490340,12.833479,12.911257,12.600143,12.716811,0.0,2797
2015-01-28,14245799,226349488,12.677921,12.677921,12.366807,12.405696,-0.311115,3115
2015-01-29,34606984,540238372,12.561253,12.561253,11.939024,12.250139,-0.155557,5916
2015-01-30,19835680,313717971,12.366807,12.405696,12.133471,12.366807,0.116668,4143
2015-02-02,36831520,557229550,12.055692,12.094581,11.58902,11.744577,-0.62223,6597
2015-02-03,31746508,475427316,11.666799,11.783467,11.511241,11.627909,-0.116668,6031
2015-02-04,43111588,635641948,11.511241,11.705688,11.277905,11.511241,-0.116668,9114
2015-02-05,22539103,340639840,11.666799,11.861245,11.666799,11.861245,0.350004,4886
2015-02-06,12799787,191991650,11.666799,11.783467,11.58902,11.705688,-0.155557,3533
2015-02-09,15179968,224399156,11.666799,11.666799,11.394573,11.433463,-0.272225,3441
2015-02-10,21047245,317479475,11.550131,11.822356,11.511241,11.744577,0.311114,4414
2015-02-11,15634975,236070575,11.861245,11.939024,11.627909,11.744577,0.0,3910
2015-02-12,16056406,242204095,11.744577,11.861245,11.627909,11.666799,-0.077778,3634
2015-02-13,16777393,251011716,11.666799,11.744577,11.511241,11.666799,0.0,3179
2015-02-24,19889673,300715145,11.705688,11.861245,11.666799,11.744577,0.077778,4187
2015-02-25,15332447,233729854,11.744577,11.939024,11.744577,11.900135,0.155558,3630
2015-02-26,9668495,147447686,11.705688,11.977913,11.705688,11.977913,0.077778,2213
2015-03-02,16156075,244907125,11.939024,11.939024,11.666799,11.900135,-0.077778,4328
2015-03-03,11997502,181863583,11.900135,11.939024,11.705688,11.783467,-0.116668,2593
2015-03-04,24371059,360709852,11.783467,11.822356,11.316795,11.511241,-0.272226,5101
2015-03-05,31304697,448023195,11.472352,11.472352,10.927902,11.044569,-0.466672,6043
2015-03-06,23403457,338385914,11.083459,11.472352,11.083459,11.472352,0.427783,3976
2015-03-09,11507248,168943980,11.511241,11.511241,11.277905,11.511241,0.038889,3268
2015-03-10,15034305,221835183,11.511241,11.58902,11.355684,11.550131,0.03889,4147
2015-03-11,19178663,289205645,11.550131,11.822356,11.472352,11.744577,0.194446,3901
2015-03-12,14484485,218844568,11.783467,11.822356,11.666799,11.783467,0.03889,2570
2015-03-13,24444154,377314745,11.861245,12.211249,11.861245,12.016803,0.233336,4469
2015-03-16,17913180,282247244,12.327917,12.327917,12.133471,12.289028,0.272225,4634
2015-03-17,20312479,322525901,12.405696,12.444585,12.250139,12.366807,0.077779,3885
2015-03-18,32910108,529198778,12.444585,12.600143,12.366807,12.522364,0.155557,6006
2015-03-19,10258440,163119741,12.444585,12.444585,12.289028,12.405696,-0.116668,2704
2015-03-20,11692644,186377244,12.444585,12.522364,12.289028,12.366807,-0.038889,1987
2015-03-23,11833481,189212551,12.600143,12.600143,12.327917,12.405696,0.038889,2591
2015-03-24,21477960,346904349,12.444585,12.677921,12.405696,12.600143,0.194447,4217
2015-03-25,8175923,131129248,12.600143,12.600143,12.405696,12.444585,-0.155558,1770
2015-03-26,17975346,279634052,12.055692,12.289028,11.977913,12.094581,-0.350004,3174
2015-03-27,13172437,202473819,11.977913,12.094581,11.783467,12.016803,-0.077778,2673
2015-03-30,8229366,129678558,12.133471,12.327917,12.133471,12.250139,0.233336,2353
2015-03-31,18735097,299908645,12.444585,12.522364,12.366807,12.483475,0.233336,3176
2015-04-01,16515484,266457129,12.600143,12.639032,12.444585,12.444585,-0.03889,4337
2015-04-02,15385195,246992518,12.366807,12.561253,12.327917,12.561253,0.116668,3440
2015-04-07,66346367,1122654288,12.561253,13.416819,12.522364,13.377929,0.816676,11012
2015-04-08,29779892,514345147,13.261261,13.572376,13.261261,13.494597,0.116668,6204
2015-04-09,31034590,547793935,13.689044,13.92238,13.533487,13.533487,0.03889,6703
2015-04-10,22383095,384488643,13.533487,13.611265,13.222372,13.455708,-0.077779,4343
2015-04-13,34472866,611016468,13.455708,13.92238,13.416819,13.92238,0.466672,6241
2015-04-14,18410291,326449582,13.92238,13.92238,13.727933,13.766823,-0.155557,3902
2015-04-15,48071000,860604700,13.766823,14.194605,13.611265,13.844601,0.077778,7965
2015-04-16,39058825,675246007,13.805712,13.805712,13.144593,13.455708,-0.388893,8035
2015-04-17,17065181,291929447,13.533487,13.611265,13.144593,13.222372,-0.233336,3994
2015-04-20,31105006,516605982,13.222372,13.33904,12.716811,12.989036,-0.233336,7217
2015-04-21,31319915,519478419,13.066815,13.144593,12.7557,12.911257,-0.077779,4759
2015-04-22,30239866,496492484,12.911257,12.950147,12.677921,12.677921,-0.233336,5250
2015-04-23,23237878,384876624,12.833479,13.027925,12.7557,12.833479,0.155558,5756
2015-04-24,34179388,551526045,12.833479,12.950147,12.250139,12.561253,-0.272226,6993
2015-04-27,47813634,771341194,12.677921,12.677921,12.444585,12.522364,-0.038889,5304
2015-04-28,27477564,454018221,12.522364,12.989036,12.522364,12.911257,0.388893,6862
2015-04-29,12774073,210899177,13.066815,13.066815,12.677921,12.872368,-0.038889,3709
2015-04-30,18023333,293047797,12.794589,12.794589,12.522364,12.677921,-0.194447,4078
2015-05-04,12491901,199975010,12.677921,12.716811,12.289028,12.366807,-0.311114,3418
2015-05-05,6980037,110575220,12.366807,12.444585,12.289028,12.289028,-0.077779,2184
2015-05-06,45180906,672942247,12.133471,12.133471,11.433463,11.433463,-0.855565,7484
2015-05-07,37120134,541419394,11.316795,11.550131,11.122348,11.394573,-0.03889,6363
2015-05-08,17371345,258643338,11.511241,11.705688,11.433463,11.472352,0.077779,3943
2015-05-11,12032669,178910203,11.666799,11.666799,11.472352,11.550131,0.077779,2624
2015-05-12,10399553,155022995,11.550131,11.822356,11.394573,11.744577,0.194446,2471
2015-05-13,11622872,171553418,11.58902,11.58902,11.394573,11.394573,-0.350004,2595
2015-05-14,16108480,237143602,11.58902,11.705688,11.277905,11.277905,-0.116668,4120
2015-05-15,10041047,145943312,11.355684,11.433463,11.122348,11.200127,-0.077778,2615
2015-05-18,29638061,419400134,11.277905,11.316795,10.850123,11.044569,-0.155558,6227
2015-05-19,26103985,381206361,11.044569,11.511241,11.044569,11.511241,0.466672,4978
2015-05-20,29927069,447761792,11.666799,11.783467,11.433463,11.472352,-0.038889,5918
2015-05-21,21492109,309012986,11.433463,11.433463,10.966791,11.044569,-0.427783,5202
2015-05-22,26220900,371207067,10.966791,11.122348,10.927902,11.00568,-0.038889,5483
2015-05-25,16136974,243545474,11.744577,11.744577,11.58902,11.744577,0.738897,2521
2015-05-26,64136051,982127343,11.861245,12.211249,11.744577,11.744577,0.0,11826
2015-05-27,20094624,303712153,11.822356,11.900135,11.666799,11.783467,0.03889,4919
2015-05-28,20102069,306366871,11.861245,12.016803,11.744577,11.822356,0.038889,4432
2015-05-29,14850236,223774940,11.822356,11.861245,11.666799,11.666799,-0.155557,2424
2015-06-01,17759923,257384279,11.511241,11.550131,11.122348,11.161237,-0.505562,3911
2015-06-02,8497190,121779855,11.044569,11.277905,11.00568,11.161237,0.0,3057
2015-06-03,45571092,621077119,11.122348,11.122348,10.383451,10.46123,-0.700007,7637
2015-06-04,26397865,356569972,10.46123,10.733455,10.227894,10.577898,0.116668,6531
2015-06-05,17931300,245061502,10.539008,10.733455,10.500119,10.733455,0.155557,5438
2015-06-08,42454852,555702232,10.616787,10.655676,9.955668,10.305672,-0.427783,7640
2015-06-09,31631038,414316244,10.033447,10.344562,10.033447,10.111226,-0.194446,4959
2015-06-10,26705870,347935325,10.150115,10.344562,9.916779,10.227894,0.116668,3879
2015-06-11,36185387,455043670,10.227894,10.266783,9.488996,9.566775,-0.661119,6545
2015-06-12,22546491,279393855,9.605664,9.800111,9.488996,9.605664,0.038889,4522
2015-06-15,20088335,246558078,9.644554,9.683443,9.411218,9.488996,-0.116668,3660
2015-06-16,23655422,285962739,9.566775,9.605664,9.216771,9.216771,-0.272225,5239
2015-06-17,20669211,243702565,9.29455,9.29455,9.022324,9.100103,-0.116668,4399
2015-06-18,33810035,417298278,9.061214,9.955668,9.061214,9.87789,0.777787,6758
2015-06-22,24338777,314809671,10.111226,10.189004,9.916779,10.033447,0.155557,5493
2015-06-23,11162366,145285661,10.111226,10.189004,10.033447,10.111226,0.077779,4818
2015-06-24,11942779,152548450,10.111226,10.111226,9.800111,10.033447,-0.077779,2850
2015-06-25,18737791,249126038,10.033447,10.46123,9.994558,10.42234,0.388893,4323
2015-06-26,10091811,134182297,10.383451,10.46123,10.266783,10.305672,-0.116668,2637
2015-06-29,9507703,124684139,10.189004,10.344562,10.072336,10.150115,-0.155557,2598
2015-06-30,19530361,259282611,10.150115,10.500119,10.150115,10.227894,0.077779,4607
2015-07-01,14956639,199786443,10.227894,10.46123,10.227894,10.344562,0.116668,3534
2015-07-02,39445570,548405944,10.577898,11.083459,10.46123,10.966791,0.622229,7079
2015-07-03,44293690,628365668,11.00568,11.316795,10.655676,10.694566,-0.272225,6698
2015-07-06,24191385,341336992,10.811234,11.083459,10.772344,11.00568,0.311114,4978
2015-07-07,39149270,571682844,11.394573,11.511241,11.122348,11.161237,0.155557,6148
2015-07-08,34024674,470204859,11.161237,11.239016,10.46123,10.577898,-0.583339,5365
2015-07-09,25250871,339745439,10.500119,10.694566,10.111226,10.577898,0.0,5102
2015-07-13,17716731,243381828,10.772344,10.850123,10.577898,10.577898,0.0,3565
2015-07-14,14888097,207043186,10.772344,10.927902,10.733455,10.733455,0.155557,3686
2015-07-15,18684550,263539050,10.889012,11.083459,10.850123,10.927902,0.194447,4279
2015-07-16,39946219,580518870,10.966791,11.511241,10.966791,11.355684,0.427782,7769
2015-07-17,21745841,316076974,11.472352,11.511241,11.161237,11.161237,-0.194447,5895
2015-07-20,11812757,169641992,11.433463,11.472352,11.044569,11.083459,-0.077778,2211
2015-07-21,17298520,247745094,11.239016,11.394573,10.966791,11.00568,-0.077779,3847
2015-07-22,9065000,129256689,11.161237,11.200127,10.966791,11.161237,0.155557,1909
2015-07-23,12908162,184888366,11.161237,11.239016,11.00568,11.200127,0.03889,3034
2015-07-24,12619180,181027564,11.122348,11.316795,11.083459,11.122348,-0.077779,2603
2015-07-27,14795375,206338597,11.161237,11.200127,10.616787,10.694566,-0.427782,3032
2015-07-28,22891027,317756016,10.655676,10.927902,10.655676,10.850123,0.155557,5303
2015-07-29,8447563,117294949,10.811234,10.927902,10.655676,10.811234,-0.038889,2174
2015-07-30,5655599,79391147,10.889012,10.966791,10.850123,10.889012,0.077778,1447
2015-07-31,7411230,103546199,10.889012,10.966791,10.733455,10.927902,0.03889,2530
2015-08-03,7837542,109187448,10.966791,10.966791,10.733455,10.733455,-0.194447,2284
2015-08-04,25552941,367027601,10.927902,11.316795,10.889012,11.00568,0.272225,5600
2015-08-05,10106996,145730940,11.200127,11.277905,11.122348,11.239016,0.233336,2524
2015-08-06,9259752,132645494,11.277905,11.316795,11.044569,11.083459,-0.155557,3011
2015-08-07,5285904,75800394,11.044569,11.200127,11.00568,11.161237,0.077778,1444
2015-08-10,18622844,273626910,11.277905,11.550131,11.200127,11.394573,0.233336,3700
2015-08-11,18007312,258336413,11.394573,11.433463,11.00568,11.044569,-0.350004,4531
2015-08-12,16996150,236957062,11.044569,11.083459,10.694566,10.694566,-0.350003,3274
2015-08-13,9436728,129143530,10.694566,10.811234,10.539008,10.616787,-0.077779,2527
2015-08-14,69804296,893985018,10.772344,10.811234,9.566775,9.800111,-0.816676,11994
2015-08-17,28325802,356738093,10.033447,10.072336,9.527886,9.566775,-0.233336,5165
2015-08-18,56104847,673217061,9.566775,9.683443,9.138992,9.411218,-0.155557,10796
2015-08-19,27358762,331533498,9.450107,9.566775,9.29455,9.450107,0.038889,7113
2015-08-20,28316035,349906378,9.605664,9.761222,9.566775,9.644554,0.194447,6049
2015-08-21,22424227,272181411,9.488996,9.605664,9.333439,9.488996,-0.155558,4097
2015-08-24,34972316,402476124,9.372328,9.450107,8.633431,8.827878,-0.661118,5874
2015-08-25,25287956,291550882,8.827878,9.138992,8.788988,9.061214,0.233336,5731
2015-08-26,23964726,273776955,8.905656,9.022324,8.750099,8.905656,-0.155558,3865
2015-08-27,17788990,207655977,8.983435,9.216771,8.944546,9.138992,0.233336,4163
2015-08-28,17103164,200919757,9.061214,9.216771,8.944546,9.177882,0.03889,3142
2015-08-31,21399470,250342015,9.177882,9.216771,9.022324,9.100103,-0.077779,2674
2015-09-01,29694111,336214049,8.983435,9.022324,8.633431,8.71121,-0.388893,5871
2015-09-02,31821210,360826752,8.944546,8.983435,8.71121,8.750099,0.038889,6113
2015-09-03,22270894,248953846,8.788988,8.827878,8.555652,8.71121,-0.038889,4530
2015-09-04,16671476,184541901,8.71121,8.71121,8.555652,8.555652,-0.155558,3049
2015-09-07,12548837,136828978,8.555652,8.633431,8.400095,8.477874,-0.077778,2385
2015-09-08,17938846,200098025,8.477874,8.788988,8.477874,8.67232,0.194446,3708
2015-09-09,25118621,284517857,8.827878,8.905656,8.71121,8.827878,0.155558,5067
2015-09-10,18392791,209463799,8.827878,8.944546,8.750099,8.944546,0.116668,3189
2015-09-11,13657356,155190305,8.905656,8.905656,8.750099,8.866767,-0.077779,2260
2015-09-14,26445144,306931605,8.905656,9.138992,8.866767,9.022324,0.155557,5910
2015-09-15,18433059,215699577,9.177882,9.216771,9.022324,9.138992,0.116668,3989
2015-09-16,12692092,149192270,9.216771,9.216771,9.061214,9.177882,0.03889,2777
2015-09-17,16675195,196667675,9.100103,9.25566,9.100103,9.138992,-0.03889,4010
2015-09-18,17097491,198888133,9.100103,9.216771,8.983435,8.983435,-0.155557,3170
2015-09-21,12880987,146859327,8.944546,8.983435,8.788988,8.944546,-0.038889,3154
2015-09-22,9233978,105081995,8.944546,9.022324,8.750099,8.905656,-0.03889,3280
2015-09-23,10528983,119196305,8.750099,8.905656,8.71121,8.71121,-0.194446,2761
2015-09-24,10347783,115987827,8.827878,8.866767,8.633431,8.633431,-0.077779,2177
2015-09-25,9124823,100801422,8.71121,8.71121,8.516763,8.594542,-0.038889,2304
2015-09-30,15052406,167900411,8.594542,8.750099,8.594542,8.750099,0.155557,3860
2015-10-01,31136172,365797966,8.866767,9.25566,8.866767,9.216771,0.466672,6028
2015-10-02,15848738,185173153,9.25566,9.25566,9.022324,9.022324,-0.194447,5583
2015-10-05,12633501,147921703,9.177882,9.177882,9.022324,9.138992,0.116668,2742
2015-10-06,15220050,178388017,9.177882,9.216771,9.022324,9.022324,-0.116668,3363
2015-10-07,42801029,475521563,8.788988,8.827878,8.477874,8.633431,-0.388893,6990
2015-10-08,26350021,291180381,8.633431,8.71121,8.516763,8.555652,-0.077779,5526
2015-10-12,24222356,267946716,8.633431,8.71121,8.555652,8.555652,0.0,3879
2015-10-13,24562293,274560639,8.71121,8.788988,8.594542,8.788988,0.233336,3530
2015-10-14,23779241,265083514,8.750099,8.827878,8.594542,8.633431,-0.155557,3361
2015-10-15,14087893,158305643,8.67232,8.788988,8.67232,8.750099,0.116668,2686
2015-10-16,37734213,434024096,8.788988,9.138992,8.750099,8.983435,0.233336,7792
2015-10-19,27085735,318531836,9.177882,9.25566,9.061214,9.138992,0.155557,4625
2015-10-20,18925742,220435995,9.177882,9.177882,8.983435,9.061214,-0.077778,3056
2015-10-21,15553017,181462593,9.100103,9.138992,9.022324,9.100103,0.038889,2896
2015-10-22,47484997,568060255,9.061214,9.411218,9.022324,9.333439,0.233336,6795
2015-10-23,17293532,207164777,9.372328,9.411218,9.216771,9.29455,-0.038889,4406
2015-10-26,27505596,336077732,9.488996,9.566775,9.450107,9.450107,0.155557,4363
2015-10-27,22434052,270003274,9.450107,9.450107,9.29455,9.372328,-0.077779,4850
2015-10-28,15486594,184909351,9.372328,9.411218,9.177882,9.216771,-0.155557,3320
2015-10-29,22590328,262642655,9.216771,9.216771,8.905656,8.983435,-0.233336,4738
2015-10-30,20201539,234654582,8.983435,9.138992,8.905656,9.061214,0.077779,4041
2015-11-02,8481092,98944813,9.061214,9.138992,8.944546,9.100103,0.038889,1512
2015-11-03,17986432,212096692,9.138992,9.29455,9.061214,9.216771,0.116668,3079
2015-11-04,21317743,254192533,9.216771,9.372328,9.138992,9.333439,0.116668,3868
2015-11-05,16286623,195772470,9.333439,9.450107,9.25566,9.25566,-0.077779,3225
2015-11-06,16557987,194861834,9.25566,9.29455,9.061214,9.138992,-0.116668,3744
2015-11-09,18752618,222846948,9.100103,9.333439,9.100103,9.29455,0.155558,5045
2015-11-10,12352650,145785966,9.216771,9.25566,9.061214,9.177882,-0.116668,3291
2015-11-11,17159969,199877432,9.177882,9.25566,8.944546,9.022324,-0.155558,3084
2015-11-12,9867581,114502429,9.100103,9.138992,8.944546,9.022324,0.0,2434
2015-11-13,12237454,140865886,8.983435,9.100103,8.866767,8.944546,-0.077778,2650
2015-11-16,34785088,381338821,8.750099,8.750099,8.283427,8.594542,-0.350004,6085
2015-11-17,13747122,154179498,8.750099,8.827878,8.67232,8.67232,0.077778,2919
2015-11-18,8743441,98206890,8.71121,8.827878,8.67232,8.67232,0.0,2723
2015-11-19,9906370,110033330,8.750099,8.750099,8.594542,8.633431,-0.038889,2332
2015-11-20,10310601,115030494,8.67232,8.788988,8.594542,8.71121,0.077779,2386
2015-11-23,5921978,66592613,8.788988,8.788988,8.71121,8.788988,0.077778,1494
2015-11-24,17355771,191555499,8.71121,8.71121,8.477874,8.477874,-0.311114,4046
2015-11-25,9084158,99609537,8.477874,8.594542,8.477874,8.594542,0.116668,2192
2015-11-26,6088534,67312138,8.594542,8.67232,8.555652,8.555652,-0.03889,1903
2015-11-27,9398110,102557910,8.633431,8.633431,8.438984,8.477874,-0.077778,1950
2015-11-30,16999148,182852393,8.400095,8.400095,8.283427,8.400095,-0.077779,2614
2015-12-01,11121549,120640724,8.438984,8.516763,8.400095,8.477874,0.077779,3373
2015-12-02,11668985,128196080,8.477874,8.633431,8.477874,8.477874,0.0,2515
2015-12-03,7063923,77326709,8.516763,8.594542,8.477874,8.477874,0.0,1477
2015-12-04,10005218,107896560,8.438984,8.438984,8.361206,8.438984,-0.03889,2375
2015-12-07,7490645,81409710,8.516763,8.555652,8.400095,8.400095,-0.038889,1558
2015-12-08,11831396,128511148,8.516763,8.594542,8.361206,8.361206,-0.038889,2731
2015-12-09,35602756,396133244,8.438984,8.788988,8.400095,8.71121,0.350004,6430
2015-12-10,18639122,206647545,8.750099,8.750099,8.555652,8.555652,-0.155558,3623
2015-12-11,14641329,160746948,8.633431,8.67232,8.438984,8.516763,-0.038889,2586
2015-12-14,14978370,165534731,8.438984,8.71121,8.438984,8.633431,0.116668,2492
2015-12-15,10105942,111750812,8.633431,8.71121,8.555652,8.594542,-0.038889,1525
2015-12-16,19014436,211873246,8.594542,8.788988,8.555652,8.633431,0.038889,2572
2015-12-17,18354445,205045132,8.71121,8.750099,8.633431,8.633431,0.0,2462
2015-12-18,30850163,349703621,8.71121,8.905656,8.67232,8.750099,0.116668,4773
2015-12-21,53251319,624455617,8.866767,9.411218,8.827878,9.216771,0.466672,8338
2015-12-22,25668893,302987030,9.333439,9.372328,9.061214,9.138992,-0.077779,5325
2015-12-23,17274512,204369356,9.216771,9.29455,9.100103,9.25566,0.116668,3404
2015-12-24,14659530,173566923,9.177882,9.29455,9.138992,9.216771,-0.038889,2490
2015-12-25,39801238,482051456,9.216771,9.527886,9.177882,9.372328,0.155557,6056
2015-12-28,14356681,173491246,9.450107,9.488996,9.333439,9.333439,-0.038889,3074
2015-12-29,19423923,232581085,9.411218,9.450107,9.216771,9.25566,-0.077779,2741
2015-12-30,8845230,105520267,9.29455,9.372328,9.216771,9.25566,0.0,1998
2015-12-31,15665461,187934825,9.333439,9.411218,9.216771,9.333439,0.077779,2228
2016-01-04,25807178,300757232,9.333439,9.372328,8.905656,8.905656,-0.427783,5134
2016-01-05,14326896,163525210,8.905656,9.022324,8.788988,8.827878,-0.077778,3000
2016-01-06,28458872,333181164,9.138992,9.25566,8.944546,8.983435,0.155557,5222
2016-01-07,21609839,250618328,9.061214,9.177882,8.866767,9.022324,0.038889,4576
2016-01-08,20017086,231121277,9.022324,9.100103,8.866767,8.905656,-0.116668,3412
2016-01-11,25736845,286159573,8.827878,8.827878,8.555652,8.594542,-0.311114,4706
2016-01-12,29731171,338253810,8.788988,9.022324,8.71121,8.750099,0.155557,5253
2016-01-13,16227836,183790190,8.905656,8.944546,8.71121,8.788988,0.038889,3070
2016-01-14,16658479,187410807,8.633431,8.866767,8.594542,8.788988,0.0,2710
2016-01-15,14959079,168062576,8.788988,8.827878,8.67232,8.67232,-0.116668,3447
2016-01-18,19722702,224587845,8.71121,8.944546,8.633431,8.905656,0.233336,4214
2016-01-19,7966808,90771108,8.905656,8.944546,8.827878,8.866767,-0.038889,1895
2016-01-20,11334256,127018547,8.788988,8.866767,8.633431,8.71121,-0.155557,2522
2016-01-21,10245998,115560998,8.750099,8.827878,8.71121,8.71121,0.0,1999
2016-01-22,5658562,63351113,8.750099,8.827878,8.633431,8.71121,0.0,1303
2016-01-25,14802170,164188088,8.633431,8.67232,8.555652,8.67232,-0.03889,2410
2016-01-26,7703913,85535332,8.67232,8.71121,8.594542,8.594542,-0.077778,1869
2016-01-27,8324820,92396556,8.67232,8.71121,8.594542,8.633431,0.038889,1479
2016-01-28,7602087,84645361,8.633431,8.71121,8.594542,8.67232,0.038889,1595
2016-01-29,12212577,136762686,8.71121,8.788988,8.633431,8.750099,0.077779,1834
2016-01-30,10915951,123479141,8.788988,8.827878,8.750099,8.827878,0.077779,1702
2016-02-01,7696033,86636512,8.827878,8.827878,8.71121,8.827878,0.0,1779
2016-02-02,7674744,86568327,8.866767,8.866767,8.750099,8.750099,-0.077779,2327
2016-02-03,11012209,122819712,8.788988,8.788988,8.633431,8.633431,-0.116668,2159
2016-02-15,16772615,189829639,8.71121,8.905656,8.633431,8.827878,0.194447,3108
2016-02-16,16333538,187540767,8.905656,8.983435,8.827878,8.983435,0.155557,3174
2016-02-17,15106090,173584213,9.022324,9.061214,8.827878,8.827878,-0.155557,2594
2016-02-18,14950087,170453921,8.866767,8.983435,8.788988,8.827878,0.0,2811
2016-02-19,9091327,103383934,8.866767,8.905656,8.788988,8.827878,0.0,1923
2016-02-22,27138052,314625686,8.866767,9.177882,8.866767,8.944546,0.116668,4145
2016-02-23,10444008,119689684,8.983435,8.983435,8.866767,8.905656,-0.03889,2411
2016-02-24,6420807,73467100,8.905656,8.983435,8.866767,8.866767,-0.038889,1675
2016-02-25,6073410,69431918,8.944546,8.944546,8.866767,8.866767,0.0,1198
2016-02-26,10955097,125805749,8.905656,8.944546,8.905656,8.944546,0.077779,1679
2016-03-01,10023271,115388580,8.983435,8.983435,8.905656,8.983435,0.038889,2123
2016-03-02,19062131,221586155,9.022324,9.100103,8.944546,9.061214,0.077779,2863
2016-03-03,8124038,94350429,9.061214,9.100103,8.983435,9.022324,-0.03889,2076
2016-03-04,11108673,129097148,9.022324,9.100103,8.983435,9.061214,0.03889,2526
2016-03-07,12089916,141157662,9.061214,9.177882,9.022324,9.061214,0.0,2685
2016-03-08,16800748,197275189,9.061214,9.216771,9.022324,9.138992,0.077778,3352
2016-03-09,13041557,152872806,9.138992,9.177882,9.061214,9.100103,-0.038889,2706
2016-03-10,10132640,118711747,9.100103,9.138992,9.061214,9.100103,0.0,3318
2016-03-11,12327216,143716797,9.138992,9.177882,9.022324,9.022324,-0.077779,4330
2016-03-14,12897790,148773928,9.100103,9.100103,8.905656,8.983435,-0.038889,2950
2016-03-15,16927772,194547784,8.983435,9.061214,8.827878,8.866767,-0.116668,2739
2016-03-16,8476207,97138959,8.866767,8.983435,8.866767,8.983435,0.116668,2148
2016-03-17,11128403,128293882,9.022324,9.022324,8.905656,8.983435,0.0,2950
2016-03-18,13526273,156592134,8.983435,9.022324,8.944546,9.022324,0.038889,2855
2016-03-21,5567026,64221236,8.983435,9.022324,8.905656,8.944546,-0.077778,1423
2016-03-22,5986754,68967314,8.944546,8.983435,8.905656,8.983435,0.038889,1591
2016-03-23,4555101,52338505,8.944546,8.983435,8.905656,8.983435,0.0,1328
2016-03-24,6387891,73564482,8.983435,9.022324,8.905656,8.944546,-0.038889,1428
2016-03-25,4144181,47648102,8.944546,8.983435,8.905656,8.905656,-0.03889,719
2016-03-28,11458449,132033444,8.983435,9.061214,8.905656,8.905656,0.0,1340
2016-03-29,12268466,141306029,8.944546,9.022324,8.905656,8.944546,0.03889,1779
2016-03-30,9120741,105253871,8.983435,9.022324,8.944546,8.944546,0.0,2314
2016-03-31,10670152,122857489,8.983435,9.022324,8.905656,8.944546,0.0,2437
2016-04-01,12287781,140047306,8.905656,8.944546,8.788988,8.827878,-0.116668,2304
2016-04-06,20623682,230890545,8.788988,8.788988,8.67232,8.67232,-0.155558,3557
2016-04-07,8618518,95710268,8.71121,8.71121,8.594542,8.67232,0.0,2036
2016-04-08,12123179,134167269,8.633431,8.67232,8.594542,8.594542,-0.077778,2445
2016-04-11,5254406,58144479,8.633431,8.67232,8.594542,8.594542,0.0,1058
2016-04-12,12157676,134835936,8.594542,8.67232,8.594542,8.594542,0.0,3056
2016-04-13,8554610,94971490,8.633431,8.67232,8.594542,8.67232,0.077778,2310
2016-04-14,9570468,105938498,8.67232,8.67232,8.555652,8.555652,-0.116668,2308
2016-04-15,7708099,85034589,8.594542,8.633431,8.555652,8.594542,0.03889,1997
2016-04-18,10813747,118926986,8.594542,8.633431,8.477874,8.516763,-0.077779,2085
2016-04-19,12475781,135629077,8.516763,8.555652,8.400095,8.400095,-0.116668,2721
2016-04-20,16494079,176278225,8.477874,8.477874,8.205648,8.244538,-0.155557,4738
2016-04-21,10171056,107669581,8.283427,8.322316,8.205648,8.244538,0.0,2411
2016-04-22,7088374,75143759,8.244538,8.283427,8.205648,8.244538,0.0,1755
2016-04-25,8702587,92782822,8.205648,8.361206,8.205648,8.361206,0.116668,2144
2016-04-26,5415999,58153782,8.361206,8.400095,8.322316,8.400095,0.038889,1361
2016-04-27,9787367,104808199,8.400095,8.400095,8.283427,8.361206,-0.038889,1730
2016-04-28,12259061,129657288,8.322316,8.322316,8.166759,8.244538,-0.116668,2141
2016-04-29,8906394,93667251,8.166759,8.244538,8.12787,8.205648,-0.03889,1867
2016-05-03,11048110,115921656,8.12787,8.205648,8.12787,8.205648,0.0,2062
2016-05-04,12859312,133766873,8.166759,8.205648,7.972312,8.050091,-0.155557,2733
2016-05-05,17598730,178040028,7.972312,8.011202,7.816755,7.816755,-0.233336,4207
2016-05-06,12683285,128205622,7.855645,7.933423,7.816755,7.855645,0.03889,2364
2016-05-09,7148848,72763094,7.933423,7.972312,7.855645,7.972312,0.116667,1818
2016-05-10,4996718,50722695,7.933423,7.972312,7.855645,7.894534,-0.077778,1600
2016-05-11,7433088,75209629,7.894534,7.933423,7.816755,7.816755,-0.077779,1686
2016-05-12,5400811,54446860,7.816755,7.894534,7.816755,7.816755,0.0,1243
2016-05-13,11274468,113368748,7.816755,7.855645,7.777866,7.855645,0.03889,2262
2016-05-16,13163529,131244780,7.855645,7.855645,7.668976,7.855645,0.0,3028
2016-05-17,8247135,82868501,7.816755,7.855645,7.777866,7.816755,-0.03889,1645
2016-05-18,7813867,78098400,7.777866,7.816755,7.731199,7.816755,0.0,2438
2016-05-19,7199409,72050130,7.76231,7.855645,7.738977,7.855645,0.03889,2130
2016-05-20,17065600,171111050,7.816755,7.933423,7.707865,7.816755,-0.03889,3020
2016-05-23,9986913,100633295,7.777866,7.894534,7.746754,7.894534,0.077779,1861
2016-05-24,10249807,103434506,7.894534,7.933423,7.777866,7.855645,-0.038889,2389
2016-05-25,11938243,122390968,7.894534,8.050091,7.855645,8.011202,0.155557,3006
2016-05-26,12578848,131139019,8.011202,8.166759,8.011202,8.08898,0.077778,2652
2016-05-27,7023495,73393236,8.166759,8.166759,8.08898,8.166759,0.077779,1776
2016-05-30,9122098,94750192,8.12787,8.12787,7.972312,8.050091,-0.116668,2313
2016-05-31,15747328,162780090,8.050091,8.08898,8.011202,8.050091,0.0,2581
2016-06-01,8878877,92299966,8.050091,8.12787,8.011202,8.12787,0.077779,1921
2016-06-02,7461592,77859541,8.12787,8.166759,8.08898,8.08898,-0.03889,2241
2016-06-03,7298829,75976981,8.08898,8.12787,8.050091,8.08898,0.0,2036
2016-06-04,2053323,21364786,8.08898,8.12787,8.050091,8.12787,0.03889,445
2016-06-06,7763368,80582630,8.08898,8.166759,8.011202,8.08898,-0.03889,1624
2016-06-07,11502876,119468255,8.08898,8.12787,8.011202,8.08898,0.0,2955
2016-06-08,20339792,211845607,8.12787,8.166759,8.050091,8.12787,0.03889,3334
2016-06-13,12450896,127921083,8.12787,8.12787,7.894534,7.933423,-0.194447,1907
2016-06-14,11302641,114634517,7.972312,7.972312,7.855645,7.894534,-0.038889,3678
2016-06-15,21476184,216605286,7.894534,7.933423,7.777866,7.894534,0.0,2599
2016-06-16,13110556,131388134,7.894534,7.894534,7.777866,7.777866,-0.116668,2315
2016-06-17,14828932,148782820,7.816755,7.855645,7.777866,7.816755,0.038889,2851
2016-06-20,14673858,146823340,7.816755,7.855645,7.76231,7.816755,0.0,3128
2016-06-21,17936571,179509480,7.777866,7.816755,7.76231,7.816755,0.0,2994
2016-06-22,17784233,178521101,7.770088,7.855645,7.738977,7.855645,0.03889,2879
2016-06-23,11610925,116300550,7.816755,7.816755,7.777866,7.777866,-0.077779,1982
2016-06-24,58665171,590446730,7.770088,7.972312,7.707865,7.855645,0.077779,9122
2016-06-27,36184295,359688503,7.777866,7.816755,7.676754,7.700087,-0.155558,6553
2016-06-28,44542469,420336993,7.583419,7.583419,7.194526,7.311194,-0.388893,9779
2016-06-29,32462197,316527006,7.536752,7.645642,7.466751,7.614531,0.303337,7431
2016-06-30,19926328,192770114,7.622309,7.622309,7.466751,7.536752,-0.077779,6889
2016-07-01,19081137,184187418,7.552308,7.552308,7.474529,7.482307,-0.054445,4953
2016-07-04,16427949,156930620,7.474529,7.505641,7.39675,7.39675,-0.085557,4316
2016-07-05,25487876,239842670,7.388973,7.39675,7.280082,7.295638,-0.101112,5525
2016-07-06,37895852,347953307,7.264527,7.264527,7.054524,7.093414,-0.202224,7360
2016-07-07,15076607,138848703,7.116747,7.202304,7.116747,7.194526,0.101112,3609
2016-07-11,17628198,165312525,7.241193,7.357861,7.194526,7.318972,0.124446,4473
2016-07-12,18303388,170669723,7.357861,7.373417,7.210082,7.21786,-0.101112,4429
2016-07-13,18724958,175392150,7.272305,7.357861,7.225637,7.357861,0.140001,4157
2016-07-14,17038537,160794576,7.350083,7.388973,7.272305,7.373417,0.015556,4163
2016-07-15,36711496,355628858,7.43564,7.591197,7.43564,7.490085,0.116668,7562
2016-07-18,25525219,249311875,7.528974,7.65342,7.505641,7.622309,0.132224,4733
2016-07-19,19277311,189291587,7.661198,7.668976,7.560086,7.661198,0.038889,4273
2016-07-20,20906827,206496292,7.700087,7.715643,7.637864,7.715643,0.054445,4194
2016-07-21,25446644,254437910,7.715643,7.816755,7.700087,7.816755,0.101112,4470
2016-07-22,30914297,307403419,7.777866,7.816755,7.65342,7.707865,-0.10889,5105
2016-07-25,20736717,198877630,7.862838,7.911777,7.76496,7.805743,0.097878,4082
2016-07-26,14404742,137092826,7.813899,7.813899,7.716022,7.732334,-0.073409,3794
2016-07-27,11145477,105782970,7.78943,7.78943,7.724178,7.748647,0.016313,2026
2016-07-28,13132258,125666290,7.756804,7.870994,7.707865,7.838369,0.089722,2921
2016-07-29,16204823,153327318,7.797586,7.813899,7.667083,7.667083,-0.171286,4646
2016-08-01,16422462,156641241,7.707865,7.822056,7.699709,7.78943,0.122347,4023
2016-08-02,12295293,117438476,7.830212,7.830212,7.748647,7.76496,-0.02447,2507
2016-08-03,9285398,88439156,7.740491,7.813899,7.716022,7.78943,0.02447,2203
2016-08-04,7962576,75735447,7.822056,7.822056,7.732334,7.781273,-0.008157,1651
2016-08-05,9813372,93671988,7.797586,7.813899,7.748647,7.797586,0.016313,2122
2016-08-08,14895051,141049136,7.805743,7.805743,7.707865,7.716022,-0.081564,3463
2016-08-09,10069313,95508526,7.78943,7.78943,7.707865,7.740491,0.024469,3116
2016-08-10,13315016,125677129,7.740491,7.773117,7.667083,7.667083,-0.073408,2760
2016-08-11,14793840,139632400,7.675239,7.748647,7.667083,7.748647,0.081564,4361
2016-08-12,21308429,203017672,7.756804,7.797586,7.748647,7.756804,0.008157,4750
2016-08-15,9456922,90383456,7.76496,7.822056,7.756804,7.822056,0.065252,2528
2016-08-16,8930613,84765137,7.797586,7.797586,7.716022,7.756804,-0.065252,1969
2016-08-17,14624275,137766882,7.716022,7.732334,7.667083,7.667083,-0.089721,3601
2016-08-18,4059185,38331539,7.667083,7.724178,7.667083,7.716022,0.048939,1182
2016-08-19,14787523,138056794,7.716022,7.724178,7.552892,7.585518,-0.130504,4119
2016-08-22,12109152,111471736,7.585518,7.593674,7.479484,7.479484,-0.106034,3318
2016-08-23,8021679,73896375,7.495797,7.561049,7.495797,7.51211,0.032626,2433
2016-08-24,6874787,63171567,7.536579,7.536579,7.479484,7.48764,-0.02447,2273
2016-08-25,9228669,85155112,7.503953,7.561049,7.48764,7.561049,0.073409,2126
2016-08-26,6374250,59041180,7.561049,7.577362,7.520266,7.577362,0.016313,1818
2016-08-29,7599086,70221330,7.561049,7.577362,7.51211,7.577362,0.0,1865
2016-08-30,6040549,56071842,7.577362,7.585518,7.561049,7.577362,0.0,1449
2016-08-31,11043992,101853522,7.577362,7.577362,7.51211,7.51211,-0.065252,1999
2016-09-01,5719554,52840608,7.51211,7.552892,7.495797,7.544736,0.032626,1792
2016-09-02,16142351,152291731,7.65077,7.740491,7.65077,7.667083,0.122347,3430
2016-09-05,6015605,56697505,7.699709,7.732334,7.667083,7.683396,0.016313,1187
2016-09-06,8591795,81321849,7.683396,7.740491,7.667083,7.740491,0.057095,2017
2016-09-07,9826007,93611202,7.748647,7.805743,7.748647,7.797586,0.057095,2452
2016-09-08,11880194,114043229,7.797586,7.862838,7.756804,7.854682,0.057096,3504
2016-09-09,6646974,63483626,7.830212,7.830212,7.748647,7.78943,-0.065252,2081
2016-09-10,4465779,42103319,7.667083,7.716022,7.634457,7.691552,-0.097878,1141
2016-09-12,9944387,93384932,7.691552,7.691552,7.6263,7.6263,-0.065252,2814
2016-09-13,6441472,60021707,7.65077,7.658926,7.544736,7.577362,-0.048938,2181
2016-09-14,5893688,54807029,7.569205,7.634457,7.561049,7.569205,-0.008157,2246
2016-09-19,6186538,57854075,7.569205,7.667083,7.569205,7.634457,0.065252,1643
2016-09-20,6386235,60207078,7.642613,7.724178,7.642613,7.707865,0.073408,1807
2016-09-21,4597148,43412895,7.707865,7.740491,7.65077,7.732334,0.024469,1600
2016-09-22,5097819,48137623,7.748647,7.756804,7.658926,7.724178,-0.008156,1454
2016-09-23,10347556,98598393,7.699709,7.805743,7.699709,7.805743,0.081565,2304
2016-09-26,5939269,56356321,7.797586,7.797586,7.699709,7.707865,-0.097878,1139
2016-09-29,8302650,78908494,7.740491,7.78943,7.724178,7.740491,0.032626,2658
2016-09-30,8443329,79180235,7.707865,7.716022,7.6263,7.6263,-0.114191,2229
2016-10-03,4129377,38760062,7.675239,7.683396,7.634457,7.65077,0.02447,1186
2016-10-04,5146104,48586113,7.642613,7.732334,7.642613,7.732334,0.081564,1787
2016-10-05,2832348,26738601,7.732334,7.732334,7.683396,7.707865,-0.024469,991
2016-10-06,5638380,53368938,7.707865,7.748647,7.683396,7.748647,0.040782,2026
2016-10-07,3840651,36234595,7.748647,7.748647,7.675239,7.699709,-0.048938,1414
2016-10-11,5562303,52271795,7.748647,7.748647,7.634457,7.658926,-0.040783,1829
2016-10-12,4612003,43422306,7.634457,7.707865,7.6263,7.691552,0.032626,1851
2016-10-13,4979077,46770898,7.699709,7.699709,7.634457,7.667083,-0.024469,2636
2016-10-14,5659978,53003042,7.667083,7.667083,7.618144,7.6263,-0.040783,2013
2016-10-17,5534679,51397830,7.618144,7.6263,7.544736,7.577362,-0.048938,1979
2016-10-18,6034330,56591033,7.569205,7.691552,7.569205,7.65077,0.073408,2531
2016-10-19,3587940,33705179,7.675239,7.675239,7.65077,7.667083,0.016313,1590
2016-10-20,5309430,49897073,7.667083,7.683396,7.634457,7.683396,0.016313,2092
2016-10-21,25006315,236497936,7.683396,7.78943,7.642613,7.699709,0.016313,3134
2016-10-24,6678980,62961010,7.716022,7.748647,7.667083,7.683396,-0.016313,1992
2016-10-25,4669276,43855549,7.683396,7.707865,7.642613,7.65077,-0.032626,2068
2016-10-26,5473591,51295336,7.65077,7.667083,7.6263,7.634457,-0.016313,2747
2016-10-27,8678273,81573523,7.642613,7.724178,7.642613,7.658926,0.024469,2403
2016-10-28,6890355,64546376,7.667083,7.691552,7.618144,7.658926,0.0,2144
2016-10-31,14456990,136953939,7.642613,7.862838,7.552892,7.78943,0.130504,3449
2016-11-01,12075809,115661815,7.78943,7.838369,7.724178,7.830212,0.040782,3300
2016-11-02,6645754,63008600,7.805743,7.805743,7.691552,7.724178,-0.106034,2125
2016-11-03,5064820,47662829,7.724178,7.756804,7.642613,7.667083,-0.057095,1414
2016-11-04,6221468,58249957,7.667083,7.667083,7.618144,7.6263,-0.040783,1578
2016-11-07,4747628,44593068,7.642613,7.683396,7.634457,7.658926,0.032626,1313
2016-11-08,5157963,48297653,7.667083,7.667083,7.609987,7.65077,-0.008156,1887
2016-11-09,11277995,104549103,7.667083,7.683396,7.471327,7.471327,-0.179443,3185
2016-11-10,4915397,45672156,7.552892,7.609987,7.552892,7.569205,0.097878,1694
2016-11-11,11164451,102642434,7.544736,7.544736,7.463171,7.495797,-0.073408,3455
2016-11-14,5889906,54285398,7.503953,7.544736,7.479484,7.544736,0.048939,2107
2016-11-15,6366117,58542794,7.528423,7.536579,7.479484,7.495797,-0.048939,2154
2016-11-16,6319206,58068984,7.495797,7.544736,7.479484,7.479484,-0.016313,1677
2016-11-17,7222776,66369834,7.51211,7.544736,7.479484,7.503953,0.024469,1766
2016-11-18,4590691,42305424,7.48764,7.536579,7.48764,7.536579,0.032626,2300
2016-11-21,4653755,43042431,7.544736,7.561049,7.528423,7.561049,0.02447,1688
2016-11-22,16137413,151964520,7.667083,7.740491,7.618144,7.6263,0.065251,3915
2016-11-23,11770218,111207991,7.675239,7.732334,7.675239,7.716022,0.089722,2734
2016-11-24,86560030,868849976,7.830212,8.401165,7.830212,8.360383,0.644361,17218
2016-11-25,40030759,397097333,8.238036,8.238036,7.968872,7.968872,-0.391511,8524
2016-11-28,13785818,134221267,7.977029,8.025967,7.879151,7.895464,-0.073408,3630
2016-11-29,13726859,132161559,7.919933,7.960716,7.78943,7.830212,-0.065252,3407
2016-11-30,14165415,135966824,7.887307,7.90362,7.797586,7.797586,-0.032626,2468
2016-12-01,8410702,80310441,7.813899,7.862838,7.756804,7.756804,-0.040782,2127
2016-12-02,8484526,81046831,7.838369,7.838369,7.748647,7.748647,-0.008157,2539
2016-12-05,8067280,76329897,7.822056,7.822056,7.683396,7.707865,-0.040782,2551
2016-12-06,6760904,64297578,7.805743,7.822056,7.724178,7.748647,0.040782,2016
2016-12-07,3735758,35487059,7.781273,7.781273,7.716022,7.740491,-0.008156,1010
2016-12-08,8030395,76758610,7.78943,7.854682,7.748647,7.797586,0.057095,2558
2016-12-09,6122874,58366630,7.781273,7.805743,7.732334,7.805743,0.008157,1970
2016-12-12,4467026,42635833,7.813899,7.822056,7.756804,7.76496,-0.040783,1391
2016-12-13,7215112,68753691,7.76496,7.813899,7.732334,7.797586,0.032626,2376
2016-12-14,4831583,46037692,7.805743,7.805743,7.748647,7.756804,-0.040782,2500
2016-12-15,5244279,49934722,7.813899,7.813899,7.740491,7.748647,-0.008157,2319
2016-12-16,7314044,69302276,7.732334,7.748647,7.699709,7.748647,0.0,2376
2016-12-19,5256565,49571036,7.748647,7.748647,7.65077,7.658926,-0.089721,1464
2016-12-20,4034252,37935271,7.691552,7.716022,7.65077,7.658926,0.0,1555
2016-12-21,4558453,42723081,7.667083,7.699709,7.618144,7.618144,-0.040782,1577
2016-12-22,6223890,57896988,7.618144,7.634457,7.569205,7.569205,-0.048939,2041
2016-12-23,3742128,34758247,7.569205,7.593674,7.569205,7.569205,0.0,1438
2016-12-26,2580036,23936761,7.585518,7.609987,7.552892,7.552892,-0.016313,816
2016-12-27,2087330,19362012,7.552892,7.601831,7.544736,7.561049,0.008157,737
2016-12-28,3722734,34545536,7.561049,7.601831,7.544736,7.561049,0.0,965
2016-12-29,4187261,38789878,7.593674,7.593674,7.544736,7.544736,-0.016313,1152
2016-12-30,5252468,47442870,7.569205,7.585518,7.552892,7.585518,0.040782,1379
2017-01-03,2520439,23401781,7.577362,7.585518,7.552892,7.569205,-0.016313,661
2017-01-04,2820165,26142177,7.561049,7.569205,7.552892,7.569205,0.0,987
2017-01-05,6420915,59755742,7.577362,7.618144,7.552892,7.585518,0.016313,1580
2017-01-06,3712144,34533032,7.585518,7.601831,7.577362,7.585518,0.0,1070
2017-01-09,4000430,37358022,7.593674,7.65077,7.593674,7.609987,0.024469,1105
2017-01-10,6062711,56856622,7.6263,7.675239,7.618144,7.65077,0.040783,1527
2017-01-11,13591106,128794753,7.683396,7.773117,7.658926,7.76496,0.11419,3125
2017-01-12,7607991,72419355,7.781273,7.805743,7.740491,7.756804,-0.008156,2235
2017-01-13,5563648,52567274,7.76496,7.781273,7.675239,7.683396,-0.073408,1456
2017-01-16,3357815,31444673,7.683396,7.683396,7.6263,7.642613,-0.040783,1056
2017-01-17,3792667,35538696,7.6263,7.675239,7.6263,7.6263,-0.016313,1375
2017-01-18,3907581,36613053,7.65077,7.675239,7.6263,7.6263,0.0,1693
2017-01-19,4420964,41329453,7.634457,7.65077,7.609987,7.609987,-0.016313,1456
2017-01-20,2810127,26227462,7.609987,7.6263,7.601831,7.618144,0.008157,978
2017-01-23,4865306,45581123,7.658926,7.667083,7.618144,7.6263,0.008156,1965
2017-01-24,6150198,57710808,7.683396,7.683396,7.6263,7.667083,0.040783,2100
2017-02-02,8787066,82863413,7.76496,7.76496,7.658926,7.658926,-0.008157,3067
2017-02-03,7390376,69630458,7.683396,7.716022,7.658926,7.683396,0.02447,2735
2017-02-06,13781733,131183642,7.732334,7.822056,7.691552,7.756804,0.073408,2808
2017-02-07,9275427,88393817,7.78943,7.797586,7.756804,7.781273,0.024469,2473
2017-02-08,16318953,156915000,7.830212,7.90362,7.805743,7.805743,0.02447,3475
2017-02-09,9403219,90126030,7.838369,7.846525,7.781273,7.822056,0.016313,2039
2017-02-10,11355549,109342747,7.887307,7.887307,7.838369,7.854682,0.032626,2430
2017-02-13,8870257,85239455,7.895464,7.911777,7.78943,7.813899,-0.040783,1932
2017-02-14,6482068,62019519,7.822056,7.846525,7.756804,7.805743,-0.008156,1877
2017-02-15,18133245,175459371,7.830212,7.936246,7.805743,7.90362,0.097877,4370
2017-02-16,34875378,345488626,7.993342,8.156471,7.993342,8.083063,0.179443,7603
2017-02-17,11454753,113578800,8.115689,8.140158,8.034124,8.091219,0.008156,2394
2017-02-18,5078410,50138580,8.091219,8.099376,8.017811,8.06675,-0.024469,1147
2017-02-20,13281128,131875202,8.06675,8.156471,8.009654,8.099376,0.032626,2833
2017-02-21,9753423,96787096,8.115689,8.140158,8.06675,8.115689,0.016313,3286
2017-02-22,21985637,220795401,8.091219,8.238036,8.091219,8.156471,0.040782,4993
2017-02-23,12795295,128828100,8.197253,8.238036,8.156471,8.238036,0.081565,2650
2017-02-24,19764159,200020540,8.238036,8.3196,8.197253,8.238036,0.0,3434
2017-03-01,14185803,143459430,8.238036,8.3196,8.197253,8.197253,-0.040783,2234
2017-03-02,14979993,151314768,8.238036,8.278818,8.197253,8.278818,0.081565,2754
2017-03-03,23795503,241547780,8.278818,8.401165,8.197253,8.197253,-0.081565,3703
2017-03-06,10237470,102794650,8.238036,8.278818,8.156471,8.197253,0.0,1844
2017-03-07,7883329,79430940,8.197253,8.238036,8.156471,8.238036,0.040783,1513
2017-03-08,7006549,70599090,8.238036,8.278818,8.197253,8.197253,-0.040783,2381
2017-03-09,10167288,102012880,8.197253,8.238036,8.156471,8.156471,-0.040782,2989
2017-03-10,22268351,223248706,8.156471,8.278818,8.017811,8.278818,0.122347,4025
2017-03-13,49242693,515232269,8.360383,8.686642,8.360383,8.564295,0.285477,7512
2017-03-14,37932975,407400007,8.727424,8.890553,8.686642,8.727424,0.163129,6792
2017-03-15,12212992,128969606,8.727424,8.768206,8.564295,8.564295,-0.163129,2861
2017-03-16,20378086,212693675,8.605077,8.645859,8.441947,8.523512,-0.040783,3137
2017-03-17,18007133,188729667,8.523512,8.605077,8.48273,8.564295,0.040783,2575
2017-03-20,13666394,144834258,8.605077,8.727424,8.523512,8.605077,0.040782,2853
2017-03-21,9443705,99288180,8.645859,8.686642,8.48273,8.523512,-0.081565,2721
2017-03-22,12584987,130063657,8.48273,8.48273,8.401165,8.441947,-0.081565,2050
2017-03-23,7868612,81456159,8.48273,8.48273,8.401165,8.48273,0.040783,1788
2017-03-24,8722995,90959484,8.523512,8.564295,8.441947,8.564295,0.081565,1773
2017-03-27,5864206,61273685,8.523512,8.564295,8.48273,8.564295,0.0,1711
2017-03-28,10899532,113785969,8.564295,8.645859,8.401165,8.564295,0.0,2604
2017-03-29,8450798,88742620,8.605077,8.605077,8.523512,8.564295,0.0,2022
2017-03-30,7909864,82687924,8.523512,8.564295,8.48273,8.523512,-0.040783,1872
2017-03-31,10842818,113489481,8.48273,8.605077,8.48273,8.605077,0.081565,2395
2017-04-05,53438848,536891736,8.441947,8.48273,8.058593,8.099376,-0.505701,9560
2017-04-06,36377827,349518015,8.058593,8.058593,7.773117,7.797586,-0.30179,8735
2017-04-07,21577705,204571190,7.797586,7.805743,7.675239,7.716022,-0.081564,4892
2017-04-10,17666340,165031808,7.642613,7.667083,7.601831,7.609987,-0.106035,4011
2017-04-11,15520422,144895496,7.618144,7.675239,7.585518,7.585518,-0.024469,4058
2017-04-12,10344777,95972872,7.585518,7.585518,7.552892,7.569205,-0.016313,3232
2017-04-13,7770527,72470917,7.569205,7.65077,7.552892,7.618144,0.048939,2734
2017-04-14,8880495,82455089,7.601831,7.601831,7.552892,7.561049,-0.057095,2451
2017-04-17,8001098,74365869,7.593674,7.642613,7.544736,7.561049,0.0,2112
2017-04-18,8137793,75384711,7.569205,7.585518,7.544736,7.552892,-0.008157,2548
2017-04-19,10799414,99790691,7.561049,7.593674,7.503953,7.503953,-0.048939,3446
2017-04-20,8030080,73978666,7.544736,7.552892,7.503953,7.503953,0.0,2735
2017-04-21,5954453,54942722,7.528423,7.569205,7.503953,7.503953,0.0,2098
2017-04-24,3854901,35681268,7.544736,7.569205,7.528423,7.552892,0.048939,1307
2017-04-25,9068448,85126350,7.577362,7.707865,7.577362,7.707865,0.154973,3230
2017-04-26,7787775,73109190,7.732334,7.732334,7.618144,7.667083,-0.040782,2671
2017-04-27,3991748,37305020,7.65077,7.658926,7.609987,7.618144,-0.048939,1686
2017-04-28,6888681,64175021,7.642613,7.642613,7.569205,7.6263,0.008156,2257
2017-05-02,6946153,64580277,7.618144,7.634457,7.561049,7.609987,-0.016313,2875
2017-05-03,3403656,31628854,7.569205,7.601831,7.561049,7.601831,-0.008156,1198
2017-05-04,5076837,47159240,7.585518,7.593674,7.561049,7.585518,-0.016313,1755
2017-05-05,6611377,61602474,7.6263,7.634457,7.585518,7.585518,0.0,1573
2017-05-08,7796001,72177724,7.609987,7.618144,7.51211,7.51211,-0.073408,1704
2017-05-09,9736684,89656986,7.51211,7.561049,7.495797,7.495797,-0.016313,2852
2017-05-10,13845297,126863394,7.495797,7.503953,7.463171,7.463171,-0.032626,3493
2017-05-11,12254049,114220512,7.528423,7.65077,7.51211,7.65077,0.187599,2969
2017-05-12,6220291,58241494,7.65077,7.65077,7.609987,7.65077,0.0,2087
2017-05-15,8243456,76639282,7.642613,7.642613,7.552892,7.569205,-0.081565,2129
2017-05-16,22463813,204892855,7.48764,7.48764,7.381606,7.438702,-0.130503,4879
2017-05-17,11605357,106540837,7.446858,7.520266,7.446858,7.51211,0.073408,2745
2017-05-18,7861966,72220915,7.503953,7.51211,7.446858,7.495797,-0.016313,2151
2017-05-19,5353604,49112725,7.471327,7.503953,7.471327,7.479484,-0.016313,1680
2017-05-22,8317314,75919519,7.479484,7.479484,7.422389,7.471327,-0.008157,2225
2017-05-23,6879024,62704631,7.463171,7.463171,7.422389,7.430545,-0.040782,2081
2017-05-24,7303576,66562232,7.422389,7.446858,7.422389,7.430545,0.0,2221
2017-05-25,10982671,99988359,7.438702,7.463171,7.397919,7.463171,0.032626,2361
2017-05-26,10997041,101280791,7.438702,7.552892,7.438702,7.51211,0.048939,3203
2017-05-31,55683399,512519750,7.48764,7.520266,7.422389,7.51211,0.0,2930
2017-06-01,4266075,39177538,7.51211,7.536579,7.463171,7.471327,-0.040783,1776
2017-06-02,8142753,74315945,7.471327,7.479484,7.430545,7.438702,-0.032625,2734
2017-06-03,1477841,13500805,7.463171,7.471327,7.438702,7.455014,0.016312,388
2017-06-05,7695941,70202956,7.455014,7.463171,7.422389,7.438702,-0.016312,2703
2017-06-06,13794293,125357067,7.438702,7.438702,7.397919,7.397919,-0.040783,5008
2017-06-07,13676574,123917508,7.406076,7.414232,7.381606,7.389763,-0.008156,3416
2017-06-08,5087658,46262122,7.414232,7.446858,7.389763,7.430545,0.040782,1760
2017-06-09,6757194,61256429,7.414232,7.414232,7.381606,7.397919,-0.032626,1902
2017-06-12,7010636,63747210,7.389763,7.463171,7.389763,7.406076,0.008157,1723
2017-06-13,9891015,90501171,7.455014,7.495797,7.438702,7.438702,0.032626,2681
2017-06-14,9359909,84828197,7.455014,7.463171,7.357137,7.414232,-0.02447,2167
2017-06-15,4166919,37921703,7.414232,7.446858,7.381606,7.446858,0.032626,1135
2017-06-16,11325670,103012165,7.446858,7.446858,7.389763,7.438702,-0.008156,3754
2017-06-19,6692019,60643945,7.430545,7.438702,7.381606,7.389763,-0.048939,1621
2017-06-20,5656053,51330215,7.397919,7.414232,7.389763,7.406076,0.016313,1730
2017-06-21,9247312,84087162,7.406076,7.455014,7.389763,7.438702,0.032626,3124
2017-06-22,20970170,193705955,7.463171,7.609987,7.446858,7.577362,0.13866,3252
2017-06-23,15683018,146872561,7.6263,7.699709,7.593674,7.618144,0.040782,3274
2017-06-26,9781708,91088863,7.618144,7.618144,7.552892,7.601831,-0.016313,2234
2017-06-27,7386213,68682247,7.601831,7.601831,7.561049,7.593674,-0.008157,1794
2017-06-28,5528504,51117608,7.577362,7.585518,7.51211,7.552892,-0.040782,1761
2017-06-29,5040801,46735432,7.569205,7.601831,7.536579,7.544736,-0.008156,1087
2017-06-30,5650244,52151956,7.544736,7.552892,7.495797,7.528423,-0.016313,1592
2017-07-03,8787122,82114363,7.577362,7.667083,7.569205,7.65077,0.122347,2494
2017-07-04,6952536,64993483,7.65077,7.667083,7.593674,7.593674,-0.057096,1631
2017-07-05,5985644,55427376,7.569205,7.593674,7.503953,7.593674,0.0,1727
2017-07-06,3386722,31449167,7.618144,7.618144,7.552892,7.552892,-0.040782,1017
2017-07-07,5344953,49276434,7.544736,7.552892,7.503953,7.503953,-0.048939,1495
2017-07-10,5521763,51261360,7.585518,7.6263,7.536579,7.536579,0.032626,1416
2017-07-11,4493923,41575417,7.544736,7.569205,7.528423,7.561049,0.02447,1371
2017-07-12,10422021,96694352,7.561049,7.642613,7.503953,7.642613,0.081564,2321
2017-07-13,4742791,44153661,7.634457,7.634457,7.569205,7.577362,-0.065251,1374
2017-07-14,4294637,39764702,7.577362,7.601831,7.536579,7.536579,-0.040783,1176
2017-07-17,4624287,42831232,7.544736,7.593674,7.528423,7.536579,0.0,1178
2017-07-18,5821575,53944687,7.569205,7.593674,7.528423,7.536579,0.0,1603
2017-07-19,7166519,66462469,7.577362,7.585518,7.536579,7.569205,0.032626,2010
2017-07-20,3764592,34940513,7.585518,7.593674,7.552892,7.577362,0.008157,960
2017-07-21,2708145,25066346,7.577362,7.577362,7.536579,7.536579,-0.040783,715
2017-07-24,4902700,45223368,7.536579,7.536579,7.51211,7.536579,0.0,950
2017-07-25,5984331,55029600,7.536579,7.561049,7.471327,7.495797,-0.040782,1473
2017-07-26,5897993,54016941,7.495797,7.51211,7.438702,7.446858,-0.048939,1731
2017-07-27,4283995,39223823,7.455014,7.495797,7.446858,7.446858,0.0,1544
2017-07-28,5156087,47011708,7.446858,7.463171,7.422389,7.422389,-0.024469,1380
2017-07-31,6398787,58609969,7.422389,7.569205,7.406076,7.569205,0.146816,1418
2017-08-01,4533372,41422326,7.48764,7.48764,7.438702,7.438702,-0.130503,1533
2017-08-02,4981508,45488991,7.438702,7.48764,7.430545,7.471327,0.032625,945
2017-08-03,9394694,86835978,7.503953,7.561049,7.495797,7.552892,0.081565,2197
2017-08-04,13435347,125105599,7.569205,7.6263,7.552892,7.609987,0.057095,2535
2017-08-07,23547700,222881574,7.6263,7.781273,7.618144,7.740491,0.130504,4038
2017-08-08,12014292,113811289,7.773117,7.78943,7.667083,7.667083,-0.073408,2151
2017-08-09,13213686,122760229,7.65077,7.65077,7.51211,7.51211,-0.154973,2209
2017-08-10,5247539,48371320,7.51211,7.561049,7.503953,7.51211,0.0,1626
2017-08-11,5215989,48088878,7.503953,7.561049,7.503953,7.51211,0.0,1433
2017-08-14,13341362,124729730,7.528423,7.707865,7.51211,7.618144,0.106034,3072
2017-08-15,50535809,492347632,7.830212,8.034124,7.805743,7.944403,0.326259,9126
2017-08-16,57556033,579611767,8.009654,8.360383,7.960716,8.278818,0.334415,11035
2017-08-17,55250706,576970702,8.523512,8.645859,8.360383,8.564295,0.285477,8361
2017-08-18,137043291,1512043536,8.645859,9.379942,8.645859,9.135247,0.570952,19481
2017-08-21,84841987,979948996,9.339159,9.543071,9.216812,9.461506,0.326259,12816
2017-08-22,66717378,779961920,9.624636,9.746983,9.339159,9.583853,0.122347,11506
2017-08-23,86689051,1046340590,9.624636,10.073242,9.624636,10.032459,0.448606,12768
2017-08-24,51373839,623648718,10.032459,10.073242,9.787765,9.828548,-0.203911,8655
2017-08-25,50311441,601285466,9.7062,9.910112,9.502289,9.86933,0.040782,7457
2017-08-28,34008269,415433437,9.991677,10.032459,9.86933,9.991677,0.122347,6635
2017-08-29,41128951,498288083,9.991677,10.032459,9.665418,10.032459,0.040782,5652
2017-08-30,37436243,460619583,10.032459,10.154806,9.86933,10.032459,0.0,6219
2017-08-31,47544252,594394154,10.032459,10.440283,10.032459,10.440283,0.407824,8751
2017-09-01,58010595,749465041,10.603412,10.725759,10.317936,10.521848,0.081565,10395
2017-09-04,22354904,285580369,10.358718,10.56263,10.195589,10.3995,-0.122348,4408
2017-09-05,22425238,286742840,10.3995,10.603412,10.277153,10.603412,0.203912,4710
2017-09-06,29186747,369150877,10.440283,10.56263,10.114024,10.236371,-0.367041,4801
2017-09-07,34554404,425926263,10.195589,10.277153,9.950895,10.032459,-0.203912,5475
2017-09-08,53392184,687900979,10.236371,10.644195,10.236371,10.56263,0.530171,7507
2017-09-11,51833028,680962032,10.684977,10.929671,10.481065,10.848106,0.285476,8126
2017-09-12,21156812,275456619,10.684977,10.807324,10.521848,10.521848,-0.326258,3782
2017-09-13,21734168,272941294,10.440283,10.440283,10.114024,10.195589,-0.326259,3892
2017-09-14,30351364,392253329,10.277153,10.684977,10.277153,10.481065,0.285476,4683
2017-09-15,14776319,185904081,10.3995,10.440283,10.195589,10.195589,-0.285476,2643
2017-09-18,22405770,273208352,10.114024,10.154806,9.787765,9.910112,-0.285477,4898
2017-09-19,19249209,238598643,10.032459,10.277153,9.991677,10.073242,0.16313,3575
2017-09-20,11766264,143290263,10.195589,10.195589,9.787765,9.86933,-0.203912,2786
2017-09-21,16896858,205421320,9.86933,10.073242,9.828548,9.86933,0.0,3718
2017-09-22,41802747,489524959,9.86933,9.910112,9.420724,9.461506,-0.407824,6266
2017-09-25,44488438,504844533,9.583853,9.665418,9.053683,9.543071,0.081565,7344
2017-09-26,19320624,221796372,9.461506,9.502289,9.257595,9.257595,-0.285476,4217
2017-09-27,12503318,142612037,9.257595,9.379942,9.216812,9.257595,0.0,2460
2017-09-28,10106515,115358663,9.257595,9.379942,9.257595,9.257595,0.0,1707
2017-09-29,9688927,110307708,9.257595,9.339159,9.216812,9.339159,0.081564,2070
2017-09-30,15714507,175533096,9.17603,9.216812,8.931336,9.216812,-0.122347,3103
2017-10-02,11050912,126414091,9.216812,9.461506,9.135247,9.339159,0.122347,3002
2017-10-03,13610099,154108851,9.339159,9.379942,9.135247,9.135247,-0.203912,2817
2017-10-05,15838642,181635226,9.135247,9.502289,9.135247,9.461506,0.326259,3284
2017-10-06,14505388,167291557,9.420724,9.502289,9.298377,9.379942,-0.081564,3375
2017-10-11,20042412,233314831,9.420724,9.543071,9.379942,9.461506,0.081564,4739
2017-10-12,27884562,316708708,9.461506,9.502289,9.094465,9.339159,-0.122347,5108
2017-10-13,13552766,154638075,9.257595,9.420724,9.216812,9.379942,0.040783,3040
2017-10-16,23964407,277705992,9.379942,9.624636,9.257595,9.624636,0.244694,5731
2017-10-17,18554695,213956081,9.543071,9.543071,9.298377,9.420724,-0.203912,2781
2017-10-18,15982307,182472204,9.461506,9.502289,9.216812,9.216812,-0.203912,3802
2017-10-19,11618013,131137082,9.216812,9.298377,9.094465,9.257595,0.040783,2200
2017-10-20,29796102,335522791,9.257595,9.257595,9.135247,9.17603,-0.081565,2330
2017-10-23,18591831,214098587,9.216812,9.502289,9.216812,9.502289,0.326259,2904
2017-10-24,42831927,517403679,9.583853,10.073242,9.502289,9.950895,0.448606,6691
2017-10-25,19658247,241791151,10.114024,10.154806,9.910112,10.032459,0.081564,3524
2017-10-26,29468938,363877922,10.114024,10.195589,9.950895,10.073242,0.040783,4618
2017-10-27,12576369,154408049,10.154806,10.154806,9.86933,9.950895,-0.122347,3424
2017-10-30,10346068,126589815,10.032459,10.073242,9.910112,10.032459,0.081564,1981
2017-10-31,8482945,104173415,9.991677,10.073242,9.950895,10.032459,0.0,1956
2017-11-01,7029338,86050279,10.073242,10.114024,9.910112,9.910112,-0.122347,1940
2017-11-02,10760612,129873966,9.910112,10.032459,9.7062,9.7062,-0.203912,2160
2017-11-03,10300811,124304860,9.787765,9.910112,9.7062,9.910112,0.203912,2032
2017-11-06,13391196,158992196,9.828548,9.910112,9.583853,9.624636,-0.285476,2988
2017-11-07,48927037,549954305,9.339159,9.339159,9.094465,9.216812,-0.407824,10442
2017-11-08,22131406,246297942,9.216812,9.257595,8.972118,9.053683,-0.163129,7407
2017-11-09,20695242,229419062,9.094465,9.17603,8.931336,8.972118,-0.081565,6244
2017-11-10,18624980,208701919,9.094465,9.216812,9.094465,9.17603,0.203912,5314
2017-11-13,14744098,166251446,9.257595,9.339159,9.135247,9.216812,0.040782,2764
2017-11-14,12970480,146011670,9.257595,9.257595,9.135247,9.216812,0.0,3547
2017-11-15,13723269,153235771,9.216812,9.257595,9.053683,9.053683,-0.163129,4016
2017-11-16,30203978,333852495,9.053683,9.17603,8.931336,8.931336,-0.122347,7337
2017-11-17,18923443,212045698,9.053683,9.257595,9.0129,9.216812,0.285476,2931
2017-11-20,13638540,153131134,9.216812,9.257595,9.053683,9.135247,-0.081565,3310
2017-11-21,24544121,280947408,9.257595,9.461506,9.257595,9.339159,0.203912,5142
2017-11-22,16494043,188944973,9.379942,9.420724,9.257595,9.298377,-0.040782,3167
2017-11-23,8149910,92841069,9.298377,9.339159,9.257595,9.298377,0.0,1882
2017-11-24,10703183,122450718,9.339159,9.379942,9.298377,9.339159,0.040782,2424
2017-11-27,9419322,107351131,9.379942,9.379942,9.257595,9.257595,-0.081564,2167
2017-11-28,20373174,233715572,9.216812,9.461506,9.216812,9.379942,0.122347,3185
2017-11-29,10290345,118128222,9.461506,9.461506,9.298377,9.339159,-0.040783,2445
2017-11-30,27960073,323098227,9.339159,9.461506,9.298377,9.420724,0.081565,2960
2017-12-01,33121554,390973375,9.461506,9.86933,9.379942,9.787765,0.367041,5896
2017-12-04,30682391,372373815,9.86933,9.950895,9.787765,9.910112,0.122347,6924
2017-12-05,20997978,250850205,9.787765,9.828548,9.624636,9.828548,-0.081564,3765
2017-12-06,16007923,189092438,9.7062,9.787765,9.502289,9.624636,-0.203912,3181
2017-12-07,12994991,151956989,9.624636,9.7062,9.379942,9.543071,-0.081565,2403
2017-12-08,12804845,150847326,9.624636,9.665418,9.543071,9.624636,0.081565,2595
2017-12-11,15484398,185681826,9.7062,9.828548,9.665418,9.828548,0.203912,4612
2017-12-12,12032554,144298648,9.86933,9.86933,9.7062,9.828548,0.0,3205
2017-12-13,11092183,133684215,9.828548,9.910112,9.746983,9.746983,-0.081565,2882
2017-12-14,14625610,177569210,9.828548,9.950895,9.787765,9.950895,0.203912,3255
2017-12-15,20241960,248412752,9.950895,10.114024,9.950895,9.991677,0.040782,3743
2017-12-18,7353768,89365684,10.032459,10.032459,9.828548,9.950895,-0.040782,2090
2017-12-19,8506845,102788213,9.991677,9.991677,9.787765,9.910112,-0.040783,1741
2017-12-20,6062108,73276046,9.910112,9.910112,9.787765,9.86933,-0.040782,1857
2017-12-21,6179673,74856926,9.828548,9.910112,9.828548,9.86933,0.0,1943
2017-12-22,4774036,57814171,9.86933,9.910112,9.828548,9.910112,0.040782,1195
2017-12-25,10648381,126744686,9.950895,9.950895,9.583853,9.624636,-0.285476,1939
2017-12-26,13510430,155273839,9.624636,9.624636,9.298377,9.379942,-0.244694,2834
2017-12-27,7719713,89059403,9.379942,9.502289,9.298377,9.379942,0.0,1615
2017-12-28,10072258,116722671,9.420724,9.543071,9.379942,9.502289,0.122347,2107
2017-12-29,4838716,56567380,9.543071,9.624636,9.461506,9.502289,0.0,1269
2018-01-02,27179487,325679253,9.502289,9.950895,9.502289,9.787765,0.285476,3520
2018-01-03,12653590,153043080,9.86933,9.950895,9.787765,9.86933,0.081565,3310
2018-01-04,29695822,363873339,9.910112,10.114024,9.787765,10.114024,0.244694,7034
2018-01-05,16918423,210696124,10.195589,10.195589,10.073242,10.195589,0.081565,3986
2018-01-08,9654253,119019528,10.195589,10.195589,9.950895,9.991677,-0.203912,2688
2018-01-09,27954331,349504974,10.073242,10.277153,10.032459,10.277153,0.285476,4708
2018-01-10,18446298,231718462,10.277153,10.358718,10.114024,10.236371,-0.040782,3534
2018-01-11,23287699,296340136,10.277153,10.440283,10.236371,10.358718,0.122347,4873
2018-01-12,13757220,175928017,10.481065,10.521848,10.317936,10.3995,0.040782,3234
2018-01-15,11311633,142070065,10.440283,10.440283,10.195589,10.195589,-0.203911,2220
2018-01-16,8726896,108760842,10.195589,10.236371,10.032459,10.236371,0.040782,2119
2018-01-17,13014633,164429019,10.236371,10.358718,10.154806,10.317936,0.081565,3284
2018-01-18,10903696,137869068,10.358718,10.3995,10.236371,10.317936,0.0,2675
2018-01-19,9187326,115819917,10.317936,10.358718,10.195589,10.277153,-0.040783,1831
2018-01-22,15148043,187036061,10.277153,10.317936,9.910112,9.991677,-0.285476,3131
2018-01-23,8812297,108419270,9.991677,10.114024,9.950895,10.073242,0.081565,2120
2018-01-24,10256317,126976410,10.073242,10.195589,9.950895,10.195589,0.122347,2135
2018-01-25,15500768,194246862,10.236371,10.317936,10.154806,10.195589,0.0,2555
2018-01-26,8829363,108443074,10.195589,10.195589,9.950895,10.032459,-0.16313,2125
2018-01-29,7134875,86811673,10.073242,10.073242,9.86933,9.86933,-0.163129,1537
2018-01-30,9308472,113354171,9.86933,10.032459,9.86933,9.991677,0.122347,1966
2018-01-31,11291996,136883192,9.991677,9.991677,9.828548,9.86933,-0.122347,2096
2018-02-01,12622315,154873432,9.910112,10.073242,9.910112,9.991677,0.122347,2417
2018-02-02,6175547,75179212,9.950895,10.032459,9.86933,9.910112,-0.081565,1580
2018-02-05,8555395,101730674,9.624636,9.787765,9.624636,9.7062,-0.203912,2038
2018-02-06,23043463,260499723,9.298377,9.461506,9.094465,9.298377,-0.407823,5512
2018-02-07,13227933,154183914,9.543071,9.624636,9.379942,9.543071,0.244694,3177
2018-02-08,8831697,102839280,9.543071,9.624636,9.420724,9.502289,-0.040782,2502
2018-02-09,14312753,159892618,8.972118,9.257595,8.972118,9.17603,-0.326259,3185
2018-02-12,10135381,114283661,9.17603,9.257595,9.135247,9.216812,0.040782,2449
2018-02-21,11068661,125695187,9.339159,9.379942,9.216812,9.298377,0.081565,4071
2018-02-22,8236908,92960058,9.298377,9.298377,9.135247,9.216812,-0.081565,3323
2018-02-23,8986766,102360395,9.257595,9.379942,9.216812,9.257595,0.040783,4063
2018-02-26,7334483,84659070,9.339159,9.543071,9.298377,9.502289,0.244694,2508
2018-02-27,10598453,122708007,9.502289,9.543071,9.379942,9.379942,-0.122347,2384
2018-03-01,13704051,154909161,9.257595,9.298377,9.17603,9.216812,-0.16313,3635
2018-03-02,11265475,126170315,9.135247,9.216812,9.053683,9.17603,-0.040782,2722
2018-03-05,11026372,122729742,9.135247,9.216812,9.0129,9.0129,-0.16313,2818
2018-03-06,8448096,93837155,9.053683,9.135247,9.0129,9.053683,0.040783,1989
2018-03-07,6739642,74666436,9.0129,9.094465,9.0129,9.0129,-0.040783,1910
2018-03-08,7786771,86119281,9.0129,9.094465,8.972118,9.0129,0.0,2200
2018-03-09,9389377,104968409,9.053683,9.216812,9.053683,9.053683,0.040783,1964
2018-03-12,4916150,54920402,9.094465,9.135247,9.053683,9.135247,0.081564,1608
2018-03-13,7035247,79182808,9.135247,9.216812,9.135247,9.17603,0.040783,2360
2018-03-14,5445006,61112410,9.17603,9.216812,9.094465,9.17603,0.0,1186
2018-03-15,8414498,94667687,9.216812,9.298377,9.094465,9.094465,-0.081565,2400
2018-03-16,9651390,108077513,9.135247,9.17603,9.094465,9.135247,0.040782,2005
2018-03-19,9315991,103957901,9.135247,9.17603,9.053683,9.053683,-0.081564,1907
2018-03-20,25569333,281172313,9.053683,9.094465,8.931336,8.972118,-0.081565,4128
2018-03-21,5111183,56458542,9.0129,9.053683,8.972118,8.972118,0.0,1653
2018-03-22,5549518,61199086,8.972118,9.053683,8.972118,8.972118,0.0,1547
2018-03-23,15579932,167669611,8.727424,8.849771,8.727424,8.768206,-0.203912,3676
2018-03-26,10820206,115398023,8.727424,8.808989,8.605077,8.645859,-0.122347,2285
2018-03-27,6425453,69002386,8.768206,8.808989,8.727424,8.768206,0.122347,2101
2018-03-28,2945047,31556695,8.768206,8.768206,8.686642,8.727424,-0.040782,754
2018-03-29,6168860,65586006,8.727424,8.727424,8.645859,8.686642,-0.040782,2163
2018-03-30,6051960,64452563,8.686642,8.727424,8.645859,8.686642,0.0,1473
2018-03-31,4541882,48836379,8.727424,8.808989,8.686642,8.808989,0.122347,1087
2018-04-02,2980257,32140240,8.808989,8.849771,8.727424,8.768206,-0.040783,1227
2018-04-03,7686000,81285184,8.645859,8.686642,8.605077,8.605077,-0.163129,2633
2018-04-09,6691289,71575216,8.645859,8.808989,8.645859,8.768206,0.163129,2186
2018-04-10,8374843,89018829,8.686642,8.768206,8.605077,8.645859,-0.122347,2265
2018-04-11,9334867,98994747,8.727424,8.727424,8.564295,8.564295,-0.081564,2446
2018-04-12,6909306,73258568,8.645859,8.686642,8.605077,8.686642,0.122347,2013
2018-04-13,6826900,72468196,8.686642,8.727424,8.605077,8.605077,-0.081565,1687
2018-04-16,4164781,43978448,8.605077,8.686642,8.564295,8.605077,0.0,1172
2018-04-17,7897856,82747388,8.645859,8.645859,8.48273,8.523512,-0.081565,2342
2018-04-18,5280982,55358706,8.523512,8.605077,8.523512,8.523512,0.0,1113
2018-04-19,5957226,62545854,8.523512,8.605077,8.523512,8.564295,0.040783,1470
2018-04-20,7995157,83404333,8.564295,8.605077,8.48273,8.564295,0.0,2283
2018-04-23,8047419,83233811,8.523512,8.564295,8.360383,8.401165,-0.16313,2189
2018-04-24,10552651,109099100,8.401165,8.523512,8.360383,8.48273,0.081565,1786
2018-04-25,6469011,67207259,8.48273,8.523512,8.401165,8.48273,0.0,1398
2018-04-26,8727342,91063565,8.48273,8.564295,8.441947,8.48273,0.0,2110
2018-04-27,6515095,67779927,8.523512,8.523512,8.441947,8.523512,0.040782,1497
2018-04-30,14110490,151361008,8.564295,8.849771,8.523512,8.849771,0.326259,2146
2018-05-02,10433680,110340432,8.808989,8.808989,8.523512,8.564295,-0.285476,2602
2018-05-03,5584609,58123794,8.523512,8.564295,8.441947,8.441947,-0.122348,1691
2018-05-04,4207152,43648015,8.401165,8.523512,8.401165,8.441947,0.0,1375
2018-05-07,5121921,52938781,8.441947,8.48273,8.401165,8.401165,-0.040782,1290
2018-05-08,5059078,52044341,8.401165,8.48273,8.360383,8.401165,0.0,1361
2018-05-09,9944788,102082918,8.401165,8.441947,8.3196,8.441947,0.040782,1797
2018-05-10,9810562,100584025,8.401165,8.441947,8.3196,8.3196,-0.122347,1971
2018-05-11,6768841,69260725,8.360383,8.401165,8.3196,8.3196,0.0,1136
2018-05-14,5981359,61074083,8.360383,8.401165,8.278818,8.3196,0.0,1382
2018-05-15,8790760,88975350,8.3196,8.3196,8.197253,8.197253,-0.122347,2193
2018-05-16,4892571,49221876,8.197253,8.238036,8.156471,8.197253,0.0,1223
2018-05-17,6586207,66163870,8.197253,8.238036,8.156471,8.156471,-0.040782,2077
2018-05-18,5449644,54696590,8.156471,8.238036,8.156471,8.156471,0.0,1269
2018-05-21,6741112,67535709,8.156471,8.197253,8.156471,8.156471,0.0,1628
2018-05-22,11418654,114926342,8.156471,8.3196,8.156471,8.156471,0.0,1837
2018-05-23,5894856,59126160,8.197253,8.238036,8.156471,8.156471,0.0,1559
2018-05-24,6443035,64505150,8.197253,8.197253,8.156471,8.156471,0.0,2174
2018-05-25,6161511,61690660,8.156471,8.197253,8.156471,8.156471,0.0,1989
2018-05-28,10465760,106135717,8.197253,8.360383,8.197253,8.3196,0.163129,1771
2018-05-29,4025610,40862998,8.3196,8.3196,8.238036,8.278818,-0.040782,1346
2018-05-30,13174477,132438970,8.278818,8.278818,8.156471,8.197253,-0.081565,3563
2018-05-31,11059368,111696388,8.238036,8.278818,8.156471,8.278818,0.081565,1809
2018-06-01,5544171,55782159,8.197253,8.238036,8.197253,8.197253,-0.081565,1700
2018-06-04,5388875,54199781,8.197253,8.238036,8.197253,8.197253,0.0,1862
2018-06-05,8190627,82886558,8.197253,8.3196,8.197253,8.278818,0.081565,1467
2018-06-06,5755212,58418933,8.278818,8.3196,8.238036,8.278818,0.0,1617
2018-06-07,9768806,100672537,8.3196,8.48273,8.3196,8.441947,0.163129,2307
2018-06-08,9315814,94929904,8.441947,8.441947,8.238036,8.278818,-0.163129,2106
2018-06-11,5655103,57252729,8.278818,8.3196,8.238036,8.238036,-0.040782,1512
2018-06-12,4841428,48806887,8.238036,8.278818,8.197253,8.238036,0.0,1329
2018-06-13,4140636,41776428,8.238036,8.278818,8.197253,8.197253,-0.040783,1481
2018-06-14,10674028,107266330,8.197253,8.238036,8.156471,8.156471,-0.040782,3183
2018-06-15,8619361,87059288,8.197253,8.278818,8.156471,8.278818,0.122347,1454
2018-06-19,10410079,104358940,8.197253,8.238036,8.156471,8.156471,-0.122347,3074
2018-06-20,18887917,186610047,8.156471,8.197253,8.001498,8.050437,-0.106034,6127
2018-06-21,5431162,53888278,8.04228,8.156471,8.017811,8.115689,0.065252,1785
2018-06-22,9605514,94634571,8.132002,8.132002,8.009654,8.034124,-0.081565,2335
2018-06-25,5017270,49479933,8.034124,8.099376,8.017811,8.034124,0.0,1713
2018-06-26,10012072,97162689,8.009654,8.034124,7.838369,7.887307,-0.146817,2973
2018-06-27,11665491,112070809,7.887307,7.919933,7.773117,7.797586,-0.089721,3476
2018-06-28,13495540,127678068,7.78943,7.78943,7.691552,7.691552,-0.106034,3019
2018-06-29,5799013,55173333,7.699709,7.846525,7.667083,7.76496,0.073408,1622
2018-07-02,7072251,66960359,7.76496,7.773117,7.683396,7.699709,-0.065251,1984
2018-07-03,14966161,139935183,7.691552,7.699709,7.585518,7.585518,-0.114191,4198
2018-07-04,4318795,40475030,7.667083,7.667083,7.609987,7.642613,0.057095,1498
2018-07-05,4732692,44432204,7.667083,7.691552,7.6263,7.642613,0.0,1944
2018-07-06,6367880,59388178,7.642613,7.667083,7.585518,7.593674,-0.048939,2130
2018-07-09,5126640,47961262,7.585518,7.683396,7.585518,7.675239,0.081565,1668
2018-07-10,8183686,77004570,7.707865,7.724178,7.6263,7.675239,0.0,1881
2018-07-11,6910491,65031484,7.658926,7.716022,7.618144,7.691552,0.016313,1937
2018-07-12,5564430,52503349,7.667083,7.716022,7.658926,7.707865,0.016313,1691
2018-07-13,11700243,111527712,7.748647,7.862838,7.707865,7.862838,0.154973,2544
2018-07-16,6745898,64207859,7.846525,7.846525,7.724178,7.748647,-0.114191,1810
2018-07-17,11871121,113049256,7.748647,7.805743,7.732334,7.76496,0.016313,2565
2018-07-18,10422547,100065643,7.805743,7.862838,7.76496,7.830212,0.065252,2770
2018-07-19,9026928,88016531,7.887307,7.993342,7.870994,7.960716,0.130504,2408
2018-07-20,11834007,116652864,7.985185,8.107532,7.960716,8.025967,0.065251,2505
2018-07-23,9674945,95409026,8.091219,8.107532,7.993342,7.993342,-0.032625,1966
2018-07-24,5370454,52657505,7.993342,8.025967,7.977029,7.993342,0.0,1736
2018-07-25,4877513,47903721,8.001498,8.034124,7.993342,8.001498,0.008156,1983
2018-07-26,5402345,53362385,8.074906,8.083063,8.034124,8.050437,0.048939,1484
2018-07-27,6347617,62844978,8.058593,8.091219,8.058593,8.074906,0.024469,1823
2018-07-30,5708313,56101969,8.074906,8.074906,7.985185,7.985185,-0.089721,1721
2018-07-31,7638401,75019941,7.985185,8.06675,7.952559,8.06675,0.081565,2146
2018-08-01,4335897,42924333,8.074906,8.099376,7.993342,8.099376,0.032626,1376
2018-08-02,3857873,38032897,8.099376,8.115689,7.985185,7.985185,-0.114191,1374
2018-08-03,7264376,71080449,8.04228,8.050437,7.936246,7.968872,-0.016313,2061
2018-08-06,7515928,73436316,7.977029,8.001498,7.944403,7.952559,-0.016313,1546
2018-08-07,12896122,124969719,7.919933,7.977029,7.846525,7.977029,0.02447,3611
2018-08-08,10466882,100556948,7.977029,8.093847,7.977029,8.093847,0.116818,2267
2018-08-09,18367927,174538646,8.085503,8.085503,7.876899,7.876899,-0.216948,4037
2018-08-10,21423568,201856148,7.943652,7.951996,7.810145,7.843522,-0.033377,4560
2018-08-13,29685202,274443614,7.910275,7.910275,7.601541,7.693327,-0.150195,5809
2018-08-14,17008312,156533045,7.693327,7.743392,7.634918,7.668294,-0.025033,3895
2018-08-15,13047798,119788480,7.676638,7.718359,7.634918,7.634918,-0.033376,3072
2018-08-16,8105173,74103904,7.634918,7.651606,7.601541,7.626573,-0.008345,2042
2018-08-17,10495535,96126743,7.668294,7.701671,7.609885,7.609885,-0.016688,2779
2018-08-20,7617299,69588825,7.626573,7.65995,7.609885,7.618229,0.008344,2052
2018-08-21,9314259,85998681,7.626573,7.751736,7.626573,7.751736,0.133507,2472
2018-08-22,12650200,118995962,7.751736,7.943652,7.718359,7.876899,0.125163,2675
2018-08-23,12877108,120816375,7.876899,7.935308,7.76008,7.851866,-0.025033,2893
2018-08-24,8267338,77610222,7.826833,7.86021,7.776768,7.851866,0.0,1938
2018-08-27,5936046,55828475,7.876899,7.885243,7.818489,7.843522,-0.008344,1582
2018-08-28,12049405,113619565,7.851866,7.910275,7.818489,7.868554,0.025032,2491
2018-08-29,9891729,92980305,7.851866,7.893587,7.810145,7.835178,-0.033376,3045
2018-08-30,6946196,64981435,7.835178,7.86021,7.768424,7.793457,-0.041721,1729
2018-08-31,14192468,132874987,7.818489,7.851866,7.76008,7.851866,0.058409,2469
2018-09-03,3440477,32223602,7.835178,7.843522,7.793457,7.793457,-0.058409,1089
2018-09-04,9211655,87277082,7.801801,7.96034,7.801801,7.876899,0.083442,1957
2018-09-05,7361583,69338185,7.851866,7.918619,7.818489,7.843522,-0.033377,2146
2018-09-06,8727130,81472595,7.810145,7.851866,7.76008,7.851866,0.008344,2949
2018-09-07,14886270,137895774,7.810145,7.810145,7.676638,7.718359,-0.133507,4234
2018-09-10,12227012,112163668,7.710015,7.710015,7.634918,7.643262,-0.075097,5077
2018-09-11,11207256,102887683,7.643262,7.726703,7.618229,7.65995,0.016688,4215
2018-09-12,9879226,90523117,7.65995,7.693327,7.618229,7.684983,0.025033,2214
2018-09-13,6852681,62993571,7.701671,7.701671,7.651606,7.668294,-0.016689,1652
2018-09-14,5275491,48737196,7.743392,7.743392,7.684983,7.735048,0.066754,2609
2018-09-17,3545903,32720737,7.735048,7.735048,7.684983,7.684983,-0.050065,1525
2018-09-18,4893676,45271538,7.684983,7.751736,7.684983,7.701671,0.016688,1412
2018-09-19,6175004,57466428,7.735048,7.801801,7.726703,7.735048,0.033377,2248
2018-09-20,5171574,48082467,7.768424,7.785113,7.743392,7.743392,0.008344,1539
2018-09-21,8922586,83038730,7.768424,7.793457,7.726703,7.776768,0.033376,2043
2018-09-25,6498393,60520608,7.76008,7.818489,7.726703,7.751736,-0.025032,1730
2018-09-26,10062053,93424501,7.751736,7.785113,7.726703,7.726703,-0.025033,1607
2018-09-27,6689804,62000564,7.726703,7.751736,7.710015,7.735048,0.008345,1991
2018-09-28,12201478,112656813,7.726703,7.743392,7.676638,7.718359,-0.016689,2211
2018-10-01,6587624,61293508,7.718359,7.801801,7.718359,7.801801,0.083442,1688
2018-10-02,6432393,60030076,7.801801,7.843522,7.735048,7.843522,0.041721,1775
2018-10-03,22535185,214052502,7.835178,7.968684,7.826833,7.885243,0.041721,4284
2018-10-04,11678460,109056357,7.926964,7.926964,7.743392,7.743392,-0.141851,3478
2018-10-05,10887031,101201332,7.76008,7.843522,7.643262,7.843522,0.10013,2407
2018-10-08,16687530,157284463,7.810145,7.935308,7.76008,7.76008,-0.083442,2722
2018-10-09,11851257,110968133,7.76008,7.843522,7.726703,7.843522,0.083442,6327
2018-10-11,29240420,264439874,7.593197,7.643262,7.493067,7.493067,-0.350455,6681
2018-10-12,11460540,104006062,7.493067,7.634918,7.484722,7.568164,0.075097,3010
2018-10-15,9930896,89637072,7.568164,7.568164,7.509755,7.518099,-0.050065,2806
2018-10-16,9608328,86719727,7.526443,7.576508,7.509755,7.543132,0.025033,2970
2018-10-17,5632630,50957100,7.55982,7.576508,7.526443,7.568164,0.025032,2106
2018-10-18,7012617,63871318,7.584853,7.651606,7.568164,7.568164,0.0,1601
2018-10-19,9298820,84504675,7.551476,7.618229,7.526443,7.593197,0.025033,1156
2018-10-22,4542074,41615402,7.593197,7.701671,7.568164,7.651606,0.058409,1149
2018-10-23,3638931,33225765,7.609885,7.651606,7.601541,7.609885,-0.041721,965
2018-10-24,7834284,72113522,7.609885,7.751736,7.593197,7.676638,0.066753,3083
2018-10-25,4855140,44259299,7.626573,7.643262,7.576508,7.609885,-0.066753,1647
2018-10-26,10452558,94538556,7.609885,7.643262,7.509755,7.543132,-0.066753,2396
2018-10-29,4197782,38125043,7.543132,7.618229,7.534787,7.568164,0.025032,1109
2018-10-30,2546858,23174266,7.618229,7.618229,7.551476,7.618229,0.050065,625
2018-10-31,6609345,60444711,7.593197,7.643262,7.593197,7.643262,0.025033,1763
2018-11-01,5918313,54520120,7.735048,7.735048,7.643262,7.668294,0.025032,1351
2018-11-02,13844875,129407151,7.718359,7.885243,7.693327,7.835178,0.166884,2208
2018-11-05,19030839,181402177,7.876899,8.027094,7.835178,7.985373,0.150195,3481
2018-11-06,9205971,88277225,8.018749,8.077159,7.935308,8.010405,0.025032,2105
2018-11-07,9670995,93189662,8.027094,8.077159,7.977029,8.052126,0.041721,2454
2018-11-08,21966904,214956331,8.085503,8.269075,8.027094,8.252386,0.20026,4532
2018-11-09,12473073,120569089,8.177289,8.202321,8.002061,8.052126,-0.20026,3034
2018-11-12,19610265,194538495,8.135568,8.31914,8.11888,8.294107,0.241981,4139
2018-11-13,10747927,105901497,8.210665,8.302451,8.110535,8.302451,0.008344,2769
2018-11-14,22842608,232172030,8.385893,8.552776,8.385893,8.511056,0.208605,5244
2018-11-15,10933176,111345938,8.594497,8.594497,8.427614,8.552776,0.04172,2765
2018-11-16,8434180,86272325,8.594497,8.636218,8.469335,8.511056,-0.04172,1734
2018-11-19,11032896,113679629,8.594497,8.677939,8.552776,8.594497,0.083441,2091
2018-11-20,9421166,95926321,8.552776,8.552776,8.427614,8.469335,-0.125162,1619
2018-11-21,9939788,101257430,8.469335,8.552776,8.427614,8.552776,0.083441,1572
2018-11-22,7004694,71009700,8.552776,8.594497,8.427614,8.469335,-0.083441,1843
2018-11-23,7216560,72748100,8.427614,8.511056,8.344172,8.385893,-0.083442,2427
2018-11-26,19909639,206003224,8.71966,8.803102,8.469335,8.552776,0.166883,3549
2018-11-27,10065158,103134614,8.552776,8.594497,8.469335,8.594497,0.041721,2180
2018-11-28,71942733,775307388,8.677939,9.136869,8.677939,9.136869,0.542372,10546
2018-11-29,45945767,513625834,9.345473,9.428915,9.178589,9.345473,0.208604,8812
2018-11-30,22027245,243878345,9.303752,9.428915,9.136869,9.178589,-0.166884,3912
2018-12-03,26504516,291623860,9.387194,9.470635,9.011706,9.095148,-0.083441,4521
2018-12-04,27297845,293787733,9.053427,9.136869,8.844822,8.969985,-0.125163,6027
2018-12-05,10429591,111701571,8.886543,9.053427,8.844822,8.969985,0.0,2299
2018-12-06,21524233,225349591,8.969985,8.969985,8.594497,8.761381,-0.208604,3440
2018-12-07,12651297,135260713,8.886543,9.053427,8.844822,9.011706,0.250325,2484
2018-12-10,12983636,136476225,8.886543,8.928264,8.677939,8.761381,-0.250325,2195
2018-12-11,12326735,129008075,8.761381,8.844822,8.677939,8.71966,-0.041721,2031
2018-12-12,7893999,83143135,8.761381,8.844822,8.71966,8.803102,0.083442,2206
2018-12-13,7896091,84300751,8.844822,8.928264,8.844822,8.928264,0.125162,2186
2018-12-14,9748545,104166809,8.886543,9.011706,8.803102,8.886543,-0.041721,2851
2018-12-17,24379110,267396587,8.928264,9.22031,8.928264,9.178589,0.292046,4527
2018-12-18,20868730,229945753,9.178589,9.345473,9.053427,9.136869,-0.04172,3968
2018-12-19,29508862,330119416,9.387194,9.428915,9.262031,9.303752,0.166883,5487
2018-12-20,10034053,111384333,9.262031,9.345473,9.136869,9.22031,-0.083442,2134
2018-12-21,15163301,167410561,9.178589,9.262031,9.095148,9.22031,0.0,2878
2018-12-22,2345041,25922795,9.262031,9.262031,9.178589,9.22031,0.0,638
2018-12-24,4943395,54720304,9.262031,9.262031,9.178589,9.22031,0.0,1512
2018-12-25,6594237,72200900,9.262031,9.262031,9.053427,9.095148,-0.125162,1535
2018-12-26,3823565,41680297,9.095148,9.136869,9.053427,9.095148,0.0,910
2018-12-27,6658261,72618457,9.136869,9.178589,9.011706,9.095148,0.0,1512
2018-12-28,5858746,64025700,9.095148,9.178589,9.011706,9.178589,0.083441,1644
2019-01-02,4924368,53732930,9.178589,9.178589,9.053427,9.136869,-0.04172,1407
2019-01-03,6410851,70036895,9.136869,9.178589,9.053427,9.136869,0.0,1147
2019-01-04,7731340,83831001,9.011706,9.136869,8.969985,9.011706,-0.125163,1481
2019-01-07,12577888,138351718,9.095148,9.22031,9.053427,9.22031,0.208604,2973
2019-01-08,20414708,228656021,9.262031,9.387194,9.262031,9.345473,0.125163,5686
2019-01-09,9502681,106164284,9.345473,9.387194,9.262031,9.303752,-0.041721,2730
2019-01-10,10726516,117885626,9.262031,9.262031,9.095148,9.136869,-0.166883,2101
2019-01-11,13715321,148061829,9.136869,9.178589,8.761381,8.928264,-0.208605,3124
2019-01-14,3724816,40052708,8.928264,9.011706,8.928264,8.928264,0.0,1328
2019-01-15,13236547,145789567,9.011706,9.262031,8.969985,9.262031,0.333767,2609
2019-01-16,5634233,62044735,9.262031,9.262031,9.136869,9.178589,-0.083442,1897
2019-01-17,5782308,63261175,9.22031,9.22031,9.053427,9.136869,-0.04172,2516
2019-01-18,4035372,44165276,9.178589,9.178589,9.053427,9.178589,0.04172,2158
2019-01-21,8435220,91634510,9.178589,9.178589,9.011706,9.095148,-0.083441,1862
2019-01-22,14457388,154593297,9.053427,9.053427,8.844822,8.886543,-0.208605,4430
2019-01-23,13481317,141462331,8.844822,8.886543,8.677939,8.761381,-0.125162,5156
2019-01-24,7332353,78070004,8.844822,8.928264,8.844822,8.928264,0.166883,2677
2019-01-25,6118167,65398403,8.928264,8.969985,8.844822,8.928264,0.0,1823
2019-01-28,12911364,135544635,8.803102,8.844822,8.677939,8.71966,-0.208604,2400
2019-01-29,6888677,72556341,8.71966,8.886543,8.71966,8.844822,0.125162,1992
2019-01-30,5867759,61967797,8.844822,8.886543,8.761381,8.803102,-0.04172,1881
2019-02-11,51315030,517400099,8.302451,8.594497,8.277419,8.511056,-0.292046,11029
2019-02-12,26854898,272244594,8.469335,8.552776,8.385893,8.511056,0.0,4768
2019-02-13,29675997,304212049,8.511056,8.636218,8.469335,8.511056,0.0,5617
2019-02-14,22958467,233918965,8.511056,8.552776,8.469335,8.469335,-0.041721,4523
2019-02-15,20266508,206959720,8.552776,8.636218,8.427614,8.427614,-0.041721,4265
2019-02-18,16134741,161937310,8.469335,8.511056,8.344172,8.344172,-0.083442,3882
2019-02-19,9522679,95356330,8.344172,8.385893,8.335828,8.344172,0.0,2232
2019-02-20,16923811,169167149,8.344172,8.385893,8.327484,8.327484,-0.016688,3328
2019-02-21,13839956,139020441,8.344172,8.469335,8.344172,8.427614,0.10013,2499
2019-02-22,9903094,100061085,8.427614,8.469335,8.385893,8.427614,0.0,2169
2019-02-25,10408878,105425802,8.427614,8.511056,8.385893,8.469335,0.041721,1564
2019-02-26,12420651,126343898,8.511056,8.511056,8.427614,8.511056,0.041721,2463
2019-02-27,15947530,162181423,8.469335,8.552776,8.427614,8.469335,-0.041721,2690
2019-03-04,13363746,136151005,8.511056,8.552776,8.427614,8.469335,0.0,2815
2019-03-05,6169221,62653722,8.511056,8.552776,8.427614,8.427614,-0.041721,1205
2019-03-06,9200375,92609750,8.427614,8.469335,8.344172,8.385893,-0.041721,1608
2019-03-07,7060902,70737820,8.385893,8.427614,8.344172,8.344172,-0.041721,1460
2019-03-08,5565593,55759280,8.344172,8.385893,8.344172,8.344172,0.0,1661
2019-03-11,9741725,97107468,8.344172,8.385893,8.285763,8.285763,-0.058409,2433
2019-03-12,5662686,56506291,8.335828,8.385893,8.294107,8.294107,0.008344,1479
2019-03-13,4898483,48735023,8.327484,8.344172,8.285763,8.285763,-0.008344,1752
2019-03-14,14025686,138193125,8.294107,8.31914,8.168945,8.185633,-0.10013,4485
2019-03-15,12780654,125130150,8.177289,8.252386,8.135568,8.135568,-0.050065,2671
2019-03-18,4054143,39872847,8.1606,8.252386,8.1606,8.202321,0.066753,1428
2019-03-19,13197288,128559290,8.21901,8.21901,8.093847,8.093847,-0.108474,3796
2019-03-20,16113428,155324233,8.093847,8.143912,7.968684,8.027094,-0.066753,4722
2019-03-21,13596332,133023159,8.068814,8.21901,8.035438,8.21901,0.191916,4150
2019-03-22,10131127,100281389,8.235698,8.285763,8.21901,8.235698,0.016688,3423
2019-03-25,6087448,59968084,8.227354,8.26073,8.152256,8.252386,0.016688,1602
2019-03-26,5252107,51798301,8.26073,8.277419,8.202321,8.277419,0.025033,1256
2019-03-27,3822151,37684659,8.26073,8.26073,8.202321,8.227354,-0.050065,1506
2019-03-28,3391179,33397399,8.21901,8.26073,8.193977,8.202321,-0.025033,1051
2019-03-29,5569435,54791074,8.202321,8.227354,8.185633,8.227354,0.025033,1527
2019-04-01,7035320,68932139,8.227354,8.227354,8.1606,8.168945,-0.058409,1559
2019-04-02,8028050,78464707,8.193977,8.21901,8.11888,8.143912,-0.025033,2018
2019-04-03,5924697,58419219,8.143912,8.269075,8.143912,8.269075,0.125163,1952
2019-04-08,6771019,67118795,8.269075,8.294107,8.244042,8.285763,0.016688,1724
2019-04-09,4122969,40850512,8.285763,8.285763,8.235698,8.285763,0.0,2009
2019-04-10,7883694,77755267,8.285763,8.285763,8.177289,8.235698,-0.050065,2811
2019-04-11,2956246,29142174,8.235698,8.26073,8.210665,8.244042,0.008344,1009
2019-04-12,3412820,33771868,8.26073,8.277419,8.21901,8.252386,0.008344,1059
2019-04-15,8728502,86940853,8.26073,8.344172,8.26073,8.344172,0.091786,2368
2019-04-16,5053209,50497799,8.385893,8.385893,8.310795,8.327484,-0.016688,1235
2019-04-17,5991693,59548108,8.327484,8.335828,8.26073,8.302451,-0.025033,1360
2019-04-18,12384744,121621346,8.302451,8.310795,8.135568,8.177289,-0.125162,3492
2019-04-19,10130787,98680133,8.21901,8.21901,8.093847,8.11888,-0.058409,3219
2019-04-22,3993212,38851695,8.152256,8.1606,8.093847,8.110535,-0.008345,1251
2019-04-23,4805950,46699552,8.135568,8.152256,8.093847,8.102191,-0.008344,1400
2019-04-24,8766141,84645621,8.135568,8.143912,8.027094,8.035438,-0.066753,2708
2019-04-25,5871350,56592593,8.085503,8.085503,8.018749,8.06047,0.025032,1891
2019-04-26,3541978,34314310,8.077159,8.102191,8.06047,8.102191,0.041721,1351
2019-04-29,3727449,36421854,8.152256,8.193977,8.11888,8.193977,0.091786,1100
2019-04-30,5199342,50807029,8.193977,8.202321,8.110535,8.177289,-0.016688,1650
2019-05-02,4855367,47315986,8.177289,8.177289,8.110535,8.11888,-0.058409,1591
2019-05-03,2337584,22801627,8.11888,8.1606,8.11888,8.135568,0.016688,760
2019-05-06,9093742,87458301,8.127224,8.127224,7.993717,8.027094,-0.108474,2834
2019-05-07,3749373,36115916,8.068814,8.077159,8.010405,8.035438,0.008344,1363
2019-05-08,8669596,82901737,8.010405,8.010405,7.968684,7.968684,-0.066754,2722
2019-05-09,24206429,225780706,7.926964,7.935308,7.726703,7.726703,-0.241981,6986
2019-05-10,10584760,98584494,7.751736,7.843522,7.693327,7.726703,0.0,3400
2019-05-13,7473333,69493625,7.776768,7.785113,7.743392,7.76008,0.033377,2112
2019-05-14,10920152,101682690,7.76008,7.843522,7.735048,7.785113,0.025033,3151
2019-05-15,8743898,83250684,7.785113,8.010405,7.785113,7.993717,0.208604,2630
2019-05-16,5772733,54999791,7.993717,8.010405,7.910275,7.910275,-0.083442,2053
2019-05-17,6935155,65309863,8.002061,8.002061,7.793457,7.801801,-0.108474,2616
2019-05-20,5107269,48479501,7.801801,7.968684,7.801801,7.935308,0.133507,1837
2019-05-21,4379523,41764017,7.943652,8.002061,7.910275,7.935308,0.0,1638
2019-05-22,4857582,45870762,7.910275,7.943652,7.843522,7.901931,-0.033377,1618
2019-05-23,3696207,34719998,7.885243,7.885243,7.810145,7.86021,-0.041721,1492
2019-05-24,6838235,65129730,7.926964,7.985373,7.885243,7.968684,0.108474,1978
2019-05-27,6890597,66518744,7.993717,8.077159,7.977029,8.068814,0.10013,1849
2019-05-28,13484947,129532232,8.085503,8.093847,7.993717,8.010405,-0.058409,1132
2019-05-29,4940580,47446586,7.985373,8.068814,7.968684,8.002061,-0.008344,1166
2019-05-30,3332367,31941505,7.968684,8.06047,7.968684,7.985373,-0.016688,1013
2019-05-31,8835169,85599021,7.968684,8.135568,7.96034,8.127224,0.141851,2338
2019-06-03,5089374,49321386,8.127224,8.135568,8.068814,8.085503,-0.041721,1476
2019-06-04,3250491,31534312,8.085503,8.127224,8.068814,8.093847,0.008344,1296
2019-06-05,3610660,35088578,8.085503,8.135568,8.085503,8.093847,0.0,1354
2019-06-06,7028598,68589867,8.093847,8.168945,8.093847,8.168945,0.075098,1816
2019-06-10,5439585,53141457,8.177289,8.202321,8.11888,8.127224,-0.041721,1604
2019-06-11,7215686,70835863,8.135568,8.21901,8.135568,8.21901,0.091786,1851
2019-06-12,6268534,61717754,8.227354,8.235698,8.185633,8.202321,-0.016689,2178
2019-06-13,5929166,58569567,8.202321,8.26073,8.193977,8.227354,0.025033,1792
2019-06-14,8002744,78237019,8.210665,8.210665,8.093847,8.093847,-0.133507,2590
2019-06-17,7262188,70855756,8.093847,8.202321,8.093847,8.202321,0.108474,2954
2019-06-18,7404749,72609145,8.202321,8.227354,8.135568,8.177289,-0.025032,2153
2019-06-19,9948753,98163346,8.21901,8.26073,8.185633,8.252386,0.075097,3093
2019-06-20,19806697,199343469,8.277419,8.511056,8.26073,8.511056,0.25867,4757
2019-06-21,31681350,325083889,8.636218,8.636218,8.427614,8.594497,0.083441,4664
2019-06-24,12845282,130713472,8.594497,8.594497,8.427614,8.469335,-0.125162,2843
2019-06-25,13708486,137179240,8.469335,8.511056,8.277419,8.344172,-0.125163,2752
2019-06-26,9756903,96903216,8.327484,8.385893,8.227354,8.285763,-0.058409,3022
2019-06-27,9712505,96568576,8.310795,8.344172,8.269075,8.310795,0.025032,2665
2019-06-28,8396016,82479114,8.302451,8.302451,8.135568,8.210665,-0.10013,2187
2019-07-01,8845814,86552883,8.185633,8.235698,8.135568,8.135568,-0.075097,1791
2019-07-02,8941591,86970959,8.135568,8.177289,8.077159,8.085503,-0.050065,2162
2019-07-03,4670465,45486096,8.135568,8.168945,8.102191,8.11888,0.033377,1236
2019-07-04,5284604,51662182,8.168945,8.185633,8.135568,8.168945,0.050065,1436
2019-07-05,5461214,53756894,8.177289,8.244042,8.177289,8.235698,0.066753,1417
2019-07-08,7816306,77004274,8.244042,8.277419,8.135568,8.21901,-0.016688,1258
2019-07-09,5751496,56495650,8.21901,8.227354,8.185633,8.185633,-0.033377,975
2019-07-10,5393444,53112148,8.185633,8.244042,8.1606,8.227354,0.041721,1290
2019-07-11,3835351,37865513,8.244042,8.252386,8.227354,8.227354,0.0,725
2019-07-12,4196111,41322068,8.227354,8.244042,8.193977,8.235698,0.008344,1222
2019-07-15,6323766,62210687,8.235698,8.285763,8.1606,8.269075,0.033377,1610
2019-07-16,4069968,40234715,8.269075,8.269075,8.227354,8.227354,-0.041721,1472
2019-07-17,5558642,54816742,8.26073,8.26073,8.202321,8.202321,-0.025033,2014
2019-07-18,6530776,64053602,8.227354,8.235698,8.143912,8.143912,-0.058409,1708
2019-07-19,6007285,59095477,8.177289,8.235698,8.152256,8.210665,0.066753,1690
2019-07-22,7812138,77262367,8.210665,8.285763,8.210665,8.252386,0.041721,1519
2019-07-23,6261455,60562208,8.260911,8.269437,8.226811,8.226811,-0.025575,1645
2019-07-24,6223907,59715500,8.184185,8.218286,8.150084,8.184185,-0.042626,2034
2019-07-25,7746978,73857136,8.150084,8.184185,8.098933,8.17566,-0.008525,1820
2019-07-26,8091411,76866760,8.17566,8.17566,8.081882,8.098933,-0.076727,1898
2019-07-29,6263652,59231354,8.064832,8.107458,8.039256,8.056307,-0.042626,1817
2019-07-30,4944945,46819631,8.073357,8.115983,8.056307,8.056307,0.0,1294
2019-07-31,5356478,50963771,8.073357,8.167134,8.030731,8.150084,0.093777,1938
2019-08-01,11849085,111149484,8.047782,8.047782,7.971055,8.005156,-0.144928,2845
2019-08-02,9811260,91099912,7.945479,7.971055,7.902853,7.902853,-0.102303,2483
2019-08-05,9003793,83209170,7.885803,8.013681,7.843177,7.954005,0.051152,2544
2019-08-06,7814817,71878711,7.843177,7.877278,7.809076,7.843177,-0.110828,2760
2019-08-07,5305715,48919877,7.843177,7.894328,7.834652,7.877278,0.034101,1795
2019-08-08,6549863,60343099,7.877278,7.902853,7.826127,7.868753,-0.008525,2052
2019-08-12,4968861,45728889,7.843177,7.885803,7.817601,7.834652,-0.034101,1617
2019-08-13,8344272,76164253,7.834652,7.843177,7.757925,7.757925,-0.076727,2585
2019-08-14,5838755,53219997,7.783501,7.800551,7.757925,7.757925,0.0,2031
2019-08-15,7578932,68711468,7.7494,7.792026,7.689724,7.706774,-0.051151,2463
2019-08-16,15100016,139905450,7.715299,8.022206,7.706774,7.971055,0.264281,5681
2019-08-19,9897893,92168080,7.971055,7.996631,7.826127,7.928429,-0.042626,3625
2019-08-20,6611285,60911331,7.894328,7.894328,7.834652,7.843177,-0.085252,2157
2019-08-21,3957811,36371968,7.843177,7.860227,7.809076,7.860227,0.01705,1580
2019-08-22,4054348,37225714,7.919904,7.919904,7.800551,7.800551,-0.059676,1409
2019-08-23,2292753,21027096,7.800551,7.843177,7.800551,7.843177,0.042626,1005
2019-08-26,6699356,60971454,7.774975,7.783501,7.740875,7.7494,-0.093777,2123
2019-08-27,13015367,118880206,7.76645,7.826127,7.740875,7.826127,0.076727,2089
2019-08-28,4744763,43286694,7.817601,7.817601,7.757925,7.800551,-0.025576,1277
2019-08-29,10818356,98300806,7.76645,7.800551,7.723824,7.7494,-0.051151,2952
2019-08-30,7732889,70941326,7.817601,7.877278,7.757925,7.877278,0.127878,1948
2019-09-02,2016257,18563098,7.877278,7.877278,7.826127,7.868753,-0.008525,536
2019-09-03,3696777,34005831,7.860227,7.868753,7.809076,7.843177,-0.025576,1042
2019-09-04,5805714,53420024,7.834652,7.877278,7.809076,7.851702,0.008525,1799
2019-09-05,5963625,54913384,7.868753,7.868753,7.834652,7.860227,0.008525,1500
2019-09-06,5013328,46311166,7.868753,7.894328,7.834652,7.868753,0.008526,1858
2019-09-09,3167562,29265674,7.877278,7.919904,7.851702,7.868753,0.0,1175
2019-09-10,5455305,50323570,7.885803,7.894328,7.834652,7.851702,-0.017051,1727
2019-09-11,4811661,44271158,7.851702,7.885803,7.809076,7.809076,-0.042626,1836
2019-09-12,6165763,56977391,7.843177,7.911379,7.843177,7.851702,0.042626,1610
2019-09-16,9733331,89027326,7.843177,7.851702,7.76645,7.774975,-0.076727,3035
2019-09-17,5759140,52519154,7.757925,7.800551,7.7494,7.76645,-0.008525,1849
2019-09-18,8503332,78193454,7.783501,7.877278,7.783501,7.877278,0.110828,2753
2019-09-19,4736241,43719028,7.877278,7.928429,7.826127,7.826127,-0.051151,1392
2019-09-20,6373418,58630653,7.834652,7.851702,7.809076,7.851702,0.025575,1049
2019-09-23,3510886,32378393,7.885803,7.885803,7.851702,7.851702,0.0,1067
2019-09-24,4795768,43980029,7.851702,7.860227,7.792026,7.800551,-0.051151,1424
2019-09-25,12134604,110496325,7.817601,7.826127,7.7494,7.757925,-0.042626,2234
2019-09-26,6472867,58870998,7.809076,7.809076,7.723824,7.7494,-0.008525,1995
2019-09-27,5123461,46601544,7.757925,7.783501,7.740875,7.740875,-0.008525,1629
2019-10-01,4415748,40183534,7.757925,7.800551,7.740875,7.757925,0.01705,1478
2019-10-02,2304188,20949716,7.76645,7.774975,7.73235,7.76645,0.008525,689
2019-10-03,5272556,47824579,7.73235,7.757925,7.715299,7.73235,-0.0341,1519
2019-10-04,12907035,116853516,7.73235,7.757925,7.698249,7.73235,0.0,2153
2019-10-07,2601879,23678125,7.73235,7.783501,7.73235,7.757925,0.025575,849
2019-10-08,3815649,34780348,7.757925,7.792026,7.757925,7.76645,0.008525,944
2019-10-09,4646509,42188345,7.76645,7.783501,7.723824,7.723824,-0.042626,1795
2019-10-14,11371886,103237900,7.774975,7.792026,7.715299,7.723824,0.0,3086
2019-10-15,6072160,54961666,7.740875,7.757925,7.698249,7.723824,0.0,2150
2019-10-16,8720416,79555118,7.723824,7.809076,7.723824,7.809076,0.085252,2741
2019-10-17,7338329,67334987,7.809076,7.843177,7.792026,7.826127,0.017051,2022
2019-10-18,7579086,69399638,7.826127,7.834652,7.76645,7.834652,0.008525,1525
2019-10-21,4920178,45228714,7.834652,7.851702,7.800551,7.843177,0.008525,1401
2019-10-22,6449321,59452393,7.851702,7.877278,7.826127,7.860227,0.01705,1699
2019-10-23,4529988,41527984,7.868753,7.868753,7.783501,7.783501,-0.076726,1663
2019-10-24,5275840,48218860,7.783501,7.817601,7.774975,7.783501,0.0,1773
2019-10-25,8672322,78956724,7.800551,7.817601,7.740875,7.783501,0.0,1872
2019-10-28,7552294,68659066,7.800551,7.800551,7.73235,7.7494,-0.034101,1880
2019-10-29,12880667,116696317,7.757925,7.774975,7.706774,7.73235,-0.01705,3515
2019-10-30,5837585,52975690,7.740875,7.757925,7.715299,7.757925,0.025575,1857
2019-10-31,6597483,59840353,7.757925,7.76645,7.715299,7.723824,-0.034101,1687
2019-11-01,2573604,23341915,7.740875,7.7494,7.715299,7.73235,0.008526,971
2019-11-04,4953278,45010625,7.740875,7.76645,7.723824,7.757925,0.025575,1586
2019-11-05,11977581,108632187,7.757925,7.76645,7.715299,7.7494,-0.008525,2359
2019-11-06,11608012,105175170,7.757925,7.76645,7.715299,7.723824,-0.025576,2674
2019-11-07,10610799,96064408,7.723824,7.740875,7.706774,7.740875,0.017051,3226
2019-11-08,8311196,75247951,7.757925,7.757925,7.706774,7.715299,-0.025576,2660
2019-11-11,11964003,108075707,7.715299,7.723824,7.689724,7.706774,-0.008525,2859
2019-11-12,6997115,63212815,7.715299,7.715299,7.698249,7.698249,-0.008525,2255
2019-11-13,7092201,64063724,7.698249,7.715299,7.698249,7.698249,0.0,2151
2019-11-14,6599820,59576856,7.698249,7.706774,7.689724,7.698249,0.0,1502
2019-11-15,5659135,51180105,7.715299,7.723824,7.698249,7.706774,0.008525,1718
2019-11-18,5056651,45692935,7.706774,7.715299,7.698249,7.715299,0.008525,1320
2019-11-19,4753769,43093850,7.698249,7.7494,7.698249,7.7494,0.034101,1320
2019-11-20,8866731,80655671,7.740875,7.800551,7.723824,7.757925,0.008525,2171
2019-11-21,5496183,49837014,7.740875,7.7494,7.715299,7.715299,-0.042626,1252
2019-11-22,6679782,60425367,7.715299,7.73235,7.698249,7.715299,0.0,1728
2019-11-25,8352073,75630707,7.723824,7.740875,7.715299,7.715299,0.0,1818
2019-11-26,18609648,167927352,7.715299,7.723824,7.681198,7.681198,-0.034101,3078
2019-11-27,7349769,66369368,7.715299,7.715299,7.689724,7.698249,0.017051,2518
2019-11-28,6656712,60071343,7.698249,7.706774,7.681198,7.698249,0.0,2310
2019-11-29,11923667,107486144,7.689724,7.706774,7.672673,7.681198,-0.017051,2481
2019-12-02,10189014,91802350,7.698249,7.706774,7.672673,7.681198,0.0,2520
2019-12-03,9650533,86937527,7.681198,7.706774,7.672673,7.706774,0.025576,2823
2019-12-04,6908178,62261248,7.698249,7.698249,7.672673,7.672673,-0.034101,2084
2019-12-05,9060699,81634101,7.681198,7.706774,7.672673,7.672673,0.0,2805
2019-12-06,5798045,52217115,7.681198,7.698249,7.672673,7.681198,0.008525,2541
2019-12-09,3537629,31944821,7.681198,7.715299,7.681198,7.706774,0.025576,1024
2019-12-10,5211076,47147709,7.706774,7.740875,7.689724,7.715299,0.008525,1571
2019-12-11,5948956,53620191,7.698249,7.715299,7.672673,7.681198,-0.034101,1953
2019-12-12,6729350,60741002,7.715299,7.715299,7.681198,7.689724,0.008526,1895
2019-12-13,8255014,74804993,7.740875,7.740875,7.706774,7.73235,0.042626,2478
2019-12-16,6196059,56043854,7.73235,7.740875,7.689724,7.715299,-0.017051,1554
2019-12-17,6104770,55352346,7.740875,7.7494,7.715299,7.7494,0.034101,1889
2019-12-18,7111125,64629786,7.7494,7.757925,7.723824,7.740875,-0.008525,1861
2019-12-19,8699627,79294509,7.757925,7.800551,7.740875,7.800551,0.059676,1638
2019-12-20,11711880,106521359,7.809076,7.817601,7.723824,7.723824,-0.076727,2138
2019-12-23,6505620,59169803,7.757925,7.774975,7.740875,7.774975,0.051151,1329
2019-12-24,3970183,36135794,7.774975,7.783501,7.740875,7.774975,0.0,1161
2019-12-25,3078055,28075600,7.76645,7.792026,7.7494,7.792026,0.017051,998
2019-12-26,2701840,24649571,7.792026,7.800551,7.76645,7.783501,-0.008525,525
2019-12-27,3528701,32141799,7.792026,7.792026,7.757925,7.774975,-0.008526,1022
2019-12-30,5083601,46190336,7.774975,7.774975,7.73235,7.757925,-0.01705,1263
2019-12-31,4862186,44104465,7.740875,7.7494,7.723824,7.723824,-0.034101,1142
2020-01-02,4341250,39409404,7.723824,7.774975,7.715299,7.774975,0.051151,1065
2020-01-03,4890608,44414334,7.774975,7.783501,7.723824,7.723824,-0.051151,1535
2020-01-06,7312653,66000061,7.73235,7.73235,7.681198,7.681198,-0.042626,1857
2020-01-07,5551589,50064011,7.689724,7.706774,7.681198,7.689724,0.008526,1576
2020-01-08,10229631,92063579,7.689724,7.689724,7.655623,7.672673,-0.017051,2097
2020-01-09,8213432,73963784,7.681198,7.715299,7.664148,7.672673,0.0,1933
2020-01-10,7776462,70167557,7.672673,7.715299,7.672673,7.715299,0.042626,1588
2020-01-13,6684463,60233907,7.681198,7.706774,7.672673,7.698249,-0.01705,2046
2020-01-14,6097045,54977775,7.715299,7.715299,7.672673,7.715299,0.01705,2416
2020-01-15,5194724,46787476,7.715299,7.715299,7.672673,7.681198,-0.034101,1817
2020-01-16,6107569,54948257,7.681198,7.689724,7.664148,7.672673,-0.008525,1599
2020-01-17,6889003,61921711,7.698249,7.698249,7.655623,7.664148,-0.008525,2339
2020-01-20,6381287,57397866,7.672673,7.689724,7.655623,7.655623,-0.008525,1476
2020-01-30,44053792,356920011,6.905406,6.990658,6.896881,6.896881,-0.758742,8777
2020-01-31,20088743,161569821,6.820154,6.896881,6.820154,6.837204,-0.059677,5286
2020-02-03,29818088,228323794,6.743427,6.760478,6.393894,6.760478,-0.076726,8428
2020-02-04,17944221,143090742,6.726377,6.905406,6.615549,6.86278,0.102302,4546
2020-02-05,16254098,131432014,6.905406,6.990658,6.794578,6.87983,0.01705,3724
2020-02-06,23949127,198699564,6.956557,7.178212,6.956557,7.11001,0.23018,5143
2020-02-07,13340794,110438860,7.101485,7.118536,6.965082,7.09296,-0.01705,3187
2020-02-10,9913348,81628851,7.033284,7.07591,6.948032,7.07591,-0.01705,2089
2020-02-11,7137686,59334764,7.084435,7.118536,7.058859,7.067385,-0.008525,1925
2020-02-12,9780785,81664132,7.058859,7.161162,7.041809,7.144111,0.076726,2027
2020-02-13,20334244,174539161,7.169687,7.408392,7.169687,7.246414,0.102303,4737
2020-02-14,9484497,80514966,7.246414,7.280514,7.203788,7.229363,-0.017051,2556
2020-02-17,6380229,53490239,7.161162,7.186737,7.084435,7.178212,-0.051151,1635
2020-02-18,5659174,47423618,7.135586,7.161162,7.118536,7.161162,-0.01705,1429
2020-02-19,12373695,106126718,7.161162,7.374291,7.161162,7.297565,0.136403,3048
2020-02-20,10930936,94221226,7.331665,7.408392,7.30609,7.331665,0.0341,2588
2020-02-21,10340583,89260778,7.331665,7.382817,7.297565,7.357241,0.025576,2762
2020-02-24,16064724,135917194,7.28904,7.297565,7.161162,7.161162,-0.196079,4377
2020-02-25,9017148,75492279,7.101485,7.203788,7.07591,7.161162,0.0,2587
2020-02-26,13936469,115392935,7.07591,7.101485,7.007708,7.024759,-0.136403,3507
2020-02-27,23622446,191564240,6.999183,6.999183,6.828679,6.956557,-0.068202,4681
2020-03-02,13879765,112399055,6.837204,7.033284,6.820154,6.871305,-0.085252,3909
2020-03-03,14332084,115156172,6.896881,6.930981,6.828679,6.828679,-0.042626,3875
2020-03-04,14418205,116742009,6.820154,6.990658,6.820154,6.990658,0.161979,3867
2020-03-05,12820298,106352742,7.024759,7.11001,6.999183,7.09296,0.102302,3565
2020-03-06,12255877,99661805,7.033284,7.033284,6.905406,6.905406,-0.187554,4122
2020-03-09,19536169,156321732,6.828679,6.86278,6.794578,6.803104,-0.102302,5800
2020-03-10,17622644,141762128,6.743427,6.922456,6.743427,6.905406,0.102302,4397
2020-03-11,15109961,121487129,6.84573,6.948032,6.811629,6.811629,-0.093777,4370
2020-03-12,24935594,192719795,6.811629,6.811629,6.487671,6.530297,-0.281332,7086
2020-03-13,37907660,270838144,6.138139,6.20634,5.97616,6.20634,-0.323957,7484
2020-03-16,26999376,189812346,6.20634,6.20634,5.950584,5.950584,-0.255756,6795
2020-03-17,28964382,190498654,5.711879,5.754505,5.53285,5.53285,-0.417734,7683
2020-03-18,37949187,232961710,5.541375,5.566951,5.072489,5.115115,-0.417735,10010
2020-03-19,40341975,226030301,4.987238,4.987238,4.688856,4.688856,-0.426259,9965
2020-03-20,40334010,237921911,4.816734,5.157741,4.808209,4.89346,0.204604,9329
2020-03-23,33378767,200144431,4.87641,5.268569,4.705906,5.200367,0.306907,7771
2020-03-24,35449832,227513441,5.200367,5.694829,5.200367,5.439073,0.238706,8625
2020-03-25,47562422,329896395,5.797131,5.97616,5.754505,5.97616,0.537087,9337
2020-03-26,32929642,232410668,6.155189,6.308642,5.882383,5.97616,0.0,7801
2020-03-27,26556660,183685590,6.095513,6.095513,5.797131,5.797131,-0.179029,8205
2020-03-30,18067086,122097262,5.711879,5.890908,5.558425,5.76303,-0.034101,4433
2020-03-31,22999212,154319771,5.865332,5.942059,5.626627,5.635152,-0.127878,6295
2020-04-01,18153361,118702777,5.652203,5.669253,5.541375,5.566951,-0.068201,6173
2020-04-06,22592670,145055663,5.575476,5.584001,5.370871,5.53285,-0.034101,6027
2020-04-07,20669803,136502415,5.626627,5.728929,5.541375,5.652203,0.119353,5336
2020-04-08,35259533,242425088,5.652203,6.035836,5.541375,5.99321,0.341007,8523
2020-04-09,59569471,436948021,6.010261,6.555873,6.001735,6.240441,0.247231,12872
2020-04-10,18803906,135202293,6.180765,6.22339,6.018786,6.155189,-0.085252,4946
2020-04-13,13503296,97238778,6.180765,6.22339,6.078462,6.121088,-0.034101,3324
2020-04-14,15844773,114377885,6.095513,6.180765,6.095513,6.163714,0.042626,4310
2020-04-15,25694688,189959909,6.18929,6.368319,6.18929,6.325693,0.161979,7009
2020-04-16,25408538,183149209,6.231916,6.231916,6.121088,6.121088,-0.204605,7280
2020-04-17,22439086,161723647,6.180765,6.214865,6.112563,6.112563,-0.008525,5067
2020-04-20,15663708,110361806,6.095513,6.095513,5.967635,6.035836,-0.076727,4717
2020-04-21,15258233,107027584,6.035836,6.052887,5.967635,5.967635,-0.068201,4872
2020-04-22,11420132,78899734,5.899433,5.967635,5.76303,5.950584,-0.017051,3940
2020-04-23,10798992,75841474,5.95911,6.069937,5.942059,6.001735,0.051151,3200
2020-04-24,10734312,75144297,5.984685,5.99321,5.907958,5.99321,-0.008525,2350
2020-04-27,12579002,89211401,6.027311,6.069937,6.001735,6.069937,0.076727,3383
2020-04-28,56454275,419836984,6.129613,6.470621,6.129613,6.470621,0.400684,12683
2020-04-29,69837441,561528715,6.538823,6.965082,6.538823,6.922456,0.451835,16399
2020-04-30,54102509,447472232,6.999183,7.246414,6.930981,7.033284,0.110828,14839
2020-05-04,24577973,193937082,6.64965,6.820154,6.589974,6.820154,-0.21313,6542
2020-05-05,13393701,106033118,6.820154,6.820154,6.717852,6.743427,-0.076727,3502
2020-05-06,21202426,164605946,6.743427,6.751952,6.564398,6.564398,-0.179029,6084
2020-05-07,11947112,93132792,6.521772,6.734902,6.487671,6.641125,0.076727,4132
2020-05-08,14084366,110407108,6.734902,6.734902,6.64965,6.658175,0.01705,4561
2020-05-11,22631759,183147724,6.811629,7.024759,6.803104,6.871305,0.21313,5467
2020-05-12,22595721,181301233,6.84573,6.973607,6.777528,6.930981,0.059676,5408
2020-05-13,14473576,116968117,6.854255,6.922456,6.828679,6.87983,-0.051151,4999
2020-05-14,12595513,101677061,6.84573,6.948032,6.828679,6.854255,-0.025575,3136
2020-05-15,10859161,87041548,6.913931,6.922456,6.769003,6.84573,-0.008525,2767
2020-05-18,7615918,61042324,6.820154,6.87983,6.811629,6.820154,-0.025576,2032
2020-05-19,51509346,425416385,6.990658,7.118536,6.922456,7.11001,0.289856,15305
2020-05-20,37512475,318335773,7.331665,7.374291,7.101485,7.101485,-0.008525,9733
2020-05-21,19259660,163175573,7.161162,7.28904,7.161162,7.203788,0.102303,4517
2020-05-22,13616094,112978294,7.195262,7.195262,6.990658,7.024759,-0.179029,3907
2020-05-25,13313297,109799941,7.024759,7.118536,6.973607,7.041809,0.01705,2764
2020-05-26,12948296,107551600,7.07591,7.135586,7.041809,7.041809,0.0,3385
2020-05-27,12520034,104713419,7.084435,7.169687,7.07591,7.161162,0.119353,3196
2020-05-28,13045150,109021921,7.212313,7.220838,7.041809,7.11001,-0.051152,3518
2020-05-29,23405764,191783217,7.07591,7.07591,6.948032,6.990658,-0.119352,5026
2020-06-01,10592705,87915277,7.024759,7.101485,7.024759,7.101485,0.110827,2807
2020-06-02,5112457,42442711,7.118536,7.118536,7.041809,7.084435,-0.01705,1640
2020-06-03,12992259,108532016,7.127061,7.161162,7.084435,7.127061,0.042626,2732
2020-06-04,25529549,214928827,7.195262,7.28904,7.127061,7.178212,0.051151,7483
2020-06-05,76041073,665053182,7.246414,7.672673,7.246414,7.476594,0.298382,16673
2020-06-08,42747185,377839599,7.655623,7.664148,7.485119,7.527745,0.051151,11539
2020-06-09,16330516,144287758,7.621522,7.621522,7.502169,7.527745,0.0,5155
2020-06-10,15190263,133500234,7.527745,7.527745,7.476594,7.502169,-0.025576,3887
2020-06-11,15958180,138993314,7.502169,7.53627,7.331665,7.357241,-0.144928,4553
2020-06-12,16171120,134907425,6.990658,7.212313,6.922456,7.212313,-0.144928,3902
2020-06-15,9763709,81916560,7.246414,7.246414,7.07591,7.212313,0.0,2887
2020-06-16,15736815,132709329,7.246414,7.280514,7.161162,7.229363,0.01705,7656
2020-06-17,21893545,183144802,7.314615,7.314615,7.084435,7.161162,-0.068201,7374
2020-06-18,15786660,131066373,7.161162,7.161162,7.058859,7.058859,-0.102303,4158
2020-06-19,13348396,110319215,7.058859,7.101485,7.033284,7.033284,-0.025575,2855
2020-06-22,10982288,90028520,7.033284,7.033284,6.965082,6.965082,-0.068202,3258
2020-06-23,7227816,59406372,6.965082,7.058859,6.965082,7.016233,0.051151,2279
2020-06-24,14660716,122603265,7.067385,7.161162,7.058859,7.152636,0.136403,3204
2020-06-29,11401261,93716785,7.09296,7.09296,6.965082,6.990658,-0.161978,3262
2020-06-30,6985822,57404656,7.067385,7.067385,6.990658,6.990658,0.0,2033
2020-07-01,4960542,40724554,6.999183,7.033284,6.982133,7.007708,0.01705,1747
2020-07-02,5465601,44795535,7.016233,7.016233,6.973607,6.982133,-0.025575,1515
2020-07-03,6082486,50057911,6.990658,7.058859,6.990658,7.007708,0.025575,1656
2020-07-06,9782874,80654839,7.007708,7.058859,7.007708,7.007708,0.0,2430
2020-07-07,14881498,123403463,7.024759,7.152636,6.990658,7.135586,0.127878,3808
2020-07-08,10800802,90018314,7.144111,7.161162,7.058859,7.058859,-0.076727,2679
2020-07-09,13444987,110760054,7.067385,7.101485,6.990658,6.990658,-0.068201,3357
2020-07-10,12704885,104094785,6.990658,7.050334,6.948032,6.948032,-0.042626,3521
2020-07-13,13821982,112034001,6.948032,6.965082,6.888355,6.905406,-0.042626,3274
2020-07-14,14664521,117603236,6.905406,6.905406,6.820154,6.820154,-0.085252,3979
2020-07-15,8433837,67696528,6.837204,6.888355,6.820154,6.828679,0.008525,2441
2020-07-16,13794370,112191464,6.87983,6.973607,6.86278,6.913931,0.085252,3332
2020-07-17,7626474,61973218,6.990658,6.990658,6.905406,6.922456,0.008525,1777
2020-07-20,3815609,30900828,6.973607,6.973607,6.871305,6.922456,0.0,1195
2020-07-21,6473571,52403433,6.922456,6.930981,6.87983,6.87983,-0.042626,2107
2020-07-22,5378349,43448421,6.87983,6.922456,6.871305,6.905406,0.025576,1680
2020-07-23,7121112,57193550,6.905406,6.905406,6.828679,6.828679,-0.076727,2055
2020-07-24,9034999,72285572,6.828679,6.871305,6.803104,6.803104,-0.025575,2433
2020-07-27,10918929,85767944,6.794578,6.794578,6.64965,6.64965,-0.153454,3294
2020-07-28,16249920,123411058,6.607024,6.607024,6.41947,6.445045,-0.204605,4398
2020-07-29,6909821,53252025,6.41947,6.64965,6.393894,6.589974,0.144929,2362
2020-07-30,4206552,32530032,6.589974,6.64965,6.538823,6.6326,0.042626,1516
2020-07-31,15327982,121749567,6.734902,6.84573,6.717852,6.811629,0.179029,2412
2020-08-03,9068831,70834018,6.751952,6.751952,6.615549,6.658175,-0.153454,2453
2020-08-04,8507817,65604497,6.64965,6.64965,6.564398,6.572923,-0.085252,4005
2020-08-05,9958140,76252826,6.581449,6.607024,6.496197,6.504722,-0.068201,5249
2020-08-06,8374176,64696751,6.555873,6.6667,6.538823,6.6326,0.127878,2213
2020-08-07,38004104,310651460,7.144111,7.152636,6.828679,6.837204,0.204604,8692
2020-08-10,46128228,383055759,7.033284,7.161162,6.973607,7.152636,0.315432,8966
2020-08-11,26253551,218744953,7.203788,7.246414,7.007708,7.024759,-0.127877,5352
2020-08-12,10179928,83561415,7.024759,7.041809,6.948032,6.973607,-0.051152,2747
2020-08-13,26894216,216362306,6.965082,6.965082,6.751952,6.828679,-0.144928,6485
2020-08-14,18841992,152097730,6.828679,6.990658,6.786053,6.888355,0.059676,5552
2020-08-17,27125667,220331659,6.888355,6.990658,6.854255,6.913931,0.025576,4507
2020-08-18,13600850,110014875,6.948032,6.956557,6.86278,6.905406,-0.008525,2851
2020-08-19,13545662,109223095,6.905406,6.930981,6.837204,6.837204,-0.068202,3827
2020-08-20,44773992,364649022,6.837204,7.07591,6.828679,6.86278,0.025576,9229
2020-08-21,31056047,255007355,6.939507,7.067385,6.888355,6.990658,0.127878,5440
2020-08-24,25501185,209468549,7.016233,7.067385,6.871305,7.067385,0.076727,5607
2020-08-25,102713980,875507507,7.169687,7.459543,7.101485,7.135586,0.068201,17107
2020-08-26,59504053,500771025,7.135586,7.357241,7.07591,7.07591,-0.059676,10440
2020-08-27,52129985,428898225,7.118536,7.144111,6.922456,7.127061,0.051151,9743
2020-08-28,98510281,840450263,7.161162,7.408392,7.033284,7.357241,0.23018,17931
2020-08-31,343150319,2961832669,7.468069,7.672673,7.280514,7.280514,-0.076727,28873
2020-09-01,63081449,549418156,7.391342,7.510695,7.357241,7.425443,0.144929,10539
2020-09-02,36618152,319962194,7.451018,7.493644,7.391342,7.468069,0.042626,8069
2020-09-03,93600339,839907119,7.485119,7.757925,7.476594,7.723824,0.255755,17539
2020-09-04,57541891,516420053,7.612997,7.723824,7.570371,7.655623,-0.068201,12153
2020-09-07,86480652,795608696,7.706774,8.081882,7.689724,7.774975,0.119352,16280
2020-09-08,49328882,455692648,7.809076,7.971055,7.757925,7.877278,0.102303,9028
2020-09-09,60914541,569343515,7.826127,8.081882,7.774975,8.081882,0.204604,12158
2020-09-10,65944612,620566760,8.098933,8.235336,7.843177,7.868753,-0.213129,14793
2020-09-11,63405276,580009782,7.945479,8.013681,7.604472,7.843177,-0.025576,13040
2020-09-14,62553877,565448069,7.97958,7.988105,7.587421,7.595946,-0.247231,12829
2020-09-15,30670591,275442349,7.595946,7.723824,7.502169,7.672673,0.076727,5710
2020-09-16,30986484,276691080,7.740875,7.740875,7.570371,7.604472,-0.068201,6533
2020-09-17,21514335,191028030,7.655623,7.655623,7.510695,7.51922,-0.085252,5032
2020-09-18,34838555,303181263,7.502169,7.527745,7.374291,7.382817,-0.136403,8254
2020-09-21,35632009,303764963,7.382817,7.391342,7.186737,7.212313,-0.170504,8617
2020-09-22,23901871,198831795,7.127061,7.152636,7.016233,7.07591,-0.136403,6496
2020-09-23,29322684,240666813,7.07591,7.127061,6.948032,6.956557,-0.119353,6865
2020-09-24,38449358,311855442,6.913931,7.024759,6.87983,6.87983,-0.076727,9035
2020-09-25,23240275,188928863,6.990658,7.033284,6.871305,6.905406,0.025576,5492
2020-09-28,38366638,322269049,6.982133,7.30609,6.922456,7.271989,0.366583,8600
2020-09-29,18820850,157661447,7.246414,7.246414,7.07591,7.084435,-0.187554,4668
2020-09-30,8761142,72913123,7.144111,7.161162,7.033284,7.058859,-0.025576,2337
2020-10-05,13552821,114221953,7.178212,7.263464,7.118536,7.220838,0.161979,3770
2020-10-06,12877125,109544627,7.203788,7.314615,7.178212,7.271989,0.051151,3247
2020-10-07,7633180,65017393,7.212313,7.314615,7.186737,7.246414,-0.025575,1968
2020-10-08,9945233,84649549,7.32314,7.340191,7.203788,7.246414,0.0,2551
2020-10-12,10698498,90553260,7.271989,7.28904,7.178212,7.195262,-0.051152,2837
2020-10-13,16322878,138802567,7.297565,7.30609,7.195262,7.28904,0.093778,3889
2020-10-14,16453000,141463758,7.297565,7.391342,7.263464,7.263464,-0.025576,3779
2020-10-15,9955703,85430120,7.28904,7.357241,7.254939,7.331665,0.068201,2626
2020-10-16,9503702,81471883,7.340191,7.357241,7.271989,7.28904,-0.042625,2169
2020-10-19,7877549,67490953,7.297565,7.357241,7.271989,7.314615,0.025575,1884
2020-10-20,15917543,137438729,7.331665,7.391342,7.331665,7.374291,0.059676,3599
2020-10-21,9785379,84589789,7.382817,7.399867,7.340191,7.340191,-0.0341,2793
2020-10-22,11772015,101921705,7.365766,7.399867,7.348716,7.382817,0.042626,3920
2020-10-23,20307725,178354261,7.408392,7.53627,7.399867,7.502169,0.119352,4701
2020-10-26,26000354,232037097,7.55332,7.664148,7.544795,7.587421,0.085252,6956
2020-10-27,15457779,136112112,7.587421,7.587421,7.416917,7.493644,-0.093777,3802
2020-10-28,19689077,174858471,7.578896,7.664148,7.502169,7.510695,0.017051,4278
2020-10-29,29045623,255236125,7.502169,7.604472,7.340191,7.527745,0.01705,6179
2020-10-30,25922031,227710746,7.604472,7.638572,7.365766,7.459543,-0.068202,5778
2020-11-02,12535729,108560100,7.459543,7.485119,7.348716,7.357241,-0.102302,3049
2020-11-03,7769982,67142794,7.365766,7.399867,7.331665,7.374291,0.01705,2018
2020-11-04,8130216,70544828,7.416917,7.459543,7.314615,7.399867,0.025576,2312
2020-11-05,13278420,114528695,7.416917,7.451018,7.314615,7.314615,-0.085252,4313
2020-11-06,55201519,457013833,6.990658,7.152636,6.990658,7.09296,-0.221655,12647
2020-11-09,21256670,178538300,7.07591,7.229363,7.067385,7.169687,0.076727,5113
2020-11-10,82643001,764447690,7.885803,7.885803,7.885803,7.885803,0.716116,11696
2020-11-11,149137565,1342793156,7.817601,7.826127,7.502169,7.757925,-0.127878,34800
2020-11-12,34835678,315400380,7.672673,7.834652,7.647098,7.681198,-0.076727,7233
2020-11-13,23016429,204725074,7.681198,7.706774,7.502169,7.570371,-0.110827,5145
2020-11-16,16875085,150454461,7.655623,7.664148,7.578896,7.595946,0.025575,3965
2020-11-17,47273192,429825224,7.800551,7.800551,7.689724,7.715299,0.119353,14942
2020-11-18,53724871,493148547,7.740875,7.928429,7.706774,7.860227,0.144928,11957
2020-11-19,21636861,198189651,7.860227,7.860227,7.774975,7.792026,-0.068201,4644
2020-11-20,17754280,161713974,7.792026,7.826127,7.740875,7.757925,-0.034101,4494
2020-11-23,20724236,188493239,7.76645,7.800551,7.723824,7.7494,-0.008525,5096
2020-11-24,56345954,521145853,7.783501,7.96253,7.7494,7.877278,0.127878,12417
2020-11-25,173275942,1692657009,8.039256,8.567818,7.945479,8.42289,0.545612,30225
2020-11-26,94979488,950244859,8.465516,8.610444,8.439941,8.525192,0.102302,16745
2020-11-27,51172559,510833814,8.567818,8.610444,8.439941,8.567818,0.042626,11118
2020-11-30,53568716,532083176,8.525192,8.610444,8.337638,8.337638,-0.23018,11378
2020-12-01,30343082,297489652,8.337638,8.456991,8.235336,8.388789,0.051151,7009
2020-12-02,147079116,1513205812,8.508142,9.121956,8.491092,8.738322,0.349533,24745
2020-12-03,143455576,1523497590,8.8662,9.207208,8.780948,9.207208,0.468886,22761
2020-12-04,130946172,1426394235,9.377712,9.548216,9.121956,9.249834,0.042626,23515
2020-12-07,57393441,611380855,9.249834,9.29246,8.994078,8.994078,-0.255756,12807
2020-12-08,56324853,605305355,8.994078,9.29246,8.780948,9.207208,0.21313,11323
2020-12-09,52186482,562323674,9.207208,9.335086,9.036704,9.164582,-0.042626,11036
2020-12-10,44338963,470936813,9.07933,9.207208,8.951452,9.036704,-0.127878,8814
2020-12-11,41046834,434569421,9.164582,9.164582,8.8662,8.951452,-0.085252,7719
2020-12-14,112124035,1219555494,8.951452,9.50559,8.823574,9.377712,0.42626,16890
2020-12-15,359384838,4236249626,9.548216,10.315483,9.420338,9.974475,0.596763,45057
2020-12-16,191288503,2297524250,10.230231,10.528613,9.974475,10.144979,0.170504,33279
2020-12-17,82412676,965843157,10.144979,10.230231,9.889223,10.017101,-0.127878,16726
2020-12-18,185383572,2238974639,9.974475,10.613865,9.889223,10.358109,0.341008,31734
2020-12-21,232638813,2963855152,10.400735,11.168002,10.400735,11.040124,0.682015,41863
2020-12-22,236423171,2945442134,10.997498,11.210628,10.017101,10.144979,-0.895145,51482
2020-12-23,146660420,1687360683,10.059727,10.059727,9.377712,9.974475,-0.170504,31320
2020-12-24,75763802,910072442,10.144979,10.443361,10.059727,10.144979,0.170504,16433
2020-12-25,66489948,798723328,10.272857,10.400735,10.144979,10.187605,0.042626,11574
2020-12-28,135271589,1656848648,10.230231,10.699117,10.187605,10.400735,0.21313,26917
2020-12-29,109456720,1334627893,10.485987,10.613865,10.187605,10.485987,0.085252,20147
2020-12-30,52760559,638861462,10.528613,10.528613,10.230231,10.358109,-0.127878,12000
2020-12-31,101304098,1228024924,10.400735,10.528613,10.230231,10.272857,-0.085252,20086
2021-01-04,106852175,1252959990,10.272857,10.272857,9.889223,9.974475,-0.298382,24870
2021-01-05,75172652,852566176,9.931849,9.974475,9.50559,9.676093,-0.298382,18688
2021-01-06,68429910,774330214,9.633467,9.931849,9.462964,9.50559,-0.170503,15775
2021-01-07,87498727,949701319,9.676093,9.676093,9.07933,9.207208,-0.298382,18143
2021-01-08,51715653,567486374,9.207208,9.50559,9.207208,9.420338,0.21313,11258
2021-01-11,30808276,335651098,9.420338,9.420338,9.207208,9.29246,-0.127878,7258
2021-01-12,56011376,594734016,9.29246,9.29246,8.951452,8.994078,-0.298382,13989
2021-01-13,32420163,345227255,8.994078,9.249834,8.994078,9.036704,0.042626,7395
2021-01-14,18044301,192097650,9.036704,9.164582,9.036704,9.036704,0.0,4401
2021-01-15,58417869,600870185,9.036704,9.036704,8.65307,8.738322,-0.298382,14277
2021-01-18,57373056,589325885,8.525192,8.994078,8.499617,8.951452,0.21313,11304
2021-01-19,30856212,321955474,8.994078,9.07933,8.780948,8.908826,-0.042626,5724
2021-01-20,33187814,337423354,8.780948,8.8662,8.567818,8.610444,-0.298382,7354
2021-01-21,24333543,247149695,8.65307,8.8662,8.567818,8.610444,0.0,5556
2021-01-22,29457371,297906693,8.610444,8.738322,8.525192,8.695696,0.085252,5350
2021-01-25,20137874,204007979,8.610444,8.738322,8.567818,8.65307,-0.042626,3649
2021-01-26,34483018,352020308,8.65307,8.8662,8.610444,8.738322,0.085252,5580
2021-01-27,134394347,1450430850,9.036704,9.462964,8.994078,9.29246,0.554138,19754
2021-01-28,159491607,1791528689,9.121956,9.803971,9.036704,9.761345,0.468885,32856
2021-01-29,121920267,1366638153,9.889223,10.017101,9.249834,9.377712,-0.383633,21694
2021-02-01,76111588,842038679,9.462964,9.633467,9.164582,9.633467,0.255755,12650
2021-02-02,87982160,993130567,9.846597,9.889223,9.462964,9.590841,-0.042626,16987
2021-02-03,57993956,656081395,9.761345,9.761345,9.548216,9.548216,-0.042625,8128
2021-02-04,28720595,322103713,9.590841,9.633467,9.50559,9.590841,0.042625,5151
2021-02-05,169844704,1977739861,9.718719,10.102353,9.633467,9.931849,0.341008,27749
2021-02-17,126310489,1503995970,10.528613,10.571239,9.931849,10.059727,0.127878,21509
2021-02-18,67750217,790763844,9.931849,10.059727,9.803971,10.059727,0.0,12386
2021-02-19,51173236,593996542,9.974475,10.059727,9.803971,9.846597,-0.21313,11361
2021-02-22,207081711,2448028348,9.974475,10.230231,9.803971,10.102353,0.255756,24637
2021-02-23,287032696,3582600690,10.400735,11.040124,10.315483,10.485987,0.383634,49623
2021-02-24,119392924,1458796123,10.656491,10.699117,10.230231,10.272857,-0.21313,23906
2021-02-25,573605882,7418455055,10.528613,11.29588,10.400735,11.29588,1.023023,76659
2021-02-26,1013047949,13878018555,11.168002,12.148399,10.912246,11.935269,0.639389,158558
2021-03-02,619529680,8945293465,12.446781,12.873041,11.764766,11.764766,-0.170503,110702
2021-03-03,415350716,5812784758,11.892643,12.361529,11.466384,12.191025,0.426259,64663
2021-03-04,358981976,5144958669,12.105773,12.489407,11.850017,11.850017,-0.341008,55912
2021-03-05,181071351,2491272294,11.594262,11.935269,11.50901,11.636888,-0.213129,34328
2021-03-08,175171103,2403436245,11.977895,12.148399,11.381132,11.50901,-0.127878,33255
2021-03-09,264848079,3687339011,11.679514,12.191025,11.423758,12.148399,0.639389,45962
2021-03-10,154304230,2161861371,11.977895,12.148399,11.764766,11.764766,-0.383633,30938
2021-03-11,91531960,1274921450,11.850017,12.020521,11.764766,11.935269,0.170503,16606
2021-03-12,213298610,3030017005,11.977895,12.318903,11.850017,12.063147,0.127878,34431
2021-03-15,124191355,1769109618,12.148399,12.318903,11.977895,12.063147,0.0,22433
2021-03-16,304035516,4441778528,12.233651,12.659911,12.191025,12.361529,0.298382,47178
2021-03-17,254776586,3783635273,12.532033,12.873041,12.446781,12.574659,0.21313,45705
2021-03-18,165223359,2437248486,12.702537,12.873041,12.404155,12.446781,-0.127878,37357
2021-03-19,178614327,2650551455,12.574659,12.830415,12.489407,12.745163,0.298382,33114
2021-03-22,270523413,4225024859,12.873041,13.682934,12.830415,13.427178,0.682015,58390
2021-03-23,175569770,2697575525,13.51243,13.555056,12.873041,12.873041,-0.554137,48571
2021-03-24,101902592,1541018731,12.702537,13.128796,12.702537,12.830415,-0.042626,25051
2021-03-25,91183208,1358753574,12.958292,12.958292,12.446781,12.574659,-0.255756,24489
2021-03-26,92653600,1388764881,12.745163,12.915667,12.617285,12.830415,0.255756,17463
2021-03-29,148214429,2286520457,13.043544,13.2993,12.915667,13.171422,0.341007,27986
2021-03-30,106527393,1638418128,13.384552,13.384552,12.958292,12.958292,-0.21313,22838
2021-03-31,66258761,1010277895,13.000918,13.171422,12.915667,13.000918,0.042626,14820
2021-04-01,116490275,1758308783,13.043544,13.08617,12.659911,13.000918,0.0,26967
2021-04-06,75356824,1145031557,13.171422,13.214048,12.873041,12.915667,-0.085251,16791
2021-04-07,110138827,1687922349,13.000918,13.171422,12.915667,13.043544,0.127877,20690
2021-04-08,284792489,4528848239,13.171422,13.896064,13.128796,13.853438,0.809894,55463
2021-04-09,340561220,5625746835,14.066568,14.492827,13.640308,13.810812,-0.042626,70816
2021-04-12,226436998,3774343893,13.981316,14.620705,13.72556,14.578079,0.767267,46707
2021-04-13,493638762,8739274116,14.620705,15.94211,14.279697,14.833835,0.255756,98853
2021-04-14,416304201,7330875483,15.174843,15.643728,14.194445,14.876461,0.042626,83392
2021-04-15,215065490,3822376664,14.876461,15.387972,14.748583,15.046965,0.170504,40556
2021-04-16,190843690,3436376557,15.174843,15.601102,15.004339,15.601102,0.554137,37199
2021-04-19,347467226,6661869161,15.643728,16.879881,15.601102,16.666751,1.065649,78757
2021-04-20,250835983,4818739048,16.624125,16.709377,15.984736,16.538873,-0.127878,58358
2021-04-21,358588102,7273686352,16.709377,17.647148,16.496247,17.51927,0.980397,79889
2021-04-22,537373496,11581227541,17.902904,19.266935,17.050385,17.561896,0.042626,137090
2021-04-23,348070593,7190787406,18.414416,18.542294,17.050385,17.391393,-0.170503,82252
2021-04-26,335496273,6668353972,16.624125,17.348767,16.283118,17.135637,-0.255756,87840
2021-04-27,206698825,4244095585,17.220889,17.817652,17.178263,17.647148,0.511511,49534
2021-04-28,365822730,8018871057,18.030782,19.352187,17.988156,18.925927,1.278779,86494
2021-04-29,306769243,6608147797,19.266935,19.437439,17.775026,18.073408,-0.852519,77065
2021-05-03,247400726,5034224226,17.476644,17.860278,16.922507,16.965133,-1.108275,69821
2021-05-04,378871108,7128422138,17.007759,17.604522,15.30272,15.345346,-1.619787,91365
2021-05-05,212740840,3910406653,15.387972,16.197866,14.578079,15.72898,0.383634,50628
2021-05-06,165869384,3075631285,15.984736,16.368369,15.089591,15.558476,-0.170504,37948
2021-05-07,297428825,5086211237,15.174843,15.345346,14.066568,14.705957,-0.852519,74697
2021-05-10,243899424,4233901754,14.279697,15.174843,14.151819,15.174843,0.468886,52344
2021-05-11,274598572,4648289053,14.578079,15.174843,13.682934,13.981316,-1.193527,67041
2021-05-12,308747229,4692908434,13.72556,13.93869,12.617285,12.617285,-1.364031,66629
2021-05-13,318604334,4678186818,11.850017,13.08617,11.551636,13.043544,0.426259,60049
2021-05-14,173696846,2668363089,13.51243,13.810812,12.532033,12.873041,-0.170503,40274
2021-05-17,165897778,2334984245,11.935269,12.617285,11.594262,11.679514,-1.193527,33322
2021-05-18,134299347,1973571412,12.233651,12.830415,11.764766,12.830415,1.150901,26638
2021-05-19,203340752,3170690556,12.958292,13.682934,12.830415,13.51243,0.682015,43708
2021-05-20,107317341,1655121279,13.171422,13.597682,12.873041,12.873041,-0.639389,23249
2021-05-21,91596943,1403448551,13.043544,13.427178,12.873041,13.128796,0.255755,17073
2021-05-24,103588372,1601766772,12.873041,13.469804,12.745163,13.08617,-0.042626,20744
2021-05-25,64736178,996017928,13.256674,13.384552,12.915667,13.08617,0.0,14308
2021-05-26,78510542,1212950454,13.08617,13.341926,12.873041,13.2993,0.21313,12450
2021-05-27,311718715,5221797995,13.427178,14.620705,13.256674,14.620705,1.321405,52933
2021-05-28,370407128,6697992620,15.132217,15.72898,15.046965,15.430598,0.809893,81497
2021-05-31,184435544,3284208706,15.643728,15.643728,14.919087,14.961713,-0.468885,47987
2021-06-01,227836692,4147087537,15.217468,16.069988,14.833835,16.027362,1.065649,50963
2021-06-02,324333998,6122730313,15.94211,16.538873,15.686354,15.899484,-0.127878,70100
2021-06-03,172162649,3517594340,17.050385,17.476644,17.050385,17.476644,1.57716,30614
2021-06-04,1281795252,27753568495,18.243912,19.224309,17.476644,17.476644,0.0,276719
2021-06-07,447258524,8738659807,17.689774,17.689774,15.856858,16.069988,-1.406656,115570
2021-06-08,287056545,5619152161,16.197866,17.050385,16.15524,16.752003,0.682015,66695
2021-06-09,189834385,3620972031,16.752003,16.794629,15.899484,16.027362,-0.724641,56088
2021-06-10,153811613,2872137026,16.197866,16.410995,15.558476,16.069988,0.042626,39862
2021-06-11,122220235,2296823348,16.240492,16.368369,15.814232,15.856858,-0.21313,34093
2021-06-15,96716425,1820241337,15.771606,16.368369,15.771606,15.984736,0.127878,24343
2021-06-16,158109674,3008648221,16.197866,16.538873,15.856858,15.94211,-0.042626,38851
2021-06-17,79005416,1489190634,15.94211,16.368369,15.771606,16.325744,0.383634,20349
2021-06-18,164747656,3195164438,16.325744,16.837255,16.112614,16.496247,0.170503,43756
2021-06-21,603963845,12440627657,16.538873,18.116034,16.496247,18.030782,1.534535,158511
2021-06-22,813534568,17337271560,18.58492,19.181683,16.879881,16.965133,-1.065649,200629
2021-06-23,224575419,4391343182,17.178263,17.391393,16.283118,16.624125,-0.341008,64924
2021-06-24,132493222,2628476651,16.709377,17.263515,16.496247,16.837255,0.21313,35915
2021-06-25,147358654,2944773948,16.965133,17.434019,16.709377,17.093011,0.255756,39635
2021-06-28,123578689,2420385249,16.837255,16.965133,16.496247,16.624125,-0.468886,36314
2021-06-29,142206149,2712387526,16.581499,16.624125,16.112614,16.197866,-0.426259,44094
2021-06-30,99398752,1917213001,16.325744,16.709377,16.197866,16.240492,0.042626,26798
2021-07-01,123993111,2399478224,16.538873,16.794629,16.240492,16.325744,0.085252,29811
2021-07-02,62354276,1192721804,16.496247,16.538873,16.197866,16.197866,-0.127878,18983
2021-07-05,76166679,1453484426,16.283118,16.453621,16.069988,16.368369,0.170503,19884
2021-07-06,74747500,1448470217,16.453621,16.709377,16.283118,16.453621,0.085252,20375
2021-07-07,93502465,1806740309,16.538873,16.837255,16.197866,16.283118,-0.170503,27172
2021-07-08,88993026,1694299933,16.325744,16.538873,15.984736,16.325744,0.042626,23918
2021-07-09,63039125,1194777231,16.240492,16.410995,16.027362,16.027362,-0.298382,21033
2021-07-12,60853796,1138946710,16.240492,16.325744,15.771606,15.856858,-0.170504,22218
2021-07-13,131195453,2360674970,15.899484,15.984736,15.089591,15.174843,-0.682015,48075
2021-07-14,88339786,1543004103,15.089591,15.345346,14.535453,14.961713,-0.21313,28107
2021-07-15,87633547,1601323288,15.089591,15.856858,15.089591,15.856858,0.895145,25228
2021-07-16,54361884,993610057,15.72898,15.899484,15.387972,15.51585,-0.341008,16919
2021-07-19,29499343,533715378,15.387972,15.601102,15.30272,15.51585,0.0,9226
2021-07-20,38745232,687969244,15.174843,15.30272,15.046965,15.132217,-0.383633,15796
2021-07-21,74372217,1293881166,15.345346,15.473224,14.492827,14.620705,-0.511512,25327
2021-07-22,48175829,828620261,14.876461,14.961713,14.492827,14.663331,0.042626,13800
2021-07-23,62904044,1116043754,14.748583,15.430598,14.705957,15.30272,0.639389,17014
2021-07-26,42333027,755155378,15.51585,15.558476,15.004339,15.046965,-0.255755,14291
2021-07-27,50295561,904475705,15.430598,15.601102,15.089591,15.089591,0.042626,15265
2021-07-28,36356273,635822595,15.089591,15.345346,14.578079,14.876461,-0.21313,11946
2021-07-29,25479444,448682527,15.046965,15.174843,14.791209,15.174843,0.298382,7964
2021-07-30,27719938,484058631,15.174843,15.174843,14.705957,14.705957,-0.468886,10117
2021-08-02,35623490,612952407,14.705957,14.876461,14.492827,14.833835,0.127878,9489
2021-08-03,24872446,426432969,14.663331,14.791209,14.535453,14.620705,-0.21313,8630
2021-08-04,23552611,404329688,14.620705,14.748583,14.535453,14.620705,0.0,6761
2021-08-05,26327212,452557016,14.748583,14.833835,14.535453,14.578079,-0.042626,7520
2021-08-06,53686493,917755981,14.578079,14.791209,14.407575,14.578079,0.0,13868
2021-08-09,142540186,2653371020,15.430598,16.027362,15.345346,16.027362,1.449283,30247
2021-08-10,222536044,4033326507,15.94211,15.94211,15.004339,15.174843,-0.852519,51448
2021-08-11,131152778,2311426721,15.089591,15.345346,14.663331,14.876461,-0.298382,25420
2021-08-12,52764542,930702470,15.174843,15.260094,14.876461,14.961713,0.085252,11812
2021-08-13,120675489,2155231351,15.132217,15.51585,14.791209,14.876461,-0.085252,27918
2021-08-16,55296703,949083471,14.876461,14.919087,14.492827,14.578079,-0.298382,15705
2021-08-17,42546022,725448270,14.535453,14.705957,14.407575,14.492827,-0.085252,12368
2021-08-18,74252113,1241790965,14.322323,14.620705,13.810812,14.492827,0.0,21972
2021-08-19,46390450,785408764,14.492827,14.705957,14.237071,14.237071,-0.255756,14101
2021-08-20,32662039,542941399,14.237071,14.450201,14.023942,14.109193,-0.127878,9961
2021-08-23,64085238,1101719309,14.407575,14.833835,14.407575,14.748583,0.63939,17221
2021-08-24,42591388,730443134,14.705957,14.876461,14.492827,14.492827,-0.255756,10351
2021-08-25,39197865,674898490,14.663331,14.791209,14.492827,14.748583,0.255756,8194
2021-08-26,54628636,942529825,15.004339,15.046965,14.535453,14.535453,-0.21313,12166
2021-08-27,31429645,541401151,14.535453,14.833835,14.450201,14.705957,0.170504,8006
2021-08-30,24147334,415777322,14.876461,14.876461,14.578079,14.620705,-0.085252,6992
2021-08-31,24413345,421170365,14.620705,14.791209,14.578079,14.705957,0.085252,6104
2021-09-01,26308634,449836617,14.705957,14.791209,14.492827,14.535453,-0.170504,7331
2021-09-02,36487810,615051913,14.578079,14.578079,14.237071,14.279697,-0.255756,13629
2021-09-03,40061233,663582121,14.322323,14.407575,14.066568,14.066568,-0.213129,15158
2021-09-06,57976315,933789348,14.066568,14.066568,13.597682,13.597682,-0.468886,21829
2021-09-07,29373498,471102828,13.555056,13.896064,13.51243,13.640308,0.042626,9331
2021-09-08,22462175,356230487,13.640308,13.682934,13.469804,13.469804,-0.170504,8812
2021-09-09,29407234,457246301,13.384552,13.469804,13.128796,13.256674,-0.21313,9804
2021-09-10,24270821,384917315,13.341926,13.72556,13.2993,13.72556,0.468886,8203
2021-09-13,17841151,287046372,13.768186,13.853438,13.597682,13.682934,-0.042626,6193
2021-09-14,10307848,164937481,13.72556,13.768186,13.555056,13.597682,-0.085252,3847
2021-09-15,16013191,252619568,13.555056,13.597682,13.384552,13.427178,-0.170504,5859
2021-09-16,12552774,197146696,13.469804,13.51243,13.2993,13.427178,0.0,4553
2021-09-17,25115632,400838898,13.469804,13.72556,13.384552,13.597682,0.170504,6237
2021-09-22,18142704,284706364,13.341926,13.51243,13.214048,13.427178,-0.170504,6676
2021-09-23,24964839,400265179,13.51243,13.810812,13.469804,13.72556,0.298382,7110
2021-09-24,22169581,360062758,13.810812,13.981316,13.768186,13.810812,0.085252,6888
2021-09-27,40697166,676705434,13.896064,14.407575,13.853438,14.279697,0.468885,11116
2021-09-28,40334525,679190385,14.237071,14.578079,13.93869,14.450201,0.170504,11417
2021-09-29,32559372,546370548,14.194445,14.535453,14.151819,14.279697,-0.170504,8972
2021-09-30,63707877,1095505564,14.279697,14.833835,14.279697,14.663331,0.383634,16895
2021-10-01,62838363,1068173845,14.663331,14.919087,14.109193,14.237071,-0.42626,17191
2021-10-04,129733895,2233288590,14.919087,15.430598,14.109193,14.194445,-0.042626,26092
2021-10-05,33864850,568173935,14.023942,14.620705,13.896064,14.535453,0.341008,9862
2021-10-06,22597967,379260569,14.535453,14.663331,14.066568,14.194445,-0.341008,7067
2021-10-07,21830551,365725806,14.237071,14.407575,14.109193,14.279697,0.085252,5335
2021-10-08,14579074,244564228,14.407575,14.450201,14.194445,14.237071,-0.042626,4516
2021-10-12,20710243,345934773,14.151819,14.492827,14.109193,14.279697,0.042626,5792
2021-10-13,61601221,1051931864,14.492827,14.833835,14.322323,14.322323,0.042626,15947
2021-10-14,19908459,333590505,14.535453,14.578079,14.151819,14.237071,-0.085252,5573
2021-10-15,17265982,290224178,14.364949,14.450201,14.194445,14.279697,0.042626,5397
2021-10-18,20102282,337445202,14.322323,14.535453,14.151819,14.279697,0.0,5121
2021-10-19,25756275,436831697,14.322323,14.535453,14.322323,14.407575,0.127878,6655
2021-10-20,20294011,344991806,14.492827,14.620705,14.364949,14.407575,0.0,5692
2021-10-21,28315158,473771496,14.492827,14.535453,14.151819,14.151819,-0.255756,9582
2021-10-22,35139080,571649813,14.066568,14.109193,13.768186,13.853438,-0.298381,10319
2021-10-25,15755987,258951967,13.896064,14.151819,13.896064,13.93869,0.085252,4495
2021-10-26,21297612,346035705,14.023942,14.023942,13.810812,13.853438,-0.085252,4671
2021-10-27,17236624,278417949,13.853438,13.896064,13.682934,13.810812,-0.042626,5338
2021-10-28,61753581,1034145848,13.853438,14.535453,13.768186,14.450201,0.639389,14020
2021-10-29,78117730,1329154658,14.492827,14.791209,14.109193,14.663331,0.21313,16030
2021-11-01,196651612,3550448689,15.046965,15.72898,15.004339,15.430598,0.767267,45342
2021-11-02,322520068,6126191771,15.686354,16.538873,15.643728,16.15524,0.724642,77871
2021-11-03,221310491,4279414518,16.624125,16.794629,16.112614,16.283118,0.127878,51723
2021-11-04,206681189,4072452976,16.794629,17.135637,16.368369,16.368369,0.085251,51956
2021-11-05,123187394,2405955604,16.837255,16.879881,16.410995,16.666751,0.298382,31239
2021-11-08,395616714,8167388963,17.135637,18.116034,16.922507,17.902904,1.236153,92796
2021-11-09,429905066,9308781110,18.15866,18.840675,17.689774,18.798049,0.895145,109050
2021-11-10,574169179,13009471760,18.925927,20.034202,18.627545,19.778446,0.980397,139047
2021-11-11,619864827,15243023370,19.693195,21.611363,19.607943,21.611363,1.832917,153787
2021-11-12,632140388,15874707020,21.952371,22.1655,20.630966,21.781867,0.170504,156119
2021-11-15,501406261,12860443303,21.994996,22.59176,21.014599,22.506508,0.724641,120490
2021-11-16,1142092988,31606506568,22.506508,24.723058,22.336004,23.103271,0.596763,253358
2021-11-17,636385489,17890507842,23.444279,24.850936,23.103271,24.723058,1.619787,148850
2021-11-18,521734347,14882188131,24.509928,24.80831,23.700035,24.168921,-0.554137,122031
2021-11-19,448414133,12488992625,24.041043,24.38205,23.231149,23.572157,-0.596764,107106
2021-11-22,409683201,11434248810,23.742661,24.637806,23.231149,23.401653,-0.170504,90184
2021-11-23,363248600,10166501742,23.401653,24.168921,23.273775,23.657409,0.255756,81747
2021-11-24,657294588,19114066996,24.126295,25.618203,24.041043,25.618203,1.960794,150922
2021-11-25,670098387,20172487976,26.087089,26.555974,24.978814,25.277196,-0.341007,159623
2021-11-26,726459543,19763792348,24.467302,24.637806,22.762264,22.762264,-2.514932,170156
2021-11-29,717904678,17905159646,21.312981,21.909745,20.673592,21.099851,-1.662413,145188
2021-11-30,437746292,11488786458,22.506508,22.80489,21.952371,22.1655,1.065649,89592
2021-12-01,293747769,7654643159,21.696615,23.01802,21.398233,23.01802,0.85252,69225
2021-12-02,295216729,7701820599,22.1655,22.719638,21.781867,22.250752,-0.767268,70831
2021-12-03,300846312,7988902882,22.847516,23.145897,21.994996,21.994996,-0.255756,66053
2021-12-06,248349263,6555283071,21.909745,22.932768,21.739241,22.634386,0.63939,53028
2021-12-07,481781044,13244984624,23.316401,24.339424,22.847516,24.211547,1.577161,105008
2021-12-08,534944681,15130534538,23.785287,24.509928,23.486905,24.296798,0.085251,117674
2021-12-09,498550706,14591961892,24.723058,25.362447,24.552554,25.02144,0.724642,108433
2021-12-10,499171211,14603818732,24.723058,25.575577,24.296798,24.467302,-0.554138,112315
2021-12-13,580636072,16020651131,24.637806,24.723058,23.01802,23.01802,-1.449282,133574
2021-12-14,341462394,8990110978,22.80489,23.145897,22.080248,22.080248,-0.937772,81672
2021-12-15,234973302,6269701616,22.250752,23.188523,22.208126,23.188523,1.108275,56462
2021-12-16,221977884,5985970267,23.572157,23.572157,22.549134,22.762264,-0.426259,50548
2021-12-17,159970195,4264702851,22.634386,23.188523,22.293378,22.336004,-0.42626,38376
2021-12-20,130396011,3443229031,22.336004,22.932768,22.122874,22.80489,0.468886,31894
2021-12-21,119508798,3139268898,22.421256,22.634386,22.250752,22.421256,-0.383634,27427
2021-12-22,106044137,2790683674,22.549134,22.719638,22.250752,22.250752,-0.170504,24522
2021-12-23,88040619,2319528467,22.506508,22.719638,22.250752,22.293378,0.042626,21501
2021-12-24,155938552,4158456729,22.549134,23.060646,22.336004,22.336004,0.042626,39099
2021-12-27,114941219,3044400135,22.336004,23.01802,22.208126,23.01802,0.682016,28979
2021-12-28,113787334,3069688836,22.890142,23.188523,22.80489,22.932768,-0.085252,31699
2021-12-29,159693833,4348177574,23.103271,23.529531,22.80489,22.80489,-0.127878,38100
2021-12-30,144940569,3951582425,22.932768,23.529531,22.890142,23.486905,0.682015,35549
2022-01-03,224956502,5980572287,23.572157,23.700035,22.250752,22.421256,-1.065649,61760
2022-01-04,99162593,2627229516,22.549134,22.762264,22.336004,22.719638,0.298382,24407
2022-01-05,198808835,5404304166,22.59176,23.444279,22.506508,23.273775,0.554137,45244
2022-01-06,139043981,3799116681,23.103271,23.529531,22.847516,23.359027,0.085252,32931
2022-01-07,428467094,11471572555,23.614783,23.785287,21.483485,23.01802,-0.341007,100230
2022-01-10,163507517,4353623377,22.847516,23.273775,22.293378,22.463882,-0.554138,41415
2022-01-11,107264604,2839797227,22.634386,22.80489,22.250752,22.421256,-0.042626,25922
2022-01-12,193248174,4971550136,22.677012,22.719638,21.526111,21.526111,-0.895145,60980
2022-01-13,125098233,3157219138,21.398233,21.824493,21.185103,21.398233,-0.127878,34870
2022-01-14,120010081,3042469777,21.526111,21.952371,21.312981,21.781867,0.383634,29711
2022-01-17,63420627,1621508272,21.611363,22.122874,21.398233,22.122874,0.341007,17854
2022-01-18,76615808,1971678623,22.122874,22.293378,21.696615,21.696615,-0.426259,20929
2022-01-19,151645321,3782263537,21.696615,21.781867,20.80147,20.886721,-0.809894,48207
2022-01-20,114476745,2810779269,20.80147,21.440859,20.545714,21.312981,0.42626,28981
2022-01-21,109473210,2651403904,20.971973,21.099851,20.417836,20.417836,-0.895145,35478
2022-01-24,145253907,3392905084,19.607943,20.289958,19.394813,20.034202,-0.383634,37458
2022-01-25,89558939,2068940408,20.034202,20.034202,19.437439,19.437439,-0.596763,26182
2022-01-26,69280679,1612259334,19.522691,20.034202,19.522691,19.94895,0.511511,20368
2022-02-07,220852882,5504753527,20.886721,21.867119,20.630966,21.824493,1.875543,52500
2022-02-08,333171052,8671213592,21.653989,22.847516,21.483485,22.336004,0.511511,83548
2022-02-09,254487348,6828423481,22.677012,23.145897,22.549134,23.01802,0.682016,65866
2022-02-10,219199175,5942176783,23.188523,23.486905,22.762264,22.975394,-0.042626,53979
2022-02-11,241122029,6611723445,22.847516,23.657409,22.677012,23.657409,0.682015,60707
2022-02-14,186336494,5018574391,23.145897,23.316401,22.634386,22.762264,-0.895145,52703
2022-02-15,504007689,14104614437,22.890142,24.467302,22.847516,23.401653,0.639389,126890
2022-02-16,488726500,14059232908,24.168921,24.893562,24.041043,24.680432,1.278779,116975
2022-02-17,953811764,28864402187,24.680432,26.641226,24.637806,26.428097,1.747665,231173
2022-02-18,766646322,24042443942,26.428097,27.23799,26.044463,27.02486,0.596763,192369
2022-02-21,514172286,15429295885,26.5986,26.641226,24.723058,24.723058,-2.301802,144917
2022-02-22,443782517,12698482533,23.998417,25.064066,23.870539,24.254172,-0.468886,118807
2022-02-23,350000831,10262279845,24.38205,26.001837,24.254172,25.831333,1.577161,89954
2022-02-24,467494115,13426074222,24.765684,25.191944,23.486905,23.827913,-2.00342,134432
2022-02-25,313537956,8991957926,24.637806,25.064066,23.785287,23.785287,-0.042626,81093
2022-03-01,198271641,5570172522,24.126295,24.38205,23.572157,23.913165,0.127878,46407
2022-03-02,199395329,5497849910,23.614783,23.870539,23.103271,23.614783,-0.298382,53585
2022-03-03,250345884,7167415205,24.041043,24.80831,23.998417,24.211547,0.596764,62200
2022-03-04,231315490,6631250107,23.998417,24.893562,23.700035,24.168921,-0.042626,55298
2022-03-07,228327970,6165588274,23.870539,23.955791,22.336004,22.59176,-1.577161,78061
2022-03-08,306239713,7685450146,21.483485,22.336004,20.460462,20.886721,-1.705039,88975
2022-03-09,200341840,5088517225,21.611363,22.037622,21.227729,21.867119,0.980398,55633
2022-03-10,252880506,6774361435,22.80489,23.188523,22.336004,22.762264,0.895145,66971
2022-03-11,117689706,3143888850,22.80489,23.01802,22.421256,22.975394,0.21313,32677
2022-03-14,112225543,2995343126,23.01802,23.231149,22.421256,22.59176,-0.383634,31022
2022-03-15,175236890,4699801849,23.188523,23.316401,22.421256,22.421256,-0.170504,42067
2022-03-16,296126306,8075222692,23.188523,23.785287,22.762264,23.486905,1.065649,72149
2022-03-17,428366872,12342554344,24.424676,25.149318,23.998417,24.893562,1.406657,113120
2022-03-18,229819364,6591709971,24.59518,24.80831,24.126295,24.38205,-0.511512,67860
2022-03-21,118827084,3377268191,24.509928,24.637806,23.913165,23.913165,-0.468885,36750
2022-03-22,161586495,4410312329,23.700035,23.700035,22.975394,23.01802,-0.895145,61137
2022-03-23,90325807,2485016021,23.273775,23.742661,23.231149,23.444279,0.426259,27161
2022-03-24,88714135,2384055082,23.103271,23.145897,22.762264,22.890142,-0.554137,33739
2022-03-25,113973868,3033512697,23.060646,23.188523,22.336004,22.463882,-0.42626,40999
2022-03-28,120354581,3184803915,21.952371,23.188523,21.781867,23.145897,0.682015,35624
2022-03-29,219816451,6067221397,23.316401,23.870539,23.231149,23.273775,0.127878,61675
2022-03-30,144968519,3976739736,23.657409,23.785287,23.103271,23.103271,-0.170504,40581
2022-03-31,148832176,4018279161,23.231149,23.444279,22.677012,22.719638,-0.383633,44180
2022-04-01,118999224,3185888528,22.506508,23.188523,22.37863,23.188523,0.468885,34148
2022-04-06,95707331,2613531911,22.847516,23.614783,22.762264,23.614783,0.42626,28125
2022-04-07,107177702,2901973665,23.614783,23.614783,22.634386,22.634386,-0.980397,35709
2022-04-08,80456269,2183530092,22.847516,23.401653,22.80489,23.103271,0.468885,23630
2022-04-11,77904281,2091030544,23.060646,23.273775,22.59176,22.80489,-0.298381,24368
2022-04-12,158380325,4322009115,22.890142,23.529531,22.762264,23.316401,0.511511,42225
2022-04-13,413875052,11725218304,23.614783,24.723058,23.444279,24.041043,0.724642,109897
2022-04-14,364525970,10539651855,24.680432,24.893562,24.211547,24.59518,0.554137,100407
2022-04-15,199312557,5712261270,24.467302,24.765684,24.168921,24.296798,-0.298382,54357
2022-04-18,159766041,4396667268,24.126295,24.211547,23.103271,23.145897,-1.150901,48548
2022-04-19,246907863,7036420324,23.572157,24.723058,23.529531,24.637806,1.491909,73248
2022-04-20,389208843,11442375632,25.02144,25.447699,24.467302,24.637806,0.0,103295
2022-04-21,262766227,7798062280,25.064066,25.532951,24.978814,25.362447,0.724641,71212
2022-04-22,240910201,7165572338,25.277196,25.532951,25.02144,25.447699,0.085252,62044
2022-04-25,220412603,6384022258,24.936188,25.064066,24.254172,24.978814,-0.468885,61611
2022-04-26,214671266,6208057939,25.23457,25.405073,23.998417,24.041043,-0.937771,60335
2022-04-27,140735938,3867878749,23.188523,23.785287,23.01802,23.657409,-0.383634,44510
2022-04-28,83958921,2320254613,23.785287,23.955791,23.273775,23.359027,-0.298382,27437
2022-04-29,107220491,3002236696,23.529531,24.211547,23.529531,23.742661,0.383634,34091
2022-05-03,90340935,2551273386,23.827913,24.38205,23.700035,23.913165,0.170504,30497
2022-05-04,105022029,3024238422,24.38205,24.80831,24.339424,24.509928,0.596763,32828
2022-05-05,106710810,3075536154,24.850936,24.978814,24.296798,24.424676,-0.085252,29947
2022-05-06,66161617,1862701485,23.870539,24.211547,23.785287,24.168921,-0.255755,22529
2022-05-09,94724616,2677166962,24.168921,24.509928,23.785287,23.785287,-0.383634,29665
2022-05-10,103193463,2842809018,23.103271,23.785287,23.103271,23.742661,-0.042626,33961
2022-05-11,80299983,2193008649,23.572157,23.657409,23.060646,23.103271,-0.63939,28426
2022-05-12,311477779,7974267765,22.847516,23.273775,20.929347,20.929347,-2.173924,97370
2022-05-13,140863618,3515545446,21.270355,21.568737,20.971973,21.568737,0.63939,42205
2022-05-16,75394577,1907157979,21.653989,21.781867,21.270355,21.568737,0.0,22864
2022-05-17,75021667,1888272803,21.739241,21.909745,21.227729,21.270355,-0.298382,23823
2022-05-18,67859047,1733880462,21.611363,22.037622,21.568737,21.611363,0.341008,22002
2022-05-19,133066702,3251693912,21.014599,21.185103,20.460462,21.185103,-0.42626,43195
2022-05-20,61241201,1534625311,21.312981,21.568737,21.142477,21.398233,0.21313,18406
2022-05-23,89274940,2303792821,21.739241,22.293378,21.739241,22.037622,0.639389,30414
2022-05-24,54422622,1403736363,22.250752,22.293378,21.739241,21.781867,-0.255755,16716
2022-05-25,84235779,2200401723,22.080248,22.549134,21.952371,22.506508,0.724641,25478
2022-05-26,83249968,2180382539,22.59176,22.634386,21.994996,22.080248,-0.42626,24319
2022-05-27,57908273,1520493703,22.506508,22.59176,22.208126,22.250752,0.170504,17452
2022-05-30,107044127,2874985070,22.847516,23.145897,22.677012,22.847516,0.596764,31228
2022-05-31,302421463,8175974301,22.890142,23.103271,22.634386,23.103271,0.255755,24506
2022-06-01,61692631,1670893185,23.103271,23.231149,22.890142,22.975394,-0.127877,21355
2022-06-02,101441672,2773143316,22.975394,23.529531,22.847516,23.359027,0.383633,31248
2022-06-06,50102120,1353987981,23.231149,23.359027,22.847516,23.060646,-0.298381,16827
2022-06-07,41538327,1115046473,23.103271,23.188523,22.762264,22.847516,-0.21313,13155
2022-06-08,33202108,891727886,23.103271,23.145897,22.762264,22.847516,0.0,11845
2022-06-09,34941107,929202762,22.847516,22.890142,22.506508,22.719638,-0.127878,12392
2022-06-10,76680617,1989749919,22.506508,22.677012,22.037622,22.122874,-0.596764,25943
2022-06-13,75642088,1945970469,21.739241,22.37863,21.653989,21.739241,-0.383633,28050
2022-06-14,79141162,1982663020,21.398233,21.611363,21.142477,21.568737,-0.170504,25764
2022-06-15,53895913,1363983786,21.739241,21.952371,21.355607,21.355607,-0.21313,20349
2022-06-16,74029185,1849095983,21.824493,21.909745,20.886721,20.886721,-0.468886,27067
2022-06-17,180694512,4228281700,20.460462,20.630966,19.522691,19.906324,-0.980397,54997
2022-06-20,91646534,2092409811,20.034202,20.119454,18.968553,18.968553,-0.937771,28707
2022-06-21,124801568,2942002196,19.352187,20.545714,19.352187,20.460462,1.491909,37529
2022-06-22,129905016,3076538066,20.58834,20.716218,19.778446,20.034202,-0.42626,37794
2022-06-23,127368044,2874600794,20.247332,20.247332,18.840675,18.883301,-1.150901,39068
2022-06-24,58121955,1311029307,19.224309,19.565317,19.011179,19.053805,0.170504,19048
2022-06-27,59744696,1391112546,19.522691,20.076828,19.522691,19.863698,0.809893,19707
2022-06-28,36825856,847069957,19.778446,19.821072,19.352187,19.778446,-0.085252,12297
2022-06-29,54581899,1273858992,19.522691,20.119454,19.394813,20.119454,0.341008,17204
2022-06-30,71166046,1679340001,20.16208,20.332584,19.863698,20.034202,-0.085252,21026
2022-07-01,83704325,1889475596,20.16208,20.204706,18.755423,18.755423,-1.278779,30439
2022-07-04,64386972,1462334940,19.011179,19.73582,18.925927,19.139057,0.383634,20536
2022-07-05,83734022,1938825544,19.565317,19.94895,19.394813,19.906324,0.767267,22136
2022-07-06,66983619,1515117853,20.153827,20.374812,19.667661,19.756055,-0.150269,20614
2022-07-07,54628840,1230529878,19.97704,20.242221,19.446676,20.153827,0.397772,16323
2022-07-08,79290605,1854953144,20.595797,20.905176,20.419009,20.5516,0.397773,21972
2022-07-11,38534113,894499196,20.772585,20.860979,20.286418,20.5516,0.0,12782
2022-07-12,57939724,1300492624,20.330615,20.374812,19.623464,19.667661,-0.883939,18831
2022-07-13,128683716,3006691451,20.286418,21.258752,20.198024,20.463206,0.795545,35198
2022-07-14,51185174,1176378877,20.286418,20.595797,20.065433,20.463206,0.0,16818
2022-07-15,51729906,1175356669,20.463206,20.463206,19.932843,20.021237,-0.441969,16955
2022-07-18,62895506,1454782967,20.153827,20.684191,20.153827,20.507403,0.486166,16847
2022-07-19,77667531,1822730737,20.5516,20.949373,20.463206,20.860979,0.353576,22491
2022-07-20,75413146,1781018760,21.126161,21.258752,20.507403,20.5516,-0.309379,22038
2022-07-21,38066616,886738828,20.639994,20.860979,20.419009,20.595797,0.044197,11441
2022-07-22,33334237,773362097,20.595797,20.772585,20.374812,20.507403,-0.088394,11000
2022-07-25,32881251,751039102,20.419009,20.419009,20.065433,20.153827,-0.353576,11490
2022-07-26,35291834,803039823,20.021237,20.330615,19.97704,20.021237,-0.13259,10415
2022-07-27,30009736,688251597,20.065433,20.463206,20.065433,20.419009,0.397772,9073
2022-07-28,34915715,800739825,20.595797,20.639994,20.065433,20.065433,-0.353576,12138
2022-07-29,32791161,745684366,20.242221,20.330615,19.97704,19.97704,-0.088393,10436
2022-08-01,32392739,726609469,20.021237,20.021237,19.711858,19.800252,-0.176788,10736
2022-08-02,76574863,1667074872,19.623464,19.623464,19.004706,19.048903,-0.751349,27404
2022-08-03,73667950,1556915431,18.827918,19.048903,18.385948,18.606933,-0.44197,23948
2022-08-04,79837605,1654379322,18.430145,18.739524,17.988175,18.606933,0.0,24636
2022-08-05,40936225,882519247,18.916312,19.225691,18.872115,19.225691,0.618758,13268
2022-08-08,25456374,548936727,19.004706,19.269888,18.872115,19.181494,-0.044197,7782
2022-08-09,28826153,629080008,19.181494,19.446676,19.0931,19.314085,0.132591,8861
2022-08-10,33488402,731873748,19.004706,19.53507,18.960509,19.269888,-0.044197,9985
2022-08-11,32260982,712464080,19.711858,19.756055,19.402479,19.402479,0.132591,10414
2022-08-12,25786932,565336312,19.446676,19.579267,19.181494,19.490873,0.088394,9031
2022-08-15,24027043,526538686,19.53507,19.53507,19.269888,19.358282,-0.132591,7776
2022-08-16,39508487,869508802,19.402479,19.667661,19.269888,19.358282,0.0,10681
2022-08-17,28082845,614940497,19.314085,19.579267,19.269888,19.269888,-0.088394,10511
2022-08-18,23157888,503210621,19.137297,19.358282,19.0931,19.181494,-0.088394,7603
2022-08-19,44704468,957013137,19.137297,19.181494,18.783721,18.916312,-0.265182,14849
2022-08-22,35318357,749550748,18.606933,19.004706,18.562736,18.872115,-0.044197,9830
2022-08-23,30719800,647680437,18.695327,18.827918,18.562736,18.562736,-0.309379,10747
2022-08-24,42996602,893428295,18.562736,18.65113,18.20916,18.20916,-0.353576,16350
2022-08-25,24126555,502710845,18.297554,18.562736,18.253357,18.430145,0.220985,7447
2022-08-26,225233885,5060991045,18.606933,20.242221,18.562736,20.242221,1.812076,57396
2022-08-29,128232680,2855077688,19.358282,19.932843,19.269888,19.623464,-0.618757,35802
2022-08-30,81367879,1830656547,19.800252,20.10963,19.623464,19.667661,0.044197,21037
2022-08-31,168899481,3862561963,19.800252,20.595797,19.579267,20.153827,0.486166,39657
2022-09-01,69752071,1587007422,20.065433,20.286418,19.888646,20.065433,-0.088394,19600
2022-09-02,76426411,1699676116,20.198024,20.242221,19.358282,19.446676,-0.618757,24905
2022-09-05,54516394,1180920468,19.446676,19.623464,18.872115,18.916312,-0.530364,17213
2022-09-06,54176812,1180723629,19.048903,19.667661,19.004706,19.048903,0.132591,18220
2022-09-07,29020539,614990645,18.827918,18.872115,18.562736,18.739524,-0.309379,10430
2022-09-08,56522824,1232865563,19.004706,19.490873,19.004706,19.358282,0.618758,15248
2022-09-12,54015974,1209095114,19.579267,19.97704,19.579267,19.800252,0.44197,14788
2022-09-13,53134253,1196088429,20.065433,20.153827,19.711858,19.756055,-0.044197,15882
2022-09-14,45808590,1004461371,19.0931,19.579267,19.048903,19.490873,-0.265182,13133
2022-09-15,46926971,1043976639,19.53507,19.97704,19.490873,19.579267,0.088394,12194
2022-09-16,88898797,1997803265,19.623464,20.065433,19.53507,19.97704,0.397773,19317
2022-09-19,65398759,1481755232,20.242221,20.330615,19.756055,19.844449,-0.132591,19210
2022-09-20,68087917,1551787720,20.065433,20.286418,19.97704,20.065433,0.220984,18383
2022-09-21,59935291,1357583820,20.10963,20.242221,19.800252,20.065433,0.0,16664
2022-09-22,171138391,3878602796,19.844449,20.463206,19.623464,19.623464,-0.441969,45148
2022-09-23,141557455,3091559008,19.53507,19.97704,18.872115,18.916312,-0.707152,47517
2022-09-26,92652706,1908692288,18.562736,18.606933,17.943978,18.032372,-0.88394,32894
2022-09-27,108451646,2151262369,18.032372,18.164963,17.060038,17.722993,-0.309379,36900
2022-09-28,159798498,3032400252,17.502008,17.502008,16.352886,16.44128,-1.281713,45013
2022-09-29,100907946,1968217284,17.015841,17.502008,16.971644,17.236826,0.795546,31192
2022-09-30,93429971,1803460268,16.794856,17.502008,16.485477,17.369417,0.132591,25449
2022-10-03,64255232,1271614219,17.148432,17.722993,17.060038,17.369417,0.0,18299
2022-10-04,45960639,918021750,17.899781,17.988175,17.457811,17.457811,0.088394,12615
2022-10-05,45531816,911214347,17.76719,17.943978,17.502008,17.546205,0.088394,13200
2022-10-06,38619480,774216517,17.678796,17.899781,17.590402,17.76719,0.220985,10294
2022-10-07,52424644,1066021027,17.722993,18.20916,17.634599,17.988175,0.220985,14812
2022-10-11,55198856,1090182276,17.678796,17.811387,17.148432,17.236826,-0.751349,17618
2022-10-12,48049814,936424091,17.413614,17.546205,17.060038,17.104235,-0.132591,14420
2022-10-13,173733209,3090853044,17.060038,17.060038,15.42475,15.42475,-1.679485,55863
2022-10-14,183993489,3140981755,15.645734,15.734128,14.673401,14.938583,-0.486167,46292
2022-10-17,135242665,2237170008,14.761795,15.247962,13.966249,15.159568,0.220985,34663
2022-10-18,62627422,1089132441,15.513144,15.645734,15.159568,15.247962,0.088394,18124
2022-10-19,35905620,618526002,15.292159,15.468947,15.071174,15.071174,-0.176788,12309
2022-10-20,45775224,759997395,14.850189,14.894386,14.496613,14.850189,-0.220985,13161
2022-10-21,47993767,809227244,14.98278,15.292159,14.585007,14.629204,-0.220985,14198
2022-10-24,39591369,675518573,14.98278,15.203765,14.938583,15.026977,0.397773,9927
2022-10-25,25689402,434007325,15.026977,15.159568,14.761795,14.805992,-0.220985,8036
2022-10-26,25448421,425304762,14.805992,14.98278,14.585007,14.761795,-0.044197,7754
2022-10-27,35033694,599906664,15.026977,15.247962,14.938583,15.203765,0.44197,10019
2022-10-28,37932961,652096253,15.159568,15.468947,14.938583,14.98278,-0.220985,11193
2022-10-31,21683639,368510655,15.203765,15.203765,14.894386,14.98278,0.0,7093
2022-11-01,23007968,391203849,15.026977,15.159568,14.894386,15.026977,0.044197,7670
2022-11-02,20137730,343171301,15.115371,15.247962,14.938583,14.938583,-0.088394,6148
2022-11-03,23324539,389629824,14.805992,14.894386,14.585007,14.805992,-0.132591,6793
2022-11-04,56322544,970605154,14.805992,15.645734,14.805992,15.645734,0.839742,14952
2022-11-07,52174383,901556686,15.159568,15.380553,15.159568,15.292159,-0.353575,14051
2022-11-08,99739999,1784726050,15.42475,16.264492,15.380553,15.557341,0.265182,27630
2022-11-09,43807061,777425151,15.910916,15.910916,15.557341,15.645734,0.088393,11793
2022-11-10,51586590,897830481,15.42475,15.689931,15.159568,15.247962,-0.397772,14875
2022-11-11,45926096,805854217,15.734128,15.866719,15.292159,15.292159,0.044197,13903
2022-11-14,41741118,734564320,15.42475,15.734128,15.292159,15.645734,0.353575,13090
2022-11-15,37208440,657607704,15.689931,15.734128,15.513144,15.645734,0.0,9939
2022-11-16,42343431,739478564,15.689931,15.689931,15.292159,15.336356,-0.309378,13184
2022-11-17,29107638,505076786,15.336356,15.468947,15.203765,15.292159,-0.044197,8685
2022-11-18,51514358,896411761,15.336356,15.645734,15.203765,15.203765,-0.088394,13927
2022-11-21,37175758,633056980,15.292159,15.336356,14.938583,14.98278,-0.220985,12062
2022-11-22,25875169,441519220,15.026977,15.292159,14.98278,14.98278,0.0,7829
2022-11-23,27884155,480400666,15.115371,15.336356,15.115371,15.203765,0.220985,8117
2022-11-24,21344899,369829235,15.336356,15.468947,15.203765,15.336356,0.132591,7086
2022-11-25,42636512,746477009,15.42475,15.645734,15.336356,15.336356,0.0,11228
2022-11-28,27435190,473164470,15.336356,15.380553,15.115371,15.247962,-0.088394,7486
2022-11-29,130974054,2350946409,15.203765,16.176098,15.203765,16.043507,0.795545,34565
2022-11-30,75867567,1366504735,15.99931,16.043507,15.778325,15.99931,-0.044197,20603
2022-12-01,69317620,1257584439,16.264492,16.352886,15.822522,15.910916,-0.088394,19423
2022-12-02,30865122,555176387,15.778325,16.087704,15.778325,15.822522,-0.088394,9318
2022-12-05,116446845,2161158777,15.910916,16.750659,15.822522,16.706462,0.88394,31311
2022-12-06,172437691,3313230770,16.750659,17.457811,16.529674,16.750659,0.044197,47536
2022-12-07,116483867,2240575726,16.794856,17.236826,16.618068,17.060038,0.309379,30676
2022-12-08,77130601,1497354138,17.104235,17.413614,17.015841,17.060038,0.0,18939
2022-12-09,82553435,1624155210,17.236826,17.590402,17.148432,17.369417,0.309379,22053
2022-12-12,66940036,1306588829,17.413614,17.590402,17.015841,17.060038,-0.309379,17344
2022-12-13,52221566,999024504,17.236826,17.281023,16.706462,16.88325,-0.176788,14038
2022-12-14,35787018,684906755,16.927447,17.015841,16.794856,17.015841,0.132591,8509
2022-12-15,64264668,1254855484,17.015841,17.457811,16.927447,17.32522,0.309379,17332
2022-12-16,53046970,1028673868,17.148432,17.32522,17.015841,17.060038,-0.265182,13587
2022-12-19,38608086,736699420,16.971644,17.104235,16.706462,16.706462,-0.353576,12657
2022-12-20,52807512,979041564,16.794856,16.88325,15.99931,16.043507,-0.662955,18227
2022-12-21,29283175,544413998,16.176098,16.662265,16.176098,16.573871,0.530364,9007
2022-12-22,62914235,1213079082,16.88325,17.281023,16.750659,17.060038,0.486167,16726
2022-12-23,26392033,501734650,16.88325,16.971644,16.706462,16.794856,-0.265182,9174
2022-12-26,26352726,505284886,16.88325,17.148432,16.750659,16.88325,0.088394,7024
2022-12-27,126421384,2481085757,17.502008,17.811387,17.015841,17.104235,0.220985,29534
2022-12-28,38023353,730610927,16.971644,17.192629,16.839053,16.88325,-0.220985,10591
2022-12-29,41879297,790834678,16.706462,16.88325,16.44128,16.794856,-0.088394,13939
2022-12-30,20837222,398072545,17.015841,17.060038,16.794856,16.794856,0.0,6744
2023-01-03,27118327,512072772,16.706462,16.88325,16.529674,16.706462,-0.088394,7617
2023-01-04,20747672,392045847,16.794856,16.927447,16.573871,16.618068,-0.088394,6070
2023-01-05,26337843,496444101,16.750659,16.88325,16.485477,16.485477,-0.132591,7855
2023-01-06,15357569,288795536,16.573871,16.794856,16.485477,16.750659,0.265182,4854
2023-01-09,42238753,806889638,17.015841,17.148432,16.706462,16.794856,0.044197,10052
2023-01-10,19382993,369779459,16.839053,16.971644,16.750659,16.88325,0.088394,5999
2023-01-11,55460793,1070900291,16.971644,17.281023,16.927447,16.927447,0.044197,13277
2023-01-12,16609340,318006526,16.971644,17.060038,16.839053,16.839053,-0.088394,5619
2023-01-13,28876649,555051500,17.015841,17.060038,16.88325,16.927447,0.088394,7126
2023-01-16,23324878,445873242,17.060038,17.104235,16.839053,16.839053,-0.088394,9514
2023-01-17,28336747,538097081,16.88325,17.015841,16.706462,16.750659,-0.088394,8340
2023-01-30,39350202,757825286,17.015841,17.148432,16.88325,17.104235,0.353576,10794
2023-01-31,27024527,523783632,16.971644,17.236826,16.971644,17.148432,0.044197,7962
2023-02-01,71535021,1411063449,17.236826,17.590402,17.148432,17.457811,0.309379,18847
2023-02-02,49878538,985989646,17.678796,17.678796,17.281023,17.546205,0.088394,12815
2023-02-03,24951703,491651672,17.546205,17.590402,17.32522,17.32522,-0.220985,8208
2023-02-06,22984324,451971175,17.236826,17.502008,17.148432,17.32522,0.0,6185
2023-02-07,38587662,748958843,17.369417,17.457811,17.015841,17.060038,-0.265182,11269
2023-02-08,22042920,424957554,17.148432,17.192629,16.971644,17.015841,-0.044197,8659
2023-02-09,15494797,298622746,17.015841,17.192629,16.971644,16.971644,-0.044197,5027
2023-02-10,32045363,608123249,16.927447,17.015841,16.662265,16.662265,-0.309379,11663
2023-02-13,28516761,542886943,16.794856,17.015841,16.706462,16.706462,0.044197,8403
2023-02-14,62772772,1219435511,16.88325,17.281023,16.839053,17.281023,0.574561,16348
2023-02-15,40270573,786236482,17.148432,17.413614,17.104235,17.236826,-0.044197,14687
2023-02-16,261250359,5384644905,17.413614,18.827918,17.369417,18.562736,1.32591,69924
2023-02-17,142820941,3009182139,18.606933,18.960509,18.385948,18.562736,0.0,41240
2023-02-20,129210544,2762386294,18.739524,19.225691,18.562736,18.827918,0.265182,36167
2023-02-21,86716053,1810832735,18.872115,18.960509,18.164963,18.385948,-0.44197,26308
2023-02-22,41964179,857033240,18.120766,18.164963,17.943978,18.120766,-0.265182,13920
2023-02-23,38301811,788126469,18.20916,18.341751,18.076569,18.120766,0.0,11504
2023-02-24,36388466,742120836,18.253357,18.297554,17.943978,17.943978,-0.176788,10439
2023-03-01,33202889,666141183,17.943978,17.988175,17.634599,17.76719,-0.176788,11160
2023-03-02,18493152,375363684,17.76719,18.032372,17.76719,17.943978,0.176788,6238
2023-03-03,16364928,333637843,18.120766,18.164963,17.943978,17.943978,0.0,5812
2023-03-06,20175428,410365842,18.164963,18.164963,17.899781,17.943978,0.0,6277
2023-03-07,13493549,274064569,17.988175,18.032372,17.899781,17.943978,0.0,5139
2023-03-08,17847512,361348773,17.943978,17.988175,17.811387,17.899781,-0.044197,6327
2023-03-09,81408145,1688774897,18.032372,18.65113,17.855584,18.474342,0.574561,22846
2023-03-10,116523483,2356617935,18.430145,18.430145,17.236826,17.722993,-0.751349,36041
2023-03-13,43878189,870054910,17.590402,17.722993,17.32522,17.634599,-0.088394,13510
2023-03-14,75342041,1464566674,17.457811,17.546205,16.971644,16.971644,-0.662955,24864
2023-03-15,50404990,981610617,17.148432,17.413614,17.060038,17.148432,0.176788,18114
2023-03-16,31228589,596149873,16.971644,17.104235,16.794856,16.794856,-0.353576,10585
2023-03-17,36001977,685720136,16.971644,17.060038,16.750659,16.794856,0.0,9884
2023-03-20,17154995,329170622,16.839053,17.060038,16.794856,17.015841,0.220985,4557
2023-03-21,22239905,426859329,17.015841,17.148432,16.88325,16.88325,-0.132591,7554
2023-03-22,25538390,492379268,17.015841,17.192629,16.927447,17.015841,0.132591,7750
2023-03-23,14854795,286346353,16.971644,17.148432,16.927447,17.060038,0.044197,5155
2023-03-24,19182112,370183742,17.104235,17.148432,16.971644,17.060038,0.0,5302
2023-03-27,16967617,325936745,17.060038,17.148432,16.88325,16.927447,-0.132591,5935
2023-03-28,28835735,560267882,16.971644,17.369417,16.971644,17.015841,0.088394,9156
2023-03-29,41931269,826143510,17.192629,17.590402,17.192629,17.413614,0.397773,13260
2023-03-30,23589121,462475709,17.546205,17.634599,17.192629,17.236826,-0.176788,7964
2023-03-31,16496279,322241286,17.32522,17.369417,17.192629,17.236826,0.0,4784
2023-04-06,18140129,350118690,17.281023,17.281023,16.927447,17.015841,-0.220985,7075
2023-04-07,9756020,188888970,17.148432,17.192629,17.015841,17.104235,0.088394,3083
2023-04-10,11802498,228358275,17.192629,17.236826,17.060038,17.060038,-0.044197,3960
2023-04-11,9054917,175730472,17.148432,17.236826,17.060038,17.148432,0.088394,3312
2023-04-12,11632213,225073355,17.192629,17.236826,17.060038,17.104235,-0.044197,4269
2023-04-13,97926307,1950767037,17.457811,17.855584,17.32522,17.502008,0.397773,24251
2023-04-14,34689840,686916881,17.634599,17.678796,17.32522,17.502008,0.0,9666
2023-04-17,40552170,791800417,17.32522,17.502008,17.148432,17.236826,-0.265182,11033
2023-04-18,18138045,351376592,17.236826,17.236826,17.060038,17.060038,-0.176788,6704
2023-04-19,21323381,414164548,17.148432,17.32522,17.060038,17.060038,0.0,8393
2023-04-20,19205376,371537915,17.148432,17.281023,17.015841,17.015841,-0.044197,5707
2023-04-21,20343819,389912410,17.060038,17.148432,16.839053,16.88325,-0.132591,7004
2023-04-24,16546228,315823898,16.839053,16.971644,16.794856,16.927447,0.044197,4721
2023-04-25,37167736,702423632,16.927447,17.060038,16.529674,16.618068,-0.309379,13109
2023-04-26,31757319,588501683,16.573871,16.618068,16.308689,16.352886,-0.265182,11696
2023-04-27,36226439,684439791,16.397083,16.971644,16.397083,16.618068,0.265182,10396
2023-04-28,16708278,316776033,16.839053,16.88325,16.662265,16.794856,0.176788,5082
2023-05-02,13594547,257798559,16.794856,16.88325,16.618068,16.794856,0.0,4833
2023-05-03,10913541,206804846,16.794856,16.88325,16.618068,16.750659,-0.044197,3791
2023-05-04,8859824,167773324,16.750659,16.839053,16.662265,16.750659,0.0,3099
2023-05-05,11250981,213308823,16.750659,16.88325,16.706462,16.706462,-0.044197,4154
2023-05-08,15234770,290583707,16.839053,16.971644,16.750659,16.794856,0.088394,4344
2023-05-09,21109962,404428319,16.88325,17.015841,16.839053,16.971644,0.176788,6189
2023-05-10,59244791,1163858714,17.502008,17.634599,17.148432,17.236826,0.265182,15215
2023-05-11,59553125,1140462239,17.192629,17.369417,16.662265,16.662265,-0.574561,15745
2023-05-12,14198649,268383680,16.750659,16.88325,16.573871,16.794856,0.132591,5021
2023-05-15,8844342,167753880,16.706462,16.927447,16.706462,16.706462,-0.088394,3473
2023-05-16,22477021,430816674,16.88325,17.015841,16.839053,16.88325,0.176788,6105
2023-05-17,21287932,409520869,17.060038,17.104235,16.927447,16.971644,0.088394,7171
2023-05-18,25252491,489687291,17.104235,17.236826,17.015841,17.148432,0.176788,7572
2023-05-19,166145500,3322303134,17.236826,18.20916,17.148432,17.678796,0.530364,42515
2023-05-22,113472721,2315521250,17.899781,18.20916,17.722993,18.164963,0.486167,33955
2023-05-23,88234968,1816444479,18.120766,18.474342,17.899781,17.988175,-0.176788,26320
2023-05-24,64111814,1323506801,18.076569,18.385948,17.988175,18.297554,0.309379,18703
2023-05-25,66887659,1388994233,18.297554,18.518539,18.120766,18.385948,0.088394,17369
2023-05-26,109175937,2287328607,18.430145,18.739524,18.385948,18.430145,0.044197,23641
2023-05-29,144771357,3109091949,18.739524,19.269888,18.606933,19.137297,0.707152,38344
2023-05-30,170030013,3747231102,19.446676,19.800252,19.137297,19.269888,0.132591,48750
2023-05-31,128163760,2845058803,19.358282,19.800252,19.314085,19.623464,0.353576,30679
2023-06-01,189350615,4308800581,19.756055,20.463206,19.579267,20.463206,0.839742,51848
2023-06-02,176667426,4089927521,20.728388,20.860979,20.021237,20.374812,-0.088394,53450
2023-06-05,94544100,2149081539,20.419009,20.595797,19.844449,19.97704,-0.397772,31707
2023-06-06,59215657,1354496271,20.10963,20.419009,20.021237,20.10963,0.13259,17038
2023-06-07,46062186,1046976096,20.286418,20.374812,19.932843,19.97704,-0.13259,14926
2023-06-08,72574376,1638582477,20.021237,20.242221,19.579267,20.021237,0.044197,21074
2023-06-09,37637464,856885876,20.242221,20.330615,19.97704,20.065433,0.044196,11583
2023-06-12,59857618,1328818887,20.021237,20.065433,19.446676,19.756055,-0.309378,17109
2023-06-13,92099325,2099069656,19.932843,20.330615,19.932843,20.10963,0.353575,20998
2023-06-14,421627942,10146181959,20.419009,21.921707,20.374812,21.921707,1.812077,103131
2023-06-15,589307714,15676984578,22.849844,24.08736,22.628859,24.08736,2.165653,149792
2023-06-16,580503416,16210807088,24.573526,25.413269,23.954769,24.396739,0.309379,162991
2023-06-19,212994649,5986789349,24.706117,25.192284,24.573526,24.66192,0.265181,63130
2023-06-20,173371407,4803870074,24.927102,25.148087,24.131557,24.352542,-0.309378,51296
2023-06-21,125891700,3495614707,24.529329,24.794511,24.175754,24.66192,0.309378,37554
2023-06-26,107252520,2975349667,24.617723,24.794511,24.219951,24.573526,-0.088394,30305
2023-06-27,215617110,5709929521,24.396739,24.396739,22.805647,23.026632,-1.546894,67163
2023-06-28,112821591,3032029408,23.689587,23.998966,23.512799,23.866375,0.839743,33715
2023-06-29,79745462,2115468958,23.910572,23.954769,23.20342,23.424405,-0.44197,23440
2023-06-30,61618035,1622714271,23.424405,23.601193,23.070829,23.159223,-0.265182,20873
2023-07-03,60787570,1601626195,23.380208,23.556996,22.982435,23.20342,0.044197,20790
2023-07-04,60876499,1607962812,23.20342,23.64539,23.115026,23.380208,0.176788,17434
2023-07-05,120535351,3239699330,23.468602,24.219951,23.291814,23.291814,-0.088394,35770
2023-07-06,56117581,1468285616,23.070829,23.336011,22.982435,23.115026,-0.176788,18146
2023-07-07,52627835,1382379702,23.159223,23.424405,23.026632,23.20342,0.088394,15421
2023-07-10,41318418,1078235004,23.482329,23.66227,23.392358,23.392358,0.188938,12564
2023-07-11,163350624,4408075394,24.472005,24.651947,23.797226,24.337049,0.944691,46177
2023-07-12,148167010,4070764389,24.651947,25.011829,24.472005,24.561976,0.224927,44781
2023-07-13,146348616,3924780428,24.831888,24.966844,23.752241,24.022152,-0.539824,43652
2023-07-14,207264835,5300386186,23.752241,24.157108,22.402681,22.537637,-1.484515,70342
2023-07-17,76761882,1918716434,22.492652,22.807549,22.042799,22.582623,0.044986,24636
2023-07-18,79082316,1982240518,22.627608,22.98749,22.22274,22.537637,-0.044986,22914
2023-07-19,90318981,2216626466,22.627608,22.672593,21.592946,22.042799,-0.494838,30383
2023-07-20,111186511,2841057168,22.042799,23.257402,22.042799,23.257402,1.214603,36101
2023-07-21,95374949,2461642881,23.302387,23.572299,22.852534,22.89752,-0.359882,30726
2023-07-24,41948435,1062891855,23.077461,23.122446,22.582623,22.762564,-0.134956,13393
2023-07-25,55666630,1401424208,22.89752,23.032476,22.402681,22.582623,-0.179941,19027
2023-07-26,35531050,901956012,22.672593,23.122446,22.627608,22.627608,0.044985,12051
2023-07-27,81309691,2097913182,22.852534,23.527314,22.807549,23.347373,0.719765,26000
2023-07-28,61765014,1569314830,23.122446,23.257402,22.672593,22.89752,-0.449853,19984
2023-07-31,49827883,1251656082,22.98749,23.032476,22.357696,22.447667,-0.449853,16999
2023-08-01,38448514,976714135,22.537637,22.98749,22.537637,22.852534,0.404867,10958
2023-08-02,52219637,1323376621,22.89752,23.257402,22.492652,22.492652,-0.359882,16256
2023-08-04,27559780,688171992,22.492652,22.627608,22.312711,22.447667,-0.044985,10109
2023-08-07,62396456,1513486684,22.447667,22.492652,21.637931,21.997814,-0.449853,19862
2023-08-08,54544832,1366677268,22.13277,22.852534,22.087784,22.402681,0.404867,16107
2023-08-09,112141413,2879710572,22.852534,23.482329,22.762564,22.942505,0.539824,32855
2023-08-10,130555509,3277763766,22.942505,23.122446,22.22274,22.627608,-0.314897,36378
2023-08-11,151961603,3833718775,22.267725,23.347373,21.862858,22.762564,0.134956,37813
2023-08-14,98268285,2415614939,22.89752,22.942505,21.772887,21.772887,-0.989677,31778
2023-08-15,73744508,1828463551,22.042799,22.672593,21.997814,22.267725,0.494838,19278
2023-08-16,64571786,1565358622,21.952828,22.177755,21.592946,21.682917,-0.584808,21483
2023-08-17,69225534,1658800846,21.368019,21.952828,21.008137,21.682917,0.0,21092
2023-08-18,55515383,1327616517,21.592946,21.997814,21.233063,21.278049,-0.404868,18826
2023-08-21,39960219,942885850,21.547961,21.682917,21.053122,21.053122,-0.224927,13054
2023-08-22,53469274,1278011259,21.413005,21.772887,21.323034,21.323034,0.269912,14270
2023-08-23,58499054,1398624250,21.682917,21.997814,21.098108,21.188078,-0.134956,17420
2023-08-24,33893403,807339377,21.502975,21.682917,21.143093,21.45799,0.269912,9637
2023-08-25,51580155,1239656693,21.907843,21.952828,21.368019,21.368019,-0.089971,16984
2023-08-28,37895846,885699006,21.592946,21.592946,20.828196,20.828196,-0.539823,14329
2023-08-29,17711200,411893696,20.918166,21.053122,20.828196,20.963152,0.134956,5791
2023-08-30,26874332,621900246,21.233063,21.233063,20.69324,20.738225,-0.224927,10344
2023-08-31,46563395,1058469011,20.78321,20.918166,20.333357,20.333357,-0.404868,16293
2023-09-01,28589601,656302077,20.423328,20.828196,20.333357,20.648255,0.314898,10035
2023-09-04,22081191,506828771,20.648255,20.828196,20.423328,20.78321,0.134955,7315
2023-09-05,36555472,847125870,20.873181,21.053122,20.69324,20.738225,-0.044985,10676
2023-09-06,18018008,415913339,20.78321,20.873181,20.69324,20.78321,0.044985,5821
2023-09-07,21261405,486173512,20.69324,20.828196,20.468313,20.468313,-0.314897,8109
2023-09-08,13646973,310519960,20.423328,20.603269,20.378343,20.423328,-0.044985,4976
2023-09-11,24399009,548363901,20.468313,20.603269,20.01846,20.01846,-0.404868,9659
2023-09-12,29626725,671409468,20.153416,20.558284,20.153416,20.378343,0.359883,8797
2023-09-13,21631341,489785887,20.468313,20.558284,20.153416,20.513299,0.134956,6666
2023-09-14,24705625,563986597,20.603269,20.648255,20.423328,20.558284,0.044985,7384
2023-09-15,32592494,735934931,20.603269,20.648255,20.153416,20.198401,-0.359883,11183
2023-09-18,17742757,398123141,20.153416,20.423328,20.01846,20.108431,-0.08997,6044
2023-09-19,19701934,438367745,20.108431,20.243387,19.92849,19.973475,-0.134956,7927
2023-09-20,22771439,504567511,20.01846,20.108431,19.838519,19.92849,-0.044985,8634
2023-09-21,34902549,761927998,19.973475,20.01846,19.478637,19.478637,-0.449853,12608
2023-09-22,21868422,473283649,19.388666,19.703563,19.208725,19.658578,0.179941,7013
2023-09-25,18643180,411115770,19.658578,20.063446,19.613593,19.703563,0.044985,6540
2023-09-26,17931633,388982146,19.703563,19.703563,19.433651,19.433651,-0.269912,6912
2023-09-27,12016552,261098930,19.433651,19.658578,19.388666,19.523622,0.089971,5015
2023-09-28,34222331,731843573,19.568607,19.568607,19.073769,19.073769,-0.449853,11622
2023-10-02,20974302,445190444,19.298695,19.298695,18.983798,19.118754,0.044985,5999
2023-10-03,31627397,664398172,19.163739,19.163739,18.758872,18.803857,-0.314897,9758
2023-10-04,23808173,491148416,18.803857,18.803857,18.48896,18.48896,-0.314897,8643
2023-10-05,55690237,1197547954,18.848842,19.568607,18.848842,19.523622,1.034662,17017
2023-10-06,24554481,528152979,19.613593,19.613593,19.208725,19.25371,-0.269912,7317
2023-10-11,33541182,703860600,19.343681,19.343681,18.713886,18.713886,-0.539824,11235
2023-10-12,28031966,595513386,18.983798,19.343681,18.938813,19.118754,0.404868,8102
2023-10-13,20133795,420802945,18.938813,19.028784,18.713886,18.803857,-0.314897,8105
2023-10-16,43222812,868256354,18.48896,18.533945,17.994122,17.994122,-0.809735,16411
2023-10-17,35527351,705676753,18.084092,18.174063,17.72421,17.72421,-0.269912,15017
2023-10-18,35934157,706570311,17.769195,18.084092,17.454298,17.499283,-0.224927,12718
2023-10-19,26848217,517321690,17.229371,17.544269,17.184386,17.319342,-0.179941,9320
2023-10-20,37670249,712923091,17.184386,17.229371,16.779518,17.094416,-0.224926,11388
2023-10-23,23534621,451559357,16.914474,17.544269,16.914474,17.184386,0.08997,7662
2023-10-24,19552991,376265646,17.364327,17.454298,17.094416,17.454298,0.269912,6830
2023-10-25,11961482,232258872,17.544269,17.589254,17.409313,17.409313,-0.044985,5153
2023-10-26,17014175,327984870,17.364327,17.589254,17.184386,17.229371,-0.179942,6592
2023-10-27,26793638,525451650,17.319342,17.859166,17.319342,17.679224,0.449853,8725
2023-10-30,16178572,312894883,17.544269,17.589254,17.274357,17.364327,-0.314897,6139
2023-10-31,15930485,310288284,17.544269,17.72421,17.364327,17.409313,0.044986,5824
2023-11-01,53568827,1058702769,17.589254,18.039107,17.499283,17.994122,0.584809,14029
2023-11-02,46487103,940296570,17.994122,18.398989,17.769195,18.398989,0.404867,13094
2023-11-03,78809819,1664654913,18.48896,19.388666,18.443975,19.028784,0.629795,23027
2023-11-06,51016925,1095536189,19.433651,19.523622,19.073769,19.298695,0.269911,14390
2023-11-07,23770492,501978558,19.343681,19.343681,18.893828,18.893828,-0.404867,9457
2023-11-08,24374297,515943063,19.028784,19.343681,18.893828,19.028784,0.134956,8007
2023-11-09,44086748,925974428,18.938813,19.163739,18.578931,18.848842,-0.179942,11125
2023-11-10,14788625,309276740,18.668901,18.983798,18.668901,18.713886,-0.134956,5681
2023-11-13,23700715,493335582,18.938813,19.028784,18.533945,18.623916,-0.08997,8007
2023-11-14,19990001,415813333,18.758872,19.028784,18.578931,18.623916,0.0,6244
2023-11-15,34655630,726281487,18.848842,19.028784,18.713886,18.983798,0.359882,11028
2023-11-16,111848598,2434809893,19.073769,19.838519,19.073769,19.703563,0.719765,30505
2023-11-17,60890133,1330128596,19.838519,19.92849,19.433651,19.613593,-0.08997,17733
2023-11-20,54804964,1160892668,19.028784,19.298695,18.713886,19.118754,-0.494839,13757
2023-11-21,41829433,905366428,19.388666,19.613593,19.298695,19.478637,0.359883,11287
2023-11-22,42186659,911924194,19.478637,19.793534,19.208725,19.298695,-0.179942,12801
2023-11-23,38566821,838571490,19.343681,19.793534,19.208725,19.658578,0.359883,11283
2023-11-24,37277636,796969827,19.388666,19.478637,19.118754,19.163739,-0.494839,12720
2023-11-27,23105266,490605091,19.25371,19.388666,18.893828,18.893828,-0.269911,7936
2023-11-28,17157677,366372190,18.983798,19.343681,18.983798,19.25371,0.359882,5619
2023-11-29,23285780,492203352,19.298695,19.343681,18.938813,18.938813,-0.314897,8836
2023-11-30,18133645,383207389,19.073769,19.208725,18.938813,18.983798,0.044985,5347
2023-12-01,12937943,274299974,19.073769,19.163739,18.983798,19.028784,0.044986,4360
2023-12-04,32580518,701457428,19.163739,19.523622,19.073769,19.433651,0.404867,10789
2023-12-05,20007560,428126268,19.388666,19.523622,19.163739,19.208725,-0.224926,7182
2023-12-06,15487456,332347008,19.25371,19.433651,19.208725,19.208725,0.0,5428
2023-12-07,33604673,725650775,19.433651,19.658578,19.25371,19.388666,0.179941,10107
2023-12-08,38885209,844708450,19.568607,19.703563,19.388666,19.478637,0.089971,10257
2023-12-11,16139542,349382368,19.658578,19.703563,19.343681,19.523622,0.044985,4875
2023-12-12,35805863,774437951,19.568607,19.793534,19.25371,19.388666,-0.134956,9233
2023-12-13,19674174,421175471,19.388666,19.478637,19.163739,19.208725,-0.179941,7088
2023-12-14,18983672,406353821,19.388666,19.388666,19.163739,19.25371,0.044985,5899
2023-12-15,25501979,550312195,19.433651,19.613593,19.298695,19.388666,0.134956,7046
2023-12-18,37551770,793593893,19.343681,19.388666,18.893828,18.983798,-0.404868,13002
2023-12-19,30570837,633676758,18.983798,19.028784,18.48896,18.623916,-0.359882,12058
2023-12-20,20766680,437585934,18.713886,19.118754,18.713886,18.938813,0.314897,6375
2023-12-21,20257804,427515588,18.713886,19.163739,18.623916,19.118754,0.179941,6913
2023-12-22,94599794,2065599918,19.343681,19.838519,19.163739,19.703563,0.584809,24193
2023-12-25,99341992,2204993472,20.198401,20.333357,19.613593,19.973475,0.269912,27033
2023-12-26,37361437,822731799,20.01846,20.108431,19.703563,19.703563,-0.269912,12901
2023-12-27,27912798,605959742,19.658578,19.703563,19.433651,19.523622,-0.179941,10505
2023-12-28,15747211,340516458,19.478637,19.613593,19.343681,19.478637,-0.044985,6239
2023-12-29,25759078,561199999,19.523622,19.793534,19.478637,19.478637,0.0,7422
2024-01-02,126250599,2821818073,19.703563,20.423328,19.658578,20.108431,0.629794,31329
2024-01-03,44659025,990769564,20.063446,20.243387,19.838519,19.883504,-0.224927,14905
2024-01-04,35291029,780252658,19.92849,20.01846,19.658578,19.883504,0.0,10991
2024-01-05,34251131,750028692,20.01846,20.108431,19.523622,19.523622,-0.359882,11371
2024-01-08,17497994,381778978,19.793534,19.838519,19.478637,19.523622,0.0,6259
2024-01-09,36193262,775051895,19.433651,19.523622,19.118754,19.118754,-0.404868,11829
2024-01-10,28627650,599652728,19.118754,19.118754,18.713886,18.758872,-0.359882,11146
2024-01-11,34722309,731335702,18.893828,19.298695,18.758872,18.758872,0.0,11126
2024-01-12,21532205,452818444,18.848842,19.073769,18.758872,18.983798,0.224926,6633
2024-01-15,52513198,1084760017,18.848842,18.893828,18.398989,18.623916,-0.359882,16182
2024-01-16,40139975,816941334,18.48896,18.533945,18.219048,18.264033,-0.359883,13629
2024-01-17,31544752,635155616,18.219048,18.264033,17.994122,17.994122,-0.269911,12713
2024-01-18,17990238,364968273,18.084092,18.354004,18.084092,18.264033,0.269911,5711
2024-01-19,23411020,474223921,18.443975,18.443975,18.129078,18.174063,-0.08997,7827
2024-01-22,23431914,478901880,18.309019,18.578931,18.174063,18.398989,0.224926,6962
2024-01-23,21362000,440482092,18.578931,18.803857,18.443975,18.443975,0.044986,6509
2024-01-24,14284816,294364015,18.443975,18.668901,18.398989,18.48896,0.044985,5172
2024-01-25,7549275,154647255,18.578931,18.578931,18.354004,18.443975,-0.044985,3421
2024-01-26,14119780,290819935,18.48896,18.668901,18.398989,18.623916,0.179941,4129
2024-01-29,38703967,807057506,18.848842,19.028784,18.623916,18.623916,0.0,10734
2024-01-30,16185551,331796712,18.623916,18.668901,18.309019,18.354004,-0.269912,6132
2024-01-31,11022377,224345279,18.354004,18.48896,18.219048,18.354004,0.0,4128
2024-02-01,13192536,270645019,18.398989,18.578931,18.309019,18.48896,0.134956,4139
2024-02-02,9326619,191298162,18.48896,18.578931,18.354004,18.398989,-0.089971,3475
2024-02-05,19213275,393316473,18.398989,18.533945,18.264033,18.443975,0.044986,5159
2024-02-15,34875933,698146650,18.398989,18.398989,17.904151,17.994122,-0.449853,13321
2024-02-16,24688343,497865077,17.859166,18.354004,17.859166,18.219048,0.224926,7407
2024-02-19,12660073,256842696,18.309019,18.443975,18.174063,18.219048,0.0,4871
2024-02-20,16974742,341608954,18.219048,18.309019,18.039107,18.084092,-0.134956,6515
2024-02-21,17553283,355392884,18.174063,18.354004,18.084092,18.174063,0.089971,5631
2024-02-22,21867465,438865312,18.174063,18.219048,17.994122,17.994122,-0.179941,7774
2024-02-23,24394395,486277688,18.084092,18.084092,17.859166,17.859166,-0.134956,11515
2024-02-26,15294677,304414065,17.904151,17.994122,17.81418,17.904151,0.044985,5886
2024-02-27,17448890,345368035,17.904151,17.994122,17.72421,17.769195,-0.134956,7415
2024-02-29,24183998,481897129,17.769195,17.994122,17.769195,17.994122,0.224927,5858
2024-03-01,12271207,243589220,17.994122,17.994122,17.81418,17.81418,-0.179942,5127
2024-03-04,17429362,344193402,17.81418,17.859166,17.72421,17.72421,-0.08997,6981
2024-03-05,14332623,283619212,17.769195,17.949136,17.72421,17.72421,0.0,5220
2024-03-06,20937176,410306001,17.72421,17.769195,17.589254,17.589254,-0.134956,9051
2024-03-07,18142247,354150299,17.589254,17.679224,17.499283,17.499283,-0.089971,7910
2024-03-08,30322439,595592602,17.499283,17.81418,17.454298,17.81418,0.314897,9749
2024-03-11,30066139,588620518,17.81418,17.81418,17.544269,17.544269,-0.269911,11224
2024-03-12,28237971,559415776,17.72421,17.904151,17.634239,17.859166,0.314897,11030
2024-03-13,24241450,478154644,17.859166,17.949136,17.634239,17.679224,-0.179942,8441
2024-03-14,22676561,447532217,17.72421,17.994122,17.634239,17.679224,0.0,6861
2024-03-15,31574764,614088175,17.72421,17.72421,17.409313,17.409313,-0.269911,10620
2024-03-18,18552419,356964135,17.409313,17.409313,17.229371,17.229371,-0.179942,8125
2024-03-19,22613742,434054503,17.229371,17.364327,17.184386,17.229371,0.0,8970
2024-03-20,16397016,313744321,17.229371,17.274357,17.139401,17.184386,-0.044985,7328
2024-03-21,12841557,246537920,17.229371,17.319342,17.229371,17.319342,0.134956,5655
2024-03-22,11699442,226039553,17.364327,17.454298,17.319342,17.409313,0.089971,5116
2024-03-25,11804058,228670170,17.319342,17.499283,17.319342,17.454298,0.044985,4191
2024-03-26,18412690,354094471,17.454298,17.499283,17.184386,17.184386,-0.269912,7105
2024-03-27,16105685,313091929,17.184386,17.634239,17.184386,17.589254,0.404868,6494
2024-03-28,15061675,295494358,17.679224,17.81418,17.544269,17.544269,-0.044985,5693
2024-03-29,10923021,213487573,17.589254,17.72421,17.454298,17.544269,0.0,4778
2024-04-01,9838657,192554644,17.544269,17.769195,17.544269,17.544269,0.0,3302
2024-04-02,9540075,184972073,17.544269,17.544269,17.409313,17.409313,-0.134956,4064
2024-04-03,13567699,260327322,17.409313,17.409313,17.229371,17.229371,-0.179942,5689
2024-04-08,9361311,179279029,17.184386,17.274357,17.139401,17.274357,0.044986,4045
2024-04-09,15240473,296339683,17.319342,17.589254,17.319342,17.499283,0.224926,5683
2024-04-10,11623231,226550568,17.544269,17.634239,17.454298,17.589254,0.089971,4783
2024-04-11,66950713,1334439919,17.634239,18.129078,17.634239,17.949136,0.359882,17555
2024-04-12,56989119,1141343212,17.949136,18.174063,17.679224,18.039107,0.089971,16104
2024-04-15,21242173,420667129,17.994122,17.994122,17.679224,17.81418,-0.224927,7398
2024-04-16,26360387,512021331,17.81418,17.81418,17.319342,17.319342,-0.494838,10568
2024-04-17,15986652,308654697,17.364327,17.454298,17.319342,17.319342,0.0,6446
2024-04-18,39560827,782405383,17.409313,18.039107,17.409313,17.634239,0.314897,12501
2024-04-19,42357921,831331240,17.72421,17.949136,17.454298,17.499283,-0.134956,14651
2024-04-22,42461155,843750113,17.589254,18.129078,17.589254,17.81418,0.314897,13142
2024-04-23,43594348,877881523,17.949136,18.309019,17.859166,18.039107,0.224927,13941
2024-04-24,128949475,2637938390,18.084092,18.668901,17.81418,18.48896,0.449853,30838
2024-04-25,83385875,1707355316,18.48896,18.668901,18.174063,18.354004,-0.134956,21403
2024-04-26,167083541,3528933857,18.443975,19.433651,18.354004,19.343681,0.989677,48327
2024-04-29,109813097,2372216073,19.793534,19.973475,19.163739,19.208725,-0.134956,30701
2024-04-30,53492288,1122750685,19.208725,19.208725,18.758872,18.848842,-0.359883,13871
2024-05-02,72915004,1570063178,18.938813,19.703563,18.938813,19.343681,0.494839,20155
2024-05-03,50352174,1086816378,19.343681,19.658578,19.25371,19.343681,0.0,15300
2024-05-06,46851424,1012463453,19.568607,19.658578,19.208725,19.298695,-0.044986,12266
2024-05-07,31893201,678953332,19.343681,19.478637,18.938813,19.208725,-0.08997,9944
2024-05-08,32926756,707206307,19.298695,19.478637,19.118754,19.478637,0.269912,9572
2024-05-09,30985232,660376131,19.523622,19.523622,18.938813,19.028784,-0.449853,10329
2024-05-10,238376138,5339276934,19.433651,20.513299,19.388666,20.378343,1.349559,58659
2024-05-13,179910648,4118693177,20.513299,20.963152,20.063446,20.69324,0.314897,50473
2024-05-14,75625788,1731604688,20.69324,20.828196,20.378343,20.378343,-0.314897,22420
2024-05-15,54874232,1249187340,20.69324,20.69324,20.243387,20.468313,0.08997,17259
2024-05-16,185306831,4375570575,20.648255,21.592946,20.423328,21.45799,0.989677,50057
2024-05-17,196985178,4774038138,21.592946,22.402681,21.278049,21.413005,-0.044985,56019
2024-05-20,187047226,4418852467,21.547961,22.042799,20.603269,20.738225,-0.67478,53005
2024-05-21,96592557,2194191976,20.738225,20.918166,20.153416,20.513299,-0.224926,28077
2024-05-22,69370861,1558689419,20.603269,20.648255,20.063446,20.063446,-0.449853,20512
2024-05-23,78858946,1724170232,19.883504,19.92849,19.478637,19.838519,-0.224927,22649
2024-05-24,44777730,992303747,19.658578,20.198401,19.568607,20.153416,0.314897,13178
2024-05-27,33741520,748241578,20.153416,20.198401,19.838519,19.92849,-0.224926,10984
2024-05-28,109484464,2534448361,20.243387,21.098108,20.243387,20.963152,1.034662,33353
2024-05-29,76084362,1750183407,21.098108,21.188078,20.423328,20.513299,-0.449853,25992
2024-05-30,47019058,1063099688,20.333357,20.69324,19.973475,20.243387,-0.269912,14788
2024-05-31,72537543,1640784955,20.333357,20.738225,20.108431,20.153416,-0.089971,15906
2024-06-03,34152437,759200261,20.288372,20.333357,19.883504,19.92849,-0.224926,12275
2024-06-04,27357042,604542670,19.92849,20.063446,19.703563,19.92849,0.0,9112
2024-06-05,27527835,616091168,19.973475,20.288372,19.973475,20.01846,0.08997,7990
2024-06-06,53540937,1215422854,20.108431,20.69324,19.973475,20.69324,0.67478,15641
2024-06-07,71345264,1653686458,20.603269,21.143093,20.333357,20.78321,0.08997,20656
2024-06-11,89695926,2116611844,21.053122,21.727902,20.78321,20.828196,0.044986,28885
2024-06-12,44833915,1027659463,21.008137,21.008137,20.378343,20.69324,-0.134956,13206
2024-06-13,28768226,658274526,20.828196,20.873181,20.423328,20.558284,-0.134956,8808
2024-06-14,24005711,551954796,20.69324,20.828196,20.558284,20.69324,0.134956,7676
2024-06-17,20744940,475985058,20.873181,20.873181,20.558284,20.648255,-0.044985,6752
2024-06-18,113356479,2680205815,20.828196,21.502975,20.828196,21.008137,0.359882,26932
2024-06-19,83414826,1967155882,21.547961,21.592946,20.828196,21.278049,0.269912,23971
2024-06-20,31584875,743088838,21.413005,21.45799,21.053122,21.143093,-0.134956,10711
2024-06-21,65137793,1545815296,21.188078,21.547961,21.098108,21.323034,0.179941,14586
2024-06-24,36161906,854945428,21.45799,21.502975,21.008137,21.188078,-0.134956,11236
2024-06-25,36295728,849455398,21.188078,21.278049,20.738225,21.278049,0.089971,9024
2024-06-26,28650138,677157691,21.323034,21.45799,21.098108,21.278049,0.0,8479
2024-06-27,124570309,3006410447,21.098108,21.952828,21.053122,21.817872,0.539823,34003
2024-06-28,72142247,1727493611,21.817872,21.907843,21.323034,21.323034,-0.494838,23364
2024-07-01,74201647,1790200771,21.368019,21.862858,21.233063,21.862858,0.539824,19925
2024-07-02,172619947,4288467455,22.087784,22.672593,21.952828,22.267725,0.404867,39562
2024-07-03,71581920,1777388666,22.582623,22.582623,22.087784,22.267725,0.0,18540
2024-07-04,53175447,1312457460,22.402681,22.447667,22.042799,22.22274,-0.044985,14459
2024-07-05,54528454,1328721834,22.267725,22.312711,21.727902,21.817872,-0.404868,16238
2024-07-08,46949303,1136304152,21.817872,22.087784,21.413005,21.862858,0.044986,13846
2024-07-09,47853132,1146711654,21.907843,22.042799,21.323034,21.413005,-0.449853,14271
2024-07-10,53968730,1312865066,21.45799,22.22274,21.413005,22.13277,0.719765,16415
2024-07-11,59483935,1442248507,22.13277,22.22274,21.547961,21.862858,-0.269912,17362
2024-07-12,44719556,1076157202,21.862858,22.042799,21.502975,21.592946,-0.269912,11560
2024-07-15,50818128,1202406492,21.727902,21.727902,20.963152,21.008137,-0.584809,15914
2024-07-16,46318017,1078578052,21.098108,21.143093,20.78321,20.918166,-0.089971,13969
2024-07-17,56366424,1329683452,21.143093,21.45799,21.008137,21.143093,0.224927,13242
2024-07-18,44792482,1014376771,21.319208,21.365554,20.855747,20.902093,-0.241,15506
2024-07-19,41199990,913346504,20.855747,20.855747,20.392286,20.624016,-0.278077,14591
2024-07-22,44593226,964702792,20.531324,20.57767,19.836133,19.975171,-0.648845,21684
2024-07-23,52785872,1179707773,20.206902,20.948439,20.114209,20.902093,0.926922,16557
2024-07-26,38772515,875957607,20.484978,21.133824,20.34594,21.087478,0.185385,12670
2024-07-29,20589492,466613597,21.087478,21.18017,20.809401,20.902093,-0.185385,8285
2024-07-30,17347573,386907203,20.902093,20.902093,20.438632,20.763055,-0.139038,7657
2024-07-31,33725892,768604553,20.670363,21.458246,20.670363,21.272862,0.509807,10588
2024-08-01,17308117,394267383,21.226516,21.272862,21.041131,21.087478,-0.185384,7362
2024-08-02,29914709,664325795,20.716709,20.855747,20.34594,20.438632,-0.648846,10237
2024-08-05,51506074,1051337753,19.836133,19.882479,18.538442,18.584788,-1.853844,16473
2024-08-06,41211887,838035454,19.140941,19.279979,18.167673,18.862865,0.278077,11998
2024-08-07,21121916,442547781,19.001903,19.650748,18.909211,19.558056,0.695191,6601
2024-08-08,25769598,537641973,19.233633,19.650748,19.140941,19.140941,-0.417115,7128
2024-08-09,25591812,540343692,19.51171,19.697094,19.372672,19.51171,0.370769,6373
2024-08-12,31243530,659584114,19.650748,19.882479,19.326326,19.558056,0.046346,8980
2024-08-13,24199519,509708528,19.743441,19.882479,19.326326,19.326326,-0.23173,8041
2024-08-14,14508085,303991636,19.51171,19.558056,19.279979,19.372672,0.046346,4875
2024-08-15,20616186,437498164,19.697094,19.882479,19.465364,19.465364,0.092692,6330
2024-08-16,21322311,452508083,19.789787,19.928825,19.51171,19.558056,0.092692,6165
2024-08-19,11722947,247124087,19.697094,19.697094,19.465364,19.465364,-0.092692,4199
2024-08-20,15054618,317509436,19.558056,19.697094,19.465364,19.465364,0.0,4781
2024-08-21,18973858,398180282,19.51171,19.650748,19.279979,19.326326,-0.139038,6190
2024-08-22,15574132,324469209,19.419018,19.465364,19.233633,19.233633,-0.092693,5083
2024-08-23,14697450,306383218,19.187287,19.465364,19.094595,19.372672,0.139039,4419
2024-08-26,13582183,285451385,19.372672,19.604402,19.326326,19.326326,-0.046346,4315
2024-08-27,34836759,715967803,19.372672,19.372672,18.909211,19.094595,-0.231731,10671
2024-08-28,21660693,450086000,19.140941,19.326326,19.140941,19.326326,0.231731,5004
2024-08-29,17116894,354420338,19.233633,19.326326,19.048249,19.140941,-0.185385,6189
2024-08-30,29048019,600364608,19.233633,19.419018,19.094595,19.094595,-0.046346,5649
2024-09-02,15322912,320719871,19.279979,19.558056,19.279979,19.326326,0.231731,4431
2024-09-03,15455843,323020840,19.465364,19.51171,19.279979,19.279979,-0.046347,4561
2024-09-04,30785650,620517040,18.816518,18.862865,18.353057,18.631134,-0.648845,11243
2024-09-05,19617009,402004886,18.770172,19.326326,18.770172,18.816518,0.185384,6155
2024-09-06,19129820,387935813,18.909211,18.955557,18.723826,18.723826,-0.092692,5352
2024-09-09,14309843,287513463,18.399403,18.770172,18.399403,18.770172,0.046346,4741
2024-09-10,12640784,255323405,18.862865,18.909211,18.584788,18.584788,-0.185384,4059
2024-09-11,15706251,319308828,18.770172,19.048249,18.723826,18.770172,0.185384,4525
2024-09-12,11117867,226635058,18.909211,19.001903,18.816518,18.909211,0.139039,3435
2024-09-13,14255716,292978449,19.048249,19.140941,18.909211,19.048249,0.139038,3637
2024-09-16,14379592,296788940,19.094595,19.233633,19.001903,19.140941,0.092692,3877
2024-09-18,52755290,1114124465,19.094595,19.836133,19.094595,19.650748,0.509807,12714
2024-09-19,21302623,450569605,19.650748,19.697094,19.465364,19.650748,0.0,6389
2024-09-20,22003950,468078896,19.836133,19.882479,19.604402,19.743441,0.092693,6300
2024-09-23,19741204,422157421,19.882479,19.928825,19.604402,19.928825,0.185384,5481
2024-09-24,27048680,585439340,19.928825,20.253248,19.928825,20.067863,0.139038,7706
2024-09-25,24274497,523510143,20.160555,20.160555,19.836133,20.021517,-0.046346,7345
2024-09-26,22445774,486453753,20.114209,20.206902,19.928825,20.114209,0.092692,6251
2024-09-27,22952628,498552618,20.206902,20.206902,19.975171,20.160555,0.046346,6083
2024-09-30,15369250,332310783,20.206902,20.299594,19.882479,19.928825,-0.23173,4913
2024-10-01,15976653,346637652,19.928825,20.299594,19.882479,20.299594,0.370769,5858
2024-10-04,61540890,1275949900,19.279979,19.650748,18.816518,19.094595,-1.204999,17482
2024-10-07,16521146,342401912,19.094595,19.372672,19.094595,19.279979,0.185384,5129
2024-10-08,11906323,245598716,19.094595,19.233633,19.048249,19.094595,-0.185384,3871
2024-10-09,16237505,335364256,19.187287,19.279979,18.955557,19.140941,0.046346,4606
2024-10-11,7463161,154418994,19.140941,19.279979,19.094595,19.094595,-0.046346,2990
2024-10-14,7402572,152890163,19.094595,19.187287,19.048249,19.187287,0.092692,2501
2024-10-15,13011629,272081614,19.279979,19.465364,19.279979,19.372672,0.185385,4698
2024-10-16,29735182,632140102,19.279979,19.882479,19.279979,19.743441,0.370769,9542
2024-10-17,22741615,488944251,19.882479,20.114209,19.789787,19.975171,0.23173,6647
2024-10-18,22992327,500336579,20.160555,20.34594,20.021517,20.114209,0.139038,7610
2024-10-21,14568188,315953640,20.299594,20.299594,19.975171,20.021517,-0.092692,5836
2024-10-22,17306079,375279955,20.067863,20.206902,19.836133,20.206902,0.185385,5704
2024-10-23,8849412,191712931,20.206902,20.206902,19.975171,20.067863,-0.139039,3551
2024-10-24,58841350,1300853905,20.114209,20.763055,20.067863,20.531324,0.463461,15599
2024-10-25,36700011,817903915,20.716709,20.809401,20.484978,20.716709,0.185385,10283
2024-10-28,43981246,998330011,21.041131,21.319208,20.855747,21.041131,0.324422,10569
2024-10-29,28962870,652989801,20.994785,21.133824,20.624016,20.948439,-0.092692,9503
2024-10-30,25460680,577002502,20.902093,21.133824,20.763055,20.948439,0.0,8056
2024-11-01,26328527,589552503,20.484978,20.994785,20.438632,20.855747,-0.092692,7297
2024-11-04,24247052,551178523,20.902093,21.272862,20.809401,20.994785,0.139038,6544
2024-11-05,13568996,305961072,20.948439,20.994785,20.809401,20.948439,-0.046346,4480
2024-11-06,9221390,207911525,20.994785,21.041131,20.855747,20.855747,-0.092692,3000
2024-11-07,60397296,1390716252,20.902093,21.643631,20.902093,21.550939,0.695192,15954
2024-11-08,24641882,570551503,21.504592,21.782669,21.226516,21.458246,-0.092693,8481
2024-11-11,38952602,909575106,21.643631,21.829015,21.319208,21.689977,0.231731,10713
2024-11-12,40092129,943704905,21.550939,22.0144,21.504592,21.597285,-0.092692,11454
2024-11-13,22582061,527618266,21.504592,21.782669,21.504592,21.643631,0.046346,7062
2024-11-14,36223396,852551626,21.736323,22.0144,21.597285,21.736323,0.092692,10889
2024-11-15,63108239,1504847420,21.829015,22.292476,21.689977,22.107092,0.370769,17381
2024-11-18,60705889,1442944123,22.24613,22.385168,21.782669,21.968054,-0.139038,17178
2024-11-19,106409642,2556565372,21.875361,22.431515,21.829015,22.385168,0.417114,24788
2024-11-20,77641030,1878312854,22.385168,22.524207,22.153438,22.431515,0.046347,16301
2024-11-21,78737571,1903826666,22.385168,22.524207,22.153438,22.385168,-0.046347,14566
2024-11-22,98708392,2423014016,22.616899,22.941322,22.524207,22.802283,0.417115,22934
2024-11-25,82339834,2010950356,22.941322,22.987668,22.199784,22.802283,0.0,16155
2024-11-26,58555065,1448437695,22.755937,23.173052,22.663245,22.894976,0.092693,14399
2024-11-27,61709089,1534250267,22.987668,23.173052,22.84863,23.08036,0.185384,13481
2024-11-28,30459236,748340326,23.126706,23.126706,22.524207,22.84863,-0.23173,9565
2024-11-29,34269325,848234315,22.663245,23.126706,22.616899,23.08036,0.23173,8952
2024-12-02,60281996,1509835029,23.126706,23.358437,22.987668,23.312091,0.231731,17282
2024-12-03,226943050,5991196836,23.451129,25.119589,23.451129,24.795166,1.483075,60322
2024-12-04,106273468,2814118895,24.887858,24.934204,24.239013,24.563435,-0.231731,33680
2024-12-05,52577016,1395908729,24.470743,24.795166,24.424397,24.656128,0.092693,15339
2024-12-06,45459740,1196220490,24.656128,24.74882,24.099974,24.378051,-0.278077,13421
2024-12-09,95502365,2570389179,24.424397,25.165935,24.331705,24.98055,0.602499,31787
2024-12-10,46232558,1233704558,24.934204,25.212281,24.470743,24.563435,-0.417115,15680
2024-12-11,54149122,1408988537,24.378051,24.563435,23.682859,24.099974,-0.463461,19792
2024-12-12,47268397,1251400211,24.285359,24.795166,24.192667,24.563435,0.463461,14302
2024-12-13,33154761,864405440,24.470743,24.517089,23.91459,24.099974,-0.463461,14091
2024-12-16,37605436,965530113,24.192667,24.285359,23.636513,23.91459,-0.185384,11496
2024-12-17,48585609,1274238966,23.91459,24.702474,23.729206,24.285359,0.370769,12625
2024-12-18,49640890,1315709009,24.424397,24.887858,24.285359,24.424397,0.139038,16511
2024-12-19,19709589,513414328,24.007282,24.331705,23.91459,24.192667,-0.23173,8634
2024-12-20,24268443,630168429,24.331705,24.378051,23.91459,24.007282,-0.185385,11053
2024-12-23,19315125,508284849,24.192667,24.563435,24.099974,24.470743,0.463461,7312
2024-12-24,25599001,679885910,24.517089,24.702474,24.378051,24.656128,0.185385,8691
2024-12-25,13574520,359617377,24.702474,24.74882,24.424397,24.517089,-0.139039,5890
2024-12-26,21830876,578556902,24.563435,24.74882,24.285359,24.609781,0.092692,6616
2024-12-27,10661601,280829103,24.470743,24.609781,24.285359,24.378051,-0.23173,5138
2024-12-30,51096521,1349758321,24.378051,24.702474,24.007282,24.656128,0.278077,11925
2024-12-31,55501229,1437210235,24.517089,24.517089,23.775552,23.775552,-0.880576,19889
2025-01-02,57711298,1521329549,23.821898,24.656128,23.775552,24.609781,0.834229,16762
2025-01-03,22715242,595329422,24.609781,24.609781,24.14632,24.239013,-0.370768,8472
2025-01-06,26690481,697883523,24.378051,24.424397,24.099974,24.285359,0.046346,6763
2025-01-07,24427824,635984117,24.331705,24.424397,24.007282,24.099974,-0.185385,6882
2025-01-08,21638465,563152480,24.192667,24.331705,24.007282,24.14632,0.046346,5841
2025-01-09,28255101,724174237,24.14632,24.14632,23.497475,23.590167,-0.556153,9487
2025-01-10,18810316,479907021,23.497475,23.821898,23.404783,23.821898,0.231731,6071
2025-01-13,28568899,718340829,23.821898,23.821898,23.08036,23.312091,-0.509807,8543
2025-01-14,10594424,269884168,23.404783,23.729206,23.404783,23.729206,0.417115,3935
2025-01-15,23281692,601993534,23.775552,24.14632,23.682859,23.91459,0.185384,6744
2025-01-16,27545328,703504041,24.14632,24.14632,23.358437,23.729206,-0.185384,8807
2025-01-17,47064311,1229970263,23.960936,24.563435,23.91459,24.285359,0.556153,13323
2025-01-20,26971367,699816544,24.470743,24.470743,23.775552,23.821898,-0.463461,8480
2025-01-21,14345604,367242810,23.821898,24.007282,23.636513,23.682859,-0.139039,5361
2025-01-22,23313204,604968895,23.868244,24.192667,23.775552,24.099974,0.417115,7185
2025-02-03,35384027,892705943,23.451129,23.868244,23.126706,23.497475,-0.602499,10065
2025-02-04,22153863,552295433,23.636513,23.636513,22.894976,22.894976,-0.602499,7607
2025-02-05,23486374,589137664,23.08036,23.497475,23.08036,23.219398,0.324422,5975
2025-02-06,11795078,293816123,23.265744,23.265744,22.987668,23.08036,-0.139038,3993
2025-02-07,44427332,1075837239,23.08036,23.126706,22.199784,22.431515,-0.648845,16213
2025-02-10,17196751,412524511,22.292476,22.385168,22.060746,22.292476,-0.139039,6038
2025-02-11,24957956,600026950,22.616899,22.802283,22.060746,22.153438,-0.139038,8590
2025-02-12,19228768,460619691,22.292476,22.524207,21.968054,22.0144,-0.139038,7530
2025-02-13,18639993,445816375,22.060746,22.292476,21.968054,22.153438,0.139038,5860
2025-02-14,18767935,450170521,22.153438,22.431515,22.0144,22.292476,0.139038,5637
2025-02-17,20076595,486178033,22.431515,22.616899,22.199784,22.477861,0.185385,6050
2025-02-18,11923805,289091028,22.570553,22.709591,22.385168,22.431515,-0.046346,4259
2025-02-19,10340339,249526412,22.524207,22.524207,22.292476,22.292476,-0.139039,4663
2025-02-20,14871049,357484569,22.338822,22.477861,22.199784,22.24613,-0.046346,5326
2025-02-21,15335277,369534095,22.24613,22.570553,22.199784,22.292476,0.046346,4975
2025-02-24,16912182,406780257,22.153438,22.431515,22.060746,22.385168,0.092692,5219
2025-02-25,12054260,289584536,22.24613,22.385168,22.153438,22.199784,-0.185384,3644
2025-02-26,10695204,256014257,22.199784,22.292476,22.153438,22.199784,0.0,4438
2025-02-27,24970614,594298591,22.199784,22.338822,21.875361,22.060746,-0.139038,7534
2025-03-03,19261758,451979238,21.875361,21.921707,21.643631,21.736323,-0.324423,6998
2025-03-04,18587743,438730178,21.643631,22.107092,21.550939,22.060746,0.324423,5904
2025-03-05,14279443,342351539,22.153438,22.338822,22.0144,22.292476,0.23173,5234
2025-03-06,26267494,639474014,22.431515,22.709591,22.292476,22.616899,0.324423,8512
2025-03-07,21426916,524056035,22.616899,22.802283,22.477861,22.709591,0.092692,5823
2025-03-10,14439681,353750234,22.663245,22.802283,22.524207,22.802283,0.092692,4857
2025-03-11,36462258,901545895,22.802283,23.265744,22.477861,23.265744,0.463461,11848
2025-03-12,22458033,560770753,23.497475,23.497475,22.941322,23.265744,0.0,8060
2025-03-13,29336453,720689008,23.265744,23.265744,22.431515,22.524207,-0.741537,7839
2025-03-14,22208656,539476649,22.663245,22.709591,22.24613,22.663245,0.139038,5049
2025-03-17,13065697,318171694,22.663245,22.84863,22.431515,22.477861,-0.185384,4329
2025-03-18,24604964,590914490,22.616899,22.663245,22.153438,22.338822,-0.139039,7458
2025-03-19,11353913,273692716,22.431515,22.524207,22.199784,22.292476,-0.046346,4971
2025-03-20,10291883,249858181,22.385168,22.616899,22.338822,22.524207,0.231731,3196
2025-03-21,13182588,321452194,22.570553,22.663245,22.385168,22.663245,0.139038,3270
2025-03-24,9436600,230851766,22.663245,22.802283,22.477861,22.663245,0.0,3727
2025-03-25,7975600,194754208,22.802283,22.84863,22.477861,22.616899,-0.046346,3389
2025-03-26,6831173,165965920,22.616899,22.709591,22.431515,22.431515,-0.185384,2977
2025-03-27,13531598,323607273,22.385168,22.385168,22.060746,22.199784,-0.231731,4764
2025-03-28,17700546,415853395,22.107092,22.153438,21.597285,21.829015,-0.370769,5156
2025-03-31,34257671,770560772,21.226516,21.319208,20.531324,20.855747,-0.973268,10538
2025-04-01,19659364,452184586,20.994785,21.689977,20.994785,21.226516,0.370769,6595
2025-04-02,13542064,308270983,21.319208,21.365554,20.994785,21.087478,-0.139038,4136
2025-04-07,6376553,130719241,19.001903,19.001903,19.001903,19.001903,-2.085575,3550
2025-04-08,52517576,1030412851,17.61152,18.770172,17.472481,18.723826,-0.278077,14877
2025-04-09,56569193,1084168391,18.492096,18.862865,16.869982,16.962674,-1.761152,16662
2025-04-10,7422429,149190783,18.631134,18.631134,18.631134,18.631134,1.66846,1717
2025-04-11,88889611,1912187103,17.889596,20.484978,17.704212,20.34594,1.714806,24659
2025-04-14,133335108,2995917219,21.319208,21.968054,19.928825,20.021517,-0.324423,37484
2025-04-15,39048558,850836593,20.114209,20.670363,19.975171,20.160555,0.139038,13239
2025-04-16,38114948,821952490,19.928825,20.438632,19.697094,19.882479,-0.278076,11704
2025-04-17,30146334,631602978,19.789787,19.789787,19.187287,19.326326,-0.556153,9592
2025-04-18,33946706,722560075,19.465364,20.067863,19.279979,19.789787,0.463461,9608
2025-04-21,34025260,714871503,19.650748,19.836133,19.233633,19.233633,-0.556154,9339
2025-04-22,28762227,594105503,19.048249,19.558056,18.862865,19.048249,-0.185384,14184
2025-04-23,40407774,856919430,19.419018,20.021517,19.279979,19.604402,0.556153,11235
2025-04-24,30188184,643710075,19.697094,19.975171,19.558056,19.743441,0.139039,8662
2025-04-25,30934365,653114425,19.975171,19.975171,19.372672,19.372672,-0.370769,9247
2025-04-28,14475108,301760860,19.465364,19.465364,19.187287,19.372672,0.0,4695
2025-04-29,14064661,295852525,19.372672,19.604402,19.279979,19.604402,0.23173,5301
2025-04-30,15050616,315923954,19.558056,19.604402,19.326326,19.51171,-0.092692,4901
2025-05-02,19764138,419094627,19.558056,19.836133,19.279979,19.743441,0.231731,7026
2025-05-05,70623494,1571596096,20.57767,20.902093,20.34594,20.57767,0.834229,20771
2025-05-06,139763153,3210644433,20.948439,21.689977,20.763055,21.226516,0.648846,38140
2025-05-07,65966166,1492418667,21.4119,21.504592,20.484978,20.716709,-0.509807,21566
2025-05-08,33397849,751948982,20.716709,21.041131,20.57767,20.902093,0.185384,9028
2025-05-09,24931700,561115823,20.994785,21.041131,20.670363,20.948439,0.046346,8461
2025-05-12,63907295,1426746923,20.809401,20.994785,20.57767,20.624016,-0.324423,12807
2025-05-13,41936443,936030287,20.902093,20.948439,20.531324,20.670363,0.046347,11917
2025-05-14,35230830,783891314,20.855747,20.855747,20.392286,20.670363,0.0,10379
2025-05-15,32348026,730599906,20.763055,21.041131,20.670363,20.994785,0.324422,9624
2025-05-16,34819350,797486382,21.041131,21.4119,20.948439,21.226516,0.231731,10962
2025-05-19,28585037,640791081,21.133824,21.18017,20.624016,20.624016,-0.6025,9609
2025-05-20,35875302,815785660,20.902093,21.319208,20.902093,21.041131,0.417115,10208
2025-05-21,20180127,457613919,21.226516,21.226516,20.902093,21.087478,0.046347,6267
2025-05-22,21765875,492005594,20.902093,21.041131,20.763055,20.994785,-0.092693,5339
2025-05-23,16458352,376035540,21.087478,21.272862,21.041131,21.226516,0.231731,5353
2025-05-26,17282125,393301470,21.319208,21.319208,20.948439,20.948439,-0.278077,5639
2025-05-27,18903951,425493616,20.994785,21.041131,20.763055,20.809401,-0.139038,6812
2025-05-28,15459527,345662083,20.994785,21.041131,20.57767,20.57767,-0.231731,5108
2025-05-29,20500250,456107567,20.809401,20.855747,20.531324,20.531324,-0.046346,5175
2025-06-02,21910654,492638428,20.531324,20.994785,20.531324,20.855747,0.324423,6748
2025-06-03,12617727,283305746,20.902093,20.994785,20.716709,20.763055,-0.092692,4287
2025-06-04,14822638,334983718,20.902093,21.041131,20.809401,20.948439,0.185384,4516
2025-06-05,27995347,619399373,20.948439,20.948439,20.299594,20.438632,-0.509807,10079
2025-06-06,13962757,310625671,20.670363,20.855747,20.484978,20.531324,0.092692,4341
2025-06-09,20890016,465267990,20.716709,20.855747,20.438632,20.670363,0.139039,6909
2025-06-10,21559831,485202853,20.716709,20.948439,20.624016,20.902093,0.23173,5864
2025-06-11,27246175,618524869,20.994785,21.226516,20.902093,20.902093,0.0,7988
2025-06-12,18797081,419024309,20.948439,20.948439,20.57767,20.624016,-0.278077,6561
2025-06-13,27295570,598193740,20.392286,20.531324,20.206902,20.206902,-0.417114,9523
2025-06-16,30112970,639776885,19.836133,19.882479,19.51171,19.836133,-0.370769,9887
2025-06-17,34208494,734704290,20.114209,20.160555,19.789787,19.836133,0.0,9501
2025-06-18,31453063,676482509,19.882479,20.114209,19.789787,19.836133,0.0,11274
2025-06-19,32493171,700087034,19.928825,20.114209,19.836133,19.836133,0.0,7379
2025-06-20,29046040,610689083,19.882479,19.928825,19.326326,19.419018,-0.417115,8033
2025-06-23,24265557,502228771,19.187287,19.372672,18.909211,19.279979,-0.139039,7460
2025-06-24,39118548,826491616,19.743441,19.836133,19.419018,19.558056,0.278077,9232
2025-06-25,28532939,611666957,19.697094,20.021517,19.697094,19.836133,0.278077,8362
2025-06-26,26620522,574509970,19.975171,20.114209,19.836133,20.021517,0.185384,7710
2025-06-27,27575129,599384072,19.882479,20.299594,19.882479,20.299594,0.278077,8324
2025-06-30,29550432,644372317,20.34594,20.438632,20.021517,20.021517,-0.278077,8055
2025-07-01,25609641,558972168,20.114209,20.392286,20.114209,20.160555,0.139038,7689
2025-07-02,34183557,745700514,20.206902,20.438632,20.021517,20.160555,0.0,10454
2025-07-03,39470126,869513374,20.206902,20.57767,20.206902,20.392286,0.231731,12327
2025-07-04,23703693,520482204,20.531324,20.531324,20.114209,20.299594,-0.092692,6091
2025-07-07,21930398,480122275,20.392286,20.392286,20.114209,20.253248,-0.046346,7283
2025-07-08,48506097,1058956489,20.114209,20.531324,19.789787,20.253248,0.0,8734
2025-07-09,23561478,517760228,20.206902,20.484978,20.114209,20.392286,0.139038,6980
2025-07-10,23030783,499350309,20.392286,20.484978,19.975171,19.975171,-0.417115,7676
2025-07-11,44850435,991499355,20.114209,20.670363,20.021517,20.484978,0.509807,13507
2025-07-14,36314307,806036410,20.484978,20.716709,20.392286,20.716709,0.231731,9719
2025-07-15,35606374,781643402,20.624016,20.624016,20.253248,20.253248,-0.463461,11385
2025-07-16,40948737,861582189,20.445678,20.445678,20.108925,20.301355,0.048107,12806
2025-07-17,32889567,695987370,20.349463,20.493785,20.301355,20.349463,0.048108,9131
2025-07-18,38539737,809245256,20.493785,20.59,20.108925,20.108925,-0.240538,12009
2025-07-21,32818259,686849833,20.20514,20.39757,20.01271,20.01271,-0.096215,9827
2025-07-22,43213648,891805459,20.060818,20.20514,19.724065,19.724065,-0.288645,13407
2025-07-23,29494627,606653707,19.916495,19.916495,19.62785,19.916495,0.19243,13260
2025-07-24,17570628,365496884,20.01271,20.157033,19.868388,20.108925,0.19243,7998
2025-07-25,28773890,606810910,20.20514,20.493785,20.108925,20.20514,0.096215,8680
2025-07-28,16395951,341823899,20.349463,20.349463,19.964603,20.01271,-0.19243,6059
2025-07-29,15905084,330425021,19.964603,20.108925,19.916495,19.964603,-0.048107,5467
2025-07-30,8339487,173280418,20.060818,20.060818,19.916495,20.01271,0.048107,3679
2025-07-31,17112852,352774032,19.964603,20.01271,19.772173,19.82028,-0.19243,4857
2025-08-01,12970964,266559599,19.675958,19.916495,19.483528,19.772173,-0.048107,4661
2025-08-04,12503542,258104892,19.579743,20.01271,19.579743,19.964603,0.19243,3465
2025-08-05,9621269,199738766,19.964603,20.060818,19.916495,20.01271,0.048107,3366
2025-08-06,17406568,365605860,20.01271,20.301355,20.01271,20.253248,0.240538,6412
2025-08-07,13034538,271699801,20.253248,20.301355,19.964603,19.964603,-0.288645,4439
2025-08-08,11468282,240100451,19.964603,20.20514,19.964603,20.157033,0.19243,3387
2025-08-11,32373677,684403996,20.39757,20.638107,20.157033,20.157033,0.0,8511
2025-08-12,10748651,225852149,20.157033,20.349463,20.108925,20.108925,-0.048108,3505
2025-08-13,20909704,440874022,20.301355,20.39757,20.157033,20.301355,0.19243,4907
2025-08-14,24241365,516237707,20.349463,20.59,20.349463,20.59,0.288645,7454
2025-08-15,10369649,220396585,20.59,20.59,20.349463,20.493785,-0.096215,3588
2025-08-18,19726998,422520511,20.59,20.78243,20.445678,20.686215,0.19243,5540
2025-08-19,15633044,331570803,20.59,20.59,20.301355,20.349463,-0.336752,5609
2025-08-20,22902052,479657074,20.39757,20.39757,20.01271,20.060818,-0.288645,5931
2025-08-21,37265795,797910581,20.20514,20.830537,20.157033,20.78243,0.721612,10023
2025-08-22,10642094,227933091,20.78243,20.830537,20.493785,20.541893,-0.240537,3732
2025-08-25,15365319,330242993,20.686215,20.78243,20.493785,20.734322,0.192429,3868
2025-08-26,21612176,462151881,20.686215,20.734322,20.541893,20.541893,-0.192429,3122
2025-08-27,11243604,239917631,20.541893,20.686215,20.39757,20.39757,-0.144323,3642
2025-08-28,10403714,222137840,20.445678,20.734322,20.349463,20.445678,0.048108,3515
2025-08-29,14132759,299775189,20.493785,20.541893,20.301355,20.39757,-0.048108,3714
2025-09-01,7126975,151212069,20.445678,20.59,20.301355,20.349463,-0.048107,2721
2025-09-02,17013095,365708183,20.493785,20.830537,20.39757,20.734322,0.384859,5006
2025-09-03,7876534,169103858,20.734322,20.78243,20.59,20.638107,-0.096215,2543
2025-09-04,22783537,493488666,20.686215,20.926752,20.686215,20.878645,0.240538,6348
2025-09-05,10818686,234349546,20.97486,21.022967,20.734322,20.830537,-0.048108,3891
2025-09-08,15261590,331832464,20.878645,21.022967,20.734322,20.926752,0.096215,4409
2025-09-09,10159125,220897328,20.97486,21.071075,20.830537,20.97486,0.048108,3577
2025-09-10,9935770,216181794,20.97486,21.022967,20.878645,20.878645,-0.096215,3862
2025-09-11,32731221,692681333,20.734322,20.830537,20.108925,20.108925,-0.76972,11738
2025-09-12,17713911,370483689,20.20514,20.301355,20.060818,20.060818,-0.048107,6478
2025-09-15,12699630,264217935,20.060818,20.20514,19.964603,19.964603,-0.096215,4523
2025-09-16,15371250,322055584,20.01271,20.253248,19.964603,20.20514,0.240537,4195
2025-09-17,24750680,523845034,20.301355,20.638107,20.157033,20.157033,-0.048107,9375
2025-09-18,12425144,261673575,20.349463,20.445678,20.157033,20.301355,0.144322,3941
2025-09-19,20007285,419779336,20.349463,20.349463,20.108925,20.157033,-0.144322,6191
2025-09-22,11341743,238579123,20.349463,20.349463,20.157033,20.157033,0.0,3245
2025-09-23,13116434,274151574,20.20514,20.20514,20.01271,20.157033,0.0,4098
2025-09-24,11813517,246400943,20.157033,20.253248,20.01271,20.01271,-0.144323,4790
2025-09-25,10452778,218213380,20.108925,20.20514,20.01271,20.060818,0.048108,3929
2025-09-26,13233487,273880357,20.060818,20.060818,19.82028,19.868388,-0.19243,4496
2025-09-30,12846457,268074895,20.060818,20.20514,19.964603,20.060818,0.19243,3729
2025-10-01,12539126,260557313,20.060818,20.108925,19.916495,19.916495,-0.144323,4821
2025-10-02,13246550,273733913,19.916495,20.060818,19.82028,19.82028,-0.096215,4372
2025-10-03,9536536,196459441,19.868388,19.916495,19.772173,19.82028,0.0,3606
2025-10-07,14635060,301682304,19.82028,19.964603,19.675958,19.82028,0.0,5168
2025-10-08,9357816,192654282,19.82028,19.964603,19.772173,19.772173,-0.048107,4117
2025-10-09,11871884,244271441,19.82028,19.868388,19.724065,19.82028,0.048107,4209
2025-10-13,23514415,475698094,19.579743,19.62785,19.339206,19.531636,-0.288644,8221
2025-10-14,35102672,726848114,19.62785,20.20514,19.62785,19.675958,0.144322,8872
2025-10-15,10481925,216712832,19.964603,20.01271,19.772173,19.868388,0.19243,4632
2025-10-16,12529940,260491259,20.01271,20.157033,19.916495,19.916495,0.048107,4195
2025-10-17,30104101,634906198,20.060818,20.445678,20.060818,20.253248,0.336753,7855
2025-10-20,11463152,241349216,20.301355,20.349463,20.20514,20.20514,-0.048108,3624
2025-10-21,9015218,188416905,20.301355,20.301355,20.01271,20.01271,-0.19243,3813
2025-10-22,7847038,164271324,20.108925,20.20514,20.060818,20.157033,0.144323,2762
2025-10-23,6759811,140938384,20.157033,20.20514,20.01271,20.01271,-0.144323,2540
2025-10-27,34381741,706399927,20.157033,20.157033,19.62785,19.724065,-0.288645,10579
2025-10-28,25834092,523447633,19.82028,19.82028,19.387313,19.387313,-0.336752,9525
2025-10-29,28473835,571704854,19.435421,19.483528,19.242991,19.291098,-0.096215,9477
2025-10-30,21805652,439100262,19.291098,19.531636,19.242991,19.387313,0.096215,7247
2025-10-31,19158682,384465674,19.483528,19.531636,19.242991,19.242991,-0.144322,6536
2025-11-03,16577589,332040386,19.387313,19.387313,19.242991,19.242991,0.0,5967
2025-11-04,28347656,563371169,19.242991,19.387313,18.954346,18.954346,-0.288645,10967
2025-11-05,24604869,488476021,19.002453,19.339206,18.858131,19.291098,0.336752,7983
2025-11-06,14906169,298668083,19.339206,19.387313,19.194883,19.242991,-0.048107,4714
2025-11-07,14906224,297370829,19.291098,19.387313,19.050561,19.050561,-0.19243,5657
2025-11-10,22176629,437807259,19.242991,19.291098,18.906238,18.906238,-0.144323,7553
2025-11-11,19814522,391786252,19.146776,19.242991,18.906238,18.906238,0.0,6242
2025-11-12,14963995,296768445,19.050561,19.242991,19.002453,19.050561,0.144323,5126
2025-11-13,20195213,400215463,19.098668,19.242991,18.954346,18.954346,-0.096215,6283
2025-11-14,21881749,427028280,18.906238,18.906238,18.617593,18.713808,-0.240538,8168
2025-11-17,27407229,526796756,18.858131,18.858131,18.328949,18.425164,-0.288644,9400
2025-11-18,29298279,558299675,18.377056,18.569486,18.232734,18.232734,-0.19243,9604
2025-11-19,26913944,513194402,18.280841,18.521379,18.232734,18.328949,0.096215,12068
2025-11-20,26901019,518053977,18.473271,18.665701,18.377056,18.521379,0.19243,6020
2025-11-21,29127751,558075078,18.425164,18.617593,18.328949,18.328949,-0.19243,6166
2025-11-24,33016061,629090477,18.425164,18.521379,18.280841,18.280841,-0.048108,7267
2025-11-25,15065307,288231021,18.377056,18.473271,18.328949,18.473271,0.19243,3610
2025-11-26,18728463,361997859,18.521379,18.713808,18.473271,18.617593,0.144322,5678
2025-11-27,13653102,262971248,18.665701,18.665701,18.425164,18.569486,-0.048107,4346
2025-11-28,10358108,199631792,18.569486,18.665701,18.473271,18.473271,-0.096215,3233
2025-12-01,20744973,396099611,18.425164,18.665701,18.280841,18.328949,-0.144322,6852
2025-12-02,30407966,575670547,18.377056,18.377056,18.184626,18.184626,-0.144323,13360
2025-12-03,29370130,553243263,18.232734,18.280841,18.088411,18.088411,-0.096215,10350
2025-12-04,22359586,424115082,18.184626,18.425164,18.184626,18.184626,0.096215,6425
2025-12-05,25661504,482163632,18.280841,18.280841,17.992196,18.040304,-0.144322,10482
2025-12-08,21695575,406279513,18.088411,18.088411,17.944089,17.992196,-0.048108,7239
2025-12-09,28077809,521590228,18.040304,18.040304,17.799766,17.895981,-0.096215,10681
2025-12-10,33484054,629349058,17.944089,18.232734,17.799766,18.184626,0.288645,9620
2025-12-11,45459162,872516458,18.232734,18.665701,18.136519,18.665701,0.481075,11352
2025-12-12,27142549,526679277,18.713808,18.810023,18.569486,18.713808,0.048107,7387
2025-12-15,49750379,986629128,18.665701,19.339206,18.617593,19.050561,0.336753,13452
2025-12-16,29837023,588527337,18.954346,19.194883,18.810023,18.810023,-0.240538,8627
2025-12-17,25735090,505281608,19.050561,19.050561,18.810023,18.906238,0.096215,6438
2025-12-18,20736684,407409651,18.954346,19.050561,18.810023,18.858131,-0.048107,4901
2025-12-19,29892702,592162672,18.858131,19.194883,18.810023,19.098668,0.240537,5997
2025-12-22,22732280,453255133,19.242991,19.291098,19.098668,19.194883,0.096215,6647
2025-12-23,11936046,237612169,19.242991,19.242991,19.098668,19.146776,-0.048107,3567
2025-12-24,11630911,231626399,19.194883,19.242991,19.098668,19.146776,0.0,4187
2025-12-26,25191568,506943776,19.194883,19.483528,19.194883,19.291098,0.144322,6947
2025-12-29,44204707,904820867,19.387313,19.964603,19.387313,19.772173,0.481075,10274
2025-12-30,24153611,488928886,19.675958,19.724065,19.339206,19.435421,-0.336752,6931
2025-12-31,21935408,445241750,19.579743,19.724065,19.435421,19.435421,0.0,6004
2026-01-02,17202460,348868605,19.435421,19.675958,19.387313,19.483528,0.048107,5566
2026-01-05,37641097,770799029,19.531636,19.868388,19.483528,19.675958,0.19243,9578
2026-01-06,18663288,382033239,19.724065,19.82028,19.579743,19.724065,0.048107,5989
2026-01-07,32957863,682040129,19.724065,20.01271,19.62785,19.964603,0.240538,8201
2026-01-08,29721318,610658567,20.060818,20.108925,19.62785,19.62785,-0.336753,8899
2026-01-09,17031135,348419991,19.724065,19.868388,19.579743,19.675958,0.048108,4861
2026-01-12,21707249,448991457,19.868388,20.01271,19.724065,19.964603,0.288645,6683
2026-01-13,29777169,609926196,20.108925,20.157033,19.531636,19.579743,-0.38486,8308
2026-01-14,73903087,1546388276,19.62785,20.39757,19.531636,20.39757,0.817827,16883
2026-01-15,52768459,1129801125,20.493785,20.97486,20.253248,20.541893,0.144323,15850
2026-01-16,35343162,758808552,20.59,20.878645,20.445678,20.686215,0.144322,10273
2026-01-19,30554696,653994300,20.638107,20.734322,20.445678,20.638107,-0.048108,7537
2026-01-20,54108002,1188470303,20.686215,21.35972,20.686215,21.071075,0.432968,14012
2026-01-21,56783875,1268284616,21.071075,21.840794,21.071075,21.407827,0.336752,16943
2026-01-22,41847217,949232907,21.937009,22.081332,21.600257,21.840794,0.432967,12253
2026-01-23,39440943,881893072,21.888902,21.937009,21.263505,21.504042,-0.336752,13165
2026-01-26,29555745,661636149,21.504042,21.792687,21.16729,21.648364,0.144322,8951
2026-01-27,49974264,1143073353,21.744579,22.129439,21.648364,22.033224,0.38486,12878
2026-01-28,46279578,1057997099,22.129439,22.610514,21.648364,21.648364,-0.38486,17708
2026-01-29,26619003,594685528,21.648364,21.792687,21.35972,21.455935,-0.192429,8032
2026-01-30,40208350,890136758,21.696472,21.888902,21.022967,21.35972,-0.096215,12551
2026-02-02,27021146,592535179,21.311612,21.311612,20.926752,21.119182,-0.240538,9660
2026-02-03,34343886,768616715,21.311612,21.840794,21.263505,21.455935,0.336753,9089
2026-02-04,25625108,578712540,21.55215,21.840794,21.311612,21.792687,0.336752,7884
2026-02-05,21760663,494724916,21.840794,22.081332,21.744579,21.888902,0.096215,6657
2026-02-06,22701905,512999706,21.888902,21.888902,21.55215,21.792687,-0.096215,6508
2026-02-09,25922093,590217556,21.888902,22.129439,21.744579,21.937009,0.144322,8788
2026-02-10,42843407,982895340,22.033224,22.177547,21.840794,22.081332,0.144323,10148
2026-02-11,37971314,861330540,22.033224,22.129439,21.600257,21.840794,-0.240538,9925
2026-02-23,73513230,1621929596,22.081332,22.081332,20.830537,21.119182,-0.721612,24401
2026-02-24,71241497,1523872188,20.97486,20.97486,20.39757,20.493785,-0.625397,19459
2026-02-25,51851519,1098382985,20.59,20.686215,20.20514,20.301355,-0.19243,13967
2026-02-26,48482364,1017407732,20.349463,20.493785,20.01271,20.20514,-0.096215,14412
2026-03-02,86371984,1732776696,19.435421,19.724065,19.098668,19.098668,-1.106472,29131
2026-03-03,70912272,1373827980,18.954346,19.002453,18.473271,18.521379,-0.577289,24035
2026-03-04,73899048,1390839634,18.377056,18.425164,17.895981,17.895981,-0.625398,28078
2026-03-05,62961675,1188597022,18.328949,18.473271,17.944089,18.184626,0.288645,16931
2026-03-06,42379261,802249692,18.232734,18.377056,18.088411,18.184626,0.0,13178
2026-03-09,64666964,1174458423,17.511121,17.703551,17.318692,17.559229,-0.625397,23188
2026-03-10,40654789,750159349,17.992196,17.992196,17.559229,17.655444,0.096215,12632
2026-03-11,48068617,912452491,17.847874,18.425164,17.799766,18.280841,0.625397,13146
2026-03-12,41421935,785707895,18.328949,18.521379,18.088411,18.184626,-0.096215,13994
2026-03-13,38325060,711052503,18.040304,18.040304,17.703551,17.799766,-0.38486,14835
2026-03-16,32928803,615879039,17.847874,18.136519,17.799766,17.992196,0.19243,9791
2026-03-17,30971459,587840035,18.184626,18.377056,18.040304,18.280841,0.288645,8421
2026-03-18,40795207,773062889,18.473271,18.521379,18.136519,18.232734,-0.048107,10496
2026-03-19,31375645,585902031,18.088411,18.136519,17.847874,17.992196,-0.240538,9275
2026-03-20,25163356,471424186,17.992196,18.136519,17.895981,18.136519,0.144323,6813
2026-03-23,24454097,454995809,17.895981,18.088411,17.703551,17.847874,-0.288645,8246
2026-03-24,31096597,585886063,18.088411,18.328949,17.992196,18.040304,0.19243,7564
2026-03-25,22312547,420739349,18.280841,18.328949,17.992196,18.232734,0.19243,6908
2026-03-26,14847779,279209111,18.136519,18.232734,18.040304,18.040304,-0.19243,6030
2026-03-27,23183489,431219725,17.944089,18.040304,17.799766,17.944089,-0.096215,6879
2026-03-30,21705000,399466742,17.655444,17.847874,17.607336,17.655444,-0.288645,8522
2026-03-31,38297575,692601785,17.703551,17.703551,17.222477,17.222477,-0.432967,14864
2026-04-01,22082664,405744528,17.559229,17.751659,17.511121,17.703551,0.481074,6785
2026-04-02,27696971,510419525,17.655444,17.944089,17.511121,17.511121,-0.19243,6975
2026-04-07,12870360,234727440,17.799766,17.799766,17.463014,17.511121,0.0,4662
2026-04-08,25515741,473567988,17.944089,18.040304,17.703551,17.847874,0.336753,6723
2026-04-09,33332544,605700497,17.847874,17.847874,17.366799,17.463014,-0.38486,11185
2026-04-10,27270784,495261864,17.607336,17.655444,17.414907,17.414907,-0.048107,8576
2026-04-13,31954417,580355079,17.559229,17.655444,17.366799,17.463014,0.048107,8485
2026-04-14,36342823,663702009,17.655444,17.655444,17.463014,17.559229,0.096215,9421
2026-04-15,32343932,590848044,17.655444,17.655444,17.511121,17.559229,0.0,10444
2026-04-16,22525389,412619776,17.607336,17.703551,17.559229,17.655444,0.096215,7624
2026-04-17,24866245,455300862,17.703551,17.751659,17.511121,17.607336,-0.048108,9138
2026-04-20,28604005,519273064,17.655444,17.655444,17.414907,17.414907,-0.192429,9786
2026-04-21,16511649,300149543,17.511121,17.559229,17.414907,17.511121,0.096214,5212
2026-04-22,17077493,310493852,17.511121,17.559229,17.414907,17.463014,-0.048107,5973
2026-04-23,46612654,838198685,17.414907,17.463014,17.222477,17.222477,-0.240537,17145
2026-04-24,20553446,367261562,17.318692,17.318692,17.126262,17.174369,-0.048108,10263
2026-04-27,25575865,454379275,17.174369,17.222477,17.030047,17.126262,-0.048107,8541
2026-04-28,23303702,417983956,17.174369,17.463014,17.030047,17.366799,0.240537,7694
2026-04-29,17857911,323067618,17.463014,17.511121,17.318692,17.463014,0.096215,6441
2026-04-30,21412281,384747429,17.463014,17.463014,17.222477,17.222477,-0.240537,7480
2026-05-04,18161723,327211125,17.318692,17.414907,17.222477,17.318692,0.096215,6726
2026-05-05,15169049,273987914,17.318692,17.463014,17.270584,17.366799,0.048107,4427
2026-05-06,20692666,372080942,17.463014,17.463014,17.222477,17.270584,-0.096215,7788
2026-05-07,51648725,952538984,17.414907,17.895981,17.366799,17.895981,0.625397,13854
2026-05-08,21303401,393887802,17.944089,17.944089,17.655444,17.847874,-0.048107,6339
2026-05-11,64895516,1238895120,17.992196,18.521379,17.944089,18.425164,0.57729,15492
2026-05-12,39446022,747273452,18.569486,18.569486,18.040304,18.136519,-0.288645,11659
2026-05-13,17942400,335950238,18.040304,18.136519,17.847874,18.040304,-0.096215,5935
2026-05-14,32297196,603469271,18.184626,18.280841,17.847874,17.847874,-0.19243,9268
2026-05-15,23304278,432843862,17.992196,18.088411,17.751659,17.799766,-0.048108,7768
2026-05-18,17927258,329400328,17.655444,17.799766,17.511121,17.655444,-0.144322,5606
2026-05-19,19955063,368681953,17.655444,17.895981,17.607336,17.703551,0.048107,6850
2026-05-20,17564098,321122846,17.703551,17.799766,17.511121,17.511121,-0.19243,7473
2026-05-21,26975421,503752194,17.751659,18.136519,17.703551,17.992196,0.481075,6662
2026-05-22,30673177,569900019,18.040304,18.088411,17.799766,17.847874,-0.144322,7483
2026-05-25,41458160,781842126,18.088411,18.232734,17.992196,18.136519,0.288645,9456
2026-05-26,33523422,629687226,18.280841,18.377056,17.895981,17.944089,-0.19243,11304
2026-05-27,49752078,918919965,17.944089,18.040304,17.655444,17.751659,-0.19243,14351
2026-05-28,62854510,1183317879,17.944089,18.473271,17.895981,17.895981,0.144322,15412
2026-05-29,314468608,5999530916,18.184626,18.425164,18.088411,18.377056,0.481075,16585
2026-06-01,75526205,1465581925,18.473271,18.858131,18.425164,18.810023,0.432967,18244
2026-06-02,47507592,919455459,18.761916,18.761916,18.425164,18.761916,-0.048107,11654
2026-06-03,55672254,1101874900,18.858131,19.194883,18.761916,19.194883,0.432967,13327
2026-06-04,45086926,901531053,19.194883,19.387313,19.050561,19.146776,-0.048107,11413
2026-06-05,49346438,985254272,19.194883,19.387313,18.906238,19.194883,0.048107,10785
2026-06-08,59519767,1134912473,18.280841,18.569486,18.184626,18.328949,-0.865934,14741
2026-06-09,64733364,1261023382,18.328949,18.906238,18.328949,18.761916,0.432967,8732
2026-06-10,40631382,798877263,18.761916,19.098668,18.713808,18.810023,0.048107,9909
2026-06-11,39002241,759597143,18.810023,18.906238,18.521379,18.713808,-0.096215,8974
2026-06-12,79303652,1613910136,19.098668,19.916495,19.050561,19.62785,0.914042,21959
2026-06-15,85921129,1830312011,20.541893,20.878645,20.157033,20.59,0.96215,22666
2026-06-16,58891339,1247826587,20.686215,20.686215,20.157033,20.39757,-0.19243,13861
2026-06-17,152758333,3361849895,20.493785,21.504042,20.301355,21.022967,0.625397,34063
2026-06-18,100065829,2208675260,21.263505,21.55215,20.97486,21.16729,0.144323,18607
2026-06-22,56950265,1230825157,21.119182,21.16729,20.445678,20.97486,-0.19243,16433
2026-06-23,75213791,1671333367,21.119182,21.744579,20.926752,21.455935,0.481075,20354
2026-06-24,146260216,3375549758,21.744579,22.706729,21.407827,22.369977,0.914042,36019
2026-06-25,140540321,3410818825,22.899159,23.813201,22.802944,23.284019,0.914042,37261
2026-06-26,74193002,1755171902,23.284019,23.332126,22.225654,22.321869,-0.96215,21984
2026-06-29,56663975,1319414810,22.802944,22.995374,22.081332,22.225654,-0.096215,15037
2026-06-30,80188846,1873282221,22.658621,22.802944,22.033224,22.802944,0.57729,16222
2026-07-01,100025226,2272218409,22.802944,22.802944,21.455935,21.696472,-1.106472,25732
2026-07-02,59763252,1355431277,21.792687,22.081332,21.455935,21.985117,0.288645,11380
2026-07-03,40689054,922507970,21.744579,22.081332,21.600257,21.696472,-0.288645,11369
2026-07-06,29379938,662738746,21.744579,21.888902,21.504042,21.600257,-0.096215,8110
2026-07-07,53833884,1187635460,21.600257,21.696472,20.97486,21.16729,-0.432967,13482
2026-07-08,53283716,1186868453,21.263505,22.081332,21.071075,21.215397,0.048107,11623
2026-07-09,50121544,1072621612,21.16729,21.16729,20.39757,20.59,-0.625397,14768
2026-07-13,43973194,928682407,21.0,21.45,20.9,21.05,0.46,11649
2026-07-14,55237240,1123975578,20.85,20.9,20.1,20.4,-0.65,13271
2026-07-15,48414558,1013016662,20.5,21.3,20.3,21.2,0.8,13927
2026-07-16,31663490,663705420,21.15,21.45,20.8,20.9,-0.3,9986
2026-07-17,37907575,784080128,20.75,20.9,20.35,20.75,-0.15,10326
2026-07-20,36809973,765065424,20.75,21.0,20.5,20.95,0.2,9031
2026-07-21,33724970,722140930,21.1,21.6,21.1,21.45,0.5,9799
2026-07-22,37370117,804621259,21.6,22.0,21.25,21.35,-0.1,9521
2026-07-23,39937212,825412590,21.3,21.3,20.4,20.6,-0.75,11409
2026-07-24,20731224,422259995,20.3,20.5,20.2,20.5,-0.1,4640
2026-07-27,34077306,718134375,20.85,21.25,20.8,21.25,0.75,9648
2026-07-28,108306108,2371753630,21.45,22.35,21.35,21.75,0.5,24799
2026-07-29,65660069,1433196278,22.1,22.4,21.25,21.7,-0.05,19192
2026-07-30,36322396,783617240,21.95,21.95,21.25,21.7,0.0,8772
2026-07-31,76786125,1720999793,22.0,22.65,21.95,22.4,0.7,18101
2026-08-03,29518107,661639214,22.25,22.65,22.2,22.45,0.05,8106
2026-08-04,35115668,784705551,22.2,22.6,21.9,22.45,0.0,8226
2026-08-05,40607242,918309773,22.7,22.85,22.4,22.6,0.15,11533
2026-08-06,23718012,527807974,22.6,22.7,22.1,22.15,-0.45,9007
2026-08-07,30516637,683573250,22.05,22.55,22.0,22.5,0.35,7716
2026-08-10,126311168,2598622316,21.4,21.4,20.3,20.45,-2.05,40249
2026-08-11,56911845,1145574397,20.35,20.4,20.0,20.25,-0.2,17084
2026-08-12,25579627,517768968,20.25,20.4,20.1,20.25,0.0,8052
2026-08-13,36009986,723650578,20.35,20.35,20.0,20.1,-0.15,9092
2026-08-14,41774667,832612670,20.15,20.15,19.85,19.9,-0.2,12730
