date,Trading_Volume,Trading_money,open,max,min,close,spread,Trading_turnover
2015-01-05,45000,1817950,36.854054,37.497391,36.762148,37.083817,-0.413574,40
2015-01-06,92200,3687540,36.808101,37.313581,36.532385,36.578338,-0.505479,67
2015-01-07,70100,2805155,36.578338,36.945959,36.44048,36.854054,0.275716,49
2015-01-08,89100,3568060,36.945959,36.945959,36.762148,36.762148,-0.091906,65
2015-01-09,63010,2523454,36.945959,36.945959,36.762148,36.945959,0.183811,47
2015-01-12,34100,1359525,36.945959,36.945959,36.394527,36.486432,-0.459527,31
2015-01-13,35200,1396770,36.486432,36.62429,36.394527,36.394527,-0.091905,33
2015-01-14,27100,1072705,36.486432,36.486432,36.256669,36.256669,-0.137858,27
2015-01-15,30000,1192450,36.256669,36.808101,36.256669,36.670243,0.413574,25
2015-01-16,18000,714100,36.394527,36.762148,36.302622,36.762148,0.091905,18
2015-01-19,29100,1154900,36.762148,36.762148,36.302622,36.302622,-0.459526,23
2015-01-20,42007,1656179,36.394527,36.394527,36.026906,36.394527,0.091905,33
2015-01-21,23100,909880,36.394527,36.44048,36.072858,36.118811,-0.275716,20
2015-01-22,60000,2363200,36.118811,36.486432,36.026906,36.486432,0.367621,29
2015-01-23,29100,1146880,36.302622,36.302622,36.164764,36.164764,-0.321668,20
2015-01-26,50082,1961648,36.210716,36.210716,35.843095,35.843095,-0.321669,48
2015-01-27,22000,859450,35.843095,35.935,35.843095,35.843095,0.0,20
2015-01-28,27005,1052244,35.935,35.935,35.705237,35.705237,-0.137858,24
2015-01-29,40000,1544200,35.705237,35.705237,35.291663,35.291663,-0.413574,32
2015-01-30,29100,1120445,35.291663,35.659284,35.24571,35.475473,0.18381,26
2015-02-02,39190,1509560,35.199757,35.751189,35.153804,35.751189,0.275716,35
2015-02-03,34000,1327900,35.751189,36.164764,35.751189,35.843095,0.091906,19
2015-02-04,48100,1866845,35.843095,35.843095,35.383568,35.475473,-0.367622,28
2015-02-05,17000,665900,36.302622,36.302622,35.889047,35.935,0.459527,16
2015-02-06,20000,781750,35.843095,36.026906,35.843095,35.889047,-0.045953,12
2015-02-09,33000,1281300,35.843095,36.026906,35.42952,35.980953,0.091906,25
2015-02-10,18000,706350,35.935,36.256669,35.935,35.980953,0.0,17
2015-02-11,30030,1171083,35.843095,35.843095,35.797142,35.843095,-0.137858,22
2015-02-12,19000,740850,35.843095,35.935,35.751189,35.751189,-0.091906,18
2015-02-13,72100,2791895,35.751189,35.843095,34.924041,35.42952,-0.321669,47
2015-02-24,66000,2531500,35.383568,35.42952,35.061899,35.153804,-0.275716,27
2015-02-25,9000,345500,35.383568,35.383568,35.199757,35.199757,0.045953,7
2015-02-26,22000,846900,35.199757,35.751189,35.199757,35.24571,0.045953,17
2015-03-02,300000,11498350,35.24571,35.843095,35.107852,35.199757,-0.045953,68
2015-03-03,20000,776200,35.659284,35.751189,35.659284,35.751189,0.551432,14
2015-03-04,33200,1306750,35.659284,36.302622,35.659284,36.164764,0.413575,27
2015-03-05,20000,788050,36.118811,36.302622,36.072858,36.118811,-0.045953,15
2015-03-06,7020,277336,36.256669,36.348574,36.256669,36.302622,0.183811,8
2015-03-09,109172,4277539,36.394527,36.62429,35.843095,35.980953,-0.321669,44
2015-03-10,24007,941876,35.980953,36.072858,35.980953,36.072858,0.091905,16
2015-03-11,10000,388800,35.705237,35.843095,35.705237,35.843095,-0.229763,7
2015-03-12,21000,824400,36.210716,36.210716,35.889047,35.889047,0.045952,19
2015-03-13,15000,590600,36.072858,36.348574,36.072858,36.072858,0.183811,13
2015-03-16,15000,588050,36.164764,36.164764,35.935,36.026906,-0.045952,11
2015-03-17,27001,1058739,36.302622,36.302622,35.935,36.118811,0.091905,17
2015-03-18,54139,2143244,36.118811,36.578338,36.118811,36.394527,0.275716,42
2015-03-19,54000,2150150,36.394527,36.854054,36.394527,36.854054,0.459527,41
2015-03-20,99000,4030350,36.945959,37.589297,36.945959,37.405486,0.551432,76
2015-03-23,114000,4769000,37.497391,38.83002,37.497391,38.462398,1.056912,99
2015-03-24,85000,3539550,38.600256,38.600256,38.140729,38.278587,-0.183811,43
2015-03-25,75115,3113399,38.278587,38.278587,37.773107,37.81906,-0.459527,54
2015-03-26,29290,1183138,37.681202,37.681202,36.762148,36.945959,-0.873101,294
2015-03-27,4000,160350,36.900007,37.12977,36.670243,37.12977,0.183811,4
2015-03-30,12000,483350,37.12977,37.12977,36.762148,37.12977,0.0,9
2015-03-31,37205,1510884,37.359534,37.81906,36.945959,37.81906,0.68929,157
2015-04-01,50427,2100872,37.63525,38.554304,37.63525,38.416445,0.597385,118
2015-04-02,1538063,64519074,38.600256,38.692161,38.232634,38.554304,0.137859,101
2015-04-07,85000,3601150,38.875972,39.289546,38.600256,38.784066,0.229762,71
2015-04-08,59204,2507195,39.151688,39.151688,38.784066,39.105736,0.32167,159
2015-04-09,135124,5715934,39.151688,39.335499,38.50835,38.738114,-0.367622,149
2015-04-10,43055,1816967,38.692161,39.01383,38.600256,38.967877,0.229763,80
2015-04-13,95153,4079332,39.01383,39.749073,38.967877,39.519309,0.551432,201
2015-04-14,46143,1980534,39.519309,39.886931,39.289546,39.335499,-0.18381,153
2015-04-15,64103,2743888,39.519309,39.519309,39.151688,39.335499,0.0,128
2015-04-16,40054,1722142,39.289546,39.657168,39.289546,39.427404,0.091905,39
2015-04-17,250002,10776236,39.289546,39.70312,39.243593,39.657168,0.229764,41
2015-04-20,32049,1381207,39.243593,39.932884,39.243593,39.932884,0.275716,32
2015-04-21,167081,7462426,40.2086,42.276471,39.978836,41.357417,1.424533,140
2015-04-22,37200,1646297,41.357417,41.357417,40.438363,40.89789,-0.459527,37
2015-04-23,121125,5296793,40.438363,41.127654,39.151688,39.151688,-1.746202,69
2015-04-24,107001,4516342,38.600256,39.197641,38.462398,39.151688,0.0,81
2015-04-27,23124,981682,39.151688,39.151688,38.83002,38.83002,-0.321668,22
2015-04-28,54000,2317650,39.105736,40.392411,38.784066,39.611215,0.781195,45
2015-04-29,31003,1356029,39.611215,40.89789,39.611215,39.886931,0.275716,28
2015-04-30,63001,2731693,39.657168,40.254552,39.519309,40.254552,0.367621,21
2015-05-04,39008,1706768,40.254552,40.484316,39.611215,39.978836,-0.275716,36
2015-05-05,21000,913700,39.749073,40.346458,39.749073,39.978836,0.0,17
2015-05-06,33000,1426500,39.978836,39.978836,39.565263,39.611215,-0.367621,20
2015-05-07,14000,608000,39.611215,40.162647,39.611215,40.162647,0.551432,12
2015-05-08,134009,5953000,40.162647,41.219559,40.162647,41.173606,1.010959,105
2015-05-11,47005,2102670,41.357417,41.357417,40.89789,40.89789,-0.275716,43
2015-05-12,72000,3111100,40.438363,40.805985,38.094777,40.530268,-0.367622,54
2015-05-13,32002,1393492,39.978836,40.438363,39.749073,40.346458,-0.18381,22
2015-05-14,16000,696800,40.254552,40.346458,39.70312,40.346458,0.0,10
2015-05-15,16000,704050,40.438363,40.484316,40.438363,40.438363,0.091905,9
2015-05-18,10031,435426,40.438363,40.438363,39.657168,39.657168,-0.781195,37
2015-05-19,66054,2840740,39.519309,39.978836,39.427404,39.978836,0.321668,64
2015-05-20,13000,568700,40.162647,40.254552,40.070742,40.254552,0.275716,7
2015-05-21,13002,570092,40.254552,40.346458,40.254552,40.254552,0.0,8
2015-05-22,17000,744100,39.978836,40.438363,39.978836,40.438363,0.183811,11
2015-05-25,36000,1576700,39.978836,40.576222,39.70312,40.576222,0.137859,24
2015-05-26,53000,2344300,39.840979,40.943843,39.840979,40.622174,0.045952,33
2015-05-27,123000,5318950,39.978836,40.622174,39.519309,39.519309,-1.102865,42
2015-05-28,28000,1228050,39.473357,40.805985,39.473357,40.805985,1.286676,18
2015-05-29,10000,435750,40.116695,40.116695,39.978836,39.978836,-0.827149,4
2015-06-01,56009,2405041,40.070742,40.070742,39.381452,39.381452,-0.597384,30
2015-06-02,70000,3009450,39.335499,39.978836,39.335499,39.978836,0.597384,26
2015-06-03,49000,2173300,40.254552,41.081701,40.254552,41.081701,1.102865,39
2015-06-04,302000,14631900,41.357417,45.17149,41.035748,45.17149,4.089789,185
2015-06-05,231002,11611005,48.25032,48.25032,44.574105,45.493159,0.321669,167
2015-06-08,137002,6405908,45.033632,45.17149,40.943843,45.17149,-0.321669,108
2015-06-09,82001,3914298,45.033632,45.033632,41.816944,44.574105,-0.597385,51
2015-06-10,62003,2993106,43.655052,45.768875,43.195525,43.517193,-1.056912,51
2015-06-11,38000,1764550,42.735998,43.838862,42.000755,43.838862,0.321669,27
2015-06-12,317000,15159450,43.838862,44.666011,43.701004,44.574105,0.735243,47
2015-06-15,388000,18734050,43.930768,46.871739,43.838862,46.687929,2.113824,90
2015-06-16,150000,7507400,46.687929,47.423172,45.125538,47.423172,0.735243,101
2015-06-17,120000,6204700,47.423172,49.44509,46.687929,47.606982,0.18381,78
2015-06-18,110000,5603500,47.606982,47.606982,46.228402,47.606982,0.0,83
2015-06-22,137000,7000400,47.606982,47.606982,46.228402,47.606982,0.0,97
2015-06-23,70008,3583732,46.963645,47.790793,46.412213,47.423172,-0.18381,45
2015-06-24,32005,1627155,46.412213,47.331266,46.320307,47.331266,-0.091906,28
2015-06-25,30002,1535904,46.504118,47.331266,46.412213,47.331266,0.0,21
2015-06-26,33000,1668000,47.331266,47.331266,46.412213,46.412213,-0.919053,19
2015-06-29,14001,688398,46.412213,46.412213,44.895774,44.895774,-1.516439,14
2015-06-30,26000,1237250,44.160531,44.160531,43.195525,43.792909,-1.102865,23
2015-07-01,56100,2655070,44.114578,44.114578,42.368376,43.792909,0.0,41
2015-07-02,136000,6476500,42.735998,43.930768,42.735998,43.792909,0.0,26
2015-07-03,52004,2463942,44.068625,44.068625,43.28743,43.792909,0.0,25
2015-07-06,23000,1118250,43.746957,46.871739,43.746957,43.792909,0.0,23
2015-07-07,62000,2952250,43.930768,44.528152,43.563146,43.792909,0.0,28
2015-07-08,103000,4876400,43.792909,43.792909,43.195525,43.195525,-0.597384,36
2015-07-09,19000,894150,43.471241,43.471241,42.735998,42.735998,-0.459527,15
2015-07-13,28000,1330900,42.919808,45.033632,42.276471,44.574105,1.838107,26
2015-07-14,19102,930048,44.849821,45.033632,44.114578,44.574105,0.0,18
2015-07-15,25000,1217850,45.033632,45.033632,44.252436,45.033632,0.459527,23
2015-07-16,15001,732148,46.758324,47.908119,45.991795,46.470875,1.437243,15
2015-07-17,14000,679000,46.470875,47.429038,46.087611,47.429038,0.958163,12
2015-07-20,15002,708604,46.135519,46.135519,45.033632,45.033632,-2.395406,14
2015-07-21,6000,279500,43.213123,45.033632,43.213123,45.033632,0.0,6
2015-07-22,10000,460400,42.686134,45.129448,42.686134,45.129448,0.095816,10
2015-07-23,2002,96902,46.375059,46.375059,46.375059,46.375059,1.245611,4
2015-07-24,1000,48000,45.991795,45.991795,45.991795,45.991795,-0.383264,1
2015-07-27,10000,459550,43.356848,45.033632,43.213123,45.033632,-0.958163,10
2015-07-28,4000,183100,43.213123,44.506643,43.213123,44.506643,-0.526989,4
2015-07-29,9002,419242,43.213123,45.08154,43.213123,45.08154,0.574897,9
2015-07-30,26000,1230500,43.788021,45.800162,43.788021,45.800162,0.718622,23
2015-07-31,4000,190350,45.800162,45.800162,45.033632,45.752254,-0.047908,4
2015-08-03,3001,144002,45.991795,45.991795,45.943886,45.943886,0.191632,4
2015-08-04,5001,236751,44.075469,45.895978,44.075469,45.895978,-0.047908,6
2015-08-05,14002,661602,44.075469,45.991795,44.075469,45.991795,0.095817,12
2015-08-06,3500,170300,46.854141,46.854141,46.470875,46.470875,0.47908,8
2015-08-07,14000,679400,46.854141,46.854141,46.470875,46.470875,0.0,12
2015-08-10,3001,145448,46.422967,46.470875,46.422967,46.470875,0.0,4
2015-08-11,6001,288948,46.470875,46.470875,45.416897,46.470875,0.0,6
2015-08-12,4004,193242,46.854141,46.854141,45.368989,46.375059,-0.095816,8
2015-08-13,26000,1264450,44.746183,46.949957,44.746183,46.949957,0.574898,20
2015-08-14,13000,639900,47.045773,47.429038,46.949957,47.429038,0.479081,10
2015-08-17,33001,1617449,46.949957,47.333222,46.949957,46.949957,-0.479081,10
2015-08-18,18000,883000,46.949957,47.429038,45.991795,47.429038,0.479081,12
2015-08-19,16000,784000,46.949957,46.949957,46.949957,46.949957,-0.479081,13
2015-08-20,10000,490000,46.949957,46.949957,46.949957,46.949957,0.0,7
2015-08-21,11000,538700,46.949957,46.949957,46.854141,46.949957,0.0,9
2015-08-24,18001,864148,45.991795,46.470875,45.033632,45.991795,-0.958162,15
2015-08-25,48001,2342250,45.033632,47.908119,45.033632,47.908119,1.916324,35
2015-08-26,35002,1739400,47.908119,48.866281,46.470875,47.716487,-0.191632,25
2015-08-27,0,0,47.908119,48.866281,46.470875,47.716487,0.0,0
2015-08-28,28001,1390299,48.674649,49.632811,46.949957,47.189497,-0.52699,12
2015-08-31,7005,340237,47.189497,47.716487,45.368989,45.512713,-1.676784,10
2015-09-01,3000,142650,45.560621,45.560621,45.560621,45.560621,0.047908,2
2015-09-02,13000,619200,45.800162,45.800162,45.608529,45.608529,0.047908,4
2015-09-03,77000,3658850,47.620671,47.620671,45.033632,45.033632,-0.574897,30
2015-09-04,18000,839250,45.033632,45.033632,42.398685,42.398685,-2.634947,13
2015-09-07,3001,132794,42.398685,42.398685,42.398685,42.398685,0.0,3
2015-09-08,2000,88500,42.398685,42.398685,42.398685,42.398685,0.0,2
2015-09-09,8000,364600,43.740113,43.788021,42.877767,42.877767,0.479082,5
2015-09-10,14000,631900,43.308939,43.308939,43.117307,43.117307,0.23954,5
2015-09-11,5500,246823,42.877767,43.165215,42.829859,43.117307,0.0,8
2015-09-14,17000,770500,43.788021,43.788021,43.117307,43.117307,0.0,8
2015-09-15,4000,180000,43.117307,43.117307,43.117307,43.117307,0.0,2
2015-09-16,8001,360995,43.117307,44.027561,43.117307,44.027561,0.910254,6
2015-09-17,10000,459850,44.027561,44.075469,44.027561,44.075469,0.047908,7
2015-09-18,22000,1015750,44.554551,44.554551,44.075469,44.075469,0.0,9
2015-09-21,4000,184000,44.075469,44.075469,44.075469,44.075469,0.0,2
2015-09-22,7004,322585,44.458735,44.458735,44.075469,44.075469,0.0,6
2015-09-23,1000,45050,43.165215,43.165215,43.165215,43.165215,-0.910254,1
2015-09-24,144000,6624000,44.075469,44.075469,44.075469,44.075469,0.910254,12
2015-09-25,0,0,44.075469,44.075469,44.075469,44.075469,0.0,0
2015-09-30,19003,866185,43.596388,44.554551,43.117307,43.596388,-0.479081,19
2015-10-01,11002,503742,43.213123,44.171286,43.213123,44.171286,0.574898,8
2015-10-02,2,98,43.213123,44.171286,43.213123,44.171286,0.0,2
2015-10-05,4002,185992,44.554551,44.554551,44.458735,44.458735,0.287449,6
2015-10-06,12001,558546,44.650367,44.650367,44.554551,44.554551,0.095816,6
2015-10-07,2000,93200,44.650367,44.650367,44.650367,44.650367,0.095816,2
2015-10-08,4000,186800,44.746183,44.746183,44.746183,44.746183,0.095816,4
2015-10-12,25000,1170000,44.841999,44.841999,44.841999,44.841999,0.095816,11
2015-10-13,16000,748750,44.889907,44.889907,44.794091,44.794091,-0.047908,6
2015-10-14,5002,230692,44.075469,44.362918,44.075469,44.362918,-0.431173,7
2015-10-15,2003,92188,44.123377,44.123377,44.075469,44.075469,-0.287449,5
2015-10-16,5003,232988,44.362918,44.937816,44.362918,44.362918,0.287449,8
2015-10-19,219001,10213397,44.31501,46.039703,44.31501,45.704345,1.341427,15
2015-10-20,227001,10578297,45.991795,45.991795,44.554551,45.225265,-0.47908,21
2015-10-21,220001,10303797,45.943886,45.943886,44.841999,45.512713,0.287448,25
2015-10-22,233001,10926748,45.512713,45.800162,44.841999,45.704345,0.191632,26
2015-10-23,40010,1911574,45.800162,45.895978,45.704345,45.704345,0.0,19
2015-10-26,586002,27632246,45.704345,46.375059,45.704345,45.991795,0.28745,23
2015-10-27,72000,3468300,45.991795,46.279243,45.991795,45.991795,0.0,14
2015-10-28,14001,673148,45.991795,46.470875,45.895978,45.895978,-0.095817,8
2015-10-29,15604,753834,47.716487,47.716487,45.800162,47.333222,1.437244,11
2015-10-30,12004,591146,46.949957,47.429038,46.949957,47.429038,0.095816,15
2015-11-02,401000,18974400,46.949957,47.524854,46.949957,47.429038,0.0,17
2015-11-03,91000,4515700,47.429038,48.866281,47.429038,47.524854,0.095816,21
2015-11-04,629001,30015401,47.572763,48.962098,47.524854,48.770465,1.245611,69
2015-11-05,101001,5095950,48.099752,48.866281,48.099752,48.866281,0.095816,21
2015-11-06,106001,5367551,48.195568,49.057914,48.195568,48.674649,-0.191632,31
2015-11-09,8003,404953,48.483016,48.483016,48.483016,48.483016,-0.191633,6
2015-11-10,480002,22787898,48.3872,48.3872,47.429038,47.429038,-1.053978,32
2015-11-11,149467,7561567,46.470875,49.441179,46.470875,49.345362,1.916324,83
2015-11-12,231056,12290680,48.674649,51.740768,48.674649,51.357504,2.012142,121
2015-11-13,384527,21199253,50.782606,54.615256,50.782606,53.657094,2.29959,185
2015-11-16,301373,16975211,53.178012,54.51944,53.082196,54.51944,0.862346,151
2015-11-17,254172,14416418,54.136174,54.806888,52.794747,54.51944,0.0,137
2015-11-18,189077,10760896,54.423624,54.711072,54.136174,54.615256,0.095816,147
2015-11-19,197002,11325024,54.806888,55.477602,54.51944,55.477602,0.862346,146
2015-11-20,182004,10513548,55.094337,55.477602,54.902704,55.477602,0.0,60
2015-11-23,164000,9421500,55.477602,55.477602,54.806888,55.094337,-0.383265,79
2015-11-24,764008,42909404,55.573418,56.148315,55.573418,56.148315,1.053978,187
2015-11-25,56016,3276230,55.956683,56.339948,55.765051,55.765051,-0.383264,49
2015-11-26,66017,3842197,56.052499,56.244131,54.998521,55.765051,0.0,49
2015-11-27,100006,5781448,56.052499,56.052499,50.590974,55.860867,0.095816,62
2015-11-30,117019,6829522,55.765051,57.010661,55.573418,56.435764,0.574897,79
2015-12-01,42014,2470896,56.435764,56.723213,56.052499,56.339948,-0.095816,34
2015-12-02,92000,5429500,56.531581,57.010661,56.052499,56.531581,0.191633,58
2015-12-03,36014,2135326,56.531581,57.489743,56.435764,57.010661,0.47908,37
2015-12-04,99005,5912725,57.010661,57.29811,56.914845,57.29811,0.287449,30
2015-12-07,567577,31802986,57.489743,57.777191,57.393927,57.489743,0.191633,41
2015-12-08,476138,26772232,57.010661,58.447905,57.010661,57.777191,0.287448,40
2015-12-09,666002,36957822,57.29811,58.543721,56.052499,58.543721,0.76653,45
2015-12-10,224128,13966698,59.214435,59.980965,57.777191,59.885149,1.341428,100
2015-12-11,137102,8613926,60.172597,60.36423,59.693517,60.36423,0.479081,73
2015-12-14,112229,7117380,60.460046,61.034944,59.980965,61.034944,0.670714,50
2015-12-15,44000,2807200,61.13076,61.226576,60.939127,61.226576,0.191632,25
2015-12-16,57002,3623840,61.322393,61.322393,60.460046,61.13076,-0.095816,41
2015-12-17,31099,2000139,60.843311,61.89729,60.843311,61.89729,0.76653,25
2015-12-18,31000,2002900,61.993106,62.088923,61.13076,61.89729,0.0,22
2015-12-21,252000,16222300,61.801474,61.801474,61.322393,61.705657,-0.191633,44
2015-12-22,50100,3195735,61.322393,61.322393,60.460046,61.322393,-0.383264,45
2015-12-23,37024,2318696,60.268414,60.747495,59.406067,60.36423,-0.958163,32
2015-12-24,52001,3264664,59.980965,61.226576,59.5977,60.843311,0.479081,31
2015-12-25,13002,818028,60.36423,60.843311,59.885149,60.843311,0.0,14
2015-12-28,108018,6797255,60.172597,60.939127,60.076781,60.939127,0.095816,13
2015-12-29,16004,1011456,60.172597,61.034944,60.076781,60.939127,0.0,17
2015-12-30,25002,1576128,60.172597,61.13076,59.980965,61.13076,0.191633,18
2015-12-31,28082,1790948,60.36423,61.322393,60.36423,61.322393,0.191633,28
2016-01-04,39735,2519923,60.555863,61.705657,60.268414,61.226576,-0.095817,28
2016-01-05,86302,5471210,60.460046,62.280555,59.693517,62.280555,1.053979,59
2016-01-06,84002,5376628,62.280555,62.280555,60.843311,61.609841,-0.670714,61
2016-01-07,22002,1447232,66.879734,66.879734,61.034944,63.238717,1.628876,17
2016-01-08,35002,2322634,63.238717,64.19688,62.759636,64.19688,0.958163,26
2016-01-11,36100,2458748,64.19688,65.346674,64.19688,65.346674,1.149794,16
2016-01-12,13501,924919,65.346674,65.729939,65.346674,65.634123,0.287449,14
2016-01-13,337016,21140404,66.592286,66.592286,64.67596,65.921572,0.287449,33
2016-01-14,352000,22156000,65.250858,66.113204,64.96341,66.113204,0.191632,29
2016-01-15,49003,3344004,65.634123,65.921572,65.059226,65.921572,-0.191632,31
2016-01-18,69003,4764907,65.634123,66.592286,65.346674,66.592286,0.670714,28
2016-01-19,22097,1558270,68.029529,68.029529,67.550448,67.550448,0.958162,4
2016-01-20,26172,1823118,66.592286,67.071367,66.496469,67.071367,-0.479081,20
2016-01-21,374692,23884592,67.071367,68.50861,66.592286,68.029529,0.958162,28
2016-01-22,137000,10022300,68.50861,70.520751,68.50861,70.424935,2.395406,51
2016-01-25,81892,6032605,70.520751,70.712383,70.04167,70.712383,0.287448,36
2016-01-26,34004,2490996,70.8082,70.8082,69.945854,70.424935,-0.287448,33
2016-01-27,115020,8484680,70.616567,70.712383,70.137486,70.712383,0.287448,19
2016-01-28,13040,955260,69.945854,70.520751,69.945854,70.520751,-0.191632,13
2016-01-29,18001,1321174,70.424935,70.8082,69.945854,70.8082,0.287449,18
2016-01-30,8000,591500,70.520751,71.383097,70.520751,70.8082,0.0,8
2016-02-01,24004,1761596,70.904016,70.904016,69.945854,70.424935,-0.383265,20
2016-02-02,31026,2273512,70.233303,71.383097,69.850038,69.850038,-0.574897,23
2016-02-03,37005,2651065,68.987692,70.137486,64.771777,70.137486,0.287448,33
2016-02-15,7020,519880,70.137486,71.862179,70.137486,70.904016,0.76653,27
2016-02-16,32003,2355822,70.424935,70.904016,69.850038,70.904016,0.0,28
2016-02-17,22047,1603735,69.945854,69.945854,69.370956,69.370956,-1.53306,21
2016-02-18,43006,3081776,68.987692,70.424935,68.125346,68.125346,-1.24561,31
2016-02-19,23091,1562297,65.155042,65.155042,64.19688,64.19688,-3.928466,24
2016-02-22,5000,332900,63.334533,64.67596,63.334533,64.19688,0.0,5
2016-02-23,9000,604000,64.388512,64.388512,64.19688,64.19688,0.0,5
2016-02-24,34044,2287395,65.346674,65.346674,64.19688,64.388512,0.191632,24
2016-02-25,41000,2757700,64.292696,65.155042,64.292696,64.580144,0.191632,11
2016-02-26,41081,2761383,62.472187,64.67596,62.472187,64.67596,0.095816,14
2016-03-01,12090,820136,64.19688,65.155042,64.19688,65.155042,0.479082,21
2016-03-02,4113,279694,65.155042,65.155042,65.155042,65.155042,0.0,10
2016-03-03,12004,823680,65.346674,66.113204,65.155042,66.113204,0.958162,16
2016-03-04,2000,138900,66.97555,66.97555,66.113204,66.113204,0.0,2
2016-03-07,22019,1488011,65.729939,65.729939,64.19688,64.19688,-1.916324,36
2016-03-08,16004,1076072,64.67596,64.67596,64.19688,64.19688,0.0,15
2016-03-09,52000,3481000,63.717798,64.292696,63.238717,64.19688,0.0,28
2016-03-10,1081,72727,64.484328,64.484328,64.484328,64.484328,0.287448,3
2016-03-11,3899,262733,64.67596,64.67596,64.67596,64.67596,0.191632,10
2016-03-14,33001,2234369,65.634123,65.634123,64.19688,65.634123,0.958163,22
2016-03-15,6000,406800,64.96341,64.96341,64.96341,64.96341,-0.670713,4
2016-03-16,13002,889548,64.67596,67.071367,64.67596,67.071367,2.107957,12
2016-03-17,5100,357190,67.071367,67.071367,67.071367,67.071367,0.0,4
2016-03-18,5000,357900,68.50861,68.891875,68.50861,68.891875,1.820508,4
2016-03-21,6051,430621,68.987692,68.987692,68.029529,68.029529,-0.862346,46
2016-03-22,2003,141108,67.550448,67.550448,67.454632,67.454632,-0.574897,4
2016-03-23,1,71,67.550448,67.550448,67.454632,67.454632,0.0,1
2016-03-24,6040,415092,67.167183,67.358816,65.155042,65.155042,-2.29959,6
2016-03-25,12004,836276,65.155042,67.071367,65.155042,67.071367,1.916325,7
2016-03-28,1004,69276,66.113204,66.113204,66.113204,66.113204,-0.958163,5
2016-03-29,4009,271630,64.388512,66.688102,64.292696,66.688102,0.574898,13
2016-03-30,5002,342840,66.783918,66.783918,64.867593,66.592286,-0.095816,7
2016-03-31,7002,479636,66.400653,66.400653,64.580144,65.155042,-1.437244,9
2016-04-01,21003,1455107,65.921572,66.879734,65.921572,66.113204,0.958162,15
2016-04-06,27150,1857928,66.017388,66.017388,65.155042,66.017388,-0.095816,22
2016-04-07,1,68,66.017388,66.017388,65.155042,66.017388,0.0,1
2016-04-08,31001,2109769,65.634123,65.634123,64.67596,65.634123,-0.383265,13
2016-04-11,6005,402235,64.292696,64.292696,64.005247,64.19688,-1.437243,9
2016-04-12,2,140,64.292696,64.292696,64.005247,64.19688,0.0,2
2016-04-13,0,0,64.292696,64.292696,64.005247,64.19688,0.0,0
2016-04-14,17003,1154601,65.634123,65.634123,64.292696,64.292696,0.095816,15
2016-04-15,10001,668766,65.059226,65.059226,63.526166,63.526166,-0.76653,7
2016-04-18,36004,2392868,63.238717,65.155042,62.568003,65.155042,1.628876,23
2016-04-19,43186,2916298,64.484328,65.155042,64.19688,65.059226,-0.095816,22
2016-04-20,40000,2693400,64.580144,64.580144,64.388512,64.388512,-0.670714,11
2016-04-21,32000,2142600,64.005247,64.67596,64.005247,64.388512,0.0,11
2016-04-22,31001,2075766,63.909431,64.580144,63.909431,64.292696,-0.095816,15
2016-04-25,41001,2773669,64.005247,67.071367,64.005247,66.783918,2.491222,19
2016-04-26,31001,2085067,64.005247,65.155042,64.005247,65.155042,-1.628876,13
2016-04-27,34002,2287132,63.334533,65.155042,63.334533,64.19688,-0.958162,18
2016-04-28,88000,5956100,64.19688,65.634123,64.005247,65.538307,1.341427,40
2016-04-29,10000,682300,65.634123,65.634123,64.96341,64.96341,-0.574897,6
2016-05-03,2,134,65.634123,65.634123,64.96341,64.96341,0.0,2
2016-05-04,7039,472932,64.292696,65.346674,64.19688,65.346674,0.383264,5
2016-05-05,0,0,64.292696,65.346674,64.19688,65.346674,0.0,0
2016-05-06,195000,14066600,67.071367,70.520751,67.071367,67.550448,2.203774,86
2016-05-09,102388,7375236,66.592286,70.233303,66.592286,68.029529,0.479081,60
2016-05-10,36050,2566560,68.987692,68.987692,67.071367,68.891875,0.862346,18
2016-05-11,2000,141700,67.071367,68.700243,67.071367,68.700243,-0.191632,2
2016-05-12,11009,777436,68.50861,68.604426,67.071367,67.071367,-1.628876,11
2016-05-13,3050,212940,67.071367,67.071367,66.592286,66.592286,-0.479081,4
2016-05-16,1000,69500,66.592286,66.592286,66.592286,66.592286,0.0,1
2016-05-17,27000,1872900,66.592286,66.592286,66.400653,66.592286,0.0,11
2016-05-18,4000,278000,66.20902,67.837896,66.113204,67.837896,1.24561,4
2016-05-19,15000,1042500,66.400653,67.071367,66.400653,66.592286,-1.24561,5
2016-05-20,1000,69600,66.688102,66.688102,66.688102,66.688102,0.095816,1
2016-05-23,5000,343500,66.113204,66.113204,65.634123,65.634123,-1.053979,4
2016-05-24,11000,750800,65.634123,65.729939,65.155042,65.729939,0.095816,7
2016-05-25,2002,137334,65.729939,65.729939,65.729939,65.729939,0.0,4
2016-05-26,4010,275391,66.113204,66.113204,65.634123,65.634123,-0.095816,4
2016-05-27,5000,340500,65.634123,65.634123,65.155042,65.155042,-0.479081,4
2016-05-30,5000,332000,65.155042,65.155042,63.238717,63.238717,-1.916325,4
2016-05-31,12001,808067,65.155042,65.155042,63.717798,65.155042,1.916325,11
2016-06-01,12000,805800,65.155042,65.155042,63.238717,64.388512,-0.76653,8
2016-06-02,9000,607000,64.67596,65.155042,64.19688,64.19688,-0.191632,6
2016-06-03,3225,213692,63.717798,63.717798,63.238717,63.238717,-0.958163,5
2016-06-04,2000,132000,63.238717,63.238717,63.238717,63.238717,0.0,2
2016-06-06,1000,65900,63.142901,63.142901,63.142901,63.142901,-0.095816,1
2016-06-07,3000,198100,63.334533,63.334533,63.238717,63.238717,0.095816,3
2016-06-08,1000,66500,63.717798,63.717798,63.717798,63.717798,0.479081,1
2016-06-13,8356,534924,59.406067,63.238717,59.406067,62.280555,-1.437243,10
2016-06-14,1000,69900,66.97555,66.97555,66.97555,66.97555,4.694995,1
2016-06-15,8001,555469,66.017388,66.97555,66.017388,66.97555,0.0,7
2016-06-16,0,0,66.017388,66.97555,66.017388,66.97555,0.0,0
2016-06-17,5000,338900,66.113204,66.113204,64.19688,64.19688,-2.77867,5
2016-06-20,0,0,66.113204,66.113204,64.19688,64.19688,0.0,0
2016-06-21,2000,134100,64.292696,64.292696,64.19688,64.19688,0.0,2
2016-06-22,20000,1396700,66.879734,66.97555,66.304837,66.97555,2.77867,14
2016-06-23,7000,483600,66.304837,66.304837,66.113204,66.113204,-0.862346,4
2016-06-24,0,0,66.304837,66.304837,66.113204,66.113204,0.0,0
2016-06-27,15001,1038470,66.20902,66.592286,66.113204,66.592286,0.479082,10
2016-06-28,8027,558377,66.113204,67.550448,66.113204,66.113204,-0.479082,9
2016-06-29,1001,69068,66.113204,66.113204,66.113204,66.113204,0.0,2
2016-06-30,1001,69169,66.20902,66.20902,66.20902,66.20902,0.095816,2
2016-07-01,22000,1462200,62.472187,66.97555,61.801474,66.113204,-0.095816,17
2016-07-04,3000,206700,65.155042,66.783918,65.155042,66.783918,0.670714,3
2016-07-05,4001,276169,66.20902,66.20902,66.113204,66.113204,-0.670714,5
2016-07-06,15000,1040300,66.20902,66.592286,66.20902,66.592286,0.479082,8
2016-07-07,22000,1530300,66.20902,67.550448,66.20902,67.550448,0.958162,10
2016-07-11,2,138,66.20902,67.550448,66.20902,67.550448,0.0,2
2016-07-12,1000,70000,67.071367,67.071367,67.071367,67.071367,-0.479081,1
2016-07-13,0,0,67.071367,67.071367,67.071367,67.071367,0.0,0
2016-07-14,4000,276200,67.071367,67.071367,65.250858,65.250858,-1.820509,4
2016-07-15,2000,137500,66.113204,66.113204,65.634123,65.634123,0.383265,2
2016-07-18,6000,417100,68.50861,68.50861,65.538307,67.071367,1.437244,6
2016-07-19,3000,204200,66.688102,66.688102,64.484328,64.484328,-2.587039,3
2016-07-20,26000,1770800,64.580144,65.921572,64.580144,65.921572,1.437244,14
2016-07-21,14000,961700,66.017388,66.017388,65.155042,66.017388,0.095816,9
2016-07-22,2001,137668,66.017388,66.017388,65.825756,65.825756,-0.191632,3
2016-07-25,28003,1913704,65.921572,66.113204,65.155042,65.346674,-0.479082,23
2016-07-26,48000,3272900,65.346674,65.634123,64.67596,65.634123,0.287449,35
2016-07-27,45000,3099900,65.729939,66.304837,65.729939,66.113204,0.479081,23
2016-07-28,17002,1173238,66.20902,67.071367,65.729939,66.113204,0.0,12
2016-07-29,9000,618600,66.20902,66.20902,65.44249,65.634123,-0.479081,7
2016-08-01,7000,483800,66.304837,66.304837,66.113204,66.304837,0.670714,5
2016-08-02,8002,553538,66.400653,66.400653,66.113204,66.304837,0.0,8
2016-08-03,8000,551600,66.113204,66.20902,65.729939,66.20902,-0.095817,7
2016-08-04,5004,344376,66.113204,66.113204,65.346674,66.113204,-0.095816,9
2016-08-05,39026,2722722,66.113204,67.167183,66.113204,67.167183,1.053979,28
2016-08-08,17000,1191100,67.167183,67.262999,67.071367,67.262999,0.095816,13
2016-08-09,3012,211740,67.358816,67.358816,67.358816,67.358816,0.095817,15
2016-08-10,25001,1768171,67.358816,68.029529,67.071367,68.029529,0.670713,16
2016-08-11,28001,1976171,68.029529,68.029529,65.634123,67.933713,-0.095816,20
2016-08-12,81241,5944528,68.987692,71.862179,68.987692,70.616567,2.682854,68
2016-08-15,68040,5085948,70.712383,72.820341,70.712383,72.34126,1.724693,54
2016-08-16,71003,5378928,72.916157,72.916157,71.478913,72.34126,0.0,62
2016-08-17,35002,2641750,72.34126,72.628709,71.957995,72.628709,0.287449,31
2016-08-18,68001,5179276,72.628709,73.778503,71.862179,72.628709,0.0,50
2016-08-19,23031,1735040,72.532892,72.628709,71.670546,71.670546,-0.958163,25
2016-08-22,33010,2471340,70.8082,72.916157,70.329119,70.329119,-1.341427,37
2016-08-23,23000,1692200,70.904016,70.904016,69.754222,70.904016,0.574897,16
2016-08-24,24006,1768644,71.095649,71.095649,69.945854,70.904016,0.0,21
2016-08-25,25003,1845922,71.191465,71.191465,70.424935,70.904016,0.0,26
2016-08-26,54002,3981350,71.383097,71.383097,69.945854,71.191465,0.287449,34
2016-08-29,38000,2835000,71.383097,71.862179,71.191465,71.478913,0.287448,28
2016-08-30,85150,6373936,72.053811,72.053811,71.383097,71.862179,0.383266,71
2016-08-31,230006,17421256,72.34126,73.203606,72.053811,72.437076,0.574897,108
2016-09-01,68139,5147761,72.437076,72.820341,71.862179,72.820341,0.383265,48
2016-09-02,113061,8535097,73.299422,73.299422,71.862179,72.053811,-0.76653,72
2016-09-05,74000,5087100,72.053811,74.957472,72.053811,73.666956,1.613145,57
2016-09-06,46000,3168900,74.097128,74.312214,73.666956,74.204671,0.537715,37
2016-09-07,25000,1725800,74.5273,74.5273,74.097128,74.097128,-0.107543,19
2016-09-08,44000,3076300,75.280101,75.495187,75.065015,75.065015,0.967887,32
2016-09-09,105009,7539844,76.570617,78.506391,76.355531,77.430961,2.365946,88
2016-09-10,31001,2200171,76.355531,76.893246,75.387644,76.893246,-0.537715,28
2016-09-12,86150,6186180,76.785703,77.646048,76.785703,76.893246,0.0,48
2016-09-13,122000,8680500,76.785703,77.323418,75.387644,75.710273,-1.182973,72
2016-09-14,64000,4497600,75.60273,76.247988,74.204671,76.247988,0.537715,33
2016-09-19,14032,977940,75.495187,76.893246,74.204671,75.710273,-0.537715,15
2016-09-20,14000,975100,75.817816,75.817816,74.204671,74.849929,-0.860344,14
2016-09-21,12208,848472,74.957472,75.172558,74.204671,74.742386,-0.107543,13
2016-09-22,5200,364560,75.280101,75.817816,75.280101,75.387644,0.645258,6
2016-09-23,25000,1750600,75.60273,75.925359,74.742386,75.495187,0.107543,18
2016-09-26,15000,1050800,75.280101,75.495187,75.280101,75.387644,-0.107543,10
2016-09-29,35000,2439382,75.60273,75.817816,74.849929,74.849929,-0.537715,39
2016-09-30,33999,2327732,73.774499,75.495187,73.129241,73.45187,-1.398059,29
2016-10-03,15001,1017467,73.666956,73.666956,72.699069,72.806612,-0.645258,14
2016-10-04,30001,2029168,73.236784,73.236784,72.161354,72.914155,0.107543,26
2016-10-05,40620,2736466,72.161354,73.129241,71.623639,72.914155,0.0,43
2016-10-06,68363,4700384,72.914155,75.172558,72.914155,73.45187,0.537715,53
2016-10-07,20199,1382832,73.45187,73.989585,72.591526,73.989585,0.537715,21
2016-10-11,28400,1916559,74.204671,74.204671,72.053811,72.483983,-1.505602,23
2016-10-12,54202,3593032,71.516096,72.37644,70.22558,72.053811,-0.430172,48
2016-10-13,28830,1912961,72.053811,72.268897,70.118037,72.161354,0.107543,35
2016-10-14,35100,2345268,72.161354,72.591526,70.763295,72.483983,0.322629,34
2016-10-17,5108,341276,72.699069,72.699069,70.978381,72.483983,0.0,14
2016-10-18,5100,343530,72.483983,72.591526,72.053811,72.053811,-0.430172,6
2016-10-19,14800,986959,72.053811,72.053811,70.978381,72.053811,0.0,18
2016-10-20,11000,733800,72.053811,72.053811,70.655752,72.053811,0.0,9
2016-10-21,23102,1538272,72.053811,72.053811,70.655752,71.946268,-0.107543,17
2016-10-24,19100,1272488,72.053811,72.053811,70.870838,71.946268,0.0,19
2016-10-25,9002,600132,71.838725,71.946268,70.870838,71.946268,0.0,9
2016-10-26,2002,133932,71.946268,71.946268,71.946268,71.946268,0.0,4
2016-10-27,3100,205977,71.946268,71.946268,70.978381,71.516096,-0.430172,7
2016-10-28,3004,200264,71.838725,71.838725,71.516096,71.516096,0.0,7
2016-10-31,13210,876539,71.838725,71.838725,70.870838,71.623639,0.107543,11
2016-11-01,25001,1662271,71.623639,71.623639,70.440666,71.623639,0.0,26
2016-11-02,19616,1291932,71.516096,71.623639,70.333123,70.763295,-0.860344,21
2016-11-03,28000,1828300,70.978381,71.516096,69.15015,70.333123,-0.430172,21
2016-11-04,12002,779130,70.118037,70.333123,69.365236,70.333123,0.0,12
2016-11-07,8000,524800,70.548209,70.978381,69.902951,70.763295,0.430172,8
2016-11-08,19601,1289752,70.763295,70.978381,70.118037,70.655752,-0.107543,18
2016-11-09,21100,1360369,70.763295,70.978381,66.784204,69.902951,-0.752801,23
2016-11-10,28001,1832364,70.548209,70.978381,69.472779,70.440666,0.537715,21
2016-11-11,70002,4617328,70.440666,71.408553,69.902951,70.440666,0.0,25
2016-11-14,87100,5754430,70.978381,71.30101,70.440666,70.978381,0.537715,21
2016-11-15,95100,6325470,71.623639,71.838725,71.085924,71.731182,0.752801,28
2016-11-16,62500,4190600,71.946268,72.37644,71.408553,72.053811,0.322629,22
2016-11-17,74000,4953900,72.053811,72.161354,71.623639,72.053811,0.0,17
2016-11-18,16400,1091579,72.053811,72.053811,71.085924,71.838725,-0.215086,17
2016-11-21,104194,6921101,71.516096,71.731182,70.978381,71.516096,-0.322629,24
2016-11-22,81000,5374300,71.516096,71.731182,70.763295,71.731182,0.215086,35
2016-11-23,183501,12250117,71.731182,76.67816,70.655752,74.204671,2.473489,77
2016-11-24,198798,13695421,74.204671,74.634843,73.021698,74.634843,0.430172,90
2016-11-25,113300,7810579,74.634843,74.634843,72.806612,74.5273,-0.107543,87
2016-11-28,90017,6203475,74.312214,74.5273,73.344327,74.5273,0.0,81
2016-11-29,133400,9212280,74.312214,75.065015,73.344327,74.634843,0.107543,123
2016-11-30,124000,8524800,74.634843,74.634843,72.483983,72.483983,-2.15086,86
2016-12-01,12000,815900,72.161354,74.204671,72.161354,73.559413,1.07543,12
2016-12-02,56001,3770167,73.559413,73.559413,71.946268,72.699069,-0.860344,41
2016-12-05,34799,2351772,72.914155,73.344327,71.838725,73.129241,0.430172,35
2016-12-06,55203,3779404,73.129241,74.097128,73.021698,73.989585,0.860344,58
2016-12-07,198281,13796835,74.204671,76.570617,73.774499,73.774499,-0.215086,181
2016-12-08,71000,4854800,74.204671,74.204671,73.021698,73.882042,0.107543,47
2016-12-09,71000,4878000,74.097128,74.097128,73.666956,73.882042,0.0,24
2016-12-12,76250,5235350,74.097128,74.097128,73.129241,73.989585,0.107543,39
2016-12-13,41000,2815400,73.344327,74.097128,73.129241,73.559413,-0.430172,17
2016-12-14,43700,2998520,73.989585,73.989585,72.914155,73.129241,-0.430172,16
2016-12-15,76312,5155804,73.021698,73.129241,71.516096,72.806612,-0.322629,37
2016-12-16,113200,7690380,72.806612,73.666956,72.806612,73.236784,0.430172,37
2016-12-19,15400,1046580,73.129241,73.236784,72.806612,72.806612,-0.430172,17
2016-12-20,2000,136000,73.129241,73.129241,73.129241,73.129241,0.322629,2
2016-12-21,48000,3255600,73.021698,73.344327,71.946268,73.021698,-0.107543,23
2016-12-22,55800,3742259,73.021698,73.021698,72.053811,73.021698,0.0,12
2016-12-23,3001,201967,72.161354,72.806612,72.161354,72.806612,-0.215086,3
2016-12-26,62002,4178134,72.806612,72.806612,71.838725,72.699069,-0.107543,16
2016-12-27,5001,337967,72.806612,72.806612,72.483983,72.699069,0.0,6
2016-12-28,111007,7504271,72.699069,72.806612,72.591526,72.806612,0.107543,15
2016-12-29,124525,8349770,72.806612,72.806612,71.946268,72.591526,-0.215086,26
2016-12-30,99000,6668100,72.591526,73.129241,70.978381,73.129241,0.537715,75
2017-01-03,46275,3063983,72.053811,72.053811,70.333123,70.333123,-2.796118,43
2017-01-04,49100,3169610,70.333123,71.623639,68.397349,68.504892,-1.828231,44
2017-01-05,106247,6661163,67.752091,69.257693,66.891747,66.891747,-1.613145,35
2017-01-06,56001,3538863,66.784204,68.612435,66.784204,68.397349,1.505602,36
2017-01-09,17002,1077126,67.537005,69.257693,67.537005,67.537005,-0.860344,13
2017-01-10,21400,1354100,67.537005,68.182263,67.537005,68.07472,0.537715,11
2017-01-11,136000,8695500,68.182263,69.687865,68.182263,68.289806,0.215086,25
2017-01-12,58003,3705093,68.289806,69.042607,67.752091,68.827521,0.537715,21
2017-01-13,47003,3000192,68.827521,68.827521,68.289806,68.397349,-0.430172,19
2017-01-16,14002,894728,68.719978,68.935064,68.07472,68.719978,0.322629,12
2017-01-17,23001,1470664,68.827521,68.827521,68.397349,68.827521,0.107543,12
2017-01-18,26002,1650028,68.827521,68.827521,67.321919,68.827521,0.0,17
2017-01-19,130003,8325392,68.827521,69.042607,68.719978,68.827521,0.0,17
2017-01-20,5002,318928,68.827521,68.827521,68.397349,68.397349,-0.430172,5
2017-01-23,83004,5306956,68.827521,68.827521,68.719978,68.719978,0.322629,14
2017-01-24,90002,5738928,68.827521,68.827521,68.504892,68.719978,0.0,16
2017-02-02,24002,1521324,68.719978,68.719978,66.891747,66.891747,-1.828231,12
2017-02-03,162000,10279100,67.644548,69.687865,67.644548,69.687865,2.796118,43
2017-02-06,24003,1553092,69.687865,69.902951,69.15015,69.365236,-0.322629,21
2017-02-07,8001,516064,69.365236,69.365236,69.365236,69.365236,0.0,8
2017-02-08,116900,7533059,69.365236,69.902951,68.827521,69.902951,0.537715,31
2017-02-09,116401,7558645,69.902951,70.333123,69.15015,70.010494,0.107543,45
2017-02-10,111900,7363700,70.010494,71.085924,69.902951,70.978381,0.967887,76
2017-02-13,11005,721225,70.978381,70.978381,70.010494,70.010494,-0.967887,13
2017-02-14,47005,3082726,69.902951,70.978381,69.902951,70.655752,0.645258,35
2017-02-15,27700,1797319,69.902951,70.655752,69.042607,69.042607,-1.613145,27
2017-02-16,16206,1041380,69.042607,69.795408,68.827521,68.827521,-0.215086,14
2017-02-17,9000,573200,68.827521,68.827521,68.289806,68.289806,-0.537715,9
2017-02-18,15200,965100,68.289806,68.289806,68.289806,68.289806,0.0,12
2017-02-20,40004,2544852,68.289806,68.827521,67.859634,68.719978,0.430172,33
2017-02-21,28003,1784189,68.827521,68.827521,68.289806,68.289806,-0.430172,27
2017-02-22,42014,2665582,68.289806,68.612435,68.182263,68.182263,-0.107543,25
2017-02-23,27004,1721352,68.289806,68.612435,68.289806,68.289806,0.107543,11
2017-02-24,23002,1466026,68.289806,68.827521,67.967177,68.827521,0.537715,19
2017-03-01,20021,1283323,68.719978,69.365236,68.289806,69.15015,0.322629,33
2017-03-02,38004,2444256,69.580322,69.687865,68.827521,69.257693,0.107543,36
2017-03-03,14061,906996,69.365236,69.472779,69.257693,69.365236,0.107543,16
2017-03-06,52000,3396300,69.687865,70.655752,69.687865,70.655752,1.290516,55
2017-03-07,58000,3829800,70.655752,71.408553,70.655752,71.408553,0.752801,47
2017-03-08,201100,13354184,71.408553,71.516096,71.193467,71.516096,0.107543,41
2017-03-09,283753,18936146,71.516096,72.161354,71.408553,72.161354,0.645258,98
2017-03-10,238004,16188172,72.161354,74.312214,72.161354,74.312214,2.15086,144
2017-03-13,104006,7213815,74.312214,74.849929,73.45187,74.849929,0.537715,64
2017-03-14,47800,3299614,74.849929,74.849929,73.774499,73.774499,-1.07543,35
2017-03-15,48005,3300241,73.774499,74.097128,73.774499,73.774499,0.0,36
2017-03-16,54000,3706300,74.204671,74.204671,73.666956,73.666956,-0.107543,43
2017-03-17,35803,2456861,73.989585,74.097128,73.45187,73.882042,0.215086,42
2017-03-20,49486,3391289,73.774499,74.097128,73.344327,73.989585,0.107543,47
2017-03-21,71165,4906385,73.989585,74.312214,73.882042,74.204671,0.215086,53
2017-03-22,41250,2838000,74.204671,74.312214,73.666956,74.097128,-0.107543,34
2017-03-23,62150,4281565,74.097128,74.312214,73.882042,74.312214,0.215086,53
2017-03-24,295200,20620580,74.5273,75.710273,74.5273,75.710273,1.398059,224
2017-03-27,77252,5395813,75.60273,75.60273,74.742386,74.742386,-0.967887,56
2017-03-28,86040,5966284,74.742386,74.849929,74.097128,74.742386,0.0,78
2017-03-29,48001,3310069,74.742386,74.742386,73.559413,74.204671,-0.537715,47
2017-03-30,138408,9549947,74.204671,74.5273,73.666956,74.312214,0.107543,78
2017-03-31,186001,12885869,74.419757,75.172558,73.882042,74.957472,0.645258,164
2017-04-05,84200,5903980,75.065015,75.817816,75.065015,75.495187,0.537715,71
2017-04-06,199273,13982444,75.495187,75.925359,75.280101,75.925359,0.430172,85
2017-04-07,235235,16820425,76.140445,77.646048,76.140445,77.430961,1.505602,158
2017-04-10,120114,8645608,77.323418,77.646048,77.215875,77.430961,0.0,88
2017-04-11,137199,9900146,77.430961,77.861133,77.323418,77.430961,0.0,105
2017-04-12,47001,3353371,77.215875,77.215875,76.140445,76.67816,-0.752801,45
2017-04-13,91550,6450129,76.67816,76.67816,75.280101,75.710273,-0.967887,62
2017-04-14,81000,5768600,75.710273,78.506391,75.710273,76.355531,0.645258,67
2017-04-17,98200,6986059,76.247988,76.893246,76.032902,76.355531,0.0,67
2017-04-18,53500,3809649,76.355531,76.893246,76.355531,76.785703,0.430172,48
2017-04-19,345600,24803339,76.785703,77.646048,76.785703,77.108332,0.322629,157
2017-04-20,134002,9602244,77.430961,77.538504,76.355531,77.538504,0.430172,98
2017-04-21,162048,11768960,77.538504,78.721477,77.538504,77.968676,0.430172,140
2017-04-24,514065,37600664,77.968676,79.689364,77.75359,79.259192,1.290516,156
2017-04-25,645067,51133627,79.689364,87.109832,79.689364,87.109832,7.85064,383
2017-04-26,563341,45180480,87.647546,88.077718,84.528799,86.034401,-1.075431,455
2017-04-27,541200,44024759,87.109832,89.690863,85.066515,85.066515,-0.967886,463
2017-04-28,206002,16193158,85.926859,85.926859,83.453369,84.313713,-0.752802,165
2017-05-02,293001,22786378,84.528799,84.743886,83.023197,83.560913,-0.7528,210
2017-05-03,1280400,91983799,84.958971,86.249488,83.668455,83.775998,0.215085,238
2017-05-04,1645068,131531291,87.540003,92.056809,87.540003,89.045605,5.269607,818
2017-05-05,1941402,171697576,88.400347,97.864132,88.400347,97.864132,8.818527,1245
2017-05-08,1890391,175966808,98.401847,104.854427,94.745384,95.713272,-2.15086,1456
2017-05-09,703405,63192854,95.713272,98.401847,93.454868,98.401847,2.688575,587
2017-05-10,2175723,212540092,103.456368,107.220373,102.165851,102.165851,3.764004,1496
2017-05-11,464513,44048688,102.165851,103.778997,100.122535,101.950766,-0.215085,373
2017-05-12,728471,70952960,102.703566,107.005287,101.843222,101.950766,0.0,567
2017-05-15,430348,40379097,102.596024,103.456368,100.014991,100.122535,-1.828231,339
2017-05-16,679400,64303920,102.165851,103.671454,100.122535,100.875335,0.7528,474
2017-05-17,1702161,171250683,101.090422,110.769292,101.090422,110.769292,9.893957,1299
2017-05-18,2375661,256297227,112.920152,120.985877,109.156147,115.608727,4.839435,1907
2017-05-19,1000263,108984430,116.684157,119.372732,114.533297,118.835017,3.22629,822
2017-05-22,686432,75275724,120.448162,122.061307,115.071012,115.071012,-3.764005,555
2017-05-23,558700,60278900,115.071012,119.372732,113.457867,113.995581,-1.075431,460
2017-05-24,365493,39380503,115.071012,117.759587,113.995581,115.608727,1.613146,300
2017-05-25,281100,30303749,117.221871,118.297302,114.533297,116.146442,0.537715,249
2017-05-26,2058450,231158700,117.759587,125.825312,114.533297,114.533297,-1.613145,1601
2017-05-31,681413,69607303,112.382437,113.457867,107.435458,109.156147,-5.37715,558
2017-06-01,315100,32758900,110.231577,113.457867,110.231577,111.307006,2.150859,258
2017-06-02,439295,47198712,113.995581,116.684157,112.920152,116.684157,5.377151,352
2017-06-03,1073865,121778676,117.759587,126.363027,116.684157,120.985877,4.30172,842
2017-06-05,484121,53713810,122.599022,123.674452,117.221871,117.221871,-3.764006,396
2017-06-06,412269,46226300,117.221871,123.136737,117.221871,123.136737,5.914866,358
2017-06-07,593131,68577499,125.287597,127.976172,121.523592,123.136737,0.0,509
2017-06-08,193070,21958550,122.599022,124.212167,121.523592,121.523592,-1.613145,168
2017-06-09,743634,79558617,120.985877,122.061307,110.769292,111.307006,-10.216586,640
2017-06-12,574681,59045482,110.231577,113.995581,109.156147,109.693862,-1.613144,466
2017-06-13,311483,31742540,108.618431,111.844722,108.080716,109.156147,-0.537715,262
2017-06-14,664450,64550959,109.693862,109.693862,100.660249,106.252485,-2.903662,522
2017-06-15,280385,28180077,106.575114,109.156147,105.929856,109.156147,2.903662,225
2017-06-16,218647,22248294,109.156147,110.769292,107.435458,110.769292,1.613145,209
2017-06-19,245638,25674671,110.769292,113.995581,108.618431,112.920152,2.15086,233
2017-06-20,195142,20024984,113.995581,113.995581,108.080716,109.156147,-3.764005,178
2017-06-21,116192,11858084,109.156147,110.769292,108.080716,110.769292,1.613145,94
2017-06-22,131075,13636336,111.307006,112.382437,110.769292,112.382437,1.613145,115
2017-06-23,93146,9692318,113.457867,113.995581,109.693862,109.693862,-2.688575,74
2017-06-26,152116,15441772,110.769292,110.769292,108.618431,108.618431,-1.075431,131
2017-06-27,135500,13908249,109.156147,111.844722,108.618431,111.307006,2.688575,130
2017-06-28,125000,12788000,110.769292,111.844722,108.618431,109.156147,-2.150859,111
2017-06-29,128000,12950500,109.693862,110.769292,107.543002,107.543002,-1.613145,114
2017-06-30,165244,16431700,107.543002,108.080716,105.177056,108.080716,0.537714,146
2017-07-03,81274,8174000,109.693862,109.693862,107.005287,107.543002,-0.537714,73
2017-07-04,441050,46139025,107.543002,114.533297,107.435458,113.457867,5.914865,392
2017-07-05,433180,46177900,113.457867,116.146442,110.769292,113.457867,0.0,387
2017-07-06,622819,67937771,115.071012,119.372732,114.533297,117.221871,3.764004,578
2017-07-07,594100,66457600,117.221871,123.674452,115.071012,119.910446,2.688575,514
2017-07-10,193100,21503100,119.910446,120.985877,117.759587,120.448162,0.537716,191
2017-07-11,481051,51796855,122.061307,122.061307,112.382437,112.382437,-8.065725,420
2017-07-12,315100,33164549,113.457867,115.608727,111.844722,112.920152,0.537715,237
2017-07-13,375000,39250500,115.077861,119.503933,113.971344,113.971344,1.051192,307
2017-07-14,209216,21665964,116.18438,116.18438,113.418085,114.524602,0.553258,164
2017-07-17,142200,14629800,114.524602,115.077861,112.864826,113.971344,-0.553258,105
2017-07-18,70003,7198806,113.971344,115.631121,112.864826,113.971344,0.0,68
2017-07-19,214001,22631105,115.077861,118.397415,114.524602,116.737639,2.766295,191
2017-07-20,189000,20435500,117.844156,122.270228,117.290897,117.290897,0.553258,175
2017-07-21,101204,10737440,119.503933,119.503933,116.18438,118.397415,1.106518,90
2017-07-24,176121,18336144,117.290897,117.844156,113.418085,116.18438,-2.213035,130
2017-07-25,72100,7578400,115.077861,117.290897,115.077861,115.631121,-0.553259,68
2017-07-26,174000,17947000,116.18438,116.18438,112.864826,113.418085,-2.213036,146
2017-07-27,230000,23648500,113.418085,115.077861,112.864826,113.971344,0.553259,172
2017-07-28,317100,31937640,113.418085,114.524602,110.209183,111.205049,-2.766295,262
2017-07-31,214100,21315559,111.758308,111.758308,109.545272,111.205049,0.0,168
2017-08-01,120002,12023199,110.65179,112.311567,110.319835,110.430486,-0.774563,106
2017-08-02,422040,43383320,110.65179,116.737639,110.65179,112.311567,1.881081,365
2017-08-03,195670,20139004,113.971344,115.631121,112.311567,113.418085,1.106518,170
2017-08-04,125077,12887931,114.524602,115.077861,112.864826,114.524602,1.106517,103
2017-08-07,400166,42604596,116.18438,119.503933,115.631121,116.737639,2.213037,301
2017-08-08,689432,74415224,117.844156,121.716969,116.18438,118.397415,1.659776,516
2017-08-09,717414,73118114,117.290897,117.844156,110.430486,111.205049,-7.192366,595
2017-08-10,248000,24838400,112.311567,112.864826,110.098531,110.098531,-1.106518,207
2017-08-11,227000,22350200,110.098531,110.65179,105.229852,110.65179,0.553259,176
2017-08-14,171315,16898453,110.65179,111.758308,108.217451,109.434621,-1.217169,135
2017-08-15,53757,5337240,109.655924,110.65179,109.102665,110.209183,0.774562,55
2017-08-16,58020,5759778,110.541138,110.65179,109.102665,110.430486,0.221303,57
2017-08-17,68300,6778910,111.205049,111.205049,109.434621,110.098531,-0.331955,56
2017-08-18,95140,9400390,109.102665,110.541138,108.992013,109.213317,-0.885214,84
2017-08-21,66061,6579784,109.655924,111.205049,108.992013,111.205049,1.991732,64
2017-08-22,80100,8002680,110.65179,111.758308,110.319835,110.430486,-0.774563,67
2017-08-23,119190,11855510,110.541138,110.65179,109.434621,110.319835,-0.110651,114
2017-08-24,82160,8203756,110.319835,110.65179,109.766576,110.65179,0.331955,73
2017-08-25,372250,37273600,110.65179,113.971344,109.877227,109.877227,-0.774563,241
2017-08-28,76200,7651420,111.205049,112.311567,110.098531,110.541138,0.663911,55
2017-08-29,77166,7661399,110.430486,110.65179,109.545272,109.766576,-0.774562,70
2017-08-30,124500,12473150,110.430486,112.311567,109.655924,111.205049,1.438473,96
2017-08-31,73170,7353570,111.205049,112.864826,110.430486,111.205049,0.0,57
2017-09-01,78285,7837600,111.205049,111.758308,110.319835,110.541138,-0.663911,75
2017-09-04,65000,6480500,110.319835,110.65179,109.323968,110.209183,-0.331955,53
2017-09-05,137031,13775015,109.655924,112.311567,109.655924,111.758308,1.549125,106
2017-09-06,138000,13857100,111.758308,112.311567,110.209183,112.311567,0.553259,114
2017-09-07,890072,94325916,112.864826,122.823487,112.864826,113.971344,1.659777,698
2017-09-08,253080,26052240,114.524602,116.737639,111.205049,113.971344,0.0,202
2017-09-11,276100,27789700,116.18438,116.18438,110.209183,110.65179,-3.319554,202
2017-09-12,248000,24756500,110.430486,111.205049,110.098531,110.098531,-0.553259,106
2017-09-13,211638,21120880,110.098531,111.205049,109.987879,110.098531,0.0,99
2017-09-14,179000,17780500,109.766576,110.209183,109.545272,109.655924,-0.442607,76
2017-09-15,244005,24067202,109.655924,110.319835,107.885496,110.319835,0.663911,135
2017-09-18,187002,18712002,110.65179,111.758308,109.434621,110.65179,0.331955,156
2017-09-19,160000,15909100,110.65179,110.65179,109.102665,109.877227,-0.774563,147
2017-09-20,148144,14751072,110.098531,110.65179,109.545272,109.766576,-0.110651,111
2017-09-21,205105,20488657,110.319835,111.758308,109.213317,110.541138,0.774562,143
2017-09-22,390739,40197117,111.758308,117.290897,110.209183,115.077861,4.536723,324
2017-09-25,252661,25881244,116.737639,116.737639,111.758308,113.971344,-1.106517,220
2017-09-26,192144,19460944,115.077861,115.631121,109.655924,110.65179,-3.319554,150
2017-09-27,134120,13598200,111.205049,113.418085,110.541138,112.311567,1.659777,114
2017-09-28,604100,56627200,113.418085,113.418085,112.311567,112.864826,0.553259,84
2017-09-29,143136,14710439,113.971344,115.631121,111.758308,113.971344,1.106518,121
2017-09-30,79079,8113637,113.971344,114.524602,112.311567,113.971344,0.0,64
2017-10-02,106060,10878740,115.077861,115.077861,112.864826,113.971344,0.0,97
2017-10-03,52040,5358620,113.971344,114.524602,112.864826,113.971344,0.0,51
2017-10-05,105363,10746026,113.418085,113.971344,111.758308,111.758308,-2.213036,95
2017-10-06,137004,13724400,111.758308,111.758308,110.65179,110.65179,-1.106518,72
2017-10-11,97030,9835060,112.311567,113.418085,111.205049,113.418085,2.766295,81
2017-10-12,400475,41888687,115.077861,118.397415,113.418085,113.418085,0.0,296
2017-10-13,207000,20957000,114.524602,114.524602,110.65179,111.758308,-1.659777,145
2017-10-16,99006,10023108,111.758308,113.418085,110.65179,111.758308,0.0,73
2017-10-17,85000,8558500,111.758308,111.758308,110.65179,111.758308,0.0,58
2017-10-18,136240,13655360,111.205049,111.758308,110.65179,111.758308,0.0,84
2017-10-19,87000,8746000,111.758308,111.758308,110.65179,110.65179,-1.106518,61
2017-10-20,157527,16056754,111.758308,114.524602,111.205049,111.758308,1.106518,124
2017-10-23,63184,6397768,113.418085,113.418085,111.205049,112.311567,0.553259,44
2017-10-24,75331,7604931,111.205049,112.864826,111.205049,111.205049,-1.106518,59
2017-10-25,67537,6787700,111.758308,112.311567,110.65179,111.758308,0.553259,62
2017-10-26,86000,8699500,112.311567,112.864826,110.65179,112.864826,1.106518,64
2017-10-27,140309,14120400,112.864826,112.864826,110.65179,111.205049,-1.659777,99
2017-10-30,175230,17608345,111.205049,112.864826,110.65179,112.864826,1.659777,116
2017-10-31,126200,12732200,112.311567,112.864826,110.65179,112.864826,0.0,85
2017-11-01,92317,9317858,112.311567,112.311567,111.205049,112.311567,-0.553259,84
2017-11-02,130001,13182601,112.311567,112.864826,111.205049,112.311567,0.0,98
2017-11-03,61351,6205775,113.971344,113.971344,111.205049,111.758308,-0.553259,58
2017-11-06,193000,19321500,112.311567,112.311567,110.65179,110.65179,-1.106518,109
2017-11-07,29000,2908500,111.758308,111.758308,110.65179,110.65179,0.0,19
2017-11-08,127000,12714000,110.65179,111.205049,110.65179,110.65179,0.0,82
2017-11-09,234247,23091555,110.65179,111.205049,107.996147,108.660058,-1.991732,148
2017-11-10,88004,8683095,108.992013,110.65179,108.438754,108.438754,-0.221304,73
2017-11-13,302104,28605180,108.328102,108.438754,102.906165,104.123334,-4.31542,251
2017-11-14,196195,18490203,103.348772,106.004415,101.799647,105.672459,1.549125,147
2017-11-15,238000,22792800,106.115067,107.221584,105.1192,105.893763,0.221304,186
2017-11-16,92000,8754400,106.115067,106.225718,105.1192,105.451156,-0.442607,75
2017-11-17,144217,13535067,105.340504,106.115067,102.131602,102.352905,-3.098251,118
2017-11-20,287540,25839391,102.463558,102.463558,97.484227,98.480093,-3.872812,199
2017-11-21,87423,7822904,99.033352,102.131602,98.25879,100.250521,1.770428,70
2017-11-22,93000,8462100,100.250521,102.684861,99.586611,102.02095,1.770429,84
2017-11-23,42000,3831400,102.02095,102.02095,100.582477,100.582477,-1.438473,35
2017-11-24,49000,4441600,102.02095,102.02095,99.586611,100.250521,-0.331956,39
2017-11-27,79618,7256160,101.910299,101.910299,100.361174,100.693129,0.442608,53
2017-11-28,53001,4803098,100.250521,101.467691,99.586611,101.467691,0.774562,45
2017-11-29,61001,5646300,101.467691,103.127468,101.467691,102.906165,1.438474,56
2017-11-30,124000,11537800,102.131602,105.1192,100.693129,100.80378,-2.102385,109
2017-12-01,72100,6524310,101.025084,101.025084,99.586611,100.693129,-0.110651,51
2017-12-04,76475,6890007,100.80378,100.80378,98.480093,99.033352,-1.659777,47
2017-12-05,96100,8513079,99.144004,99.365308,96.820316,97.04162,-1.991732,93
2017-12-06,149618,12803682,95.049887,96.156406,94.054021,94.607281,-2.434339,111
2017-12-07,51210,4475847,94.717932,99.365308,94.717932,98.25879,3.651509,48
2017-12-08,44001,3958290,98.369441,100.693129,98.369441,99.475959,1.217169,42
2017-12-11,85200,7865119,102.795513,102.906165,100.80378,102.574209,3.09825,78
2017-12-12,142200,13478939,103.459424,107.110933,102.795513,104.565942,1.991733,108
2017-12-13,30001,2847394,105.1192,105.340504,104.565942,104.897897,0.331955,28
2017-12-14,93000,8798200,105.1192,105.340504,103.680727,104.787245,-0.110652,81
2017-12-15,80201,7609295,104.897897,105.561808,104.787245,105.561808,0.774563,70
2017-12-18,116002,11147594,107.000281,107.885496,105.340504,106.225718,0.66391,83
2017-12-19,89000,8504000,106.225718,106.557674,104.897897,106.115067,-0.110651,83
2017-12-20,44108,4173006,105.1192,105.1192,104.344638,104.45529,-1.659777,42
2017-12-21,46000,4352000,105.008549,105.783112,103.459424,104.123334,-0.331956,41
2017-12-22,10001,934096,104.123334,104.123334,102.906165,102.906165,-1.217169,11
2017-12-25,10002,930990,102.906165,103.127468,102.906165,103.127468,0.221303,12
2017-12-26,21010,1957426,102.906165,103.459424,102.352905,102.574209,-0.553259,18
2017-12-27,32001,2937094,101.799647,103.23812,100.693129,101.467691,-1.106518,32
2017-12-28,40000,3639900,101.578343,101.578343,100.361174,100.361174,-1.106517,37
2017-12-29,50000,4526400,100.361174,101.578343,99.586611,101.578343,1.217169,47
2018-01-02,78000,7150200,100.914433,101.688995,100.582477,101.467691,-0.110652,23
2018-01-03,21001,1926292,101.799647,101.910299,100.914433,100.914433,-0.553258,22
2018-01-04,35000,3185200,100.250521,101.688995,100.13987,101.688995,0.774562,24
2018-01-05,16070,1462540,101.467691,101.578343,100.250521,100.914433,-0.774562,17
2018-01-08,85010,7782434,99.918566,101.910299,99.586611,101.799647,0.885214,30
2018-01-09,137000,12853400,101.799647,105.229852,101.467691,105.1192,3.319553,100
2018-01-10,137469,13145742,104.897897,106.778977,104.897897,105.561808,0.442608,131
2018-01-11,53112,5067485,106.668326,106.668326,105.1192,106.115067,0.553259,54
2018-01-12,84190,8033415,106.115067,106.447022,104.45529,106.447022,0.331955,71
2018-01-15,59000,5676800,106.557674,106.889629,106.004415,106.668326,0.221304,48
2018-01-16,84000,8031900,106.668326,106.668326,105.1192,106.33637,-0.331956,68
2018-01-17,73000,6950900,106.115067,106.33637,104.897897,105.783112,-0.553258,54
2018-01-18,121000,11580500,106.004415,106.778977,104.676593,106.115067,0.331955,95
2018-01-19,32436,3116381,106.447022,106.668326,106.115067,106.225718,0.110651,24
2018-01-22,53219,5053450,106.225718,106.225718,104.787245,104.787245,-1.438473,44
2018-01-23,7015,665510,105.1192,105.229852,104.676593,104.676593,-0.110652,8
2018-01-24,62000,5806400,105.1192,105.1192,103.127468,103.791379,-0.885214,57
2018-01-25,30154,2825490,103.791379,104.897897,102.906165,104.123334,0.331955,30
2018-01-26,50000,4659400,104.123334,104.123334,102.131602,104.123334,0.0,39
2018-01-29,36000,3350500,103.791379,103.791379,101.910299,103.127468,-0.995866,30
2018-01-30,140171,12801589,104.565942,104.565942,100.13987,100.13987,-2.987598,121
2018-01-31,102007,9267651,101.578343,101.578343,99.475959,101.467691,1.327821,62
2018-02-01,20076,1842092,101.578343,102.242254,101.246388,101.246388,-0.221303,23
2018-02-02,16001,1447893,101.467691,101.467691,99.586611,99.586611,-1.659777,17
2018-02-05,62000,5558900,99.475959,100.693129,98.480093,100.693129,1.106518,40
2018-02-06,77000,6828800,98.480093,100.029218,96.267057,98.812049,-1.88108,69
2018-02-07,50001,4475090,99.918566,101.35704,98.25879,100.13987,1.327821,51
2018-02-08,51001,4533292,100.582477,100.582477,97.70553,98.480093,-1.659777,52
2018-02-09,79001,7016891,95.381843,100.13987,95.381843,99.586611,1.106518,72
2018-02-12,134108,12059195,99.586611,101.35704,97.816182,101.35704,1.770429,114
2018-02-21,76002,6860482,101.246388,101.246388,99.586611,100.13987,-1.21717,65
2018-02-22,63098,5617749,99.033352,99.365308,97.70553,97.70553,-2.43434,52
2018-02-23,76001,6663190,97.70553,98.25879,96.488361,96.820316,-0.885214,74
2018-02-26,78001,6832990,97.152271,97.926834,96.599012,96.709665,-0.110651,67
2018-02-27,93500,8140200,96.820316,97.04162,95.492495,95.492495,-1.21717,92
2018-03-01,81100,6927750,95.492495,96.820316,94.054021,94.717932,-0.774563,70
2018-03-02,92102,7755472,94.607281,94.607281,92.615548,93.722066,-0.995866,85
2018-03-05,166600,13738700,92.615548,92.7262,89.849253,90.291861,-3.430205,157
2018-03-06,71000,5854500,92.06229,92.283593,90.513164,90.734468,0.442607,69
2018-03-07,69108,5690010,91.398378,91.730334,90.623816,90.734468,0.0,71
2018-03-08,105000,8662000,91.619682,92.947503,90.84512,91.066423,0.331955,97
2018-03-09,80050,6631250,91.951637,92.394245,91.177075,92.283593,1.21717,75
2018-03-12,179001,15055785,92.06229,94.828584,91.951637,94.607281,2.323688,123
2018-03-13,110320,9294680,94.828584,94.828584,92.504896,92.947503,-1.659778,104
2018-03-14,54559,4535664,92.172941,92.504896,91.730334,92.172941,-0.774562,50
2018-03-15,26001,2172185,92.172941,92.947503,91.951637,92.7262,0.553259,27
2018-03-16,31000,2602500,92.7262,93.279459,92.615548,93.168807,0.442607,31
2018-03-19,18010,1517848,93.168807,93.500762,93.168807,93.279459,0.110652,18
2018-03-20,12100,1014549,92.947503,92.947503,92.394245,92.947503,-0.331956,14
2018-03-21,10101,847944,92.615548,93.500762,92.615548,93.279459,0.331956,12
2018-03-22,22014,1846672,92.947503,93.279459,92.504896,92.504896,-0.774563,23
2018-03-23,95042,7822765,90.955771,91.619682,90.734468,91.177075,-1.327821,85
2018-03-26,32047,2661837,91.619682,92.394245,91.619682,91.951637,0.774562,35
2018-03-27,52004,4361635,92.394245,93.500762,92.283593,92.615548,0.663911,47
2018-03-28,16000,1340500,92.947503,92.947503,92.504896,92.836852,0.221304,16
2018-03-29,33026,2776078,92.836852,93.500762,92.504896,93.500762,0.66391,32
2018-03-30,41189,3500013,93.611415,94.275325,93.611415,94.054021,0.553259,42
2018-03-31,33000,2801800,94.164673,94.607281,93.279459,93.279459,-0.774562,30
2018-04-02,35000,2952900,93.832718,93.832718,92.947503,93.611415,0.331956,32
2018-04-03,28155,2357630,93.611415,93.611415,92.394245,93.279459,-0.331956,30
2018-04-09,7100,595590,93.279459,93.279459,92.615548,92.7262,-0.553259,8
2018-04-10,18000,1513500,94.275325,94.275325,92.615548,92.7262,0.0,17
2018-04-11,27003,2267455,94.054021,94.054021,92.394245,92.504896,-0.221304,27
2018-04-12,13020,1090784,93.500762,93.500762,92.172941,92.172941,-0.331955,14
2018-04-13,13000,1082900,92.172941,92.283593,91.951637,92.172941,0.0,13
2018-04-16,13235,1102263,92.394245,92.394245,92.06229,92.06229,-0.110651,16
2018-04-17,49002,4023866,92.394245,92.394245,89.185343,91.066423,-0.995867,45
2018-04-18,42005,3438210,91.066423,91.619682,89.62795,90.181209,-0.885214,39
2018-04-19,38032,3096656,90.513164,90.623816,89.406646,89.62795,-0.553259,29
2018-04-20,14000,1140700,89.959906,90.402512,89.959906,90.291861,0.663911,13
2018-04-23,50000,4086100,90.291861,91.840986,89.62795,90.070557,-0.221304,37
2018-04-24,29000,2340700,89.62795,89.62795,88.964039,89.62795,-0.442607,28
2018-04-25,13000,1060300,89.62795,90.734468,89.62795,90.734468,1.106518,13
2018-04-26,14000,1132600,90.734468,90.734468,88.632084,88.632084,-2.102384,13
2018-04-27,11100,895150,89.406646,90.402512,88.632084,88.632084,0.0,12
2018-04-30,12000,975300,89.959906,90.070557,89.62795,89.849253,1.217169,12
2018-05-02,11000,894800,89.738602,91.398378,89.738602,91.398378,1.549125,9
2018-05-03,20020,1627526,91.398378,91.398378,89.62795,89.62795,-1.770428,19
2018-05-04,12270,987834,88.632084,89.62795,88.521432,89.517298,-0.110652,15
2018-05-07,27000,2160100,89.849253,89.849253,87.414914,88.521432,-0.995866,27
2018-05-08,14000,1104200,87.857521,87.857521,86.861655,87.525566,-0.995866,13
2018-05-09,8000,629700,86.419048,87.968173,86.419048,87.968173,0.442607,7
2018-05-10,37005,2949110,87.968173,89.62795,87.968173,89.62795,1.659777,10
2018-05-11,80000,6413500,89.517298,89.517298,87.414914,87.414914,-2.213036,43
2018-05-14,9005,721100,88.742736,88.853387,88.521432,88.853387,1.438473,10
2018-05-15,12500,1000350,89.62795,89.62795,87.968173,87.968173,-0.885214,15
2018-05-16,21115,1658462,87.968173,87.968173,86.308396,86.419048,-1.549125,23
2018-05-17,25135,1951630,87.746869,87.746869,85.201878,85.201878,-1.21717,27
2018-05-18,64309,4881984,84.648619,84.648619,83.542102,83.763405,-1.438473,50
2018-05-21,33001,2475776,83.874057,84.09536,82.103628,82.767539,-0.995866,31
2018-05-22,47080,3541720,81.550369,85.644485,81.550369,84.09536,1.327821,38
2018-05-23,71000,5232200,84.09536,84.09536,80.222548,80.554503,-3.540857,63
2018-05-24,29000,2101700,80.886459,80.886459,79.77994,80.443851,-0.110652,25
2018-05-25,15000,1087100,80.222548,80.443851,80.001244,80.443851,0.0,8
2018-05-28,65000,4635400,80.443851,80.775806,78.120164,79.005378,-1.438473,57
2018-05-29,14003,1001116,79.005378,79.669289,79.005378,79.005378,0.0,17
2018-05-30,54001,3781671,77.89886,79.005378,76.571039,78.009512,-0.995866,38
2018-05-31,24003,1692925,78.009512,78.120164,77.89886,78.120164,0.110652,26
2018-06-01,46000,3206200,78.009512,78.120164,76.460387,77.013646,-1.106518,45
2018-06-04,27000,1885300,77.124297,77.788209,76.902994,77.788209,0.774563,18
2018-06-05,20000,1415600,77.788209,80.3332,77.456253,80.111896,2.323687,20
2018-06-06,25000,1792700,80.111896,80.111896,79.005378,79.005378,-1.106518,21
2018-06-07,17200,1228100,79.005378,79.447985,78.784075,79.447985,0.442607,20
2018-06-08,18000,1292600,79.447985,79.669289,79.337334,79.447985,0.0,16
2018-06-11,14000,1006000,80.111896,80.111896,79.226681,79.226681,-0.221304,13
2018-06-12,21000,1481900,78.894726,79.226681,77.456253,77.456253,-1.770428,21
2018-06-13,13000,909500,77.456253,77.456253,77.23495,77.23495,-0.221303,9
2018-06-14,5000,351400,77.456253,77.89886,77.456253,77.89886,0.66391,5
2018-06-15,11000,774100,76.902994,78.562771,76.902994,77.89886,0.0,11
2018-06-19,75220,5512560,78.562771,82.988843,78.562771,81.218414,3.319554,79
2018-06-20,26000,1886100,81.661021,81.661021,79.890593,79.890593,-1.327821,20
2018-06-21,9000,651600,79.890593,81.107762,79.669289,81.107762,1.217169,9
2018-06-22,6000,438500,80.886459,80.886459,80.775806,80.775806,-0.331956,6
2018-06-25,5000,364900,80.775806,80.775806,80.665155,80.775806,0.0,5
2018-06-26,18021,1282601,78.673423,79.558637,76.68169,78.894726,-1.88108,20
2018-06-27,2200,156900,78.230815,79.447985,78.230815,79.447985,0.553259,3
2018-06-28,3000,214800,79.447985,79.447985,79.11603,79.11603,-0.331955,3
2018-06-29,4000,286500,79.11603,79.669289,78.673423,78.673423,-0.442607,4
2018-07-02,3001,211871,78.120164,78.120164,78.120164,78.120164,-0.553259,4
2018-07-03,1002,72042,79.558637,79.558637,79.558637,79.558637,1.438473,3
2018-07-04,22001,1537570,78.784075,78.784075,76.902994,77.124297,-2.43434,21
2018-07-05,68220,4591460,76.571039,76.571039,73.030181,73.251485,-3.872812,60
2018-07-06,47080,3065900,74.026047,74.026047,71.038449,71.813012,-1.438473,41
2018-07-09,8104,539616,73.915396,74.026047,73.58344,73.58344,1.770428,10
2018-07-10,12000,813700,73.804744,75.575172,73.804744,75.132565,1.549125,12
2018-07-11,3000,203000,75.132565,75.132565,74.358003,74.358003,-0.774562,3
2018-07-12,8000,546600,74.468655,76.349735,74.468655,76.349735,1.991732,8
2018-07-13,12000,836400,76.902994,77.456253,76.902994,77.456253,1.106518,11
2018-07-16,6060,428960,77.89886,78.562771,77.89886,78.562771,1.106518,8
2018-07-17,19003,1359113,79.669289,79.890593,78.562771,78.562771,0.0,17
2018-07-18,8800,625800,78.562771,79.558637,78.562771,78.562771,0.0,11
2018-07-19,9000,646400,79.558637,79.669289,78.894726,79.558637,0.995866,8
2018-07-20,11201,805271,79.558637,79.669289,79.337334,79.337334,-0.221303,15
2018-07-23,15350,1090600,79.11603,79.337334,77.456253,79.337334,0.0,16
2018-07-24,4015,288990,79.558637,79.669289,79.558637,79.669289,0.331955,5
2018-07-25,3064,218620,78.562771,79.11603,78.562771,79.11603,-0.553259,4
2018-07-26,19200,1367219,79.669289,79.669289,78.120164,79.447985,0.331955,24
2018-07-27,48200,3462500,79.558637,79.77994,79.337334,79.337334,-0.110651,39
2018-07-30,15050,1032445,82.372095,82.372095,79.325616,80.028649,0.691315,16
2018-07-31,6145,417876,80.028649,80.028649,79.442789,79.677133,-0.351516,7
2018-08-01,8790,596120,79.677133,79.677133,78.739755,79.677133,0.0,11
2018-08-02,8048,532190,78.505411,79.091271,76.39631,79.091271,-0.585862,9
2018-08-03,2210,147470,78.153894,78.153894,78.153894,78.153894,-0.937377,4
2018-08-06,2000,133700,78.388238,78.388238,78.271066,78.271066,0.117172,2
2018-08-07,13000,857400,77.333688,77.333688,76.864999,76.864999,-1.406067,12
2018-08-08,16000,1042800,77.333688,77.685205,76.161965,77.685205,0.820206,16
2018-08-09,10000,659498,78.622583,78.622583,76.39631,77.919549,0.234344,14
2018-08-10,101500,6393950,75.576104,75.693276,72.178109,72.295281,-5.624268,88
2018-08-13,45099,2772219,72.646797,72.76397,70.420525,70.537697,-1.757584,40
2018-08-14,39060,2349435,70.889214,71.006386,70.303352,70.303352,-0.234345,16
2018-08-15,9200,552020,70.303352,70.303352,70.303352,70.303352,0.0,10
2018-08-16,29155,1737500,70.303352,70.420525,69.13163,69.951836,-0.351516,25
2018-08-17,21000,1250900,70.303352,70.420525,69.13163,70.303352,0.351516,21
2018-08-20,42192,2408509,69.717491,70.069008,65.030601,65.382118,-4.921234,41
2018-08-21,61001,3536161,65.382118,68.897286,65.382118,68.545769,3.163651,62
2018-08-22,35000,2061600,69.13163,69.834664,67.959908,68.311424,-0.234345,30
2018-08-23,40000,2333400,69.13163,69.13163,67.725563,68.662941,0.351517,38
2018-08-24,15000,882100,68.662941,69.248802,68.545769,69.248802,0.585861,15
2018-08-27,14351,860330,69.248802,71.240731,69.248802,71.240731,1.991929,20
2018-08-28,7160,440507,71.240731,72.529625,71.240731,71.826592,0.585861,9
2018-08-29,4002,245424,71.826592,72.060937,71.70942,72.060937,0.234345,6
2018-08-30,56000,3403300,72.060937,72.060937,70.772042,72.060937,0.0,30
2018-08-31,10000,617600,72.060937,73.584175,72.060937,73.584175,1.523238,10
2018-09-03,11408,721508,73.584175,74.755898,73.467003,74.755898,1.171723,15
2018-09-04,17000,1082200,76.161965,76.161965,72.646797,74.170037,-0.585861,17
2018-09-05,16000,997300,73.81852,74.404382,71.006386,74.404382,0.234345,16
2018-09-06,6020,376862,73.232659,73.584175,73.232659,73.232659,-1.171723,6
2018-09-07,14000,867800,73.232659,73.232659,70.420525,73.115487,-0.117172,14
2018-09-10,92009,5527176,70.889214,74.521554,67.374046,74.28721,1.171723,73
2018-09-11,33300,2026539,72.646797,73.81852,70.537697,71.70942,-2.57779,36
2018-09-12,34025,2048420,71.70942,71.70942,69.248802,71.70942,0.0,30
2018-09-13,40115,2398200,70.889214,71.70942,68.897286,69.834664,-1.874756,39
2018-09-14,45099,2675430,69.13163,70.069008,68.662941,69.600319,-0.234345,41
2018-09-17,26000,1519400,68.780113,68.897286,67.842736,68.428596,-1.171723,20
2018-09-18,13216,771436,67.959908,68.780113,67.959908,68.780113,0.351517,12
2018-09-19,67234,3929540,67.608391,70.303352,67.608391,70.186181,1.406068,66
2018-09-20,26000,1542900,69.365974,70.303352,68.545769,70.303352,0.117171,23
2018-09-21,50000,2924800,69.014458,69.13163,67.959908,69.13163,-1.171722,49
2018-09-25,24000,1400200,67.959908,68.897286,67.842736,68.897286,-0.234344,21
2018-09-26,11000,641500,67.959908,68.897286,67.608391,68.897286,0.0,11
2018-09-27,7100,416289,68.897286,69.014458,67.959908,69.014458,0.117172,10
2018-09-28,7000,407900,68.07708,68.545769,68.07708,68.545769,-0.468689,7
2018-10-01,9000,523700,67.959908,68.780113,67.959908,68.780113,0.234344,9
2018-10-02,11000,638400,68.07708,68.311424,67.491218,68.311424,-0.468689,11
2018-10-03,8000,462100,67.491218,67.842736,67.491218,67.842736,-0.468688,8
2018-10-04,20000,1140500,67.256874,67.842736,65.616463,67.842736,0.0,20
2018-10-05,34000,1915700,67.725563,67.725563,65.147773,66.788185,-1.054551,32
2018-10-08,40650,2249250,65.382118,65.616463,63.976051,65.147773,-1.640412,41
2018-10-09,29050,1586100,63.507362,65.147773,63.273017,65.147773,0.0,28
2018-10-11,89030,4496927,64.44474,64.44474,58.703299,58.703299,-6.444474,79
2018-10-12,249270,12112850,56.301268,59.171989,53.430548,56.945716,-1.757583,212
2018-10-15,25001,1218403,54.543684,58.293197,54.543684,56.477026,-0.46869,26
2018-10-16,31002,1468306,55.07096,56.242682,55.07096,55.949752,-0.527274,26
2018-10-17,12000,574500,55.246718,57.062888,55.246718,56.12551,0.175758,12
2018-10-18,37000,1722300,55.012374,55.246718,52.844687,55.246718,-0.878792,32
2018-10-19,34000,1583550,53.371962,55.07096,53.313375,54.953788,-0.29293,34
2018-10-22,41000,1900500,53.664893,55.188132,52.961859,55.07096,0.117172,38
2018-10-23,62160,3008680,57.18006,57.414404,55.656821,55.656821,0.585861,56
2018-10-24,20383,961344,55.656821,55.656821,55.07096,55.36389,-0.292931,27
2018-10-25,32004,1485257,54.485098,54.485098,53.664893,53.664893,-1.698997,33
2018-10-26,42347,1938008,53.664893,54.01641,52.786101,53.782065,0.117172,47
2018-10-29,33000,1491650,53.782065,53.782065,52.610342,52.961859,-0.820206,24
2018-10-30,16002,723192,52.961859,53.196203,52.200239,53.137617,0.175758,14
2018-10-31,54002,2456849,53.137617,54.719443,51.907309,53.957823,0.820206,49
2018-11-01,22353,1022822,53.840651,53.899237,52.961859,53.840651,-0.117172,26
2018-11-02,11000,505450,53.840651,53.840651,53.840651,53.840651,0.0,10
2018-11-05,6040,277744,53.840651,54.01641,53.840651,54.01641,0.175759,7
2018-11-06,15000,687850,53.899237,53.899237,52.844687,53.782065,-0.234345,14
2018-11-07,15000,686800,53.782065,53.782065,53.137617,53.782065,0.0,15
2018-11-08,34000,1532800,53.840651,53.840651,51.555792,52.961859,-0.820206,30
2018-11-09,48000,2159600,52.375998,53.137617,51.731551,53.137617,0.175758,44
2018-11-12,42003,1899788,53.137617,53.137617,52.610342,53.137617,0.0,38
2018-11-13,31000,1396700,52.961859,53.196203,52.141653,53.196203,0.058586,28
2018-11-14,47005,2114547,53.313375,53.313375,52.258825,52.610342,-0.585861,47
2018-11-15,14004,631547,52.610342,53.196203,52.375998,53.196203,0.585861,14
2018-11-16,8000,362950,53.196203,53.313375,52.551756,53.313375,0.117172,8
2018-11-19,13000,596300,53.313375,54.01641,53.313375,53.840651,0.527276,11
2018-11-20,11096,507316,53.840651,53.840651,53.079031,53.840651,0.0,14
2018-11-21,15191,698336,53.840651,53.957823,53.664893,53.957823,0.117172,16
2018-11-22,11013,507411,53.957823,54.01641,53.957823,53.957823,0.0,10
2018-11-23,6000,276200,53.899237,54.01641,53.899237,54.01641,0.058587,4
2018-11-26,19000,880700,53.899237,55.539648,53.840651,54.543684,0.527274,17
2018-11-27,19000,907000,54.953788,56.477026,54.953788,56.41844,1.874756,17
2018-11-28,22000,1095100,57.531577,58.586127,57.47299,58.586127,2.167687,21
2018-11-29,5080,257460,58.820472,59.875022,58.820472,59.875022,1.288895,7
2018-11-30,23042,1193862,60.578055,61.86695,60.460884,60.460884,0.585862,18
2018-12-03,24053,1266109,61.281089,62.218467,61.281089,62.101295,1.640411,27
2018-12-04,18008,954766,62.687156,62.687156,61.046744,61.046744,-1.054551,18
2018-12-05,13030,678248,61.046744,61.046744,60.695227,60.695227,-0.351517,10
2018-12-06,52000,2769600,60.929572,63.273017,60.929572,62.687156,1.991929,33
2018-12-07,13300,713949,62.804328,63.273017,62.569984,63.155845,0.468689,15
2018-12-10,19000,997700,61.515434,62.101295,60.929572,62.101295,-1.05455,15
2018-12-11,30000,1609100,62.335639,63.273017,62.218467,63.038673,0.937378,26
2018-12-12,15004,809836,63.038673,63.39019,63.038673,63.273017,0.234344,15
2018-12-13,17002,922510,63.273017,63.858878,63.273017,63.858878,0.585861,15
2018-12-14,8005,436299,63.858878,63.858878,63.858878,63.858878,0.0,9
2018-12-17,11000,596800,63.273017,63.858878,63.273017,63.858878,0.0,11
2018-12-18,17000,918100,63.038673,63.741707,62.218467,63.741707,-0.117171,16
2018-12-19,134003,7782775,63.741707,70.069008,63.741707,68.428596,4.686889,124
2018-12-20,79000,4584800,68.428596,68.545769,66.202323,66.788185,-1.640411,58
2018-12-21,34003,1862088,66.436668,66.788185,62.687156,63.038673,-3.749512,30
2018-12-22,31,1667,66.436668,66.788185,62.687156,63.038673,0.0,2
2018-12-24,31089,1584621,62.804328,62.804328,59.054816,59.289161,-3.749512,31
2018-12-25,61000,3012550,58.527541,58.527541,57.648749,57.765921,-1.52324,18
2018-12-26,61000,3007650,57.765921,57.94168,57.765921,57.765921,0.0,23
2018-12-27,61100,3008294,57.883094,57.883094,57.414404,57.883094,0.117173,25
2018-12-28,89000,4352050,58.000266,58.820472,56.242682,57.414404,-0.46869,42
2019-01-02,154000,7543200,57.414404,57.414404,56.945716,57.414404,0.0,16
2019-01-03,3000,147400,57.414404,57.883094,57.414404,57.883094,0.46869,3
2019-01-04,8000,395700,57.883094,58.234611,57.47299,58.234611,0.351517,8
2019-01-07,12000,602100,58.351783,59.171989,58.351783,59.171989,0.937378,9
2019-01-08,6000,301000,59.171989,59.171989,58.586127,58.586127,-0.585862,5
2019-01-09,14000,703400,58.820472,59.054816,58.703299,59.054816,0.468689,12
2019-01-10,18000,902600,59.406333,59.406333,58.586127,59.054816,0.0,15
2019-01-11,28007,1469671,59.171989,61.86695,59.171989,61.86695,2.812134,28
2019-01-14,5023,265922,61.86695,62.101295,61.86695,62.101295,0.234345,22
2019-01-15,4000,210700,62.101295,62.101295,61.281089,61.281089,-0.820206,4
2019-01-16,19061,1009916,61.281089,63.273017,61.281089,63.273017,1.991928,10
2019-01-17,4002,215108,63.273017,63.273017,62.101295,62.101295,-1.171722,6
2019-01-18,1000,53000,62.101295,62.101295,62.101295,62.101295,0.0,1
2019-01-21,3022,159544,62.101295,62.101295,61.515434,61.515434,-0.585861,25
2019-01-22,6009,316268,61.515434,61.984122,61.046744,61.984122,0.468688,15
2019-01-23,1020,53960,61.984122,61.984122,61.984122,61.984122,0.0,21
2019-01-24,10013,528776,61.984122,62.218467,61.398262,62.218467,0.234345,23
2019-01-25,27189,1472195,63.155845,63.858878,62.569984,63.858878,1.640411,38
2019-01-28,4015,217610,63.858878,63.858878,63.038673,63.858878,0.0,19
2019-01-29,5000,271500,63.858878,63.858878,63.273017,63.858878,0.0,5
2019-01-30,20073,1080685,63.858878,63.858878,61.749778,63.858878,0.0,18
2019-02-11,8001,440659,63.976051,65.616463,63.976051,65.030601,1.171723,9
2019-02-12,10000,557500,65.030601,65.616463,65.030601,65.147773,0.117172,10
2019-02-13,9105,512285,65.382118,66.202323,65.382118,66.202323,1.05455,10
2019-02-14,106304,6509695,68.897286,72.76397,68.897286,72.76397,6.561647,96
2019-02-15,43045,2662579,74.28721,74.28721,71.475075,72.178109,-0.585861,47
2019-02-18,38254,2416113,73.81852,77.919549,71.592247,77.919549,5.74144,37
2019-02-19,22275,1475711,77.919549,77.919549,76.747826,77.568033,-0.351516,25
2019-02-20,41074,2684896,76.513482,77.685205,76.279138,77.685205,0.117172,32
2019-02-21,41033,2670263,76.513482,76.747826,75.107415,76.161965,-1.52324,26
2019-02-22,11001,715365,76.044793,76.39631,76.044793,76.39631,0.234345,11
2019-02-25,6001,390966,76.39631,76.630654,75.693276,76.630654,0.234344,6
2019-02-26,14100,908549,76.161965,76.39631,74.755898,76.39631,-0.234344,14
2019-02-27,2000,129900,76.044793,76.161965,76.044793,76.161965,-0.234345,2
2019-03-04,13004,845260,76.161965,76.161965,76.161965,76.161965,0.0,12
2019-03-05,15015,968272,76.161965,76.161965,74.404382,75.693276,-0.468689,17
2019-03-06,20010,1283044,75.458932,75.458932,74.404382,75.458932,-0.234344,21
2019-03-07,8139,520954,74.990243,75.224587,74.638726,74.990243,-0.468689,9
2019-03-08,32001,2006464,74.755898,74.755898,72.412453,74.638726,-0.351517,33
2019-03-11,9012,564259,74.170037,74.170037,72.998315,73.467003,-1.171723,9
2019-03-12,25250,1576850,73.349832,73.467003,72.76397,73.232659,-0.234344,20
2019-03-13,5000,312000,73.115487,73.115487,73.115487,73.115487,-0.117172,4
2019-03-14,7058,436942,73.115487,73.115487,72.178109,72.881142,-0.234345,8
2019-03-15,6001,373863,72.881142,73.115487,72.881142,73.115487,0.234345,7
2019-03-18,19001,1182163,73.115487,73.349832,72.178109,73.115487,0.0,17
2019-03-19,27000,1687600,73.115487,73.584175,73.115487,73.232659,0.117172,17
2019-03-20,20000,1248000,73.115487,73.349832,72.646797,73.349832,0.117173,10
2019-03-21,21000,1313900,73.349832,73.701348,73.115487,73.701348,0.351516,12
2019-03-22,20004,1254952,73.701348,73.935692,73.232659,73.935692,0.234344,16
2019-03-25,25000,1569700,73.467003,74.052865,73.349832,73.81852,-0.117172,22
2019-03-26,42000,2663800,73.81852,74.755898,73.81852,74.755898,0.937378,39
2019-03-27,14000,893200,74.755898,74.990243,74.170037,74.990243,0.234345,13
2019-03-28,13001,829464,74.990243,74.990243,74.404382,74.87307,-0.117173,13
2019-03-29,32000,2036700,74.990243,74.990243,73.935692,74.87307,0.0,26
2019-04-01,19007,1215150,75.34176,75.576104,74.170037,74.990243,0.117173,22
2019-04-02,16084,1026032,75.34176,75.576104,74.052865,74.170037,-0.820206,19
2019-04-03,5010,318343,74.170037,74.755898,74.170037,74.755898,0.585861,7
2019-04-08,15054,964970,74.755898,75.34176,74.755898,74.990243,0.234345,17
2019-04-09,15000,957900,74.990243,74.990243,74.28721,74.755898,-0.234345,15
2019-04-10,49105,3182777,74.755898,77.099343,74.521554,77.099343,2.343445,41
2019-04-11,59101,3764833,77.099343,77.099343,73.81852,73.935692,-3.163651,49
2019-04-12,15000,936000,73.81852,73.81852,72.295281,73.349832,-0.58586,15
2019-04-15,21000,1296600,73.232659,73.232659,71.475075,73.232659,-0.117173,19
2019-04-16,38062,2395106,73.232659,74.28721,73.232659,73.81852,0.585861,35
2019-04-17,1429992,91814546,73.81852,81.200372,73.232659,81.200372,7.381852,175
2019-04-18,251016,17556796,81.200372,87.29333,77.45086,79.559961,-1.640411,210
2019-04-19,27000,1825800,79.559961,79.677133,78.505411,78.739755,-0.820206,24
2019-04-22,32305,2173203,78.856927,79.911477,78.505411,78.622583,-0.117172,32
2019-04-23,31298,2060478,78.388238,78.388238,76.161965,77.099343,-1.52324,34
2019-04-24,10131,659328,76.39631,76.630654,75.810448,76.279138,-0.820205,10
2019-04-25,10060,653946,76.279138,76.279138,75.34176,75.34176,-0.937378,10
2019-04-26,2060,132458,75.34176,75.34176,75.34176,75.34176,0.0,3
2019-04-29,9160,581895,75.34176,75.34176,73.467003,73.935692,-1.406068,17
2019-04-30,6060,387340,74.404382,74.990243,74.404382,74.990243,1.054551,7
2019-05-02,11000,706500,74.990243,75.927621,74.990243,75.927621,0.937378,9
2019-05-03,9300,597110,75.224587,75.927621,74.990243,75.224587,-0.703034,13
2019-05-06,5231,332229,74.990243,74.990243,73.584175,73.701348,-1.523239,8
2019-05-07,11000,699200,74.990243,74.990243,74.170037,74.990243,1.288895,9
2019-05-08,23000,1497900,74.990243,77.568033,74.990243,77.568033,2.57779,19
2019-05-09,77001,5161165,78.036721,80.028649,76.161965,76.161965,-1.406068,71
2019-05-10,69000,4524200,76.161965,78.388238,75.576104,76.161965,0.0,57
2019-05-13,37000,2425700,76.747826,77.685205,76.161965,77.685205,1.52324,34
2019-05-14,42100,2760130,78.036721,78.036721,76.161965,77.333688,-0.351517,39
2019-05-15,410476,29583718,81.0832,85.067057,80.848856,85.067057,7.733369,286
2019-05-16,441542,33366426,87.644846,91.394359,85.067057,85.067057,0.0,370
2019-05-17,99324,7084644,86.121607,86.121607,80.848856,82.13775,-2.929307,95
2019-05-20,56340,4010476,82.13775,84.71554,82.13775,84.481195,2.343445,46
2019-05-21,27109,1971766,84.364023,85.887263,84.364023,85.887263,1.406068,32
2019-05-22,69143,5054624,87.058985,87.058985,83.778162,83.778162,-2.109101,55
2019-05-23,48276,3454381,83.543817,84.832712,82.840784,84.832712,1.05455,39
2019-05-24,96000,7129800,86.707468,88.113535,85.77009,85.77009,0.937378,83
2019-05-27,72100,5357210,86.121607,87.762018,86.004435,87.644846,1.874756,69
2019-05-28,77052,5806893,88.113535,88.933741,87.762018,87.762018,0.117172,70
2019-05-29,29201,2157774,87.762018,87.762018,85.77009,86.707468,-1.05455,25
2019-05-30,127484,9654494,87.644846,89.871119,87.527674,88.699396,1.991928,122
2019-05-31,60309,4582336,88.816569,89.988291,87.996363,88.113535,-0.585861,51
2019-06-03,35050,2604950,86.238779,88.582224,86.238779,88.582224,0.468689,31
2019-06-04,32100,2391000,87.879191,88.699396,86.355951,87.29333,-1.288894,28
2019-06-05,14020,1042898,87.879191,87.879191,86.473123,87.762018,0.468688,15
2019-06-06,8000,592800,86.707468,87.410502,86.473123,87.410502,-0.351516,8
2019-06-10,13155,969259,87.410502,87.410502,85.652918,86.238779,-1.171723,18
2019-06-11,54018,3880903,85.652918,85.652918,82.254922,85.184229,-1.05455,42
2019-06-12,14050,1013320,85.184229,85.184229,84.012507,84.832712,-0.351517,15
2019-06-13,17000,1228500,83.778162,84.832712,83.778162,84.832712,0.0,12
2019-06-14,35026,2554246,84.832712,87.527674,84.012507,87.527674,2.694962,32
2019-06-17,31000,2283900,86.473123,87.058985,85.887263,87.058985,-0.468689,31
2019-06-18,18071,1332154,87.644846,87.644846,85.887263,86.590296,-0.468689,20
2019-06-19,34000,2511100,86.941813,86.941813,86.355951,86.707468,0.117172,26
2019-06-20,40062,2950068,86.707468,87.058985,85.887263,86.707468,0.0,39
2019-06-21,40143,2976982,86.238779,87.644846,86.238779,87.29333,0.585862,33
2019-06-24,35163,2609641,87.527674,87.762018,86.355951,87.762018,0.468688,32
2019-06-25,43100,3184970,87.762018,87.762018,86.004435,86.121607,-1.640411,37
2019-06-26,31330,2297455,86.121607,86.355951,85.535745,86.238779,0.117172,27
2019-06-27,54088,3965968,86.473123,86.707468,85.067057,86.238779,0.0,45
2019-06-28,53107,3936792,86.238779,87.762018,85.77009,87.762018,1.523239,43
2019-07-01,60000,4311800,87.85964,88.469777,86.639367,87.85964,0.097622,44
2019-07-02,11000,792800,88.225722,88.225722,87.127477,88.225722,0.366082,11
2019-07-03,10000,726000,88.713831,88.957886,87.615586,88.957886,0.732164,10
2019-07-04,32000,2338800,89.201941,89.934104,88.347749,89.934104,0.976218,31
2019-07-05,46000,3366900,89.445995,89.934104,88.957886,89.934104,0.0,38
2019-07-08,64000,4668800,89.079913,89.812077,88.469777,89.079913,-0.854191,44
2019-07-09,121030,8746560,88.591804,88.957886,87.737613,87.981667,-1.098246,75
2019-07-10,112167,8224791,88.225722,91.154377,88.103695,89.690049,1.708382,86
2019-07-11,32031,2353378,89.690049,90.178159,89.079913,89.812077,0.122028,29
2019-07-12,224345,16816846,89.812077,92.984786,89.812077,92.130595,2.318518,176
2019-07-15,365495,28785945,92.984786,98.231959,92.740731,98.231959,6.101364,321
2019-07-16,349185,27997015,98.842096,100.184396,95.791413,96.40155,-1.830409,300
2019-07-17,93161,7377294,97.011686,97.74385,95.669386,97.74385,1.3423,84
2019-07-18,68265,5470873,97.621823,98.231959,97.377768,98.109931,0.366081,68
2019-07-19,69000,5553300,98.964123,98.964123,97.621823,98.231959,0.122028,54
2019-07-22,167204,13748332,99.08615,102.991023,97.865877,100.550478,2.318519,131
2019-07-23,123010,9979711,100.672505,100.794532,97.011686,99.696286,-0.854192,97
2019-07-24,30300,2456880,99.940341,99.940341,98.353986,98.353986,-1.3423,29
2019-07-25,105000,8370400,97.621823,97.987904,96.40155,97.621823,-0.732163,84
2019-07-26,38070,3007800,97.621823,97.621823,95.791413,96.40155,-1.220273,36
2019-07-29,262113,19693486,96.279523,96.279523,90.178159,91.154377,-5.247173,220
2019-07-30,142044,10466056,92.008568,92.008568,88.591804,89.445995,-1.708382,116
2019-07-31,62100,4545200,89.323968,90.300186,88.713831,89.690049,0.244054,58
2019-08-01,70000,5110700,88.225722,89.690049,88.225722,89.568022,-0.122027,45
2019-08-02,76000,5427200,88.347749,89.445995,85.541122,88.469777,-1.098245,68
2019-08-05,45100,3207970,87.371531,87.615586,86.151259,87.493559,-0.976218,40
2019-08-06,68090,4726944,86.273286,86.273286,83.222604,85.419095,-2.074464,61
2019-08-07,33000,2322400,86.029231,87.249504,85.297067,87.249504,1.830409,30
2019-08-08,329011,25831964,95.913441,95.913441,93.594922,95.913441,8.663937,224
2019-08-12,617286,49864136,99.08615,100.672505,96.40155,97.011686,1.098245,553
2019-08-13,190207,14846446,97.011686,97.621823,93.838977,93.838977,-3.172709,179
2019-08-14,80000,6202600,94.449113,95.181277,93.961004,93.961004,0.122027,77
2019-08-15,318000,23112300,91.520459,91.520459,87.371531,87.981667,-5.979337,259
2019-08-16,67110,4876895,89.201941,89.690049,87.981667,89.079913,1.098246,57
2019-08-19,70300,5108949,89.445995,90.056131,88.103695,88.957886,-0.122027,55
2019-08-20,144000,10339000,88.469777,88.835859,87.249504,87.737613,-1.220273,129
2019-08-21,60001,4267473,87.85964,87.85964,86.273286,87.737613,0.0,53
2019-08-22,80010,5695940,87.737613,87.981667,86.273286,87.127477,-0.610136,67
2019-08-23,29100,2064649,86.639367,87.005449,86.151259,87.005449,-0.122028,30
2019-08-26,74000,5230400,86.883422,87.249504,85.419095,86.395313,-0.610136,70
2019-08-27,28000,1976900,86.639367,86.639367,85.785177,86.273286,-0.122027,24
2019-08-28,73000,5098300,86.273286,86.273286,84.198822,86.029231,-0.244055,64
2019-08-29,66000,4586300,85.419095,85.419095,84.442877,84.930986,-1.098245,57
2019-08-30,37081,2584151,85.297067,85.419095,84.686931,85.419095,0.488109,34
2019-09-02,34000,2426200,85.419095,87.615586,85.419095,87.615586,2.196491,28
2019-09-03,56001,3997672,87.85964,87.85964,86.639367,87.615586,0.0,49
2019-09-04,53001,3800872,88.225722,88.225722,87.249504,87.85964,0.244054,42
2019-09-05,23060,1659266,87.85964,87.981667,87.493559,87.981667,0.122027,23
2019-09-06,37001,2660372,88.225722,88.225722,87.615586,87.615586,-0.366081,31
2019-09-09,28000,2011600,88.225722,88.225722,87.615586,87.615586,0.0,20
2019-09-10,64000,4529300,87.615586,87.615586,85.419095,86.883422,-0.732164,47
2019-09-11,61001,4277370,85.907204,86.761395,85.419095,85.419095,-1.464327,39
2019-09-12,48125,3372562,85.419095,85.785177,85.419095,85.419095,0.0,33
2019-09-16,70086,4912720,85.419095,86.273286,85.419095,85.419095,0.0,38
2019-09-17,11000,768700,85.419095,85.907204,84.686931,85.907204,0.488109,11
2019-09-18,49200,3421740,86.029231,86.029231,84.198822,84.930986,-0.976218,38
2019-09-19,48008,3327160,84.930986,85.419095,84.198822,84.686931,-0.244055,31
2019-09-20,29500,2038748,84.686931,84.686931,83.954767,84.442877,-0.244054,34
2019-09-23,31050,2125990,82.734495,84.442877,82.734495,84.320849,-0.122028,30
2019-09-24,6000,415900,84.442877,84.808959,84.198822,84.686931,0.366082,6
2019-09-25,31000,2122400,83.83274,84.564904,82.978549,84.564904,-0.122027,31
2019-09-26,12000,826700,84.564904,84.564904,83.588686,84.198822,-0.366082,12
2019-09-27,44000,2990800,84.198822,84.198822,82.49044,82.978549,-1.220273,27
2019-10-01,37168,2471622,82.978549,82.978549,80.538004,80.904085,-2.074464,40
2019-10-02,22000,1484900,80.904085,85.053013,80.904085,85.053013,4.148928,20
2019-10-03,96050,6431920,84.198822,84.198822,80.782058,81.392195,-3.660818,88
2019-10-04,124145,8162586,81.758277,81.758277,79.439758,81.392195,0.0,124
2019-10-07,194193,12325052,79.683812,81.026112,75.656912,75.656912,-5.735283,190
2019-10-08,182485,10976900,75.656912,76.63313,72.60623,72.972312,-2.6846,178
2019-10-09,58048,3490876,72.972312,73.704476,72.850285,73.216367,0.244055,54
2019-10-14,48000,2869300,74.314612,74.314612,71.996095,73.216367,0.0,47
2019-10-15,96000,5652000,73.216367,73.216367,71.019876,71.019876,-2.196491,91
2019-10-16,199000,11354500,71.630012,72.484203,66.016758,70.775821,-0.244055,190
2019-10-17,23000,1343400,71.141903,71.874067,70.775821,71.874067,1.098246,22
2019-10-18,42000,2495100,72.60623,73.09434,71.996095,72.240148,0.366081,39
2019-10-21,51000,3031500,72.240148,73.09434,71.996095,73.09434,0.854192,31
2019-10-22,47000,2802500,72.972312,73.216367,72.362176,73.216367,0.122027,42
2019-10-23,21000,1261500,73.216367,73.704476,72.728258,73.460422,0.244055,20
2019-10-24,131000,7785500,73.460422,73.94853,71.996095,72.240148,-1.220274,108
2019-10-25,42001,2492059,72.728258,73.460422,71.996095,72.240148,0.0,38
2019-10-28,30000,1788800,72.728258,73.09434,72.240148,72.972312,0.732164,27
2019-10-29,45172,2681616,72.60623,72.850285,71.996095,72.484203,-0.488109,40
2019-10-30,9000,532700,72.484203,72.484203,72.118122,72.118122,-0.366081,8
2019-10-31,8100,478330,71.874067,72.240148,71.874067,72.240148,0.122026,10
2019-11-01,20000,1188000,72.484203,72.60623,72.240148,72.484203,0.244055,17
2019-11-04,21000,1242100,71.996095,72.60623,71.996095,72.60623,0.122027,15
2019-11-05,18001,1071960,72.240148,73.09434,72.240148,72.60623,0.0,19
2019-11-06,121000,7433300,72.240148,77.487322,72.240148,74.802722,2.196492,93
2019-11-07,43000,2603300,73.826503,74.558667,73.460422,73.826503,-0.976219,35
2019-11-08,58000,3497000,73.338395,74.192585,72.728258,74.070558,0.244055,42
2019-11-11,20000,1203600,72.972312,75.046776,72.728258,75.046776,0.976218,20
2019-11-12,46000,2814400,75.046776,75.412858,74.070558,74.314612,-0.732164,40
2019-11-13,43000,2618900,75.046776,75.046776,73.826503,74.192585,-0.122027,35
2019-11-14,28410,1719263,74.680695,74.680695,73.460422,74.192585,0.0,27
2019-11-15,11130,677016,74.192585,74.43664,73.94853,74.314612,0.122027,14
2019-11-18,17046,1034092,74.314612,74.314612,73.826503,74.192585,-0.122027,16
2019-11-19,24001,1446061,74.192585,74.192585,73.216367,74.070558,-0.122027,24
2019-11-20,26000,1563400,73.338395,73.94853,73.216367,73.94853,-0.122028,19
2019-11-21,40000,2407600,73.582449,74.070558,72.484203,74.070558,0.122028,35
2019-11-22,45086,2718246,74.070558,74.070558,73.216367,73.826503,-0.244055,40
2019-11-25,25036,1518281,74.314612,74.314612,73.826503,74.070558,0.244055,26
2019-11-26,29000,1754300,74.070558,74.070558,73.704476,73.94853,-0.122028,28
2019-11-27,34000,2048600,73.826503,73.826503,73.338395,73.582449,-0.366081,33
2019-11-28,26000,1559400,73.582449,73.582449,72.972312,73.09434,-0.488109,26
2019-11-29,25000,1493000,73.216367,73.216367,72.60623,73.216367,0.122027,23
2019-12-02,35000,2085700,73.216367,73.460422,72.484203,73.216367,0.0,21
2019-12-03,16000,956600,73.216367,73.216367,72.60623,72.972312,-0.244055,15
2019-12-04,30001,1787560,72.728258,73.09434,72.240148,72.972312,0.0,26
2019-12-05,15000,897600,72.972312,73.09434,72.728258,73.09434,0.122028,11
2019-12-06,22000,1314100,73.09434,73.09434,72.60623,73.09434,0.0,15
2019-12-09,4000,239200,72.60623,73.216367,72.60623,72.972312,-0.122028,4
2019-12-10,10024,597264,72.972312,72.972312,72.60623,72.60623,-0.366082,10
2019-12-11,33000,1933500,72.362176,72.850285,70.775821,72.118122,-0.488108,28
2019-12-12,28000,1643600,72.362176,72.362176,71.385958,71.507985,-0.610137,24
2019-12-13,52000,3038200,71.26393,71.75204,71.141903,71.385958,-0.122027,30
2019-12-16,19000,1112000,71.507985,71.630012,71.385958,71.385958,0.0,18
2019-12-17,34000,1992900,71.507985,71.75204,71.385958,71.507985,0.122027,26
2019-12-18,57000,3383900,71.507985,73.216367,71.507985,72.362176,0.854191,39
2019-12-19,42000,2499400,72.484203,73.09434,72.240148,73.09434,0.732164,37
2019-12-20,87020,5266300,73.460422,74.43664,72.972312,74.192585,1.098245,67
2019-12-23,59002,3546628,74.192585,74.314612,72.850285,73.09434,-1.098245,56
2019-12-24,46000,2788300,72.972312,74.43664,72.972312,73.94853,0.85419,40
2019-12-25,15000,908000,74.314612,74.314612,73.582449,73.94853,0.0,14
2019-12-26,23001,1394166,74.070558,74.070558,73.826503,73.94853,0.0,23
2019-12-27,45078,2742449,73.94853,74.43664,73.94853,74.43664,0.48811,38
2019-12-30,79000,4850500,74.680695,75.29083,74.680695,75.046776,0.610136,58
2019-12-31,195131,12297315,75.168803,78.585567,75.168803,78.097458,3.050682,118
2020-01-02,286175,19129150,78.46354,83.710712,77.853404,83.222604,5.125146,230
2020-01-03,257030,17766000,83.466659,86.029231,82.856522,84.320849,1.098245,201
2020-01-06,79000,5480300,84.198822,85.419095,83.83274,84.564904,0.244055,76
2020-01-07,71154,4906209,85.053013,85.17504,82.978549,84.564904,0.0,67
2020-01-08,126098,8765467,84.076795,85.419095,82.978549,85.053013,0.488109,109
2020-01-09,108696,7689316,85.297067,87.005449,85.297067,86.761395,1.708382,110
2020-01-10,185040,13321380,87.127477,88.347749,87.127477,87.737613,0.976218,119
2020-01-13,125278,8987216,87.493559,88.103695,86.761395,87.615586,-0.122027,68
2020-01-14,118182,8534776,87.85964,88.225722,87.737613,88.225722,0.610136,65
2020-01-15,208400,15549840,88.835859,91.764513,88.835859,91.032349,2.806627,172
2020-01-16,498840,39150000,91.886541,99.452231,91.886541,97.133713,6.101364,407
2020-01-17,424322,33920502,98.476013,100.794532,96.035468,96.767631,-0.366082,325
2020-01-20,547194,41907938,96.40155,96.40155,91.520459,93.961004,-2.806627,416
2020-01-30,17060,1182258,84.564904,84.564904,84.564904,84.564904,-9.3961,18
2020-01-31,663700,41721470,76.145022,79.195704,76.145022,76.267049,-8.297855,407
2020-02-03,388492,22459671,68.945412,73.216367,68.823385,71.996095,-4.270954,307
2020-02-04,207072,13201972,73.09434,79.195704,73.09434,78.097458,6.101363,170
2020-02-05,161021,10467607,81.636249,81.758277,77.487322,78.707595,0.610137,134
2020-02-06,126318,8405006,79.317731,82.368412,79.317731,81.14814,2.440545,117
2020-02-07,98938,6425824,81.14814,81.14814,78.097458,78.219485,-2.928655,90
2020-02-10,122000,7583100,75.77894,76.877185,74.802722,76.267049,-1.952436,99
2020-02-11,89166,5612474,77.97543,77.97543,76.022995,76.877185,0.610136,77
2020-02-12,123234,7780176,76.877185,77.97543,76.267049,77.12124,0.244055,95
2020-02-13,275004,16846876,77.12124,77.487322,73.09434,73.338395,-3.782845,213
2020-02-14,155103,9367222,73.460422,74.802722,73.09434,73.826503,0.488108,124
2020-02-17,92500,5563799,73.460422,74.070558,72.60623,73.582449,-0.244054,88
2020-02-18,93536,5705017,74.070558,75.046776,73.704476,74.558667,0.976218,83
2020-02-19,98050,6043230,74.43664,75.900967,74.43664,75.29083,0.732163,91
2020-02-20,133190,8330461,75.656912,76.999212,75.656912,76.267049,0.976219,105
2020-02-21,267100,16683549,76.511103,76.999212,74.802722,75.29083,-0.976219,170
2020-02-24,181100,10952600,75.168803,75.168803,73.09434,73.826503,-1.464327,154
2020-02-25,139025,8284037,73.216367,73.338395,72.240148,73.338395,-0.488108,124
2020-02-26,94300,5579849,73.09434,73.09434,71.996095,72.118122,-1.220273,93
2020-02-27,110200,6515620,73.216367,73.216367,71.630012,71.630012,-0.48811,77
2020-03-02,86017,4954789,71.630012,71.630012,69.799603,69.799603,-1.830409,78
2020-03-03,73030,4259970,70.775821,71.630012,70.531767,71.141903,1.3423,69
2020-03-04,45000,2594000,71.141903,71.385958,69.799603,70.165685,-0.976218,43
2020-03-05,67100,3875760,70.897848,71.019876,69.92163,70.775821,0.610136,63
2020-03-06,76010,4395300,70.775821,70.897848,69.92163,70.775821,0.0,44
2020-03-09,90000,5057700,68.823385,70.043658,67.72514,68.335276,-2.440545,81
2020-03-10,144000,7917200,66.138785,69.92163,66.138785,69.92163,1.586354,104
2020-03-11,184500,10322350,68.457303,69.92163,67.359058,69.92163,0.0,134
2020-03-12,226322,12438489,68.213248,68.823385,66.260812,68.335276,-1.586354,148
2020-03-13,463273,23639096,64.796485,65.162566,61.501748,62.844048,-5.491228,202
2020-03-16,105050,5320750,62.844048,64.674458,59.793366,62.844048,0.0,65
2020-03-17,81446,4114327,59.793366,62.722021,59.793366,62.599994,-0.244054,72
2020-03-18,41080,2106524,63.332158,63.820266,61.989858,62.844048,0.244054,43
2020-03-19,136600,6584099,61.501748,62.844048,56.742684,57.657889,-5.186159,89
2020-03-20,80001,3994001,58.573094,62.233912,58.573094,62.111885,4.453996,65
2020-03-23,44002,2183802,61.013639,61.135666,58.695121,61.135666,-0.976219,34
2020-03-24,66001,3357154,63.21013,63.454185,61.257694,62.844048,1.708382,51
2020-03-25,105001,5575955,66.38284,66.38284,63.942294,64.674458,1.83041,73
2020-03-26,220748,12480410,64.796485,71.141903,64.674458,70.897848,6.22339,164
2020-03-27,172332,9938890,71.996095,73.09434,67.72514,69.555548,-1.3423,122
2020-03-30,70203,3879407,67.969194,68.823385,66.992976,67.969194,-1.586354,54
2020-03-31,49104,2732410,68.57933,68.57933,67.23703,67.603112,-0.366082,45
2020-04-01,16003,886565,67.481085,68.213248,67.481085,67.481085,-0.122027,18
2020-04-06,34001,1871855,67.23703,67.847167,66.870948,66.992976,-0.488109,25
2020-04-07,90020,4965502,67.359058,68.091221,66.504866,66.626894,-0.366082,77
2020-04-08,53016,2894828,67.115003,67.115003,66.138785,66.748921,0.122027,45
2020-04-09,41004,2268732,67.359058,68.57933,66.992976,67.115003,0.366082,41
2020-04-10,42169,2340871,67.847167,68.091221,67.115003,67.969194,0.854191,32
2020-04-13,45000,2459300,67.115003,67.115003,66.504866,66.748921,-1.220273,35
2020-04-14,59000,3235600,66.748921,67.481085,66.260812,66.748921,0.0,45
2020-04-15,197362,11227929,67.359058,71.019876,67.359058,70.653794,3.904873,185
2020-04-16,142203,8054053,69.555548,69.799603,68.335276,68.701358,-1.952436,107
2020-04-17,120186,6878361,69.555548,70.653794,69.06744,70.653794,1.952436,103
2020-04-20,246400,14550420,70.775821,73.09434,70.40974,72.850285,2.196491,198
2020-04-21,128300,7545189,72.60623,73.216367,70.165685,71.141903,-1.708382,91
2020-04-22,105601,6176117,69.677576,72.60623,68.945412,71.019876,-0.122027,92
2020-04-23,81395,4581575,72.040574,72.678102,70.127993,72.550597,1.530721,80
2020-04-24,13000,734200,72.550597,72.550597,71.785564,71.785564,-0.765033,12
2020-04-27,56213,3127477,72.16808,72.423092,70.127993,72.423092,0.637528,51
2020-04-28,36000,2050100,72.423092,73.060618,72.16808,72.678102,0.25501,35
2020-04-29,105000,6148200,72.805608,75.610728,72.805608,73.57064,0.892538,77
2020-04-30,118101,6945626,74.9732,75.738233,73.953157,74.845694,1.275054,103
2020-05-04,55100,3185160,73.315629,74.335673,73.188124,73.443134,-1.40256,43
2020-05-05,50150,2896825,74.463178,74.463178,73.315629,73.315629,-0.127505,42
2020-05-06,65001,3773558,74.208168,74.590684,73.315629,73.698145,0.382516,50
2020-05-07,107083,6358788,73.953157,76.630771,73.953157,75.738233,2.040088,77
2020-05-08,79263,4695217,75.865738,76.248254,74.9732,75.865738,0.127505,66
2020-05-11,131150,7822639,76.503265,76.758276,75.100705,75.228211,-0.637527,104
2020-05-12,53300,3110400,74.590684,74.845694,73.698145,74.208168,-1.020043,49
2020-05-13,80200,4622538,74.208168,74.208168,71.913069,73.698145,-0.510023,76
2020-05-14,1109345,69691105,73.825651,80.965956,73.698145,79.818407,6.120262,705
2020-05-15,638161,40506402,79.690901,85.173635,77.395804,83.516064,3.697657,458
2020-05-18,267773,17319413,82.751032,84.408603,80.965956,81.858493,-1.657571,213
2020-05-19,356169,23441869,84.026087,85.811163,81.985999,82.751032,0.892539,265
2020-05-20,182663,11951958,84.281097,84.791119,81.730988,84.281097,1.530065,155
2020-05-21,324822,21159619,84.281097,85.428647,81.985999,82.113505,-2.167592,267
2020-05-22,177048,11087804,81.603483,81.603483,78.798364,78.925869,-3.187636,149
2020-05-25,148148,9321898,79.308385,81.348472,78.415847,80.965956,2.040087,127
2020-05-26,147000,9248700,81.603483,81.858493,79.435891,79.435891,-1.530065,96
2020-05-27,122130,7609382,79.690901,80.328429,79.053374,79.053374,-0.382517,85
2020-05-28,76000,4698900,79.053374,79.690901,78.160836,78.415847,-0.637527,57
2020-05-29,87202,5332761,78.415847,79.18088,77.523309,78.160836,-0.255011,72
2020-06-01,138000,8685100,77.905825,82.241011,77.905825,79.690901,1.530065,120
2020-06-02,35001,2194262,80.710945,80.710945,79.053374,79.435891,-0.25501,33
2020-06-03,67000,4204300,80.710945,80.710945,79.18088,79.945912,0.510021,60
2020-06-04,104004,6592548,80.838451,81.730988,79.945912,79.945912,0.0,97
2020-06-05,257124,16501984,80.328429,82.751032,80.328429,82.368516,2.422604,203
2020-06-08,300460,19650938,82.878537,84.918624,82.496021,82.623527,0.255011,250
2020-06-09,84155,5444596,83.388559,83.388559,81.730988,82.496021,-0.127506,70
2020-06-10,96000,6111600,83.133548,83.133548,80.328429,81.220967,-1.275054,87
2020-06-11,156001,9807462,81.348472,81.348472,79.053374,79.818407,-1.40256,109
2020-06-12,145000,8787800,76.630771,79.053374,76.503265,79.053374,-0.765033,113
2020-06-15,70100,4340910,79.053374,79.435891,78.543352,79.308385,0.255011,56
2020-06-16,79000,4967200,79.435891,80.838451,79.435891,80.58344,1.275055,61
2020-06-17,70000,4450000,81.348472,81.603483,80.58344,80.965956,0.382516,61
2020-06-18,37000,2338000,80.455934,81.603483,80.200923,80.965956,0.0,33
2020-06-19,45000,2845400,80.58344,81.220967,80.328429,80.838451,-0.127505,38
2020-06-22,46149,2922185,80.838451,81.220967,80.073417,80.200923,-0.637528,42
2020-06-23,38000,2388600,80.328429,80.328429,79.690901,80.328429,0.127506,31
2020-06-24,173000,11059400,80.455934,82.241011,80.455934,81.858493,1.530064,133
2020-06-29,51002,3222338,81.220967,81.603483,80.200923,80.455934,-1.402559,49
2020-06-30,43000,2717900,80.455934,81.093461,80.328429,80.328429,-0.127505,31
2020-07-01,54000,3407500,80.328429,81.093461,80.073417,80.455934,0.127505,40
2020-07-02,56000,3536800,80.965956,80.965956,79.945912,80.838451,0.382517,48
2020-07-03,77265,4941013,81.475977,82.241011,80.710945,81.858493,1.020042,66
2020-07-06,175001,11404265,81.858493,83.771076,81.858493,83.006043,1.14755,123
2020-07-07,127000,8290500,83.388559,83.64357,82.878537,83.516064,0.510021,105
2020-07-08,128050,8488610,83.516064,84.918624,83.516064,84.281097,0.765033,101
2020-07-09,159000,10442600,85.04613,85.173635,82.878537,83.006043,-1.275054,105
2020-07-10,451389,30508666,83.133548,87.596239,83.133548,86.44869,3.442647,338
2020-07-13,273200,18817900,87.596239,89.126304,86.831206,87.978755,1.530065,164
2020-07-14,126850,8445020,88.241119,89.981839,88.241119,89.312332,1.333577,104
2020-07-15,107655,7069985,89.714036,91.053051,85.830891,89.446233,0.133901,102
2020-07-16,107258,7103529,87.839415,89.714036,87.705513,89.580134,0.133901,84
2020-07-17,50092,3311256,89.580134,89.714036,87.839415,87.973316,-1.606818,36
2020-07-20,48000,3133400,87.973316,88.642824,86.500399,87.169907,-0.803409,38
2020-07-21,34000,2227200,87.169907,88.241119,87.169907,87.973316,0.803409,29
2020-07-22,36600,2404739,88.107217,88.508922,87.437709,87.705513,-0.267803,30
2020-07-23,20000,1307200,87.705513,87.705513,87.036005,87.705513,0.0,19
2020-07-24,219163,14737168,87.705513,91.588658,87.705513,91.053051,3.347538,133
2020-07-27,84000,5650400,90.517446,90.651347,89.17843,89.312332,-1.740719,53
2020-07-28,85035,5614645,89.714036,89.714036,87.036005,89.446233,0.133901,65
2020-07-29,101020,6767844,89.580134,90.115741,89.17843,89.17843,-0.267803,77
2020-07-30,407001,25180167,90.383543,90.651347,88.375021,89.714036,0.535606,87
2020-07-31,18060,1209338,89.714036,89.981839,89.312332,89.312332,-0.401704,14
2020-08-03,59000,3869600,90.115741,90.115741,86.6343,87.169907,-2.142425,50
2020-08-04,71000,4659100,88.375021,89.044529,86.366498,89.044529,1.874622,39
2020-08-05,57000,3764000,89.044529,89.714036,87.705513,88.107217,-0.937312,44
2020-08-06,46020,3031810,89.312332,89.312332,87.705513,88.107217,0.0,18
2020-08-07,103308,6799128,88.776725,89.714036,87.036005,88.107217,0.0,54
2020-08-10,38023,2477608,88.107217,88.642824,86.902104,87.036005,-1.071212,32
2020-08-11,27000,1761200,87.036005,88.776725,86.902104,87.705513,0.669508,26
2020-08-12,68400,4412219,88.375021,88.375021,85.027482,86.902104,-0.803409,65
2020-08-13,110002,7087429,87.437709,88.375021,84.357974,86.366498,-0.535606,68
2020-08-14,28000,1812000,86.366498,88.241119,86.098695,87.036005,0.669507,20
2020-08-17,36000,2344000,88.776725,88.776725,85.964792,86.366498,-0.669507,31
2020-08-18,16722,1080403,86.366498,87.303808,86.098695,86.6343,0.267802,46
2020-08-19,53657,3445911,86.6343,86.6343,85.429187,85.429187,-1.205113,62
2020-08-20,33400,2083578,86.366498,86.366498,80.47483,81.947747,-3.48144,45
2020-08-21,65236,4095277,82.081648,84.491875,82.081648,83.688466,1.740719,61
2020-08-24,39125,2426150,81.679944,85.563088,81.679944,83.286762,-0.401704,32
2020-08-25,21642,1348082,83.286762,84.357974,83.018958,83.018958,-0.267804,24
2020-08-26,32255,1990581,83.018958,83.018958,82.215549,83.018958,0.0,32
2020-08-27,25951,1606862,83.018958,85.027482,82.483353,83.018958,0.0,33
2020-08-28,20463,1276343,83.018958,84.491875,83.018958,83.286762,0.267804,24
2020-08-31,93751,5811162,83.286762,83.420664,82.483353,83.018958,-0.267804,46
2020-09-01,103469,6441224,83.018958,83.822368,83.018958,83.152861,0.133903,38
2020-09-02,55451,3446381,83.152861,83.554565,82.885057,83.286762,0.133901,33
2020-09-03,139891,8681942,84.357974,84.357974,82.751156,82.885057,-0.401705,51
2020-09-04,39114,2421945,83.688466,83.688466,82.483353,82.885057,0.0,22
2020-09-07,43002,2662823,83.554565,83.554565,82.349451,83.018958,0.133901,30
2020-09-08,39598,2454515,83.018958,83.152861,82.617254,82.885057,-0.133901,22
2020-09-09,42001,2592461,83.018958,83.018958,82.483353,82.751156,-0.133901,26
2020-09-10,45249,2800488,83.420664,83.420664,82.483353,82.751156,0.0,28
2020-09-11,32209,1994711,83.286762,83.286762,82.349451,82.885057,0.133901,25
2020-09-14,49750,3090700,83.554565,83.822368,83.018958,83.152861,0.267804,37
2020-09-15,36100,2245110,83.018958,83.95627,83.018958,83.286762,0.133901,25
2020-09-16,41749,2586763,83.152861,83.286762,82.751156,82.751156,-0.535606,38
2020-09-17,131611,8413836,82.885057,87.571612,82.885057,85.563088,2.811932,111
2020-09-18,146526,9567772,85.964792,88.375021,85.964792,86.768202,1.205114,120
2020-09-21,73999,4809835,87.036005,88.375021,86.366498,86.902104,0.133902,67
2020-09-22,42151,2704327,86.902104,86.902104,84.893581,84.893581,-2.008523,45
2020-09-23,24450,1557729,87.169907,87.169907,84.893581,85.027482,0.133901,29
2020-09-24,33150,2071340,85.027482,85.429187,82.617254,82.617254,-2.410228,33
2020-09-25,58561,3597939,84.090171,84.224073,79.269715,81.679944,-0.93731,58
2020-09-28,22200,1355900,82.215549,82.349451,81.144337,81.679944,0.0,26
2020-09-29,29001,1771360,82.349451,82.349451,81.679944,81.947747,0.267803,21
2020-09-30,18155,1108823,81.947747,82.349451,81.278239,81.947747,0.0,19
2020-10-05,16050,981530,82.349451,82.349451,81.546041,81.947747,0.0,16
2020-10-06,34198,2089578,81.947747,82.081648,81.679944,81.813845,-0.133902,24
2020-10-07,45658,2792474,82.349451,82.349451,81.41214,81.947747,0.133902,32
2020-10-08,42700,2608459,82.215549,82.885057,81.278239,81.41214,-0.535607,43
2020-10-12,8496,517205,82.349451,82.349451,81.144337,81.546041,0.133901,12
2020-10-13,17159,1043487,81.813845,81.813845,81.010436,81.546041,0.0,17
2020-10-14,20100,1227490,81.813845,82.081648,81.546041,81.813845,0.267804,22
2020-10-15,9100,554360,81.813845,81.947747,81.010436,81.947747,0.133902,9
2020-10-16,27250,1657850,81.947747,81.947747,81.010436,81.010436,-0.937311,25
2020-10-19,43100,2613359,81.144337,81.679944,80.340928,81.679944,0.669508,31
2020-10-20,128208,7940196,82.215549,83.554565,82.081648,82.751156,1.071212,77
2020-10-21,143783,9019936,83.018958,85.563088,83.018958,83.688466,0.93731,88
2020-10-22,22899,1427877,83.95627,84.090171,82.751156,83.822368,0.133902,24
2020-10-23,58980,3716431,83.95627,85.027482,83.286762,84.893581,1.071213,55
2020-10-26,40840,2596540,85.027482,85.69699,84.759679,84.759679,-0.133902,49
2020-10-27,127311,8073570,85.027482,85.161383,84.357974,84.759679,0.0,53
2020-10-28,31142,1954029,84.759679,84.759679,83.286762,84.357974,-0.401705,34
2020-10-29,39000,2393100,80.47483,83.822368,80.47483,83.018958,-1.339016,34
2020-10-30,17101,1059474,83.018958,83.286762,82.349451,83.018958,0.0,21
2020-11-02,37051,2281716,83.018958,83.420664,81.144337,81.546041,-1.472917,37
2020-11-03,11300,690650,81.679944,81.947747,81.679944,81.679944,0.133903,13
2020-11-04,16250,990725,81.813845,81.813845,81.144337,81.813845,0.133901,17
2020-11-05,4439,270930,81.813845,81.947747,81.813845,81.947747,0.133902,9
2020-11-06,15150,926680,81.947747,82.215549,81.546041,82.215549,0.267802,13
2020-11-09,49071,3043281,82.215549,83.822368,81.679944,83.822368,1.606819,39
2020-11-10,258723,16696367,83.822368,87.705513,83.822368,86.098695,2.276327,225
2020-11-11,125123,8109034,86.098695,87.705513,86.098695,87.036005,0.93731,109
2020-11-12,930538,62960243,87.303808,93.731083,87.303808,93.061575,6.02557,611
2020-11-13,423519,28693056,91.85646,92.927673,89.044529,90.91915,-2.142425,292
2020-11-16,239014,16373514,90.91915,92.659871,90.91915,91.722559,0.803409,173
2020-11-17,348277,24322951,92.392067,94.40059,92.392067,93.329377,1.606818,291
2020-11-18,239600,16981222,93.329377,95.739606,93.329377,93.864984,0.535607,206
2020-11-19,250348,17608242,93.864984,95.337901,93.061575,93.998885,0.133901,173
2020-11-20,94938,6614289,93.998885,93.998885,92.659871,93.998885,0.0,88
2020-11-23,224500,15464149,93.998885,93.998885,91.320855,92.392067,-1.606818,160
2020-11-24,310320,21792515,92.392067,96.409114,92.392067,93.731083,1.339016,189
2020-11-25,169175,11816515,93.731083,94.266689,92.793772,94.266689,0.535606,99
2020-11-26,64573,4524061,93.061575,94.534492,92.927673,94.266689,0.0,53
2020-11-27,225780,15974998,93.731083,96.007409,93.46328,94.668393,0.401704,200
2020-11-30,87433,6145927,93.731083,94.936197,93.731083,93.864984,-0.803409,67
2020-12-01,64214,4485971,93.731083,93.998885,93.195476,93.597181,-0.267803,64
2020-12-02,122302,8543287,93.731083,93.864984,93.061575,93.597181,0.0,58
2020-12-03,97008,6795558,92.927673,94.40059,92.927673,93.731083,0.133902,54
2020-12-04,481499,34572868,94.266689,97.078622,94.266689,94.40059,0.669507,406
2020-12-07,96231,6751560,94.668393,95.070098,93.061575,94.266689,-0.133901,72
2020-12-08,89790,6287165,93.46328,94.266689,93.46328,93.731083,-0.535606,48
2020-12-09,92400,6441315,93.731083,93.864984,92.927673,93.731083,0.0,75
2020-12-10,86010,5982694,93.061575,93.731083,92.793772,93.061575,-0.669508,66
2020-12-11,135485,9443711,93.061575,94.132788,92.659871,93.061575,0.0,81
2020-12-14,45215,3122435,93.061575,93.061575,92.124264,92.392067,-0.669508,42
2020-12-15,98517,6782509,92.392067,92.525968,91.722559,92.392067,0.0,50
2020-12-16,248309,17160791,92.392067,93.731083,91.722559,93.731083,1.339016,106
2020-12-17,332491,23332782,93.998885,94.534492,93.195476,93.597181,-0.133902,87
2020-12-18,201942,14299485,93.597181,95.471802,93.597181,94.40059,0.803409,196
2020-12-21,114320,7974738,94.40059,94.40059,92.525968,93.329377,-1.071213,64
2020-12-22,76200,5260700,93.195476,93.195476,91.722559,92.392067,-0.93731,73
2020-12-23,78100,5369550,92.392067,92.525968,91.320855,92.525968,0.133901,62
2020-12-24,61040,4204820,92.525968,92.525968,91.85646,92.392067,-0.133901,46
2020-12-25,88661,6108691,92.392067,92.392067,91.85646,92.392067,0.0,47
2020-12-28,217040,14873120,92.258166,93.061575,91.186953,91.454756,-0.937311,80
2020-12-29,252100,17265300,91.722559,93.597181,91.053051,91.454756,0.0,117
2020-12-30,90653,6195610,91.454756,92.258166,91.320855,91.454756,0.0,31
2020-12-31,294889,20259762,91.990363,93.46328,91.053051,93.329377,1.874621,160
2021-01-04,124670,8557278,92.392067,92.525968,91.454756,91.85646,-1.472917,115
2021-01-05,138225,9409411,91.85646,91.990363,89.714036,91.454756,-0.401704,101
2021-01-06,70210,4755417,91.454756,91.454756,89.981839,91.053051,-0.401705,62
2021-01-07,104250,7033748,91.053051,91.186953,89.714036,91.053051,0.0,94
2021-01-08,537108,36479401,90.91915,91.053051,90.249642,91.053051,0.0,58
2021-01-11,117929,8087531,91.186953,92.525968,91.186953,91.722559,0.669508,81
2021-01-12,80731,5536212,91.320855,93.061575,91.320855,91.454756,-0.267803,62
2021-01-13,117001,8005969,91.454756,91.990363,91.320855,91.85646,0.401704,67
2021-01-14,49148,3354963,91.186953,91.85646,91.053051,91.85646,0.0,46
2021-01-15,47051,3209891,91.85646,91.990363,90.91915,91.990363,0.133903,41
2021-01-18,97200,6683415,91.320855,92.927673,91.186953,92.124264,0.133901,84
2021-01-19,120181,8286271,92.258166,92.927673,91.722559,92.124264,0.0,74
2021-01-20,104139,7100525,91.722559,92.258166,90.651347,91.85646,-0.267804,72
2021-01-21,145450,9832295,91.85646,91.85646,89.044529,91.85646,0.0,122
2021-01-22,103250,6959594,91.722559,91.722559,89.446233,91.588658,-0.267802,87
2021-01-25,75252,5079598,91.053051,91.320855,89.714036,90.785249,-0.803409,71
2021-01-26,60200,4041160,90.785249,90.785249,89.446233,90.383543,-0.401706,58
2021-01-27,75036,5048312,90.249642,90.785249,89.714036,90.651347,0.267804,52
2021-01-28,30550,2063200,89.714036,91.053051,89.312332,90.651347,0.0,32
2021-01-29,19050,1287520,90.383543,90.785249,90.115741,90.517446,-0.133901,18
2021-02-01,74008,4963158,89.714036,90.517446,89.044529,90.249642,-0.267804,70
2021-02-02,24092,1619992,90.249642,90.383543,89.580134,90.383543,0.133901,27
2021-02-03,76471,5208710,90.383543,91.722559,90.383543,91.320855,0.937312,66
2021-02-04,27301,1858728,90.785249,91.454756,90.651347,91.320855,0.0,29
2021-02-05,318731,21983325,91.320855,93.061575,91.053051,92.392067,1.071212,245
2021-02-17,195269,13501061,92.927673,93.731083,91.454756,92.525968,0.133901,123
2021-02-18,89300,6170225,92.525968,93.46328,91.85646,92.659871,0.133903,73
2021-02-19,230297,15906744,92.659871,92.659871,91.990363,91.990363,-0.669508,40
2021-02-22,353374,24913875,92.258166,96.409114,92.258166,93.195476,1.205113,306
2021-02-23,170358,11886211,93.195476,94.266689,93.061575,93.195476,0.0,135
2021-02-24,316415,22144681,93.46328,94.132788,93.195476,93.731083,0.535607,140
2021-02-25,1121507,84977168,94.40059,103.104191,93.864984,102.434683,8.7036,758
2021-02-26,844919,65520185,100.42616,105.246616,99.756652,104.577108,2.142425,665
2021-03-02,323268,25323326,106.585631,107.121237,102.702486,103.639797,-0.937311,241
2021-03-03,389716,29799772,103.639797,105.916124,99.622751,105.112714,1.472917,316
2021-03-04,103711,8075532,104.978812,105.380517,103.104191,103.9076,-1.205114,99
2021-03-05,92560,7140715,103.505895,104.844911,101.765175,104.175403,0.267803,89
2021-03-08,101850,7901993,104.443207,104.443207,103.104191,103.639797,-0.535606,88
2021-03-09,172311,13412268,104.041502,105.514419,102.300782,104.978812,1.339015,134
2021-03-10,362850,29313795,105.782221,110.602677,105.246616,109.397563,4.418751,317
2021-03-11,201751,16450217,109.799268,110.067071,108.460253,109.12976,-0.267803,191
2021-03-12,228222,18794898,109.12976,111.138284,109.12976,111.004382,1.874622,201
2021-03-15,450356,37885685,111.004382,113.548511,111.004382,113.41461,2.410228,354
2021-03-16,332030,28344080,113.816314,115.423133,113.280709,113.816314,0.401704,277
2021-03-17,185491,15721889,113.950216,114.351921,113.012905,113.682413,-0.133901,171
2021-03-18,184166,15546491,113.950216,114.485822,111.272185,113.146807,-0.535606,155
2021-03-19,126740,10598434,113.146807,113.146807,111.406087,112.075594,-1.071213,100
2021-03-22,604837,48760157,110.468776,110.87048,106.183926,107.255138,-4.820456,389
2021-03-23,291276,23202319,106.451729,108.19245,104.978812,107.790745,0.535607,187
2021-03-24,66150,5300819,107.790745,108.058548,106.451729,107.924646,0.133901,59
2021-03-25,136622,11021632,107.121237,108.995859,107.121237,107.924646,0.0,100
2021-03-26,210466,16935145,106.719533,108.460253,106.719533,108.19245,0.267804,146
2021-03-29,176439,14107018,108.058548,108.058548,106.451729,107.255138,-0.937312,121
2021-03-30,275947,21857144,107.121237,107.389041,105.380517,107.121237,-0.133901,168
2021-03-31,197778,15686672,107.121237,107.121237,105.64832,106.853434,-0.267803,127
2021-04-01,107569,8554120,106.853434,107.121237,106.050025,107.121237,0.267803,77
2021-04-06,211229,16916170,107.121237,107.790745,106.853434,107.790745,0.669508,125
2021-04-07,138662,11132843,107.790745,108.326351,106.719533,108.326351,0.535606,103
2021-04-08,165029,13219857,108.191617,108.461086,107.517945,107.922148,-0.404203,119
2021-04-09,169529,13458451,107.922148,107.922148,106.440071,107.787414,-0.134734,128
2021-04-12,162221,12823117,107.65268,107.65268,105.901134,106.979009,-0.808405,112
2021-04-13,279503,21908314,105.901134,106.440071,104.82326,105.092729,-1.88628,168
2021-04-14,254204,19595689,105.092729,105.227463,101.454904,104.82326,-0.269469,142
2021-04-15,179355,14050808,104.688526,106.305337,104.553791,106.305337,1.482077,101
2021-04-16,72864,5723612,106.440071,106.440071,105.496932,105.901134,-0.404203,59
2021-04-19,171526,13332583,105.092729,105.901134,103.745386,104.82326,-1.077874,110
2021-04-20,164278,12655413,104.419058,104.82326,103.071714,104.419058,-0.404202,114
2021-04-21,168312,12834210,104.014855,104.419058,101.99384,103.206449,-1.212609,141
2021-04-22,203266,15326416,103.745386,103.745386,100.107561,102.128575,-1.077874,162
2021-04-23,164660,12351555,101.99384,102.263309,100.242295,101.050701,-1.077874,132
2021-04-26,76447,5663249,101.050701,101.050701,99.164421,99.164421,-1.88628,62
2021-04-27,207594,15285136,99.164421,102.398043,95.930799,100.781232,1.616811,153
2021-04-28,351662,26195648,100.511763,100.646498,99.433889,99.433889,-1.347343,62
2021-04-29,197366,14307834,98.356015,98.625484,96.739204,98.356015,-1.077874,131
2021-05-03,137369,9786396,97.412876,98.356015,94.313988,96.60447,-1.751545,99
2021-05-04,146646,10248995,96.469735,96.469735,90.27196,94.448722,-2.155748,124
2021-05-05,362353,25534136,94.313988,96.739204,94.313988,94.448722,0.0,58
2021-05-06,85086,5964637,94.313988,94.987658,93.505581,94.987658,0.538936,48
2021-05-07,59000,4179600,94.987658,96.335001,94.852924,95.391861,0.404203,39
2021-05-10,77120,5395620,95.391861,95.391861,93.370847,94.71819,-0.673671,64
2021-05-11,135200,9200900,94.71819,94.71819,89.733022,91.349834,-3.368356,93
2021-05-12,218250,14024925,91.349834,91.349834,82.861575,85.55626,-5.793574,143
2021-05-13,53113,3274817,84.882588,85.55626,79.493218,85.286791,-0.269469,41
2021-05-14,65100,4105000,85.286791,85.690994,83.535245,85.286791,0.0,60
2021-05-17,133206,8158133,80.84056,84.747855,80.84056,83.400512,-1.886279,96
2021-05-18,55178,3482892,82.861575,86.499399,82.861575,85.690994,2.290482,52
2021-05-19,41218,2610364,86.229931,86.768868,84.478386,85.690994,0.0,32
2021-05-20,106100,6716861,85.825729,87.577274,84.208917,85.690994,0.0,64
2021-05-21,94551,6271423,86.229931,92.697176,86.229931,92.697176,7.006182,66
2021-05-24,26300,1804400,90.94563,93.640316,90.94563,92.966645,0.269469,28
2021-05-25,292551,20231912,92.966645,97.682344,92.292973,92.292973,-0.673672,56
2021-05-26,16213,1116154,92.292973,94.313988,92.292973,92.427707,0.134734,20
2021-05-27,31000,2121700,92.427707,92.697176,91.619302,92.292973,-0.134734,23
2021-05-28,35051,2395192,91.88877,92.697176,91.619302,92.697176,0.404203,29
2021-05-31,78076,5408111,92.023504,94.71819,91.88877,94.448722,1.751546,56
2021-06-01,239089,17124486,94.852924,100.915966,94.583456,99.703358,5.254636,108
2021-06-02,31288,2319709,100.915966,101.050701,98.625484,100.646498,0.94314,33
2021-06-03,19371,1439193,98.894952,100.781232,98.894952,100.646498,0.0,18
2021-06-04,34037,2516660,99.703358,100.377029,98.894952,100.377029,-0.269469,28
2021-06-07,25000,1841000,99.703358,101.050701,97.817078,100.107561,-0.269468,24
2021-06-08,14152,1042930,99.703358,101.050701,99.029686,99.164421,-0.94314,19
2021-06-09,24110,1765530,99.029686,100.107561,97.682344,99.433889,0.269468,27
2021-06-10,81000,5867200,98.760219,99.164421,97.008673,98.086547,-1.347342,54
2021-06-11,35100,2552459,99.433889,99.703358,97.008673,98.356015,0.269468,36
2021-06-15,74103,5337107,98.356015,99.029686,94.313988,98.086547,-0.269468,67
2021-06-16,32250,2329038,97.682344,98.894952,96.60447,97.547609,-0.538938,38
2021-06-17,44100,3159199,97.008673,97.008673,95.66133,97.008673,-0.538936,34
2021-06-18,92510,6528814,97.008673,97.008673,94.179253,95.122393,-1.88628,89
2021-06-21,13002,926142,94.987658,96.739204,94.987658,96.335001,1.212608,15
2021-06-22,62902,4432891,96.335001,96.335001,94.313988,95.930799,-0.404202,51
2021-06-23,60143,4246478,95.930799,95.930799,94.448722,95.930799,0.0,46
2021-06-24,26266,1860139,95.796065,95.796065,95.122393,95.122393,-0.808406,21
2021-06-25,54003,3857524,95.391861,97.682344,95.391861,96.335001,1.212608,36
2021-06-28,247231,17624609,96.200267,97.547609,94.987658,96.065532,-0.269469,33
2021-06-29,79002,5577841,95.526596,96.065532,94.583456,95.66133,-0.404202,42
2021-06-30,42146,2975388,95.257127,95.66133,94.583456,95.391861,-0.269469,36
2021-07-01,51303,3597827,94.71819,94.852924,94.179253,94.179253,-1.212608,49
2021-07-02,77604,5437264,94.313988,95.391861,93.640316,94.448722,0.269469,58
2021-07-05,53369,3728218,94.987658,94.987658,93.505581,94.044519,-0.404203,50
2021-07-06,54101,3779469,93.909784,96.335001,93.640316,94.044519,0.0,40
2021-07-07,48172,3375040,94.313988,95.66133,93.370847,94.313988,0.269469,60
2021-07-08,56504,3955180,94.448722,95.257127,93.370847,94.987658,0.67367,37
2021-07-09,74604,5227581,94.987658,95.526596,93.640316,94.852924,-0.134734,74
2021-07-12,57000,3975300,94.852924,94.852924,93.640316,94.448722,-0.404202,36
2021-07-13,63301,4389749,94.448722,94.583456,92.292973,94.313988,-0.134734,62
2021-07-14,40174,2781880,94.044519,94.179253,92.697176,93.370847,-0.943141,33
2021-07-15,84177,5838818,93.101379,94.044519,92.966645,93.370847,0.0,35
2021-07-16,133504,9202607,92.966645,94.313988,92.292973,94.179253,0.808406,83
2021-07-19,40073,2791442,94.179253,94.987658,92.966645,94.179253,0.0,45
2021-07-20,42020,2913010,94.044519,94.044519,92.697176,94.044519,-0.134734,40
2021-07-21,61065,4247082,94.044519,94.583456,92.831911,93.77505,-0.269469,61
2021-07-22,84001,5779968,93.640316,93.909784,91.619302,93.101379,-0.673671,73
2021-07-23,56260,3844264,92.966645,93.236113,90.94563,92.831911,-0.269468,51
2021-07-26,99032,6789603,92.697176,92.966645,91.754037,92.831911,0.0,64
2021-07-27,76203,5206166,92.292973,92.697176,91.619302,92.697176,-0.134735,44
2021-07-28,50150,3403075,92.831911,92.831911,90.94563,91.88877,-0.808406,32
2021-07-29,80106,5401497,91.080365,91.619302,90.27196,91.080365,-0.808405,75
2021-07-30,33838,2255795,91.080365,91.080365,88.924617,90.137225,-0.94314,57
2021-08-02,200106,12923492,90.002491,90.002491,85.152057,87.307806,-2.829419,173
2021-08-03,58618,3720860,85.017322,86.634134,84.208917,85.960463,-1.347343,66
2021-08-04,44556,2796357,85.960463,86.095197,84.208917,84.747855,-1.212608,47
2021-08-05,89828,5521881,83.66998,84.478386,81.514232,82.457372,-2.290483,89
2021-08-06,100233,6054046,81.110029,82.457372,80.705826,81.783701,-0.673671,73
2021-08-09,253687,14382453,82.187903,82.187903,73.699644,73.699644,-8.084057,215
2021-08-10,1000917,50201941,71.409162,73.699644,66.356627,66.356627,-7.343017,508
2021-08-11,871568,42960233,65.211385,70.061819,62.651434,65.615588,-0.741039,390
2021-08-12,220640,10598335,68.040805,68.040805,62.651434,64.672449,-0.943139,186
2021-08-13,125597,5927130,64.605081,64.605081,62.853536,63.729309,-0.94314,117
2021-08-16,365544,15888707,63.055637,63.055637,57.396798,57.396798,-6.332511,307
2021-08-17,1677689,68732173,56.386291,59.283078,53.422137,57.329431,-0.067367,494
2021-08-18,608952,26060952,56.588393,60.15885,54.567378,59.68728,2.357849,258
2021-08-19,463510,19832409,61.371459,61.371459,54.971581,56.521026,-3.166254,233
2021-08-20,191000,7907176,56.588393,56.588393,54.702113,56.588393,0.067367,135
2021-08-23,205066,9012241,56.723127,60.765155,56.723127,59.956749,3.368356,162
2021-08-24,234119,10614426,59.956749,62.651434,59.956749,60.024116,0.067367,176
2021-08-25,269860,12153158,61.977763,63.325106,58.744141,60.360952,0.336836,231
2021-08-26,69500,3119722,61.640927,61.640927,59.956749,60.428319,0.067367,54
2021-08-27,50306,2266217,60.428319,61.304091,60.226218,60.630421,0.202102,49
2021-08-30,99619,4512595,62.112498,62.112498,60.15885,60.293585,-0.336836,81
2021-08-31,38130,1712458,59.956749,61.236724,59.889382,60.899889,0.606304,39
2021-09-01,145016,6625180,60.899889,63.325106,60.630421,61.910396,1.010507,123
2021-09-02,158240,7074053,62.5167,62.5167,58.878875,59.619913,-2.290483,141
2021-09-03,605320,26421470,59.283078,59.552547,56.453658,59.215711,-0.404202,186
2021-09-06,204410,8549560,59.215711,59.215711,55.24105,55.712619,-3.503092,160
2021-09-07,307984,12102815,55.577885,55.712619,52.276896,53.287403,-2.425216,260
2021-09-08,108461,4334590,53.624239,54.567378,53.220036,53.961074,0.673671,89
2021-09-09,96356,3854190,53.961074,54.500011,53.152668,54.500011,0.538937,88
2021-09-10,81004,3297316,54.567378,55.645252,54.365277,55.645252,1.145241,73
2021-09-13,53000,2179450,55.24105,55.645252,54.836847,55.577885,-0.067367,40
2021-09-14,54114,2223977,55.577885,55.645252,54.836847,55.375784,-0.202101,47
2021-09-15,96113,3892844,54.028441,55.106316,53.556872,55.106316,-0.269468,73
2021-09-16,36000,1467950,55.106316,55.577885,54.29791,54.904214,-0.202102,36
2021-09-17,23634,962249,54.904214,54.971581,54.702113,54.971581,0.067367,28
2021-09-22,63187,2526767,53.152668,54.971581,52.074795,54.230542,-0.741039,54
2021-09-23,18100,728435,54.028441,54.432644,53.893707,54.29791,0.067368,19
2021-09-24,27010,1093560,54.29791,54.836847,54.29791,54.365277,0.067367,16
2021-09-27,45000,1818100,54.028441,55.24105,54.028441,54.500011,0.134734,23
2021-09-28,72300,2934847,54.500011,55.375784,53.893707,54.500011,0.0,50
2021-09-29,32830,1316000,53.961074,54.500011,53.691606,54.163175,-0.336836,36
2021-09-30,52214,2097526,53.961074,54.365277,53.893707,54.230542,0.067367,46
2021-10-01,665351,26708359,54.163175,54.230542,53.624239,53.893707,-0.336835,51
2021-10-04,35001,1396990,53.893707,54.028441,53.624239,53.758973,-0.134734,36
2021-10-05,31000,1233000,53.758973,53.758973,53.085301,53.758973,0.0,21
2021-10-06,29150,1160750,53.758973,53.961074,53.287403,53.691606,-0.067367,29
2021-10-07,25051,998539,53.691606,53.893707,53.422137,53.422137,-0.269469,27
2021-10-08,31788,1261240,53.422137,53.758973,53.220036,53.489504,0.067367,36
2021-10-12,88001,3374488,53.624239,53.624239,51.064288,51.199021,-2.290483,74
2021-10-13,152626,5467773,50.929553,50.929553,46.618057,47.291728,-3.907293,166
2021-10-14,74413,2616561,47.156993,48.234868,46.55069,47.830665,0.538937,72
2021-10-15,36000,1290250,48.706437,49.851679,47.695931,47.830665,0.0,34
2021-10-18,35551,1229935,48.234868,48.234868,46.079119,46.752791,-1.077874,36
2021-10-19,20061,694765,45.809651,47.426462,45.809651,46.483322,-0.269469,20
2021-10-20,57400,1957008,46.483322,46.887526,45.540183,46.011752,-0.47157,53
2021-10-21,78100,2722315,47.089626,47.695931,46.213854,46.887526,0.875774,66
2021-10-22,72009,2506419,47.156993,47.291728,46.348588,47.156993,0.269467,56
2021-10-25,38400,1351660,47.695931,47.695931,47.089626,47.695931,0.538938,29
2021-10-26,42193,1470389,47.156993,47.830665,46.415955,46.483322,-1.212609,49
2021-10-27,28040,963632,46.348588,46.618057,45.944385,46.483322,0.0,30
2021-10-28,39006,1341758,46.415955,46.752791,45.944385,46.55069,0.067368,35
2021-10-29,17003,587645,46.752791,46.752791,46.348588,46.618057,0.067367,26
2021-11-01,60341,2064616,46.618057,46.618057,45.674916,46.348588,-0.269469,62
2021-11-02,226818,7569775,46.146487,46.348588,44.462308,44.731777,-1.616811,175
2021-11-03,79307,2581831,44.731777,44.731777,43.114965,44.260206,-0.471571,67
2021-11-04,22551,739030,44.394941,44.394941,43.923372,44.125473,-0.134733,27
2021-11-05,314688,11166005,44.125473,48.504336,44.125473,48.504336,4.378863,224
2021-11-08,272850,10118269,50.52535,50.660085,48.841172,50.121147,1.616811,247
2021-11-09,134547,4855488,50.255882,50.255882,47.763298,48.571703,-1.549444,139
2021-11-10,62571,2230624,48.504336,48.908539,47.695931,48.571703,0.0,57
2021-11-11,179513,6247755,47.156993,47.695931,45.338081,47.156993,-1.41471,144
2021-11-12,34352,1197269,47.830665,47.830665,46.483322,47.291728,0.134735,37
2021-11-15,41446,1429898,47.291728,47.291728,46.011752,46.752791,-0.538937,49
2021-11-16,16423,568096,46.146487,47.089626,46.146487,46.618057,-0.134734,25
2021-11-17,19724,678414,46.146487,46.820158,45.944385,46.55069,-0.067367,26
2021-11-18,95565,3229069,46.079119,46.079119,45.13598,45.674916,-0.875774,98
2021-11-19,28125,950128,45.674916,45.877018,45.13598,45.809651,0.134735,27
2021-11-22,57503,1963978,46.079119,46.618057,45.674916,45.674916,-0.134735,52
2021-11-23,35115,1188178,45.809651,45.809651,45.270714,45.405449,-0.269467,27
2021-11-24,35375,1194169,45.405449,45.877018,44.731777,45.809651,0.404202,34
2021-11-25,8106,274667,45.809651,45.944385,45.472816,45.472816,-0.336835,11
2021-11-26,31013,1042086,45.13598,45.742283,44.933878,45.540183,0.067367,28
2021-11-29,11335,376759,45.001245,45.001245,44.462308,44.866511,-0.673672,15
2021-11-30,15000,498500,45.13598,45.13598,44.597042,44.933878,0.067367,15
2021-12-01,16401,548152,44.933878,45.405449,44.933878,45.405449,0.471571,17
2021-12-02,16007,535534,45.338081,45.338081,44.866511,45.13598,-0.269469,14
2021-12-03,20105,666956,44.933878,44.933878,44.597042,44.731777,-0.404203,20
2021-12-06,68171,2207579,43.519168,44.799144,43.2497,44.462308,-0.269469,52
2021-12-07,6616,217473,44.462308,44.462308,43.923372,44.394941,-0.067367,14
2021-12-08,9025,296275,44.192839,44.799144,43.923372,43.990739,-0.404202,10
2021-12-09,107227,3447534,43.856004,43.923372,43.114965,43.586536,-0.404203,77
2021-12-10,35471,1142859,43.72127,43.788637,43.114965,43.653903,0.067367,33
2021-12-13,40350,1294309,43.182333,43.586536,42.980231,43.317067,-0.336836,35
2021-12-14,43156,1366816,42.845497,43.114965,42.30656,42.508662,-0.808405,47
2021-12-15,52393,1660891,42.508662,43.384434,42.441295,42.710763,0.202101,41
2021-12-16,23592,763149,42.845497,45.13598,42.845497,43.182333,0.47157,35
2021-12-17,15067,479699,42.912864,43.047598,42.845497,43.047598,-0.134735,16
2021-12-20,61263,1913287,42.710763,42.710763,41.767623,42.239193,-0.808405,54
2021-12-21,44179,1367120,41.902357,41.902357,41.430787,41.767623,-0.47157,40
2021-12-22,60814,1872300,41.632888,42.373927,41.093952,42.239193,0.47157,55
2021-12-23,38228,1186932,42.30656,42.30656,41.767623,41.902357,-0.336836,33
2021-12-24,31162,961022,41.902357,41.902357,41.430787,41.498154,-0.404203,28
2021-12-27,60561,1852414,41.498154,41.498154,40.959218,41.36342,-0.134734,45
2021-12-28,58029,1760745,41.093952,41.093952,40.689749,41.093952,-0.269468,46
2021-12-29,45208,1371424,40.959218,41.026585,40.689749,40.689749,-0.404203,48
2021-12-30,86871,2619165,40.487647,40.824483,40.285546,40.824483,0.134734,81
2022-01-03,84188,2527115,40.824483,40.824483,40.352913,40.352913,-0.47157,67
2022-01-04,68377,2043644,40.42028,40.42028,40.150811,40.42028,0.067367,68
2022-01-05,5537,165865,40.622382,40.622382,40.218179,40.487647,0.067367,12
2022-01-06,47291,1416563,40.555014,40.555014,40.083444,40.083444,-0.404203,29
2022-01-07,95480,2790108,39.813976,40.150811,38.803469,39.072937,-1.010507,77
2022-01-10,134116,3786856,38.668734,38.938203,37.254025,37.995064,-1.077873,106
2022-01-11,34235,961369,38.399267,38.399267,37.456126,38.062431,0.067367,40
2022-01-12,17394,485641,37.860329,37.860329,37.523493,37.523493,-0.538938,18
2022-01-13,64194,1768110,37.254025,37.321392,36.91719,37.051924,-0.471569,34
2022-01-14,81414,2173916,37.321392,37.321392,35.098277,35.839315,-1.212609,78
2022-01-17,237468,6077160,34.896175,36.041416,33.6162,34.761441,-1.077874,167
2022-01-18,69824,1797672,35.435113,35.435113,34.020403,34.761441,0.0,56
2022-01-19,164749,4123950,34.896175,34.896175,33.279364,33.818301,-0.94314,139
2022-01-20,95944,2391003,33.750934,33.885668,33.414098,33.885668,0.067367,59
2022-01-21,22180,554563,34.020403,34.020403,33.481465,33.885668,0.0,23
2022-01-24,31529,793622,33.750934,34.08777,33.750934,33.885668,0.0,37
2022-01-25,357234,9798607,34.08777,37.254025,34.08777,37.254025,3.368357,238
2022-01-26,859713,23374699,37.388759,38.803469,33.6162,34.289872,-2.964153,596
2022-02-07,471701,12244139,33.818301,36.378252,33.818301,35.839315,1.549443,100
2022-02-08,65299,1772251,35.771948,37.051924,35.771948,37.051924,1.212609,52
2022-02-09,82196,2296886,37.119291,38.129798,36.91719,38.129798,1.077874,80
2022-02-10,127811,3564401,38.668734,38.668734,36.849822,37.995064,-0.134734,106
2022-02-11,46001,1274677,37.995064,38.668734,36.91719,36.984557,-1.010507,38
2022-02-14,70816,1900561,36.647721,36.984557,35.300378,36.041416,-0.943141,62
2022-02-15,36364,982836,35.704581,36.984557,35.704581,36.647721,0.606305,40
2022-02-16,9000,246700,36.91719,37.051924,36.91719,36.91719,0.269469,8
2022-02-17,101245,2860678,37.254025,39.00557,37.186657,38.129798,1.212608,90
2022-02-18,366367,11008701,39.072937,41.565521,39.072937,40.555014,2.425216,307
2022-02-21,535907,17271027,41.093952,44.597042,40.959218,43.653903,3.098889,421
2022-02-22,224027,7043065,42.980231,43.2497,41.430787,43.182333,-0.47157,192
2022-02-23,223640,7446054,43.519168,46.483322,43.519168,44.799144,1.616811,321
2022-02-24,317790,10344331,44.866511,45.338081,42.441295,42.576029,-2.223115,288
2022-02-25,167853,5386583,42.643396,44.462308,42.576029,42.576029,0.0,162
2022-03-01,78174,2461466,42.576029,42.980231,41.902357,42.710763,0.134734,87
2022-03-02,121691,3750689,43.047598,43.047598,40.824483,41.632888,-1.077875,150
2022-03-03,91450,2807286,41.83499,42.104459,40.959218,41.228686,-0.404202,80
2022-03-04,80160,2420803,40.89185,41.093952,40.42028,40.555014,-0.673672,60
2022-03-07,1082726,32464920,40.555014,41.498154,38.399267,40.352913,-0.202101,132
2022-03-08,49219,1458169,39.140305,40.555014,39.140305,39.679242,-0.673671,49
2022-03-09,76209,2235130,40.352913,40.42028,38.938203,39.409773,-0.269469,80
2022-03-10,80200,2363601,39.679242,40.42028,39.409773,39.477141,0.067368,56
2022-03-11,45542,1315188,39.746609,39.746609,38.466634,39.342406,-0.134735,45
2022-03-14,28028,819871,39.409773,39.679242,39.140305,39.409773,0.067367,25
2022-03-15,53110,1536751,39.140305,39.409773,38.534001,38.601367,-0.808406,49
2022-03-16,73102,2058967,38.534001,38.601367,37.119291,37.725595,-0.875772,50
2022-03-17,36200,1036128,38.399267,39.477141,38.129798,38.331899,0.606304,37
2022-03-18,24511,706445,38.264532,39.477141,38.264532,39.207672,0.875773,27
2022-03-21,36070,1036930,39.207672,39.207672,38.399267,38.803469,-0.404203,42
2022-03-22,21000,608000,39.00557,39.072937,38.803469,39.072937,0.269468,18
2022-03-23,406680,11898557,39.072937,40.555014,38.803469,39.072937,0.0,179
2022-03-24,143185,4149097,39.072937,39.207672,38.668734,38.938203,-0.134734,52
2022-03-25,123050,3563650,38.938203,39.275039,38.466634,39.207672,0.269469,82
2022-03-28,43173,1244909,38.803469,39.813976,38.399267,39.140305,-0.067367,36
2022-03-29,33012,950148,38.938203,39.00557,38.601367,39.00557,-0.134735,31
2022-03-30,62001,1797379,39.207672,39.207672,38.803469,39.072937,0.067367,41
2022-03-31,45001,1301278,39.140305,39.477141,38.466634,39.477141,0.404204,32
2022-04-01,24170,702780,38.870836,39.409773,38.803469,39.409773,-0.067368,41
2022-04-06,20000,579308,38.938203,39.207672,38.938203,39.140305,-0.269468,18
2022-04-07,38016,1083514,38.938203,39.072937,37.927696,37.927696,-1.212609,39
2022-04-08,16017,454383,38.399267,38.938203,38.062431,38.331899,0.404203,14
2022-04-11,23000,645800,38.129798,38.129798,37.456126,37.792962,-0.538937,22
2022-04-12,35127,992253,39.00557,39.072937,37.456126,37.59086,-0.202102,30
2022-04-13,79000,2219950,37.59086,39.00557,37.456126,39.00557,1.41471,42
2022-04-14,20502,583106,38.938203,38.938203,38.197165,38.601367,-0.404203,14
2022-04-15,40180,1134905,38.938203,38.938203,37.59086,38.264532,-0.336835,38
2022-04-18,33001,918678,37.860329,37.860329,37.119291,37.321392,-0.94314,31
2022-04-19,37210,1020342,38.534001,38.534001,36.580354,36.580354,-0.741038,34
2022-04-20,18759,508616,36.782455,36.782455,36.378252,36.378252,-0.202102,23
2022-04-21,93346,2489788,37.119291,37.254025,35.569847,35.839315,-0.538937,63
2022-04-22,19666,519786,35.839315,35.839315,35.435113,35.637214,-0.202101,24
2022-04-25,108272,2778677,35.637214,35.839315,34.08777,34.761441,-0.875773,81
2022-04-26,68201,1734875,35.03091,35.03091,34.08777,34.761441,0.0,52
2022-04-27,48100,1212150,33.885668,34.694074,33.481465,34.694074,-0.067367,43
2022-04-28,13050,335535,34.289872,35.03091,34.289872,34.963542,0.269468,11
2022-04-29,15069,394803,35.569847,35.569847,35.03091,35.165644,0.202102,16
2022-05-03,890054,23329959,35.165644,37.388759,35.165644,36.91719,1.751546,80
2022-05-04,113171,3072582,36.91719,37.523493,35.974049,35.974049,-0.943141,81
2022-05-05,59150,1571500,36.445619,36.445619,35.03091,35.906682,-0.067367,56
2022-05-06,17000,444100,35.165644,35.839315,34.357238,35.839315,-0.067367,14
2022-05-09,7005,182378,35.165644,35.435113,34.896175,34.896175,-0.94314,9
2022-05-10,13053,337791,35.974049,35.974049,34.357238,35.03091,0.134735,14
2022-05-11,26000,671400,35.03091,35.098277,34.222504,35.098277,0.067367,21
2022-05-12,29001,747475,35.435113,35.50248,34.222504,34.694074,-0.404203,28
2022-05-13,24011,609229,34.626706,34.626706,33.818301,33.953036,-0.741038,24
2022-05-16,185757,4465779,34.155137,34.963542,31.527819,32.336224,-1.616812,163
2022-05-17,83480,1966649,32.268857,32.605693,31.25835,31.662552,-0.673672,82
2022-05-18,64150,1517082,31.864654,32.470959,31.527819,32.134123,0.471571,30
2022-05-19,27258,637833,31.460452,32.134123,30.988882,32.134123,0.0,33
2022-05-20,15001,359224,31.932021,32.538326,31.797287,32.336224,0.202101,16
2022-05-23,26281,641306,33.009895,33.009895,32.605693,32.605693,0.269469,24
2022-05-24,32005,762873,32.740427,32.740427,31.662552,31.662552,-0.943141,25
2022-05-25,7155,170363,32.20149,32.20149,31.932021,32.134123,0.471571,11
2022-05-26,83115,1996252,32.403591,33.077262,32.20149,32.20149,0.067367,28
2022-05-27,18179,439607,32.807795,32.807795,32.336224,32.538326,0.336836,18
2022-05-30,22112,545786,33.481465,33.481465,33.009895,33.414098,0.875772,23
2022-05-31,36009,876323,33.144629,33.144629,32.470959,33.009895,-0.404203,39
2022-06-01,95800,2388339,33.009895,34.424605,32.605693,33.683567,0.673672,83
2022-06-02,233349,6178379,34.694074,37.051924,34.357238,37.051924,3.368357,169
2022-06-06,593546,17268937,38.399267,40.352913,38.264532,38.736102,1.684178,433
2022-06-07,919069,27911765,38.938203,42.576029,38.938203,39.072937,0.336835,496
2022-06-08,486426,14297426,39.746609,41.161319,37.995064,39.140305,0.067368,324
2022-06-09,142435,4137762,39.94871,39.94871,38.803469,38.870836,-0.269469,107
2022-06-10,100384,2910538,38.331899,39.544508,38.331899,38.534001,-0.336835,81
2022-06-13,129061,3616517,37.995064,38.062431,36.984557,37.860329,-0.673672,81
2022-06-14,75219,2110536,38.129798,38.264532,37.254025,37.59086,-0.269469,53
2022-06-15,92219,2582091,37.59086,38.399267,37.119291,37.119291,-0.471569,59
2022-06-16,108152,2932686,37.456126,38.399267,35.974049,35.974049,-1.145242,87
2022-06-17,94029,2464324,35.974049,35.974049,34.761441,35.771948,-0.202101,74
2022-06-20,78551,2006642,35.974049,35.974049,33.683567,33.683567,-2.088381,75
2022-06-21,46009,1179939,35.435113,35.637214,34.08777,34.694074,1.010507,33
2022-06-22,39101,997265,33.953036,35.03091,33.818301,34.559339,-0.134735,36
2022-06-23,35050,885850,34.626706,34.626706,33.683567,34.155137,-0.404202,33
2022-06-24,46000,1176450,34.357238,35.03091,34.020403,34.491972,0.336835,31
2022-06-27,42151,1108403,35.098277,35.974049,35.098277,35.435113,0.943141,31
2022-06-28,31011,813439,35.50248,35.50248,35.03091,35.435113,0.0,26
2022-06-29,120020,3273644,35.771948,37.995064,35.771948,36.647721,1.212608,94
2022-06-30,55002,1465554,36.378252,36.378252,35.435113,36.243518,-0.404203,46
2022-07-01,50067,1297242,35.906682,35.974049,34.491972,34.828808,-1.41471,47
2022-07-04,39150,1003747,34.559339,34.896175,34.357238,34.357238,-0.47157,27
2022-07-05,61000,1544950,34.491972,35.300378,33.683567,33.683567,-0.673671,45
2022-07-06,67053,1669809,34.491972,34.761441,33.009895,33.009895,-0.673672,48
2022-07-07,37003,923176,33.548833,33.953036,33.346731,33.346731,0.336836,27
2022-07-08,22023,553235,33.953036,34.357238,33.548833,33.548833,0.202102,25
2022-07-11,37000,928100,34.155137,34.357238,33.279364,33.279364,-0.269469,24
2022-07-12,33232,789200,33.414098,33.414098,31.325718,32.470959,-0.808405,37
2022-07-13,71501,1729475,32.605693,33.750934,32.134123,32.134123,-0.336836,43
2022-07-14,55134,1302898,31.864654,32.268857,31.662552,31.662552,-0.471571,39
2022-07-15,49674,1164843,31.190983,32.268857,31.190983,32.066756,0.404204,40
2022-07-18,125001,3019324,33.009895,33.144629,32.066756,32.336224,0.269468,76
2022-07-19,67620,1651214,32.740427,33.144629,32.605693,33.009895,0.673671,51
2022-07-20,74129,1821890,33.144629,33.683567,32.336224,32.336224,-0.673671,57
2022-07-21,91372,2198881,33.144629,33.144629,32.20149,32.336224,0.0,52
2022-07-22,41146,983089,32.336224,32.403591,31.999388,31.999388,-0.336836,28
2022-07-25,81215,1973223,32.740427,33.009895,32.336224,32.336224,0.336836,49
2022-07-26,44412,1084345,32.403591,33.6162,32.403591,32.875162,0.538938,35
2022-07-27,398813,10637787,33.481465,36.108783,33.481465,36.108783,3.233621,179
2022-07-28,353270,9407877,36.647721,37.254025,35.098277,35.098277,-1.010506,250
2022-07-29,52050,1363402,35.165644,36.041416,35.165644,35.165644,0.067367,38
2022-08-01,54760,1440515,35.165644,35.974049,35.165644,35.233011,0.067367,39
2022-08-02,66200,1712590,35.704581,35.906682,34.424605,34.559339,-0.673672,53
2022-08-03,52310,1309217,33.548833,33.953036,33.481465,33.683567,-0.875772,55
2022-08-04,63596,1545963,33.683567,33.683567,31.932021,32.942528,-0.741039,63
2022-08-05,33151,823858,32.942528,35.03091,32.942528,35.03091,2.088382,32
2022-08-08,26764,681167,34.424605,34.559339,33.953036,34.08777,-0.94314,38
2022-08-09,20002,510250,34.424605,34.694074,34.08777,34.357238,0.269468,16
2022-08-10,751450,19308724,34.289872,36.512987,34.289872,36.041416,1.684178,118
2022-08-11,62300,1664070,35.839315,36.378252,35.569847,36.041416,0.0,48
2022-08-12,128036,3417148,37.051924,37.051924,35.300378,35.704581,-0.336835,39
2022-08-15,32400,848540,35.704581,35.704581,35.165644,35.165644,-0.538937,22
2022-08-16,19100,500470,35.50248,35.50248,35.098277,35.165644,0.0,19
2022-08-17,38101,983880,35.300378,35.300378,34.155137,34.761441,-0.404203,26
2022-08-18,18000,456850,34.222504,34.626706,34.020403,34.289872,-0.471569,18
2022-08-19,20060,507936,34.155137,34.222504,34.020403,34.222504,-0.067368,24
2022-08-22,24020,608807,34.020403,34.626706,34.020403,34.357238,0.134734,21
2022-08-23,22000,554700,34.357238,34.357238,33.683567,34.357238,0.0,16
2022-08-24,42000,1052900,34.222504,34.289872,33.009895,34.289872,-0.067366,30
2022-08-25,16000,402800,33.885668,33.953036,33.818301,33.953036,-0.336836,15
2022-08-26,63000,1609850,34.020403,35.300378,33.885668,35.165644,1.212608,48
2022-08-29,27105,684315,34.963542,34.963542,33.683567,33.953036,-1.212608,30
2022-08-30,29001,743025,33.953036,34.896175,33.953036,34.626706,0.67367,26
2022-08-31,38040,957869,34.896175,34.896175,33.683567,33.953036,-0.67367,34
2022-09-01,39153,980275,34.020403,34.020403,33.144629,33.683567,-0.269469,40
2022-09-02,46005,1134678,33.279364,33.548833,33.009895,33.548833,-0.134734,36
2022-09-05,62421,1511343,32.875162,33.683567,32.336224,32.403591,-1.145242,54
2022-09-06,51688,1235414,32.066756,32.942528,31.527819,32.470959,0.067368,39
2022-09-07,6027,145599,32.538326,32.605693,32.538326,32.538326,0.067367,7
2022-09-08,20000,479400,32.336224,32.538326,32.134123,32.538326,0.0,20
2022-09-12,28580,685195,32.336224,32.538326,32.20149,32.470959,-0.067367,30
2022-09-13,33185,794369,32.470959,32.470959,32.134123,32.336224,-0.134735,32
2022-09-14,19000,453950,32.336224,32.336224,32.134123,32.20149,-0.134734,15
2022-09-15,47685,1141090,32.134123,32.470959,32.066756,32.336224,0.134734,36
2022-09-16,61050,1446387,32.066756,32.066756,31.662552,31.932021,-0.404203,40
2022-09-19,24000,566900,31.932021,32.066756,31.662552,31.662552,-0.269469,17
2022-09-20,47299,1130978,32.20149,32.67306,32.066756,32.268857,0.606305,40
2022-09-21,44000,1046000,32.336224,32.336224,31.662552,32.336224,0.067367,33
2022-09-22,31000,737450,32.20149,32.268857,31.932021,32.268857,-0.067367,18
2022-09-23,57001,1362673,32.268857,32.470959,32.066756,32.268857,0.0,41
2022-09-26,59255,1389792,31.662552,32.066756,31.25835,32.066756,-0.202101,46
2022-09-27,38000,890550,31.999388,31.999388,31.393085,31.864654,-0.202102,24
2022-09-28,63200,1456357,31.393085,31.393085,30.584679,30.854147,-1.010507,41
2022-09-29,82250,1858724,30.517311,30.988882,29.978375,30.449944,-0.404203,56
2022-09-30,74269,1650936,30.449944,30.449944,29.506805,30.045742,-0.404202,58
2022-10-03,54333,1210759,30.045742,30.719413,29.776273,30.045742,0.0,34
2022-10-04,57124,1271118,29.978375,30.180476,29.843641,29.843641,-0.202101,39
2022-10-05,154000,3433700,30.045742,31.527819,29.506805,31.527819,1.684178,65
2022-10-06,19001,436722,31.190983,31.595185,30.584679,30.719413,-0.808406,18
2022-10-07,23000,529000,30.719413,31.25835,30.719413,31.25835,0.538937,18
2022-10-11,40000,920600,31.393085,31.393085,30.517311,31.325718,0.067368,29
2022-10-12,9567,218876,30.854147,30.921514,30.719413,30.921514,-0.404204,11
2022-10-13,13101,294172,30.652046,30.652046,29.911008,30.584679,-0.336835,15
2022-10-14,3000,68500,30.719413,30.854147,30.719413,30.719413,0.134734,3
2022-10-17,37250,829117,29.574172,30.517311,29.574172,30.517311,-0.202102,35
2022-10-18,23000,515050,30.382577,30.517311,30.045742,30.045742,-0.471569,14
2022-10-19,39250,860886,30.045742,30.045742,28.833133,29.035234,-1.010508,35
2022-10-20,94469,1932218,27.755259,27.889993,26.946854,27.889993,-1.145241,91
2022-10-21,19000,384450,27.081588,28.159462,27.014221,27.148955,-0.741038,18
2022-10-24,40647,811800,26.677385,27.822626,26.677385,26.946854,-0.202101,43
2022-10-25,68385,1315772,26.677385,27.48579,25.060574,25.262675,-1.684179,64
2022-10-26,74160,1363328,26.07108,26.07108,23.915333,24.925839,-0.336836,66
2022-10-27,8310,153869,25.330042,25.330042,24.791105,24.925839,0.0,11
2022-10-28,27018,490273,24.858472,24.925839,24.184801,24.656371,-0.269468,22
2022-10-31,74825,1313801,24.386903,24.521637,23.03956,23.376395,-1.279976,76
2022-11-01,19469,341786,23.376395,23.847965,23.376395,23.847965,0.47157,35
2022-11-02,17100,305570,23.915333,24.252168,23.915333,24.252168,0.404203,19
2022-11-03,28011,510248,24.050067,24.791105,24.050067,24.791105,0.538937,27
2022-11-04,22233,417160,24.993206,25.599511,24.993206,25.464777,0.673672,26
2022-11-07,13070,255378,26.744752,26.744752,25.86898,26.542651,1.077874,15
2022-11-08,31026,597651,26.273182,26.407916,25.599511,26.003713,-0.538938,31
2022-11-09,13001,251069,25.801613,26.273182,25.801613,26.138448,0.134735,12
2022-11-10,11000,209000,25.599511,25.936347,25.464777,25.936347,-0.202101,10
2022-11-11,55000,1055400,26.003713,26.812119,25.599511,26.138448,0.202101,29
2022-11-14,15000,286550,25.86898,26.07108,25.532144,25.734245,-0.404203,14
2022-11-15,10001,190919,25.734245,25.734245,25.666878,25.734245,0.0,9
2022-11-16,12110,230801,25.734245,25.86898,25.532144,25.86898,0.134735,14
2022-11-17,4000,76500,25.86898,25.86898,25.464777,25.86898,0.0,4
2022-11-18,29090,572523,26.205815,27.081588,26.205815,26.205815,0.336835,28
2022-11-21,11037,216429,25.86898,26.677385,25.86898,26.542651,0.336836,13
2022-11-22,10111,196786,26.273182,26.273182,26.138448,26.138448,-0.404203,11
2022-11-23,14093,272740,26.744752,26.744752,25.666878,26.205815,0.067367,18
2022-11-24,1000,19300,26.003713,26.003713,26.003713,26.003713,-0.202102,1
2022-11-25,12000,229200,25.734245,26.273182,25.464777,26.003713,0.0,12
2022-11-28,11101,211869,25.599511,25.86898,25.599511,25.801613,-0.2021,13
2022-11-29,12050,232752,25.599511,26.407916,25.599511,26.407916,0.606303,15
2022-11-30,310429,6654148,26.879487,29.035234,26.610018,29.035234,2.627318,185
2022-12-01,424759,9594645,30.988882,31.393085,29.237336,31.123616,2.088382,312
2022-12-02,77091,1759985,31.123616,31.393085,30.247843,30.921514,-0.202102,71
2022-12-05,124371,2895466,30.921514,31.999388,30.921514,31.25835,0.336836,76
2022-12-06,62870,1458264,30.988882,31.662552,30.988882,30.988882,-0.269468,55
2022-12-07,76199,1745347,30.988882,31.25835,30.449944,30.719413,-0.269469,46
2022-12-08,71990,1678436,31.932021,31.932021,30.854147,31.864654,1.145241,69
2022-12-09,106016,2528119,32.20149,33.009895,31.393085,33.009895,1.145241,74
2022-12-12,60720,1469068,33.414098,33.414098,32.134123,33.009895,0.0,52
2022-12-13,102523,2427189,32.403591,32.67306,31.25835,31.595185,-1.41471,98
2022-12-14,67200,1661387,34.289872,34.289872,32.336224,32.67306,1.077875,57
2022-12-15,24552,588169,32.67306,32.807795,32.134123,32.134123,-0.538937,30
2022-12-16,30200,715979,31.999388,31.999388,31.797287,31.797287,-0.336836,12
2022-12-19,454268,11670482,32.066756,34.963542,32.066756,34.963542,3.166255,292
2022-12-20,216158,5335304,35.03091,35.098277,31.797287,31.797287,-3.166255,185
2022-12-21,18161,435484,32.470959,32.470959,31.932021,32.403591,0.606304,20
2022-12-22,70488,1657324,31.662552,32.740427,31.393085,31.460452,-0.943139,51
2022-12-23,77301,1746847,30.719413,31.527819,30.045742,30.113109,-1.347343,64
2022-12-26,81613,1756022,29.506805,29.574172,28.631032,28.9005,-1.212609,66
2022-12-27,64020,1399489,28.9005,29.843641,28.9005,29.439437,0.538937,53
2022-12-28,288719,6829205,29.439437,32.336224,29.439437,32.336224,2.896787,174
2022-12-29,1115142,27169612,32.605693,34.828808,30.382577,30.719413,-1.616811,776
2022-12-30,143901,3370803,31.393085,32.268857,30.854147,31.123616,0.404203,130
2023-01-03,64250,1453322,31.123616,31.123616,29.978375,30.719413,-0.404203,60
2023-01-04,32402,738433,31.393085,31.393085,30.31521,30.719413,0.0,34
2023-01-05,91200,2091100,30.113109,31.527819,30.113109,30.449944,-0.269469,64
2023-01-06,29000,658800,30.584679,30.988882,30.449944,30.584679,0.134735,23
2023-01-09,15089,342111,30.584679,30.584679,30.449944,30.449944,-0.134735,17
2023-01-10,23118,526154,30.449944,30.78678,30.449944,30.584679,0.134735,27
2023-01-11,142120,3344461,30.584679,32.605693,30.247843,31.190983,0.606304,113
2023-01-12,65274,1538888,30.988882,32.336224,30.988882,31.25835,0.067367,57
2023-01-13,16310,376226,31.460452,31.460452,30.719413,30.719413,-0.538937,16
2023-01-16,20315,460924,30.719413,30.988882,30.382577,30.382577,-0.336836,17
2023-01-17,19002,428192,30.449944,30.449944,30.31521,30.31521,-0.067367,17
2023-01-30,21251,478144,30.31521,30.584679,30.113109,30.113109,-0.202101,24
2023-01-31,111319,2634840,30.382577,32.875162,30.382577,32.20149,2.088381,100
2023-02-01,81350,1985183,32.403591,33.6162,32.336224,32.875162,0.673672,75
2023-02-02,53318,1285709,33.279364,33.279364,32.268857,32.336224,-0.538938,41
2023-02-03,30284,723558,32.268857,32.336224,31.999388,32.066756,-0.269468,27
2023-02-06,81815,1963763,33.009895,33.009895,31.999388,32.67306,0.606304,44
2023-02-07,12101,289289,32.67306,32.67306,31.932021,32.470959,-0.202101,12
2023-02-08,131812,3088862,32.134123,32.605693,30.988882,31.662552,-0.808407,95
2023-02-09,57002,1356146,32.066756,32.470959,31.25835,32.066756,0.404204,41
2023-02-10,33000,782200,31.932021,32.066756,31.72992,31.932021,-0.134735,25
2023-02-13,36140,861100,31.864654,32.336224,31.864654,32.20149,0.269469,32
2023-02-14,283330,7099659,32.20149,34.491972,32.20149,33.683567,1.482077,237
2023-02-15,624619,16434110,34.761441,36.378252,34.222504,35.03091,1.347343,415
2023-02-16,127894,3334202,34.424605,35.704581,34.424605,35.098277,0.067367,112
2023-02-17,159129,4190814,35.300378,35.906682,34.424605,35.771948,0.673671,141
2023-02-20,176144,4668722,36.108783,36.378252,35.300378,35.300378,-0.47157,143
2023-02-21,93368,2396244,35.300378,35.300378,34.222504,34.357238,-0.94314,73
2023-02-22,122112,3198356,34.357238,36.108783,34.155137,35.300378,0.94314,105
2023-02-23,515457,14154750,35.906682,38.331899,35.165644,37.456126,2.155748,381
2023-02-24,975488,28662401,38.399267,41.161319,38.129798,39.140305,1.684179,732
2023-03-01,204191,5709390,39.072937,39.072937,37.119291,37.456126,-1.684179,158
2023-03-02,144475,4092160,37.456126,39.275039,37.456126,37.725595,0.269469,129
2023-03-03,91410,2569781,38.668734,38.668734,37.725595,37.927696,0.202101,67
2023-03-06,47250,1328329,37.995064,37.995064,37.725595,37.725595,-0.202101,42
2023-03-07,111202,3161258,37.725595,39.342406,37.388759,38.466634,0.741039,95
2023-03-08,196141,5731698,38.466634,40.150811,38.062431,39.746609,1.279975,152
2023-03-09,278316,8252800,40.689749,41.093952,38.264532,38.264532,-1.482077,222
2023-03-10,179530,5133079,38.399267,39.072937,38.129798,38.331899,0.067367,110
2023-03-13,292515,7929036,38.534001,38.534001,35.974049,36.378252,-1.953647,194
2023-03-14,91000,2474300,36.378252,37.051924,36.378252,36.849822,0.47157,54
2023-03-15,42021,1159975,37.051924,37.321392,36.91719,37.321392,0.47157,33
2023-03-16,148978,3976826,37.321392,37.321392,35.569847,35.569847,-1.751545,119
2023-03-17,34610,932330,36.108783,36.512987,36.108783,36.176151,0.606304,34
2023-03-20,35045,952801,36.715088,36.984557,36.378252,36.445619,0.269468,21
2023-03-21,603819,15590886,35.704581,35.704581,34.222504,34.761441,-1.684178,297
2023-03-22,290484,7414531,34.559339,35.367745,33.953036,35.367745,0.606304,176
2023-03-23,47683,1243351,35.233011,35.367745,34.761441,35.300378,-0.067367,43
2023-03-24,252907,7280270,38.736102,38.803469,38.668734,38.803469,3.503091,121
2023-03-27,1627809,49895961,41.498154,42.643396,39.611875,40.487647,1.684178,966
2023-03-28,243057,7104198,40.42028,40.42028,38.870836,38.870836,-1.616811,209
2023-03-29,181741,5199512,38.668734,39.275039,37.792962,37.995064,-0.875772,155
2023-03-30,273551,7722300,38.264532,39.072937,36.782455,37.927696,-0.067368,190
2023-03-31,181520,5246276,38.601367,39.746609,38.197165,39.544508,1.616812,143
2023-04-06,71280,2080944,39.881344,39.881344,39.072937,39.072937,-0.471571,69
2023-04-07,91291,2648613,39.140305,39.409773,38.736102,38.803469,-0.269468,75
2023-04-10,80104,2298546,37.927696,39.140305,37.927696,39.072937,0.269468,67
2023-04-11,50479,1449530,38.534001,39.072937,38.399267,38.668734,-0.404203,42
2023-04-12,405286,11410613,37.725595,38.534001,37.725595,37.860329,-0.808405,175
2023-04-13,93484,2653811,37.927696,38.736102,37.523493,38.534001,0.673672,81
2023-04-14,88603,2513512,38.534001,38.534001,37.860329,38.197165,-0.336836,67
2023-04-17,93330,2611414,37.792962,37.927696,37.321392,37.725595,-0.47157,75
2023-04-18,45300,1266360,37.321392,38.331899,37.321392,37.725595,0.0,31
2023-04-19,63990,1806568,37.725595,38.399267,37.658228,37.792962,0.067367,39
2023-04-20,53073,1487748,38.601367,38.668734,37.456126,37.456126,-0.336836,46
2023-04-21,48794,1342696,37.456126,37.456126,36.445619,36.849822,-0.606304,45
2023-04-24,15100,412955,36.782455,36.91719,36.782455,36.91719,0.067368,15
2023-04-25,82200,2174570,36.91719,36.91719,35.03091,35.637214,-1.279976,66
2023-04-26,34404,893189,34.424605,35.637214,34.424605,35.569847,-0.067367,35
2023-04-27,19000,497750,34.559339,35.704581,34.491972,35.435113,-0.134734,15
2023-04-28,11301,297595,35.165644,35.771948,35.165644,35.771948,0.336835,15
2023-05-02,13803,361996,35.098277,35.569847,35.098277,35.300378,-0.47157,21
2023-05-03,29240,778111,35.300378,36.310885,35.300378,36.108783,0.808405,26
2023-05-04,31120,839940,36.378252,36.378252,36.243518,36.378252,0.269469,26
2023-05-05,30005,809835,36.378252,36.445619,35.839315,35.839315,-0.538937,17
2023-05-08,17050,447187,35.839315,35.906682,35.03091,35.300378,-0.538937,19
2023-05-09,61044,1642486,35.839315,36.647721,35.637214,36.310885,1.010507,40
2023-05-10,19035,513146,36.243518,36.378252,36.243518,36.243518,-0.067367,16
2023-05-11,50211,1328342,36.378252,36.378252,35.098277,35.233011,-1.010507,41
2023-05-12,15000,389800,34.559339,35.233011,34.559339,35.098277,-0.134734,15
2023-05-15,11750,306662,34.761441,35.300378,34.761441,35.300378,0.202101,13
2023-05-16,18000,472100,35.367745,35.367745,35.300378,35.367745,0.067367,17
2023-05-17,18138,480828,35.50248,35.839315,35.50248,35.839315,0.47157,16
2023-05-18,32014,850218,35.839315,35.906682,35.704581,35.704581,-0.134734,27
2023-05-19,118253,3207592,35.771948,37.119291,35.771948,36.715088,1.010507,95
2023-05-22,96201,2641144,36.782455,37.658228,36.445619,37.186657,0.471569,92
2023-05-23,77082,2118881,37.186657,37.254025,36.782455,37.051924,-0.134733,83
2023-05-24,228907,6486780,37.051924,38.601367,37.051924,38.197165,1.145241,243
2023-05-25,147921,4104043,38.264532,38.399267,36.580354,36.91719,-1.279975,144
2023-05-26,206347,5618372,36.91719,36.984557,35.839315,35.839315,-1.077875,75
2023-05-29,45042,1195665,36.445619,36.445619,35.569847,35.704581,-0.134734,44
2023-05-30,97459,2541332,35.367745,35.569847,34.963542,35.03091,-0.673671,89
2023-05-31,29000,759500,35.03091,35.704581,35.03091,35.435113,0.404203,24
2023-06-01,30130,795232,35.704581,35.704581,35.165644,35.704581,0.269468,26
2023-06-02,50008,1334211,37.59086,37.59086,35.50248,35.637214,-0.067367,45
2023-06-05,54300,1439124,36.580354,36.580354,35.435113,35.569847,-0.067367,47
2023-06-06,34512,916015,35.974049,35.974049,35.569847,35.839315,0.269468,33
2023-06-07,44084,1186746,36.310885,36.378252,36.176151,36.243518,0.404203,41
2023-06-08,68240,1823126,36.108783,36.108783,35.771948,35.771948,-0.47157,51
2023-06-09,61008,1602959,35.771948,35.771948,35.165644,35.300378,-0.47157,44
2023-06-12,26021,681302,35.367745,35.50248,35.165644,35.233011,-0.067367,22
2023-06-13,207969,5605625,35.839315,37.59086,35.839315,36.041416,0.808405,186
2023-06-14,66139,1740206,35.839315,35.839315,35.098277,35.637214,-0.404202,107
2023-06-15,60080,1593920,36.378252,36.378252,35.50248,35.704581,0.067367,41
2023-06-16,37008,975111,35.165644,35.771948,35.165644,35.569847,-0.134734,33
2023-06-19,53013,1401042,35.569847,35.771948,35.435113,35.50248,-0.067367,41
2023-06-20,31540,829463,35.300378,35.704581,35.233011,35.50248,0.0,37
2023-06-21,76009,2021885,35.704581,36.378252,35.50248,35.974049,0.471569,60
2023-06-26,219406,5940680,36.176151,37.051924,36.108783,36.445619,0.47157,188
2023-06-27,75113,1998748,36.378252,36.378252,35.704581,35.771948,-0.673671,62
2023-06-28,94004,2486205,35.839315,36.041416,35.300378,35.974049,0.202101,86
2023-06-29,94005,2499231,35.839315,36.176151,35.300378,35.974049,0.0,83
2023-06-30,58000,1552650,36.580354,36.580354,35.974049,36.041416,0.067367,51
2023-07-03,96019,2549593,35.974049,36.176151,35.569847,35.974049,-0.067367,89
2023-07-04,40373,1075747,35.974049,35.974049,35.839315,35.974049,0.0,34
2023-07-05,204051,5682546,35.974049,38.938203,35.906682,37.725595,1.751546,181
2023-07-06,120217,3321265,37.658228,37.658228,36.782455,37.388759,-0.336836,126
2023-07-07,82005,2249437,37.388759,37.388759,36.647721,37.119291,-0.269468,53
2023-07-10,35275,973011,37.119291,37.388759,36.984557,37.388759,0.269468,38
2023-07-11,249880,6698823,36.782455,36.782455,35.03091,35.435113,-1.953646,177
2023-07-12,53232,1410705,35.435113,36.378252,35.435113,35.637214,0.202101,28
2023-07-13,34152,906857,35.435113,36.108783,35.435113,35.906682,0.269468,31
2023-07-14,37050,982950,35.637214,35.974049,35.637214,35.704581,-0.202101,26
2023-07-17,58537,1555147,35.704581,35.974049,35.704581,35.704581,0.0,72
2023-07-18,156244,4135615,36.176151,36.176151,35.03091,35.569847,-0.134734,139
2023-07-19,98401,2626405,35.637214,36.445619,35.637214,36.445619,0.875772,58
2023-07-20,71077,1943885,36.512987,37.456126,36.378252,36.91719,0.471571,60
2023-07-21,73294,2019741,37.254025,37.321392,36.91719,37.051924,0.134734,71
2023-07-24,105609,2907846,37.051924,37.725595,36.715088,37.051924,0.0,87
2023-07-25,110100,3022749,37.051924,37.388759,36.715088,36.849822,-0.202102,70
2023-07-26,82802,2269640,36.984557,37.523493,36.849822,36.849822,0.0,100
2023-07-27,108596,2948908,36.849822,36.91719,36.378252,36.378252,-0.47157,96
2023-07-28,101044,2728141,36.445619,36.445619,36.310885,36.310885,-0.067367,39
2023-07-31,135455,3612749,36.378252,36.378252,35.435113,35.435113,-0.875772,183
2023-08-01,22000,581850,35.839315,35.974049,35.50248,35.974049,0.538936,22
2023-08-02,34245,910908,36.108783,36.108783,35.569847,35.974049,0.0,41
2023-08-04,149010,3907517,36.378252,36.378252,35.03091,36.041416,0.067367,122
2023-08-07,26226,693320,36.176151,36.176151,35.367745,35.704581,-0.336835,25
2023-08-08,43012,1127475,35.704581,35.771948,35.098277,35.637214,-0.067367,36
2023-08-09,39226,1028982,35.367745,35.637214,35.233011,35.367745,-0.269469,31
2023-08-10,39000,1023100,35.367745,35.906682,35.165644,35.300378,-0.067367,25
2023-08-11,103000,2649700,35.03091,35.165644,34.357238,34.491972,-0.808406,87
2023-08-14,92153,2288024,34.357238,34.626706,32.740427,32.740427,-1.751545,88
2023-08-15,53434,1285828,32.336224,32.807795,32.268857,32.336224,-0.404203,52
2023-08-16,81385,1881858,32.336224,32.470959,30.719413,30.921514,-1.41471,73
2023-08-17,64398,1452456,30.854147,30.854147,29.641539,30.584679,-0.336835,56
2023-08-18,27862,630219,30.31521,30.584679,30.31521,30.449944,-0.134735,68
2023-08-21,32070,710511,30.31521,30.31521,29.641539,29.843641,-0.606303,35
2023-08-22,85216,1823340,29.641539,29.641539,28.294196,28.698399,-1.145242,105
2023-08-23,23839,507840,28.294196,28.967867,28.294196,28.833133,0.134734,43
2023-08-24,13000,284500,29.102602,29.776273,29.102602,29.439437,0.606304,12
2023-08-25,9001,196421,29.035234,29.641539,29.035234,29.641539,0.202102,8
2023-08-28,34000,773800,29.641539,31.460452,29.641539,30.719413,1.077874,28
2023-08-29,11000,248550,30.719413,30.719413,30.247843,30.517311,-0.202102,11
2023-08-30,19200,446050,31.393085,31.527819,31.123616,31.25835,0.741039,23
2023-08-31,11235,262522,31.393085,31.662552,31.393085,31.393085,0.134735,16
2023-09-01,16150,388800,32.605693,32.605693,32.066756,32.538326,1.145241,20
2023-09-04,18200,440320,32.470959,32.740427,32.470959,32.605693,0.067367,27
2023-09-05,18100,440700,32.807795,33.144629,32.605693,32.740427,0.134734,11
2023-09-06,8028,194570,32.875162,32.875162,32.470959,32.470959,-0.269468,9
2023-09-07,5078,121142,32.336224,32.336224,31.932021,31.932021,-0.538938,6
2023-09-08,11000,256200,31.797287,31.797287,31.123616,31.25835,-0.673671,11
2023-09-11,19066,455474,31.25835,32.740427,31.25835,32.740427,1.482077,21
2023-09-12,10030,235728,31.662552,32.67306,31.393085,32.336224,-0.404203,12
2023-09-13,9574,226898,31.932021,32.066756,31.864654,31.864654,-0.47157,16
2023-09-14,5289,123038,31.662552,31.662552,31.123616,31.325718,-0.538936,10
2023-09-15,3248,77179,31.999388,32.066756,31.999388,32.066756,0.741038,10
2023-09-18,8000,191200,32.538326,32.605693,31.797287,31.797287,-0.269469,8
2023-09-19,43000,1035650,31.797287,32.875162,31.460452,32.875162,1.077875,41
2023-09-20,8120,192266,32.066756,32.066756,31.662552,31.662552,-1.21261,18
2023-09-21,7000,162250,31.797287,31.797287,30.988882,30.988882,-0.67367,6
2023-09-22,19001,437471,31.123616,31.123616,30.988882,30.988882,0.0,16
2023-09-25,27059,614504,30.517311,31.056249,30.113109,30.584679,-0.404203,32
2023-09-26,13340,301783,30.652046,30.652046,30.382577,30.382577,-0.202102,46
2023-09-27,17131,384995,30.449944,30.449944,29.911008,29.911008,-0.471569,19
2023-09-28,29001,640073,29.843641,29.911008,29.506805,29.574172,-0.336836,25
2023-10-02,3213,70665,29.641539,29.641539,29.641539,29.641539,0.067367,18
2023-10-03,4000,88400,29.776273,29.776273,29.776273,29.776273,0.134734,4
2023-10-04,8300,180317,29.304703,29.911008,29.035234,29.911008,0.134735,12
2023-10-05,54402,1200873,29.911008,29.911008,29.641539,29.708906,-0.202102,32
2023-10-06,15000,328750,29.641539,29.641539,29.37207,29.37207,-0.336836,14
2023-10-11,14000,304250,29.237336,29.506805,28.967867,29.37207,0.0,14
2023-10-12,21000,451750,28.967867,29.574172,28.563665,29.102602,-0.269468,20
2023-10-13,174378,4113823,29.641539,31.999388,29.641539,31.999388,2.896786,99
2023-10-16,109570,2525083,30.988882,31.595185,30.584679,31.25835,-0.741038,99
2023-10-17,18367,420279,31.393085,31.797287,30.31521,30.31521,-0.94314,30
2023-10-18,18627,424643,31.325718,31.393085,30.31521,30.31521,0.0,24
2023-10-19,38173,845685,30.247843,30.31521,29.641539,29.708906,-0.606304,37
2023-10-20,26405,574907,28.428931,29.911008,28.428931,29.439437,-0.269469,34
2023-10-23,27122,586834,29.237336,29.776273,28.631032,29.776273,0.336836,28
2023-10-24,43058,938240,28.967867,29.776273,28.833133,29.37207,-0.404203,43
2023-10-25,19116,416667,29.911008,29.911008,28.967867,29.641539,0.269469,34
2023-11-06,46039,1451070,32.521917,32.521917,27.297702,29.650952,0.009413,83
2023-11-07,28873,892654,28.333132,29.368562,27.956612,29.274432,-0.37652,43
2023-11-08,28408,870991,29.274432,29.368562,28.144872,29.227367,-0.047065,39
2023-11-09,8178,249223,29.086172,29.086172,28.709652,28.709652,-0.517715,20
2023-11-10,12420,375733,28.521392,28.662587,28.239002,28.662587,-0.047065,30
2023-11-13,15736,481150,28.662587,28.992042,28.521392,28.897912,0.235325,53
2023-11-14,29628,900675,28.850847,28.897912,28.286067,28.897912,0.0,40
2023-11-15,8287,263330,30.545187,30.545187,30.121602,30.121602,1.22369,29
2023-11-16,29206,899133,28.239002,30.074537,28.239002,29.462692,-0.65891,74
2023-11-17,20821,642099,28.662587,29.650952,28.662587,29.462692,0.0,43
2023-11-20,4074,125428,28.803782,28.803782,28.756717,28.756717,-0.705975,18
2023-11-21,10141,308176,28.756717,28.756717,28.427262,28.568457,-0.18826,23
2023-11-22,13854,421754,28.568457,29.133237,28.144872,28.239002,-0.329455,22
2023-11-23,4162,124860,28.239002,28.239002,28.239002,28.239002,0.0,23
2023-11-24,3282,99856,28.992042,28.992042,28.850847,28.850847,0.611845,16
2023-11-27,9714,293530,28.521392,28.850847,28.286067,28.286067,-0.56478,15
2023-11-28,21439,645430,28.333132,28.427262,28.286067,28.286067,0.0,54
2023-11-29,7528,226940,26.968247,29.180302,26.968247,28.615522,0.329455,16
2023-11-30,5003,150440,28.286067,28.333132,28.239002,28.333132,-0.28239,6
2023-12-01,10973,328829,28.239002,28.333132,28.097807,28.286067,-0.047065,24
2023-12-04,17470,518777,27.344767,28.521392,27.344767,27.768352,-0.517715,31
2023-12-05,46585,1414893,28.239002,29.509757,27.956612,28.050742,0.28239,48
2023-12-06,9958,294257,27.862482,28.333132,27.438897,28.003677,-0.047065,23
2023-12-07,9262,276403,28.521392,28.521392,28.003677,28.003677,0.0,20
2023-12-08,29757,883696,28.050742,28.050742,27.721287,27.956612,-0.047065,27
2023-12-11,14280,428311,28.992042,28.992042,28.003677,28.003677,0.047065,16
2023-12-12,6189,184348,28.003677,28.191937,27.862482,27.862482,-0.141195,26
2023-12-13,13267,392279,27.862482,27.862482,27.768352,27.815417,-0.047065,21
2023-12-14,6080,179612,27.580092,28.191937,27.580092,27.721287,-0.09413,16
2023-12-15,16023,470089,27.721287,28.003677,27.391832,27.391832,-0.329455,29
2023-12-18,38850,1119709,27.297702,27.721287,26.779987,26.874117,-0.517715,36
2023-12-19,12210,348544,26.874117,27.391832,26.638792,26.638792,-0.235325,16
2023-12-20,16791,477851,25.885752,27.250637,25.885752,27.250637,0.611845,27
2023-12-21,13537,388934,26.874117,27.438897,26.779987,27.250637,0.0,19
2023-12-22,9215,259377,26.827052,26.827052,26.403467,26.403467,-0.84717,10
2023-12-25,8493,240357,26.685857,26.779987,26.497597,26.497597,0.09413,11
2023-12-26,5015,141843,26.732922,26.779987,26.544662,26.544662,0.047065,14
2023-12-27,8699,244427,26.732922,26.732922,26.356402,26.450532,-0.09413,13
2023-12-28,2290,64320,26.450532,26.450532,26.450532,26.450532,0.0,3
2023-12-29,10091,290634,28.097807,28.097807,26.403467,26.403467,-0.047065,18
2024-01-02,8000,227900,27.109442,27.109442,26.544662,26.544662,0.141195,6
2024-01-03,3069,85432,26.121077,26.262272,26.121077,26.262272,-0.28239,5
2024-01-04,299,8386,26.121077,26.262272,26.121077,26.262272,0.0,9
2024-01-05,7921,221075,26.262272,26.827052,26.074012,26.215207,-0.047065,23
2024-01-08,2458,68198,26.026947,26.026947,26.026947,26.026947,-0.18826,12
2024-01-09,9066,254394,26.450532,26.450532,26.356402,26.450532,0.423585,11
2024-01-10,15,449,26.450532,26.450532,26.356402,26.450532,0.0,3
2024-01-11,1101,30378,25.979882,25.979882,25.979882,25.979882,-0.47065,4
2024-01-12,2063,57441,26.450532,26.450532,26.450532,26.450532,0.47065,8
2024-01-15,10289,289354,26.827052,26.827052,26.403467,26.450532,0.0,13
2024-01-16,8736,244606,26.356402,26.403467,26.262272,26.356402,-0.09413,16
2024-01-17,18,492,26.356402,26.403467,26.262272,26.356402,0.0,3
2024-01-18,10,279,26.356402,26.403467,26.262272,26.356402,0.0,1
2024-01-19,4307,118599,25.932817,26.168142,25.932817,26.168142,-0.18826,12
2024-01-22,3196,86606,26.356402,26.356402,26.356402,26.356402,0.18826,12
2024-01-23,2734,75693,26.026947,26.121077,26.026947,26.121077,-0.235325,6
2024-01-24,15,447,26.026947,26.121077,26.026947,26.121077,0.0,2
2024-01-25,6000,164600,26.026947,26.074012,25.603362,25.603362,-0.517715,6
2024-01-26,4748,129368,25.791622,25.791622,25.509232,25.509232,-0.09413,14
2024-01-29,8048,218724,25.509232,25.791622,25.509232,25.603362,0.09413,22
2024-01-30,5704,153091,25.509232,25.509232,24.850322,25.273907,-0.329455,12
2024-01-31,19,513,25.509232,25.509232,24.850322,25.273907,0.0,1
2024-02-01,15909,420019,24.756192,24.991517,24.756192,24.850322,-0.423585,32
2024-02-02,3590,96304,25.885752,25.885752,25.226842,25.226842,0.37652,12
2024-02-05,6000,162100,26.168142,26.168142,25.132712,25.226842,0.0,6
2024-02-15,26938,715485,25.226842,26.356402,24.379672,25.415102,0.18826,38
2024-02-16,12091,325094,25.415102,25.462167,25.368037,25.415102,0.0,23
2024-02-19,19854,534425,25.226842,25.509232,24.709127,25.509232,0.09413,43
2024-02-20,14334,380976,25.085647,25.509232,24.473802,25.509232,0.0,20
2024-02-21,8770,233205,24.709127,25.368037,24.614997,25.320972,-0.18826,25
2024-02-22,4496,121783,26.121077,26.121077,25.085647,25.085647,-0.235325,11
2024-02-23,1236,32442,26.121077,26.121077,25.085647,25.085647,0.0,19
2024-02-26,264,7018,26.121077,26.121077,25.085647,25.085647,0.0,5
2024-02-27,1377,35965,26.121077,26.121077,25.085647,25.085647,0.0,19
2024-02-29,12439,328255,24.756192,25.415102,24.662062,25.415102,0.329455,20
2024-03-01,21093,563237,24.567932,25.415102,24.567932,25.415102,0.0,34
2024-03-04,2702,71907,25.368037,25.368037,25.368037,25.368037,-0.047065,8
2024-03-05,5367,142626,25.320972,25.320972,24.897387,25.320972,-0.047065,24
2024-03-06,19060,509581,24.944452,25.603362,24.944452,25.273907,-0.047065,43
2024-03-07,14715,389019,25.038582,25.509232,24.285542,24.709127,-0.56478,26
2024-03-08,8774,230031,24.662062,24.944452,24.614997,24.614997,-0.09413,17
2024-03-11,21425,555850,24.473802,24.473802,24.332607,24.426737,-0.18826,24
2024-03-12,23467,602774,24.144347,24.662062,23.861956,24.426737,0.0,26
2024-03-13,15201,388936,24.238477,24.379672,23.814891,24.379672,-0.047065,18
2024-03-14,29570,763224,24.944452,24.944452,23.909021,24.756192,0.37652,39
2024-03-15,21010,537211,24.756192,24.756192,23.814891,23.814891,-0.941301,21
2024-03-18,10291,265189,24.285542,24.379672,24.050217,24.050217,0.235326,19
2024-03-19,15101,385085,24.050217,24.144347,23.814891,23.814891,-0.235326,14
2024-03-20,9140,232699,23.814891,24.332607,23.720761,24.003152,0.188261,17
2024-03-21,7904,201685,23.909021,24.238477,23.861956,24.050217,0.047065,16
2024-03-22,10536,268827,24.144347,24.144347,24.003152,24.097282,0.047065,17
2024-03-25,6177,157795,24.050217,24.097282,24.050217,24.097282,0.0,18
2024-03-26,6000,152200,23.814891,24.003152,23.720761,23.956087,-0.141195,6
2024-03-27,19170,486686,23.673696,24.285542,23.673696,24.003152,0.047065,20
2024-03-28,18786,479278,24.003152,24.379672,24.003152,24.379672,0.37652,34
2024-03-29,11520,294713,24.191412,24.238477,24.003152,24.238477,-0.141195,16
2024-04-01,20681,532902,24.473802,24.473802,24.003152,24.238477,0.0,28
2024-04-02,32981,833585,23.767826,24.285542,23.720761,23.720761,-0.517716,44
2024-04-03,19789,498172,24.003152,24.003152,23.673696,23.673696,-0.047065,26
2024-04-08,14090,358194,23.814891,24.003152,23.814891,23.956087,0.282391,21
2024-04-09,16663,422671,23.861956,24.003152,23.861956,24.003152,0.047065,23
2024-04-10,9398,238203,23.814891,24.003152,23.814891,24.003152,0.0,15
2024-04-11,20894,526860,23.861956,23.861956,23.532501,23.532501,-0.470651,20
2024-04-12,28780,713324,23.579566,23.579566,23.155981,23.438371,-0.09413,45
2024-04-15,19757,480564,23.155981,23.155981,22.779461,22.873591,-0.56478,28
2024-04-16,24075,574699,22.685331,23.061851,22.261746,22.402941,-0.47065,52
2024-04-17,22487,534151,22.402941,22.591201,22.261746,22.450006,0.047065,36
2024-04-18,12355,293328,22.402941,22.450006,22.261746,22.450006,0.0,22
2024-04-19,19035,439958,22.120551,22.120551,21.508706,21.508706,-0.9413,20
2024-04-22,20066,455863,22.120551,22.120551,21.132186,21.179251,-0.329455,25
2024-04-23,4157,93197,21.085121,21.179251,21.085121,21.132186,-0.047065,8
2024-04-24,8807,196755,21.132186,21.132186,20.943926,21.132186,0.0,31
2024-04-25,8268,188375,21.838161,21.838161,21.367511,21.367511,0.235325,12
2024-04-26,3324,75842,21.555771,21.555771,21.461641,21.461641,0.09413,9
2024-04-29,55680,1285194,21.555771,22.497071,21.555771,21.555771,0.09413,52
2024-04-30,46936,1118877,21.932291,23.344241,21.838161,22.779461,1.22369,58
2024-05-02,5128,121937,22.402941,22.402941,22.402941,22.402941,-0.37652,21
2024-05-03,144562,3538229,22.120551,24.614997,22.120551,24.614997,2.212056,75
2024-05-06,402444,11417890,25.932817,27.062377,25.932817,27.062377,2.44738,202
2024-05-07,179166,5012296,25.415102,26.827052,25.415102,26.497597,-0.56478,122
2024-05-08,168263,5207734,29.133237,29.133237,29.133237,29.133237,2.63564,109
2024-05-09,343123,10458053,29.039107,30.074537,27.015312,28.191937,-0.9413,233
2024-05-10,94357,2697003,28.427262,28.427262,26.403467,27.580092,-0.611845,159
2024-05-13,110849,3087178,27.485962,27.485962,25.744557,26.544662,-1.03543,91
2024-05-14,47530,1322103,26.874117,26.874117,25.415102,25.885752,-0.65891,51
2024-05-15,98707,2946107,26.403467,28.474327,26.356402,28.474327,2.588575,110
2024-05-16,220178,7224057,30.451057,31.298227,29.980407,31.298227,2.8239,162
2024-05-17,552374,19556603,32.004202,34.404517,31.345292,33.886802,2.588575,494
2024-05-20,290006,10324291,34.357452,34.357452,32.098332,32.710177,-1.176625,279
2024-05-21,67699,2342309,33.416152,33.510282,32.098332,32.710177,0.0,142
2024-05-22,95948,3361446,32.710177,33.886802,32.380722,33.322022,0.611845,232
2024-05-23,155207,5251434,32.945502,32.945502,31.062902,31.062902,-2.25912,192
2024-05-24,46287,1504764,30.168667,31.204097,30.168667,30.780512,-0.28239,65
2024-05-27,92644,2984150,30.780512,30.780512,30.027472,30.121602,-0.65891,90
2024-05-28,109909,3560714,30.545187,31.533552,29.980407,30.356927,0.235325,124
2024-05-29,126586,4042761,30.356927,31.345292,29.415627,29.509757,-0.84717,115
2024-05-30,178903,5507758,29.509757,29.509757,28.427262,28.803782,-0.705975,154
2024-05-31,43300,1346870,28.992042,29.745082,28.992042,29.180302,0.37652,57
2024-06-03,47345,1461242,29.415627,29.933342,28.615522,28.615522,-0.56478,144
2024-06-04,25785,778280,28.427262,28.474327,28.333132,28.427262,-0.18826,26
2024-06-05,14359,437348,28.333132,28.897912,28.333132,28.709652,0.28239,17
2024-06-06,49778,1571071,30.309862,30.309862,28.944977,28.992042,0.28239,61
2024-06-07,28237,878040,29.180302,29.650952,28.897912,29.227367,0.235325,30
2024-06-11,23174,723643,29.980407,29.980407,29.180302,29.227367,0.0,25
2024-06-12,9000,279850,29.321497,29.368562,29.086172,29.086172,-0.141195,9
2024-06-13,20497,637962,29.886277,29.886277,29.133237,29.133237,0.047065,44
2024-06-14,69685,2128603,28.992042,29.086172,28.521392,28.615522,-0.517715,87
2024-06-17,29142,889422,28.850847,28.897912,28.521392,28.803782,0.18826,74
2024-06-18,40693,1239074,29.039107,29.039107,28.474327,28.756717,-0.047065,42
2024-06-19,22833,699682,29.368562,29.368562,28.662587,28.662587,-0.09413,26
2024-06-20,63751,1955627,28.662587,29.321497,28.568457,29.133237,0.47065,57
2024-06-21,29840,920254,29.180302,29.180302,28.897912,29.180302,0.047065,25
2024-06-24,20587,637219,29.180302,29.274432,29.086172,29.086172,-0.09413,32
2024-06-25,6330,195288,28.992042,29.180302,28.944977,29.039107,-0.047065,40
2024-06-26,22162,686181,29.039107,29.274432,29.039107,29.039107,0.0,20
2024-06-27,20399,636023,29.698017,29.698017,29.086172,29.368562,0.329455,34
2024-06-28,5509,171081,29.274432,29.415627,29.180302,29.180302,-0.18826,7
2024-07-01,8939,275959,29.227367,29.227367,28.992042,28.992042,-0.18826,16
2024-07-02,30160,927527,28.897912,29.321497,28.756717,29.180302,0.18826,28
2024-07-03,34000,1063250,30.921707,30.968772,28.897912,29.368562,0.18826,33
2024-07-04,7965,249239,29.368562,29.556822,29.368562,29.509757,0.141195,19
2024-07-05,66647,2078106,29.415627,29.556822,29.180302,29.462692,-0.047065,85
2024-07-08,41334,1289216,29.415627,29.462692,29.274432,29.321497,-0.141195,40
2024-07-09,107954,3518052,29.368562,31.863007,29.368562,31.062902,1.741405,136
2024-07-10,70183,2323353,32.239527,32.239527,30.309862,30.639317,-0.423585,107
2024-07-11,73822,2341754,30.686382,30.686382,29.556822,29.698017,-0.9413,73
2024-07-12,35297,1121302,29.556822,30.262797,29.556822,29.698017,0.0,46
2024-07-15,19849,627301,29.650952,29.980407,29.603887,29.745082,0.047065,136
2024-07-16,23598,747442,29.745082,30.215732,29.509757,29.745082,0.0,39
2024-07-17,16042,512260,29.745082,30.780512,29.745082,30.403992,0.65891,13
2024-07-18,18414,588462,29.792147,30.827577,29.792147,29.886277,-0.517715,24
2024-07-19,148993,4863439,30.027472,31.721812,29.980407,30.686382,0.800105,166
2024-07-22,73542,2362913,30.592252,30.874642,29.886277,30.027472,-0.65891,63
2024-07-23,69940,2299391,30.121602,31.910072,29.839212,30.639317,0.611845,102
2024-07-26,112401,3755402,30.639317,32.851372,30.592252,31.345292,0.705975,128
2024-07-29,55639,1853216,31.910072,32.145397,30.968772,31.627682,0.28239,62
2024-07-30,70774,2396005,32.098332,32.710177,31.298227,31.533552,-0.09413,73
2024-07-31,45038,1507646,31.204097,31.768877,31.204097,31.486487,-0.047065,42
2024-08-01,60038,2007319,31.345292,31.815942,31.062902,31.486487,0.0,49
2024-08-02,35280,1180021,31.486487,31.721812,31.345292,31.392357,-0.09413,36
2024-08-05,115592,3599193,30.780512,31.062902,28.286067,29.556822,-1.835535,174
2024-08-06,46401,1436894,29.650952,30.545187,28.662587,28.709652,-0.84717,100
2024-08-07,31254,992394,29.698017,31.157032,29.086172,29.839212,1.12956,28
2024-08-08,16597,528174,30.686382,30.686382,29.556822,30.074537,0.235325,19
2024-08-09,26008,822605,30.921707,30.921707,29.509757,29.509757,-0.56478,24
2024-08-12,34864,1094203,29.180302,30.121602,29.180302,29.698017,0.18826,43
2024-08-13,43187,1339558,29.745082,29.745082,28.850847,28.850847,-0.84717,53
2024-08-14,92933,2797763,28.662587,28.944977,27.627157,28.050742,-0.800105,138
2024-08-15,50147,1465722,28.003677,28.286067,27.109442,28.050742,0.0,102
2024-08-16,49627,1490595,28.050742,29.133237,27.768352,28.803782,0.75304,43
2024-08-19,6617,201636,28.803782,28.850847,28.427262,28.427262,-0.37652,12
2024-08-20,32010,962951,28.239002,28.850847,28.144872,28.333132,-0.09413,27
2024-08-21,19097,582488,29.321497,29.321497,28.521392,28.709652,0.37652,19
2024-08-22,16236,499887,29.086172,29.133237,28.803782,28.992042,0.28239,22
2024-08-23,39171,1253022,30.451057,30.780512,29.556822,29.745082,0.75304,40
2024-08-26,12526,392214,29.462692,29.933342,29.180302,29.462692,-0.28239,61
2024-08-27,15768,485794,29.274432,29.321497,28.333132,28.944977,-0.517715,24
2024-08-28,10509,324395,28.897912,29.698017,28.568457,29.415627,0.47065,44
2024-08-29,7076,221251,29.698017,29.698017,29.462692,29.462692,0.047065,11
2024-08-30,15290,473634,29.462692,29.462692,29.086172,29.133237,-0.329455,27
2024-09-02,55673,1686411,29.039107,29.039107,28.239002,28.333132,-0.800105,118
2024-09-03,17023,513820,28.380197,28.521392,28.333132,28.474327,0.141195,24
2024-09-04,55464,1648119,28.144872,28.427262,27.297702,27.956612,-0.517715,37
2024-09-05,16232,492356,28.568457,28.992042,28.286067,28.286067,0.329455,19
2024-09-06,28274,850058,28.521392,28.521392,28.191937,28.333132,0.047065,26
2024-09-09,27204,808916,28.286067,28.286067,27.956612,28.097807,-0.235325,18
2024-09-10,30696,912279,27.956612,28.286067,27.485962,27.768352,-0.329455,39
2024-09-11,27019,776044,27.580092,27.580092,26.497597,26.874117,-0.894235,25
2024-09-12,106613,3097778,27.109442,28.662587,27.109442,28.662587,1.78847,37
2024-09-13,19863,601440,29.650952,29.650952,28.239002,28.239002,-0.423585,28
2024-09-16,3170,97400,29.274432,29.274432,28.709652,28.850847,0.611845,5
2024-09-18,8320,247189,28.803782,28.803782,28.050742,28.050742,-0.800105,345
2024-09-19,13043,388821,28.097807,28.144872,27.956612,28.003677,-0.047065,25
2024-09-20,18027,530252,27.674222,28.050742,27.580092,27.580092,-0.423585,18
2024-09-23,12673,371433,27.674222,27.674222,27.533027,27.533027,-0.047065,25
2024-09-24,27102,794109,27.580092,27.627157,27.533027,27.580092,0.047065,18
2024-09-25,6019,176727,27.721287,27.721287,27.580092,27.721287,0.141195,9
2024-09-26,46829,1376614,27.862482,27.862482,27.627157,27.627157,-0.09413,22
2024-09-27,14000,411800,28.050742,28.050742,27.627157,27.627157,0.0,13
2024-09-30,14000,419550,28.944977,28.944977,28.050742,28.333132,0.705975,8
2024-10-01,6000,178000,27.862482,28.144872,27.815417,28.144872,-0.18826,6
2024-10-04,24485,727903,29.180302,29.180302,27.627157,27.768352,-0.37652,25
2024-10-07,9974,294981,27.768352,27.956612,27.768352,27.768352,0.0,13
2024-10-08,23053,682366,27.909547,28.097807,27.768352,27.815417,0.047065,20
2024-10-09,22215,649827,28.097807,28.097807,27.297702,27.344767,-0.47065,25
2024-10-11,12397,359963,27.344767,27.391832,27.297702,27.344767,0.0,13
2024-10-14,6024,173790,27.156507,27.485962,27.015312,27.485962,0.141195,8
2024-10-15,6194,179626,27.297702,27.297702,27.297702,27.297702,-0.18826,5
2024-10-16,5001,144330,27.156507,27.580092,27.015312,27.580092,0.28239,6
2024-10-17,9641,283014,27.815417,27.909547,27.580092,27.580092,0.0,10
2024-10-18,14210,409050,27.297702,27.485962,26.356402,26.921182,-0.65891,34
2024-10-21,20446,585041,27.862482,27.862482,26.685857,26.685857,-0.235325,33
2024-10-22,21107,592341,26.874117,26.874117,26.026947,26.403467,-0.28239,22
2024-10-23,24416,682423,26.732922,26.968247,25.603362,26.074012,-0.329455,21
2024-10-24,57711,1603154,26.215207,26.827052,25.226842,26.685857,0.611845,42
2024-10-25,30289,870512,27.156507,27.485962,26.827052,27.203572,0.517715,45
2024-10-28,10300,288460,26.685857,26.685857,25.932817,26.262272,-0.9413,40
2024-10-29,19667,548741,26.779987,26.779987,25.697492,26.309337,0.047065,20
2024-10-30,12106,338907,26.403467,26.591727,26.215207,26.215207,-0.09413,10
2024-11-01,5201,147118,26.968247,27.156507,25.885752,26.779987,0.56478,7
2024-11-04,8919,249078,27.015312,27.015312,26.168142,26.356402,-0.423585,14
2024-11-05,14695,408783,26.827052,26.827052,26.026947,26.026947,-0.329455,19
2024-11-06,4298,119114,26.685857,26.685857,25.838687,25.885752,-0.141195,8
2024-11-07,6000,165050,25.838687,26.074012,25.650427,26.074012,0.18826,6
2024-11-08,13300,370629,26.074012,27.015312,26.074012,26.262272,0.18826,13
2024-11-11,18012,495396,25.885752,25.932817,25.885752,25.885752,-0.37652,11
2024-11-12,84,2301,25.885752,25.932817,25.885752,25.885752,0.0,11
2024-11-13,3413,92178,25.320972,25.320972,25.320972,25.320972,-0.56478,22
2024-11-14,8100,217009,25.368037,25.368037,25.038582,25.038582,-0.28239,10
2024-11-15,15059,409422,25.320972,26.074012,25.320972,25.603362,0.56478,17
2024-11-18,16567,446062,25.415102,25.415102,25.132712,25.132712,-0.47065,11
2024-11-19,21743,571498,24.803257,24.944452,24.614997,24.614997,-0.517715,24
2024-11-20,36459,986131,24.756192,26.356402,24.662062,25.415102,0.800105,55
2024-11-21,14000,371700,24.991517,25.179777,24.944452,24.991517,-0.423585,13
2024-11-22,1000,26650,25.085647,25.085647,25.085647,25.085647,0.09413,1
2024-11-25,12034,321701,25.179777,25.320972,25.132712,25.132712,0.047065,9
2024-11-26,8767,233242,25.132712,25.132712,24.756192,24.756192,-0.37652,7
2024-11-27,13460,358114,25.038582,25.179777,24.944452,24.944452,0.18826,19
2024-11-28,6452,170186,24.850322,24.850322,24.803257,24.850322,-0.09413,11
2024-11-29,10537,278156,24.850322,24.850322,24.850322,24.850322,0.0,8
2024-12-02,8020,211736,24.850322,25.320972,24.662062,25.320972,0.47065,7
2024-12-03,12036,321965,24.991517,25.791622,24.991517,25.132712,-0.18826,9
2024-12-04,7488,198380,24.944452,24.944452,24.944452,24.944452,-0.18826,8
2024-12-05,22542,598637,25.132712,25.132712,24.944452,24.944452,0.0,23
2024-12-06,12681,337448,25.038582,25.132712,24.944452,25.038582,0.09413,11
2024-12-09,25694,682240,24.991517,25.226842,24.944452,25.038582,0.0,16
2024-12-10,13547,362559,25.038582,25.320972,25.038582,25.226842,0.18826,15
2024-12-11,222297,6470624,27.674222,27.721287,26.356402,27.721287,2.494445,457
2024-12-12,319257,9587389,27.721287,29.039107,27.533027,28.097807,0.37652,286
2024-12-13,65918,1952217,28.521392,28.521392,27.580092,28.239002,0.141195,98
2024-12-16,37580,1123929,29.039107,29.039107,27.485962,27.721287,-0.517715,88
2024-12-17,25733,769873,27.956612,28.333132,27.956612,28.050742,0.329455,20
2024-12-18,15934,473248,27.721287,28.286067,27.721287,27.815417,-0.235325,24
2024-12-19,6100,181004,28.003677,28.003677,27.815417,27.956612,0.141195,7
2024-12-20,6248,185187,27.956612,27.956612,27.862482,27.909547,-0.047065,28
2024-12-23,12000,357050,27.956612,28.239002,27.909547,27.909547,0.0,9
2024-12-24,27626,818027,27.956612,28.050742,27.768352,27.815417,-0.09413,47
2024-12-25,13064,385674,27.815417,27.815417,27.768352,27.768352,-0.047065,15
2024-12-26,28607,834488,27.768352,27.862482,27.297702,27.391832,-0.37652,24
2024-12-27,11105,320695,27.485962,27.485962,26.968247,26.968247,-0.423585,11
2024-12-30,10524,300872,26.827052,26.968247,26.827052,26.921182,-0.047065,12
2024-12-31,8350,244157,27.862482,28.427262,27.109442,27.156507,0.235325,13
2025-01-02,5500,158868,27.156507,27.344767,27.156507,27.344767,0.18826,14
2025-01-03,14820,429218,27.344767,28.239002,26.732922,27.203572,-0.141195,18
2025-01-06,19000,545000,27.015312,27.062377,26.921182,26.921182,-0.28239,14
2025-01-07,16940,485484,27.109442,27.109442,26.921182,26.921182,0.0,21
2025-01-08,26576,755304,26.921182,26.921182,26.591727,26.591727,-0.329455,24
2025-01-09,47039,1324944,26.591727,26.685857,26.309337,26.309337,-0.28239,32
2025-01-10,21043,586340,26.403467,26.403467,26.168142,26.168142,-0.141195,20
2025-01-13,127666,3298010,24.473802,25.226842,23.720761,24.003152,-2.16499,115
2025-01-14,42551,1080502,23.344241,25.320972,22.967721,25.085647,1.082495,57
2025-01-15,36562,938619,24.050217,25.368037,23.767826,24.003152,-1.082495,70
2025-01-16,20502,522844,24.756192,24.756192,23.814891,23.814891,-0.188261,28
2025-01-17,25651,640591,23.579566,23.626631,23.438371,23.438371,-0.37652,41
2025-01-20,40884,1024464,22.920656,24.614997,22.826526,23.438371,0.0,31
2025-01-21,217864,5268704,23.438371,23.485436,22.497071,22.497071,-0.9413,236
2025-01-22,65085,1550094,22.497071,22.638266,22.261746,22.308811,-0.18826,46
2025-02-03,41007,960207,22.073486,22.402941,21.791096,22.073486,-0.235325,42
2025-02-04,38464,935219,22.261746,23.909021,22.261746,23.014786,0.9413,44
2025-02-05,113667,2708948,23.061851,23.061851,22.120551,22.402941,-0.611845,139
2025-02-06,111637,2617539,22.826526,22.826526,21.744031,22.026421,-0.37652,276
2025-02-07,59011,1410417,22.073486,23.250111,22.026421,22.732396,0.705975,53
2025-02-10,19011,462919,22.732396,23.438371,22.591201,22.873591,0.141195,17
2025-02-11,58073,1405809,22.873591,23.061851,22.591201,22.685331,-0.18826,48
2025-02-12,22095,536798,23.014786,23.014786,22.779461,22.920656,0.235325,21
2025-02-13,56091,1354421,23.014786,23.108916,22.450006,22.497071,-0.423585,90
2025-02-14,12041,288585,22.591201,22.638266,22.497071,22.544136,0.047065,13
2025-02-17,13838,334225,22.638266,22.873591,22.638266,22.638266,0.09413,41
2025-02-18,17398,418062,22.591201,22.732396,22.591201,22.638266,0.0,18
2025-02-19,25084,604808,22.591201,22.873591,22.591201,22.638266,0.0,59
2025-02-20,24796,601433,22.591201,22.967721,22.591201,22.826526,0.18826,27
2025-02-21,69057,1710200,22.967721,23.956087,22.826526,23.155981,0.329455,84
2025-02-24,57531,1409361,23.155981,23.532501,22.826526,22.873591,-0.28239,56
2025-02-25,28567,693046,22.873591,22.920656,22.779461,22.826526,-0.047065,25
2025-02-26,14811,358235,22.732396,22.826526,22.732396,22.732396,-0.09413,26
2025-02-27,101908,2434650,23.250111,23.250111,22.355876,22.355876,-0.37652,109
2025-03-03,108330,2554213,22.355876,22.685331,22.026421,22.073486,-0.28239,98
2025-03-04,209881,4851102,22.073486,22.073486,21.602836,21.602836,-0.47065,127
2025-03-05,70439,1638565,21.744031,22.261746,21.649901,22.214681,0.611845,72
2025-03-06,39616,939462,22.450006,22.497071,22.214681,22.308811,0.09413,47
2025-03-07,68844,1646864,22.355876,22.873591,22.308811,22.308811,0.0,88
2025-03-10,18000,425300,22.214681,22.355876,22.167616,22.167616,-0.141195,10
2025-03-11,70298,1623734,22.120551,22.120551,21.555771,21.744031,-0.423585,53
2025-03-12,44024,1019003,21.744031,21.932291,21.649901,21.744031,0.0,34
2025-03-13,33600,773050,21.744031,21.791096,21.555771,21.555771,-0.18826,29
2025-03-14,44000,1007400,21.602836,21.649901,21.461641,21.649901,0.09413,27
2025-03-17,69828,1577150,21.414576,21.461641,21.085121,21.179251,-0.47065,105
2025-03-18,26140,588255,21.226316,21.226316,21.085121,21.179251,0.0,25
2025-03-19,43279,959063,21.179251,21.273381,20.520341,20.661536,-0.517715,57
2025-03-20,60561,1313320,20.755666,20.755666,20.237951,20.332081,-0.329455,71
2025-03-21,31919,690965,20.426211,20.614471,20.237951,20.379146,0.047065,54
2025-03-24,40073,883646,21.461641,21.885226,20.426211,20.426211,0.047065,42
2025-03-25,54426,1174472,20.567406,20.567406,20.190886,20.190886,-0.235325,40
2025-03-26,73000,1584100,20.285016,20.802731,20.237951,20.237951,0.047065,45
2025-03-27,35024,748914,20.285016,20.285016,19.955561,19.955561,-0.28239,26
2025-03-28,205139,4084147,20.237951,20.237951,18.025896,18.167091,-1.78847,214
2025-03-31,92124,1726078,17.978831,18.355351,17.366986,17.461116,-0.705975,75
2025-04-01,138569,2735146,17.508181,19.202521,17.461116,18.072961,0.611845,117
2025-04-02,135594,2774605,18.590676,19.767301,18.308286,19.014261,0.9413,349
2025-04-07,11658,212172,17.131661,17.131661,17.131661,17.131661,-1.8826,21
2025-04-08,85838,1422709,15.907971,16.049166,15.437321,15.625581,-1.50608,74
2025-04-09,108245,1704757,15.672646,16.708076,14.166566,14.166566,-1.459015,75
2025-04-10,40578,671153,15.578516,15.578516,15.578516,15.578516,1.41195,23
2025-04-11,76564,1383960,16.943401,17.131661,16.143296,17.131661,1.553145,70
2025-04-14,191749,3374008,17.225791,17.272856,15.719711,15.719711,-1.41195,159
2025-04-15,86946,1501937,15.955036,16.802206,15.813841,16.425686,0.705975,68
2025-04-16,28648,508078,16.425686,16.990466,16.237426,16.802206,0.37652,31
2025-04-17,12064,209413,16.237426,16.708076,16.002101,16.708076,-0.09413,16
2025-04-18,12208,214150,16.331556,16.613946,16.331556,16.472751,-0.235325,15
2025-04-21,14100,246400,16.802206,16.802206,16.190361,16.190361,-0.28239,15
2025-04-22,4460,76162,15.625581,16.425686,15.625581,16.425686,0.235325,13
2025-04-23,21068,367976,16.425686,16.755141,16.378621,16.378621,-0.047065,20
2025-04-24,0,0,16.425686,16.755141,16.378621,16.378621,0.0,0
2025-04-25,481001,8273518,16.143296,16.472751,16.143296,16.190361,-0.18826,20
2025-04-28,10698,186282,16.425686,16.755141,16.284491,16.284491,0.09413,10
2025-04-29,41175,731980,16.237426,17.225791,16.237426,16.708076,0.423585,44
2025-04-30,123955,2399601,17.037531,18.355351,17.037531,18.355351,1.647275,111
2025-05-02,420943,8850136,20.002626,20.190886,18.873066,18.920131,0.56478,316
2025-05-05,115075,2336940,18.496546,19.767301,18.496546,18.826001,-0.09413,111
2025-05-06,661642,14400862,18.826001,20.708601,18.826001,20.708601,1.8826,520
2025-05-07,2055085,46795982,21.038056,22.779461,19.531976,21.085121,0.37652,1771
2025-05-08,455529,10514318,20.896861,22.355876,20.896861,21.461641,0.37652,300
2025-05-09,215287,4801731,21.649901,22.167616,20.473276,20.567406,-0.894235,193
2025-05-12,149169,3180027,20.332081,20.661536,19.579041,20.661536,0.09413,93
2025-05-13,64293,1380571,20.708601,20.708601,19.908496,19.908496,-0.75304,70
2025-05-14,288951,5835200,19.908496,19.908496,18.449481,18.684806,-1.22369,247
2025-05-15,121980,2470102,18.684806,19.531976,18.637741,18.826001,0.141195,139
2025-05-16,118739,2392399,19.202521,19.390781,18.684806,18.731871,-0.09413,129
2025-05-19,62233,1228478,18.637741,18.920131,18.402416,18.449481,-0.28239,56
2025-05-20,28341,556560,18.496546,18.637741,18.402416,18.402416,-0.047065,34
2025-05-21,20000,395150,18.543611,18.731871,18.449481,18.684806,0.28239,18
2025-05-22,35668,714332,18.637741,19.014261,18.637741,19.014261,0.329455,45
2025-05-23,33392,665761,19.014261,19.014261,18.543611,18.543611,-0.47065,48
2025-05-26,12073,239847,18.731871,18.778936,18.543611,18.543611,0.0,17
2025-05-27,34210,665299,18.308286,18.449481,18.120026,18.355351,-0.18826,32
2025-05-28,20567,399321,18.167091,18.731871,18.120026,18.167091,-0.18826,29
2025-05-29,110012,2204508,18.402416,19.343716,18.025896,18.449481,0.28239,108
2025-06-02,49491,923922,18.167091,18.167091,17.131661,17.225791,-1.22369,51
2025-06-03,28185,514580,16.943401,17.696441,16.943401,17.037531,-0.18826,28
2025-06-04,30217,547603,16.896336,17.414051,16.896336,17.319921,0.28239,37
2025-06-05,73053,1370026,17.319921,18.308286,17.131661,17.225791,-0.09413,67
2025-06-06,17045,309819,17.225791,17.225791,16.943401,17.037531,-0.18826,15
2025-06-09,10401,188552,17.037531,17.272856,17.037531,17.131661,0.09413,15
2025-06-10,19491,355226,17.131661,17.461116,17.084596,17.084596,-0.047065,32
2025-06-11,40140,718470,16.566881,17.696441,16.566881,16.943401,-0.141195,40
2025-06-12,45292,805840,17.178726,17.178726,16.331556,16.331556,-0.611845,42
2025-06-13,18425,321624,16.708076,16.896336,16.237426,16.237426,-0.09413,40
2025-06-16,9600,169020,16.002101,16.755141,16.002101,16.661011,0.423585,35
2025-06-17,15100,262191,16.190361,16.566881,16.190361,16.331556,-0.329455,23
2025-06-18,56812,997722,16.613946,16.990466,16.002101,16.519816,0.18826,60
2025-06-19,16698,289300,16.519816,16.519816,16.143296,16.331556,-0.18826,15
2025-06-20,10600,183972,16.284491,16.472751,16.284491,16.284491,-0.047065,19
2025-06-23,13006,221402,16.002101,16.096231,16.002101,16.096231,-0.18826,12
2025-06-24,7089,121691,16.096231,16.237426,16.096231,16.096231,0.0,15
2025-06-25,18002,309134,16.190361,16.284491,16.049166,16.049166,-0.047065,18
2025-06-26,12203,214002,16.237426,16.802206,16.237426,16.566881,0.517715,13
2025-06-27,24621,429604,16.566881,16.613946,16.190361,16.237426,-0.329455,25
2025-06-30,14558,246816,15.813841,16.143296,15.625581,16.143296,-0.09413,13
2025-07-01,63908,1124279,16.002101,17.037531,16.002101,16.472751,0.329455,64
2025-07-02,16074,281947,16.472751,16.802206,16.425686,16.425686,-0.047065,16
2025-07-03,18200,315997,16.425686,16.566881,16.190361,16.237426,-0.18826,24
2025-07-04,15050,261210,16.472751,16.519816,16.190361,16.190361,-0.047065,14
2025-07-07,27000,465050,16.472751,16.472751,16.049166,16.237426,0.047065,19
2025-07-08,37441,652912,16.237426,16.566881,16.143296,16.472751,0.235325,28
2025-07-09,37592,672356,16.519816,17.508181,16.519816,16.708076,0.235325,31
2025-07-10,58945,1060392,16.755141,17.225791,16.661011,17.084596,0.37652,38
2025-07-11,24732,456493,17.225791,17.790571,17.131661,17.178726,0.09413,25
2025-07-14,5130,92526,17.084596,17.084596,16.896336,16.896336,-0.28239,7
2025-07-15,20170,357223,16.896336,16.896336,16.566881,16.566881,-0.329455,21
2025-07-16,17095,306472,16.566881,17.084596,16.566881,16.849271,0.28239,17
2025-07-17,11490,203400,16.755141,16.802206,16.613946,16.613946,-0.235325,14
2025-07-18,18694,330741,16.566881,16.849271,16.566881,16.566881,-0.047065,19
2025-07-21,9898,174103,16.237426,16.755141,16.237426,16.472751,-0.09413,12
2025-07-22,47571,848792,16.849271,17.649376,16.566881,16.566881,0.09413,41
2025-07-23,25085,443599,16.566881,16.802206,16.519816,16.613946,0.047065,19
2025-07-24,84374,1581529,16.802206,18.120026,16.802206,17.508181,0.894235,84
2025-07-25,25201,475372,17.461116,18.072961,17.461116,17.602311,0.09413,26
2025-07-28,44000,832300,17.602311,18.167091,17.414051,17.414051,-0.18826,37
2025-07-29,5164,94250,17.414051,17.414051,17.037531,17.037531,-0.37652,7
2025-07-30,2000,35500,16.708076,16.708076,16.708076,16.708076,-0.329455,2
2025-07-31,10076,174895,16.378621,16.519816,16.237426,16.284491,-0.423585,18
2025-08-01,44675,766715,16.096231,16.566881,16.049166,16.096231,-0.18826,51
2025-08-04,48482,824744,16.190361,16.519816,15.672646,15.672646,-0.423585,51
2025-08-05,17406,292557,15.766776,15.955036,15.766776,15.766776,0.09413,26
2025-08-06,507904,9083148,15.860906,17.319921,15.860906,16.425686,0.65891,452
2025-08-07,38150,672310,16.566881,17.037531,16.331556,16.331556,-0.09413,35
2025-08-08,142010,2558930,16.378621,17.461116,16.378621,16.708076,0.37652,129
2025-08-11,16003,286504,16.990466,17.131661,16.613946,16.802206,0.09413,17
2025-08-12,32476,580515,16.943401,17.508181,16.519816,16.519816,-0.28239,33
2025-08-13,29966,529393,16.708076,17.084596,16.425686,16.425686,-0.09413,28
2025-08-14,54788,986707,16.519816,17.272856,16.519816,16.896336,0.47065,59
2025-08-15,23379,411609,17.084596,17.084596,16.472751,16.472751,-0.423585,37
2025-08-18,4050,72390,16.943401,17.037531,16.613946,16.708076,0.235325,5
2025-08-19,17319,301883,16.425686,16.755141,16.190361,16.755141,0.047065,30
2025-08-20,5000,87400,16.472751,16.472751,16.378621,16.378621,-0.37652,4
2025-08-21,42515,761755,16.802206,17.319921,16.613946,16.661011,0.28239,42
2025-08-22,2508,43787,16.472751,16.472751,16.425686,16.425686,-0.235325,8
2025-08-25,11000,195150,16.943401,17.366986,16.519816,16.566881,0.141195,9
2025-08-26,54344,987343,16.566881,17.837636,16.566881,17.084596,0.517715,46
2025-08-27,34183,619736,16.849271,17.414051,16.802206,17.084596,0.0,34
2025-08-28,26000,467050,16.802206,17.084596,16.755141,16.943401,-0.141195,24
2025-08-29,5299,93210,16.566881,16.755141,16.566881,16.755141,-0.18826,9
2025-09-01,0,0,16.566881,16.755141,16.566881,16.755141,0.0,0
2025-09-02,7000,123850,16.849271,16.943401,16.472751,16.472751,-0.28239,6
2025-09-03,1000,17500,16.472751,16.472751,16.472751,16.472751,0.0,1
2025-09-04,2549,43999,16.143296,16.331556,16.143296,16.331556,-0.141195,10
2025-09-05,19062,326416,16.190361,16.284491,16.002101,16.096231,-0.235325,22
2025-09-08,18389,313933,16.096231,16.237426,15.813841,15.813841,-0.28239,44
2025-09-09,54941,955136,15.907971,16.849271,15.907971,16.143296,0.329455,57
2025-09-10,12229,210076,16.190361,16.237426,16.143296,16.237426,0.09413,13
2025-09-11,10579,179947,16.190361,16.237426,15.860906,15.955036,-0.28239,18
2025-09-12,11852,199021,15.719711,15.860906,15.719711,15.719711,-0.235325,14
2025-09-15,18285,311869,16.237426,16.425686,15.813841,15.907971,0.18826,24
2025-09-16,15000,249500,15.578516,15.813841,15.578516,15.813841,-0.09413,13
2025-09-17,7003,115232,15.578516,15.578516,15.531451,15.578516,-0.235325,17
2025-09-18,14000,231450,15.578516,15.578516,15.531451,15.531451,-0.047065,11
2025-09-19,9091,150851,15.531451,15.813841,15.531451,15.531451,0.0,11
2025-09-22,15555,255962,15.296126,15.719711,15.296126,15.484386,-0.047065,15
2025-09-23,30328,492104,15.343191,15.343191,15.201996,15.201996,-0.28239,35
2025-09-24,24101,389381,15.249061,15.296126,15.201996,15.296126,0.09413,11
2025-09-25,11100,179425,15.201996,15.296126,15.201996,15.201996,-0.09413,14
2025-09-26,2000,32200,15.154931,15.154931,15.154931,15.154931,-0.047065,2
2025-09-30,12702,206751,15.249061,15.860906,15.107866,15.107866,-0.047065,13
2025-10-01,2078,33379,15.107866,15.107866,15.107866,15.107866,0.0,5
2025-10-02,10953,174481,15.107866,15.107866,14.919606,14.919606,-0.18826,22
2025-10-03,10606,167280,14.919606,14.919606,14.778411,14.872541,-0.047065,23
2025-10-07,8334,129133,14.637216,14.684281,14.543086,14.684281,-0.18826,16
2025-10-08,143057,2430254,15.060801,16.143296,14.590151,15.578516,0.894235,109
2025-10-09,38030,633645,16.002101,16.143296,15.249061,15.343191,-0.235325,27
2025-10-13,7302,117162,15.060801,15.154931,15.060801,15.107866,-0.235325,8
2025-10-14,25919,413799,14.872541,15.249061,14.872541,15.013736,-0.09413,25
2025-10-15,60400,1002230,15.390256,15.955036,15.390256,15.578516,0.56478,45
2025-10-16,35416,589782,15.343191,15.860906,15.343191,15.531451,-0.047065,24
2025-10-17,51340,868755,15.531451,16.237426,15.531451,15.813841,0.28239,40
2025-10-20,15878,264230,15.672646,15.860906,15.625581,15.625581,-0.18826,23
2025-10-21,14428,243676,16.566881,16.566881,15.719711,15.766776,0.141195,18
2025-10-22,24005,399533,15.766776,15.766776,15.531451,15.625581,-0.141195,14
2025-10-23,95001,1624016,16.049166,16.566881,15.343191,15.484386,-0.141195,70
2025-10-27,21293,356051,15.672646,15.907971,15.578516,15.578516,0.09413,25
2025-10-28,23050,388750,15.907971,16.237426,15.672646,15.719711,0.141195,18
2025-10-29,45692,774107,15.955036,16.566881,15.578516,15.578516,-0.141195,44
2025-10-30,9120,150686,15.531451,15.578516,15.531451,15.531451,-0.047065,7
2025-10-31,4478,74187,15.437321,15.907971,15.437321,15.531451,0.0,8
2025-11-03,7757,127267,15.672646,15.672646,15.390256,15.484386,-0.047065,22
2025-11-04,108005,1663105,15.390256,15.390256,14.119501,14.590151,-0.894235,85
2025-11-05,16803,263858,14.590151,15.013736,14.590151,14.825476,0.235325,26
2025-11-06,21009,336341,15.201996,15.484386,14.872541,14.966671,0.141195,17
2025-11-07,10000,160050,15.107866,15.107866,15.013736,15.107866,0.141195,9
2025-11-10,27000,432600,15.154931,15.154931,15.060801,15.060801,-0.047065,15
2025-11-11,24003,382693,15.060801,15.107866,14.872541,15.107866,0.047065,20
2025-11-12,19134,306399,15.201996,15.201996,15.013736,15.060801,-0.047065,14
2025-11-13,42440,673717,14.966671,15.154931,14.872541,14.872541,-0.18826,35
2025-11-14,36186,567885,14.919606,15.060801,14.684281,14.731346,-0.141195,27
2025-11-17,31009,482732,14.543086,14.778411,14.543086,14.778411,0.047065,21
2025-11-18,60012,934188,14.543086,14.966671,14.543086,14.637216,-0.141195,31
2025-11-19,3089,48097,14.637216,14.778411,14.543086,14.543086,-0.09413,4
2025-11-20,18560,287110,14.684281,14.684281,14.496021,14.496021,-0.047065,16
2025-11-21,9220,140236,14.166566,14.496021,14.166566,14.354826,-0.141195,17
2025-11-24,41309,639769,14.307761,14.966671,14.307761,14.825476,0.47065,29
2025-11-25,120291,1983802,16.002101,16.002101,15.060801,15.955036,1.12956,100
2025-11-26,118473,1867107,16.2,16.3,15.6,15.65,-0.305036,95
2025-11-27,25200,393538,15.65,15.65,15.6,15.6,-0.05,20
2025-11-28,23000,360800,15.85,15.95,15.6,15.65,0.05,19
2025-12-01,16000,251450,15.8,15.9,15.6,15.6,-0.05,16
2025-12-02,40771,626070,15.4,15.4,15.3,15.35,-0.25,24
2025-12-03,9050,140087,15.35,15.75,15.35,15.45,0.1,9
2025-12-04,78894,1175276,15.25,15.3,14.55,14.65,-0.8,80
2025-12-05,215267,3060337,14.65,14.65,14.05,14.25,-0.4,149
2025-12-08,78333,1099884,14.25,14.25,13.95,13.95,-0.3,87
2025-12-09,56387,790566,13.9,14.15,13.9,13.95,0.0,80
2025-12-10,64372,901558,14.05,14.1,13.9,13.9,-0.05,40
2025-12-11,205640,2935359,14.3,14.6,14.0,14.15,0.25,105
2025-12-12,104966,1503323,14.3,14.55,14.15,14.15,0.0,69
2025-12-15,176719,2668892,14.25,15.5,14.25,15.3,1.15,1157
2025-12-16,89304,1359910,15.5,16.0,14.85,14.85,-0.45,82
2025-12-17,60126,891643,14.85,14.9,14.7,14.8,-0.05,61
2025-12-18,62300,914500,14.8,14.8,14.4,14.4,-0.4,41
2025-12-19,716029,9784888,14.05,14.05,13.4,13.45,-0.95,577
2025-12-22,270604,3552971,13.1,13.35,13.0,13.1,-0.35,236
2025-12-23,67789,892819,13.15,13.25,13.1,13.15,0.05,53
2025-12-24,164181,2124381,13.15,13.15,12.85,12.95,-0.2,116
2025-12-26,151710,1941206,13.0,13.0,12.7,12.8,-0.15,123
2025-12-29,19579,251008,12.8,12.9,12.8,12.8,0.0,42
2025-12-30,80162,1036971,12.8,13.25,12.8,13.15,0.35,114
2025-12-31,31498,409583,13.15,13.15,12.9,12.95,-0.2,33
2026-01-02,94504,1245401,12.9,13.3,12.9,13.25,0.3,61
2026-01-05,159076,2057545,13.3,13.3,12.65,12.9,-0.35,152
2026-01-06,105717,1336302,12.9,12.9,12.5,12.6,-0.3,125
2026-01-07,78328,983220,12.6,12.75,12.35,12.7,0.1,91
2026-01-08,101394,1270229,12.6,12.85,12.3,12.6,-0.1,106
2026-01-09,45000,569100,12.6,12.85,12.5,12.8,0.2,32
2026-01-12,40095,507396,12.7,12.8,12.55,12.65,-0.15,32
2026-01-13,50665,632810,12.6,12.6,12.4,12.4,-0.25,64
2026-01-14,93109,1171576,12.4,13.0,12.4,12.55,0.15,90
2026-01-15,51995,658092,12.55,12.8,12.55,12.6,0.05,55
2026-01-16,33089,421627,12.6,12.85,12.6,12.8,0.2,64
2026-01-19,47710,604840,12.8,12.8,12.6,12.65,-0.15,45
2026-01-20,57000,713150,12.65,12.65,12.4,12.45,-0.2,41
2026-01-21,29192,363686,12.5,12.5,12.35,12.35,-0.1,30
2026-01-22,77684,964629,12.45,12.5,12.35,12.5,0.15,54
2026-01-23,40457,502316,12.45,12.55,12.35,12.45,-0.05,27
2026-01-26,172800,2121507,12.4,12.45,12.05,12.25,-0.2,64
2026-01-27,44720,546370,12.25,12.3,12.1,12.25,0.0,44
2026-01-28,167448,2010418,12.25,12.25,11.8,12.0,-0.25,117
2026-01-29,158934,1848366,12.0,12.0,11.5,11.55,-0.45,148
2026-01-30,26348,305543,11.6,11.7,11.55,11.6,0.05,29
2026-02-02,45639,536813,11.65,12.0,11.65,11.85,0.25,40
2026-02-03,31528,368202,11.65,11.8,11.55,11.7,-0.15,27
2026-02-04,124491,1542851,11.75,12.8,11.75,12.15,0.45,100
2026-02-05,113595,1418308,12.3,12.65,12.2,12.5,0.35,109
2026-02-06,87081,1098137,12.55,12.75,12.5,12.6,0.1,94
2026-02-09,46052,570613,12.6,12.7,12.0,12.0,-0.6,42
2026-02-10,36417,442661,12.1,12.4,12.05,12.1,0.1,40
2026-02-11,107120,1292034,12.15,12.2,11.9,12.1,0.0,76
2026-02-23,63633,754553,12.1,12.1,11.65,11.95,-0.15,71
2026-02-24,69660,814831,11.8,11.9,11.6,11.75,-0.2,62
2026-02-25,268945,3069952,11.65,11.8,11.2,11.25,-0.5,172
2026-02-26,243156,2668673,11.3,11.3,10.8,11.0,-0.25,256
2026-03-02,134249,1419249,11.0,11.0,10.35,10.6,-0.4,170
2026-03-03,55568,577602,10.6,10.6,10.25,10.3,-0.3,75
2026-03-04,52474,529331,10.3,10.3,9.99,10.1,-0.2,67
2026-03-05,50081,503337,10.05,10.3,9.96,10.1,0.0,55
2026-03-06,44031,445681,10.35,10.35,10.0,10.2,0.1,43
2026-03-09,45620,453774,10.05,10.15,9.91,9.94,-0.26,60
2026-03-10,36267,361375,9.94,10.0,9.94,9.96,0.02,30
2026-03-11,51989,524448,10.05,10.2,10.0,10.15,0.19,44
2026-03-12,23079,231807,10.15,10.25,9.9,10.1,-0.05,32
2026-03-13,28324,285584,10.1,10.15,9.99,10.1,0.0,20
2026-03-16,37300,377312,10.1,10.2,10.0,10.15,0.05,36
2026-03-17,77760,780323,10.2,10.2,9.95,9.95,-0.2,76
2026-03-18,150784,1536893,10.1,10.35,10.0,10.3,0.35,93
2026-03-19,85330,880779,10.3,10.45,10.3,10.3,0.0,38
2026-03-20,30290,312605,10.15,10.4,10.15,10.3,0.0,42
2026-03-23,19050,195115,10.2,10.35,10.15,10.2,-0.1,13
2026-03-24,15398,157639,10.3,10.3,10.15,10.2,0.0,16
2026-03-25,22095,223793,10.3,10.3,10.1,10.1,-0.1,27
2026-03-26,22448,225390,10.1,10.15,10.0,10.0,-0.1,25
2026-03-27,80097,812115,10.0,10.3,10.0,10.1,0.1,49
2026-03-30,24163,241049,10.0,10.0,9.96,9.97,-0.13,42
2026-03-31,27171,275188,10.0,10.3,10.0,10.1,0.13,37
2026-04-01,24471,248021,10.25,10.25,10.05,10.05,-0.05,28
2026-04-02,29981,302328,10.15,10.2,10.0,10.0,-0.05,30
2026-04-07,31464,318097,10.1,10.15,10.05,10.05,0.05,22
2026-04-08,25000,251050,10.05,10.1,10.0,10.0,-0.05,19
2026-04-09,15467,155100,10.0,10.2,9.99,9.99,-0.01,14
2026-04-10,16301,162734,10.2,10.2,9.95,10.0,0.01,18
2026-04-13,173417,1790223,10.1,10.55,10.05,10.3,0.3,139
2026-04-14,179544,1823527,10.3,10.6,9.98,9.99,-0.31,128
2026-04-15,9749,97632,9.99,10.15,9.99,10.0,0.01,16
2026-04-16,16421,163813,9.95,10.05,9.95,10.0,0.0,17
2026-04-17,32672,325630,10.0,10.05,9.9,9.9,-0.1,27
2026-04-20,64982,642426,10.0,10.0,9.84,9.84,-0.06,49
2026-04-21,83249,812260,9.9,9.95,9.5,9.7,-0.14,81
2026-04-22,79990,769991,9.95,9.95,9.53,9.72,0.02,70
2026-04-23,55340,537379,9.72,9.76,9.61,9.72,0.0,47
2026-04-24,353690,3732773,9.8,10.65,9.8,10.65,0.93,151
2026-04-27,1196564,13611007,11.7,11.7,10.6,10.6,-0.05,458
2026-04-28,149000,1554350,10.3,10.7,10.3,10.5,-0.1,113
2026-04-29,65100,679940,10.65,10.65,10.35,10.55,0.05,49
2026-04-30,94685,1020044,10.55,11.3,10.5,10.7,0.15,72
2026-05-04,36590,381057,10.55,10.55,10.3,10.5,-0.2,38
2026-05-05,26860,278890,10.35,10.5,10.3,10.45,-0.05,27
2026-05-06,78501,820259,10.35,10.55,10.3,10.45,0.0,46
2026-05-07,49433,510921,10.4,10.5,10.25,10.3,-0.15,36
2026-05-08,65230,669072,11.0,11.0,10.15,10.15,-0.15,53
2026-05-11,23780,240811,10.1,10.15,10.05,10.1,-0.05,21
2026-05-12,102849,1018748,10.0,10.0,9.73,9.93,-0.17,67
2026-05-13,179767,1737097,10.0,10.0,9.5,9.58,-0.35,130
2026-05-14,152457,1442619,9.83,9.83,9.32,9.32,-0.26,101
2026-05-15,86371,806586,9.33,9.63,9.24,9.34,0.02,111
2026-05-18,36143,340705,9.44,9.53,9.32,9.47,0.13,41
2026-05-19,8357,79321,9.65,9.65,9.36,9.49,0.02,12
2026-05-20,32643,307312,9.65,9.65,9.33,9.36,-0.13,30
2026-05-21,153376,1522238,9.53,10.25,9.5,10.0,0.64,94
2026-05-22,25917,258277,10.0,10.0,9.91,9.95,-0.05,27
2026-05-25,189694,1836840,9.92,9.93,9.45,9.93,-0.02,72
2026-05-26,45599,449467,9.93,9.97,9.72,9.91,-0.02,49
2026-05-27,59782,587466,9.82,9.9,9.8,9.88,-0.03,36
2026-05-28,77583,749510,9.9,10.0,9.39,9.83,-0.05,91
2026-05-29,49556,490656,9.75,10.4,9.72,10.4,0.57,40
2026-06-01,69664,712910,10.4,10.5,10.0,10.45,0.05,99
2026-06-02,27100,266094,10.1,10.15,9.59,9.98,-0.47,23
2026-06-03,63742,632901,9.98,10.1,9.9,9.9,-0.08,36
2026-06-04,9967,99585,9.84,10.35,9.84,10.3,0.4,20
2026-06-05,24869,251006,10.3,10.35,10.0,10.15,-0.15,25
2026-06-08,55001,536809,9.52,10.25,9.52,9.75,-0.4,36
2026-06-09,30975,304513,10.0,10.0,9.77,9.83,0.08,57
2026-06-10,15144,147480,9.83,9.83,9.6,9.7,-0.13,63
2026-06-11,23750,231494,9.62,9.8,9.62,9.79,0.09,17
2026-06-12,51566,508036,9.86,9.98,9.76,9.98,0.19,132
2026-06-15,45777,453018,9.84,9.99,9.8,9.98,0.0,147
2026-06-16,8048,79207,9.98,9.99,9.92,9.98,0.0,17
2026-06-17,44389,438400,9.98,10.0,9.8,9.81,-0.17,88
2026-06-18,45746,453068,9.85,10.2,9.8,9.8,-0.01,91
2026-06-22,58297,572543,9.78,9.99,9.74,9.84,0.04,94
2026-06-23,51241,504798,9.86,9.88,9.7,9.83,-0.01,24
2026-06-24,7336,71746,9.8,9.8,9.76,9.76,-0.07,8
2026-06-25,449266,4301300,9.69,9.87,9.38,9.68,-0.08,131
2026-06-26,97486,935991,9.87,9.87,9.53,9.56,-0.12,59
2026-06-29,61181,580662,9.53,9.53,9.41,9.41,-0.15,79
2026-06-30,77504,733040,9.42,9.85,9.33,9.58,0.17,50
2026-07-01,39379,375168,9.58,9.84,9.4,9.57,-0.01,31
2026-07-02,113001,1062100,9.43,9.67,9.36,9.37,-0.2,42
2026-07-03,279249,2594207,9.37,9.68,9.2,9.47,0.1,139
2026-07-06,98090,919947,9.46,9.65,9.25,9.25,-0.22,75
2026-07-07,126967,1155750,9.58,9.58,8.6,8.6,-0.65,94
2026-07-08,27157,245051,9.05,9.07,8.79,9.0,0.4,29
2026-07-09,58114,523890,9.16,9.5,8.71,9.0,0.0,42
2026-07-13,79000,697700,9.1,9.2,8.7,8.99,-0.01,42
2026-07-14,22101,195918,8.99,8.99,8.7,8.98,-0.01,21
2026-07-15,3001,27448,9.16,9.19,9.09,9.09,0.11,4
2026-07-16,24110,216932,9.16,9.19,8.87,9.08,-0.01,22
2026-07-17,14001,126329,9.16,9.19,8.87,9.01,-0.07,14
2026-07-20,59529,523050,9.01,9.15,8.61,8.66,-0.35,49
2026-07-21,6443,56424,9.03,9.03,8.68,8.7,0.04,7
2026-07-22,68000,614320,8.76,9.12,8.76,9.11,0.41,36
2026-07-23,3020,27202,9.14,9.14,8.79,9.09,-0.02,7
2026-07-24,4100,37329,9.09,9.15,9.09,9.09,0.0,5
2026-07-27,9001,81679,9.15,9.15,9.0,9.0,-0.09,6
2026-07-28,36095,323704,8.99,9.1,8.66,8.94,-0.06,39
2026-07-29,11493,100809,9.05,9.05,8.67,8.88,-0.06,14
2026-07-30,26130,229452,8.7,8.88,8.66,8.66,-0.22,23
2026-07-31,31069,272072,8.88,8.88,8.67,8.67,0.01,69
2026-08-03,84892,732690,8.85,8.85,8.57,8.66,-0.01,52
2026-08-04,40000,344500,8.77,8.77,8.55,8.63,-0.03,33
2026-08-05,44656,384858,8.63,8.68,8.55,8.63,0.0,33
2026-08-06,41220,352756,8.64,8.69,8.47,8.64,0.01,30
2026-08-07,26396,228965,8.63,8.75,8.61,8.68,0.04,26
2026-08-10,22508,196222,8.66,8.85,8.66,8.8,0.12,23
2026-08-11,20020,175610,8.85,8.88,8.7,8.84,0.04,32
2026-08-12,23095,204686,8.84,8.9,8.8,8.88,0.04,20
2026-08-13,11000,96740,8.95,8.95,8.65,8.8,-0.08,11
2026-08-14,21000,181540,8.71,8.71,8.6,8.7,-0.1,15
