date,Trading_Volume,Trading_money,open,max,min,close,spread,Trading_turnover
2019-07-01,157466,14168195,77.501461,90.503227,77.312893,83.922202,-4.704773,126
2019-07-02,80791,6887917,84.836757,83.922202,77.690029,79.669993,-4.252209,56
2019-07-03,6030,499489,80.386552,80.131985,77.312893,77.312893,-2.3571,7
2019-07-04,27442,2414213,78.09545,86.326445,78.255733,84.949898,7.637005,23
2019-07-05,51180,4797912,82.951077,91.757204,85.798454,91.757204,6.807306,53
2019-07-08,61937,5820573,88.391265,91.757204,84.855614,88.617546,-3.139658,53
2019-07-09,27677,2512034,88.608118,88.617546,84.384194,86.543298,-2.074248,35
2019-07-10,22601,2050991,85.572173,86.731866,84.393622,86.731866,0.188568,15
2019-07-11,35723,3294743,85.562744,88.626975,85.525031,87.684135,0.952269,26
2019-07-12,69165,6355773,86.958148,88.617546,86.269874,88.617546,0.933411,37
2019-07-15,15405,1429095,86.637582,87.966987,86.741294,87.684135,-0.933411,12
2019-07-16,95345,9292167,87.467281,96.169696,88.617546,94.284016,6.599881,80
2019-07-17,110641,10451006,91.889202,94.284016,86.741294,89.843239,-4.440777,72
2019-07-18,20302,1947243,89.060681,92.869755,88.626975,92.869755,3.026516,18
2019-07-19,23401,2294388,90.427799,93.143179,91.455495,93.143179,0.273424,22
2019-07-22,220583,22486468,92.445477,99.469637,89.579243,98.045948,4.902769,138
2019-07-23,19991,2079228,96.113126,98.988788,96.169696,98.988788,0.94284,28
2019-07-24,167809,18145208,98.064805,107.672346,98.988788,103.712417,4.723629,127
2019-07-25,58896,6385455,101.949306,104.645829,99.950485,99.950485,-3.761932,49
2019-07-26,75831,8318761,102.22273,106.531509,100.883897,106.060089,6.109604,69
2019-07-29,228745,25684098,103.429565,114.121373,102.779005,113.13139,7.071301,165
2019-07-30,185403,22855161,105.862093,118.79786,109.378887,117.85502,4.72363,144
2019-07-31,325497,40461160,116.223906,124.040051,114.083659,122.559792,4.704772,208
2019-08-01,63991,8167953,117.20446,122.559792,115.978768,122.559792,0.0,72
2019-08-02,45273,5773531,120.344118,122.559792,117.864448,122.559792,0.0,61
2019-08-05,155206,21729762,120.240405,137.645234,122.474936,136.13669,13.576898,191
2019-08-06,115031,16234816,132.00705,138.588075,129.169101,138.588075,2.451385,150
2019-08-07,138110,20685342,133.063031,144.245116,137.664091,141.888015,3.29994,209
2019-08-08,139399,20247965,141.20917,142.368864,132.94989,138.116655,-3.77136,187
2019-08-12,68028,10148726,136.947533,142.368864,136.711823,142.368864,4.252209,97
2019-08-13,159227,23010187,140.652895,142.359435,132.00705,138.116655,-4.252209,132
2019-08-14,212501,29446743,136.249831,137.635806,123.512061,124.454901,-13.661754,183
2019-08-15,165838,20575634,130.649361,126.331153,108.426618,116.902751,-7.55215,194
2019-08-16,47758,5978653,116.978178,121.62638,113.150247,120.68354,3.780789,52
2019-08-19,86158,11573311,118.034159,134.95814,119.966982,133.958729,13.275189,109
2019-08-20,75184,10753223,126.651718,138.588075,131.054782,136.664681,2.705952,96
2019-08-21,82863,11111736,134.854428,135.768983,123.512061,135.457845,-1.206836,74
2019-08-22,33289,4675446,126.434865,136.702394,131.526202,132.459614,-2.998231,45
2019-08-23,16512,2276340,132.4219,132.459614,128.23569,129.640522,-2.819092,27
2019-08-26,15830,2142377,129.979944,129.640522,124.464329,129.159673,-0.480849,20
2019-08-27,14042,1895833,127.603987,131.045353,122.578649,128.216833,-0.94284,31
2019-08-28,9565,1277680,127.29285,128.216833,122.578649,126.802573,-1.41426,17
2019-08-29,33001,4260265,125.944588,126.802573,120.221548,121.814948,-4.987625,46
2019-08-30,6340,815828,121.720664,127.283421,119.278708,122.588077,0.773129,13
2019-09-02,7330,937566,121.324671,123.955195,119.750128,120.023552,-2.564525,19
2019-09-03,38920,4867858,120.598684,122.0978,116.912179,117.85502,-2.168532,68
2019-09-04,9970,1247615,117.921018,119.7407,117.053605,117.85502,0.0,19
2019-09-05,43235,5338838,117.987017,122.56922,114.225085,122.559792,4.704772,52
2019-09-06,20000,2559796,116.421903,122.559792,116.450188,121.513239,-1.046553,29
2019-09-09,20,2599,120.674112,122.559792,122.559792,122.559792,1.046553,1
2019-09-10,2496,316085,122.559792,122.559792,118.79786,118.79786,-3.761932,11
2019-09-11,21520,2676789,119.401277,120.68354,115.978768,116.902751,-1.895109,29
2019-09-12,42570,5480757,117.279887,125.388312,118.32644,123.04064,6.137889,42
2019-09-16,11095,1398666,121.39067,123.974052,117.864448,119.7407,-3.29994,16
2019-09-17,2401,300548,118.85443,121.522668,117.91159,117.977589,-1.763111,17
2019-09-18,3300,411685,118.024731,120.674112,117.034749,117.85502,-0.122569,8
2019-09-19,2520,318364,117.61931,120.674112,118.053016,118.053016,0.197996,4
2019-09-20,3125,392162,119.118425,120.202692,118.1473,119.636987,1.583971,6
2019-09-23,17572,2216721,118.317011,121.145532,116.921608,118.788431,-0.848556,24
2019-09-24,14752,1829073,118.939286,119.259851,115.035928,118.788431,0.0,22
2019-09-25,11292,1414211,116.902751,120.202692,115.130212,117.85502,-0.933411,12
2019-09-26,13702,1675453,118.081301,119.09014,114.083659,116.865037,-0.989983,27
2019-09-27,13656,1641831,115.290494,116.893323,112.197979,115.959911,-0.905126,19
2019-10-01,3930,473580,113.357672,115.017071,113.140819,113.60281,-2.357101,8
2019-10-02,650,78135,113.612239,115.959911,113.150247,113.150247,-0.452563,4
2019-10-03,14120,1670503,113.338815,116.902751,111.255138,116.902751,3.752504,21
2019-10-04,30,3705,111.547419,116.440759,116.440759,116.440759,-0.461992,2
2019-10-07,20770,2431976,116.440759,116.902751,106.550366,111.24571,-5.195049,32
2019-10-08,1200,141628,110.397154,112.18855,111.24571,112.18855,0.94284,5
2019-10-09,2170,247889,111.273995,112.18855,107.370637,112.18855,0.0,5
2019-10-14,48405,5087958,107.700631,107.389494,94.293444,97.121965,-15.066585,49
2019-10-15,10754,1140068,99.101929,102.760149,98.055376,99.007645,1.88568,17
2019-10-16,1970,211838,99.950485,101.817309,99.007645,100.883897,1.876252,10
2019-10-17,10210,1075491,101.383602,103.702989,99.007645,99.139642,-1.744255,16
2019-10-18,4930,517943,99.318782,99.931628,99.007645,99.469637,0.329995,9
2019-10-21,3090,323689,99.054787,101.817309,98.064805,101.817309,2.347672,6
2019-10-22,7760,822020,98.762506,100.883897,99.007645,100.883897,-0.933412,10
2019-10-23,3330,357607,99.875058,104.155552,99.950485,104.155552,3.271655,5
2019-10-24,9610,1060314,101.251604,108.426618,102.769577,106.069518,1.913966,13
2019-10-25,6230,711077,104.023554,110.30287,106.540938,108.426618,2.3571,12
2019-10-28,8795,1001417,107.615775,111.24571,106.540938,106.540938,-1.88568,11
2019-10-29,5510,614305,107.35178,109.36003,101.845594,105.598098,-0.94284,11
2019-10-30,3140,339313,105.117249,106.531509,101.855022,101.855022,-3.743076,6
2019-10-31,30,3404,101.883307,107.002929,107.002929,107.002929,5.147907,1
2019-11-01,32615,3515239,107.002929,103.712417,100.412477,100.883897,-6.119032,28
2019-11-04,12400,1327642,101.619312,104.985251,100.723614,100.893325,0.009428,9
2019-11-05,80925,8710958,100.949896,102.760149,99.941057,100.883897,-0.009428,42
2019-11-06,16769,1762109,101.487314,101.817309,98.526796,99.648776,-1.235121,25
2019-11-07,220,23540,99.073644,100.883897,100.883897,100.883897,1.235121,2
2019-11-08,13385,1371495,100.883897,99.941057,93.152607,97.112536,-3.771361,18
2019-11-11,25796,2564757,96.612831,97.574528,92.407764,95.698276,-1.41426,23
2019-11-12,120,12358,93.737168,97.103108,97.103108,97.103108,1.404832,2
2019-11-13,1085,113809,97.103108,98.988788,97.112536,98.045948,0.94284,4
2019-11-14,5020,527079,98.894504,98.998216,98.988788,98.998216,0.952268,4
2019-11-15,120,12958,98.998216,101.817309,101.817309,101.817309,2.819093,2
2019-11-18,25500,2670778,101.817309,102.703578,97.112536,102.703578,0.886269,14
2019-11-19,470,49453,98.753078,103.69356,98.536225,102.760149,0.056571,3
2019-11-20,1030,107839,99.205641,102.760149,98.592795,98.592795,-4.167354,2
2019-11-21,170,18099,98.715364,102.760149,98.715364,102.760149,4.167354,3
2019-11-22,1170,120354,100.384191,102.760149,96.7354,100.223909,-2.53624,4
2019-11-25,41,4386,96.989967,100.883897,100.223909,100.883897,0.659988,2
2019-11-26,1050,113827,100.86504,102.213301,102.109589,102.213301,1.329404,3
2019-11-27,19530,2073849,102.213301,101.817309,97.67824,100.883897,-1.329404,17
2019-11-28,9619,1024897,100.120196,100.874468,100.110768,100.874468,-0.009429,19
2019-11-29,1720,180664,100.459619,101.826737,98.102518,98.102518,-2.77195,9
2019-12-02,1320,141063,99.03593,101.817309,98.102518,100.883897,2.781379,5
2019-12-03,2200,231800,100.761328,100.412477,98.055376,100.412477,-0.47142,3
2019-12-04,150,15619,99.337639,99.931628,97.301104,99.931628,-0.480849,2
2019-12-05,3370,352789,98.177946,100.874468,97.67824,100.874468,0.94284,6
2019-12-06,7270,770126,98.705936,102.760149,99.629919,102.760149,1.885681,6
2019-12-09,2220,240557,99.875058,102.760149,100.874468,100.874468,-1.885681,4
2019-12-10,6420,672613,102.166159,101.817309,98.111947,100.883897,0.009429,10
2019-12-11,8520,895495,98.781363,101.826737,98.677651,101.195034,0.311137,13
2019-12-12,470,49472,99.101929,101.166749,98.687079,100.959324,-0.23571,5
2019-12-13,1121,116992,99.243355,100.959324,98.196802,100.780184,-0.17914,5
2019-12-16,1150,120760,98.394799,100.780184,98.74365,100.723614,-0.05657,3
2019-12-17,4020,419166,99.007645,102.119017,98.055376,98.988788,-1.734826,4
2019-12-18,3760,389850,98.309943,98.998216,97.112536,97.159678,-1.82911,6
2019-12-19,4100,427072,97.753667,98.988788,98.055376,98.055376,0.895698,7
2019-12-20,20,2099,98.206231,98.988788,98.988788,98.988788,0.933412,1
2019-12-23,120,12639,98.988788,99.309354,99.309354,99.309354,0.320566,2
2019-12-24,2000,208710,99.309354,98.998216,97.781953,98.998216,-0.311138,2
2019-12-25,4170,434784,98.394799,99.837344,97.791381,99.658205,0.659989,7
2019-12-26,27380,2948717,98.300515,102.769577,98.998216,101.62874,1.970535,42
2019-12-27,4220,446508,101.543885,102.675293,99.658205,100.987609,-0.641131,5
2019-12-30,19370,2040441,99.761917,100.883897,95.500279,99.648776,-1.338833,16
2019-12-31,21465,2220572,99.318782,98.998216,96.55626,98.055376,-1.5934,17
2020-01-02,15300,1583892,97.536814,97.895093,97.319961,97.593385,-0.461991,13
2020-01-03,16021,1655407,97.602813,98.932218,96.179124,96.179124,-1.414261,18
2020-01-06,4640,478960,97.423673,98.988788,96.179124,98.357085,2.177961,7
2020-01-07,11700,1223702,97.319961,98.998216,97.781953,97.781953,-0.575132,11
2020-01-08,10070,1049670,98.611652,99.27164,97.923379,98.243944,0.461991,7
2020-01-09,7860,820713,98.281658,99.460208,98.281658,98.611652,0.367708,12
2020-01-10,5820,605441,98.451369,98.375942,97.847951,97.847951,-0.763701,7
2020-01-13,25420,2657668,98.083661,99.752489,98.055376,98.055376,0.207425,19
2020-01-14,22020,2301539,98.573938,98.969931,97.744239,98.573938,0.518562,15
2020-01-15,5020,520569,98.545653,99.931628,97.140821,98.80022,0.226282,4
2020-01-16,11520,1190679,97.772524,98.988788,97.027681,97.583956,-1.216264,11
2020-01-17,20,2097,97.451959,98.894504,98.894504,98.894504,1.310548,1
2020-01-20,54443,5413482,98.894504,96.358264,89.579243,95.764275,-3.130229,43
2020-01-30,33580,3173296,93.746597,92.398335,84.865043,87.674706,-8.089569,28
2020-01-31,50435,4476360,89.098395,87.684135,80.622262,82.498514,-5.176192,58
2020-02-03,60573,5037967,83.686492,80.886257,75.238645,78.255733,-4.242781,67
2020-02-04,28700,2476165,78.416016,82.121378,80.141413,82.121378,3.865645,15
2020-02-05,12200,1051940,81.348249,82.121378,81.084253,81.555674,-0.565704,9
2020-02-06,10020,883590,81.291678,85.506174,82.130806,84.384194,2.82852,7
2020-02-07,2500,223480,83.139645,84.403051,84.11077,84.11077,-0.273424,3
2020-02-10,26000,2247960,84.280482,83.441354,79.952845,80.141413,-3.969357,17
2020-02-11,3000,263970,81.51796,82.960505,82.960505,82.960505,2.819092,3
2020-02-12,9205,826655,82.960505,88.513834,83.903346,85.798454,2.837949,14
2020-02-13,22270,2102229,84.667046,91.446067,83.903346,91.446067,5.647613,19
2020-02-14,2500,233420,89.004111,89.004111,87.787847,89.004111,-2.441956,3
2020-02-17,2100,197369,88.032985,89.560386,88.032985,89.560386,0.556275,3
2020-02-18,100,9498,88.617546,89.550958,89.550958,89.550958,-0.009428,1
2020-02-19,200,18998,89.550958,89.560386,89.560386,89.560386,0.009428,1
2020-02-20,3300,310477,89.560386,89.560386,86.741294,86.741294,-2.819092,4
2020-02-21,20,1899,88.702402,89.560386,89.560386,89.560386,2.819092,1
2020-02-24,2140,196883,89.560386,89.30582,86.458442,86.458442,-3.101944,5
2020-02-25,0,0,92.0,89.30582,86.458442,86.458442,0.0,0
2020-02-26,6101,559454,86.741294,88.617546,84.949898,86.279303,-0.179139,8
2020-02-27,8750,797040,86.458442,86.458442,84.865043,85.826739,-0.452564,10
2020-03-02,4412,393745,85.88331,85.88331,80.895685,82.969934,-2.856805,9
2020-03-03,4501,414657,84.139056,89.013539,82.498514,89.013539,6.043605,6
2020-03-04,39580,3450831,86.863864,85.317606,78.830865,80.141413,-8.872126,27
2020-03-05,3200,272351,82.206233,80.857972,80.141413,80.377123,0.23571,4
2020-03-06,39100,3327897,80.245126,83.846775,78.821437,80.141413,-0.23571,17
2020-03-09,16000,1327800,80.245126,80.037701,76.058915,76.058915,-4.082498,8
2020-03-10,1300,104892,78.246305,76.370053,76.049487,76.049487,-0.009428,4
2020-03-11,15640,1234487,76.077772,78.255733,74.012952,75.3235,-0.725987,15
2020-03-12,28041,2141988,74.418374,75.3235,70.72244,70.72244,-4.60106,24
2020-03-13,26270,1822647,72.02356,69.864456,63.179719,65.253967,-5.468473,27
2020-03-16,14300,969670,65.41425,64.29227,62.991151,64.113131,-1.140836,14
2020-03-17,22740,1454504,63.933991,62.981722,57.786673,59.389501,-4.72363,17
2020-03-18,24417,1441404,60.304056,59.39893,51.950493,52.893333,-6.496168,32
2020-03-19,113451,5158816,55.655854,53.741889,40.353559,43.078367,-9.814966,72
2020-03-20,37910,1812045,42.870942,47.604,43.031225,47.604,4.525633,33
2020-03-23,24070,1223204,45.067759,49.970528,45.30347,48.744836,1.140836,16
2020-03-24,15615,836149,47.915137,51.667641,49.027688,50.25338,1.508544,17
2020-03-25,6000,333500,50.48909,52.799049,51.950493,52.799049,2.545669,5
2020-03-26,46596,2735759,52.403056,59.39893,52.799049,56.098989,3.29994,27
2020-03-27,2050,126790,55.354146,58.361806,56.381841,56.381841,0.282852,3
2020-03-30,15590,926503,58.314664,58.738942,53.741889,58.738942,2.357101,11
2020-03-31,4308,258076,56.032991,56.570409,56.098989,56.098989,-2.639953,5
2020-04-01,401,24821,56.485554,58.361806,58.361806,58.361806,2.262817,3
2020-04-06,5000,300690,58.361806,58.361806,55.910421,56.098989,-2.262817,8
2020-04-07,9100,547210,56.702407,57.51325,56.570409,57.51325,1.414261,7
2020-04-08,2100,128060,56.692979,58.078954,57.324682,57.607534,0.094284,3
2020-04-09,6900,418110,57.494393,57.51325,56.098989,57.230398,-0.377136,7
2020-04-10,0,0,60.6,57.51325,56.098989,57.230398,0.0,0
2020-04-13,11300,698720,57.136113,58.550374,57.136113,58.550374,1.319976,9
2020-04-14,31100,1951670,58.295807,60.058918,58.361806,59.021794,0.47142,21
2020-04-15,59110,3885873,59.16322,65.998811,58.92751,65.810243,6.788449,39
2020-04-16,35872,2445350,61.982312,67.601639,63.641711,65.998811,0.188568,26
2020-04-17,27001,2046475,64.273413,72.598692,68.450195,72.410124,6.411313,29
2020-04-20,21201,1685856,71.457855,77.784313,72.410124,77.030041,4.619917,22
2020-04-21,41635,3409979,74.974649,78.067165,76.464337,77.312893,0.282852,38
2020-04-22,27055,2150560,77.218609,77.218609,72.504408,73.541532,-3.771361,22
2020-04-23,0,0,79.49,77.218609,72.504408,73.541532,0.0,0
2020-04-24,9010,725006,74.946364,75.992917,75.710065,75.710065,2.168533,6
2020-04-27,16110,1228588,75.870347,74.295804,68.355911,69.770172,-5.939893,19
2020-04-28,2210,171150,71.90099,75.332929,72.598692,75.332929,5.562757,4
2020-04-29,24644,1948784,73.013542,75.521497,73.070112,73.7301,-1.602829,21
2020-04-30,27694,2186513,74.5598,75.332929,73.541532,74.484372,0.754272,25
2020-05-04,11750,928499,74.43723,75.615781,73.541532,73.918668,-0.565704,19
2020-05-05,16960,1339004,74.503229,78.067165,73.918668,76.275769,2.357101,19
2020-05-06,3850,302419,74.43723,75.710065,72.410124,72.410124,-3.865645,7
2020-05-07,2020,158398,74.060094,75.332929,72.504408,72.504408,0.094284,3
2020-05-08,29600,2306251,73.928097,75.427213,73.070112,73.824384,1.319976,22
2020-05-11,3494,273314,73.456677,75.14436,72.881544,75.14436,1.319976,11
2020-05-12,210,16718,73.748957,75.238645,75.050076,75.050076,-0.094284,2
2020-05-13,4620,364837,75.059505,75.427213,73.25868,73.352964,-1.697112,9
2020-05-14,9110,710204,74.456087,75.427213,73.070112,73.541532,0.188568,10
2020-05-15,10,802,73.503819,75.615781,75.615781,75.615781,2.074249,1
2020-05-18,2170,171323,75.615781,75.615781,73.164396,73.164396,-2.451385,6
2020-05-19,6195,494955,74.43723,75.615781,74.955792,74.955792,1.791396,11
2020-05-20,1100,88080,75.332929,75.710065,73.352964,73.352964,-1.602828,2
2020-05-21,4510,355203,75.493211,75.710065,73.25868,74.955792,1.602828,6
2020-05-22,3500,278906,74.258091,75.332929,74.767224,74.767224,-0.188568,8
2020-05-25,36710,2945000,75.134932,76.747189,75.427213,75.521497,0.754273,30
2020-05-26,19581,1605652,75.634637,80.047129,75.615781,80.047129,4.525632,24
2020-05-27,91662,8532903,77.312893,95.226856,80.047129,86.269874,6.222745,80
2020-05-28,26795,2458004,87.76899,90.135519,85.798454,85.892738,-0.377136,30
2020-05-29,5530,497263,86.486728,86.269874,84.667046,84.667046,-1.225692,7
2020-06-01,34637,3255746,84.780187,92.775471,86.741294,88.626975,3.959929,35
2020-06-02,2310,218060,88.626975,89.004111,88.626975,89.004111,0.377136,6
2020-06-03,22732,2118910,89.004111,89.098395,86.269874,86.269874,-2.734237,19
2020-06-04,88155,8119180,87.882131,87.589851,84.101342,84.384194,-1.88568,51
2020-06-05,17231,1552655,86.835578,86.364158,81.838526,85.798454,1.41426,13
2020-06-08,34617,3190649,84.959327,87.024146,86.741294,86.741294,0.94284,18
2020-06-09,11071,980107,86.901577,84.855614,80.612833,84.195626,-2.545668,13
2020-06-10,4610,412881,83.469639,88.249839,83.912774,88.249839,4.054213,10
2020-06-11,4000,371400,84.440764,87.872703,87.212714,87.212714,-1.037125,3
2020-06-12,14000,1244300,87.542709,84.855614,82.498514,83.252786,-3.959928,9
2020-06-15,12494,1135496,83.799633,86.741294,83.912774,86.458442,3.205656,17
2020-06-16,0,0,90.88,86.741294,83.912774,86.458442,0.0,0
2020-06-17,3500,321950,85.685313,88.155555,84.855614,88.155555,1.697113,5
2020-06-18,14500,1317510,86.731866,89.664099,84.007058,89.664099,1.508544,16
2020-06-19,97270,8925752,85.666457,87.966987,85.515602,85.609886,-4.054213,71
2020-06-22,18902,1757166,86.515013,89.192679,85.892738,88.909827,3.299941,19
2020-06-23,40501,3761301,87.646421,90.135519,87.401283,89.852667,0.94284,29
2020-06-24,69397,6931566,87.561565,108.426618,89.098395,105.126677,15.27401,113
2020-06-29,44711,4790603,94.170875,108.426618,96.169696,104.183837,-0.94284,67
2020-06-30,163114,18652760,101.025323,124.454901,98.998216,113.140819,8.956982,206
2020-07-01,25801,3018190,107.813772,113.612239,107.483778,112.197979,-0.94284,49
2020-07-02,19633,2254773,110.293442,114.555079,107.012358,110.312298,-1.885681,34
2020-07-03,32234,3620089,108.285192,106.540938,103.712417,106.540938,-3.77136,41
2020-07-06,27700,3269875,105.890378,115.026499,106.540938,111.255138,4.7142,42
2020-07-07,17608,2035916,111.30228,111.726559,106.069518,111.255138,0.0,23
2020-07-08,24260,2748135,109.011179,110.783718,104.183837,108.426618,-2.82852,30
2020-07-09,23401,2566236,106.804933,108.426618,101.355317,105.126677,-3.299941,31
2020-07-10,18379,1930272,103.391852,101.826737,97.583956,97.583956,-7.542721,26
2020-07-13,27381,2736645,99.026502,98.998216,91.549779,98.998216,1.41426,32
2020-07-14,12683,1281076,94.236874,97.112536,93.246891,95.226856,-3.77136,17
2020-07-15,6680,666250,95.236284,97.112536,92.398335,97.112536,1.88568,12
2020-07-16,1351,138082,94.038877,96.641116,93.90688,96.641116,-0.47142,7
2020-07-17,15253,1506370,96.367692,96.169696,91.455495,91.455495,-5.185621,16
2020-07-20,5143,505841,93.114894,94.189732,88.721259,94.189732,2.734237,8
2020-07-21,23449,2248309,92.737758,94.189732,89.192679,91.738347,-2.451385,25
2020-07-22,9520,937183,90.399514,94.284016,89.286963,93.341176,1.602829,10
2020-07-23,1160,115153,92.813185,94.095448,90.229803,94.095448,0.754272,3
2020-07-24,9360,891697,93.595742,92.398335,89.004111,92.304051,-1.791397,12
2020-07-27,5320,519958,89.824382,92.398335,91.455495,91.926915,-0.377136,7
2020-07-28,11110,1087550,92.153197,93.246891,91.926915,92.209767,0.282852,12
2020-07-29,0,0,97.89,93.246891,91.926915,92.209767,0.0,0
2020-07-30,11251,1052692,92.294623,92.398335,87.778419,88.438407,-3.77136,13
2020-07-31,2370,219911,88.212125,91.361211,86.835578,91.361211,2.922804,6
2020-08-03,4130,384507,87.486138,88.532691,87.306999,88.532691,-2.82852,9
2020-08-04,4125,386423,87.778419,88.532691,87.684135,88.532691,0.0,10
2020-08-05,1102,107205,88.325266,92.209767,87.778419,92.115483,3.582792,4
2020-08-06,160,15648,91.71949,92.209767,92.209767,92.209767,0.094284,5
2020-08-07,13993,1348226,92.209767,92.115483,87.966987,92.115483,-0.094284,21
2020-08-10,35355,3533566,90.842649,95.698276,92.209767,94.284016,2.168533,46
2020-08-11,55682,6167051,94.236874,112.197979,94.755436,98.998216,4.7142,77
2020-08-12,30840,3133052,104.419547,103.712417,90.135519,94.755436,-4.24278,39
2020-08-13,22170,2236050,95.783132,98.998216,90.606939,94.755436,0.0,26
2020-08-14,39930,4058485,95.094858,101.826737,93.90688,94.284016,-0.47142,37
2020-08-17,14875,1511606,95.830274,97.583956,94.001164,94.284016,0.0,21
2020-08-18,3643,365204,95.811417,94.755436,94.001164,94.284016,0.0,7
2020-08-19,9040,890340,94.519726,95.698276,91.455495,93.90688,-0.377136,12
2020-08-20,21920,2157599,92.860327,94.755436,91.172643,92.398335,-1.508545,27
2020-08-21,32660,3135812,92.803757,91.455495,90.229803,90.418371,-1.979964,21
2020-08-24,61288,6251927,90.522083,101.355317,90.512655,100.412477,9.994106,47
2020-08-25,39531,4238765,96.179124,103.712417,97.583956,98.998216,-1.414261,40
2020-08-26,16465,1680500,101.10075,98.055376,95.226856,95.698276,-3.29994,19
2020-08-27,22020,2232530,96.226266,97.112536,94.284016,94.755436,-0.94284,18
2020-08-28,22360,2246996,95.594563,96.169696,90.606939,94.284016,-0.47142,21
2020-08-31,23619,2325296,94.746007,93.90688,91.078359,92.115483,-2.168533,21
2020-09-01,46501,4517397,92.822613,92.021199,91.266927,91.455495,-0.659988,32
2020-09-02,9760,923280,91.596921,91.738347,87.306999,90.512655,-0.94284,16
2020-09-03,43250,4047393,89.192679,92.586903,84.28991,90.135519,-0.377136,38
2020-09-04,39379,3844428,88.230982,94.755436,88.626975,94.001164,3.865645,55
2020-09-07,68337,6854065,92.049484,96.641116,90.041235,95.226856,1.225692,81
2020-09-08,173747,18519929,94.566868,104.183837,96.169696,103.712417,8.485561,190
2020-09-09,701152,91385907,100.497332,138.597503,103.712417,136.711823,32.999406,847
2020-09-10,975574,190765707,122.889786,306.894471,133.411882,230.995838,94.284015,1366
2020-09-11,1004062,257200722,184.362964,275.780746,195.639333,239.00998,8.014142,1637
2020-09-14,455814,100899646,241.517935,246.081281,188.568031,202.239214,-36.770766,854
2020-09-15,296896,55479389,208.707097,202.710634,164.525607,173.954009,-28.285205,583
2020-09-16,226937,40573881,176.179112,179.13963,156.040046,179.13963,5.185621,416
2020-09-17,5672327,629966016,105.598098,113.612239,92.398335,101.826737,-77.312893,4321
2020-09-18,4098677,398311638,98.055376,98.055376,86.741294,88.344123,-13.482614,3586
2020-09-21,1865175,167175275,88.249839,88.249839,83.064218,83.912774,-4.431349,1629
2020-09-22,1412492,127043573,84.667046,86.64701,83.912774,84.949898,1.037124,1220
2020-09-23,1186580,103588362,85.138466,85.138466,81.178537,81.367106,-3.582792,1085
2020-09-24,1340252,109563225,79.669993,79.669993,75.427213,75.427213,-5.939893,1141
2020-09-25,1079940,88006764,76.275769,79.575709,75.427213,75.898633,0.47142,899
2020-09-28,992092,76827858,75.427213,75.710065,71.84442,72.127272,-3.771361,909
2020-09-29,633340,48970280,73.070112,73.635816,72.221556,72.221556,0.094284,540
2020-09-30,709030,53417146,72.598692,72.598692,70.43016,70.43016,-1.791396,619
2020-10-05,437442,32424078,70.241592,70.713012,68.827331,70.618728,0.188568,400
2020-10-06,1519658,121637250,71.655852,77.595745,70.995864,77.595745,6.977017,1236
2020-10-07,1921290,160369520,78.632869,80.047129,77.595745,78.161449,0.565704,1568
2020-10-08,923465,74397900,78.444301,79.104289,74.20152,74.484372,-3.677077,822
2020-10-12,465260,36114132,75.427213,75.427213,72.31584,72.31584,-2.168532,450
2020-10-13,274150,21168461,73.070112,73.25868,71.655852,72.692976,0.377136,264
2020-10-14,581795,46349415,73.541532,76.747189,73.164396,74.767224,2.074248,556
2020-10-15,246428,19248484,74.767224,74.955792,73.164396,73.447248,-1.319976,234
2020-10-16,261811,20197681,73.164396,73.635816,71.750136,71.84442,-1.602828,252
2020-10-19,114307,8757912,72.598692,72.78726,71.938704,71.938704,0.094284,115
2020-10-20,164723,12468124,71.750136,71.750136,71.184432,71.184432,-0.754272,166
2020-10-21,237788,18299255,71.561568,73.164396,71.561568,72.221556,1.037124,225
2020-10-22,151537,11501512,72.221556,72.221556,71.278716,71.467284,-0.754272,148
2020-10-23,652549,51011448,71.655852,75.050076,71.655852,72.975828,1.508544,569
2020-10-26,251166,19646156,73.352964,74.955792,72.410124,72.78726,-0.188568,248
2020-10-27,130571,10036578,72.31584,72.975828,71.938704,72.221556,-0.565704,142
2020-10-28,164968,12654364,72.31584,72.881544,71.750136,71.750136,-0.47142,160
2020-10-29,288007,21564320,70.807296,71.278716,70.053024,70.807296,-0.94284,250
2020-10-30,123392,9257916,71.278716,71.655852,70.43016,70.43016,-0.377136,129
2020-11-02,191640,14200873,70.713012,70.713012,69.48732,69.675888,-0.754272,170
2020-11-03,166552,12348901,70.43016,70.524444,69.770172,69.864456,0.188568,137
2020-11-04,85432,6349584,70.618728,70.618728,69.864456,69.95874,0.094284,82
2020-11-05,97276,7244753,70.43016,70.618728,69.864456,70.147308,0.188568,100
2020-11-06,116621,8672352,70.241592,70.618728,69.864456,70.053024,-0.094284,111
2020-11-09,228405,17259398,70.713012,71.938704,70.713012,71.655852,1.602828,217
2020-11-10,765288,60015239,72.410124,75.050076,72.410124,72.975828,1.319976,706
2020-11-11,312453,24355419,73.635816,74.578656,72.78726,73.070112,0.094284,297
2020-11-12,313475,23878047,73.25868,73.25868,71.090148,71.090148,-1.979964,301
2020-11-13,124643,9465493,71.655852,71.84442,71.278716,71.750136,0.659988,121
2020-11-16,151955,11632167,72.31584,72.692976,71.561568,71.84442,0.094284,138
2020-11-17,314810,24406406,73.352964,74.012952,72.504408,72.78726,0.94284,271
2020-11-18,487855,38243149,73.164396,74.767224,72.78726,73.635816,0.848556,429
2020-11-19,202253,15693578,73.7301,73.918668,72.504408,72.692976,-0.94284,199
2020-11-20,181156,13930392,73.070112,73.352964,72.127272,72.31584,-0.377136,170
2020-11-23,172165,13277254,72.692976,73.25868,72.221556,72.78726,0.47142,150
2020-11-24,133154,10281269,73.164396,73.541532,72.504408,72.504408,-0.282852,133
2020-11-25,139157,10734691,72.692976,73.352964,72.504408,72.598692,0.094284,131
2020-11-26,119556,9232437,72.692976,73.164396,72.692976,72.692976,0.094284,120
2020-11-27,462048,36327862,73.070112,75.992917,72.975828,74.484372,1.791396,413
2020-11-30,1183891,96745552,75.332929,78.538585,75.238645,78.350017,3.865645,1036
2020-12-01,649650,53246120,79.198573,79.669993,75.521497,75.992917,-2.3571,600
2020-12-02,388745,31448513,76.558621,77.312893,75.521497,75.710065,-0.282852,362
2020-12-03,310252,24631702,76.181485,76.181485,74.20152,74.20152,-1.508545,313
2020-12-04,152940,12109480,74.955792,75.427213,74.295804,74.484372,0.282852,153
2020-12-07,174683,13738090,74.861508,74.955792,73.541532,73.635816,-0.848556,185
2020-12-08,169750,13166367,73.541532,73.541532,72.78726,73.164396,-0.47142,163
2020-12-09,294188,23297546,73.25868,75.898633,73.25868,74.578656,1.41426,266
2020-12-10,181560,14273271,74.861508,75.332929,73.447248,73.635816,-0.94284,200
2020-12-11,207051,16126279,74.484372,74.955792,72.78726,73.070112,-0.565704,199
2020-12-14,107918,8377954,72.881544,73.635816,72.881544,73.25868,0.188568,103
2020-12-15,229712,17660903,73.635816,73.635816,71.938704,72.221556,-1.037124,208
2020-12-16,107689,8276959,72.598692,73.070112,72.127272,72.410124,0.188568,110
2020-12-17,105540,8144013,72.598692,73.447248,72.221556,73.25868,0.848556,102
2020-12-18,100630,7837955,73.541532,73.635816,72.975828,73.25868,0.0,91
2020-12-21,89308,6895779,73.541532,73.541532,72.504408,72.78726,-0.47142,79
2020-12-22,284806,21693936,72.598692,72.692976,70.713012,70.90158,-1.88568,269
2020-12-23,196191,14760112,71.184432,71.373,70.713012,70.807296,-0.094284,159
2020-12-24,151917,11446691,71.278716,71.84442,70.618728,70.90158,0.094284,144
2020-12-25,69226,5229680,70.995864,71.750136,70.90158,71.090148,0.188568,65
2020-12-28,97474,7333184,71.184432,71.184432,70.618728,70.807296,-0.282852,117
2020-12-29,104753,7855523,71.184432,71.184432,70.43016,70.618728,-0.188568,107
2020-12-30,60975,4576112,70.713012,71.184432,70.618728,70.713012,0.094284,75
2020-12-31,84735,6356610,70.713012,71.184432,70.618728,70.618728,-0.094284,82
2021-01-04,136939,10239052,70.807296,70.807296,70.241592,70.524444,-0.094284,123
2021-01-05,91819,6863557,70.713012,70.713012,70.335876,70.524444,0.0,88
2021-01-06,199833,14935026,70.713012,71.278716,69.95874,69.95874,-0.565704,180
2021-01-07,109453,8120323,69.95874,70.241592,69.864456,70.053024,0.094284,101
2021-01-08,438585,33426990,70.053024,73.352964,69.581604,72.127272,2.074248,390
2021-01-11,259098,20066955,72.221556,74.012952,72.221556,72.410124,0.282852,219
2021-01-12,310967,23396566,72.78726,72.78726,69.770172,70.147308,-2.262816,272
2021-01-13,177917,13247435,70.241592,70.618728,69.770172,70.053024,-0.094284,143
2021-01-14,113432,8416143,70.053024,70.524444,69.675888,69.770172,-0.282852,103
2021-01-15,127369,9410448,69.770172,69.864456,69.48732,69.48732,-0.282852,124
2021-01-18,60616,4452746,69.581604,69.581604,69.110183,69.204467,-0.282853,81
2021-01-19,75970,5581958,69.298752,69.48732,69.110183,69.110183,-0.094284,88
2021-01-20,447004,31738498,69.110183,69.110183,65.998811,66.093095,-3.017088,435
2021-01-21,167764,11794037,66.564515,67.035935,65.998811,65.998811,-0.094284,163
2021-01-22,116487,8168443,67.035935,67.035935,65.998811,65.998811,0.0,113
2021-01-25,168254,11598175,65.527391,65.621675,64.301699,65.055971,-0.94284,177
2021-01-26,157351,10744663,65.055971,65.055971,63.830279,63.830279,-1.225692,156
2021-01-27,78474,5341688,64.018847,64.584551,64.018847,64.113131,0.282852,106
2021-01-28,90380,6076608,64.113131,64.113131,62.887438,63.264575,-0.848556,110
2021-01-29,81189,5489566,63.924563,64.395983,63.17029,63.17029,-0.094285,87
2021-02-01,101584,6770765,63.264575,63.358859,62.416018,62.793154,-0.377136,96
2021-02-02,91566,6136644,62.981722,63.641711,62.793154,63.264575,0.471421,86
2021-02-03,162183,11229560,63.830279,66.847367,63.830279,64.773119,1.508544,159
2021-02-04,93262,6529242,65.055971,66.470231,65.055971,65.998811,1.225692,92
2021-02-05,74203,5198681,66.847367,66.847367,65.621675,65.810243,-0.188568,70
2021-02-17,157085,11166676,66.281663,67.507355,66.281663,67.413071,1.602828,155
2021-02-18,86284,6148390,66.753083,67.790207,66.753083,67.318787,-0.094284,91
2021-02-19,64561,4641792,67.318787,68.073059,67.318787,67.978775,0.659988,74
2021-02-22,263067,19556969,68.450195,71.090148,68.450195,70.995864,3.017089,244
2021-02-23,339262,25739527,71.184432,73.070112,70.241592,70.524444,-0.47142,277
2021-02-24,97042,7220604,70.335876,70.807296,69.581604,69.581604,-0.94284,112
2021-02-25,243939,18355083,70.713012,71.84442,70.335876,70.713012,1.131408,207
2021-02-26,90951,6762867,69.864456,70.618728,69.581604,70.335876,-0.377136,89
2021-03-02,91024,6834027,70.713012,71.184432,69.95874,69.95874,-0.377136,82
2021-03-03,89777,6683810,69.95874,70.90158,69.298752,70.618728,0.659988,84
2021-03-04,25403,1895019,70.053024,70.43016,70.053024,70.335876,-0.282852,31
2021-03-05,52386,3931440,70.713012,70.995864,70.43016,70.807296,0.47142,62
2021-03-08,117395,8844130,71.184432,71.655852,70.43016,70.43016,-0.377136,112
2021-03-09,93520,7048777,70.713012,71.561568,70.335876,71.561568,1.131408,94
2021-03-10,85288,6498646,71.938704,72.221556,71.467284,71.561568,0.0,90
2021-03-11,220100,17069733,73.541532,73.635816,72.692976,72.78726,1.225692,236
2021-03-12,106624,8246517,73.352964,73.352964,72.598692,72.78726,0.0,127
2021-03-15,269287,21155098,73.352964,75.050076,72.78726,73.918668,1.131408,262
2021-03-16,159493,12536918,74.484372,74.484372,73.918668,73.918668,0.0,147
2021-03-17,224168,17287301,73.918668,73.918668,71.655852,71.655852,-2.262816,223
2021-03-18,97156,7451268,72.127272,72.881544,71.750136,72.032988,0.377136,95
2021-03-19,66585,5124868,72.127272,72.78726,72.127272,72.78726,0.754272,68
2021-03-22,66311,5085729,72.78726,72.881544,71.938704,72.127272,-0.659988,68
2021-03-23,210222,16356217,73.352964,73.918668,72.692976,72.692976,0.565704,201
2021-03-24,85340,6602464,73.352964,73.352964,72.78726,73.070112,0.377136,67
2021-03-25,109045,8467492,73.447248,73.447248,73.070112,73.164396,0.094284,76
2021-03-26,126348,9742560,73.541532,73.541532,72.221556,72.221556,-0.94284,98
2021-03-29,111084,8519845,72.692976,72.881544,71.938704,72.31584,0.094284,99
2021-03-30,60815,4667423,72.598692,72.598692,72.221556,72.410124,0.094284,67
2021-03-31,67522,5161227,72.410124,72.410124,71.750136,71.750136,-0.659988,69
2021-04-01,83381,6389543,72.598692,72.78726,71.750136,71.750136,0.0,75
2021-04-06,103077,7853051,71.938704,72.31584,71.655852,71.84442,0.094284,93
2021-04-07,79131,6013079,71.938704,72.127272,71.278716,71.561568,-0.282852,74
2021-04-08,76840,5837665,71.561568,71.750136,71.467284,71.561568,0.0,77
2021-04-09,127251,9605359,71.655852,71.655852,70.241592,70.807296,-0.754272,101
2021-04-12,219329,16362511,71.655852,71.655852,69.864456,69.864456,-0.94284,174
2021-04-13,128950,9529172,69.770172,70.241592,69.015899,69.393036,-0.47142,127
2021-04-14,197484,14346349,69.393036,69.770172,67.601639,68.261627,-1.131409,211
2021-04-15,42060,3070912,68.827331,69.110183,68.638763,68.733047,0.47142,42
2021-04-16,72713,5310725,68.827331,69.48732,68.355911,69.204467,0.47142,71
2021-04-19,317700,23984975,69.393036,72.504408,69.204467,71.184432,1.979965,296
2021-04-20,82566,6248766,71.750136,71.84442,70.807296,70.90158,-0.282852,83
2021-04-21,91493,6809493,70.90158,70.90158,69.770172,70.335876,-0.565704,79
2021-04-22,109008,8074521,70.335876,70.713012,69.298752,69.48732,-0.848556,112
2021-04-23,77288,5672595,69.770172,70.053024,68.921615,69.110183,-0.377137,90
2021-04-26,65925,4847603,68.921615,69.95874,68.827331,69.298752,0.188569,65
2021-04-27,68297,5016829,69.298752,69.864456,68.921615,69.204467,-0.094285,66
2021-04-28,79453,5858312,69.298752,69.95874,69.204467,69.298752,0.094285,63
2021-04-29,112872,8280986,69.298752,70.053024,68.733047,68.921615,-0.377137,83
2021-05-03,223455,15853538,68.355911,68.450195,66.093095,66.187379,-2.734236,240
2021-05-04,159839,11043599,66.281663,66.281663,64.113131,64.867403,-1.319976,162
2021-05-05,81062,5599769,64.961687,65.904527,64.395983,64.867403,0.0,68
2021-05-06,28580,1982745,66.375947,66.375947,65.150255,65.150255,0.282852,35
2021-05-07,72436,5086775,65.055971,67.224503,65.055971,66.375947,1.225692,63
2021-05-10,48226,3407183,66.375947,67.130219,66.093095,66.281663,-0.094284,59
2021-05-11,177277,12122184,66.281663,66.281663,63.17029,63.358859,-2.922804,203
2021-05-12,417250,26222863,63.17029,63.17029,57.136113,57.324682,-6.034177,365
2021-05-13,370453,23361322,56.570409,62.416018,56.476125,60.81319,3.488508,289
2021-05-14,121562,7974773,61.28461,62.69887,60.436054,61.001758,0.188568,120
2021-05-17,362237,21814699,55.250433,59.021794,55.250433,56.570409,-4.431349,289
2021-05-18,154156,9501931,56.570409,59.116078,56.570409,58.361806,1.791397,131
2021-05-19,100440,6139794,58.173238,58.173238,57.136113,58.078954,-0.282852,101
2021-05-20,63647,3890918,58.078954,58.078954,57.418966,57.51325,-0.565704,64
2021-05-21,70359,4328530,57.796102,58.361806,57.607534,57.607534,0.094284,74
2021-05-24,96274,5842114,57.51325,57.701818,56.758977,57.324682,-0.282852,96
2021-05-25,131905,8011130,57.324682,57.607534,56.947545,57.041829,-0.282853,116
2021-05-26,157962,9489159,56.947545,57.230398,56.098989,57.136113,0.094284,136
2021-05-27,121472,7422033,56.853261,58.92751,56.476125,57.98467,0.848557,117
2021-05-28,189733,12206066,58.361806,62.133166,58.361806,61.096042,3.111372,192
2021-05-31,132393,8569019,62.133166,62.133166,60.058918,60.530338,-0.565704,104
2021-06-01,109119,7162320,60.81319,62.510302,60.81319,62.22745,1.697112,100
2021-06-02,246094,16669928,62.510302,65.338823,62.510302,64.113131,1.885681,223
2021-06-03,50508,3422175,64.490267,64.490267,63.264575,63.735995,-0.377136,53
2021-06-04,163218,10935289,64.301699,64.301699,61.944598,62.038882,-1.697113,150
2021-06-07,74270,4833153,62.133166,62.133166,60.624622,61.567462,-0.47142,64
2021-06-08,39035,2587811,61.567462,62.887438,61.567462,62.510302,0.94284,44
2021-06-09,44120,2925840,63.17029,63.358859,61.567462,62.416018,-0.094284,47
2021-06-10,65325,4345212,63.358859,63.358859,62.133166,62.22745,-0.188568,57
2021-06-11,59662,3943811,62.321734,62.887438,62.038882,62.038882,-0.188568,61
2021-06-15,42850,2843874,62.321734,62.981722,61.944598,62.604586,0.565704,73
2021-06-16,165062,11258903,63.547427,64.961687,63.17029,64.490267,1.885681,151
2021-06-17,343145,24261246,64.490267,68.167343,64.490267,66.847367,2.3571,313
2021-06-18,178422,12584257,66.941651,67.695923,65.433107,66.375947,-0.47142,173
2021-06-21,712787,52511853,65.998811,72.410124,65.904527,68.733047,2.3571,581
2021-06-22,292410,21069038,69.393036,70.241592,66.941651,67.695923,-1.037124,290
2021-06-23,97977,6925392,67.507355,67.507355,65.998811,66.753083,-0.94284,110
2021-06-24,84695,5991215,65.998811,67.130219,65.998811,66.941651,0.188568,86
2021-06-25,68473,4852557,66.941651,67.413071,66.187379,66.753083,-0.188568,68
2021-06-28,148238,10273643,66.187379,66.187379,65.055971,65.055971,-1.697112,143
2021-06-29,66622,4604939,65.150255,65.715959,64.584551,65.055971,0.0,69
2021-06-30,115633,8112061,65.055971,66.941651,65.055971,66.941651,1.88568,103
2021-07-01,464728,34032667,68.261627,71.184432,67.130219,70.053024,3.111373,459
2021-07-02,287965,20940045,70.147308,70.241592,67.224503,67.884491,-2.168533,303
2021-07-05,408084,30288607,69.298752,70.90158,68.073059,70.335876,2.451385,389
2021-07-06,259969,19425429,71.373,71.655852,69.770172,70.43016,0.094284,235
2021-07-07,1059879,81945167,71.278716,74.67294,70.807296,73.352964,2.922804,966
2021-07-08,630274,48614247,73.7301,74.20152,71.467284,73.070112,-0.282852,509
2021-07-09,257769,19705594,73.070112,73.824384,70.995864,71.373,-1.697112,260
2021-07-12,343202,25148117,70.618728,70.618728,68.167343,69.015899,-2.357101,284
2021-07-13,157254,11538124,68.827331,69.864456,68.827331,68.921615,-0.094284,134
2021-07-14,107020,7896312,70.053024,70.241592,68.827331,69.770172,0.848557,112
2021-07-15,256023,19455219,70.807296,73.164396,70.241592,72.504408,2.734236,243
2021-07-16,132058,10138748,72.598692,72.975828,71.938704,72.127272,-0.377136,131
2021-07-19,232292,17852790,73.352964,73.352964,71.938704,72.31584,0.188568,224
2021-07-20,141655,10753778,72.31584,72.31584,71.090148,71.467284,-0.848556,128
2021-07-21,169216,12729758,72.504408,72.504408,69.864456,70.713012,-0.754272,150
2021-07-22,160357,12136243,71.184432,71.938704,70.713012,71.561568,0.848556,134
2021-07-23,405021,31330822,72.127272,73.541532,72.127272,72.881544,1.319976,357
2021-07-26,206829,15669292,72.881544,72.881544,70.995864,70.995864,-1.88568,206
2021-07-27,146724,10957889,71.938704,71.938704,69.581604,69.581604,-1.41426,157
2021-07-28,130370,9497935,69.48732,69.675888,67.884491,69.110183,-0.471421,113
2021-07-29,88071,6537345,68.827331,70.807296,68.827331,70.43016,1.319977,89
2021-07-30,75295,5640525,69.95874,70.807296,69.770172,70.43016,0.0,67
2021-08-02,70650,5278796,71.278716,71.278716,69.864456,70.241592,-0.188568,69
2021-08-03,51861,3890170,71.184432,71.373,70.053024,70.053024,-0.188568,58
2021-08-04,66196,4879750,70.053024,70.053024,69.110183,69.298752,-0.754272,61
2021-08-05,110295,7982561,68.921615,69.015899,67.978775,68.073059,-1.225693,123
2021-08-06,117232,8344632,67.884491,67.884491,66.564515,67.224503,-0.848556,105
2021-08-09,40978,2964389,67.318787,68.638763,67.318787,67.978775,0.754272,55
2021-08-10,58582,4243194,69.393036,69.393036,67.601639,67.790207,-0.188568,59
2021-08-11,106416,7557753,67.035935,68.167343,66.470231,66.753083,-1.037124,103
2021-08-12,57674,4070043,66.375947,66.753083,66.375947,66.658799,-0.094284,48
2021-08-13,84304,6029287,66.941651,67.884491,66.941651,67.318787,0.659988,77
2021-08-16,57542,4129241,67.318787,68.073059,67.035935,67.507355,0.188568,61
2021-08-17,42136,3002660,67.224503,68.544479,66.658799,66.658799,-0.848556,48
2021-08-18,66764,4717038,67.601639,67.601639,66.093095,66.753083,0.094284,57
2021-08-19,109689,7672193,66.753083,66.753083,65.244539,65.244539,-1.508544,99
2021-08-20,53863,3761712,66.564515,66.564515,65.338823,65.715959,0.47142,62
2021-08-23,88355,6267956,65.715959,67.884491,65.715959,67.695923,1.979964,76
2021-08-24,102342,7435769,67.695923,68.921615,67.695923,68.733047,1.037124,130
2021-08-25,52285,3805960,68.827331,69.015899,67.884491,68.827331,0.094284,55
2021-08-26,89531,6565461,69.015899,69.581604,68.827331,69.204467,0.377136,60
2021-08-27,114301,8461835,69.770172,70.524444,69.204467,69.864456,0.659989,92
2021-08-30,63736,4751790,71.184432,71.184432,69.864456,70.241592,0.377136,75
2021-08-31,59028,4402986,71.184432,71.184432,69.48732,70.053024,-0.188568,53
2021-09-01,34831,2598096,70.147308,70.618728,69.864456,70.618728,0.565704,51
2021-09-02,15814,1178284,71.092711,71.092711,70.618127,70.618127,-0.000601,27
2021-09-03,40571,3016729,70.807961,70.902877,70.23846,70.23846,-0.379667,41
2021-09-06,41190,3005800,69.479125,69.668959,68.71979,68.814707,-1.423753,40
2021-09-07,76413,5446671,68.624873,68.624873,66.91637,67.390954,-1.423753,80
2021-09-08,156711,10937735,66.726537,66.726537,65.397701,65.682451,-1.708503,123
2021-09-09,31439,2208935,66.441786,66.91637,66.441786,66.726537,1.044086,42
2021-09-10,30000,2109100,67.296038,67.390954,66.441786,66.63162,-0.094917,30
2021-09-13,70362,5040364,67.770622,68.340123,67.675705,67.865539,1.233919,71
2021-09-14,12345,881343,67.770622,67.960455,67.580788,67.770622,-0.094917,16
2021-09-15,35315,2515551,67.580788,67.770622,67.390954,67.675705,-0.094917,31
2021-09-16,38313,2740869,67.865539,68.150289,67.675705,68.150289,0.474584,38
2021-09-17,39150,2811849,68.150289,68.529956,67.675705,68.150289,0.0,37
2021-09-22,67091,4834881,68.43504,68.71979,67.390954,68.43504,0.284751,69
2021-09-23,43011,3123519,68.71979,69.384208,68.624873,69.384208,0.949168,51
2021-09-24,65088,4797890,69.668959,70.23846,69.384208,70.23846,0.854252,72
2021-09-27,365436,27984182,70.52321,74.4148,70.52321,73.465632,3.227172,332
2021-09-28,135905,10449390,74.224967,74.224967,71.946963,72.61138,-0.854252,146
2021-09-29,110358,8385783,71.472378,72.61138,71.472378,72.041879,-0.569501,98
2021-09-30,51329,3891739,72.041879,72.516464,71.472378,72.516464,0.474585,53
2021-10-01,94937,7085930,71.852046,71.852046,70.23846,70.333376,-2.183088,93
2021-10-04,128913,9742561,71.472378,73.180882,70.333376,70.52321,0.189834,126
2021-10-05,72642,5431409,70.52321,71.852046,70.23846,71.567295,1.044085,85
2021-10-06,32373,2427774,71.662212,71.662212,70.902877,71.282545,-0.28475,37
2021-10-07,118997,9051728,71.946963,72.61138,71.757129,72.32663,1.044085,106
2021-10-08,154677,11962493,73.180882,74.319884,72.61138,73.085965,0.759335,144
2021-10-12,55410,4241798,73.085965,73.275798,72.32663,72.61138,-0.474585,58
2021-10-13,63199,4801026,73.560549,73.560549,71.187628,71.567295,-1.044085,62
2021-10-14,35227,2657370,71.282545,72.136796,71.282545,71.472378,-0.094917,41
2021-10-15,54275,4106985,71.377462,72.421547,71.282545,71.757129,0.284751,41
2021-10-18,50770,3850645,71.852046,72.516464,71.757129,72.136796,0.379667,52
2021-10-19,54415,4155526,72.231713,72.801214,72.231713,72.421547,0.284751,57
2021-10-20,54449,4144427,72.61138,72.61138,71.757129,72.516464,0.094917,58
2021-10-21,32472,2469304,71.757129,72.61138,71.757129,71.946963,-0.569501,39
2021-10-22,22602,1711119,71.662212,72.32663,71.662212,71.852046,-0.094917,24
2021-10-25,32405,2456269,71.662212,72.136796,71.662212,71.946963,0.094917,29
2021-10-26,41667,3167145,72.421547,72.516464,71.946963,72.136796,0.189833,41
2021-10-27,33537,2543702,71.852046,72.136796,71.852046,71.946963,-0.189833,34
2021-10-28,239913,18601489,71.946963,74.319884,71.946963,73.560549,1.613586,216
2021-10-29,70636,5429455,73.655466,73.655466,72.61138,72.896131,-0.664418,70
2021-11-01,79221,6125378,73.370715,73.750383,73.085965,73.370715,0.474584,84
2021-11-02,121708,9423456,72.896131,73.845299,72.706297,73.370715,0.0,81
2021-11-03,40612,3146637,73.370715,73.750383,73.275798,73.750383,0.379668,48
2021-11-04,180955,14172925,74.224967,74.699551,73.750383,73.845299,0.094916,165
2021-11-05,35577,2758452,73.940216,73.940216,73.370715,73.560549,-0.28475,79
2021-11-08,79273,6198270,73.655466,74.604634,73.560549,73.940216,0.379667,84
2021-11-09,129872,10180365,74.035133,74.699551,74.035133,74.319884,0.379668,148
2021-11-10,430262,34719401,74.509717,77.641973,74.509717,77.262306,2.942422,621
2021-11-11,299761,24353520,77.262306,78.401308,75.363969,75.648719,-1.613587,521
2021-11-12,125903,10029061,75.838553,76.123303,75.079218,75.363969,-0.28475,110
2021-11-15,159743,12614587,75.553802,76.028387,74.319884,74.889385,-0.474584,220
2021-11-16,101709,7957034,74.889385,74.889385,74.035133,74.035133,-0.854252,136
2021-11-17,59067,4638768,74.13005,74.984301,74.13005,74.224967,0.189834,65
2021-11-18,57648,4504139,74.035133,74.604634,73.370715,74.035133,-0.189834,61
2021-11-19,120686,9598448,73.655466,76.028387,73.655466,74.889385,0.854252,120
2021-11-22,89255,7053980,75.079218,75.458886,74.13005,75.174135,0.28475,86
2021-11-23,59135,4704656,75.174135,76.028387,75.174135,75.553802,0.379667,62
2021-11-24,164868,13271106,75.838553,76.787721,75.838553,76.597888,1.044086,135
2021-11-25,171452,13639583,76.597888,76.597888,74.984301,74.984301,-1.613587,112
2021-11-26,165331,12891517,74.984301,74.984301,73.085965,73.465632,-1.518669,125
2021-11-29,230767,17419208,72.32663,72.421547,70.902877,71.282545,-2.183087,182
2021-11-30,58145,4392576,72.231713,72.231713,71.472378,71.472378,0.189833,49
2021-12-01,41820,3133985,71.377462,71.567295,70.713044,71.377462,-0.094916,49
2021-12-02,56771,4250325,72.516464,72.516464,70.713044,71.377462,0.0,56
2021-12-03,19020,1428004,71.187628,71.472378,71.187628,71.187628,-0.189834,17
2021-12-06,38394,2915464,71.187628,72.516464,71.187628,72.041879,0.854251,46
2021-12-07,38691,2967012,71.567295,73.085965,71.567295,72.421547,0.379668,52
2021-12-08,118245,9248545,72.421547,74.984301,72.421547,74.319884,1.898337,131
2021-12-09,68609,5428802,73.560549,75.458886,73.560549,74.604634,0.28475,91
2021-12-10,55900,4357697,74.224967,74.319884,73.655466,73.750383,-0.854251,66
2021-12-13,56678,4374625,73.750383,73.750383,72.61138,73.085965,-0.664418,54
2021-12-14,50830,3894497,73.085965,73.085965,72.32663,72.61138,-0.474585,82
2021-12-15,24250,1857844,72.61138,73.085965,72.421547,72.991048,0.379668,31
2021-12-16,18672,1436323,73.085965,73.370715,72.801214,72.801214,-0.189834,40
2021-12-17,72227,5488965,72.801214,72.801214,71.472378,71.662212,-1.139002,72
2021-12-20,49110,3680548,71.567295,71.567295,70.902877,71.282545,-0.379667,48
2021-12-21,58187,4348577,71.187628,72.136796,70.618127,71.946963,0.664418,57
2021-12-22,9700,732054,72.136796,72.136796,71.377462,71.472378,-0.474585,26
2021-12-23,31010,2338058,71.187628,71.852046,71.187628,71.852046,0.379668,32
2021-12-24,34201,2591882,72.041879,72.421547,71.662212,71.852046,0.0,40
2021-12-27,37230,2800236,71.662212,71.662212,71.187628,71.187628,-0.664418,44
2021-12-28,51290,3835910,71.377462,71.567295,70.713044,70.997794,-0.189834,51
2021-12-29,23131,1736831,70.997794,71.946963,70.997794,71.092711,0.094917,40
2021-12-30,27301,2049334,71.282545,71.472378,70.997794,71.282545,0.189834,29
2022-01-03,53010,3976660,71.282545,71.377462,70.807961,71.377462,0.094917,43
2022-01-04,80929,6075749,71.282545,71.567295,70.902877,70.902877,-0.474585,72
2022-01-05,45208,3365502,70.997794,70.997794,70.428293,70.618127,-0.28475,40
2022-01-06,58634,4326383,70.333376,70.333376,69.763875,70.143543,-0.474584,59
2022-01-07,201908,14665411,70.23846,70.23846,68.340123,68.71979,-1.423753,167
2022-01-10,52106,3749763,67.770622,68.624873,67.770622,68.150289,-0.569501,53
2022-01-11,62173,4526689,68.150289,69.858792,68.150289,69.289291,1.139002,55
2022-01-12,19080,1380564,69.289291,69.289291,68.43504,69.004541,-0.28475,25
2022-01-13,34246,2479532,68.43504,69.194374,68.43504,69.099458,0.094917,59
2022-01-14,22416,1613127,68.529956,68.529956,67.960455,68.529956,-0.569502,33
2022-01-17,21014,1512720,68.624873,68.624873,68.055372,68.43504,-0.094916,21
2022-01-18,31291,2285636,68.43504,69.763875,68.43504,68.814707,0.379667,40
2022-01-19,18107,1306758,68.814707,68.814707,68.340123,68.340123,-0.474584,28
2022-01-20,40490,2912342,68.340123,68.340123,67.865539,68.245206,-0.094917,39
2022-01-21,32095,2291786,67.960455,68.150289,67.390954,68.150289,-0.094917,29
2022-01-24,18350,1313450,67.865539,68.150289,67.675705,67.960455,-0.189834,21
2022-01-25,18180,1298060,68.43504,68.43504,67.580788,67.580788,-0.379667,22
2022-01-26,39011,2771790,67.106204,67.865539,67.106204,67.580788,0.0,36
2022-02-07,24010,1735530,69.099458,69.099458,67.390954,68.43504,0.854252,23
2022-02-08,20800,1530500,69.384208,70.333376,69.099458,70.23846,1.80342,28
2022-02-09,38061,2815097,70.428293,70.428293,69.953709,70.23846,0.0,49
2022-02-10,21429,1584577,70.333376,70.52321,69.858792,70.428293,0.189833,32
2022-02-11,21024,1557786,70.428293,70.52321,70.23846,70.52321,0.094917,23
2022-02-14,31396,2315731,70.143543,70.143543,69.763875,69.953709,-0.569501,34
2022-02-15,58918,4430192,70.143543,71.852046,70.143543,71.567295,1.613586,74
2022-02-16,44615,3378307,72.136796,72.421547,71.092711,71.187628,-0.379667,50
2022-02-17,29259,2202163,71.187628,71.946963,70.902877,71.662212,0.474584,43
2022-02-18,94513,7201757,71.757129,73.560549,71.662212,71.852046,0.189834,104
2022-02-21,59380,4476212,71.946963,72.516464,71.187628,71.852046,0.0,48
2022-02-22,28571,2129317,70.902877,71.377462,70.23846,71.377462,-0.474584,75
2022-02-23,28037,2092974,70.807961,70.997794,70.713044,70.713044,-0.664418,21
2022-02-24,35260,2592452,70.618127,70.713044,69.289291,70.143543,-0.569501,37
2022-02-25,12124,898676,70.143543,70.713044,70.048626,70.333376,0.189833,17
2022-03-01,43500,3235602,70.52321,71.187628,70.333376,70.52321,0.189834,46
2022-03-02,23006,1701652,70.52321,70.52321,69.953709,70.52321,0.0,18
2022-03-03,26115,1929213,70.713044,70.713044,69.763875,70.428293,-0.094917,18
2022-03-04,17196,1270145,70.23846,70.23846,69.763875,69.858792,-0.569501,14
2022-03-07,20651,1499994,69.479125,69.479125,68.529956,69.384208,-0.474584,33
2022-03-08,33000,2393800,70.23846,70.23846,68.340123,68.529956,-0.854252,22
2022-03-09,25050,1836650,68.624873,70.23846,68.624873,69.858792,1.328836,26
2022-03-10,52416,3868853,70.333376,70.618127,69.668959,69.668959,-0.189833,45
2022-03-11,207805,15947708,73.085965,73.940216,71.662212,72.136796,2.467837,185
2022-03-14,126476,9692026,72.896131,73.370715,71.757129,72.801214,0.664418,114
2022-03-15,55896,4268117,72.61138,72.991048,72.041879,72.421547,-0.379667,63
2022-03-16,119875,9119300,72.516464,73.085965,71.662212,71.946963,-0.474584,91
2022-03-17,49937,3815334,72.136796,72.801214,72.041879,72.231713,0.28475,61
2022-03-18,27399,2085556,72.231713,72.516464,71.946963,72.32663,0.094917,33
2022-03-21,84115,6473829,72.136796,73.750383,72.136796,72.421547,0.094917,76
2022-03-22,34690,2654037,72.32663,72.991048,71.662212,72.706297,0.28475,41
2022-03-23,47913,3674053,73.275798,73.275798,72.421547,72.706297,0.0,52
2022-03-24,18300,1392867,72.231713,72.61138,72.041879,72.041879,-0.664418,24
2022-03-25,27497,2085762,72.136796,72.136796,71.757129,72.041879,0.0,42
2022-03-28,98370,7331554,71.946963,71.946963,69.289291,70.807961,-1.233918,98
2022-03-29,24082,1803126,71.187628,71.187628,70.807961,71.187628,0.379667,26
2022-03-30,28366,2129954,71.377462,71.472378,71.187628,71.377462,0.189834,30
2022-03-31,26333,1973186,71.187628,71.187628,70.902877,71.187628,-0.189834,25
2022-04-01,25191,1886005,71.187628,71.282545,70.713044,70.713044,-0.474584,28
2022-04-06,10013,749471,71.187628,71.377462,70.713044,71.092711,0.379667,11
2022-04-07,18350,1367493,70.428293,70.997794,70.428293,70.618127,-0.474584,22
2022-04-08,43100,3210570,70.713044,71.187628,70.52321,70.52321,-0.094917,32
2022-04-11,40236,2981319,70.52321,70.52321,70.23846,70.428293,-0.094917,45
2022-04-12,38095,2852593,70.807961,71.377462,70.713044,70.807961,0.379668,42
2022-04-13,30119,2254516,70.807961,71.567295,70.807961,71.282545,0.474584,37
2022-04-14,18307,1379773,71.472378,71.662212,71.282545,71.472378,0.189833,22
2022-04-15,34228,2577286,71.567295,71.757129,71.187628,71.187628,-0.28475,37
2022-04-18,30225,2264037,70.618127,71.377462,70.618127,71.092711,-0.094917,26
2022-04-19,10200,759180,70.618127,70.807961,70.428293,70.713044,-0.379667,11
2022-04-20,11217,834478,70.902877,70.997794,70.428293,70.997794,0.28475,22
2022-04-21,25344,1880007,70.52321,70.902877,70.23846,70.902877,-0.094917,37
2022-04-22,25373,1880741,70.23846,70.618127,70.23846,70.52321,-0.379667,29
2022-04-25,43034,3155864,69.953709,69.953709,69.289291,69.384208,-1.139002,42
2022-04-26,37167,2710774,69.384208,69.858792,69.099458,69.289291,-0.094917,31
2022-04-27,48508,3485375,68.340123,69.004541,67.865539,68.71979,-0.569501,64
2022-04-28,16100,1175000,68.150289,71.187628,67.865539,69.289291,0.569501,23
2022-04-29,25002,1826946,69.479125,69.574042,69.194374,69.479125,0.189834,19
2022-05-03,19001,1371779,69.289291,69.289291,68.055372,68.150289,-1.328836,20
2022-05-04,6329,454585,68.055372,68.340123,68.055372,68.150289,0.0,15
2022-05-05,43040,3093780,68.245206,68.909624,67.960455,68.055372,-0.094917,46
2022-05-06,19951,1425579,67.865539,67.960455,67.770622,67.865539,-0.189833,34
2022-05-09,20146,1432858,67.390954,68.245206,67.201121,67.390954,-0.474585,32
2022-05-10,37000,2610800,66.821453,67.296038,66.726537,67.201121,-0.189833,28
2022-05-11,39027,2735296,67.201121,67.201121,66.346869,66.63162,-0.569501,36
2022-05-12,36013,2525841,66.63162,66.821453,66.251952,66.536703,-0.094917,33
2022-05-13,20192,1414285,66.346869,67.201121,66.251952,66.441786,-0.094917,27
2022-05-16,16130,1143065,67.106204,67.485871,67.106204,67.296038,0.854252,16
2022-05-17,22053,1549259,66.726537,66.91637,66.441786,66.91637,-0.379668,27
2022-05-18,10000,709900,67.106204,67.675705,67.011287,67.485871,0.569501,10
2022-05-19,5002,354143,67.485871,67.485871,67.011287,67.011287,-0.474584,6
2022-05-20,9005,635553,66.821453,67.485871,66.726537,66.91637,-0.094917,9
2022-05-23,10207,721778,67.106204,67.296038,67.011287,67.106204,0.189834,16
2022-05-24,17000,1207800,68.055372,68.055372,67.201121,67.201121,0.094917,16
2022-05-25,5000,354600,67.296038,67.390954,67.296038,67.296038,0.094917,5
2022-05-26,20000,1420400,67.865539,67.865539,67.201121,67.201121,-0.094917,19
2022-05-27,5497,390745,67.580788,67.580788,67.106204,67.580788,0.379667,10
2022-05-30,32004,2292887,67.770622,68.340123,67.770622,68.340123,0.759335,30
2022-05-31,18001,1293376,68.340123,68.340123,68.055372,68.245206,-0.094917,19
2022-06-01,15000,1087600,68.340123,69.099458,68.340123,69.099458,0.854252,14
2022-06-02,25715,1880003,69.289291,69.763875,69.004541,69.004541,-0.094917,36
2022-06-06,37320,2721660,69.004541,69.479125,68.814707,69.384208,0.379667,36
2022-06-07,28028,2061513,69.384208,70.52321,69.289291,70.52321,1.139002,29
2022-06-08,40141,2958563,70.23846,70.428293,69.479125,69.668959,-0.854251,40
2022-06-09,53351,3969673,70.143543,70.807961,70.143543,70.618127,0.949168,29
2022-06-10,13000,960400,70.618127,70.618127,69.479125,70.333376,-0.284751,12
2022-06-13,63304,4716063,70.333376,71.377462,70.23846,70.52321,0.189834,67
2022-06-14,32078,2369554,70.23846,70.428293,69.858792,70.333376,-0.189834,42
2022-06-15,12321,912748,70.333376,70.807961,70.048626,70.618127,0.284751,34
2022-06-16,46249,3454529,70.902877,71.377462,69.763875,70.23846,-0.379667,48
2022-06-17,18054,1328701,69.668959,70.23846,69.574042,69.763875,-0.474585,19
2022-06-20,40488,2975412,70.902877,70.902877,69.194374,69.763875,0.0,40
2022-06-21,36252,2681525,70.23846,70.713044,69.668959,70.713044,0.949169,30
2022-06-22,43410,3186128,70.713044,70.713044,69.289291,69.289291,-1.423753,42
2022-06-23,18510,1358505,69.289291,70.143543,69.099458,69.574042,0.284751,21
2022-06-24,40230,2980420,69.574042,70.52321,69.574042,70.333376,0.759334,31
2022-06-27,52463,3944541,70.713044,72.136796,70.713044,71.187628,0.854252,72
2022-06-28,23445,1758552,71.282545,71.472378,70.713044,71.187628,0.0,101
2022-06-29,22150,1662575,71.187628,71.377462,71.092711,71.187628,0.0,19
2022-06-30,26152,1954702,71.187628,71.282545,70.52321,70.52321,-0.664418,38
2022-07-01,23015,1693519,71.187628,71.187628,69.289291,69.953709,-0.569501,23
2022-07-04,61011,4499615,70.23846,70.902877,69.289291,70.23846,0.284751,49
2022-07-05,22110,1636540,70.333376,70.618127,69.763875,70.52321,0.28475,22
2022-07-06,29357,2158242,70.52321,70.52321,69.574042,69.763875,-0.759335,33
2022-07-07,16159,1200851,70.048626,70.902877,70.048626,70.333376,0.569501,24
2022-07-08,31633,2360850,71.757129,71.757129,70.333376,70.807961,0.474585,33
2022-07-11,93668,7118938,72.706297,72.801214,71.757129,72.231713,1.423752,99
2022-07-12,50388,3817091,72.231713,72.32663,71.377462,71.472378,-0.759335,68
2022-07-13,28592,2177272,72.136796,72.706297,71.757129,72.041879,0.569501,82
2022-07-14,109671,8402547,72.041879,73.465632,72.041879,72.991048,0.949169,128
2022-07-15,39601,3020683,72.991048,72.991048,72.136796,72.516464,-0.474584,57
2022-07-18,130093,10106993,72.516464,74.604634,72.516464,73.750383,1.233919,204
2022-07-19,52510,4088579,73.750383,74.224967,73.560549,73.655466,-0.094917,102
2022-07-20,41460,3214420,74.319884,74.319884,73.370715,73.655466,0.0,122
2022-07-21,49702,3828930,73.275798,73.560549,72.706297,73.560549,-0.094917,91
2022-07-22,18235,1407361,72.991048,73.560549,72.991048,73.085965,-0.474584,29
2022-07-25,25815,1985159,73.085965,73.085965,72.706297,72.991048,-0.094917,70
2022-07-26,32007,2452542,72.991048,73.085965,72.421547,72.421547,-0.569501,28
2022-07-27,17251,1317692,73.085965,73.085965,72.231713,72.421547,0.0,69
2022-07-28,16302,1246652,72.32663,72.801214,72.32663,72.61138,0.189833,65
2022-07-29,32225,2491840,72.61138,74.604634,72.61138,73.180882,0.569502,46
2022-08-01,73618,5659645,73.180882,73.465632,72.32663,72.896131,-0.284751,59
2022-08-02,60050,4572021,72.421547,72.61138,72.041879,72.136796,-0.759335,56
2022-08-03,27231,2072265,73.085965,73.085965,71.946963,71.946963,-0.189833,28
2022-08-04,30434,2309911,72.231713,72.231713,71.852046,72.041879,0.094916,36
2022-08-05,44161,3392975,72.61138,73.180882,72.516464,72.991048,0.949169,48
2022-08-08,81398,6320334,73.465632,74.319884,72.896131,74.035133,1.044085,69
2022-08-09,171590,13526810,74.509717,75.363969,74.035133,74.984301,0.949168,148
2022-08-10,141375,11256707,75.743636,75.838553,74.984301,75.648719,0.664418,115
2022-08-11,412942,35142417,79.82506,82.577648,79.730143,80.204727,4.556008,405
2022-08-12,496441,43157308,81.34373,83.811567,80.679312,83.052233,2.847506,466
2022-08-15,205641,18160353,83.336983,84.760736,82.292898,84.001401,0.949168,218
2022-08-16,254121,22523209,84.665819,85.23532,83.526817,83.621734,-0.379667,187
2022-08-17,239562,21443084,84.001401,86.753989,83.526817,86.184488,2.562754,257
2022-08-18,157214,14280053,87.090445,87.376613,85.754995,86.231942,0.047454,187
2022-08-19,222789,19823188,86.613499,86.995056,83.847209,83.942598,-2.289344,235
2022-08-22,315580,28875844,83.847209,89.665957,83.847209,87.090445,3.147847,405
2022-08-23,222004,20676727,87.758171,89.856736,87.090445,88.712064,1.621619,250
2022-08-24,128228,11900034,88.712064,89.379789,87.567392,88.712064,0.0,178
2022-08-25,86071,7981630,88.712064,89.2844,87.758171,88.521285,-0.190779,103
2022-08-26,73895,6843057,89.093621,89.093621,87.948949,88.330506,-0.190779,102
2022-08-29,143494,13094277,84.419545,89.570568,84.419545,87.85356,-0.476946,175
2022-08-30,291381,27487178,88.330506,91.478354,88.330506,88.712064,0.858504,284
2022-08-31,88736,8349317,88.139728,90.524461,88.139728,89.761346,1.049282,131
2022-09-01,53639,5050606,90.333682,90.524461,88.902842,89.2844,-0.476946,69
2022-09-02,74896,6997724,89.2844,89.856736,88.712064,88.712064,-0.572336,177
2022-09-05,95217,8841458,88.712064,89.379789,87.758171,87.758171,-0.953893,110
2022-09-06,121952,11063459,89.093621,89.093621,85.564216,86.136552,-1.621619,201
2022-09-07,110055,9888685,85.850384,86.708888,85.08727,85.564216,-0.572336,135
2022-09-08,100676,9096266,86.708888,87.376613,85.468827,86.613499,1.049283,99
2022-09-12,165709,14819246,86.613499,86.613499,84.419545,84.801102,-1.812397,468
2022-09-13,80110,7180004,85.373438,86.231942,84.705712,85.278048,0.476946,98
2022-09-14,142577,12844349,83.847209,86.613499,83.847209,86.518109,1.240061,229
2022-09-15,60394,5470673,86.708888,87.185835,86.136552,86.136552,-0.381557,161
2022-09-16,43562,3910173,86.136552,86.136552,85.08727,85.564216,-0.572336,150
2022-09-19,105317,9512226,85.468827,87.376613,84.99188,86.041163,0.476947,117
2022-09-20,298072,27600418,86.804277,91.192186,86.327331,88.521285,2.480122,331
2022-09-21,159035,14799967,88.616674,90.142903,87.758171,87.758171,-0.763114,349
2022-09-22,140846,13083002,87.758171,89.952125,87.758171,87.758171,0.0,194
2022-09-23,126319,11648917,87.758171,89.761346,86.804277,86.804277,-0.953894,202
2022-09-26,192041,17565507,86.613499,88.425896,86.136552,86.995056,0.190779,181
2022-09-27,393171,36899262,87.090445,92.432247,86.231942,92.146079,5.151023,348
2022-09-28,1651791,170388137,94.340033,101.112675,93.767697,94.721591,2.575512,1527
2022-09-29,2094942,223458577,97.774049,103.974354,95.866262,103.974354,9.252763,1727
2022-09-30,5474588,605061040,105.882141,110.17466,102.066568,103.497408,-0.476946,4772
2022-10-03,2227759,243707938,103.020461,107.789927,100.635728,101.589621,-1.907787,1839
2022-10-04,1799799,193414987,103.497408,106.359087,98.250995,103.497408,1.907787,1460
2022-10-05,1154087,127474634,104.451301,108.74382,103.020461,108.266874,4.769466,1085
2022-10-06,1197898,136732157,109.220767,112.082446,105.882141,106.836034,-1.43084,1587
2022-10-07,2796643,330664046,107.789927,116.851912,107.31298,112.559393,5.723359,2283
2022-10-11,1845579,200759517,109.220767,110.651606,101.589621,101.589621,-10.969772,1950
2022-10-12,1101563,115738842,101.112675,103.020461,96.343209,103.020461,1.43084,952
2022-10-13,1404999,148134534,103.497408,104.928247,97.297102,100.158782,-2.861679,1185
2022-10-14,1208558,132297537,104.928247,105.882141,101.112675,104.928247,4.769465,1155
2022-10-17,1282798,140852403,104.928247,108.74382,101.112675,107.789927,2.86168,1088
2022-10-18,659055,74217936,108.266874,109.697713,106.359087,106.359087,-1.43084,782
2022-10-19,500881,55535602,106.836034,107.31298,104.928247,105.405194,-0.953893,433
2022-10-20,951265,102981430,103.974354,107.31298,99.204888,101.112675,-4.292519,811
2022-10-21,683906,72323085,101.589621,104.451301,96.820156,96.820156,-4.292519,601
2022-10-24,669778,71260298,99.204888,103.020461,99.204888,100.635728,3.815572,543
2022-10-25,364953,37606627,101.112675,101.112675,97.297102,97.297102,-3.338626,432
2022-10-26,389337,39471898,97.297102,98.250995,95.198537,98.250995,0.953893,312
2022-10-27,328468,34174167,99.204888,101.589621,96.820156,100.635728,2.384733,293
2022-10-28,185661,19493489,100.635728,101.589621,99.204888,100.158782,-0.476946,213
2022-10-31,293965,31155303,100.635728,102.066568,100.158782,100.158782,0.0,246
2022-11-01,208502,22109473,99.681835,102.543515,99.204888,102.066568,1.907786,187
2022-11-02,343284,37328536,101.589621,105.405194,101.112675,104.928247,2.861679,298
2022-11-03,238988,26018260,103.497408,105.405194,103.020461,103.497408,-1.430839,219
2022-11-04,728431,81265396,103.974354,109.220767,103.020461,104.928247,1.430839,638
2022-11-07,908689,104343008,106.836034,113.513286,105.882141,107.789927,2.86168,772
2022-11-08,409101,45845675,108.74382,108.74382,104.928247,105.405194,-2.384733,383
2022-11-09,319057,35721372,106.359087,108.266874,105.405194,105.882141,0.476947,257
2022-11-10,327170,35681683,105.882141,107.31298,102.543515,103.020461,-2.86168,287
2022-11-11,616136,67187640,107.789927,107.789927,102.066568,102.066568,-0.953893,468
2022-11-14,1265513,145152679,103.974354,112.082446,103.974354,112.082446,10.015878,1062
2022-11-15,2523943,305132016,112.559393,121.144431,110.17466,117.805805,5.723359,2130
2022-11-16,1899134,239443781,116.374965,124.006111,115.421072,120.667485,2.86168,1537
2022-11-17,1250024,162798956,123.052217,126.86779,121.621378,124.960004,4.292519,1100
2022-11-18,3756993,533874040,125.913897,137.360615,125.913897,137.360615,12.400611,2606
2022-11-21,2704296,384086254,137.360615,139.268401,130.683363,136.883668,-0.476947,2068
2022-11-22,2019123,278562222,136.406722,139.745348,125.43695,125.43695,-11.446718,1724
2022-11-23,1130965,152434515,125.43695,131.637256,125.43695,129.252523,3.815573,906
2022-11-24,895408,118601447,128.775576,130.206416,123.052217,130.206416,0.953893,803
2022-11-25,675030,91646884,131.637256,132.114202,126.86779,128.29863,-1.907786,630
2022-11-28,1331776,185502532,128.775576,137.837561,126.390844,131.637256,3.338626,1181
2022-11-29,1138262,156165895,130.206416,135.929775,125.913897,126.86779,-4.769466,1033
2022-11-30,990082,135060011,127.821683,133.068096,126.86779,128.29863,1.43084,881
2022-12-01,1195839,167035958,130.683363,135.452829,128.775576,134.975882,6.677252,1197
2022-12-02,852005,117862791,135.452829,135.929775,129.72947,129.72947,-5.246412,832
2022-12-05,382441,51568269,128.775576,129.72947,127.344737,129.72947,0.0,370
2022-12-06,1000300,139100289,131.637256,134.975882,129.252523,133.545042,3.815572,898
2022-12-07,1196638,167406382,136.406722,138.791455,128.775576,129.72947,-3.815572,958
2022-12-08,2176257,318262547,130.206416,142.607027,129.252523,142.607027,12.877557,1766
2022-12-09,4422397,671386334,144.037867,154.530692,137.837561,139.745348,-2.861679,3930
2022-12-12,1720420,248108604,139.268401,142.607027,131.637256,132.591149,-7.154199,1571
2022-12-13,1102564,155291835,133.545042,138.314508,129.72947,131.160309,-1.43084,1221
2022-12-14,703541,97419231,131.637256,133.545042,131.160309,131.637256,0.476947,736
2022-12-15,805149,112326305,132.591149,136.406722,130.206416,131.160309,-0.476947,757
2022-12-16,1089066,145803384,130.206416,131.637256,125.43695,126.390844,-4.769465,1022
2022-12-19,251253,33152026,124.960004,127.344737,124.006111,125.43695,-0.953894,251
2022-12-20,653372,85064674,125.913897,128.29863,121.621378,124.960004,-0.476946,600
2022-12-21,437923,58595010,126.390844,129.72947,124.960004,126.86779,1.907786,618
2022-12-22,242911,32545401,128.775576,129.252523,126.86779,126.86779,0.0,263
2022-12-23,148682,19837332,126.86779,128.775576,125.43695,128.775576,1.907786,167
2022-12-26,253187,34441582,129.72947,131.160309,127.821683,129.72947,0.953894,333
2022-12-27,842857,117333636,131.160309,138.791455,129.252523,129.252523,-0.476947,766
2022-12-28,1405116,197692145,129.252523,136.406722,128.775576,134.975882,5.723359,1248
2022-12-29,878075,119498300,133.068096,133.545042,127.344737,129.252523,-5.723359,836
2022-12-30,1132118,159549018,130.683363,136.406722,130.683363,133.068096,3.815573,1025
2023-01-03,379733,53030967,132.114202,135.929775,130.206416,134.498935,1.430839,370
2023-01-04,912822,130999514,135.452829,139.268401,133.545042,137.360615,2.86168,843
2023-01-05,456827,65433841,139.268401,139.268401,134.498935,135.452829,-1.907786,813
2023-01-06,336041,47023532,134.975882,134.975882,132.114202,132.114202,-3.338627,340
2023-01-09,304500,42816500,133.068096,135.929775,131.637256,134.975882,2.86168,304
2023-01-10,579781,82859625,134.975882,137.360615,134.498935,135.929775,0.953893,686
2023-01-11,1322660,193276428,138.314508,142.607027,135.452829,135.452829,-0.476946,1303
2023-01-12,1299017,191110728,136.883668,143.083974,136.883668,139.268401,3.815572,1438
2023-01-13,1304402,195753060,140.699241,146.899546,139.268401,143.56092,4.292519,1504
2023-01-16,1464064,210310227,145.468707,145.945653,134.975882,135.452829,-8.108091,1551
2023-01-17,795251,113526547,135.452829,138.314508,133.545042,135.929775,0.476946,700
2023-01-30,422105,60066479,138.791455,138.791455,134.021989,135.929775,0.0,421
2023-01-31,399020,56790053,135.929775,137.360615,133.545042,136.406722,0.476947,442
2023-02-01,1039982,153512295,137.360615,144.99176,137.360615,138.791455,2.384733,981
2023-02-02,419087,59848539,139.745348,139.745348,134.975882,135.452829,-3.338626,792
2023-02-03,222765,31603566,136.883668,136.883668,134.498935,134.498935,-0.953894,207
2023-02-06,498985,69561717,134.021989,135.452829,130.206416,134.975882,0.476947,504
2023-02-07,126859,17919207,135.452829,135.452829,133.545042,135.452829,0.476947,138
2023-02-08,167232,23690414,135.929775,136.406722,134.021989,134.498935,-0.953894,184
2023-02-09,171869,24281555,134.498935,136.406722,133.545042,134.975882,0.476947,202
2023-02-10,662456,95440141,134.498935,139.745348,134.498935,135.929775,0.953893,655
2023-02-13,2927815,451339760,140.222294,149.284279,140.222294,149.284279,13.354504,2165
2023-02-14,5343811,882493398,151.192066,164.069623,146.899546,164.069623,14.785344,4975
2023-02-15,10205388,1837567100,176.470234,180.285807,165.500463,173.608555,9.538932,8569
2023-02-16,5342617,1004212218,173.608555,189.824739,171.223822,178.854967,5.246412,4549
2023-02-17,3998641,768839337,178.854967,187.440006,178.378021,185.055273,6.200306,3654
2023-02-20,491633,95444444,186.009166,189.347792,180.762754,189.347792,4.292519,673
2023-02-21,775488,158422676,189.347792,203.656189,186.486113,200.79451,11.446718,939
2023-02-22,573013,123602203,196.501991,210.333441,196.501991,208.902602,8.108092,779
2023-02-23,439369,95245385,208.902602,214.625961,202.22535,203.656189,-5.246413,775
2023-02-24,310581,64993678,206.040922,206.040922,195.548098,197.455884,-6.200305,488
2023-03-01,207829,42742999,197.455884,197.455884,194.117258,196.025044,-1.43084,319
2023-03-02,204504,42530983,196.025044,203.656189,195.548098,197.455884,1.43084,314
2023-03-03,181495,38044009,197.93283,200.79451,197.93283,199.840617,2.384733,268
2023-03-06,177203,36753691,201.748403,201.748403,196.025044,197.93283,-1.907787,245
2023-03-07,163688,33826485,196.025044,198.409777,195.548098,197.455884,-0.476946,236
2023-03-08,241254,49615581,198.409777,199.840617,193.640311,196.501991,-0.953893,288
2023-03-09,209893,43122965,196.501991,199.36367,193.640311,194.117258,-2.384733,287
2023-03-10,920843,169701722,181.2397,182.193593,175.039395,175.039395,-19.077863,1814
2023-03-13,1695086,283571948,166.931303,166.931303,157.869318,157.869318,-17.170077,1857
2023-03-14,2322812,371120026,154.053745,158.823211,147.85344,147.85344,-10.015878,2494
2023-03-15,1153757,178986535,150.715119,151.192066,144.037867,144.037867,-3.815573,1248
2023-03-16,1352359,202796105,144.99176,146.4226,139.745348,140.222294,-3.815573,1371
2023-03-17,232204,34956151,144.037867,145.468707,140.222294,144.514814,4.29252,242
2023-03-20,268474,41299216,143.083974,147.85344,143.083974,147.376493,2.861679,262
2023-03-21,174121,26818551,147.376493,148.330386,144.037867,144.037867,-3.338626,191
2023-03-22,87624,13445043,144.99176,146.899546,144.99176,146.899546,2.861679,139
2023-03-23,214619,33706465,148.807333,150.238172,148.807333,150.238172,3.338626,218
2023-03-24,99946,15756380,149.761226,151.192066,148.807333,148.807333,-1.430839,157
2023-03-27,81335,12506185,149.284279,149.284279,144.99176,144.99176,-3.815573,96
2023-03-28,156258,23422141,144.99176,145.945653,141.176187,141.176187,-3.815573,190
2023-03-29,61933,9262581,140.699241,143.56092,140.699241,143.083974,1.907787,82
2023-03-30,84968,12850556,145.468707,145.468707,142.607027,144.99176,1.907786,109
2023-03-31,1520844,234666562,147.376493,150.715119,143.56092,149.761226,4.769466,1517
2023-04-06,720460,112327369,152.145959,152.145959,144.99176,144.99176,-4.769466,789
2023-04-07,239912,36537587,147.85344,147.85344,144.037867,145.468707,0.476947,336
2023-04-10,226404,34373704,145.468707,146.899546,143.083974,144.037867,-1.43084,335
2023-04-11,375573,57048654,143.56092,147.85344,142.130081,145.468707,1.43084,462
2023-04-12,433056,67203672,144.99176,149.761226,144.99176,148.330386,2.861679,576
2023-04-13,307434,47700194,148.330386,150.238172,146.4226,146.899546,-1.43084,429
2023-04-14,665647,101919112,148.330386,148.330386,144.037867,144.99176,-1.907786,672
2023-04-17,294582,45215288,144.99176,147.376493,144.99176,146.4226,1.43084,299
2023-04-18,2107806,343732912,148.330386,160.730997,145.945653,160.730997,14.308397,2052
2023-04-19,3557005,642840960,165.023516,176.470234,164.069623,176.470234,15.739237,3021
2023-04-20,6358907,1152039516,184.10138,188.870845,160.254051,161.207944,-15.26229,5543
2023-04-21,2056739,338458946,161.207944,164.54657,151.192066,155.961531,-5.246413,1913
2023-04-24,778644,129036310,155.961531,162.161837,153.576799,154.530692,-1.430839,773
2023-04-25,1005165,163715164,159.300157,162.161837,150.715119,150.715119,-3.815573,1009
2023-04-26,390798,61597908,153.099852,153.099852,148.807333,149.284279,-1.43084,447
2023-04-27,185080,29086435,149.284279,151.192066,148.330386,149.761226,0.476947,209
2023-04-28,539858,86826476,153.576799,155.484585,151.669012,152.622905,2.861679,635
2023-05-02,419675,68094428,154.053745,157.392371,153.099852,154.530692,1.907787,486
2023-05-03,1137313,190930031,155.007638,163.592677,155.007638,160.254051,5.723359,1183
2023-05-04,1007256,170054312,160.254051,165.023516,158.346264,159.777104,-0.476947,988
2023-05-05,895133,153341737,161.207944,166.931303,159.777104,160.730997,0.953893,1352
2023-05-08,559572,95476490,161.207944,165.023516,161.207944,162.161837,1.43084,705
2023-05-09,657335,111771261,165.97741,166.454356,159.300157,160.730997,-1.43084,697
2023-05-10,406854,69183583,161.207944,164.069623,160.254051,161.68489,0.953893,451
2023-05-11,860243,147511228,165.023516,166.931303,161.207944,161.68489,0.0,1007
2023-05-12,1739465,293472847,163.11573,165.97741,154.530692,158.346264,-3.338626,2146
2023-05-15,492585,82064986,160.730997,162.161837,156.438478,157.869318,-0.476946,1130
2023-05-16,302513,50543666,157.392371,160.254051,157.392371,160.254051,2.384733,497
2023-05-17,619233,105449442,161.68489,164.54657,159.777104,162.638784,2.384733,589
2023-05-18,868918,146670551,164.54657,166.931303,158.346264,159.300157,-3.338627,2098
2023-05-19,541515,90706395,159.777104,163.11573,157.392371,158.823211,-0.476946,545
2023-05-22,491371,83418192,160.254051,163.11573,159.777104,163.11573,4.292519,1033
2023-05-23,477129,81610680,163.592677,164.54657,161.207944,162.638784,-0.476946,428
2023-05-24,558606,95988681,162.638784,165.500463,162.161837,163.11573,0.476946,548
2023-05-25,358749,60783031,164.54657,164.54657,159.777104,162.161837,-0.953893,989
2023-05-26,1299048,228003512,163.592677,174.085501,161.68489,168.362143,6.200306,1287
2023-05-29,395881,69765235,168.362143,169.792982,165.97741,168.362143,0.0,965
2023-05-30,424805,73180801,167.885196,168.839089,162.638784,162.638784,-5.723359,2894
2023-05-31,527670,92278561,162.638784,168.362143,162.638784,168.362143,5.723359,581
2023-06-01,1125899,203071475,168.839089,174.562448,167.885196,172.654662,4.292519,2191
2023-06-02,1052745,194842588,173.608555,179.331914,172.177715,179.331914,6.677252,2386
2023-06-05,1058687,204092591,183.147486,187.916952,181.2397,184.578326,5.246412,2353
2023-06-06,1186856,230343167,181.716647,190.778632,179.80886,179.80886,-4.769466,3385
2023-06-07,667668,129164834,181.716647,186.963059,181.716647,184.10138,4.29252,2236
2023-06-08,1109149,218449460,185.055273,190.778632,183.147486,189.824739,5.723359,1930
2023-06-09,914810,182716198,190.778632,196.501991,187.916952,189.824739,0.0,6191
2023-06-12,1305603,241425369,186.009166,186.009166,171.700769,173.608555,-16.216184,2570
2023-06-13,440244,80403054,173.131608,176.947181,171.700769,174.085501,0.476946,766
2023-06-14,336525,61555169,174.562448,176.470234,172.177715,176.470234,2.384733,390
2023-06-15,826337,158758001,182.67054,185.532219,179.331914,185.055273,8.585039,935
2023-06-16,2930775,610010999,188.870845,203.179243,186.486113,196.978937,11.923664,4189
2023-06-19,1647561,338409781,201.271456,205.563976,188.870845,189.824739,-7.154198,2460
2023-06-20,481828,94771406,191.732525,191.732525,185.055273,185.532219,-4.29252,881
2023-06-21,334418,64899779,186.963059,187.440006,182.193593,184.578326,-0.953893,1393
2023-06-26,569453,107996420,183.147486,186.009166,176.947181,180.285807,-4.292519,666
2023-06-27,552793,104416306,180.285807,182.67054,177.901074,178.854967,-1.43084,589
2023-06-28,399495,76711359,181.716647,185.532219,180.285807,185.532219,6.677252,494
2023-06-29,340118,67007943,183.624433,190.778632,183.624433,190.778632,5.246413,392
2023-06-30,365226,71623113,193.640311,193.640311,184.10138,184.10138,-6.677252,622
2023-07-03,209204,40206366,185.532219,185.532219,181.716647,181.716647,-2.384733,404
2023-07-04,337066,63221686,183.624433,183.624433,177.424128,177.424128,-4.292519,488
2023-07-05,211734,39622140,178.854967,180.762754,175.039395,177.424128,0.0,280
2023-07-06,223027,41592608,179.331914,180.285807,175.993288,176.470234,-0.953894,285
2023-07-07,386198,69845246,175.516341,176.470234,170.269929,171.223822,-5.246412,537
2023-07-10,244099,44537614,171.700769,175.993288,171.700769,174.562448,3.338626,289
2023-07-11,574395,106209378,177.901074,182.193593,172.654662,172.654662,-1.907786,859
2023-07-12,390499,69730147,171.700769,173.131608,167.885196,171.223822,-1.43084,521
2023-07-13,154303,27769518,171.700769,173.608555,169.316036,172.654662,1.43084,507
2023-07-14,239692,44121416,173.131608,176.947181,172.654662,175.516341,2.861679,314
2023-07-17,179274,32607010,175.516341,175.516341,171.700769,172.654662,-2.861679,225
2023-07-18,266550,47541278,172.654662,173.608555,167.885196,170.746875,-1.907787,441
2023-07-19,206877,36531130,170.269929,171.700769,165.97741,165.97741,-4.769465,294
2023-07-20,216861,38644285,164.54657,173.131608,164.54657,171.223822,5.246412,275
2023-07-21,168827,29787083,170.269929,171.223822,166.931303,166.931303,-4.292519,827
2023-07-24,228994,39287476,165.500463,165.97741,161.207944,161.207944,-5.723359,440
2023-07-25,300965,50914982,162.161837,164.069623,157.392371,160.730997,-0.476947,416
2023-07-26,171689,29019472,160.730997,164.54657,159.300157,159.777104,-0.953893,307
2023-07-27,151940,25979005,159.777104,164.54657,159.777104,164.54657,4.769466,187
2023-07-28,122048,20794438,164.54657,165.023516,161.207944,161.207944,-3.338626,201
2023-07-31,140457,23785407,162.161837,164.069623,159.777104,160.254051,-0.953893,181
2023-08-01,156725,26761707,160.254051,165.023516,160.254051,161.68489,1.430839,198
2023-08-02,291003,48524273,161.207944,162.161837,156.438478,156.438478,-5.246412,472
2023-08-04,264265,44880241,160.254051,164.069623,157.869318,162.638784,6.200306,272
2023-08-07,116097,19620969,162.638784,163.11573,159.777104,160.730997,-1.907787,146
2023-08-08,130706,21945258,163.11573,163.11573,158.823211,159.777104,-0.953893,173
2023-08-09,90581,15108529,158.823211,160.730997,158.346264,159.777104,0.0,143
2023-08-10,218899,35794441,158.823211,158.823211,154.530692,155.484585,-4.292519,321
2023-08-11,372173,58724847,153.576799,153.576799,145.945653,151.669012,-3.815573,483
2023-08-14,404770,61546101,151.192066,151.192066,143.083974,143.083974,-8.585038,515
2023-08-15,119090,18247550,143.083974,148.807333,143.083974,148.807333,5.723359,178
2023-08-16,56304,8652845,145.945653,147.376493,145.945653,146.899546,-1.907787,173
2023-08-17,126572,19287418,145.936209,149.789311,144.491297,146.417847,-0.481699,175
2023-08-18,190589,28568925,146.417847,147.86276,142.083108,142.083108,-4.334739,343
2023-08-21,82756,12183358,143.046384,143.046384,140.638195,141.119833,-0.963275,178
2023-08-22,173098,24878459,143.046384,143.046384,136.785094,136.785094,-4.334739,291
2023-08-23,170481,24277171,135.340181,138.711645,135.340181,136.303456,-0.481638,241
2023-08-24,471264,65707643,137.266732,137.266732,132.450355,133.41363,-2.889826,542
2023-08-25,321243,45325935,132.931993,139.67492,132.931993,133.41363,0.0,360
2023-08-28,622124,83129477,133.895268,134.376906,125.707428,130.042167,-3.371463,717
2023-08-29,114682,15606620,129.560529,132.931993,129.560529,131.005442,0.963275,147
2023-08-30,170168,23707407,133.41363,135.340181,131.48708,134.376906,3.371464,180
2023-08-31,124261,17083405,134.376906,134.858543,131.005442,131.968717,-2.408189,196
2023-09-01,86365,11934654,131.968717,134.376906,131.968717,132.450355,0.481638,139
2023-09-04,106886,14592182,133.895268,133.895268,131.005442,131.005442,-1.444913,183
2023-09-05,94627,12941103,131.48708,133.41363,130.523805,133.41363,2.408188,104
2023-09-06,270432,37983034,133.41363,137.748369,133.41363,134.858543,1.444913,334
2023-09-07,116925,16322726,133.41363,135.340181,133.41363,134.376906,-0.481637,273
2023-09-08,94639,13136943,133.895268,135.340181,132.450355,134.376906,0.0,108
2023-09-11,508862,73719789,136.785094,142.564746,136.303456,139.67492,5.298014,566
2023-09-12,254103,35809858,138.230007,138.711645,132.931993,133.895268,-5.779652,376
2023-09-13,166649,23612956,133.895268,139.193282,132.450355,138.230007,4.334739,193
2023-09-14,78628,11256462,137.748369,139.193282,136.303456,136.303456,-1.926551,128
2023-09-15,174443,24208032,136.785094,136.785094,132.450355,132.931993,-3.371463,295
2023-09-18,92837,12753199,131.968717,134.376906,131.48708,131.48708,-1.444913,158
2023-09-19,66135,8999280,131.968717,131.968717,130.042167,130.523805,-0.963275,141
2023-09-20,140756,18889161,131.005442,131.48708,127.633979,128.115616,-2.408189,223
2023-09-21,112652,14789314,127.633979,128.115616,125.707428,125.707428,-2.408188,209
2023-09-22,111857,14543281,125.707428,126.189066,123.29924,126.189066,0.481638,155
2023-09-25,81357,10818752,126.189066,129.560529,126.189066,128.115616,1.92655,100
2023-09-26,89057,11560787,127.152341,127.152341,124.262515,124.262515,-3.853101,175
2023-09-27,75390,9692094,124.262515,124.744153,122.817602,123.780877,-0.481638,137
2023-09-28,107249,14125366,123.780877,129.078892,123.780877,126.670703,2.889826,118
2023-10-02,77318,10231097,127.152341,128.597254,126.189066,126.189066,-0.481637,111
2023-10-03,98701,12795541,126.189066,126.670703,123.780877,124.744153,-1.444913,145
2023-10-04,59278,7635017,122.817602,125.22579,122.817602,124.262515,-0.481638,73
2023-10-05,60443,7852769,125.22579,126.189066,124.262515,124.744153,0.481638,75
2023-10-06,55938,7216607,125.22579,125.707428,123.780877,123.780877,-0.963276,86
2023-10-11,107821,13702832,124.744153,124.744153,120.891051,120.891051,-2.889826,201
2023-10-12,131157,16785547,121.854327,125.707428,120.409414,124.262515,3.371464,181
2023-10-13,165025,21322327,125.22579,127.152341,122.335964,122.335964,-1.926551,201
2023-10-16,165209,20584345,123.780877,123.780877,118.001225,118.001225,-4.334739,315
2023-10-17,216309,26140268,118.964501,119.446138,114.148124,114.148124,-3.853101,497
2023-10-18,93071,11026792,114.148124,115.593037,112.221574,114.148124,0.0,153
2023-10-19,61690,7404593,114.629762,116.556313,114.629762,116.556313,2.408189,108
2023-10-20,67393,7931475,116.556313,116.556313,112.221574,113.666487,-2.889826,178
2023-10-23,61767,7250906,111.258298,115.1114,110.776661,112.703211,-0.963276,100
2023-10-24,33586,3950802,114.629762,114.629762,112.703211,113.666487,0.963276,120
2023-10-25,190862,23621635,116.556313,121.372689,115.593037,120.409414,6.742927,234
2023-10-26,69683,8541360,120.409414,120.409414,116.556313,118.001225,-2.408189,184
2023-10-27,43230,5313838,119.927776,119.927776,117.519588,118.001225,0.0,49
2023-10-30,41590,5096549,118.964501,119.446138,117.03795,117.03795,-0.963275,49
2023-10-31,58564,7061880,117.519588,118.001225,114.148124,114.148124,-2.889826,151
2023-11-01,446885,57060923,116.556313,125.22579,116.556313,125.22579,11.077666,455
2023-11-02,422046,54522486,126.189066,128.115616,121.854327,121.854327,-3.371463,1237
2023-11-03,228935,28788449,122.817602,123.29924,118.964501,122.335964,0.481637,245
2023-11-06,182825,23855541,123.29924,128.115616,122.817602,126.670703,4.334739,204
2023-11-07,124007,16019198,126.670703,126.670703,123.29924,123.29924,-3.371463,184
2023-11-08,83575,10620389,124.262515,124.744153,120.891051,122.335964,-0.963276,120
2023-11-09,56958,7281816,124.262515,124.262515,122.335964,124.262515,1.926551,83
2023-11-10,340528,41652026,116.556313,120.409414,116.556313,117.03795,-7.224565,527
2023-11-13,449053,53274149,115.1114,117.03795,112.221574,114.148124,-2.889826,600
2023-11-14,136350,16087706,114.148124,114.629762,113.184849,113.184849,-0.963275,264
2023-11-15,177706,21197618,113.666487,115.593037,113.666487,115.1114,1.926551,252
2023-11-16,234370,28847068,114.629762,119.927776,114.629762,119.446138,4.334738,314
2023-11-17,204868,25797573,120.409414,122.335964,119.446138,120.409414,0.963276,290
2023-11-20,150796,18634707,121.372689,122.335964,116.556313,118.482863,-1.926551,249
2023-11-21,88318,10917045,118.482863,120.409414,118.001225,118.964501,0.481638,167
2023-11-22,128060,15923008,119.927776,121.372689,118.482863,118.964501,0.0,220
2023-11-23,85479,10600330,119.446138,120.891051,117.519588,119.446138,0.481637,138
2023-11-24,80213,9800582,119.446138,119.446138,117.03795,117.03795,-2.408188,192
2023-11-27,109116,13108523,116.556313,117.03795,114.629762,114.629762,-2.408188,311
2023-11-28,78922,9477386,114.148124,117.03795,114.148124,115.593037,0.963275,263
2023-11-29,128323,15331046,115.593037,116.556313,114.148124,115.1114,-0.481637,322
2023-11-30,105856,12768361,115.593037,117.03795,115.1114,115.1114,0.0,294
2023-12-01,86309,10476313,115.593037,117.519588,115.593037,117.03795,1.92655,303
2023-12-04,112292,13761939,117.519588,118.964501,117.03795,118.001225,0.963275,235
2023-12-05,129732,15672312,118.001225,118.001225,114.629762,116.556313,-1.444912,432
2023-12-06,72233,8844385,117.03795,118.482863,117.03795,118.001225,1.444912,204
2023-12-07,47421,5790289,118.001225,118.482863,117.03795,117.03795,-0.963275,143
2023-12-08,76526,9256905,118.001225,118.001225,115.593037,116.556313,-0.481637,206
2023-12-11,142541,16916658,115.593037,115.593037,113.184849,114.629762,-1.926551,348
2023-12-12,185497,21791127,115.1114,115.1114,112.221574,112.221574,-2.408188,478
2023-12-13,67770,7939510,113.184849,113.666487,112.221574,113.184849,0.963275,209
2023-12-14,65994,7804420,114.629762,114.629762,112.703211,114.629762,1.444913,140
2023-12-15,91891,10978533,114.629762,116.074675,113.666487,116.074675,1.444913,159
2023-12-18,78556,9314589,116.074675,116.074675,113.666487,113.666487,-2.408188,167
2023-12-19,89256,10464957,114.629762,114.629762,112.221574,112.703211,-0.963276,174
2023-12-20,103692,12395207,114.629762,116.074675,113.666487,114.148124,1.444913,163
2023-12-21,39013,4615718,113.184849,114.629762,113.184849,113.666487,-0.481637,94
2023-12-22,50634,6023011,113.666487,115.1114,113.666487,115.1114,1.444913,72
2023-12-25,37741,4468961,115.1114,115.1114,113.666487,113.666487,-1.444913,73
2023-12-26,30175,3580850,114.148124,115.1114,113.666487,114.148124,0.481637,80
2023-12-27,41649,4956760,115.1114,115.593037,114.148124,114.148124,0.0,94
2023-12-28,42797,5060827,113.666487,114.629762,113.666487,113.666487,-0.481637,129
2023-12-29,175786,21250453,115.1114,117.519588,115.1114,116.556313,2.889826,232
2024-01-02,306488,37891968,116.556313,121.372689,115.593037,121.372689,4.816376,503
2024-01-03,342594,42950464,121.372689,123.780877,118.482863,118.482863,-2.889826,443
2024-01-04,98427,12056826,119.446138,119.927776,117.519588,117.519588,-0.963275,157
2024-01-05,145104,18058875,117.519588,120.891051,117.519588,119.927776,2.408188,307
2024-01-08,82690,10282839,120.409414,121.372689,118.964501,118.964501,-0.963275,120
2024-01-09,129549,15778951,118.964501,119.927776,116.074675,116.074675,-2.889826,168
2024-01-10,49392,5908569,116.074675,116.074675,114.629762,115.1114,-0.963275,108
2024-01-11,65048,7885648,117.03795,118.001225,115.593037,116.556313,1.444913,90
2024-01-12,33857,4087282,117.03795,117.03795,115.593037,116.074675,-0.481638,72
2024-01-15,74086,8870369,115.1114,116.074675,114.629762,114.629762,-1.444913,173
2024-01-16,68625,8130287,114.629762,115.1114,113.666487,114.148124,-0.481638,174
2024-01-17,98415,11532519,114.629762,114.629762,112.221574,112.703211,-1.444913,219
2024-01-18,124814,14426995,112.703211,112.703211,110.295023,111.739936,-0.963275,228
2024-01-19,48031,5596660,112.703211,112.703211,111.739936,112.221574,0.481638,135
2024-01-22,40406,4718223,111.739936,113.184849,111.258298,112.221574,0.0,91
2024-01-23,25830,3018952,113.184849,113.184849,112.221574,112.221574,0.0,74
2024-01-24,222101,26159730,113.184849,115.1114,112.221574,113.184849,0.963275,251
2024-01-25,38208,4489869,113.184849,113.184849,113.184849,113.184849,0.0,94
2024-01-26,62832,7447291,114.629762,114.629762,113.666487,114.629762,1.444913,71
2024-01-29,71581,8569079,114.629762,116.074675,114.148124,116.074675,1.444913,87
2024-01-30,75005,8916993,116.556313,116.556313,113.666487,113.666487,-2.408188,147
2024-01-31,148232,17271109,114.148124,114.148124,111.739936,112.221574,-1.444913,279
2024-02-01,123058,14311089,112.221574,113.184849,111.258298,112.703211,0.481637,228
2024-02-02,43968,5116638,112.703211,112.703211,111.739936,111.739936,-0.963275,90
2024-02-05,157683,18000848,111.739936,111.739936,108.85011,110.776661,-0.963275,337
2024-02-15,141807,16012941,110.776661,110.776661,107.886835,108.85011,-1.926551,331
2024-02-16,84652,9799981,108.368472,112.703211,108.368472,111.739936,2.889826,134
2024-02-19,61809,7223545,112.221574,113.666487,111.739936,111.739936,0.0,150
2024-02-20,47676,5516078,112.703211,112.703211,110.776661,111.739936,0.0,174
2024-02-21,41960,4831588,111.258298,111.739936,110.295023,110.776661,-0.963275,155
2024-02-22,98114,11205372,110.776661,110.776661,109.331748,109.331748,-1.444913,253
2024-02-23,81112,9206592,109.331748,109.813385,108.368472,108.85011,-0.481638,193
2024-02-26,104448,11903669,109.813385,111.739936,108.85011,108.85011,0.0,186
2024-02-27,137696,15485338,110.295023,110.295023,107.405197,107.405197,-1.444913,413
2024-02-29,101430,11509770,108.85011,110.295023,107.886835,110.295023,2.889826,183
2024-03-01,39905,4532809,110.295023,110.295023,108.85011,108.85011,-1.444913,145
2024-03-04,66685,7616951,109.331748,110.776661,109.331748,109.813385,0.963275,119
2024-03-05,53685,6100464,109.813385,110.776661,108.85011,108.85011,-0.963275,164
2024-03-06,38297,4358638,108.85011,110.295023,108.85011,109.331748,0.481638,102
2024-03-07,47851,5429980,110.776661,110.776661,108.85011,109.331748,0.0,108
2024-03-08,76915,8691032,110.776661,110.776661,107.886835,108.368472,-0.963276,154
2024-03-11,239215,27996024,113.184849,115.1114,111.258298,111.258298,2.889826,345
2024-03-12,286320,32071179,106.441922,110.295023,105.478646,108.368472,-2.889826,553
2024-03-13,385093,42265191,107.886835,108.368472,103.070458,103.070458,-5.298014,788
2024-03-14,242197,25425591,103.070458,103.070458,99.217357,101.143908,-1.92655,543
2024-03-15,96511,10060191,101.625545,101.625545,99.698995,99.698995,-1.444913,290
2024-03-18,138633,14615950,99.698995,103.552096,99.698995,101.625545,1.92655,176
2024-03-19,80557,8595021,103.070458,104.033733,101.625545,102.107183,0.481638,173
2024-03-20,67908,7214387,101.625545,103.552096,101.625545,102.588821,0.481638,129
2024-03-21,67338,7103561,102.588821,102.588821,101.143908,101.143908,-1.444913,194
2024-03-22,60613,6364922,101.143908,101.625545,100.66227,100.66227,-0.481638,157
2024-03-25,92239,9708416,100.66227,101.625545,100.66227,101.625545,0.963275,120
2024-03-26,94000,9763380,100.66227,101.143908,99.217357,99.217357,-2.408188,248
2024-03-27,28846,2998418,100.180632,100.180632,99.698995,100.180632,0.963275,90
2024-03-28,103582,10879561,100.66227,102.107183,100.66227,100.66227,0.481638,174
2024-03-29,45498,4748674,100.66227,101.143908,99.698995,100.180632,-0.481638,190
2024-04-01,75398,7903057,100.66227,101.625545,99.698995,100.180632,0.0,157
2024-04-02,65274,6804771,99.698995,101.143908,99.217357,100.66227,0.481638,120
2024-04-03,168675,17313899,100.66227,100.66227,98.254082,98.735719,-1.926551,332
2024-04-08,115883,11901953,98.735719,99.698995,98.254082,99.217357,0.481638,146
2024-04-09,59716,6146204,99.217357,99.217357,98.735719,99.217357,0.0,149
2024-04-10,92825,9686257,99.217357,101.143908,98.735719,100.180632,0.963275,134
2024-04-11,225921,22967128,97.290806,98.735719,97.290806,97.290806,-2.889826,388
2024-04-12,603246,59488476,96.809169,96.809169,93.437705,95.653238,-1.637568,1096
2024-04-15,236207,23970404,95.364256,98.735719,94.978946,97.772444,2.119206,291
2024-04-16,244834,24039940,97.772444,97.772444,93.726688,93.823015,-3.949429,576
2024-04-17,117832,11660023,94.40098,95.942221,94.40098,95.556911,1.733896,176
2024-04-18,95260,9514064,95.942221,96.809169,95.556911,96.327531,0.77062,156
2024-04-19,199509,19414564,96.327531,96.327531,92.956067,93.437705,-2.889826,417
2024-04-22,102666,10202956,94.40098,96.327531,94.40098,95.364256,1.926551,151
2024-04-23,33141,3300474,96.327531,96.327531,95.364256,96.038548,0.674292,57
2024-04-24,78252,7790961,96.038548,96.231203,95.460583,96.038548,0.0,177
2024-04-25,113486,11384057,96.038548,97.290806,96.038548,96.038548,0.0,142
2024-04-26,49264,4920377,96.038548,96.809169,96.038548,96.038548,0.0,321
2024-04-29,116061,11653293,96.327531,97.290806,96.231203,96.809169,0.770621,119
2024-04-30,60877,6105600,97.290806,97.290806,96.231203,96.809169,0.0,149
2024-05-02,40996,4112220,96.809169,96.809169,95.845893,96.809169,0.0,59
2024-05-03,44813,4495980,97.290806,97.290806,96.231203,96.231203,-0.577966,62
2024-05-06,70035,7030865,98.254082,98.254082,96.134876,96.809169,0.577966,101
2024-05-07,81521,8128890,96.809169,96.809169,95.364256,96.327531,-0.481638,147
2024-05-08,58621,5861268,96.809169,96.809169,96.134876,96.327531,0.0,71
2024-05-09,74829,7476789,96.327531,96.809169,95.845893,95.845893,-0.481638,69
2024-05-10,587546,62184744,100.66227,104.515371,98.735719,101.625545,5.779652,657
2024-05-13,120554,12668139,101.625545,102.107183,100.180632,101.143908,-0.481637,406
2024-05-14,129588,13940057,101.143908,104.997009,101.143908,104.033733,2.889825,295
2024-05-15,135079,14377771,104.997009,104.997009,101.625545,102.107183,-1.92655,1041
2024-05-16,132688,13962377,101.143908,103.552096,100.180632,100.66227,-1.444913,211
2024-05-17,65660,6861634,101.143908,101.625545,100.180632,100.180632,-0.481638,82
2024-05-20,78253,8126293,100.180632,101.143908,99.217357,100.180632,0.0,109
2024-05-21,95179,9898498,101.143908,101.143908,99.217357,99.217357,-0.963275,90
2024-05-22,74256,7613462,99.217357,99.217357,98.254082,98.254082,-0.963275,97
2024-05-23,48174,4945224,98.735719,99.698995,98.254082,99.698995,1.444913,86
2024-05-24,24989,2579112,98.735719,100.180632,98.735719,99.698995,0.0,86
2024-05-27,20665,2139899,99.698995,100.180632,99.698995,100.180632,0.481637,56
2024-05-28,36957,3834214,99.698995,101.143908,99.217357,100.180632,0.0,77
2024-05-29,29157,3043022,100.66227,101.143908,99.698995,99.698995,-0.481637,50
2024-05-30,38976,4038115,99.698995,100.66227,99.217357,99.698995,0.0,57
2024-05-31,34416,3584770,101.143908,101.143908,99.698995,100.66227,0.963275,44
2024-06-03,26478,2759346,100.66227,101.143908,100.180632,100.180632,-0.481638,44
2024-06-04,28109,2922845,100.180632,100.66227,99.698995,100.180632,0.0,57
2024-06-05,29586,3059177,100.180632,100.180632,99.217357,99.217357,-0.963275,66
2024-06-06,109008,11463364,100.66227,102.588821,99.217357,102.107183,2.889826,129
2024-06-07,38480,4065085,102.107183,102.107183,101.143908,102.107183,0.0,70
2024-06-11,198408,20498920,99.698995,101.625545,98.735719,99.217357,-2.889826,244
2024-06-12,63684,6537607,100.180632,100.180632,98.254082,98.735719,-0.481638,93
2024-06-13,108937,11054253,99.217357,99.217357,96.809169,97.290806,-1.444913,210
2024-06-14,68900,7026711,98.254082,98.735719,97.772444,98.254082,0.963276,113
2024-06-17,71109,7345678,98.735719,101.143908,98.735719,99.217357,0.963275,77
2024-06-18,143442,15107857,99.698995,102.588821,99.698995,102.588821,3.371464,190
2024-06-19,96757,10273261,103.552096,103.552096,101.143908,102.107183,-0.481638,137
2024-06-20,42965,4508098,102.107183,102.107183,100.180632,100.180632,-1.926551,67
2024-06-21,22398,2362519,100.66227,102.107183,100.66227,102.107183,1.926551,58
2024-06-24,67984,7092454,101.625545,101.625545,99.698995,101.143908,-0.963275,83
2024-06-25,51814,5519214,102.107183,104.033733,101.143908,101.625545,0.481637,72
2024-06-26,59580,6297817,102.107183,102.588821,101.143908,101.143908,-0.481637,82
2024-06-27,25984,2738432,102.107183,102.107183,101.143908,101.625545,0.481637,129
2024-06-28,43561,4590581,102.107183,102.107183,100.66227,101.143908,-0.481637,109
2024-07-01,26673,2805955,101.625545,101.625545,100.66227,101.143908,0.0,50
2024-07-02,180351,19352680,101.143908,104.997009,101.143908,103.552096,2.408188,201
2024-07-03,93381,9991418,103.552096,104.033733,102.588821,102.588821,-0.963275,117
2024-07-04,79969,8603031,103.552096,104.515371,103.070458,103.552096,0.963275,101
2024-07-05,99685,10817563,103.552096,105.960284,103.070458,105.478646,1.92655,167
2024-07-08,73860,8064006,105.960284,105.960284,104.515371,104.997009,-0.481637,131
2024-07-09,72188,7753698,105.960284,105.960284,102.107183,103.552096,-1.444913,94
2024-07-10,39570,4262552,104.515371,104.515371,103.070458,104.033733,0.481637,70
2024-07-11,134130,14301958,104.515371,104.515371,101.143908,101.625545,-2.408188,165
2024-07-12,28376,3006596,102.107183,102.588821,101.625545,102.107183,0.481638,61
2024-07-15,28329,2977809,103.070458,103.070458,100.66227,100.66227,-1.444913,79
2024-07-16,34479,3608968,100.66227,101.625545,100.180632,100.66227,0.0,69
2024-07-17,32614,3426922,101.625545,102.107183,100.66227,100.66227,0.0,69
2024-07-18,49884,5250085,100.66227,102.107183,100.66227,102.107183,1.444913,79
2024-07-19,47487,4970800,102.588821,102.588821,100.180632,100.66227,-1.444913,78
2024-07-22,171246,17354734,100.66227,100.66227,96.231203,96.809169,-3.853101,232
2024-07-23,33021,3365358,98.254082,99.217357,97.772444,98.254082,1.444913,64
2024-07-26,45329,4565967,97.772444,98.254082,95.653238,97.772444,-0.481638,73
2024-07-29,39600,4010878,98.254082,98.254082,96.809169,96.809169,-0.963275,71
2024-07-30,79590,7986041,96.809169,97.290806,96.327531,97.290806,0.481637,89
2024-07-31,4510,454612,97.290806,97.290806,96.809169,96.809169,-0.481637,29
2024-08-01,161882,16927585,97.290806,103.070458,97.290806,101.625545,4.816376,165
2024-08-02,434221,46255035,103.070458,104.515371,100.66227,100.66227,-0.963275,466
2024-08-05,414566,41239593,101.143908,101.143908,94.497308,94.593635,-6.068635,560
2024-08-06,248823,24077765,96.231203,96.327531,90.547879,93.437705,-1.15593,316
2024-08-07,81774,8196346,93.823015,97.290806,93.823015,96.809169,3.371464,111
2024-08-08,73832,7416942,96.038548,97.772444,95.460583,97.772444,0.963275,250
2024-08-09,71529,7333367,99.217357,99.217357,97.772444,98.254082,0.481638,107
2024-08-12,210651,20966656,95.845893,97.772444,92.85974,97.290806,-0.963276,197
2024-08-13,142192,14605894,97.290806,100.180632,96.809169,100.180632,2.889826,209
2024-08-14,280323,27975203,98.225888,98.714574,96.857567,97.248516,-2.932116,569
2024-08-15,115509,11366719,96.75983,96.75983,95.782458,96.07567,-1.172846,200
2024-08-16,48781,4817731,96.271144,96.857567,96.173407,96.368881,0.293211,67
2024-08-19,37277,3665552,95.977933,97.150779,95.782458,96.271144,-0.097737,87
2024-08-20,27114,2663584,96.271144,96.271144,95.782458,95.782458,-0.488686,100
2024-08-21,84952,8275571,95.586984,95.880195,94.805086,95.196035,-0.586423,253
2024-08-22,86268,8487529,95.391509,97.443991,95.196035,97.443991,2.247956,157
2024-08-23,87610,8752477,97.443991,98.714574,96.857567,97.737202,0.293211,117
2024-08-26,330396,34268435,99.20326,102.624062,99.20326,102.135376,4.398174,776
2024-08-27,83549,8710515,103.112748,103.112748,100.180632,102.135376,0.0,340
2024-08-28,155123,16405715,103.112748,104.578806,101.158004,102.624062,0.488686,229
2024-08-29,73297,7678749,102.135376,103.601434,101.64669,101.64669,-0.977372,118
2024-08-30,72855,7491447,101.64669,101.64669,100.180632,100.180632,-1.466058,136
2024-09-02,24193,2475177,100.669318,100.669318,99.20326,99.20326,-0.977372,71
2024-09-03,49580,5002658,99.20326,99.20326,98.225888,98.225888,-0.977372,137
2024-09-04,98644,9759496,96.857567,97.346253,95.782458,96.564356,-1.661532,166
2024-09-05,59013,5836582,96.564356,97.053042,96.271144,96.271144,-0.293212,83
2024-09-06,24017,2378846,96.173407,97.248516,96.173407,96.662093,0.390949,44
2024-09-09,32963,3285562,95.782458,98.225888,95.782458,97.737202,1.075109,54
2024-09-10,45847,4573397,98.225888,99.20326,96.564356,97.346253,-0.390949,75
2024-09-11,193657,18885279,98.714574,98.714574,94.3164,94.805086,-2.541167,569
2024-09-12,73813,7171599,94.902823,95.684721,94.609612,94.805086,0.0,136
2024-09-13,32803,3201229,94.707349,95.782458,94.707349,95.000561,0.195475,240
2024-09-16,58031,5715080,95.000561,96.75983,95.000561,95.880195,0.879634,73
2024-09-18,28788,2814730,95.880195,95.880195,95.293772,95.293772,-0.586423,62
2024-09-19,26543,2586019,95.293772,95.880195,94.805086,95.293772,0.0,71
2024-09-20,63913,6209475,95.977933,95.977933,94.707349,94.707349,-0.586423,101
2024-09-23,24791,2412674,95.196035,95.293772,94.805086,94.805086,0.097737,56
2024-09-24,26541,2592259,95.586984,95.782458,95.098298,95.196035,0.390949,49
2024-09-25,48480,4759145,96.173407,96.564356,95.391509,95.977933,0.781898,81
2024-09-26,39144,3833722,95.977933,96.368881,95.196035,95.293772,-0.684161,66
2024-09-27,37435,3673699,96.173407,96.466619,95.391509,95.977933,0.684161,70
2024-09-30,34171,3360350,96.857567,96.857567,95.782458,95.977933,0.0,102
2024-10-01,10696,1046052,95.782458,95.782458,95.489247,95.489247,-0.488686,36
2024-10-04,45339,4435678,95.489247,96.662093,95.293772,95.293772,-0.195475,62
2024-10-07,26253,2562450,95.293772,96.173407,95.196035,95.293772,0.0,168
2024-10-08,63172,6108261,95.293772,95.293772,94.023189,94.023189,-1.270583,107
2024-10-09,159234,15041718,93.925451,93.925451,91.677496,92.263919,-1.75927,332
2024-10-11,87791,8284989,92.850342,93.534502,91.87297,92.263919,0.0,115
2024-10-14,42359,3990242,93.729977,93.729977,91.482021,91.87297,-0.390949,104
2024-10-15,116233,10827568,92.263919,92.263919,90.602386,90.895598,-0.977372,295
2024-10-16,81682,7531185,90.895598,91.091072,89.136328,91.091072,0.195474,156
2024-10-17,25592,2380940,91.677496,91.677496,90.504649,91.579758,0.488686,53
2024-10-18,20507,1921758,92.361656,92.361656,90.993335,91.579758,0.0,46
2024-10-21,33205,3102067,92.55713,92.55713,90.602386,90.895598,-0.68416,63
2024-10-22,24114,2239614,90.700124,90.993335,90.504649,90.700124,-0.195474,51
2024-10-23,76291,7029587,91.286547,91.286547,89.42954,89.918226,-0.781898,158
2024-10-24,46628,4272882,90.211438,90.504649,88.940854,89.527277,-0.390949,100
2024-10-25,35891,3314468,90.309175,91.091072,89.625014,89.722752,0.195475,91
2024-10-28,21844,2011118,90.993335,90.993335,89.625014,90.015963,0.293211,104
2024-10-29,30475,2796042,90.015963,90.797861,89.42954,90.797861,0.781898,78
2024-10-30,43686,4070019,90.797861,91.677496,90.1137,90.602386,-0.195475,69
2024-11-01,22732,2107682,90.1137,91.482021,89.918226,89.918226,-0.68416,63
2024-11-04,98796,9332674,89.918226,97.737202,89.42954,89.918226,0.0,143
2024-11-05,33064,3053516,91.18881,91.18881,89.820489,90.1137,0.195474,56
2024-11-06,46888,4299435,90.1137,91.384284,88.940854,89.234066,-0.879634,100
2024-11-07,26922,2476150,89.820489,90.797861,89.136328,89.918226,0.68416,45
2024-11-08,21203,1958557,90.1137,90.700124,90.015963,90.406912,0.488686,40
2024-11-11,23766,2186400,90.1137,90.211438,89.722752,90.211438,-0.195474,60
2024-11-12,44280,4070489,90.700124,90.895598,89.136328,90.406912,0.195474,134
2024-11-13,370035,32296800,88.74538,88.74538,83.663045,84.347205,-6.059707,849
2024-11-14,182007,15182718,84.053994,84.249468,79.949031,80.33998,-4.007225,438
2024-11-15,217931,17924361,80.926403,82.587936,78.189762,81.415089,1.075109,264
2024-11-18,39147,3255434,81.121878,82.490199,80.828666,80.926403,-0.488686,184
2024-11-19,44371,3751305,82.490199,83.565308,81.903775,82.881147,1.954744,98
2024-11-20,22034,1881864,83.663045,84.347205,82.294724,84.249468,1.368321,77
2024-11-21,23466,1973350,82.881147,83.565308,80.437717,83.272096,-0.977372,105
2024-11-22,9714,826848,84.053994,84.053994,82.587936,82.978885,-0.293211,43
2024-11-25,41500,3558547,82.978885,84.835892,82.587936,83.956257,0.977372,51
2024-11-26,13616,1168576,84.54268,84.54268,83.076622,84.053994,0.097737,36
2024-11-27,20656,1774533,84.053994,84.444943,83.272096,83.565308,-0.488686,42
2024-11-28,11559,988611,84.835892,84.835892,83.076622,83.369833,-0.195475,51
2024-11-29,35824,3092696,83.956257,84.738154,83.565308,84.640417,1.270584,50
2024-12-02,90763,7981254,84.053994,86.790636,83.956257,86.595161,1.954744,167
2024-12-03,35197,3132792,87.377059,87.377059,86.497424,86.888373,0.293212,59
2024-12-04,21758,1929514,87.279322,87.474796,85.911001,85.911001,-0.977372,67
2024-12-05,17678,1553172,85.911001,86.106475,85.324578,86.106475,0.195474,41
2024-12-06,14940,1322633,86.399687,86.692898,86.399687,86.692898,0.586423,34
2024-12-09,15435,1370985,86.98611,87.083847,86.30195,87.083847,0.390949,31
2024-12-10,18086,1594128,86.98611,86.98611,85.520052,85.813264,-1.270583,52
2024-12-11,28309,2489463,85.520052,86.30195,85.520052,86.204212,0.390948,38
2024-12-12,23170,2034174,86.204212,86.790636,85.520052,86.008738,-0.195474,48
2024-12-13,28787,2498441,85.031366,85.813264,84.053994,84.640417,-1.368321,66
2024-12-16,15366,1337315,84.54268,85.911001,84.54268,85.422315,0.781898,34
2024-12-17,27495,2429188,87.67027,87.67027,85.520052,86.497424,1.075109,50
2024-12-18,33101,2939556,86.595161,87.279322,85.324578,86.888373,0.390949,56
2024-12-19,17222,1516689,86.888373,86.888373,85.22684,86.30195,-0.586423,39
2024-12-20,10979,954557,86.888373,86.888373,84.249468,84.347205,-1.954745,57
2024-12-23,9852,856485,84.053994,86.595161,84.053994,85.422315,1.07511,41
2024-12-24,4008,352421,85.422315,86.497424,85.422315,85.813264,0.390949,61
2024-12-25,1207,105960,85.813264,85.813264,85.813264,85.813264,0.0,11
2024-12-26,8825,770533,85.813264,85.813264,84.640417,85.324578,-0.488686,28
2024-12-27,16464,1431402,85.324578,85.324578,83.565308,85.031366,-0.293212,38
2024-12-30,16394,1418501,85.520052,85.520052,84.053994,84.738154,-0.293212,31
2024-12-31,19648,1686709,85.031366,85.031366,83.369833,83.858519,-0.879635,52
2025-01-02,26531,2260216,83.858519,83.858519,82.392461,82.978885,-0.879634,59
2025-01-03,33877,2847451,82.196987,82.392461,81.903775,82.001513,-0.977372,54
2025-01-06,20193,1695845,82.09925,82.196987,81.903775,82.001513,0.0,30
2025-01-07,38488,3251013,82.881147,83.369833,82.09925,82.09925,0.097737,57
2025-01-08,18143,1521385,82.09925,82.196987,81.903775,81.903775,-0.195475,62
2025-01-09,25813,2165422,81.903775,83.076622,81.415089,81.903775,0.0,50
2025-01-10,32144,2661105,79.264871,81.806038,79.264871,81.219615,-0.68416,35
2025-01-13,42138,3497835,82.490199,82.490199,80.144506,80.535455,-0.68416,47
2025-01-14,13940,1155191,82.001513,82.001513,80.535455,81.219615,0.68416,41
2025-01-15,14159,1182766,81.121878,82.09925,81.121878,81.708301,0.488686,25
2025-01-16,6673,560144,82.294724,82.294724,81.903775,81.903775,0.195474,25
2025-01-17,21570,1802341,81.903775,82.001513,81.317352,81.610564,-0.293211,36
2025-01-20,33221,2771150,81.610564,81.903775,81.317352,81.806038,0.195474,59
2025-01-21,20226,1703539,81.806038,82.881147,81.806038,82.881147,1.075109,32
2025-01-22,14435,1222362,82.881147,83.467571,81.903775,82.881147,0.0,27
2025-02-03,27690,2355960,82.881147,85.22684,82.78341,83.956257,1.07511,112
2025-02-04,21901,1901366,83.076622,85.324578,83.076622,84.933629,0.977372,135
2025-02-05,13106,1149882,86.30195,86.30195,85.129103,85.129103,0.195474,27
2025-02-06,11391,996533,86.497424,86.497424,84.54268,85.617789,0.488686,87
2025-02-07,7475,651343,84.54268,85.422315,84.347205,85.422315,-0.195474,39
2025-02-10,29788,2614581,85.422315,86.008738,84.738154,86.008738,0.586423,65
2025-02-11,6517,570552,85.813264,85.813264,85.22684,85.813264,-0.195474,124
2025-02-12,2077,181650,85.22684,85.715526,85.22684,85.715526,-0.097738,18
2025-02-13,24920,2165078,85.617789,85.617789,84.640417,84.835892,-0.879634,250
2025-02-14,14953,1293972,84.640417,84.640417,84.444943,84.54268,-0.293212,46
2025-02-17,22100,1949044,87.279322,87.279322,85.22684,86.008738,1.466058,79
2025-02-18,9551,838887,85.617789,86.497424,85.617789,85.813264,-0.195474,28
2025-02-19,10480,921463,85.520052,86.106475,85.520052,86.106475,0.293211,84
2025-02-20,13995,1233823,86.106475,86.888373,85.911001,86.204212,0.097737,40
2025-02-21,7411,655118,86.399687,86.399687,86.399687,86.399687,0.195475,31
2025-02-24,9889,870221,86.30195,86.30195,85.715526,85.911001,-0.488686,33
2025-02-25,23326,2047358,86.008738,86.497424,85.520052,85.911001,0.0,30
2025-02-26,6185,544969,86.008738,86.692898,85.813264,86.008738,0.097737,53
2025-02-27,15826,1386040,86.008738,86.008738,85.324578,85.324578,-0.68416,43
2025-03-03,36226,3165249,85.129103,86.30195,84.54268,85.031366,-0.293212,45
2025-03-04,58441,5066302,86.595161,86.595161,84.347205,85.129103,0.097737,56
2025-03-05,49294,4338956,85.520052,86.399687,84.835892,86.399687,1.270584,76
2025-03-06,12651,1111704,85.22684,86.30195,85.22684,86.008738,-0.390949,44
2025-03-07,47397,4177101,86.008738,86.595161,85.422315,86.595161,0.586423,111
2025-03-10,11073,982790,87.377059,87.377059,86.008738,86.790636,0.195475,138
2025-03-11,44183,3823325,85.031366,85.22684,83.663045,85.031366,-1.75927,203
2025-03-12,44430,3825127,84.54268,84.640417,83.858519,84.640417,-0.390949,444
2025-03-13,30226,2587090,84.053994,84.151731,82.978885,82.978885,-1.661532,78
2025-03-14,12543,1065999,82.978885,83.956257,82.685673,82.685673,-0.293212,28
2025-03-17,15055,1276978,82.78341,83.760782,82.09925,82.685673,0.0,26
2025-03-18,20702,1749125,83.663045,83.663045,82.001513,83.076622,0.390949,51
2025-03-19,6327,536093,83.076622,83.076622,82.392461,82.685673,-0.390949,25
2025-03-20,26550,2229338,82.587936,82.78341,81.219615,81.708301,-0.977372,43
2025-03-21,11132,932881,81.708301,82.587936,81.610564,82.294724,0.586423,18
2025-03-24,16224,1361435,82.09925,82.392461,81.610564,81.708301,-0.586423,34
2025-03-25,11271,943264,81.317352,82.392461,81.121878,82.392461,0.68416,30
2025-03-26,9236,776296,81.415089,82.78341,81.415089,82.685673,0.293212,18
2025-03-27,1278,107835,82.685673,82.685673,82.685673,82.685673,0.0,13
2025-03-28,19170,1588539,81.219615,81.610564,80.437717,81.121878,-1.563795,26
2025-03-31,56572,4559850,79.264871,81.121878,77.701076,78.189762,-2.932116,100
2025-04-01,47748,3812116,78.189762,78.287499,77.798813,78.287499,0.097737,66
2025-04-02,10034,804263,78.189762,78.776185,78.189762,78.189762,-0.097737,17
2025-04-07,66575,4797657,70.370786,70.370786,70.370786,70.370786,-7.818976,139
2025-04-08,253988,17272846,63.92013,68.416042,63.92013,65.483925,-4.886861,269
2025-04-09,120962,7998379,67.243195,67.43867,62.063123,62.063123,-3.420802,194
2025-04-10,162803,11310846,66.949984,68.220567,66.461297,68.025093,5.96197,208
2025-04-11,22111,1499686,63.822393,68.318304,63.822393,67.927356,-0.097737,47
2025-04-14,44164,3185362,70.273048,71.739106,69.686625,69.784362,1.857006,105
2025-04-15,22665,1660562,70.859472,72.32553,70.859472,71.445895,1.661533,39
2025-04-16,38467,2841544,71.445895,75.159908,70.370786,74.182536,2.736641,109
2025-04-17,16847,1272067,73.302902,74.866697,73.205164,74.573485,0.390949,33
2025-04-18,16115,1200807,73.69385,74.866697,71.934581,71.934581,-2.638904,85
2025-04-21,8527,614530,71.934581,71.934581,69.295676,69.295676,-2.638905,26
2025-04-22,27403,1947504,69.295676,70.761734,68.904728,70.56626,1.270584,36
2025-04-23,10769,795243,72.814216,73.00969,70.468523,71.641369,1.075109,24
2025-04-24,21363,1555590,71.641369,71.641369,69.686625,71.348158,-0.293211,35
2025-04-25,59662,4363847,71.348158,73.596113,70.663997,72.032318,0.68416,57
2025-04-28,18948,1397593,71.934581,72.423267,71.543632,72.32553,0.293212,28
2025-04-29,18940,1409742,72.32553,73.107427,72.32553,72.911953,0.586423,40
2025-04-30,59458,4543969,72.911953,75.844069,72.911953,75.746332,2.834379,68
2025-05-02,28368,2230533,76.235018,77.89655,76.039543,76.332755,0.586423,40
2025-05-05,57003,4501914,76.235018,78.873922,76.235018,77.407864,1.075109,65
2025-05-06,7675,605697,77.310127,77.701076,76.625967,76.625967,-0.781897,37
2025-05-07,5509,437751,78.385236,78.385236,76.528229,77.701076,1.075109,13
2025-05-08,65319,5330622,78.580711,81.415089,77.310127,81.121878,3.420802,82
2025-05-09,37968,3176125,82.587936,82.587936,80.242243,82.09925,0.977372,57
2025-05-12,69306,5529622,80.33998,80.33998,77.407864,77.701076,-4.398174,168
2025-05-13,28535,2271851,77.701076,79.460345,77.310127,78.678448,0.977372,46
2025-05-14,7742,616182,77.798813,78.092025,77.701076,77.798813,-0.879635,26
2025-05-15,2180,173598,78.189762,78.189762,77.407864,77.407864,-0.390949,11
2025-05-16,18778,1494509,76.528229,78.482973,76.528229,77.407864,0.0,26
2025-05-19,10569,841093,77.21239,78.092025,77.114653,78.092025,0.684161,34
2025-05-20,30334,2426604,78.092025,78.580711,77.994287,78.580711,0.488686,41
2025-05-21,6600,533780,79.558083,79.558083,78.678448,78.678448,0.097737,20
2025-05-22,4353,351307,78.971659,78.971659,78.873922,78.873922,0.195474,13
2025-05-23,11105,890345,79.167134,79.167134,78.189762,79.069397,0.195475,9
2025-05-26,6217,498526,78.287499,78.678448,78.189762,78.678448,-0.390949,17
2025-05-27,17455,1398410,78.287499,78.873922,77.701076,78.189762,-0.488686,32
2025-05-28,3177,256101,79.851294,79.851294,77.701076,78.971659,0.781897,10
2025-05-29,4496,358255,78.189762,78.189762,77.016915,78.092025,-0.879634,29
2025-06-02,1293,101629,76.723704,76.723704,76.723704,76.723704,-1.368321,19
2025-06-03,10658,841449,78.482973,78.482973,76.723704,76.723704,0.0,18
2025-06-04,25014,1969800,77.994287,77.994287,76.528229,77.603339,0.879635,23
2025-06-05,6126,486524,77.603339,77.798813,77.603339,77.798813,0.195474,10
2025-06-06,14737,1157579,77.016915,77.505601,75.550857,75.550857,-2.247956,28
2025-06-09,23950,1827542,73.596113,76.723704,73.498376,76.723704,1.172847,37
2025-06-10,8214,652830,77.603339,77.89655,77.603339,77.603339,0.879635,16
2025-06-11,16861,1347196,78.287499,78.580711,77.89655,77.89655,0.293211,32
2025-06-12,6800,541769,79.069397,79.069397,77.603339,77.603339,-0.293211,25
2025-06-13,24602,1919621,77.701076,77.701076,75.45312,77.505601,-0.097738,43
2025-06-16,13317,1051486,76.039543,77.798813,76.039543,77.701076,0.195475,23
2025-06-17,31298,2469264,77.21239,78.678448,75.844069,77.016915,-0.684161,37
2025-06-18,15150,1203130,77.701076,77.701076,77.21239,77.21239,0.195475,16
2025-06-19,2127,166108,76.332755,76.332755,76.332755,76.332755,-0.879635,5
2025-06-20,14450,1114874,75.45312,75.45312,75.159908,75.45312,-0.879635,33
2025-06-23,38926,3109618,78.092025,78.678448,77.21239,77.21239,1.75927,80
2025-06-24,113204,9156560,78.189762,79.65582,78.092025,78.873922,1.661532,82
2025-06-25,22798,1843241,79.558083,79.558083,78.482973,78.776185,-0.097737,35
2025-06-26,66066,5424441,79.264871,81.219615,79.167134,81.219615,2.44343,132
2025-06-27,47432,3924552,81.121878,82.001513,79.460345,79.460345,-1.75927,146
2025-06-30,88304,7413892,79.460345,83.272096,79.460345,82.881147,3.420802,142
2025-07-01,162435,14382493,87.963482,87.963482,83.565308,84.249468,1.368321,310
2025-07-02,24830,2137058,84.053994,84.54268,83.858519,84.347205,0.097737,155
2025-07-03,21686,1870530,84.347205,85.520052,83.565308,83.565308,-0.781897,242
2025-07-04,20157,1690760,82.978885,82.978885,81.415089,81.610564,-1.954744,105
2025-07-07,13176,1095318,81.610564,81.610564,81.024141,81.512827,-0.097737,42
2025-07-08,9645,792814,80.828666,80.828666,79.65582,80.633192,-0.879635,40
2025-07-09,26100,2174019,80.633192,82.978885,80.633192,81.512827,0.879635,26
2025-07-10,11748,975741,81.415089,81.512827,80.437717,81.415089,-0.097738,21
2025-07-11,67084,5599219,81.317352,84.347205,79.65582,83.272096,1.857007,86
2025-07-14,52836,4559315,83.272096,85.520052,83.272096,83.272096,0.0,65
2025-07-15,19974,1696417,81.708301,83.956257,81.708301,83.956257,0.684161,34
2025-07-16,63728,5532763,83.760782,85.520052,83.760782,85.520052,1.563795,53
2025-07-17,52948,4554434,85.422315,85.617789,83.076622,84.347205,-1.172847,171
2025-07-18,4023,345755,84.347205,84.347205,83.760782,83.956257,-0.390948,22
2025-07-21,19928,1701480,84.835892,84.835892,82.294724,82.587936,-1.368321,69
2025-07-22,21505,1807373,82.587936,82.685673,81.317352,81.610564,-0.977372,43
2025-07-23,21504,1801448,81.610564,82.587936,81.512827,81.903775,0.293211,26
2025-07-24,33864,2877608,82.587936,83.760782,82.587936,83.565308,1.661533,73
2025-07-25,33110,2842021,83.565308,84.54268,83.467571,84.151731,0.586423,39
2025-07-28,12498,1067548,84.151731,84.151731,83.369833,83.858519,-0.293212,49
2025-07-29,27504,2367546,83.760782,84.54268,83.760782,84.053994,0.195475,64
2025-07-30,16518,1419253,83.174359,84.738154,83.174359,83.467571,-0.586423,36
2025-07-31,16070,1368474,83.565308,83.663045,83.076622,83.272096,-0.195475,36
2025-08-01,23165,1975448,83.272096,83.956257,82.78341,83.174359,-0.097737,45
2025-08-04,29705,2546781,83.174359,84.347205,83.174359,83.663045,0.488686,33
2025-08-05,33260,2868968,83.565308,84.640417,83.565308,84.347205,0.68416,119
2025-08-06,15522,1342338,84.347205,84.835892,84.053994,84.640417,0.293212,33
2025-08-07,72565,6343215,85.031366,86.008738,84.738154,86.008738,1.368321,259
2025-08-08,32855,2879545,85.813264,86.008738,85.031366,85.031366,-0.977372,431
2025-08-11,47301,4120026,85.520052,85.520052,84.444943,84.933629,-0.097737,65
2025-08-12,76998,6791418,85.520052,86.790636,85.520052,86.008738,1.075109,200
2025-08-13,93803,8333282,86.008738,87.768008,86.008738,87.083847,1.075109,162
2025-08-14,37051,3234040,86.590634,86.689256,85.70303,85.998898,-1.084949,331
2025-08-15,17993,1555475,85.998898,85.998898,85.111295,85.111295,-0.887603,187
2025-08-18,19258,1663591,84.91405,85.407163,84.815427,85.111295,0.0,22
2025-08-19,96179,8435591,85.111295,87.379614,85.111295,87.280992,2.169697,421
2025-08-20,19322,1685963,87.182369,87.182369,85.604408,86.590634,-0.690358,69
2025-08-21,30115,2651450,87.083747,87.182369,85.998898,85.998898,-0.591736,54
2025-08-22,17366,1522834,86.787879,86.787879,85.998898,86.393388,0.39449,24
2025-08-25,32975,2893205,86.886501,86.886501,86.097521,86.393388,0.0,122
2025-08-26,41451,3644728,85.998898,87.182369,85.998898,87.083747,0.690359,159
2025-08-27,45638,4045182,87.280992,87.872727,86.492011,87.57686,0.493113,53
2025-08-28,73127,6534406,87.083747,88.760331,87.083747,88.760331,1.183471,144
2025-08-29,28996,2612835,88.957576,89.253444,88.267218,89.154821,0.39449,95
2025-09-01,36814,3335529,89.253444,89.746556,88.760331,89.450689,0.295868,315
2025-09-02,41993,3816798,89.549311,90.535537,89.450689,89.746556,0.295867,95
2025-09-03,38367,3528231,91.324518,91.324518,89.845179,90.535537,0.788981,125
2025-09-04,18716,1707768,90.63416,90.63416,89.746556,90.338292,-0.197245,243
2025-09-05,25122,2305681,90.338292,91.127273,89.943802,90.831405,0.493113,46
2025-09-08,45388,4208840,90.338292,92.014876,90.338292,91.817631,0.986226,170
2025-09-09,108999,10380087,94.184573,94.677686,93.29697,93.494215,1.676584,875
2025-09-10,23004,2182438,93.494215,93.987328,93.198347,93.69146,0.197245,209
2025-09-11,116593,11307097,94.08595,96.35427,94.08595,95.663912,1.972452,651
2025-09-12,75508,7329769,96.551515,96.551515,94.874931,95.762534,0.098622,377
2025-09-15,235949,23508690,96.551515,100.101928,96.452893,98.62259,2.860056,507
2025-09-16,92996,9301414,100.101928,100.595041,97.636364,99.115702,0.493112,690
2025-09-17,60474,6030953,98.62259,99.115702,97.636364,98.326722,-0.78898,290
2025-09-18,37108,3666657,97.932231,97.932231,96.946006,97.143251,-1.183471,95
2025-09-19,77146,7512030,98.425344,98.425344,94.677686,95.565289,-1.577962,463
2025-09-22,27711,2689273,95.269421,97.340496,95.170799,95.861157,0.295868,67
2025-09-23,57832,5679699,94.874931,98.523967,94.874931,97.636364,1.775207,65
2025-09-24,155022,15268447,96.74876,98.62259,96.74876,97.439118,-0.197246,78
2025-09-25,56947,5642963,98.326722,98.523967,97.143251,97.636364,0.197246,160
2025-09-26,50738,4961330,98.62259,98.62259,94.874931,95.170799,-2.465565,293
2025-09-30,39567,3809599,93.987328,96.255647,93.987328,96.058402,0.887603,67
2025-10-01,6084,591645,96.35427,96.452893,95.368044,95.368044,-0.690358,200
2025-10-02,28787,2793984,95.368044,96.35427,95.170799,95.861157,0.493113,299
2025-10-03,15589,1520591,96.35427,97.143251,95.663912,95.762534,-0.098623,62
2025-10-07,25770,2484904,95.466667,95.95978,94.08595,95.663912,-0.098622,70
2025-10-08,22179,2154553,96.058402,96.157025,95.269421,96.157025,0.493113,21
2025-10-09,23874,2339988,97.340496,97.340496,96.255647,96.452893,0.295868,59
2025-10-13,59260,5662208,90.831405,96.35427,90.831405,94.184573,-2.26832,370
2025-10-14,20009,1921727,93.790083,97.340496,93.790083,96.157025,1.972452,31
2025-10-15,29773,2863981,95.368044,96.058402,93.69146,95.762534,-0.394491,142
2025-10-16,10430,1006986,95.072176,95.663912,94.776309,95.565289,-0.197245,51
2025-10-17,13686,1301705,94.08595,94.184573,93.69146,93.790083,-1.775206,164
2025-10-20,25914,2450810,93.790083,94.677686,92.212121,92.212121,-1.577962,312
2025-10-21,141380,13153863,92.212121,92.212121,91.42314,91.521763,-0.690358,209
2025-10-22,226063,20477877,91.521763,91.521763,89.253444,89.943802,-1.577961,178
2025-10-23,20816,1891596,89.943802,89.943802,89.253444,89.253444,-0.690358,108
2025-10-27,139751,12422042,89.352066,89.352066,86.787879,87.379614,-1.87383,809
2025-10-28,26879,2380370,87.57686,88.069972,86.787879,88.069972,0.690358,223
2025-10-29,16134,1438268,88.760331,88.760331,87.280992,88.267218,0.197246,19
2025-10-30,50870,4482320,87.083747,88.069972,86.393388,87.280992,-0.986226,211
2025-10-31,310731,27342940,87.280992,87.478237,86.097521,87.478237,0.197245,183
2025-11-03,16428,1474739,88.069972,90.63416,87.97135,87.97135,0.493113,94
2025-11-04,15314,1357559,88.563085,88.563085,86.689256,87.280992,-0.690358,82
2025-11-05,14531,1270624,86.294766,86.886501,85.801653,85.998898,-1.282094,146
2025-11-06,36122,3269434,87.872727,91.620386,87.872727,89.549311,3.550413,253
2025-11-07,21264,1921121,91.324518,91.324518,88.267218,88.563085,-0.986226,26
2025-11-10,11295,1015460,91.620386,91.620386,87.774105,88.464463,-0.098622,11
2025-11-11,37559,3328376,86.985124,88.267218,86.787879,88.069972,-0.394491,473
2025-11-12,26331,2346590,87.774105,89.549311,87.379614,87.57686,-0.493112,67
2025-11-13,55012,4841122,87.478237,88.464463,85.801653,85.900275,-1.676585,225
2025-11-14,21530,1882047,85.900275,88.464463,85.70303,86.196143,0.295868,27
2025-11-17,19109,1649012,85.012672,85.111295,84.91405,85.111295,-1.084848,209
2025-11-18,22023,1879439,84.519559,84.618182,83.336088,83.631956,-1.479339,170
2025-11-19,54090,4535170,81.856749,84.223691,81.856749,83.927824,0.295868,55
2025-11-20,21400,1829535,83.829201,85.505785,83.829201,85.505785,1.577961,35
2025-11-21,27117,2349922,85.407163,86.590634,84.322314,85.998898,0.493113,38
2025-11-24,19070,1633897,84.420937,85.505785,84.125069,84.618182,-1.380716,23
2025-11-25,32520,2794201,84.618182,85.801653,83.927824,85.407163,0.788981,89
2025-11-26,22196,1927631,85.30854,87.478237,84.815427,86.689256,1.282093,22
2025-11-27,38827,3316953,84.618182,85.604408,83.829201,83.927824,-2.761432,50
2025-11-28,33444,2843369,83.927824,84.716804,83.138843,83.829201,-0.098623,43
2025-12-01,3760,321440,85.209917,85.209917,84.026446,84.026446,0.197245,21
2025-12-02,6278,533905,83.434711,85.505785,83.336088,83.631956,-0.39449,53
2025-12-03,26284,2235497,83.829201,85.209917,83.730579,83.927824,0.295868,61
2025-12-04,3254,277625,84.420937,84.420937,83.829201,83.829201,-0.098623,16
2025-12-05,14408,1221494,85.209917,85.209917,83.336088,83.336088,-0.493113,136
2025-12-08,6320,534152,83.336088,83.927824,83.04022,83.04022,-0.295868,26
2025-12-09,20475,1716539,82.941598,83.336088,82.152617,82.842975,-0.197245,141
2025-12-10,6174,519714,83.927824,83.927824,82.547107,82.842975,0.0,16
2025-12-11,10344,860664,82.053994,82.744353,81.856749,81.856749,-0.986226,29
2025-12-12,11203,935415,83.138843,83.138843,81.856749,81.856749,0.0,22
2025-12-15,24098,1996517,79.98292,83.138843,79.98292,82.744353,0.887604,24
2025-12-16,12313,1028589,81.856749,82.744353,81.265014,82.448485,-0.295868,23
2025-12-17,28296,2397332,83.138843,83.829201,83.138843,83.533333,1.084848,30
2025-12-18,15261,1295065,83.533333,84.519559,83.336088,83.829201,0.295868,28
2025-12-19,13117,1119986,84.420937,84.420937,83.927824,84.420937,0.591736,20
2025-12-22,7361,623408,83.631956,84.420937,82.941598,83.138843,-1.282094,24
2025-12-23,2280,193100,82.941598,84.026446,82.941598,84.026446,0.887603,9
2025-12-24,18018,1536154,84.618182,84.618182,83.829201,84.026446,0.0,12
2025-12-26,17554,1493244,83.336088,84.223691,83.336088,84.026446,0.0,32
2025-12-29,11673,989198,84.026446,84.026446,83.336088,83.927824,-0.098622,41
2025-12-30,6162,520488,83.533333,83.730579,82.941598,82.941598,-0.986226,12
2025-12-31,33723,2833815,82.842975,82.941598,82.64573,82.744353,-0.197245,69
2026-01-02,17100,1450533,82.842975,85.801653,82.842975,83.829201,1.084848,33
2026-01-05,16510,1406883,86.689256,86.689256,83.434711,84.026446,0.197245,36
2026-01-06,20260,1707494,85.209917,85.209917,81.856749,83.631956,-0.39449,76
2026-01-07,28210,2381255,84.618182,84.618182,82.25124,83.04022,-0.591736,43
2026-01-08,14198,1193560,83.04022,83.730579,82.744353,82.941598,-0.098622,25
2026-01-09,18364,1542063,82.64573,82.941598,82.64573,82.941598,0.0,39
2026-01-12,16204,1358843,84.322314,84.322314,82.349862,82.842975,-0.098623,20
2026-01-13,37563,3104277,82.152617,82.547107,80.870523,81.462259,-1.380716,91
2026-01-14,14775,1215947,81.462259,81.462259,81.067769,81.067769,-0.39449,62
2026-01-15,19333,1582102,80.673278,81.067769,80.476033,80.969146,-0.098623,146
2026-01-16,17023,1383990,80.969146,80.969146,79.98292,80.180165,-0.788981,51
2026-01-19,11950,970039,80.180165,80.574656,79.884298,79.884298,-0.295867,32
2026-01-20,57745,4616365,79.687052,79.687052,78.404959,78.898072,-0.986226,156
2026-01-21,33951,2714693,77.418733,81.067769,77.418733,78.898072,0.0,63
2026-01-22,35565,2851685,78.898072,80.673278,78.898072,78.898072,0.0,146
2026-01-23,20087,1609761,78.898072,79.687052,78.799449,78.799449,-0.098623,37
2026-01-26,15174,1196147,77.714601,78.503581,77.418733,77.911846,-0.887603,55
2026-01-27,19831,1566932,77.911846,79.095317,77.418733,79.095317,1.183471,35
2026-01-28,38783,3067966,79.095317,79.095317,77.813223,77.813223,-1.282094,45
2026-01-29,16860,1325340,77.122865,79.193939,77.024242,77.418733,-0.39449,37
2026-01-30,12323,961172,76.728375,77.122865,76.728375,77.122865,-0.295868,23
2026-02-02,14716,1150215,77.517355,77.517355,76.728375,76.728375,-0.39449,26
2026-02-03,26622,2078208,76.038017,77.418733,76.038017,76.728375,0.0,77
2026-02-04,14002,1093157,76.728375,77.418733,76.728375,77.418733,0.690358,13
2026-02-05,11734,920199,77.418733,77.813223,76.92562,76.92562,-0.493113,36
2026-02-06,9171,712433,76.728375,76.826997,76.432507,76.432507,-0.493113,33
2026-02-09,10043,778173,76.432507,77.517355,76.038017,76.432507,0.0,14
2026-02-10,12236,944655,75.939394,76.432507,75.939394,76.432507,0.0,38
2026-02-11,10494,819767,77.418733,77.418733,76.531129,76.826997,0.39449,30
2026-02-23,20900,1620495,76.629752,76.826997,75.939394,76.826997,0.0,43
2026-02-24,38040,2925966,76.136639,76.136639,74.755923,75.742149,-1.084848,82
2026-02-25,35336,2717188,75.742149,76.136639,75.742149,75.742149,0.0,80
2026-02-26,38621,2954759,75.446281,76.432507,75.051791,75.249036,-0.493113,74
2026-03-02,25854,1964833,74.953168,75.051791,74.755923,74.755923,-0.493113,86
2026-03-03,40951,3092109,74.558678,74.854545,73.966942,74.26281,-0.493113,57
2026-03-04,25931,1924978,72.980716,73.473829,72.684848,72.684848,-1.577962,56
2026-03-05,9820,734026,74.953168,74.953168,73.079339,73.079339,0.394491,41
2026-03-06,9690,722850,74.26281,74.26281,73.276584,73.671074,0.591735,33
2026-03-09,37464,2715345,73.079339,73.079339,71.106887,71.106887,-2.564187,85
2026-03-10,17854,1299127,73.572452,73.572452,71.106887,71.106887,0.0,45
2026-03-11,35703,2619488,72.586226,72.980716,71.99449,72.191736,1.084849,71
2026-03-12,73398,5514292,72.093113,77.911846,71.20551,76.038017,3.846281,94
2026-03-13,15564,1175069,74.953168,75.939394,73.86832,74.953168,-1.084849,46
2026-03-16,24965,1857623,73.769697,74.558678,72.783471,72.783471,-2.169697,59
2026-03-17,16088,1185163,72.980716,72.980716,72.290358,72.290358,-0.493113,54
2026-03-18,60064,4332485,72.290358,72.290358,70.219284,70.515152,-1.775206,149
2026-03-19,48210,3415222,70.811019,71.008264,69.035813,69.233058,-1.282094,84
2026-03-20,30621,2138411,69.035813,69.33168,68.444077,69.33168,0.098622,55
2026-03-23,17129,1206611,69.528926,70.712397,68.739945,69.528926,0.197246,25
2026-03-24,3097,217349,69.035813,69.430303,69.035813,69.430303,-0.098623,24
2026-03-25,11987,841465,69.33168,69.33168,69.035813,69.33168,-0.098623,42
2026-03-26,10147,712602,69.33168,70.022039,68.5427,69.923416,0.591736,22
2026-03-27,9386,656546,69.035813,69.528926,68.5427,69.528926,-0.39449,15
2026-03-30,10095,708798,70.022039,70.022039,68.838567,69.035813,-0.493113,22
2026-03-31,29131,2035993,68.838567,70.909642,68.5427,69.233058,0.197245,49
2026-04-01,27647,1934781,69.035813,69.430303,68.641322,69.430303,0.197245,34
2026-04-02,6893,480495,68.739945,68.93719,68.5427,68.5427,-0.887603,32
2026-04-07,133113,9151579,67.655096,68.5427,67.063361,68.246832,-0.295868,123
2026-04-08,54048,3727472,67.161983,68.93719,67.161983,67.852342,-0.39449,54
2026-04-09,16850,1152896,67.655096,67.950964,67.260606,67.950964,0.098622,116
2026-04-10,42283,2881542,67.950964,67.950964,66.373003,67.852342,-0.098622,60
2026-04-13,22950,1602170,69.035813,69.134435,68.345455,68.739945,0.887603,43
2026-04-14,21302,1497066,69.233058,70.317906,68.93719,69.923416,1.183471,28
2026-04-15,10712,743682,68.049587,68.5427,68.049587,68.5427,-1.380716,62
2026-04-16,27214,1910380,69.134435,69.824793,69.035813,69.035813,0.493113,50
2026-04-17,9452,659149,68.93719,68.93719,68.345455,68.5427,-0.493113,23
2026-04-20,43460,2988768,67.260606,68.444077,67.260606,68.444077,-0.098623,67
2026-04-21,35957,2483759,70.811019,70.811019,67.359229,67.556474,-0.887603,55
2026-04-22,27596,1891850,67.556474,68.049587,67.260606,67.260606,-0.295868,60
2026-04-23,86937,5849259,67.260606,67.260606,65.978512,66.471625,-0.788981,117
2026-04-24,26363,1776104,66.27438,66.570248,66.27438,66.373003,-0.098622,47
2026-04-27,62678,4156774,66.27438,66.27438,64.893664,64.992287,-1.380716,97
2026-04-28,42781,2822411,64.992287,66.767493,64.597796,66.471625,1.479338,117
2026-04-29,13449,888829,64.795041,65.87989,64.795041,65.682645,-0.78898,58
2026-04-30,25104,1696144,66.570248,67.950964,65.781267,67.852342,2.169697,106
2026-05-04,27900,1887969,67.063361,67.063361,66.570248,66.570248,-1.282094,62
2026-05-05,48280,3300748,65.682645,68.049587,65.682645,68.049587,1.479339,57
2026-05-06,19956,1371080,68.641322,68.641322,66.866116,68.148209,0.098622,93
2026-05-07,33635,2342893,68.049587,70.022039,68.049587,68.444077,0.295868,76
2026-05-08,38409,2676778,69.528926,69.627548,68.246832,68.246832,-0.197245,186
2026-05-11,22791,1561741,68.049587,68.049587,66.964738,68.049587,-0.197245,159
2026-05-12,91655,6472911,69.824793,70.317906,69.035813,70.219284,2.169697,127
2026-05-13,81426,5776340,69.824793,71.008264,69.233058,69.33168,-0.887604,123
2026-05-14,77572,5397086,71.304132,71.304132,68.049587,68.5427,-0.78898,110
2026-05-15,24814,1738933,70.219284,70.416529,68.345455,68.5427,0.0,53
2026-05-18,6225,430921,67.556474,69.233058,67.063361,69.134435,0.591735,13
2026-05-19,62575,4429365,71.501377,71.501377,69.035813,69.035813,-0.098622,298
2026-05-20,923372,70802149,70.613774,75.939394,70.613774,75.939394,6.903581,967
2026-05-21,691553,53535902,76.136639,79.687052,72.684848,73.671074,-2.26832,880
2026-05-22,165177,12016222,73.671074,73.671074,71.008264,71.698623,-1.972451,261
2026-05-25,134498,9755614,72.093113,74.953168,69.627548,71.6,-0.098623,219
2026-05-26,79267,5614212,72.783471,72.783471,69.134435,69.33168,-2.26832,345
2026-05-27,155266,10751719,69.430303,70.120661,67.556474,67.556474,-1.775206,202
2026-05-28,113040,7664680,67.950964,68.049587,66.077135,66.866116,-0.690358,180
2026-05-29,45215,3075073,67.161983,67.359229,66.668871,66.767493,-0.098623,177
2026-06-01,90439,6109824,67.063361,67.556474,65.682645,67.359229,0.591736,289
2026-06-02,42947,2889167,66.668871,66.866116,66.077135,66.866116,-0.493113,160
2026-06-03,41655,2857838,66.668871,68.148209,66.668871,67.655096,0.78898,78
2026-06-04,21017,1434097,67.852342,68.641322,66.866116,67.260606,-0.39449,52
2026-06-05,54169,3726807,66.866116,68.148209,66.668871,67.655096,0.39449,80
2026-06-08,78636,5258004,67.063361,67.063361,65.584022,66.077135,-1.577961,101
2026-06-09,37630,2554335,66.175758,68.049587,66.175758,66.668871,0.591736,48
2026-06-10,29689,2020433,67.063361,67.556474,66.866116,67.556474,0.887603,59
2026-06-11,41820,2827769,67.852342,67.852342,66.077135,66.668871,-0.887603,54
2026-06-12,15223,1032357,66.373003,67.852342,66.373003,66.866116,0.197245,29
2026-06-15,31791,2164052,67.063361,67.950964,66.767493,66.767493,-0.098623,49
2026-06-16,26606,1789021,66.570248,66.570248,66.175758,66.373003,-0.39449,42
2026-06-17,8266,555687,66.175758,66.373003,66.175758,66.373003,0.0,39
2026-06-18,42810,2900233,66.373003,67.359229,66.373003,67.063361,0.690358,73
2026-06-22,42979,2945500,67.161983,67.852342,67.063361,67.063361,0.0,63
2026-06-23,20837,1424061,68.049587,68.049587,67.161983,67.161983,0.098622,36
2026-06-24,96871,6710700,67.753719,69.430303,67.753719,69.233058,2.071075,96
2026-06-25,19963,1381885,69.233058,69.233058,67.950964,67.950964,-1.282094,46
2026-06-26,37662,2568692,67.852342,67.852342,66.570248,66.964738,-0.986226,54
2026-06-29,11007,755464,67.063361,68.049587,67.063361,67.753719,0.788981,36
2026-06-30,11206,770848,67.753719,68.049587,67.655096,67.655096,-0.098623,24
2026-07-01,13575,929389,67.556474,67.655096,67.457851,67.457851,-0.197245,33
2026-07-02,23288,1595578,69.233058,69.233058,67.161983,67.753719,0.295868,35
2026-07-03,18040,1235942,67.556474,67.753719,67.359229,67.457851,-0.295868,28
2026-07-06,64154,4462726,67.556474,69.035813,67.556474,68.93719,1.479339,73
2026-07-07,14152,975198,68.5427,68.5427,67.556474,67.655096,-1.282094,26
2026-07-08,22313,1537075,67.655096,69.233058,67.556474,67.852342,0.197246,37
2026-07-09,7149,491138,67.655096,68.641322,67.556474,68.641322,0.78898,18
2026-07-13,47718,3309061,67.655096,68.641322,67.655096,68.148209,-0.493113,40
2026-07-14,15295,1049444,68.148209,68.148209,67.359229,67.359229,-0.78898,29
2026-07-15,16599,1136370,67.852342,67.852342,67.359229,67.457851,0.098622,29
2026-07-16,13127,898186,67.359229,68.444077,67.359229,67.852342,0.394491,11
2026-07-17,19450,1330284,68.049587,68.049587,67.063361,67.161983,-0.690359,41
2026-07-20,30561,2080099,67.161983,67.852342,66.964738,67.852342,0.690359,42
2026-07-21,23437,1608377,68.5427,68.5427,67.457851,68.444077,0.591735,36
2026-07-22,12181,839420,68.148209,68.444077,67.852342,67.852342,-0.591735,22
2026-07-23,11195,766545,67.359229,68.246832,67.260606,67.753719,-0.098623,22
2026-07-24,25055,1717967,67.260606,67.655096,67.260606,67.655096,-0.098623,15
2026-07-27,21044,1430415,67.063361,67.359229,66.471625,67.359229,-0.295867,27
2026-07-28,23245,1590108,66.27438,68.345455,66.175758,68.049587,0.690358,43
2026-07-29,36495,2479003,68.049587,68.049587,66.471625,67.161983,-0.887604,49
2026-07-30,44461,3003147,67.161983,67.260606,66.27438,66.27438,-0.887603,68
2026-07-31,45392,3094233,66.27438,68.246832,66.27438,67.359229,1.084849,67
2026-08-03,49273,3427368,69.035813,69.528926,67.655096,69.528926,2.169697,137
2026-08-04,55182,3921286,69.528926,70.811019,69.035813,70.416529,0.887603,142
2026-08-05,26591,1895079,71.797245,71.797245,70.022039,70.712397,0.295868,75
2026-08-06,42741,3014881,69.824793,70.022039,69.035813,69.430303,-1.282094,90
2026-08-07,87208,6235543,69.528926,71.501377,69.430303,70.120661,0.690358,82
2026-08-10,108318,7855829,70.120661,72.290358,70.120661,71.99449,1.873829,125
2026-08-11,104905,7551154,71.99449,71.99449,70.515152,71.402755,-0.591735,126
2026-08-12,109470,7901521,71.402755,71.698623,70.909642,71.6,0.197245,97
2026-08-13,160085,11133795,71.6,71.6,68.5,69.0,-2.6,169
2026-08-14,15539,1075283,69.0,69.5,69.0,69.5,0.5,34
