date,Trading_Volume,Trading_money,open,max,min,close,spread,Trading_turnover
2015-01-05,106093,2354326,16.093752,16.093752,15.736113,15.950696,0.0,72
2015-01-06,93067,2056737,15.950696,15.950696,15.736113,15.914933,-0.035763,81
2015-01-07,41105,910599,15.914933,15.914933,15.807641,15.807641,-0.107292,42
2015-01-08,73103,1618796,15.843404,15.914933,15.771877,15.807641,0.0,36
2015-01-09,44720,990646,15.879169,15.914933,15.807641,15.914933,0.107292,51
2015-01-12,58089,1285374,15.914933,15.914933,15.771877,15.879169,-0.035764,46
2015-01-13,180282,4030922,15.879169,16.093752,15.879169,15.950696,0.071527,117
2015-01-14,51280,1138499,15.950696,15.950696,15.807641,15.843404,-0.107292,50
2015-01-15,29149,645548,15.807641,15.879169,15.807641,15.843404,0.0,27
2015-01-16,44177,977601,15.843404,15.843404,15.807641,15.807641,-0.035763,42
2015-01-19,54160,1196935,15.807641,15.807641,15.807641,15.807641,0.0,45
2015-01-20,101640,2263025,15.950696,16.022224,15.807641,15.843404,0.035763,81
2015-01-21,86036,1905999,15.843404,15.914933,15.807641,15.879169,0.035765,55
2015-01-22,105852,2347362,15.807641,15.879169,15.807641,15.879169,0.0,64
2015-01-23,200223,4478720,15.879169,16.093752,15.879169,15.98646,0.107291,120
2015-01-26,102237,2288495,15.98646,16.093752,15.98646,15.98646,0.0,51
2015-01-27,33069,742091,16.022224,16.093752,16.022224,16.093752,0.107292,39
2015-01-28,57583,1290089,15.98646,16.057988,15.98646,16.022224,-0.071528,48
2015-01-29,135320,3039213,16.022224,16.129516,16.022224,16.057988,0.035764,77
2015-01-30,111277,2496452,16.057988,16.093752,16.022224,16.093752,0.035764,62
2015-02-02,149243,3377225,16.093752,16.308335,16.093752,16.272571,0.178819,67
2015-02-03,350614,8029446,16.308335,16.451391,16.308335,16.344099,0.071528,132
2015-02-04,165202,3789011,16.451391,16.451391,16.344099,16.415627,0.071528,79
2015-02-05,179600,4094107,16.308335,16.379863,16.236808,16.272571,-0.143056,94
2015-02-06,52788,1206766,16.272571,16.415627,16.272571,16.308335,0.035764,50
2015-02-09,50792,1158373,16.308335,16.379863,16.272571,16.272571,-0.035764,47
2015-02-10,70400,1609141,16.415627,16.415627,16.236808,16.308335,0.035764,71
2015-02-11,80355,1839566,16.451391,16.451391,16.236808,16.379863,0.071528,76
2015-02-12,55082,1256009,16.379863,16.379863,16.272571,16.272571,-0.107292,29
2015-02-13,149055,3380491,16.308335,16.308335,16.129516,16.201044,-0.071527,94
2015-02-24,115260,2641339,16.415627,16.415627,16.379863,16.415627,0.214583,62
2015-02-25,123444,2830779,16.379863,16.451391,16.344099,16.451391,0.035764,61
2015-02-26,121550,2792555,16.451391,16.451391,16.415627,16.451391,0.0,81
2015-03-02,191250,4389652,16.451391,16.451391,16.379863,16.415627,-0.035764,94
2015-03-03,99549,2277181,16.415627,16.415627,16.344099,16.379863,-0.035764,48
2015-03-04,100017,2289291,16.379863,16.415627,16.308335,16.379863,0.0,61
2015-03-05,180036,4123509,16.379863,16.415627,16.344099,16.379863,0.0,66
2015-03-06,79665,1824147,16.379863,16.415627,16.344099,16.379863,0.0,55
2015-03-09,118140,2705615,16.379863,16.415627,16.344099,16.379863,0.0,86
2015-03-10,136200,3121341,16.379863,16.451391,16.344099,16.344099,-0.035764,78
2015-03-11,94552,2152910,16.308335,16.308335,16.236808,16.272571,-0.071528,90
2015-03-12,121369,2772816,16.308335,16.415627,16.272571,16.308335,0.035764,62
2015-03-13,58482,1336874,16.344099,16.415627,16.308335,16.344099,0.035764,46
2015-03-16,275829,6354897,16.344099,16.522919,16.344099,16.451391,0.107292,162
2015-03-17,82101,1895400,16.522919,16.594446,16.451391,16.451391,0.0,60
2015-03-18,101392,2332834,16.451391,16.558683,16.379863,16.379863,-0.071528,70
2015-03-19,111834,2557720,16.451391,16.451391,16.308335,16.344099,-0.035764,74
2015-03-20,40129,920066,16.379863,16.451391,16.379863,16.415627,0.071528,52
2015-03-23,474654,10750588,16.093752,16.272571,16.093752,16.201044,-0.214583,189
2015-03-24,133875,3027756,16.165279,16.236808,16.129516,16.201044,0.0,80
2015-03-25,239279,5394402,16.201044,16.236808,16.093752,16.093752,-0.107292,137
2015-03-26,215046,4840371,16.093752,16.201044,16.057988,16.093752,0.0,126
2015-03-27,262924,5917224,16.093752,16.129516,16.057988,16.129516,0.035764,126
2015-03-30,148082,3335772,16.165279,16.165279,16.093752,16.129516,0.0,111
2015-03-31,126186,2837673,16.201044,16.201044,16.057988,16.093752,-0.035764,91
2015-04-01,117481,2644017,16.093752,16.165279,16.057988,16.093752,0.0,60
2015-04-02,297560,6683082,16.093752,16.093752,16.022224,16.057988,-0.035764,148
2015-04-07,252475,5671196,16.093752,16.093752,16.057988,16.057988,0.0,133
2015-04-08,178837,4030096,16.165279,16.201044,16.022224,16.165279,0.107291,130
2015-04-09,160319,3631844,16.165279,16.272571,16.129516,16.201044,0.035765,114
2015-04-10,99936,2265996,16.236808,16.272571,16.165279,16.201044,0.0,58
2015-04-13,333701,7569678,16.236808,16.344099,16.165279,16.201044,0.0,107
2015-04-14,250531,5724150,16.236808,16.379863,16.236808,16.308335,0.107291,91
2015-04-15,227515,5181397,16.415627,16.415627,16.165279,16.236808,-0.071527,204
2015-04-16,253324,5745051,16.379863,16.379863,16.165279,16.308335,0.071527,126
2015-04-17,369532,8377620,16.272571,16.272571,16.165279,16.201044,-0.107291,114
2015-04-20,220168,4978915,16.272571,16.379863,16.093752,16.272571,0.071527,121
2015-04-21,175568,3987837,16.272571,16.308335,16.165279,16.272571,0.0,87
2015-04-22,144007,3290304,16.272571,16.415627,16.272571,16.379863,0.107292,79
2015-04-23,552625,12817845,16.379863,16.80903,16.379863,16.701738,0.321875,296
2015-04-24,396517,9220240,16.80903,16.80903,16.522919,16.558683,-0.143055,206
2015-04-27,764748,18024034,16.665974,16.987849,16.665974,16.952085,0.393402,383
2015-04-28,1077150,25793690,16.952085,17.309725,16.952085,17.023613,0.071528,402
2015-04-29,829315,19914155,17.023613,17.309725,17.023613,17.166669,0.143056,321
2015-04-30,345953,8305622,17.166669,17.27396,17.023613,17.27396,0.107291,180
2015-05-04,163053,3925952,17.27396,17.27396,17.166669,17.166669,-0.107291,121
2015-05-05,302125,7239614,17.166669,17.202433,17.059377,17.059377,-0.107292,157
2015-05-06,133212,3178314,17.023613,17.130905,17.023613,17.095141,0.035764,95
2015-05-07,243237,5771161,17.059377,17.059377,16.844794,16.987849,-0.107292,175
2015-05-08,1303819,31324783,17.023613,17.417016,16.987849,17.309725,0.321876,456
2015-05-11,1166920,28362798,17.524308,17.560071,17.166669,17.381252,0.071527,399
2015-05-12,392928,9474972,17.381252,17.45278,17.166669,17.238196,-0.143056,151
2015-05-13,343889,8263684,17.166669,17.238196,17.130905,17.166669,-0.071527,122
2015-05-14,304762,7256626,17.238196,17.238196,16.880558,16.916321,-0.250348,161
2015-05-15,205337,4862112,17.023613,17.023613,16.880558,16.987849,0.071528,103
2015-05-18,489072,11607678,17.023613,17.095141,16.844794,16.880558,-0.107291,303
2015-05-19,338021,8010671,16.880558,17.023613,16.880558,17.023613,0.143055,172
2015-05-20,345813,8205624,17.023613,17.059377,16.916321,16.916321,-0.107292,183
2015-05-21,362609,8516717,16.880558,16.880558,16.701738,16.701738,-0.214583,177
2015-05-22,160457,3753315,16.701738,16.80903,16.665974,16.701738,0.0,94
2015-05-25,187089,4371070,16.701738,16.737502,16.665974,16.737502,0.035764,72
2015-05-26,143124,3347151,16.80903,16.80903,16.701738,16.701738,-0.035764,59
2015-05-27,191191,4479718,16.737502,16.844794,16.701738,16.80903,0.107292,71
2015-05-28,182441,4302950,16.880558,16.952085,16.737502,16.952085,0.143055,125
2015-05-29,156869,3698297,16.952085,16.952085,16.80903,16.916321,-0.035764,78
2015-06-01,117025,2754345,16.773266,16.880558,16.773266,16.880558,-0.035763,53
2015-06-02,308221,7244421,16.880558,16.880558,16.773266,16.844794,-0.035764,73
2015-06-03,79790,1867504,16.844794,16.844794,16.701738,16.773266,-0.071528,54
2015-06-04,241025,5596933,16.773266,16.80903,16.487154,16.558683,-0.214583,164
2015-06-05,277628,6391186,16.558683,16.558683,16.379863,16.558683,0.0,174
2015-06-08,225191,5185293,16.558683,16.63021,16.379863,16.451391,-0.107292,70
2015-06-09,486961,11055403,16.379863,16.451391,16.093752,16.129516,-0.321875,198
2015-06-10,157464,3570780,16.022224,16.344099,16.022224,16.308335,0.178819,78
2015-06-11,122280,2779703,16.344099,16.379863,16.201044,16.308335,0.0,80
2015-06-12,199654,4512578,16.308335,16.308335,16.057988,16.165279,-0.143056,104
2015-06-15,81662,1850326,16.165279,16.272571,16.129516,16.129516,-0.035763,51
2015-06-16,151050,3394672,16.129516,16.165279,16.022224,16.057988,-0.071528,59
2015-06-17,266160,5954817,16.057988,16.093752,15.879169,15.950696,-0.107292,204
2015-06-18,107160,2401083,16.093752,16.093752,15.950696,16.093752,0.143056,39
2015-06-22,177205,4076819,16.093752,16.594446,16.093752,16.379863,0.286111,77
2015-06-23,230249,5273102,16.379863,16.487154,16.308335,16.451391,0.071528,82
2015-06-24,133464,3068022,16.451391,16.558683,16.379863,16.522919,0.071528,75
2015-06-25,136760,3161903,16.522919,16.594446,16.451391,16.522919,0.0,51
2015-06-26,77101,1780532,16.594446,16.594446,16.451391,16.558683,0.035764,50
2015-06-29,210600,4790530,16.379863,16.379863,16.165279,16.379863,-0.17882,126
2015-06-30,112770,2549951,16.379863,16.379863,16.093752,16.201044,-0.178819,51
2015-07-01,135800,3092740,16.308335,16.344099,16.201044,16.344099,0.143055,55
2015-07-02,161158,3655035,16.272571,16.308335,16.165279,16.165279,-0.17882,127
2015-07-03,185199,4171546,16.093752,16.236808,16.057988,16.201044,0.035765,121
2015-07-06,560201,12718830,16.093752,16.308335,16.093752,16.236808,0.035764,187
2015-07-07,331764,7273108,16.311288,16.46025,16.236808,16.423009,0.186201,149
2015-07-08,389341,8468616,16.534731,16.534731,16.087846,16.162326,-0.260683,157
2015-07-09,204197,4391673,16.013365,16.199567,15.827163,16.162326,0.0,93
2015-07-13,209002,4591944,16.199567,16.49749,16.162326,16.385769,0.223443,88
2015-07-14,288083,6390332,16.49749,16.720933,16.385769,16.609211,0.223442,160
2015-07-15,292309,6463648,16.683692,16.720933,16.311288,16.385769,-0.223442,150
2015-07-16,117001,2577472,16.385769,16.534731,16.311288,16.423009,0.03724,35
2015-07-17,287321,6290663,16.46025,16.534731,16.199567,16.274048,-0.148961,221
2015-07-20,124648,2730436,16.274048,16.385769,16.274048,16.385769,0.111721,73
2015-07-21,117556,2583723,16.385769,16.423009,16.311288,16.348529,-0.03724,41
2015-07-22,78131,1717093,16.385769,16.571971,16.311288,16.46025,0.111721,38
2015-07-23,127280,2797260,16.46025,16.571971,16.311288,16.49749,0.03724,63
2015-07-24,78569,1729108,16.46025,16.46025,16.348529,16.385769,-0.111721,33
2015-07-27,245721,5373562,16.348529,16.385769,16.162326,16.162326,-0.223443,100
2015-07-28,227011,4935147,16.348529,16.385769,16.125086,16.162326,0.0,147
2015-07-29,189760,4124489,16.236808,16.274048,16.162326,16.274048,0.111722,75
2015-07-30,86324,1883210,16.311288,16.311288,16.199567,16.236808,-0.03724,48
2015-07-31,69383,1513697,16.199567,16.311288,16.199567,16.236808,0.0,54
2015-08-03,83080,1795119,16.199567,16.199567,16.013365,16.125086,-0.111722,56
2015-08-04,98106,2123693,16.050606,16.162326,16.050606,16.125086,0.0,51
2015-08-05,112724,2442821,16.274048,16.274048,16.087846,16.162326,0.03724,68
2015-08-06,134028,2897658,16.199567,16.236808,16.013365,16.087846,-0.07448,66
2015-08-07,106000,2282250,16.013365,16.087846,16.013365,16.013365,-0.074481,47
2015-08-10,49146,1052838,15.864404,16.050606,15.864404,16.013365,0.0,33
2015-08-11,207027,4439889,15.938884,16.050606,15.901644,15.938884,-0.074481,141
2015-08-12,208040,4429649,16.050606,16.050606,15.789923,15.864404,-0.07448,108
2015-08-13,64169,1370424,15.864404,15.976125,15.864404,15.976125,0.111721,34
2015-08-14,50800,1086689,15.938884,16.013365,15.864404,15.938884,-0.037241,39
2015-08-17,133326,2825941,15.827163,15.901644,15.752682,15.827163,-0.111721,50
2015-08-18,115185,2431802,15.789923,15.827163,15.640961,15.678202,-0.148961,74
2015-08-19,511660,10451444,15.640961,15.640961,14.970634,15.417519,-0.260683,222
2015-08-20,243208,5046906,15.268557,15.938884,15.045115,15.938884,0.521365,155
2015-08-21,334200,6846708,15.492,15.492,15.119596,15.454759,-0.484125,198
2015-08-24,903304,17772567,15.119596,15.119596,14.263067,14.635471,-0.819288,338
2015-08-25,404658,7982018,14.374788,15.417519,14.337548,15.417519,0.782048,165
2015-08-26,348320,7061889,15.119596,15.454759,14.709952,15.454759,0.03724,140
2015-08-27,563500,12040499,15.640961,16.199567,15.640961,16.013365,0.558606,216
2015-08-28,343253,7408747,16.087846,16.199567,15.976125,16.087846,0.074481,125
2015-08-31,275001,5884971,16.087846,16.087846,15.789923,16.013365,-0.074481,86
2015-09-01,132336,2832537,15.976125,16.013365,15.864404,16.013365,0.0,57
2015-09-02,100041,2130088,15.789923,15.938884,15.752682,15.938884,-0.074481,45
2015-09-03,253120,5390616,15.976125,15.976125,15.789923,15.938884,0.0,76
2015-09-04,149271,3173320,15.827163,15.901644,15.752682,15.864404,-0.07448,83
2015-09-07,96132,2042567,15.864404,15.901644,15.752682,15.901644,0.03724,43
2015-09-08,151048,3215271,15.864404,15.901644,15.789923,15.901644,0.0,56
2015-09-09,354001,7573422,15.938884,15.976125,15.901644,15.976125,0.074481,121
2015-09-10,106793,2298437,15.976125,16.087846,15.976125,16.050606,0.074481,65
2015-09-11,367732,7983083,16.162326,16.236808,16.087846,16.199567,0.148961,186
2015-09-14,228035,4969135,16.236808,16.348529,16.125086,16.274048,0.074481,104
2015-09-15,139251,3042434,16.199567,16.348529,16.199567,16.274048,0.0,81
2015-09-16,170565,3720764,16.236808,16.311288,16.162326,16.274048,0.0,88
2015-09-17,208617,4569549,16.274048,16.385769,16.236808,16.348529,0.074481,119
2015-09-18,124713,2737349,16.348529,16.385769,16.311288,16.348529,0.0,71
2015-09-21,178575,3893568,16.236808,16.385769,16.013365,16.348529,0.0,154
2015-09-22,84665,1856694,16.348529,16.348529,16.274048,16.348529,0.0,47
2015-09-23,128397,2793409,16.236808,16.311288,16.087846,16.274048,-0.074481,89
2015-09-24,112150,2440650,16.236808,16.236808,16.125086,16.236808,-0.03724,51
2015-09-25,302010,6529914,16.199567,16.199567,16.013365,16.199567,-0.037241,129
2015-09-30,219800,4764158,16.199567,16.236808,16.013365,16.236808,0.037241,98
2015-10-01,122404,2671216,16.311288,16.311288,16.087846,16.274048,0.03724,71
2015-10-02,83801,1826669,16.236808,16.311288,16.162326,16.274048,0.0,66
2015-10-05,118942,2595636,16.311288,16.311288,16.125086,16.236808,-0.03724,50
2015-10-06,118001,2587222,16.385769,16.385769,16.236808,16.274048,0.03724,60
2015-10-07,68368,1497026,16.199567,16.348529,16.199567,16.348529,0.074481,43
2015-10-08,171871,3772266,16.385769,16.385769,16.274048,16.348529,0.0,63
2015-10-12,213392,4688824,16.385769,16.385769,16.311288,16.385769,0.03724,113
2015-10-13,251617,5556274,16.571971,16.571971,16.385769,16.46025,0.074481,109
2015-10-14,201948,4448852,16.534731,16.534731,16.385769,16.423009,-0.037241,80
2015-10-15,128166,2819790,16.385769,16.46025,16.348529,16.46025,0.037241,83
2015-10-16,112552,2480794,16.534731,16.534731,16.348529,16.423009,-0.037241,73
2015-10-19,64800,1430050,16.46025,16.49749,16.385769,16.423009,0.0,42
2015-10-20,129333,2860075,16.423009,16.534731,16.423009,16.46025,0.037241,55
2015-10-21,210063,4652245,16.49749,16.571971,16.46025,16.49749,0.03724,92
2015-10-22,157001,3461272,16.49749,16.49749,16.385769,16.385769,-0.111721,70
2015-10-23,314610,6927980,16.423009,16.46025,16.311288,16.46025,0.074481,112
2015-10-26,301952,6678989,16.571971,16.571971,16.385769,16.534731,0.074481,111
2015-10-27,167503,3714616,16.534731,16.571971,16.423009,16.423009,-0.111722,68
2015-10-28,264660,5841270,16.423009,16.49749,16.385769,16.49749,0.074481,91
2015-10-29,50007,1103554,16.49749,16.49749,16.423009,16.423009,-0.074481,34
2015-10-30,111148,2456713,16.423009,16.49749,16.423009,16.46025,0.037241,56
2015-11-02,327065,7228136,16.46025,16.49749,16.385769,16.49749,0.03724,79
2015-11-03,604991,13389900,16.534731,16.571971,16.423009,16.534731,0.037241,124
2015-11-04,620060,13810081,16.46025,16.646452,16.46025,16.571971,0.03724,195
2015-11-05,558544,12447476,16.571971,16.646452,16.571971,16.646452,0.074481,127
2015-11-06,405544,9001394,16.646452,16.646452,16.49749,16.49749,-0.148962,89
2015-11-09,360107,7964908,16.49749,16.49749,16.423009,16.49749,0.0,81
2015-11-10,100001,2209072,16.49749,16.534731,16.385769,16.423009,-0.074481,53
2015-11-11,209483,4601549,16.423009,16.423009,16.311288,16.311288,-0.111721,78
2015-11-12,61213,1342096,16.311288,16.423009,16.274048,16.423009,0.111721,58
2015-11-13,140002,3102544,16.385769,16.571971,16.311288,16.534731,0.111722,69
2015-11-16,92687,2036564,16.534731,16.534731,16.311288,16.385769,-0.148962,59
2015-11-17,88600,1957467,16.534731,16.534731,16.385769,16.385769,0.0,73
2015-11-18,54063,1188839,16.534731,16.534731,16.348529,16.423009,0.03724,44
2015-11-19,135003,2977516,16.348529,16.534731,16.311288,16.49749,0.074481,94
2015-11-20,95693,2109378,16.46025,16.46025,16.385769,16.46025,-0.03724,48
2015-11-23,53009,1172248,16.46025,16.49749,16.423009,16.49749,0.03724,49
2015-11-24,67426,1488813,16.46025,16.49749,16.385769,16.46025,-0.03724,47
2015-11-25,44501,976164,16.423009,16.423009,16.311288,16.348529,-0.111721,50
2015-11-26,36198,796336,16.274048,16.46025,16.274048,16.385769,0.03724,38
2015-11-27,33004,723488,16.385769,16.385769,16.274048,16.385769,0.0,28
2015-11-30,163271,3554947,16.385769,16.385769,16.199567,16.199567,-0.186202,75
2015-12-01,103480,2247881,16.199567,16.236808,16.125086,16.199567,0.0,87
2015-12-02,74012,1605852,16.162326,16.199567,16.125086,16.162326,-0.037241,63
2015-12-03,149081,3236798,16.162326,16.236808,16.162326,16.199567,0.037241,65
2015-12-04,215196,4681379,16.199567,16.274048,16.162326,16.199567,0.0,42
2015-12-07,106800,2339379,16.236808,16.385769,16.236808,16.274048,0.074481,67
2015-12-08,127008,2753618,16.274048,16.274048,16.087846,16.199567,-0.074481,52
2015-12-09,93632,2028596,16.199567,16.199567,16.087846,16.087846,-0.111721,63
2015-12-10,285806,6129845,16.087846,16.087846,15.901644,16.013365,-0.074481,141
2015-12-11,140503,3008862,16.013365,16.013365,15.901644,15.901644,-0.111721,58
2015-12-14,86320,1841259,15.864404,16.013365,15.789923,15.976125,0.074481,50
2015-12-15,52001,1118921,15.901644,16.125086,15.901644,15.938884,-0.037241,29
2015-12-16,99170,2124126,15.938884,16.013365,15.901644,16.013365,0.074481,51
2015-12-17,68703,1476496,16.087846,16.087846,15.901644,16.087846,0.074481,45
2015-12-18,155455,3317688,16.087846,16.087846,15.789923,15.789923,-0.297923,73
2015-12-21,59016,1265586,15.789923,16.050606,15.789923,15.976125,0.186202,44
2015-12-22,60013,1286323,16.013365,16.087846,15.901644,15.901644,-0.074481,44
2015-12-23,85240,1820310,16.087846,16.087846,15.864404,15.864404,-0.03724,51
2015-12-24,49034,1049070,15.938884,16.013365,15.901644,16.013365,0.148961,52
2015-12-25,47670,1026036,16.013365,16.087846,16.013365,16.087846,0.074481,25
2015-12-28,54642,1171967,16.013365,16.013365,15.938884,15.938884,-0.148962,76
2015-12-29,145139,3082094,15.938884,15.938884,15.715442,15.789923,-0.148961,101
2015-12-30,104000,2202247,15.715442,15.864404,15.715442,15.827163,0.03724,58
2015-12-31,7040,150249,15.864404,15.938884,15.864404,15.938884,0.111721,16
2016-01-04,25062,532262,15.789923,15.901644,15.789923,15.901644,-0.03724,42
2016-01-05,141480,2991827,15.901644,15.901644,15.715442,15.789923,-0.111721,72
2016-01-06,99800,2100816,15.752682,15.752682,15.566481,15.640961,-0.148962,65
2016-01-07,154913,3226637,15.640961,15.640961,15.380279,15.492,-0.148961,96
2016-01-08,97160,2038060,15.380279,15.715442,15.380279,15.640961,0.148961,59
2016-01-11,42286,883606,15.640961,15.640961,15.492,15.603721,-0.03724,35
2016-01-12,108747,2268958,15.603721,15.640961,15.492,15.52924,-0.074481,52
2016-01-13,82005,1720255,15.715442,15.789923,15.52924,15.603721,0.074481,58
2016-01-14,162101,3377152,15.603721,15.678202,15.417519,15.566481,-0.03724,90
2016-01-15,240744,4972381,15.640961,15.640961,15.231317,15.454759,-0.111722,117
2016-01-18,113030,2338822,15.454759,15.454759,15.305798,15.417519,-0.03724,56
2016-01-19,50360,1043650,15.417519,15.492,15.380279,15.454759,0.03724,33
2016-01-20,209480,4307637,15.640961,15.640961,15.268557,15.268557,-0.186202,80
2016-01-21,243400,4919528,15.268557,15.417519,14.821673,15.082356,-0.186201,131
2016-01-22,104001,2125570,15.231317,15.305798,15.045115,15.305798,0.223442,56
2016-01-25,129417,2663085,15.380279,15.417519,15.194077,15.417519,0.111721,76
2016-01-26,24600,505898,15.417519,15.417519,15.231317,15.380279,-0.03724,27
2016-01-27,42006,869620,15.454759,15.454759,15.343039,15.454759,0.07448,35
2016-01-28,51006,1057320,15.454759,15.52924,15.343039,15.492,0.037241,36
2016-01-29,206106,4285400,15.454759,15.603721,15.343039,15.603721,0.111721,101
2016-01-30,88102,1842072,15.603721,15.715442,15.492,15.715442,0.111721,60
2016-02-01,81621,1707341,15.640961,15.640961,15.52924,15.566481,-0.148961,65
2016-02-02,79010,1651055,15.640961,15.640961,15.52924,15.52924,-0.037241,41
2016-02-03,154568,3199072,15.492,15.492,15.380279,15.417519,-0.111721,100
2016-02-15,159880,3255889,15.268557,15.305798,15.119596,15.194077,-0.223442,139
2016-02-16,144172,2962014,15.231317,15.380279,15.231317,15.343039,0.148962,71
2016-02-17,75080,1544289,15.380279,15.454759,15.231317,15.305798,-0.037241,63
2016-02-18,138470,2861280,15.417519,15.454759,15.305798,15.380279,0.074481,77
2016-02-19,40007,827647,15.305798,15.492,15.305798,15.492,0.111721,29
2016-02-22,50160,1041752,15.492,15.492,15.417519,15.454759,-0.037241,54
2016-02-23,261013,5401210,15.454759,15.492,15.343039,15.417519,-0.03724,59
2016-02-24,66145,1368503,15.492,15.492,15.380279,15.380279,-0.03724,46
2016-02-25,221022,4561040,15.380279,15.417519,15.305798,15.380279,0.0,79
2016-02-26,72014,1493730,15.603721,15.603721,15.417519,15.454759,0.07448,57
2016-03-01,238481,4962438,15.454759,15.603721,15.454759,15.603721,0.148962,133
2016-03-02,312320,6547020,15.603721,15.678202,15.566481,15.640961,0.03724,134
2016-03-03,343206,7214775,15.640961,15.715442,15.603721,15.678202,0.037241,156
2016-03-04,244661,5180691,15.715442,15.864404,15.715442,15.827163,0.148961,164
2016-03-07,240024,5115804,15.864404,15.976125,15.789923,15.827163,0.0,121
2016-03-08,123117,2608478,15.827163,15.827163,15.715442,15.789923,-0.03724,68
2016-03-09,322728,6892086,15.938884,15.976125,15.864404,15.901644,0.111721,190
2016-03-10,179567,3843604,15.901644,15.976125,15.901644,15.976125,0.074481,85
2016-03-11,223481,4795062,15.976125,16.013365,15.938884,16.013365,0.03724,97
2016-03-14,238298,5137561,16.050606,16.162326,16.013365,16.087846,0.074481,132
2016-03-15,184464,3952349,16.087846,16.125086,15.864404,15.901644,-0.186202,113
2016-03-16,80793,1732618,16.013365,16.013365,15.901644,15.938884,0.03724,53
2016-03-17,309600,6650238,16.013365,16.050606,15.938884,15.976125,0.037241,124
2016-03-18,233720,5021139,16.013365,16.013365,15.938884,16.013365,0.03724,105
2016-03-21,171899,3694819,16.013365,16.087846,15.976125,16.013365,0.0,89
2016-03-22,118102,2536908,16.013365,16.013365,15.976125,16.013365,0.0,67
2016-03-23,119147,2567540,16.013365,16.087846,16.013365,16.013365,0.0,61
2016-03-24,185006,3980374,16.013365,16.050606,16.013365,16.013365,0.0,86
2016-03-25,135012,2915314,16.087846,16.125086,16.050606,16.087846,0.074481,77
2016-03-28,125160,2684301,16.013365,16.050606,15.901644,16.013365,-0.074481,73
2016-03-29,188733,4025065,16.050606,16.050606,15.789923,15.864404,-0.148961,140
2016-03-30,69103,1472003,15.827163,15.938884,15.827163,15.901644,0.03724,42
2016-03-31,264322,5683485,16.050606,16.050606,15.976125,15.976125,0.074481,119
2016-04-01,200922,4310352,16.013365,16.050606,15.938884,15.938884,-0.037241,89
2016-04-06,148287,3151119,15.976125,15.976125,15.752682,15.864404,-0.07448,100
2016-04-07,198800,4206217,15.901644,15.901644,15.678202,15.715442,-0.148962,93
2016-04-08,310761,6571904,15.715442,15.789923,15.715442,15.789923,0.074481,77
2016-04-11,241175,5076025,15.789923,15.789923,15.603721,15.715442,-0.074481,145
2016-04-12,122136,2566730,15.715442,15.752682,15.52924,15.678202,-0.03724,95
2016-04-13,161741,3398040,15.678202,15.715442,15.566481,15.678202,0.0,163
2016-04-14,266435,5601504,15.715442,15.752682,15.640961,15.678202,0.0,94
2016-04-15,114146,2397350,15.566481,15.678202,15.566481,15.603721,-0.074481,84
2016-04-18,110929,2324112,15.603721,15.640961,15.566481,15.603721,0.0,41
2016-04-19,144019,3015199,15.603721,15.715442,15.52924,15.566481,-0.03724,84
2016-04-20,112443,2344240,15.640961,15.678202,15.454759,15.454759,-0.111722,71
2016-04-21,139617,2892751,15.454759,15.492,15.417519,15.454759,0.0,59
2016-04-22,107071,2209965,15.454759,15.454759,15.305798,15.305798,-0.148961,79
2016-04-25,68500,1409820,15.305798,15.343039,15.305798,15.305798,0.0,48
2016-04-26,71617,1475877,15.305798,15.492,15.305798,15.343039,0.037241,40
2016-04-27,97469,2013883,15.380279,15.417519,15.343039,15.417519,0.07448,51
2016-04-28,92871,1920939,15.417519,15.454759,15.343039,15.380279,-0.03724,43
2016-04-29,232485,4789815,15.52924,15.52924,15.305798,15.305798,-0.074481,106
2016-05-03,237060,4842720,15.268557,15.268557,15.156836,15.194077,-0.111721,126
2016-05-04,193349,3947182,15.231317,15.268557,15.156836,15.156836,-0.037241,82
2016-05-05,200003,4053610,15.156836,15.156836,15.007875,15.156836,0.0,93
2016-05-06,139001,2825870,15.156836,15.194077,15.082356,15.194077,0.037241,38
2016-05-09,61000,1237250,15.231317,15.231317,15.082356,15.119596,-0.074481,26
2016-05-10,71273,1444719,15.119596,15.194077,15.007875,15.119596,0.0,34
2016-05-11,357800,7174150,15.119596,15.119596,14.858913,14.896154,-0.223442,146
2016-05-12,204001,4048720,14.896154,14.933394,14.709952,14.821673,-0.074481,94
2016-05-13,222321,4406204,14.821673,14.896154,14.635471,14.747192,-0.074481,102
2016-05-16,350203,6867196,14.747192,14.747192,14.52375,14.747192,0.0,143
2016-05-17,158983,3130663,14.672712,14.747192,14.56099,14.747192,0.0,69
2016-05-18,431737,8471642,14.672712,14.821673,14.56099,14.784432,0.03724,55
2016-05-19,162552,3190367,14.784432,14.784432,14.52375,14.598231,-0.186201,80
2016-05-20,56050,1104344,14.709952,14.709952,14.598231,14.709952,0.111721,30
2016-05-23,149051,2966720,14.709952,14.896154,14.709952,14.896154,0.186202,69
2016-05-24,47878,951931,14.896154,14.896154,14.747192,14.821673,-0.074481,46
2016-05-25,107468,2147565,14.896154,14.933394,14.821673,14.858913,0.03724,46
2016-05-26,69039,1380975,14.858913,14.970634,14.821673,14.896154,0.037241,37
2016-05-27,58587,1175769,14.896154,14.970634,14.896154,14.970634,0.07448,36
2016-05-30,71640,1438915,14.896154,15.045115,14.896154,14.896154,-0.07448,49
2016-05-31,105512,2110815,14.896154,14.970634,14.821673,14.970634,0.07448,58
2016-06-01,66350,1334950,14.970634,15.007875,14.933394,14.970634,0.0,46
2016-06-02,68160,1363400,14.933394,14.933394,14.858913,14.896154,-0.07448,37
2016-06-03,81103,1623060,14.896154,15.007875,14.858913,14.896154,0.0,38
2016-06-04,27005,541150,14.896154,15.007875,14.896154,14.970634,0.07448,15
2016-06-06,70205,1406750,14.970634,14.970634,14.858913,14.896154,-0.07448,34
2016-06-07,70132,1409802,14.896154,15.045115,14.896154,15.045115,0.148961,43
2016-06-08,84112,1688415,15.007875,15.007875,14.896154,14.933394,-0.111721,60
2016-06-13,89859,1789822,14.970634,14.970634,14.784432,14.821673,-0.111721,66
2016-06-14,73480,1468174,14.821673,14.933394,14.821673,14.933394,0.111721,31
2016-06-15,93161,1859686,14.933394,14.970634,14.821673,14.933394,0.0,38
2016-06-16,116743,2326146,14.933394,14.933394,14.821673,14.858913,-0.074481,45
2016-06-17,322360,6432150,14.896154,14.896154,14.821673,14.821673,-0.03724,48
2016-06-20,101869,2033110,14.821673,14.896154,14.821673,14.896154,0.074481,45
2016-06-21,89667,1794290,14.858913,14.970634,14.858913,14.933394,0.03724,50
2016-06-22,82832,1658580,14.896154,14.970634,14.896154,14.970634,0.03724,37
2016-06-23,84800,1706480,15.007875,15.045115,14.933394,15.007875,0.037241,53
2016-06-24,181308,3622275,15.007875,15.007875,14.784432,14.933394,-0.074481,84
2016-06-27,129261,2578046,14.896154,14.933394,14.784432,14.858913,-0.074481,63
2016-06-28,231216,4611603,14.858913,14.896154,14.821673,14.858913,0.0,89
2016-06-29,917249,18298150,14.858913,14.933394,14.821673,14.821673,-0.03724,332
2016-06-30,305770,5798593,15.059453,15.099084,14.980193,15.059453,0.23778,199
2016-07-01,186421,3563524,15.059453,15.217974,15.059453,15.138714,0.079261,83
2016-07-04,115974,2227681,15.217974,15.257605,15.178344,15.178344,0.03963,48
2016-07-05,54640,1045371,15.138714,15.217974,15.138714,15.138714,-0.03963,39
2016-07-06,164001,3134769,15.257605,15.257605,15.099084,15.138714,0.0,58
2016-07-07,127421,2443989,15.138714,15.297235,15.138714,15.138714,0.0,63
2016-07-11,89302,1720693,15.138714,15.336865,15.138714,15.336865,0.198151,66
2016-07-12,101250,1962025,15.376495,15.416125,15.297235,15.376495,0.03963,69
2016-07-13,58408,1130762,15.376495,15.376495,15.297235,15.376495,0.0,45
2016-07-14,104850,2027738,15.376495,15.376495,15.297235,15.376495,0.0,45
2016-07-15,107484,2076388,15.217974,15.455755,15.217974,15.416125,0.03963,73
2016-07-18,110250,2138737,15.416125,15.455755,15.336865,15.336865,-0.07926,39
2016-07-19,41160,796237,15.336865,15.376495,15.297235,15.336865,0.0,25
2016-07-20,106883,2070990,15.257605,15.376495,15.257605,15.336865,0.0,61
2016-07-21,172788,3338616,15.336865,15.376495,15.257605,15.297235,-0.03963,80
2016-07-22,121681,2350323,15.336865,15.336865,15.297235,15.336865,0.03963,57
2016-07-25,76103,1472087,15.336865,15.376495,15.257605,15.297235,-0.03963,40
2016-07-26,48773,941743,15.297235,15.336865,15.257605,15.297235,0.0,38
2016-07-27,115614,2232847,15.297235,15.336865,15.297235,15.336865,0.03963,46
2016-07-28,122442,2363092,15.297235,15.336865,15.257605,15.297235,-0.03963,59
2016-07-29,83966,1621246,15.257605,15.336865,15.257605,15.336865,0.03963,29
2016-08-01,70901,1371227,15.297235,15.376495,15.297235,15.376495,0.03963,50
2016-08-02,109050,2105511,15.376495,15.376495,15.297235,15.297235,-0.07926,39
2016-08-03,138281,2661136,15.297235,15.376495,15.217974,15.217974,-0.079261,43
2016-08-04,119041,2287237,15.376495,15.376495,15.217974,15.297235,0.079261,66
2016-08-05,355960,6852324,15.217974,15.376495,15.217974,15.376495,0.07926,71
2016-08-08,295320,5677058,15.297235,15.336865,15.217974,15.257605,-0.11889,85
2016-08-09,82202,1583753,15.217974,15.297235,15.217974,15.297235,0.03963,66
2016-08-10,214928,4143610,15.297235,15.336865,15.257605,15.297235,0.0,113
2016-08-11,55800,1075637,15.257605,15.297235,15.257605,15.297235,0.0,53
2016-08-12,188126,3621818,15.257605,15.297235,15.257605,15.257605,-0.03963,60
2016-08-15,109520,2109359,15.257605,15.297235,15.257605,15.257605,0.0,43
2016-08-16,133008,2560052,15.257605,15.297235,15.217974,15.257605,0.0,53
2016-08-17,197197,3794389,15.257605,15.297235,15.217974,15.297235,0.03963,131
2016-08-18,54800,1056249,15.297235,15.297235,15.257605,15.297235,0.0,36
2016-08-19,133813,2572948,15.297235,15.297235,15.217974,15.217974,-0.079261,79
2016-08-22,154606,2964000,15.297235,15.297235,15.138714,15.217974,0.0,113
2016-08-23,94640,1804472,15.138714,15.217974,15.059453,15.138714,-0.07926,59
2016-08-24,102538,1957747,15.138714,15.178344,15.059453,15.138714,0.0,62
2016-08-25,203534,3875029,15.059453,15.178344,15.059453,15.059453,-0.079261,134
2016-08-26,218160,4142940,15.059453,15.138714,14.980193,15.059453,0.0,104
2016-08-29,339166,6412646,15.019823,15.217974,14.940563,14.940563,-0.11889,245
2016-08-30,240629,4539299,14.940563,15.059453,14.900933,15.019823,0.07926,136
2016-08-31,301238,5662765,15.019823,15.019823,14.861303,14.940563,-0.07926,151
2016-09-01,115102,2162314,14.940563,14.940563,14.861303,14.900933,-0.03963,58
2016-09-02,138005,2594190,14.900933,14.940563,14.861303,14.900933,0.0,46
2016-09-05,78500,1478448,14.900933,14.940563,14.900933,14.900933,0.0,34
2016-09-06,140002,2634738,14.980193,14.980193,14.900933,14.940563,0.03963,54
2016-09-07,100258,1889508,14.940563,14.980193,14.900933,14.980193,0.03963,51
2016-09-08,94474,1780507,14.980193,14.980193,14.900933,14.900933,-0.07926,47
2016-09-09,127656,2401161,14.900933,14.980193,14.900933,14.900933,0.0,53
2016-09-10,142471,2665206,14.861303,14.861303,14.782043,14.861303,-0.03963,90
2016-09-12,110493,2071365,14.821673,14.940563,14.821673,14.940563,0.07926,71
2016-09-13,83180,1555775,14.940563,14.940563,14.782043,14.861303,-0.07926,54
2016-09-14,108215,2017795,14.782043,14.821673,14.742413,14.742413,-0.11889,67
2016-09-19,71319,1329097,14.742413,14.900933,14.702782,14.900933,0.15852,42
2016-09-20,36412,682745,14.940563,14.940563,14.821673,14.900933,0.0,27
2016-09-21,127428,2396009,14.900933,15.059453,14.742413,15.019823,0.11889,91
2016-09-22,41712,785235,15.019823,15.019823,14.821673,14.900933,-0.11889,34
2016-09-23,57160,1076990,14.900933,14.980193,14.861303,14.980193,0.07926,27
2016-09-26,25201,473648,14.861303,14.900933,14.861303,14.900933,-0.07926,15
2016-09-29,101520,1908425,14.900933,14.980193,14.821673,14.980193,0.07926,53
2016-09-30,54000,1011450,14.900933,14.980193,14.782043,14.861303,-0.11889,40
2016-10-03,139100,2607924,14.861303,14.980193,14.742413,14.861303,0.0,82
2016-10-04,15544,292475,14.821673,14.980193,14.782043,14.940563,0.07926,16
2016-10-05,31324,589606,14.980193,14.980193,14.821673,14.940563,0.0,24
2016-10-06,66500,1247600,14.821673,14.900933,14.821673,14.861303,-0.07926,38
2016-10-07,39401,737036,14.861303,14.861303,14.782043,14.821673,-0.03963,25
2016-10-11,135189,2514083,14.782043,14.821673,14.663152,14.742413,-0.07926,71
2016-10-12,87667,1623789,14.742413,14.742413,14.663152,14.702782,-0.039631,59
2016-10-13,87146,1604751,14.544262,14.702782,14.544262,14.702782,0.0,58
2016-10-14,77176,1427787,14.663152,14.702782,14.623522,14.663152,-0.03963,35
2016-10-17,151152,2781893,14.663152,14.663152,14.504632,14.663152,0.0,67
2016-10-18,118642,2189212,14.663152,14.702782,14.544262,14.702782,0.03963,41
2016-10-19,40635,753346,14.742413,14.742413,14.583892,14.742413,0.039631,26
2016-10-20,92428,1707872,14.742413,14.742413,14.544262,14.702782,-0.039631,55
2016-10-21,71993,1328118,14.583892,14.742413,14.544262,14.702782,0.0,50
2016-10-24,46753,867103,14.623522,14.742413,14.623522,14.742413,0.039631,25
2016-10-25,65360,1208407,14.623522,14.742413,14.623522,14.742413,0.0,37
2016-10-26,44001,815168,14.663152,14.782043,14.583892,14.742413,0.0,32
2016-10-27,66001,1218918,14.742413,14.742413,14.583892,14.702782,-0.039631,50
2016-10-28,31600,582687,14.583892,14.663152,14.583892,14.663152,-0.03963,28
2016-10-31,33709,622708,14.663152,14.663152,14.623522,14.663152,0.0,21
2016-11-01,43066,796122,14.623522,14.702782,14.583892,14.702782,0.03963,40
2016-11-02,44790,824835,14.623522,14.663152,14.544262,14.663152,-0.03963,36
2016-11-03,86303,1583305,14.544262,14.583892,14.504632,14.544262,-0.11889,43
2016-11-04,23802,438125,14.583892,14.623522,14.583892,14.583892,0.03963,21
2016-11-07,48331,888422,14.583892,14.663152,14.504632,14.663152,0.07926,42
2016-11-08,21044,386259,14.663152,14.663152,14.504632,14.544262,-0.11889,16
2016-11-09,133156,2438368,14.663152,14.702782,14.465002,14.583892,0.03963,68
2016-11-10,44165,810177,14.583892,14.663152,14.504632,14.623522,0.03963,35
2016-11-11,108923,2011074,14.623522,14.702782,14.583892,14.663152,0.03963,56
2016-11-14,69895,1293053,14.663152,14.742413,14.623522,14.663152,0.0,61
2016-11-15,107736,1995964,14.663152,14.742413,14.663152,14.663152,0.0,79
2016-11-16,73311,1366765,14.782043,14.821673,14.702782,14.821673,0.158521,59
2016-11-17,62001,1154768,14.821673,14.861303,14.742413,14.742413,-0.07926,38
2016-11-18,169499,3166679,14.821673,14.900933,14.742413,14.821673,0.07926,84
2016-11-21,21161,394751,14.861303,14.861303,14.742413,14.821673,0.0,23
2016-11-22,73618,1370463,14.742413,14.821673,14.742413,14.742413,-0.07926,46
2016-11-23,83720,1557240,14.742413,14.821673,14.702782,14.702782,-0.039631,44
2016-11-24,154680,2913552,14.782043,15.019823,14.782043,14.980193,0.277411,93
2016-11-25,1158494,22567654,15.019823,15.970947,15.019823,15.455755,0.475562,572
2016-11-28,605531,11924603,15.614276,15.812427,15.455755,15.455755,0.0,274
2016-11-29,300333,5778108,15.455755,15.455755,15.217974,15.257605,-0.19815,110
2016-11-30,316693,6305129,15.217974,16.089837,15.217974,16.089837,0.832232,139
2016-12-01,305140,6037060,15.693536,15.733166,15.614276,15.693536,-0.396301,151
2016-12-02,196381,3886220,15.693536,15.733166,15.535015,15.733166,0.03963,90
2016-12-05,91310,1798083,15.772796,15.772796,15.535015,15.535015,-0.198151,62
2016-12-06,79305,1551785,15.574645,15.574645,15.416125,15.455755,-0.07926,56
2016-12-07,87840,1716327,15.535015,15.535015,15.455755,15.535015,0.07926,63
2016-12-08,241800,4773520,15.455755,15.772796,15.455755,15.614276,0.079261,107
2016-12-09,131925,2603078,15.614276,15.733166,15.574645,15.574645,-0.039631,51
2016-12-12,86278,1694495,15.614276,15.614276,15.535015,15.614276,0.039631,44
2016-12-13,87015,1703740,15.614276,15.614276,15.455755,15.535015,-0.079261,49
2016-12-14,128121,2496784,15.574645,15.574645,15.257605,15.376495,-0.15852,74
2016-12-15,88586,1723896,15.376495,15.535015,15.376495,15.455755,0.07926,40
2016-12-16,33048,643927,15.574645,15.574645,15.376495,15.376495,-0.07926,28
2016-12-19,35071,679327,15.376495,15.376495,15.297235,15.297235,-0.07926,22
2016-12-20,69433,1341313,15.455755,15.455755,15.297235,15.297235,0.0,39
2016-12-21,53023,1021650,15.297235,15.376495,15.217974,15.217974,-0.079261,38
2016-12-22,75212,1441069,15.297235,15.297235,15.138714,15.138714,-0.07926,52
2016-12-23,32203,615306,15.138714,15.217974,15.138714,15.217974,0.07926,19
2016-12-26,51960,1002276,15.217974,15.336865,15.217974,15.336865,0.118891,31
2016-12-27,83960,1620331,15.336865,15.336865,15.217974,15.297235,-0.03963,28
2016-12-28,48640,933837,15.217974,15.297235,15.138714,15.217974,-0.079261,38
2016-12-29,32500,621675,15.217974,15.297235,15.059453,15.138714,-0.07926,23
2016-12-30,37300,717900,15.099084,15.297235,15.099084,15.297235,0.158521,30
2017-01-03,69083,1332860,15.178344,15.336865,15.178344,15.297235,0.0,46
2017-01-04,45841,883137,15.178344,15.297235,15.178344,15.297235,0.0,33
2017-01-05,68160,1314537,15.217974,15.297235,15.217974,15.297235,0.0,36
2017-01-06,56353,1086661,15.297235,15.336865,15.217974,15.297235,0.0,45
2017-01-09,68480,1321261,15.336865,15.336865,15.257605,15.336865,0.03963,53
2017-01-10,52427,1009639,15.297235,15.336865,15.178344,15.336865,0.0,38
2017-01-11,46068,885505,15.297235,15.297235,15.178344,15.257605,-0.07926,32
2017-01-12,147906,2834148,15.217974,15.217974,15.138714,15.178344,-0.079261,88
2017-01-13,135100,2578708,15.138714,15.178344,15.099084,15.178344,0.0,76
2017-01-16,1673472,31029818,15.217974,15.217974,14.623522,14.742413,-0.435931,485
2017-01-17,102308,1907352,14.742413,14.861303,14.702782,14.821673,0.07926,77
2017-01-18,126004,2354531,14.821673,14.900933,14.742413,14.861303,0.03963,97
2017-01-19,148400,2784767,14.861303,14.940563,14.821673,14.900933,0.03963,67
2017-01-20,90092,1697716,14.940563,14.980193,14.900933,14.980193,0.07926,57
2017-01-23,90492,1705898,14.980193,15.019823,14.861303,14.980193,0.0,67
2017-01-24,68360,1290940,14.980193,15.019823,14.900933,15.019823,0.03963,49
2017-02-02,116633,2202038,15.019823,15.138714,14.821673,15.138714,0.118891,91
2017-02-03,149140,2813757,15.138714,15.138714,14.861303,14.861303,-0.277411,91
2017-02-06,103121,1947378,14.900933,15.059453,14.861303,15.019823,0.15852,79
2017-02-07,141946,2694070,15.059453,15.059453,15.019823,15.059453,0.03963,75
2017-02-08,102426,1949013,15.059453,15.138714,15.019823,15.099084,0.039631,69
2017-02-09,44108,839269,15.059453,15.099084,15.059453,15.059453,-0.039631,36
2017-02-10,66311,1261770,15.099084,15.099084,15.059453,15.099084,0.039631,66
2017-02-13,121115,2313139,15.138714,15.217974,15.099084,15.138714,0.03963,71
2017-02-14,162721,3113132,15.138714,15.217974,15.099084,15.138714,0.0,91
2017-02-15,222177,4243077,15.178344,15.217974,15.059453,15.099084,-0.03963,147
2017-02-16,135324,2586051,15.138714,15.217974,15.099084,15.178344,0.07926,86
2017-02-17,103312,1973036,15.178344,15.178344,15.099084,15.138714,-0.03963,96
2017-02-18,107161,2039623,15.138714,15.138714,15.059453,15.138714,0.0,68
2017-02-20,126896,2416815,15.138714,15.138714,15.059453,15.099084,-0.03963,81
2017-02-21,127734,2432119,15.178344,15.178344,15.059453,15.059453,-0.039631,73
2017-02-22,56715,1083318,15.059453,15.217974,15.059453,15.178344,0.118891,66
2017-02-23,119233,2271677,15.099084,15.178344,15.059453,15.178344,0.0,95
2017-02-24,45570,870680,15.178344,15.178344,15.099084,15.178344,0.0,39
2017-03-01,54457,1044972,15.217974,15.257605,15.099084,15.217974,0.03963,97
2017-03-02,85014,1628566,15.217974,15.297235,15.138714,15.178344,-0.03963,72
2017-03-03,76658,1465281,15.178344,15.257605,15.099084,15.099084,-0.07926,56
2017-03-06,110514,2104616,15.099084,15.138714,15.059453,15.059453,-0.039631,166
2017-03-07,98885,1885552,15.059453,15.178344,15.059453,15.178344,0.118891,115
2017-03-08,154035,2951000,15.178344,15.257605,15.099084,15.217974,0.03963,80
2017-03-09,64123,1226841,15.217974,15.217974,15.138714,15.138714,-0.07926,105
2017-03-10,111889,2140930,15.376495,15.376495,15.059453,15.099084,-0.03963,141
2017-03-13,152914,2927636,15.138714,15.257605,15.099084,15.217974,0.11889,172
2017-03-14,148960,2863274,15.217974,15.297235,15.178344,15.217974,0.0,136
2017-03-15,111672,2143362,15.217974,15.257605,15.178344,15.217974,0.0,98
2017-03-16,280425,5408801,15.257605,15.376495,15.217974,15.217974,0.0,180
2017-03-17,2280988,43892060,15.336865,15.455755,15.217974,15.217974,0.0,349
2017-03-20,180095,3481218,15.217974,15.416125,15.217974,15.297235,0.079261,148
2017-03-21,155046,2987590,15.297235,15.376495,15.217974,15.257605,-0.03963,151
2017-03-22,154827,2980755,15.257605,15.336865,15.217974,15.217974,-0.039631,90
2017-03-23,145670,2810414,15.217974,15.376495,15.217974,15.336865,0.118891,112
2017-03-24,258118,4993524,15.416125,15.416125,15.217974,15.336865,0.0,137
2017-03-27,138460,2672170,15.297235,15.336865,15.257605,15.297235,-0.03963,115
2017-03-28,289480,5558709,15.297235,15.297235,15.138714,15.178344,-0.118891,132
2017-03-29,257384,4903713,15.178344,15.178344,15.059453,15.099084,-0.07926,150
2017-03-30,123009,2340371,15.059453,15.138714,15.019823,15.138714,0.03963,106
2017-03-31,169920,3231821,15.138714,15.138714,15.059453,15.099084,-0.03963,115
2017-04-05,291983,5530873,15.059453,15.099084,14.940563,15.019823,-0.079261,208
2017-04-06,94344,1789586,14.980193,15.099084,14.980193,15.099084,0.079261,74
2017-04-07,114451,2171030,15.059453,15.059453,14.980193,15.019823,-0.079261,74
2017-04-10,112075,2128576,15.019823,15.099084,14.980193,15.019823,0.0,115
2017-04-11,183732,3494131,15.019823,15.138714,14.980193,14.980193,-0.03963,164
2017-04-12,130042,2459998,14.980193,15.138714,14.940563,15.059453,0.07926,97
2017-04-13,50322,954592,15.019823,15.059453,14.980193,15.059453,0.0,112
2017-04-14,74173,1402005,15.019823,15.019823,14.940563,14.980193,-0.07926,68
2017-04-17,206171,3878206,14.980193,14.980193,14.861303,14.900933,-0.07926,103
2017-04-18,56183,1056630,14.980193,14.980193,14.861303,14.900933,0.0,45
2017-04-19,150334,2818968,14.900933,14.980193,14.821673,14.940563,0.03963,136
2017-04-20,37012,696322,14.940563,14.940563,14.900933,14.900933,-0.03963,28
2017-04-21,73330,1382047,14.900933,14.980193,14.900933,14.900933,0.0,65
2017-04-24,53636,1013681,14.940563,15.019823,14.940563,14.940563,0.03963,37
2017-04-25,72003,1365807,14.980193,15.138714,14.980193,15.059453,0.11889,40
2017-04-26,84146,1600424,15.099084,15.138714,15.059453,15.099084,0.039631,56
2017-04-27,49080,935070,15.138714,15.178344,14.980193,15.059453,-0.039631,24
2017-04-28,29164,551966,15.059453,15.059453,14.980193,15.019823,-0.03963,33
2017-05-02,127237,2405281,15.059453,15.059453,14.940563,15.019823,0.0,74
2017-05-03,159273,3021357,14.980193,15.138714,14.940563,15.019823,0.0,71
2017-05-04,93002,1762486,15.059453,15.099084,14.980193,15.019823,0.0,27
2017-05-05,70000,1326950,15.019823,15.059453,14.980193,15.019823,0.0,26
2017-05-08,98055,1853847,15.019823,15.019823,14.940563,15.019823,0.0,42
2017-05-09,168087,3181857,15.059453,15.059453,14.940563,14.980193,-0.03963,53
2017-05-10,192122,3625153,15.019823,15.019823,14.900933,14.940563,-0.03963,83
2017-05-11,36034,681890,15.059453,15.059453,14.980193,15.019823,0.07926,28
2017-05-12,168368,3199042,15.059453,15.099084,15.019823,15.059453,0.03963,75
2017-05-15,310650,5914880,15.138714,15.138714,15.019823,15.138714,0.079261,93
2017-05-16,181230,3476743,15.138714,15.297235,15.138714,15.217974,0.07926,105
2017-05-17,106414,2040666,15.257605,15.257605,15.138714,15.178344,-0.03963,64
2017-05-18,99753,1906544,15.178344,15.178344,15.099084,15.138714,-0.03963,41
2017-05-19,192274,3678760,15.138714,15.217974,15.099084,15.217974,0.07926,43
2017-05-22,321336,6143117,15.217974,15.217974,15.099084,15.138714,-0.07926,57
2017-05-23,145260,2782841,15.178344,15.217974,15.138714,15.178344,0.03963,52
2017-05-24,277320,5304310,15.178344,15.217974,15.099084,15.138714,-0.03963,88
2017-05-25,98173,1880011,15.178344,15.217974,15.138714,15.138714,0.0,42
2017-05-26,159150,3046278,15.138714,15.217974,15.099084,15.217974,0.07926,57
2017-05-31,93963,1795797,15.217974,15.217974,15.099084,15.099084,-0.11889,67
2017-06-01,84304,1612226,15.178344,15.178344,15.099084,15.178344,0.07926,47
2017-06-02,103777,1986639,15.217974,15.217974,15.138714,15.178344,0.0,47
2017-06-03,87153,1670909,15.257605,15.257605,15.178344,15.217974,0.03963,43
2017-06-05,261187,5010251,15.217974,15.217974,15.138714,15.217974,0.0,77
2017-06-06,95155,1825468,15.178344,15.257605,15.178344,15.178344,-0.03963,40
2017-06-07,384732,7399453,15.217974,15.297235,15.217974,15.217974,0.03963,113
2017-06-08,273501,5250092,15.257605,15.257605,15.178344,15.217974,0.0,91
2017-06-09,269497,5168389,15.217974,15.217974,15.138714,15.217974,0.0,81
2017-06-12,331704,6383446,15.257605,15.297235,15.178344,15.297235,0.079261,106
2017-06-13,105442,2035744,15.297235,15.376495,15.257605,15.297235,0.0,60
2017-06-14,126340,2429110,15.297235,15.297235,15.178344,15.217974,-0.079261,56
2017-06-15,104320,2001093,15.257605,15.257605,15.138714,15.217974,0.0,47
2017-06-16,576952,11056221,15.217974,15.257605,15.099084,15.178344,-0.03963,126
2017-06-19,96328,1846110,15.217974,15.217974,15.138714,15.178344,0.0,47
2017-06-20,177893,3415605,15.217974,15.257605,15.178344,15.257605,0.079261,49
2017-06-21,176188,3392475,15.178344,15.336865,15.178344,15.297235,0.03963,112
2017-06-22,113305,2183486,15.257605,15.336865,15.217974,15.336865,0.03963,59
2017-06-23,139402,2700158,15.336865,15.376495,15.297235,15.336865,0.0,66
2017-06-26,556440,10812254,15.336865,15.455755,15.297235,15.455755,0.11889,302
2017-06-27,516923,10127742,15.455755,15.614276,15.416125,15.574645,0.11889,211
2017-06-28,198636,3894899,15.455755,15.614276,15.416125,15.535015,-0.03963,98
2017-06-29,504617,9906428,15.574645,15.653906,15.495385,15.535015,0.0,160
2017-06-30,383571,7504038,15.535015,15.574645,15.455755,15.574645,0.03963,152
2017-07-03,558693,10974462,15.535015,15.614276,15.535015,15.574645,0.0,202
2017-07-04,1268209,24907041,15.574645,15.614276,15.535015,15.535015,-0.03963,348
2017-07-05,821970,15481884,15.576553,15.701165,15.576553,15.618091,0.083076,313
2017-07-06,267763,5048508,15.618091,15.742703,15.618091,15.742703,0.124612,177
2017-07-07,463566,8806333,15.742703,15.825778,15.701165,15.78424,0.041537,228
2017-07-10,195693,3715228,15.825778,15.825778,15.742703,15.78424,0.0,77
2017-07-11,211562,4012878,15.78424,15.825778,15.701165,15.742703,-0.041537,88
2017-07-12,186262,3535162,15.742703,15.78424,15.701165,15.742703,0.0,77
2017-07-13,204820,3890284,15.742703,15.78424,15.742703,15.78424,0.041537,88
2017-07-14,196800,3743800,15.78424,15.825778,15.742703,15.825778,0.041538,79
2017-07-17,242112,4627048,15.867315,15.95039,15.825778,15.825778,0.0,104
2017-07-18,157092,2998366,15.825778,15.908853,15.825778,15.825778,0.0,75
2017-07-19,263645,5032148,15.825778,15.908853,15.825778,15.908853,0.083075,123
2017-07-20,170273,3259904,15.867315,15.95039,15.867315,15.867315,-0.041538,69
2017-07-21,200756,3850826,15.867315,15.991928,15.867315,15.95039,0.083075,87
2017-07-24,228960,4382837,15.95039,15.991928,15.867315,15.867315,-0.083075,90
2017-07-25,125640,2395143,15.867315,15.867315,15.78424,15.825778,-0.041537,74
2017-07-26,71611,1364091,15.825778,15.825778,15.825778,15.825778,0.0,45
2017-07-27,128002,2440338,15.908853,15.908853,15.825778,15.867315,0.041537,43
2017-07-28,319406,6076964,15.825778,15.908853,15.78424,15.78424,-0.083075,95
2017-07-31,256623,4877837,15.742703,15.867315,15.701165,15.825778,0.041538,83
2017-08-01,137962,2633578,15.825778,15.908853,15.78424,15.867315,0.041537,62
2017-08-02,113830,2171208,15.908853,15.908853,15.78424,15.867315,0.0,50
2017-08-03,97161,1851209,15.867315,15.867315,15.78424,15.825778,-0.041537,55
2017-08-04,132520,2519574,15.825778,15.825778,15.78424,15.825778,0.0,79
2017-08-07,161094,3062086,15.742703,15.867315,15.742703,15.78424,-0.041538,77
2017-08-08,71280,1355488,15.78424,15.867315,15.78424,15.825778,0.041538,39
2017-08-09,423417,8097073,15.825778,15.991928,15.78424,15.908853,0.083075,200
2017-08-10,224845,4283555,15.908853,15.95039,15.78424,15.825778,-0.083075,146
2017-08-11,158271,3005528,15.742703,15.825778,15.742703,15.825778,0.0,89
2017-08-14,238709,4542342,15.867315,15.908853,15.742703,15.78424,-0.041538,102
2017-08-15,143805,2731195,15.78424,15.825778,15.742703,15.78424,0.0,94
2017-08-16,68075,1293935,15.78424,15.825778,15.742703,15.78424,0.0,58
2017-08-17,155106,2961424,15.825778,15.908853,15.825778,15.825778,0.041538,60
2017-08-18,81375,1554262,15.825778,15.908853,15.825778,15.867315,0.041537,65
2017-08-21,214543,4096167,15.825778,15.908853,15.825778,15.867315,0.0,83
2017-08-22,204477,3912882,15.95039,15.95039,15.867315,15.867315,0.0,100
2017-08-23,197398,3779662,15.908853,15.95039,15.867315,15.867315,0.0,96
2017-08-24,172162,3294178,15.867315,15.95039,15.867315,15.908853,0.041538,77
2017-08-25,217192,4151195,15.867315,15.95039,15.825778,15.867315,-0.041538,75
2017-08-28,119381,2286376,15.867315,15.95039,15.867315,15.95039,0.083075,55
2017-08-29,109232,2094041,15.95039,15.991928,15.908853,15.908853,-0.041537,53
2017-08-30,337898,6527286,15.95039,16.199615,15.95039,16.11654,0.207687,139
2017-08-31,872500,17147498,16.199615,16.44884,16.199615,16.365765,0.249225,345
2017-09-01,205460,4047864,16.407303,16.44884,16.324227,16.365765,0.0,100
2017-09-04,188870,3697537,16.324227,16.324227,16.199615,16.241153,-0.124612,117
2017-09-05,192909,3769507,16.241153,16.324227,16.158077,16.28269,0.041537,81
2017-09-06,179225,3489012,16.28269,16.28269,16.11654,16.241153,-0.041537,83
2017-09-07,96320,1884971,16.28269,16.28269,16.241153,16.241153,0.0,46
2017-09-08,1064301,21046691,16.407303,16.490377,16.365765,16.44884,0.207687,405
2017-09-11,723100,14448000,16.573453,16.698065,16.490377,16.61499,0.16615,236
2017-09-12,264908,5300613,16.61499,16.698065,16.573453,16.656527,0.041537,111
2017-09-13,310600,6223750,16.61499,16.698065,16.61499,16.698065,0.041538,138
2017-09-14,216574,4332930,16.656527,16.698065,16.573453,16.61499,-0.083075,85
2017-09-15,151127,3024475,16.61499,16.656527,16.573453,16.573453,-0.041537,85
2017-09-18,316752,6366399,16.698065,16.78114,16.656527,16.739602,0.166149,116
2017-09-19,228200,4593030,16.739602,16.78114,16.656527,16.739602,0.0,92
2017-09-20,349160,7049765,16.739602,16.822677,16.698065,16.78114,0.041538,146
2017-09-21,194972,3949034,16.78114,16.864214,16.78114,16.864214,0.083074,102
2017-09-22,332616,6703000,16.905752,16.905752,16.61499,16.656527,-0.207687,127
2017-09-25,501424,9956199,16.656527,16.656527,16.407303,16.44884,-0.207687,248
2017-09-26,223020,4410745,16.407303,16.573453,16.365765,16.44884,0.0,97
2017-09-27,197082,3916534,16.44884,16.573453,16.407303,16.531915,0.083075,86
2017-09-28,75918,1507125,16.531915,16.531915,16.490377,16.490377,-0.041538,49
2017-09-29,117726,2342820,16.490377,16.573453,16.490377,16.573453,0.083076,80
2017-09-30,239150,4772713,16.61499,16.656527,16.531915,16.61499,0.041537,64
2017-10-02,159249,3191480,16.61499,16.698065,16.61499,16.61499,0.0,81
2017-10-03,110256,2210780,16.656527,16.698065,16.61499,16.656527,0.041537,72
2017-10-05,107237,2155336,16.656527,16.739602,16.656527,16.739602,0.083075,55
2017-10-06,201500,4071272,16.739602,16.822677,16.739602,16.822677,0.083075,126
2017-10-11,406996,8287965,16.822677,16.988827,16.822677,16.988827,0.16615,231
2017-10-12,355034,7181779,16.864214,16.864214,16.739602,16.78114,-0.207687,157
2017-10-13,179299,3607930,16.78114,16.78114,16.698065,16.698065,-0.083075,77
2017-10-16,67518,1358960,16.698065,16.739602,16.698065,16.739602,0.041537,47
2017-10-17,121365,2445566,16.78114,16.78114,16.698065,16.78114,0.041538,82
2017-10-18,386572,7758990,16.78114,16.78114,16.61499,16.698065,-0.083075,306
2017-10-19,121340,2434400,16.78114,16.78114,16.61499,16.656527,-0.041538,54
2017-10-20,93610,1877815,16.656527,16.698065,16.61499,16.698065,0.041538,59
2017-10-23,64612,1301300,16.739602,16.78114,16.698065,16.698065,0.0,34
2017-10-24,62758,1261234,16.698065,16.739602,16.656527,16.698065,0.0,33
2017-10-25,112480,2260850,16.739602,16.739602,16.656527,16.698065,0.0,61
2017-10-26,99086,1988720,16.698065,16.739602,16.656527,16.739602,0.041537,48
2017-10-27,143410,2894839,16.739602,16.864214,16.698065,16.698065,-0.041537,62
2017-10-30,88120,1771624,16.698065,16.78114,16.656527,16.78114,0.083075,50
2017-10-31,97410,1968181,16.739602,16.822677,16.739602,16.78114,0.0,62
2017-11-01,94801,1914949,16.78114,16.822677,16.739602,16.78114,0.0,42
2017-11-02,87116,1759129,16.78114,16.822677,16.739602,16.822677,0.041537,36
2017-11-03,87870,1776428,16.822677,16.822677,16.739602,16.822677,0.0,41
2017-11-06,56440,1142514,16.822677,16.822677,16.78114,16.822677,0.0,37
2017-11-07,66080,1335450,16.822677,16.822677,16.739602,16.739602,-0.083075,41
2017-11-08,210081,4224970,16.739602,16.78114,16.656527,16.78114,0.041538,79
2017-11-09,76111,1532631,16.739602,16.78114,16.698065,16.739602,-0.041538,35
2017-11-10,234496,4729017,16.822677,16.864214,16.698065,16.78114,0.041538,70
2017-11-13,244282,4969600,16.864214,16.94729,16.864214,16.905752,0.124612,126
2017-11-14,623844,12787416,16.988827,17.11344,16.94729,16.94729,0.041538,285
2017-11-15,143353,2919833,16.94729,16.988827,16.822677,16.905752,-0.041538,88
2017-11-16,147585,2991545,16.94729,16.94729,16.739602,16.822677,-0.083075,100
2017-11-17,294519,5943930,16.78114,16.822677,16.739602,16.739602,-0.083075,211
2017-11-20,331030,6683685,16.78114,16.864214,16.698065,16.739602,0.0,255
2017-11-21,453093,9185339,16.78114,16.905752,16.739602,16.822677,0.083075,313
2017-11-22,462204,9387609,16.905752,16.94729,16.822677,16.864214,0.041537,268
2017-11-23,322144,6530815,16.864214,16.905752,16.78114,16.822677,-0.041537,219
2017-11-24,301276,6092000,16.864214,16.864214,16.739602,16.822677,0.0,243
2017-11-27,359541,7256570,16.822677,16.864214,16.698065,16.78114,-0.041537,223
2017-11-28,328637,6620908,16.864214,16.864214,16.698065,16.739602,-0.041538,230
2017-11-29,241740,4872900,16.822677,16.822677,16.698065,16.739602,0.0,173
2017-11-30,1116901,22777277,16.739602,17.071902,16.656527,17.071902,0.3323,312
2017-12-01,463202,9460960,16.988827,17.030364,16.864214,16.94729,-0.124612,362
2017-12-04,323651,6610278,17.030364,17.030364,16.822677,17.030364,0.083074,182
2017-12-05,386300,7930169,16.988827,17.11344,16.988827,17.071902,0.041538,235
2017-12-06,212250,4330597,17.030364,17.071902,16.864214,16.905752,-0.16615,133
2017-12-07,282300,5762530,16.988827,17.030364,16.905752,16.988827,0.083075,154
2017-12-08,260630,5332195,16.988827,17.030364,16.94729,17.030364,0.041537,156
2017-12-11,154822,3173206,16.988827,17.071902,16.988827,16.988827,-0.041537,76
2017-12-12,130011,2655476,16.988827,17.030364,16.905752,16.94729,-0.041537,76
2017-12-13,142217,2909218,16.94729,17.030364,16.94729,16.94729,0.0,55
2017-12-14,300840,6177250,16.94729,17.11344,16.94729,17.071902,0.124612,150
2017-12-15,141205,2899437,17.11344,17.11344,16.988827,17.030364,-0.041538,94
2017-12-18,104807,2153339,17.071902,17.11344,17.030364,17.071902,0.041538,107
2017-12-19,87930,1802776,17.030364,17.071902,16.988827,17.030364,-0.041538,52
2017-12-20,141460,2893682,17.030364,17.030364,16.905752,16.94729,-0.083074,58
2017-12-21,71002,1453090,16.988827,17.030364,16.94729,16.988827,0.041537,48
2017-12-22,58660,1199161,16.988827,17.030364,16.94729,16.988827,0.0,38
2017-12-25,76662,1565003,16.94729,16.988827,16.94729,16.988827,0.0,57
2017-12-26,96402,1967329,16.988827,16.988827,16.905752,16.94729,-0.041537,62
2017-12-27,74102,1513249,16.94729,17.030364,16.94729,16.94729,0.0,44
2017-12-28,63850,1304251,16.94729,16.988827,16.94729,16.94729,0.0,55
2017-12-29,103952,2125918,17.030364,17.030364,16.94729,16.988827,0.041537,66
2018-01-02,201229,4135741,16.988827,17.196514,16.94729,17.11344,0.124613,115
2018-01-03,112950,2330565,17.154977,17.196514,17.071902,17.154977,0.041537,71
2018-01-04,266356,5506165,17.154977,17.196514,17.11344,17.196514,0.041537,125
2018-01-05,351930,7332932,17.196514,17.445739,17.196514,17.362664,0.16615,158
2018-01-08,388165,8142752,17.404202,17.487277,17.362664,17.445739,0.083075,130
2018-01-09,225491,4716461,17.487277,17.487277,17.279589,17.321127,-0.124612,111
2018-01-10,285634,5967746,17.321127,17.445739,17.279589,17.362664,0.041537,103
2018-01-11,228760,4771293,17.362664,17.404202,17.279589,17.362664,0.0,109
2018-01-12,158440,3300226,17.321127,17.362664,17.238052,17.321127,-0.041537,88
2018-01-15,200905,4210055,17.362664,17.445739,17.362664,17.445739,0.124612,97
2018-01-16,156547,3273964,17.445739,17.445739,17.362664,17.362664,-0.083075,72
2018-01-17,200673,4207791,17.404202,17.445739,17.362664,17.404202,0.041538,113
2018-01-18,209131,4379768,17.445739,17.445739,17.362664,17.362664,-0.041538,114
2018-01-19,134128,2807452,17.404202,17.404202,17.362664,17.362664,0.0,63
2018-01-22,447717,9470173,17.362664,17.778039,17.321127,17.570352,0.207688,200
2018-01-23,313515,6637515,17.611889,17.653426,17.445739,17.528814,-0.041538,154
2018-01-24,212920,4482110,17.487277,17.528814,17.404202,17.528814,0.0,99
2018-01-25,227194,4804392,17.528814,17.611889,17.528814,17.528814,0.0,116
2018-01-26,203237,4255787,17.404202,17.487277,17.362664,17.404202,-0.124612,78
2018-01-29,146004,3060322,17.445739,17.445739,17.362664,17.404202,0.0,70
2018-01-30,164752,3450042,17.445739,17.487277,17.362664,17.445739,0.041537,82
2018-01-31,99746,2077762,17.404202,17.404202,17.238052,17.362664,-0.083075,57
2018-02-01,65007,1360143,17.362664,17.445739,17.362664,17.362664,0.0,31
2018-02-02,121755,2537975,17.362664,17.362664,17.279589,17.362664,0.0,70
2018-02-05,424601,8765106,17.154977,17.196514,17.11344,17.154977,-0.207687,174
2018-02-06,795881,16088855,16.94729,16.988827,16.573453,16.698065,-0.456912,354
2018-02-07,255161,5181909,16.864214,16.94729,16.78114,16.78114,0.083075,169
2018-02-08,118003,2379010,16.78114,16.822677,16.698065,16.78114,0.0,69
2018-02-09,347449,6969964,16.61499,16.864214,16.531915,16.864214,0.083074,150
2018-02-12,155621,3146191,16.864214,16.864214,16.698065,16.78114,-0.083074,121
2018-02-21,158860,3228608,16.864214,16.94729,16.822677,16.905752,0.124612,90
2018-02-22,211160,4340867,16.905752,17.238052,16.905752,17.154977,0.249225,113
2018-02-23,215660,4476515,17.154977,17.362664,17.154977,17.279589,0.124612,124
2018-02-26,158660,3309241,17.404202,17.404202,17.279589,17.321127,0.041538,115
2018-02-27,110740,2303375,17.362664,17.362664,17.238052,17.279589,-0.041538,77
2018-03-01,83013,1723973,17.279589,17.279589,17.196514,17.196514,-0.083075,65
2018-03-02,143702,2948827,17.11344,17.154977,16.988827,17.154977,-0.041537,132
2018-03-05,393363,8025523,17.030364,17.196514,16.864214,16.905752,-0.249225,218
2018-03-06,81090,1656556,16.905752,17.071902,16.905752,16.988827,0.083075,49
2018-03-07,56480,1156109,16.988827,17.030364,16.94729,17.030364,0.041537,38
2018-03-08,39163,804138,17.030364,17.071902,17.030364,17.030364,0.0,29
2018-03-09,51064,1048613,17.030364,17.071902,17.030364,17.071902,0.041538,44
2018-03-12,262590,5411190,17.071902,17.154977,17.071902,17.11344,0.041538,115
2018-03-13,182787,3782560,17.154977,17.279589,17.11344,17.238052,0.124612,93
2018-03-14,167573,3484037,17.238052,17.321127,17.238052,17.279589,0.041537,77
2018-03-15,163282,3407612,17.279589,17.362664,17.279589,17.362664,0.083075,76
2018-03-16,212463,4398250,17.404202,17.404202,17.11344,17.11344,-0.249224,89
2018-03-19,201702,4142797,17.154977,17.321127,16.822677,17.11344,0.0,120
2018-03-20,61038,1256427,17.11344,17.154977,17.030364,17.154977,0.041537,46
2018-03-21,162921,3375692,17.196514,17.238052,17.154977,17.196514,0.041537,89
2018-03-22,303559,6325864,17.196514,17.362664,17.196514,17.321127,0.124613,120
2018-03-23,85168,1754261,16.988827,17.196514,16.988827,17.071902,-0.249225,56
2018-03-26,100011,2056620,17.071902,17.196514,17.030364,17.071902,0.0,72
2018-03-27,69529,1436845,17.11344,17.238052,17.11344,17.238052,0.16615,37
2018-03-28,116313,2408044,17.238052,17.238052,17.154977,17.238052,0.0,54
2018-03-29,120200,2483757,17.238052,17.238052,17.154977,17.154977,-0.083075,49
2018-03-30,217105,4482627,17.196514,17.196514,17.11344,17.154977,0.0,98
2018-03-31,116166,2404582,17.238052,17.238052,17.154977,17.196514,0.041537,67
2018-04-02,129600,2688455,17.238052,17.279589,17.196514,17.279589,0.083075,52
2018-04-03,243665,5051223,17.196514,17.321127,17.154977,17.321127,0.041538,77
2018-04-09,96147,1994885,17.321127,17.321127,17.154977,17.279589,-0.041538,45
2018-04-10,417245,8686212,17.279589,17.362664,17.196514,17.362664,0.083075,129
2018-04-11,149542,3124681,17.321127,17.404202,17.321127,17.404202,0.041538,99
2018-04-12,154798,3242129,17.445739,17.445739,17.362664,17.404202,0.0,119
2018-04-13,93501,1956093,17.404202,17.404202,17.362664,17.404202,0.0,42
2018-04-16,208640,4370822,17.362664,17.445739,17.362664,17.362664,-0.041538,72
2018-04-17,182550,3811481,17.404202,17.404202,17.321127,17.321127,-0.041537,69
2018-04-18,48232,1004550,17.321127,17.362664,17.279589,17.321127,0.0,33
2018-04-19,115777,2426726,17.362664,17.487277,17.321127,17.362664,0.041537,63
2018-04-20,133743,2794520,17.321127,17.404202,17.321127,17.362664,0.0,56
2018-04-23,277556,5801728,17.362664,17.404202,17.362664,17.362664,0.0,96
2018-04-24,162304,3384978,17.362664,17.362664,17.279589,17.321127,-0.041537,70
2018-04-25,124030,2581680,17.321127,17.321127,17.279589,17.279589,-0.041538,58
2018-04-26,69465,1448865,17.279589,17.404202,17.279589,17.321127,0.041538,52
2018-04-27,120368,2508683,17.321127,17.362664,17.279589,17.321127,0.0,55
2018-04-30,425158,8824525,17.279589,17.321127,17.154977,17.238052,-0.083075,126
2018-05-02,203205,4215738,17.238052,17.238052,17.196514,17.238052,0.0,79
2018-05-03,90011,1865920,17.238052,17.238052,17.196514,17.238052,0.0,54
2018-05-04,68148,1414844,17.196514,17.279589,17.196514,17.238052,0.0,34
2018-05-07,113168,2350387,17.238052,17.362664,17.238052,17.279589,0.041537,59
2018-05-08,58478,1215943,17.279589,17.321127,17.238052,17.279589,0.0,33
2018-05-09,74505,1549403,17.279589,17.321127,17.238052,17.238052,-0.041537,48
2018-05-10,138565,2874338,17.238052,17.238052,17.196514,17.196514,-0.041538,58
2018-05-11,113486,2358904,17.238052,17.321127,17.196514,17.279589,0.083075,53
2018-05-14,121602,2536269,17.279589,17.404202,17.279589,17.404202,0.124613,59
2018-05-15,66000,1377300,17.404202,17.404202,17.321127,17.362664,-0.041538,35
2018-05-16,336640,7085590,17.321127,17.694964,17.279589,17.528814,0.16615,186
2018-05-17,239225,5036375,17.611889,17.653426,17.362664,17.404202,-0.124612,107
2018-05-18,247480,5202204,17.404202,17.528814,17.404202,17.528814,0.124612,110
2018-05-21,214892,4553907,17.528814,17.653426,17.528814,17.570352,0.041538,110
2018-05-22,219698,4646926,17.611889,17.653426,17.487277,17.653426,0.083074,98
2018-05-23,107001,2257421,17.653426,17.653426,17.445739,17.445739,-0.207687,61
2018-05-24,148400,3131418,17.611889,17.611889,17.445739,17.487277,0.041538,104
2018-05-25,61436,1294256,17.404202,17.570352,17.404202,17.528814,0.041537,32
2018-05-28,126516,2670962,17.528814,17.570352,17.487277,17.570352,0.041538,57
2018-05-29,118970,2496370,17.445739,17.487277,17.404202,17.445739,-0.124613,77
2018-05-30,142591,2971322,17.404202,17.404202,17.279589,17.279589,-0.16615,78
2018-05-31,60204,1253651,17.279589,17.404202,17.238052,17.321127,0.041538,53
2018-06-01,150251,3123893,17.445739,17.445739,17.238052,17.362664,0.041537,79
2018-06-04,120452,2516569,17.362664,17.404202,17.321127,17.362664,0.0,61
2018-06-05,78500,1641050,17.362664,17.404202,17.321127,17.404202,0.041538,35
2018-06-06,105937,2219532,17.362664,17.445739,17.362664,17.445739,0.041537,57
2018-06-07,63631,1333534,17.445739,17.445739,17.362664,17.362664,-0.083075,46
2018-06-08,158202,3316571,17.404202,17.445739,17.404202,17.404202,0.041538,77
2018-06-11,495843,10384311,17.404202,17.445739,17.362664,17.362664,-0.041538,159
2018-06-12,58777,1231434,17.404202,17.445739,17.362664,17.362664,0.0,38
2018-06-13,118630,2480246,17.321127,17.404202,17.321127,17.404202,0.041538,51
2018-06-14,129652,2714456,17.445739,17.445739,17.362664,17.362664,-0.041538,55
2018-06-15,93010,1948211,17.321127,17.445739,17.321127,17.404202,0.041538,42
2018-06-19,188472,3963378,17.362664,17.528814,17.362664,17.487277,0.083075,104
2018-06-20,189450,3991500,17.528814,17.570352,17.404202,17.528814,0.041537,96
2018-06-21,343461,7279017,17.528814,17.694964,17.445739,17.694964,0.16615,154
2018-06-22,134465,2855181,17.694964,17.778039,17.445739,17.653426,-0.041538,59
2018-06-25,302312,6363628,17.611889,17.611889,17.445739,17.528814,-0.124612,118
2018-06-26,120386,2528124,17.487277,17.487277,17.404202,17.487277,-0.041537,67
2018-06-27,117320,2461670,17.445739,17.487277,17.404202,17.445739,-0.041538,69
2018-06-28,116510,2450460,17.445739,17.611889,17.404202,17.445739,0.0,76
2018-06-29,116925,2467775,17.611889,17.653426,17.445739,17.528814,0.083075,57
2018-07-02,132514,2800895,17.570352,17.611889,17.487277,17.611889,0.083075,59
2018-07-03,309222,6522612,17.611889,17.611889,17.445739,17.445739,-0.16615,158
2018-07-04,315201,6320370,17.533406,17.664907,17.489573,17.621073,0.175334,172
2018-07-05,132349,2662430,17.621073,17.664907,17.621073,17.664907,0.043834,76
2018-07-06,194250,3894975,17.664907,17.708741,17.489573,17.621073,-0.043834,123
2018-07-09,76030,1530404,17.57724,17.708741,17.57724,17.664907,0.043834,46
2018-07-10,72001,1451020,17.664907,17.708741,17.621073,17.621073,-0.043834,38
2018-07-11,125001,2510220,17.664907,17.664907,17.57724,17.621073,0.0,36
2018-07-12,67320,1356046,17.708741,17.708741,17.621073,17.664907,0.043834,34
2018-07-13,96067,1941620,17.664907,17.752574,17.664907,17.752574,0.087667,44
2018-07-16,104009,2112583,17.752574,17.840241,17.752574,17.840241,0.087667,56
2018-07-17,89091,1811585,17.884075,17.884075,17.752574,17.840241,0.0,52
2018-07-18,65002,1319140,17.840241,17.840241,17.752574,17.752574,-0.087667,46
2018-07-19,55011,1115672,17.796407,17.840241,17.708741,17.796407,0.043833,31
2018-07-20,104161,2110318,17.708741,17.884075,17.708741,17.884075,0.087668,77
2018-07-23,23334,476145,17.884075,17.927908,17.796407,17.884075,0.0,24
2018-07-24,55960,1135437,17.752574,17.840241,17.752574,17.840241,-0.043834,38
2018-07-25,33168,674968,17.796407,17.884075,17.796407,17.796407,-0.043834,27
2018-07-26,82869,1685839,17.840241,17.884075,17.796407,17.840241,0.043834,43
2018-07-27,35670,725280,17.840241,17.840241,17.796407,17.840241,0.0,26
2018-07-30,57735,1171966,17.840241,17.884075,17.752574,17.796407,-0.043834,45
2018-07-31,33590,682567,17.796407,17.840241,17.752574,17.840241,0.043834,28
2018-08-01,108409,2199938,17.884075,17.884075,17.752574,17.796407,-0.043834,57
2018-08-02,153661,3104783,17.796407,17.840241,17.664907,17.708741,-0.087666,93
2018-08-03,165600,3364669,17.752574,17.884075,17.708741,17.840241,0.1315,58
2018-08-06,53872,1094999,17.840241,17.840241,17.752574,17.840241,0.0,37
2018-08-07,197105,4005490,17.840241,17.884075,17.708741,17.796407,-0.043834,60
2018-08-08,370051,7481437,17.840241,17.884075,17.57724,17.796407,0.0,106
2018-08-09,95793,1945817,17.796407,17.884075,17.752574,17.796407,0.0,53
2018-08-10,99999,2030978,17.796407,17.840241,17.752574,17.840241,0.043834,63
2018-08-13,189214,3826822,17.840241,17.840241,17.664907,17.664907,-0.175334,96
2018-08-14,101874,2055352,17.708741,17.752574,17.664907,17.708741,0.043834,63
2018-08-15,82886,1669800,17.621073,17.708741,17.621073,17.708741,0.0,52
2018-08-16,51303,1035597,17.708741,17.708741,17.664907,17.708741,0.0,45
2018-08-17,50841,1029070,17.664907,17.796407,17.664907,17.796407,0.087666,35
2018-08-20,102002,2073290,17.796407,17.884075,17.708741,17.840241,0.043834,67
2018-08-21,119068,2409993,17.840241,17.840241,17.708741,17.796407,-0.043834,61
2018-08-22,170320,3444826,17.840241,17.840241,17.664907,17.752574,-0.043833,173
2018-08-23,29150,589929,17.752574,17.752574,17.708741,17.752574,0.0,26
2018-08-24,66010,1334154,17.708741,17.752574,17.708741,17.752574,0.0,37
2018-08-27,69400,1406269,17.752574,17.840241,17.708741,17.752574,0.0,42
2018-08-28,51404,1043198,17.796407,17.840241,17.752574,17.796407,0.043833,36
2018-08-29,124300,2525028,17.796407,17.884075,17.752574,17.884075,0.087668,82
2018-08-30,72759,1480333,17.884075,17.884075,17.796407,17.796407,-0.087668,60
2018-08-31,153300,3123488,17.840241,17.927908,17.796407,17.840241,0.043834,68
2018-09-03,217302,4444637,17.884075,18.059409,17.840241,17.971741,0.1315,104
2018-09-04,209935,4324602,17.971741,18.190909,17.971741,18.190909,0.219168,122
2018-09-05,143807,2980692,18.190909,18.234742,18.103242,18.147076,-0.043833,107
2018-09-06,89509,1844229,18.147076,18.190909,17.971741,18.059409,-0.087667,83
2018-09-07,96251,1973416,18.015575,18.015575,17.884075,18.015575,-0.043834,59
2018-09-10,154201,3133748,18.015575,18.015575,17.752574,17.884075,-0.1315,107
2018-09-11,75550,1531389,17.796407,17.971741,17.708741,17.840241,-0.043834,52
2018-09-12,41645,846474,17.840241,17.884075,17.796407,17.840241,0.0,37
2018-09-13,188230,3820488,17.796407,17.884075,17.708741,17.884075,0.043834,92
2018-09-14,52800,1078017,17.884075,17.927908,17.884075,17.884075,0.0,38
2018-09-17,54003,1102360,17.884075,17.927908,17.884075,17.927908,0.043833,39
2018-09-18,41722,854006,17.927908,17.971741,17.884075,17.971741,0.043833,50
2018-09-19,242527,5024594,17.971741,18.366243,17.971741,18.32241,0.350669,186
2018-09-20,134201,2777980,18.278576,18.278576,18.059409,18.103242,-0.219168,109
2018-09-21,118519,2444515,18.103242,18.103242,18.015575,18.103242,0.0,77
2018-09-25,163033,3351436,18.103242,18.103242,17.884075,18.015575,-0.087667,70
2018-09-26,46774,964680,18.015575,18.147076,18.015575,18.103242,0.087667,34
2018-09-27,91889,1900511,18.103242,18.234742,18.059409,18.190909,0.087667,55
2018-09-28,276150,5751223,18.190909,18.32241,18.190909,18.234742,0.043833,129
2018-10-01,122016,2536378,18.366243,18.366243,18.147076,18.278576,0.043834,63
2018-10-02,65000,1350546,18.32241,18.32241,18.190909,18.234742,-0.043834,33
2018-10-03,57650,1192719,18.147076,18.234742,18.103242,18.103242,-0.1315,42
2018-10-04,184726,3805452,18.015575,18.103242,18.015575,18.059409,-0.043833,78
2018-10-05,193850,3968515,18.059409,18.059409,17.884075,18.015575,-0.043834,83
2018-10-08,137550,2833176,18.147076,18.147076,18.015575,18.059409,0.043834,51
2018-10-09,156464,3244349,17.971741,18.278576,17.971741,18.234742,0.175333,94
2018-10-11,355150,7161427,17.533406,17.884075,17.533406,17.708741,-0.526001,183
2018-10-12,276502,5565638,17.708741,17.708741,17.533406,17.708741,0.0,202
2018-10-15,149148,3007529,17.884075,17.884075,17.621073,17.621073,-0.087668,102
2018-10-16,169005,3397750,17.752574,17.752574,17.57724,17.57724,-0.043833,99
2018-10-17,172793,3464085,17.57724,17.752574,17.533406,17.533406,-0.043834,132
2018-10-18,217876,4350761,17.57724,17.621073,17.445739,17.445739,-0.087667,169
2018-10-19,184160,3654483,17.445739,17.489573,17.314239,17.401906,-0.043833,104
2018-10-22,90249,1791053,17.358072,17.489573,17.358072,17.489573,0.087667,48
2018-10-23,194030,3858988,17.445739,17.489573,17.358072,17.358072,-0.131501,115
2018-10-24,68001,1346620,17.358072,17.401906,17.358072,17.358072,0.0,38
2018-10-25,126708,2488406,17.358072,17.358072,17.138905,17.358072,0.0,97
2018-10-26,94362,1857244,17.358072,17.445739,17.182738,17.314239,-0.043833,69
2018-10-29,40640,803005,17.314239,17.401906,17.226571,17.401906,0.087667,29
2018-10-30,138683,2740240,17.401906,17.445739,17.270406,17.445739,0.043833,71
2018-10-31,75487,1500814,17.489573,17.489573,17.358072,17.445739,0.0,49
2018-11-01,44580,887216,17.445739,17.533406,17.314239,17.533406,0.087667,28
2018-11-02,156169,3116495,17.533406,17.533406,17.401906,17.489573,-0.043833,59
2018-11-05,64070,1268365,17.445739,17.489573,17.314239,17.489573,0.0,28
2018-11-06,39800,791228,17.489573,17.489573,17.401906,17.401906,-0.087667,20
2018-11-07,115500,2308700,17.401906,17.57724,17.358072,17.533406,0.1315,115
2018-11-08,93160,1874414,17.57724,17.708741,17.57724,17.621073,0.087667,45
2018-11-09,34800,698850,17.621073,17.708741,17.57724,17.621073,0.0,20
2018-11-12,34001,682470,17.621073,17.664907,17.533406,17.664907,0.043834,18
2018-11-13,57250,1144723,17.489573,17.621073,17.489573,17.621073,-0.043834,37
2018-11-14,43160,863997,17.533406,17.621073,17.533406,17.57724,-0.043833,28
2018-11-15,56010,1117163,17.533406,17.57724,17.314239,17.57724,0.0,25
2018-11-16,72858,1456558,17.533406,17.57724,17.489573,17.489573,-0.087667,38
2018-11-19,38003,760010,17.489573,17.57724,17.489573,17.57724,0.087667,21
2018-11-20,40217,802108,17.445739,17.57724,17.401906,17.57724,0.0,32
2018-11-21,50820,1013617,17.489573,17.57724,17.445739,17.57724,0.0,22
2018-11-22,33007,658940,17.57724,17.57724,17.489573,17.533406,-0.043834,22
2018-11-23,100911,2011242,17.489573,17.533406,17.445739,17.445739,-0.087667,52
2018-11-26,63016,1266770,17.489573,17.708741,17.445739,17.445739,0.0,56
2018-11-27,32001,639670,17.489573,17.533406,17.489573,17.533406,0.087667,20
2018-11-28,47680,954000,17.533406,17.57724,17.533406,17.57724,0.043834,26
2018-11-29,72008,1442208,17.533406,17.621073,17.533406,17.57724,0.0,30
2018-11-30,110011,2201670,17.533406,17.621073,17.489573,17.489573,-0.087667,47
2018-12-03,99160,1980462,17.57724,17.621073,17.489573,17.533406,0.043833,56
2018-12-04,79072,1577451,17.489573,17.533406,17.445739,17.533406,0.0,57
2018-12-05,125567,2497645,17.533406,17.533406,17.401906,17.489573,-0.043833,60
2018-12-06,95117,1889777,17.445739,17.489573,17.358072,17.445739,-0.043834,72
2018-12-07,48000,953550,17.401906,17.489573,17.401906,17.445739,0.0,26
2018-12-10,70056,1394770,17.445739,17.489573,17.401906,17.401906,-0.043833,38
2018-12-11,38005,756900,17.401906,17.533406,17.401906,17.445739,0.043833,21
2018-12-12,66549,1324645,17.445739,17.489573,17.401906,17.489573,0.043834,28
2018-12-13,57360,1143656,17.489573,17.533406,17.445739,17.533406,0.043833,37
2018-12-14,55600,1110258,17.489573,17.533406,17.445739,17.533406,0.0,29
2018-12-17,71065,1415140,17.489573,17.533406,17.445739,17.445739,-0.087667,35
2018-12-18,186618,3703022,17.401906,17.445739,17.358072,17.358072,-0.087667,115
2018-12-19,127113,2516605,17.358072,17.445739,17.314239,17.401906,0.043834,107
2018-12-20,58301,1159356,17.533406,17.533406,17.358072,17.358072,-0.043834,32
2018-12-21,157160,3120260,17.358072,17.533406,17.314239,17.489573,0.131501,52
2018-12-22,23100,458577,17.401906,17.489573,17.358072,17.489573,0.0,16
2018-12-24,282866,5578299,17.358072,17.57724,17.226571,17.314239,-0.175334,125
2018-12-25,303160,5936580,17.270406,17.270406,17.095071,17.270406,-0.043833,137
2018-12-26,314921,6144097,17.270406,17.270406,17.051237,17.182738,-0.087668,137
2018-12-27,300244,5844215,17.314239,17.314239,16.919737,17.226571,0.043833,122
2018-12-28,235347,4564732,17.226571,17.226571,16.875904,17.138905,-0.087666,129
2019-01-02,41160,804568,17.182738,17.182738,17.051237,17.138905,0.0,45
2019-01-03,41977,820892,17.095071,17.226571,17.095071,17.226571,0.087666,33
2019-01-04,34060,667019,17.226571,17.226571,17.138905,17.182738,-0.043833,42
2019-01-07,85634,1683074,17.270406,17.270406,17.182738,17.270406,0.087668,63
2019-01-08,34023,671606,17.270406,17.358072,17.226571,17.358072,0.087666,33
2019-01-09,77933,1544463,17.401906,17.445739,17.314239,17.445739,0.087667,67
2019-01-10,100217,1985659,17.358072,17.489573,17.270406,17.489573,0.043834,54
2019-01-11,132562,2614624,17.489573,17.489573,17.182738,17.314239,-0.175334,99
2019-01-14,114661,2255215,17.401906,17.401906,17.138905,17.226571,-0.087668,82
2019-01-15,25022,492430,17.226571,17.314239,17.226571,17.314239,0.087668,26
2019-01-16,114321,2242736,17.270406,17.270406,17.182738,17.226571,-0.087668,107
2019-01-17,102785,2015608,17.226571,17.270406,17.138905,17.226571,0.0,80
2019-01-18,79206,1555197,17.270406,17.270406,17.138905,17.270406,0.043835,54
2019-01-21,89653,1765354,17.270406,17.358072,17.138905,17.358072,0.087666,66
2019-01-22,232335,4554448,17.314239,17.314239,17.138905,17.226571,-0.131501,75
2019-01-23,23225,456262,17.182738,17.270406,17.182738,17.226571,0.0,46
2019-01-24,59820,1174401,17.226571,17.270406,17.138905,17.226571,0.0,47
2019-01-25,103344,2034151,17.270406,17.314239,17.226571,17.314239,0.087668,64
2019-01-28,18164,358161,17.270406,17.314239,17.270406,17.314239,0.0,72
2019-01-29,26086,513874,17.270406,17.314239,17.226571,17.314239,0.0,58
2019-01-30,61011,1204160,17.314239,17.358072,17.270406,17.314239,0.0,43
2019-02-11,42559,840555,17.314239,17.358072,17.270406,17.358072,0.043833,79
2019-02-12,45082,891424,17.358072,17.358072,17.314239,17.358072,0.0,41
2019-02-13,49736,984679,17.358072,17.401906,17.314239,17.401906,0.043834,56
2019-02-14,85198,1698176,17.401906,17.489573,17.401906,17.489573,0.087667,66
2019-02-15,48700,971983,17.489573,17.533406,17.445739,17.489573,0.0,51
2019-02-18,141800,2839822,17.489573,17.621073,17.489573,17.621073,0.1315,108
2019-02-19,49178,986944,17.621073,17.621073,17.489573,17.57724,-0.043833,63
2019-02-20,85100,1704775,17.57724,17.621073,17.533406,17.621073,0.043833,59
2019-02-21,68013,1362373,17.621073,17.621073,17.533406,17.533406,-0.087667,52
2019-02-22,13672,274160,17.533406,17.621073,17.533406,17.621073,0.087667,47
2019-02-25,92600,1854000,17.621073,17.621073,17.489573,17.489573,-0.1315,126
2019-02-26,123025,2452876,17.533406,17.621073,17.401906,17.621073,0.1315,64
2019-02-27,91489,1831430,17.621073,17.621073,17.489573,17.533406,-0.087667,101
2019-03-04,86033,1718826,17.533406,17.621073,17.445739,17.489573,-0.043833,81
2019-03-05,58641,1169991,17.489573,17.57724,17.445739,17.489573,0.0,85
2019-03-06,66561,1331112,17.489573,17.533406,17.489573,17.533406,0.043833,111
2019-03-07,74132,1482904,17.533406,17.57724,17.489573,17.533406,0.0,131
2019-03-08,52100,1042559,17.533406,17.57724,17.533406,17.533406,0.0,77
2019-03-11,62105,1242800,17.533406,17.57724,17.489573,17.57724,0.043834,141
2019-03-12,81138,1628158,17.57724,17.621073,17.533406,17.621073,0.043833,154
2019-03-13,116031,2324970,17.57724,17.621073,17.533406,17.57724,-0.043833,70
2019-03-14,124523,2493210,17.57724,17.621073,17.533406,17.621073,0.043833,110
2019-03-15,126964,2546822,17.533406,17.664907,17.533406,17.664907,0.043834,64
2019-03-18,125183,2517033,17.664907,17.664907,17.533406,17.664907,0.0,163
2019-03-19,116620,2346764,17.664907,17.708741,17.57724,17.664907,0.0,113
2019-03-20,115765,2330441,17.664907,17.664907,17.621073,17.664907,0.0,134
2019-03-21,89962,1814732,17.664907,17.708741,17.664907,17.664907,0.0,76
2019-03-22,166082,3371505,17.796407,17.884075,17.708741,17.752574,0.087667,123
2019-03-25,148183,3013937,17.621073,17.971741,17.621073,17.840241,0.087667,113
2019-03-26,43480,882126,17.708741,17.840241,17.708741,17.796407,-0.043834,119
2019-03-27,97062,1962450,17.796407,17.796407,17.708741,17.708741,-0.087666,83
2019-03-28,163026,3291468,17.752574,17.752574,17.621073,17.664907,-0.043834,94
2019-03-29,281017,5629136,17.664907,17.664907,17.533406,17.621073,-0.043834,120
2019-04-01,97926,1969802,17.664907,17.708741,17.621073,17.621073,0.0,120
2019-04-02,123160,2473500,17.621073,17.664907,17.533406,17.664907,0.043834,64
2019-04-03,50175,1010100,17.621073,17.664907,17.57724,17.664907,0.0,60
2019-04-08,124489,2503649,17.664907,17.708741,17.57724,17.621073,-0.043834,103
2019-04-09,85600,1723603,17.621073,17.752574,17.621073,17.752574,0.131501,95
2019-04-10,74840,1508469,17.708741,17.708741,17.621073,17.664907,-0.087667,92
2019-04-11,96206,1939667,17.664907,17.752574,17.621073,17.708741,0.043834,96
2019-04-12,83280,1675375,17.621073,17.664907,17.621073,17.621073,-0.087668,51
2019-04-15,73217,1473409,17.664907,17.708741,17.621073,17.664907,0.043834,50
2019-04-16,113720,2290106,17.621073,17.752574,17.533406,17.664907,0.0,52
2019-04-17,133481,2708837,17.621073,17.971741,17.621073,17.796407,0.1315,119
2019-04-18,74888,1514187,17.796407,17.796407,17.621073,17.621073,-0.175334,87
2019-04-19,57389,1155853,17.621073,17.752574,17.621073,17.708741,0.087668,47
2019-04-22,52846,1074013,17.927908,17.927908,17.708741,17.840241,0.1315,38
2019-04-23,28661,581766,17.708741,17.840241,17.708741,17.840241,0.0,22
2019-04-24,39002,790690,17.796407,17.840241,17.752574,17.796407,-0.043834,26
2019-04-25,86166,1739426,17.708741,17.796407,17.621073,17.708741,-0.087666,60
2019-04-26,19187,387365,17.708741,17.708741,17.664907,17.708741,0.0,22
2019-04-29,123985,2498345,17.621073,17.752574,17.621073,17.708741,0.0,59
2019-04-30,76802,1549448,17.708741,17.752574,17.621073,17.752574,0.043833,36
2019-05-02,217491,4379467,17.708741,17.752574,17.621073,17.752574,0.0,75
2019-05-03,77901,1571003,17.621073,17.752574,17.621073,17.664907,-0.087667,49
2019-05-06,174495,3509472,17.664907,17.664907,17.57724,17.621073,-0.043834,84
2019-05-07,77506,1558291,17.621073,17.664907,17.57724,17.621073,0.0,51
2019-05-08,93774,1887392,17.621073,17.664907,17.621073,17.664907,0.043834,53
2019-05-09,135664,2726079,17.621073,17.664907,17.57724,17.664907,0.0,76
2019-05-10,115106,2318284,17.621073,17.708741,17.621073,17.664907,0.0,65
2019-05-13,138059,2778737,17.664907,17.708741,17.57724,17.664907,0.0,68
2019-05-14,100752,2020151,17.533406,17.664907,17.533406,17.664907,0.0,58
2019-05-15,46004,927730,17.664907,17.708741,17.57724,17.708741,0.043834,31
2019-05-16,71886,1450346,17.708741,17.708741,17.57724,17.621073,-0.087668,59
2019-05-17,181200,3648930,17.57724,17.708741,17.57724,17.57724,-0.043833,110
2019-05-20,270629,5460852,17.57724,17.752574,17.57724,17.752574,0.175334,146
2019-05-21,118324,2391126,17.708741,17.752574,17.664907,17.752574,0.0,67
2019-05-22,137160,2781280,17.752574,17.840241,17.708741,17.840241,0.087667,88
2019-05-23,113251,2304306,17.796407,17.884075,17.796407,17.840241,0.0,63
2019-05-24,90002,1835090,17.884075,17.884075,17.752574,17.884075,0.043834,53
2019-05-27,107301,2191009,17.840241,17.927908,17.840241,17.927908,0.043833,76
2019-05-28,151301,3086790,17.927908,17.927908,17.796407,17.884075,-0.043833,63
2019-05-29,237000,4846500,17.884075,17.971741,17.840241,17.971741,0.087666,116
2019-05-30,166016,3369674,17.971741,17.971741,17.57724,17.927908,-0.043833,104
2019-05-31,121167,2477255,17.927908,17.971741,17.884075,17.971741,0.043833,88
2019-06-03,174563,3566910,17.884075,17.971741,17.884075,17.927908,-0.043833,100
2019-06-04,167544,3431795,17.927908,18.059409,17.884075,17.971741,0.043833,51
2019-06-05,44881,918182,17.971741,17.971741,17.927908,17.927908,-0.043833,38
2019-06-06,97775,1998897,17.927908,17.971741,17.884075,17.927908,0.0,48
2019-06-10,106149,2169196,17.927908,17.927908,17.884075,17.927908,0.0,44
2019-06-11,149928,3065701,17.927908,17.971741,17.884075,17.971741,0.043833,61
2019-06-12,75523,1545495,17.927908,17.971741,17.884075,17.927908,-0.043833,32
2019-06-13,239804,4910050,17.927908,18.015575,17.840241,18.015575,0.087667,152
2019-06-14,85124,1747733,17.971741,18.059409,17.971741,18.059409,0.043834,60
2019-06-17,118527,2431828,17.971741,18.059409,17.971741,18.015575,-0.043834,42
2019-06-18,71861,1474649,18.015575,18.015575,17.971741,18.015575,0.0,46
2019-06-19,101900,2096049,18.015575,18.059409,17.971741,18.059409,0.043834,51
2019-06-20,175594,3616824,18.059409,18.103242,18.015575,18.059409,0.0,128
2019-06-21,159503,3286984,18.059409,18.103242,18.059409,18.103242,0.043833,81
2019-06-24,73323,1512854,18.059409,18.103242,18.059409,18.103242,0.0,73
2019-06-25,117004,2411380,18.059409,18.103242,18.059409,18.103242,0.0,55
2019-06-26,84458,1740684,18.103242,18.103242,18.059409,18.103242,0.0,42
2019-06-27,162251,3348830,18.103242,18.147076,18.059409,18.147076,0.043834,82
2019-06-28,127586,2628933,18.059409,18.147076,18.015575,18.059409,-0.087667,68
2019-07-01,118354,2448390,18.147076,18.190909,18.103242,18.147076,0.087667,68
2019-07-02,168570,3485845,18.190909,18.190909,18.103242,18.147076,0.0,67
2019-07-03,657760,13579491,18.147076,18.147076,18.059409,18.103242,-0.043834,162
2019-07-04,281585,5605403,18.194904,18.332397,18.194904,18.286566,0.183324,185
2019-07-05,141208,2824278,18.286566,18.46989,18.240735,18.424059,0.137493,71
2019-07-08,93699,1880732,18.424059,18.46989,18.378228,18.46989,0.045831,52
2019-07-09,56676,1138152,18.424059,18.46989,18.378228,18.46989,0.0,33
2019-07-10,99261,1995109,18.424059,18.46989,18.378228,18.46989,0.0,39
2019-07-11,161858,3255794,18.46989,18.46989,18.378228,18.424059,-0.045831,73
2019-07-12,75572,1519944,18.424059,18.46989,18.424059,18.46989,0.045831,38
2019-07-15,188004,3781227,18.46989,18.46989,18.424059,18.46989,0.0,59
2019-07-16,130001,2620120,18.515721,18.515721,18.46989,18.515721,0.045831,33
2019-07-17,215306,4345989,18.46989,18.607383,18.424059,18.424059,-0.091662,103
2019-07-18,73522,1485141,18.515721,18.561552,18.46989,18.561552,0.137493,33
2019-07-19,47600,961508,18.46989,18.561552,18.46989,18.561552,0.0,37
2019-07-22,93483,1887879,18.515721,18.515721,18.46989,18.515721,-0.045831,50
2019-07-23,53925,1087636,18.561552,18.561552,18.46989,18.46989,-0.045831,29
2019-07-24,68153,1373210,18.46989,18.46989,18.424059,18.46989,0.0,34
2019-07-25,129480,2602700,18.46989,18.46989,18.378228,18.46989,0.0,58
2019-07-26,45227,909740,18.46989,18.515721,18.424059,18.424059,-0.045831,32
2019-07-29,84394,1693518,18.378228,18.46989,18.378228,18.46989,0.045831,31
2019-07-30,42818,861339,18.46989,18.46989,18.424059,18.46989,0.0,43
2019-07-31,59095,1189950,18.515721,18.515721,18.424059,18.46989,0.0,35
2019-08-01,103805,2086526,18.424059,18.515721,18.378228,18.515721,0.045831,43
2019-08-02,108203,2173689,18.378228,18.424059,18.378228,18.378228,-0.137493,36
2019-08-05,64096,1286377,18.378228,18.424059,18.378228,18.378228,0.0,41
2019-08-06,417360,8357400,18.332397,18.515721,18.286566,18.378228,0.0,117
2019-08-07,23867,478981,18.424059,18.424059,18.378228,18.378228,0.0,28
2019-08-08,79857,1602478,18.378228,18.424059,18.378228,18.424059,0.045831,48
2019-08-12,57600,1156907,18.378228,18.46989,18.378228,18.424059,0.0,42
2019-08-13,39001,783420,18.46989,18.46989,18.378228,18.424059,0.0,29
2019-08-14,327133,6652048,18.46989,18.882369,18.378228,18.607383,0.183324,130
2019-08-15,48482,976935,18.515721,18.515721,18.424059,18.515721,-0.091662,37
2019-08-16,31046,627281,18.515721,18.561552,18.46989,18.561552,0.045831,21
2019-08-19,72280,1462074,18.561552,18.607383,18.515721,18.561552,0.0,37
2019-08-20,12465,252538,18.561552,18.607383,18.515721,18.607383,0.045831,16
2019-08-21,45041,909729,18.561552,18.561552,18.46989,18.46989,-0.137493,35
2019-08-22,26001,524770,18.46989,18.561552,18.46989,18.561552,0.091662,21
2019-08-23,36040,725750,18.424059,18.515721,18.424059,18.515721,-0.045831,19
2019-08-26,67624,1359380,18.378228,18.46989,18.378228,18.424059,-0.091662,51
2019-08-27,25834,519786,18.46989,18.46989,18.424059,18.424059,0.0,23
2019-08-28,22286,448910,18.424059,18.515721,18.424059,18.515721,0.091662,24
2019-08-29,93330,1882163,18.515721,18.515721,18.424059,18.515721,0.0,50
2019-08-30,195584,3949490,18.515721,18.561552,18.424059,18.515721,0.0,63
2019-09-02,83392,1677817,18.424059,18.515721,18.424059,18.46989,-0.045831,51
2019-09-03,99118,2002532,18.46989,18.561552,18.46989,18.561552,0.091662,44
2019-09-04,158160,3189053,18.561552,18.607383,18.424059,18.561552,0.0,51
2019-09-05,158004,3183630,18.515721,18.561552,18.424059,18.515721,-0.045831,40
2019-09-06,225219,4540516,18.515721,18.561552,18.424059,18.561552,0.045831,54
2019-09-09,220481,4443139,18.561552,18.607383,18.424059,18.46989,-0.091662,79
2019-09-10,193920,3900531,18.561552,18.561552,18.378228,18.515721,0.045831,83
2019-09-11,305754,6152530,18.515721,18.515721,18.424059,18.515721,0.0,116
2019-09-12,263375,5298573,18.46989,18.515721,18.378228,18.515721,0.0,105
2019-09-16,130817,2643549,18.515721,18.561552,18.515721,18.515721,0.0,65
2019-09-17,83637,1690203,18.561552,18.561552,18.515721,18.561552,0.045831,32
2019-09-18,213102,4313264,18.561552,18.607383,18.515721,18.607383,0.045831,117
2019-09-19,121302,2450799,18.561552,18.561552,18.515721,18.515721,-0.091662,53
2019-09-20,144740,2923894,18.515721,18.561552,18.46989,18.515721,0.0,57
2019-09-23,442158,8937840,18.515721,18.607383,18.515721,18.561552,0.045831,71
2019-09-24,311011,6283171,18.561552,18.607383,18.515721,18.561552,0.0,72
2019-09-25,145148,2935196,18.561552,18.561552,18.46989,18.561552,0.0,36
2019-09-26,200411,4049611,18.561552,18.561552,18.46989,18.561552,0.0,50
2019-09-27,238001,4813570,18.607383,18.607383,18.46989,18.561552,0.0,75
2019-10-01,343617,6954700,18.607383,18.607383,18.46989,18.561552,0.0,63
2019-10-02,321646,6500797,18.515721,18.607383,18.46989,18.607383,0.045831,74
2019-10-03,487267,9855991,18.561552,18.790707,18.46989,18.653214,0.045831,96
2019-10-04,565909,11474667,18.653214,18.653214,18.515721,18.515721,-0.137493,110
2019-10-07,329837,6675029,18.515721,18.653214,18.515721,18.653214,0.137493,66
2019-10-08,253458,5140303,18.607383,18.607383,18.561552,18.561552,-0.091662,91
2019-10-09,163209,3305081,18.561552,18.607383,18.515721,18.607383,0.045831,27
2019-10-14,118141,2404558,18.607383,18.699045,18.607383,18.699045,0.091662,87
2019-10-15,25465,518608,18.653214,18.699045,18.653214,18.699045,0.0,31
2019-10-16,120405,2459011,18.653214,18.790707,18.607383,18.744876,0.045831,103
2019-10-17,145739,2979224,18.699045,18.790707,18.699045,18.744876,0.0,90
2019-10-18,90179,1842732,18.836538,18.836538,18.607383,18.607383,-0.137493,71
2019-10-21,113443,2328229,18.744876,18.882369,18.699045,18.836538,0.229155,83
2019-10-22,69864,1437710,18.836538,18.882369,18.836538,18.882369,0.045831,47
2019-10-23,53065,1091432,18.882369,18.882369,18.836538,18.882369,0.0,40
2019-10-24,115406,2368811,18.790707,18.882369,18.699045,18.882369,0.0,73
2019-10-25,64040,1313330,18.836538,18.882369,18.744876,18.882369,0.0,34
2019-10-28,74959,1534307,18.882369,18.882369,18.744876,18.744876,-0.137493,44
2019-10-29,15051,308995,18.790707,18.836538,18.790707,18.790707,0.045831,15
2019-10-30,72420,1484766,18.790707,18.836538,18.744876,18.836538,0.045831,42
2019-10-31,51601,1059810,18.836538,18.836538,18.790707,18.836538,0.0,20
2019-11-01,34457,707418,18.790707,18.836538,18.790707,18.790707,-0.045831,23
2019-11-04,180089,3700212,18.836538,18.882369,18.790707,18.882369,0.091662,67
2019-11-05,57153,1174382,18.836538,18.882369,18.790707,18.882369,0.0,49
2019-11-06,119384,2449831,18.699045,18.882369,18.699045,18.790707,-0.091662,84
2019-11-07,159106,3271260,18.882369,18.9282,18.790707,18.882369,0.091662,75
2019-11-08,73630,1519657,18.882369,18.974031,18.882369,18.9282,0.045831,56
2019-11-11,53198,1094118,18.882369,18.882369,18.790707,18.790707,-0.137493,36
2019-11-12,144738,2971001,18.882369,18.9282,18.744876,18.882369,0.091662,62
2019-11-13,59980,1235439,18.9282,18.9282,18.790707,18.882369,0.0,31
2019-11-14,98422,2024151,18.882369,18.882369,18.790707,18.790707,-0.091662,49
2019-11-15,152280,3129032,18.836538,18.882369,18.790707,18.790707,0.0,52
2019-11-18,107473,2207495,18.790707,18.882369,18.790707,18.836538,0.045831,58
2019-11-19,168176,3463156,18.882369,18.882369,18.836538,18.882369,0.045831,95
2019-11-20,165592,3417043,18.882369,19.065693,18.882369,18.974031,0.091662,72
2019-11-21,148507,3080019,18.974031,19.065693,18.974031,19.019862,0.045831,71
2019-11-22,125950,2614363,19.019862,19.111524,18.974031,19.065693,0.045831,66
2019-11-25,120450,2508859,19.065693,19.111524,19.065693,19.065693,0.0,54
2019-11-26,121460,2532040,19.111524,19.111524,19.065693,19.111524,0.045831,57
2019-11-27,96185,2004355,19.111524,19.157355,19.065693,19.111524,0.0,48
2019-11-28,43300,903652,19.111524,19.157355,19.111524,19.157355,0.045831,27
2019-11-29,71003,1478613,19.157355,19.157355,19.065693,19.065693,-0.091662,36
2019-12-02,66102,1373369,19.065693,19.065693,18.974031,18.974031,-0.091662,34
2019-12-03,56551,1172904,18.974031,19.065693,18.974031,19.065693,0.091662,29
2019-12-04,63322,1315146,19.019862,19.065693,18.974031,18.974031,-0.091662,28
2019-12-05,79479,1646264,18.974031,19.065693,18.974031,18.974031,0.0,41
2019-12-06,49161,1019981,18.974031,19.065693,18.974031,19.065693,0.091662,31
2019-12-09,109813,2279584,19.065693,19.065693,18.974031,19.019862,-0.045831,81
2019-12-10,62947,1305496,18.974031,19.065693,18.974031,19.019862,0.0,55
2019-12-11,171385,3559935,19.019862,19.065693,19.019862,19.019862,0.0,95
2019-12-12,77322,1608364,19.019862,19.111524,19.019862,19.065693,0.045831,63
2019-12-13,107101,2231899,19.111524,19.157355,19.065693,19.157355,0.091662,54
2019-12-16,157774,3300595,19.111524,19.203186,19.111524,19.203186,0.045831,129
2019-12-17,413416,8680066,19.203186,19.294848,19.203186,19.249017,0.045831,161
2019-12-18,190086,3989295,19.249017,19.294848,19.203186,19.294848,0.045831,123
2019-12-19,84426,1772752,19.294848,19.294848,19.203186,19.203186,-0.091662,45
2019-12-20,82795,1732545,19.203186,19.203186,19.157355,19.203186,0.0,50
2019-12-23,47572,995646,19.157355,19.203186,19.111524,19.203186,0.0,26
2019-12-24,64611,1352005,19.203186,19.203186,19.157355,19.203186,0.0,35
2019-12-25,120570,2528305,19.203186,19.249017,19.203186,19.249017,0.045831,52
2019-12-26,64980,1361869,19.249017,19.249017,19.157355,19.249017,0.0,52
2019-12-27,50208,1052224,19.203186,19.249017,19.203186,19.249017,0.0,34
2019-12-30,145591,3045711,19.203186,19.249017,19.111524,19.157355,-0.091662,63
2019-12-31,45702,955599,19.157355,19.203186,19.111524,19.157355,0.0,37
2020-01-02,145821,3052023,19.157355,19.203186,19.157355,19.157355,0.0,87
2020-01-03,87727,1836097,19.157355,19.203186,19.157355,19.157355,0.0,67
2020-01-06,128476,2675394,19.157355,19.157355,19.019862,19.111524,-0.045831,61
2020-01-07,190916,3968709,19.111524,19.157355,19.019862,19.065693,-0.045831,84
2020-01-08,59390,1229720,18.974031,19.065693,18.882369,19.065693,0.0,48
2020-01-09,91912,1912424,19.019862,19.203186,19.019862,19.111524,0.045831,56
2020-01-10,67415,1402779,19.111524,19.157355,19.019862,19.065693,-0.045831,44
2020-01-13,190740,3987719,19.065693,19.203186,19.065693,19.111524,0.045831,84
2020-01-14,223183,4673401,19.249017,19.249017,19.157355,19.203186,0.091662,73
2020-01-15,89508,1874409,19.249017,19.249017,19.111524,19.203186,0.0,59
2020-01-16,119099,2491161,19.157355,19.203186,19.111524,19.157355,-0.045831,61
2020-01-17,112092,2341613,19.157355,19.203186,19.111524,19.157355,0.0,69
2020-01-20,197644,4142085,19.157355,19.249017,19.157355,19.249017,0.091662,108
2020-01-30,460418,9501397,19.065693,19.065693,18.790707,19.065693,-0.183324,222
2020-01-31,381434,7867372,18.836538,19.111524,18.836538,19.111524,0.045831,196
2020-02-03,359369,7374838,18.699045,18.9282,18.699045,18.882369,-0.229155,161
2020-02-04,509201,10493349,18.9282,19.019862,18.836538,18.974031,0.091662,197
2020-02-05,107574,2220942,18.974031,19.019862,18.882369,19.019862,0.045831,71
2020-02-06,141106,2932276,19.019862,19.111524,18.974031,19.065693,0.045831,78
2020-02-07,155526,3222535,19.019862,19.065693,18.882369,19.019862,-0.045831,133
2020-02-10,394116,8131586,18.9282,19.019862,18.882369,18.9282,-0.091662,168
2020-02-11,177501,3673835,19.019862,19.019862,18.882369,18.882369,-0.045831,110
2020-02-12,147102,3049051,18.974031,19.065693,18.974031,19.019862,0.137493,83
2020-02-13,207372,4301280,19.019862,19.065693,18.974031,18.974031,-0.045831,103
2020-02-14,169123,3501142,19.019862,19.019862,18.9282,18.9282,-0.045831,111
2020-02-17,207424,4287044,18.974031,18.974031,18.882369,18.974031,0.045831,141
2020-02-18,194113,4019735,18.974031,19.019862,18.974031,19.019862,0.045831,95
2020-02-19,175327,3643937,18.974031,19.065693,18.974031,19.065693,0.045831,120
2020-02-20,211004,4388982,19.065693,19.111524,19.019862,19.065693,0.0,107
2020-02-21,161282,3349402,19.065693,19.065693,18.974031,19.019862,-0.045831,131
2020-02-24,153152,3168060,19.019862,19.019862,18.9282,18.974031,-0.045831,135
2020-02-25,114854,2369227,18.9282,18.974031,18.882369,18.974031,0.0,84
2020-02-26,142947,2953691,18.9282,18.974031,18.882369,18.9282,-0.045831,81
2020-02-27,257572,5305986,18.9282,18.9282,18.836538,18.836538,-0.091662,146
2020-03-02,260551,5346281,18.744876,19.019862,18.699045,18.836538,0.0,191
2020-03-03,275681,5651297,18.836538,18.974031,18.744876,18.836538,0.0,152
2020-03-04,125020,2564903,18.836538,18.882369,18.744876,18.836538,0.0,99
2020-03-05,109920,2261284,18.882369,18.9282,18.790707,18.836538,0.0,103
2020-03-06,416617,8514656,18.836538,18.836538,18.699045,18.744876,-0.091662,214
2020-03-09,566024,11436330,18.699045,18.699045,18.424059,18.424059,-0.320817,343
2020-03-10,417469,8421263,18.332397,18.653214,18.286566,18.46989,0.045831,216
2020-03-11,369665,7453246,18.561552,18.561552,18.424059,18.46989,0.0,159
2020-03-12,658306,13045849,18.424059,18.424059,18.01158,18.149073,-0.320817,356
2020-03-13,1341901,25284830,17.919918,17.919918,16.957467,17.736594,-0.412479,596
2020-03-16,616602,11596163,17.232453,17.599101,17.09496,17.186622,-0.549972,301
2020-03-17,765216,13889427,16.499157,16.957467,16.499157,16.774143,-0.412479,353
2020-03-18,684680,12353370,16.774143,16.774143,16.361664,16.544988,-0.229155,359
2020-03-19,680108,11639618,16.224172,16.224172,15.353382,15.582538,-0.96245,384
2020-03-20,496917,8649729,15.582538,16.224172,15.582538,16.132509,0.549971,276
2020-03-23,370919,6207223,14.849242,15.582538,14.849242,15.582538,-0.549971,243
2020-03-24,344789,6030349,15.765861,16.132509,15.765861,16.132509,0.549971,208
2020-03-25,307200,5543467,16.361664,16.63665,16.361664,16.590819,0.45831,159
2020-03-26,207627,3754054,16.682481,16.682481,16.407496,16.682481,0.091662,138
2020-03-27,216094,3953012,16.774143,16.957467,16.682481,16.728312,0.045831,145
2020-03-30,272044,4941100,16.682481,17.003298,16.224172,16.957467,0.229155,151
2020-03-31,147480,2715070,16.774143,16.957467,16.774143,16.865805,-0.091662,104
2020-04-01,245000,4474650,16.865805,16.865805,16.63665,16.682481,-0.183324,94
2020-04-06,244274,4469173,16.63665,16.911636,16.544988,16.865805,0.183324,241
2020-04-07,121400,2242888,16.865805,17.003298,16.865805,16.957467,0.091662,114
2020-04-08,235180,4383020,17.049129,17.232453,17.003298,17.232453,0.274986,136
2020-04-09,296100,5557153,17.278284,17.278284,17.09496,17.278284,0.045831,107
2020-04-10,156406,2970520,17.278284,17.55327,17.278284,17.415777,0.137493,109
2020-04-13,128003,2436206,17.415777,17.507439,17.369946,17.461608,0.045831,87
2020-04-14,198720,3799172,17.369946,17.644932,17.324115,17.599101,0.137493,116
2020-04-15,202150,3898689,17.599101,17.782425,17.55327,17.736594,0.137493,161
2020-04-16,228059,4369175,17.690763,17.690763,17.507439,17.599101,-0.137493,153
2020-04-17,221160,4282648,17.644932,17.874087,17.644932,17.782425,0.183324,149
2020-04-20,197696,3808159,17.782425,17.782425,17.599101,17.690763,-0.091662,56
2020-04-21,448000,8489200,17.690763,17.690763,17.232453,17.461608,-0.229155,178
2020-04-22,161002,3039688,17.415777,17.461608,17.049129,17.461608,0.0,80
2020-04-23,45320,862661,17.461608,17.55327,17.415777,17.507439,0.045831,36
2020-04-24,179468,3427838,17.599101,17.599101,17.461608,17.599101,0.091662,37
2020-04-27,187100,3620352,17.736594,17.782425,17.644932,17.782425,0.183324,101
2020-04-28,56602,1098041,17.782425,17.828256,17.736594,17.828256,0.045831,54
2020-04-29,194810,3805623,17.828256,17.965749,17.736594,17.965749,0.137493,134
2020-04-30,275004,5420026,18.01158,18.149073,17.874087,18.103242,0.137493,154
2020-05-04,146134,2833502,17.874087,17.874087,17.736594,17.782425,-0.320817,91
2020-05-05,144096,2799559,17.690763,17.874087,17.690763,17.874087,0.091662,74
2020-05-06,108347,2106765,17.874087,17.919918,17.736594,17.874087,0.0,56
2020-05-07,172319,3350884,17.874087,17.874087,17.782425,17.828256,-0.045831,89
2020-05-08,124801,2444707,17.828256,18.103242,17.828256,17.919918,0.091662,77
2020-05-11,128402,2525869,17.919918,18.057411,17.919918,18.057411,0.137493,77
2020-05-12,93000,1822150,17.965749,18.057411,17.919918,18.057411,0.0,53
2020-05-13,47168,925665,17.965749,18.057411,17.919918,18.057411,0.0,32
2020-05-14,107503,2101257,18.057411,18.057411,17.874087,17.874087,-0.183324,61
2020-05-15,116580,2279191,17.874087,18.01158,17.874087,17.965749,0.091662,58
2020-05-18,153936,3030790,17.874087,18.149073,17.874087,17.965749,0.0,93
2020-05-19,290281,5773022,18.103242,18.332397,18.057411,18.286566,0.320817,113
2020-05-20,237825,4746241,18.286566,18.378228,18.194904,18.240735,-0.045831,96
2020-05-21,103406,2062537,18.332397,18.332397,18.240735,18.240735,0.0,37
2020-05-22,196861,3900388,18.240735,18.286566,17.965749,18.01158,-0.229155,99
2020-05-25,247960,4938348,18.01158,18.332397,18.01158,18.286566,0.274986,139
2020-05-26,252111,5038955,18.332397,18.378228,18.240735,18.286566,0.0,94
2020-05-27,268264,5371349,18.286566,18.46989,18.286566,18.332397,0.045831,112
2020-05-28,186522,3750740,18.46989,18.515721,18.378228,18.46989,0.137493,105
2020-05-29,136250,2740774,18.46989,18.515721,18.332397,18.46989,0.0,76
2020-06-01,331183,6696995,18.46989,18.607383,18.46989,18.515721,0.045831,149
2020-06-02,240239,4865699,18.515721,18.607383,18.515721,18.607383,0.091662,120
2020-06-03,216845,4425751,18.653214,18.744876,18.653214,18.744876,0.137493,114
2020-06-04,250468,5113971,18.744876,18.790707,18.653214,18.699045,-0.045831,127
2020-06-05,246307,5011508,18.699045,18.744876,18.607383,18.699045,0.0,157
2020-06-08,291738,5982557,18.790707,18.882369,18.699045,18.836538,0.137493,155
2020-06-09,352955,7243263,18.882369,18.974031,18.744876,18.790707,-0.045831,169
2020-06-10,356914,7325332,18.836538,18.882369,18.744876,18.836538,0.045831,150
2020-06-11,951726,19483515,18.836538,18.836538,18.699045,18.790707,-0.045831,357
2020-06-12,763031,14807602,18.694344,18.887069,18.453438,18.838888,0.048181,346
2020-06-15,153681,3001310,18.790707,18.887069,18.742525,18.838888,0.0,82
2020-06-16,360997,7090482,18.887069,18.983432,18.838888,18.887069,0.048181,127
2020-06-17,116703,2298896,18.935251,19.031614,18.935251,18.983432,0.096363,68
2020-06-18,85728,1690574,18.983432,19.031614,18.983432,19.031614,0.048182,68
2020-06-19,99724,1971189,19.031614,19.079795,18.983432,19.031614,0.0,67
2020-06-22,115840,2280192,19.031614,19.031614,18.935251,18.983432,-0.048182,67
2020-06-23,83718,1652355,19.079795,19.079795,18.935251,19.031614,0.048182,60
2020-06-24,74038,1462703,19.079795,19.079795,18.983432,19.031614,0.0,50
2020-06-29,203527,3988606,19.031614,19.031614,18.838888,18.887069,-0.144545,89
2020-06-30,43006,844214,18.887069,18.983432,18.838888,18.935251,0.048182,30
2020-07-01,61963,1221717,19.031614,19.031614,18.983432,18.983432,0.048181,36
2020-07-02,117000,2306249,19.031614,19.031614,18.983432,19.031614,0.048182,44
2020-07-03,103253,2037845,19.031614,19.079795,18.935251,19.031614,0.0,53
2020-07-06,182584,3611591,18.983432,19.127976,18.983432,19.079795,0.048181,107
2020-07-07,84230,1669555,19.176157,19.176157,19.031614,19.031614,-0.048181,62
2020-07-08,83314,1647080,19.031614,19.079795,19.031614,19.031614,0.0,45
2020-07-09,169175,3346261,19.031614,19.079795,19.031614,19.079795,0.048181,72
2020-07-10,201953,3982926,19.079795,19.079795,18.983432,18.983432,-0.096363,81
2020-07-13,92665,1825416,18.983432,18.983432,18.935251,18.983432,0.0,59
2020-07-14,254270,5003604,19.031614,19.031614,18.887069,18.935251,-0.048181,83
2020-07-15,134887,2659283,18.935251,19.079795,18.887069,19.031614,0.096363,82
2020-07-16,81107,1599407,18.983432,19.079795,18.935251,18.983432,-0.048182,50
2020-07-17,151880,2990882,18.935251,19.031614,18.935251,18.983432,0.0,69
2020-07-20,48802,961007,19.031614,19.031614,18.935251,18.983432,0.0,27
2020-07-21,576376,11497512,18.983432,19.465245,18.983432,19.224339,0.240907,226
2020-07-22,167413,3325273,19.224339,19.224339,19.079795,19.127976,-0.096363,77
2020-07-23,115001,2280019,19.127976,19.224339,19.031614,19.127976,0.0,31
2020-07-24,81750,1615448,19.127976,19.127976,18.983432,18.983432,-0.144544,57
2020-07-27,118654,2338331,18.983432,19.079795,18.935251,18.935251,-0.048181,68
2020-07-28,115155,2262093,18.887069,18.983432,18.838888,18.887069,-0.048182,66
2020-07-29,143762,2827670,18.887069,19.031614,18.838888,18.935251,0.048182,61
2020-07-30,111007,2178085,18.935251,18.983432,18.887069,18.935251,0.0,63
2020-07-31,81213,1595778,18.935251,18.983432,18.887069,18.935251,0.0,51
2020-08-03,180576,3536879,18.935251,18.983432,18.790707,18.838888,-0.096363,99
2020-08-04,101115,1980035,18.935251,18.935251,18.838888,18.887069,0.048181,37
2020-08-05,60031,1178864,18.838888,18.983432,18.838888,18.935251,0.048182,30
2020-08-06,128481,2523824,18.935251,18.935251,18.887069,18.935251,0.0,60
2020-08-07,79647,1563407,18.935251,18.983432,18.887069,18.935251,0.0,56
2020-08-10,252121,4983133,18.983432,19.127976,18.983432,19.079795,0.144544,87
2020-08-11,113093,2242540,19.127976,19.127976,19.079795,19.079795,0.0,48
2020-08-12,97506,1928941,19.079795,19.127976,19.031614,19.127976,0.048181,42
2020-08-13,108320,2153796,19.127976,19.176157,19.127976,19.127976,0.0,56
2020-08-14,67002,1324088,19.127976,19.127976,18.983432,19.079795,-0.048181,31
2020-08-17,99156,1962791,19.176157,19.176157,19.031614,19.079795,0.0,41
2020-08-18,153105,3046181,19.176157,19.224339,19.079795,19.127976,0.048181,57
2020-08-19,123080,2446684,19.127976,19.224339,19.031614,19.176157,0.048181,78
2020-08-20,276561,5433486,19.176157,19.176157,18.838888,18.887069,-0.289088,137
2020-08-21,158230,3112684,18.935251,19.031614,18.887069,18.983432,0.096363,144
2020-08-24,78460,1546863,18.983432,19.031614,18.983432,18.983432,0.0,44
2020-08-25,40052,790273,18.983432,19.079795,18.983432,19.031614,0.048182,32
2020-08-26,183003,3608808,19.031614,19.079795,18.935251,19.079795,0.048181,59
2020-08-27,82308,1622050,19.079795,19.079795,18.983432,19.031614,-0.048181,34
2020-08-28,42826,844737,19.031614,19.031614,18.935251,19.031614,0.0,32
2020-08-31,103413,2037732,19.031614,19.031614,18.983432,18.983432,-0.048182,56
2020-09-01,75002,1477088,18.983432,19.031614,18.935251,19.031614,0.048182,31
2020-09-02,158114,3110972,19.031614,19.031614,18.935251,18.983432,-0.048182,179
2020-09-03,202104,3976990,18.983432,19.079795,18.935251,18.935251,-0.048181,94
2020-09-04,208009,4086827,18.935251,19.031614,18.887069,19.031614,0.096363,73
2020-09-07,50355,992400,18.983432,19.031614,18.935251,19.031614,0.0,38
2020-09-08,110035,2173193,19.031614,19.031614,19.031614,19.031614,0.0,53
2020-09-09,62805,1237202,19.031614,19.031614,18.935251,18.983432,-0.048182,42
2020-09-10,199811,3936270,18.983432,18.983432,18.983432,18.983432,0.0,75
2020-09-11,124556,2453200,18.983432,18.983432,18.935251,18.983432,0.0,43
2020-09-14,96670,1905780,18.983432,19.031614,18.983432,18.983432,0.0,62
2020-09-15,105162,2070921,18.983432,19.031614,18.935251,19.031614,0.048182,60
2020-09-16,111747,2207714,19.079795,19.079795,18.983432,19.031614,0.0,55
2020-09-17,62745,1237499,18.983432,19.031614,18.983432,19.031614,0.0,36
2020-09-18,77001,1520719,19.031614,19.079795,18.983432,19.031614,0.0,51
2020-09-21,173198,3415500,19.031614,19.031614,18.983432,19.031614,0.0,57
2020-09-22,142976,2812831,18.935251,18.983432,18.935251,18.935251,-0.096363,49
2020-09-23,305713,6012433,18.983432,18.983432,18.887069,18.983432,0.048181,88
2020-09-24,427373,8341995,18.887069,18.887069,18.742525,18.742525,-0.240907,213
2020-09-25,121509,2371299,18.742525,18.887069,18.742525,18.838888,0.096363,78
2020-09-28,79470,1559360,18.935251,18.935251,18.838888,18.887069,0.048181,39
2020-09-29,37002,726838,18.935251,18.935251,18.887069,18.935251,0.048182,19
2020-09-30,54000,1062750,18.983432,18.983432,18.935251,18.983432,0.048181,27
2020-10-05,64241,1262146,18.887069,18.983432,18.838888,18.935251,-0.048181,25
2020-10-06,122433,2406734,18.983432,18.983432,18.887069,18.983432,0.048181,62
2020-10-07,53424,1053222,19.031614,19.031614,18.935251,19.031614,0.048182,29
2020-10-08,43818,864630,18.983432,19.031614,18.983432,19.031614,0.0,29
2020-10-12,105383,2080341,19.031614,19.079795,18.983432,19.079795,0.048181,34
2020-10-13,41630,822387,19.079795,19.079795,19.031614,19.031614,-0.048181,34
2020-10-14,46100,909040,19.031614,19.031614,18.983432,19.031614,0.0,18
2020-10-15,44506,876590,18.935251,19.031614,18.935251,19.031614,0.0,22
2020-10-16,48261,951788,18.983432,19.079795,18.935251,19.079795,0.048181,37
2020-10-19,155803,3088055,19.031614,19.176157,18.983432,19.176157,0.096362,137
2020-10-20,60800,1200079,19.127976,19.127976,18.983432,19.031614,-0.144543,34
2020-10-21,50049,986409,18.983432,19.079795,18.983432,19.079795,0.048181,34
2020-10-22,17006,336568,19.079795,19.079795,18.983432,19.079795,0.0,13
2020-10-23,62432,1232236,19.127976,19.127976,18.935251,18.983432,-0.096363,44
2020-10-26,64506,1277037,19.079795,19.079795,19.031614,19.079795,0.096363,37
2020-10-27,85931,1690416,18.935251,19.079795,18.935251,19.079795,0.0,43
2020-10-28,28611,565272,19.079795,19.079795,19.031614,19.031614,-0.048181,21
2020-10-29,45108,889461,18.983432,19.031614,18.983432,18.983432,-0.048182,32
2020-10-30,94885,1867902,18.983432,19.031614,18.887069,19.031614,0.048182,56
2020-11-02,82103,1620992,18.983432,19.079795,18.983432,19.031614,0.0,39
2020-11-03,92864,1842731,19.079795,19.176157,19.079795,19.127976,0.096362,54
2020-11-04,28965,573582,19.079795,19.127976,19.031614,19.127976,0.0,30
2020-11-05,72772,1441793,19.127976,19.127976,19.079795,19.127976,0.0,37
2020-11-06,106217,2103846,19.079795,19.127976,19.031614,19.127976,0.0,53
2020-11-09,116575,2315435,19.176157,19.176157,19.079795,19.127976,0.0,72
2020-11-10,259006,5150570,19.176157,19.224339,19.079795,19.176157,0.048181,97
2020-11-11,478819,9605603,19.224339,19.465245,19.224339,19.417064,0.240907,188
2020-11-12,122466,2452730,19.368882,19.417064,19.224339,19.320701,-0.096363,52
2020-11-13,150726,3025020,19.27252,19.417064,19.27252,19.368882,0.048181,69
2020-11-16,144896,2912739,19.368882,19.465245,19.320701,19.465245,0.096363,91
2020-11-17,56210,1131988,19.465245,19.465245,19.368882,19.417064,-0.048181,64
2020-11-18,193601,3900621,19.465245,19.465245,19.368882,19.417064,0.0,110
2020-11-19,84208,1695886,19.465245,19.465245,19.368882,19.417064,0.0,55
2020-11-20,30084,605212,19.417064,19.417064,19.368882,19.417064,0.0,50
2020-11-23,256691,5159328,19.465245,19.513426,19.27252,19.368882,-0.048182,116
2020-11-24,83673,1684727,19.368882,19.417064,19.368882,19.417064,0.048182,72
2020-11-25,82368,1660966,19.465245,19.465245,19.417064,19.465245,0.048181,76
2020-11-26,81725,1652619,19.417064,19.513426,19.417064,19.513426,0.048181,75
2020-11-27,96699,1950704,19.513426,19.513426,19.368882,19.513426,0.0,60
2020-11-30,230517,4651260,19.513426,19.513426,19.368882,19.368882,-0.144544,99
2020-12-01,114076,2307888,19.465245,19.561608,19.417064,19.513426,0.144544,66
2020-12-02,131116,2644830,19.417064,19.513426,19.368882,19.513426,0.0,83
2020-12-03,255396,5137277,19.513426,19.513426,19.320701,19.513426,0.0,147
2020-12-04,145254,2941857,19.368882,19.609789,19.368882,19.609789,0.096363,89
2020-12-07,130490,2657069,19.609789,19.657971,19.513426,19.609789,0.0,115
2020-12-08,192391,3889144,19.609789,19.609789,19.417064,19.465245,-0.144544,70
2020-12-09,186137,3782737,19.465245,19.657971,19.465245,19.609789,0.144544,142
2020-12-10,141699,2866868,19.465245,19.609789,19.368882,19.609789,0.0,84
2020-12-11,192534,3904500,19.561608,19.609789,19.417064,19.561608,-0.048181,75
2020-12-14,60058,1218722,19.561608,19.609789,19.513426,19.609789,0.048181,53
2020-12-15,140287,2834339,19.513426,19.561608,19.417064,19.465245,-0.144544,99
2020-12-16,155816,3158741,19.417064,19.609789,19.417064,19.561608,0.096363,99
2020-12-17,87618,1777401,19.561608,19.561608,19.465245,19.561608,0.0,45
2020-12-18,261455,5264473,19.465245,19.465245,19.368882,19.368882,-0.192726,134
2020-12-21,113590,2284137,19.320701,19.465245,19.320701,19.465245,0.096363,66
2020-12-22,94422,1904860,19.465245,19.465245,19.368882,19.368882,-0.096363,42
2020-12-23,71425,1439340,19.465245,19.465245,19.368882,19.417064,0.048182,60
2020-12-24,112597,2273340,19.417064,19.513426,19.368882,19.513426,0.096362,49
2020-12-25,84361,1707991,19.513426,19.561608,19.417064,19.513426,0.0,48
2020-12-28,147286,2993206,19.513426,19.609789,19.513426,19.609789,0.096363,125
2020-12-29,294345,6000161,19.609789,19.754333,19.561608,19.754333,0.144544,135
2020-12-30,323169,6625880,19.657971,19.850696,19.609789,19.850696,0.096363,160
2020-12-31,95217,1954590,19.850696,19.850696,19.754333,19.754333,-0.096363,60
2021-01-04,183449,3758061,19.754333,19.802514,19.561608,19.802514,0.048181,116
2021-01-05,99363,2029450,19.802514,19.802514,19.609789,19.657971,-0.144543,78
2021-01-06,207915,4217813,19.513426,19.657971,19.465245,19.513426,-0.144545,108
2021-01-07,191164,3887188,19.513426,19.706152,19.513426,19.609789,0.096363,90
2021-01-08,86903,1771943,19.609789,19.706152,19.609789,19.657971,0.048182,74
2021-01-11,148026,3021531,19.657971,19.706152,19.609789,19.609789,-0.048182,86
2021-01-12,184846,3762634,19.609789,19.657971,19.513426,19.609789,0.0,87
2021-01-13,138370,2819791,19.609789,19.754333,19.561608,19.657971,0.048182,96
2021-01-14,44531,906286,19.657971,19.657971,19.561608,19.561608,-0.096363,49
2021-01-15,138980,2812826,19.561608,19.561608,19.417064,19.513426,-0.048182,91
2021-01-18,344095,6903537,19.465245,19.465245,19.224339,19.368882,-0.144544,173
2021-01-19,98626,1992662,19.368882,19.561608,19.368882,19.513426,0.144544,72
2021-01-20,233211,4673149,19.368882,19.417064,19.224339,19.27252,-0.240906,167
2021-01-21,140745,2823947,19.417064,19.465245,19.27252,19.27252,0.0,99
2021-01-22,689655,14040632,19.465245,19.754333,19.465245,19.657971,0.385451,378
2021-01-25,3324727,69495612,20.04342,20.717959,19.850696,19.898877,0.240906,1904
2021-01-26,908754,18641638,20.139783,20.139783,19.465245,19.561608,-0.337269,563
2021-01-27,420895,8505260,19.561608,19.609789,19.368882,19.368882,-0.192726,275
2021-01-28,465351,9324434,19.368882,19.368882,19.27252,19.320701,-0.048181,267
2021-01-29,292269,5849814,19.320701,19.368882,19.224339,19.27252,-0.048181,205
2021-02-01,592038,11761626,19.27252,19.368882,19.079795,19.079795,-0.192725,352
2021-02-02,267146,5319109,19.176157,19.27252,19.127976,19.176157,0.096362,200
2021-02-03,175640,3510155,19.176157,19.368882,19.127976,19.27252,0.096363,94
2021-02-04,150079,2998427,19.176157,19.368882,19.176157,19.224339,-0.048181,126
2021-02-05,183194,3674400,19.27252,19.368882,19.27252,19.320701,0.096362,149
2021-02-17,368860,7405082,19.368882,19.465245,19.27252,19.320701,0.0,283
2021-02-18,857023,17504554,19.368882,19.802514,19.368882,19.754333,0.433632,444
2021-02-19,550110,11342123,20.04342,20.091602,19.754333,19.850696,0.096363,276
2021-02-22,342612,7028935,19.802514,19.850696,19.657971,19.802514,-0.048182,241
2021-02-23,591710,12258396,19.850696,20.091602,19.850696,20.091602,0.289088,307
2021-02-24,328640,6803443,20.091602,20.091602,19.850696,19.898877,-0.192725,224
2021-02-25,250803,5214507,19.995239,20.139783,19.947058,20.091602,0.192725,180
2021-02-26,283111,5845384,20.04342,20.04342,19.850696,19.898877,-0.192725,207
2021-03-02,287498,5905147,19.898877,19.947058,19.754333,19.754333,-0.144544,194
2021-03-03,145071,2987455,19.947058,19.947058,19.754333,19.850696,0.096363,142
2021-03-04,213698,4395893,19.850696,19.898877,19.754333,19.850696,0.0,171
2021-03-05,161709,3334256,19.850696,19.947058,19.802514,19.898877,0.048181,131
2021-03-08,937865,19675235,19.947058,20.428871,19.947058,20.284328,0.385451,523
2021-03-09,1222557,26023359,20.38069,20.669777,20.38069,20.669777,0.385449,557
2021-03-10,493541,10511256,20.717959,20.717959,20.38069,20.621596,-0.048181,270
2021-03-11,634726,13693869,20.814322,20.958866,20.717959,20.76614,0.144544,288
2021-03-12,260177,5588388,20.814322,20.814322,20.573415,20.669777,-0.096363,195
2021-03-15,870082,18877222,20.669777,21.199772,20.621596,21.055228,0.385451,446
2021-03-16,245073,5339246,21.055228,21.199772,20.910684,20.958866,-0.096362,218
2021-03-17,286460,6204437,20.958866,21.103409,20.814322,20.910684,-0.048182,206
2021-03-18,322955,6987248,20.910684,20.958866,20.76614,20.910684,0.0,157
2021-03-19,218703,4724236,20.814322,20.910684,20.76614,20.814322,-0.096362,117
2021-03-22,503065,10945978,20.814322,21.199772,20.814322,21.199772,0.38545,263
2021-03-23,253450,5553976,21.199772,21.247953,21.055228,21.151591,-0.048181,161
2021-03-24,309475,6792182,21.103409,21.199772,21.103409,21.151591,0.0,187
2021-03-25,270236,5925661,21.103409,21.199772,21.055228,21.103409,-0.048182,165
2021-03-26,261803,5747823,21.103409,21.199772,21.103409,21.151591,0.048182,203
2021-03-29,715897,15919443,21.199772,21.633404,21.199772,21.537041,0.38545,412
2021-03-30,192516,4293410,21.48886,21.537041,21.440678,21.537041,0.0,189
2021-03-31,266051,5953707,21.633404,21.633404,21.48886,21.585223,0.048182,202
2021-04-01,301210,6749765,21.633404,21.633404,21.537041,21.585223,0.0,208
2021-04-06,383444,8583526,21.585223,21.633404,21.48886,21.633404,0.048181,299
2021-04-07,916150,20685701,21.585223,21.970672,21.585223,21.970672,0.337268,345
2021-04-08,688152,16092729,22.018854,22.741574,22.018854,22.597029,0.626357,481
2021-04-09,817005,18918102,22.548848,22.548848,22.067035,22.259761,-0.337268,366
2021-04-12,836528,19219626,22.163398,22.211579,22.067035,22.115217,-0.144544,376
2021-04-13,554238,12773207,22.115217,22.259761,22.115217,22.259761,0.144544,292
2021-04-14,846818,19656186,22.211579,22.645211,22.115217,22.645211,0.38545,374
2021-04-15,370368,8670596,22.356123,22.693392,22.356123,22.693392,0.048181,303
2021-04-16,330878,7768273,22.597029,22.693392,22.548848,22.693392,0.0,227
2021-04-19,803565,19171943,22.693392,23.271568,22.645211,23.127024,0.433632,395
2021-04-20,1819709,42986856,23.030661,23.175205,22.548848,22.548848,-0.578176,536
2021-04-21,770769,18151937,22.500667,22.837936,22.500667,22.741574,0.192726,405
2021-04-22,851046,20063585,22.693392,22.886118,22.597029,22.741574,0.0,339
2021-04-23,530632,12485946,22.645211,22.886118,22.597029,22.741574,0.0,254
2021-04-26,519577,12254470,22.741574,22.837936,22.645211,22.693392,-0.048182,271
2021-04-27,749643,17780831,22.693392,22.934299,22.693392,22.886118,0.192726,402
2021-04-28,780095,18732156,22.886118,23.319749,22.886118,23.223386,0.337268,454
2021-04-29,619065,14719813,22.98248,23.127024,22.741574,22.789755,-0.433631,394
2021-05-03,1813170,41838911,22.356123,22.500667,22.067035,22.259761,-0.529994,463
2021-05-04,1124272,25884048,22.259761,22.597029,21.87431,22.115217,-0.144544,459
2021-05-05,547240,12632702,22.259761,22.356123,21.922491,22.307942,0.192725,263
2021-05-06,432112,10100315,22.307942,22.645211,22.307942,22.548848,0.240906,239
2021-05-07,456566,10795935,22.548848,22.886118,22.548848,22.886118,0.33727,229
2021-05-10,881564,21036231,22.886118,23.271568,22.741574,22.837936,-0.048182,411
2021-05-11,1233394,28624867,22.98248,22.98248,22.018854,22.163398,-0.674538,565
2021-05-12,2634020,58666226,21.970672,21.970672,20.284328,20.862503,-1.300895,782
2021-05-13,865190,18661192,20.236146,21.199772,20.236146,20.621596,-0.240907,523
2021-05-14,580857,12432963,20.669777,21.103409,20.525234,20.621596,0.0,296
2021-05-17,3236714,64208108,18.790707,19.561608,18.790707,19.079795,-1.541801,1251
2021-05-18,1283641,25612988,18.935251,19.513426,18.790707,19.368882,0.289087,488
2021-05-19,1338261,26650329,19.27252,19.417064,19.079795,19.27252,-0.096362,551
2021-05-20,1036636,20610566,19.224339,19.320701,19.031614,19.224339,-0.048181,513
2021-05-21,643245,12910850,19.368882,19.513426,19.224339,19.320701,0.096362,346
2021-05-24,865437,17432203,19.27252,19.850696,19.224339,19.802514,0.481813,452
2021-05-25,830674,17022160,19.947058,19.995239,19.609789,19.657971,-0.144543,447
2021-05-26,959362,19448030,19.657971,19.754333,19.417064,19.609789,-0.048182,415
2021-05-27,608424,12357095,19.561608,19.754333,19.417064,19.657971,0.048182,369
2021-05-28,506657,10410562,19.657971,19.898877,19.657971,19.898877,0.240906,340
2021-05-31,430492,8946583,19.947058,20.139783,19.947058,20.04342,0.144543,319
2021-06-01,628210,13124388,20.04342,20.236146,20.04342,20.139783,0.096363,380
2021-06-02,867920,18243986,20.139783,20.428871,20.091602,20.38069,0.240907,378
2021-06-03,615229,13125366,20.428871,20.669777,20.428871,20.669777,0.289087,397
2021-06-04,646797,13866854,20.669777,20.76614,20.525234,20.717959,0.048182,407
2021-06-07,854358,18413186,20.814322,21.007047,20.525234,20.814322,0.096363,547
2021-06-08,540387,11715192,20.862503,21.007047,20.814322,20.910684,0.096362,277
2021-06-09,680179,14753557,20.958866,21.007047,20.814322,21.007047,0.096363,316
2021-06-10,727236,15888006,21.007047,21.103409,20.958866,21.055228,0.048181,372
2021-06-11,2204868,47233362,21.055228,21.055228,20.38069,20.669777,-0.385451,963
2021-06-15,1053921,22484436,20.621596,20.717959,20.284328,20.621596,-0.048181,443
2021-06-16,927082,19995687,20.717959,20.862503,20.525234,20.814322,0.192726,440
2021-06-17,1965731,42646592,20.814322,21.007047,20.717959,20.910684,0.096362,653
2021-06-18,1336197,27453586,20.961438,20.961438,20.758422,20.758422,-0.152262,639
2021-06-21,1464633,29580097,20.758422,20.758422,20.301635,20.656913,-0.101509,589
2021-06-22,284637,5792907,20.707668,20.758422,20.606159,20.656913,0.0,130
2021-06-23,307809,6239443,20.656913,20.656913,20.504652,20.606159,-0.050754,187
2021-06-24,285840,5774809,20.606159,20.606159,20.453898,20.504652,-0.101507,143
2021-06-25,461757,9305056,20.606159,20.606159,20.403143,20.504652,0.0,203
2021-06-28,804527,16077664,20.403143,20.403143,20.200127,20.352389,-0.152263,365
2021-06-29,499634,10007483,20.403143,20.453898,20.301635,20.352389,0.0,244
2021-06-30,430733,8674556,20.352389,20.555406,20.301635,20.555406,0.203017,187
2021-07-01,162780,3293027,20.606159,20.656913,20.453898,20.606159,0.050753,112
2021-07-02,387253,7810485,20.606159,20.606159,20.403143,20.504652,-0.101507,171
2021-07-05,711296,14303338,20.606159,20.606159,20.352389,20.403143,-0.101509,205
2021-07-06,201159,4064895,20.504652,20.606159,20.403143,20.504652,0.101509,131
2021-07-07,131014,2644679,20.504652,20.606159,20.453898,20.453898,-0.050754,105
2021-07-08,256694,5192259,20.453898,20.606159,20.453898,20.504652,0.050754,135
2021-07-09,289736,5871686,20.606159,20.707668,20.504652,20.606159,0.101507,163
2021-07-12,472543,9552412,20.504652,20.606159,20.453898,20.453898,-0.152261,193
2021-07-13,269610,5462590,20.606159,20.606159,20.504652,20.504652,0.050754,144
2021-07-14,290319,5896979,20.606159,20.707668,20.555406,20.606159,0.101507,173
2021-07-15,288239,5842946,20.555406,20.606159,20.504652,20.555406,-0.050753,141
2021-07-16,1523799,30396186,20.301635,20.403143,20.098619,20.403143,-0.152263,721
2021-07-19,1731371,34315238,20.250881,20.250881,19.895602,20.200127,-0.203016,797
2021-07-20,479468,9488481,20.047865,20.200127,20.047865,20.149373,-0.050754,311
2021-07-21,544150,10746777,20.149373,20.149373,19.997111,20.098619,-0.050754,323
2021-07-22,442355,8754687,20.098619,20.200127,19.997111,20.149373,0.050754,189
2021-07-23,363878,7193077,20.047865,20.149373,19.997111,20.149373,0.0,185
2021-07-26,390473,7722857,20.149373,20.200127,19.997111,20.149373,0.0,219
2021-07-27,313945,6198752,20.149373,20.149373,19.997111,20.047865,-0.101508,118
2021-07-28,592754,11638971,20.149373,20.149373,19.844848,19.946356,-0.101509,317
2021-07-29,321275,6306844,19.946356,19.997111,19.895602,19.946356,0.0,160
2021-07-30,269930,5291934,19.946356,19.946356,19.844848,19.895602,-0.050754,161
2021-08-02,349465,6849646,20.098619,20.098619,19.844848,19.895602,0.0,152
2021-08-03,271509,5333712,19.946356,20.047865,19.895602,19.946356,0.050754,163
2021-08-04,222477,4377101,20.047865,20.047865,19.895602,19.946356,0.0,136
2021-08-05,675502,13233444,19.895602,19.946356,19.844848,19.946356,0.0,289
2021-08-06,149123,2936326,19.997111,20.047865,19.946356,19.997111,0.050755,100
2021-08-09,151845,2987572,19.997111,19.997111,19.946356,19.997111,0.0,108
2021-08-10,254813,5009380,19.997111,19.997111,19.895602,19.946356,-0.050755,123
2021-08-11,822581,16186271,19.946356,20.047865,19.844848,19.946356,0.0,231
2021-08-12,1073555,21044673,19.895602,19.997111,19.844848,19.946356,0.0,132
2021-08-13,1336313,26318262,19.946356,20.250881,19.946356,20.098619,0.152263,236
2021-08-16,1159615,23046924,20.250881,20.250881,19.844848,19.895602,-0.203017,218
2021-08-17,478420,9463613,20.047865,20.250881,19.946356,20.149373,0.253771,164
2021-08-18,149701,2961679,20.149373,20.149373,19.997111,20.149373,0.0,98
2021-08-19,261973,5162973,19.997111,20.098619,19.895602,19.997111,-0.152262,132
2021-08-20,138273,2719934,20.098619,20.098619,19.895602,20.047865,0.050754,91
2021-08-23,143944,2841701,20.047865,20.098619,19.946356,20.098619,0.050754,112
2021-08-24,67162,1326878,20.047865,20.098619,19.997111,20.047865,-0.050754,39
2021-08-25,165544,3287580,20.098619,20.250881,19.997111,20.250881,0.203016,90
2021-08-26,129572,2570395,20.250881,20.250881,20.098619,20.149373,-0.101508,75
2021-08-27,342868,6832858,20.149373,20.301635,20.149373,20.250881,0.101508,155
2021-08-30,323362,6461031,20.250881,20.403143,20.149373,20.301635,0.050754,158
2021-08-31,228795,4580150,20.301635,20.403143,20.250881,20.301635,0.0,154
2021-09-01,324403,6541843,20.301635,20.555406,20.301635,20.453898,0.152263,196
2021-09-02,127772,2563014,20.453898,20.453898,20.250881,20.301635,-0.152263,87
2021-09-03,117205,2347461,20.301635,20.453898,20.301635,20.352389,0.050754,87
2021-09-06,227625,4541725,20.301635,20.301635,20.200127,20.200127,-0.152262,105
2021-09-07,202355,4012074,20.098619,20.200127,20.098619,20.098619,-0.101508,142
2021-09-08,264452,5222674,20.098619,20.301635,19.997111,19.997111,-0.101508,157
2021-09-09,166553,3284178,19.997111,20.098619,19.997111,19.997111,0.0,104
2021-09-10,63294,1254876,20.149373,20.200127,20.047865,20.047865,0.050754,51
2021-09-13,212468,4188907,20.200127,20.200127,19.946356,20.047865,0.0,146
2021-09-14,156273,3084221,19.997111,20.098619,19.997111,20.098619,0.050754,70
2021-09-15,94775,1871971,20.149373,20.149373,19.997111,20.098619,0.0,75
2021-09-16,92349,1824682,20.098619,20.098619,19.997111,20.098619,0.0,68
2021-09-17,91670,1812225,20.149373,20.149373,19.997111,20.098619,0.0,57
2021-09-22,381193,7487003,19.946356,19.997111,19.895602,19.895602,-0.203017,222
2021-09-23,51160,1007575,19.997111,20.047865,19.946356,20.047865,0.152263,44
2021-09-24,110656,2189412,20.047865,20.149373,20.047865,20.098619,0.050754,73
2021-09-27,103745,2056037,20.149373,20.149373,20.047865,20.047865,-0.050754,77
2021-09-28,53042,1050125,20.047865,20.149373,20.047865,20.098619,0.050754,44
2021-09-29,182129,3585205,19.997111,20.047865,19.946356,19.946356,-0.152263,120
2021-09-30,66781,1317636,19.946356,20.098619,19.946356,20.098619,0.152263,52
2021-10-01,154578,3043809,19.997111,20.047865,19.946356,19.997111,-0.101508,105
2021-10-04,258267,5088431,20.098619,20.098619,19.946356,19.946356,-0.050755,102
2021-10-05,83966,1651452,19.946356,19.997111,19.946356,19.997111,0.050755,60
2021-10-06,106265,2093637,19.997111,20.047865,19.946356,19.997111,0.0,87
2021-10-07,215497,4261315,20.047865,20.149373,19.946356,20.098619,0.101508,88
2021-10-08,115939,2288140,20.047865,20.098619,19.997111,19.997111,-0.101508,74
2021-10-12,142404,2806648,19.997111,20.047865,19.946356,20.047865,0.050754,67
2021-10-13,104268,2060761,20.098619,20.098619,19.997111,20.047865,0.0,77
2021-10-14,71714,1419734,20.047865,20.149373,20.047865,20.098619,0.050754,64
2021-10-15,98759,1955806,20.098619,20.149373,20.047865,20.098619,0.0,74
2021-10-18,84445,1673216,20.098619,20.149373,20.047865,20.149373,0.050754,55
2021-10-19,180167,3582775,20.200127,20.200127,20.149373,20.149373,0.0,88
2021-10-20,50779,1008768,20.200127,20.200127,20.149373,20.200127,0.050754,56
2021-10-21,98558,1961488,20.200127,20.250881,20.149373,20.149373,-0.050754,77
2021-10-22,45599,905737,20.149373,20.200127,20.098619,20.149373,0.0,56
2021-10-25,96001,1910336,20.098619,20.250881,20.098619,20.250881,0.101508,73
2021-10-26,98416,1963045,20.200127,20.301635,20.200127,20.301635,0.050754,66
2021-10-27,79210,1581233,20.301635,20.301635,20.200127,20.301635,0.0,75
2021-10-28,72354,1442180,20.301635,20.301635,20.200127,20.301635,0.0,54
2021-10-29,104558,2079696,20.250881,20.250881,20.149373,20.250881,-0.050754,82
2021-11-01,87047,1732295,20.200127,20.250881,20.149373,20.250881,0.0,73
2021-11-02,66258,1320053,20.250881,20.250881,20.149373,20.200127,-0.050754,46
2021-11-03,117360,2332046,20.200127,20.250881,20.098619,20.250881,0.050754,68
2021-11-04,174308,3467094,20.301635,20.301635,20.149373,20.149373,-0.101508,81
2021-11-05,89398,1776599,20.149373,20.200127,20.098619,20.149373,0.0,62
2021-11-08,60482,1201650,20.149373,20.200127,20.149373,20.149373,0.0,43
2021-11-09,92233,1833797,20.149373,20.200127,20.098619,20.200127,0.050754,61
2021-11-10,222015,4428879,20.250881,20.301635,20.200127,20.200127,0.0,95
2021-11-11,103068,2054166,20.200127,20.250881,20.200127,20.250881,0.050754,70
2021-11-12,221966,4435019,20.250881,20.352389,20.250881,20.250881,0.0,112
2021-11-15,266596,5359113,20.301635,20.555406,20.250881,20.453898,0.203017,158
2021-11-16,177549,3573539,20.453898,20.504652,20.352389,20.403143,-0.050755,109
2021-11-17,274706,5537159,20.403143,20.555406,20.403143,20.504652,0.101509,147
2021-11-18,446931,9045151,20.504652,20.656913,20.403143,20.606159,0.101507,199
2021-11-19,355716,7246474,20.606159,20.707668,20.606159,20.656913,0.050754,171
2021-11-22,257593,5235778,20.606159,20.656913,20.555406,20.656913,0.0,107
2021-11-23,210538,4270475,20.656913,20.656913,20.504652,20.504652,-0.152261,98
2021-11-24,92425,1870908,20.555406,20.606159,20.504652,20.555406,0.050754,62
2021-11-25,88563,1795066,20.555406,20.606159,20.504652,20.504652,-0.050754,59
2021-11-26,431822,8659119,20.504652,20.555406,20.301635,20.352389,-0.152263,160
2021-11-29,177410,3547153,20.301635,20.352389,20.200127,20.352389,0.0,94
2021-11-30,97882,1961946,20.352389,20.403143,20.301635,20.301635,-0.050754,71
2021-12-01,211372,4256980,20.301635,20.606159,20.301635,20.555406,0.253771,144
2021-12-02,118574,2384283,20.504652,20.606159,20.352389,20.403143,-0.152263,88
2021-12-03,68005,1367700,20.352389,20.504652,20.352389,20.352389,-0.050754,49
2021-12-06,67974,1366686,20.352389,20.453898,20.352389,20.403143,0.050754,54
2021-12-07,76660,1540979,20.403143,20.504652,20.352389,20.403143,0.0,70
2021-12-08,126411,2546900,20.555406,20.555406,20.403143,20.504652,0.101509,74
2021-12-09,116775,2362675,20.504652,20.555406,20.453898,20.453898,-0.050754,74
2021-12-10,157289,3170389,20.453898,20.504652,20.352389,20.403143,-0.050755,100
2021-12-13,97527,1961150,20.403143,20.453898,20.403143,20.403143,0.0,55
2021-12-14,184655,3697377,20.403143,20.403143,20.301635,20.301635,-0.101508,110
2021-12-15,99508,1997291,20.301635,20.453898,20.301635,20.352389,0.050754,59
2021-12-16,117940,2364846,20.352389,20.352389,20.301635,20.352389,0.0,68
2021-12-17,125632,2516919,20.352389,20.403143,20.301635,20.352389,0.0,77
2021-12-20,92008,1845360,20.352389,20.453898,20.352389,20.352389,0.0,52
2021-12-21,114944,2306639,20.352389,20.403143,20.352389,20.403143,0.050754,51
2021-12-22,170695,3430863,20.403143,20.453898,20.352389,20.403143,0.0,81
2021-12-23,54004,1085654,20.403143,20.453898,20.403143,20.403143,0.0,49
2021-12-24,260549,5263051,20.403143,20.555406,20.403143,20.504652,0.101509,108
2021-12-27,172667,3499268,20.504652,20.606159,20.504652,20.555406,0.050754,103
2021-12-28,236090,4796508,20.656913,20.707668,20.555406,20.656913,0.101507,100
2021-12-29,251593,5116137,20.656913,20.707668,20.606159,20.656913,0.0,106
2021-12-30,258605,5283206,20.707668,20.809176,20.656913,20.707668,0.050755,135
2022-01-03,315967,6419582,20.707668,20.707668,20.555406,20.606159,-0.101509,98
2022-01-04,101307,2059226,20.606159,20.707668,20.606159,20.606159,0.0,67
2022-01-05,183219,3705405,20.504652,20.656913,20.504652,20.606159,0.0,78
2022-01-06,158917,3221776,20.656913,20.656913,20.555406,20.555406,-0.050753,90
2022-01-07,216297,4383663,20.707668,20.707668,20.504652,20.606159,0.050753,126
2022-01-10,178262,3611276,20.606159,20.606159,20.504652,20.555406,-0.050753,121
2022-01-11,333553,6786636,20.555406,20.707668,20.555406,20.656913,0.101507,228
2022-01-12,211204,4295481,20.707668,20.707668,20.606159,20.707668,0.050755,113
2022-01-13,570960,11691506,20.707668,20.910684,20.707668,20.910684,0.203016,267
2022-01-14,422836,8659963,20.961438,20.961438,20.707668,20.707668,-0.203016,192
2022-01-17,335808,6831034,20.707668,20.809176,20.555406,20.606159,-0.101509,136
2022-01-18,208457,4256250,20.606159,20.809176,20.606159,20.707668,0.101509,103
2022-01-19,191130,3892808,20.809176,20.809176,20.656913,20.656913,-0.050755,86
2022-01-20,137335,2797439,20.809176,20.809176,20.606159,20.656913,0.0,108
2022-01-21,335469,6796906,20.656913,20.656913,20.504652,20.555406,-0.101507,186
2022-01-24,141988,2867272,20.453898,20.606159,20.403143,20.606159,0.050753,142
2022-01-25,185825,3752842,20.555406,20.555406,20.453898,20.555406,-0.050753,145
2022-01-26,58164,1180628,20.504652,20.656913,20.504652,20.606159,0.050753,69
2022-02-07,330626,6750544,20.707668,20.809176,20.606159,20.809176,0.203017,205
2022-02-08,207877,4254780,20.809176,20.809176,20.707668,20.809176,0.0,191
2022-02-09,227672,4664131,20.809176,20.85993,20.707668,20.85993,0.050754,178
2022-02-10,193061,3956496,20.809176,20.85993,20.758422,20.758422,-0.101508,150
2022-02-11,185955,3810490,20.758422,20.85993,20.758422,20.809176,0.050754,151
2022-02-14,289920,5926251,20.910684,20.910684,20.656913,20.707668,-0.101508,217
2022-02-15,186539,3821030,20.758422,20.85993,20.758422,20.758422,0.050754,127
2022-02-16,114578,2350695,20.809176,20.910684,20.758422,20.85993,0.101508,95
2022-02-17,294952,6048129,20.85993,20.85993,20.809176,20.809176,-0.050754,144
2022-02-18,163816,3361156,20.758422,20.910684,20.758422,20.85993,0.050754,122
2022-02-21,176621,3621821,20.809176,20.85993,20.809176,20.85993,0.0,155
2022-02-22,331125,6810865,20.85993,21.012192,20.758422,20.910684,0.050754,391
2022-02-23,139178,2872968,21.012192,21.062946,20.910684,20.910684,0.0,585
2022-02-24,404835,8320381,20.961438,20.961438,20.758422,20.758422,-0.152262,462
2022-02-25,263318,5383551,20.758422,20.85993,20.707668,20.758422,0.0,157
2022-03-01,427291,8754336,20.809176,20.85993,20.758422,20.85993,0.101508,197
2022-03-02,101383,2083968,20.85993,20.910684,20.809176,20.910684,0.050754,80
2022-03-03,158214,3258378,20.910684,20.961438,20.85993,20.85993,-0.050754,107
2022-03-04,139286,2853769,20.85993,20.85993,20.758422,20.758422,-0.101508,112
2022-03-07,430383,8718609,20.758422,20.758422,20.453898,20.504652,-0.25377,323
2022-03-08,347024,6971476,20.403143,20.504652,20.352389,20.352389,-0.152263,253
2022-03-09,104353,2098998,20.403143,20.453898,20.403143,20.403143,0.050754,121
2022-03-10,109609,2219622,20.453898,20.606159,20.453898,20.606159,0.203016,97
2022-03-11,92473,1872853,20.504652,20.606159,20.504652,20.555406,-0.050753,103
2022-03-14,86117,1743994,20.504652,20.606159,20.504652,20.555406,0.0,106
2022-03-15,150567,3040217,20.606159,20.606159,20.453898,20.453898,-0.101508,134
2022-03-16,137239,2770164,20.453898,20.555406,20.453898,20.504652,0.050754,144
2022-03-17,234778,4773792,20.656913,20.707668,20.555406,20.656913,0.152261,195
2022-03-18,265707,5423380,20.85993,20.85993,20.656913,20.656913,0.0,171
2022-03-21,386963,7885925,20.656913,20.809176,20.656913,20.707668,0.050755,193
2022-03-22,202221,4126062,20.707668,20.809176,20.656913,20.758422,0.050754,181
2022-03-23,444467,9129295,20.758422,20.910684,20.758422,20.910684,0.152262,231
2022-03-24,168146,3454493,20.809176,20.910684,20.809176,20.85993,-0.050754,140
2022-03-25,140923,2896291,20.85993,20.910684,20.809176,20.85993,0.0,141
2022-03-28,453427,9290705,20.85993,20.910684,20.707668,20.758422,-0.101508,290
2022-03-29,191871,3938742,20.809176,20.910684,20.809176,20.85993,0.101508,150
2022-03-30,363340,7504630,20.910684,21.062946,20.910684,21.062946,0.203016,238
2022-03-31,331680,6885383,21.062946,21.164455,21.012192,21.062946,0.0,276
2022-04-01,907570,18969300,21.062946,21.316717,21.062946,21.265963,0.203017,438
2022-04-06,1051379,22115177,21.265963,21.418225,21.164455,21.367471,0.101508,534
2022-04-07,1140977,23885503,21.367471,21.367471,21.1137,21.164455,-0.203016,625
2022-04-08,901625,18422007,21.480342,21.638285,21.375046,21.53299,0.368535,444
2022-04-11,428560,8750961,21.53299,21.638285,21.375046,21.480342,-0.052648,220
2022-04-12,153591,3129965,21.480342,21.585638,21.375046,21.53299,0.052648,108
2022-04-13,313078,6388026,21.53299,21.585638,21.427694,21.427694,-0.105296,198
2022-04-14,308968,6332289,21.427694,21.743582,21.427694,21.585638,0.157944,182
2022-04-15,113274,2315962,21.585638,21.585638,21.480342,21.480342,-0.105296,118
2022-04-18,205126,4159219,21.427694,21.480342,21.269751,21.480342,0.0,157
2022-04-19,107696,2190800,21.480342,21.480342,21.375046,21.480342,0.0,85
2022-04-20,104098,2120392,21.375046,21.53299,21.375046,21.480342,0.0,102
2022-04-21,81726,1663281,21.480342,21.480342,21.375046,21.427694,-0.052648,97
2022-04-22,74972,1527500,21.375046,21.53299,21.322398,21.53299,0.105296,73
2022-04-25,314001,6344339,21.322398,21.375046,21.217103,21.269751,-0.263239,189
2022-04-26,244609,4939521,21.322398,21.322398,21.217103,21.322398,0.052647,135
2022-04-27,336316,6756656,21.269751,21.269751,21.111807,21.164454,-0.157944,216
2022-04-28,134824,2709215,21.164454,21.217103,21.111807,21.217103,0.052649,95
2022-04-29,125956,2533652,21.217103,21.269751,21.164454,21.217103,0.0,93
2022-05-03,521028,10398999,21.059159,21.111807,20.953863,21.059159,-0.157944,299
2022-05-04,390878,7784218,21.006511,21.059159,20.953863,21.006511,-0.052648,235
2022-05-05,261337,5204280,21.006511,21.006511,20.953863,21.006511,0.0,157
2022-05-06,335635,6648188,20.848567,20.953863,20.795919,20.848567,-0.157944,240
2022-05-09,826598,16159550,20.795919,20.795919,20.427384,20.480032,-0.368535,453
2022-05-10,643300,12347970,20.427384,20.427384,20.111497,20.374736,-0.105296,432
2022-05-11,127415,2454402,20.216792,20.427384,20.216792,20.374736,0.0,121
2022-05-12,190436,3663788,20.427384,20.427384,20.164144,20.322088,-0.052648,204
2022-05-13,155024,3004081,20.216792,20.53268,20.216792,20.53268,0.210592,166
2022-05-16,231175,4475852,20.53268,20.53268,20.269441,20.53268,0.0,206
2022-05-17,226940,4397218,20.374736,20.53268,20.322088,20.53268,0.0,203
2022-05-18,222956,4325882,20.427384,20.53268,20.374736,20.53268,0.0,177
2022-05-19,225921,4352134,20.374736,20.427384,20.216792,20.322088,-0.210592,136
2022-05-20,206793,3977577,20.322088,20.322088,20.216792,20.322088,0.0,165
2022-05-23,202130,3879971,20.269441,20.269441,20.164144,20.269441,-0.052647,154
2022-05-24,177204,3428247,20.322088,20.427384,20.322088,20.374736,0.105295,155
2022-05-25,106089,2060871,20.374736,20.53268,20.374736,20.480032,0.105296,99
2022-05-26,84533,1651106,20.53268,20.637975,20.53268,20.585328,0.105296,100
2022-05-27,204570,4028914,20.637975,20.848567,20.637975,20.795919,0.210591,142
2022-05-30,274783,5475391,20.901215,21.059159,20.901215,21.006511,0.210592,212
2022-05-31,51138,1017343,21.006511,21.006511,20.901215,20.953863,-0.052648,57
2022-06-01,145332,2881310,20.901215,20.953863,20.795919,20.901215,-0.052648,120
2022-06-02,34498,682381,20.848567,20.848567,20.795919,20.795919,-0.105296,60
2022-06-06,69216,1365096,20.743272,20.848567,20.743272,20.795919,0.0,71
2022-06-07,52568,1036491,20.743272,20.795919,20.743272,20.743272,-0.052647,61
2022-06-08,45015,887903,20.743272,20.848567,20.743272,20.795919,0.052647,88
2022-06-09,27196,537391,20.743272,20.848567,20.743272,20.795919,0.0,47
2022-06-10,73296,1440559,20.690623,20.743272,20.637975,20.743272,-0.052647,80
2022-06-13,213886,4167094,20.53268,20.637975,20.427384,20.637975,-0.105297,179
2022-06-14,133796,2604350,20.637975,20.637975,20.427384,20.480032,-0.157943,149
2022-06-15,115815,2261954,20.480032,20.585328,20.480032,20.53268,0.052648,130
2022-06-16,156064,3040175,20.585328,20.690623,20.427384,20.53268,0.0,151
2022-06-17,157124,3046704,20.480032,20.53268,20.322088,20.53268,0.0,117
2022-06-20,206316,3983524,20.427384,20.427384,20.269441,20.322088,-0.210592,108
2022-06-21,236025,4589133,20.53268,20.585328,20.322088,20.53268,0.210592,153
2022-06-22,78492,1520990,20.427384,20.480032,20.322088,20.480032,-0.052648,63
2022-06-23,204946,3987357,20.53268,20.585328,20.374736,20.585328,0.105296,127
2022-06-24,200105,3918168,20.53268,20.795919,20.53268,20.637975,0.052647,154
2022-06-27,231929,4553689,20.637975,20.848567,20.53268,20.690623,0.052648,143
2022-06-28,74652,1459293,20.637975,20.637975,20.53268,20.585328,-0.105295,76
2022-06-29,152943,2969864,20.53268,20.53268,20.374736,20.480032,-0.105296,119
2022-06-30,214629,4154558,20.427384,20.53268,20.322088,20.427384,-0.052648,142
2022-07-01,263554,5078704,20.322088,20.427384,20.216792,20.322088,-0.105296,187
2022-07-04,218145,4195279,20.322088,20.480032,20.111497,20.269441,-0.052647,149
2022-07-05,97105,1872678,20.322088,20.374736,20.164144,20.374736,0.105295,71
2022-07-06,225354,4322849,20.374736,20.374736,20.111497,20.216792,-0.157944,118
2022-07-07,79268,1523467,20.269441,20.322088,20.216792,20.269441,0.052649,78
2022-07-08,107230,2056159,20.216792,20.269441,20.111497,20.216792,-0.052649,90
2022-07-11,385011,7549676,20.690623,20.795919,20.374736,20.743272,0.52648,215
2022-07-12,147167,2864104,20.480032,20.585328,20.427384,20.427384,-0.315888,102
2022-07-13,72251,1413554,20.53268,20.690623,20.53268,20.637975,0.210591,79
2022-07-14,56210,1102066,20.637975,20.690623,20.585328,20.585328,-0.052647,53
2022-07-15,40177,786276,20.480032,20.637975,20.480032,20.585328,0.0,52
2022-07-18,82762,1623564,20.53268,20.690623,20.53268,20.690623,0.105295,66
2022-07-19,92003,1810541,20.637975,20.743272,20.637975,20.690623,0.0,61
2022-07-20,184720,3616528,20.743272,20.848567,20.480032,20.53268,-0.157943,145
2022-07-21,139965,2721965,20.480032,20.585328,20.374736,20.585328,0.052648,80
2022-07-22,43485,847822,20.585328,20.585328,20.480032,20.585328,0.0,52
2022-07-25,41171,807650,20.585328,20.690623,20.585328,20.690623,0.105295,44
2022-07-26,39360,771584,20.690623,20.690623,20.585328,20.637975,-0.052648,52
2022-07-27,45433,891111,20.637975,20.743272,20.585328,20.743272,0.105297,41
2022-07-28,79037,1552820,20.743272,20.743272,20.637975,20.690623,-0.052649,66
2022-07-29,162442,3183776,20.743272,20.743272,20.585328,20.585328,-0.105295,107
2022-08-01,127003,2486387,20.637975,20.637975,20.585328,20.585328,0.0,89
2022-08-02,111328,2175767,20.585328,20.637975,20.53268,20.585328,0.0,60
2022-08-03,165296,3230944,20.53268,20.743272,20.53268,20.585328,0.0,103
2022-08-04,164543,3205103,20.585328,20.585328,20.427384,20.53268,-0.052648,125
2022-08-05,93078,1819723,20.637975,20.637975,20.53268,20.53268,0.0,77
2022-08-08,24502,478559,20.53268,20.637975,20.480032,20.53268,0.0,47
2022-08-09,67902,1331245,20.53268,20.743272,20.53268,20.743272,0.210592,53
2022-08-10,250897,4975497,20.690623,20.953863,20.690623,20.953863,0.210591,170
2022-08-11,192500,3841384,20.953863,21.059159,20.953863,21.059159,0.105296,137
2022-08-12,100972,2015653,20.953863,21.111807,20.953863,21.111807,0.052648,98
2022-08-15,81969,1637223,20.953863,21.059159,20.953863,21.059159,-0.052648,60
2022-08-16,43741,872289,21.059159,21.059159,20.953863,20.953863,-0.105296,56
2022-08-17,92948,1853539,21.059159,21.059159,20.953863,21.006511,0.052648,104
2022-08-18,118428,2361225,21.006511,21.059159,20.953863,21.006511,0.0,75
2022-08-19,339913,6757908,21.111807,21.111807,20.848567,21.006511,0.0,130
2022-08-22,181869,3607948,20.953863,21.006511,20.795919,21.006511,0.0,110
2022-08-23,33720,671540,21.006511,21.006511,20.901215,21.006511,0.0,51
2022-08-24,63467,1265347,21.006511,21.059159,20.953863,21.006511,0.0,47
2022-08-25,107727,2153818,21.006511,21.111807,21.006511,21.059159,0.052648,93
2022-08-26,110024,2203830,21.111807,21.164454,21.059159,21.111807,0.052648,65
2022-08-29,207661,4158488,21.059159,21.164454,21.006511,21.164454,0.052647,144
2022-08-30,101094,2028137,21.059159,21.217103,21.059159,21.217103,0.052649,92
2022-08-31,86481,1738667,21.217103,21.217103,21.111807,21.217103,0.0,64
2022-09-01,211212,4226867,21.059159,21.217103,21.006511,21.217103,0.0,141
2022-09-02,100047,2011347,21.217103,21.217103,21.111807,21.111807,-0.105296,61
2022-09-05,102445,2052061,21.059159,21.217103,21.059159,21.164454,0.052647,90
2022-09-06,110103,2203927,21.164454,21.164454,21.059159,21.164454,0.0,67
2022-09-07,156776,3133013,21.059159,21.111807,21.006511,21.111807,-0.052647,90
2022-09-08,199814,4036835,21.269751,21.322398,21.217103,21.322398,0.210591,115
2022-09-12,152372,3087822,21.427694,21.427694,21.269751,21.375046,0.052648,109
2022-09-13,108908,2211017,21.322398,21.427694,21.322398,21.375046,0.0,69
2022-09-14,305822,6232828,21.375046,21.638285,21.322398,21.53299,0.157944,161
2022-09-15,251634,5148859,21.480342,21.638285,21.480342,21.585638,0.052648,134
2022-09-16,233590,4763464,21.53299,21.53299,21.427694,21.480342,-0.105296,115
2022-09-19,137727,2793520,21.480342,21.480342,21.269751,21.375046,-0.105296,88
2022-09-20,113873,2316297,21.427694,21.53299,21.322398,21.480342,0.105296,93
2022-09-21,203817,4130497,21.480342,21.480342,21.269751,21.322398,-0.157944,84
2022-09-22,224159,4505439,21.164454,21.217103,21.111807,21.217103,-0.105295,165
2022-09-23,84438,1702332,21.217103,21.322398,21.164454,21.164454,-0.052649,63
2022-09-26,238741,4779305,21.269751,21.269751,21.006511,21.059159,-0.105295,157
2022-09-27,106404,2131070,21.059159,21.217103,21.059159,21.111807,0.052648,97
2022-09-28,360246,7171389,21.111807,21.111807,20.848567,20.953863,-0.157944,230
2022-09-29,67208,1341555,20.953863,21.059159,20.953863,21.006511,0.052648,64
2022-09-30,112269,2244285,21.059159,21.111807,20.953863,21.111807,0.105296,79
2022-10-03,139602,2782556,21.059159,21.059159,20.953863,21.059159,-0.052648,110
2022-10-04,148030,2960722,21.059159,21.111807,20.953863,21.059159,0.0,89
2022-10-05,156136,3127669,21.059159,21.217103,21.059159,21.217103,0.157944,85
2022-10-06,68317,1367761,21.164454,21.164454,21.059159,21.111807,-0.105296,53
2022-10-07,74285,1486954,21.059159,21.164454,21.059159,21.111807,0.0,56
2022-10-11,185780,3696490,21.059159,21.059159,20.901215,20.953863,-0.157944,169
2022-10-12,140194,2780077,20.953863,20.953863,20.848567,20.953863,0.0,76
2022-10-13,261022,5155268,20.953863,20.953863,20.690623,20.848567,-0.105296,191
2022-10-14,171106,3408161,20.901215,21.059159,20.901215,21.059159,0.210592,78
2022-10-17,149203,2949232,20.953863,20.953863,20.743272,20.953863,-0.105296,82
2022-10-18,119823,2379766,20.953863,21.059159,20.848567,21.006511,0.052648,95
2022-10-19,108121,2149596,21.006511,21.006511,20.848567,20.953863,-0.052648,84
2022-10-20,125502,2475895,20.848567,20.901215,20.637975,20.848567,-0.105296,76
2022-10-21,83892,1656206,20.848567,20.848567,20.743272,20.795919,-0.052648,84
2022-10-24,125097,2478122,20.848567,20.953863,20.795919,20.848567,0.052648,83
2022-10-25,116444,2311317,20.901215,21.006511,20.848567,20.953863,0.105296,100
2022-10-26,112023,2227134,20.953863,21.059159,20.848567,20.953863,0.0,104
2022-10-27,91277,1820894,21.006511,21.059159,20.953863,21.059159,0.105296,72
2022-10-28,879972,17282241,21.059159,21.059159,20.53268,20.743272,-0.315887,459
2022-10-31,90463,1789538,20.953863,20.953863,20.795919,20.848567,0.105295,104
2022-11-01,71122,1408425,20.743272,20.953863,20.743272,20.953863,0.105296,50
2022-11-02,54340,1081213,21.059159,21.059159,20.848567,20.848567,-0.105296,42
2022-11-03,28116,557056,20.901215,20.901215,20.795919,20.848567,0.0,45
2022-11-04,74598,1476585,20.848567,21.006511,20.795919,21.006511,0.157944,53
2022-11-07,139184,2781638,21.059159,21.164454,20.953863,21.111807,0.105296,66
2022-11-08,98050,1969104,21.269751,21.269751,21.111807,21.164454,0.052647,64
2022-11-09,142268,2858225,21.164454,21.217103,21.111807,21.217103,0.052649,99
2022-11-10,70041,1404068,21.111807,21.217103,21.006511,21.217103,0.0,52
2022-11-11,220664,4457117,21.269751,21.322398,21.217103,21.269751,0.052648,122
2022-11-14,78322,1578703,21.217103,21.322398,21.164454,21.322398,0.052647,76
2022-11-15,110614,2229270,21.217103,21.269751,21.164454,21.269751,-0.052647,77
2022-11-16,78943,1586662,21.217103,21.217103,21.111807,21.111807,-0.157944,87
2022-11-17,52646,1058758,21.164454,21.217103,21.111807,21.217103,0.105296,45
2022-11-18,43322,871191,21.217103,21.217103,21.111807,21.164454,-0.052649,40
2022-11-21,91436,1837831,21.164454,21.217103,21.111807,21.217103,0.052649,54
2022-11-22,78257,1575229,21.164454,21.269751,21.164454,21.269751,0.052648,58
2022-11-23,87428,1769263,21.269751,21.375046,21.269751,21.375046,0.105295,72
2022-11-24,122875,2496593,21.375046,21.480342,21.375046,21.427694,0.052648,102
2022-11-25,65588,1334132,21.480342,21.53299,21.375046,21.427694,0.0,66
2022-11-28,165957,3372355,21.427694,21.53299,21.322398,21.480342,0.052648,125
2022-11-29,86891,1764866,21.480342,21.480342,21.322398,21.427694,-0.052648,61
2022-11-30,136760,2779334,21.427694,21.427694,21.375046,21.427694,0.0,92
2022-12-01,223521,4551197,21.427694,21.480342,21.375046,21.427694,0.0,103
2022-12-02,161304,3294502,21.480342,21.638285,21.427694,21.53299,0.105296,87
2022-12-05,164667,3382071,21.53299,21.690934,21.53299,21.690934,0.157944,114
2022-12-06,115421,2372503,21.585638,21.690934,21.585638,21.690934,0.0,84
2022-12-07,210413,4314728,21.585638,21.690934,21.53299,21.585638,-0.105296,128
2022-12-08,137386,2814589,21.585638,21.585638,21.53299,21.585638,0.0,78
2022-12-09,80149,1639246,21.53299,21.585638,21.480342,21.585638,0.0,78
2022-12-12,95454,1949229,21.585638,21.585638,21.480342,21.585638,0.0,49
2022-12-13,121128,2471058,21.480342,21.53299,21.480342,21.480342,-0.105296,68
2022-12-14,186272,3816295,21.585638,21.690934,21.427694,21.585638,0.105296,132
2022-12-15,146372,2996740,21.585638,21.638285,21.480342,21.585638,0.0,87
2022-12-16,192997,3954184,21.53299,21.638285,21.480342,21.480342,-0.105296,92
2022-12-19,111019,2267786,21.480342,21.585638,21.480342,21.585638,0.105296,60
2022-12-20,66029,1353488,21.690934,21.690934,21.480342,21.480342,-0.105296,61
2022-12-21,88158,1799319,21.53299,21.585638,21.427694,21.585638,0.105296,53
2022-12-22,26073,533820,21.53299,21.585638,21.53299,21.585638,0.0,54
2022-12-23,88180,1802480,21.480342,21.585638,21.480342,21.53299,-0.052648,65
2022-12-26,72633,1482271,21.53299,21.53299,21.427694,21.53299,0.0,84
2022-12-27,56401,1151540,21.53299,21.53299,21.480342,21.53299,0.0,72
2022-12-28,50023,1022103,21.53299,21.53299,21.480342,21.53299,0.0,59
2022-12-29,81939,1673464,21.585638,21.585638,21.427694,21.480342,-0.052648,53
2022-12-30,37807,771649,21.480342,21.53299,21.480342,21.53299,0.052648,33
2023-01-03,115199,2351118,21.480342,21.585638,21.375046,21.585638,0.052648,59
2023-01-04,69098,1412841,21.53299,21.585638,21.480342,21.585638,0.0,56
2023-01-05,59718,1223511,21.585638,21.585638,21.53299,21.585638,0.0,60
2023-01-06,58382,1195475,21.585638,21.585638,21.53299,21.585638,0.0,51
2023-01-09,258984,5326739,21.638285,21.690934,21.638285,21.690934,0.105296,157
2023-01-10,121621,2502022,21.638285,21.690934,21.638285,21.638285,-0.052649,82
2023-01-11,99063,2036912,21.638285,21.743582,21.638285,21.743582,0.105297,63
2023-01-12,64713,1334248,21.743582,21.743582,21.638285,21.743582,0.0,73
2023-01-13,111679,2299065,21.743582,21.743582,21.638285,21.743582,0.0,105
2023-01-16,100829,2076003,21.743582,21.743582,21.638285,21.743582,0.0,96
2023-01-17,130425,2690865,21.743582,21.796229,21.638285,21.796229,0.052647,86
2023-01-30,193371,4002073,21.796229,21.901525,21.743582,21.743582,-0.052647,143
2023-01-31,94143,1946164,21.690934,21.796229,21.690934,21.743582,0.0,75
2023-02-01,94667,1956033,21.743582,21.848877,21.690934,21.796229,0.052647,95
2023-02-02,76282,1579279,21.796229,21.848877,21.743582,21.796229,0.0,100
2023-02-03,96409,1993973,21.743582,21.848877,21.743582,21.848877,0.052648,109
2023-02-06,66639,1382070,21.848877,21.901525,21.796229,21.901525,0.052648,146
2023-02-07,266719,5547272,21.901525,21.954173,21.796229,21.901525,0.0,160
2023-02-08,56506,1174514,21.796229,21.954173,21.796229,21.901525,0.0,118
2023-02-09,77439,1607048,21.796229,21.901525,21.796229,21.848877,-0.052648,98
2023-02-10,135558,2804363,21.796229,21.848877,21.743582,21.796229,-0.052648,113
2023-02-13,169508,3501924,21.796229,21.796229,21.690934,21.743582,-0.052647,158
2023-02-14,139266,2876277,21.743582,21.848877,21.690934,21.743582,0.0,150
2023-02-15,111303,2298177,21.743582,21.796229,21.690934,21.690934,-0.052648,114
2023-02-16,102185,2117635,21.848877,21.901525,21.743582,21.848877,0.157943,129
2023-02-17,118969,2463063,21.796229,21.848877,21.743582,21.796229,-0.052648,118
2023-02-20,124897,2587258,21.796229,21.848877,21.690934,21.796229,0.0,147
2023-02-21,167395,3476177,21.848877,22.006821,21.743582,22.006821,0.210592,154
2023-02-22,165753,3451002,21.901525,21.954173,21.796229,21.954173,-0.052648,165
2023-02-23,84917,1765394,21.848877,21.954173,21.848877,21.901525,-0.052648,147
2023-02-24,145104,3007368,21.901525,21.901525,21.743582,21.901525,0.0,157
2023-03-01,129929,2702863,21.901525,21.954173,21.796229,21.848877,-0.052648,173
2023-03-02,155406,3228070,21.954173,21.954173,21.848877,21.901525,0.052648,153
2023-03-03,177130,3686002,21.848877,21.954173,21.796229,21.901525,0.0,147
2023-03-06,280301,5848238,21.954173,22.006821,21.901525,21.954173,0.052648,225
2023-03-07,85603,1786863,21.954173,22.006821,21.901525,22.006821,0.052648,150
2023-03-08,498344,10517558,22.059469,22.375356,22.006821,22.27006,0.263239,329
2023-03-09,641425,13681118,22.322708,22.5333,22.322708,22.480652,0.210592,441
2023-03-10,338651,7180193,22.428004,22.480652,22.164765,22.27006,-0.210592,259
2023-03-13,232372,4876764,22.217413,22.217413,21.954173,22.164765,-0.105295,284
2023-03-14,274907,5749642,22.217413,22.217413,21.954173,22.006821,-0.157944,247
2023-03-15,125722,2628635,22.059469,22.112116,21.954173,21.954173,-0.052648,153
2023-03-16,290545,6025638,22.164765,22.164765,21.690934,21.690934,-0.263239,226
2023-03-17,287046,5921754,21.690934,21.848877,21.638285,21.743582,0.052648,202
2023-03-20,83473,1723014,21.743582,21.796229,21.690934,21.796229,0.052647,134
2023-03-21,57433,1190839,21.901525,21.901525,21.743582,21.796229,0.0,96
2023-03-22,55647,1155812,21.901525,21.954173,21.796229,21.848877,0.052648,107
2023-03-23,76996,1603749,21.848877,21.954173,21.848877,21.954173,0.105296,110
2023-03-24,70058,1455576,21.954173,21.954173,21.848877,21.848877,-0.105296,85
2023-03-27,76126,1575916,21.796229,21.848877,21.743582,21.848877,0.0,127
2023-03-28,84124,1742198,21.848877,21.848877,21.743582,21.848877,0.0,99
2023-03-29,117330,2429099,21.848877,21.901525,21.743582,21.848877,0.0,106
2023-03-30,141241,2925440,21.848877,21.848877,21.796229,21.848877,0.0,82
2023-03-31,94964,1968110,21.901525,21.901525,21.796229,21.848877,0.0,91
2023-04-06,78328,1630044,21.901525,22.006821,21.796229,21.954173,0.105296,121
2023-04-07,26062,542889,21.954173,21.954173,21.901525,21.901525,-0.052648,83
2023-04-10,66188,1374740,21.901525,21.954173,21.796229,21.901525,0.0,137
2023-04-11,78070,1624203,21.901525,21.954173,21.901525,21.901525,0.0,105
2023-04-12,104406,2178201,21.901525,22.006821,21.901525,22.006821,0.105296,139
2023-04-13,173636,3658626,22.164765,22.27006,22.112116,22.112116,0.105295,299
2023-04-14,288478,6067274,22.217413,22.27006,22.059469,22.164765,0.052649,158
2023-04-17,139884,2950292,22.164765,22.27006,22.164765,22.217413,0.052648,102
2023-04-18,203145,4298069,22.217413,22.375356,22.217413,22.217413,0.0,108
2023-04-19,123294,2596441,22.27006,22.27006,22.112116,22.164765,-0.052648,114
2023-04-20,96246,2010082,22.217413,22.217413,21.901525,22.006821,-0.157944,85
2023-04-21,74193,1553529,22.059469,22.112116,22.006821,22.006821,0.0,67
2023-04-24,61125,1283599,22.112116,22.112116,22.059469,22.059469,0.052648,41
2023-04-25,132182,2761823,22.112116,22.112116,21.901525,21.954173,-0.105296,97
2023-04-26,103011,2147324,22.059469,22.112116,21.848877,22.059469,0.105296,76
2023-04-27,55068,1155637,22.112116,22.112116,22.059469,22.059469,0.0,94
2023-04-28,531575,11302979,22.27006,22.480652,22.27006,22.375356,0.315887,294
2023-05-02,512088,10958833,22.480652,22.585948,22.480652,22.5333,0.157944,296
2023-05-03,194953,4179793,22.5333,22.638596,22.5333,22.585948,0.052648,196
2023-05-04,330839,7124709,22.585948,22.796539,22.585948,22.638596,0.052648,224
2023-05-05,178735,3859417,22.743891,22.796539,22.691244,22.691244,0.052648,178
2023-05-08,383028,8314398,22.796539,22.954483,22.691244,22.901835,0.210591,268
2023-05-09,288686,6287992,22.954483,23.007131,22.849187,22.954483,0.052648,194
2023-05-10,634901,13921207,23.059779,23.217723,22.954483,23.059779,0.105296,399
2023-05-11,360064,7858067,23.112427,23.112427,22.849187,22.901835,-0.157944,217
2023-05-12,362469,7904460,22.901835,23.059779,22.901835,22.954483,0.052648,218
2023-05-15,259426,5668512,23.007131,23.059779,22.954483,23.059779,0.105296,177
2023-05-16,487005,10736009,23.112427,23.27037,23.112427,23.165075,0.105296,292
2023-05-17,483021,10701875,23.27037,23.428314,23.165075,23.323018,0.157943,398
2023-05-18,453458,10083834,23.375666,23.53361,23.323018,23.428314,0.105296,247
2023-05-19,509969,11396876,23.480962,23.638906,23.375666,23.480962,0.052648,210
2023-05-22,228468,5087935,23.480962,23.586258,23.323018,23.480962,0.0,171
2023-05-23,310184,6954792,23.480962,23.691554,23.480962,23.586258,0.105296,226
2023-05-24,206336,4627371,23.586258,23.691554,23.586258,23.586258,0.0,182
2023-05-25,261659,5860469,23.480962,23.638906,23.480962,23.53361,-0.052648,247
2023-05-26,119988,2682380,23.428314,23.638906,23.428314,23.480962,-0.052648,124
2023-05-29,161775,3611511,23.480962,23.586258,23.428314,23.53361,0.052648,142
2023-05-30,189572,4240504,23.638906,23.638906,23.480962,23.53361,0.0,108
2023-05-31,164081,3662817,23.480962,23.586258,23.480962,23.53361,0.0,72
2023-06-01,188387,4213072,23.53361,23.586258,23.480962,23.53361,0.0,152
2023-06-02,149729,3346753,23.53361,23.586258,23.480962,23.53361,0.0,156
2023-06-05,313970,7038426,23.53361,23.691554,23.53361,23.638906,0.105296,164
2023-06-06,325540,7290145,23.638906,23.691554,23.480962,23.638906,0.0,226
2023-06-07,373199,8396323,23.586258,23.744201,23.586258,23.691554,0.052648,163
2023-06-08,317590,7142466,23.796849,23.796849,23.586258,23.744201,0.052647,141
2023-06-09,361331,8153905,23.744201,23.849498,23.691554,23.744201,0.0,200
2023-06-12,537304,12208209,23.796849,24.060089,23.744201,23.902145,0.157944,224
2023-06-13,583107,13355564,23.902145,24.218032,23.902145,24.112737,0.210592,285
2023-06-14,268690,6143947,24.112737,24.165385,24.007441,24.060089,-0.052648,146
2023-06-15,427908,9835128,24.060089,24.323329,24.060089,24.323329,0.26324,201
2023-06-16,587950,13664362,24.323329,24.53392,24.323329,24.481272,0.157943,278
2023-06-19,366681,8508600,24.428624,24.639216,24.323329,24.375976,-0.105296,255
2023-06-20,353272,8141901,24.375976,24.428624,24.112737,24.165385,-0.210591,289
2023-06-21,284563,6513142,24.218032,24.218032,24.007441,24.165385,0.0,239
2023-06-26,241216,5537413,24.27068,24.27068,24.112737,24.165385,0.0,159
2023-06-27,306383,7027220,24.323329,24.323329,24.060089,24.112737,-0.052648,192
2023-06-28,150213,3457466,24.112737,24.27068,24.112737,24.218032,0.105295,80
2023-06-29,232872,5351900,24.218032,24.218032,24.112737,24.165385,-0.052647,104
2023-06-30,211451,4854856,24.165385,24.27068,24.112737,24.165385,0.0,117
2023-07-03,716954,16471670,24.218032,24.27068,24.112737,24.165385,0.0,307
2023-07-04,972633,22322768,24.165385,24.218032,24.112737,24.218032,0.052647,438
2023-07-05,692279,15306036,24.273074,24.383155,24.273074,24.328114,0.110082,416
2023-07-06,375984,8346331,24.328114,24.493238,24.328114,24.438197,0.110083,237
2023-07-07,425966,9386909,24.438197,24.548278,24.10795,24.383155,-0.055042,254
2023-07-10,609790,13709987,24.493238,24.933566,24.493238,24.823483,0.440328,258
2023-07-11,479095,10907969,25.15373,25.15373,24.988606,25.098688,0.275205,199
2023-07-12,442600,10085325,25.098688,25.15373,25.043647,25.043647,-0.055041,214
2023-07-13,317202,7246461,25.098688,25.263811,25.043647,25.15373,0.110083,195
2023-07-14,312212,7119522,25.15373,25.15373,24.988606,25.15373,0.0,173
2023-07-17,491401,11302874,25.15373,25.428934,25.15373,25.318852,0.165122,236
2023-07-18,276233,6363506,25.318852,25.428934,25.263811,25.428934,0.110082,160
2023-07-19,287259,6599395,25.428934,25.428934,25.20877,25.20877,-0.220164,176
2023-07-20,328993,7580125,25.20877,25.428934,25.15373,25.373893,0.165123,170
2023-07-21,280611,6448983,25.373893,25.373893,25.20877,25.263811,-0.110082,176
2023-07-24,246148,5622420,25.263811,25.263811,25.098688,25.098688,-0.165123,167
2023-07-25,271714,6190775,25.098688,25.15373,25.043647,25.15373,0.055042,159
2023-07-26,226997,5202201,25.15373,25.318852,25.098688,25.263811,0.110081,123
2023-07-27,185701,4264032,25.263811,25.318852,25.20877,25.263811,0.0,126
2023-07-28,161199,3689590,25.20877,25.263811,25.098688,25.263811,0.0,128
2023-07-31,469383,10791381,25.20877,25.483975,25.15373,25.318852,0.055041,190
2023-08-01,485019,11183513,25.318852,25.483975,25.263811,25.428934,0.110082,146
2023-08-02,437771,10066921,25.428934,25.483975,25.20877,25.263811,-0.165123,213
2023-08-04,317747,7293886,25.263811,25.318852,25.15373,25.318852,0.055041,163
2023-08-07,181290,4171340,25.318852,25.428934,25.20877,25.318852,0.0,148
2023-08-08,171845,3942193,25.20877,25.318852,25.20877,25.318852,0.0,193
2023-08-09,123636,2840631,25.318852,25.318852,25.20877,25.318852,0.0,83
2023-08-10,339506,7799627,25.318852,25.373893,25.20877,25.263811,-0.055041,169
2023-08-11,540934,12483352,25.20877,25.539016,25.20877,25.483975,0.220164,219
2023-08-14,667186,15412595,25.483975,25.704139,25.20877,25.318852,-0.165123,242
2023-08-15,462738,10600921,25.318852,25.428934,25.15373,25.20877,-0.110082,191
2023-08-16,461245,10425987,25.15373,25.15373,24.768442,24.823483,-0.385287,301
2023-08-17,403262,8966885,24.218033,24.878524,24.218033,24.878524,0.055041,226
2023-08-18,548238,12505669,24.548278,25.428934,24.548278,25.15373,0.275206,201
2023-08-21,370874,8522729,25.20877,25.373893,25.15373,25.318852,0.165122,132
2023-08-22,185078,4255438,25.318852,25.428934,25.263811,25.318852,0.0,81
2023-08-23,117392,2697157,25.318852,25.318852,25.20877,25.318852,0.0,72
2023-08-24,73927,1700765,25.318852,25.373893,25.263811,25.373893,0.055041,72
2023-08-25,150664,3474116,25.263811,25.428934,25.263811,25.318852,-0.055041,89
2023-08-28,506954,11864962,25.539016,25.869262,25.539016,25.814221,0.495369,311
2023-08-29,643607,15171836,26.089426,26.144467,25.814221,25.924303,0.110082,317
2023-08-30,246211,5791498,25.979344,25.979344,25.814221,25.869262,-0.055041,142
2023-08-31,132921,3117706,25.869262,25.924303,25.75918,25.869262,0.0,82
2023-09-01,173390,4078657,25.704139,25.979344,25.704139,25.869262,0.0,118
2023-09-04,245726,5782810,25.869262,25.979344,25.594057,25.979344,0.110082,210
2023-09-05,339822,8029117,25.979344,26.144467,25.869262,26.034385,0.055041,221
2023-09-06,152150,3584855,25.869262,26.034385,25.869262,25.979344,-0.055041,138
2023-09-07,255448,5976800,25.75918,25.924303,25.649099,25.75918,-0.220164,159
2023-09-08,311401,7281185,25.704139,25.924303,25.649099,25.924303,0.165123,103
2023-09-11,525709,12420072,25.924303,26.089426,25.869262,26.034385,0.110082,228
2023-09-12,823609,19662998,26.089426,26.419672,26.034385,26.419672,0.385287,386
2023-09-13,689808,16601075,26.419672,26.694877,26.30959,26.639836,0.220164,378
2023-09-14,500920,12148589,26.694877,26.804959,26.639836,26.749918,0.110082,301
2023-09-15,352950,8576156,26.804959,26.915041,26.584795,26.804959,0.055041,210
2023-09-18,237999,5784860,26.859999,26.970082,26.639836,26.749918,-0.055041,240
2023-09-19,219003,5312819,26.859999,26.859999,26.529754,26.639836,-0.110082,158
2023-09-20,440173,10569013,26.639836,26.639836,26.30959,26.364631,-0.275205,237
2023-09-21,486653,11503135,26.364631,26.364631,25.924303,25.924303,-0.440328,333
2023-09-22,145733,3423246,25.75918,25.979344,25.75918,25.924303,0.0,120
2023-09-25,189191,4433422,25.814221,25.869262,25.75918,25.814221,-0.110082,145
2023-09-26,280787,6530932,25.75918,25.75918,25.483975,25.539016,-0.275205,225
2023-09-27,197135,4555393,25.318852,25.539016,25.318852,25.539016,0.0,132
2023-09-28,163917,3823733,25.539016,25.814221,25.539016,25.704139,0.165123,101
2023-10-02,422749,9823946,25.594057,25.704139,25.483975,25.594057,-0.110082,268
2023-10-03,185294,4325292,25.594057,25.814221,25.539016,25.539016,-0.055041,147
2023-10-04,251461,5791454,25.428934,25.483975,25.318852,25.318852,-0.220164,170
2023-10-05,112385,2604902,25.483975,25.594057,25.373893,25.483975,0.165123,113
2023-10-06,124696,2897602,25.539016,25.649099,25.539016,25.649099,0.165124,79
2023-10-11,360783,8366171,25.428934,25.649099,25.373893,25.649099,0.0,198
2023-10-12,255772,5981991,25.539016,25.924303,25.539016,25.924303,0.275204,139
2023-10-13,87339,2049941,25.75918,25.924303,25.75918,25.869262,-0.055041,99
2023-10-16,180353,4187896,25.649099,25.649099,25.483975,25.649099,-0.220163,193
2023-10-17,81625,1899695,25.539016,25.75918,25.483975,25.649099,0.0,75
2023-10-18,98231,2291016,25.649099,25.814221,25.539016,25.539016,-0.110083,95
2023-10-19,131177,3046554,25.539016,25.649099,25.483975,25.649099,0.110083,104
2023-10-20,142147,3295866,25.539016,25.649099,25.373893,25.649099,0.0,78
2023-10-23,94402,2194185,25.483975,25.75918,25.483975,25.594057,-0.055042,102
2023-10-24,70252,1635612,25.594057,25.649099,25.594057,25.594057,0.0,75
2023-10-25,131945,3080142,25.594057,25.814221,25.539016,25.704139,0.110082,91
2023-10-26,148396,3458054,25.594057,25.75918,25.594057,25.704139,0.0,94
2023-10-27,96634,2262904,25.704139,25.814221,25.704139,25.75918,0.055041,79
2023-10-30,822920,19998563,26.529754,26.915041,26.529754,26.749918,0.990738,522
2023-10-31,415042,10057674,26.804959,26.859999,26.529754,26.584795,-0.165123,272
2023-11-01,705141,17288057,26.639836,27.190246,26.639836,27.135205,0.55041,431
2023-11-02,354512,8751523,27.300327,27.300327,27.025123,27.135205,0.0,226
2023-11-03,341145,8430948,27.300327,27.300327,26.970082,27.300327,0.165122,263
2023-11-06,862448,21599849,27.41041,27.685615,27.41041,27.575532,0.275205,398
2023-11-07,410388,10265959,27.630574,27.630574,27.41041,27.630574,0.055042,241
2023-11-08,423691,10605089,27.630574,27.740656,27.41041,27.520491,-0.110083,262
2023-11-09,396334,9879813,27.520491,27.520491,27.355368,27.355368,-0.165123,180
2023-11-10,298584,7452040,27.575532,27.575532,27.355368,27.355368,0.0,228
2023-11-13,278463,6942315,27.575532,27.575532,27.355368,27.465451,0.110083,216
2023-11-14,556395,13901389,27.575532,27.630574,27.355368,27.41041,-0.055041,276
2023-11-15,419743,10473733,27.41041,27.520491,27.41041,27.41041,0.0,212
2023-11-16,289955,7216058,27.41041,27.520491,27.355368,27.41041,0.0,196
2023-11-17,238957,5940903,27.41041,27.41041,27.300327,27.41041,0.0,258
2023-11-20,148527,3711757,27.520491,27.630574,27.41041,27.520491,0.110081,131
2023-11-21,397383,9946195,27.630574,27.685615,27.465451,27.520491,0.0,225
2023-11-22,412897,10323100,27.520491,27.685615,27.465451,27.465451,-0.05504,317
2023-11-23,318426,7959120,27.520491,27.575532,27.41041,27.520491,0.05504,361
2023-11-24,175595,4389570,27.520491,27.575532,27.465451,27.520491,0.0,103
2023-11-27,334428,8357937,27.630574,27.630574,27.41041,27.41041,-0.110081,182
2023-11-28,436583,10895103,27.520491,27.575532,27.355368,27.520491,0.110081,306
2023-11-29,546989,13671216,27.575532,27.575532,27.465451,27.575532,0.055041,302
2023-11-30,451695,11288656,27.630574,27.630574,27.41041,27.465451,-0.110081,171
2023-12-01,293573,7323602,27.520491,27.520491,27.41041,27.520491,0.05504,257
2023-12-04,213181,5316510,27.520491,27.520491,27.41041,27.41041,-0.110081,265
2023-12-05,373509,9324059,27.41041,27.575532,27.355368,27.465451,0.055041,296
2023-12-06,297279,7416949,27.465451,27.575532,27.41041,27.520491,0.05504,331
2023-12-07,268895,6707264,27.520491,27.520491,27.41041,27.41041,-0.110081,256
2023-12-08,331078,8260517,27.520491,27.520491,27.41041,27.520491,0.110081,214
2023-12-11,355284,8873393,27.520491,27.520491,27.465451,27.465451,-0.05504,170
2023-12-12,242297,6044671,27.465451,27.520491,27.41041,27.520491,0.05504,156
2023-12-13,439501,10979305,27.465451,27.520491,27.41041,27.465451,-0.05504,230
2023-12-14,615812,15416093,27.575532,27.685615,27.465451,27.630574,0.165123,311
2023-12-15,839482,21161639,27.740656,27.905779,27.630574,27.905779,0.275205,374
2023-12-18,552586,13994178,27.905779,28.01586,27.740656,27.850737,-0.055042,339
2023-12-19,386965,9776978,27.905779,27.96082,27.740656,27.96082,0.110083,164
2023-12-20,350960,8933201,27.96082,28.070901,27.96082,28.070901,0.110081,245
2023-12-21,130311,3319736,28.070901,28.070901,28.01586,28.070901,0.0,162
2023-12-22,240120,6126114,28.125943,28.125943,28.070901,28.070901,0.0,177
2023-12-25,469889,11992362,28.070901,28.180984,28.070901,28.125943,0.055042,199
2023-12-26,903714,23519931,28.236024,28.896516,28.236024,28.896516,0.770573,660
2023-12-27,1055835,28240464,29.061639,29.66709,28.951557,29.66709,0.770574,699
2023-12-28,1003072,26803214,29.832212,29.832212,29.11668,29.226762,-0.440328,706
2023-12-29,222683,5902308,29.11668,29.446926,29.006598,29.281803,0.055041,238
2024-01-02,370840,9879554,29.226762,29.557008,29.11668,29.281803,0.0,278
2024-01-03,383682,10157983,29.281803,29.281803,29.061639,29.11668,-0.165123,399
2024-01-04,563505,14844022,29.061639,29.171721,28.896516,29.061639,-0.055041,348
2024-01-05,251212,6632004,29.061639,29.11668,29.006598,29.061639,0.0,249
2024-01-08,565023,14867429,29.061639,29.061639,28.896516,28.951557,-0.110082,299
2024-01-09,569937,14960703,29.171721,29.171721,28.676352,28.786434,-0.165123,352
2024-01-10,1839717,46731328,28.621312,28.621312,27.740656,27.850737,-0.935697,1538
2024-01-11,662339,16933635,28.01586,28.456188,27.850737,28.401148,0.550411,349
2024-01-12,321075,8216053,28.291065,28.291065,28.070901,28.125943,-0.275205,238
2024-01-15,222326,5706934,28.125943,28.346106,28.125943,28.236024,0.110081,179
2024-01-16,405137,10320516,28.125943,28.346106,27.850737,27.850737,-0.385287,398
2024-01-17,494203,12446427,27.850737,27.850737,27.630574,27.685615,-0.165122,375
2024-01-18,329209,8416012,27.740656,28.621312,27.740656,28.291065,0.60545,291
2024-01-19,202167,5176685,28.070901,28.291065,28.070901,28.180984,-0.110081,332
2024-01-22,449977,11441484,28.180984,28.291065,27.850737,27.905779,-0.275205,439
2024-01-23,167185,4277296,28.070901,28.346106,28.01586,28.291065,0.385286,181
2024-01-24,292318,7553931,28.070901,28.56627,28.070901,28.456188,0.165123,244
2024-01-25,278584,7196125,28.291065,28.511229,28.291065,28.456188,0.0,203
2024-01-26,398870,10399281,28.346106,28.951557,28.346106,28.951557,0.495369,327
2024-01-29,636299,16575389,28.951557,28.951557,28.56627,28.621312,-0.330245,348
2024-01-30,294082,7666229,28.841475,28.841475,28.511229,28.786434,0.165122,220
2024-01-31,134717,3511597,28.731393,28.841475,28.621312,28.731393,-0.055041,125
2024-02-01,101271,2656431,28.731393,28.951557,28.731393,28.951557,0.220164,161
2024-02-02,275374,7171432,28.841475,28.896516,28.56627,28.621312,-0.330245,368
2024-02-05,185194,4814769,28.621312,28.786434,28.511229,28.621312,0.0,203
2024-02-15,215451,5620357,28.56627,28.841475,28.56627,28.621312,0.0,241
2024-02-16,760281,20137743,28.786434,29.501967,28.786434,29.006598,0.385286,537
2024-02-19,278049,7376984,29.006598,29.336844,29.006598,29.226762,0.220164,369
2024-02-20,272866,7208973,29.281803,29.281803,28.951557,29.006598,-0.220164,238
2024-02-21,593579,15797148,29.171721,29.446926,29.11668,29.336844,0.330246,451
2024-02-22,141328,3757136,29.281803,29.336844,29.171721,29.281803,-0.055041,206
2024-02-23,256067,6782891,29.281803,29.336844,29.006598,29.006598,-0.275205,219
2024-02-26,188681,4987847,29.006598,29.171721,28.951557,29.171721,0.165123,251
2024-02-27,177848,4697877,29.061639,29.336844,28.951557,29.061639,-0.110082,195
2024-02-29,262107,6956744,28.951557,29.336844,28.951557,29.226762,0.165123,254
2024-03-01,334862,8894160,29.226762,29.336844,29.11668,29.281803,0.055041,210
2024-03-04,445940,11849985,29.281803,29.446926,28.951557,29.226762,-0.055041,395
2024-03-05,493592,13250310,29.226762,29.66709,29.226762,29.612049,0.385287,349
2024-03-06,565310,15316162,29.66709,29.887254,29.66709,29.832212,0.220163,408
2024-03-07,315124,8525122,29.722131,29.832212,29.66709,29.777172,-0.05504,397
2024-03-08,345647,9281931,29.722131,29.777172,29.391885,29.501967,-0.275205,399
2024-03-11,1368863,37717062,29.66709,30.657828,29.66709,30.382623,0.880656,768
2024-03-12,2300025,65280042,30.547745,31.538483,30.547745,31.373361,0.990738,1274
2024-03-13,842355,23907158,31.538483,31.538483,31.043114,31.373361,0.0,741
2024-03-14,3548375,94773815,29.997336,30.107418,28.841475,29.336844,-2.036517,1966
2024-03-15,672448,17881106,29.281803,29.446926,29.11668,29.171721,-0.165123,469
2024-03-18,410654,10836346,29.11668,29.171721,28.951557,29.061639,-0.110082,467
2024-03-19,413993,10900977,29.061639,29.11668,28.896516,29.006598,-0.055041,476
2024-03-20,453520,11922815,28.841475,29.11668,28.841475,29.006598,0.0,321
2024-03-21,479077,12620791,29.006598,29.281803,28.951557,28.951557,-0.055041,377
2024-03-22,340612,8979163,28.951557,29.11668,28.896516,29.061639,0.110082,273
2024-03-25,127530,3360450,29.006598,29.11668,28.951557,28.951557,-0.110082,216
2024-03-26,706768,18482253,28.951557,29.006598,28.676352,28.676352,-0.275205,492
2024-03-27,192285,5033390,28.621312,28.951557,28.621312,28.841475,0.165123,235
2024-03-28,164518,4325921,28.841475,29.006598,28.841475,28.951557,0.110082,230
2024-03-29,261509,6894961,28.951557,29.11668,28.951557,29.061639,0.110082,206
2024-04-01,315605,8374753,29.061639,29.336844,29.061639,29.226762,0.165123,238
2024-04-02,222352,5906038,29.11668,29.336844,29.11668,29.281803,0.055041,211
2024-04-03,386770,10220839,29.226762,29.226762,29.006598,29.061639,-0.220164,205
2024-04-08,706219,18506791,29.006598,29.006598,28.621312,28.786434,-0.275205,476
2024-04-09,289514,7619102,28.786434,29.061639,28.786434,29.006598,0.220164,210
2024-04-10,391330,10382193,29.061639,29.501967,29.061639,29.226762,0.220164,231
2024-04-11,799335,21560438,29.722131,29.832212,29.557008,29.66709,0.440328,503
2024-04-12,1214314,33444707,29.887254,30.547745,29.887254,30.547745,0.880655,660
2024-04-15,721124,19960495,30.547745,30.602787,30.327581,30.382623,-0.165122,600
2024-04-16,1115901,30280864,30.382623,30.382623,29.446926,29.832212,-0.550411,781
2024-04-17,1031100,28598031,30.162459,30.933033,30.162459,30.547745,0.715533,545
2024-04-18,784401,21944382,30.547745,30.988073,30.492705,30.877992,0.330247,638
2024-04-19,1026442,28720547,30.933033,31.263278,30.2175,30.877992,0.0,624
2024-04-22,509978,14418185,30.877992,31.318319,30.82295,31.208237,0.330245,357
2024-04-23,742348,21224653,31.373361,31.648565,31.208237,31.483442,0.275205,467
2024-04-24,539394,15399138,31.703606,31.813688,31.153197,31.318319,-0.165123,433
2024-04-25,254409,7234100,31.373361,31.538483,31.153197,31.208237,-0.110082,317
2024-04-26,367582,10417562,31.483442,31.483442,30.933033,31.373361,0.165124,285
2024-04-29,1449743,42069919,31.813688,32.254016,31.703606,31.978811,0.60545,774
2024-04-30,498941,14394561,32.033852,32.033852,31.703606,31.703606,-0.275205,311
2024-05-02,1595972,46998734,31.978811,32.749385,31.978811,32.419139,0.715533,1102
2024-05-03,564536,16575145,32.529221,32.529221,32.143934,32.47418,0.055041,455
2024-05-06,553960,16397096,32.529221,32.694344,32.309057,32.694344,0.220164,463
2024-05-07,865983,25553698,32.859467,32.859467,32.254016,32.254016,-0.440328,480
2024-05-08,2435579,68388344,31.483442,31.538483,30.657828,30.82295,-1.431066,1124
2024-05-09,856838,24383088,31.098156,31.538483,30.933033,31.153197,0.330247,512
2024-05-10,590037,16842991,31.373361,31.648565,31.098156,31.648565,0.495368,384
2024-05-13,814869,23600769,31.703606,32.088894,31.593525,31.978811,0.330246,455
2024-05-14,473277,13566686,31.978811,31.978811,31.483442,31.593525,-0.385286,470
2024-05-15,450374,12953435,31.538483,31.86873,31.428401,31.648565,0.05504,305
2024-05-16,502021,14541170,31.92377,32.088894,31.703606,31.813688,0.165123,356
2024-05-17,389379,11152641,31.86873,31.86873,31.428401,31.538483,-0.275205,289
2024-05-20,428491,12311825,31.538483,31.813688,31.373361,31.648565,0.110082,370
2024-05-21,538939,15310589,31.373361,31.483442,31.098156,31.153197,-0.495368,376
2024-05-22,412072,11740280,31.208237,31.483442,31.208237,31.428401,0.275204,292
2024-05-23,547216,15457689,31.373361,31.483442,30.933033,30.933033,-0.495368,335
2024-05-24,228005,6402781,30.82295,30.988073,30.712869,30.933033,0.0,216
2024-05-27,387441,10879508,30.933033,31.098156,30.767909,30.877992,-0.055041,249
2024-05-28,359214,10080398,30.877992,31.043114,30.712869,30.988073,0.110081,241
2024-05-29,430220,12036226,30.988073,30.988073,30.657828,30.82295,-0.165123,257
2024-05-30,235374,6573774,30.602787,30.877992,30.602787,30.712869,-0.110081,149
2024-05-31,365986,10259346,30.767909,30.988073,30.767909,30.877992,0.165123,228
2024-06-03,263645,7437871,30.933033,31.208237,30.933033,31.153197,0.275205,203
2024-06-04,243985,6896813,31.153197,31.208237,30.933033,30.988073,-0.165124,125
2024-06-05,214116,6039888,30.988073,31.153197,30.988073,31.043114,0.055041,146
2024-06-06,419794,11849594,30.988073,31.208237,30.877992,31.098156,0.055042,225
2024-06-07,403724,11502852,31.153197,31.483442,31.153197,31.373361,0.275205,233
2024-06-11,452777,12834787,31.153197,31.373361,31.098156,31.098156,-0.275205,255
2024-06-12,329860,9299974,31.373361,31.373361,30.933033,31.043114,-0.055042,203
2024-06-13,552855,15621737,31.208237,31.208237,30.933033,31.153197,0.110083,202
2024-06-14,810940,23124366,31.428401,31.538483,31.208237,31.428401,0.275204,341
2024-06-17,1729186,49192705,31.373361,31.483442,30.82295,31.318319,-0.110082,666
2024-06-18,1528528,41587569,31.433672,31.491349,31.260643,31.31832,1e-06,601
2024-06-19,731426,19817992,31.375996,31.375996,31.14529,31.31832,0.0,479
2024-06-20,248740,6752321,31.31832,31.375996,31.260643,31.31832,0.0,194
2024-06-21,218001,5929371,31.31832,31.491349,31.260643,31.491349,0.173029,167
2024-06-24,419489,11464831,31.549026,31.664378,31.31832,31.606702,0.115353,201
2024-06-25,195368,5348058,31.722054,31.722054,31.433672,31.606702,0.0,161
2024-06-26,295845,8112048,31.491349,31.722054,31.491349,31.549026,-0.057676,167
2024-06-27,306455,8345924,31.491349,31.491349,31.375996,31.375996,-0.17303,157
2024-06-28,263588,7167602,31.31832,31.433672,31.260643,31.31832,-0.057676,187
2024-07-01,102388,2787939,31.31832,31.491349,31.31832,31.491349,0.173029,106
2024-07-02,188056,5124643,31.433672,31.549026,31.375996,31.375996,-0.115353,113
2024-07-03,361055,9867777,31.433672,31.664378,31.375996,31.664378,0.288382,166
2024-07-04,323533,8900893,31.779731,31.779731,31.664378,31.779731,0.115353,232
2024-07-05,173632,4765966,31.722054,31.779731,31.606702,31.779731,0.0,133
2024-07-08,157898,4334854,31.779731,31.779731,31.549026,31.722054,-0.057677,141
2024-07-09,260964,7140431,31.722054,31.722054,31.433672,31.722054,0.0,211
2024-07-10,630926,17783928,31.837408,32.702555,31.837408,32.644878,0.922824,539
2024-07-11,977768,28087622,32.702555,33.394672,32.702555,33.10629,0.461412,549
2024-07-12,376978,10835559,33.221643,33.394672,32.990937,32.990937,-0.115353,307
2024-07-15,197059,5628858,32.990937,33.10629,32.817907,32.93326,-0.057677,249
2024-07-16,147814,4223939,33.10629,33.10629,32.817907,32.990937,0.057677,272
2024-07-17,179750,5128022,32.990937,33.048613,32.817907,32.93326,-0.057677,209
2024-07-18,220598,6294685,32.990937,33.048613,32.644878,33.048613,0.115353,189
2024-07-19,462258,13035514,32.990937,32.990937,32.183466,32.471849,-0.576764,327
2024-07-22,389869,10851357,32.587202,32.587202,31.837408,32.298819,-0.17303,342
2024-07-23,244724,6874624,32.12579,32.529525,32.12579,32.298819,0.0,188
2024-07-26,248659,6874932,31.95276,32.298819,31.606702,32.298819,0.0,165
2024-07-29,355100,10032226,32.068114,32.702555,32.068114,32.587202,0.288383,213
2024-07-30,249340,6984738,32.241143,32.529525,32.12579,32.471849,-0.115353,195
2024-07-31,126197,3560658,32.471849,32.644878,32.241143,32.529525,0.057676,203
2024-08-01,398170,11287320,32.587202,32.760231,32.587202,32.760231,0.230706,291
2024-08-02,458820,12895144,32.644878,32.644878,32.298819,32.414172,-0.346059,344
2024-08-05,1241102,33283388,32.183466,32.183466,30.222466,30.222466,-2.191706,890
2024-08-06,659532,17350793,30.741554,30.856908,29.818731,30.683878,0.461412,351
2024-08-07,252721,6875329,30.683878,31.664378,30.683878,31.549026,0.865148,221
2024-08-08,141940,3852155,31.087614,31.491349,31.029937,31.375996,-0.17303,117
2024-08-09,835096,23566198,31.895084,32.760231,31.895084,32.356496,0.9805,411
2024-08-12,349407,9874773,32.587202,32.817907,32.356496,32.471849,0.115353,251
2024-08-13,306927,8680857,32.702555,32.760231,32.471849,32.644878,0.173029,212
2024-08-14,305127,8644941,32.644878,32.760231,32.529525,32.760231,0.115353,237
2024-08-15,480054,13496958,32.760231,32.760231,32.183466,32.356496,-0.403735,370
2024-08-16,558225,15829183,32.644878,32.760231,32.471849,32.760231,0.403735,318
2024-08-19,800450,22901559,32.760231,33.163966,32.702555,33.10629,0.346059,371
2024-08-20,1338426,39099307,33.279319,33.971437,33.279319,33.683055,0.576765,619
2024-08-21,1435868,42705454,33.683055,34.548201,33.625378,34.432849,0.749794,967
2024-08-22,809019,24297089,34.778907,34.778907,34.432849,34.663555,0.230706,522
2024-08-23,631428,18906882,34.663555,34.663555,34.259819,34.605878,-0.057677,405
2024-08-26,528150,15933881,34.836583,35.009613,34.605878,34.836583,0.230705,360
2024-08-27,618417,18728403,34.836583,35.067289,34.605878,35.009613,0.17303,563
2024-08-28,436588,13091312,35.067289,35.067289,34.375172,34.548201,-0.461412,360
2024-08-29,195608,5863049,34.490525,34.721231,34.317495,34.663555,0.115354,292
2024-08-30,446812,13306490,34.663555,34.663555,34.144467,34.317495,-0.34606,305
2024-09-02,232173,6889510,34.375172,34.375172,34.086789,34.086789,-0.230706,190
2024-09-03,357721,10559667,34.029113,34.259819,33.856083,33.913761,-0.173028,241
2024-09-04,849082,24363095,33.452349,33.510025,32.644878,32.990937,-0.922824,675
2024-09-05,468833,13358241,32.875584,33.394672,32.587202,32.760231,-0.230706,580
2024-09-06,200987,5704290,32.990937,32.990937,32.529525,32.875584,0.115353,148
2024-09-09,541447,15185800,32.298819,32.817907,32.12579,32.702555,-0.173029,256
2024-09-10,615109,17294788,32.760231,32.875584,32.12579,32.183466,-0.519089,349
2024-09-11,447350,12582483,32.010437,32.990937,32.010437,32.298819,0.115353,287
2024-09-12,301495,8465574,32.414172,32.587202,32.241143,32.298819,0.0,264
2024-09-13,117199,3293094,32.298819,32.471849,32.298819,32.414172,0.115353,77
2024-09-16,288834,8084364,32.414172,32.414172,32.183466,32.298819,-0.115353,210
2024-09-18,317336,8861211,32.298819,32.414172,32.068114,32.12579,-0.173029,233
2024-09-19,158497,4455825,32.12579,32.644878,32.12579,32.529525,0.403735,133
2024-09-20,255521,7203816,32.471849,32.644878,32.298819,32.644878,0.115353,143
2024-09-23,155713,4375762,32.529525,32.529525,32.356496,32.356496,-0.288382,158
2024-09-24,140430,3953113,32.414172,32.644878,32.414172,32.414172,0.057676,122
2024-09-25,202172,5705206,32.471849,32.644878,32.414172,32.414172,0.0,168
2024-09-26,154094,4344691,32.414172,32.644878,32.414172,32.414172,0.0,123
2024-09-27,282656,7989109,32.644878,32.760231,32.471849,32.529525,0.115353,204
2024-09-30,140532,3966753,32.414172,32.760231,32.356496,32.760231,0.230706,166
2024-10-01,153290,4318997,32.471849,32.644878,32.471849,32.471849,-0.288382,134
2024-10-04,257276,7214051,32.356496,32.471849,32.298819,32.298819,-0.17303,178
2024-10-07,247445,6937431,32.183466,32.471849,32.183466,32.298819,0.0,187
2024-10-08,285567,7964099,32.298819,32.356496,32.068114,32.068114,-0.230705,302
2024-10-09,292436,8186412,32.298819,32.471849,32.183466,32.183466,0.115352,171
2024-10-11,160684,4505645,32.068114,32.587202,32.068114,32.298819,0.115353,142
2024-10-14,227302,6385775,32.298819,32.587202,32.298819,32.298819,0.0,186
2024-10-15,276237,7781548,32.298819,32.644878,32.298819,32.414172,0.115353,216
2024-10-16,188153,5297423,32.298819,32.587202,32.298819,32.471849,0.057677,175
2024-10-17,176622,5000183,32.414172,32.760231,32.414172,32.702555,0.230706,142
2024-10-18,313887,8935575,32.760231,32.990937,32.702555,32.760231,0.057676,253
2024-10-21,339731,9679025,32.817907,32.990937,32.702555,32.702555,-0.057676,228
2024-10-22,81049,2299131,32.760231,32.875584,32.644878,32.644878,-0.057677,71
2024-10-23,142970,4044165,32.644878,32.702555,32.529525,32.644878,0.0,111
2024-10-24,174568,4933571,32.587202,32.760231,32.471849,32.587202,-0.057676,128
2024-10-25,105934,3003949,32.817907,32.817907,32.644878,32.702555,0.115353,96
2024-10-28,236547,6697301,32.644878,32.817907,32.529525,32.702555,0.0,142
2024-10-29,437763,12346566,32.702555,32.702555,32.414172,32.414172,-0.288383,176
2024-10-30,526216,14750013,32.298819,32.529525,32.241143,32.298819,-0.115353,228
2024-11-01,315553,8844884,32.241143,32.529525,32.183466,32.414172,0.115353,148
2024-11-04,200597,5685740,32.702555,32.760231,32.587202,32.644878,0.230706,173
2024-11-05,129709,3669665,32.644878,32.760231,32.529525,32.587202,-0.057676,98
2024-11-06,155404,4408735,32.644878,32.760231,32.587202,32.644878,0.057676,112
2024-11-07,169929,4833697,32.471849,32.875584,32.471849,32.702555,0.057677,101
2024-11-08,131530,3725857,32.702555,32.875584,32.587202,32.702555,0.0,99
2024-11-11,120443,3409176,32.702555,32.702555,32.587202,32.644878,-0.057677,105
2024-11-12,382367,10775083,32.529525,32.644878,32.414172,32.529525,-0.115353,209
2024-11-13,205059,5772303,32.471849,32.587202,32.356496,32.471849,-0.057676,125
2024-11-14,178978,5043404,32.529525,32.644878,32.414172,32.529525,0.057676,148
2024-11-15,158084,4465468,32.529525,32.702555,32.471849,32.587202,0.057677,163
2024-11-18,148638,4196856,32.529525,32.644878,32.529525,32.529525,-0.057677,215
2024-11-19,131309,3706734,32.529525,32.644878,32.471849,32.587202,0.057677,162
2024-11-20,171950,4863566,32.644878,32.702555,32.587202,32.587202,0.0,156
2024-11-21,72866,2067850,32.587202,32.817907,32.529525,32.702555,0.115353,74
2024-11-22,153814,4374036,32.644878,32.93326,32.644878,32.760231,0.057676,108
2024-11-25,226131,6445858,32.93326,32.990937,32.760231,32.93326,0.173029,159
2024-11-26,152339,4317165,32.990937,32.990937,32.587202,32.644878,-0.288382,89
2024-11-27,193275,5481783,32.644878,32.817907,32.644878,32.702555,0.057677,144
2024-11-28,439224,12528298,32.760231,33.048613,32.760231,32.990937,0.288382,229
2024-11-29,175921,5036036,32.990937,33.10629,32.875584,33.10629,0.115353,125
2024-12-02,387657,11238410,33.10629,33.625378,33.10629,33.394672,0.288382,308
2024-12-03,552645,16211820,33.394672,34.029113,33.394672,33.913761,0.519089,323
2024-12-04,393207,11567870,33.856083,34.029113,33.856083,33.971437,0.057676,244
2024-12-05,351825,10368981,33.913761,34.144467,33.856083,33.856083,-0.115354,268
2024-12-06,273341,8031140,33.856083,33.971437,33.798407,33.971437,0.115354,173
2024-12-09,208486,6150388,34.029113,34.086789,33.971437,34.029113,0.057676,202
2024-12-10,278175,8205626,33.971437,34.144467,33.971437,34.029113,0.0,226
2024-12-11,415783,12341419,34.086789,34.432849,34.029113,34.202143,0.17303,280
2024-12-12,200573,5938157,34.375172,34.375172,34.086789,34.086789,-0.115354,147
2024-12-13,150588,4441680,34.086789,34.144467,33.971437,33.971437,-0.115352,200
2024-12-16,246369,7238402,33.971437,34.029113,33.798407,33.798407,-0.17303,173
2024-12-17,200527,5882841,33.913761,33.913761,33.798407,33.798407,0.0,117
2024-12-18,578651,16745084,33.798407,33.798407,33.048613,33.221643,-0.576764,395
2024-12-19,295982,8451049,32.760231,33.221643,32.760231,32.93326,-0.288383,234
2024-12-20,179768,5130719,32.875584,33.048613,32.817907,32.817907,-0.115353,158
2024-12-23,123294,3540075,32.875584,33.279319,32.760231,33.221643,0.403736,115
2024-12-24,107420,3095931,33.221643,33.394672,33.10629,33.163966,-0.057677,94
2024-12-25,106837,3062376,33.221643,33.221643,32.817907,33.10629,-0.057676,68
2024-12-26,72487,2087712,33.221643,33.279319,33.10629,33.221643,0.115353,51
2024-12-27,106925,3076225,33.221643,33.336995,33.10629,33.163966,-0.057677,80
2024-12-30,156161,4504685,33.221643,33.394672,33.10629,33.10629,-0.057676,104
2024-12-31,110131,3157210,32.990937,33.163966,32.990937,33.048613,-0.057677,77
2025-01-02,129655,3708068,32.990937,33.048613,32.93326,33.048613,0.0,101
2025-01-03,155710,4473817,33.048613,33.336995,33.048613,33.10629,0.057677,59
2025-01-06,307548,8879563,33.336995,33.394672,33.10629,33.336995,0.230705,155
2025-01-07,159221,4581514,33.279319,33.279319,33.10629,33.163966,-0.173029,109
2025-01-08,222629,6401856,32.990937,33.279319,32.990937,33.163966,0.0,150
2025-01-09,424779,12222960,33.048613,33.336995,33.048613,33.10629,-0.057676,199
2025-01-10,210736,6051452,33.048613,33.336995,32.93326,32.93326,-0.17303,141
2025-01-13,641223,18092183,32.817907,32.817907,32.471849,32.471849,-0.461411,339
2025-01-14,91818,2594983,32.529525,32.702555,32.529525,32.644878,0.173029,89
2025-01-15,148323,4202334,32.644878,32.760231,32.644878,32.702555,0.057677,99
2025-01-16,98393,2812606,32.990937,33.10629,32.817907,32.990937,0.288382,122
2025-01-17,130339,3729548,33.10629,33.163966,32.875584,32.990937,0.0,130
2025-01-20,82931,2376381,33.048613,33.10629,32.990937,33.10629,0.115353,114
2025-01-21,143348,4125785,33.10629,33.279319,33.10629,33.221643,0.115353,98
2025-01-22,273309,7891845,33.221643,33.452349,33.163966,33.279319,0.057676,156
2025-02-03,254598,7323443,33.279319,33.336995,33.048613,33.221643,-0.057676,180
2025-02-04,311810,9098311,33.221643,33.856083,33.221643,33.567701,0.346058,220
2025-02-05,617998,18243574,33.798407,34.259819,33.798407,34.202143,0.634442,459
2025-02-06,358231,10654664,34.202143,34.490525,34.144467,34.144467,-0.057676,439
2025-02-07,370857,10978020,34.144467,34.317495,34.086789,34.202143,0.057676,230
2025-02-10,265757,7918223,34.259819,34.432849,34.259819,34.432849,0.230706,288
2025-02-11,639244,19092942,34.432849,34.605878,34.259819,34.490525,0.057676,361
2025-02-12,461878,13740188,34.605878,34.605878,34.144467,34.144467,-0.346058,439
2025-02-13,142835,4250164,34.375172,34.432849,34.202143,34.375172,0.230705,148
2025-02-14,195122,5793112,34.259819,34.375172,34.202143,34.202143,-0.173029,189
2025-02-17,180999,5362578,34.317495,34.317495,34.144467,34.144467,-0.057676,207
2025-02-18,137204,4062370,34.259819,34.317495,34.086789,34.202143,0.057676,133
2025-02-19,238629,7067551,34.144467,34.259819,34.086789,34.202143,0.0,197
2025-02-20,198759,5904996,34.202143,34.375172,34.144467,34.375172,0.173029,202
2025-02-21,313527,9379437,34.144467,34.605878,34.144467,34.605878,0.230706,287
2025-02-24,374223,11250242,34.490525,34.836583,34.490525,34.663555,0.057677,250
2025-02-25,250934,7536544,34.663555,34.778907,34.490525,34.663555,0.0,226
2025-02-26,115883,3482036,34.778907,34.778907,34.605878,34.663555,0.0,129
2025-02-27,93807,2811634,34.490525,34.663555,34.490525,34.548201,-0.115354,129
2025-03-03,379274,11411368,34.548201,34.89426,34.317495,34.778907,0.230706,280
2025-03-04,352430,10657610,34.721231,35.124966,34.548201,35.067289,0.288382,263
2025-03-05,901387,27941028,35.067289,36.047789,35.067289,35.817084,0.749795,650
2025-03-06,637339,20028659,35.817084,36.509201,35.817084,36.278495,0.461411,503
2025-03-07,667066,21177261,36.220819,36.797584,36.220819,36.509201,0.230706,701
2025-03-10,495801,15727280,36.451524,36.739907,36.393848,36.624554,0.115353,518
2025-03-11,938351,29936795,36.566878,37.085966,36.336172,36.85526,0.230706,701
2025-03-12,901978,29101424,36.912936,37.432024,36.912936,37.316672,0.461412,1009
2025-03-13,832267,27001315,37.489701,37.547378,37.258996,37.258996,-0.057676,408
2025-03-14,753622,24434501,37.201318,37.489701,37.201318,37.432024,0.173028,479
2025-03-17,823034,27041004,37.489701,38.354848,37.374348,38.008789,0.576765,698
2025-03-18,1543154,51637981,38.239495,38.989289,38.124142,38.758583,0.749794,817
2025-03-19,2563643,88206154,38.700907,40.142819,38.64323,39.681407,0.922824,1484
2025-03-20,1574307,54873459,40.085141,40.431201,39.912113,40.142819,0.461412,900
2025-03-21,1891025,64826365,40.258171,40.258171,39.162318,39.681407,-0.461412,1169
2025-03-24,633891,21719338,39.681407,39.854436,39.335348,39.508377,-0.17303,400
2025-03-25,631870,21580300,39.508377,39.62373,39.219995,39.450701,-0.057676,304
2025-03-26,1454951,50518727,39.393024,40.431201,39.393024,40.085141,0.63444,803
2025-03-27,853065,29594601,40.027465,40.200495,39.796759,40.142819,0.057678,358
2025-03-28,611908,21172319,40.027465,40.027465,39.796759,39.912113,-0.230706,335
2025-03-31,1049297,35861513,39.796759,39.854436,38.81626,38.81626,-1.095853,631
2025-04-01,1284425,44288714,38.989289,40.373525,38.989289,40.142819,1.326559,577
2025-04-02,1223683,43049996,40.258171,40.777259,40.142819,40.719583,0.576764,867
2025-04-07,1805905,57694365,36.68223,37.66273,36.68223,36.68223,-4.037353,1023
2025-04-08,2623620,84602211,36.912936,37.778084,36.451524,37.66273,0.9805,1482
2025-04-09,2208056,68961320,37.258996,37.258996,34.144467,34.375172,-3.287558,1270
2025-04-10,1764293,56587084,37.605054,37.605054,36.047789,37.143642,2.76847,849
2025-04-11,707886,22393955,36.220819,36.970612,35.759407,36.797584,-0.346058,490
2025-04-14,799888,25491831,36.912936,37.374348,36.509201,36.739907,-0.057677,532
2025-04-15,786620,25650910,36.912936,38.239495,36.68223,38.008789,1.268882,433
2025-04-16,581081,18787208,37.951112,37.951112,36.912936,36.912936,-1.095853,463
2025-04-17,395025,12617708,36.912936,37.02829,36.624554,36.85526,-0.057676,299
2025-04-18,174945,5557031,36.797584,36.912936,36.451524,36.566878,-0.288382,294
2025-04-21,3505580,118091742,39.393024,39.796759,37.893436,38.64323,2.076352,2181
2025-04-22,1510964,49623956,38.181818,38.354848,37.605054,37.720407,-0.922823,1059
2025-04-23,913035,30172578,37.893436,38.412524,37.83576,38.239495,0.519088,729
2025-04-24,799263,26510003,38.124142,38.64323,38.008789,38.181818,-0.057677,499
2025-04-25,879250,29036652,38.297172,38.354848,37.951112,38.124142,-0.057676,623
2025-04-28,1193002,39323001,38.124142,38.239495,37.778084,38.124142,0.0,665
2025-04-29,1598548,53595031,37.951112,39.104642,37.951112,38.989289,0.865147,844
2025-04-30,1140951,39123201,39.104642,40.027465,39.046965,39.566053,0.576764,833
2025-05-02,3187682,113736110,39.681407,42.161494,39.681407,42.161494,2.595441,1879
2025-05-05,2780812,99675750,41.700083,41.873112,40.661907,41.700083,-0.461411,2032
2025-05-06,992473,35467879,41.469377,41.58473,40.950289,41.296347,-0.403736,751
2025-05-07,1067377,37690613,41.296347,41.411701,40.142819,40.142819,-1.153528,883
2025-05-08,696310,24447401,40.258171,40.892613,40.258171,40.431201,0.288382,526
2025-05-09,1025431,35534087,40.431201,40.431201,39.681407,39.854436,-0.576765,833
2025-05-12,969025,33172690,40.258171,40.258171,39.104642,39.450701,-0.403735,793
2025-05-13,1204852,41558510,39.566053,40.373525,39.335348,40.258171,0.80747,747
2025-05-14,804701,28104329,40.258171,40.546553,40.027465,40.315847,0.057676,659
2025-05-15,568913,19732419,40.546553,40.546553,39.566053,39.62373,-0.692117,502
2025-05-16,699537,24328347,39.796759,40.373525,39.62373,40.085141,0.461411,622
2025-05-19,487095,16816732,40.315847,40.315847,39.566053,39.681407,-0.403734,420
2025-05-20,651499,22662897,39.681407,40.431201,39.681407,39.739083,0.057676,369
2025-05-21,634539,22195191,39.854436,40.488877,39.796759,40.488877,0.749794,352
2025-05-22,498694,17325689,40.315847,40.315847,39.912113,39.912113,-0.576764,406
2025-05-23,315820,10966102,39.969789,40.200495,39.912113,40.142819,0.230706,200
2025-05-26,965128,34214116,40.142819,41.238671,40.142819,41.123318,0.980499,660
2025-05-27,387194,13740962,41.180995,41.296347,40.60423,40.950289,-0.173029,400
2025-05-28,315210,11101330,41.123318,41.123318,40.373525,40.488877,-0.461412,306
2025-05-29,394610,13713463,40.431201,40.546553,39.854436,39.854436,-0.634441,379
2025-06-02,564178,19243702,39.854436,39.854436,39.046965,39.508377,-0.346059,499
2025-06-03,367050,12524290,39.508377,39.62373,39.219995,39.335348,-0.173029,360
2025-06-04,383218,13160312,39.393024,39.739083,39.393024,39.62373,0.288382,280
2025-06-05,507538,17387943,39.796759,39.969789,39.162318,39.335348,-0.288382,368
2025-06-06,393945,13426916,39.335348,39.62373,38.989289,39.393024,0.057676,297
2025-06-09,427064,14612443,39.277671,39.62373,39.277671,39.393024,0.0,283
2025-06-10,795427,27319102,39.450701,39.854436,39.450701,39.566053,0.173029,342
2025-06-11,2167687,73432242,39.566053,39.566053,38.585554,39.219995,-0.346058,1106
2025-06-12,1072094,36436775,39.219995,39.393024,38.931613,39.219995,0.0,425
2025-06-13,1787393,60540394,39.104642,39.219995,38.931613,39.046965,-0.17303,975
2025-06-16,1923681,61384281,38.985667,39.537351,38.801773,39.292158,0.245193,606
2025-06-17,723397,23109121,39.59865,39.59865,38.924369,39.108264,-0.183894,535
2025-06-18,625887,20063054,38.985667,39.721246,38.863071,39.476053,0.367789,427
2025-06-19,236972,7602232,39.59865,39.721246,39.108264,39.108264,-0.367789,232
2025-06-20,334885,10672888,39.169562,39.292158,38.924369,39.169562,0.061298,177
2025-06-23,506260,16002572,39.169562,39.169562,38.495282,38.740474,-0.429088,390
2025-06-24,334531,10732327,38.985667,39.537351,38.985667,39.292158,0.551684,249
2025-06-25,616760,19743774,39.292158,39.414755,38.985667,39.046966,-0.245192,332
2025-06-26,539025,17369142,39.169562,39.905141,39.169562,39.476053,0.429087,332
2025-06-27,684284,21726412,39.476053,39.476053,38.740474,38.801773,-0.67428,526
2025-06-30,218928,6925430,38.801773,38.924369,38.679176,38.679176,-0.122597,179
2025-07-01,425596,13552820,38.679176,39.23086,38.679176,38.985667,0.306491,339
2025-07-02,456427,14454744,39.108264,39.108264,38.617878,38.617878,-0.367789,303
2025-07-03,1459742,45293817,38.740474,38.801773,37.637106,37.821001,-0.796877,916
2025-07-04,304919,9368757,37.759703,37.821001,37.51451,37.637106,-0.183895,222
2025-07-07,265394,8117298,37.759703,37.759703,37.330615,37.391914,-0.245192,204
2025-07-08,395165,11983111,37.51451,37.51451,36.901528,37.024124,-0.36779,314
2025-07-09,700154,21030430,37.024124,37.024124,36.656335,36.656335,-0.367789,423
2025-07-10,658845,19647192,36.656335,36.656335,36.349844,36.533738,-0.122597,431
2025-07-11,514890,15671462,36.962826,37.575808,36.962826,37.391914,0.858176,368
2025-07-14,186971,5712389,37.51451,37.575808,37.391914,37.391914,0.0,177
2025-07-15,411722,12535250,37.391914,37.575808,37.146721,37.208019,-0.183895,268
2025-07-16,817196,25060743,37.208019,37.821001,37.146721,37.759703,0.551684,460
2025-07-17,364687,11248598,37.821001,37.882299,37.698405,37.759703,0.0,237
2025-07-18,616659,18886532,37.759703,37.882299,37.391914,37.453212,-0.306491,609
2025-07-21,255956,7840019,37.637106,37.698405,37.391914,37.391914,-0.061298,187
2025-07-22,336009,10257590,37.391914,37.759703,37.146721,37.208019,-0.183895,280
2025-07-23,430753,13240441,37.269317,37.821001,37.269317,37.821001,0.612982,200
2025-07-24,201930,6215233,37.943598,37.943598,37.637106,37.637106,-0.183895,153
2025-07-25,234314,7203249,37.698405,37.759703,37.453212,37.637106,0.0,132
2025-07-28,233006,7123232,37.637106,37.637106,37.330615,37.330615,-0.306491,164
2025-07-29,440013,13306279,37.391914,37.391914,36.778931,36.84023,-0.490385,319
2025-07-30,275647,8348236,36.962826,37.330615,36.84023,37.208019,0.367789,207
2025-07-31,407826,12262447,37.269317,37.269317,36.717633,37.085422,-0.122597,304
2025-08-01,306813,9267275,36.778931,37.330615,36.411142,37.208019,0.122597,222
2025-08-04,183030,5589182,37.269317,37.575808,36.962826,37.453212,0.245193,198
2025-08-05,221378,6820669,37.453212,37.943598,37.391914,37.821001,0.367789,172
2025-08-06,463114,14505201,37.759703,38.617878,37.759703,38.55658,0.735579,296
2025-08-07,462639,14634833,38.617878,38.985667,38.495282,38.801773,0.245193,308
2025-08-08,1351904,44275939,39.23086,40.579421,39.23086,40.518123,1.71635,911
2025-08-11,1417244,47855122,40.885912,41.805386,40.885912,41.315,0.796877,1161
2025-08-12,411231,13791758,41.437596,41.437596,40.94721,41.069807,-0.245193,590
2025-08-13,326575,10896402,41.376298,41.376298,40.763316,40.824614,-0.245193,465
2025-08-14,723362,24170987,40.885912,41.376298,40.640719,40.640719,-0.183895,970
2025-08-15,522549,17284639,40.824614,40.824614,40.334228,40.518123,-0.122596,395
2025-08-18,504292,16705488,40.456825,40.94721,40.395526,40.94721,0.429087,330
2025-08-19,352878,11676987,40.702018,40.885912,40.395526,40.456825,-0.490385,367
2025-08-20,817495,27093651,40.456825,41.192403,40.150334,40.702018,0.245193,474
2025-08-21,681467,22839860,40.824614,41.253702,40.763316,40.94721,0.245192,449
2025-08-22,203781,6806892,40.885912,41.069807,40.824614,40.885912,-0.061298,248
2025-08-25,229396,7683290,41.069807,41.192403,40.885912,40.885912,0.0,380
2025-08-26,410503,13562691,40.702018,40.763316,40.211632,40.334228,-0.551684,461
2025-08-27,270801,9018381,40.211632,41.069807,40.211632,40.885912,0.551684,197
2025-08-28,336759,11184823,40.518123,40.885912,40.518123,40.763316,-0.122596,210
2025-08-29,537389,17750721,40.456825,40.702018,40.27293,40.640719,-0.122597,319
2025-09-01,461597,15218093,40.518123,40.763316,40.089035,40.211632,-0.429087,296
2025-09-02,347198,11466899,40.395526,40.702018,40.211632,40.456825,0.245193,168
2025-09-03,186387,6175210,40.456825,40.702018,40.334228,40.579421,0.122596,145
2025-09-04,220877,7343037,40.579421,40.885912,40.579421,40.763316,0.183895,126
2025-09-05,232765,7765579,40.824614,41.131105,40.702018,40.824614,0.061298,143
2025-09-08,402426,13477130,40.824614,41.253702,40.824614,41.008509,0.183895,216
2025-09-09,197382,6586412,41.008509,41.069807,40.824614,40.94721,-0.061299,180
2025-09-10,5352966,177945896,40.94721,42.295771,40.885912,41.682789,0.735579,679
2025-09-11,1617786,56079289,41.866684,43.03135,41.866684,42.540964,0.858175,1126
2025-09-12,773702,26857934,42.540964,42.786157,42.295771,42.602262,0.061298,903
2025-09-15,854384,30024829,42.663561,43.399139,42.540964,43.03135,0.429088,493
2025-09-16,418667,14659242,43.399139,43.399139,42.663561,42.847455,-0.183895,434
2025-09-17,447229,15653496,42.847455,43.092648,42.663561,42.786157,-0.061298,363
2025-09-18,382460,13323850,42.847455,43.153946,42.479666,42.540964,-0.245193,359
2025-09-19,691215,24112557,42.602262,43.092648,42.418368,43.03135,0.490386,321
2025-09-22,974739,34744336,43.337841,44.012122,43.276543,43.766929,0.735579,839
2025-09-23,981997,35328634,43.828227,44.563806,43.337841,44.379911,0.612982,736
2025-09-24,787308,28818222,44.318613,45.238086,44.318613,45.054191,0.67428,726
2025-09-25,671212,24561915,45.360682,45.544577,44.134718,44.931595,-0.122596,975
2025-09-26,623735,22725203,44.931595,45.054191,44.441209,44.686402,-0.245193,493
2025-09-30,1524011,56827310,44.808998,45.973665,44.808998,45.973665,1.287263,1380
2025-10-01,1274341,46807437,45.973665,45.973665,44.441209,44.441209,-1.532456,1304
2025-10-02,537070,19611253,44.196016,45.054191,44.196016,45.054191,0.612982,481
2025-10-03,596166,21604010,45.054191,45.054191,44.196016,44.379911,-0.67428,643
2025-10-07,585717,21031930,44.012122,44.196016,43.889525,44.012122,-0.367789,1060
2025-10-08,389327,13995570,44.012122,44.502507,43.828227,44.134718,0.122596,584
2025-10-09,659211,23507738,44.07342,44.502507,43.399139,43.521736,-0.612982,752
2025-10-13,427137,15151236,42.908754,44.07342,42.786157,43.950823,0.429087,668
2025-10-14,790468,28424258,43.828227,44.563806,43.644332,43.766929,-0.183894,779
2025-10-15,938491,34060252,43.766929,44.870297,43.766929,44.502507,0.735578,730
2025-10-16,699538,25271259,44.870297,45.11549,43.950823,44.196016,-0.306491,1544
2025-10-17,817791,29372910,44.196016,44.318613,43.70563,43.766929,-0.429087,854
2025-10-20,668502,23907118,44.134718,44.134718,43.521736,44.012122,0.245193,1395
2025-10-21,815992,29152887,43.521736,44.134718,43.399139,44.134718,0.122596,1060
2025-11-03,1122906,52298797,42.224772,44.33133,42.224772,44.33133,0.196612,1128
2025-11-04,628469,29536984,44.565392,44.612204,43.582332,43.956831,-0.374499,1180
2025-11-05,433428,20197494,43.910018,43.910018,43.34827,43.863206,-0.093625,599
2025-11-06,303095,14304949,44.050455,44.471767,43.910018,44.097268,0.234062,416
2025-11-07,232245,10888560,44.284517,44.33133,43.722769,44.003643,-0.093625,826
2025-11-10,183827,8642058,43.722769,44.424954,43.722769,44.424954,0.421311,404
2025-11-11,681400,32952837,44.378142,45.876138,44.378142,45.595264,1.17031,1191
2025-11-12,445440,21983755,45.548452,46.578324,45.501639,46.391075,0.795811,766
2025-11-13,939237,47090186,46.531512,47.748634,46.344262,47.28051,0.889435,999
2025-11-14,328255,16474259,47.28051,47.28051,46.718761,46.906011,-0.374499,1326
2025-11-17,390199,19614972,46.906011,47.561384,46.578324,47.28051,0.374499,1015
2025-11-18,397342,19724857,46.718761,46.906011,46.016576,46.765574,-0.514936,1384
2025-11-19,144951,7193951,46.250638,46.718761,46.250638,46.437887,-0.327687,453
2025-11-20,766584,39032267,46.765574,48.591257,46.625137,48.029508,1.591621,689
2025-11-21,1196525,62364767,48.029508,49.621129,48.029508,49.059381,1.029873,1117
2025-11-24,668977,35463748,49.714754,49.995628,49.059381,49.527505,0.468124,949
2025-11-25,649345,34770472,49.995628,50.838251,49.340255,50.651002,1.123497,617
2025-11-26,1097453,59007452,50.744627,51.025501,49.24663,50.463752,-0.18725,966
2025-11-27,481703,26179795,50.463752,51.4,50.276503,51.119126,0.655374,671
2025-11-28,546644,29441255,51.4,51.4,49.902004,49.902004,-1.217122,1100
2025-12-01,379038,20249395,49.995628,50.370128,49.714754,49.808379,-0.093625,264
2025-12-02,485716,25662336,50.370128,50.370128,49.059381,49.43388,-0.374499,1254
2025-12-03,519494,27190739,49.340255,49.902004,48.497632,48.872131,-0.561749,876
2025-12-04,304692,15812328,48.965756,48.965756,48.310383,48.591257,-0.280874,472
2025-12-05,222082,11472775,48.310383,48.591257,48.029508,48.310383,-0.280874,764
2025-12-08,183751,9542770,48.591257,48.872131,48.310383,48.404007,0.093624,277
2025-12-09,241045,12634018,49.059381,49.24663,48.778506,48.965756,0.561749,268
2025-12-10,296094,15435398,49.059381,49.059381,48.591257,48.591257,-0.374499,362
2025-12-11,204391,10740624,48.684882,49.527505,48.684882,49.340255,0.748998,251
2025-12-12,229553,12057501,49.43388,49.43388,48.684882,49.059381,-0.280874,1031
2025-12-15,608223,31081633,49.059381,49.059381,47.46776,47.46776,-1.591621,2820
2025-12-16,371449,18715119,46.906011,47.46776,46.906011,47.28051,-0.18725,572
2025-12-17,231996,11703706,46.999636,47.561384,46.999636,46.999636,-0.280874,732
2025-12-18,183473,9315074,46.999636,48.029508,46.999636,47.374135,0.374499,235
2025-12-19,159528,8077849,47.374135,47.655009,47.09326,47.46776,0.093625,209
2025-12-22,176791,9020002,47.46776,48.123133,47.46776,47.935883,0.468123,397
2025-12-23,136477,6946100,47.561384,47.748634,47.46776,47.561384,-0.374499,251
2025-12-24,150950,7650889,48.029508,48.029508,47.186885,47.561384,0.0,630
2025-12-26,146288,7374276,47.09326,47.655009,46.906011,46.999636,-0.561748,591
2025-12-29,126323,6339785,46.999636,47.186885,46.812386,47.186885,0.187249,668
2025-12-30,202316,10140353,47.09326,47.28051,46.625137,47.09326,-0.093625,311
2025-12-31,72824,3663881,47.09326,47.186885,46.999636,47.09326,0.0,203
2026-01-02,229911,11566879,47.09326,47.46776,46.812386,47.09326,0.0,424
2026-01-05,532744,26751673,47.09326,47.28051,46.671949,46.906011,-0.187249,637
2026-01-06,241725,12108147,46.999636,47.09326,46.718761,46.718761,-0.18725,386
2026-01-07,252156,12569471,46.718761,46.999636,46.391075,46.671949,-0.046812,798
2026-01-08,169574,8557050,46.812386,47.748634,46.812386,46.812386,0.140437,173
2026-01-09,115394,5768280,46.906011,47.186885,46.484699,46.906011,0.093625,360
2026-01-12,162510,8126133,46.999636,46.999636,46.671949,46.812386,-0.093625,538
2026-01-13,290767,14542611,47.09326,47.09326,46.671949,46.671949,-0.140437,274
2026-01-14,241510,12052191,46.999636,46.999636,46.625137,46.625137,-0.046812,254
2026-01-15,64501,3224599,46.812386,46.906011,46.671949,46.906011,0.280874,106
2026-01-16,173050,8647365,46.812386,46.999636,46.671949,46.812386,-0.093625,203
2026-01-19,343861,17274950,46.812386,47.28051,46.812386,46.812386,0.0,441
2026-01-20,251315,12529706,46.812386,46.906011,46.531512,46.531512,-0.280874,746
2026-01-21,439989,21702253,46.531512,46.531512,45.922951,46.063388,-0.468124,1344
2026-01-22,164458,8111657,46.250638,46.344262,46.1102,46.1102,0.046812,953
2026-01-23,278482,13742936,46.203825,46.671949,46.063388,46.063388,-0.046812,581
2026-01-26,103578,5139883,46.063388,46.718761,46.063388,46.718761,0.655373,238
2026-01-27,157979,7857536,46.718761,46.765574,46.437887,46.437887,-0.280874,581
2026-01-28,319389,15731864,46.391075,46.391075,45.876138,46.1102,-0.327687,820
2026-01-29,97335,4775648,45.922951,46.063388,45.735701,46.063388,-0.046812,678
2026-01-30,180942,8880612,45.969763,46.250638,45.595264,45.876138,-0.18725,283
2026-02-02,249466,12071931,45.829326,45.829326,45.12714,45.361202,-0.514936,1097
2026-02-03,129478,6278973,46.016576,46.016576,45.173953,45.361202,0.0,374
2026-02-04,137898,6690903,45.688889,45.688889,45.31439,45.31439,-0.046812,493
2026-02-05,140142,6792930,45.31439,45.642077,45.267577,45.408015,0.093625,331
2026-02-06,299050,14417469,45.361202,45.501639,44.612204,45.12714,-0.280875,585
2026-02-09,85259,4128430,45.12714,45.501639,45.12714,45.31439,0.18725,196
2026-02-10,154810,7511886,45.267577,45.595264,45.220765,45.501639,0.187249,258
2026-02-11,135374,6600495,45.31439,46.063388,45.31439,45.782514,0.280875,334
2026-02-23,256863,12705678,46.344262,46.765574,46.016576,46.063388,0.280874,964
2026-02-24,191386,9517055,46.578324,46.999636,46.250638,46.484699,0.421311,386
2026-02-25,247821,12243881,46.718761,46.718761,46.063388,46.391075,-0.093624,530
2026-02-26,95936,4754278,46.437887,46.484699,46.203825,46.437887,0.046812,586
2026-03-02,290561,14502407,46.999636,46.999636,46.437887,46.765574,0.327687,606
2026-03-03,366438,18341173,46.625137,47.09326,46.531512,46.999636,0.234062,355
2026-03-04,429544,21262879,46.765574,46.906011,46.063388,46.157013,-0.842623,518
2026-03-05,234205,11579657,46.671949,46.671949,46.203825,46.203825,0.046812,1759
2026-03-06,97438,4821121,46.157013,46.531512,46.063388,46.531512,0.327687,180
2026-03-09,386119,18545467,45.220765,45.267577,44.752641,44.799454,-1.732058,2636
2026-03-10,163197,7837753,45.735701,45.735701,44.612204,44.939891,0.140437,1083
2026-03-11,189415,9199567,45.595264,45.642077,45.220765,45.408015,0.468124,408
2026-03-12,144514,6989059,45.31439,45.408015,45.12714,45.173953,-0.234062,1265
2026-03-13,206958,9915151,45.080328,45.080328,44.659016,44.846266,-0.327687,658
2026-03-16,247208,11821628,44.846266,44.893078,44.705829,44.799454,-0.046812,573
2026-03-17,147556,7087929,44.846266,45.361202,44.846266,45.361202,0.561748,271
2026-03-18,168449,8185891,45.595264,45.782514,45.080328,45.408015,0.046813,516
2026-03-19,421024,20133197,44.846266,44.939891,44.190893,44.378142,-1.029873,1381
2026-03-20,148899,7056139,44.378142,44.752641,44.190893,44.424954,0.046812,303
2026-03-23,215931,10054213,43.816393,43.863206,42.552459,43.769581,-0.655373,1132
2026-03-24,218001,10203178,43.769581,44.097268,43.582332,43.863206,0.093625,405
2026-03-25,107694,5097972,44.939891,44.939891,44.097268,44.378142,0.514936,159
2026-03-26,149878,7092271,44.893078,44.893078,44.050455,44.378142,0.0,311
2026-03-27,202157,9478739,44.14408,44.14408,43.769581,43.910018,-0.468124,274
2026-03-30,115781,5385365,43.395082,43.675956,43.395082,43.582332,-0.327686,160
2026-03-31,99747,4646107,43.207832,43.910018,43.207832,43.535519,-0.046813,160
2026-04-01,62143,2934377,43.956831,44.378142,43.956831,44.378142,0.842623,90
2026-04-02,99226,4660442,44.33133,44.33133,43.722769,43.722769,-0.655373,214
2026-04-07,50366,2362433,43.722769,44.050455,43.722769,44.050455,0.327686,104
2026-04-08,103673,4937716,44.471767,44.846266,44.284517,44.518579,0.468124,134
2026-04-09,73738,3472664,44.378142,44.378142,44.003643,44.284517,-0.234062,246
2026-04-10,120310,5764025,44.799454,45.033515,44.659016,44.986703,0.702186,178
2026-04-13,55998,2670113,44.705829,44.939891,44.471767,44.612204,-0.374499,207
2026-04-14,168435,8071421,44.939891,44.986703,44.705829,44.939891,0.327687,170
2026-04-15,346604,17004106,46.344262,46.344262,45.454827,45.454827,0.514936,436
2026-04-16,307706,15086952,45.501639,46.1102,45.501639,45.876138,0.421311,219
2026-04-17,146619,7162380,46.016576,46.157013,45.408015,45.876138,0.0,291
2026-04-20,1040258,53713935,47.28051,49.153005,47.28051,48.310383,2.434245,893
2026-04-21,550901,28278443,48.404007,48.497632,47.748634,47.748634,-0.561749,729
2026-04-22,325019,16652494,47.748634,48.310383,47.374135,48.216758,0.468124,331
2026-04-23,242227,12352330,48.216758,48.216758,47.46776,47.935883,-0.280875,496
2026-04-24,153861,7884996,47.935883,48.591257,47.655009,47.748634,-0.187249,317
2026-04-27,163097,8305304,47.842259,47.935883,47.561384,47.748634,0.0,354
2026-04-28,273138,14160548,47.748634,48.965756,47.655009,48.684882,0.936248,427
2026-04-29,107237,5590834,48.965756,48.965756,48.497632,48.497632,-0.18725,283
2026-04-30,158267,8249881,48.684882,48.965756,48.404007,48.965756,0.468124,202
2026-05-04,215892,11284545,49.527505,49.527505,48.684882,48.778506,-0.18725,261
2026-05-05,99953,5202723,48.591257,48.965756,48.591257,48.684882,-0.093624,183
2026-05-06,148204,7758286,48.684882,49.24663,48.684882,49.153005,0.468123,142
2026-05-07,164244,8646469,48.872131,49.43388,48.872131,49.340255,0.18725,203
2026-05-08,319750,16990556,49.43388,50.370128,49.340255,50.182878,0.842623,258
2026-05-11,338858,18182459,50.651002,51.025501,49.808379,50.182878,0.0,797
2026-05-12,209354,11198410,50.463752,50.463752,49.714754,50.182878,0.0,266
2026-05-13,313372,16950575,50.744627,51.21275,50.276503,50.557377,0.374499,329
2026-05-14,495280,26963967,50.557377,51.58725,50.370128,50.463752,-0.093625,681
2026-05-15,353770,18900022,51.21275,51.21275,49.24663,49.43388,-1.029872,1500
2026-05-18,192856,10271867,49.527505,50.276503,49.340255,50.089253,0.655373,173
2026-05-19,207093,11036569,50.089253,50.370128,49.527505,49.527505,-0.561748,581
2026-05-20,209091,11100205,49.995628,50.182878,49.24663,50.182878,0.655373,198
2026-05-21,110481,5917028,50.557377,50.557377,49.808379,50.089253,-0.093625,574
2026-05-22,122179,6507719,49.902004,50.089253,49.714754,49.808379,-0.280874,164
2026-05-25,242039,12791692,49.621129,49.621129,49.340255,49.527505,-0.280874,176
2026-05-26,99346,5267996,49.43388,49.808379,49.43388,49.621129,0.093624,137
2026-05-27,197868,10486070,49.621129,49.808379,49.527505,49.527505,-0.093624,162
2026-05-28,215239,11453215,49.808379,50.089253,49.43388,49.621129,0.093624,232
2026-05-29,249007,13172543,49.808379,49.808379,49.340255,49.527505,-0.093624,405
2026-06-01,315758,16900108,49.714754,50.463752,49.621129,50.182878,0.655373,320
2026-06-02,191030,10232594,50.089253,50.463752,49.808379,50.276503,0.093625,242
2026-06-03,374274,20405280,50.370128,51.680874,50.182878,51.493625,1.217122,514
2026-06-04,231415,12689141,51.493625,51.493625,51.119126,51.21275,-0.280875,210
2026-06-05,243533,13322109,51.21275,51.493625,50.838251,51.306375,0.093625,216
2026-06-08,382987,20552900,49.808379,50.744627,49.714754,50.370128,-0.936247,517
2026-06-09,534710,29420373,50.370128,51.961749,50.370128,51.961749,1.591621,480
2026-06-10,386474,21229051,51.493625,51.680874,51.025501,51.4,-0.561749,614
2026-06-11,363582,19750446,51.493625,51.58725,50.463752,50.931876,-0.468124,1630
2026-06-12,839942,46466915,51.493625,52.336248,51.025501,51.4,0.468124,1438
2026-06-15,1068188,56794706,52.0,54.0,52.0,53.3,1.9,907
2026-06-16,500443,27237106,53.9,54.8,53.5,54.5,1.2,458
2026-06-17,929650,52066059,55.0,56.9,54.7,56.9,2.4,762
2026-06-18,655759,37098108,56.5,57.4,56.0,56.3,-0.6,495
2026-06-22,685375,38479342,56.3,56.6,55.6,56.5,0.2,416
2026-06-23,336367,19019335,56.5,56.8,56.2,56.4,-0.1,239
2026-06-24,239003,13399022,56.4,56.7,55.8,56.0,-0.4,386
2026-06-25,123549,6971734,56.5,56.6,56.0,56.6,0.6,137
2026-06-26,247281,13773653,56.0,56.2,55.2,55.8,-0.8,511
2026-06-29,173602,9589065,55.5,55.9,54.9,55.5,-0.3,286
2026-06-30,187043,10275554,55.6,55.6,54.7,55.2,-0.3,210
2026-07-01,654800,37049457,55.5,57.5,54.8,57.2,2.0,723
2026-07-02,339432,19156555,57.2,57.2,55.6,56.6,-0.6,526
2026-07-03,309298,17667238,56.2,57.4,56.2,56.9,0.3,268
2026-07-06,153898,8776056,56.8,57.5,56.7,56.9,0.0,165
2026-07-07,156505,8858409,57.3,57.3,56.3,56.6,-0.3,173
2026-07-08,149736,8445690,56.8,56.8,56.1,56.4,-0.2,129
2026-07-09,268886,15122394,56.4,56.7,55.9,56.3,-0.1,117
2026-07-13,181616,10312235,56.8,57.1,56.5,56.8,0.5,214
2026-07-14,535022,29855023,56.8,56.8,55.3,55.9,-0.9,261
2026-07-15,301440,17221866,56.2,57.5,56.2,57.2,1.3,272
2026-07-16,128788,7371905,58.0,58.0,56.9,57.2,0.0,147
2026-07-17,225664,12821646,56.9,57.5,56.4,56.4,-0.8,184
2026-07-20,205149,11643748,57.2,57.4,56.3,56.6,0.2,237
2026-07-21,101858,5779876,57.0,57.1,56.5,56.8,0.2,117
2026-07-22,189026,10682054,56.8,56.8,56.3,56.3,-0.5,169
2026-07-23,235246,13241678,56.6,56.7,55.8,56.7,0.4,176
2026-07-24,129875,7273506,55.9,56.4,55.7,56.4,-0.3,116
2026-07-27,110961,6251719,56.4,56.6,55.9,56.6,0.2,152
2026-07-28,167362,9369691,56.6,56.6,55.6,56.3,-0.3,385
2026-07-29,374731,21114527,56.6,57.1,55.5,56.9,0.6,476
2026-07-30,302833,17311496,56.9,57.7,56.6,57.4,0.5,270
2026-07-31,520928,30707819,57.4,59.8,57.4,59.4,2.0,468
2026-08-03,236761,14144871,59.4,60.4,58.7,60.3,0.9,450
2026-08-04,250416,14774586,59.4,59.5,58.2,58.8,-1.5,958
2026-08-05,163448,9587983,59.6,59.6,58.5,58.6,-0.2,246
2026-08-06,374180,21730712,58.5,59.1,57.7,57.8,-0.8,644
2026-08-07,107945,6314764,57.9,58.9,57.9,58.6,0.8,120
2026-08-10,68527,4021533,59.0,59.1,58.4,58.5,-0.1,139
