date,Trading_Volume,Trading_money,open,max,min,close,spread,Trading_turnover
2015-01-05,1013297,29358442,60.131731,60.131731,58.695137,59.721275,-0.410456,529
2015-01-06,3469746,104152115,59.105592,63.210147,59.002978,62.081394,2.360119,1812
2015-01-07,2900465,89102197,62.081394,64.441513,61.670939,63.210147,1.128753,1483
2015-01-08,2564431,78639686,64.236286,64.236286,61.97878,62.799691,-0.410456,1197
2015-01-09,1301487,39863100,62.799691,63.620603,62.286622,62.286622,-0.513069,591
2015-01-12,948414,28685970,62.286622,63.415375,61.465712,61.465712,-0.82091,543
2015-01-13,964250,28942724,61.97878,62.389236,60.747414,60.747414,-0.718298,554
2015-01-14,1347613,40459348,60.747414,62.49185,60.336958,61.260483,0.513069,680
2015-01-15,626000,18727650,62.081394,62.081394,60.850028,61.15787,-0.102613,332
2015-01-16,823646,24367459,61.260483,61.568325,60.131731,60.234345,-0.923525,532
2015-01-19,1325804,38586113,60.542186,61.15787,58.182067,58.182067,-2.052278,679
2015-01-20,865044,24787562,58.182067,59.310819,58.079454,58.695137,0.51307,442
2015-01-21,350000,10000650,59.310819,59.310819,58.284681,58.489909,-0.205228,226
2015-01-22,910500,26432750,58.489909,60.131731,58.489909,59.721275,1.231366,440
2015-01-23,588143,17183561,60.6448,60.6448,59.516048,59.618661,-0.102614,299
2015-01-26,542400,15574729,59.618661,59.618661,58.489909,58.797751,-0.82091,277
2015-01-27,299100,8584679,59.002978,59.310819,58.695137,58.900364,0.102613,178
2015-01-28,1409062,41520736,58.695137,61.363097,58.489909,60.850028,1.949664,776
2015-01-29,456140,13439501,60.850028,60.952642,60.029117,60.439573,-0.410455,280
2015-01-30,452565,13283790,60.952642,60.952642,59.516048,59.721275,-0.718298,220
2015-02-02,413776,11944510,59.105592,59.618661,59.002978,59.002978,-0.718297,193
2015-02-03,689125,20093017,59.516048,60.336958,59.002978,59.721275,0.718297,277
2015-02-04,644310,18568884,59.721275,60.439573,58.489909,58.489909,-1.231366,308
2015-02-05,432108,12216456,57.46377,58.592522,57.46377,57.976839,-0.51307,248
2015-02-06,247136,6995548,58.079454,58.489909,57.874225,58.284681,0.307842,132
2015-02-09,369016,10441664,59.516048,59.516048,57.771612,57.771612,-0.513069,184
2015-02-10,1979536,53558817,56.540245,57.361156,54.693195,54.795809,-2.975803,1023
2015-02-11,878037,23470693,54.795809,55.616721,54.385354,54.487967,-0.307842,363
2015-02-12,293000,7796550,54.385354,54.795809,54.28274,54.590582,0.102615,180
2015-02-13,704500,18815249,54.590582,55.308879,54.487967,54.487967,-0.102615,299
2015-02-24,426674,11493148,55.411493,55.514106,55.001037,55.411493,0.923526,223
2015-02-25,304703,8222781,55.411493,55.719334,55.103651,55.411493,0.0,166
2015-02-26,654507,17719891,55.411493,56.027176,55.001037,56.027176,0.615683,365
2015-03-02,551000,15012200,56.437631,56.642859,55.411493,56.027176,0.0,282
2015-03-03,817010,22422474,55.616721,57.053315,55.616721,56.027176,0.0,368
2015-03-04,521460,14289258,56.027176,56.848087,55.514106,56.027176,0.0,320
2015-03-05,361200,9851388,56.232403,56.335018,55.719334,55.719334,-0.307842,186
2015-03-06,520563,14253825,55.821948,56.437631,55.821948,56.12979,0.410456,301
2015-03-09,1153500,31064348,56.027176,56.027176,54.898423,54.898423,-1.231367,453
2015-03-10,922266,24773427,55.103651,55.719334,54.693195,55.001037,0.102614,438
2015-03-11,2813700,78240500,54.795809,58.489909,54.385354,58.489909,3.488872,1341
2015-03-12,7966223,238121698,61.363097,62.286622,60.131731,60.747414,2.257505,3391
2015-03-13,6727907,203289382,60.850028,63.210147,60.336958,61.363097,0.615683,3103
2015-03-16,3980080,121539288,61.568325,63.620603,61.568325,62.594464,1.231367,2121
2015-03-17,2939350,88227261,62.697077,63.107533,60.952642,60.952642,-1.641822,1362
2015-03-18,8518323,263825931,61.363097,64.441513,61.260483,63.415375,2.462733,3648
2015-03-19,3132270,96109906,64.031058,64.031058,62.594464,62.697077,-0.718298,1461
2015-03-20,2692608,81549609,63.415375,63.415375,61.15787,62.49185,-0.205227,1263
2015-03-23,1926957,58113309,62.697077,62.902306,61.363097,61.465712,-1.026138,898
2015-03-24,3227885,98943759,61.568325,63.620603,61.568325,62.389236,0.923524,1580
2015-03-25,1593500,47699375,63.004919,63.107533,60.439573,60.850028,-1.539208,830
2015-03-26,1366005,40533545,60.131731,61.568325,59.721275,60.542186,-0.307842,693
2015-03-27,2308000,68644450,60.747414,62.286622,60.131731,60.234345,-0.307841,1081
2015-03-30,3469305,97093759,61.363097,61.363097,56.027176,56.745473,-3.488872,1582
2015-03-31,2141844,59423449,56.335018,58.182067,55.616721,57.566384,0.820911,1667
2015-04-01,841002,23518860,57.566384,58.079454,56.745473,57.361156,-0.205228,442
2015-04-02,938392,26352774,58.489909,58.489909,57.053315,57.053315,-0.307841,787
2015-04-07,1637904,46505652,57.668998,59.105592,57.258542,58.592522,1.539207,1267
2015-04-08,940214,26623196,58.592522,59.002978,57.053315,57.566384,-1.026138,654
2015-04-09,1388038,38333678,57.258542,57.258542,56.232403,56.335018,-1.231366,805
2015-04-10,1195186,33369407,56.335018,58.079454,56.335018,57.668998,1.33398,747
2015-04-13,1972273,56503399,58.079454,59.310819,57.874225,59.002978,1.33398,1214
2015-04-14,1528181,44328340,59.002978,60.131731,58.900364,59.413434,0.410456,1036
2015-04-15,2547500,75032817,59.516048,61.055255,59.413434,60.439573,1.026139,1512
2015-04-16,4902140,148420502,61.363097,63.210147,60.747414,61.568325,1.128752,2590
2015-04-17,2017594,60191644,61.97878,62.594464,60.747414,60.952642,-0.615683,1004
2015-04-20,1279200,37054150,59.926503,59.926503,58.900364,59.413434,-1.539208,782
2015-04-21,1165150,33044504,59.926503,59.926503,57.053315,57.46377,-1.949664,745
2015-04-22,573126,15994254,57.46377,57.668998,57.053315,57.155928,-0.307842,425
2015-04-23,1018707,28152352,57.668998,57.668998,56.12979,56.437631,-0.718297,632
2015-04-24,565000,15660350,56.437631,57.361156,56.335018,56.642859,0.205228,366
2015-04-27,913624,25651652,56.848087,58.387295,56.642859,57.874225,1.231366,452
2015-04-28,635855,17627954,57.874225,57.874225,56.437631,56.437631,-1.436594,382
2015-04-29,1217004,32929704,56.437631,56.950701,55.001037,55.001037,-1.436594,676
2015-04-30,759152,20266778,55.411493,55.411493,54.28274,55.206264,0.205227,484
2015-05-04,482034,12850984,55.206264,55.411493,54.28274,54.385354,-0.82091,316
2015-05-05,3249169,81108925,54.693195,54.795809,50.58864,50.896482,-3.488872,1331
2015-05-06,1569004,38788650,50.896482,51.922621,49.25466,51.512166,0.615684,812
2015-05-07,494009,12198625,50.486027,50.999096,50.383412,50.793869,-0.718297,312
2015-05-08,894505,21617825,50.793869,50.999096,48.433749,49.25466,-1.539209,495
2015-05-11,1515245,35039996,49.25466,49.870343,45.971016,46.791927,-2.462733,756
2015-05-12,2213605,48509415,45.971016,46.689313,43.713511,45.765788,-1.026139,1084
2015-05-13,1006003,22230019,45.765788,46.176244,43.508283,45.663175,-0.102613,543
2015-05-14,685583,15480218,45.252719,46.997155,45.252719,46.381472,0.718297,391
2015-05-15,760335,16808183,46.381472,46.689313,44.842263,44.944878,-1.436594,423
2015-05-18,983559,21036027,44.329194,45.150105,43.097827,43.097827,-1.847051,553
2015-05-19,996524,21490978,42.071689,45.252719,42.071689,45.252719,2.154892,524
2015-05-20,667073,14688956,46.07363,46.07363,44.329194,45.252719,0.0,418
2015-05-21,469358,10211600,45.047491,45.047491,44.22658,44.534421,-0.718298,253
2015-05-22,676434,14854048,44.534421,45.56056,44.329194,45.252719,0.718298,315
2015-05-25,308652,6774609,45.150105,45.56056,44.73965,44.944878,-0.307841,195
2015-05-26,349221,7684595,45.150105,45.56056,44.944878,45.355333,0.410455,191
2015-05-27,570212,12434964,45.355333,45.663175,43.303055,44.431808,-0.923525,331
2015-05-28,890639,19646738,44.534421,46.176244,44.431808,45.56056,1.128752,494
2015-05-29,3303024,76263601,45.56056,48.228521,44.944878,47.407611,1.847051,1426
2015-06-01,760000,17064000,46.997155,46.997155,45.355333,45.868402,-1.539209,429
2015-06-02,867005,19731410,45.868402,47.612838,45.56056,45.765788,-0.102614,475
2015-06-03,1924500,43838024,44.944878,47.818066,44.944878,47.407611,1.641823,1083
2015-06-04,1720200,39393989,47.818066,48.844205,45.252719,45.663175,-1.744436,846
2015-06-05,941702,20510870,45.663175,46.381472,43.713511,44.22658,-1.436595,507
2015-06-08,3878500,76515899,42.687372,43.610897,39.814184,39.814184,-4.412396,1538
2015-06-09,2998877,53720595,39.814184,39.814184,35.914856,35.914856,-3.899328,1242
2015-06-10,1636703,28906462,34.888717,37.146223,34.68349,36.530539,0.615683,846
2015-06-11,2141502,36406157,36.838381,36.940995,33.657351,34.478262,-2.052277,987
2015-06-12,1362650,22834114,33.965193,35.709629,32.631212,35.196559,0.718297,737
2015-06-15,1335000,23949650,35.607014,37.556678,35.401787,36.838381,1.641822,734
2015-06-16,833019,14463280,35.914856,36.838381,34.888717,35.504401,-1.33398,455
2015-06-17,853922,14727518,35.914856,36.120084,34.888717,35.196559,-0.307842,492
2015-06-18,609651,10749453,35.812242,36.633153,35.607014,36.325312,1.128753,363
2015-06-22,778084,13881312,36.940995,37.146223,36.120084,36.940995,0.615683,348
2015-06-23,687101,12413147,37.351451,37.761906,36.427926,36.427926,-0.513069,387
2015-06-24,1954140,33349880,35.914856,36.01747,34.68349,34.786104,-1.641822,1026
2015-06-25,1117075,19512440,34.888717,36.735768,34.888717,35.196559,0.410455,595
2015-06-26,654402,11208824,35.196559,35.709629,34.888717,35.093945,-0.102614,381
2015-06-29,1078509,17822996,34.888717,34.888717,33.246896,33.657351,-1.436594,517
2015-06-30,862829,14552151,33.349509,35.401787,33.349509,34.273035,0.615684,475
2015-07-01,697002,11986884,34.68349,35.607014,34.68349,34.991332,0.718297,395
2015-07-02,822055,14082401,35.093945,35.504401,34.888717,35.299173,0.307841,346
2015-07-03,546285,9277945,35.299173,35.401787,34.580876,34.68349,-0.615683,269
2015-07-06,464001,7793966,34.991332,35.093945,33.965193,34.17042,-0.51307,268
2015-07-07,1972266,34124313,34.17042,36.120084,34.17042,35.709629,1.539209,827
2015-07-08,1578214,26230980,35.709629,35.812242,33.144281,33.452123,-2.257506,703
2015-07-09,2119000,32338800,31.399846,32.118143,30.271093,31.605074,-1.847049,805
2015-07-13,824291,13090516,32.220757,33.144281,32.220757,32.323371,0.718297,392
2015-07-14,732000,11706750,32.631212,33.349509,32.425984,32.425984,0.102613,404
2015-07-15,704140,11075010,32.83644,33.041668,31.912915,32.323371,-0.102613,305
2015-07-16,550001,8720117,33.452123,33.452123,32.118143,32.425984,0.102613,322
2015-07-17,569006,9104853,33.041668,33.246896,32.528598,32.631212,0.205228,288
2015-07-20,675484,10804339,32.631212,33.452123,32.323371,32.733826,0.102614,335
2015-07-21,935005,15089530,32.83644,33.452123,32.733826,33.246896,0.51307,428
2015-07-22,512002,8138330,32.425984,33.041668,32.323371,32.323371,-0.923525,246
2015-07-23,1103301,17313103,32.323371,32.83644,31.399846,32.631212,0.307841,513
2015-07-24,913003,14350595,32.631212,32.83644,31.810301,32.323371,-0.307841,337
2015-07-27,1824646,26825621,31.810301,32.220757,29.142341,29.142341,-3.18103,646
2015-07-28,1263281,18291201,29.142341,30.373707,29.142341,30.16848,1.026139,574
2015-07-29,3290010,45073785,29.963251,30.065865,27.192677,27.705746,-2.462734,1472
2015-07-30,1418041,19883924,27.910974,29.552796,27.910974,28.731885,1.026139,801
2015-07-31,1146021,16332296,29.450183,29.758024,28.834499,28.834499,0.102614,626
2015-08-03,651132,9111088,28.834499,29.244954,28.218816,28.424044,-0.410455,329
2015-08-04,1092327,15053228,28.424044,28.937113,27.705746,28.013587,-0.410457,497
2015-08-05,1110776,15351164,28.116202,29.039726,27.500519,28.526657,0.51307,527
2015-08-06,793402,11016137,28.731885,28.937113,27.910974,28.937113,0.410456,394
2015-08-07,826612,11533642,28.116202,29.039726,27.910974,28.526657,-0.410456,446
2015-08-10,2479030,32926297,28.937113,28.937113,26.166538,26.987449,-1.539208,1077
2015-08-11,4741100,67070394,26.987449,29.65541,26.987449,29.552796,2.565347,1847
2015-08-12,1469990,20609755,28.218816,29.552796,28.218816,29.552796,0.0,760
2015-08-13,1275407,18059548,29.552796,29.758024,28.629271,28.834499,-0.718297,501
2015-08-14,736300,10316075,28.731885,29.142341,28.321429,29.039726,0.205227,299
2015-08-17,1193400,16367400,28.424044,29.039726,27.397905,27.80836,-1.231366,501
2015-08-18,1172000,15616550,27.80836,28.321429,26.679608,26.679608,-1.128752,543
2015-08-19,2770400,33330079,26.679608,26.884835,24.114261,24.114261,-2.565347,1165
2015-08-20,2716011,30994929,24.011647,24.422102,22.575053,24.011647,-0.102614,815
2015-08-21,2824203,30519883,22.985508,23.806419,21.651528,21.651528,-2.360119,1033
2015-08-24,3837694,38689649,21.343686,21.856755,19.496637,19.619773,-2.031755,1100
2015-08-25,2284000,22354290,17.690632,21.4463,17.690632,20.830617,1.210844,943
2015-08-26,1135074,11594050,20.522775,21.4463,20.255979,21.4463,0.615683,440
2015-08-27,1525079,16132837,21.754141,22.267211,21.035844,21.754141,0.307841,673
2015-08-28,1016054,10982124,22.164597,22.575053,21.754141,21.959369,0.205228,419
2015-08-31,356025,3794105,21.959369,22.061983,21.548914,21.856755,-0.102614,187
2015-09-01,747220,7904286,21.856755,22.061983,21.343686,21.856755,0.0,305
2015-09-02,2238697,25222904,21.4463,24.011647,21.4463,24.011647,2.154892,791
2015-09-03,1848497,22229663,24.729944,25.243013,24.011647,25.037786,1.026139,783
2015-09-04,2383000,30282800,25.037786,27.29529,24.62733,25.243013,0.205227,967
2015-09-07,853001,10531913,25.243013,25.858696,25.037786,25.345627,0.102614,349
2015-09-08,583829,7168752,25.345627,25.653469,24.62733,25.243013,-0.102614,318
2015-09-09,1122000,14087450,25.550855,26.371766,25.345627,25.756083,0.51307,477
2015-09-10,708442,8887618,25.448241,26.166538,25.243013,25.858696,0.102613,258
2015-09-11,3753140,51547489,25.96131,28.424044,25.96131,27.910974,2.052278,1081
2015-09-14,1024400,13596988,27.910974,27.910974,26.884835,27.192677,-0.718297,372
2015-09-15,1731005,23043670,26.987449,27.705746,26.576993,27.090063,-0.102614,516
2015-09-16,824400,10966878,27.29529,27.603132,26.987449,27.29529,0.205227,344
2015-09-17,1234463,16598059,27.500519,28.013587,27.192677,27.705746,0.410456,449
2015-09-18,2053044,28423899,27.603132,29.347568,27.29529,28.321429,0.615683,626
2015-09-21,927999,12267035,27.910974,28.013587,26.884835,27.090063,-1.231366,411
2015-09-22,763107,10181221,27.090063,27.705746,27.090063,27.29529,0.205227,321
2015-09-23,809493,10687581,26.884835,27.397905,26.679608,27.090063,-0.205227,324
2015-09-24,1235004,15740056,27.29529,27.29529,25.653469,25.858696,-1.231367,519
2015-09-25,870504,10932697,25.756083,26.166538,25.448241,25.653469,-0.205227,373
2015-09-30,1587008,19920054,24.832558,26.269152,24.832558,26.063925,0.410456,464
2015-10-01,629903,8053465,25.96131,26.47438,25.858696,25.858696,-0.205229,323
2015-10-02,719216,9213051,25.858696,26.576993,25.653469,26.166538,0.307842,299
2015-10-05,3008289,41176396,26.371766,28.731885,26.269152,28.731885,2.565347,1066
2015-10-06,2316103,33006906,28.731885,29.758024,28.731885,29.039726,0.307841,908
2015-10-07,1761500,25092800,29.244954,29.758024,28.731885,28.731885,-0.307841,561
2015-10-08,1053693,14546356,28.834499,28.937113,27.80836,28.116202,-0.615683,398
2015-10-12,1382000,19178700,27.80836,29.142341,27.80836,28.321429,0.205227,473
2015-10-13,320000,4435000,28.731885,28.731885,28.116202,28.526657,0.205228,162
2015-10-14,1562050,22090902,28.424044,29.347568,28.424044,28.937113,0.410456,512
2015-10-15,1638003,23329192,29.039726,30.16848,28.526657,28.937113,0.0,621
2015-10-16,1543000,21667100,28.937113,29.347568,28.526657,28.526657,-0.410456,382
2015-10-19,933140,13277130,29.244954,29.450183,28.834499,29.039726,0.513069,395
2015-10-20,5756017,88022763,29.347568,31.912915,29.244954,31.810301,2.770575,1884
2015-10-21,2579103,38896551,31.810301,31.810301,30.578935,30.98939,-0.820911,982
2015-10-22,572408,8659620,30.98939,31.399846,30.886777,31.092004,0.102614,296
2015-10-23,1248797,18880274,31.605074,31.810301,30.681548,30.681548,-0.410456,488
2015-10-26,776011,11774065,31.092004,31.399846,30.784162,30.98939,0.307842,294
2015-10-27,2626058,41557049,31.297232,33.759965,31.297232,31.912915,0.923525,1135
2015-10-28,766203,11783262,32.015529,32.015529,31.194618,31.605074,-0.307841,331
2015-10-29,1335500,20478699,32.425984,32.425984,30.476321,31.092004,-0.51307,531
2015-10-30,2027003,31098998,31.399846,32.015529,30.476321,30.98939,-0.102614,613
2015-11-02,597005,8919925,30.98939,30.98939,30.373707,30.578935,-0.410455,322
2015-11-03,1051000,15989600,30.98939,31.605074,30.784162,30.98939,0.410455,411
2015-11-04,842005,12779825,31.194618,31.50246,30.886777,31.092004,0.102614,337
2015-11-05,1650082,25671829,31.605074,32.528598,30.886777,31.912915,0.820911,657
2015-11-06,1006056,15557401,32.015529,32.425984,31.297232,31.297232,-0.615683,411
2015-11-09,681006,10350490,31.399846,31.810301,30.784162,30.886777,-0.410455,271
2015-11-10,1338138,19471570,30.784162,30.784162,29.347568,30.065865,-0.820912,575
2015-11-11,1457825,20406465,30.476321,30.476321,27.500519,27.705746,-2.360119,655
2015-11-12,868000,11585594,28.013587,28.116202,26.987449,27.29529,-0.410456,416
2015-11-13,833453,10902838,27.090063,27.29529,26.576993,26.782222,-0.513068,362
2015-11-16,1079057,13470174,25.140399,26.269152,25.140399,25.858696,-0.923526,409
2015-11-17,1116510,14979808,26.47438,28.321429,26.269152,27.910974,2.052278,551
2015-11-18,1322023,17990699,27.910974,28.526657,26.987449,27.500519,-0.410455,497
2015-11-19,361642,4833216,27.910974,27.910974,27.090063,27.500519,0.0,226
2015-11-20,500046,6789572,27.500519,28.321429,27.500519,28.116202,0.615683,208
2015-11-23,865006,11887434,28.116202,28.629271,27.705746,27.80836,-0.307842,314
2015-11-24,532147,7246746,27.910974,28.218816,27.397905,28.116202,0.307842,250
2015-11-25,1140249,15849306,28.116202,28.937113,28.116202,28.116202,0.0,373
2015-11-26,277182,3788982,28.116202,28.321429,27.80836,27.80836,-0.307842,171
2015-11-27,345211,4666393,28.116202,28.218816,27.397905,27.500519,-0.307841,168
2015-11-30,868985,11323252,25.448241,27.910974,25.448241,26.987449,-0.51307,425
2015-12-01,534009,7152817,27.090063,27.80836,27.090063,27.705746,0.718297,233
2015-12-02,545010,7465930,27.705746,28.526657,27.603132,27.910974,0.205228,269
2015-12-03,581005,8052665,27.910974,28.731885,27.910974,28.116202,0.205228,271
2015-12-04,317205,4364065,27.80836,28.526657,27.80836,28.013587,-0.102615,190
2015-12-07,1432053,20122272,28.424044,29.347568,28.116202,28.321429,0.307842,429
2015-12-08,862010,12070390,28.629271,29.142341,28.424044,28.937113,0.615684,355
2015-12-09,731001,9939514,28.937113,28.937113,27.192677,27.603132,-1.333981,310
2015-12-10,341004,4545702,27.603132,27.80836,27.090063,27.29529,-0.307842,187
2015-12-11,732914,9513198,27.705746,27.80836,25.858696,26.166538,-1.128752,336
2015-12-14,1172562,14210070,25.345627,25.756083,24.216874,24.729944,-1.436594,523
2015-12-15,847003,10118289,24.729944,25.140399,24.011647,24.935171,0.205227,394
2015-12-16,390202,4794653,25.037786,25.448241,25.037786,25.140399,0.205228,258
2015-12-17,490563,6166862,25.345627,26.166538,25.345627,25.858696,0.718297,258
2015-12-18,552002,7085074,25.756083,26.679608,25.756083,26.371766,0.51307,247
2015-12-21,518739,6541352,24.62733,26.576993,24.62733,26.269152,-0.102614,296
2015-12-22,661003,8427942,26.269152,26.679608,25.653469,25.756083,-0.513069,221
2015-12-23,711126,9221691,26.166538,27.090063,26.166538,26.269152,0.513069,318
2015-12-24,336515,4299882,26.782222,26.987449,26.063925,26.166538,-0.102614,198
2015-12-25,451007,5753584,26.166538,26.576993,25.653469,26.371766,0.205228,223
2015-12-28,228021,2895103,26.576993,26.576993,25.858696,26.063925,-0.307841,146
2015-12-29,879007,11236684,26.063925,26.576993,25.756083,25.756083,-0.307842,279
2015-12-30,345008,4342996,26.166538,26.166538,25.653469,25.858696,0.102613,141
2015-12-31,270007,3362684,25.653469,25.858696,25.345627,25.448241,-0.410455,144
2016-01-04,335017,4109554,25.448241,25.756083,24.832558,25.243013,-0.205228,176
2016-01-05,336293,4073845,24.935171,25.140399,24.524716,24.832558,-0.410455,173
2016-01-06,1048735,12185228,24.832558,25.037786,23.190735,23.498577,-1.333981,410
2016-01-07,1982354,22226840,22.575053,23.703805,22.369825,23.395964,-0.102613,470
2016-01-08,557003,6345083,23.29335,24.216874,22.78028,23.909033,0.513069,290
2016-01-11,666842,7473662,23.703805,23.703805,22.575053,22.677666,-1.231367,304
2016-01-12,1075319,11510697,22.677666,22.985508,20.728003,21.4463,-1.231366,432
2016-01-13,1244004,12808094,21.651528,22.267211,20.522775,21.343686,-0.102614,542
2016-01-14,677014,6963341,20.728003,21.651528,20.728003,20.933231,-0.410455,310
2016-01-15,808016,8231310,21.138458,21.4463,20.522775,20.728003,-0.205228,343
2016-01-18,1344000,14329790,20.502253,22.78028,20.502253,22.78028,2.052277,429
2016-01-19,1039006,11530672,23.395964,23.498577,22.164597,22.78028,0.0,486
2016-01-20,527003,5767683,22.267211,22.78028,21.959369,22.472438,-0.307842,262
2016-01-21,3031101,34212966,22.985508,23.806419,22.164597,22.472438,0.0,753
2016-01-22,444651,4920078,22.985508,23.190735,22.369825,22.472438,0.0,243
2016-01-25,359422,3995101,22.985508,22.985508,22.575053,22.882894,0.410456,242
2016-01-26,333838,3717118,22.985508,23.088122,22.575053,22.78028,-0.102614,235
2016-01-27,575058,6440640,23.088122,23.395964,22.472438,22.472438,-0.307842,198
2016-01-28,225013,2479093,22.882894,22.882894,22.472438,22.575053,0.102615,144
2016-01-29,702001,7859161,22.78028,23.190735,22.575053,23.190735,0.615682,318
2016-01-30,3894542,46575307,23.29335,25.448241,23.190735,24.524716,1.333981,880
2016-02-01,515010,6116711,24.832558,24.832558,24.114261,24.319489,-0.205227,281
2016-02-02,358305,4211310,24.422102,24.422102,23.909033,24.011647,-0.307842,175
2016-02-03,620015,7100566,23.806419,24.011647,23.190735,23.190735,-0.820912,256
2016-02-15,361011,3968671,22.369825,22.78028,22.369825,22.575053,-0.615682,182
2016-02-16,603004,6720094,22.677666,23.29335,22.677666,22.985508,0.410455,271
2016-02-17,303007,3414584,23.498577,23.498577,22.882894,22.882894,-0.102614,188
2016-02-18,511024,5746417,23.395964,23.395964,22.985508,23.190735,0.307841,278
2016-02-19,451076,5125284,23.190735,23.703805,23.088122,23.190735,0.0,225
2016-02-22,4930034,60360014,23.395964,25.448241,23.29335,25.140399,1.949664,1307
2016-02-23,1637006,19999722,25.448241,25.448241,24.524716,25.140399,0.0,575
2016-02-24,778299,9328457,25.037786,25.037786,24.216874,24.422102,-0.718297,439
2016-02-25,2675335,33020973,24.832558,26.063925,24.62733,25.140399,0.718297,1007
2016-02-26,928385,11161643,25.243013,25.345627,24.114261,24.62733,-0.513069,470
2016-03-01,464233,5605096,24.832558,25.037786,24.422102,24.832558,0.205228,291
2016-03-02,1397028,17260465,25.550855,25.653469,25.140399,25.243013,0.410455,509
2016-03-03,1040073,12812899,25.448241,25.756083,24.832558,25.037786,-0.205227,381
2016-03-04,5061077,65304515,25.448241,26.884835,25.448241,26.576993,1.539207,1620
2016-03-07,1845445,23978795,27.29529,27.500519,26.063925,26.47438,-0.102613,738
2016-03-08,2063791,27217289,26.884835,27.705746,26.166538,27.603132,1.128752,835
2016-03-09,1582200,20757928,27.090063,27.29529,26.576993,26.782222,-0.82091,619
2016-03-10,1134024,14860312,26.782222,27.192677,26.47438,26.679608,-0.102614,415
2016-03-11,674281,8774876,26.679608,26.987449,26.47438,26.884835,0.205227,335
2016-03-14,1280281,16921231,27.090063,28.013587,26.576993,27.397905,0.51307,496
2016-03-15,1219140,15936721,27.910974,27.910974,26.166538,26.166538,-1.231367,498
2016-03-16,820037,10631181,26.371766,26.987449,26.269152,26.884835,0.718297,416
2016-03-17,912309,11802232,27.397905,27.397905,25.96131,25.96131,-0.923525,437
2016-03-18,732027,9224986,26.269152,26.269152,25.653469,25.756083,-0.205227,305
2016-03-21,968900,11940177,26.269152,26.269152,24.729944,25.037786,-0.718297,399
2016-03-22,424025,5180500,25.345627,25.345627,24.832558,24.832558,-0.205228,249
2016-03-23,1026022,12204542,24.832558,25.140399,24.011647,24.319489,-0.513069,402
2016-03-24,711105,8288218,24.524716,24.524716,23.703805,23.806419,-0.51307,228
2016-03-25,546015,6398515,24.114261,24.216874,23.806419,23.909033,0.102614,222
2016-03-28,2530140,31161855,24.524716,25.96131,24.319489,25.243013,1.33398,887
2016-03-29,1917129,23362656,25.345627,25.756083,24.011647,24.422102,-0.820911,661
2016-03-30,3603409,42907669,25.037786,25.345627,23.806419,24.011647,-0.410455,1063
2016-03-31,3675035,41547637,24.319489,24.524716,22.369825,23.088122,-0.923525,1218
2016-04-01,1340210,15241692,22.985508,23.806419,22.985508,23.601192,0.51307,480
2016-04-06,658500,7479862,23.29335,23.601192,23.190735,23.395964,-0.205228,286
2016-04-07,1445020,15980270,23.29335,23.29335,22.472438,22.575053,-0.820911,452
2016-04-08,846028,9158280,22.061983,22.472438,21.959369,22.164597,-0.410456,354
2016-04-11,1104887,11682253,22.061983,22.061983,21.241072,21.241072,-0.923525,482
2016-04-12,2309122,25643308,22.164597,23.29335,21.754141,22.472438,1.231366,837
2016-04-13,1378672,14718343,22.575053,22.575053,21.651528,21.856755,-0.615683,551
2016-04-14,978620,10631330,21.959369,22.78028,21.856755,22.575053,0.718298,431
2016-04-15,1244241,13761108,22.985508,22.985508,22.472438,22.78028,0.205227,505
2016-04-18,512635,5620086,22.78028,22.78028,22.267211,22.472438,-0.307842,257
2016-04-19,849281,9378854,22.78028,22.78028,22.472438,22.677666,0.205228,319
2016-04-20,521203,5664857,22.677666,22.882894,21.856755,22.267211,-0.410455,301
2016-04-21,477012,5113924,22.061983,22.164597,21.754141,21.959369,-0.307842,228
2016-04-22,546016,5861410,22.061983,22.369825,21.856755,21.959369,0.0,227
2016-04-25,386279,4051490,21.959369,21.959369,21.343686,21.343686,-0.615683,281
2016-04-26,492250,5049600,21.4463,21.754141,20.625389,20.933231,-0.410455,278
2016-04-27,377261,3824489,20.933231,21.241072,20.625389,20.728003,-0.205228,233
2016-04-28,849346,8432272,20.728003,21.035844,19.496637,20.194411,-0.533592,330
2016-04-29,844203,8010385,20.194411,20.194411,18.901476,19.209318,-0.985093,338
2016-05-03,1924163,16554430,18.798862,19.065658,17.300699,17.341744,-1.867574,846
2016-05-04,807565,6995389,17.464882,18.142133,17.38279,17.89586,0.554116,346
2016-05-05,790028,7117446,18.388406,18.963044,18.018996,18.737293,0.841433,297
2016-05-06,642223,5752143,18.880953,18.880953,18.183179,18.470498,-0.266795,201
2016-05-09,253171,2244233,18.470498,18.470498,17.977951,18.26527,-0.205228,135
2016-05-10,240000,2127430,18.26527,18.285792,18.080565,18.121611,-0.143659,104
2016-05-11,192256,1695138,18.326838,18.532066,17.875337,17.875337,-0.246274,98
2016-05-12,334212,2848434,17.423836,17.854814,17.341744,17.341744,-0.533593,147
2016-05-13,1771390,14192680,17.033903,17.054426,16.212992,16.41822,-0.923524,529
2016-05-16,287143,2265823,16.41822,16.41822,15.884628,16.151424,-0.266796,159
2016-05-17,693727,5608060,16.459266,17.444359,16.233515,16.602925,0.451501,258
2016-05-18,508200,4155417,16.602925,17.033903,16.41822,16.890244,0.287319,225
2016-05-19,359281,2902744,16.931289,16.972335,16.315606,16.582402,-0.307842,164
2016-05-20,259003,2112684,16.705539,16.890244,16.438743,16.664493,0.082091,158
2016-05-23,692167,5823128,16.726062,17.752201,16.705539,17.588018,0.923525,247
2016-05-24,270037,2309966,17.464882,17.752201,17.341744,17.649586,0.061568,135
2016-05-25,639803,5775786,17.936905,18.778339,17.752201,18.655202,1.005616,283
2016-05-26,354281,3237552,19.188795,19.188795,18.511543,18.593634,-0.061568,147
2016-05-27,499282,4491970,18.942521,18.942521,18.285792,18.470498,-0.123136,202
2016-05-30,276008,2477286,18.347361,18.655202,18.285792,18.449975,-0.020523,120
2016-05-31,348119,3118545,18.408929,18.63468,18.26527,18.491021,0.041046,159
2016-06-01,317001,2845509,18.388406,18.614157,18.326838,18.367883,-0.123138,144
2016-06-02,430006,3873941,18.470498,18.655202,18.326838,18.326838,-0.041045,152
2016-06-03,378000,3393930,18.326838,18.63468,18.26527,18.573111,0.246273,217
2016-06-04,145181,1308639,18.593634,18.63468,18.408929,18.470498,-0.102613,79
2016-06-06,278008,2496548,18.573111,18.839908,18.203702,18.244747,-0.225751,148
2016-06-07,192075,1714975,18.552589,18.552589,18.162656,18.326838,0.082091,124
2016-06-08,2059724,19688007,18.675725,20.153365,18.552589,20.153365,1.826527,723
2016-06-13,1896102,20149650,21.035844,22.164597,20.728003,22.164597,2.011232,722
2016-06-14,3753424,41279222,23.395964,23.498577,21.4463,22.267211,0.102614,1384
2016-06-15,1545017,16821188,22.267211,23.190735,21.651528,22.882894,0.615683,698
2016-06-16,1622295,18035746,22.78028,23.395964,22.369825,22.369825,-0.513069,647
2016-06-17,817117,8933613,22.78028,22.882894,21.959369,22.369825,0.0,400
2016-06-20,491976,5339192,22.369825,22.78028,21.856755,21.856755,-0.51307,229
2016-06-21,699038,7481248,21.856755,22.267211,21.651528,21.856755,0.0,275
2016-06-22,953003,10364980,22.369825,22.78028,21.959369,22.164597,0.307842,333
2016-06-23,1061507,11608501,22.575053,22.78028,22.164597,22.369825,0.205228,316
2016-06-24,1131023,12128684,22.472438,22.575053,21.241072,21.548914,-0.820911,372
2016-06-27,1147143,12488939,21.4463,22.985508,21.4463,22.369825,0.820911,305
2016-06-28,2708017,31355651,22.575053,24.524716,22.369825,24.524716,2.154891,763
2016-06-29,2040022,24038036,24.832558,25.037786,23.395964,23.909033,-0.615683,792
2016-06-30,820130,9507156,23.601192,24.319489,23.395964,23.806419,-0.102614,387
2016-07-01,1316002,15406821,23.909033,24.62733,23.498577,24.422102,0.615683,483
2016-07-04,2331710,29161474,24.216874,26.679608,24.114261,25.756083,1.333981,904
2016-07-05,1910278,24246799,25.858696,26.884835,25.037786,26.063925,0.307842,685
2016-07-06,1602205,19631071,26.166538,26.166538,24.422102,25.037786,-1.026139,611
2016-07-07,873013,10620106,25.037786,25.243013,24.729944,24.729944,-0.307842,358
2016-07-11,1026367,12509654,24.62733,25.345627,24.62733,24.832558,0.102614,361
2016-07-12,683027,8366577,25.550855,25.550855,24.832558,24.832558,0.0,322
2016-07-13,576397,6977122,25.140399,25.243013,24.62733,25.037786,0.205228,271
2016-07-14,477804,5769674,24.729944,25.037786,24.62733,24.832558,-0.205228,257
2016-07-15,907537,10868144,24.832558,24.935171,24.319489,24.319489,-0.513069,448
2016-07-18,815703,9698389,23.806419,24.729944,23.806419,24.319489,0.0,307
2016-07-19,468701,5562672,24.422102,24.62733,24.216874,24.319489,0.0,202
2016-07-20,1621412,20182417,24.422102,26.269152,24.422102,25.243013,0.923524,607
2016-07-21,717627,8910249,25.243013,25.96131,25.140399,25.140399,-0.102614,312
2016-07-22,811013,10057758,25.756083,25.96131,25.037786,25.140399,0.0,349
2016-07-25,795011,9669482,25.243013,25.653469,24.62733,24.62733,-0.513069,261
2016-07-26,592140,7096863,24.422102,24.729944,24.422102,24.62733,0.0,202
2016-07-27,971100,11854478,24.62733,25.550855,24.524716,25.345627,0.718297,323
2016-07-28,788008,9777896,25.140399,25.653469,24.935171,25.345627,0.0,316
2016-07-29,1007744,12572971,25.448241,26.166538,25.037786,25.653469,0.307842,397
2016-08-01,1225101,15641216,26.371766,26.47438,25.858696,25.858696,0.205227,424
2016-08-02,1840876,24132929,26.063925,27.29529,26.063925,26.884835,1.026139,683
2016-08-03,1014005,13157965,26.884835,27.192677,26.166538,26.47438,-0.410455,462
2016-08-04,503161,6458176,26.47438,26.679608,26.166538,26.371766,-0.102614,221
2016-08-05,542003,6975436,26.371766,26.679608,26.269152,26.371766,0.0,202
2016-08-08,776738,10080166,26.47438,26.884835,26.47438,26.782222,0.410456,299
2016-08-09,526059,6788253,26.782222,26.987449,26.166538,26.371766,-0.410456,219
2016-08-10,1013519,12946078,26.47438,26.576993,25.858696,26.166538,-0.205228,306
2016-08-11,781200,9966795,26.166538,26.371766,25.96131,26.166538,0.0,264
2016-08-12,972221,11998712,26.166538,26.371766,24.011647,24.832558,-1.33398,356
2016-08-15,1394217,17187729,24.62733,27.192677,24.011647,26.782222,1.949664,534
2016-08-16,1306009,17062169,26.987449,27.397905,25.653469,26.371766,-0.410456,478
2016-08-17,693938,8640344,26.371766,26.576993,24.62733,25.448241,-0.923525,292
2016-08-18,466694,5802440,25.448241,26.371766,25.243013,25.243013,-0.205228,176
2016-08-19,487930,6006496,25.653469,25.756083,24.935171,25.037786,-0.205227,193
2016-08-22,871070,10379743,25.037786,25.037786,24.011647,24.114261,-0.923525,356
2016-08-23,649148,7716632,24.114261,24.935171,24.114261,24.216874,0.102613,224
2016-08-24,527496,6268123,24.216874,24.832558,24.114261,24.319489,0.102615,218
2016-08-25,1124727,13966072,24.319489,25.96131,24.319489,25.653469,1.33398,516
2016-08-26,523680,6421452,25.550855,25.653469,24.832558,25.243013,-0.410456,248
2016-08-29,275193,3387277,25.243013,25.550855,24.935171,25.243013,0.0,257
2016-08-30,446500,5446267,25.243013,25.345627,24.729944,24.832558,-0.410455,305
2016-08-31,467117,5656504,24.62733,25.140399,24.62733,24.62733,-0.205228,328
2016-09-01,771015,9538728,24.832558,25.858696,24.729944,25.550855,0.923525,417
2016-09-02,631801,7695862,25.858696,25.96131,24.422102,24.832558,-0.718297,294
2016-09-05,351622,4253414,25.037786,25.140399,24.62733,24.729944,-0.102614,122
2016-09-06,422006,5081122,24.524716,25.037786,24.524716,24.729944,0.0,139
2016-09-07,496549,6078001,24.62733,25.448241,24.62733,25.345627,0.615683,225
2016-09-08,368036,4545492,25.448241,25.550855,25.140399,25.140399,-0.205228,204
2016-09-09,392004,4782998,25.037786,25.345627,24.832558,25.140399,0.0,164
2016-09-10,291120,3511910,24.729944,25.243013,24.62733,24.832558,-0.307841,145
2016-09-12,475004,5651144,24.62733,25.140399,24.216874,24.319489,-0.513069,223
2016-09-13,506952,5920744,24.62733,24.62733,23.703805,23.703805,-0.615684,238
2016-09-14,322004,3746744,23.601192,24.216874,23.29335,24.216874,0.513069,188
2016-09-19,3054540,37935288,24.832558,25.756083,24.832558,25.653469,1.436595,1423
2016-09-20,1461790,18205190,25.858696,25.96131,25.243013,25.550855,-0.102614,962
2016-09-21,1461966,17770377,25.550855,25.550855,24.729944,24.832558,-0.718297,647
2016-09-22,906074,10901943,24.832558,25.037786,24.319489,24.62733,-0.205228,385
2016-09-23,1331172,15645453,24.011647,24.422102,24.011647,24.114261,-0.513069,526
2016-09-26,910981,10493619,23.703805,23.909033,23.498577,23.498577,-0.615684,396
2016-10-11,1084985,20803225,25.784785,25.784785,23.511567,23.641465,0.142888,640
2016-10-12,576447,10007512,23.641465,23.641465,21.88784,21.95279,-1.688675,414
2016-10-13,835181,13255732,21.95279,21.95279,19.874419,20.264113,-1.688677,518
2016-10-14,1216228,17718111,19.614623,20.004317,18.250692,18.445539,-1.818574,614
2016-10-17,685113,9485475,18.445539,18.510488,17.536252,18.185742,-0.259797,332
2016-10-18,305652,4377872,18.185742,18.835233,18.185742,18.640386,0.454644,231
2016-10-19,157854,2261155,18.640386,18.835233,18.510488,18.510488,-0.129898,136
2016-10-20,245657,3486929,18.510488,18.705335,18.185742,18.445539,-0.064949,165
2016-10-21,551641,8060234,18.445539,20.004317,18.445539,19.549673,1.104134,307
2016-10-24,324115,5364070,21.498145,21.498145,21.498145,21.498145,1.948472,219
2016-10-25,371286,6757384,23.641465,23.641465,23.641465,23.641465,2.14332,230
2016-10-26,6747982,134957040,25.979632,25.979632,25.849734,25.979632,2.338167,2405
2016-10-27,6592347,143720484,28.447697,28.577596,26.82397,28.577596,2.597964,2610
2016-10-28,5368823,110172883,27.148715,28.187901,25.784785,28.187901,-0.389695,2707
2016-10-31,2118029,43754172,27.148715,27.53841,26.369327,26.88892,-1.298981,1098
2016-11-01,4305401,96137487,27.278614,29.551832,27.148715,29.551832,2.662912,2051
2016-11-02,4546506,107880384,29.746679,32.47454,28.577596,32.214744,2.662912,2347
2016-11-03,958963,21837019,30.591017,30.591017,29.032239,29.032239,-3.182505,372
2016-11-04,951765,20625061,27.53841,29.032239,27.53841,27.928105,-1.104134,417
2016-11-07,474511,10422351,28.122952,29.162137,28.122952,28.447697,0.519592,254
2016-11-08,651961,13495092,28.447697,28.447697,26.239429,27.278614,-1.169083,287
2016-11-09,747127,14572993,27.278614,27.278614,24.680651,25.784785,-1.493829,281
2016-11-10,545386,11431991,25.784785,27.928105,25.784785,27.928105,2.14332,245
2016-11-11,417023,8537059,26.434276,27.148715,26.434276,26.629123,-1.298982,196
2016-11-14,290876,6010605,27.408512,27.408512,26.109531,26.88892,0.259797,138
2016-11-15,366423,7676833,27.278614,27.53841,26.694072,27.408512,0.519592,189
2016-11-16,461440,9919411,27.408512,28.317799,27.408512,27.798206,0.389694,267
2016-11-17,2206547,50849467,29.551832,30.526068,28.577596,30.526068,2.727862,1002
2016-11-18,4674065,114462212,31.370406,33.059082,31.110609,31.305457,0.779389,2306
2016-11-21,3496800,81965560,31.370406,32.409592,29.61678,29.68173,-1.623727,1960
2016-11-22,2033444,46395059,29.941526,30.39617,28.772443,29.421934,-0.259796,1255
2016-11-23,3517518,83220460,30.461119,31.825049,29.61678,30.006475,0.584541,1716
2016-11-24,1292135,29473549,30.785864,30.785864,29.097189,29.876577,-0.129898,805
2016-11-25,703408,16126314,29.292035,30.266271,29.292035,30.136373,0.259796,412
2016-11-28,1328797,29922878,30.136373,30.201323,28.577596,28.902341,-1.234032,695
2016-11-29,1377964,30839330,28.642544,29.876577,28.058003,29.68173,0.779389,783
2016-11-30,543316,12199875,29.61678,29.68173,29.032239,29.032239,-0.649491,328
2016-12-01,610730,13677862,29.61678,29.61678,28.902341,28.902341,-0.129898,356
2016-12-02,1102662,23753254,28.902341,28.902341,27.53841,27.798206,-1.104135,622
2016-12-05,976802,20252239,27.798206,27.798206,26.629123,26.88892,-0.909286,486
2016-12-06,593892,12531982,27.148715,27.668308,27.083767,27.343563,0.454643,463
2016-12-07,464187,9744236,27.668308,27.798206,26.88892,27.278614,-0.064949,306
2016-12-08,822311,17525831,28.447697,28.447697,27.343563,27.343563,0.064949,496
2016-12-09,496549,10482131,27.343563,27.798206,26.953868,27.668308,0.324745,310
2016-12-12,2221599,49682924,28.187901,29.811628,27.928105,29.292035,1.623727,1170
2016-12-13,738181,16397482,29.356984,29.876577,28.512646,28.707494,-0.584541,432
2016-12-14,536670,11710922,28.25285,28.837392,28.058003,28.317799,-0.389695,339
2016-12-15,372556,8108529,27.928105,28.447697,27.928105,28.317799,0.0,274
2016-12-16,394259,8577995,28.577596,28.772443,28.058003,28.122952,-0.194847,226
2016-12-19,835843,17587638,28.122952,28.122952,26.759022,26.953868,-1.169084,426
2016-12-20,1011741,20508183,26.759022,26.953868,25.979632,26.499225,-0.454643,503
2016-12-21,259089,5261295,26.499225,26.499225,26.239429,26.304377,-0.194848,196
2016-12-22,392226,8008007,26.174479,26.759022,26.174479,26.369327,0.06495,268
2016-12-23,242249,4942137,26.499225,26.759022,26.304377,26.434276,0.064949,186
2016-12-26,464185,9633342,26.953868,27.60336,26.434276,26.694072,0.259796,354
2016-12-27,329719,6759568,26.759022,27.018817,26.369327,26.369327,-0.324745,193
2016-12-28,821132,17041998,26.369327,27.668308,26.369327,26.82397,0.454643,475
2016-12-29,325531,6636121,26.82397,26.88892,26.304377,26.564174,-0.259796,228
2016-12-30,346124,7084023,26.564174,26.82397,26.304377,26.629123,0.064949,190
2017-01-03,478304,9883770,26.629123,27.213665,26.499225,26.629123,0.0,256
2017-01-04,350157,7246604,26.88892,26.953868,26.759022,26.953868,0.324745,244
2017-01-05,3722591,83271248,26.953868,29.61678,26.953868,29.61678,2.662912,1713
2017-01-06,6857141,161280702,30.331221,31.435355,28.642544,28.642544,-0.974236,2911
2017-01-09,1386142,29968041,28.577596,29.097189,27.60336,27.60336,-1.039184,783
2017-01-10,521672,11219038,27.733258,28.512646,27.733258,27.733258,0.129898,356
2017-01-11,1053672,21877097,27.60336,27.60336,26.629123,27.083767,-0.649491,607
2017-01-12,567445,11899021,26.82397,27.668308,26.759022,27.148715,0.064948,362
2017-01-13,490599,10275486,27.408512,27.53841,27.018817,27.083767,-0.064948,296
2017-01-16,812122,16542803,26.759022,26.759022,26.174479,26.434276,-0.649491,472
2017-01-17,476774,9695464,26.759022,26.759022,26.239429,26.304377,-0.129899,292
2017-01-18,903904,18316261,26.304377,26.499225,26.174479,26.304377,0.0,403
2017-01-19,789425,15993050,26.434276,26.759022,26.109531,26.174479,-0.129898,383
2017-01-20,524533,10563481,26.109531,26.564174,26.044581,26.109531,-0.064948,333
2017-01-23,1005204,19921086,26.434276,26.434276,25.070345,25.330141,-0.77939,530
2017-01-24,562124,11033257,25.460039,25.914683,25.265193,25.330141,0.0,360
2017-02-02,371922,7323573,25.330141,25.849734,25.330141,25.719836,0.389695,241
2017-02-03,484698,9622910,25.719836,26.239429,25.524989,26.239429,0.519593,372
2017-02-06,1602631,33557073,26.88892,27.53841,26.694072,27.278614,1.039185,805
2017-02-07,772568,16232302,27.60336,27.60336,26.953868,27.278614,0.0,447
2017-02-08,3572401,78183538,27.278614,28.96729,27.083767,28.447697,1.169083,1600
2017-02-09,7558495,175351875,28.577596,31.175559,28.447697,30.526068,2.078371,3183
2017-02-10,7269790,176683320,32.734337,32.864235,29.811628,30.136373,-0.389695,3453
2017-02-13,2629218,58092250,30.266271,30.266271,27.53841,28.25285,-1.883523,1495
2017-02-14,2000671,44263063,28.577596,29.486882,28.25285,28.25285,0.0,975
2017-02-15,850088,18463063,28.577596,28.707494,27.60336,28.058003,-0.194847,585
2017-02-16,1665506,35625549,28.058003,28.577596,27.083767,27.798206,-0.259797,838
2017-02-17,621925,13198825,27.928105,27.928105,27.408512,27.668308,-0.129898,453
2017-02-18,1070035,23449451,27.928105,28.837392,27.798206,28.577596,0.909288,634
2017-02-20,982716,21611434,28.837392,28.96729,28.187901,28.25285,-0.324746,572
2017-02-21,883733,19080911,28.577596,28.772443,27.798206,27.993054,-0.259796,480
2017-02-22,620220,13406055,28.187901,28.317799,27.928105,27.993054,0.0,457
2017-02-23,1382883,30507556,27.993054,29.097189,27.993054,28.25285,0.259796,748
2017-02-24,868106,19074819,28.317799,28.902341,28.187901,28.642544,0.389694,541
2017-03-01,1381445,30716326,29.876577,30.006475,28.317799,28.317799,-0.324745,1044
2017-03-02,938518,20177987,28.447697,28.707494,27.668308,27.668308,-0.649491,556
2017-03-03,447120,9520520,27.668308,27.928105,27.408512,27.53841,-0.129898,310
2017-03-06,597252,12529542,27.798206,27.798206,26.953868,27.473461,-0.064949,469
2017-03-07,464692,9777932,27.668308,27.668308,27.148715,27.473461,0.0,322
2017-03-08,295385,6246885,27.53841,27.60336,27.343563,27.473461,0.0,252
2017-03-09,387570,8122105,27.53841,27.53841,27.083767,27.148715,-0.324746,264
2017-03-10,571548,11739802,27.213665,27.213665,26.369327,26.88892,-0.259795,358
2017-03-13,687563,14307509,26.953868,27.53841,26.629123,26.953868,0.064948,507
2017-03-14,754233,15861688,27.278614,27.863156,26.694072,27.473461,0.519593,433
2017-03-15,646595,13783246,27.53841,27.993054,27.278614,27.343563,-0.129898,369
2017-03-16,375968,7945528,27.668308,27.668308,27.278614,27.473461,0.129898,261
2017-03-17,486553,10248547,27.473461,27.668308,27.278614,27.278614,-0.194847,393
2017-03-20,341099,7149171,27.668308,27.668308,27.148715,27.148715,-0.129899,559
2017-03-21,678471,14054143,27.148715,27.278614,26.629123,26.759022,-0.389693,505
2017-03-22,402590,8341247,26.759022,27.148715,26.629123,26.953868,0.194846,303
2017-03-23,1667706,35564160,26.759022,28.122952,26.694072,27.668308,0.71444,797
2017-03-24,477726,10056839,27.668308,27.733258,27.148715,27.148715,-0.519593,289
2017-03-27,545551,11265144,27.148715,27.148715,26.694072,26.759022,-0.389693,322
2017-03-28,484957,9945498,26.759022,26.88892,26.499225,26.694072,-0.06495,287
2017-03-29,436245,8901236,26.759022,26.88892,26.369327,26.434276,-0.259796,242
2017-03-30,743855,15111449,26.304377,26.759022,26.174479,26.239429,-0.194847,387
2017-03-31,430376,8687520,26.174479,26.434276,26.044581,26.109531,-0.129898,296
2017-04-05,512406,10332690,26.499225,26.499225,26.044581,26.109531,0.0,436
2017-04-06,264815,5346164,26.174479,26.369327,26.044581,26.369327,0.259796,256
2017-04-07,403573,8135387,26.629123,26.629123,26.044581,26.044581,-0.324746,277
2017-04-10,872018,17236320,26.174479,26.174479,25.460039,25.589938,-0.454643,572
2017-04-11,749220,15061486,26.109531,26.564174,25.719836,25.719836,0.129898,474
2017-04-12,278654,5527948,26.369327,26.369327,25.654887,25.784785,0.064949,340
2017-04-13,292083,5759844,25.784785,25.784785,25.524989,25.524989,-0.259796,216
2017-04-14,1020449,19298134,25.524989,25.524989,24.096109,24.290957,-1.234032,490
2017-04-17,717702,13015386,24.550753,24.550753,23.056924,23.576516,-0.714441,297
2017-04-18,400166,7232738,23.576516,24.03116,23.381669,23.511567,-0.064949,181
2017-04-19,448257,7897305,23.31672,23.31672,22.732178,22.732178,-0.779389,275
2017-04-20,491231,8688310,22.472381,23.31672,22.472381,22.862076,0.129898,307
2017-04-21,364478,6544373,23.251771,23.511567,23.056924,23.446618,0.584542,230
2017-04-24,270161,4814654,23.446618,23.446618,22.862076,22.862076,-0.584542,162
2017-04-25,201902,3555672,23.056924,23.121873,22.797128,22.797128,-0.064948,151
2017-04-26,282451,4991084,22.862076,23.121873,22.797128,22.862076,0.064948,179
2017-04-27,292223,5135075,22.797128,22.991974,22.732178,22.797128,-0.064948,161
2017-04-28,324939,5717030,22.797128,22.991974,22.732178,22.732178,-0.06495,176
2017-05-02,851130,14969212,22.862076,23.121873,22.60228,22.667229,-0.064949,312
2017-05-03,421704,7262368,22.277535,22.732178,22.147636,22.212586,-0.454643,271
2017-05-04,588665,9891981,22.082688,22.082688,21.692993,21.757942,-0.454644,314
2017-05-05,554125,9103534,21.628044,21.628044,21.043502,21.303299,-0.454643,224
2017-05-08,583766,9426917,21.563095,21.692993,20.718757,20.783706,-0.519593,242
2017-05-09,527891,8304165,21.108451,21.108451,19.939368,20.004317,-0.779389,250
2017-05-10,1098931,18341871,20.069266,21.95279,20.069266,21.95279,1.948473,420
2017-05-11,3965210,72806527,22.732178,24.096109,22.60228,24.096109,2.143319,1301
2017-05-12,7941822,156588590,24.420855,26.369327,24.420855,26.109531,2.013422,3497
2017-05-15,2880024,56242501,25.719836,26.109531,24.7456,24.940447,-1.169084,1319
2017-05-16,2195918,43260115,25.070345,26.239429,25.005396,25.005396,0.064949,1011
2017-05-17,1061807,20429978,25.005396,25.395091,24.7456,25.070345,0.064949,438
2017-05-18,1193177,22355456,24.290957,24.680651,23.771364,24.290957,-0.779388,540
2017-05-19,876790,16605769,24.810548,24.940447,24.290957,24.290957,0.0,374
2017-05-22,1121860,20480330,24.290957,24.550753,23.446618,23.511567,-0.77939,524
2017-05-23,1022310,18720018,23.511567,24.161058,23.381669,23.901262,0.389695,500
2017-05-24,756249,13947032,24.161058,24.420855,23.576516,23.576516,-0.324746,366
2017-05-25,694568,12761456,23.836312,24.290957,23.641465,23.836312,0.259796,326
2017-05-26,4408025,85877823,23.96621,26.109531,23.901262,25.070345,1.234033,2008
2017-05-31,1463343,27474072,25.200243,25.265193,23.901262,23.901262,-1.169083,712
2017-06-01,755338,13994799,24.161058,24.226007,23.901262,24.161058,0.259796,333
2017-06-02,997195,18894790,24.226007,24.940447,24.226007,24.420855,0.259797,504
2017-06-03,363766,6877995,25.005396,25.005396,24.161058,24.485803,0.064948,227
2017-06-05,1152219,22018411,24.7456,25.135294,24.485803,24.810548,0.324745,485
2017-06-06,1362545,26573136,25.070345,25.719836,24.940447,25.265193,0.454645,704
2017-06-07,3747829,75348321,25.719836,26.759022,25.460039,25.719836,0.454643,1661
2017-06-08,1402720,27922776,26.044581,26.109531,25.395091,25.460039,-0.259797,497
2017-06-09,830221,16085699,25.524989,25.654887,24.875498,24.940447,-0.519592,393
2017-06-12,561960,10631542,24.550753,24.810548,24.420855,24.615702,-0.324745,252
2017-06-13,2050734,42655251,27.018817,27.018817,27.018817,27.018817,2.403115,502
2017-06-14,10983767,234513659,28.577596,28.902341,26.174479,26.239429,-0.779388,4277
2017-06-15,2727266,55187870,25.849734,27.213665,25.524989,26.304377,0.064948,1413
2017-06-16,3358798,70547625,26.629123,27.668308,26.499225,27.213665,0.909288,1645
2017-06-19,1922544,39896742,27.408512,27.798206,26.629123,26.629123,-0.584542,977
2017-06-20,1307100,26874399,27.018817,27.148715,26.369327,26.369327,-0.259796,648
2017-06-21,674245,13760495,26.109531,26.82397,26.109531,26.434276,0.064949,422
2017-06-22,694739,14207025,26.629123,26.88892,26.369327,26.369327,-0.064949,369
2017-06-23,808836,16320570,26.564174,26.564174,26.044581,26.174479,-0.194848,394
2017-06-26,593321,11944188,26.369327,26.369327,25.979632,26.109531,-0.064948,302
2017-06-27,721487,14532233,26.109531,26.434276,25.849734,25.979632,-0.129899,414
2017-06-28,813423,16405139,25.849734,26.629123,25.849734,25.979632,0.0,415
2017-06-29,517251,10402050,26.304377,26.434276,25.849734,25.849734,-0.129898,284
2017-06-30,664917,13227188,25.784785,26.369327,25.395091,26.174479,0.324745,345
2017-07-03,435219,8773180,26.174479,26.304377,26.044581,26.044581,-0.129898,191
2017-07-04,479951,9526634,25.979632,25.979632,25.654887,25.654887,-0.389694,245
2017-07-05,333819,6606949,25.654887,25.849734,25.460039,25.654887,0.0,183
2017-07-06,1799328,36570460,25.719836,26.82397,25.719836,26.174479,0.519592,806
2017-07-07,1540937,31317461,26.564174,26.629123,26.109531,26.564174,0.389695,668
2017-07-10,1530622,30379312,26.369327,26.369327,25.265193,25.265193,-1.298981,702
2017-07-11,1793793,34015732,24.875498,25.265193,24.096109,24.550753,-0.71444,792
2017-07-12,720110,13773990,24.420855,25.005396,24.420855,24.875498,0.324745,363
2017-07-13,533219,10254018,25.070345,25.200243,24.680651,24.680651,-0.194847,272
2017-07-14,626918,11821097,24.680651,24.7456,24.420855,24.550753,-0.129898,324
2017-07-17,286060,5431054,24.550753,24.940447,24.485803,24.550753,0.0,168
2017-07-18,361896,6857876,24.615702,24.810548,24.290957,24.810548,0.259795,207
2017-07-19,541440,10309609,25.135294,25.135294,24.550753,24.7456,-0.064948,267
2017-07-20,609646,11552123,24.940447,25.005396,24.485803,24.550753,-0.194847,286
2017-07-21,575528,10904740,24.680651,24.810548,24.485803,24.550753,0.0,293
2017-07-24,798635,15436269,24.680651,25.330141,24.680651,25.135294,0.584541,471
2017-07-25,552045,10680063,25.265193,25.265193,25.005396,25.200243,0.064949,265
2017-07-26,1745693,35232523,25.589938,26.629123,25.589938,26.239429,1.039186,889
2017-07-27,1100991,22086464,26.304377,26.564174,25.719836,26.044581,-0.194848,483
2017-07-28,722216,14317838,25.979632,26.044581,25.330141,25.719836,-0.324745,352
2017-07-31,314055,6122709,25.719836,25.719836,25.135294,25.265193,-0.454643,210
2017-08-01,471204,9312703,25.330141,25.784785,25.330141,25.719836,0.454643,282
2017-08-02,555980,11043902,25.719836,26.109531,25.460039,25.719836,0.0,278
2017-08-03,325535,6402679,25.719836,25.719836,25.460039,25.460039,-0.259797,175
2017-08-04,321339,6340255,25.460039,25.849734,25.460039,25.524989,0.06495,193
2017-08-07,2804791,57841213,25.849734,27.148715,25.719836,27.083767,1.558778,1325
2017-08-08,1301255,26446797,26.953868,26.953868,25.849734,26.434276,-0.649491,687
2017-08-09,1633124,33449914,26.88892,27.148715,26.044581,26.109531,-0.324745,710
2017-08-10,935223,18514758,26.499225,26.499225,25.460039,25.719836,-0.389695,436
2017-08-11,611775,11828717,24.875498,25.395091,24.810548,25.330141,-0.389695,343
2017-08-14,999897,19102374,25.330141,25.460039,24.420855,24.420855,-0.909286,371
2017-08-15,421018,8006784,24.680651,25.005396,24.485803,24.680651,0.259796,227
2017-08-16,385594,7337542,24.680651,25.005396,24.615702,24.615702,-0.064949,201
2017-08-17,290306,5576040,24.680651,25.265193,24.680651,24.940447,0.324745,171
2017-08-18,231683,4405157,24.680651,24.940447,24.550753,24.875498,-0.064949,125
2017-08-21,1215487,24035560,25.070345,26.239429,24.810548,26.044581,1.169083,519
2017-08-22,1249134,25301657,26.953868,26.953868,25.849734,26.044581,0.0,511
2017-08-23,1019659,20605957,26.174479,26.629123,25.784785,26.174479,0.129898,483
2017-08-24,737758,14925860,26.304377,26.564174,25.979632,26.109531,-0.064948,353
2017-08-25,836165,16934960,26.174479,26.499225,26.174479,26.304377,0.194846,343
2017-08-28,4533288,96054830,26.629123,28.902341,26.239429,28.902341,2.597964,1592
2017-08-29,13602778,328470580,30.915763,31.7601,30.266271,31.7601,2.857759,4834
2017-08-30,10292226,259411906,31.7601,34.877657,30.526068,34.877657,3.117557,4402
2017-08-31,10066517,273087374,34.747758,37.41067,33.773522,35.072504,0.194847,4604
2017-09-01,5720942,151510515,34.423012,35.851893,33.383828,34.747758,-0.324746,2723
2017-09-04,3740443,99225368,34.552911,35.592096,33.838471,34.228166,-0.519592,1825
2017-09-05,5553179,141019923,34.487962,34.487962,31.954947,32.53949,-1.688676,2438
2017-09-06,2932865,74645325,32.734337,33.708573,32.214744,32.604438,0.064948,1491
2017-09-07,3024672,75057928,33.124031,33.513726,31.175559,31.305457,-1.298981,1431
2017-09-08,1716680,41973968,31.435355,32.409592,31.175559,31.695151,0.389694,836
2017-09-11,2892303,72532579,32.47454,33.124031,31.954947,32.409592,0.714441,1325
2017-09-12,1908277,47409208,32.669388,33.253929,31.435355,31.565253,-0.844339,839
2017-09-13,1460661,35488303,31.370406,32.084846,31.240508,31.825049,0.259796,696
2017-09-14,6830450,178588079,32.214744,35.007555,31.889999,35.007555,3.182506,2830
2017-09-15,5759997,152063413,35.267351,35.3323,33.578675,34.033318,-0.974237,2643
2017-09-18,1946594,50371840,34.293114,34.293114,33.318878,33.318878,-0.71444,1048
2017-09-19,1480552,38020582,33.18898,33.968369,32.734337,32.799286,-0.519592,812
2017-09-20,1181929,29566775,32.864235,33.059082,32.279693,32.669388,-0.129898,591
2017-09-21,1469222,37336676,32.864235,33.513726,32.409592,32.734337,0.064949,737
2017-09-22,1671158,41101592,32.994133,32.994133,31.630202,31.630202,-1.104135,782
2017-09-25,2418410,55996930,31.565253,31.630202,29.421934,29.61678,-2.013422,1029
2017-09-26,860940,19756190,29.551832,30.526068,29.227086,29.227086,-0.389694,446
2017-09-27,891311,20226798,29.162137,29.876577,29.162137,29.162137,-0.064949,441
2017-09-28,693989,15723147,29.292035,29.68173,29.292035,29.551832,0.389695,341
2017-09-29,640794,14302774,29.551832,29.551832,28.642544,28.837392,-0.71444,324
2017-09-30,487669,11082515,28.772443,29.876577,28.772443,29.486882,0.64949,287
2017-10-02,731370,16880685,30.331221,30.39617,29.486882,29.941526,0.454644,361
2017-10-03,1568132,35620905,30.201323,30.461119,29.097189,29.227086,-0.71444,681
2017-10-05,534019,12107425,29.292035,29.68173,29.292035,29.421934,0.194848,275
2017-10-06,628103,14142257,29.227086,29.61678,29.032239,29.227086,-0.194848,259
2017-10-11,2147632,50302529,30.071425,30.915763,30.006475,30.591017,1.363931,934
2017-10-12,1241512,29443752,30.591017,31.110609,30.591017,30.915763,0.324746,642
2017-10-13,1156535,27096970,31.175559,31.175559,30.071425,30.785864,-0.129899,547
2017-10-16,703973,16494667,30.655966,30.850813,30.266271,30.331221,-0.454643,357
2017-10-17,848421,19580320,30.331221,30.39617,29.746679,29.746679,-0.584542,391
2017-10-18,1718366,41273286,29.876577,32.409592,29.746679,30.980711,1.234032,927
2017-10-19,1522799,36842976,30.980711,32.149795,30.655966,31.305457,0.324746,799
2017-10-20,786635,18642949,30.980711,31.305457,30.526068,30.655966,-0.649491,444
2017-10-23,800048,18973927,30.655966,31.240508,30.526068,30.655966,0.0,383
2017-10-24,913940,21851159,30.720915,31.305457,30.655966,31.175559,0.519593,461
2017-10-25,1055619,25405903,31.370406,31.825049,30.785864,30.785864,-0.389695,538
2017-10-26,621810,14812160,30.915763,31.305457,30.655966,30.785864,0.0,360
2017-10-27,994895,23298035,30.850813,31.045661,29.876577,29.941526,-0.844338,555
2017-10-30,753149,17163256,30.136373,30.461119,29.292035,29.356984,-0.584542,412
2017-10-31,1022506,24012035,29.811628,31.045661,29.486882,30.526068,1.169084,603
2017-11-01,2649491,63946174,30.850813,31.954947,30.526068,31.370406,0.844338,1332
2017-11-02,925760,22105329,31.175559,31.370406,30.785864,30.915763,-0.454643,472
2017-11-03,656745,15558340,31.175559,31.175559,30.591017,30.915763,0.0,321
2017-11-06,1239590,29838816,31.175559,31.695151,30.655966,31.175559,0.259796,549
2017-11-07,855029,20431986,31.175559,31.435355,30.850813,30.915763,-0.259796,382
2017-11-08,720064,17262519,31.565253,31.565253,30.915763,31.110609,0.194846,385
2017-11-09,1074784,25680057,31.500304,31.500304,30.39617,30.591017,-0.519592,610
2017-11-10,904810,21091638,30.526068,30.655966,30.006475,30.136373,-0.454644,475
2017-11-13,1876653,42304643,30.266271,30.266271,28.902341,28.902341,-1.234032,824
2017-11-14,570088,12718352,28.96729,29.356984,28.642544,28.96729,0.064949,263
2017-11-15,2888001,59856866,28.382748,28.382748,26.109531,26.953868,-2.013422,1280
2017-11-16,1085534,22748595,26.759022,27.668308,26.564174,27.278614,0.324746,545
2017-11-17,649923,13574700,27.53841,27.60336,26.88892,26.88892,-0.389694,310
2017-11-20,707717,14469578,26.88892,27.798206,26.239429,26.239429,-0.649491,331
2017-11-21,574401,11913545,26.304377,27.148715,26.304377,27.018817,0.779388,298
2017-11-22,707575,14739533,27.148715,27.53841,26.564174,26.629123,-0.389694,328
2017-11-23,597815,12499913,26.953868,27.53841,26.629123,27.213665,0.584542,286
2017-11-24,940774,19179116,27.083767,27.083767,26.239429,26.564174,-0.649491,424
2017-11-27,573796,11857185,26.629123,27.148715,26.629123,26.82397,0.259796,209
2017-11-28,477641,9911515,26.82397,27.083767,26.694072,27.018817,0.194847,202
2017-11-29,593387,12333540,27.083767,27.278614,26.759022,26.759022,-0.259795,260
2017-11-30,451478,9312998,27.083767,27.083767,26.564174,26.564174,-0.194848,277
2017-12-01,902181,18044093,26.694072,26.88892,25.330141,25.979632,-0.584542,444
2017-12-04,445093,8727667,25.914683,25.914683,24.940447,25.460039,-0.519593,230
2017-12-05,472352,9170142,25.070345,25.524989,25.005396,25.005396,-0.454643,253
2017-12-06,656484,12645434,24.680651,25.460039,24.680651,25.460039,0.454643,287
2017-12-07,448238,8692041,25.265193,25.460039,25.070345,25.070345,-0.389694,149
2017-12-08,323529,6215705,25.200243,25.200243,24.680651,25.135294,0.064949,167
2017-12-11,924711,18449438,25.330141,26.239429,25.330141,26.174479,1.039185,338
2017-12-12,693449,13823140,26.304377,26.499225,25.589938,25.589938,-0.584541,253
2017-12-13,382058,7605701,25.784785,26.109531,25.719836,25.849734,0.259796,199
2017-12-14,494654,9964693,26.174479,26.434276,25.979632,25.979632,0.129898,239
2017-12-15,240929,4829939,25.979632,26.174479,25.849734,25.849734,-0.129898,135
2017-12-18,347324,6987922,26.499225,26.499225,25.914683,25.979632,0.129898,182
2017-12-19,316067,6250504,25.979632,26.044581,25.460039,25.589938,-0.389694,145
2017-12-20,254633,5075741,25.784785,26.109531,25.589938,25.849734,0.259796,167
2017-12-21,180900,3589076,26.109531,26.109531,25.524989,25.654887,-0.194847,134
2017-12-22,213186,4203142,25.654887,25.719836,25.524989,25.589938,-0.064949,112
2017-12-25,291632,5683295,25.589938,25.589938,25.200243,25.265193,-0.324745,149
2017-12-26,300838,5813347,25.265193,25.395091,24.940447,24.940447,-0.324746,163
2017-12-27,249858,4847896,24.940447,25.395091,24.940447,25.135294,0.194847,127
2017-12-28,196961,3808245,25.265193,25.265193,25.005396,25.135294,0.0,142
2017-12-29,279672,5394446,25.070345,25.200243,24.940447,25.070345,-0.064949,150
2018-01-02,395651,7584531,25.070345,25.070345,24.810548,25.005396,-0.064949,156
2018-01-03,499162,9766008,25.070345,25.784785,25.070345,25.524989,0.519593,257
2018-01-04,521800,10204500,25.654887,25.654887,25.265193,25.330141,-0.194848,244
2018-01-05,776273,15350628,25.330141,25.979632,25.330141,25.849734,0.519593,385
2018-01-08,416884,8200122,25.979632,25.979632,25.330141,25.719836,-0.129898,209
2018-01-09,324767,6370255,25.719836,25.719836,25.200243,25.589938,-0.129898,181
2018-01-10,163556,3191453,25.589938,25.589938,25.200243,25.330141,-0.259797,112
2018-01-11,309163,5989886,25.070345,25.460039,25.005396,25.200243,-0.129898,147
2018-01-12,190632,3698992,25.070345,25.330141,25.070345,25.135294,-0.064949,115
2018-01-15,182274,3538986,25.200243,25.460039,25.135294,25.135294,0.0,108
2018-01-16,372552,7300710,25.135294,25.654887,25.070345,25.589938,0.454644,218
2018-01-17,392502,7641885,25.589938,25.589938,25.200243,25.395091,-0.194847,197
2018-01-18,366188,7160783,25.395091,25.524989,25.200243,25.330141,-0.06495,164
2018-01-19,280624,5494210,25.330141,25.589938,25.265193,25.524989,0.194848,157
2018-01-22,345949,6728605,25.654887,25.654887,25.200243,25.330141,-0.194848,178
2018-01-23,402947,7798777,25.330141,25.395091,24.940447,25.070345,-0.259796,195
2018-01-24,386440,7402460,25.070345,25.070345,24.810548,24.940447,-0.129898,226
2018-01-25,566322,10793118,24.7456,24.875498,24.680651,24.810548,-0.129899,229
2018-01-26,405625,7697188,24.810548,24.810548,24.420855,24.420855,-0.389693,215
2018-01-29,333448,6273923,24.420855,24.615702,24.355905,24.420855,0.0,192
2018-01-30,320764,6063257,24.485803,24.7456,24.420855,24.550753,0.129898,133
2018-01-31,564937,10481328,24.420855,24.420855,24.03116,24.03116,-0.519593,266
2018-02-01,426489,7867697,24.161058,24.420855,23.771364,23.771364,-0.259796,223
2018-02-02,760900,13736564,23.771364,23.901262,23.121873,23.251771,-0.519593,363
2018-02-05,578644,9935967,22.147636,22.991974,21.822891,22.927026,-0.324745,283
2018-02-06,990264,16149940,21.95279,22.277535,20.653807,20.718757,-2.208269,451
2018-02-07,302699,4982966,21.498145,21.692993,21.108451,21.303299,0.584542,172
2018-02-08,260719,4217626,21.303299,21.822891,20.718757,20.783706,-0.519593,171
2018-02-09,477519,7262293,19.03008,20.783706,18.835233,20.588859,-0.194847,236
2018-02-12,273898,4405468,20.913604,21.108451,20.394011,20.978553,0.389694,158
2018-02-21,340769,5666578,21.043502,21.822891,21.043502,21.822891,0.844338,181
2018-02-22,237702,3978060,21.822891,22.082688,21.368247,21.822891,0.0,141
2018-02-23,181857,3072522,21.822891,22.082688,21.822891,22.082688,0.259797,113
2018-02-26,198648,3358073,22.342484,22.342484,21.628044,21.757942,-0.324746,146
2018-02-27,359412,6066359,22.212586,22.212586,21.692993,21.95279,0.194848,164
2018-03-01,132749,2235944,21.88784,22.147636,21.433197,22.147636,0.194846,109
2018-03-02,237712,4061315,21.822891,22.472381,21.822891,22.407433,0.259797,191
2018-03-05,569875,10090247,22.407433,23.641465,22.407433,22.862076,0.454643,345
2018-03-06,315163,5610288,22.991974,23.381669,22.991974,23.186822,0.324746,235
2018-03-07,203090,3585855,23.251771,23.251771,22.667229,22.862076,-0.324746,150
2018-03-08,154958,2727953,22.927026,22.991974,22.732178,22.862076,0.0,113
2018-03-09,230737,4062405,22.991974,23.056924,22.667229,22.991974,0.129898,142
2018-03-12,194591,3443371,22.927026,23.121873,22.862076,22.862076,-0.129898,131
2018-03-13,285490,5051944,22.732178,23.31672,22.60228,23.056924,0.194848,211
2018-03-14,127529,2246638,22.732178,22.991974,22.732178,22.862076,-0.194848,107
2018-03-15,190926,3406897,22.927026,23.31672,22.927026,23.251771,0.389695,148
2018-03-16,191592,3383476,23.186822,23.251771,22.797128,22.797128,-0.454643,138
2018-03-19,129326,2261798,22.732178,22.927026,22.60228,22.732178,-0.06495,131
2018-03-20,306524,5244908,22.60228,22.60228,22.082688,22.212586,-0.519592,160
2018-03-21,303861,5180487,22.212586,22.472381,22.017738,22.147636,-0.06495,166
2018-03-22,168290,2839729,21.757942,22.082688,21.757942,21.822891,-0.324745,113
2018-03-23,235120,3859475,21.303299,21.563095,21.108451,21.108451,-0.71444,197
2018-03-26,238366,3824356,20.718757,21.108451,20.588859,20.913604,-0.194847,168
2018-03-27,237018,3958376,21.303299,22.212586,21.303299,21.628044,0.71444,175
2018-03-28,148835,2442992,21.628044,21.628044,21.043502,21.303299,-0.324745,105
2018-03-29,101428,1667468,21.1734,21.433197,21.1734,21.238349,-0.06495,75
2018-03-30,159024,2653341,22.212586,22.212586,21.433197,21.563095,0.324746,122
2018-03-31,184008,3074030,21.95279,22.017738,21.433197,21.692993,0.129898,114
2018-04-02,1712542,30818937,21.95279,23.836312,21.88784,23.836312,2.143319,740
2018-04-03,2351877,44159370,24.226007,25.200243,24.03116,24.161058,0.324746,1120
2018-04-09,742011,13269985,23.771364,23.771364,22.862076,22.927026,-1.234032,387
2018-04-10,407806,7132307,22.991974,23.381669,22.472381,22.472381,-0.454645,205
2018-04-11,193489,3400505,22.732178,22.927026,22.60228,22.797128,0.324747,114
2018-04-12,211265,3663157,22.991974,22.991974,22.407433,22.537331,-0.259797,126
2018-04-13,238635,4107845,22.60228,22.732178,22.082688,22.277535,-0.259796,142
2018-04-16,377032,6342764,22.277535,22.472381,21.692993,21.692993,-0.584542,199
2018-04-17,477422,7834723,21.692993,21.692993,21.1734,21.238349,-0.454644,205
2018-04-18,207328,3432743,21.108451,22.017738,21.108451,21.238349,0.0,134
2018-04-19,185838,3067276,21.433197,21.692993,21.303299,21.433197,0.194848,92
2018-04-20,229240,3758721,21.692993,21.692993,21.1734,21.238349,-0.194848,123
2018-04-23,165124,2680398,21.108451,21.303299,20.978553,21.043502,-0.194847,102
2018-04-24,282075,4529590,21.043502,21.238349,20.718757,20.783706,-0.259796,131
2018-04-25,64061,1028866,21.043502,21.043502,20.783706,20.783706,0.0,45
2018-04-26,188674,3005714,21.433197,21.433197,20.134215,20.718757,-0.064949,110
2018-04-27,148525,2366866,21.1734,21.1734,20.588859,20.783706,0.064949,75
2018-04-30,129980,2092176,20.978553,21.043502,20.783706,21.043502,0.259796,77
2018-05-02,104507,1667005,21.043502,21.043502,20.523909,20.588859,-0.454643,74
2018-05-03,156068,2464864,20.718757,20.718757,20.394011,20.653807,0.064948,74
2018-05-04,190958,2991494,20.394011,20.653807,20.134215,20.394011,-0.259796,96
2018-05-07,92894,1461546,20.523909,20.653807,20.394011,20.458961,0.06495,59
2018-05-08,184940,2875219,20.264113,20.264113,20.134215,20.264113,-0.194848,115
2018-05-09,125554,1952383,20.329062,20.329062,20.069266,20.264113,0.0,83
2018-05-10,98743,1547435,20.588859,20.588859,20.264113,20.329062,0.064949,55
2018-05-11,248451,3840042,20.458961,20.458961,19.744521,20.134215,-0.194847,124
2018-05-14,232006,3584842,20.134215,20.329062,19.939368,19.939368,-0.194847,106
2018-05-15,406892,6100523,19.80947,19.80947,18.965132,19.484725,-0.454643,209
2018-05-16,340678,5123670,19.484725,19.744521,19.224928,19.679571,0.194846,130
2018-05-17,309304,4839791,19.874419,20.653807,19.80947,20.394011,0.71444,188
2018-05-18,180225,2824087,20.394011,20.458961,20.264113,20.264113,-0.129898,66
2018-05-21,151908,2361718,20.523909,20.523909,20.004317,20.264113,0.0,79
2018-05-22,79723,1226527,20.134215,20.134215,19.80947,19.939368,-0.324745,59
2018-05-23,140388,2145656,19.939368,20.199164,19.744521,19.80947,-0.129898,69
2018-05-24,104114,1596780,19.614623,20.004317,19.614623,19.874419,0.064949,52
2018-05-25,231858,3507970,19.874419,19.939368,19.549673,19.614623,-0.259796,101
2018-05-28,147505,2240773,19.614623,19.874419,19.549673,19.80947,0.194847,85
2018-05-29,149838,2281893,19.939368,20.004317,19.679571,19.744521,-0.064949,105
2018-05-30,160223,2418595,19.744521,19.744521,19.484725,19.549673,-0.194848,92
2018-05-31,238633,3612122,19.484725,19.80947,19.484725,19.744521,0.194848,116
2018-06-01,277182,4255671,19.744521,20.199164,19.614623,20.069266,0.324745,157
2018-06-04,208033,3205746,20.199164,20.199164,19.874419,19.874419,-0.194847,131
2018-06-05,1492681,24598468,19.874419,21.822891,19.874419,21.822891,1.948472,580
2018-06-06,1500918,25151492,22.212586,22.212586,21.368247,21.498145,-0.324746,592
2018-06-07,443987,7398933,21.628044,22.017738,21.368247,21.498145,0.0,222
2018-06-08,287962,4740727,21.822891,21.822891,21.238349,21.303299,-0.194846,143
2018-06-11,414745,6920651,21.822891,21.88784,21.563095,21.757942,0.454643,200
2018-06-12,257423,4254845,21.757942,21.757942,21.303299,21.498145,-0.259797,156
2018-06-13,185701,3061980,21.563095,21.563095,21.303299,21.433197,-0.064948,111
2018-06-14,440549,7172534,21.238349,21.433197,20.978553,21.043502,-0.389695,164
2018-06-15,324695,5198512,20.913604,20.913604,20.718757,20.718757,-0.324745,135
2018-06-19,197961,3141685,20.783706,20.783706,20.458961,20.523909,-0.194848,84
2018-06-20,230348,3596458,20.523909,20.653807,20.134215,20.329062,-0.194847,122
2018-06-21,82570,1285109,20.329062,20.329062,20.069266,20.199164,-0.129898,48
2018-06-22,132629,2037222,20.134215,20.199164,19.744521,20.004317,-0.194847,78
2018-06-25,179776,2744963,20.004317,20.004317,19.744521,19.744521,-0.259796,89
2018-06-26,172898,2600321,19.614623,19.679571,19.484725,19.549673,-0.194848,93
2018-06-27,255237,3833028,19.549673,19.614623,19.419775,19.484725,-0.064948,102
2018-06-28,462576,7321693,19.549673,21.368247,19.484725,20.199164,0.714439,268
2018-06-29,273756,4303478,20.199164,20.848655,20.069266,20.199164,0.0,153
2018-07-02,178305,2730285,20.134215,20.264113,19.744521,19.744521,-0.454643,90
2018-07-03,167898,2539820,19.874419,19.874419,19.549673,19.549673,-0.194848,92
2018-07-04,174239,2627985,20.394011,20.394011,19.484725,19.614623,0.06495,68
2018-07-05,289265,4321944,19.614623,19.614623,19.224928,19.224928,-0.389695,123
2018-07-06,247797,3620104,19.354826,19.354826,18.640386,18.965132,-0.259796,127
2018-07-09,123238,1808833,19.09503,19.159978,18.965132,19.159978,0.194846,62
2018-07-10,104035,1553572,19.354826,19.549673,19.289877,19.419775,0.259797,49
2018-07-11,111818,1673254,19.289877,19.484725,19.159978,19.354826,-0.064949,58
2018-07-12,181264,2755085,19.354826,20.004317,19.354826,19.744521,0.389695,96
2018-07-13,148428,2254103,19.614623,19.874419,19.614623,19.874419,0.129898,68
2018-07-16,275781,4147115,19.874419,19.874419,19.419775,19.614623,-0.259796,104
2018-07-17,219339,3284412,19.549673,19.549673,19.354826,19.549673,-0.06495,71
2018-07-18,199642,2989500,19.484725,19.614623,19.289877,19.354826,-0.194847,103
2018-07-19,118113,1767114,19.354826,19.549673,19.354826,19.354826,0.0,63
2018-07-20,216401,3207782,19.354826,19.484725,19.159978,19.159978,-0.194848,99
2018-07-23,287637,4171269,18.900182,18.965132,18.705335,18.835233,-0.324745,113
2018-07-24,106036,1553171,18.835233,19.159978,18.835233,19.03008,0.194847,47
2018-07-25,110795,1609727,18.965132,18.965132,18.640386,18.965132,-0.064948,58
2018-07-26,79498,1167019,18.965132,19.224928,18.965132,19.09503,0.129898,52
2018-07-27,177533,2586050,19.09503,19.09503,18.835233,18.900182,-0.194848,86
2018-07-30,182264,2660128,18.965132,19.09503,18.900182,18.965132,0.06495,76
2018-07-31,206794,3028912,18.965132,19.159978,18.965132,18.965132,0.0,84
2018-08-01,296057,4310276,18.965132,19.159978,18.835233,18.900182,-0.06495,119
2018-08-02,207001,2991763,19.09503,19.09503,18.705335,18.705335,-0.194847,112
2018-08-03,284330,4095217,19.03008,19.03008,18.640386,18.705335,0.0,118
2018-08-06,262654,3758235,18.640386,18.770284,18.510488,18.640386,-0.064949,114
2018-08-07,276324,3925817,18.510488,18.575437,18.38059,18.445539,-0.194847,93
2018-08-08,331747,4684058,18.38059,18.510488,18.250692,18.315641,-0.129898,125
2018-08-09,508632,7165498,18.315641,18.575437,18.185742,18.250692,-0.064949,151
2018-08-10,296935,4160591,18.315641,18.445539,18.055844,18.185742,-0.06495,136
2018-08-13,384343,5186791,17.990896,17.990896,17.276456,17.406354,-0.779388,146
2018-08-14,516831,7209681,18.185742,18.315641,17.925946,17.925946,0.519592,190
2018-08-15,341530,4680328,17.796048,17.990896,17.66615,17.731099,-0.194847,131
2018-08-16,281428,3860618,17.731099,18.120794,17.601201,17.731099,0.0,148
2018-08-17,107733,1483168,18.055844,18.055844,17.796048,17.796048,0.064949,58
2018-08-20,5400146,67011399,16.042423,16.562015,16.042423,16.042423,-1.753625,1008
2018-08-21,1032341,12719973,16.107372,16.172321,15.782627,15.782627,-0.259796,353
2018-08-22,356450,4348787,15.782627,15.912525,15.782627,15.912525,0.129898,168
2018-08-23,434233,5370140,15.912525,16.23727,15.912525,15.977474,0.064949,164
2018-08-24,431818,5361972,16.107372,16.302219,15.912525,16.302219,0.324745,197
2018-08-27,496265,6123359,16.23727,16.302219,15.912525,16.042423,-0.259796,185
2018-08-28,612162,7524242,16.172321,16.172321,15.847575,15.977474,-0.064949,157
2018-08-29,216040,2663136,16.042423,16.107372,15.977474,15.977474,0.0,100
2018-08-30,257601,3180289,15.977474,16.107372,15.977474,16.042423,0.064949,84
2018-08-31,289814,3547348,16.042423,16.042423,15.782627,15.847575,-0.194848,141
2018-09-03,525061,6330622,15.847575,15.977474,15.52283,15.52283,-0.324745,215
2018-09-04,377363,4505294,15.263034,15.652729,15.263034,15.52283,0.0,120
2018-09-05,428359,5001659,15.52283,15.587779,14.938289,15.068187,-0.454643,203
2018-09-06,2180215,27328937,15.068187,16.562015,14.873339,16.562015,1.493828,481
2018-09-07,3216702,41413032,16.756863,17.146558,16.042423,16.042423,-0.519592,1009
2018-09-10,912900,10898322,15.977474,16.107372,15.068187,15.327983,-0.71444,379
2018-09-11,601205,7188878,15.587779,15.912525,15.327983,15.782627,0.454644,237
2018-09-12,344538,4127245,15.782627,15.912525,15.327983,15.327983,-0.454644,190
2018-09-13,356163,4220105,15.327983,15.587779,15.263034,15.327983,0.0,162
2018-09-14,255669,3052490,15.392932,15.717677,15.392932,15.392932,0.064949,135
2018-09-17,271632,3222154,15.392932,15.52283,15.327983,15.457881,0.064949,99
2018-09-18,474163,5663068,15.327983,15.782627,15.327983,15.392932,-0.064949,158
2018-09-19,569766,6758257,15.587779,15.587779,15.263034,15.327983,-0.064949,169
2018-09-20,410898,4861016,15.392932,15.587779,15.198085,15.198085,-0.129898,139
2018-09-21,3617835,41053816,15.263034,15.457881,14.678492,14.678492,-0.519593,369
2018-09-25,780829,8887963,14.678492,15.068187,14.418696,14.678492,0.0,336
2018-09-26,225000,2554700,14.678492,14.873339,14.678492,14.678492,0.0,115
2018-09-27,630499,7151187,14.743441,15.003238,14.613543,14.613543,-0.064949,285
2018-09-28,278886,3125559,14.613543,14.678492,14.483645,14.548594,-0.064949,153
2018-10-01,406696,4581179,14.548594,14.743441,14.418696,14.743441,0.194847,167
2018-10-02,490559,5549669,14.743441,14.873339,14.548594,14.743441,0.0,160
2018-10-03,1424029,17026798,14.743441,15.977474,14.743441,15.717677,0.974236,571
2018-10-04,1393647,16645576,15.652729,15.912525,15.133136,15.717677,0.0,545
2018-10-05,3097161,38139547,15.782627,16.367168,15.587779,16.302219,0.584542,1037
2018-10-08,1351696,16559252,16.172321,16.302219,15.587779,15.652729,-0.64949,522
2018-10-09,666111,8089236,15.717677,16.042423,15.52283,15.652729,0.0,302
2018-10-11,928112,10173782,14.418696,14.613543,14.09395,14.353746,-1.298983,441
2018-10-12,475949,5268380,13.899103,14.548594,13.899103,14.548594,0.194848,247
2018-10-15,441530,5076688,14.938289,15.133136,14.613543,14.938289,0.389695,225
2018-10-16,285962,3316601,14.808391,15.263034,14.808391,15.263034,0.324745,168
2018-10-17,561562,6651655,15.587779,15.587779,15.198085,15.263034,0.0,254
2018-10-18,287100,3371460,15.392932,15.457881,15.003238,15.068187,-0.194847,111
2018-10-19,263697,2956975,15.003238,15.003238,14.288798,14.743441,-0.324746,133
2018-10-22,146590,1675075,14.678492,15.068187,14.613543,14.938289,0.194848,77
2018-10-23,214751,2441621,14.938289,15.068187,14.483645,14.743441,-0.194848,98
2018-10-24,405044,4519190,14.548594,14.808391,14.223848,14.483645,-0.259796,151
2018-10-25,401264,4323862,14.1589,14.223848,13.704256,13.704256,-0.779389,220
2018-10-26,522649,5460918,14.029001,14.09395,13.249612,13.37951,-0.324746,223
2018-10-29,330370,3388423,13.249612,13.704256,13.119714,13.184663,-0.194847,126
2018-10-30,393897,3963420,13.119714,13.314562,12.989816,13.119714,-0.064949,163
2018-10-31,615104,6244719,13.119714,13.37951,13.054765,13.249612,0.129898,233
2018-11-01,344224,3569178,13.249612,13.639307,13.249612,13.639307,0.389695,168
2018-11-02,301000,3163900,13.769205,13.834155,13.509409,13.704256,0.064949,148
2018-11-05,232341,2395343,13.509409,13.509409,13.314562,13.314562,-0.389694,116
2018-11-06,496796,5061719,13.37951,13.509409,13.119714,13.314562,0.0,137
2018-11-07,255632,2616295,13.37951,13.37951,13.184663,13.314562,0.0,106
2018-11-08,512162,5295417,13.509409,13.574358,13.37951,13.44446,0.129898,186
2018-11-09,469327,4731470,13.249612,13.249612,12.989816,13.119714,-0.324746,190
2018-11-12,398500,3990094,12.989816,13.119714,12.950846,12.989816,-0.129898,176
2018-11-13,401282,3943622,12.911877,12.911877,12.73002,12.846928,-0.142888,179
2018-11-14,564120,5673724,12.846928,13.249612,12.846928,13.054765,0.207837,289
2018-11-15,705001,6894069,12.885898,12.911877,12.613111,12.665071,-0.389694,372
2018-11-16,645461,6221426,12.639091,12.665071,12.223417,12.366305,-0.298766,244
2018-11-19,267756,2559984,12.470224,12.509193,12.314345,12.470224,0.103919,96
2018-11-20,403428,3812905,12.444244,12.444244,12.197437,12.210427,-0.259797,207
2018-11-21,375276,3491777,12.210427,12.210427,11.97661,12.210427,0.0,169
2018-11-22,294124,2768294,12.184447,12.288366,12.171458,12.223417,0.01299,119
2018-11-23,472707,4504734,12.223417,12.535172,12.223417,12.379295,0.155878,189
2018-11-26,431477,4175641,12.379295,12.69105,12.379295,12.69105,0.311755,211
2018-11-27,157936,1535617,12.626101,12.70404,12.535172,12.70404,0.01299,101
2018-11-28,682660,6790100,12.73002,13.184663,12.639091,13.054765,0.350725,280
2018-11-29,455041,4583670,13.249612,13.249612,12.976827,12.989816,-0.064949,177
2018-11-30,268999,2681377,12.989816,12.989816,12.911877,12.937857,-0.051959,118
2018-12-03,697111,7094213,13.119714,13.37951,13.054765,13.249612,0.311755,254
2018-12-04,371693,3749909,13.249612,13.249612,12.989816,12.989816,-0.259796,159
2018-12-05,310400,3080855,12.898888,12.963836,12.833938,12.885898,-0.103918,125
2018-12-06,840001,7962829,12.885898,12.885898,12.067539,12.119499,-0.766399,332
2018-12-07,359898,3387939,12.210427,12.340326,12.119499,12.262387,0.142888,148
2018-12-10,289708,2684850,12.197437,12.197437,11.963621,12.080529,-0.181858,111
2018-12-11,369725,3409742,12.04156,12.080529,11.937641,12.00259,-0.077939,175
2018-12-12,302264,2831741,12.00259,12.327335,11.963621,12.314345,0.311755,133
2018-12-13,398896,3777279,12.379295,12.405274,12.171458,12.171458,-0.142887,154
2018-12-14,552692,5086126,12.145478,12.145478,11.820733,11.846712,-0.324746,260
2018-12-17,585795,5233863,11.690835,11.690835,11.547946,11.599906,-0.246806,209
2018-12-18,411472,3586996,11.573926,11.573926,11.24918,11.366089,-0.233817,215
2018-12-19,302448,2615103,11.366089,11.431038,11.067324,11.26217,-0.103919,164
2018-12-20,705634,5995668,11.24918,11.24918,10.781547,10.950415,-0.311755,316
2018-12-21,166093,1411506,11.041343,11.093303,10.950415,11.028354,0.077939,95
2018-12-22,224010,1875780,10.963405,11.028354,10.833506,10.924435,-0.103919,76
2018-12-24,251137,2110374,10.846497,11.015364,10.833506,11.015364,0.090929,127
2018-12-25,220729,1839518,10.976395,10.976395,10.690619,10.755568,-0.259796,141
2018-12-26,91066,760978,10.755568,10.937425,10.755568,10.859487,0.103919,57
2018-12-27,1889299,17317056,11.495988,11.937641,11.470007,11.937641,1.078154,488
2018-12-28,909356,8081284,11.677844,11.729804,11.32712,11.431038,-0.506603,380
2019-01-02,384054,3321070,11.482998,11.482998,11.119282,11.171242,-0.259796,229
2019-01-03,199147,1715329,11.210211,11.30114,11.002374,11.236191,0.064949,79
2019-01-04,265490,2230791,11.145262,11.145262,10.794537,10.976395,-0.259796,125
2019-01-07,361223,3138201,10.976395,11.431038,10.976395,11.405059,0.428664,148
2019-01-08,91114,798118,11.405059,11.470007,11.30114,11.31413,-0.090929,65
2019-01-09,115532,1007012,11.31413,11.431038,11.26217,11.26217,-0.05196,78
2019-01-10,135752,1177909,11.431038,11.431038,11.236191,11.28815,0.02598,71
2019-01-11,170839,1472140,11.30114,11.366089,11.119282,11.119282,-0.168868,82
2019-01-14,133550,1138805,11.119282,11.171242,11.028354,11.106293,-0.012989,94
2019-01-15,93666,804510,11.28815,11.28815,11.106293,11.210211,0.103918,72
2019-01-16,408751,3669777,11.210211,12.210427,11.210211,11.690835,0.480624,215
2019-01-17,285267,2551531,11.651865,11.690835,11.457018,11.586916,-0.103919,171
2019-01-18,365488,3287182,11.560936,11.768773,11.534957,11.742794,0.155878,240
2019-01-21,197019,1778551,11.690835,11.794753,11.664855,11.716814,-0.02598,108
2019-01-22,121990,1093662,11.716814,11.716814,11.599906,11.638875,-0.077939,80
2019-01-23,79265,707950,11.560936,11.638875,11.547946,11.573926,-0.064949,68
2019-01-24,185490,1664710,11.560936,11.716814,11.560936,11.716814,0.142888,102
2019-01-25,210505,1901903,11.690835,11.781763,11.690835,11.690835,-0.025979,112
2019-01-28,322460,2897194,11.703825,11.742794,11.599906,11.677844,-0.012991,172
2019-01-29,120092,1076871,11.677844,11.703825,11.625886,11.677844,0.0,57
2019-01-30,194634,1755014,11.677844,11.768773,11.651865,11.729804,0.05196,95
2019-02-11,106642,960503,11.729804,11.755784,11.664855,11.729804,0.0,82
2019-02-12,223174,2025873,11.781763,11.872692,11.729804,11.833723,0.103919,108
2019-02-13,229688,2074672,11.859702,11.859702,11.690835,11.755784,-0.077939,126
2019-02-14,299219,2708111,11.768773,11.807743,11.703825,11.742794,-0.01299,137
2019-02-15,450463,4018330,11.794753,11.794753,11.508977,11.534957,-0.207837,233
2019-02-18,289695,2575034,11.495988,11.651865,11.457018,11.560936,0.025979,136
2019-02-19,564608,5036678,11.781763,11.781763,11.534957,11.612896,0.05196,185
2019-02-20,379108,3385949,11.638875,11.729804,11.560936,11.586916,-0.02598,182
2019-02-21,2885029,27475226,11.586916,12.743009,11.586916,12.743009,1.156093,1122
2019-02-22,5637816,59248004,12.989816,13.964053,12.898888,13.964053,1.221044,2054
2019-02-25,5383398,60409603,14.613543,14.938289,14.288798,14.548594,0.584541,2040
2019-02-26,2105384,22980103,14.288798,14.483645,13.964053,14.1589,-0.389694,825
2019-02-27,2115590,23626919,14.029001,14.873339,14.029001,14.613543,0.454643,888
2019-03-04,1415940,15605652,14.808391,14.808391,13.964053,14.223848,-0.389695,578
2019-03-05,787898,8523105,14.029001,14.223848,13.899103,14.223848,0.0,310
2019-03-06,1396103,15134761,14.353746,14.483645,13.834155,13.899103,-0.324745,497
2019-03-07,900340,9479408,13.964053,14.029001,13.44446,13.509409,-0.389694,390
2019-03-08,1387842,14823389,13.314562,14.483645,13.314562,14.483645,0.974236,507
2019-03-11,7589411,91536776,15.912525,15.912525,15.133136,15.912525,1.42888,2457
2019-03-12,3862976,47200162,15.652729,16.172321,15.587779,15.652729,-0.259796,1701
2019-03-13,2523488,30883506,15.782627,16.302219,15.392932,15.717677,0.064948,1157
2019-03-14,3072865,38243906,15.782627,16.756863,15.587779,16.172321,0.454644,1327
2019-03-15,4709879,60564496,16.23727,17.146558,16.107372,16.95171,0.779389,1732
2019-03-18,3555301,45199559,16.886761,16.886761,15.977474,16.432117,-0.519593,1342
2019-03-19,1882061,23494541,16.626965,16.691913,15.977474,16.042423,-0.389694,759
2019-03-20,7644898,102018200,16.302219,17.601201,15.977474,17.601201,1.558778,1890
2019-03-21,13516107,198496868,19.03008,19.354826,18.770284,18.835233,1.234032,4842
2019-03-22,7214694,102440657,18.575437,19.224928,17.796048,17.990896,-0.844337,3009
2019-03-25,3348067,44016513,17.406354,17.536252,16.756863,17.016659,-0.974237,1623
2019-03-26,3276458,43250374,17.081608,17.601201,16.886761,16.886761,-0.129898,1512
2019-03-27,4135142,56011589,17.211506,17.925946,17.016659,17.66615,0.779389,1939
2019-03-28,2018487,27068741,17.860997,17.860997,17.146558,17.146558,-0.519592,1000
2019-03-29,2496386,32307295,17.211506,17.341404,16.367168,16.432117,-0.714441,1167
2019-04-01,1593654,20641408,16.626965,17.146558,16.432117,16.626965,0.194848,777
2019-04-02,1278790,16543358,16.886761,17.016659,16.626965,16.626965,0.0,501
2019-04-03,1243235,16203215,16.691913,17.211506,16.691913,16.756863,0.129898,603
2019-04-08,772971,10041097,17.016659,17.016659,16.756863,16.821812,0.064949,396
2019-04-09,1961129,24726838,16.821812,16.95171,16.042423,16.172321,-0.649491,787
2019-04-10,1593358,19466858,16.23727,16.367168,15.652729,15.847575,-0.324746,751
2019-04-11,1228182,14748349,15.847575,15.912525,15.457881,15.457881,-0.389694,558
2019-04-12,737163,8816013,15.457881,15.782627,15.457881,15.457881,0.0,378
2019-04-15,709018,8571366,15.717677,15.912525,15.587779,15.717677,0.259796,367
2019-04-16,4619849,59848430,15.717677,17.276456,15.52283,17.276456,1.558779,1877
2019-04-17,3788025,49994625,17.406354,17.536252,16.821812,17.276456,0.0,1486
2019-04-18,2810347,37022389,17.341404,17.601201,16.107372,16.107372,-1.169084,1124
2019-04-19,1000794,12434351,16.23727,16.432117,15.847575,16.042423,-0.064949,531
2019-04-22,900530,11253849,16.042423,16.562015,16.042423,16.107372,0.064949,410
2019-04-23,472898,5826000,16.107372,16.172321,15.912525,15.977474,-0.129898,247
2019-04-24,506635,6191550,15.977474,16.107372,15.717677,15.717677,-0.259797,273
2019-04-25,375797,4565293,15.782627,15.847575,15.717677,15.782627,0.06495,206
2019-04-26,1168500,13813400,15.782627,15.782627,15.068187,15.198085,-0.584542,557
2019-04-29,741308,8540177,15.198085,15.327983,14.678492,14.678492,-0.519593,351
2019-04-30,517001,5922909,14.418696,15.133136,14.418696,14.873339,0.194847,312
2019-05-02,279903,3230790,14.938289,15.133136,14.938289,14.938289,0.06495,152
2019-05-03,265009,3043948,15.003238,15.068187,14.808391,14.938289,0.0,166
2019-05-06,677531,7613291,14.873339,14.873339,14.418696,14.418696,-0.519593,278
2019-05-07,690369,7714027,14.548594,14.808391,14.288798,14.353746,-0.06495,307
2019-05-08,1477878,15756617,14.1589,14.1589,13.639307,13.769205,-0.584541,553
2019-05-09,646330,6899864,13.769205,14.1589,13.639307,13.704256,-0.064949,283
2019-05-10,402728,4244418,13.834155,14.029001,13.509409,13.509409,-0.194847,205
2019-05-13,1217278,12213809,13.509409,13.509409,12.794969,12.963836,-0.545573,459
2019-05-14,806165,7879670,12.353315,13.119714,12.262387,13.119714,0.155878,350
2019-05-15,538401,5591128,13.639307,13.639307,13.314562,13.44446,0.324746,218
2019-05-16,290501,2961133,13.44446,13.509409,13.054765,13.054765,-0.389695,141
2019-05-17,537902,5438788,13.37951,13.639307,12.924867,12.963836,-0.090929,226
2019-05-20,395450,3922347,13.054765,13.054765,12.73002,12.846928,-0.116908,213
2019-05-21,2630605,28048259,12.73002,14.09395,12.73002,14.09395,1.247022,701
2019-05-22,1386528,14522283,13.639307,13.834155,13.44446,13.44446,-0.64949,618
2019-05-23,470531,4856472,13.44446,13.639307,13.119714,13.574358,0.129898,229
2019-05-24,293500,3066573,13.639307,13.769205,13.37951,13.44446,-0.129898,149
2019-05-27,247896,2557925,13.44446,13.509409,13.249612,13.37951,-0.06495,114
2019-05-28,507163,5394061,13.639307,14.1589,13.509409,13.769205,0.389695,251
2019-05-29,211001,2215860,13.769205,13.769205,13.509409,13.639307,-0.129898,109
2019-05-30,247638,2602729,13.574358,13.704256,13.509409,13.574358,-0.064949,133
2019-05-31,236064,2497069,13.704256,13.834155,13.639307,13.769205,0.194847,150
2019-06-03,421200,4502799,13.769205,14.09395,13.639307,13.964053,0.194848,209
2019-06-04,1926577,21798224,14.029001,15.198085,14.029001,14.418696,0.454643,927
2019-06-05,761030,8539980,14.873339,14.938289,14.223848,14.418696,0.0,295
2019-06-06,585743,6506108,14.288798,14.678492,14.223848,14.483645,0.064949,268
2019-06-10,448851,4978365,14.678492,14.678492,14.223848,14.223848,-0.259797,179
2019-06-11,529710,5709644,14.1589,14.223848,13.899103,13.964053,-0.259795,220
2019-06-12,313720,3345379,13.964053,14.029001,13.769205,13.834155,-0.129898,137
2019-06-13,242318,2586753,13.834155,14.029001,13.769205,13.769205,-0.06495,98
2019-06-14,394955,4272367,13.834155,14.288798,13.834155,14.029001,0.259796,196
2019-06-17,1054739,11820545,14.09395,14.743441,14.029001,14.743441,0.71444,405
2019-06-18,4055176,49314476,14.938289,16.172321,14.808391,16.172321,1.42888,1703
2019-06-19,4778269,61686213,16.172321,17.601201,15.912525,16.886761,0.71444,1908
2019-06-20,1837556,23632951,16.886761,17.211506,16.367168,16.497067,-0.389694,789
2019-06-21,1245709,15917344,16.562015,17.016659,16.172321,16.302219,-0.194848,572
2019-06-24,653938,8116830,16.172321,16.367168,15.912525,16.172321,-0.129898,336
2019-06-25,1352340,16133275,16.172321,16.172321,15.198085,15.392932,-0.779389,591
2019-06-26,1217121,14799936,15.392932,16.367168,15.068187,16.172321,0.779389,627
2019-06-27,664745,8201198,16.367168,16.367168,15.847575,15.912525,-0.259796,342
2019-06-28,515800,6349938,15.912525,16.23727,15.782627,15.782627,-0.129898,268
2019-07-01,489793,6000493,15.847575,16.107372,15.847575,15.847575,0.064948,202
2019-07-02,2005530,25613978,15.977474,16.95171,15.977474,16.756863,0.909288,872
2019-07-03,947397,11871521,16.626965,16.626965,16.172321,16.23727,-0.519593,397
2019-07-04,773999,9544383,15.912525,16.23727,15.912525,16.042423,-0.194847,287
2019-07-05,325286,4024166,16.042423,16.23727,15.977474,16.107372,0.064949,148
2019-07-08,338062,4125946,16.107372,16.107372,15.717677,15.782627,-0.324745,182
2019-07-09,989896,11809921,15.652729,15.847575,15.327983,15.392932,-0.389695,359
2019-07-10,303766,3633235,15.457881,15.652729,15.392932,15.457881,0.064949,154
2019-07-11,296817,3521134,15.587779,15.587779,15.198085,15.392932,-0.064949,179
2019-07-12,413664,4865901,15.457881,15.587779,15.198085,15.198085,-0.194847,186
2019-07-15,1007066,11930973,15.327983,15.717677,14.938289,15.457881,0.259796,293
2019-07-16,382585,4548007,15.457881,15.587779,15.327983,15.457881,0.0,163
2019-07-17,311019,3715022,15.392932,15.587779,15.392932,15.457881,0.0,158
2019-07-18,185795,2204099,15.392932,15.52283,15.327983,15.327983,-0.129898,92
2019-07-19,245174,2887950,15.327983,15.392932,15.198085,15.327983,0.0,102
2019-07-22,169605,1998083,15.327983,15.392932,15.198085,15.392932,0.064949,87
2019-07-23,386591,4622822,15.392932,15.717677,15.327983,15.457881,0.064949,163
2019-07-24,200355,2377572,15.457881,15.52283,15.263034,15.52283,0.064949,109
2019-07-25,350590,4188209,15.587779,15.587779,15.457881,15.457881,-0.064949,134
2019-07-26,302918,3574091,15.457881,15.457881,15.198085,15.263034,-0.194847,139
2019-07-29,371632,4317017,15.198085,15.263034,15.003238,15.068187,-0.194847,179
2019-07-30,677917,7685477,15.068187,15.068187,14.483645,14.548594,-0.519593,301
2019-07-31,156329,1751117,14.483645,14.678492,14.418696,14.548594,0.0,100
2019-08-01,132152,1468787,14.288798,14.548594,14.288798,14.418696,-0.129898,78
2019-08-02,278039,3045674,14.418696,14.418696,14.1589,14.1589,-0.259796,126
2019-08-05,135060,1460791,14.1589,14.288798,13.899103,13.899103,-0.259797,87
2019-08-06,435424,4538349,13.44446,13.704256,13.37951,13.639307,-0.259796,175
2019-08-07,73503,774780,13.899103,13.899103,13.639307,13.639307,0.0,39
2019-08-08,111277,1172434,13.639307,13.899103,13.509409,13.899103,0.259796,75
2019-08-12,133860,1402024,13.899103,13.899103,13.509409,13.639307,-0.259796,87
2019-08-13,262713,2707442,13.314562,13.574358,13.314562,13.509409,-0.129898,102
2019-08-14,221325,2308296,13.639307,13.704256,13.44446,13.44446,-0.064949,95
2019-08-15,164797,1680328,13.44446,13.44446,13.119714,13.37951,-0.06495,96
2019-08-16,468081,4890914,13.314562,14.353746,13.249612,14.029001,0.649491,205
2019-08-19,302326,3226154,14.029001,14.029001,13.704256,13.834155,-0.194846,122
2019-08-20,324810,3436043,13.964053,13.964053,13.639307,13.704256,-0.129899,94
2019-08-21,298264,3161396,13.704256,14.029001,13.639307,13.899103,0.194847,146
2019-08-22,180737,1932024,14.029001,14.09395,13.704256,13.704256,-0.194847,87
2019-08-23,176818,1858655,13.704256,13.704256,13.639307,13.639307,-0.064949,73
2019-08-26,154534,1588821,13.37951,13.509409,13.249612,13.37951,-0.259797,96
2019-08-27,447264,4576115,13.37951,13.509409,13.184663,13.249612,-0.129898,162
2019-08-28,159489,1650833,13.37951,13.574358,13.37951,13.44446,0.194848,86
2019-08-29,144769,1508157,13.314562,13.639307,13.314562,13.44446,0.0,84
2019-08-30,277632,2929817,13.44446,13.834155,13.44446,13.639307,0.194847,144
2019-09-02,169632,1782735,13.639307,13.834155,13.509409,13.769205,0.129898,85
2019-09-03,299777,3205036,13.769205,14.029001,13.769205,13.834155,0.06495,150
2019-09-04,172500,1842174,13.704256,13.964053,13.704256,13.834155,0.0,77
2019-09-05,182591,1964513,14.09395,14.09395,13.899103,13.899103,0.064948,83
2019-09-06,270843,2907481,13.899103,14.09395,13.834155,13.964053,0.06495,135
2019-09-09,119797,1279717,13.899103,14.09395,13.769205,13.769205,-0.194848,64
2019-09-10,294303,3077511,13.769205,13.899103,13.44446,13.639307,-0.129898,124
2019-09-11,100146,1047014,13.509409,13.704256,13.509409,13.574358,-0.064949,68
2019-09-12,132631,1394623,13.574358,13.769205,13.574358,13.769205,0.194847,73
2019-09-16,1553497,17441213,13.834155,14.808391,13.834155,14.743441,0.974236,666
2019-09-17,900643,9873041,14.288798,14.483645,14.029001,14.1589,-0.584541,390
2019-09-18,527184,5831604,14.223848,14.678492,14.029001,14.288798,0.129898,259
2019-09-19,464612,5079508,14.483645,14.483645,14.029001,14.09395,-0.194848,172
2019-09-20,201582,2193786,14.029001,14.223848,14.029001,14.223848,0.129898,108
2019-09-23,898029,10059969,14.418696,14.678492,14.353746,14.548594,0.324746,355
2019-09-24,1850753,21608156,14.613543,15.587779,14.613543,15.263034,0.71444,854
2019-09-25,737227,8377440,14.938289,15.003238,14.418696,14.613543,-0.649491,328
2019-09-26,289055,3254563,14.808391,14.808391,14.483645,14.678492,0.064949,155
2019-09-27,387689,4314979,14.808391,14.808391,14.353746,14.353746,-0.324746,201
2019-10-01,443459,4872908,14.353746,14.613543,14.029001,14.029001,-0.324745,202
2019-10-02,533120,5671117,13.899103,13.964053,13.704256,13.834155,-0.194846,229
2019-10-03,411276,4315796,13.769205,13.769205,13.509409,13.704256,-0.129899,165
2019-10-04,526591,5490033,13.899103,13.899103,13.44446,13.509409,-0.194847,217
2019-10-07,444287,4626085,13.704256,13.834155,13.44446,13.44446,-0.064949,180
2019-10-08,160932,1671597,13.509409,13.574358,13.37951,13.44446,0.0,79
2019-10-09,279851,2927184,13.44446,13.704256,13.37951,13.704256,0.259796,132
2019-10-14,386327,4031818,13.769205,13.769205,13.37951,13.509409,-0.194847,132
2019-10-15,168648,1739771,13.574358,13.574358,13.314562,13.44446,-0.064949,90
2019-10-16,190447,1982564,13.509409,13.639307,13.37951,13.639307,0.194847,108
2019-10-17,216246,2241341,13.639307,13.639307,13.314562,13.509409,-0.129898,127
2019-10-18,126030,1302154,13.574358,13.574358,13.37951,13.37951,-0.129899,71
2019-10-21,141858,1465837,13.37951,13.509409,13.37951,13.44446,0.06495,57
2019-10-22,381618,3990151,13.509409,13.769205,13.44446,13.704256,0.259796,193
2019-10-23,336065,3568582,13.769205,13.899103,13.704256,13.704256,0.0,156
2019-10-24,477616,5039553,13.704256,13.834155,13.639307,13.639307,-0.064949,220
2019-10-25,199900,2099360,13.769205,13.834155,13.574358,13.639307,0.0,104
2019-10-28,331005,3430796,13.639307,13.769205,13.37951,13.44446,-0.194847,143
2019-10-29,196080,2026722,13.44446,13.509409,13.37951,13.44446,0.0,104
2019-10-30,116661,1213006,13.509409,13.574358,13.44446,13.44446,0.0,64
2019-10-31,398531,4090162,13.574358,13.574358,13.249612,13.249612,-0.194848,161
2019-11-01,358416,3716882,13.314562,13.639307,13.249612,13.509409,0.259797,156
2019-11-04,297766,3058386,13.509409,13.509409,13.249612,13.44446,-0.064949,138
2019-11-05,440492,4549015,13.249612,13.574358,13.249612,13.314562,-0.129898,120
2019-11-06,314687,3217183,13.314562,13.44446,13.184663,13.249612,-0.06495,134
2019-11-07,323206,3290279,13.249612,13.314562,13.184663,13.249612,0.0,95
2019-11-08,139695,1423267,13.249612,13.249612,13.184663,13.184663,-0.064949,69
2019-11-11,360001,3679610,13.249612,13.44446,13.184663,13.249612,0.064949,145
2019-11-12,99633,1018474,13.314562,13.37951,13.249612,13.249612,0.0,56
2019-11-13,162271,1656998,13.314562,13.37951,13.184663,13.249612,0.0,72
2019-11-14,339533,3420525,13.314562,13.314562,12.989816,13.184663,-0.064949,154
2019-11-15,507473,5091101,13.184663,13.184663,12.989816,13.054765,-0.129898,168
2019-11-18,520529,5160672,13.054765,13.119714,12.73002,12.76899,-0.285775,217
2019-11-19,330219,3220295,12.70404,12.846928,12.574142,12.69105,-0.07794,142
2019-11-20,100428,988652,12.755999,12.846928,12.71703,12.820948,0.129898,73
2019-11-21,289558,2809900,12.73002,12.73002,12.535172,12.600122,-0.220826,145
2019-11-22,142971,1401964,12.600122,12.794969,12.600122,12.743009,0.142887,71
2019-11-25,120164,1187147,12.937857,12.937857,12.755999,12.846928,0.103919,69
2019-11-26,148265,1461705,12.846928,12.898888,12.76899,12.820948,-0.02598,57
2019-11-27,205138,2010755,12.885898,12.885898,12.69105,12.69105,-0.129898,86
2019-11-28,149356,1458549,12.665071,12.71703,12.652081,12.665071,-0.025979,61
2019-11-29,76920,749715,12.833938,12.833938,12.613111,12.613111,-0.05196,53
2019-12-02,147623,1424935,12.613111,12.73002,12.509193,12.522183,-0.090928,77
2019-12-03,357120,3391166,12.470224,12.470224,12.275376,12.314345,-0.207838,168
2019-12-04,571796,5316863,12.275376,12.288366,11.937641,12.01558,-0.298765,240
2019-12-05,309614,2867719,12.00259,12.145478,11.924651,12.132489,0.116909,134
2019-12-06,197367,1854462,12.093519,12.249397,12.093519,12.210427,0.077938,105
2019-12-09,355344,3440036,12.184447,12.859918,12.184447,12.600122,0.389695,168
2019-12-10,185240,1765354,12.496203,12.496203,12.340326,12.340326,-0.259796,87
2019-12-11,194329,1855819,12.379295,12.470224,12.340326,12.470224,0.129898,108
2019-12-12,154000,1477478,12.587132,12.587132,12.366305,12.366305,-0.103919,88
2019-12-13,172941,1642324,12.522183,12.522183,12.249397,12.249397,-0.116908,79
2019-12-16,318893,3029721,12.210427,12.444244,12.210427,12.418264,0.168867,102
2019-12-17,180960,1727116,12.444244,12.470224,12.353315,12.418264,0.0,86
2019-12-18,160854,1540217,12.418264,12.470224,12.379295,12.470224,0.05196,94
2019-12-19,142163,1351135,12.379295,12.405274,12.314345,12.327335,-0.142889,61
2019-12-20,168429,1610316,12.379295,12.470224,12.340326,12.405274,0.077939,88
2019-12-23,388897,3764498,12.418264,12.794969,12.418264,12.626101,0.220827,154
2019-12-24,218530,2117498,12.587132,12.652081,12.522183,12.626101,0.0,83
2019-12-25,257325,2488269,12.626101,12.626101,12.509193,12.574142,-0.051959,110
2019-12-26,228887,2203816,12.626101,12.626101,12.457234,12.470224,-0.103918,130
2019-12-27,269225,2571035,12.470224,12.509193,12.340326,12.340326,-0.129898,129
2019-12-30,279349,2625353,12.327335,12.327335,12.093519,12.171458,-0.168868,134
2019-12-31,146026,1359987,12.171458,12.184447,12.04156,12.119499,-0.051959,88
2020-01-02,195287,1825178,12.00259,12.314345,12.00259,12.119499,0.0,126
2020-01-03,298490,2762178,12.106508,12.132489,11.963621,11.9896,-0.129899,129
2020-01-06,269712,2459004,12.119499,12.119499,11.716814,11.807743,-0.181857,148
2020-01-07,223246,2020724,11.781763,11.820733,11.729804,11.755784,-0.051959,111
2020-01-08,297796,2656802,11.690835,11.690835,11.534957,11.547946,-0.207838,148
2020-01-09,870600,8127343,11.833723,12.405274,11.833723,12.223417,0.675471,389
2020-01-10,281773,2612317,12.106508,12.145478,11.9896,11.9896,-0.233817,144
2020-01-13,171502,1597951,12.210427,12.210427,12.01558,12.04156,0.05196,86
2020-01-14,177003,1641617,12.132489,12.132489,12.00259,12.02857,-0.01299,75
2020-01-15,126812,1180220,12.184447,12.184447,12.02857,12.080529,0.051959,65
2020-01-16,323954,2997224,12.080529,12.197437,11.885681,11.963621,-0.116908,174
2020-01-17,323663,2978790,11.963621,11.9896,11.859702,11.963621,0.0,150
2020-01-20,267715,2446745,11.963621,12.02857,11.820733,11.820733,-0.142888,143
2020-01-30,826020,6895829,11.521967,11.521967,10.651649,10.781547,-1.039186,306
2020-01-31,472853,3897892,10.768558,10.820517,10.62567,10.755568,-0.025979,181
2020-02-03,470545,3825272,10.755568,10.755568,10.326904,10.664639,-0.090929,177
2020-02-04,314819,2626240,10.612679,10.937425,10.612679,10.859487,0.194848,127
2020-02-05,386010,3246971,11.171242,11.32712,10.846497,10.846497,-0.01299,136
2020-02-06,321795,2704156,10.872476,10.989385,10.846497,10.911445,0.064948,125
2020-02-07,361237,3009570,10.911445,10.924435,10.768558,10.768558,-0.142887,142
2020-02-10,309163,2565762,10.768558,10.846497,10.690619,10.703608,-0.06495,97
2020-02-11,115163,950788,10.703608,10.781547,10.703608,10.781547,0.077939,72
2020-02-12,259955,2160850,10.859487,10.911445,10.690619,10.820517,0.03897,130
2020-02-13,164760,1367933,10.820517,10.833506,10.729589,10.781547,-0.03897,88
2020-02-14,247204,2052526,10.781547,10.833506,10.690619,10.807527,0.02598,111
2020-02-17,137890,1141085,10.742578,10.794537,10.729589,10.742578,-0.064949,82
2020-02-18,164203,1352601,10.729589,10.729589,10.664639,10.703608,-0.03897,101
2020-02-19,175695,1454559,10.729589,10.807527,10.716598,10.781547,0.077939,101
2020-02-20,96795,800635,10.781547,10.781547,10.729589,10.742578,-0.038969,55
2020-02-21,138635,1144735,10.742578,10.755568,10.703608,10.716598,-0.02598,67
2020-02-24,192633,1574141,10.664639,10.664639,10.5867,10.62567,-0.090928,136
2020-02-25,267276,2153036,10.560721,10.560721,10.391853,10.482781,-0.142889,163
2020-02-26,655164,5217895,10.404842,10.430823,10.274944,10.326904,-0.155877,214
2020-02-27,324164,2568439,10.300924,10.365873,10.235975,10.235975,-0.090929,163
2020-03-02,482637,3748899,10.235975,10.235975,10.002159,10.080097,-0.155878,207
2020-03-03,218821,1706921,10.300924,10.300924,10.106077,10.132057,0.05196,94
2020-03-04,101008,788124,10.080097,10.158036,10.080097,10.145046,0.012989,73
2020-03-05,143205,1119131,10.248965,10.248965,10.119067,10.119067,-0.025979,90
2020-03-06,390660,3006428,10.145046,10.145046,9.950199,10.015148,-0.103919,177
2020-03-09,679122,5008145,9.950199,9.950199,9.326688,9.391637,-0.623511,256
2020-03-10,478597,3309260,8.846065,9.313698,8.846065,9.274729,-0.116908,180
2020-03-11,327835,2291477,9.157821,9.209779,9.027923,9.040912,-0.233817,156
2020-03-12,1279332,8083350,8.846065,8.846065,8.144614,8.196574,-0.844338,360
2020-03-13,1162962,6618327,7.378215,7.482134,7.378215,7.456155,-0.740419,311
2020-03-16,532030,3117337,7.456155,8.053686,7.456155,7.534094,0.077939,226
2020-03-17,293942,1605113,7.014501,7.248317,6.884602,7.07945,-0.454644,129
2020-03-18,1026581,5168049,7.07945,7.092439,6.378,6.429959,-0.649491,306
2020-03-19,937700,4197027,6.235111,6.235111,5.793458,5.806447,-0.623512,244
2020-03-20,907073,4416219,5.819438,6.378,5.819438,6.36501,0.558563,253
2020-03-23,584483,2652493,5.858407,6.105213,5.806447,6.040265,-0.324745,169
2020-03-24,371561,1840204,6.274081,6.637796,6.248102,6.429959,0.389694,174
2020-03-25,437127,2243487,6.494908,6.858623,6.494908,6.650786,0.220827,192
2020-03-26,715583,3562683,6.689756,6.689756,6.378,6.455938,-0.194848,231
2020-03-27,407632,2047775,6.572847,6.611816,6.481918,6.520888,0.06495,136
2020-03-30,333958,1672182,6.468929,6.650786,6.36501,6.650786,0.129898,139
2020-03-31,367265,1883022,6.741714,6.819654,6.598827,6.611816,-0.03897,124
2020-04-01,333959,1711598,6.780684,6.780684,6.559857,6.689756,0.07794,113
2020-04-06,238973,1198745,6.689756,6.689756,6.442949,6.533877,-0.155879,93
2020-04-07,373182,1897206,6.611816,6.741714,6.546867,6.598827,0.06495,134
2020-04-08,977413,5259027,6.598827,7.248317,6.598827,7.248317,0.64949,311
2020-04-09,2128374,12874802,7.599042,7.962758,7.404195,7.962758,0.714441,657
2020-04-10,1569001,9657473,8.040696,8.44338,7.72894,7.923788,-0.03897,523
2020-04-13,512026,3099676,7.923788,7.988737,7.72894,7.910798,-0.01299,189
2020-04-14,328632,2010556,7.936777,8.027706,7.897808,7.923788,0.01299,174
2020-04-15,358121,2197405,7.949767,8.053686,7.858839,8.040696,0.116908,167
2020-04-16,271431,1668340,8.079666,8.079666,7.858839,8.014716,-0.02598,129
2020-04-17,402348,2494565,8.170595,8.183584,7.988737,8.001727,-0.012989,162
2020-04-20,100707,616952,8.053686,8.053686,7.923788,7.962758,-0.038969,58
2020-04-21,484102,2882273,7.949767,7.988737,7.651002,7.702961,-0.259797,171
2020-04-22,262959,1503844,7.157389,7.702961,7.157389,7.573063,-0.129898,113
2020-04-23,178001,1052035,7.741931,7.79389,7.560073,7.689971,0.116908,74
2020-04-24,146771,873093,7.72894,7.7809,7.676981,7.76791,0.077939,61
2020-04-27,418733,2531963,7.79389,8.092656,7.689971,8.001727,0.233817,142
2020-04-28,531904,3330753,8.053686,8.313482,8.001727,8.066676,0.064949,202
2020-04-29,826794,5250320,8.183584,8.430391,8.079666,8.287503,0.220827,265
2020-04-30,557803,3574885,8.404411,8.560289,8.196574,8.300493,0.01299,238
2020-05-04,563632,3572731,8.092656,8.46936,7.79389,8.248533,-0.05196,235
2020-05-05,415467,2700567,8.261523,8.534309,8.261523,8.352452,0.103919,143
2020-05-06,913012,6083745,8.365441,8.962973,8.365441,8.651218,0.298766,321
2020-05-07,432752,2866132,8.573278,8.768126,8.45637,8.755136,0.103918,155
2020-05-08,582515,3998386,8.885034,9.222769,8.729157,8.729157,-0.025979,226
2020-05-11,618901,4290996,9.092871,9.157821,8.924004,8.962973,0.233816,263
2020-05-12,420469,2915884,8.885034,9.105861,8.885034,9.001942,0.038969,168
2020-05-13,406062,2810077,8.962973,9.027923,8.911013,9.027923,0.025981,119
2020-05-14,1989513,14973621,9.092871,9.92422,9.092871,9.92422,0.896297,460
2020-05-15,3118796,24204018,10.378863,10.651649,9.222769,9.23576,-0.68846,885
2020-05-18,895897,6308152,9.222769,9.365658,8.911013,9.352668,0.116908,314
2020-05-19,664919,4908886,9.417617,9.91123,9.417617,9.547514,0.194846,263
2020-05-20,308282,2252951,9.612464,9.690403,9.417617,9.417617,-0.129897,115
2020-05-21,285009,2074161,9.417617,9.521535,9.404627,9.456586,0.038969,110
2020-05-22,527994,3772694,9.456586,9.456586,9.17081,9.23576,-0.220826,175
2020-05-25,1133531,7796868,9.287719,9.287719,8.833075,8.872044,-0.363716,326
2020-05-26,432149,3021881,8.898024,9.209779,8.898024,9.1838,0.311756,172
2020-05-27,353126,2480627,9.274729,9.274729,9.001942,9.079881,-0.103919,142
2020-05-28,195888,1368509,9.079881,9.144831,8.988953,9.079881,0.0,85
2020-05-29,130265,901474,9.001942,9.027923,8.962973,9.001942,-0.077939,60
2020-06-01,224057,1545061,8.729157,9.027923,8.729157,8.975963,-0.025979,74
2020-06-02,281021,1939362,9.027923,9.053902,8.846065,8.975963,0.0,86
2020-06-03,342960,2400018,9.248749,9.261739,9.040912,9.092871,0.116908,147
2020-06-04,722034,5198779,9.19679,9.482566,9.19679,9.248749,0.155878,241
2020-06-05,509876,3645345,9.326688,9.443596,9.209779,9.326688,0.077939,195
2020-06-08,394546,2863753,9.417617,9.560505,9.352668,9.391637,0.064949,156
2020-06-09,341877,2494092,9.612464,9.612464,9.404627,9.404627,0.01299,134
2020-06-10,268697,1930377,9.404627,9.404627,9.248749,9.365658,-0.038969,99
2020-06-11,380796,2700292,9.365658,9.417617,9.092871,9.118851,-0.246807,164
2020-06-12,264638,1811080,8.664207,9.040912,8.664207,8.949983,-0.168868,107
2020-06-15,286491,1980913,8.872044,9.092871,8.872044,9.079881,0.129898,96
2020-06-16,277980,1965937,9.1838,9.248749,9.092871,9.209779,0.129898,112
2020-06-17,235186,1682869,9.287719,9.352668,9.23576,9.300708,0.090929,108
2020-06-18,731632,5262429,9.352668,9.469576,9.287719,9.365658,0.06495,179
2020-06-19,456617,3305242,9.560505,9.560505,9.326688,9.404627,0.038969,177
2020-06-22,420578,3036436,9.482566,9.482566,9.248749,9.456586,0.051959,176
2020-06-23,459970,3338301,9.469576,9.495556,9.313698,9.456586,0.0,149
2020-06-24,308082,2237942,9.443596,9.521535,9.365658,9.495556,0.03897,107
2020-06-29,300063,2153282,9.430606,9.430606,9.248749,9.365658,-0.129898,91
2020-06-30,242795,1758722,9.352668,9.495556,9.339677,9.391637,0.025979,86
2020-07-01,402796,2920706,9.456586,9.495556,9.352668,9.430606,0.038969,123
2020-07-02,1403974,10607458,9.547514,10.261955,9.443596,9.89824,0.467634,436
2020-07-03,547337,4177988,9.85927,9.989169,9.85927,9.92422,0.02598,178
2020-07-06,1033448,8050311,9.937209,10.456802,9.937209,10.313914,0.389694,307
2020-07-07,1014166,7998967,10.339894,10.521751,10.067107,10.093088,-0.220826,285
2020-07-08,1200338,9592624,10.391853,10.5867,10.132057,10.456802,0.363714,389
2020-07-09,674050,5423150,10.57371,10.57371,10.391853,10.456802,0.0,206
2020-07-10,824614,6625432,10.781547,10.781547,10.261955,10.339894,-0.116908,261
2020-07-13,460978,3718154,10.339894,10.63866,10.339894,10.469792,0.129898,186
2020-07-14,374556,2997288,10.495771,10.495771,10.352883,10.365873,-0.103919,144
2020-07-15,511103,4044291,10.391853,10.404842,10.132057,10.197006,-0.168867,184
2020-07-16,356090,2763947,10.132057,10.222986,10.002159,10.145046,-0.05196,119
2020-07-17,426122,3295469,10.093088,10.145046,9.91123,9.989169,-0.155877,130
2020-07-20,462761,3460436,10.080097,10.080097,9.612464,9.807311,-0.181858,158
2020-07-21,402798,3033577,9.87226,9.989169,9.625454,9.742362,-0.064949,155
2020-07-22,1424050,11211132,9.88525,10.508761,9.820301,10.261955,0.519593,502
2020-07-23,618115,4854092,10.352883,10.352883,10.067107,10.119067,-0.142888,195
2020-07-24,709305,5386281,10.184016,10.184016,9.612464,9.768341,-0.350726,247
2020-07-27,567364,4205923,9.612464,9.87226,9.482566,9.495556,-0.272785,178
2020-07-28,366062,2661822,9.534525,9.612464,9.300708,9.443596,-0.05196,156
2020-07-29,410499,2968380,9.19679,9.547514,9.19679,9.521535,0.077939,118
2020-07-30,540328,3982913,9.482566,9.807311,9.482566,9.547514,0.025979,147
2020-07-31,281830,2071928,9.560505,9.690403,9.443596,9.599474,0.05196,89
2020-08-03,244632,1805088,9.547514,9.729372,9.521535,9.560505,-0.038969,85
2020-08-04,284642,2117807,9.560505,9.729372,9.560505,9.651433,0.090928,114
2020-08-05,433161,3248839,9.716382,9.781332,9.690403,9.716382,0.064949,168
2020-08-06,344651,2589412,9.729372,10.067107,9.664424,9.677413,-0.038969,140
2020-08-07,257437,1913631,9.625454,9.794322,9.586484,9.677413,0.0,128
2020-08-10,325650,2430604,9.677413,9.781332,9.625454,9.677413,0.0,108
2020-08-11,2199698,17500763,9.716382,10.63866,9.612464,10.63866,0.961247,665
2020-08-12,3680884,31381386,10.62567,11.690835,10.132057,11.690835,1.052175,1302
2020-08-13,5551028,53112831,11.755784,12.859918,11.275161,12.665071,0.974236,2147
2020-08-14,2685695,25288209,12.71703,12.71703,11.820733,12.288366,-0.376705,1050
2020-08-17,1360921,12677317,12.145478,12.418264,11.950631,11.963621,-0.324745,519
2020-08-18,2440691,23378950,11.755784,13.119714,11.755784,13.119714,1.156093,754
2020-08-19,4226374,44756220,13.509409,14.1589,13.314562,13.639307,0.519593,1384
2020-08-20,2383836,23696227,13.184663,13.704256,12.275376,12.613111,-1.026196,872
2020-08-21,1326549,13285890,12.613111,13.314562,12.600122,13.054765,0.441654,504
2020-08-24,2812173,29928235,13.054765,14.353746,12.600122,14.288798,1.234033,984
2020-08-25,4109155,46485474,14.288798,15.587779,13.899103,15.52283,1.234032,1596
2020-08-26,4288774,51840438,14.938289,16.23727,14.808391,15.717677,0.194847,1557
2020-08-27,1905393,22856162,15.717677,15.847575,15.392932,15.392932,-0.324745,668
2020-08-28,1868424,21254564,14.418696,15.263034,14.353746,14.613543,-0.779389,724
2020-08-31,1504547,17344024,14.808391,15.52283,14.353746,14.808391,0.194848,501
2020-09-01,2754469,32933115,14.743441,15.977474,14.548594,15.977474,1.169083,1009
2020-09-02,2370173,28876500,15.977474,16.172321,15.457881,15.782627,-0.194847,895
2020-09-03,2464965,29206091,15.782627,15.782627,15.133136,15.198085,-0.584542,793
2020-09-04,1556736,17678924,14.678492,14.938289,14.353746,14.808391,-0.389694,518
2020-09-07,1069083,12326619,14.873339,15.392932,14.353746,14.548594,-0.259797,415
2020-09-08,958102,10753628,14.678492,14.808391,14.418696,14.548594,0.0,304
2020-09-09,754062,8509392,14.678492,14.938289,14.483645,14.678492,0.129898,251
2020-09-10,1413586,15597124,14.938289,14.938289,14.029001,14.029001,-0.649491,502
2020-09-11,1068816,11301943,14.029001,14.288798,13.44446,13.509409,-0.519592,411
2020-09-14,579753,6131177,13.639307,13.899103,13.639307,13.834155,0.324746,184
2020-09-15,542554,5759439,14.288798,14.288798,13.574358,13.834155,0.0,198
2020-09-16,630606,6643050,14.029001,14.029001,13.574358,13.574358,-0.259797,250
2020-09-17,448226,4690526,13.574358,13.769205,13.509409,13.509409,-0.064949,172
2020-09-18,1260332,13847102,13.769205,14.678492,13.509409,14.418696,0.909287,500
2020-09-21,760970,8331425,14.1589,14.483645,13.899103,14.029001,-0.389695,299
2020-09-22,1165773,12532652,14.09395,14.873339,13.44446,14.613543,0.584542,397
2020-09-23,1233680,13699730,14.483645,14.613543,14.288798,14.418696,-0.194847,366
2020-09-24,458490,4969314,14.418696,14.418696,13.834155,14.09395,-0.324746,200
2020-09-25,622368,6542794,14.09395,14.1589,13.249612,13.44446,-0.64949,266
2020-09-28,382530,3969354,13.509409,13.574358,13.37951,13.37951,-0.06495,135
2020-09-29,327953,3420655,13.37951,13.899103,13.37951,13.704256,0.324746,145
2020-09-30,303003,3212231,13.574358,13.964053,13.509409,13.769205,0.064949,128
2020-10-05,399123,4216977,13.639307,13.899103,13.509409,13.639307,-0.129898,162
2020-10-06,2250805,25728891,13.834155,15.003238,13.834155,15.003238,1.363931,622
2020-10-07,8461841,105110113,14.678492,16.497067,14.678492,16.497067,1.493829,2540
2020-10-08,8232715,108505492,16.626965,17.66615,16.562015,17.081608,0.584541,2742
2020-10-12,3659664,46361446,17.146558,17.276456,16.107372,16.367168,-0.71444,1365
2020-10-13,1867155,22918789,16.626965,16.626965,15.587779,15.782627,-0.584541,792
2020-10-14,4552021,59688323,15.782627,17.341404,15.457881,17.341404,1.558777,1419
2020-10-15,6500705,94150472,18.445539,19.03008,18.315641,19.03008,1.688676,1422
2020-10-16,14292312,214942084,19.03008,20.588859,18.640386,19.484725,0.454645,4562
2020-10-19,3596308,52368527,19.679571,19.679571,18.315641,18.900182,-0.584543,1502
2020-10-20,9559074,149746434,18.900182,20.783706,18.835233,20.783706,1.883524,2915
2020-10-21,15433270,259598696,21.1734,22.862076,20.588859,22.342484,1.558778,5882
2020-10-22,7887425,131692675,21.822891,22.407433,21.108451,22.212586,-0.129898,3337
2020-10-23,5700796,97840894,22.342484,23.381669,21.563095,23.186822,0.974236,2599
2020-10-26,6023003,107344670,23.381669,23.96621,22.537331,22.991974,-0.194848,2859
2020-10-27,4121032,71219595,22.60228,22.927026,22.082688,22.407433,-0.584541,1853
2020-10-28,4352811,74136357,22.082688,22.927026,21.563095,21.628044,-0.779389,2011
2020-10-29,6501319,110539603,21.108451,23.121873,20.588859,23.121873,1.493829,2715
2020-10-30,4737486,82667664,22.991974,23.771364,22.147636,22.212586,-0.909287,2043
2020-11-02,2040189,34157146,21.757942,22.147636,21.433197,21.757942,-0.454644,927
2020-11-03,3534266,59367307,21.757942,22.60228,21.433197,21.433197,-0.324745,1467
2020-11-04,2711112,44261973,21.433197,21.757942,20.848655,20.913604,-0.519593,1153
2020-11-05,2481041,41092215,20.783706,21.95279,20.783706,21.238349,0.324745,1143
2020-11-06,2175123,35271041,21.433197,21.433197,20.848655,20.913604,-0.324745,995
2020-11-09,3074065,49510842,21.043502,21.1734,20.458961,21.108451,0.194847,1056
2020-11-10,5956587,91140085,20.783706,20.848655,19.03008,19.679571,-1.42888,2349
2020-11-11,1899633,28335297,19.484725,19.939368,19.03008,19.289877,-0.389694,817
2020-11-12,1750074,26161718,19.484725,19.744521,19.159978,19.224928,-0.064949,717
2020-11-13,1602235,23132211,19.03008,19.159978,18.510488,18.835233,-0.389695,713
2020-11-16,4343790,67459862,18.900182,20.718757,18.900182,20.718757,1.883524,1424
2020-11-17,7966791,132673407,21.303299,22.017738,21.1734,21.692993,0.974236,3351
2020-11-18,3074391,50954258,21.628044,21.95279,20.978553,21.433197,-0.259796,1330
2020-11-19,2758219,45591163,21.757942,21.95279,21.1734,21.433197,0.0,1092
2020-11-20,3157776,50583553,21.433197,21.692993,20.523909,20.523909,-0.909288,1417
2020-11-23,2327947,36267006,20.458961,20.848655,19.80947,20.394011,-0.129898,1168
2020-11-24,1600278,24832331,20.394011,20.523909,20.004317,20.004317,-0.389694,708
2020-11-25,1505438,23381357,20.134215,20.523909,19.939368,20.004317,0.0,679
2020-11-26,7731431,128181696,20.134215,21.95279,20.069266,21.95279,1.948473,2818
2020-11-27,4750918,78201285,21.563095,21.822891,21.043502,21.238349,-0.714441,1800
2020-11-30,2379634,38573887,21.238349,21.628044,20.783706,21.043502,-0.194847,926
2020-12-01,4309778,71916215,21.043502,22.342484,21.043502,21.757942,0.71444,1794
2020-12-02,2254652,37520058,21.822891,22.082688,21.368247,21.498145,-0.259797,978
2020-12-03,2197346,35647567,21.498145,21.498145,20.783706,20.848655,-0.64949,985
2020-12-04,2168567,35020424,20.783706,21.303299,20.783706,20.783706,-0.064949,863
2020-12-07,3878871,60196702,20.913604,21.433197,19.484725,19.939368,-0.844338,1689
2020-12-08,9478190,157650478,20.199164,21.88784,20.199164,21.88784,1.948472,3464
2020-12-09,8650406,146107764,21.88784,23.121873,20.978553,22.407433,0.519593,3623
2020-12-10,3566786,60187908,22.342484,22.667229,21.563095,21.822891,-0.584542,1663
2020-12-11,3023167,49724492,22.017738,22.082688,20.783706,21.108451,-0.71444,1206
2020-12-14,4955012,84980724,21.108451,22.862076,21.108451,22.472381,1.36393,2012
2020-12-15,3512430,59222129,22.342484,22.732178,21.433197,21.498145,-0.974236,1382
2020-12-16,1841416,30895345,21.88784,21.95279,21.563095,21.95279,0.454645,688
2020-12-17,2474160,42116819,22.082688,22.472381,21.822891,21.95279,0.0,994
2020-12-18,2681269,44186049,21.95279,21.95279,21.1734,21.238349,-0.714441,1135
2020-12-21,2320833,37995289,21.433197,21.692993,20.783706,21.303299,0.06495,887
2020-12-22,1963646,32062947,21.303299,21.563095,20.783706,20.848655,-0.454644,830
2020-12-23,1154833,18721094,20.913604,21.238349,20.783706,21.1734,0.324745,512
2020-12-24,13835669,244850194,21.692993,23.251771,21.433197,23.251771,2.078371,4087
2020-12-25,20797660,389824939,23.251771,25.524989,22.212586,25.524989,2.273218,6772
2020-12-28,11879605,246757196,25.979632,28.058003,25.005396,28.058003,2.533014,4250
2020-12-29,16745028,384660315,28.902341,30.850813,28.837392,30.331221,2.273218,7332
2020-12-30,17045553,415284308,29.486882,33.253929,29.097189,33.124031,2.79281,7355
2020-12-31,18736763,485864763,32.344642,35.3323,31.435355,34.877657,1.753626,8505
2021-01-04,11612963,310097549,34.812707,36.501383,32.864235,35.202402,0.324745,6433
2021-01-05,8176444,218074708,34.942605,35.721995,33.773522,34.358064,-0.844338,4420
2021-01-06,9457505,238290689,34.552911,34.552911,31.175559,33.448776,-0.909288,4865
2021-01-07,4922215,124180153,33.318878,33.318878,32.214744,32.53949,-0.909286,2526
2021-01-08,6884592,181761047,33.253929,35.462198,32.53949,34.423012,1.883522,3780
2021-01-11,4526651,120943297,32.994133,35.462198,32.994133,34.877657,0.454645,2373
2021-01-12,3927583,103872434,35.072504,35.072504,33.773522,34.033318,-0.844339,2049
2021-01-13,4301336,116011696,34.423012,35.462198,34.423012,34.747758,0.71444,2269
2021-01-14,9217465,264245500,34.812707,38.19006,34.747758,38.19006,3.442302,4764
2021-01-15,13457923,417242432,38.969448,41.957106,38.319958,41.307615,3.117555,7204
2021-01-18,15213040,475002325,40.203481,42.866394,37.670467,42.801444,1.493829,7707
2021-01-19,13182647,422655366,41.567411,44.100426,39.943684,39.943684,-2.85776,7179
2021-01-20,12950309,374655969,38.319958,39.618939,35.981791,38.060162,-1.883522,6603
2021-01-21,7743587,224184570,38.969448,39.359143,36.241587,36.371485,-1.688677,3836
2021-01-22,6535366,183430868,35.851893,37.280772,35.072504,36.241587,-0.129898,3167
2021-01-25,5581282,156422658,36.371485,37.280772,35.267351,35.786943,-0.454644,2784
2021-01-26,6173385,165421933,35.721995,36.241587,33.448776,33.708573,-2.07837,3175
2021-01-27,6523195,177659548,33.708573,37.020976,33.708573,37.020976,3.312403,3130
2021-01-28,10332455,298777864,35.072504,39.618939,35.072504,37.800365,0.779389,5516
2021-01-29,5639861,160228218,37.865314,38.449856,35.786943,36.04674,-1.753625,3224
2021-02-01,3563272,95158489,35.851893,36.04674,34.098267,34.098267,-1.948473,2018
2021-02-02,2191480,58924151,34.163216,35.462198,34.163216,35.072504,0.974237,1265
2021-02-03,2938517,78006534,34.423012,35.397249,33.773522,34.163216,-0.909288,1536
2021-02-04,4641686,117411708,33.773522,33.773522,32.47454,32.47454,-1.688676,2627
2021-02-05,4474975,109351946,32.279693,32.929184,31.240508,31.240508,-1.234032,2384
2021-02-17,3727794,97293065,33.383828,34.358064,32.47454,34.358064,3.117556,1630
2021-02-18,10310453,290584544,35.397249,37.670467,35.072504,37.41067,3.052606,5292
2021-02-19,6192823,174021827,36.111689,37.540569,35.721995,36.826129,-0.584541,3315
2021-02-22,4383170,125749379,37.150874,37.735415,36.371485,37.280772,0.454643,2402
2021-02-23,7886918,234865254,37.540569,40.203481,36.631281,38.969448,1.688676,4287
2021-02-24,5783485,168347846,37.670467,38.83955,36.761179,37.150874,-1.818574,3338
2021-02-25,2742285,79251098,38.449856,38.514805,37.150874,37.215824,0.06495,1553
2021-02-26,2719158,77758883,36.371485,37.995212,35.916841,37.215824,0.0,1514
2021-03-02,2718147,78359632,37.670467,38.319958,36.371485,36.371485,-0.844339,1616
2021-03-03,5339434,154153297,36.306536,38.774601,35.527147,38.319958,1.948473,2721
2021-03-04,6714956,199002215,37.670467,39.618939,37.41067,38.449856,0.129898,3429
2021-03-05,3754537,109657389,37.540569,38.644703,36.891078,37.735415,-0.714441,2101
2021-03-08,3241225,93921539,38.449856,38.709652,36.501383,36.761179,-0.974236,1926
2021-03-09,3383348,94937368,36.501383,37.41067,35.397249,37.150874,0.389695,1859
2021-03-10,1991307,56663343,37.47562,37.605518,36.436434,36.436434,-0.71444,1163
2021-03-11,3706431,108013396,36.761179,38.709652,36.696231,37.800365,1.363931,1992
2021-03-12,2766109,80045233,38.384907,38.384907,37.085925,37.41067,-0.389695,1582
2021-03-15,3389052,99375624,37.800365,38.709652,37.47562,38.384907,0.974237,1857
2021-03-16,11465160,358977035,39.294194,42.216902,38.319958,42.216902,3.831995,5657
2021-03-17,13795576,485259367,44.165375,46.438593,44.165375,46.438593,4.221691,6512
2021-03-18,23062379,853655988,47.802524,50.530385,46.63344,46.828287,0.389694,12639
2021-03-19,20201373,759986699,44.944764,51.504621,44.814866,51.504621,4.676334,10776
2021-03-22,18729157,752266492,51.959265,54.492278,50.140691,51.504621,0.0,10554
2021-03-23,16837643,636489196,50.85513,51.56957,46.763338,49.166454,-2.338167,10025
2021-03-24,6071482,226835736,48.192218,50.140691,47.412829,48.127269,-1.039185,3758
2021-03-25,5458780,201109787,48.71181,49.036556,46.958185,47.282931,-0.844338,3434
2021-03-26,7018185,264200637,47.997371,50.790181,47.023134,49.4912,2.208269,4194
2021-03-29,6301787,239144512,49.4912,50.270589,48.516963,48.906658,-0.584542,3982
2021-03-30,41488845,1691460381,50.400487,53.777839,49.42625,53.777839,4.871181,16698
2021-03-31,84475144,3614236056,54.42733,58.843867,52.543806,54.557228,0.779389,42508
2021-04-01,19695201,891346310,55.401566,60.01295,55.401566,60.01295,5.455722,8727
2021-04-06,15637976,776053761,65.338775,65.988266,61.701627,65.988266,5.975316,6401
2021-04-07,28732684,1462425051,70.404803,70.404803,60.857289,68.586229,2.597963,16652
2021-04-08,14296640,740745904,65.078979,70.6646,65.078979,66.377961,-2.208268,9386
2021-04-09,8600254,414823557,65.208877,65.208877,60.0779,62.351117,-4.026844,6055
2021-04-12,4598267,216688977,63.000608,63.000608,60.467594,60.532543,-1.818574,3403
2021-04-13,3894160,186004351,60.922238,63.390303,60.857289,60.857289,0.324746,2669
2021-04-14,5687716,250214086,60.857289,61.052136,55.466515,57.674783,-3.182506,3830
2021-04-15,3765307,169039345,57.544885,60.662441,56.051057,59.493358,1.818575,2462
2021-04-16,2720887,127697800,59.233562,61.961423,59.233562,60.987187,1.493829,1901
2021-04-19,2252625,105577268,61.701627,62.026372,60.01295,60.207798,-0.779389,1679
2021-04-20,2577696,120467593,59.753154,61.831525,59.103664,61.052136,0.844338,1696
2021-04-21,4065550,196356603,60.597493,64.429488,60.597493,64.429488,3.377352,2712
2021-04-22,5533805,264297400,65.208877,65.208877,59.103664,59.753154,-4.676334,3722
2021-04-23,6448296,308257812,59.753154,64.29959,58.713969,61.831525,2.078371,3901
2021-04-26,9666865,439859062,63.455252,63.779997,56.895395,57.350038,-4.481487,6180
2021-04-27,6897692,294886243,57.28509,58.584071,53.193297,55.206718,-2.14332,4543
2021-04-28,4921525,205172276,54.167533,55.856209,53.258246,53.388144,-1.818574,3037
2021-04-29,3772608,154246661,53.453094,54.557228,52.348959,52.608756,-0.779388,2345
2021-05-03,5551948,216124554,52.608756,52.608756,49.101505,49.101505,-3.507251,3004
2021-05-04,8870864,348629371,49.101505,53.972686,46.503542,53.647941,4.546436,5211
2021-05-05,5076843,197771341,51.309774,52.348959,49.361301,49.361301,-4.28664,3053
2021-05-06,2689760,101457066,49.621098,50.660283,47.737574,48.06232,-1.298981,1671
2021-05-07,4516624,178314635,49.361301,52.738654,48.581912,52.738654,4.676334,2557
2021-05-10,3234008,125208648,51.439672,51.439672,49.361301,50.010792,-2.727862,1995
2021-05-11,6397082,224528109,47.867472,47.867472,45.009713,45.009713,-5.001079,3564
2021-05-12,5856340,185938917,41.632361,44.555069,40.528227,40.528227,-4.481486,2828
2021-05-13,5426341,162113743,36.761179,41.502463,36.501383,39.618939,-0.909288,2747
2021-05-14,3651779,113636945,41.047819,42.671546,38.514805,39.099346,-0.519593,1996
2021-05-17,5215345,145145475,35.3323,38.83955,35.202402,35.3323,-3.767046,2571
2021-05-18,2543150,75093358,36.956027,38.83955,36.371485,38.83955,3.50725,888
2021-05-19,5425769,170857305,38.969448,42.281851,38.904499,41.502463,2.662913,2866
2021-05-20,2693723,83097310,41.567411,41.632361,39.294194,39.294194,-2.208269,1459
2021-05-21,3848270,122452892,40.528227,42.736495,40.008634,41.177717,1.883523,1861
2021-05-24,3530979,110441143,39.618939,42.281851,39.229244,41.567411,0.389694,1642
2021-05-25,6707853,230015770,42.606597,45.724153,41.632361,45.724153,4.156742,3274
2021-05-26,5691598,192287545,44.814866,45.269509,43.06124,43.580833,-2.14332,3088
2021-05-27,2273936,76234242,42.931342,44.620018,42.346801,43.645782,0.064949,1266
2021-05-28,2593663,88584308,43.970528,45.074662,43.970528,44.035476,0.389694,1469
2021-05-31,4020638,140576046,44.879814,46.698389,44.035476,45.334459,1.298983,2224
2021-06-01,3877472,138251575,45.464357,47.802524,44.620018,46.893236,1.558777,2173
2021-06-02,4519761,157769495,46.893236,46.893236,44.360223,44.360223,-2.533013,2477
2021-06-03,1927320,66216000,44.620018,45.464357,43.77568,44.555069,0.194846,1050
2021-06-04,2356556,79096104,44.100426,44.49012,42.866394,42.866394,-1.688675,1332
2021-06-07,1988934,65220152,42.606597,43.645782,40.98287,42.671546,-0.194848,1014
2021-06-08,1168827,38433933,42.671546,43.385986,42.281851,42.346801,-0.324745,702
2021-06-09,1818670,59675547,42.606597,44.035476,41.957106,42.346801,0.0,902
2021-06-10,1467294,47962072,43.515884,43.515884,41.762259,41.957106,-0.389695,781
2021-06-11,1953057,63895181,42.801444,43.385986,41.827208,41.827208,-0.129898,1027
2021-06-15,1980554,64917332,42.541647,43.385986,41.69731,43.321037,1.493829,1057
2021-06-16,7716311,275943001,43.321037,47.607676,42.476699,47.607676,4.286639,3246
2021-06-17,8782038,348475773,51.894315,52.348959,49.750996,52.348959,4.741283,4092
2021-06-18,14794929,621237379,54.36238,55.856209,52.413908,55.336616,2.987657,8766
2021-06-21,6464387,261796386,53.258246,53.907737,51.959265,51.959265,-3.377351,3897
2021-06-22,12435477,522952318,52.738654,57.155191,50.010792,57.155191,5.195926,6872
2021-06-23,11269165,501127073,57.155191,60.402645,55.206718,56.765497,-0.389694,6288
2021-06-24,5376482,235701226,57.090242,58.454173,56.051057,56.180955,-0.584542,3066
2021-06-25,4811746,208415373,57.090242,57.544885,55.206718,55.206718,-0.974237,2808
2021-06-28,3688020,154348180,55.206718,55.661362,53.323195,53.972686,-1.234032,2305
2021-06-29,5735965,232743107,53.453094,54.687126,51.114927,52.024213,-1.948473,3160
2021-06-30,3469070,141274646,53.193297,53.907737,51.179875,52.933501,0.909288,2006
2021-07-01,3734359,149855387,53.582992,53.777839,51.179875,51.244825,-1.688676,2145
2021-07-02,6014300,249574636,51.959265,55.336616,50.725232,54.687126,3.442301,3526
2021-07-05,4669821,196201486,55.206718,55.856209,53.71289,53.907737,-0.779389,2672
2021-07-06,2282935,93762775,53.972686,54.36238,52.608756,52.608756,-1.298981,1449
2021-07-07,2122617,87143530,53.193297,54.297432,52.219061,52.998449,0.389693,1339
2021-07-08,2617848,107537529,53.323195,54.492278,51.959265,53.063399,0.06495,1503
2021-07-09,2824801,114828928,52.673704,54.167533,51.764417,52.543806,-0.519593,1576
2021-07-12,11008109,477650019,53.063399,57.739733,52.868551,57.739733,5.195927,5970
2021-07-13,20970811,981065122,58.454173,63.455252,56.5057,60.402645,2.662912,10538
2021-07-14,8767175,398370052,60.402645,61.506779,57.155191,57.804681,-2.597964,4982
2021-07-15,3153506,138361784,57.804681,58.194376,56.5057,56.895395,-0.909286,2084
2021-07-16,3815624,170597785,56.895395,59.753154,55.986107,56.960344,0.064949,2547
2021-07-19,2915193,125420870,56.440751,56.5057,55.466515,55.596413,-1.363931,1810
2021-07-20,4459989,183548901,55.596413,55.596413,52.024213,52.673704,-2.922709,2710
2021-07-21,2503699,101771138,54.102584,54.102584,51.699468,52.219061,-0.454643,1542
2021-07-22,3028734,126159002,52.608756,55.206718,52.219061,54.167533,1.948472,1903
2021-07-23,3231427,136902540,53.907737,56.830445,53.518042,56.245904,2.078371,1900
2021-07-26,13220734,613107479,57.090242,61.831525,56.245904,61.831525,5.585621,6555
2021-07-27,7339625,334756453,61.052136,61.052136,56.895395,56.895395,-4.93613,4369
2021-07-28,6892205,298698509,56.895395,58.713969,53.258246,55.791261,-1.104134,3016
2021-07-29,3792578,162158009,55.921159,56.895395,54.167533,55.531464,-0.259797,1638
2021-07-30,2580018,108588469,55.531464,55.856209,54.297432,54.297432,-1.234032,1463
2021-08-02,1928884,81538633,55.206718,55.531464,54.36238,55.14177,0.844338,694
2021-08-03,943921,40108621,55.14177,55.726311,54.881973,54.946923,-0.194847,654
2021-08-04,1096756,47000961,55.011871,56.635598,55.011871,55.466515,0.519592,782
2021-08-05,4190093,185469813,55.726311,59.493358,54.752075,59.233562,3.767047,2595
2021-08-06,3161818,141334955,59.623256,59.623256,56.895395,56.895395,-2.338167,1877
2021-08-09,1799153,76570811,56.5057,56.570649,54.687126,54.687126,-2.208269,1116
2021-08-10,1068229,44510825,54.946923,55.206718,53.258246,54.102584,-0.584542,719
2021-08-11,1631357,67074943,54.037635,55.531464,52.024213,52.673704,-1.42888,1055
2021-08-12,809162,33099677,53.582992,53.647941,52.738654,53.063399,0.389695,576
2021-08-13,1349352,56267764,53.388144,55.596413,52.738654,53.907737,0.844338,921
2021-08-16,2114758,84333477,53.063399,53.323195,50.660283,51.309774,-2.597963,1271
2021-08-17,3294026,122806677,51.764417,51.829366,46.243745,46.763338,-4.546436,1958
2021-08-18,3154972,116809332,45.464357,51.439672,44.165375,50.660283,3.896945,1594
2021-08-19,3290884,128467490,50.660283,52.413908,48.841708,50.140691,-0.519592,1880
2021-08-20,1885702,71239328,49.4912,50.790181,48.06232,48.841708,-1.298983,1277
2021-08-23,1304538,50561397,49.101505,50.920079,49.101505,50.270589,1.428881,805
2021-08-24,870203,33543292,50.465436,51.114927,49.361301,49.686046,-0.584543,582
2021-08-25,1415137,55588316,50.595334,51.829366,50.010792,50.530385,0.844339,863
2021-08-26,912085,35282568,50.595334,51.309774,49.621098,49.880894,-0.649491,607
2021-08-27,795945,30914881,49.556148,51.114927,49.556148,49.945843,0.064949,504
2021-08-30,666472,25601238,50.270589,50.270589,49.621098,49.815945,-0.129898,435
2021-08-31,799623,30416546,49.750996,50.335537,48.841708,49.361301,-0.454644,543
2021-09-01,1008046,39132057,49.750996,50.985029,49.42625,50.530385,1.169084,689
2021-09-02,1273023,48452975,50.010792,50.465436,48.841708,48.971607,-1.558778,789
2021-09-03,1361677,50748366,49.361301,49.556148,47.867472,48.06232,-0.909287,841
2021-09-06,1409648,50484254,47.867472,47.867472,45.789102,46.048898,-2.013422,974
2021-09-07,766565,26843412,45.983949,45.983949,45.20456,45.20456,-0.844338,484
2021-09-08,884705,30442908,45.20456,45.659204,44.230324,44.230324,-0.974236,580
2021-09-09,830977,28568183,43.905578,45.269509,43.580833,44.620018,0.389694,480
2021-09-10,449220,15545458,44.425171,45.789102,44.425171,44.944764,0.324746,321
2021-09-13,367479,12634184,45.20456,45.269509,44.360223,44.49012,-0.454644,261
2021-09-14,783151,26455781,44.49012,45.20456,43.385986,43.385986,-1.104134,531
2021-09-15,2437411,85460335,43.385986,47.088083,43.385986,46.048898,2.662912,1420
2021-09-16,1293019,44360410,44.879814,45.854051,44.100426,44.165375,-1.883523,848
2021-09-17,835530,28652995,44.684968,45.529305,43.515884,45.529305,1.36393,544
2021-09-22,811254,27172358,44.165375,44.165375,42.866394,44.035476,-1.493829,553
2021-09-23,407711,13848243,44.360223,44.749916,43.905578,44.100426,0.06495,260
2021-09-24,550710,18927836,45.139611,45.139611,44.100426,44.879814,0.779388,344
2021-09-27,668135,23360794,44.944764,45.854051,44.749916,45.334459,0.454645,427
2021-09-28,704422,24011842,45.074662,45.20456,44.035476,44.165375,-1.169084,402
2021-09-29,834343,27582250,43.580833,43.580833,42.606597,42.606597,-1.558778,584
2021-09-30,627484,20736323,42.606597,43.77568,42.606597,42.866394,0.259797,402
2021-10-01,1201968,37855856,42.606597,42.606597,39.748837,39.943684,-2.92271,791
2021-10-04,1083410,32773752,40.723073,40.788023,37.930263,38.904499,-1.039185,769
2021-10-05,956826,28619371,37.800365,40.008634,37.215824,39.813787,0.909288,671
2021-10-06,620438,18786306,39.813787,40.008634,39.099346,39.099346,-0.714441,473
2021-10-07,690474,21574591,39.359143,40.98287,39.359143,40.917921,1.818575,501
2021-10-08,705533,22566321,41.047819,42.346801,40.658125,41.827208,0.909287,523
2021-10-12,614594,19101083,41.372565,41.502463,39.813787,39.813787,-2.013421,390
2021-10-13,469766,14462861,40.26843,40.658125,39.618939,39.748837,-0.06495,353
2021-10-14,896729,28425154,39.748837,42.022056,39.748837,41.632361,1.883524,586
2021-10-15,626445,20123143,42.281851,42.736495,41.112768,41.632361,0.0,521
2021-10-18,1337911,44009823,42.151953,43.515884,41.632361,42.931342,1.298981,816
2021-10-19,704334,23336750,43.450935,43.450935,42.671546,43.06124,0.129898,462
2021-10-20,460688,15330919,43.256088,43.710731,43.06124,43.321037,0.259797,355
2021-10-21,761759,25306032,43.191139,43.905578,42.866394,42.866394,-0.454643,461
2021-10-22,575788,19235191,43.321037,43.970528,42.866394,43.580833,0.714439,474
2021-10-25,542773,18259547,43.580833,44.035476,43.06124,43.84063,0.259797,399
2021-10-26,1954335,67054082,44.360223,46.113847,43.450935,43.515884,-0.324746,1213
2021-10-27,687355,22990416,43.515884,43.710731,42.996292,43.645782,0.129898,406
2021-10-28,862047,28766147,44.684968,44.684968,42.671546,42.736495,-0.909287,534
2021-10-29,1455352,46798110,42.866394,42.866394,41.372565,41.437513,-1.298982,858
2021-11-01,2961498,96803982,41.502463,44.555069,41.307615,44.425171,2.987658,1547
2021-11-02,1547590,51946710,44.555069,44.620018,42.996292,42.996292,-1.428879,891
2021-11-03,2343176,74741275,43.515884,43.515884,40.852972,40.98287,-2.013422,1358
2021-11-04,2054456,63677302,41.047819,41.372565,39.943684,40.203481,-0.779389,1093
2021-11-05,496917,15462428,40.788023,41.047819,39.943684,40.528227,0.324746,421
2021-11-08,659227,20370608,40.658125,40.658125,40.008634,40.073582,-0.454645,470
2021-11-09,762563,23822475,40.073582,40.98287,39.748837,40.26843,0.194848,530
2021-11-10,582594,18302503,40.26843,41.307615,40.008634,40.852972,0.584542,421
2021-11-11,1087406,34445337,41.112768,42.087004,40.26843,40.98287,0.129898,684
2021-11-12,1020310,32608309,41.307615,42.022056,40.723073,41.567411,0.584541,601
2021-11-15,1061748,34370156,41.632361,42.541647,41.632361,42.411749,0.844338,670
2021-11-16,1282215,42172206,42.476699,43.256088,42.216902,42.281851,-0.129898,883
2021-11-17,821377,26459456,42.346801,42.606597,41.567411,41.957106,-0.324745,579
2021-11-18,773593,24838240,41.957106,42.541647,41.437513,41.827208,-0.129898,539
2021-11-19,1154893,37695405,42.216902,42.866394,41.69731,42.606597,0.779389,721
2021-11-22,3259223,112006429,42.996292,45.919,42.671546,45.334459,2.727862,2143
2021-11-23,2517330,84222182,45.334459,45.334459,42.476699,42.541647,-2.792812,1700
2021-11-24,823295,26612461,41.567411,42.736495,41.437513,41.957106,-0.584541,530
2021-11-25,694603,22676724,42.411749,43.905578,41.69731,42.216902,0.259796,376
2021-11-26,1273883,40494917,42.736495,42.736495,40.917921,41.047819,-1.169083,787
2021-11-29,968634,29870104,39.683889,40.658125,39.618939,40.138532,-0.909287,585
2021-11-30,675834,21000129,40.26843,40.852972,40.138532,40.203481,0.064949,437
2021-12-01,573214,17660459,40.138532,40.398328,39.424092,40.203481,0.0,399
2021-12-02,541156,16646127,39.748837,40.203481,39.748837,39.943684,-0.259797,345
2021-12-03,298802,9245029,39.878736,40.528227,39.878736,40.26843,0.324746,210
2021-12-06,558956,17137850,40.26843,40.26843,39.55399,39.943684,-0.324746,370
2021-12-07,499149,15492708,40.008634,40.658125,40.008634,40.398328,0.454644,345
2021-12-08,589732,18488888,41.567411,41.567411,40.528227,40.593175,0.194847,388
2021-12-09,534078,16676718,41.242666,41.242666,40.333379,40.333379,-0.259796,401
2021-12-10,407738,12594346,40.26843,40.333379,40.008634,40.008634,-0.324745,414
2021-12-13,2181136,70848945,40.98287,43.515884,40.398328,42.866394,2.85776,1310
2021-12-14,2223461,74314012,45.529305,45.529305,42.606597,42.671546,-0.194848,1488
2021-12-15,1063549,34055241,42.671546,42.671546,41.242666,41.307615,-1.363931,730
2021-12-16,1018606,32160564,40.98287,41.892157,40.463277,40.658125,-0.64949,646
2021-12-17,415745,12990769,40.463277,40.917921,40.398328,40.398328,-0.259797,336
2021-12-20,489212,15161228,40.658125,40.658125,40.073582,40.138532,-0.259796,292
2021-12-21,521655,16243234,40.463277,40.852972,40.008634,40.463277,0.324745,277
2021-12-22,945600,29891003,40.788023,42.087004,40.26843,41.437513,0.974236,535
2021-12-23,546217,17313534,41.957106,41.957106,40.917921,41.047819,-0.389694,417
2021-12-24,671557,21319541,40.528227,41.892157,40.528227,40.98287,-0.064949,398
2021-12-27,599717,18729952,40.98287,40.98287,40.398328,40.593175,-0.389695,416
2021-12-28,499352,15604941,40.593175,40.917921,40.398328,40.593175,0.0,360
2021-12-29,417909,13100477,40.593175,40.917921,40.528227,40.658125,0.06495,262
2021-12-30,440850,13688798,40.593175,40.658125,40.138532,40.398328,-0.259797,355
2022-01-03,365511,11426289,40.593175,41.112768,40.398328,40.398328,0.0,231
2022-01-04,740914,22989722,40.398328,40.917921,40.138532,40.138532,-0.259796,445
2022-01-05,7845925,262823527,40.073582,44.100426,40.073582,44.100426,3.961894,3696
2022-01-06,5976082,200012624,42.022056,45.139611,41.567411,44.165375,0.064949,3041
2022-01-07,4041140,133688488,43.970528,44.555069,41.827208,41.827208,-2.338167,2402
2022-01-10,1412852,44297214,41.372565,41.372565,40.26843,40.593175,-1.234033,1020
2022-01-11,1181859,36670786,40.658125,40.788023,40.073582,40.073582,-0.519593,882
2022-01-12,2283225,68834402,40.203481,40.398328,38.579754,38.709652,-1.36393,1443
2022-01-13,1046301,31100976,38.83955,39.229244,38.319958,38.449856,-0.259796,661
2022-01-14,1418725,40598477,38.319958,38.319958,36.631281,37.020976,-1.42888,1009
2022-01-17,489007,14171148,36.956027,38.384907,36.631281,38.384907,1.363931,385
2022-01-18,468423,13717453,38.384907,38.579754,37.47562,37.605518,-0.779389,404
2022-01-19,481713,13784273,37.41067,37.47562,37.020976,37.150874,-0.454644,353
2022-01-20,248906,7131774,37.150874,37.47562,37.085925,37.345722,0.194848,322
2022-01-21,476806,13647326,37.150874,37.41067,37.020976,37.020976,-0.324746,286
2022-01-24,982355,27031274,37.020976,37.020976,35.397249,35.657045,-1.363931,681
2022-01-25,923399,24920238,35.527147,35.657045,34.747758,34.812707,-0.844338,587
2022-01-26,507882,13805910,35.072504,35.786943,34.812707,35.527147,0.71444,348
2022-02-07,337611,9391590,35.851893,36.436434,35.462198,36.371485,0.844338,243
2022-02-08,437783,12533283,36.371485,37.540569,36.371485,37.41067,1.039185,387
2022-02-09,478591,13787566,37.605518,37.930263,37.085925,37.47562,0.06495,529
2022-02-10,667977,19008581,37.865314,37.865314,36.436434,36.696231,-0.779389,713
2022-02-11,256933,7230517,36.761179,36.761179,36.371485,36.566333,-0.129898,249
2022-02-14,475400,12928916,36.371485,36.371485,35.072504,35.267351,-1.298982,407
2022-02-15,225390,6148630,35.981791,35.981791,35.202402,35.202402,-0.064949,209
2022-02-16,355228,9698198,36.04674,36.04674,35.3323,35.397249,0.194847,263
2022-02-17,438811,11991681,35.3323,35.721995,35.267351,35.3323,-0.064949,282
2022-02-18,316415,8564569,35.462198,35.462198,34.942605,35.3323,0.0,242
2022-02-21,294717,8013322,35.3323,35.721995,34.942605,35.3323,0.0,224
2022-02-22,441097,11876495,35.657045,35.657045,34.812707,34.942605,-0.389695,346
2022-02-23,272442,7336771,34.942605,35.267351,34.812707,34.942605,0.0,207
2022-02-24,917149,23925839,34.228166,34.877657,32.864235,33.059082,-1.883523,632
2022-02-25,646017,16343555,33.838471,33.838471,32.344642,32.669388,-0.389694,423
2022-03-01,624976,15833256,32.669388,33.643624,32.084846,33.448776,0.779388,437
2022-03-02,308778,7879020,33.448776,33.448776,32.929184,33.318878,-0.129898,230
2022-03-03,294716,7540326,33.318878,33.773522,32.864235,33.318878,0.0,257
2022-03-04,300942,7603052,32.669388,33.18898,32.669388,32.799286,-0.519592,218
2022-03-07,956360,23168435,32.214744,32.344642,31.175559,31.825049,-0.974237,453
2022-03-08,790300,18884052,31.175559,31.630202,30.720915,30.785864,-1.039185,413
2022-03-09,693534,16354364,30.915763,31.370406,30.136373,30.266271,-0.519593,454
2022-03-10,698550,16791735,30.980711,31.630202,30.526068,31.305457,1.039186,452
2022-03-11,310898,7397827,31.110609,31.370406,30.655966,30.655966,-0.649491,253
2022-03-14,361564,8569250,30.655966,31.240508,30.526068,30.720915,0.064949,302
2022-03-15,1009108,22767513,30.980711,30.980711,28.96729,28.96729,-1.753625,617
2022-03-16,591333,13095959,29.746679,29.746679,28.058003,28.772443,-0.194847,437
2022-03-17,683771,15545502,29.551832,30.136373,28.96729,30.136373,1.36393,461
2022-03-18,403881,9397674,30.461119,30.720915,29.746679,30.655966,0.519593,320
2022-03-21,444296,10640756,31.045661,31.435355,30.526068,31.370406,0.71444,356
2022-03-22,416670,9891799,31.435355,31.565253,30.591017,30.850813,-0.519593,301
2022-03-23,338857,8061669,31.175559,31.175559,30.655966,30.720915,-0.129898,393
2022-03-24,435180,10341543,30.720915,31.435355,30.331221,31.305457,0.584542,402
2022-03-25,444093,10698408,32.084846,32.084846,30.980711,30.980711,-0.324746,393
2022-03-28,302539,7008801,30.591017,30.591017,29.876577,30.136373,-0.844338,323
2022-03-29,286383,6688665,30.526068,30.720915,30.136373,30.136373,0.0,236
2022-03-30,1343202,33282721,30.591017,33.124031,30.39617,33.124031,2.987658,826
2022-03-31,3660817,98760939,35.592096,36.241587,33.578675,35.657045,2.533014,2155
2022-04-01,1048382,27797563,34.877657,34.877657,34.033318,34.358064,-1.298981,931
2022-04-06,788805,20215741,34.163216,34.163216,32.799286,33.18898,-1.169084,677
2022-04-07,2080657,56000155,32.799286,36.306536,32.734337,35.3323,2.14332,1312
2022-04-08,1388597,37347260,34.747758,36.176638,34.033318,34.812707,-0.519593,956
2022-04-11,874980,22549817,33.968369,34.552911,33.059082,33.059082,-1.753625,662
2022-04-12,405771,10366688,33.059082,33.90342,32.53949,33.124031,0.064949,337
2022-04-13,335589,8585907,32.799286,33.643624,32.734337,33.124031,0.0,299
2022-04-14,269126,6841953,33.513726,33.513726,32.734337,32.734337,-0.389694,217
2022-04-15,294226,7384427,32.47454,32.799286,32.47454,32.734337,0.0,313
2022-04-18,404254,10049806,32.604438,32.669388,31.695151,31.695151,-1.039186,389
2022-04-19,318677,7800094,31.825049,32.279693,31.565253,31.630202,-0.064949,290
2022-04-20,215944,5340032,31.630202,32.47454,31.630202,32.214744,0.584542,294
2022-04-21,333020,8326562,32.214744,32.799286,32.214744,32.344642,0.129898,398
2022-04-22,358319,8692858,32.440758,32.440758,31.64952,31.913265,-0.431377,271
2022-04-25,581201,13494477,30.726408,31.45171,29.671425,29.935171,-1.978094,374
2022-04-26,359482,8247532,30.13298,31.122028,29.935171,30.001107,0.065936,199
2022-04-27,460045,10118983,28.682378,29.473615,28.682378,29.20987,-0.791237,238
2022-04-28,218108,4868364,29.275806,29.935171,29.077996,29.275806,0.065936,158
2022-04-29,255824,5725330,29.275806,30.13298,29.077996,29.20987,-0.065936,178
2022-05-03,139435,3092235,29.20987,30.067043,29.143933,29.407679,0.197809,93
2022-05-04,1283775,31207905,29.935171,32.308885,29.803298,32.308885,2.901206,573
2022-05-05,3122041,81771491,33.825424,35.473837,32.96825,34.880408,2.571523,1810
2022-05-06,1119646,27779448,32.308885,33.231996,31.979202,32.96825,-1.912158,804
2022-05-09,1058459,25069748,32.308885,32.308885,30.462663,30.462663,-2.505587,717
2022-05-10,529025,12002393,30.198917,30.792345,27.759266,30.5286,0.065937,380
2022-05-11,596207,13511846,30.5286,30.5286,29.473615,29.605488,-0.923112,345
2022-05-12,608758,13555354,29.01206,30.067043,29.01206,29.077996,-0.527492,353
2022-05-13,544567,12237125,29.143933,30.001107,29.143933,29.737361,0.659365,288
2022-05-16,532694,12088385,29.803298,30.198917,29.605488,29.605488,-0.131873,297
2022-05-17,314611,7110133,30.001107,30.198917,29.671425,29.737361,0.131873,184
2022-05-18,741340,17334759,29.737361,31.583583,29.737361,30.990155,1.252794,530
2022-05-19,526018,11895447,29.671425,30.13298,29.539552,30.067043,-0.923112,364
2022-05-20,354578,8098783,30.067043,30.264853,29.935171,30.13298,0.065937,224
2022-05-23,811630,18983034,30.594536,31.385774,30.462663,30.726408,0.593428,434
2022-05-24,502719,11449681,30.462663,30.462663,29.737361,30.067043,-0.659365,301
2022-05-25,3085718,76321342,30.001107,33.034186,29.737361,33.034186,2.967143,1633
2022-05-26,6668174,155827065,31.45171,31.64952,29.803298,29.869235,-3.164951,3542
2022-05-27,1824269,41713600,30.198917,30.594536,29.803298,30.001107,0.131872,1063
2022-05-30,1207336,27535829,30.198917,30.396726,29.869235,29.935171,-0.065936,690
2022-05-31,2275973,50430692,29.869235,29.869235,28.682378,29.671425,-0.263746,1284
2022-06-01,1427490,32739950,29.539552,30.594536,29.407679,30.067043,0.395618,851
2022-06-02,725842,16468951,30.067043,30.33079,29.737361,29.803298,-0.263745,468
2022-06-06,581563,13118660,30.001107,30.13298,29.473615,29.671425,-0.131873,409
2022-06-07,426572,9607629,29.671425,29.935171,29.539552,29.671425,0.0,297
2022-06-08,447838,10100407,29.737361,29.935171,29.539552,29.605488,-0.065937,340
2022-06-09,614333,13788202,29.605488,29.869235,29.407679,29.803298,0.19781,339
2022-06-10,327453,7331547,29.737361,29.737361,29.341743,29.473615,-0.329683,242
2022-06-13,703829,15347967,29.01206,29.01206,28.616441,28.682378,-0.791237,474
2022-06-14,703009,15011176,28.616441,28.748314,27.891139,28.418631,-0.263747,448
2022-06-15,409158,8763716,28.682378,28.682378,28.088949,28.088949,-0.329682,327
2022-06-16,681921,14650500,28.616441,28.880186,27.957076,27.957076,-0.131873,360
2022-06-17,504511,10416292,27.033964,27.429584,26.902092,27.231774,-0.725302,347
2022-06-20,1503330,29570870,26.968028,27.165838,25.05587,25.05587,-2.175904,814
2022-06-21,580388,11440278,25.451489,26.638346,25.385552,26.308664,1.252794,334
2022-06-22,536607,10511398,26.308664,26.638346,25.319616,25.385552,-0.923112,391
2022-06-23,469164,9041601,25.319616,25.715235,25.187743,25.253679,-0.131873,282
2022-06-24,433710,8388710,25.319616,25.715235,25.319616,25.385552,0.131873,223
2022-06-27,404066,7950416,26.506473,26.506473,25.649299,25.913044,0.527492,294
2022-06-28,425629,8270038,25.913044,26.110854,25.319616,25.517425,-0.395619,223
2022-06-29,674882,12837334,25.319616,25.319616,24.989934,24.989934,-0.527491,367
2022-06-30,1293684,23463677,25.05587,25.187743,23.143712,23.605267,-1.384667,658
2022-07-01,1011089,17591798,23.605267,23.605267,22.41841,22.41841,-1.186857,477
2022-07-04,644451,10929141,22.945902,22.945902,22.088728,22.154664,-0.263746,290
2022-07-05,458252,7825684,22.550283,22.945902,22.154664,22.61622,0.461556,227
2022-07-06,633345,10500474,22.814028,22.814028,21.165616,21.231553,-1.384667,373
2022-07-07,626810,10316961,21.231553,22.286537,20.572188,21.956855,0.725302,359
2022-07-08,533514,9113600,22.022791,22.945902,22.022791,22.41841,0.461555,305
2022-07-11,276558,4624213,22.41841,22.41841,21.759045,21.956855,-0.461555,169
2022-07-12,520488,8379192,21.956855,21.956855,20.835934,21.033743,-0.923112,263
2022-07-13,428147,7020506,21.29749,21.890918,21.29749,21.495299,0.461556,254
2022-07-14,352530,5759607,21.231553,21.824981,21.033743,21.693108,0.197809,229
2022-07-15,471576,7691593,21.363426,21.890918,21.231553,21.759045,0.065937,291
2022-07-18,433480,7296398,21.759045,22.484346,21.759045,22.352473,0.593428,274
2022-07-19,192141,3238075,22.352473,22.41841,22.088728,22.2206,-0.131873,145
2022-07-20,985866,17415236,22.682156,23.803077,22.61622,23.143712,0.923112,620
2022-07-21,597513,10501554,23.209648,23.869013,22.814028,23.407457,0.263745,350
2022-07-22,514451,9239397,23.473394,24.000885,23.473394,23.605267,0.19781,328
2022-07-25,234260,4124043,23.473394,23.473394,23.011838,23.275585,-0.329682,185
2022-07-26,358948,6224878,23.53933,23.53933,22.550283,22.550283,-0.725302,233
2022-07-27,310897,5421619,22.682156,23.407457,22.41841,22.879965,0.329682,204
2022-07-28,229465,3990663,23.143712,23.275585,22.682156,22.748092,-0.131873,172
2022-07-29,263706,4559679,22.748092,23.011838,22.41841,22.814028,0.065936,157
2022-08-01,311370,5414638,22.814028,23.143712,22.682156,23.011838,0.19781,204
2022-08-02,448165,7558933,22.682156,22.682156,22.088728,22.154664,-0.857174,265
2022-08-03,396313,6560095,21.759045,22.2206,21.627172,21.693108,-0.461556,236
2022-08-04,463536,7443066,21.693108,21.759045,20.704061,21.29749,-0.395618,239
2022-08-05,250625,4133505,21.890918,22.286537,21.561235,21.759045,0.461555,171
2022-08-08,316351,5280741,22.154664,22.41841,21.627172,21.956855,0.19781,185
2022-08-09,247698,4115015,22.154664,22.154664,21.627172,22.088728,0.131873,153
2022-08-10,487956,8286881,22.2206,22.814028,21.890918,22.61622,0.527492,293
2022-08-11,366959,6343588,23.077775,23.077775,22.550283,22.748092,0.131872,210
2022-08-12,289754,4966002,22.682156,22.945902,22.2206,22.879965,0.131873,207
2022-08-15,541934,9630871,22.550283,23.869013,22.550283,23.473394,0.593429,329
2022-08-16,394387,7008409,23.077775,23.671203,23.077775,23.473394,0.0,201
2022-08-17,385854,6894131,23.53933,23.803077,23.407457,23.473394,0.0,215
2022-08-18,542959,9810004,23.73714,24.132759,23.407457,24.132759,0.659365,327
2022-08-19,386585,7074530,24.462442,24.462442,23.934949,24.396505,0.263746,278
2022-08-22,332406,6040062,24.000885,24.132759,23.803077,23.934949,-0.461556,225
2022-08-23,325173,5840866,23.671203,23.934949,23.407457,23.803077,-0.131872,235
2022-08-24,505509,9272839,24.000885,24.396505,23.934949,24.264632,0.461555,296
2022-08-25,3169061,62643214,24.132759,26.638346,24.132759,26.638346,2.373714,1535
2022-08-26,6260785,132622710,27.033964,28.880186,26.770219,28.880186,2.24184,3048
2022-08-29,2539265,52828372,28.220822,28.286758,26.572409,27.099901,-1.780285,1347
2022-08-30,1838601,38930150,27.297711,28.484568,27.165838,28.220822,1.120921,1060
2022-08-31,1255509,26493489,28.088949,28.220822,27.561457,27.561457,-0.659365,773
2022-09-01,1476241,29949945,27.165838,27.297711,26.242727,26.572409,-0.989048,866
2022-09-02,938303,18759776,26.638346,26.770219,26.110854,26.110854,-0.461555,524
2022-09-05,758738,14634933,26.110854,26.242727,25.253679,25.319616,-0.791238,441
2022-09-06,735100,13813999,25.319616,25.583362,24.462442,24.594314,-0.725302,440
2022-09-07,673529,12279632,24.396505,24.396505,23.869013,24.132759,-0.461555,412
2022-09-08,509815,9332451,24.264632,24.396505,24.000885,24.198695,0.065936,279
2022-09-12,390877,7278560,24.330568,24.923997,24.330568,24.528378,0.329683,278
2022-09-13,448417,8297574,24.528378,24.660251,24.264632,24.396505,-0.131873,279
2022-09-14,399540,7273576,23.869013,24.330568,23.605267,24.000885,-0.39562,260
2022-09-15,2816994,55986854,24.726187,26.3746,24.396505,26.3746,2.373715,1257
2022-09-16,1863467,36328715,25.715235,26.044917,25.319616,25.715235,-0.659365,1146
2022-09-19,779035,14799303,25.121807,25.517425,24.792124,24.792124,-0.923111,434
2022-09-20,1450516,28924567,25.121807,27.231774,24.85806,26.704282,1.912158,812
2022-09-21,1480914,29891118,26.704282,27.429584,26.110854,26.3746,-0.329682,854
2022-09-22,741530,14702477,25.715235,26.638346,25.715235,26.506473,0.131873,549
2022-09-23,623612,12266578,26.638346,26.638346,25.451489,25.649299,-0.857174,389
2022-09-26,767166,14388620,25.187743,25.253679,24.330568,24.726187,-0.923112,435
2022-09-27,448899,8447678,25.253679,25.253679,24.528378,24.989934,0.263747,257
2022-09-28,643225,11756485,24.989934,25.121807,23.671203,23.671203,-1.318731,379
2022-09-29,844237,15606711,23.869013,25.319616,23.869013,24.85806,1.186857,417
2022-09-30,538980,9928014,24.132759,24.85806,23.869013,24.792124,-0.065936,328
2022-10-03,368458,6854453,24.660251,24.726187,24.198695,24.528378,-0.263746,197
2022-10-04,543777,10160832,24.923997,24.923997,24.462442,24.594314,0.065936,315
2022-10-05,877653,16592618,24.85806,25.649299,24.594314,24.594314,0.0,427
2022-10-06,4223736,85249393,24.85806,27.033964,24.594314,27.033964,2.43965,2401
2022-10-07,4772121,100516802,26.902092,28.616441,26.506473,28.154886,1.120922,2831
2022-10-11,5464495,115963398,27.033964,29.671425,26.110854,29.077996,0.92311,3168
2022-10-12,4083468,88272571,28.682378,29.20987,27.561457,28.352695,-0.725301,2448
2022-10-13,3428871,73080162,28.352695,29.077996,26.902092,26.902092,-1.450603,1964
2022-10-14,6761606,148937216,28.286758,29.539552,27.759266,29.539552,2.63746,3010
2022-10-17,7230871,161174425,29.143933,30.13298,28.550504,30.13298,0.593428,3716
2022-10-18,4509130,100198175,30.462663,30.462663,28.616441,28.81425,-1.31873,2442
2022-10-19,3288694,69768929,28.81425,29.275806,27.033964,27.165838,-1.648412,1938
2022-10-20,2052594,41661842,26.638346,27.363647,26.176791,26.968028,-0.19781,1105
2022-10-21,1301223,26206291,27.165838,27.165838,26.242727,26.242727,-0.725301,755
2022-10-24,1356822,27213954,26.704282,27.033964,25.517425,25.715235,-0.527492,733
2022-10-25,1598001,31572949,25.978981,26.638346,25.583362,26.044917,0.329682,833
2022-10-26,2625072,54315340,26.110854,28.023013,26.110854,27.825203,1.780286,1515
2022-10-27,2334077,49740807,28.154886,28.748314,27.363647,28.748314,0.923111,1306
2022-10-28,1449027,30458180,28.352695,28.352695,27.231774,27.297711,-1.450603,863
2022-10-31,754857,15822730,27.495521,28.286758,27.429584,27.561457,0.263746,468
2022-11-01,1053040,22038668,27.561457,27.957076,27.363647,27.429584,-0.131873,554
2022-11-02,1133999,23896337,27.561457,28.154886,27.429584,27.69333,0.263746,637
2022-11-03,1587198,32402792,27.099901,27.627393,26.638346,26.704282,-0.989048,896
2022-11-04,999692,20596208,26.770219,27.495521,26.704282,27.429584,0.725302,566
2022-11-07,1367368,28672271,27.627393,28.088949,27.099901,27.957076,0.527492,783
2022-11-08,4158690,90973204,28.154886,29.671425,27.69333,29.01206,1.054984,2127
2022-11-09,2535501,55220070,28.946123,29.275806,28.220822,28.418631,-0.593429,1436
2022-11-10,1274519,26795108,28.088949,28.154886,27.429584,27.627393,-0.791238,813
2022-11-11,2009391,42733405,28.220822,28.418631,27.429584,28.220822,0.593429,991
2022-11-14,1129570,24338768,29.077996,29.077996,28.088949,28.220822,0.0,608
2022-11-15,1269782,26697348,28.352695,28.352695,27.495521,27.759266,-0.461556,651
2022-11-16,1011844,20907063,27.957076,27.957076,27.099901,27.099901,-0.659365,696
2022-11-17,901283,18777469,27.231774,27.759266,27.099901,27.69333,0.593429,475
2022-11-18,1158687,23812009,27.825203,27.825203,26.704282,26.902092,-0.791238,671
2022-11-21,846038,17288230,27.033964,27.231774,26.638346,27.165838,0.263746,490
2022-11-22,904710,18272409,27.363647,27.363647,26.3746,26.572409,-0.593429,513
2022-11-23,455406,9200754,26.572409,26.902092,26.506473,26.704282,0.131873,251
2022-11-24,507948,10240227,26.770219,26.770219,26.440536,26.572409,-0.131873,334
2022-11-25,857283,17158465,26.506473,26.836156,26.110854,26.176791,-0.395618,531
2022-11-28,494410,9811400,25.913044,26.3746,25.847107,26.176791,0.0,334
2022-11-29,656644,13190678,26.176791,26.770219,25.978981,26.770219,0.593428,402
2022-11-30,1614265,32335417,27.033964,27.033964,26.242727,26.3746,-0.395619,934
2022-12-01,1423558,28869933,27.165838,27.165838,26.3746,26.968028,0.593428,729
2022-12-02,7605730,166581018,26.836156,29.539552,26.704282,29.473615,2.505587,3517
2022-12-05,4283762,94040118,29.01206,29.671425,28.484568,28.616441,-0.857174,2218
2022-12-06,2546587,53485816,28.616441,28.616441,27.363647,27.363647,-1.252794,1386
2022-12-07,2433962,49441325,27.165838,27.69333,26.176791,26.440536,-0.923111,1197
2022-12-08,867326,17473078,26.3746,26.836156,26.308664,26.704282,0.263746,510
2022-12-09,842044,17102287,26.770219,27.099901,26.572409,26.836156,0.131874,491
2022-12-12,420473,8456730,26.836156,26.836156,26.3746,26.506473,-0.329683,232
2022-12-13,622675,12560103,26.836156,26.902092,26.440536,26.638346,0.131873,329
2022-12-14,328033,6645155,26.770219,26.836156,26.638346,26.704282,0.065936,229
2022-12-15,590435,11889121,26.572409,26.704282,26.3746,26.506473,-0.197809,315
2022-12-16,690212,13723918,26.242727,26.440536,25.847107,26.308664,-0.197809,411
2022-12-19,452653,9029302,26.308664,26.704282,26.044917,26.176791,-0.131873,296
2022-12-20,1364054,26436021,26.3746,26.3746,24.85806,24.85806,-1.318731,714
2022-12-21,457953,8752732,24.989934,25.517425,24.989934,25.121807,0.263747,306
2022-12-22,441428,8469382,25.187743,25.451489,25.187743,25.385552,0.263745,254
2022-12-23,650249,12336335,25.253679,25.451489,24.792124,25.121807,-0.263745,356
2022-12-26,236267,4491677,25.187743,25.253679,24.85806,25.187743,0.065936,147
2022-12-27,415323,7880708,25.385552,25.385552,24.85806,24.923997,-0.263746,284
2022-12-28,394029,7388046,24.85806,24.923997,24.594314,24.594314,-0.329683,248
2022-12-29,275836,5097751,24.594314,24.594314,24.198695,24.396505,-0.197809,220
2022-12-30,236975,4398293,24.528378,25.05587,24.330568,24.396505,0.0,163
2023-01-03,354443,6500252,24.330568,24.396505,23.934949,24.330568,-0.065937,234
2023-01-04,290780,5368549,24.264632,24.594314,24.198695,24.330568,0.0,229
2023-01-05,332308,6125485,24.330568,24.528378,24.198695,24.198695,-0.131873,246
2023-01-06,290627,5326589,24.132759,24.330568,24.066822,24.198695,0.0,199
2023-01-09,570315,10527530,24.132759,24.594314,24.066822,24.528378,0.329683,336
2023-01-10,270643,5018605,24.528378,24.594314,24.330568,24.396505,-0.131873,164
2023-01-11,284189,5273922,24.792124,24.792124,24.264632,24.528378,0.131873,221
2023-01-12,291202,5375855,24.594314,24.726187,24.132759,24.198695,-0.329683,237
2023-01-13,325928,5962281,24.198695,24.396505,24.000885,24.000885,-0.19781,201
2023-01-16,274654,4994845,24.264632,24.264632,23.869013,23.934949,-0.065936,198
2023-01-17,223298,4041956,24.000885,24.000885,23.803077,23.803077,-0.131872,164
2023-01-30,256700,4697829,24.000885,24.330568,24.000885,24.198695,0.395618,188
2023-01-31,838905,15950784,24.132759,25.517425,24.132759,25.05587,0.857175,517
2023-02-01,494093,9346882,24.989934,25.187743,24.726187,24.923997,-0.131873,322
2023-02-02,698226,13373894,25.05587,25.451489,25.05587,25.319616,0.395619,407
2023-02-03,366269,7002926,25.253679,25.319616,25.05587,25.121807,-0.197809,252
2023-02-06,337231,6459994,25.121807,25.451489,25.121807,25.253679,0.131872,236
2023-02-07,264245,5038112,25.253679,25.253679,25.05587,25.187743,-0.065936,163
2023-02-08,1032463,20032033,25.121807,25.913044,25.121807,25.583362,0.395619,522
2023-02-09,526336,10059063,25.253679,25.385552,25.05587,25.187743,-0.395619,338
2023-02-10,490045,9288543,25.187743,25.187743,24.792124,24.923997,-0.263746,295
2023-02-13,352041,6585114,24.923997,24.923997,24.396505,24.660251,-0.263746,222
2023-02-14,451027,8391048,24.85806,24.923997,23.73714,24.528378,-0.131873,398
2023-02-15,387447,7157151,24.660251,24.660251,24.000885,24.264632,-0.263746,251
2023-02-16,559612,10339863,24.264632,24.594314,23.934949,24.396505,0.131873,315
2023-02-17,249995,4615251,24.330568,24.462442,24.000885,24.396505,0.0,230
2023-02-20,589171,11089208,24.528378,25.187743,24.396505,25.05587,0.659365,386
2023-02-21,389315,7361209,25.121807,25.121807,24.792124,24.923997,-0.131873,265
2023-02-22,445024,8271707,24.594314,24.660251,24.396505,24.462442,-0.461555,290
2023-02-23,389549,7332966,24.462442,25.05587,24.462442,24.85806,0.395618,269
2023-02-24,338535,6314616,24.989934,24.989934,24.396505,24.660251,-0.197809,250
2023-03-01,209820,3895986,24.660251,24.660251,24.396505,24.462442,-0.197809,185
2023-03-02,283833,5258154,24.462442,24.528378,24.396505,24.396505,-0.065937,191
2023-03-03,402109,7446861,24.660251,24.660251,24.330568,24.462442,0.065937,267
2023-03-06,726594,13697955,24.528378,24.989934,24.528378,24.923997,0.461555,447
2023-03-07,1702890,33049485,25.05587,25.978981,24.923997,25.715235,0.791238,933
2023-03-08,983786,19134266,25.583362,25.978981,25.319616,25.583362,-0.131873,444
2023-03-09,552766,10647755,25.583362,25.649299,25.253679,25.253679,-0.329683,339
2023-03-10,648083,12209761,25.05587,25.121807,24.594314,24.660251,-0.593428,416
2023-03-13,424210,7806635,24.528378,24.528378,24.000885,24.396505,-0.263746,282
2023-03-14,278093,5139799,24.528378,24.528378,24.198695,24.330568,-0.065937,233
2023-03-15,204716,3788527,24.528378,24.660251,24.264632,24.264632,-0.065936,194
2023-03-16,431856,7877577,24.066822,24.264632,23.869013,23.934949,-0.329683,268
2023-03-17,511874,9286916,24.198695,24.198695,23.73714,24.000885,0.065936,335
2023-03-20,300308,5437892,24.066822,24.066822,23.803077,23.934949,-0.065936,206
2023-03-21,309592,5664769,24.000885,24.462442,23.934949,24.264632,0.329683,215
2023-03-22,284055,5244064,24.396505,24.528378,24.198695,24.396505,0.131873,207
2023-03-23,299277,5481271,24.198695,24.330568,24.000885,24.132759,-0.263746,273
2023-03-24,484402,8872856,24.198695,24.330568,24.066822,24.330568,0.197809,249
2023-03-27,360236,6650079,24.396505,24.528378,24.198695,24.330568,0.0,227
2023-03-28,428611,7807246,24.330568,24.330568,23.934949,23.934949,-0.395619,272
2023-03-29,237937,4342767,24.132759,24.264632,23.934949,24.132759,0.19781,156
2023-03-30,105511,1930042,24.330568,24.330568,24.000885,24.198695,0.065936,100
2023-03-31,175548,3199943,24.000885,24.132759,24.000885,24.066822,-0.131873,183
2023-04-06,175050,3179062,24.132759,24.132759,23.869013,23.934949,-0.131873,136
2023-04-07,205873,3740276,23.934949,24.066822,23.869013,24.000885,0.065936,128
2023-04-10,278491,5087682,24.198695,24.462442,23.934949,24.000885,0.0,164
2023-04-11,294329,5377711,24.000885,24.198695,24.000885,24.066822,0.065937,179
2023-04-12,372184,6811353,24.066822,24.264632,24.000885,24.264632,0.19781,233
2023-04-13,329981,6073401,24.264632,24.396505,24.132759,24.396505,0.131873,223
2023-04-14,406409,7503289,24.396505,24.462442,24.198695,24.330568,-0.065937,264
2023-04-17,457675,8363480,24.264632,24.264632,24.000885,24.132759,-0.197809,380
2023-04-18,1371489,25693104,24.066822,25.05587,24.066822,24.726187,0.593428,749
2023-04-19,668547,12431077,24.989934,24.989934,24.330568,24.396505,-0.329682,888
2023-04-20,4091418,79146087,24.396505,26.3746,24.396505,25.913044,1.516539,2215
2023-04-21,4609960,91820877,26.3746,26.836156,25.517425,25.847107,-0.065937,2381
2023-04-24,1398602,26375014,25.583362,25.583362,24.594314,24.923997,-0.92311,837
2023-04-25,1377624,25460043,24.923997,24.923997,24.000885,24.066822,-0.857175,730
2023-04-26,514735,9420513,23.934949,24.396505,23.869013,24.330568,0.263746,311
2023-04-27,320740,5886941,24.330568,24.396505,24.066822,24.330568,0.0,193
2023-04-28,560705,10300939,24.462442,24.462442,24.000885,24.198695,-0.131873,301
2023-05-02,404369,7421386,24.528378,24.528378,24.000885,24.264632,0.065937,243
2023-05-03,294766,5384615,24.264632,24.264632,24.000885,24.198695,-0.065937,184
2023-05-04,320901,5851773,24.132759,24.132759,24.000885,24.000885,-0.19781,195
2023-05-05,343963,6316723,24.198695,24.330568,24.066822,24.330568,0.329683,177
2023-05-08,3846527,64561243,23.473394,23.473394,21.956855,21.956855,-2.373713,2194
2023-05-09,3996353,60945586,20.572188,20.835934,19.846886,20.110633,-1.846222,2033
2023-05-10,1156796,17744195,20.044696,20.440315,19.978759,20.242506,0.131873,646
2023-05-11,1598860,23538773,20.242506,20.308442,19.121585,19.121585,-1.120921,956
2023-05-12,841918,11948435,18.46222,18.923776,18.46222,18.857839,-0.263746,461
2023-05-15,625492,8848233,19.121585,19.121585,18.528156,18.660029,-0.19781,370
2023-05-16,431462,6172805,18.725966,19.121585,18.725966,18.857839,0.19781,279
2023-05-17,528396,7559526,18.791902,19.055649,18.725966,18.923776,0.065937,312
2023-05-18,467177,6671984,18.989712,19.055649,18.725966,18.857839,-0.065937,286
2023-05-19,754799,10663042,18.857839,18.857839,18.528156,18.528156,-0.329683,425
2023-05-22,555113,7939394,18.594093,19.055649,18.594093,18.923776,0.39562,333
2023-05-23,458015,6613115,18.923776,19.121585,18.857839,19.121585,0.197809,276
2023-05-24,1195151,17837102,18.989712,20.242506,18.989712,20.176569,1.054984,644
2023-05-25,1305034,19636232,19.78095,20.242506,19.583141,19.649077,-0.527492,701
2023-05-26,868668,12734843,19.715013,19.78095,19.121585,19.187521,-0.461556,456
2023-05-29,469978,6855082,19.187521,19.385331,19.055649,19.253458,0.065937,282
2023-05-30,1421271,21458102,19.253458,20.374378,19.187521,19.912823,0.659365,744
2023-05-31,565322,8475517,19.912823,19.978759,19.649077,19.715013,-0.19781,295
2023-06-01,620047,9399525,19.78095,20.176569,19.649077,20.044696,0.329683,367
2023-06-02,639803,9697196,20.044696,20.110633,19.78095,19.978759,-0.065937,327
2023-06-05,533941,8091850,20.242506,20.242506,19.78095,20.044696,0.065937,268
2023-06-06,680620,10203386,20.110633,20.110633,19.517204,19.583141,-0.461555,380
2023-06-07,451633,6754359,19.583141,19.846886,19.517204,19.78095,0.197809,260
2023-06-08,498162,7363637,19.649077,19.78095,19.385331,19.385331,-0.395619,304
2023-06-09,528301,7768452,19.385331,19.649077,19.253458,19.319394,-0.065937,338
2023-06-12,740928,10714906,19.319394,19.451267,18.923776,18.989712,-0.329682,440
2023-06-13,614847,8844214,19.055649,19.187521,18.791902,18.989712,0.0,349
2023-06-14,773049,11043779,18.923776,19.121585,18.660029,18.660029,-0.329683,449
2023-06-15,722832,10235439,18.725966,18.791902,18.594093,18.660029,0.0,362
2023-06-16,627261,8992110,18.791902,19.055649,18.660029,18.989712,0.329683,325
2023-06-19,497546,7180321,18.989712,19.187521,18.923776,19.187521,0.197809,285
2023-06-20,646168,9258999,19.187521,19.187521,18.791902,18.923776,-0.263745,269
2023-06-21,552130,7975548,18.923776,19.121585,18.923776,19.121585,0.197809,302
2023-06-26,547213,7783982,18.725966,18.923776,18.594093,18.660029,-0.461556,294
2023-06-27,607705,8589421,18.660029,18.923776,18.528156,18.528156,-0.131873,300
2023-06-28,659224,9260635,18.857839,18.857839,18.396284,18.528156,0.0,363
2023-06-29,639453,8993207,18.660029,18.791902,18.46222,18.660029,0.131873,263
2023-06-30,398114,5584800,18.660029,18.660029,18.46222,18.46222,-0.197809,213
2023-07-03,828889,11447997,18.594093,18.594093,18.066601,18.132537,-0.329683,562
2023-07-04,1354733,18178360,18.000664,18.132537,17.407236,17.802855,-0.329682,778
2023-07-05,530585,7098286,17.802855,17.802855,17.539109,17.670982,-0.131873,325
2023-07-06,638804,8558053,17.670982,17.802855,17.473172,17.539109,-0.131873,341
2023-07-07,466663,6132975,17.539109,17.670982,17.209427,17.275363,-0.263746,298
2023-07-10,741846,10017097,17.275363,18.198474,17.275363,17.802855,0.527492,404
2023-07-11,366646,4939586,18.000664,18.066601,17.539109,17.539109,-0.263746,244
2023-07-12,447089,5902920,17.539109,17.539109,17.275363,17.341299,-0.19781,250
2023-07-13,980259,12683847,17.341299,17.605045,16.813807,16.813807,-0.527492,581
2023-07-14,1852684,22689005,16.813807,16.813807,15.956633,16.154442,-0.659365,1051
2023-07-17,1639291,21427195,16.088506,17.736919,16.088506,17.736919,1.582477,849
2023-07-18,4443263,64795128,18.857839,19.451267,18.594093,19.451267,1.714348,2079
2023-07-19,5247381,80816755,21.09968,21.09968,19.517204,19.715013,0.263746,2632
2023-07-20,1713153,24312367,19.319394,19.319394,18.46222,18.791902,-0.923111,1091
2023-07-21,979480,13814547,18.46222,19.319394,17.868792,19.055649,0.263747,598
2023-07-24,1007752,14581801,19.715013,19.715013,18.528156,18.528156,-0.527493,621
2023-07-25,632639,8939357,18.528156,18.857839,18.528156,18.660029,0.131873,332
2023-07-26,545646,7710160,18.528156,18.989712,18.46222,18.528156,-0.131873,319
2023-07-27,508740,7168616,18.594093,18.725966,18.46222,18.660029,0.131873,302
2023-07-28,465587,6506645,18.660029,18.660029,18.330347,18.46222,-0.197809,317
2023-07-31,653437,9072911,18.264411,18.46222,18.198474,18.330347,-0.131873,370
2023-08-01,555287,7606160,18.132537,18.396284,17.934727,18.000664,-0.329683,357
2023-08-02,539274,7418450,18.000664,18.46222,18.000664,18.066601,0.065937,276
2023-08-04,264812,3654962,18.066601,18.396284,18.000664,18.330347,0.263746,199
2023-08-07,334538,4633943,18.396284,18.528156,18.132537,18.198474,-0.131873,168
2023-08-08,283749,3873010,18.330347,18.330347,17.934727,17.934727,-0.263747,178
2023-08-09,232674,3168043,17.934727,18.132537,17.802855,17.802855,-0.131872,157
2023-08-10,419356,5529619,17.802855,17.802855,17.209427,17.275363,-0.527492,271
2023-08-11,462944,6021308,17.341299,17.341299,17.011617,17.077554,-0.197809,239
2023-08-14,456865,5746852,17.077554,17.077554,16.352252,16.418188,-0.659366,319
2023-08-15,399342,4995266,16.484125,16.747871,16.286315,16.352252,-0.065936,276
2023-08-16,603428,7384029,16.352252,16.352252,16.02257,16.088506,-0.263746,279
2023-08-17,612380,8140420,16.220379,17.670982,16.220379,17.670982,1.582476,343
2023-08-18,1862409,25941923,18.000664,18.725966,18.000664,18.198474,0.527492,993
2023-08-21,605899,8106015,17.802855,18.132537,17.473172,17.605045,-0.593429,369
2023-08-22,370504,4860351,17.736919,17.736919,17.14349,17.275363,-0.329682,217
2023-08-23,324965,4256266,17.275363,17.539109,17.14349,17.14349,-0.131873,218
2023-08-24,341196,4497961,17.14349,17.670982,17.077554,17.605045,0.461555,205
2023-08-25,214524,2831970,17.605045,17.605045,17.275363,17.539109,-0.065936,137
2023-08-28,174622,2286225,17.407236,17.473172,17.14349,17.341299,-0.19781,141
2023-08-29,300162,4048530,17.341299,18.066601,17.209427,17.802855,0.461556,241
2023-08-30,265545,3633795,18.132537,18.198474,17.934727,18.066601,0.263746,197
2023-08-31,2093285,30705146,18.132537,19.846886,18.132537,19.253458,1.186857,1051
2023-09-01,1261465,18048828,18.594093,19.583141,18.198474,18.791902,-0.461556,630
2023-09-04,1890183,27851269,18.791902,19.912823,18.594093,19.78095,0.989048,969
2023-09-05,2502620,37810937,19.649077,20.308442,19.517204,20.242506,0.461556,1154
2023-09-06,4482308,71715369,20.572188,21.759045,20.242506,21.165616,0.92311,2140
2023-09-07,2147841,33791994,21.033743,21.29749,20.308442,20.572188,-0.593428,1198
2023-09-08,962019,15000316,20.638124,21.033743,20.374378,20.440315,-0.131873,608
2023-09-11,1506220,22165621,20.374378,20.374378,18.857839,18.923776,-1.516539,1007
2023-09-12,818037,11684630,19.187521,19.385331,18.528156,18.594093,-0.329683,639
2023-09-13,478961,6832835,18.791902,19.055649,18.594093,18.923776,0.329683,387
2023-09-14,424310,6115751,19.187521,19.253458,18.857839,19.121585,0.197809,299
2023-09-15,818134,11549980,19.121585,19.121585,18.396284,18.528156,-0.593429,550
2023-09-18,453713,6472100,18.396284,19.121585,18.132537,18.989712,0.461556,365
2023-09-19,402364,5779213,19.121585,19.385331,18.725966,18.791902,-0.19781,319
2023-09-20,725168,10485428,19.055649,19.451267,18.791902,18.857839,0.065937,459
2023-09-21,319884,4541149,18.725966,18.989712,18.528156,18.923776,0.065937,252
2023-09-22,2421707,36369354,18.989712,20.374378,18.725966,20.044696,1.12092,1159
2023-09-25,1713194,26062207,20.176569,20.769998,19.451267,19.583141,-0.461555,1045
2023-09-26,835792,12045478,18.923776,19.517204,18.857839,18.857839,-0.725302,608
2023-09-27,1009320,14114132,18.791902,18.791902,18.264411,18.396284,-0.461555,631
2023-09-28,556020,7749280,18.46222,18.660029,18.198474,18.330347,-0.065937,388
2023-10-02,667991,9198823,18.264411,18.330347,17.934727,18.000664,-0.329683,544
2023-10-03,510291,7070550,18.198474,18.46222,17.868792,18.264411,0.263747,334
2023-10-04,480312,6646993,18.000664,18.660029,17.868792,18.264411,0.0,407
2023-10-05,355549,4903859,18.264411,18.396284,18.066601,18.198474,-0.065937,316
2023-10-06,660080,9252366,18.198474,18.923776,18.198474,18.330347,0.131873,391
2023-10-11,671444,9043153,18.198474,18.264411,17.407236,17.605045,-0.725302,564
2023-10-12,1242357,16245662,17.605045,17.605045,17.077554,17.077554,-0.527491,960
2023-10-13,675987,8861584,17.077554,17.539109,17.077554,17.341299,0.263745,681
2023-10-23,860400,16042309,16.891427,16.891427,15.618204,15.787967,-1.553332,1016
2023-10-24,567415,10268650,15.787967,15.787967,15.151356,15.193796,-0.594171,1422
2023-10-25,286935,5239259,15.321119,15.618204,15.321119,15.533323,0.339527,538
2023-10-26,258469,4643147,15.321119,15.406,15.151356,15.193796,-0.339527,447
2023-10-27,159413,2850117,15.193796,15.321119,15.066474,15.108915,-0.084881,345
2023-10-30,559801,9616050,15.108915,15.108915,14.387422,14.472303,-0.636612,745
2023-10-31,367491,6187851,14.514744,14.642066,14.005455,14.005455,-0.466848,612
2023-11-01,285710,4775748,14.344981,14.344981,14.005455,14.175218,0.169763,385
2023-11-02,343730,5940669,14.175218,14.981592,14.175218,14.642066,0.466848,563
2023-11-03,230356,3922853,14.642066,14.726948,14.387422,14.429862,-0.212204,406
2023-11-06,179078,3067430,14.599626,14.642066,14.514744,14.599626,0.169764,435
2023-11-07,127833,2193356,14.599626,14.684507,14.514744,14.514744,-0.084882,194
2023-11-08,141503,2412202,14.30254,14.599626,14.30254,14.429862,-0.084882,168
2023-11-09,200914,3408954,14.429862,14.514744,14.30254,14.344981,-0.084881,211
2023-11-10,234094,3993675,14.387422,14.684507,14.30254,14.557185,0.212204,331
2023-11-13,542887,9175027,14.429862,14.85427,13.963014,14.175218,-0.381967,697
2023-11-14,283550,4811132,14.217659,14.514744,14.217659,14.344981,0.169763,280
2023-11-15,1617348,29333239,14.429862,15.745526,14.429862,15.745526,1.400545,1021
2023-11-16,1651617,30882560,15.745526,16.424579,15.490882,15.745526,0.0,1247
2023-11-17,2517646,50656857,15.745526,17.315835,15.703086,17.315835,1.570309,1862
2023-11-20,3709414,81136221,17.443157,19.013466,17.400716,19.013466,1.697631,2960
2023-11-21,4141668,96564842,19.183229,20.541334,19.013466,19.395433,0.381967,3117
2023-11-22,1584034,35416547,19.395433,19.395433,18.758821,18.843703,-0.55173,1052
2023-11-23,1367139,30930919,19.098347,19.692518,18.928584,19.098347,0.254644,991
2023-11-24,1071951,23551949,18.843703,19.098347,18.461736,18.504177,-0.59417,848
2023-11-27,853432,18940617,18.758821,19.140788,18.504177,18.801262,0.297085,698
2023-11-28,722678,16158243,18.801262,19.352992,18.801262,18.843703,0.042441,444
2023-11-29,1567121,36528700,18.886143,20.286689,18.886143,19.862281,1.018578,1219
2023-11-30,1089664,25748891,19.692518,20.244248,19.692518,20.116926,0.254645,701
2023-12-01,624853,14592941,20.116926,20.116926,19.692518,19.947163,-0.169763,796
2023-12-04,762960,17991386,19.947163,20.244248,19.862281,19.904722,-0.042441,504
2023-12-05,737696,17135313,19.522755,20.116926,19.522755,19.565196,-0.339526,573
2023-12-06,539379,12403180,19.480314,19.81984,19.395433,19.395433,-0.169763,589
2023-12-07,899378,21029698,19.310551,20.371571,19.22567,19.989604,0.594171,646
2023-12-08,585019,13698955,20.159367,20.159367,19.692518,19.862281,-0.127323,381
2023-12-11,614181,14454168,19.607637,20.244248,19.565196,20.159367,0.297086,484
2023-12-12,483812,11347027,20.116926,20.201807,19.650077,19.650077,-0.50929,431
2023-12-13,905890,20709853,19.650077,19.7774,19.22567,19.26811,-0.381967,725
2023-12-14,729591,17005678,19.522755,20.074485,19.522755,19.862281,0.594171,537
2023-12-15,2945212,73236915,19.862281,21.644794,19.692518,21.644794,1.782513,2226
2023-12-18,1346423,33289211,21.98432,21.98432,20.583774,20.668656,-0.976138,1393
2023-12-19,1328073,31407283,20.498893,20.965741,19.607637,19.607637,-1.061019,1393
2023-12-20,385555,9051967,19.947163,20.032044,19.7774,20.032044,0.424407,411
2023-12-21,440491,10313612,19.989604,20.201807,19.692518,19.947163,-0.084881,324
2023-12-22,370213,8695492,19.947163,20.244248,19.7774,19.989604,0.042441,396
2023-12-25,851726,20623522,20.074485,21.008182,20.074485,20.541334,0.55173,636
2023-12-26,592096,14393375,20.541334,20.838419,20.498893,20.668656,0.127322,437
2023-12-27,713986,17670095,20.753537,21.347708,20.711097,20.795978,0.127322,694
2023-12-28,439158,10631986,20.711097,20.753537,20.456452,20.541334,-0.254644,371
2023-12-29,309664,7525915,20.668656,20.923301,20.414011,20.668656,0.127322,283
2024-01-02,313985,7548618,20.626215,20.626215,20.32913,20.414011,-0.254645,266
2024-01-03,355279,8460836,20.244248,20.498893,20.074485,20.159367,-0.254644,495
2024-01-04,421941,9949689,19.7774,20.32913,19.7774,20.032044,-0.127323,366
2024-01-05,478002,11384286,20.032044,20.668656,19.81984,20.159367,0.127323,336
2024-01-08,528544,12621679,19.904722,20.753537,19.904722,20.541334,0.381967,452
2024-01-09,422280,10077668,20.541334,20.668656,20.116926,20.244248,-0.297086,309
2024-01-10,391290,9221656,20.201807,20.201807,19.904722,19.904722,-0.339526,280
2024-01-11,825508,20000125,20.074485,20.88086,20.074485,20.541334,0.636612,638
2024-01-12,452042,10869545,20.541334,20.668656,20.201807,20.201807,-0.339527,385
2024-01-15,3585501,92537183,20.668656,22.196524,20.286689,22.196524,1.994717,2082
2024-01-16,5227363,141139456,21.98432,23.766832,21.602353,23.766832,1.570308,3224
2024-01-17,2911652,77885099,23.597069,23.597069,22.196524,22.705813,-1.061019,2516
2024-01-18,2718360,75180420,22.705813,24.445885,22.281405,23.384865,0.679052,2056
2024-01-19,2294578,60758814,22.493609,23.172661,22.154083,22.154083,-1.230782,2086
2024-01-22,956195,25673398,22.578491,23.172661,22.238964,22.620931,0.466848,833
2024-01-23,5747853,166235116,22.620931,24.870292,22.620931,24.870292,2.249361,3070
2024-01-24,7096011,219970038,24.912733,27.162094,24.912733,26.907449,2.037157,4630
2024-01-25,4644237,140458303,26.94989,26.94989,25.337141,25.337141,-1.570308,4197
2024-01-26,1650604,49299247,25.337141,25.719108,25.040055,25.464463,0.127322,1473
2024-01-29,1567735,46399748,25.931312,25.931312,24.361003,25.506904,0.042441,1228
2024-01-30,1266468,37733516,25.634226,25.634226,25.040055,25.124937,-0.381967,1093
2024-01-31,1220999,35929909,25.422022,25.761549,24.74297,24.785411,-0.339526,1325
2024-02-01,1438358,41303189,24.658088,25.209819,24.063918,24.063918,-0.721493,1794
2024-02-02,1075299,30385287,24.403444,24.403444,23.809273,23.809273,-0.254645,1179
2024-02-05,1278821,34988750,23.724391,23.766832,22.918017,23.215102,-0.594171,1148
2024-02-15,1423740,40823927,23.469747,24.997615,23.469747,24.573207,1.358105,1199
2024-02-16,847737,24567895,24.573207,24.912733,24.063918,24.573207,0.0,778
2024-02-19,1863039,55785557,24.445885,25.888871,24.445885,25.422022,0.848815,1315
2024-02-20,1958522,58414850,25.464463,25.719108,24.785411,25.464463,0.042441,1516
2024-02-21,1760092,53261550,25.379582,26.313279,25.209819,25.803989,0.339526,1233
2024-02-22,1250062,37346810,25.888871,25.888871,24.955174,24.955174,-0.848815,1299
2024-02-23,838379,24479116,24.997615,25.167378,24.615648,24.615648,-0.339526,904
2024-02-26,1113610,33247033,24.870292,25.634226,24.827852,25.252259,0.636611,911
2024-02-27,1980349,56272869,25.464463,25.506904,23.045339,23.597069,-1.65519,2540
2024-02-29,712297,19594029,23.597069,23.724391,22.960458,23.427306,-0.169763,934
2024-03-01,652152,17889870,23.512188,23.681951,23.08778,23.215102,-0.212204,653
2024-03-04,866091,23919982,23.215102,23.851714,23.08778,23.384865,0.169763,768
2024-03-05,724064,20183318,23.427306,24.021477,23.384865,23.469747,0.084882,689
2024-03-06,4282924,108107963,22.366287,22.408728,21.135504,21.305267,-2.16448,3154
2024-03-07,1519657,38992644,21.559912,22.281405,21.43259,21.856998,0.551731,1898
2024-03-08,944207,23687450,21.559912,21.814557,20.923301,21.093064,-0.763934,1447
2024-03-11,921563,22582489,20.923301,21.093064,20.498893,20.795978,-0.297086,1214
2024-03-12,737753,18339694,20.88086,21.475031,20.88086,21.220386,0.424408,822
2024-03-13,640854,15793044,21.475031,21.644794,20.711097,20.923301,-0.297085,701
2024-03-14,833475,20721331,20.795978,21.347708,20.795978,21.347708,0.424407,717
2024-03-15,765339,19456450,21.559912,21.814557,21.305267,21.517471,0.169763,767
2024-03-18,545487,13653616,21.517471,21.517471,21.093064,21.177945,-0.339526,798
2024-03-19,455866,11346144,21.644794,21.644794,20.965741,21.050623,-0.127322,659
2024-03-20,729685,17765630,20.965741,20.965741,20.414011,20.456452,-0.594171,1191
2024-03-21,480939,11593451,20.541334,20.668656,20.371571,20.456452,0.0,775
2024-03-22,599256,14425092,20.456452,20.626215,20.159367,20.456452,0.0,633
2024-03-25,391896,9528620,20.795978,20.838419,20.456452,20.711097,0.254645,887
2024-03-26,783327,18761591,21.008182,21.008182,20.032044,20.116926,-0.594171,1501
2024-03-27,616368,14717990,20.116926,20.541334,19.947163,20.201807,0.084881,618
2024-03-28,2079643,53240035,20.116926,22.196524,20.116926,22.196524,1.994717,1304
2024-03-29,2243361,57972052,22.238964,22.705813,21.475031,21.517471,-0.679053,1841
2024-04-01,744636,18574484,21.135504,21.390149,20.923301,21.305267,-0.212204,653
2024-04-02,391070,9831779,21.602353,21.602353,21.262827,21.305267,0.0,387
2024-04-03,383423,9450226,21.305267,21.305267,20.795978,20.795978,-0.509289,534
2024-04-08,314031,7637338,20.668656,20.795978,20.498893,20.668656,-0.127322,331
2024-04-09,597356,14898395,21.050623,21.644794,20.923301,21.050623,0.381967,612
2024-04-10,1420025,36464070,21.220386,22.154083,21.135504,21.772116,0.721493,1035
2024-04-11,746072,18848257,22.069201,22.154083,21.177945,21.262827,-0.509289,497
2024-04-12,481834,12069209,21.305267,21.517471,21.093064,21.262827,0.0,388
2024-04-15,555121,13637088,21.220386,21.220386,20.711097,20.711097,-0.55173,397
2024-04-16,705698,16822164,20.668656,20.668656,20.074485,20.116926,-0.594171,603
2024-04-17,423120,10151447,20.032044,20.583774,20.032044,20.456452,0.339526,310
2024-04-18,197777,4742696,20.371571,20.456452,20.201807,20.286689,-0.169763,189
2024-04-19,773681,17812682,20.159367,20.159367,19.098347,19.395433,-0.891256,683
2024-04-22,442685,10238525,19.395433,19.904722,19.26811,19.607637,0.212204,292
2024-04-23,318640,7356604,19.7774,19.81984,19.395433,19.692518,0.084881,239
2024-04-24,365538,8434767,19.7774,19.947163,19.395433,19.734959,0.042441,389
2024-04-25,318599,7321680,19.395433,19.692518,19.352992,19.352992,-0.381967,300
2024-04-26,234377,5343730,19.480314,19.522755,19.26811,19.310551,-0.042441,264
2024-04-29,407909,9408884,19.352992,19.81984,19.352992,19.692518,0.381967,376
2024-04-30,711351,16658017,19.692518,20.116926,19.522755,20.032044,0.339526,354
2024-05-02,202445,4708651,20.032044,20.032044,19.565196,19.81984,-0.212204,315
2024-05-03,217365,5082887,19.81984,20.201807,19.650077,19.692518,-0.127322,374
2024-05-06,205875,4829966,19.692518,20.116926,19.607637,19.989604,0.297086,217
2024-05-07,337971,8090482,20.032044,20.711097,20.032044,20.201807,0.212203,278
2024-05-08,700395,17169108,20.244248,21.220386,20.201807,20.795978,0.594171,430
2024-05-09,374109,9121232,20.626215,20.965741,20.541334,20.541334,-0.254644,296
2024-05-10,213143,5137711,20.541334,20.795978,20.244248,20.32913,-0.212204,237
2024-05-13,250905,5911058,20.32913,20.32913,19.7774,19.989604,-0.339526,236
2024-05-14,141701,3360244,20.583774,20.583774,19.947163,20.032044,0.04244,204
2024-05-15,192602,4548154,20.032044,20.32913,19.904722,19.904722,-0.127322,164
2024-05-16,275825,6565700,20.201807,20.371571,19.904722,20.371571,0.466849,244
2024-05-17,356883,8595133,20.371571,20.626215,20.116926,20.498893,0.127322,274
2024-05-20,417637,10184686,20.626215,20.838419,20.498893,20.795978,0.297085,298
2024-05-21,492081,12077486,20.838419,21.093064,20.541334,20.795978,0.0,346
2024-05-22,714658,17659003,20.795978,21.220386,20.498893,21.220386,0.424408,516
2024-05-23,1651965,42459127,21.177945,22.663372,21.050623,21.644794,0.424408,1830
2024-05-24,650766,16190997,21.347708,21.559912,20.88086,21.262827,-0.381967,798
2024-05-27,1157996,30001360,21.305267,22.281405,21.305267,22.154083,0.891256,1071
2024-05-28,1492089,37909724,23.053644,23.143347,22.470575,22.649981,0.495898,2279
2024-05-29,1270383,32949502,22.829387,23.86097,22.739684,22.963941,0.31396,1165
2024-05-30,615232,15489067,22.784536,23.053644,22.380872,22.60513,-0.358811,633
2024-05-31,444954,11148617,22.739684,22.739684,22.336021,22.425724,-0.179406,317
2024-06-03,350944,8735875,22.380872,22.470575,22.201467,22.380872,-0.044852,397
2024-06-04,963163,23345272,22.470575,22.694833,21.349289,21.349289,-1.031583,1078
2024-06-05,975434,23140926,21.125032,21.483844,20.990478,21.349289,0.0,693
2024-06-06,806674,19309991,21.438992,22.022061,21.214735,21.394141,0.044852,493
2024-06-07,1240818,29972058,21.483844,22.066912,21.349289,21.977209,0.583068,750
2024-06-11,890065,21777250,22.022061,22.470575,21.528695,21.618398,-0.358811,598
2024-06-12,800490,19508840,21.528695,22.066912,21.438992,21.977209,0.358811,558
2024-06-13,542673,13259266,21.977209,22.156615,21.752952,21.842655,-0.134554,433
2024-06-14,2695668,70774962,21.842655,23.995525,21.752952,23.995525,2.15287,1452
2024-06-17,5340763,152952021,24.757999,26.238097,24.713148,25.968988,1.973463,3746
2024-06-18,2723633,77013832,25.968988,25.968988,25.027108,25.206514,-0.762474,2398
2024-06-19,1978057,54044619,25.565325,25.565325,23.771267,23.816119,-1.390395,2303
2024-06-20,1519387,41329252,23.995525,24.757999,23.995525,24.488891,0.672772,1008
2024-06-21,1342856,35919043,24.488891,24.488891,23.636713,24.399188,-0.089703,1417
2024-06-24,11759619,339849218,23.636713,26.821166,23.367604,26.731463,2.332275,6857
2024-06-25,9797316,295146153,26.507206,28.256412,25.565325,27.538789,0.807326,5899
2024-06-26,12542589,401938428,27.628492,29.781361,27.538789,29.601956,2.063167,7267
2024-06-27,5830312,186456218,29.42255,29.42255,28.166709,28.211561,-1.390395,5932
2024-06-28,6966029,220513402,28.301264,29.646807,27.673343,27.718195,-0.493366,5762
2024-07-01,4233197,128238568,27.000572,27.718195,26.910869,27.224829,-0.493366,3117
2024-07-02,2931847,90129212,27.807898,28.032155,27.179977,27.493938,0.269109,2029
2024-07-03,2307215,71196007,27.179977,28.121858,27.135126,27.673343,0.179405,1365
2024-07-04,4236152,129956838,27.807898,28.480669,26.910869,27.359383,-0.31396,3353
2024-07-05,4847997,153895755,27.718195,29.332847,27.673343,28.704927,1.345544,2960
2024-07-08,3420940,108295416,28.704927,29.377698,27.807898,28.480669,-0.224258,2487
2024-07-09,8209595,239072888,27.314532,27.359383,25.655028,27.090275,-1.390394,5980
2024-07-10,2551403,76446865,26.731463,27.538789,26.103543,26.910869,-0.179406,1944
2024-07-11,2625562,80242501,26.776314,28.077006,26.776314,27.359383,0.448514,1549
2024-07-12,1837854,55104714,27.26968,27.58364,26.552057,26.910869,-0.448514,1764
2024-07-15,1670963,49948166,27.000572,27.493938,26.417503,26.821166,-0.089703,915
2024-07-16,2638684,80204756,28.390966,28.390966,26.64176,26.910869,0.089703,1708
2024-07-17,2821813,86003784,27.224829,27.852749,26.776314,26.821166,-0.089703,1411
2024-07-18,2554799,74882661,26.103543,27.179977,25.834434,27.000572,0.179406,2096
2024-07-19,7547886,207495767,26.372651,26.372651,24.309485,24.309485,-2.691087,8002
2024-07-22,3470528,88918948,24.219782,24.219782,22.470575,22.963941,-1.345544,2567
2024-07-23,1198807,30665244,23.322753,23.412456,22.515427,22.694833,-0.269108,1717
2024-07-26,924037,22891300,21.797804,22.560278,21.663249,22.425724,-0.269109,613
2024-07-29,1271203,31110756,22.425724,22.60513,21.528695,21.842655,-0.583069,1015
2024-07-30,708949,17434328,21.663249,22.425724,21.663249,22.29117,0.448515,510
2024-07-31,631298,15812941,22.29117,22.784536,22.156615,22.60513,0.31396,393
2024-08-01,800276,20408768,22.694833,23.098496,22.694833,23.008793,0.403663,527
2024-08-02,895695,22454811,22.694833,22.829387,22.156615,22.29117,-0.717623,729
2024-08-05,1889857,42736608,21.259586,21.349289,20.093449,20.093449,-2.197721,1689
2024-08-06,1776688,37580103,20.093449,20.541963,18.209688,19.106717,-0.986732,1551
2024-08-07,818959,18237826,19.017014,20.407409,18.792757,20.048597,0.94188,703
2024-08-08,561849,12219146,19.19642,19.779489,19.19642,19.465528,-0.583069,600
2024-08-09,1054617,23170750,19.869191,20.093449,19.465528,19.600083,0.134555,676
2024-08-12,625148,13951258,19.82434,20.317706,19.734637,19.869191,0.269108,430
2024-08-13,703844,15403815,19.914043,19.958894,19.420677,19.600083,-0.269108,668
2024-08-14,801109,17713220,19.914043,20.093449,19.644934,19.779489,0.179406,482
2024-08-15,801064,17606737,19.779489,19.914043,19.465528,19.689786,-0.089703,534
2024-08-16,965343,21685665,19.914043,20.497112,19.914043,20.1383,0.448514,586
2024-08-19,443915,9942801,20.183152,20.272854,19.82434,20.183152,0.044852,299
2024-08-20,569679,12828882,20.183152,20.317706,20.093449,20.1383,-0.044852,352
2024-08-21,837001,18950471,20.183152,20.990478,19.779489,20.45226,0.31396,661
2024-08-22,3288015,77114105,21.259586,21.977209,20.003746,20.76622,0.31396,2211
2024-08-23,8810965,219343145,21.035329,22.829387,20.362557,22.829387,2.063167,3462
2024-08-26,2870195,80221882,25.071959,25.071959,25.071959,25.071959,2.242572,1088
2024-08-27,24597126,697224213,25.296217,26.731463,24.578593,25.116811,0.044852,13877
2024-08-28,21306749,640446982,25.251365,27.628492,25.206514,27.628492,2.511681,11077
2024-08-29,22866299,699417954,27.58364,28.525521,26.64176,26.95572,-0.672772,12215
2024-08-30,11763436,384038533,27.449086,29.646807,27.359383,29.646807,2.691087,4794
2024-09-02,30199823,985495045,30.498985,30.768093,27.942452,27.942452,-1.704355,14182
2024-09-03,24828884,775418610,28.077006,29.467401,27.090275,27.179977,-0.762475,13672
2024-09-04,10357985,297955586,26.058691,26.776314,25.027108,25.206514,-1.973463,6651
2024-09-05,10069899,293140158,26.148394,27.000572,25.341068,25.834434,0.62792,6153
2024-09-06,5236067,151507416,25.924137,26.821166,25.385919,25.385919,-0.448515,3671
2024-09-09,2889969,80936542,24.892554,25.565325,24.713148,25.071959,-0.31396,2006
2024-09-10,7634582,217007121,25.968988,26.372651,24.533742,25.116811,0.044852,5453
2024-09-11,2792263,77512199,25.027108,25.520474,24.488891,24.488891,-0.62792,1920
2024-09-12,6432582,186452642,25.071959,26.866017,24.847702,26.282948,1.794057,3976
2024-09-13,17037609,519781166,26.64176,28.390966,25.879285,27.673343,1.390395,9912
2024-09-16,10294392,318959722,28.211561,28.525521,27.404235,27.628492,-0.044851,6308
2024-09-18,6418811,196399713,27.807898,28.121858,26.731463,26.95572,-0.672772,4207
2024-09-19,5673217,174330200,27.26968,28.301264,26.776314,27.58364,0.62792,3350
2024-09-20,20734723,658982292,27.852749,29.10859,27.58364,27.987303,0.403663,12086
2024-09-23,30805185,1028897752,28.256412,30.768093,27.673343,30.768093,2.78079,13697
2024-09-24,76570072,2758417108,31.396014,33.817992,30.140173,30.274727,-0.493366,39284
2024-09-25,29112487,1009703580,30.768093,32.248191,30.319579,31.037202,0.762475,19287
2024-09-26,42026531,1523016297,30.99235,33.862843,30.857796,32.248191,1.210989,23316
2024-09-27,39949842,1462922013,33.369477,33.728289,31.844528,32.651854,0.403663,21863
2024-09-30,11758100,414958971,32.20334,32.651854,31.037202,31.396014,-1.25584,8621
2024-10-01,14842124,524684572,31.261459,32.965814,30.498985,32.83126,1.435246,9117
2024-10-04,11164448,397917099,32.427597,32.696705,31.396014,31.396014,-1.435246,6675
2024-10-07,26998023,1015669331,31.754825,34.535615,31.754825,34.535615,3.139601,12181
2024-10-08,62927786,2437736069,35.253238,36.060564,33.638586,34.401061,-0.134554,32906
2024-10-09,19815431,823035999,35.61205,37.809771,35.61205,37.809771,3.40871,8080
2024-10-11,106943088,4655413098,39.245017,40.994223,36.015713,36.329673,-1.480098,53004
2024-10-14,52722375,2260825627,37.316405,39.96264,36.55393,39.96264,3.632967,25468
2024-10-15,82925950,3761290356,41.083926,41.936104,39.289868,39.693531,-0.269109,44025
2024-10-16,66641865,3058587711,39.693531,42.608875,38.886205,40.814818,1.121287,38435
2024-10-17,33851541,1542545242,41.263332,42.11551,40.007491,41.263332,0.448514,20663
2024-10-18,29884681,1318531869,41.801549,41.891252,37.764919,38.7068,-2.556532,17850
2024-10-21,49914015,2273302603,39.289868,42.339767,39.245017,40.052343,1.345543,26259
2024-10-22,18900868,841417208,39.783234,40.814818,39.02076,39.828086,-0.224257,11689
2024-10-23,11473056,506529036,39.828086,40.411155,39.110463,39.917789,0.089703,6979
2024-10-24,14500511,624032720,39.872937,39.872937,37.809771,37.899473,-2.018316,8849
2024-10-25,19506074,833404677,38.258285,40.231749,37.002444,37.047296,-0.852177,11229
2024-10-28,16131997,642917301,36.329673,37.226702,34.804724,35.432644,-1.614652,8917
2024-10-29,11819332,465858181,35.881158,36.150267,34.849575,35.253238,-0.179406,7350
2024-10-30,12311074,487274502,35.253238,36.464227,34.759872,34.939278,-0.31396,8500
2024-11-01,8381345,326802377,34.490763,35.656901,34.176803,34.984129,0.044851,5537
2024-11-04,6642861,254580181,34.849575,34.984129,33.952546,34.0871,-0.897029,4459
2024-11-05,17535457,692197100,33.77314,36.329673,33.77314,35.208387,1.121287,9781
2024-11-06,22036832,881512208,35.522347,37.002444,35.073832,35.208387,0.0,12705
2024-11-07,17196362,693212351,35.163535,36.86789,35.163535,35.701752,0.493365,9136
2024-11-08,15935324,623346317,36.23997,36.509079,33.952546,34.580466,-1.121286,8560
2024-11-11,13586734,499638236,33.907695,34.580466,32.293042,32.696705,-1.883761,7776
2024-11-12,11865606,434904668,32.562151,33.997397,32.293042,32.337894,-0.358811,6835
2024-11-13,5633470,203652641,32.741557,32.920963,32.023934,32.023934,-0.31396,3097
2024-11-14,16916276,613577993,31.979082,33.638586,31.440865,32.562151,0.538217,9343
2024-11-15,8219531,294230296,32.562151,32.83126,31.665122,31.709974,-0.852177,5301
2024-11-18,7413457,253742771,31.844528,31.844528,30.005619,30.05047,-1.659504,4267
2024-11-19,6408082,219931728,30.498985,31.261459,30.185024,30.768093,0.717623,3845
2024-11-20,4570348,155832249,30.588687,31.216608,30.229876,30.498985,-0.269108,2792
2024-11-21,3012998,101766479,30.274727,30.768093,29.960767,30.140173,-0.358812,2147
2024-11-22,10801220,377172340,30.67839,32.113637,30.588687,31.530568,1.390395,6209
2024-11-25,4799176,167879270,31.306311,31.844528,31.126905,31.216608,-0.31396,3094
2024-11-26,3557827,120829571,30.947499,31.126905,30.005619,30.05047,-1.166138,2515
2024-11-27,6475442,208962355,30.05047,30.185024,28.256412,28.435818,-1.614652,3998
2024-11-28,4339370,135400745,28.390966,28.480669,27.538789,28.077006,-0.358812,2637
2024-11-29,2994710,94995106,27.852749,28.704927,27.807898,28.480669,0.403663,2414
2024-12-02,3449968,111743531,28.749778,29.601956,28.615224,28.929184,0.448515,2417
2024-12-03,3631088,119315824,28.974035,30.005619,28.974035,29.512253,0.583069,2253
2024-12-04,2789668,90763836,29.332847,29.646807,29.018887,29.10859,-0.403663,1735
2024-12-05,2343838,75778486,29.332847,29.512253,28.704927,28.79463,-0.31396,1520
2024-12-06,2049060,65565642,28.525521,29.377698,28.346115,28.435818,-0.358812,1451
2024-12-09,2522809,80792177,28.660075,29.063738,28.435818,28.884332,0.448514,1683
2024-12-10,6142306,202107902,28.704927,30.319579,28.704927,29.10859,0.224258,4165
2024-12-11,2117271,68389990,28.615224,29.512253,28.570372,28.974035,-0.134555,1540
2024-12-12,5532757,183345884,29.10859,30.319579,29.10859,29.377698,0.403663,4049
2024-12-13,3840720,120138205,29.10859,29.10859,27.493938,27.897601,-1.480097,3016
2024-12-16,2708125,83438818,27.628492,28.166709,27.359383,27.404235,-0.493366,1580
2024-12-17,1567442,48160379,27.449086,27.807898,27.314532,27.718195,0.31396,1164
2024-12-18,2664267,83579988,27.628492,28.704927,27.404235,28.525521,0.807326,1747
2024-12-19,1479273,46444022,27.807898,28.480669,27.763046,28.301264,-0.224257,1010
2024-12-20,2414435,76601866,28.301264,28.974035,27.897601,28.166709,-0.134555,1619
2024-12-23,1532599,48916283,28.301264,28.884332,28.301264,28.79463,0.627921,1130
2024-12-24,4974624,161916773,28.974035,30.005619,28.211561,28.211561,-0.583069,3322
2024-12-25,12883199,431144400,28.570372,30.812945,28.570372,30.319579,2.108018,8427
2024-12-26,19980010,692877231,31.261459,31.799677,30.409282,30.902648,0.583069,13148
2024-12-27,5638858,187956800,30.812945,30.812945,29.467401,29.467401,-1.435247,4019
2024-12-30,12161525,420179157,30.005619,31.575419,29.871064,30.723242,1.255841,7954
2024-12-31,4031058,134862104,30.498985,30.723242,29.691658,29.826213,-0.897029,3415
2025-01-02,5270657,173808904,30.095322,30.454133,28.974035,29.601956,-0.224257,3390
2025-01-03,3463970,111893939,29.781361,29.915916,28.435818,28.435818,-1.166138,2576
2025-01-06,6716694,221486768,28.704927,30.498985,27.987303,30.498985,2.063167,4119
2025-01-07,12158301,415309163,30.902648,31.575419,29.826213,30.498985,0.0,8209
2025-01-08,2416585,80582068,29.915916,30.498985,29.691658,29.826213,-0.672772,1883
2025-01-09,11776188,400941817,29.646807,31.261459,29.601956,29.781361,-0.044852,6845
2025-01-10,3954839,128257147,29.512253,29.557104,28.749778,29.018887,-0.762474,3368
2025-01-13,3572888,110423101,28.79463,28.884332,27.135126,27.224829,-1.794058,2662
2025-01-14,4238838,128658016,27.179977,28.032155,26.552057,27.852749,0.62792,3066
2025-01-15,2558755,79698490,27.763046,28.301264,27.58364,28.166709,0.31396,1998
2025-01-16,3221959,102639606,28.839481,29.063738,28.032155,28.211561,0.044852,2511
2025-01-17,1682275,52055869,28.121858,28.390966,27.359383,27.449086,-0.762475,1516
2025-01-20,2015522,62440756,27.26968,28.301264,27.135126,28.032155,0.583069,1472
2025-01-21,1192322,36968911,27.718195,28.166709,27.628492,27.807898,-0.224257,1076
2025-01-22,1907527,59444328,27.538789,28.435818,27.449086,28.211561,0.403663,1507
2025-02-03,1249314,38167532,27.359383,27.807898,27.179977,27.538789,-0.672772,1117
2025-02-04,1140109,35236059,27.718195,28.166709,27.359383,27.807898,0.269109,852
2025-02-05,1296990,40532922,28.077006,28.301264,27.852749,28.077006,0.269108,1018
2025-02-06,2729068,86820471,28.166709,28.974035,27.987303,28.435818,0.358812,2044
2025-02-07,1237117,39219963,28.256412,28.660075,28.211561,28.435818,0.0,1037
2025-02-10,1239601,38995293,28.301264,28.480669,28.077006,28.301264,-0.134554,894
2025-02-11,1211342,38364765,28.435818,28.704927,28.166709,28.525521,0.224257,908
2025-02-12,2145070,68599990,28.525521,29.243144,28.256412,28.346115,-0.179406,1914
2025-02-13,1513481,48547970,28.660075,29.018887,28.615224,28.704927,0.358812,1094
2025-02-14,1356006,43621051,28.974035,29.018887,28.704927,28.839481,0.134554,1268
2025-02-17,1595676,51241672,28.884332,29.287995,28.615224,28.615224,-0.224257,1297
2025-02-18,1906047,61506608,28.79463,29.153441,28.660075,29.063738,0.448514,1382
2025-02-19,26019457,912446573,29.42255,31.934231,29.153441,31.934231,2.870493,14851
2025-02-20,51973045,1922856974,32.5173,34.131952,32.023934,32.607003,0.672772,28652
2025-02-21,12003663,429073436,32.293042,33.190071,31.530568,31.620271,-0.986732,7843
2025-02-24,4347968,153656638,31.306311,32.068785,31.082053,31.665122,0.044851,3229
2025-02-25,16590132,607215670,31.844528,33.593734,31.844528,32.113637,0.448515,10712
2025-02-26,5132039,184537263,32.337894,32.741557,31.844528,32.472448,0.358811,3355
2025-02-27,8122225,292859977,32.741557,33.45918,31.575419,31.799677,-0.672771,5451
2025-03-03,3378658,118871861,31.306311,32.293042,31.306311,31.306311,-0.493366,2217
2025-03-04,5765450,202659324,30.588687,32.83126,29.781361,32.248191,0.94188,3821
2025-03-05,11024163,406430622,32.382745,33.817992,32.068785,32.920963,0.672772,6892
2025-03-06,6599818,242471417,33.638586,33.683437,32.472448,32.651854,-0.269109,4216
2025-03-07,5192378,190598562,33.100369,33.369477,32.607003,33.190071,0.538217,3428
2025-03-10,8730838,324293297,32.920963,34.0871,32.741557,33.279774,0.089703,5670
2025-03-11,5976665,220164064,32.786408,33.45918,32.5173,33.279774,0.0,3591
2025-03-12,17725688,678511285,33.728289,35.208387,33.45918,34.580466,1.300692,10509
2025-03-13,15368963,582926594,34.894426,35.342941,32.83126,33.369477,-1.210989,9311
2025-03-14,5506405,202227239,33.77314,33.862843,32.248191,33.190071,-0.179406,3927
2025-03-17,5081094,186963733,33.548883,33.997397,32.20334,32.20334,-0.986731,3712
2025-03-18,4599184,165997107,32.472448,33.010666,31.575419,32.382745,0.179405,3430
2025-03-19,3411560,124606709,32.562151,33.45918,32.337894,32.965814,0.583069,2297
2025-03-20,5237631,189531426,33.747815,34.443168,33.052462,33.052462,0.086648,5982
2025-03-21,2509988,88625164,33.052462,33.145175,32.496179,32.542536,-0.509926,1766
2025-03-24,4315065,148481622,32.77432,32.867034,31.429971,31.522684,-1.019852,4155
2025-03-25,2217710,76495633,31.615398,32.496179,31.615398,32.03261,0.509926,1719
2025-03-26,1931705,67367558,32.03261,32.867034,31.986253,32.125324,0.092714,1831
2025-03-27,1289509,43979975,31.939896,31.986253,31.198186,31.615398,-0.509926,1185
2025-03-28,2590631,86310473,31.198186,31.754469,30.410119,30.456476,-1.158922,1886
2025-03-31,3797371,117350215,29.065769,29.436624,28.045918,28.231345,-2.225131,2025
2025-04-01,1634413,50416634,28.6022,28.973055,28.138631,28.694914,0.463569,1136
2025-04-02,1460437,45667641,28.741271,29.297554,28.370416,29.251197,0.556283,990
2025-04-07,1360701,38643826,26.330713,26.330713,26.330713,26.330713,-2.920484,606
2025-04-08,6699888,173729024,23.781084,24.661865,23.734727,24.43008,-1.900633,2957
2025-04-09,7435482,189949953,24.43008,25.171791,22.251307,22.853946,-1.576134,3779
2025-04-10,1047037,28344084,25.125434,25.125434,24.383723,25.125434,2.271488,523
2025-04-11,5518023,153439268,25.959858,27.165137,24.661865,26.933352,1.807918,3125
2025-04-14,2789049,84379224,27.814133,28.648557,27.535992,27.535992,0.60264,2006
2025-04-15,2814804,85618642,27.86049,28.880342,27.675063,27.999561,0.463569,2119
2025-04-16,1995394,60630626,27.86049,28.6022,27.814133,27.953204,-0.046357,1712
2025-04-17,1270523,38062210,27.906847,28.184988,27.582349,27.628706,-0.324498,886
2025-04-18,1597227,47540466,27.906847,27.999561,27.026066,27.814133,0.185427,1276
2025-04-21,1669673,49809190,27.999561,28.184988,27.026066,27.026066,-0.788067,1057
2025-04-22,7486810,234778140,26.886995,29.714766,26.794282,29.482981,2.456915,6514
2025-04-23,15670633,506760113,29.714766,30.966402,29.158483,29.158483,-0.324498,8570
2025-04-24,5017593,156256068,29.575695,29.807479,27.86049,28.231345,-0.927138,3319
2025-04-25,3931923,122681696,28.787628,29.436624,28.184988,28.973055,0.74171,2406
2025-04-28,1938830,59957089,28.880342,28.973055,28.370416,28.509487,-0.463568,1177
2025-04-29,2415015,75599908,28.555843,29.436624,28.46313,29.065769,0.556282,1399
2025-04-30,1386648,42878551,29.065769,29.065769,28.416773,28.555843,-0.509926,1130
2025-05-02,1227784,38225329,28.926699,29.112126,28.648557,28.833985,0.278142,904
2025-05-05,6311526,201343421,29.668409,30.317405,29.112126,29.158483,0.324498,3113
2025-05-06,1653472,52013784,29.251197,29.668409,28.833985,28.973055,-0.185428,1293
2025-05-07,2515383,79392172,29.251197,29.714766,28.787628,28.973055,0.0,1490
2025-05-08,2720740,85577704,29.343911,29.622052,28.741271,29.158483,0.185428,1483
2025-05-09,3322521,105050674,29.529338,29.761123,28.973055,29.158483,0.0,1603
2025-05-12,14301922,483621929,29.436624,32.03261,28.880342,32.03261,2.874127,9156
2025-05-13,39575601,1444315265,32.959748,35.045808,32.496179,34.025956,1.993346,21690
2025-05-14,32887480,1275346783,34.11867,37.085511,33.979599,36.621942,2.595986,18923
2025-05-15,19229485,757959410,36.992797,37.224582,35.416663,37.039154,0.417212,10875
2025-05-16,15508425,607519877,37.270939,37.363652,35.231235,35.277592,-1.761562,8058
2025-05-19,19852279,745897969,36.112016,36.158373,33.284246,35.184879,-0.092713,9430
2025-05-20,14202760,517531705,35.370306,35.370306,33.237889,33.237889,-1.94699,9521
2025-05-21,14445860,528970964,33.794172,34.953094,33.469674,33.562387,0.324498,8610
2025-05-22,8014765,288113072,33.794172,34.165027,32.542536,32.63525,-0.927137,4762
2025-05-23,6335526,222131851,31.2909,33.655101,31.2909,33.052462,0.417212,3510
2025-05-26,6073876,208938164,33.284246,33.284246,31.105472,31.569041,-1.483421,3825
2025-05-27,3811509,130938719,31.429971,32.449822,31.337257,31.569041,0.0,2403
2025-05-28,4615095,159209854,31.986253,33.006105,30.873688,31.429971,-0.13907,2577
2025-05-29,5666567,186594567,31.522684,31.800826,30.039264,30.131978,-1.297993,2829
2025-06-02,3961101,124651975,29.761123,29.807479,28.648557,29.390267,-0.741711,2013
2025-06-03,2283658,74075940,29.807479,30.595547,29.482981,30.131978,0.741711,1431
2025-06-04,1785296,58252060,30.734617,30.734617,29.807479,29.853836,-0.278142,1199
2025-06-05,1932738,63421765,29.853836,31.059115,29.853836,30.224691,0.370855,1209
2025-06-06,5062526,173094658,30.224691,32.449822,30.178335,32.218038,1.993347,3066
2025-06-09,2992929,101689429,32.357108,32.449822,30.734617,31.244543,-0.973495,1849
2025-06-10,1924729,65324485,30.734617,31.754469,30.734617,31.476327,0.231784,1093
2025-06-11,2116952,71911443,31.800826,32.218038,30.920045,31.661755,0.185428,1477
2025-06-12,2820016,94009906,31.661755,31.661755,30.502833,30.68826,-0.973495,1846
2025-06-13,1281050,41865463,30.68826,30.68826,30.039264,30.039264,-0.648996,963
2025-06-16,968332,31193634,29.94655,30.085621,29.529338,29.807479,-0.231785,743
2025-06-17,1229627,39533684,30.131978,30.224691,29.529338,29.761123,-0.046356,760
2025-06-18,1490628,47938712,29.761123,30.317405,29.575695,29.853836,0.092713,865
2025-06-19,4083462,126577247,29.853836,29.853836,27.814133,28.741271,-1.112565,2278
2025-06-20,2846887,89535750,28.741271,30.131978,28.045918,29.668409,0.927138,1656
2025-06-23,2491908,76432863,28.833985,29.019412,27.906847,28.833985,-0.834424,1581
2025-06-24,7463859,252291773,29.297554,31.708112,29.297554,31.708112,2.874127,5558
2025-06-25,4674484,156827978,31.244543,31.661755,30.595547,30.595547,-1.112565,2785
2025-06-26,2234608,73948185,30.966402,31.244543,30.410119,30.502833,-0.092714,1349
2025-06-27,1322903,43754038,30.734617,30.966402,30.502833,30.641903,0.13907,839
2025-06-30,2143740,68480961,30.595547,30.595547,29.297554,29.297554,-1.344349,1488
2025-07-01,1307484,41607096,29.390267,29.992907,29.158483,29.158483,-0.139071,934
2025-07-02,584992,18411546,29.158483,29.390267,28.973055,29.112126,-0.046357,532
2025-07-03,988162,31442486,29.529338,29.714766,29.251197,29.251197,0.139071,605
2025-07-04,1520334,47125087,29.343911,29.482981,28.509487,28.509487,-0.74171,1052
2025-07-07,794929,24300403,28.6022,28.694914,27.906847,28.231345,-0.278142,548
2025-07-08,796881,24172168,27.999561,28.370416,27.906847,28.184988,-0.046357,492
2025-07-09,788765,23979735,28.184988,28.509487,28.092275,28.092275,-0.092713,588
2025-07-10,841255,25599155,28.092275,28.694914,27.999561,28.092275,0.0,656
2025-07-11,490929,14900847,27.906847,28.277702,27.906847,28.092275,0.0,390
2025-07-14,543068,16402455,28.138631,28.416773,27.86049,27.906847,-0.185428,429
2025-07-15,515065,15552486,27.814133,28.138631,27.814133,27.906847,0.0,392
2025-07-16,820441,24916649,27.999561,28.324059,27.953204,27.999561,0.092714,528
2025-07-17,731150,22232288,28.138631,28.416773,28.092275,28.092275,0.092714,530
2025-07-18,863636,26136532,28.231345,28.324059,27.86049,27.86049,-0.231785,724
2025-07-21,1411339,42214186,27.906847,28.277702,27.072423,27.814133,-0.046357,1007
2025-07-22,2949735,90434791,27.86049,29.390267,27.396921,28.46313,0.648997,2037
2025-07-23,1410818,43535082,28.648557,29.297554,28.324059,28.509487,0.046357,1238
2025-07-24,965639,30122811,29.251197,29.297554,28.648557,28.880342,0.370855,771
2025-07-25,898950,27625705,28.880342,28.880342,28.324059,28.324059,-0.556283,797
2025-07-28,631516,19557728,28.46313,28.926699,28.46313,28.648557,0.324498,431
2025-07-29,869296,26374041,28.694914,28.694914,27.953204,27.953204,-0.695353,690
2025-07-30,519005,15720544,27.999561,28.277702,27.86049,28.045918,0.092714,448
2025-07-31,661338,20095731,28.184988,28.509487,27.906847,28.045918,0.0,558
2025-08-01,1534465,47412581,27.814133,29.112126,27.396921,28.926699,0.880781,1210
2025-08-04,717472,22228702,28.648557,28.926699,28.46313,28.741271,-0.185428,739
2025-08-05,1214803,38151176,29.20484,29.622052,28.741271,29.20484,0.463569,1118
2025-08-06,770532,23990670,29.297554,29.297554,28.555843,28.555843,-0.648997,936
2025-08-07,509592,15717451,28.787628,29.065769,28.416773,28.416773,-0.13907,440
2025-08-08,1971559,62481146,28.694914,29.900193,28.694914,29.436624,1.019851,1187
2025-08-11,1296245,40421420,29.20484,29.251197,28.46313,28.973055,-0.463569,1005
2025-08-12,802114,25225561,29.20484,29.436624,28.926699,29.112126,0.139071,600
2025-08-13,3003610,97443345,29.158483,30.827331,29.158483,30.224691,1.112565,2092
2025-08-14,2600227,85526735,30.410119,31.337257,30.131978,30.131978,-0.092713,2948
2025-08-15,1756435,57554585,30.502833,30.827331,29.761123,30.641903,0.509925,1319
2025-08-18,5741625,200037984,30.780974,33.191532,30.502833,32.681607,2.039704,3873
2025-08-19,2575615,88233709,32.542536,32.542536,31.244543,31.708112,-0.973495,2949
2025-08-20,1652781,55955072,31.615398,31.800826,30.920045,31.383614,-0.324498,1399
2025-08-21,2902889,101757712,31.986253,33.469674,31.615398,32.63525,1.251636,2302
2025-08-22,14784885,539716357,33.840529,35.045808,31.986253,33.006105,0.370855,9672
2025-08-25,7893781,291041387,34.211384,34.999451,33.516031,33.794172,0.788067,7698
2025-08-26,4193594,152372279,34.11867,34.535882,33.098819,33.284246,-0.509926,4712
2025-08-27,18079506,697574707,33.701458,36.575585,33.516031,36.575585,3.291339,10054
2025-08-28,21710805,850853523,36.94644,37.873578,34.953094,35.694804,-0.880781,15185
2025-08-29,8005633,313107001,36.343801,36.94644,35.694804,36.529228,0.834424,4811
2025-09-01,5726692,223707799,36.529228,36.94644,35.741161,36.019303,-0.509925,3567
2025-09-02,7036258,276892002,36.529228,37.410009,35.184879,36.621942,0.602639,5522
2025-09-03,4319010,169647184,36.343801,37.178225,35.972946,36.575585,-0.046357,2489
2025-09-04,5963205,236463764,36.853727,37.502723,35.972946,35.972946,-0.602639,6293
2025-09-05,2792428,109503398,36.297444,36.900083,35.833875,36.436515,0.463569,2515
2025-09-08,3542350,140067483,36.80737,37.410009,36.251087,36.436515,0.0,3844
2025-09-09,7843438,296751360,35.972946,36.343801,34.350455,34.814023,-1.622492,11041
2025-09-10,3565113,134718478,34.86038,35.509377,34.674953,34.814023,0.0,2601
2025-09-11,3280348,124258063,35.323949,35.741161,34.535882,34.906737,0.092714,2449
2025-09-12,5825828,212581408,35.509377,35.509377,33.052462,33.191532,-1.715205,8988
2025-09-15,1772463,63313332,33.37696,33.747815,32.820677,32.820677,-0.370855,1884
2025-09-16,7922901,299313058,32.820677,36.065659,32.63525,36.065659,3.244982,7520
2025-09-17,9802057,383674726,35.787518,37.085511,35.555734,36.065659,0.0,6700
2025-09-18,18427178,751145461,36.112016,39.217928,36.112016,38.708002,2.642343,13831
2025-09-19,14366247,606269740,38.383504,39.959638,38.29079,38.847073,0.139071,14070
2025-09-22,18226916,804110942,39.913281,41.7212,39.866924,41.257631,2.410558,18370
2025-09-23,22293644,994628022,42.648338,43.390048,39.866924,41.072203,-0.185428,19252
2025-09-24,8768868,377446202,41.072203,41.072203,38.939787,39.588783,-1.48342,12415
2025-09-25,4988699,212197481,39.774211,40.145066,38.754359,39.356999,-0.231784,6880
2025-09-26,4412400,182240973,39.171571,39.171571,37.688151,38.012649,-1.34435,4276
2025-09-30,4245169,178004134,38.522575,39.542426,38.383504,38.522575,0.509926,2777
2025-10-01,12988221,567699825,38.939787,41.628486,38.800716,40.237779,1.715204,12857
2025-10-02,10190884,443529129,40.423207,41.443059,39.866924,40.145066,-0.092713,9448
2025-10-03,6698446,292806346,40.145066,41.11856,39.542426,40.608635,0.463569,4188
2025-10-07,7432726,327669023,41.164917,41.489415,40.237779,41.443059,0.834424,6778
2025-10-08,15984638,728605119,41.674843,42.926479,41.443059,42.833765,1.390706,11088
2025-10-09,11815121,540605449,43.111907,43.158263,41.813914,41.860271,-0.973494,12799
2025-10-13,8691886,367447865,38.337147,40.145066,38.29079,39.449712,-2.410559,8483
2025-10-14,11739152,501685976,40.794062,41.350345,37.827221,37.827221,-1.622491,7690
2025-10-15,6744094,276712357,38.012649,38.986143,37.270939,37.456366,-0.370855,4217
2025-10-16,7889360,314968883,37.456366,37.919935,36.297444,36.80737,-0.648996,4854
2025-10-17,10405525,397686373,36.80737,36.992797,34.582239,34.953094,-1.854276,5473
2025-10-20,3899332,149314540,35.277592,36.112016,34.953094,35.880232,0.927138,2904
2025-10-21,2634388,101604488,36.158373,36.158373,35.46302,35.555734,-0.324498,2329
2025-10-22,3863049,150765265,35.694804,36.621942,35.555734,35.648447,0.092713,2513
2025-10-23,3050993,115186019,35.416663,35.416663,34.767667,34.906737,-0.74171,2682
2025-10-27,1905000,72600923,35.231235,35.602091,34.906737,35.370306,0.463569,1268
2025-10-28,2373095,89253964,35.602091,35.602091,34.628596,34.72131,-0.648996,1753
2025-10-29,2601173,98938993,34.953094,35.694804,34.86038,35.138522,0.417212,1956
2025-10-30,2860304,106485272,35.323949,35.648447,33.979599,34.165027,-0.973495,3162
2025-10-31,1523832,56111277,34.165027,34.443168,33.886886,33.933243,-0.231784,1574
2025-11-03,2354968,88650461,34.11867,35.370306,34.025956,34.767667,0.834424,2046
2025-11-04,1736845,64181247,34.906737,35.138522,33.701458,33.794172,-0.973495,2324
2025-11-05,2204763,80303732,33.006105,34.814023,32.542536,34.257741,0.463569,1653
2025-11-06,5078797,195912371,34.767667,36.900083,34.396811,36.482871,2.22513,3385
2025-11-07,3826121,148875751,36.065659,36.714656,35.46302,35.787518,-0.695353,2470
2025-11-10,5680990,217631130,36.436515,36.436515,34.350455,35.741161,-0.046357,4687
2025-11-11,2940021,111130189,36.019303,36.019303,33.840529,34.304098,-1.437063,2656
2025-11-12,2218713,84174239,34.767667,35.787518,34.767667,34.953094,0.648996,1569
2025-11-13,1717738,64131207,35.46302,35.46302,34.211384,34.396811,-0.556283,2098
2025-11-14,1669175,60814772,34.025956,34.396811,33.37696,33.794172,-0.602639,1497
2025-11-17,2726249,96387616,34.025956,34.257741,32.078967,32.171681,-1.622491,2163
2025-11-18,2260366,77792094,31.986253,32.681607,31.476327,31.615398,-0.556283,1700
2025-11-19,1450779,48952923,31.615398,31.939896,30.873688,31.2909,-0.324498,1296
2025-11-20,1029736,35674323,32.264395,32.357108,31.708112,32.264395,0.973495,963
2025-11-21,1345621,46179132,31.569041,32.310751,31.337257,31.800826,-0.463569,1288
2025-11-24,1145300,38774066,32.078967,32.171681,31.059115,31.198186,-0.60264,867
2025-11-25,857193,29401532,31.429971,32.03261,31.429971,31.800826,0.60264,600
2025-11-26,1012048,35345556,32.125324,32.63525,32.078967,32.449822,0.648996,756
2025-11-27,1052554,36488624,32.727963,32.727963,31.337257,32.171681,-0.278141,892
2025-11-28,652267,22638246,32.264395,32.403465,31.986253,32.171681,0.0,516
2025-12-01,797737,27224823,32.264395,32.264395,31.476327,31.522684,-0.648997,729
2025-12-02,908595,30779178,31.754469,31.847183,31.244543,31.2909,-0.231784,645
2025-12-03,680189,23145831,31.615398,31.847183,31.383614,31.522684,0.231784,447
2025-12-04,1072806,37113075,31.986253,32.264395,31.708112,32.078967,0.556283,773
2025-12-05,879422,29976176,32.403465,32.403465,31.2909,31.661755,-0.417212,1297
2025-12-08,1531940,51910714,31.569041,31.661755,31.198186,31.383614,-0.278141,567
2025-12-09,1461398,50031112,31.476327,32.310751,31.2909,31.569041,0.185427,1080
2025-12-10,1354825,45753396,31.986253,32.125324,30.966402,30.966402,-0.602639,1993
2025-12-11,1382654,46616007,31.105472,31.708112,30.68826,31.383614,0.417212,1144
2025-12-12,1066101,36590086,31.615398,32.125324,31.429971,31.893539,0.509925,729
2025-12-15,923856,31187294,31.847183,31.847183,31.105472,31.105472,-0.788067,1514
2025-12-16,949074,31675248,31.105472,31.2909,30.595547,31.151829,0.046357,765
2025-12-17,1432624,49271071,31.476327,32.310751,31.383614,31.661755,0.509926,1216
2025-12-18,812551,27370033,31.986253,31.986253,30.966402,30.966402,-0.695353,1196
2025-12-19,806966,27375067,31.476327,31.939896,31.105472,31.105472,0.13907,667
2025-12-22,683015,23270904,31.569041,31.708112,31.429971,31.569041,0.463569,524
2025-12-23,860348,28983669,31.893539,31.893539,30.966402,31.059115,-0.509926,1326
2025-12-24,692538,23352854,31.383614,31.661755,31.059115,31.244543,0.185428,628
2025-12-26,1906123,62948700,31.2909,31.476327,30.131978,30.178335,-1.066208,1403
2025-12-29,8746188,303480442,30.178335,32.867034,29.853836,32.542536,2.364201,6076
2025-12-30,5588787,193862918,32.727963,32.913391,31.105472,32.03261,-0.509926,4208
2025-12-31,4045097,141825822,32.449822,33.191532,31.847183,32.63525,0.60264,3294
2026-01-02,9749207,373455398,33.794172,35.880232,33.562387,35.880232,3.244982,5388
2026-01-05,16505384,667787566,38.012649,38.800716,36.621942,36.668299,0.788067,10010
2026-01-06,7244574,286862376,36.714656,37.641794,35.880232,36.065659,-0.60264,5582
2026-01-07,4684055,185425539,36.251087,37.641794,36.112016,36.714656,0.648997,4136
2026-01-08,7432292,298290570,36.714656,38.151719,36.112016,37.734507,1.019851,4815
2026-01-09,12558484,516052054,38.429861,39.866924,36.668299,38.383504,0.648997,9910
2026-01-12,19406917,853502637,38.105363,41.7212,37.873578,41.443059,3.059555,11678
2026-01-13,32147207,1485352034,44.780755,44.873468,41.535772,42.277483,0.834424,25270
2026-01-14,15295706,673319700,41.906627,41.999341,40.052352,40.608635,-1.668848,12646
2026-01-15,15167760,683482162,40.97949,42.787408,40.794062,41.813914,1.205279,9396
2026-01-16,51019103,2414931181,43.575475,45.986034,40.97949,41.164917,-0.648997,28176
2026-01-19,29040105,1366013949,41.7212,45.012539,41.396702,44.456256,3.291339,14909
2026-01-20,30831489,1516329682,44.456256,48.674733,43.575475,48.025737,3.569481,20246
2026-01-21,34507992,1858573565,48.211164,52.197857,47.284027,51.270719,3.244982,26366
2026-01-22,35802627,2103367071,53.773991,56.091835,52.661426,55.071984,3.801265,29613
2026-01-23,39876750,2402863960,57.018973,58.595107,53.403136,54.97927,-0.092714,21362
2026-01-26,17607261,1015127623,54.97927,55.257411,52.383284,53.217708,-1.761562,10980
2026-01-27,17612039,979966263,53.217708,53.588563,50.529009,50.80715,-2.410558,20635
2026-01-28,21806404,1275946093,52.290571,55.813694,52.012429,55.813694,5.006544,12196
2026-01-29,33870470,1964374499,56.740832,57.853397,50.899864,50.899864,-4.91383,26968
2026-01-30,14688737,779297913,50.621723,51.178005,48.211164,48.582019,-2.317845,7330
2026-02-02,8806642,458829696,47.840309,50.158154,46.913171,48.118451,-0.463568,7276
2026-02-03,7746620,405319501,48.767447,50.06544,47.284027,47.654882,-0.463569,6587
2026-02-04,5026241,264716248,47.562168,49.787299,47.469454,48.489306,0.834424,4332
2026-02-05,6429226,327161048,47.840309,48.118451,46.356889,47.098599,-1.390707,4976
2026-02-06,7551123,370743671,47.098599,47.191313,44.688041,45.337037,-1.761562,4513
2026-02-09,8987746,478891115,49.138302,49.787299,48.211164,49.787299,4.450262,4582
2026-02-10,11391548,595404476,49.787299,50.06544,46.449603,46.727744,-3.059555,6598
2026-02-11,6639847,326735390,46.171461,46.63503,45.012539,45.615179,-1.112565,3938
2026-02-23,6022837,314441904,46.820458,49.509157,46.727744,48.952875,3.337696,4433
2026-02-24,6582219,344104738,48.582019,49.416443,47.469454,48.767447,-0.185428,4879
2026-02-25,13164922,718691856,49.880012,52.383284,48.860161,49.32373,0.556283,8182
2026-02-26,5014914,265162998,49.32373,50.06544,48.396592,48.767447,-0.556283,4070
2026-03-02,4461268,232360037,46.356889,49.880012,45.939677,48.860161,0.092714,3145
2026-03-03,14461922,793912710,49.880012,51.919715,49.694585,51.54886,2.688699,8126
2026-03-04,10562459,544563553,50.621723,50.80715,46.449603,46.449603,-5.099257,6357
2026-03-05,7397464,382212899,48.860161,49.32373,46.356889,47.562168,1.112565,4743
2026-03-06,3980407,202799617,47.098599,48.118451,46.171461,48.025737,0.463569,2511
2026-03-09,5517929,265126939,43.760903,45.986034,43.714546,44.641684,-3.384053,3383
2026-03-10,4813607,232645984,45.986034,46.125104,43.575475,44.131758,-0.509926,3263
2026-03-11,4652881,226283035,44.456256,45.661535,44.456256,44.54897,0.417212,2935
2026-03-12,6219271,291705846,44.54897,45.15161,42.509267,43.019193,-1.529777,3897
2026-03-13,3813923,176247789,42.323839,43.436405,41.813914,43.111907,0.092714,2128
2026-03-16,7106882,333332703,43.343691,44.317186,42.092055,43.575475,0.463568,4416
2026-03-17,4228107,200075062,44.039044,44.641684,42.880122,43.019193,-0.556282,2849
2026-03-18,4472413,205547975,43.575475,43.853617,42.184769,42.231126,-0.788067,3089
2026-03-19,4045592,180773733,41.767557,41.906627,41.025847,41.257631,-0.973495,2678
2026-03-20,5864244,271030395,42.092055,43.760903,41.7212,42.416553,1.158922,3516
2026-03-23,4233322,192039909,41.535772,43.158263,40.562278,41.767557,-0.648996,2864
2026-03-24,5097366,225162445,42.833765,43.297334,39.727854,39.727854,-2.039703,3516
2026-03-25,2899323,127473441,40.97949,41.350345,40.330493,40.886776,1.158922,1970
2026-03-26,11550821,547857475,40.840419,44.966182,40.747705,43.20462,2.317844,7521
2026-03-27,12747445,594556149,43.343691,44.456256,42.46291,42.648338,-0.556282,8020
2026-03-30,4963101,218269334,41.350345,42.184769,39.63514,41.999341,-0.648997,3893
2026-03-31,9356417,427969509,41.999341,43.992687,40.330493,40.37685,-1.622491,6530
2026-04-01,3489942,158942969,42.46291,43.06555,41.535772,41.860271,1.483421,2648
2026-04-02,3286545,146199165,42.370196,42.694695,40.330493,40.330493,-1.529778,2524
2026-04-07,4703423,198122767,40.794062,40.933133,38.429861,38.429861,-1.900632,3447
2026-04-08,3397297,146019700,39.217928,40.330493,39.171571,40.284136,1.854275,2191
2026-04-09,6158799,254426042,39.542426,39.681497,37.827221,37.827221,-2.456915,4874
2026-04-10,5443582,220884386,37.827221,38.568931,36.80737,38.383504,0.556283,3334
2026-04-13,2365427,98420383,38.244433,39.078857,37.780864,38.615288,0.231784,1547
2026-04-14,5952183,255791560,38.754359,40.97949,38.105363,39.866924,1.251636,3856
2026-04-15,4444611,188908560,40.515921,40.515921,38.615288,38.939787,-0.927137,3351
2026-04-16,2064429,87288133,39.63514,39.727854,38.800716,39.0325,0.092713,1597
2026-04-17,2028998,85884683,38.847073,39.820567,38.800716,39.217928,0.185428,1343
2026-04-20,6506651,301838554,42.231126,43.111907,42.231126,43.111907,3.893979,2922
2026-04-21,13680510,634359794,44.317186,44.409899,41.443059,42.926479,-0.185428,8149
2026-04-22,4688724,213357229,43.297334,43.297334,41.7212,41.7212,-1.205279,3433
2026-04-23,6893763,294291887,42.184769,42.277483,37.734507,38.986143,-2.735057,4503
2026-04-24,4532960,193367990,39.63514,40.515921,38.800716,39.959638,0.973495,2691
2026-04-27,5497642,237739856,40.237779,41.489415,38.337147,41.11856,1.158922,3768
2026-04-28,3139164,137357404,41.257631,41.350345,40.145066,40.237779,-0.880781,2995
2026-04-29,15060457,706949000,40.237779,44.224472,40.098709,44.224472,3.986693,11026
2026-04-30,18968149,915945482,45.429751,45.89332,43.390048,43.853617,-0.370855,13161
2026-05-04,15559051,782262537,44.039044,47.933023,44.039044,47.191313,3.337696,10432
2026-05-05,15226853,759290030,47.562168,48.118451,45.058896,45.058896,-2.132417,11291
2026-05-06,17394430,874143279,46.078747,48.025737,45.012539,45.89332,0.834424,10644
2026-05-07,18345789,948475102,47.005885,49.787299,46.356889,47.191313,1.297993,11271
2026-05-08,9062420,449963296,47.191313,47.654882,44.734398,44.734398,-2.456915,5662
2026-05-11,8196562,409882549,44.966182,47.840309,44.919825,46.820458,2.08606,5135
2026-05-12,15371091,796328999,47.284027,49.509157,46.264175,47.654882,0.834424,9156
2026-05-13,45448408,2490488880,48.489306,52.383284,48.025737,51.641574,3.986692,25446
2026-05-14,18912554,1026941669,51.641574,51.919715,49.138302,49.972726,-1.668848,13397
2026-05-15,28811155,1617223931,50.529009,53.773991,50.250867,53.217708,3.244982,17023
2026-05-18,52943935,3095103887,52.846853,56.462691,51.270719,54.701129,1.483421,30683
2026-05-19,33859042,1987726628,54.23756,56.091835,52.846853,53.588563,-1.112566,20804
2026-05-20,18854929,1074489377,53.773991,54.515701,51.456147,51.919715,-1.668848,11844
2026-05-21,12449610,707200888,52.661426,53.49585,52.012429,52.475998,0.556283,8268
2026-05-22,34321698,2056620704,53.773991,56.648118,53.681277,54.793843,2.317845,18896
2026-05-25,41465191,2596081102,55.72098,60.263955,54.701129,60.263955,5.470112,25490
2026-05-26,40572084,2648759980,60.263955,63.045369,57.297115,63.045369,2.781414,25694
2026-05-27,24000154,1590487627,63.416224,63.972507,60.263955,60.634811,-2.410558,15992
2026-05-28,34145285,2357314741,61.098379,66.568492,60.912952,62.210945,1.576134,21057
2026-05-29,29633211,2049126961,64.436075,66.939347,61.469235,66.01221,3.801265,19248
2026-06-01,7001430,545408344,70.462471,72.594888,70.277043,72.594888,6.582678,3675
2026-06-02,37607811,3228009132,79.826562,79.826562,77.416004,79.826562,7.231674,20748
2026-06-03,50508558,4593380167,83.164258,86.594668,82.329834,84.18411,4.357548,33037
2026-06-04,42746329,3984195281,83.4424,89.468795,83.071545,84.369538,0.185428,28857
2026-06-05,34190527,3054051357,83.4424,85.66753,78.806711,84.18411,-0.185428,23877
2026-06-08,9170766,768606596,75.83987,83.905969,75.83987,80.475559,-3.708551,8268
2026-06-09,4925418,432427081,81.773552,82.515262,80.475559,80.846414,0.370855,4825
2026-06-10,8001354,691907352,81.49541,84.369538,74.171022,76.210725,-4.635689,6852
2026-06-11,6150219,485559728,76.210725,77.230577,70.462471,74.634591,-1.576134,5529
2026-06-12,2761510,230016063,78.713997,78.713997,76.488866,76.952435,2.317844,2846
2026-06-15,4185307,364480571,78.806711,82.515262,77.972287,81.031842,4.079407,4099
2026-06-16,3425402,304800222,83.4424,83.4424,81.309983,81.588124,0.556282,3273
2026-06-17,7648489,704689296,81.588124,87.707234,81.49541,86.87281,5.284686,6411
2026-06-18,5487747,521399763,89.283368,89.283368,86.87281,88.078089,1.205279,5043
2026-06-22,7386968,759113146,91.78664,96.885898,91.78664,96.885898,8.807809,5989
2026-06-23,29907719,2926822798,95.495191,98.740173,87.243665,87.243665,-9.642233,24419
2026-06-24,35986755,3604537155,85.203962,95.95876,84.647679,94.568053,7.324388,25040
2026-06-25,19115583,1905904191,98.276604,98.276604,90.395933,92.713778,-1.854275,14675
2026-06-26,29433525,2995680752,92.713778,101.058018,90.395933,90.674074,-2.039704,20329
2026-06-29,19314301,1857671225,90.859502,93.640915,85.945672,85.945672,-4.728402,14808
2026-06-30,26009336,2574405976,89.005226,94.104484,88.170802,94.104484,8.158812,19337
2026-07-01,30766534,3053269398,95.95876,97.349466,86.687382,87.150951,-6.953533,23289
2026-07-02,16364988,1507719477,83.4424,88.35623,82.793403,83.905969,-3.244982,14351
2026-07-03,17207301,1505918587,83.4424,84.554965,79.826562,80.846414,-3.059555,13510
2026-07-06,9560577,853725417,82.237121,84.833106,81.402697,81.49541,0.648996,7701
2026-07-07,10761415,943818532,82.422548,83.720541,78.157714,79.919276,-1.576134,8536
2026-07-08,7512410,643055337,80.197418,81.309983,77.694146,79.27028,-0.648996,6002
2026-07-09,14243359,1272811993,80.660986,85.945672,79.733849,82.978831,3.708551,11149
2026-07-13,15950647,1484055340,84.369538,88.541658,83.813255,85.574817,2.595986,13128
2026-07-14,8530608,754967672,86.223813,86.501954,78.435856,80.939128,-4.635689,9523
2026-07-15,5774000,517354224,82.70069,84.369538,81.031842,83.627827,2.688699,4869
2026-07-16,15539391,1458200900,82.422548,90.674074,82.422548,86.687382,3.059555,12316
2026-07-17,15884113,1333236473,81.8,89.8,79.3,79.6,-7.087382,21313
2026-07-20,8376122,653184788,80.7,81.7,73.8,76.2,-3.4,6894
2026-07-21,5766492,446110548,77.8,79.3,76.3,76.3,0.1,4817
2026-07-22,9617508,729349692,77.7,79.2,72.7,72.8,-3.5,7610
2026-07-23,13709354,946956126,72.7,73.4,67.0,68.5,-4.3,9893
2026-07-24,8732858,601071239,69.0,70.7,67.0,69.6,1.1,6463
2026-07-27,5653613,388782713,68.3,71.0,67.2,68.4,-1.2,4514
2026-07-28,7663141,516822260,66.5,69.5,64.2,68.1,-0.3,6059
2026-07-29,8896691,578501603,67.6,68.4,63.1,64.7,-3.4,10042
2026-07-30,7110555,457781987,64.2,67.4,61.5,61.7,-3.0,6349
2026-07-31,8566305,573164383,67.5,67.8,64.9,65.9,4.2,4839
2026-08-03,5814609,389696826,65.4,68.9,64.8,66.2,0.3,5191
2026-08-04,7267464,483103669,65.3,67.8,65.3,65.8,-0.4,5773
2026-08-05,22517268,1475920881,66.5,67.3,64.0,65.4,-0.4,12814
2026-08-06,9856775,625291775,65.0,65.4,62.2,63.1,-2.3,6689
2026-08-07,8334657,534602713,63.4,66.0,62.5,62.8,-0.3,5622
2026-08-10,12586324,860827032,63.5,69.0,63.5,69.0,6.2,5567
