date,Trading_Volume,Trading_money,open,max,min,close,spread,Trading_turnover
2015-01-05,578535,10543081,8.643831,8.738558,8.478059,8.620149,-0.023682,274
2015-01-06,796067,14526182,8.525422,8.809603,8.501741,8.667513,0.047364,366
2015-01-07,642500,11597650,8.643831,8.643831,8.454377,8.549104,-0.118409,288
2015-01-08,1819300,33763360,8.572786,9.117466,8.525422,8.620149,0.071045,694
2015-01-09,365516,6658338,8.714876,8.714876,8.549104,8.596468,-0.023681,200
2015-01-12,935746,16755177,8.525422,8.596468,8.35965,8.35965,-0.236818,352
2015-01-13,447305,7953913,8.312287,8.478059,8.312287,8.383332,0.023682,192
2015-01-14,330014,5881998,8.407014,8.525422,8.383332,8.454377,0.071045,147
2015-01-15,328126,5821511,8.525422,8.525422,8.35965,8.35965,-0.094727,149
2015-01-16,382025,6732788,8.35965,8.454377,8.288605,8.35965,0.0,155
2015-01-19,208000,3662450,8.430696,8.430696,8.241242,8.312287,-0.047363,99
2015-01-20,248500,4385650,8.312287,8.430696,8.312287,8.35965,0.047363,79
2015-01-21,173194,3054964,8.35965,8.383332,8.335969,8.35965,0.0,78
2015-01-22,655570,11788352,8.383332,8.691195,8.35965,8.525422,0.165772,257
2015-01-23,382695,6952889,8.549104,8.714876,8.525422,8.525422,0.0,185
2015-01-26,694369,12284411,8.430696,8.525422,8.264923,8.288605,-0.236817,252
2015-01-27,206050,3603020,8.288605,8.335969,8.241242,8.288605,0.0,103
2015-01-28,346638,5985822,8.264923,8.312287,8.099151,8.146515,-0.14209,170
2015-01-29,62000,1067700,8.122833,8.193878,8.122833,8.170197,0.023682,46
2015-01-30,212292,3633043,8.170197,8.170197,8.07547,8.099151,-0.071046,106
2015-02-02,155600,2650060,8.051788,8.099151,8.004424,8.051788,-0.047363,79
2015-02-03,306414,5199149,8.051788,8.146515,8.004424,8.146515,0.094727,121
2015-02-04,266845,4566830,8.193878,8.288605,8.004424,8.051788,-0.094727,114
2015-02-05,106000,1799800,8.051788,8.099151,8.004424,8.099151,0.047363,48
2015-02-06,125000,2125700,8.146515,8.146515,8.028106,8.028106,-0.071045,35
2015-02-09,99159,1678636,8.004424,8.051788,8.004424,8.004424,-0.023682,46
2015-02-10,89408,1512603,8.004424,8.07547,7.980743,7.980743,-0.023681,42
2015-02-11,88515,1493101,7.980743,8.004424,7.933379,7.957061,-0.023682,44
2015-02-12,87000,1462200,7.957061,7.980743,7.933379,7.957061,0.0,36
2015-02-13,209125,3523637,8.004424,8.051788,7.933379,7.957061,0.0,76
2015-02-24,78270,1315372,8.07547,8.07547,7.909697,7.933379,-0.023682,45
2015-02-25,73202,1224312,7.933379,8.004424,7.862334,8.004424,0.071045,48
2015-02-26,125666,2136972,8.028106,8.122833,8.028106,8.051788,0.047364,66
2015-03-02,121000,2042350,8.051788,8.051788,7.957061,8.028106,-0.023682,69
2015-03-03,457495,7863765,8.051788,8.264923,8.051788,8.099151,0.071045,184
2015-03-04,156666,2665938,8.051788,8.122833,8.028106,8.07547,-0.023681,45
2015-03-05,163101,2779567,8.099151,8.099151,8.051788,8.051788,-0.023682,62
2015-03-06,576215,9741743,8.051788,8.193878,7.980743,8.004424,-0.047364,274
2015-03-09,227336,3815044,8.051788,8.051788,7.909697,7.957061,-0.047363,81
2015-03-10,190125,3222562,7.957061,8.122833,7.933379,7.957061,0.0,77
2015-03-11,202133,3427079,7.957061,8.099151,7.957061,8.051788,0.094727,83
2015-03-12,463330,8033157,8.193878,8.288605,8.146515,8.264923,0.213135,243
2015-03-13,335853,5785170,8.241242,8.241242,8.099151,8.122833,-0.14209,145
2015-03-16,173184,2994104,8.146515,8.241242,8.146515,8.170197,0.047364,85
2015-03-17,213119,3663234,8.193878,8.21756,8.099151,8.170197,0.0,85
2015-03-18,733636,12926151,8.170197,8.478059,8.170197,8.407014,0.236817,339
2015-03-19,492424,8734574,8.430696,8.501741,8.335969,8.335969,-0.071045,193
2015-03-20,313025,5509387,8.383332,8.430696,8.288605,8.335969,0.0,138
2015-03-23,562826,10030936,8.430696,8.572786,8.335969,8.35965,0.023681,199
2015-03-24,318075,5593623,8.35965,8.407014,8.288605,8.312287,-0.047363,119
2015-03-25,157000,2754100,8.35965,8.35965,8.288605,8.288605,-0.023682,67
2015-03-26,321005,5609737,8.241242,8.335969,8.21756,8.288605,0.0,121
2015-03-27,411844,7108181,8.288605,8.288605,8.051788,8.146515,-0.14209,166
2015-03-30,359110,6189192,8.122833,8.21756,8.122833,8.170197,0.023682,92
2015-03-31,389000,6680050,8.264923,8.264923,8.051788,8.146515,-0.023682,121
2015-04-01,413353,7046417,8.193878,8.193878,8.051788,8.07547,-0.071045,118
2015-04-02,533679,9064722,8.099151,8.122833,7.957061,8.004424,-0.071046,175
2015-04-07,242904,4126476,8.004424,8.099151,7.980743,8.051788,0.047364,108
2015-04-08,333851,5650407,8.07547,8.07547,7.980743,8.028106,-0.023682,108
2015-04-09,510302,8655637,8.004424,8.099151,8.004424,8.028106,0.0,128
2015-04-10,768501,13049716,8.051788,8.146515,7.980743,8.004424,-0.023682,149
2015-04-13,698101,11794511,8.122833,8.122833,7.957061,8.028106,0.023682,180
2015-04-14,662345,11244815,8.028106,8.099151,8.004424,8.099151,0.071045,160
2015-04-15,859223,14932057,8.146515,8.335969,8.146515,8.241242,0.142091,285
2015-04-16,428000,7482450,8.335969,8.335969,8.241242,8.288605,0.047363,154
2015-04-17,417345,7198615,8.288605,8.288605,8.122833,8.122833,-0.165772,133
2015-04-20,319000,5463500,8.122833,8.21756,8.07547,8.146515,0.023682,95
2015-04-21,415141,7084260,8.193878,8.193878,7.980743,8.099151,-0.047364,165
2015-04-22,658250,11083550,8.099151,8.099151,7.862334,7.980743,-0.118408,232
2015-04-23,526240,8990741,8.051788,8.146515,8.051788,8.099151,0.118408,164
2015-04-24,259300,4428079,8.099151,8.122833,8.051788,8.122833,0.023682,101
2015-04-27,325341,5616380,8.193878,8.21756,8.146515,8.146515,0.023682,131
2015-04-28,378686,6511813,8.170197,8.193878,8.122833,8.170197,0.023682,120
2015-04-29,178060,3049529,8.170197,8.193878,8.07547,8.099151,-0.071046,70
2015-04-30,134000,2288200,8.146515,8.146515,8.051788,8.07547,-0.023681,55
2015-05-04,249175,4223816,8.099151,8.099151,8.004424,8.004424,-0.071046,98
2015-05-05,230302,3887823,8.051788,8.051788,7.980743,8.004424,0.0,91
2015-05-06,297036,5042360,7.980743,8.122833,7.957061,8.028106,0.023682,110
2015-05-07,125237,2126281,8.051788,8.07547,8.028106,8.028106,0.0,49
2015-05-08,426235,7183433,8.07547,8.07547,7.957061,7.957061,-0.071045,142
2015-05-11,886044,14445167,7.909697,7.909697,7.578153,7.649198,-0.307863,358
2015-05-12,395000,6304750,7.483426,7.625517,7.483426,7.601835,-0.047363,115
2015-05-13,197000,3161900,7.625517,7.67288,7.554472,7.67288,0.071045,61
2015-05-14,43014,693433,7.625517,7.67288,7.625517,7.649198,-0.023682,25
2015-05-15,212000,3384300,7.67288,7.67288,7.53079,7.578153,-0.071045,88
2015-05-18,459274,7229052,7.554472,7.554472,7.412381,7.436063,-0.14209,142
2015-05-19,35086,555263,7.483426,7.507108,7.483426,7.507108,0.071045,18
2015-05-20,291104,4663239,7.507108,7.67288,7.507108,7.649198,0.14209,69
2015-05-21,31000,497600,7.67288,7.67288,7.53079,7.625517,-0.023681,12
2015-05-22,178000,2850850,7.554472,7.649198,7.53079,7.554472,-0.071045,64
2015-05-25,86080,1384146,7.578153,7.696562,7.578153,7.696562,0.14209,32
2015-05-26,113350,1821950,7.696562,7.696562,7.578153,7.625517,-0.071045,50
2015-05-27,96912,1555046,7.625517,7.67288,7.554472,7.578153,-0.047364,46
2015-05-28,371344,5948438,7.625517,7.720244,7.578153,7.67288,0.094727,102
2015-05-29,124470,2007720,7.696562,7.696562,7.601835,7.649198,-0.023682,47
2015-06-01,64000,1026650,7.649198,7.649198,7.554472,7.578153,-0.071045,34
2015-06-02,115000,1841950,7.578153,7.649198,7.554472,7.578153,0.0,29
2015-06-03,182075,2916542,7.649198,7.649198,7.554472,7.554472,-0.023681,46
2015-06-04,222000,3518400,7.578153,7.625517,7.459745,7.507108,-0.047364,99
2015-06-05,223000,3502050,7.507108,7.554472,7.365018,7.554472,0.047364,99
2015-06-08,38225,608162,7.554472,7.554472,7.483426,7.53079,-0.023682,26
2015-06-09,220460,3414189,7.53079,7.53079,7.222927,7.246609,-0.284181,103
2015-06-10,116010,1782565,7.199246,7.365018,7.199246,7.341336,0.094727,55
2015-06-11,432557,6467458,7.199246,7.199246,6.962428,7.104519,-0.236817,174
2015-06-12,61000,924350,7.199246,7.199246,7.151882,7.151882,0.047363,40
2015-06-15,117000,1767050,7.104519,7.246609,7.057155,7.199246,0.047364,69
2015-06-16,90000,1348800,7.199246,7.199246,7.080837,7.104519,-0.094727,46
2015-06-17,150274,2254173,7.104519,7.151882,7.080837,7.080837,-0.023682,54
2015-06-18,119037,1795422,7.080837,7.175564,7.080837,7.151882,0.071045,46
2015-06-22,209551,3177774,7.199246,7.222927,7.151882,7.199246,0.047364,80
2015-06-23,160400,2450070,7.222927,7.270291,7.222927,7.246609,0.047363,63
2015-06-24,74543,1142257,7.246609,7.293973,7.222927,7.293973,0.047364,44
2015-06-25,316323,4830325,7.293973,7.293973,7.175564,7.199246,-0.094727,128
2015-06-26,167165,2557573,7.199246,7.293973,7.175564,7.293973,0.094727,75
2015-06-29,371119,5662913,7.199246,7.293973,7.151882,7.151882,-0.142091,169
2015-06-30,294150,4057011,7.048232,7.203707,7.048232,7.12597,-0.025912,123
2015-07-01,64000,885300,7.22962,7.22962,7.12597,7.151882,0.025912,37
2015-07-02,54145,751001,7.22962,7.22962,7.177795,7.177795,0.025913,20
2015-07-03,104000,1439650,7.151882,7.22962,7.151882,7.151882,-0.025913,32
2015-07-06,108287,1502968,7.151882,7.22962,7.151882,7.22962,0.077738,49
2015-07-07,63000,872900,7.203707,7.22962,7.151882,7.151882,-0.077738,33
2015-07-08,252250,3462724,7.151882,7.203707,7.022319,7.203707,0.051825,96
2015-07-09,145000,1968250,7.12597,7.12597,6.944581,7.048232,-0.155475,75
2015-07-13,96000,1332550,7.151882,7.255533,7.151882,7.151882,0.10365,39
2015-07-14,99107,1387116,7.12597,7.411008,7.12597,7.411008,0.259126,41
2015-07-15,66063,929847,7.307358,7.385096,7.177795,7.385096,-0.025912,44
2015-07-16,71000,998550,7.151882,7.385096,7.151882,7.385096,0.0,47
2015-07-17,38000,536350,7.359183,7.359183,7.281445,7.307358,-0.077738,18
2015-07-20,102000,1431350,7.307358,7.359183,7.177795,7.33327,0.025912,39
2015-07-21,45281,637211,7.307358,7.33327,7.22962,7.33327,0.0,32
2015-07-22,50000,701300,7.177795,7.33327,7.177795,7.255533,-0.077737,29
2015-07-23,70000,975200,7.307358,7.307358,7.177795,7.281445,0.025912,27
2015-07-24,70171,980476,7.281445,7.281445,7.177795,7.255533,-0.025912,28
2015-07-27,229000,3150000,7.151882,7.255533,7.022319,7.12597,-0.129563,64
2015-07-28,127000,1736250,7.100057,7.151882,7.022319,7.022319,-0.103651,51
2015-07-29,132000,1783450,7.022319,7.100057,6.944581,6.970494,-0.051825,41
2015-07-30,121087,1640333,6.970494,7.074144,6.970494,7.022319,0.051825,43
2015-07-31,109502,1483726,7.022319,7.074144,6.970494,6.970494,-0.051825,53
2015-08-03,379000,4936550,6.918669,6.944581,6.63363,6.73728,-0.233214,130
2015-08-04,190300,2447290,6.685455,6.73728,6.555892,6.685455,-0.051825,60
2015-08-05,89100,1147905,6.685455,6.711368,6.63363,6.711368,0.025913,35
2015-08-06,134009,1708014,6.685455,6.711368,6.529979,6.555892,-0.155476,48
2015-08-07,39126,494505,6.529979,6.581805,6.529979,6.555892,0.0,22
2015-08-10,158000,2012700,6.504067,6.63363,6.504067,6.63363,0.077738,54
2015-08-11,100550,1276929,6.607717,6.63363,6.504067,6.529979,-0.103651,48
2015-08-12,66000,824000,6.478154,6.555892,6.426329,6.478154,-0.051825,33
2015-08-13,40000,498950,6.529979,6.529979,6.426329,6.478154,0.0,21
2015-08-14,54452,678054,6.478154,6.478154,6.426329,6.478154,0.0,24
2015-08-17,26428,325821,6.452242,6.452242,6.374504,6.374504,-0.10365,17
2015-08-18,105328,1273500,6.322678,6.322678,6.193115,6.322678,-0.051826,49
2015-08-19,313330,3680243,6.167203,6.193115,5.985814,6.115378,-0.2073,102
2015-08-20,40000,472200,6.115378,6.14129,6.089465,6.115378,0.0,21
2015-08-21,111000,1262000,6.011727,6.011727,5.752601,5.882164,-0.233214,51
2015-08-24,286000,2990200,5.597125,5.597125,5.312086,5.312086,-0.570078,133
2015-08-25,115126,1190723,5.312086,5.5453,5.234349,5.415737,0.103651,46
2015-08-26,54000,571550,5.493475,5.623038,5.441649,5.623038,0.207301,30
2015-08-27,68026,745355,5.623038,5.726688,5.623038,5.674863,0.051825,43
2015-08-28,54428,608943,5.752601,5.830339,5.752601,5.830339,0.155476,33
2015-08-31,48060,529518,5.830339,5.830339,5.700776,5.726688,-0.103651,34
2015-09-01,53000,581850,5.804426,5.804426,5.571213,5.700776,-0.025912,28
2015-09-02,50000,543700,5.571213,5.700776,5.571213,5.700776,0.0,26
2015-09-03,57000,635850,5.700776,5.856251,5.700776,5.856251,0.155475,38
2015-09-04,104101,1196441,5.856251,6.089465,5.856251,5.882164,0.025913,60
2015-09-07,79000,882650,5.674863,5.882164,5.674863,5.804426,-0.077738,35
2015-09-08,74000,836450,5.778513,5.959902,5.752601,5.959902,0.155476,32
2015-09-09,170240,1996206,5.959902,6.193115,5.959902,6.193115,0.233213,74
2015-09-10,332620,4015640,6.193115,6.322678,6.167203,6.244941,0.051826,92
2015-09-11,131000,1587050,6.322678,6.348591,6.219028,6.322678,0.077737,65
2015-09-14,47126,568837,6.322678,6.322678,6.219028,6.219028,-0.10365,26
2015-09-15,42151,502962,6.219028,6.219028,6.115378,6.167203,-0.051825,23
2015-09-16,26000,310250,6.244941,6.244941,6.115378,6.219028,0.051825,15
2015-09-17,69000,832100,6.270853,6.270853,6.219028,6.244941,0.025913,22
2015-09-18,47138,570297,6.244941,6.374504,6.244941,6.374504,0.129563,24
2015-09-21,26000,312350,6.322678,6.322678,6.219028,6.270853,-0.103651,13
2015-09-22,85025,1027205,6.296766,6.348591,6.219028,6.348591,0.077738,37
2015-09-23,9001,108011,6.270853,6.270853,6.193115,6.193115,-0.155476,8
2015-09-24,101000,1185400,6.244941,6.244941,6.011727,6.011727,-0.181388,47
2015-09-25,10000,116200,6.03764,6.089465,5.959902,6.063552,0.051825,6
2015-09-30,19000,221400,6.063552,6.089465,6.011727,6.063552,0.0,15
2015-10-01,58008,688444,6.089465,6.219028,6.089465,6.167203,0.103651,25
2015-10-02,25000,298900,6.244941,6.244941,6.167203,6.167203,0.0,11
2015-10-05,76544,919294,6.219028,6.270853,6.193115,6.270853,0.10365,39
2015-10-06,75575,921765,6.296766,6.400416,6.296766,6.374504,0.103651,48
2015-10-07,59494,733675,6.400416,6.426329,6.322678,6.426329,0.051825,26
2015-10-08,38400,469460,6.374504,6.400416,6.296766,6.400416,-0.025913,13
2015-10-12,214750,2708450,6.529979,6.607717,6.478154,6.581805,0.181389,77
2015-10-13,92000,1173200,6.581805,6.659542,6.555892,6.607717,0.025912,41
2015-10-14,56325,714210,6.607717,6.607717,6.529979,6.581805,-0.025912,14
2015-10-15,48221,609706,6.581805,6.581805,6.529979,6.529979,-0.051826,21
2015-10-16,26000,329050,6.63363,6.63363,6.529979,6.581805,0.051826,12
2015-10-19,47000,594000,6.607717,6.685455,6.478154,6.581805,0.0,25
2015-10-20,113150,1438727,6.607717,6.685455,6.555892,6.685455,0.10365,35
2015-10-21,97025,1230722,6.685455,6.685455,6.529979,6.659542,-0.025913,31
2015-10-22,38322,488286,6.659542,6.659542,6.581805,6.659542,0.0,21
2015-10-23,38000,490450,6.685455,6.789106,6.63363,6.711368,0.051826,23
2015-10-26,54000,696850,6.685455,6.763193,6.63363,6.763193,0.051825,27
2015-10-27,24233,311902,6.73728,6.73728,6.63363,6.685455,-0.077738,16
2015-10-28,77044,991176,6.63363,6.73728,6.63363,6.711368,0.025913,30
2015-10-29,46527,598895,6.73728,6.73728,6.63363,6.685455,-0.025913,24
2015-10-30,90000,1151300,6.63363,6.73728,6.581805,6.73728,0.051825,35
2015-11-02,126325,1660156,6.73728,6.970494,6.73728,6.840931,0.103651,43
2015-11-03,151125,2001362,6.840931,6.918669,6.815018,6.918669,0.077738,40
2015-11-04,118500,1571425,6.918669,6.970494,6.789106,6.970494,0.051825,61
2015-11-05,56000,748200,6.918669,6.944581,6.892756,6.944581,-0.025913,27
2015-11-06,17125,228062,6.866843,6.918669,6.840931,6.918669,-0.025912,12
2015-11-09,61000,804100,7.022319,7.022319,6.763193,6.763193,-0.155476,35
2015-11-10,18000,233750,6.73728,6.763193,6.685455,6.685455,-0.077738,7
2015-11-11,182000,2291500,6.63363,6.63363,6.426329,6.607717,-0.077738,77
2015-11-12,154116,1975984,6.73728,6.763193,6.478154,6.659542,0.051825,57
2015-11-13,29000,369150,6.555892,6.659542,6.555892,6.63363,-0.025912,18
2015-11-16,42000,532600,6.478154,6.607717,6.478154,6.607717,-0.025913,20
2015-11-17,29160,373872,6.63363,6.659542,6.607717,6.659542,0.051825,19
2015-11-18,31102,402255,6.685455,6.711368,6.659542,6.659542,0.0,17
2015-11-19,39602,509394,6.685455,6.711368,6.63363,6.63363,-0.025912,22
2015-11-20,40000,512300,6.659542,6.685455,6.607717,6.607717,-0.025913,18
2015-11-23,35000,450900,6.659542,6.711368,6.63363,6.63363,0.025913,18
2015-11-24,38123,485055,6.63363,6.63363,6.555892,6.555892,-0.077738,24
2015-11-25,53000,668600,6.555892,6.659542,6.478154,6.659542,0.10365,32
2015-11-26,13000,166650,6.685455,6.685455,6.63363,6.659542,0.0,7
2015-11-27,15075,191502,6.581805,6.63363,6.555892,6.63363,-0.025912,10
2015-11-30,19000,240400,6.555892,6.607717,6.504067,6.607717,-0.025913,10
2015-12-01,31019,395396,6.529979,6.685455,6.529979,6.659542,0.051825,19
2015-12-02,72000,925250,6.659542,6.685455,6.659542,6.659542,0.0,21
2015-12-03,115279,1518298,6.711368,6.892756,6.711368,6.73728,0.077738,40
2015-12-04,54726,703892,6.685455,6.711368,6.63363,6.711368,-0.025912,24
2015-12-07,47136,608604,6.711368,6.711368,6.659542,6.711368,0.0,24
2015-12-08,18000,232600,6.73728,6.73728,6.63363,6.711368,0.0,14
2015-12-09,17422,223886,6.711368,6.711368,6.63363,6.685455,-0.025913,16
2015-12-10,0,0,6.711368,6.711368,6.63363,6.685455,0.0,0
2015-12-11,55000,697150,6.63363,6.659542,6.478154,6.607717,-0.077738,27
2015-12-14,20000,251750,6.529979,6.529979,6.478154,6.529979,-0.077738,8
2015-12-15,2000,25500,6.607717,6.607717,6.607717,6.607717,0.077738,2
2015-12-16,34183,433213,6.555892,6.607717,6.529979,6.555892,-0.051825,17
2015-12-17,28101,359442,6.555892,6.685455,6.555892,6.685455,0.129563,21
2015-12-18,31171,395971,6.659542,6.659542,6.555892,6.581805,-0.10365,13
2015-12-21,28025,358267,6.529979,6.659542,6.529979,6.63363,0.051825,17
2015-12-22,14000,178800,6.63363,6.659542,6.581805,6.581805,-0.051825,7
2015-12-23,119000,1546300,6.659542,6.840931,6.659542,6.711368,0.129563,51
2015-12-24,26000,337600,6.711368,6.763193,6.685455,6.685455,-0.025913,18
2015-12-25,139862,1832606,6.763193,6.840931,6.711368,6.789106,0.103651,51
2015-12-28,78397,1035560,6.789106,6.892756,6.789106,6.892756,0.10365,35
2015-12-29,37601,496523,6.892756,6.892756,6.815018,6.866843,-0.025913,13
2015-12-30,40050,529617,6.73728,6.892756,6.73728,6.866843,0.0,20
2015-12-31,19519,255302,6.711368,6.866843,6.711368,6.866843,0.0,11
2016-01-04,58945,776071,6.840931,6.944581,6.763193,6.866843,0.0,29
2016-01-05,13000,170550,6.866843,6.866843,6.789106,6.789106,-0.077737,3
2016-01-06,33000,430550,6.789106,6.840931,6.711368,6.73728,-0.051826,13
2016-01-07,52100,656780,6.685455,6.685455,6.400416,6.659542,-0.077738,32
2016-01-08,60000,752700,6.426329,6.659542,6.426329,6.555892,-0.10365,31
2016-01-11,23000,291700,6.555892,6.63363,6.504067,6.63363,0.077738,12
2016-01-12,0,0,6.555892,6.63363,6.504067,6.63363,0.0,0
2016-01-13,43000,539900,6.529979,6.581805,6.452242,6.478154,-0.155476,24
2016-01-14,22975,286956,6.478154,6.478154,6.426329,6.478154,0.0,13
2016-01-15,30000,371650,6.478154,6.478154,6.374504,6.426329,-0.051825,16
2016-01-18,42000,513850,6.270853,6.400416,6.244941,6.400416,-0.025913,23
2016-01-19,9000,110550,6.374504,6.478154,6.348591,6.478154,0.077738,3
2016-01-20,22000,268900,6.322678,6.478154,6.244941,6.426329,-0.051825,15
2016-01-21,8000,98100,6.296766,6.374504,6.296766,6.348591,-0.077738,5
2016-01-22,35875,442137,6.426329,6.426329,6.348591,6.374504,0.025913,22
2016-01-25,6088,75281,6.400416,6.426329,6.400416,6.426329,0.051825,8
2016-01-26,26000,319050,6.322678,6.400416,6.322678,6.400416,-0.025913,15
2016-01-27,18000,221850,6.374504,6.426329,6.374504,6.426329,0.025913,7
2016-01-28,17044,210690,6.426329,6.426329,6.374504,6.400416,-0.025913,9
2016-01-29,33000,411000,6.426329,6.478154,6.426329,6.478154,0.077738,16
2016-01-30,35000,437700,6.478154,6.555892,6.426329,6.555892,0.077738,20
2016-02-01,15050,189725,6.529979,6.581805,6.504067,6.529979,-0.025913,10
2016-02-02,37000,471900,6.555892,6.63363,6.555892,6.607717,0.077738,22
2016-02-03,25000,315350,6.529979,6.555892,6.529979,6.555892,-0.051825,14
2016-02-15,110390,1411710,6.529979,6.659542,6.529979,6.659542,0.10365,33
2016-02-16,63445,821879,6.63363,6.840931,6.63363,6.840931,0.181389,28
2016-02-17,20000,262500,6.840931,6.840931,6.763193,6.789106,-0.051825,13
2016-02-18,29000,379000,6.73728,6.815018,6.73728,6.789106,0.0,15
2016-02-19,20336,265101,6.763193,6.789106,6.73728,6.789106,0.0,12
2016-02-22,46546,614001,6.789106,6.866843,6.789106,6.840931,0.051825,17
2016-02-23,49500,653699,6.918669,6.918669,6.815018,6.866843,0.025912,25
2016-02-24,89000,1171150,6.970494,6.970494,6.73728,6.73728,-0.129563,43
2016-02-25,46083,603691,6.763193,6.815018,6.763193,6.815018,0.077738,29
2016-02-26,82000,1079400,6.840931,6.840931,6.789106,6.840931,0.025913,36
2016-03-01,34044,448585,6.866843,6.866843,6.789106,6.866843,0.025912,11
2016-03-02,144450,1905135,6.918669,6.918669,6.789106,6.866843,0.0,61
2016-03-03,154000,2037850,6.892756,6.918669,6.840931,6.892756,0.025913,40
2016-03-04,113913,1503301,6.918669,6.918669,6.815018,6.866843,-0.025913,45
2016-03-07,144901,1919446,6.892756,6.892756,6.840931,6.866843,0.0,49
2016-03-08,19799,262155,6.866843,6.892756,6.840931,6.892756,0.025913,15
2016-03-09,64000,849100,6.866843,6.918669,6.840931,6.866843,-0.025913,28
2016-03-10,60000,804400,6.918669,6.996406,6.918669,6.970494,0.103651,37
2016-03-11,69058,930883,6.970494,6.996406,6.970494,6.996406,0.025912,26
2016-03-14,223000,3076100,7.048232,7.203707,7.048232,7.177795,0.181389,86
2016-03-15,189138,2583876,7.177795,7.177795,6.970494,6.996406,-0.181389,80
2016-03-16,107011,1458700,6.996406,7.100057,6.996406,7.100057,0.103651,47
2016-03-17,357500,4988399,7.177795,7.281445,7.177795,7.177795,0.077738,137
2016-03-18,123200,1700837,7.255533,7.255533,7.12597,7.177795,0.0,61
2016-03-21,229099,3138004,7.177795,7.177795,7.074144,7.12597,-0.051825,80
2016-03-22,93480,1290124,7.177795,7.203707,7.100057,7.100057,-0.025913,42
2016-03-23,157289,2159596,7.12597,7.177795,7.100057,7.100057,0.0,45
2016-03-24,34634,474822,7.100057,7.12597,7.074144,7.100057,0.0,22
2016-03-25,54771,750234,7.12597,7.12597,7.074144,7.074144,-0.025913,27
2016-03-28,50000,686750,7.100057,7.151882,7.074144,7.074144,0.0,19
2016-03-29,154020,2080772,7.048232,7.074144,6.944581,6.996406,-0.077738,52
2016-03-30,44500,602450,6.996406,7.048232,6.996406,7.022319,0.025913,25
2016-03-31,29191,402866,7.151882,7.177795,7.151882,7.151882,0.129563,24
2016-04-01,22678,311021,7.100057,7.12597,7.048232,7.12597,-0.025912,16
2016-04-06,32233,438695,7.022319,7.12597,7.022319,7.048232,-0.077738,25
2016-04-07,39060,531160,7.048232,7.048232,7.022319,7.022319,-0.025913,23
2016-04-08,63201,858393,7.022319,7.12597,6.996406,7.074144,0.051825,29
2016-04-11,76034,1045167,7.151882,7.151882,7.100057,7.151882,0.077738,32
2016-04-12,47000,646650,7.12597,7.151882,7.100057,7.100057,-0.051825,22
2016-04-13,209126,2895075,7.151882,7.203707,7.12597,7.151882,0.051825,54
2016-04-14,46241,637461,7.151882,7.177795,7.12597,7.177795,0.025913,22
2016-04-15,29000,400800,7.151882,7.177795,7.151882,7.177795,0.0,14
2016-04-18,99000,1369550,7.177795,7.177795,7.100057,7.100057,-0.077738,24
2016-04-19,42050,580190,7.177795,7.203707,7.12597,7.177795,0.077738,24
2016-04-20,41000,563650,7.177795,7.203707,7.100057,7.12597,-0.051825,21
2016-04-21,103196,1422554,7.12597,7.203707,7.12597,7.177795,0.051825,47
2016-04-22,14346,197689,7.177795,7.177795,7.100057,7.151882,-0.025913,10
2016-04-25,77376,1064097,7.12597,7.151882,7.100057,7.151882,0.0,27
2016-04-26,51085,699305,7.177795,7.177795,7.074144,7.074144,-0.077738,19
2016-04-27,21000,287000,7.100057,7.100057,7.048232,7.100057,0.025913,13
2016-04-28,27254,370929,7.048232,7.100057,7.022319,7.022319,-0.077738,11
2016-04-29,5171,70592,7.074144,7.12597,7.048232,7.12597,0.103651,5
2016-05-03,44291,598757,7.022319,7.074144,6.996406,7.074144,-0.051826,17
2016-05-04,139000,1866000,6.970494,7.022319,6.918669,6.996406,-0.077738,38
2016-05-05,33000,443000,6.918669,6.996406,6.918669,6.918669,-0.077737,11
2016-05-06,12171,163691,6.970494,6.970494,6.970494,6.970494,0.051825,4
2016-05-09,77000,1021750,6.918669,6.970494,6.840931,6.970494,0.0,27
2016-05-10,49000,652500,6.944581,6.970494,6.892756,6.970494,0.0,20
2016-05-11,53126,706438,6.944581,6.970494,6.866843,6.970494,0.0,25
2016-05-12,20047,268124,6.892756,6.944581,6.892756,6.944581,-0.025913,7
2016-05-13,35000,462350,6.815018,6.918669,6.815018,6.866843,-0.077738,19
2016-05-16,10000,132850,6.866843,6.892756,6.866843,6.892756,0.025913,6
2016-05-17,12384,164906,6.866843,6.944581,6.866843,6.892756,0.0,9
2016-05-18,4250,56474,6.840931,6.918669,6.840931,6.892756,0.0,7
2016-05-19,28000,369400,6.866843,6.892756,6.815018,6.866843,-0.025913,16
2016-05-20,6000,79500,6.892756,6.892756,6.840931,6.892756,0.025913,4
2016-05-23,30005,403317,7.074144,7.074144,6.944581,6.996406,0.10365,14
2016-05-24,22652,301021,6.944581,6.944581,6.840931,6.944581,-0.051825,16
2016-05-25,29688,398018,6.944581,6.996406,6.892756,6.996406,0.051825,20
2016-05-26,30203,405820,6.996406,6.996406,6.918669,6.996406,0.0,20
2016-05-27,4025,54035,6.944581,6.970494,6.944581,6.970494,-0.025912,4
2016-05-30,30106,405891,6.970494,7.074144,6.892756,7.074144,0.10365,20
2016-05-31,38161,513106,6.996406,6.996406,6.944581,6.996406,-0.077738,24
2016-06-01,8300,112029,6.996406,6.996406,6.970494,6.996406,0.0,9
2016-06-02,32000,427250,6.918669,6.944581,6.918669,6.944581,-0.051825,11
2016-06-03,17000,227950,6.944581,6.970494,6.918669,6.970494,0.025913,8
2016-06-04,30000,401700,6.970494,6.970494,6.918669,6.944581,-0.025913,15
2016-06-06,24000,321600,6.944581,6.944581,6.944581,6.944581,0.0,5
2016-06-07,42345,568857,6.944581,7.100057,6.892756,7.048232,0.103651,27
2016-06-08,124000,1675950,7.048232,7.074144,6.970494,6.996406,-0.051826,28
2016-06-13,140100,1920775,7.100057,7.203707,7.074144,7.12597,0.129564,69
2016-06-14,111152,1552942,7.12597,7.33327,7.12597,7.307358,0.181388,70
2016-06-15,251687,3572605,7.281445,7.436921,7.203707,7.411008,0.10365,119
2016-06-16,112000,1585300,7.33327,7.411008,7.255533,7.307358,-0.10365,49
2016-06-17,162000,2316500,7.359183,7.462834,7.359183,7.436921,0.129563,73
2016-06-20,185375,2686187,7.488746,7.566484,7.462834,7.540571,0.10365,68
2016-06-21,157823,2276915,7.566484,7.566484,7.436921,7.514659,-0.025912,67
2016-06-22,179893,2564118,7.514659,7.514659,7.359183,7.359183,-0.155476,96
2016-06-23,139185,1996804,7.359183,7.488746,7.33327,7.436921,0.077738,60
2016-06-24,312815,4421630,7.436921,7.436921,7.255533,7.33327,-0.103651,166
2016-06-27,113000,1475200,7.249621,7.361154,7.193855,7.305387,-0.027883,76
2016-06-28,24275,318452,7.305387,7.361154,7.277504,7.33327,0.027883,24
2016-06-29,27000,354000,7.305387,7.361154,7.305387,7.33327,0.0,17
2016-06-30,88000,1163800,7.33327,7.444803,7.33327,7.41692,0.08365,32
2016-07-01,75888,1014960,7.444803,7.472686,7.41692,7.472686,0.055766,38
2016-07-04,20000,265200,7.361154,7.41692,7.361154,7.41692,-0.055766,11
2016-07-05,21000,277600,7.389037,7.389037,7.361154,7.389037,-0.027883,13
2016-07-06,103000,1350300,7.33327,7.389037,7.277504,7.361154,-0.027883,46
2016-07-07,34418,453517,7.33327,7.389037,7.33327,7.361154,0.0,14
2016-07-11,138344,1860659,7.389037,7.584219,7.389037,7.528453,0.167299,64
2016-07-12,139954,1899529,7.556336,7.612102,7.472686,7.556336,0.027883,59
2016-07-13,78150,1066261,7.556336,7.667868,7.556336,7.667868,0.111532,43
2016-07-14,92654,1268908,7.584219,7.695752,7.528453,7.695752,0.027884,45
2016-07-15,76217,1049021,7.639985,7.723635,7.612102,7.695752,0.0,35
2016-07-18,87001,1206963,7.695752,7.779401,7.695752,7.751518,0.055766,32
2016-07-19,107500,1495299,7.779401,7.779401,7.612102,7.779401,0.027883,36
2016-07-20,77000,1054800,7.779401,7.779401,7.556336,7.723635,-0.055766,50
2016-07-21,80176,1110646,7.723635,7.779401,7.612102,7.779401,0.055766,38
2016-07-22,48000,667350,7.807284,7.807284,7.667868,7.779401,0.0,28
2016-07-25,56651,777368,7.751518,7.751518,7.612102,7.695752,-0.083649,39
2016-07-26,55359,766404,7.695752,7.779401,7.639985,7.723635,0.027883,33
2016-07-27,62818,867836,7.723635,7.779401,7.639985,7.751518,0.027883,38
2016-07-28,108191,1503854,7.751518,7.779401,7.695752,7.779401,0.027883,52
2016-07-29,41723,580599,7.751518,7.807284,7.723635,7.779401,0.0,21
2016-08-01,31529,438161,7.779401,7.779401,7.723635,7.751518,-0.027883,17
2016-08-02,38576,533303,7.639985,7.779401,7.639985,7.751518,0.0,26
2016-08-03,27119,376052,7.723635,7.779401,7.695752,7.751518,0.0,19
2016-08-04,630125,9019000,7.807284,8.141882,7.779401,8.030349,0.278831,261
2016-08-05,253272,3642837,8.030349,8.086116,7.974583,8.058233,0.027884,112
2016-08-08,774348,11609404,8.141882,8.588013,8.086116,8.47648,0.418247,329
2016-08-09,312020,4659153,8.47648,8.504363,8.197648,8.504363,0.027883,156
2016-08-10,470265,7096391,8.47648,8.560129,8.309181,8.532246,0.027883,161
2016-08-11,147904,2252250,8.560129,8.643779,8.39283,8.504363,-0.027883,73
2016-08-12,156126,2363015,8.504363,8.532246,8.364947,8.532246,0.027883,78
2016-08-15,148000,2239850,8.532246,8.560129,8.364947,8.532246,0.0,66
2016-08-16,110000,1670750,8.532246,8.532246,8.420714,8.532246,0.0,40
2016-08-17,278800,4282010,8.532246,8.615896,8.504363,8.615896,0.08365,83
2016-08-18,174101,2656140,8.448597,8.588013,8.448597,8.504363,-0.111533,72
2016-08-19,253645,3824875,8.504363,8.504363,8.337064,8.448597,-0.055766,104
2016-08-22,178000,2693450,8.337064,8.504363,8.337064,8.504363,0.055766,59
2016-08-23,40171,609131,8.560129,8.560129,8.420714,8.47648,-0.027883,25
2016-08-24,61000,920050,8.448597,8.47648,8.364947,8.47648,0.0,31
2016-08-25,40447,612855,8.47648,8.560129,8.420714,8.420714,-0.055766,25
2016-08-26,48376,726790,8.39283,8.448597,8.364947,8.420714,0.0,28
2016-08-29,124000,1874050,8.364947,8.47648,8.364947,8.47648,0.055766,36
2016-08-30,72050,1092812,8.47648,8.47648,8.420714,8.448597,-0.027883,27
2016-08-31,93473,1409792,8.420714,8.47648,8.364947,8.448597,0.0,39
2016-09-01,44170,665366,8.504363,8.504363,8.364947,8.448597,0.0,24
2016-09-02,34979,530032,8.448597,8.47648,8.364947,8.47648,0.027883,21
2016-09-05,83000,1252200,8.47648,8.504363,8.364947,8.47648,0.0,33
2016-09-06,161200,2441780,8.47648,8.504363,8.39283,8.448597,-0.027883,55
2016-09-07,132862,2005766,8.420714,8.448597,8.39283,8.448597,0.0,39
2016-09-08,63030,948250,8.364947,8.420714,8.364947,8.420714,-0.027883,37
2016-09-09,72500,1095599,8.364947,8.47648,8.364947,8.448597,0.027883,31
2016-09-10,42000,631450,8.364947,8.448597,8.364947,8.448597,0.0,26
2016-09-12,4052606,67043584,8.866844,9.285092,8.866844,9.285092,0.836495,970
2016-09-13,3078051,50865516,9.480274,9.53604,8.838961,8.838961,-0.446131,1264
2016-09-14,851360,13787412,8.783195,9.145676,8.783195,9.00626,0.167299,413
2016-09-19,351761,5694178,9.089909,9.117793,8.950494,9.034143,0.027883,164
2016-09-20,173570,2813376,9.00626,9.089909,9.00626,9.034143,0.0,91
2016-09-21,1857280,32094931,9.034143,9.926404,8.950494,9.926404,0.892261,649
2016-09-22,4149007,76672477,10.121586,10.651366,10.06582,10.205236,0.278832,1820
2016-09-23,1331777,24336165,10.316768,10.456184,9.98217,10.261002,0.055766,615
2016-09-26,964250,17519350,10.261002,10.428301,10.037937,10.06582,-0.195182,429
2016-09-29,623005,11223938,10.121586,10.233119,9.926404,9.926404,-0.139416,319
2016-09-30,429483,7636795,9.926404,10.037937,9.786988,10.037937,0.111533,226
2016-10-03,352554,6337922,10.121586,10.149469,9.898521,10.010054,-0.027883,188
2016-10-04,457425,8254898,10.010054,10.205236,9.926404,10.205236,0.195182,233
2016-10-05,798465,14666459,10.205236,10.344652,10.121586,10.288885,0.083649,316
2016-10-06,1723489,32639192,10.400418,10.846548,10.288885,10.484067,0.195182,741
2016-10-07,492864,9270062,10.539834,10.707133,10.400418,10.428301,-0.055766,241
2016-10-11,650100,11873510,10.428301,10.623483,9.926404,10.037937,-0.390364,301
2016-10-12,335431,5975592,9.842755,10.149469,9.842755,9.954287,-0.08365,160
2016-10-13,294899,5251282,10.121586,10.121586,9.842755,9.954287,0.0,118
2016-10-14,538201,9349337,9.954287,10.093703,9.53604,9.647573,-0.306714,237
2016-10-17,255100,4340060,9.480274,9.591806,9.424507,9.563923,-0.08365,123
2016-10-18,173000,2982300,9.508157,9.759105,9.508157,9.703339,0.139416,97
2016-10-19,153341,2676464,9.703339,9.842755,9.647573,9.675456,-0.027883,92
2016-10-20,79200,1372059,9.703339,9.759105,9.563923,9.731222,0.055766,43
2016-10-21,124000,2174850,9.731222,9.842755,9.675456,9.731222,0.0,69
2016-10-24,238051,4203805,9.786988,9.926404,9.731222,9.898521,0.167299,118
2016-10-25,137481,2430113,9.898521,9.926404,9.786988,9.926404,0.027883,66
2016-10-26,268620,4806885,9.926404,10.093703,9.870638,9.98217,0.055766,127
2016-10-27,229100,4112339,10.037937,10.06582,9.954287,10.06582,0.08365,99
2016-10-28,1530162,28498580,10.121586,10.567717,10.06582,10.316768,0.250948,629
2016-10-31,541764,10115937,10.372535,10.539834,10.316768,10.316768,0.0,258
2016-11-01,160000,2960000,10.344652,10.400418,10.233119,10.344652,0.027884,75
2016-11-02,290150,5251592,10.344652,10.344652,9.98217,9.98217,-0.362482,133
2016-11-03,200150,3556185,9.98217,10.149469,9.814872,9.926404,-0.055766,88
2016-11-04,243150,4382771,10.037937,10.177353,9.926404,10.149469,0.223065,117
2016-11-07,3559952,70107190,10.5956,11.153263,10.5956,11.153263,1.003794,1383
2016-11-08,2870500,57692171,11.320562,11.459978,10.930198,11.153263,0.0,1373
2016-11-09,1485475,28543156,11.069614,11.209029,10.316768,10.400418,-0.752845,715
2016-11-10,1833408,36779036,10.930198,11.404212,10.762899,11.320562,0.920144,837
2016-11-11,1654923,31506565,10.874432,11.013847,10.344652,10.400418,-0.920144,733
2016-11-14,984495,18334507,10.484067,10.623483,10.233119,10.316768,-0.08365,375
2016-11-15,690692,12716893,10.456184,10.484067,10.149469,10.149469,-0.167299,337
2016-11-16,344250,6365975,10.261002,10.400418,10.233119,10.344652,0.195183,191
2016-11-17,692125,13134487,10.400418,10.707133,10.372535,10.707133,0.362481,323
2016-11-18,1588976,31621876,10.874432,11.292679,10.874432,11.013847,0.306714,720
2016-11-21,589062,11627663,11.069614,11.209029,10.874432,10.930198,-0.083649,310
2016-11-22,1418185,28334013,10.958081,11.376328,10.902315,11.097497,0.167299,589
2016-11-23,546551,10915008,11.209029,11.348445,11.04173,11.04173,-0.055767,272
2016-11-24,537976,10621980,11.097497,11.236913,10.818665,10.902315,-0.139415,274
2016-11-25,328582,6389609,11.04173,11.04173,10.790782,10.790782,-0.111533,150
2016-11-28,212060,4101955,10.790782,10.958081,10.707133,10.735016,-0.055766,132
2016-11-29,1212064,24245485,10.707133,11.432095,10.707133,11.264796,0.52978,552
2016-11-30,414125,8306237,11.264796,11.348445,11.069614,11.097497,-0.167299,210
2016-12-01,2791356,58477710,11.181146,12.017641,11.153263,11.933992,0.836495,1194
2016-12-02,1528413,32665391,11.933992,12.157057,11.710926,11.738809,-0.195183,804
2016-12-05,774590,16600225,11.766693,12.045524,11.766693,12.017641,0.278832,382
2016-12-06,2830233,63306426,12.045524,12.826253,12.017641,12.240706,0.223065,1337
2016-12-07,1445240,31750448,12.324356,12.547421,12.017641,12.547421,0.306715,657
2016-12-08,835984,18470298,12.742603,12.742603,12.157057,12.212823,-0.334598,404
2016-12-09,1176115,25299874,12.324356,12.435888,11.627277,11.850342,-0.362481,605
2016-12-12,619295,13263461,11.989758,12.129174,11.766693,11.989758,0.139416,335
2016-12-13,390117,8382919,12.017641,12.10129,11.822459,12.073407,0.083649,196
2016-12-14,333489,7205485,11.989758,12.157057,11.989758,12.10129,0.027883,149
2016-12-15,196000,4250400,12.073407,12.18494,11.989758,12.10129,0.0,109
2016-12-16,1546900,34564418,12.380122,12.575304,12.157057,12.519538,0.418248,692
2016-12-19,651500,14602799,12.658954,12.658954,12.296473,12.547421,0.027883,314
2016-12-20,267500,5981299,12.547421,12.575304,12.380122,12.491655,-0.055766,166
2016-12-21,931590,20263966,12.408005,12.491655,11.933992,11.933992,-0.557663,454
2016-12-22,799640,16734643,11.961875,11.961875,11.543627,11.599394,-0.334598,373
2016-12-23,830200,17571950,11.57151,12.212823,11.432095,11.738809,0.139415,406
2016-12-26,343651,7312450,11.710926,11.961875,11.599394,11.933992,0.195183,170
2016-12-27,145000,3085400,11.989758,11.989758,11.766693,11.766693,-0.167299,90
2016-12-28,298896,6306454,11.710926,11.906108,11.710926,11.766693,0.0,168
2016-12-29,283221,6063557,11.766693,12.045524,11.766693,11.850342,0.083649,144
2016-12-30,192861,4109788,11.822459,11.989758,11.794576,11.878225,0.027883,105
2017-01-03,196050,4168105,11.878225,12.073407,11.822459,11.822459,-0.055766,80
2017-01-04,685426,14846428,11.933992,12.18494,11.933992,12.129174,0.306715,240
2017-01-05,1982938,45023666,12.268589,13.049318,12.268589,12.519538,0.390364,836
2017-01-06,3639908,85226405,12.770486,13.328149,12.71472,13.328149,0.808611,1636
2017-01-09,6115022,151425078,13.802163,14.164644,13.439682,13.634864,0.306715,2860
2017-01-10,2850148,70901457,13.77428,14.108878,13.495448,14.108878,0.474014,1450
2017-01-11,2687336,66494144,13.941579,13.997345,13.551215,13.885813,-0.223065,1359
2017-01-12,3452848,87427758,14.331943,14.638658,13.718514,13.830046,-0.055767,1708
2017-01-13,1361505,33369673,13.662747,13.885813,13.523332,13.802163,-0.027883,605
2017-01-16,631041,15319694,13.551215,13.662747,13.467565,13.495448,-0.306715,354
2017-01-17,5352576,137710000,13.606981,14.778074,13.606981,14.499242,1.003794,2619
2017-01-18,3625976,95033261,14.722307,14.917489,14.331943,14.610775,0.111533,1853
2017-01-19,1710713,43944141,14.499242,14.666541,14.164644,14.22041,-0.390365,965
2017-01-20,864671,22121792,14.387709,14.471359,14.136761,14.164644,-0.055766,473
2017-01-23,1061816,26818417,14.30406,14.415593,13.77428,13.830046,-0.334598,589
2017-01-24,1012478,24850357,13.77428,13.941579,13.495448,13.718514,-0.111532,584
2017-02-02,1027800,25711558,13.77428,14.276177,13.662747,14.192527,0.474013,501
2017-02-03,1061100,26928349,14.359826,14.359826,13.969462,14.22041,0.027883,518
2017-02-06,1502012,38649005,14.22041,14.527125,14.164644,14.527125,0.306715,600
2017-02-07,5033616,136373739,14.666541,15.558802,14.666541,14.83384,0.306715,2204
2017-02-08,1676788,43546616,14.917489,14.917489,14.276177,14.499242,-0.334598,824
2017-02-09,4967066,136089204,15.921283,15.921283,14.610775,14.945373,0.446131,1827
2017-02-10,981511,26070914,15.029022,15.029022,14.694424,14.861723,-0.08365,467
2017-02-13,1028146,27682061,14.945373,15.196321,14.805957,15.056905,0.195182,528
2017-02-14,1064548,28065247,15.056905,15.056905,14.527125,14.555008,-0.501897,537
2017-02-15,1548807,41029489,14.610775,15.084788,14.387709,15.001139,0.446131,743
2017-02-16,1854864,50372054,15.252087,15.335737,14.945373,15.001139,0.0,757
2017-02-17,1215970,32148397,15.224204,15.224204,14.555008,14.83384,-0.167299,616
2017-02-18,466000,12327550,14.83384,14.945373,14.666541,14.778074,-0.055766,263
2017-02-20,1239181,33276736,14.778074,15.224204,14.694424,14.75019,-0.027884,545
2017-02-21,3974917,110496029,15.112671,15.8934,14.805957,15.614568,0.864378,1834
2017-02-22,8347591,249304506,16.172231,17.008726,16.172231,16.897194,1.282626,3744
2017-02-23,6229916,195046157,17.231791,18.124053,17.008726,17.176025,0.278831,2989
2017-02-24,1424321,42920955,17.036609,17.120259,16.562596,16.785661,-0.390364,835
2017-03-01,1896440,57929085,17.064493,17.454857,16.757778,17.092376,0.306715,940
2017-03-02,1670396,50045859,17.259675,17.259675,16.200115,16.562596,-0.52978,868
2017-03-03,1300150,38991604,16.95296,17.036609,16.451063,16.618362,0.055766,656
2017-03-06,995753,29670400,16.702011,16.95296,16.395297,16.590479,-0.027883,461
2017-03-07,2554684,78500545,16.785661,17.39909,16.618362,17.287558,0.697079,1364
2017-03-08,4270141,136026971,17.733688,18.235585,17.287558,17.315441,0.027883,2366
2017-03-09,1613438,50981271,17.733688,17.761571,17.39909,17.761571,0.44613,949
2017-03-10,1910084,58898860,17.761571,17.817338,16.897194,17.008726,-0.752845,1192
2017-03-13,4720905,130840279,15.921283,16.311647,15.307854,15.307854,-1.700872,2112
2017-03-14,1573521,43888232,15.335737,15.698218,15.335737,15.503036,0.195182,869
2017-03-15,1433712,41111062,15.503036,16.311647,15.503036,15.949166,0.44613,802
2017-03-16,3690832,111536402,16.311647,17.454857,16.060699,17.148142,1.198976,1839
2017-03-17,2303682,72852594,17.789455,17.956754,17.315441,17.510623,0.362481,1259
2017-03-20,1157886,36495806,17.622156,17.789455,17.343324,17.622156,0.111533,594
2017-03-21,2419225,77177211,17.900987,18.235585,16.897194,16.897194,-0.724962,1231
2017-03-22,1475641,45696105,17.008726,17.538506,16.95296,17.454857,0.557663,762
2017-03-23,1270919,39546100,17.510623,17.789455,17.203908,17.203908,-0.250949,643
2017-03-24,581877,17824317,17.287558,17.315441,16.95296,17.064493,-0.139415,335
2017-03-27,1005900,30095867,17.064493,17.176025,16.200115,16.395297,-0.669196,528
2017-03-28,1681095,47778336,16.674128,16.702011,15.36362,15.8934,-0.501897,1002
2017-03-29,1179762,32996986,15.781867,15.80975,15.447269,15.670335,-0.223065,700
2017-03-30,491755,13792676,15.698218,15.781867,15.530919,15.670335,0.0,288
2017-03-31,506862,14293400,15.670335,15.949166,15.614568,15.781867,0.111532,259
2017-04-05,862475,24185727,15.781867,15.865517,15.503036,15.530919,-0.250948,398
2017-04-06,1266495,34622838,15.558802,15.614568,15.001139,15.140555,-0.390364,628
2017-04-07,2975525,76643673,15.252087,15.252087,13.830046,14.499242,-0.641313,1744
2017-04-10,1276900,33944820,14.666541,15.168438,14.499242,14.945373,0.446131,766
2017-04-11,1022116,26795366,15.001139,15.001139,14.387709,14.499242,-0.446131,555
2017-04-12,417618,10801823,14.387709,14.582891,14.387709,14.443476,-0.055766,229
2017-04-13,608942,15559064,14.415593,14.443476,14.108878,14.22041,-0.223066,384
2017-04-14,1700048,41895975,14.164644,14.164644,13.551215,13.662747,-0.557663,741
2017-04-17,610200,14969949,13.718514,13.857929,13.495448,13.662747,0.0,342
2017-04-18,609000,15220500,13.830046,14.108878,13.830046,14.053112,0.390365,360
2017-04-19,696532,17134876,13.941579,13.941579,13.606981,13.857929,-0.195183,417
2017-04-20,830416,20665450,13.69063,14.136761,13.69063,13.802163,-0.055766,390
2017-04-21,825035,20905946,13.997345,14.359826,13.885813,14.359826,0.557663,403
2017-04-24,1030250,25740124,14.30406,14.359826,13.718514,13.941579,-0.418247,433
2017-04-25,440516,11160801,14.025228,14.276177,13.913696,14.164644,0.223065,239
2017-04-26,460961,11855295,14.22041,14.443476,14.192527,14.331943,0.167299,251
2017-04-27,462527,11964248,14.415593,14.610775,14.30406,14.527125,0.195182,250
2017-04-28,933994,24784888,14.610775,14.973256,14.555008,14.917489,0.390364,578
2017-05-02,670046,17956623,14.973256,15.168438,14.722307,14.722307,-0.195182,389
2017-05-03,378525,9942705,14.75019,14.889606,14.555008,14.610775,-0.111532,181
2017-05-04,213002,5581552,14.722307,14.722307,14.582891,14.610775,0.0,111
2017-05-05,212000,5529550,14.610775,14.75019,14.499242,14.499242,-0.111533,112
2017-05-08,140191,3617866,14.471359,14.471359,14.331943,14.387709,-0.111533,86
2017-05-09,214372,5496073,14.387709,14.471359,14.164644,14.30406,-0.083649,126
2017-05-10,284125,7310337,14.136761,14.666541,14.136761,14.443476,0.139416,110
2017-05-11,291000,7525900,14.443476,14.499242,14.331943,14.387709,-0.055767,117
2017-05-12,188100,4887459,14.610775,14.610775,14.387709,14.415593,0.027884,91
2017-05-15,428805,10922854,14.499242,14.610775,13.997345,14.080995,-0.334598,197
2017-05-16,294000,7391250,14.025228,14.164644,13.941579,13.997345,-0.08365,175
2017-05-17,168102,4265869,13.997345,14.30406,13.997345,14.164644,0.167299,105
2017-05-18,87000,2196000,13.997345,14.136761,13.969462,14.136761,-0.027883,59
2017-05-19,451329,11332257,14.164644,14.248294,13.941579,14.108878,-0.027883,232
2017-05-22,106650,2679300,13.941579,14.080995,13.941579,14.025228,-0.08365,61
2017-05-23,313225,8014087,14.025228,14.415593,13.969462,14.331943,0.306715,204
2017-05-24,140478,3623486,14.331943,14.471359,14.331943,14.387709,0.055766,85
2017-05-25,491884,12943845,14.387709,14.889606,14.387709,14.666541,0.278832,285
2017-05-26,220291,5783759,14.778074,14.778074,14.610775,14.722307,0.055766,134
2017-05-31,304600,8050040,14.75019,14.889606,14.610775,14.83384,0.111533,173
2017-06-01,229583,6035524,14.83384,14.945373,14.527125,14.638658,-0.195182,135
2017-06-02,323828,8490993,14.778074,14.83384,14.582891,14.638658,0.0,154
2017-06-03,131000,3463450,14.666541,14.861723,14.638658,14.861723,0.223065,74
2017-06-05,433000,11604000,14.917489,15.001139,14.889606,14.973256,0.111533,241
2017-06-06,589000,16104950,15.056905,15.475153,15.029022,15.196321,0.223065,341
2017-06-07,353000,9515800,15.196321,15.196321,14.973256,15.112671,-0.08365,179
2017-06-08,319500,8674449,15.27997,15.27997,14.973256,15.252087,0.139416,151
2017-06-09,407409,11113724,15.168438,15.36362,15.056905,15.27997,0.027883,228
2017-06-12,441847,12097580,15.27997,15.447269,15.168438,15.27997,0.0,206
2017-06-13,307937,8430340,15.196321,15.391503,15.140555,15.168438,-0.111532,166
2017-06-14,339106,9077219,15.335737,15.335737,14.778074,14.778074,-0.390364,186
2017-06-15,127080,3341873,14.778074,14.889606,14.555008,14.889606,0.111532,81
2017-06-16,162227,4354710,14.83384,15.056905,14.83384,15.001139,0.111533,121
2017-06-19,142389,3852096,15.168438,15.224204,14.945373,14.945373,-0.055766,81
2017-06-20,246000,6631000,15.056905,15.112671,14.945373,14.945373,0.0,139
2017-06-21,111030,2982260,14.973256,15.084788,14.945373,15.056905,0.111532,50
2017-06-22,225070,6047022,15.056905,15.168438,14.945373,14.973256,-0.083649,111
2017-06-23,199030,5347260,15.056905,15.056905,14.917489,15.056905,0.083649,73
2017-06-26,202821,5458917,15.056905,15.112671,14.917489,15.056905,0.0,106
2017-06-27,175050,4711755,14.973256,15.112671,14.945373,15.029022,-0.027883,91
2017-06-28,253379,6782897,15.001139,15.056905,14.861723,14.917489,-0.111533,107
2017-06-29,184000,4909550,15.029022,15.029022,14.805957,14.861723,-0.055766,74
2017-06-30,127000,3370000,14.861723,14.861723,14.778074,14.778074,-0.083649,75
2017-07-03,198000,5249450,14.722307,14.889606,14.722307,14.861723,0.083649,89
2017-07-04,232050,6226437,14.945373,15.029022,14.917489,14.945373,0.08365,103
2017-07-05,863150,22677895,15.056905,15.056905,14.331943,14.778074,-0.167299,357
2017-07-06,159410,4205933,14.778074,14.778074,14.666541,14.694424,-0.08365,79
2017-07-07,312876,8228826,14.722307,14.75019,14.582891,14.582891,-0.111533,160
2017-07-10,867460,22425710,14.527125,14.582891,14.331943,14.359826,-0.223065,460
2017-07-11,403030,9576661,14.299364,14.45052,14.20867,14.45052,0.090694,229
2017-07-12,142051,3405168,14.45052,14.571445,14.420289,14.480751,0.030231,86
2017-07-13,199688,4789074,14.571445,14.571445,14.45052,14.45052,-0.030231,71
2017-07-14,222100,5335564,14.510982,14.631907,14.420289,14.631907,0.181387,104
2017-07-17,143283,3475755,14.631907,14.722601,14.631907,14.631907,0.0,71
2017-07-18,219240,5312291,14.752832,14.752832,14.571445,14.722601,0.090694,95
2017-07-19,105765,2531685,14.571445,14.662138,14.20867,14.631907,-0.090694,62
2017-07-20,143000,3449000,14.631907,14.631907,14.510982,14.631907,0.0,91
2017-07-21,178329,4291978,14.631907,14.631907,14.510982,14.631907,0.0,62
2017-07-24,152054,3646196,14.631907,14.631907,14.45052,14.510982,-0.120925,73
2017-07-25,141200,3385210,14.510982,14.541214,14.420289,14.541214,0.030232,66
2017-07-26,222100,5393639,14.541214,14.813294,14.541214,14.752832,0.211618,111
2017-07-27,188175,4670571,14.752832,15.055144,14.752832,15.024913,0.272081,116
2017-07-28,351000,8843400,15.115607,15.266763,15.115607,15.266763,0.24185,177
2017-07-31,731500,18794700,15.296994,15.659768,15.296994,15.538844,0.272081,313
2017-08-01,314140,8010169,15.599306,15.599306,15.266763,15.417919,-0.120925,122
2017-08-02,177316,4488590,15.417919,15.417919,15.2063,15.387687,-0.030232,95
2017-08-03,387729,9748042,15.387687,15.417919,14.873757,15.387687,0.0,173
2017-08-04,2846175,75945196,15.720231,16.596936,15.599306,16.536474,1.148787,1128
2017-08-07,3237345,90860292,16.899248,17.292254,16.68763,16.989942,0.453468,1292
2017-08-08,1440948,40622153,17.050404,17.352716,16.778323,16.869017,-0.120925,780
2017-08-09,772818,21287607,16.808555,16.929479,16.476011,16.68763,-0.181387,391
2017-08-10,883020,23778786,16.748092,16.778323,16.083005,16.20393,-0.4837,464
2017-08-11,1063050,27773467,15.659768,16.052774,15.629537,15.992312,-0.211618,482
2017-08-14,601001,15612426,16.083005,16.113237,15.387687,15.659768,-0.332544,270
2017-08-15,312000,8173350,15.992312,15.992312,15.720231,15.780693,0.120925,153
2017-08-16,287500,7439975,15.720231,15.871387,15.478381,15.69,-0.090693,155
2017-08-17,774173,20764257,16.022543,16.385318,16.022543,16.113237,0.423237,398
2017-08-18,257577,6806012,15.871387,16.324855,15.780693,16.324855,0.211618,144
2017-08-21,391070,10413012,16.143468,16.173699,16.022543,16.083005,-0.24185,181
2017-08-22,277199,7387503,16.234161,16.234161,16.022543,16.083005,0.0,133
2017-08-23,570044,15321874,16.20393,16.44578,16.083005,16.264393,0.181388,259
2017-08-24,387222,10426457,16.173699,16.355086,16.173699,16.264393,0.0,153
2017-08-25,307380,8236996,16.264393,16.264393,16.143468,16.264393,0.0,147
2017-08-28,390136,10487117,16.294624,16.506242,16.173699,16.20393,-0.060463,130
2017-08-29,364355,9772942,16.20393,16.385318,16.113237,16.173699,-0.030231,174
2017-08-30,788411,21400869,16.264393,16.596936,16.173699,16.596936,0.423237,333
2017-08-31,819000,22595350,16.929479,16.929479,16.355086,16.627167,0.030231,365
2017-09-01,493625,13501925,16.627167,16.717861,16.324855,16.68763,0.060463,214
2017-09-04,778112,21530441,16.717861,16.959711,16.476011,16.808555,0.120925,315
2017-09-05,6218720,182822608,17.020173,18.259653,16.929479,18.19919,1.390635,2551
2017-09-06,2538575,75000900,18.017803,18.44104,17.231791,17.655028,-0.544162,1150
2017-09-07,1581704,46292274,18.017803,18.048034,17.382948,17.806185,0.151157,760
2017-09-08,846469,24821936,17.836416,17.927109,17.564335,17.624797,-0.181388,426
2017-09-11,2997161,89502893,18.350346,18.350346,17.715491,18.017803,0.393006,1159
2017-09-12,1268000,37609450,18.410809,18.44104,17.655028,17.655028,-0.362775,732
2017-09-13,1477314,42404768,17.655028,17.775953,17.141098,17.534104,-0.120924,697
2017-09-14,642254,18565664,17.413179,17.715491,17.292254,17.352716,-0.181388,330
2017-09-15,923139,27014500,17.594566,17.957341,17.382948,17.655028,0.302312,436
2017-09-18,685703,19780394,17.745722,17.836416,17.292254,17.503872,-0.151156,520
2017-09-19,411649,11860810,17.594566,17.594566,17.352716,17.352716,-0.151156,197
2017-09-20,243500,6998025,17.352716,17.473641,17.292254,17.352716,0.0,139
2017-09-21,988141,28968472,17.413179,17.896878,17.322485,17.896878,0.544162,413
2017-09-22,2453701,73753068,17.957341,18.531734,17.655028,17.745722,-0.151156,1174
2017-09-25,802911,22936963,17.836416,17.836416,16.989942,17.352716,-0.393006,343
2017-09-26,506489,14312515,17.352716,17.473641,16.808555,17.050404,-0.302312,236
2017-09-27,414588,11784724,17.050404,17.382948,16.899248,17.352716,0.302312,184
2017-09-28,158030,4512105,17.352716,17.534104,17.171329,17.292254,-0.060462,104
2017-09-29,256200,7283800,17.352716,17.413179,17.050404,17.322485,0.030231,137
2017-09-30,1726000,51287450,17.322485,18.380578,17.322485,18.078265,0.75578,729
2017-10-02,591280,17785427,18.19919,18.350346,17.896878,18.168959,0.090694,332
2017-10-03,2678798,81882940,18.350346,18.773583,18.048034,18.108497,-0.060462,1180
2017-10-05,886527,26604010,18.19919,18.380578,17.957341,18.259653,0.151156,350
2017-10-06,1014607,30334988,18.410809,18.410809,17.957341,18.138728,-0.120925,378
2017-10-11,844500,25623000,18.531734,18.561965,18.138728,18.320115,0.181387,390
2017-10-12,1706925,52188954,18.44104,18.652659,18.259653,18.471271,0.151156,808
2017-10-13,6123009,193533825,18.592196,19.650289,18.531734,18.864277,0.393006,2632
2017-10-16,8665842,289274462,19.408439,20.738612,19.106127,20.738612,1.874335,3780
2017-10-17,6715358,231609872,20.859537,21.343236,20.315375,20.557225,-0.181387,3433
2017-10-18,3033118,100510280,20.587456,20.708381,19.710751,19.892138,-0.665087,1590
2017-10-19,2727700,92584778,20.254913,20.859537,20.013063,20.859537,0.967399,1502
2017-10-20,1863228,62966451,20.587456,20.768843,20.19445,20.345606,-0.513931,1000
2017-10-23,1547311,51451407,20.496763,20.526994,19.892138,19.952601,-0.393005,806
2017-10-24,913484,29935196,20.073526,20.19445,19.650289,19.771213,-0.181388,520
2017-10-25,6356092,219798014,19.831676,21.494393,19.831676,20.285144,0.513931,3000
2017-10-26,2620713,90487156,20.557225,21.403699,20.345606,21.040924,0.75578,1359
2017-10-27,2835820,96558128,21.585086,21.585086,19.861907,19.861907,-1.179017,1491
2017-10-30,1883625,60543530,20.043294,20.4363,18.985202,19.589826,-0.272081,902
2017-10-31,968256,31485469,19.589826,19.952601,19.287514,19.710751,0.120925,522
2017-11-01,694539,22718928,19.801445,19.982832,19.468901,19.831676,0.120925,373
2017-11-02,4328878,146026985,20.4363,20.799075,19.952601,20.224682,0.393006,1966
2017-11-03,2107871,71258751,20.19445,20.768843,20.073526,20.406069,0.181387,1015
2017-11-06,652000,21981500,20.647919,20.647919,20.254913,20.254913,-0.151156,394
2017-11-07,771200,25855809,20.496763,20.557225,20.073526,20.133988,-0.120925,319
2017-11-08,934551,31325475,20.254913,20.466531,20.133988,20.285144,0.151156,454
2017-11-09,2707050,91868452,20.496763,20.829306,19.892138,20.073526,-0.211618,1380
2017-11-10,1335150,45345400,20.254913,20.799075,20.073526,20.647919,0.574393,695
2017-11-13,2187536,70355002,20.073526,20.345606,18.864277,19.227052,-1.420867,1129
2017-11-14,993200,30981580,19.317745,19.620057,18.561965,18.803815,-0.423237,523
2017-11-15,540300,16771240,18.924739,18.954971,18.531734,18.803815,0.0,306
2017-11-16,386893,12165612,18.894508,19.166589,18.803815,18.954971,0.151156,252
2017-11-17,970949,31204479,19.317745,19.831676,19.227052,19.317745,0.362774,539
2017-11-20,427211,13711197,19.317745,19.650289,19.257283,19.287514,-0.030231,225
2017-11-21,451529,14358722,19.589826,19.589826,19.136358,19.227052,-0.060462,242
2017-11-22,449376,14271743,19.408439,19.43867,19.045664,19.045664,-0.181388,268
2017-11-23,264078,8360863,19.106127,19.227052,19.075895,19.106127,0.060463,149
2017-11-24,312546,10021899,19.257283,19.499132,19.257283,19.43867,0.332543,201
2017-11-27,740150,24155240,19.771213,19.861907,19.589826,19.710751,0.272081,393
2017-11-28,768317,25408077,19.952601,20.103757,19.831676,19.892138,0.181387,435
2017-11-29,974050,32587820,20.254913,20.466531,20.043294,20.103757,0.211619,482
2017-11-30,953150,30857857,20.224682,20.224682,19.317745,19.347976,-0.755781,435
2017-12-01,782364,24662534,19.317745,19.589826,18.894508,19.166589,-0.181387,390
2017-12-04,369144,11563942,18.924739,19.075895,18.834046,18.834046,-0.332543,215
2017-12-05,644321,19972916,18.834046,18.924739,18.561965,18.592196,-0.24185,299
2017-12-06,550126,16806899,18.592196,18.864277,18.229422,18.501502,-0.090694,281
2017-12-07,552432,16653910,18.501502,18.531734,18.048034,18.138728,-0.362774,247
2017-12-08,261746,8057361,18.229422,18.924739,18.108497,18.924739,0.786011,180
2017-12-11,494009,15542783,18.924739,19.227052,18.864277,19.227052,0.302313,260
2017-12-12,326900,10321770,19.43867,19.43867,18.864277,18.924739,-0.302313,194
2017-12-13,312224,9911415,19.227052,19.287514,19.075895,19.075895,0.151156,160
2017-12-14,178421,5654923,19.19682,19.287514,19.045664,19.19682,0.120925,132
2017-12-15,246000,7688750,19.106127,19.257283,18.803815,18.803815,-0.393005,155
2017-12-18,173105,5408265,18.864277,19.015433,18.803815,18.864277,0.060462,106
2017-12-19,382600,12140639,19.015433,19.468901,18.954971,19.287514,0.423237,213
2017-12-20,283891,9050550,19.408439,19.468901,19.136358,19.43867,0.151156,138
2017-12-21,163000,5212700,19.43867,19.529364,19.227052,19.227052,-0.211618,100
2017-12-22,265101,8359511,19.347976,19.347976,18.864277,19.015433,-0.211619,233
2017-12-25,117414,3702882,18.985202,19.166589,18.985202,19.136358,0.120925,89
2017-12-26,213090,6632958,19.075895,19.106127,18.743352,18.743352,-0.393006,136
2017-12-27,192734,5975079,18.985202,18.985202,18.622427,18.803815,0.060463,98
2017-12-28,250504,7891850,19.045664,19.136358,18.894508,19.106127,0.302312,158
2017-12-29,264300,8419810,19.106127,19.347976,19.106127,19.317745,0.211618,145
2018-01-02,287637,9159310,19.317745,19.43867,19.136358,19.136358,-0.181387,177
2018-01-03,1146778,37116329,19.227052,19.831676,19.19682,19.801445,0.665087,630
2018-01-04,857881,28265112,19.952601,20.164219,19.710751,19.861907,0.060462,442
2018-01-05,500180,16315418,19.952601,20.073526,19.559595,19.710751,-0.151156,291
2018-01-08,597706,19084538,19.710751,19.771213,19.075895,19.075895,-0.634856,319
2018-01-09,340600,10676258,19.106127,19.317745,18.773583,19.045664,-0.030231,200
2018-01-10,212264,6642815,19.045664,19.166589,18.803815,18.803815,-0.241849,103
2018-01-11,319456,9876280,18.561965,19.015433,18.44104,18.894508,0.090693,159
2018-01-12,97254,3028311,18.985202,18.985202,18.773583,18.773583,-0.120925,85
2018-01-15,286726,8852437,18.803815,18.894508,18.561965,18.561965,-0.211618,174
2018-01-16,225125,6936050,18.561965,18.894508,18.501502,18.743352,0.181387,146
2018-01-17,187396,5761146,18.713121,18.713121,18.561965,18.622427,-0.120925,108
2018-01-18,450512,13939122,18.622427,18.954971,18.531734,18.864277,0.24185,263
2018-01-19,1379381,44234153,18.864277,19.68052,18.864277,19.408439,0.544162,701
2018-01-22,829000,26084800,19.589826,19.589826,18.713121,18.985202,-0.423237,479
2018-01-23,150120,4714930,18.864277,19.136358,18.864277,19.045664,0.060462,111
2018-01-24,313001,9772281,19.045664,19.045664,18.803815,18.985202,-0.060462,179
2018-01-25,134043,4194087,18.864277,18.985202,18.834046,18.924739,-0.060463,74
2018-01-26,137126,4262362,18.954971,18.954971,18.743352,18.864277,-0.060462,85
2018-01-29,386187,12209224,18.894508,19.227052,18.834046,19.166589,0.302312,188
2018-01-30,320875,10159060,19.257283,19.347976,18.864277,18.864277,-0.302312,205
2018-01-31,557675,17714064,18.803815,19.468901,18.803815,19.227052,0.362775,289
2018-02-01,631000,20172650,19.227052,19.43867,19.136358,19.378208,0.151156,303
2018-02-02,3463271,113473143,19.529364,20.375838,19.287514,19.982832,0.604624,1837
2018-02-05,6545169,223167646,19.347976,21.282774,19.287514,20.466531,0.483699,3860
2018-02-06,3095930,99500003,19.771213,20.285144,18.743352,18.834046,-1.632485,1612
2018-02-07,2877700,93937889,19.468901,20.133988,19.287514,19.952601,1.118555,1457
2018-02-08,1803147,59800305,20.224682,20.466531,19.710751,19.982832,0.030231,1020
2018-02-09,3055527,101900163,19.468901,20.738612,19.136358,20.466531,0.483699,1591
2018-02-12,2149076,72860238,20.617687,20.919999,20.043294,20.315375,-0.151156,1063
2018-02-21,6615496,233735624,20.4363,22.129248,20.4363,21.826936,1.511561,3525
2018-02-22,6882844,252966906,21.645549,22.945491,21.161849,21.282774,-0.544162,3930
2018-02-23,4390305,159809026,21.706011,22.492023,21.373468,22.310635,1.027861,2683
2018-02-26,4588640,171219099,22.643179,23.096647,22.099017,22.371098,0.060463,2510
2018-02-27,2182161,79547454,22.522254,22.733872,21.585086,21.585086,-0.786012,1297
2018-03-01,1006681,36204455,21.343236,22.068786,21.343236,21.887398,0.302312,596
2018-03-02,640472,22987619,21.736242,22.068786,21.464161,21.766473,-0.120925,417
2018-03-05,1930432,70541734,21.947861,22.67341,21.464161,21.464161,-0.302312,1134
2018-03-06,1180600,41613849,21.826936,21.947861,21.010693,21.101387,-0.362774,728
2018-03-07,1162075,40239928,21.161849,21.403699,20.617687,20.799075,-0.302312,650
2018-03-08,587490,20486774,21.19208,21.252543,20.799075,21.161849,0.362774,337
2018-03-09,468301,16398235,21.101387,21.494393,20.980462,21.282774,0.120925,274
2018-03-12,1686966,61367569,21.766473,22.310635,21.615317,21.826936,0.544162,992
2018-03-13,2270632,84075922,21.826936,22.733872,21.826936,22.733872,0.906936,1387
2018-03-14,4355353,165336778,22.945491,23.42919,22.401329,22.522254,-0.211618,2625
2018-03-15,4092475,157977157,22.552485,23.943121,22.522254,23.943121,1.420867,2242
2018-03-16,3669675,141708200,23.943121,23.943121,22.91526,23.036184,-0.906937,2160
2018-03-19,1063200,40357940,23.036184,23.247803,22.764103,22.794335,-0.241849,695
2018-03-20,876774,33132562,22.885028,23.066416,22.492023,23.036184,0.241849,593
2018-03-21,795816,30359694,23.217572,23.278034,22.854797,22.854797,-0.181387,472
2018-03-22,737545,27901280,23.005953,23.217572,22.703641,22.703641,-0.151156,454
2018-03-23,871026,32321669,22.280404,22.885028,22.129248,22.643179,-0.060462,542
2018-03-26,4794898,188085696,23.036184,24.396589,23.036184,24.124508,1.481329,2816
2018-03-27,3322280,133324184,24.608207,24.608207,23.822196,24.487283,0.362775,2167
2018-03-28,9461287,404436674,24.184971,26.875548,24.064046,26.512774,2.025491,5774
2018-03-29,7086239,322463879,27.268554,28.145259,26.603468,27.994103,1.481329,4482
2018-03-30,3484804,161112746,28.266184,28.65919,27.268554,27.480173,-0.51393,2203
2018-03-31,1056000,48468450,27.812716,28.084797,27.480173,28.054566,0.574393,729
2018-04-02,1576350,73596577,28.477803,28.598728,27.842947,28.598728,0.544162,1065
2018-04-03,1693082,78512495,28.447572,28.447572,27.722022,27.752254,-0.846474,1030
2018-04-09,1115564,50502666,27.752254,28.115028,27.208092,27.208092,-0.544162,753
2018-04-10,873618,39763616,27.147629,27.994103,27.087167,27.66156,0.453468,629
2018-04-11,4478960,217976262,28.356878,30.140519,28.024335,29.928901,2.267341,3061
2018-04-12,1557143,75499151,29.989363,30.080057,28.931271,29.021965,-0.906936,1166
2018-04-13,949780,45704784,29.324277,29.596358,28.719652,29.082427,0.060462,714
2018-04-16,1023350,48844850,29.021965,29.324277,28.477803,29.082427,0.0,750
2018-04-17,4007566,199662217,29.626589,30.956762,28.961502,28.961502,-0.120925,2790
2018-04-18,1574924,76317426,29.324277,29.747514,28.870809,29.626589,0.665087,1065
2018-04-19,1342328,66475063,29.868439,30.533525,29.41497,30.200982,0.574393,899
2018-04-20,1990235,100200024,29.928901,31.077687,29.65682,29.65682,-0.544162,1345
2018-04-23,1989955,94838922,29.717283,30.231213,27.873179,27.873179,-1.783641,1293
2018-04-24,1879862,82740339,28.235953,28.296415,25.394219,26.694161,-1.179018,1276
2018-04-25,920100,41034090,26.66393,28.115028,26.029075,28.054566,1.360405,607
2018-04-26,1300150,59472950,28.41734,28.598728,26.603468,26.603468,-1.451098,957
2018-04-27,761108,34582811,27.147629,27.994103,26.784855,27.510404,0.906936,591
2018-04-30,416250,18950361,27.90341,27.90341,27.238323,27.238323,-0.272081,329
2018-05-02,271672,12299457,27.389479,27.601098,27.238323,27.359248,0.120925,224
2018-05-03,340597,15493352,27.510404,27.691791,27.238323,27.570866,0.211618,276
2018-05-04,1051173,47835389,28.115028,28.145259,26.845317,26.845317,-0.725549,642
2018-05-07,513862,22759029,26.845317,26.936011,26.603468,26.875548,0.030231,286
2018-05-08,420839,18596516,26.936011,26.936011,26.573236,26.573236,-0.302312,291
2018-05-09,618062,27014750,26.66393,26.66393,26.059306,26.270924,-0.302312,397
2018-05-10,742822,31841051,26.361618,26.361618,25.545375,25.605838,-0.665086,544
2018-05-11,1545052,63581589,25.636069,25.6663,24.064046,24.305895,-1.299943,948
2018-05-14,867207,35377796,24.124508,24.940751,24.124508,24.850057,0.544162,567
2018-05-15,564530,22931590,25.091907,25.091907,24.275664,24.275664,-0.574393,373
2018-05-16,510546,20667488,24.487283,25.091907,24.124508,24.517514,0.24185,321
2018-05-17,189580,7731385,24.729132,24.850057,24.547745,24.638439,0.120925,134
2018-05-18,203000,8320850,24.66867,24.91052,24.66867,24.91052,0.272081,151
2018-05-21,815000,34305200,24.940751,25.877918,24.91052,25.817456,0.906936,484
2018-05-22,567300,23931689,25.90815,25.90815,25.212832,25.333757,-0.483699,356
2018-05-23,195213,8093060,25.212832,25.243063,24.91052,25.061676,-0.272081,144
2018-05-24,759862,32213012,25.484913,25.877918,25.091907,25.817456,0.75578,486
2018-05-25,653271,27744235,25.968612,25.968612,25.333757,25.605838,-0.211618,390
2018-05-28,450862,19175172,25.696531,26.119768,25.42445,26.119768,0.51393,291
2018-05-29,904095,39532421,26.240693,26.694161,26.240693,26.240693,0.120925,622
2018-05-30,396747,17004518,26.059306,26.149999,25.847687,25.847687,-0.393006,285
2018-05-31,479553,20552555,25.938381,26.059306,25.756994,25.817456,-0.030231,326
2018-06-01,208025,8903723,25.817456,25.968612,25.756994,25.968612,0.151156,162
2018-06-04,275500,11797200,25.998843,25.998843,25.817456,25.817456,-0.151156,207
2018-06-05,602500,25317899,25.998843,25.998843,25.212832,25.273294,-0.544162,381
2018-06-06,178396,7532120,25.273294,25.877918,25.273294,25.454681,0.181387,136
2018-06-07,720000,31305350,26.029075,26.66393,25.756994,26.180231,0.72555,481
2018-06-08,299050,12880842,26.361618,26.361618,25.847687,25.90815,-0.272081,228
2018-06-11,1008197,44411106,26.240693,27.087167,26.089537,26.845317,0.937167,717
2018-06-12,639616,28184865,26.603468,27.026705,26.42208,26.815086,-0.030231,397
2018-06-13,483550,21380500,26.845317,26.966242,26.482543,26.784855,-0.030231,303
2018-06-14,1877892,85046306,27.540635,28.024335,26.543005,26.543005,-0.24185,1288
2018-06-15,283009,12420696,26.784855,26.996473,26.240693,26.603468,0.060463,221
2018-06-19,581253,25040830,26.543005,26.543005,25.817456,26.391849,-0.211619,382
2018-06-20,702761,29528813,26.119768,26.361618,25.091907,25.696531,-0.695318,483
2018-06-21,328345,13808140,25.696531,25.696531,25.243063,25.273294,-0.423237,240
2018-06-22,336100,14011760,25.001213,25.877918,25.001213,25.001213,-0.272081,257
2018-06-25,222307,9129187,25.243063,25.303525,24.729132,24.789595,-0.211618,164
2018-06-26,436070,17525262,24.396589,24.638439,24.124508,24.487283,-0.302312,299
2018-06-27,191025,7735212,24.577976,24.970982,24.305895,24.487283,0.0,147
2018-06-28,255212,10212180,24.305895,24.305895,24.124508,24.184971,-0.302312,156
2018-06-29,398018,16074130,24.487283,24.66867,24.154739,24.396589,0.211618,168
2018-07-02,515005,20699352,24.42682,24.66867,24.033814,24.184971,-0.211618,224
2018-07-03,584000,23313000,24.184971,24.396589,24.064046,24.064046,-0.120925,294
2018-07-04,639100,23975825,24.225549,24.613158,23.902542,24.483955,0.419909,225
2018-07-05,151050,5749707,24.516256,24.742361,24.483955,24.516256,0.032301,124
2018-07-06,202290,7564576,24.516256,24.774662,23.902542,24.516256,0.0,159
2018-07-09,292100,10881380,24.193249,24.225549,23.902542,23.902542,-0.613714,221
2018-07-10,182362,6711493,24.031745,24.031745,23.644136,23.708738,-0.193804,159
2018-07-11,238400,8937340,23.708738,24.354752,23.708738,24.128647,0.419909,169
2018-07-12,193014,7213475,24.160948,24.290151,24.064046,24.225549,0.096902,133
2018-07-13,147300,5588559,24.225549,24.806962,24.225549,24.806962,0.581413,104
2018-07-16,185340,7191460,24.968466,25.323774,24.871564,25.097669,0.290707,136
2018-07-17,80225,3099613,25.259173,25.259173,24.871564,24.936165,-0.161504,66
2018-07-18,131634,5044245,25.194571,25.194571,24.483955,24.936165,0.0,111
2018-07-19,130300,5048890,24.936165,25.452977,24.839263,24.839263,-0.096902,101
2018-07-20,179400,6843010,24.839263,24.839263,24.516256,24.580857,-0.258406,129
2018-07-23,426007,15732459,24.160948,24.25785,23.579535,23.902542,-0.678315,294
2018-07-24,189000,6981650,23.902542,24.290151,23.579535,23.837941,-0.064601,128
2018-07-25,132100,4880350,23.902542,23.999444,23.741038,23.80564,-0.032301,97
2018-07-26,187000,6915750,24.031745,24.031745,23.80564,23.902542,0.096902,124
2018-07-27,130007,4799508,23.902542,24.096346,23.741038,23.80564,-0.096902,106
2018-07-30,230007,8413204,23.80564,23.837941,23.450332,23.611835,-0.193805,163
2018-07-31,154700,5642380,23.611835,23.741038,23.418031,23.514933,-0.096902,119
2018-08-01,409431,14843215,23.547234,23.773339,23.224227,23.35343,-0.161503,290
2018-08-02,1772154,65543089,23.902542,24.096346,23.579535,23.837941,0.484511,972
2018-08-03,1590527,60243633,23.967143,24.742361,23.902542,24.742361,0.90442,1038
2018-08-06,703657,26685968,24.71006,24.903865,24.322452,24.483955,-0.258406,450
2018-08-07,616135,22988591,24.483955,24.483955,23.902542,23.967143,-0.516812,402
2018-08-08,380295,14011040,23.967143,23.999444,23.708738,23.708738,-0.258405,271
2018-08-09,445500,16148299,23.644136,23.644136,23.321129,23.35343,-0.355308,335
2018-08-10,462162,16652682,23.256527,23.450332,23.191926,23.191926,-0.161504,306
2018-08-13,720098,25250304,23.191926,23.191926,22.255205,22.610513,-0.581413,498
2018-08-14,206348,7244284,22.610513,22.93352,22.384408,22.772016,0.161503,139
2018-08-15,127100,4450510,22.610513,22.739716,22.545911,22.610513,-0.161503,101
2018-08-16,210620,7330044,22.642813,22.675114,22.352107,22.352107,-0.258406,141
2018-08-17,144025,5018675,22.416708,22.642813,22.416708,22.48131,0.129203,108
2018-08-20,233000,8063400,22.51361,22.707415,22.0614,22.0614,-0.41991,183
2018-08-21,124020,4295241,22.0614,22.675114,22.0614,22.287505,0.226105,96
2018-08-22,137000,4701450,22.287505,22.319806,22.093701,22.126002,-0.161503,96
2018-08-23,564851,18938184,22.093701,22.158302,21.318483,21.641491,-0.484511,401
2018-08-24,549751,18008082,21.641491,21.673791,20.963175,20.995476,-0.646015,332
2018-08-27,352050,11790680,21.027777,21.867596,21.027777,21.706092,0.710616,268
2018-08-28,260785,8916462,22.319806,22.319806,21.835295,22.158302,0.45221,188
2018-08-29,348000,12203400,22.222904,22.901219,22.222904,22.739716,0.581414,240
2018-08-30,295000,10510750,22.93352,23.224227,22.836618,22.901219,0.161503,185
2018-08-31,103099,3634939,22.707415,22.804317,22.675114,22.772016,-0.129203,83
2018-09-03,143699,5059434,23.062723,23.127324,22.610513,22.610513,-0.161503,115
2018-09-04,173000,6001350,22.901219,22.901219,22.255205,22.416708,-0.193805,128
2018-09-05,114175,3980290,22.416708,22.610513,22.416708,22.449009,0.032301,86
2018-09-06,193510,6637364,22.449009,22.449009,21.835295,21.835295,-0.613714,146
2018-09-07,471500,15494874,21.835295,21.899897,20.833972,21.092378,-0.742917,364
2018-09-10,583854,18376759,21.092378,21.124679,19.961853,20.155657,-0.936721,378
2018-09-11,499951,15361235,19.768048,20.091056,19.703447,19.929552,-0.226105,301
2018-09-12,349250,10639625,19.83265,19.897251,19.509642,19.606545,-0.323007,211
2018-09-13,361475,11182370,19.606545,20.28486,19.606545,20.187958,0.581413,267
2018-09-14,320001,10229232,20.414063,20.898574,20.317161,20.73707,0.549112,234
2018-09-17,127156,4009929,20.575567,20.575567,20.155657,20.349461,-0.387609,101
2018-09-18,214152,6635962,20.187958,20.187958,19.897251,19.994153,-0.355308,144
2018-09-19,127000,3971550,20.155657,20.349461,19.994153,20.349461,0.355308,89
2018-09-20,114534,3599489,20.349461,20.414063,20.220258,20.220258,-0.129203,74
2018-09-21,167220,5259174,20.478664,20.575567,20.252559,20.446364,0.226106,120
2018-09-25,222200,6936580,20.349461,20.414063,20.058755,20.091056,-0.355308,160
2018-09-26,138750,4313300,20.123356,20.220258,19.961853,20.091056,0.0,110
2018-09-27,289000,8930750,20.123356,20.220258,19.768048,19.83265,-0.258406,176
2018-09-28,858099,25958063,19.703447,19.83265,19.348139,19.509642,-0.323008,429
2018-10-01,135000,4099850,19.541943,19.768048,19.477342,19.768048,0.258406,95
2018-10-02,198621,6101106,20.155657,20.155657,19.768048,19.83265,0.064602,125
2018-10-03,106000,3230200,19.768048,19.800349,19.574244,19.671146,-0.161504,76
2018-10-04,84200,2555599,19.671146,19.671146,19.541943,19.671146,0.0,60
2018-10-05,689300,20333429,19.638845,19.703447,18.734425,18.863628,-0.807518,399
2018-10-08,147000,4314750,18.863628,19.122034,18.863628,18.863628,0.0,90
2018-10-09,510305,14567879,18.895928,18.895928,18.217613,18.282215,-0.581413,303
2018-10-11,819500,22000300,17.442396,17.765403,16.860982,17.410095,-0.87212,513
2018-10-12,541198,15151682,17.410095,18.476019,17.280892,18.476019,1.065924,326
2018-10-15,424110,12410539,18.411417,19.186635,18.282215,19.122034,0.646015,285
2018-10-16,289300,8531470,18.992831,19.283537,18.863628,18.992831,-0.129203,228
2018-10-17,388101,11272908,19.380439,19.41274,18.379117,18.443718,-0.549113,277
2018-10-18,267030,7563458,18.476019,18.669823,18.08841,18.282215,-0.161503,178
2018-10-19,252000,6952450,17.959207,18.153012,17.313193,17.926906,-0.355309,170
2018-10-22,170000,4827200,17.926906,18.476019,17.926906,18.476019,0.549113,135
2018-10-23,118000,3326100,18.185312,18.411417,18.023809,18.08841,-0.387609,94
2018-10-24,192000,5396650,18.153012,18.346816,17.894606,18.08841,0.0,129
2018-10-25,300429,8158840,17.442396,17.797704,17.345493,17.442396,-0.646014,219
2018-10-26,159000,4289550,17.765403,17.765403,17.054787,17.377794,-0.064602,126
2018-10-29,257000,6844750,17.345493,17.442396,17.022486,17.18399,-0.193804,191
2018-10-30,218571,5763795,17.18399,17.18399,16.893283,17.054787,-0.129203,163
2018-10-31,219644,5965666,17.377794,17.700801,17.248591,17.700801,0.646014,172
2018-11-01,919248,25910867,18.08841,18.411417,18.023809,18.411417,0.710616,547
2018-11-02,607000,17541350,18.605222,18.96053,18.379117,18.734425,0.323008,449
2018-11-05,203441,5856176,18.669823,18.734425,18.411417,18.734425,0.0,150
2018-11-06,159300,4615910,18.863628,18.895928,18.605222,18.702124,-0.032301,112
2018-11-07,168607,4917694,18.863628,18.992831,18.766726,18.992831,0.290707,115
2018-11-08,318025,9496750,19.057432,19.541943,19.057432,19.348139,0.355308,220
2018-11-09,305200,9029540,19.315838,19.315838,18.992831,19.186635,-0.161504,161
2018-11-12,432144,12549062,19.025131,19.025131,18.476019,18.54062,-0.646015,254
2018-11-13,215000,6074050,18.217613,18.605222,18.023809,18.50832,-0.0323,121
2018-11-14,249000,7220400,18.702124,18.831327,18.669823,18.702124,0.193804,125
2018-11-15,306000,8979200,18.669823,19.154334,18.669823,19.154334,0.45221,163
2018-11-16,327126,9804230,19.348139,19.445041,19.122034,19.380439,0.226105,182
2018-11-19,253049,7706001,19.445041,19.83265,19.380439,19.768048,0.387609,165
2018-11-20,171000,5173850,19.541943,19.671146,19.445041,19.638845,-0.129203,117
2018-11-21,122298,3696859,19.380439,19.703447,19.380439,19.638845,0.0,91
2018-11-22,207165,6320698,19.638845,19.800349,19.541943,19.541943,-0.096902,111
2018-11-23,131000,3921750,19.541943,19.541943,19.251237,19.251237,-0.290706,85
2018-11-26,47001,1406780,19.218936,19.509642,19.186635,19.186635,-0.064602,40
2018-11-27,165000,4939350,19.218936,19.509642,19.218936,19.509642,0.323007,85
2018-11-28,303000,9246400,19.768048,19.86495,19.541943,19.83265,0.323008,159
2018-11-29,397000,12234400,19.994153,20.155657,19.83265,19.86495,0.0323,142
2018-11-30,105399,3243448,19.897251,19.961853,19.800349,19.86495,0.0,71
2018-12-03,280671,8758751,20.058755,20.28486,19.961853,20.155657,0.290707,161
2018-12-04,182000,5679000,20.28486,20.28486,20.026454,20.026454,-0.129203,112
2018-12-05,229000,6937550,19.703447,19.703447,19.477342,19.477342,-0.549112,156
2018-12-06,291000,8660200,19.509642,19.541943,19.025131,19.122034,-0.355308,180
2018-12-07,102000,3060400,19.283537,19.445041,19.251237,19.380439,0.258405,71
2018-12-10,100000,2964700,19.348139,19.348139,19.057432,19.089733,-0.290706,74
2018-12-11,361000,10597700,18.96053,19.186635,18.863628,18.992831,-0.096902,173
2018-12-12,146171,4388898,19.186635,19.606545,19.186635,19.574244,0.581413,106
2018-12-13,224000,6837850,19.671146,19.897251,19.541943,19.638845,0.064601,159
2018-12-14,233011,7013881,19.735748,19.735748,19.380439,19.380439,-0.258406,155
2018-12-17,274090,8177690,19.380439,19.445041,19.122034,19.186635,-0.193804,154
2018-12-18,135262,3987581,19.122034,19.122034,18.96053,18.96053,-0.226105,112
2018-12-19,210291,6153034,18.992831,19.057432,18.831327,18.863628,-0.096902,152
2018-12-20,217009,6293538,18.863628,18.863628,18.605222,18.669823,-0.193805,150
2018-12-21,98010,2843443,18.669823,18.895928,18.54062,18.895928,0.226105,59
2018-12-22,50000,1463900,18.895928,19.057432,18.863628,18.863628,-0.0323,31
2018-12-24,84000,2488800,19.089733,19.251237,18.928229,19.218936,0.355308,65
2018-12-25,104001,3036232,18.992831,18.992831,18.766726,18.863628,-0.355308,84
2018-12-26,236000,6867950,19.186635,19.186635,18.734425,18.734425,-0.129203,157
2018-12-27,272000,8055350,19.186635,19.315838,18.928229,19.315838,0.581413,156
2018-12-28,187536,5617933,19.315838,19.445041,19.251237,19.348139,0.032301,129
2019-01-02,244093,7427929,19.509642,19.83265,19.509642,19.671146,0.323007,183
2019-01-03,168050,5099067,19.671146,19.768048,19.509642,19.574244,-0.096902,121
2019-01-04,2196151,70090225,19.380439,21.512288,19.251237,21.512288,1.938044,1353
2019-01-07,3160013,107336944,21.576889,22.578212,21.512288,22.416708,0.90442,2033
2019-01-08,1515836,52552539,22.0614,22.675114,22.0291,22.610513,0.193805,995
2019-01-09,1382010,48521547,22.868919,23.095024,22.352107,22.384408,-0.226105,884
2019-01-10,720044,25147292,22.48131,22.868919,22.287505,22.51361,0.129202,448
2019-01-11,1049744,37089590,22.739716,23.030422,22.449009,22.610513,0.096903,694
2019-01-14,1737152,62169616,22.93352,23.644136,22.610513,23.127324,0.516811,1179
2019-01-15,1730860,62986401,23.256527,23.870241,23.127324,23.514933,0.387609,1047
2019-01-16,2099101,78089386,23.611835,24.451654,23.611835,23.902542,0.387609,1345
2019-01-17,1616666,60759442,24.290151,24.67776,23.773339,23.773339,-0.129203,1063
2019-01-18,912200,33302450,23.999444,24.096346,23.38573,23.644136,-0.129203,622
2019-01-21,624140,22867966,23.773339,23.870241,23.547234,23.80564,0.161504,387
2019-01-22,647950,23918524,23.902542,24.096346,23.741038,23.741038,-0.064602,330
2019-01-23,903000,32595250,23.773339,23.773339,22.965821,23.450332,-0.290706,576
2019-01-24,338000,12242850,23.579535,23.644136,23.191926,23.450332,0.0,212
2019-01-25,804122,29787576,23.547234,24.128647,23.547234,23.870241,0.419909,540
2019-01-28,456721,16832732,23.902542,23.999444,23.644136,23.708738,-0.161503,293
2019-01-29,270000,9915450,23.579535,23.934843,23.450332,23.902542,0.193804,174
2019-01-30,349480,12921785,23.708738,23.967143,23.708738,23.870241,-0.032301,226
2019-02-11,1827635,69923178,23.999444,25.194571,23.902542,25.162271,1.29203,1138
2019-02-12,857121,33122114,25.162271,25.162271,24.806962,24.806962,-0.355309,586
2019-02-13,1244001,46985537,24.936165,24.936165,24.128647,24.25785,-0.549112,773
2019-02-14,1133365,43593935,24.25785,25.291473,24.25785,25.194571,0.936721,713
2019-02-15,4574206,188171157,25.356075,27.391021,25.356075,26.615804,1.421233,2612
2019-02-18,1383385,57081128,26.615804,27.035713,26.292796,26.90651,0.290706,791
2019-02-19,1017563,42599780,26.648104,27.35872,26.518901,27.132615,0.226105,609
2019-02-20,1720650,72157735,27.455623,27.77863,26.874209,26.971112,-0.161503,883
2019-02-21,1241616,51969623,26.971112,27.32642,26.551202,26.874209,-0.096903,716
2019-02-22,615100,25776250,27.132615,27.261818,26.841909,27.035713,0.161504,411
2019-02-25,990080,41010173,27.32642,27.455623,26.389698,26.648104,-0.387609,616
2019-02-26,503530,20699361,26.648104,26.841909,26.421999,26.486601,-0.161503,253
2019-02-27,532100,21926184,26.680405,27.003412,26.357398,26.615804,0.129203,388
2019-03-04,2362982,101554211,26.712706,28.424645,26.615804,28.166239,1.550435,1551
2019-03-05,995311,43313623,28.198539,28.489246,27.77863,27.77863,-0.387609,677
2019-03-06,720376,30846771,27.972434,28.101637,27.520224,27.617126,-0.161504,305
2019-03-07,4579111,210684227,29.716674,30.265786,28.553847,29.942779,2.325653,2905
2019-03-08,7681761,372016437,30.814899,31.848522,30.42729,31.590116,1.647337,4730
2019-03-11,3041030,147351574,31.848522,31.848522,30.814899,30.8795,-0.710616,2101
2019-03-12,9597739,473056233,31.525515,33.07595,30.298087,30.362688,-0.516812,5843
2019-03-13,3627519,175224291,31.137906,31.75162,30.685696,31.428613,1.065925,2505
2019-03-14,4223936,209200316,31.428613,32.62374,31.008703,32.042327,0.613714,2806
2019-03-15,10842535,566732484,33.205153,35.143197,32.559138,35.013994,2.971667,6533
2019-03-18,4749022,253281681,34.690987,34.884791,33.915769,34.690987,-0.323007,2951
2019-03-19,7345070,407987150,35.72461,36.564429,35.207798,35.660009,0.969022,4950
2019-03-20,3417454,188995624,35.337001,36.241422,35.337001,36.17682,0.516811,1894
2019-03-21,2867320,160144884,35.853813,36.564429,35.595407,35.918414,-0.258406,1818
2019-03-22,3715863,210274494,37.016639,37.533451,35.853813,35.853813,-0.064601,2496
2019-03-25,2947086,155694313,34.884791,34.884791,33.463559,33.851168,-2.002645,1913
2019-03-26,2187510,116795981,34.690987,35.078595,33.915769,34.238776,0.387608,1391
2019-03-27,1316940,69918007,34.238776,34.755588,33.786566,34.497182,0.258406,913
2019-03-28,3470252,178826420,34.561784,34.755588,32.817544,32.946747,-1.550435,2374
2019-03-29,6949676,372892897,32.688341,35.466204,32.688341,34.690987,1.74424,4326
2019-04-01,1939153,103386075,34.690987,35.2724,33.786566,34.109573,-0.581414,1311
2019-04-02,1806100,95374066,34.174175,34.755588,33.463559,34.432581,0.323008,1107
2019-04-03,1234824,65281334,34.303378,34.497182,33.721965,34.238776,-0.193805,888
2019-04-08,1316796,69507946,34.367979,34.367979,33.786566,34.044972,-0.193804,984
2019-04-09,3956717,200588785,34.044972,34.174175,32.074627,32.139229,-1.905743,2882
2019-04-10,1872211,93541861,32.365334,33.011349,31.719319,31.816221,-0.323008,1360
2019-04-11,4801401,247884238,31.848522,34.174175,31.719319,33.463559,1.647338,2881
2019-04-12,1642200,83829900,33.463559,33.463559,32.62374,32.752943,-0.710616,987
2019-04-15,2013799,101470626,32.817544,33.140551,32.010026,33.011349,0.258406,1657
2019-04-16,3521051,185279722,33.011349,34.561784,32.688341,34.497182,1.485833,2242
2019-04-17,1597007,83911765,34.238776,34.238776,33.52816,33.721965,-0.775217,1098
2019-04-18,1427106,72689583,33.52816,33.721965,32.300732,32.62374,-1.098225,993
2019-04-19,1230934,63947978,32.688341,34.044972,32.688341,33.334356,0.710616,975
2019-04-22,2060190,109063045,33.915769,34.561784,33.851168,34.497182,1.162826,1463
2019-04-23,2533143,131601992,34.690987,34.82019,32.62374,33.140551,-1.356631,1828
2019-04-24,961700,49137528,33.140551,33.592762,32.752943,33.205153,0.064602,685
2019-04-25,1837344,95702390,33.07595,34.238776,32.494537,33.721965,0.516812,1214
2019-04-26,870175,44768512,33.463559,34.044972,32.882146,33.07595,-0.646015,587
2019-04-29,1684600,83525569,33.140551,33.334356,31.460913,31.460913,-1.615037,1199
2019-04-30,551000,27166850,31.202508,32.236131,31.202508,32.236131,0.775218,372
2019-05-02,2298081,119463684,32.365334,34.044972,32.042327,33.915769,1.679638,1552
2019-05-03,10500881,580458741,34.432581,36.499828,34.432581,36.112219,2.19645,6606
2019-05-06,8886201,498612314,35.530806,37.46885,34.690987,36.693632,0.581413,5868
2019-05-07,12018157,713424120,37.145842,39.019285,37.145842,37.92106,1.227428,8053
2019-05-08,8810322,502845485,37.598053,38.244067,35.207798,36.499828,-1.421232,5855
2019-05-09,5352218,293570468,36.822835,37.210444,33.980371,34.303378,-2.19645,3452
2019-05-10,4890725,254336386,34.432581,35.143197,32.300732,33.334356,-0.969022,3289
2019-05-13,2612531,130753307,32.946747,33.205153,31.977725,32.171529,-1.162827,1796
2019-05-14,3748836,180564994,30.233486,31.783921,30.039681,31.267109,-0.90442,2262
2019-05-15,2333414,114574309,31.557816,32.010026,31.428613,31.654718,0.387609,1434
2019-05-16,1883526,89904584,31.493214,31.590116,30.298087,30.42729,-1.227428,1281
2019-05-17,2780821,127287890,30.717997,30.944102,28.779953,29.038358,-1.388932,1895
2019-05-20,2744700,119098500,29.135261,29.587471,27.423322,27.617126,-1.421232,1736
2019-05-21,5107200,227944250,27.810931,30.362688,26.745006,30.362688,2.745562,3189
2019-05-22,3704270,173905608,29.748975,30.976402,29.748975,29.910478,-0.45221,2409
2019-05-23,1727551,79167386,29.587471,30.524192,29.070659,30.524192,0.613714,1232
2019-05-24,1538000,72490500,30.653395,30.847199,29.910478,29.910478,-0.613714,1104
2019-05-27,1135136,52449696,30.298087,30.298087,29.458268,29.813576,-0.096902,907
2019-05-28,1523431,72204694,30.104283,31.073305,29.910478,31.008703,1.195127,1111
2019-05-29,1242943,59448840,30.42729,31.396312,30.233486,31.105605,0.096902,898
2019-05-30,1217026,58382600,31.622417,31.622417,30.685696,30.717997,-0.387608,885
2019-05-31,1121000,53668550,30.491891,31.29941,30.491891,30.621094,-0.096903,849
2019-06-03,1333799,63501760,30.621094,31.137906,30.168884,30.944102,0.323008,1012
2019-06-04,1176050,56022592,31.202508,31.234808,30.491891,30.491891,-0.452211,882
2019-06-05,990100,47298644,31.008703,31.170207,30.524192,30.524192,0.032301,713
2019-06-06,2290019,110446562,30.685696,31.525515,30.685696,31.008703,0.484511,1703
2019-06-10,1388201,67298305,31.557816,31.622417,31.073305,31.137906,0.129203,1122
2019-06-11,7183633,372207499,31.945424,34.238776,31.880823,34.238776,3.10087,4540
2019-06-12,5852537,312224298,34.949392,35.207798,33.721965,34.174175,-0.064601,3953
2019-06-13,2476963,132416283,34.367979,35.078595,33.851168,35.078595,0.90442,1756
2019-06-14,2625121,140761867,35.078595,35.207798,34.238776,34.884791,-0.193804,1860
2019-06-17,1689048,90116263,35.013994,35.013994,33.786566,34.303378,-0.581413,1171
2019-06-18,4236322,228795666,34.884791,35.72461,33.980371,33.980371,-0.323007,2942
2019-06-19,2186532,117422371,34.497182,35.207798,34.174175,34.626385,0.646014,1485
2019-06-20,1684020,90781780,34.626385,35.207798,34.497182,35.078595,0.45221,1145
2019-06-21,1999900,108442170,35.466204,35.72461,34.432581,34.432581,-0.646014,1433
2019-06-24,619100,32904250,34.432581,34.690987,33.980371,34.497182,0.064601,446
2019-06-25,987958,51939299,34.561784,34.626385,33.592762,33.657363,-0.839819,806
2019-06-26,511077,26803581,33.915769,34.238776,33.52816,33.980371,0.323008,378
2019-06-27,614230,32597859,34.174175,34.561784,33.980371,34.238776,0.258405,430
2019-06-28,675000,35806700,34.432581,34.561784,34.044972,34.109573,-0.129203,411
2019-07-01,5188207,287968992,34.755588,36.822835,34.497182,36.17682,2.067247,3282
2019-07-02,2374300,132536810,36.499828,36.693632,35.595407,35.789212,-0.387608,1566
2019-07-03,1957740,109149292,36.112219,36.306023,35.660009,36.241422,0.45221,1279
2019-07-04,1460351,81923819,36.758233,36.758233,35.789212,36.112219,-0.129203,929
2019-07-05,984041,55131516,36.435226,36.435226,35.853813,36.370625,0.258406,622
2019-07-08,3548295,202243885,36.370625,37.339647,35.918414,37.210444,0.839819,2250
2019-07-09,3988289,221824638,37.687501,38.30086,37.483048,38.028256,0.817812,2369
2019-07-10,1830045,102357821,38.232709,38.437162,37.755652,38.30086,0.272604,1204
2019-07-11,1848502,103644512,38.164558,38.709766,37.687501,38.369011,0.068151,1187
2019-07-12,1966171,111292190,38.641615,39.118672,38.028256,38.028256,-0.340755,1258
2019-07-15,993096,55487556,38.164558,38.369011,37.755652,38.028256,0.0,644
2019-07-16,8428861,488730402,38.164558,40.413541,37.960105,38.028256,0.0,5550
2019-07-17,2430664,137067479,38.437162,39.118672,37.823803,38.777917,0.749661,1620
2019-07-18,1430440,80380728,38.846068,38.846068,38.028256,38.028256,-0.749661,968
2019-07-19,932510,52088515,38.232709,38.437162,37.891954,37.960105,-0.068151,628
2019-07-22,1052636,58046332,38.232709,38.232709,37.346746,37.551199,-0.408906,756
2019-07-23,943025,52475587,37.891954,38.505313,37.483048,37.551199,0.0,653
2019-07-24,1724460,97120790,37.823803,38.709766,37.687501,38.709766,1.158567,1170
2019-07-25,9251502,540683964,39.527578,40.686145,38.641615,39.050521,0.340755,5838
2019-07-26,2011939,116045492,38.846068,39.800182,38.437162,39.186823,0.136302,1279
2019-07-29,4565653,269496352,39.595729,40.822447,39.391276,40.481692,1.294869,3041
2019-07-30,4266568,246332483,40.209088,40.686145,38.573464,39.459427,-1.022265,3064
2019-07-31,1452700,84270369,39.254974,40.072786,38.846068,40.072786,0.613359,985
2019-08-01,3192750,187282650,38.914219,40.481692,38.914219,40.481692,0.408906,1991
2019-08-02,2943540,168718240,39.254974,39.868333,38.573464,38.709766,-1.771926,1988
2019-08-05,4473169,239680957,37.891954,38.437162,35.097763,35.438518,-3.271248,3193
2019-08-06,2836851,142040665,32.712478,35.438518,32.712478,35.029612,-0.408906,2005
2019-08-07,1396028,72691337,35.642971,36.051877,34.961461,35.438518,0.408906,1028
2019-08-08,1519081,80843004,35.438518,36.665236,35.438518,36.665236,1.226718,1043
2019-08-12,1255300,66811900,36.597085,36.597085,35.983726,36.25633,-0.408906,787
2019-08-13,628050,33283490,35.983726,36.597085,35.779273,35.983726,-0.272604,481
2019-08-14,945800,50754078,37.074142,37.074142,36.188179,36.25633,0.272604,705
2019-08-15,628000,32883000,34.89331,36.120028,34.89331,35.779273,-0.477057,452
2019-08-16,646130,34544054,36.120028,36.733387,36.120028,36.25633,0.477057,520
2019-08-19,1190442,64795175,36.528934,37.483048,36.460783,37.483048,1.226718,860
2019-08-20,1347000,74839600,37.823803,38.369011,37.210444,37.551199,0.068151,1000
2019-08-21,532499,29421394,37.823803,37.960105,37.278595,37.755652,0.204453,399
2019-08-22,2133600,120681939,38.437162,38.914219,38.096407,38.369011,0.613359,1497
2019-08-23,821003,46153574,38.369011,38.709766,38.028256,38.028256,-0.340755,582
2019-08-26,872636,47227962,37.142293,37.278595,36.120028,36.801538,-1.226718,645
2019-08-27,1299102,72018731,37.278595,38.369011,37.074142,37.891954,1.090416,889
2019-08-28,1379071,75094454,38.096407,38.096407,36.120028,36.801538,-1.090416,1056
2019-08-29,591000,32157600,36.93784,37.346746,36.597085,37.210444,0.408906,405
2019-08-30,1801228,99323602,38.028256,38.369011,36.733387,37.005991,-0.204453,1378
2019-09-02,874500,47893300,37.005991,37.755652,36.801538,37.483048,0.477057,687
2019-09-03,6608804,380530288,38.028256,40.549843,37.960105,38.777917,1.294869,4465
2019-09-04,1931700,110966219,38.98237,39.527578,38.641615,39.459427,0.68151,1282
2019-09-05,4225888,248686192,39.800182,40.549843,39.527578,40.277239,0.817812,2441
2019-09-06,2532559,149420533,41.0269,41.0269,39.732031,39.868333,-0.408906,1490
2019-09-09,1537824,90836996,40.072786,40.481692,39.936484,40.481692,0.613359,970
2019-09-10,3404074,193787699,40.481692,40.481692,37.687501,39.050521,-1.431171,2224
2019-09-11,3349888,192303680,40.072786,40.140937,38.437162,38.709766,-0.340755,2025
2019-09-12,988371,56275732,39.050521,39.254974,38.505313,38.709766,0.0,635
2019-09-16,1389310,78005900,38.98237,39.118672,38.028256,38.096407,-0.613359,723
2019-09-17,1549051,85543681,37.960105,38.164558,37.142293,37.210444,-0.885963,1061
2019-09-18,946500,52023400,37.414897,37.755652,37.005991,37.687501,0.477057,657
2019-09-19,1895137,106591472,37.823803,39.323125,37.346746,38.096407,0.408906,1283
2019-09-20,934504,52775374,38.369011,38.914219,38.164558,38.30086,0.204453,655
2019-09-23,527000,29562300,38.505313,38.641615,38.028256,38.028256,-0.272604,382
2019-09-24,415879,23284346,37.891954,38.369011,37.891954,38.164558,0.136302,322
2019-09-25,676375,37510284,38.096407,38.30086,37.278595,38.232709,0.068151,506
2019-09-26,745638,42169318,38.777917,38.777917,38.232709,38.30086,0.068151,556
2019-09-27,974100,54047870,38.641615,38.709766,37.483048,37.61935,-0.68151,754
2019-10-01,1657140,93481924,37.755652,38.846068,37.414897,38.777917,1.158567,953
2019-10-02,1216015,69263045,39.050521,39.118672,38.505313,38.641615,-0.136302,800
2019-10-03,619100,34670000,38.028256,38.505313,37.823803,38.232709,-0.408906,405
2019-10-04,1081603,61672832,38.573464,39.254974,38.30086,39.254974,1.022265,759
2019-10-07,1494510,85769670,39.459427,39.459427,38.709766,38.777917,-0.477057,948
2019-10-08,2349240,130403620,38.777917,38.777917,37.483048,37.551199,-1.226718,1662
2019-10-09,2248100,120249750,37.142293,37.414897,35.983726,36.324481,-1.226718,1658
2019-10-14,896885,49129741,37.61935,37.61935,37.142293,37.142293,0.817812,689
2019-10-15,939001,50638551,37.210444,37.278595,36.528934,36.597085,-0.545208,652
2019-10-16,601254,32346768,36.869689,37.005991,36.25633,36.801538,0.204453,433
2019-10-17,753200,40961400,36.869689,37.346746,36.665236,37.346746,0.545208,537
2019-10-18,430346,23526033,37.414897,37.414897,37.005991,37.142293,-0.204453,323
2019-10-21,713600,39243718,37.210444,37.960105,36.869689,37.960105,0.817812,505
2019-10-22,1008400,56026339,38.232709,38.232709,37.551199,37.891954,-0.068151,605
2019-10-23,397714,22086154,37.755652,38.096407,37.61935,37.755652,-0.136302,300
2019-10-24,1434133,80488339,38.028256,38.709766,37.687501,38.641615,0.885963,947
2019-10-25,2287001,130421556,39.323125,39.391276,38.30086,38.505313,-0.136302,1241
2019-10-28,1000504,56378124,38.641615,38.846068,37.891954,38.505313,0.0,584
2019-10-29,1422000,80498500,38.777917,39.050521,37.891954,38.573464,0.068151,886
2019-10-30,4816740,278473420,38.777917,39.732031,38.437162,39.527578,0.954114,2494
2019-10-31,15025194,885914952,39.459427,41.912862,38.914219,39.527578,0.0,8229
2019-11-01,4015682,234395356,39.868333,40.481692,39.391276,39.595729,0.068151,2455
2019-11-04,9718672,586613781,40.209088,42.117315,39.732031,41.77656,2.180831,6342
2019-11-05,8947832,555708184,42.117315,43.275882,41.640258,42.253617,0.477057,5967
2019-11-06,2832397,172424436,41.912862,42.185466,41.0269,41.367654,-0.885963,1907
2019-11-07,5070194,307629700,41.640258,42.594372,39.868333,40.34539,-1.022264,3313
2019-11-08,1905807,114464661,40.686145,41.503956,40.277239,41.163202,0.817812,1360
2019-11-11,3840553,235436762,42.185466,42.389919,41.095051,41.844711,0.681509,2580
2019-11-12,14222319,904288316,42.253617,44.638902,42.117315,43.480335,1.635624,8695
2019-11-13,3338462,212197488,43.344033,43.957392,42.866976,42.935127,-0.545208,2182
2019-11-14,2807865,175742722,43.480335,43.480335,42.117315,42.798825,-0.136302,1738
2019-11-15,5474570,351813649,43.13958,44.775204,42.935127,43.207731,0.408906,3703
2019-11-18,11690073,784353475,43.548486,47.501244,43.480335,47.501244,4.293513,7755
2019-11-19,24861121,1776805702,48.182754,50.363586,47.296791,47.296791,-0.204453,15703
2019-11-20,5540734,377241710,47.433093,47.841999,45.729318,46.070073,-1.226718,3934
2019-11-21,5868141,403158981,45.524865,48.114603,44.843355,47.978301,1.908228,4035
2019-11-22,4240962,299199509,47.978301,48.864264,47.22864,48.182754,0.204453,3124
2019-11-25,4071181,289421470,48.864264,49.545774,47.433093,47.501244,-0.68151,2971
2019-11-26,2048854,142250993,47.705697,48.046452,46.819734,47.501244,0.0,1482
2019-11-27,2049290,143343109,48.182754,48.319056,47.160489,47.296791,-0.204453,1504
2019-11-28,4312690,290906335,47.22864,47.22864,45.524865,45.661167,-1.635624,2943
2019-11-29,1830063,121662666,46.001922,46.070073,44.979657,45.115959,-0.545208,1330
2019-12-02,1608150,106889500,45.524865,45.86562,44.366298,45.661167,0.545208,1175
2019-12-03,1047886,70154027,45.047808,46.001922,45.047808,45.524865,-0.136302,710
2019-12-04,1722300,115890970,45.388563,46.410828,45.18411,45.661167,0.136302,1062
2019-12-05,1831760,121781288,45.86562,46.070073,44.775204,45.047808,-0.613359,1338
2019-12-06,1348400,89963138,45.047808,45.933771,44.911506,45.661167,0.613359,930
2019-12-09,4058339,281259592,46.206375,47.705697,46.070073,47.637546,1.976379,3026
2019-12-10,2497999,172267726,47.433093,47.569395,46.478979,47.569395,-0.068151,1663
2019-12-11,4897229,324890132,46.342677,46.342677,44.638902,44.843355,-2.72604,3614
2019-12-12,1377175,91015525,45.047808,45.388563,44.843355,44.911506,0.068151,1017
2019-12-13,2444925,158063270,45.115959,45.18411,43.616637,43.752939,-1.158567,1801
2019-12-16,863467,56294659,43.752939,44.843355,43.752939,44.434449,0.68151,623
2019-12-17,743673,48366509,44.5026,44.843355,44.093694,44.229996,-0.204453,557
2019-12-18,801242,52630695,44.229996,45.18411,44.229996,44.775204,0.545208,633
2019-12-19,759545,50133932,44.843355,45.18411,44.775204,44.979657,0.204453,574
2019-12-20,1281128,85274997,44.979657,46.001922,44.707053,45.320412,0.340755,875
2019-12-23,719350,47507465,45.320412,45.388563,44.843355,44.911506,-0.408906,501
2019-12-24,561160,36916976,44.843355,45.18411,44.638902,44.911506,0.0,409
2019-12-25,451982,29824111,44.979657,45.18411,44.843355,44.911506,0.0,277
2019-12-26,2979006,201250205,45.388563,46.683432,45.18411,46.342677,1.431171,2215
2019-12-27,1881654,127706545,46.615281,46.751583,45.86562,46.001922,-0.340755,1307
2019-12-30,1062176,72212597,46.206375,46.615281,46.070073,46.342677,0.340755,757
2019-12-31,778719,52832802,46.206375,46.615281,46.001922,46.070073,-0.272604,564
2020-01-02,1201547,81964223,46.615281,46.819734,46.070073,46.683432,0.613359,820
2020-01-03,1680200,114778139,47.296791,47.501244,45.661167,46.070073,-0.613359,1237
2020-01-06,1689874,111086367,45.456714,45.933771,44.298147,44.434449,-1.635624,1242
2020-01-07,1067550,69376860,44.638902,44.979657,43.82109,44.366298,-0.068151,793
2020-01-08,1511000,99807300,43.957392,46.138224,43.82109,44.638902,0.272604,1092
2020-01-09,1674363,111184794,44.638902,45.933771,44.434449,45.320412,0.68151,1159
2020-01-10,1030189,67601774,45.252261,45.320412,44.298147,44.5026,-0.817812,726
2020-01-13,1130279,74643333,44.638902,45.524865,44.434449,45.524865,1.022265,796
2020-01-14,1018778,68652279,45.933771,46.274526,45.593016,45.797469,0.272604,777
2020-01-15,2186659,149252542,46.001922,47.024187,45.729318,46.478979,0.68151,1575
2020-01-16,1964358,134907563,46.070073,47.22864,46.070073,46.956036,0.477057,1336
2020-01-17,2521448,174906766,47.705697,48.182754,46.54713,46.615281,-0.340755,1754
2020-01-20,1021362,70401578,46.683432,47.160489,46.683432,46.956036,0.340755,647
2020-01-30,2724414,171821606,43.616637,44.161845,42.321768,42.321768,-4.634268,1839
2020-01-31,1426125,88714309,42.253617,43.275882,41.231353,42.389919,0.068151,1002
2020-02-03,1267448,74421903,39.254974,41.163202,38.914219,41.095051,-1.294868,959
2020-02-04,635003,38809484,41.503956,41.981013,41.095051,41.844711,0.74966,505
2020-02-05,761206,47092590,42.526221,42.526221,41.572107,42.185466,0.340755,456
2020-02-06,1055900,66876479,42.594372,43.480335,42.594372,43.003278,0.817812,790
2020-02-07,1062114,65720631,43.003278,43.13958,41.844711,41.844711,-1.158567,727
2020-02-10,960010,58185175,40.890598,42.253617,40.481692,42.253617,0.408906,685
2020-02-11,1113263,68491606,41.572107,42.389919,41.503956,42.049164,-0.204453,818
2020-02-12,981074,61552836,42.389919,43.207731,42.389919,42.662523,0.613359,718
2020-02-13,781683,48845308,42.798825,43.071429,42.117315,42.117315,-0.545208,548
2020-02-14,1836701,116415513,42.049164,43.957392,41.844711,43.684788,1.567473,1164
2020-02-17,571300,36414308,43.207731,43.752939,43.003278,43.344033,-0.340755,424
2020-02-18,478227,30324091,43.275882,43.616637,42.935127,43.071429,-0.272604,295
2020-02-19,601194,38107157,43.13958,43.548486,42.730674,43.412184,0.340755,424
2020-02-20,714800,45816220,44.025543,44.025543,43.412184,43.480335,0.068151,461
2020-02-21,412739,26056057,43.548486,43.548486,42.798825,42.866976,-0.613359,298
2020-02-24,527750,32815425,42.594372,43.003278,42.117315,42.321768,-0.545208,305
2020-02-25,723092,45106522,42.117315,43.207731,41.77656,43.071429,0.749661,517
2020-02-26,445254,27778520,42.389919,42.935127,42.253617,42.389919,-0.68151,327
2020-02-27,9094727,620358724,45.18411,46.615281,44.707053,46.615281,4.225362,3573
2020-03-02,12769343,919582056,47.364942,51.045096,46.615281,49.409472,2.794191,8533
2020-03-03,6933001,546276568,51.794757,54.316344,51.794757,54.316344,4.906872,3143
2020-03-04,9705477,788626891,56.565327,56.76978,53.566683,55.066005,0.749661,6746
2020-03-05,9505556,807803432,56.08827,59.700272,55.951968,59.018762,3.952757,6495
2020-03-06,4051297,346811799,58.132799,59.223215,57.45129,59.018762,0.0,2718
2020-03-09,3493000,287939700,57.587592,58.337252,54.588948,54.861552,-4.15721,2507
2020-03-10,7117000,583352000,53.634834,59.155064,52.408116,57.792045,2.930493,4656
2020-03-11,8150079,687854699,57.996497,60.518084,55.202307,55.202307,-2.589738,5829
2020-03-12,4725155,354998804,54.452646,54.452646,49.682076,50.431737,-4.77057,2923
2020-03-13,6315402,430631172,46.683432,48.864264,45.388563,46.478979,-3.952758,3500
2020-03-16,8987226,633117531,47.637546,49.750227,45.388563,46.342677,-0.136302,5933
2020-03-17,5653499,386945830,45.797469,48.250905,44.161845,46.342677,0.0,3737
2020-03-18,9581762,687939640,47.773848,50.63619,47.501244,47.773848,1.431171,6473
2020-03-19,13321336,925466692,49.205019,50.090982,43.071429,46.683432,-1.090416,9682
2020-03-20,8229407,605315242,49.750227,51.3177,48.523509,51.3177,4.634268,5472
2020-03-23,4853485,356825010,50.159133,51.249549,48.455358,49.205019,-2.112681,3593
2020-03-24,5723271,439572556,51.181398,53.430381,51.113247,52.203663,2.998644,4037
2020-03-25,9036665,697322140,53.839287,54.861552,49.750227,50.159133,-2.04453,6737
2020-03-26,4872739,349502114,50.499888,50.772492,47.501244,49.818378,-0.340755,3673
2020-03-27,4553740,332438562,50.159133,51.113247,48.387207,48.387207,-1.431171,3420
2020-03-30,2758958,196570219,45.86562,49.95468,45.86562,49.95468,1.567473,1955
2020-03-31,3884750,290626022,51.794757,52.271814,50.159133,50.840643,0.885963,2988
2020-04-01,1840750,137876345,51.113247,51.658455,50.431737,51.113247,0.272604,1306
2020-04-06,4379423,343645668,52.067361,55.543062,51.113247,54.04374,2.930493,2998
2020-04-07,4166373,337707383,55.815666,56.497176,54.180042,54.248193,0.204453,2850
2020-04-08,6901577,583930685,54.180042,59.632121,53.975589,59.632121,5.383928,4722
2020-04-09,13202143,1212219217,61.335896,65.288654,58.473554,58.746158,-0.885963,9370
2020-04-10,6405246,569432060,60.381782,62.358161,58.88246,61.199594,2.453436,4840
2020-04-13,3917632,345202041,61.472198,61.676651,58.950611,60.109178,-1.090416,2923
2020-04-14,4988571,441179742,60.722537,61.881104,59.018762,61.881104,1.771926,3771
2020-04-15,4187147,376157961,62.017406,62.494463,60.449933,60.518084,-1.36302,3107
2020-04-16,4641776,412972450,60.722537,62.221859,59.291366,59.768423,-0.749661,3353
2020-04-17,5732069,506854051,60.449933,61.812953,59.359517,59.495819,-0.272604,4211
2020-04-20,3272753,291202139,59.427668,61.676651,59.291366,61.676651,2.180832,2408
2020-04-21,16133064,1513089481,61.744802,65.902013,61.199594,63.789332,2.112681,11728
2020-04-22,8433586,795655268,63.789332,66.038315,62.017406,66.038315,2.248983,6181
2020-04-23,6717206,644795043,65.493107,67.06058,63.721181,63.721181,-2.317134,5163
2020-04-24,6950000,670115400,64.130087,66.787976,64.130087,65.084201,1.36302,5303
2020-04-27,5773449,564345127,65.970164,67.946543,65.356805,65.69756,0.613359,4473
2020-04-28,5732303,568125300,66.719825,68.832506,65.970164,68.491751,2.794191,4486
2020-04-29,3460660,343863505,68.491751,69.514016,66.787976,66.856127,-1.635624,2690
2020-04-30,2842879,275860601,67.196882,67.469486,65.493107,65.833862,-1.022265,2208
2020-05-04,2629181,255390662,65.424956,66.924278,64.130087,66.038315,0.204453,2070
2020-05-05,1734006,168690779,66.310919,67.333184,65.356805,66.310919,0.272604,1331
2020-05-06,3641002,361625990,66.310919,69.173261,66.106466,67.673939,1.36302,2677
2020-05-07,3884350,381902286,68.150996,68.491751,65.902013,66.106466,-1.567473,2751
2020-05-08,5801097,538617527,66.515372,66.583523,61.404047,61.404047,-4.702419,4499
2020-05-11,2997831,276546865,62.698916,63.993785,61.540349,62.903369,1.499322,2273
2020-05-12,2269078,207431476,62.085557,63.175973,61.6085,62.562614,-0.340755,1631
2020-05-13,1826979,169732212,62.426312,64.607144,62.358161,64.538993,1.976379,1358
2020-05-14,1800887,168504288,64.402691,64.879748,62.358161,62.630765,-1.908228,1256
2020-05-15,1240741,114290472,63.107822,63.857483,61.744802,62.426312,-0.204453,966
2020-05-18,1492586,137827929,62.426312,63.925634,61.881104,62.562614,0.136302,1204
2020-05-19,1547086,144099203,63.380426,64.266389,62.903369,64.266389,1.703775,1225
2020-05-20,2378959,225212055,64.470842,65.629409,63.721181,63.857483,-0.408906,1693
2020-05-21,1443814,136917172,64.266389,65.084201,63.993785,64.743446,0.885963,1164
2020-05-22,3478436,332938794,65.084201,66.447221,63.65303,63.65303,-1.090416,2411
2020-05-25,1227841,115990327,63.65303,65.288654,62.903369,65.152352,1.499322,877
2020-05-26,1834613,176463954,65.493107,66.242768,64.811597,64.879748,-0.272604,1459
2020-05-27,5051344,516603643,66.583523,71.217791,66.515372,71.217791,6.338043,2876
2020-05-28,11825186,1262177530,73.603076,75.30685,70.195526,72.240056,1.022265,7774
2020-05-29,4825649,496890869,71.217791,72.580811,68.491751,69.173261,-3.066795,3276
2020-06-01,7103292,766882553,69.514016,75.98836,69.514016,75.98836,6.815099,4762
2020-06-02,11087005,1192660013,78.373645,79.055155,68.491751,69.514016,-6.474344,7524
2020-06-03,4195510,430535783,70.195526,71.899301,68.150996,70.877036,1.36302,3071
2020-06-04,3095951,311384200,70.877036,71.217791,67.810241,67.810241,-3.066795,2398
2020-06-05,2189987,224384661,68.491751,70.877036,68.150996,70.195526,2.385285,1942
2020-06-08,2483800,259205100,72.240056,72.921566,69.514016,70.536281,0.340755,1848
2020-06-09,1297437,132085292,70.536281,70.877036,68.150996,69.173261,-1.36302,1040
2020-06-10,2576330,262252450,69.514016,71.558546,67.878392,70.195526,1.022265,1827
2020-06-11,3432957,343608633,68.832506,69.854771,67.469486,67.469486,-2.72604,2336
2020-06-12,1884105,181766500,64.743446,67.128731,63.789332,66.106466,-1.36302,1428
2020-06-15,1849580,183354789,66.719825,68.832506,65.765711,67.469486,1.36302,1211
2020-06-16,1032191,102920100,68.491751,69.173261,66.992429,67.469486,0.0,814
2020-06-17,783110,78140310,68.082845,68.832506,67.469486,67.469486,0.0,607
2020-06-18,1402271,141712104,67.673939,69.854771,67.333184,69.173261,1.703775,1124
2020-06-19,5759851,609893355,69.514016,74.284586,69.514016,71.558546,2.385285,4100
2020-06-22,3081847,328109047,72.240056,73.943831,70.195526,72.921566,1.36302,2279
2020-06-23,7719940,869504241,75.647605,79.736665,72.580811,76.66987,3.748304,5504
2020-06-24,3375784,382202660,78.373645,78.373645,75.30685,78.373645,1.703775,2373
2020-06-29,3875285,446306060,76.329115,81.099685,75.647605,78.373645,0.0,2678
2020-06-30,2915587,339873592,79.39591,81.099685,77.35138,79.055155,0.68151,2008
2020-07-01,4761606,568569220,80.418175,84.16648,79.055155,79.736665,0.68151,3300
2020-07-02,2026600,238871098,80.418175,81.781195,79.39591,80.418175,0.68151,1377
2020-07-03,1701191,201916156,81.781195,82.462705,79.055155,79.055155,-1.36302,1048
2020-07-06,2112875,253686500,80.07742,83.825725,79.736665,81.781195,2.72604,1413
2020-07-07,1738685,207215355,83.48497,83.825725,79.39591,80.75893,-1.022265,1265
2020-07-08,1185358,138245602,81.324667,83.799765,80.971081,83.44618,2.68725,825
2020-07-09,1972901,231464615,84.860522,85.567693,79.910325,79.910325,-3.535855,1345
2020-07-10,4667595,550995495,80.617496,87.689206,78.495983,85.567693,5.657368,3015
2020-07-13,8689682,1104757160,85.567693,93.346574,84.860522,91.932232,6.364539,5779
2020-07-14,9761821,1318241737,93.346574,99.003942,91.225061,94.760916,2.828684,7272
2020-07-15,4452216,582982716,97.943186,97.943186,87.689206,88.042792,-6.718124,3225
2020-07-16,1519711,190926508,89.103548,90.871476,86.62845,89.457134,1.414342,1232
2020-07-17,1662565,208628450,89.457134,90.164305,86.982035,90.164305,0.707171,1073
2020-07-20,1430821,180857946,90.51789,91.578647,88.042792,88.396377,-1.767928,1054
2020-07-21,1905194,246849506,89.457134,93.346574,89.103548,92.639403,4.243026,1454
2020-07-22,1120260,143744280,91.932232,91.932232,89.810719,90.164305,-2.475098,898
2020-07-23,955364,122576406,90.51789,92.639403,89.810719,90.164305,0.0,797
2020-07-24,1629775,201806600,89.457134,89.810719,85.567693,85.921279,-4.243026,1221
2020-07-27,1004410,125144750,87.689206,89.810719,86.62845,87.689206,1.767927,770
2020-07-28,2238696,266889020,88.396377,88.396377,82.031838,82.739009,-4.950197,1634
2020-07-29,1128509,134494107,84.506937,85.921279,83.092594,84.153351,1.414342,902
2020-07-30,672205,80162805,84.506937,85.214108,83.44618,84.153351,0.0,447
2020-07-31,3718698,467501894,85.567693,91.225061,85.214108,88.042792,3.889441,2671
2020-08-03,809359,99085834,88.396377,88.749963,85.567693,85.567693,-2.475099,671
2020-08-04,992040,118246340,86.274864,86.62845,83.44618,83.799765,-1.767928,834
2020-08-05,1099590,134087954,84.860522,87.335621,84.860522,86.274864,2.475099,860
2020-08-06,1023500,122944500,88.559333,88.559333,85.6676,85.6676,-0.607264,811
2020-08-07,364643,43170803,85.6676,86.752,84.944667,85.6676,0.0,322
2020-08-10,428370,50881455,86.752,86.752,84.944667,85.6676,0.0,304
2020-08-11,1023487,118888234,86.390533,86.390533,81.33,82.775867,-2.891733,849
2020-08-12,582654,66518864,82.775867,84.221733,81.33,82.052933,-0.722934,498
2020-08-13,778455,88207825,83.137333,83.860267,80.2456,80.968533,-1.0844,570
2020-08-14,3550427,426851521,80.968533,88.9208,80.968533,88.9208,7.952267,2476
2020-08-17,3768285,472184840,90.0052,92.896933,88.9208,89.282267,0.361467,2782
2020-08-18,908100,109509046,88.559333,89.282267,86.029067,86.752,-2.530267,751
2020-08-19,954764,115132795,87.474933,88.559333,86.029067,86.029067,-0.722933,688
2020-08-20,2486610,276530430,86.029067,86.752,77.715333,79.1612,-6.867867,1891
2020-08-21,1128511,124070221,80.2456,80.968533,78.0768,78.0768,-1.0844,895
2020-08-24,3462595,404190505,79.522667,85.6676,79.522667,83.860267,5.783467,1862
2020-08-25,6353455,792931507,85.306133,92.174,84.5832,92.174,8.313733,3951
2020-08-26,5531851,700364226,93.619867,95.4272,88.559333,91.0896,-1.0844,3999
2020-08-27,2683600,333286500,92.535467,92.535467,87.8364,88.197867,-2.891733,1775
2020-08-28,1744193,209193027,87.474933,88.197867,84.944667,86.752,-1.445867,1397
2020-08-31,1713284,202974351,87.8364,88.9208,83.860267,84.944667,-1.807333,1399
2020-09-01,2093805,248003367,84.944667,87.474933,84.221733,85.6676,0.722933,1364
2020-09-02,1346020,161346400,86.029067,87.8364,85.306133,86.752,1.0844,986
2020-09-03,1353477,160580286,87.474933,87.474933,84.221733,84.944667,-1.807333,1023
2020-09-04,2225142,266218540,83.137333,87.474933,82.775867,87.113467,2.1688,1641
2020-09-07,1262865,150805127,87.113467,88.197867,83.860267,84.944667,-2.1688,898
2020-09-08,775762,90333392,85.6676,86.029067,83.137333,83.860267,-1.0844,621
2020-09-09,1909047,213107858,82.052933,83.137333,78.799733,81.691467,-2.1688,1487
2020-09-10,1425628,164838401,83.137333,85.6676,82.4144,82.775867,1.0844,1130
2020-09-11,1167005,129717057,80.968533,82.052933,79.522667,80.607067,-2.1688,947
2020-09-14,869912,96941056,80.2456,81.33,79.522667,81.33,0.722933,635
2020-09-15,716783,81001762,81.691467,83.137333,79.884133,81.691467,0.361467,536
2020-09-16,985929,111287477,82.4144,82.775867,80.968533,81.691467,0.0,673
2020-09-17,1219018,138705016,80.968533,83.860267,80.968533,80.968533,-0.722934,869
2020-09-18,752131,84156303,81.691467,81.691467,80.2456,81.691467,0.722934,578
2020-09-21,954968,108265397,81.691467,83.137333,80.968533,80.968533,-0.722934,654
2020-09-22,870587,95926657,80.607067,81.33,78.799733,79.884133,-1.0844,758
2020-09-23,1112238,120506313,79.522667,80.607067,76.269467,78.0768,-1.807333,821
2020-09-24,715700,75923200,76.9924,78.0768,75.908,75.908,-2.1688,574
2020-09-25,1733881,176368095,76.630933,77.353867,72.076453,73.7392,-2.1688,1152
2020-09-28,893947,90496112,75.185067,75.185067,72.293333,73.016267,-0.722933,673
2020-09-29,1174947,123908852,74.462133,78.0768,73.7392,77.715333,4.699066,880
2020-09-30,1226995,127507974,76.630933,77.353867,74.100667,74.8236,-2.891733,847
2020-10-05,691962,72513434,75.185067,77.353867,74.462133,77.353867,2.530267,550
2020-10-06,1077654,117756632,78.0768,80.2456,77.715333,78.799733,1.445866,682
2020-10-07,321576,34991284,78.799733,79.522667,77.353867,79.1612,0.361467,278
2020-10-08,367072,40126309,79.1612,79.884133,78.438267,78.438267,-0.722933,289
2020-10-12,616940,67515987,79.1612,80.2456,76.9924,78.438267,0.0,439
2020-10-13,482736,52961224,79.884133,79.884133,78.438267,79.1612,0.722933,337
2020-10-14,548782,60282842,79.522667,80.2456,78.438267,78.438267,-0.722933,389
2020-10-15,335953,36744848,78.799733,79.884133,78.438267,78.799733,0.361466,249
2020-10-16,329664,35696548,79.1612,79.522667,77.353867,77.353867,-1.445866,268
2020-10-19,163600,17631498,77.353867,78.438267,77.353867,77.715333,0.361466,134
2020-10-20,291546,31587968,77.353867,78.799733,77.353867,78.0768,0.361467,200
2020-10-21,1657153,186034554,78.438267,82.775867,78.0768,80.607067,2.530267,1104
2020-10-22,4170590,483762725,81.33,85.306133,80.968533,84.5832,3.976133,2673
2020-10-23,2260849,264637484,86.029067,87.113467,83.137333,83.4988,-1.0844,1657
2020-10-26,1239061,139552622,83.137333,83.4988,80.2456,80.2456,-3.2532,829
2020-10-27,335726,37323465,79.522667,81.33,79.522667,80.2456,0.0,269
2020-10-28,337888,36946354,80.2456,80.607067,78.438267,78.438267,-1.807333,285
2020-10-29,387254,41438890,76.630933,78.0768,75.908,77.715333,-0.722934,280
2020-10-30,476443,51087388,79.1612,79.1612,76.269467,76.269467,-1.445866,375
2020-11-02,444352,46434142,76.9924,77.353867,74.8236,74.8236,-1.445867,357
2020-11-03,334380,35292580,75.546533,76.9924,75.546533,76.630933,1.807333,307
2020-11-04,265093,28137159,77.353867,77.353867,75.908,76.630933,0.0,206
2020-11-05,302695,32542794,77.353867,78.438267,76.9924,77.715333,1.0844,256
2020-11-06,240976,25933623,78.0768,78.438267,77.353867,77.353867,-0.361466,228
2020-11-09,706245,75303054,78.438267,78.438267,75.908,77.715333,0.361466,548
2020-11-10,397653,42216253,77.715333,78.0768,75.908,76.269467,-1.445866,331
2020-11-11,302632,31991492,77.353867,77.353867,75.908,76.630933,0.361466,266
2020-11-12,449757,47766272,77.353867,77.353867,76.269467,76.269467,-0.361466,336
2020-11-13,443969,47313401,76.9924,78.0768,76.269467,76.9924,0.722933,326
2020-11-16,477384,51012490,77.353867,77.715333,76.630933,77.715333,0.722933,362
2020-11-17,1653832,172528922,77.715333,78.0768,74.100667,74.8236,-2.891733,1117
2020-11-18,1593300,161982012,74.8236,74.8236,72.293333,73.7392,-1.0844,1228
2020-11-19,670529,69022202,73.7392,75.185067,73.377733,74.100667,0.361467,568
2020-11-20,1717787,181479324,75.185067,78.0768,74.100667,77.353867,3.2532,1163
2020-11-23,613946,64999061,76.9924,77.353867,75.908,76.269467,-1.0844,465
2020-11-24,477840,50536628,76.9924,76.9924,75.546533,76.630933,0.361466,361
2020-11-25,2671324,291295151,76.9924,80.607067,76.630933,80.2456,3.614667,1703
2020-11-26,7134674,841443723,81.691467,87.8364,81.33,84.5832,4.3376,4695
2020-11-27,2572583,300527859,83.860267,86.029067,82.4144,82.4144,-2.1688,1590
2020-11-30,2807733,332309609,84.5832,87.113467,83.4988,84.221733,1.807333,1865
2020-12-01,1256049,147320551,86.029067,86.390533,83.137333,84.944667,0.722934,933
2020-12-02,2399209,289158145,87.474933,88.9208,85.6676,86.390533,1.445866,1864
2020-12-03,1304817,155069098,87.113467,87.474933,84.5832,84.5832,-1.807333,948
2020-12-04,1482835,176489093,84.5832,87.113467,84.221733,85.6676,1.0844,1007
2020-12-07,948855,110569746,86.390533,86.752,83.137333,83.137333,-2.530267,653
2020-12-08,884944,104357184,83.4988,86.029067,83.4988,85.306133,2.1688,701
2020-12-09,856723,100864006,84.944667,86.029067,83.860267,84.5832,-0.722933,680
2020-12-10,1063822,124165885,85.306133,86.029067,83.4988,83.4988,-1.0844,762
2020-12-11,1019939,117549482,84.944667,85.6676,81.691467,82.4144,-1.0844,810
2020-12-14,1025694,118710062,82.4144,85.6676,82.4144,83.860267,1.445867,487
2020-12-15,736516,85672674,83.860267,85.306133,82.775867,83.860267,0.0,551
2020-12-16,2260470,267900213,85.306133,86.752,84.221733,86.390533,2.530266,1557
2020-12-17,2818289,335992575,87.8364,88.9208,83.860267,83.860267,-2.530266,1935
2020-12-18,605004,70250881,83.860267,84.5832,83.137333,83.4988,-0.361467,475
2020-12-21,612432,70244709,84.5832,84.5832,82.052933,82.052933,-1.445867,476
2020-12-22,952376,106275943,82.052933,82.775867,78.438267,78.799733,-3.2532,789
2020-12-23,413536,45028937,79.1612,79.884133,77.715333,78.799733,0.0,328
2020-12-24,390240,43375448,79.1612,81.33,79.1612,81.33,2.530267,317
2020-12-25,358038,39680035,81.33,81.33,79.1612,79.522667,-1.807333,325
2020-12-28,220549,24173464,79.884133,80.2456,78.799733,79.1612,-0.361467,205
2020-12-29,267363,29381619,79.1612,79.884133,78.799733,79.1612,0.0,218
2020-12-30,183777,20315469,79.522667,80.2456,79.522667,79.884133,0.722933,174
2020-12-31,144927,15994524,80.2456,80.607067,79.522667,79.522667,-0.361466,146
2021-01-04,1276173,137360429,79.522667,79.522667,76.9924,78.438267,-1.0844,859
2021-01-05,1329973,145102555,76.9924,81.33,76.630933,80.607067,2.1688,956
2021-01-06,1636627,184388982,80.607067,83.137333,79.522667,82.775867,2.1688,1263
2021-01-07,1361679,155066349,83.4988,83.860267,80.968533,82.4144,-0.361467,1013
2021-01-08,1086624,120637890,81.691467,82.052933,79.522667,79.884133,-2.530267,786
2021-01-11,1135262,122743879,79.1612,79.884133,77.353867,77.715333,-2.1688,827
2021-01-12,1177989,125162139,77.715333,78.438267,75.908,76.269467,-1.445866,935
2021-01-13,828577,87600186,76.269467,77.715333,75.908,76.269467,0.0,673
2021-01-14,1360533,149213597,76.9924,80.607067,76.269467,79.884133,3.614666,1070
2021-01-15,1065074,116562792,79.522667,80.607067,77.353867,77.715333,-2.1688,810
2021-01-18,982711,104469231,77.353867,77.715333,75.908,76.9924,-0.722933,840
2021-01-19,933449,102257684,77.715333,79.884133,76.9924,79.884133,2.891733,746
2021-01-20,816280,89176557,79.1612,80.2456,77.715333,77.715333,-2.1688,621
2021-01-21,5777405,676817414,82.775867,85.306133,80.968533,85.306133,7.5908,2764
2021-01-22,7823303,936821207,87.8364,90.0052,82.4144,86.390533,1.0844,5200
2021-01-25,1216487,144136193,86.029067,86.752,84.5832,85.6676,-0.722933,889
2021-01-26,1303156,155589026,85.6676,88.197867,84.5832,85.306133,-0.361467,961
2021-01-27,7104308,888228169,87.8364,93.2584,87.474933,87.474933,2.1688,4986
2021-01-28,2510094,305007448,85.306133,89.643733,83.860267,88.9208,1.445867,1828
2021-01-29,2685673,330523000,90.366667,91.812533,86.029067,86.752,-2.1688,1932
2021-02-01,6644393,844107716,87.8364,94.704267,85.6676,93.619867,6.867867,4729
2021-02-02,6651985,853924428,95.4272,96.150133,89.643733,95.788667,2.1688,4558
2021-02-03,2030868,266268260,94.704267,96.5116,93.2584,93.981333,-1.807334,1707
2021-02-04,5217934,697397818,93.981333,100.126267,92.896933,94.3428,0.361467,3757
2021-02-05,1989259,256330850,94.704267,96.150133,91.451067,91.451067,-2.891733,1551
2021-02-17,1574805,205371494,95.065733,95.4272,93.2584,93.619867,2.1688,1242
2021-02-18,1813745,236083380,93.981333,95.788667,92.896933,95.065733,1.445866,1259
2021-02-19,1306519,170642464,93.981333,96.150133,93.2584,94.704267,-0.361466,980
2021-02-22,2127540,272519930,94.704267,95.065733,91.451067,91.812533,-2.891734,1615
2021-02-23,2087614,260012062,90.366667,91.812533,88.9208,91.0896,-0.722933,1791
2021-02-24,1671594,211188906,91.451067,93.619867,89.643733,89.643733,-1.445867,1297
2021-02-25,4005481,527099828,90.728133,97.957467,90.728133,96.873067,7.229334,2846
2021-02-26,4060497,539704647,95.065733,100.126267,92.535467,92.535467,-4.3376,3111
2021-03-02,1696156,221660233,96.150133,96.5116,92.174,92.174,-0.361467,1193
2021-03-03,3281856,437005685,92.896933,98.6804,91.812533,97.596,5.422,2456
2021-03-04,2515175,331061854,97.234533,97.234533,93.981333,93.981333,-3.614667,1652
2021-03-05,1649614,216056111,92.174,96.5116,91.812533,93.981333,0.0,1214
2021-03-08,2940632,391194262,94.3428,98.6804,93.2584,95.065733,1.0844,2037
2021-03-09,1192087,155310875,94.3428,96.150133,93.2584,93.619867,-1.445866,985
2021-03-10,1088054,142629354,95.065733,96.5116,93.619867,93.619867,0.0,787
2021-03-11,1946605,249222312,93.619867,94.704267,91.0896,91.451067,-2.1688,1630
2021-03-12,710511,91252539,92.174,93.981333,91.812533,92.896933,1.445866,576
2021-03-15,940799,120930182,95.065733,95.065733,91.812533,92.174,-0.722933,788
2021-03-16,988158,125502982,93.2584,93.2584,91.0896,92.174,0.0,893
2021-03-17,1132828,147081901,93.2584,95.065733,92.535467,94.3428,2.1688,826
2021-03-18,1710756,219499426,94.704267,94.704267,91.812533,91.812533,-2.530267,1347
2021-03-19,713311,90786030,91.812533,92.896933,91.0896,92.174,0.361467,557
2021-03-22,409347,52248914,92.535467,92.896933,91.812533,92.174,0.0,350
2021-03-23,1323718,166238450,92.535467,92.535467,90.0052,90.366667,-1.807333,1102
2021-03-24,349950,43820150,90.0052,91.451067,89.643733,90.0052,-0.361467,300
2021-03-25,759581,93758563,90.366667,90.366667,88.559333,88.9208,-1.0844,609
2021-03-26,591865,73337375,89.643733,90.728133,88.9208,89.643733,0.722933,513
2021-03-29,645003,80671563,91.0896,91.0896,89.643733,90.728133,1.0844,495
2021-03-30,422120,53187492,91.451067,91.451067,90.728133,91.0896,0.361467,383
2021-03-31,349091,43951858,91.451067,91.451067,90.366667,90.728133,-0.361467,297
2021-04-01,1329312,170567091,91.451067,93.619867,91.0896,92.535467,1.807334,1007
2021-04-06,975732,126304892,94.704267,94.704267,92.535467,92.896933,0.361466,705
2021-04-07,444092,57290128,92.896933,93.981333,92.535467,93.619867,0.722934,393
2021-04-08,706626,90566691,93.619867,93.981333,91.812533,92.174,-1.445867,636
2021-04-09,522500,66543366,92.535467,92.896933,91.451067,91.812533,-0.361467,409
2021-04-12,1927036,236677123,90.0052,90.366667,87.113467,87.474933,-4.3376,1703
2021-04-13,1486865,176552378,87.474933,87.474933,84.5832,84.5832,-2.891733,1312
2021-04-14,1387069,159039792,84.221733,85.306133,79.522667,83.4988,-1.0844,1108
2021-04-15,328641,38073469,83.860267,84.5832,82.775867,84.221733,0.722933,328
2021-04-16,473640,56316997,84.944667,86.752,84.5832,85.6676,1.445867,414
2021-04-19,288717,33972798,86.029067,86.029067,84.5832,84.5832,-1.0844,336
2021-04-20,276758,32639776,84.944667,86.029067,84.5832,85.6676,1.0844,301
2021-04-21,504995,59537025,85.6676,86.029067,84.221733,84.944667,-0.722933,419
2021-04-22,817150,94390900,85.306133,85.6676,82.4144,82.4144,-2.530267,703
2021-04-23,879582,99246103,81.691467,82.4144,80.607067,81.33,-1.0844,824
2021-04-26,1999296,236098119,82.052933,88.197867,80.968533,86.029067,4.699067,1347
2021-04-27,1099158,132639615,86.752,88.9208,85.6676,87.113467,1.0844,855
2021-04-28,817328,98872451,87.474933,88.197867,86.390533,88.197867,1.0844,638
2021-04-29,2368964,274557911,85.306133,86.390533,82.052933,82.775867,-5.422,1779
2021-05-03,1193187,132943259,81.691467,82.052933,79.522667,79.884133,-2.891734,970
2021-05-04,1760777,185786883,79.884133,79.884133,73.016267,76.269467,-3.614666,1409
2021-05-05,563397,59100444,75.908,76.9924,74.462133,74.8236,-1.445867,467
2021-05-06,370196,38561174,75.546533,76.269467,74.462133,74.462133,-0.361467,372
2021-05-07,729474,78100500,75.185067,78.799733,75.185067,78.799733,4.3376,517
2021-05-10,384974,41368285,79.1612,79.1612,76.630933,77.353867,-1.445866,364
2021-05-11,1452129,147301261,75.908,75.908,70.70288,72.148747,-5.20512,1135
2021-05-12,3032418,279531112,72.076453,72.076453,64.991707,65.28088,-6.867867,2198
2021-05-13,1257690,114278070,63.618133,67.88344,62.389147,66.36528,1.0844,962
2021-05-14,976413,93198103,67.44968,70.486,67.377387,69.4016,3.03632,739
2021-05-17,901950,81869859,64.341067,67.955733,63.690427,65.064,-4.3376,773
2021-05-18,668354,63250727,66.509867,69.61848,66.36528,69.4016,4.3376,512
2021-05-19,334732,32191445,68.3172,70.558293,68.244907,69.61848,0.21688,321
2021-05-20,238583,22678337,69.61848,69.61848,68.3172,68.3172,-1.30128,241
2021-05-21,396858,38101318,68.895547,69.83536,68.823253,69.329307,1.012107,334
2021-05-24,300551,28705953,69.329307,69.83536,68.389493,68.96784,-0.361467,279
2021-05-25,725237,71453403,69.112427,73.016267,68.96784,70.91976,1.95192,582
2021-05-26,420296,41904768,70.91976,73.016267,70.486,72.293333,1.373573,401
2021-05-27,716640,73332373,72.293333,75.185067,71.498107,73.7392,1.445867,642
2021-05-28,447038,45712722,74.100667,74.8236,73.016267,73.377733,-0.361467,378
2021-05-31,488578,49903650,73.7392,75.185067,72.6548,74.8236,1.445867,388
2021-06-01,423965,44357086,74.8236,76.630933,74.100667,75.908,1.0844,409
2021-06-02,465519,48719651,75.908,76.630933,74.8236,75.546533,-0.361467,401
2021-06-03,381048,40640220,75.546533,78.438267,75.546533,76.630933,1.0844,347
2021-06-04,343609,35681432,76.630933,76.630933,74.462133,74.462133,-2.1688,336
2021-06-07,434979,44186727,73.7392,74.8236,72.293333,73.377733,-1.0844,350
2021-06-08,203135,20571125,74.100667,74.462133,72.6548,73.016267,-0.361466,182
2021-06-09,106446,10880213,73.016267,74.462133,73.016267,73.7392,0.722933,91
2021-06-10,300561,31247153,73.7392,75.908,73.7392,75.185067,1.445867,256
2021-06-11,448433,45677100,73.7392,74.462133,73.016267,73.016267,-2.1688,388
2021-06-15,478834,49328571,74.462133,75.546533,73.016267,74.8236,1.807333,355
2021-06-16,186948,19276518,74.8236,74.8236,73.7392,74.100667,-0.722933,159
2021-06-17,542071,56827982,73.016267,77.353867,73.016267,76.630933,2.530266,459
2021-06-18,536751,57394663,77.353867,78.0768,75.908,77.353867,0.722934,362
2021-06-21,420563,44567622,77.353867,77.715333,75.546533,76.9924,-0.361467,334
2021-06-22,471428,50460308,76.9924,78.0768,76.9924,77.353867,0.361467,294
2021-06-23,5446067,623965156,78.0768,84.944667,77.353867,84.944667,7.5908,2767
2021-06-24,3231326,367175907,84.221733,84.221733,79.1612,81.691467,-3.2532,2080
2021-06-25,1530673,172642677,82.775867,83.4988,79.884133,80.607067,-1.0844,1154
2021-06-28,824559,91834229,81.691467,81.691467,79.522667,80.607067,0.0,710
2021-06-29,2050773,234748180,81.33,85.306133,80.2456,81.33,0.722933,1571
2021-06-30,1001160,111170043,82.052933,82.052933,79.522667,79.522667,-1.807333,829
2021-07-01,519313,57251757,80.2456,81.33,78.438267,78.799733,-0.722934,476
2021-07-02,2564368,283402072,78.438267,80.968533,76.9924,80.607067,1.807334,884
2021-07-05,581955,63849283,80.2456,80.2456,78.799733,78.799733,-1.807334,570
2021-07-06,889674,96096227,79.522667,80.2456,76.9924,76.9924,-1.807333,726
2021-07-07,628891,66698120,76.9924,77.715333,75.908,76.269467,-0.722933,572
2021-07-08,379807,40531995,76.9924,77.715333,76.630933,76.630933,0.361466,309
2021-07-09,430371,45152766,75.546533,76.630933,75.546533,75.908,-0.722933,351
2021-07-12,268935,28499928,76.9924,77.353867,76.269467,76.9924,1.0844,251
2021-07-13,776134,83953484,76.9924,79.884133,76.9924,77.353867,0.361467,611
2021-07-14,365050,38788397,76.9924,78.0768,76.269467,76.630933,-0.722934,281
2021-07-15,423482,44648615,76.269467,76.9924,75.546533,76.269467,-0.361466,381
2021-07-16,1035577,113059220,76.9924,80.2456,76.630933,78.438267,2.1688,828
2021-07-19,667663,73384509,79.522667,80.2456,78.438267,79.884133,1.445866,534
2021-07-20,674103,73303546,80.2456,80.607067,76.9924,76.9924,-2.891733,580
2021-07-21,496282,52594742,78.438267,78.438267,75.908,76.269467,-0.722933,405
2021-07-22,408137,43714639,77.715333,78.0768,76.630933,77.715333,1.445866,276
2021-07-23,383237,41142840,78.0768,78.799733,76.9924,77.353867,-0.361466,322
2021-07-26,889172,97458965,78.0768,80.2456,78.0768,79.884133,2.530266,640
2021-07-27,875656,95551182,79.884133,80.968533,76.9924,76.9924,-2.891733,668
2021-07-28,584616,61601526,78.0768,78.0768,74.462133,76.269467,-0.722933,513
2021-07-29,1085083,118171709,77.353867,80.2456,76.630933,79.884133,3.614666,770
2021-07-30,551747,58067619,80.341049,80.721813,79.579523,79.960286,0.076153,436
2021-08-02,337267,35907987,80.721813,81.864102,80.341049,80.721813,0.761527,286
2021-08-03,1147426,125724032,82.625629,85.290972,81.864102,82.244866,1.523053,995
2021-08-04,501889,53170156,81.483339,81.864102,79.960286,79.960286,-2.28458,438
2021-08-05,645987,67003510,79.579523,80.341049,77.675706,78.05647,-1.903816,632
2021-08-06,526792,53385114,76.91418,79.198759,76.152653,77.675706,-0.380764,475
2021-08-09,281902,28658260,77.675706,78.437233,76.91418,76.91418,-0.761526,259
2021-08-10,516693,51645818,78.05647,78.05647,75.391127,76.000348,-0.913832,432
2021-08-11,560248,56104005,76.91418,76.91418,75.010364,75.543432,-0.456916,390
2021-08-12,278727,28011420,75.924195,77.294943,75.619585,76.533417,0.989985,215
2021-08-13,295594,29533085,76.91418,76.91418,75.619585,75.695737,-0.83768,233
2021-08-16,471274,45687292,75.391127,76.000348,72.421173,73.791921,-1.903816,367
2021-08-17,275523,26678650,74.6296,75.162669,72.192715,73.258853,-0.533068,246
2021-08-18,587857,55465780,71.431189,73.335005,70.136594,73.106547,-0.152306,423
2021-08-19,383518,35700090,72.268868,72.878089,69.75583,69.984288,-3.122259,371
2021-08-20,363282,33245784,69.984288,70.365052,68.918151,69.375067,-0.609221,253
2021-08-23,289920,26715284,69.75583,70.89812,69.679678,70.669662,1.294595,229
2021-08-24,132999,12428545,72.116563,72.116563,70.669662,70.974273,0.304611,139
2021-08-25,856414,82445121,70.669662,74.172684,70.669662,73.868074,2.893801,352
2021-08-26,873593,87493872,74.6296,77.675706,73.944226,76.91418,3.046106,687
2021-08-27,1313527,135317675,78.437233,80.721813,76.152653,76.533417,-0.380763,1045
2021-08-30,146179,14776215,78.05647,78.437233,76.533417,76.533417,0.0,133
2021-08-31,147564,14828170,76.533417,76.91418,76.152653,76.533417,0.0,138
2021-09-01,162366,16186763,76.533417,76.533417,75.391127,75.924195,-0.609222,153
2021-09-02,228687,22768513,76.000348,76.91418,75.391127,75.391127,-0.533068,193
2021-09-03,152535,15249198,76.533417,76.533417,75.77189,76.152653,0.761526,131
2021-09-06,135457,13512617,76.533417,76.533417,75.391127,75.391127,-0.761526,124
2021-09-07,276606,26791012,75.924195,76.152653,72.801937,73.106547,-2.28458,249
2021-09-08,229817,21948993,73.106547,74.32499,71.888105,72.192715,-0.913832,206
2021-09-09,117981,11393055,72.192715,74.32499,72.192715,73.639616,1.446901,109
2021-09-10,92260,8905419,73.258853,73.944226,73.106547,73.335005,-0.304611,100
2021-09-13,85624,8176551,73.335005,73.335005,72.421173,72.573479,-0.761526,98
2021-09-14,128843,12210254,72.573479,72.801937,71.202731,71.278884,-1.294595,143
2021-09-15,809210,73752920,71.278884,71.278884,68.537388,69.45122,-1.827664,721
2021-09-16,164511,15198346,69.527373,70.89812,69.527373,69.831983,0.380763,134
2021-09-17,219183,20378982,70.745815,71.202731,69.984288,70.89812,1.066137,233
2021-09-22,148125,13518675,70.212746,70.212746,68.841999,69.45122,-1.4469,146
2021-09-23,124651,11400464,70.517357,70.517357,69.298915,69.603525,0.152305,115
2021-09-24,102620,9426878,70.288899,70.288899,69.679678,69.908136,0.304611,97
2021-09-27,181041,16476945,70.060441,70.136594,68.765846,69.375067,-0.533069,181
2021-09-28,323527,29062037,68.994304,69.146609,68.004319,68.461235,-0.913832,338
2021-09-29,382151,33926381,69.222762,69.222762,67.014335,67.16664,-1.294595,300
2021-09-30,229579,20216513,67.090488,67.395098,66.86203,67.16664,0.0,203
2021-10-01,477343,40977663,67.014335,67.395098,64.044381,65.415129,-1.751511,482
2021-10-04,403036,33719980,65.491282,65.643587,62.445176,62.597481,-2.817648,368
2021-10-05,475326,39024489,62.216718,64.501297,60.617512,64.425145,1.827664,402
2021-10-06,501006,41767295,64.653603,65.795893,62.825939,63.054397,-1.370748,432
2021-10-07,702201,59636262,64.044381,65.872045,63.054397,65.415129,2.360732,636
2021-10-08,469448,40931724,65.415129,67.775861,65.034366,67.014335,1.599206,444
2021-10-12,210067,18397988,68.232777,68.232777,65.643587,65.71974,-1.294595,328
2021-10-13,249833,21199413,66.557419,66.557419,63.663618,63.892076,-1.827664,318
2021-10-14,291442,24396033,63.968229,64.425145,63.13055,63.968229,0.076153,177
2021-10-15,317701,27554409,64.425145,67.090488,64.425145,66.100503,2.132274,301
2021-10-18,923783,78122001,66.633572,67.242793,61.683649,64.044381,-2.056122,421
2021-10-19,467982,40688084,65.262824,67.395098,64.348992,67.014335,2.969954,390
2021-10-20,196691,17372556,67.014335,68.080472,66.709724,67.014335,0.0,165
2021-10-21,389555,34574002,67.547404,68.080472,67.014335,67.014335,0.0,299
2021-10-22,230071,20518853,67.699709,68.537388,67.014335,68.080472,1.066137,270
2021-10-25,230235,20760593,69.222762,69.222762,67.623556,68.994304,0.913832,212
2021-10-26,143916,12965973,69.75583,69.75583,67.775861,67.928167,-1.066137,160
2021-10-27,149446,13451129,68.232777,68.918151,68.156625,68.765846,0.837679,142
2021-10-28,122685,11069047,68.765846,69.527373,68.232777,68.30893,-0.456916,132
2021-10-29,261125,23793617,69.298915,70.060441,68.613541,69.679678,1.370748,241
2021-11-01,143270,13182575,70.060441,70.441204,69.298915,70.060441,0.380763,159
2021-11-02,416995,38613162,70.365052,72.04041,68.689693,71.050426,0.989985,527
2021-11-03,768942,71792272,71.583494,72.649631,70.136594,70.288899,-0.761527,722
2021-11-04,968208,93009165,71.126578,74.477295,70.821968,72.954242,2.665343,872
2021-11-05,777720,75757298,74.6296,75.086516,73.258853,73.563463,0.609221,1153
2021-11-08,333372,31675084,73.944226,73.944226,71.811952,72.04041,-1.523053,597
2021-11-09,578551,54524475,70.821968,73.106547,70.59351,71.811952,-0.228458,475
2021-11-10,116308,11012429,72.649631,72.649631,71.659647,71.888105,0.076153,281
2021-11-11,308334,28779886,72.345021,72.345021,70.59351,70.669662,-1.218443,423
2021-11-12,199923,18674992,70.745815,71.964257,70.669662,70.669662,0.0,190
2021-11-15,309156,29333570,71.964257,72.878089,71.355036,72.04041,1.370748,284
2021-11-16,183022,17348412,72.345021,72.801937,71.659647,71.735799,-0.304611,185
2021-11-17,253997,24218968,72.192715,73.411158,71.735799,72.954242,1.218443,236
2021-11-18,234575,22529764,73.791921,73.791921,72.421173,72.421173,-0.533069,445
2021-11-19,412980,39587958,73.030395,73.715768,72.04041,72.954242,0.533069,579
2021-11-22,821713,80192245,73.868074,75.543432,73.1827,73.868074,0.913832,824
2021-11-23,448428,42710692,73.868074,73.868074,71.659647,71.735799,-2.132275,493
2021-11-24,173905,16635656,71.964257,73.335005,71.964257,73.335005,1.599206,173
2021-11-25,3254449,339146956,74.172684,80.341049,73.944226,80.341049,7.006044,2027
2021-11-26,5507310,587244139,78.05647,83.006392,77.675706,82.244866,1.903817,3726
2021-11-29,2959773,319574898,82.244866,84.529445,78.437233,83.767919,1.523053,2008
2021-11-30,6196898,731071169,86.814025,92.144711,84.910208,92.144711,8.376792,3713
2021-12-01,13588295,1677284911,92.144711,98.617686,90.240894,94.810053,2.665342,8419
2021-12-02,2863840,350092170,94.810053,95.57158,91.383184,93.667764,-1.142289,2052
2021-12-03,3384511,419066355,95.190817,95.952343,92.525474,94.42929,0.761526,2493
2021-12-06,5807026,740959727,95.57158,98.998449,93.667764,96.71387,2.28458,5144
2021-12-07,3467885,442908727,99.379213,99.379213,94.810053,95.190817,-1.523053,3828
2021-12-08,2915821,368696129,97.475396,99.379213,93.287,93.287,-1.903817,2735
2021-12-09,10898255,1437344634,95.952343,102.425319,95.57158,100.521502,7.234502,6936
2021-12-10,6072774,802715745,102.425319,102.425319,98.617686,102.044555,1.523053,5167
2021-12-13,6169653,817769624,100.521502,103.948372,97.475396,99.759976,-2.284579,4675
2021-12-14,2810564,362255235,99.379213,100.902266,95.952343,97.475396,-2.28458,3096
2021-12-15,2853809,370992988,97.85616,101.283029,95.952343,98.236923,0.761527,2300
2021-12-16,7686505,1019269229,100.902266,105.090662,97.475396,98.998449,0.761526,7270
2021-12-17,2680929,333099739,96.71387,96.71387,92.906237,94.048527,-4.949922,2235
2021-12-20,1095434,136755308,93.287,96.333106,92.906237,95.190817,1.14229,697
2021-12-21,13601411,1832257629,96.333106,104.709898,95.952343,104.709898,9.519081,7663
2021-12-22,25341462,3657062402,106.994478,114.22898,106.613715,110.421347,5.711449,18520
2021-12-23,8255526,1192105839,111.9444,112.325164,107.756005,110.421347,0.0,5541
2021-12-24,5906529,828718782,110.802111,111.182874,103.186845,105.852188,-4.569159,4178
2021-12-27,3710064,507478669,103.948372,106.232951,101.663792,106.232951,0.380763,2725
2021-12-28,3343043,466141446,106.613715,108.517531,104.329135,104.709898,-1.523053,2317
2021-12-29,1092560,149778234,103.567609,105.852188,103.567609,104.329135,-0.380763,855
2021-12-30,2560741,352870066,105.090662,107.375241,102.806082,102.806082,-1.523053,2045
2022-01-03,1834255,246127671,102.806082,103.948372,100.140739,102.806082,0.0,1290
2022-01-04,1775239,237239482,102.806082,103.186845,100.140739,102.425319,-0.380763,1498
2022-01-05,2358701,311096593,102.806082,104.329135,97.85616,98.998449,-3.42687,2086
2022-01-06,1864718,240692807,97.475396,99.759976,95.952343,98.998449,0.0,1813
2022-01-07,3260329,405533599,98.998449,99.759976,91.383184,95.952343,-3.046106,3089
2022-01-10,961680,123760348,95.190817,99.379213,94.810053,99.379213,3.42687,814
2022-01-11,1616713,201221016,99.379213,99.759976,91.763947,93.287,-6.092213,2019
2022-01-12,1411877,172387136,92.525474,94.810053,91.383184,93.667764,0.380764,961
2022-01-13,1282908,154095759,94.048527,94.42929,90.240894,90.240894,-3.42687,1107
2022-01-14,1074918,128479169,89.479368,92.906237,89.098604,92.144711,1.903817,873
2022-01-17,1071985,133390414,92.144711,96.333106,91.763947,95.190817,3.046106,800
2022-01-18,638288,79463789,94.810053,96.333106,93.287,94.42929,-0.761527,957
2022-01-19,579351,71455235,93.287,95.190817,92.144711,93.667764,-0.761526,406
2022-01-20,490662,60924404,94.810053,95.190817,93.287,94.810053,1.142289,362
2022-01-21,1245172,148505225,92.906237,92.906237,89.098604,89.479368,-5.330685,1045
2022-01-24,1424796,168980695,89.098604,93.287,86.052498,91.763947,2.284579,934
2022-01-25,1096240,133655186,91.383184,94.048527,90.621657,92.144711,0.380764,916
2022-01-26,2086627,259824106,91.763947,96.71387,90.240894,95.190817,3.046106,2027
2022-02-07,5235856,682416934,98.617686,102.425319,95.952343,98.998449,3.807632,4099
2022-02-08,2685719,344285691,99.759976,100.140739,95.952343,96.71387,-2.284579,2378
2022-02-09,3334393,414072318,96.333106,97.85616,92.525474,93.667764,-3.046106,2546
2022-02-10,2921223,371691301,94.42929,99.379213,94.048527,96.333106,2.665342,2212
2022-02-11,1857672,228301974,94.048527,94.810053,92.906237,93.667764,-2.665342,1689
2022-02-14,1443274,176587498,92.144711,95.190817,91.763947,92.525474,-1.14229,1140
2022-02-15,944344,114639435,93.287,94.42929,90.240894,91.002421,-1.523053,928
2022-02-16,3920080,456110372,92.906237,93.287,86.052498,88.337078,-2.665343,2747
2022-02-17,1142953,132844300,88.337078,89.479368,87.575551,88.337078,0.0,1001
2022-02-18,651062,75536156,86.814025,89.479368,86.814025,88.717841,0.380763,586
2022-02-21,366887,42399138,88.717841,88.717841,87.575551,87.956315,-0.761526,335
2022-02-22,2129406,233877935,87.194788,87.194788,81.483339,83.767919,-4.188396,1865
2022-02-23,1265404,139782693,84.529445,85.671735,82.625629,85.290972,1.523053,998
2022-02-24,1898109,202559284,83.006392,84.529445,79.198759,79.198759,-6.092213,1476
2022-02-25,1819787,193886511,81.102576,82.625629,79.198759,81.483339,2.28458,1614
2022-03-01,509175,55442095,81.864102,84.148682,81.864102,83.767919,2.28458,463
2022-03-02,1020548,108891049,83.006392,83.006392,80.341049,81.864102,-1.903817,1283
2022-03-03,1011294,108559871,83.006392,83.387155,80.341049,82.244866,0.380764,825
2022-03-04,1125311,122747299,81.102576,84.529445,80.721813,84.529445,2.284579,891
2022-03-07,2319340,237780052,82.625629,83.006392,76.152653,76.91418,-7.615265,2141
2022-03-08,1720468,171443520,76.000348,78.437233,74.781906,74.934211,-1.979969,2490
2022-03-09,1350472,134599466,75.77189,76.91418,75.086516,75.77189,0.837679,2006
2022-03-10,1795261,185743607,78.05647,81.102576,77.294943,77.294943,1.523053,2452
2022-03-11,929584,92720703,77.294943,77.294943,75.391127,75.543432,-1.751511,1903
2022-03-14,596067,59045285,76.076501,76.533417,74.858058,75.391127,-0.152305,1240
2022-03-15,1385098,136364583,75.086516,76.533417,73.868074,73.868074,-1.523053,1271
2022-03-16,1098281,108026041,75.391127,76.152653,73.868074,74.248837,0.380763,1622
2022-03-17,1063426,107019525,77.675706,77.675706,75.543432,76.91418,2.665343,905
2022-03-18,886288,89087236,76.91418,77.294943,75.467279,77.294943,0.380763,782
2022-03-21,550405,56048438,78.05647,78.437233,76.91418,76.91418,-0.380763,487
2022-03-22,459863,46414847,76.533417,77.675706,76.152653,77.675706,0.761526,403
2022-03-23,1509103,156987972,79.198759,80.341049,77.294943,78.05647,0.380764,1083
2022-03-24,823414,84693041,77.675706,79.198759,76.91418,78.817996,0.761526,591
2022-03-25,8053207,898521631,80.721813,86.433262,80.341049,86.433262,7.615266,4708
2022-03-28,5845120,646724627,84.910208,87.194788,82.244866,87.194788,0.761526,4563
2022-03-29,4674333,528054286,87.575551,88.337078,83.767919,84.529445,-2.665343,3710
2022-03-30,1746871,194560279,85.671735,86.052498,84.148682,84.148682,-0.380763,2040
2022-03-31,1291131,142326489,85.290972,86.052498,82.244866,82.244866,-1.903816,1079
2022-04-01,767741,82681109,81.483339,83.006392,80.721813,81.864102,-0.380764,573
2022-04-06,524603,55897939,81.102576,82.244866,80.341049,81.483339,-0.380763,526
2022-04-07,2039341,208364800,79.198759,80.721813,76.152653,76.91418,-4.569159,1607
2022-04-08,745043,76449501,77.294943,79.198759,77.294943,78.05647,1.14229,523
2022-04-11,918562,92171952,77.294943,77.294943,75.77189,76.152653,-1.903817,716
2022-04-12,603814,60612515,75.467279,77.675706,75.238822,76.533417,0.380764,471
2022-04-13,327645,33402636,77.675706,78.05647,77.294943,77.294943,0.761526,301
2022-04-14,238824,24387153,78.05647,78.437233,77.294943,77.675706,0.380763,231
2022-04-15,525645,52905160,77.294943,78.05647,76.152653,76.533417,-1.142289,409
2022-04-18,522467,52259808,75.848043,77.675706,75.238822,76.533417,0.0,392
2022-04-19,400133,40129736,76.533417,77.294943,76.000348,76.152653,-0.380764,377
2022-04-20,551246,56499763,76.91418,79.579523,76.91418,78.437233,2.28458,476
2022-04-21,266157,27432898,78.817996,79.198759,77.675706,77.675706,-0.761527,240
2022-04-22,338802,34321527,76.91418,78.437233,76.152653,76.152653,-1.523053,343
2022-04-25,875712,86551331,76.000348,76.533417,74.6296,74.781906,-1.370747,825
2022-04-26,693006,67426379,75.391127,75.77189,73.258853,73.639616,-1.14229,1259
2022-04-27,1314930,122531087,70.669662,73.411158,69.45122,72.497326,-1.14229,1158
2022-04-28,1805286,168315113,73.868074,74.553448,69.908136,69.908136,-2.58919,1424
2022-04-29,809666,76029833,70.974273,72.801937,70.517357,71.888105,1.979969,714
2022-05-03,942305,87835944,72.04041,73.335005,70.212746,70.821968,-1.066137,996
2022-05-04,1039036,97998571,71.507342,73.411158,70.821968,71.202731,0.380763,1058
2022-05-05,612049,58894851,72.649631,73.868074,72.421173,73.639616,2.436885,715
2022-05-06,298457,28236098,71.431189,72.725784,70.974273,72.573479,-1.066137,251
2022-05-09,693137,64088927,71.202731,71.888105,69.831983,69.831983,-2.741496,568
2022-05-10,801794,72188917,68.613541,69.146609,67.775861,68.765846,-1.066137,684
2022-05-11,922025,82577484,68.765846,69.298915,67.623556,67.928167,-0.837679,855
2022-05-12,2161992,186559689,66.86203,67.699709,64.653603,64.653603,-3.274564,1855
2022-05-13,962572,82897148,65.415129,66.481266,64.425145,66.252808,1.599205,794
2022-05-16,767632,67327192,66.557419,67.547404,65.948198,67.090488,0.83768,630
2022-05-17,944985,86181309,67.699709,70.669662,67.395098,70.517357,3.426869,779
2022-05-18,1010889,94766079,72.878089,73.335005,70.288899,70.669662,0.152305,827
2022-05-19,462937,42381277,68.156625,70.974273,68.156625,70.974273,0.304611,375
2022-05-20,220743,20577269,71.202731,71.431189,70.517357,70.821968,-0.152305,229
2022-05-23,215119,19939749,71.278884,71.278884,70.060441,70.060441,-0.761527,210
2022-05-24,424925,39656707,70.136594,71.735799,70.136594,70.669662,0.609221,341
2022-05-25,232072,21667071,70.365052,71.507342,70.212746,71.278884,0.609222,184
2022-05-26,194441,18206019,71.507342,71.659647,70.974273,71.278884,0.0,171
2022-05-27,714811,65677152,71.355036,71.735799,68.994304,69.146609,-2.132275,645
2022-05-30,1152997,103623569,69.527373,69.679678,67.852014,68.080472,-1.066137,1070
2022-05-31,426187,38454446,67.852014,69.146609,67.775861,68.689693,0.609221,365
2022-06-01,417325,37988184,68.613541,69.679678,68.537388,69.070457,0.380764,407
2022-06-02,376000,33854913,69.45122,69.45122,68.232777,68.537388,-0.533069,339
2022-06-06,184342,16480403,68.537388,68.613541,67.775861,68.080472,-0.456916,185
2022-06-07,363361,32315268,68.080472,68.232777,67.395098,67.547404,-0.533068,371
2022-06-08,914477,82790196,68.537388,69.679678,68.156625,68.232777,0.685373,833
2022-06-09,393427,35392313,68.156625,68.918151,68.004319,68.385083,0.152306,318
2022-06-10,343394,31032526,68.385083,69.375067,67.852014,69.375067,0.989984,348
2022-06-13,593753,52778564,68.232777,68.232777,67.395098,67.471251,-1.903816,514
2022-06-14,774937,67053938,66.633572,67.16664,64.805908,66.709724,-0.761527,691
2022-06-15,319074,28264282,67.014335,67.852014,66.709724,67.242793,0.533069,263
2022-06-16,598960,52473988,67.775861,68.385083,65.034366,65.110519,-2.132274,496
2022-06-17,818221,69015684,64.272839,64.805908,63.663618,64.120534,-0.989985,471
2022-06-20,1567869,126557717,64.348992,64.501297,59.39907,59.39907,-4.721464,1291
2022-06-21,1221392,96014846,59.627528,60.998275,58.637543,60.541359,1.142289,869
2022-06-22,1843840,140058105,60.541359,61.074428,56.429116,56.581421,-3.959938,1517
2022-06-23,1884788,131357028,57.157942,58.887506,56.169621,57.816824,1.235403,1607
2022-06-24,467775,32969025,58.805145,58.887506,57.569743,57.652103,-0.164721,399
2022-06-27,892461,65135479,58.969866,60.946509,58.558065,60.617069,2.964966,675
2022-06-28,614487,44549438,61.19359,61.687751,58.475705,59.381666,-1.235403,529
2022-06-29,534433,38125452,59.875827,59.875827,58.310985,59.134586,-0.24708,367
2022-06-30,539027,37602842,58.722785,58.887506,56.499061,56.993222,-2.141364,482
2022-07-01,757671,50998471,57.240303,57.487383,54.028257,54.275337,-2.717885,684
2022-07-04,486331,31835463,54.275337,55.016579,53.287016,53.287016,-0.988321,369
2022-07-05,728845,48821194,54.687138,56.087261,54.357697,55.75782,2.470804,517
2022-07-06,464244,31596268,54.769498,57.157942,54.687138,56.087261,0.329441,406
2022-07-07,594838,41750964,56.993222,59.299306,55.67546,58.887506,2.800245,541
2022-07-08,436068,31510664,59.875827,60.369988,58.722785,59.711107,0.823601,512
2022-07-11,394389,27935473,58.887506,59.052226,57.816824,58.310985,-1.400122,374
2022-07-12,332434,23215536,57.816824,57.981544,56.828502,57.487383,-0.823602,278
2022-07-13,322143,23158917,58.310985,59.875827,57.981544,58.805145,1.317762,424
2022-07-14,215724,15510917,58.475705,60.122908,58.063904,59.628747,0.823602,295
2022-07-15,268134,19538903,59.958187,60.534709,59.628747,60.287628,0.658881,341
2022-07-18,163045,12051562,61.770111,61.770111,60.205268,60.369988,0.08236,172
2022-07-19,97179,7064235,59.875827,60.369988,59.546387,59.628747,-0.741241,116
2022-07-20,545861,40544955,60.122908,61.934831,60.040548,61.028869,1.400122,386
2022-07-21,311581,23313271,61.60539,61.934831,60.946509,61.770111,0.741242,234
2022-07-22,263047,19745216,61.770111,62.511352,61.11123,61.11123,-0.658881,226
2022-07-25,140841,10481131,61.11123,61.770111,60.534709,61.687751,0.576521,116
2022-07-26,147065,10768038,61.11123,61.11123,59.793467,60.040548,-1.647203,170
2022-07-27,173561,12856330,60.534709,61.770111,60.122908,61.52303,1.482482,153
2022-07-28,396246,29684061,62.758433,62.758433,60.452348,60.534709,-0.988321,337
2022-07-29,324479,24111278,61.27595,61.852471,60.534709,60.699429,0.16472,263
2022-08-01,146132,10715207,60.781789,60.864149,60.040548,60.287628,-0.411801,168
2022-08-02,322473,23011710,59.546387,59.628747,58.393345,58.393345,-1.894283,319
2022-08-03,158186,11188778,57.899184,58.640425,57.816824,58.228624,-0.164721,166
2022-08-04,172515,12142189,57.816824,58.558065,57.405023,58.146264,-0.08236,179
2022-08-05,103556,7415490,58.228624,59.299306,58.228624,59.216946,1.070682,98
2022-08-08,239720,16933697,58.558065,59.216946,57.816824,58.228624,-0.988322,197
2022-08-09,258807,17930180,57.816824,57.816824,56.499061,56.910862,-1.317762,290
2022-08-10,243026,16656472,56.828502,56.993222,56.169621,56.334341,-0.576521,207
2022-08-11,178382,12328717,56.746142,57.322663,56.334341,57.075582,0.741241,178
2022-08-12,326598,23134242,57.157942,58.887506,57.075582,58.640425,1.564843,301
2022-08-15,306224,22221386,58.887506,60.781789,58.722785,60.699429,2.059004,238
2022-08-16,169891,12514433,60.781789,61.11123,60.205268,60.534709,-0.16472,198
2022-08-17,184613,13604661,60.617069,61.11123,60.369988,60.534709,0.0,315
2022-08-18,202945,15038800,60.617069,61.27595,60.617069,61.19359,0.658881,153
2022-08-19,432439,32706043,61.19359,62.758433,61.19359,62.758433,1.564843,296
2022-08-22,244023,18400877,62.758433,62.758433,61.60539,62.099551,-0.658882,286
2022-08-23,133780,10026658,61.60539,62.099551,61.028869,61.852471,-0.24708,130
2022-08-24,168823,12632818,61.60539,62.181911,61.35831,61.52303,-0.329441,96
2022-08-25,192875,14397047,61.27595,62.181911,61.19359,61.35831,-0.16472,137
2022-08-26,133021,9973218,61.934831,61.934831,61.35831,61.852471,0.494161,108
2022-08-29,212124,15387913,59.381666,60.452348,59.216946,59.958187,-1.894284,192
2022-08-30,60803,4463147,60.040548,60.864149,60.040548,60.617069,0.658882,58
2022-08-31,67561,5001572,60.452348,61.35831,60.369988,61.35831,0.741241,70
2022-09-01,108299,8102737,60.781789,62.099551,60.781789,61.44067,0.08236,129
2022-09-02,815331,63163168,62.099551,65.311597,61.934831,64.076195,2.635525,777
2022-09-05,777525,58467316,64.735076,64.817436,60.534709,60.699429,-3.376766,1061
2022-09-06,407445,29438714,60.699429,61.028869,58.310985,58.475705,-2.223724,362
2022-09-07,337030,23740254,58.475705,58.558065,57.487383,58.310985,-0.16472,231
2022-09-08,369492,26048061,58.063904,58.558065,57.734464,58.146264,-0.164721,238
2022-09-12,810072,60190818,58.475705,62.346632,58.475705,62.181911,4.035647,607
2022-09-13,360740,27295216,62.840793,63.582034,61.19359,61.852471,-0.32944,418
2022-09-14,131343,9690503,59.464027,61.44067,59.381666,61.44067,-0.411801,150
2022-09-15,291567,21473114,61.44067,61.44067,59.875827,59.875827,-1.564843,273
2022-09-16,222377,16052957,60.122908,60.369988,58.887506,58.969866,-0.905961,323
2022-09-19,381244,26907161,59.711107,59.711107,57.405023,57.816824,-1.153042,367
2022-09-20,90366,6385970,58.146264,58.640425,58.063904,58.063904,0.24708,82
2022-09-21,142701,10036951,58.146264,58.146264,57.652103,58.146264,0.08236,116
2022-09-22,145332,10205668,57.487383,58.310985,56.993222,58.063904,-0.08236,133
2022-09-23,196248,13709856,58.063904,58.063904,57.322663,57.487383,-0.576521,200
2022-09-26,512525,34355365,57.240303,57.487383,53.945897,54.192977,-3.294406,476
2022-09-27,309031,20562134,54.275337,56.251981,53.945897,56.0049,1.811923,271
2022-09-28,583697,38304031,56.910862,56.993222,51.969253,52.792855,-3.212045,465
2022-09-29,325625,21089710,53.287016,54.192977,52.710495,52.957575,0.16472,293
2022-09-30,414439,26283851,51.969253,53.287016,51.557452,53.204655,0.24708,393
2022-10-03,123634,8032850,52.875215,54.275337,52.710495,54.110617,0.905962,119
2022-10-04,147364,9902135,55.5931,55.67546,54.934218,55.5931,1.482483,141
2022-10-05,191609,13002404,56.251981,56.663782,55.428379,55.51074,-0.08236,324
2022-10-06,128705,8667521,56.087261,56.087261,54.934218,55.5931,0.08236,61
2022-10-07,101516,6871608,55.346019,56.087261,55.346019,55.67546,0.08236,67
2022-10-11,268728,17276737,53.204655,53.945897,52.381054,52.463414,-3.212046,266
2022-10-12,219623,13851559,53.369376,53.369376,51.392732,52.216334,-0.24708,216
2022-10-13,510177,30850155,51.969253,51.969253,48.510127,49.004288,-3.212046,470
2022-10-14,588814,35719441,50.486771,51.063292,49.416089,50.569131,1.564843,488
2022-10-17,264174,15744442,50.07497,50.07497,48.510127,49.827889,-0.741242,271
2022-10-18,141294,8696033,50.733851,51.228012,49.99261,50.651491,0.823602,137
2022-10-19,258706,16164755,50.651491,52.133973,50.651491,50.980931,0.32944,263
2022-10-20,204646,12372635,51.228012,51.228012,49.251368,49.580809,-1.400122,444
2022-10-21,192280,11509504,49.580809,49.663169,48.839568,48.839568,-0.741241,186
2022-10-24,123139,7475394,50.23969,50.32205,49.663169,49.663169,0.823601,122
2022-10-25,192644,11327359,49.663169,49.745529,47.768886,48.098326,-1.564843,251
2022-10-26,333832,19271066,48.098326,48.757207,46.368763,48.345407,0.247081,305
2022-10-27,300882,18359360,49.498449,51.063292,49.251368,50.651491,2.306084,305
2022-10-28,170541,10282549,50.651491,50.816211,49.169008,49.169008,-1.482483,248
2022-10-31,87862,5350588,49.910249,50.486771,49.580809,50.07497,0.905962,94
2022-11-01,176679,10896160,50.40441,51.310372,50.23969,51.145652,1.070682,142
2022-11-02,333315,21352806,51.475092,53.945897,51.145652,52.381054,1.235402,369
2022-11-03,327890,21244670,51.557452,54.192977,51.557452,53.698816,1.317762,314
2022-11-04,735949,49319695,54.769498,56.416701,53.698816,56.416701,2.717885,638
2022-11-07,735019,51426735,57.157942,58.475705,56.499061,58.146264,1.729563,708
2022-11-08,371979,26588979,58.722785,59.711107,57.899184,58.146264,0.0,403
2022-11-09,306974,21747581,59.052226,59.628747,57.652103,58.228624,0.08236,479
2022-11-10,348796,24553472,57.405023,58.722785,56.828502,58.558065,0.329441,313
2022-11-11,474073,34477408,60.122908,61.028869,59.134586,59.793467,1.235402,379
2022-11-14,248270,18059427,61.11123,61.27595,59.052226,59.052226,-0.741241,306
2022-11-15,494634,36178517,58.722785,61.35831,58.558065,60.781789,1.729563,451
2022-11-16,215461,15854853,61.35831,61.44067,59.958187,60.864149,0.08236,193
2022-11-17,1564534,117743832,61.934831,64.240915,59.464027,62.264272,1.400123,1017
2022-11-18,2659238,215001250,63.087873,68.441283,62.346632,68.441283,6.177011,1840
2022-11-21,1895798,157432256,69.759045,69.759045,67.288241,68.276562,-0.164721,1799
2022-11-22,2444156,206174648,67.947122,71.900409,66.382279,71.653328,3.376766,1821
2022-11-23,3162043,279598959,71.653328,74.865374,70.500286,74.206493,2.553165,2160
2022-11-24,1067906,96278039,74.041773,75.194815,73.547612,74.124133,-0.08236,901
2022-11-25,812171,72214759,74.124133,75.194815,71.900409,71.900409,-2.223724,1672
2022-11-28,680126,59742359,69.429604,73.465252,69.100164,73.053451,1.153042,798
2022-11-29,1212795,108978988,73.218171,75.194815,73.135811,73.300531,0.24708,1069
2022-11-30,597544,52623788,74.124133,74.124133,71.982769,72.72401,-0.576521,898
2022-12-01,716500,62804836,72.888731,73.712332,71.488608,71.735689,-0.988321,745
2022-12-02,386923,33838993,72.22985,73.135811,71.488608,71.488608,-0.247081,738
2022-12-05,449778,39351174,71.488608,73.547612,71.241528,71.488608,0.0,394
2022-12-06,609962,51327987,71.818049,72.065129,68.358923,68.441283,-3.047325,654
2022-12-07,438474,36236974,68.441283,69.264884,66.87644,68.276562,-0.164721,408
2022-12-08,265883,22246303,68.276562,69.923765,67.20588,69.676685,1.400123,281
2022-12-09,600089,49594837,70.665007,70.665007,67.20588,67.370601,-2.306084,702
2022-12-12,256578,20798239,65.311597,68.029482,65.311597,68.029482,0.658881,253
2022-12-13,172496,14110178,68.111842,68.194202,66.71172,66.9588,-1.070682,191
2022-12-14,216614,17988033,68.029482,68.935444,67.12352,68.853083,1.894283,187
2022-12-15,123000,10224692,68.853083,69.182524,68.029482,68.770723,-0.08236,285
2022-12-16,252664,20637613,67.947122,67.947122,66.87644,66.87644,-1.894283,205
2022-12-19,86256,7056452,66.9588,67.947122,66.464639,67.20588,0.32944,76
2022-12-20,217450,17382589,67.20588,67.452961,64.899796,65.064517,-2.141363,216
2022-12-21,226264,18137955,65.146877,66.79408,65.064517,65.641038,0.576521,211
2022-12-22,123913,9951545,66.464639,66.629359,65.641038,66.217559,0.576521,300
2022-12-23,119204,9588342,64.735076,67.12352,64.652716,66.464639,0.24708,111
2022-12-26,201898,16425645,67.12352,69.594325,66.135199,66.464639,0.0,172
2022-12-27,293825,23355158,66.052838,66.464639,64.982157,65.229237,-1.235402,355
2022-12-28,129292,10147743,65.229237,65.229237,64.323275,64.405635,-0.823602,137
2022-12-29,131677,10305273,63.829114,64.982157,63.417314,64.982157,0.576522,130
2022-12-30,190121,15087668,65.064517,65.888118,64.652716,65.888118,0.905961,217
2023-01-03,245637,19573309,65.476317,66.464639,65.064517,65.476317,-0.411801,267
2023-01-04,201692,16044508,65.641038,66.135199,65.064517,65.805758,0.329441,176
2023-01-05,229536,18214050,66.299919,66.299919,64.817436,65.311597,-0.494161,214
2023-01-06,57020,4540486,65.311597,65.888118,65.064517,65.723398,0.411801,45
2023-01-09,1130387,94453261,65.888118,72.065129,65.888118,68.111842,2.388444,881
2023-01-10,213058,17345408,67.04116,67.700041,66.629359,66.87644,-1.235402,287
2023-01-11,101607,8291284,67.452961,67.535321,66.71172,66.87644,0.0,104
2023-01-12,46774,3796312,66.87644,67.452961,66.546999,66.71172,-0.16472,155
2023-01-13,90722,7379191,67.452961,67.864762,66.382279,66.546999,-0.164721,134
2023-01-16,101754,8217791,66.79408,67.370601,66.382279,66.546999,0.0,79
2023-01-17,49488,3998279,66.546999,66.71172,66.464639,66.546999,0.0,76
2023-01-30,4191202,368054828,70.829727,73.135811,70.006126,73.135811,6.588812,1921
2023-01-31,2428320,223395028,79.477542,79.477542,74.041773,74.453573,1.317762,2918
2023-02-01,1212238,107915000,76.183137,76.183137,72.31221,72.55929,-1.894283,1496
2023-02-02,841531,74620141,72.72401,73.794692,70.582647,73.465252,0.905962,811
2023-02-03,927725,81588879,75.359535,75.359535,71.488608,71.653328,-1.811924,930
2023-02-06,801737,68894712,71.323888,71.653328,70.006126,71.653328,0.0,739
2023-02-07,377281,32856794,72.147489,72.31221,71.076807,71.900409,0.247081,344
2023-02-08,508364,44400482,72.888731,72.888731,71.406248,71.818049,-0.08236,453
2023-02-09,953726,85144193,71.818049,74.535934,71.653328,73.877052,2.059003,785
2023-02-10,1900031,173607991,74.206493,76.347857,74.206493,74.206493,0.329441,1504
2023-02-13,1842427,170404721,75.359535,76.924378,75.030095,75.606616,1.400123,1444
2023-02-14,898489,82085390,76.677297,76.677297,74.206493,74.783014,-0.823602,951
2023-02-15,454525,41384629,75.771336,75.771336,74.453573,74.783014,0.0,445
2023-02-16,1214678,111806443,75.771336,76.430217,75.194815,76.430217,1.647203,796
2023-02-17,1118588,104034496,76.594937,77.089098,75.936056,76.183137,-0.24708,880
2023-02-20,1910975,181566963,77.418539,79.642263,76.759658,78.818661,2.635524,1436
2023-02-21,2624812,258241717,78.901021,82.771948,78.901021,82.030707,3.212046,2083
2023-02-22,2041711,197646363,81.536546,81.865987,78.406861,78.489221,-3.541486,1573
2023-02-23,840488,79677076,77.500899,79.230462,77.089098,78.15978,-0.329441,691
2023-02-24,463614,44115188,78.818661,79.395182,77.418539,77.418539,-0.741241,386
2023-03-01,530105,49160990,77.9127,77.9127,75.277175,76.842018,-0.576521,465
2023-03-02,395250,36797455,77.418539,77.9127,76.183137,76.594937,-0.247081,355
2023-03-03,587669,55217524,77.418539,77.99506,76.430217,77.006738,0.411801,485
2023-03-06,253753,23932352,76.759658,78.406861,76.759658,77.747979,0.741241,282
2023-03-07,1572267,153106331,78.15978,82.771948,77.83034,80.712945,2.964966,1161
2023-03-08,635351,61981370,80.712945,81.289466,79.312822,80.301144,-0.411801,550
2023-03-09,4628028,475051707,80.877665,87.713557,80.877665,82.195427,1.894283,3053
2023-03-10,2660139,266348426,82.113067,84.419151,81.207106,81.865987,-0.32944,1765
2023-03-13,995869,97750910,81.865987,82.277788,79.724623,81.289466,-0.576521,915
2023-03-14,1932047,193017955,80.712945,83.183749,80.465864,81.865987,0.576521,1274
2023-03-15,1496661,149855080,83.183749,83.59555,81.865987,81.865987,0.0,1171
2023-03-16,4750924,485683732,81.536546,86.066354,80.877665,84.007351,2.141364,3105
2023-03-17,16810803,1839478824,87.713557,92.243365,86.478155,86.889956,2.882605,9553
2023-03-20,3924853,406792884,86.478155,86.889956,84.419151,85.242753,-1.647203,2662
2023-03-21,3009787,313346084,86.066354,86.889956,84.830952,84.830952,-0.411801,1963
2023-03-22,10110774,1107361071,86.889956,93.066967,86.478155,93.066967,8.236015,5932
2023-03-23,8412845,946628935,94.302369,94.71417,90.596162,93.066967,0.0,5646
2023-03-24,3840751,432512167,93.066967,94.302369,91.419764,91.419764,-1.647203,2850
2023-03-27,3052629,340369362,91.831565,92.655166,91.007963,92.655166,1.235402,1792
2023-03-28,3569566,397051490,92.655166,93.890568,89.772561,89.772561,-2.882605,2315
2023-03-29,1973006,216698678,91.007963,91.419764,89.772561,89.772561,0.0,1387
2023-03-30,2264698,251904085,91.419764,92.655166,90.596162,91.831565,2.059004,1607
2023-03-31,1533999,171415726,93.066967,93.066967,91.419764,91.831565,0.0,1159
2023-04-06,960918,106529993,91.831565,92.243365,90.596162,91.831565,0.0,665
2023-04-07,1084937,119347434,91.831565,92.243365,89.772561,89.772561,-2.059004,1004
2023-04-10,1088040,117257060,89.772561,89.772561,88.125358,88.948959,-0.823602,952
2023-04-11,1597195,172785185,88.948959,90.184362,88.537159,88.948959,0.0,982
2023-04-12,2722742,298112407,90.596162,91.007963,89.36076,90.596162,1.647203,1768
2023-04-13,1586896,173201493,91.007963,91.419764,88.537159,88.537159,-2.059003,1203
2023-04-14,963131,104533718,89.772561,90.184362,88.537159,88.948959,0.4118,815
2023-04-17,3309578,369530210,90.596162,93.066967,90.184362,93.066967,4.118008,2479
2023-04-18,3231814,363304536,93.066967,93.890568,90.596162,93.066967,0.0,2507
2023-04-19,4430991,507764094,94.302369,96.773174,92.655166,93.066967,0.0,3570
2023-04-20,2450523,265634308,93.066967,93.066967,86.889956,87.301757,-5.76521,2233
2023-04-21,2262296,236102320,87.301757,88.537159,83.59555,85.654554,-1.647203,1481
2023-04-24,1412374,145479882,85.654554,86.066354,83.183749,85.242753,-0.411801,996
2023-04-25,1157611,116961699,85.654554,85.654554,82.277788,82.360148,-2.882605,971
2023-04-26,740819,74182766,82.360148,83.59555,81.536546,82.771948,0.4118,650
2023-04-27,716560,72465037,83.183749,85.242753,80.795305,83.183749,0.411801,639
2023-04-28,594766,61029522,85.242753,85.242753,83.59555,84.419151,1.235402,750
2023-05-02,682680,71633971,84.830952,87.301757,82.771948,86.889956,2.470805,626
2023-05-03,634245,66866687,86.889956,88.125358,85.654554,86.066354,-0.823602,696
2023-05-04,410952,42916253,86.478155,87.301757,84.830952,86.066354,0.0,382
2023-05-05,405252,42431744,86.066354,87.301757,85.654554,86.066354,0.0,382
2023-05-08,443096,46607270,87.301757,88.125358,85.242753,85.654554,-0.4118,406
2023-05-09,570701,58698320,85.654554,86.066354,83.59555,84.007351,-1.647203,445
2023-05-10,480320,49631410,84.007351,86.478155,84.007351,86.066354,2.059003,330
2023-05-11,979167,98774592,86.889956,86.889956,82.030707,82.277788,-3.788566,871
2023-05-12,481861,49039700,83.59555,85.242753,82.113067,84.830952,2.553164,402
2023-05-15,249250,25174621,84.007351,84.830952,82.360148,82.360148,-2.470804,254
2023-05-16,691865,70196970,83.59555,85.242753,82.771948,84.007351,1.647203,450
2023-05-17,891003,93553756,83.59555,87.713557,83.59555,86.889956,2.882605,695
2023-05-18,504732,53231610,87.301757,87.713557,86.066354,86.478155,-0.411801,478
2023-05-19,1817481,195929426,87.713557,91.007963,87.301757,87.301757,0.823602,1546
2023-05-22,452596,48465743,88.125358,88.948959,87.301757,88.125358,0.823601,740
2023-05-23,612235,65696636,88.948959,89.36076,87.713557,87.713557,-0.411801,473
2023-05-24,412119,43896536,87.713557,88.537159,86.478155,88.125358,0.411801,349
2023-05-25,399153,42538898,88.537159,88.537159,87.301757,88.125358,0.0,338
2023-05-26,540294,57403014,88.948959,88.948959,86.478155,86.889956,-1.235402,484
2023-05-29,859903,92465701,87.301757,89.36076,87.301757,89.36076,2.470804,595
2023-05-30,375009,40388986,89.36076,89.772561,88.125358,88.537159,-0.823601,336
2023-05-31,346800,37231922,88.537159,89.36076,87.713557,88.125358,-0.411801,328
2023-06-01,477696,50442352,88.125358,88.125358,86.478155,87.301757,-0.823601,520
2023-06-02,463869,49310826,87.301757,88.537159,86.889956,87.713557,0.4118,398
2023-06-05,1773298,195532660,88.948959,92.243365,88.948959,90.184362,2.470805,1366
2023-06-06,5353818,606897652,90.184362,95.125971,90.184362,93.478768,3.294406,3749
2023-06-07,10913300,1327324538,98.008576,102.538384,97.596775,100.891181,7.412413,7171
2023-06-08,7479872,891899558,100.891181,101.714782,94.71417,96.361373,-4.529808,4791
2023-06-09,9268913,1150311288,99.655779,105.420989,98.420376,104.185587,7.824214,6423
2023-06-12,4473177,558834245,105.009188,105.009188,100.891181,102.950185,-1.235402,3308
2023-06-13,5200749,645498799,105.420989,105.83279,99.655779,102.950185,0.0,3727
2023-06-14,8311311,1072837098,105.420989,109.127196,103.773786,105.420989,2.470804,5873
2023-06-15,3678816,473415241,106.656391,107.891793,104.185587,106.24459,0.823601,3175
2023-06-16,8936984,1195019951,109.127196,114.480605,104.185587,112.421602,6.177012,6944
2023-06-19,6920166,948458639,113.245203,115.716007,109.950797,112.421602,0.0,4675
2023-06-20,7364827,980960867,112.833402,112.833402,106.656391,111.186199,-1.235403,5027
2023-06-21,7315611,1015977233,112.009801,116.539609,111.598,114.480605,3.294406,4959
2023-06-26,3130749,423918786,113.657004,114.068805,110.362598,110.362598,-4.118007,2490
2023-06-27,2904167,384586362,109.538996,111.598,107.479993,107.479993,-2.882605,2184
2023-06-28,2889658,376169869,108.715395,110.362598,105.83279,105.83279,-1.647203,2297
2023-06-29,1917496,248725241,107.479993,108.303594,105.83279,106.24459,0.4118,1331
2023-06-30,2300471,297637682,106.656391,107.891793,105.009188,106.24459,0.0,1537
2023-07-03,4989221,664585167,108.715395,111.598,107.479993,111.186199,4.941609,3524
2023-07-04,3117623,411305619,109.950797,110.362598,107.479993,108.303594,-2.882605,2390
2023-07-05,3745292,502401134,108.715395,112.421602,108.303594,110.362598,2.059004,2715
2023-07-06,4137522,556901141,112.421602,113.657004,108.715395,109.127196,-1.235402,3199
2023-07-07,2798592,363180457,107.891793,108.715395,105.009188,106.24459,-2.882606,2021
2023-07-10,2600803,326148278,105.83279,105.83279,101.714782,102.950185,-3.294405,2078
2023-07-11,3847123,504730508,104.185587,110.774399,104.185587,109.127196,6.177011,2399
2023-07-12,3667066,492702139,110.362598,112.009801,109.127196,111.598,2.470804,2574
2023-07-13,6480014,871556278,114.47048,117.900307,112.326838,113.613024,2.015024,4682
2023-07-14,6507010,907488925,115.327937,123.473777,114.899209,121.330135,7.717111,4610
2023-07-17,4181988,576799155,120.901406,120.901406,116.614122,118.757764,-2.572371,3448
2023-07-18,3525179,472776401,119.615221,120.472678,112.755567,114.899209,-3.858555,2950
2023-07-19,1630238,216769713,117.042851,117.042851,112.755567,113.184295,-1.714914,1334
2023-07-20,1330751,176105400,114.041752,115.327937,111.89811,113.184295,0.0,1149
2023-07-21,1185731,155143397,111.469382,114.041752,109.754468,112.755567,-0.428728,1041
2023-07-24,1025251,133745480,112.755567,114.041752,109.754468,112.326838,-0.428729,908
2023-07-25,1990268,266053393,114.041752,115.756665,112.326838,115.756665,3.429827,1605
2023-07-26,5009309,670402355,117.042851,119.615221,110.611925,110.611925,-5.14474,4081
2023-07-27,4373638,552271915,110.611925,111.89811,106.753369,108.039554,-2.572371,3497
2023-07-28,4382173,574719074,109.754468,115.756665,108.039554,114.041752,6.002198,3503
2023-07-31,10256148,1418850802,115.327937,122.187591,113.613024,116.614122,2.57237,7433
2023-08-01,11169670,1496519661,119.186493,124.331233,107.610826,111.040653,-5.573469,8562
2023-08-02,4256141,530307435,110.611925,111.040653,104.180999,105.895912,-5.144741,3533
2023-08-04,1389426,173630203,104.609727,109.32574,103.323542,108.039554,2.143642,1205
2023-08-07,5430604,718246483,106.753369,116.185394,106.753369,114.899209,6.859655,3805
2023-08-08,2189368,292165456,114.041752,115.756665,112.755567,115.327937,0.428728,1798
2023-08-09,4163573,540665988,111.469382,115.327937,108.039554,112.326838,-3.001099,3015
2023-08-10,4479873,560724381,110.611925,111.040653,105.038456,106.324641,-6.002197,3406
2023-08-11,1866297,234809342,106.753369,109.754468,105.467184,107.610826,1.286185,1443
2023-08-14,1931778,234881743,105.895912,106.324641,102.894814,103.752271,-3.858555,1488
2023-08-15,1336397,165925131,105.895912,107.610826,105.038456,106.753369,3.001098,1083
2023-08-16,804281,98861341,105.038456,106.324641,104.180999,105.895912,-0.857457,678
2023-08-17,909582,113803377,105.467184,108.468283,104.609727,108.039554,2.143642,736
2023-08-18,1658103,202665828,107.610826,108.468283,102.894814,104.180999,-3.858555,1432
2023-08-21,666539,81247766,104.609727,105.467184,103.323542,105.038456,0.857457,543
2023-08-22,1742547,208897034,107.182098,107.182098,101.1799,102.037357,-3.001099,1493
2023-08-23,1534205,182288811,102.037357,103.752271,99.464987,103.323542,1.286185,1266
2023-08-24,827344,99159187,104.609727,105.038456,100.751172,102.037357,-1.286185,742
2023-08-25,892575,104373535,100.322443,101.608629,99.464987,99.893715,-2.143642,809
2023-08-28,1691572,195238010,100.322443,100.751172,96.463888,99.893715,0.0,1394
2023-08-29,1717576,204772603,100.751172,104.180999,99.036258,102.894814,3.001099,1404
2023-08-30,7068678,906015142,104.180999,112.755567,103.752271,110.183196,7.288382,4604
2023-08-31,11935753,1608071344,110.611925,118.329036,110.611925,116.614122,6.430926,7838
2023-09-01,4730211,639990249,115.756665,118.757764,113.613024,116.185394,-0.428728,3853
2023-09-04,4776460,658962750,117.042851,120.472678,115.327937,120.472678,4.287284,3737
2023-09-05,4922747,692069088,120.472678,123.045048,117.900307,121.330135,0.857457,4387
2023-09-06,3222818,458189785,122.61632,123.902505,120.043949,120.901406,-0.428729,2714
2023-09-07,4920594,693980088,122.61632,123.473777,117.900307,120.472678,-0.428728,3726
2023-09-08,2354323,333054825,120.043949,123.045048,119.615221,120.901406,0.428728,1828
2023-09-11,3246458,448856687,121.758863,123.045048,115.756665,118.329036,-2.57237,2533
2023-09-12,1715643,232504846,118.757764,118.757764,114.899209,114.899209,-3.429827,1829
2023-09-13,1946259,266139259,115.756665,118.757764,114.899209,118.329036,3.429827,1435
2023-09-14,2464180,343219254,118.329036,121.758863,117.471579,118.757764,0.428728,1738
2023-09-15,2268820,306727451,120.043949,120.043949,114.041752,114.899209,-3.858555,1887
2023-09-18,1014654,136986081,113.184295,117.042851,113.184295,114.899209,0.0,826
2023-09-19,1117672,147967979,115.756665,116.185394,111.89811,112.326838,-2.572371,1029
2023-09-20,1182211,155614881,112.326838,114.899209,110.611925,111.89811,-0.428728,996
2023-09-21,1275342,162977884,111.89811,111.89811,108.039554,109.754468,-2.143642,1070
2023-09-22,1765337,224208621,108.039554,110.611925,106.324641,110.611925,0.857457,1099
2023-09-25,1018866,132471592,111.040653,112.755567,108.897011,111.89811,1.286185,814
2023-09-26,1351845,176560596,111.469382,113.613024,110.183196,111.469382,-0.428728,1080
2023-09-27,2248043,298810390,110.611925,115.756665,110.611925,115.756665,4.287283,1663
2023-09-28,2478182,332757653,116.185394,117.471579,113.184295,114.47048,-1.286185,2458
2023-10-02,1409373,190496138,116.185394,117.042851,114.899209,115.327937,0.857457,960
2023-10-03,2778353,381841741,116.614122,119.615221,115.327937,118.329036,3.001099,2228
2023-10-04,1854196,255124652,116.614122,119.186493,116.185394,117.900307,-0.428729,1410
2023-10-05,1817057,250511647,118.329036,119.615221,116.614122,118.329036,0.428729,1320
2023-10-06,1667151,231211044,119.186493,120.043949,117.042851,118.757764,0.428728,1208
2023-10-11,5476103,699791872,117.471579,117.900307,107.182098,107.182098,-11.575666,5524
2023-10-12,3951054,491369496,106.324641,108.897011,103.752271,108.468283,1.286185,3106
2023-10-13,1429875,180731673,108.897011,109.32574,106.753369,109.32574,0.857457,1289
2023-10-16,1184062,147087070,107.610826,108.468283,105.895912,106.324641,-3.001099,1072
2023-10-17,970992,120676543,107.610826,108.468283,104.609727,104.609727,-1.714914,881
2023-10-18,895919,108410602,104.609727,105.038456,102.894814,102.894814,-1.714913,869
2023-10-19,874656,105411788,102.466085,105.467184,101.1799,104.609727,1.714913,736
2023-10-20,1098115,131420648,104.609727,104.609727,101.1799,103.323542,-1.286185,825
2023-10-23,600815,72163632,102.894814,104.609727,102.037357,102.037357,-1.286185,527
2023-10-24,550226,66504834,102.037357,105.467184,102.037357,105.038456,3.001099,500
2023-10-25,726253,89820520,105.038456,107.182098,104.609727,106.324641,1.286185,653
2023-10-26,1104856,133782603,104.609727,105.895912,102.466085,102.894814,-3.429827,782
2023-10-27,402909,48745058,104.180999,104.609727,102.894814,102.894814,0.0,359
2023-10-30,327963,39614402,102.894814,104.609727,102.466085,104.180999,1.286185,291
2023-10-31,1362550,163864531,105.467184,107.182098,99.464987,99.893715,-4.287284,1035
2023-11-01,548098,64684970,101.1799,102.037357,99.893715,101.608629,1.714914,724
2023-11-02,1190214,145993035,103.323542,107.182098,102.894814,107.182098,5.573469,1092
2023-11-03,3248437,415858608,108.039554,111.89811,107.182098,111.040653,3.858555,2509
2023-11-06,5896487,797753497,117.471579,119.615221,112.755567,116.185394,5.144741,4014
2023-11-07,18981990,2756083171,117.042851,127.76106,116.185394,127.76106,11.575666,11865
2023-11-08,19769196,2993011933,129.475974,132.905801,126.046147,131.190888,3.429828,14530
2023-11-09,7265229,1102791552,131.190888,132.477073,126.903604,131.190888,0.0,4835
2023-11-10,5039026,774356285,131.190888,133.763258,128.618517,133.763258,2.57237,3636
2023-11-13,4589066,719372119,135.049443,136.764357,131.190888,135.478171,1.714913,3491
2023-11-14,4057725,628607869,135.478171,136.764357,129.904702,132.048344,-3.429827,3154
2023-11-15,2248909,350301331,134.620715,135.9069,131.190888,131.619616,-0.428728,1788
2023-11-16,2374729,366189047,132.048344,133.763258,130.333431,133.763258,2.143642,1674
2023-11-17,10014603,1572146309,134.620715,141.480369,128.618517,131.190888,-2.57237,6968
2023-11-20,1913743,292796049,132.048344,133.334529,129.475974,130.333431,-0.857457,1447
2023-11-21,1374376,210387461,130.762159,132.905801,129.904702,130.333431,0.0,1210
2023-11-22,1958482,293815157,130.333431,130.762159,127.332332,128.189789,-2.143642,1515
2023-11-23,4092827,623721372,128.189789,134.191986,126.903604,127.332332,-0.857457,2746
2023-11-24,5630229,879134809,129.475974,136.764357,129.475974,133.763258,6.430926,4167
2023-11-27,6817101,1080867299,132.905801,140.622912,128.618517,135.478171,1.714913,5138
2023-11-28,12896570,2132495725,135.478171,147.053838,135.049443,144.052739,8.574568,8855
2023-11-29,6893809,1150430220,144.052739,147.482566,139.336727,144.481468,0.428729,5237
2023-11-30,3764852,638476573,144.910196,147.482566,143.195282,145.767653,1.286185,3042
2023-12-01,4415448,754453714,146.196381,149.626208,144.481468,144.481468,-1.286185,3828
2023-12-04,2037620,339666453,144.052739,144.481468,141.480369,142.337826,-2.143642,1834
2023-12-05,2165880,363754551,142.337826,145.767653,141.480369,144.481468,2.143642,1790
2023-12-06,2709815,464178461,144.910196,149.19748,144.481468,147.053838,2.57237,2287
2023-12-07,1881390,321849814,147.482566,148.768752,144.910196,145.767653,-1.286185,1568
2023-12-08,3093370,531616697,148.768752,151.341122,144.481468,145.338924,-0.428729,2506
2023-12-11,1805369,304729142,147.482566,147.482566,143.195282,144.052739,-1.286185,1548
2023-12-12,1737695,291054761,143.624011,145.767653,141.480369,143.624011,-0.428728,1617
2023-12-13,1590819,265012364,144.052739,144.910196,141.480369,142.766554,-0.857457,1197
2023-12-14,1759397,296525304,145.767653,146.196381,142.766554,142.766554,0.0,1334
2023-12-15,9544224,1646423220,144.481468,152.627307,144.052739,144.052739,1.286185,6912
2023-12-18,5075890,822980408,144.910196,144.910196,132.905801,141.480369,-2.57237,5038
2023-12-19,2113453,343385299,141.480369,141.480369,137.193085,141.051641,-0.428728,1637
2023-12-20,3309895,560879692,141.480369,147.911295,140.622912,147.053838,6.002197,2436
2023-12-21,1607225,274710057,144.910196,147.911295,144.052739,146.196381,-0.857457,1187
2023-12-22,1818168,311611340,147.053838,148.768752,144.910196,146.62511,0.428729,2422
2023-12-25,1743559,294669345,149.19748,149.626208,142.337826,142.337826,-4.287284,1548
2023-12-26,1600122,270065162,142.337826,146.62511,141.909097,144.481468,2.143642,1150
2023-12-27,1073760,182088014,144.910196,146.62511,144.052739,144.481468,0.0,953
2023-12-28,2268604,389959617,145.767653,149.19748,144.910196,147.482566,3.001098,2303
2023-12-29,1498624,257452271,148.768752,149.626208,145.767653,147.053838,-0.428728,1204
2024-01-02,11398864,1982140240,151.76985,153.913492,142.337826,151.341122,4.287284,8208
2024-01-03,7821295,1395790836,150.054937,157.343319,145.767653,156.485863,5.144741,15697
2024-01-04,10384758,1777546517,154.770949,155.199677,141.051641,141.051641,-15.434222,10724
2024-01-05,6798319,1165267573,141.480369,150.054937,141.480369,150.054937,9.003296,5336
2024-01-08,4082549,693724476,148.340023,151.76985,141.909097,141.909097,-8.14584,3383
2024-01-09,2736851,457971912,143.195282,146.196381,140.194184,144.052739,2.143642,2625
2024-01-10,1853382,308380885,143.624011,146.62511,140.622912,141.480369,-2.57237,1507
2024-01-11,6148106,1065936747,144.481468,151.341122,144.052739,146.196381,4.716012,4561
2024-01-12,3051979,512201089,145.338924,147.911295,142.337826,142.766554,-3.429827,2586
2024-01-15,4116039,715933599,143.195282,152.198579,143.195282,149.626208,6.859654,3137
2024-01-16,2621620,457579936,149.626208,151.76985,145.767653,150.912394,1.286186,2333
2024-01-17,1974535,343291594,151.76985,151.76985,147.911295,147.911295,-3.001099,2234
2024-01-18,1955226,339614155,148.768752,151.341122,145.767653,148.340023,0.428728,1477
2024-01-19,3314370,589621440,150.912394,155.199677,150.483665,151.76985,3.429827,3538
2024-01-22,6073328,1119944615,156.914591,160.773146,153.484764,159.058233,7.288383,7327
2024-01-23,5414384,966109028,159.486961,159.486961,150.054937,150.912394,-8.145839,6335
2024-01-24,2384528,418800275,150.912394,153.484764,148.340023,148.340023,-2.572371,2160
2024-01-25,2108924,367305338,150.483665,153.056035,146.62511,146.62511,-1.714913,2193
2024-01-26,1171286,198995453,147.911295,147.911295,144.052739,146.196381,-0.428729,1111
2024-01-29,1154132,199772375,146.196381,150.054937,145.767653,150.054937,3.858556,1023
2024-01-30,845245,147404253,150.483665,150.912394,147.911295,150.054937,0.0,745
2024-01-31,1864895,330032072,150.054937,154.342221,149.19748,149.626208,-0.428729,1696
2024-02-01,1315532,227987289,150.912394,151.76985,146.196381,148.768752,-0.857456,1373
2024-02-02,1734332,307220877,150.054937,153.484764,149.626208,150.912394,2.143642,1971
2024-02-05,1327573,229119145,150.054937,150.912394,147.053838,147.482566,-3.429828,1246
2024-02-15,3861952,696639685,151.341122,156.914591,150.054937,155.628406,8.14584,3222
2024-02-16,2165532,390809773,156.914591,158.629505,151.76985,152.627307,-3.001099,4409
2024-02-19,2807227,486851978,151.76985,152.198579,147.482566,150.483665,-2.143642,3098
2024-02-20,1284773,223133509,149.19748,151.76985,147.482566,148.768752,-1.714913,1226
2024-02-21,5213512,950521103,148.768752,160.344418,148.340023,158.629505,9.860753,4403
2024-02-22,7300130,1400955991,164.631702,168.490258,157.343319,166.346616,7.717111,6180
2024-02-23,4541582,884256358,170.205171,171.062628,161.630603,167.204072,0.857456,6424
2024-02-26,2834815,537139390,167.204072,167.204072,160.344418,160.773146,-6.430926,4526
2024-02-27,2931223,546804279,161.201875,165.917887,155.199677,159.058233,-1.714913,2434
2024-02-29,2705183,491079567,158.200776,158.200776,153.913492,155.628406,-3.429827,3265
2024-03-01,2976036,544869130,157.343319,159.91569,153.484764,157.343319,1.714913,2477
2024-03-04,1970977,363501063,159.486961,160.773146,156.057134,157.772048,0.428729,2722
2024-03-05,1814480,333623648,159.058233,160.773146,155.628406,158.200776,0.428728,1506
2024-03-06,1344371,248830812,157.772048,160.773146,156.485863,158.629505,0.428729,1146
2024-03-07,3732937,671442825,160.344418,160.344418,151.76985,151.76985,-6.859655,3326
2024-03-08,3560496,609017181,151.76985,153.056035,142.337826,144.481468,-7.288382,3154
2024-03-11,2109928,349590527,143.195282,145.767653,140.622912,141.909097,-2.572371,2751
2024-03-12,1153732,191796268,141.909097,144.052739,141.480369,142.337826,0.428729,1170
2024-03-13,2013152,327391677,143.195282,143.195282,137.193085,138.47927,-3.858556,1956
2024-03-14,1284135,209993347,138.907999,142.337826,137.193085,139.765455,1.286185,1097
2024-03-15,1352455,222917215,141.909097,142.766554,139.336727,141.051641,1.286186,1223
2024-03-18,2016219,340840384,141.051641,147.482566,140.622912,147.482566,6.430925,1804
2024-03-19,1589156,272878573,146.62511,150.054937,145.338924,146.196381,-1.286185,1671
2024-03-20,1552502,262704555,144.910196,147.053838,143.195282,145.767653,-0.428728,1422
2024-03-21,6509989,1183207094,150.912394,159.486961,150.054937,157.343319,11.575666,5138
2024-03-22,4031227,743988084,159.486961,160.773146,155.628406,157.772048,0.428729,4924
2024-03-25,8523370,1644560045,158.629505,169.776443,157.772048,166.346616,8.574568,8841
2024-03-26,4442070,829568412,166.775344,168.061529,153.484764,159.058233,-7.288383,14202
2024-03-27,2183265,395118507,159.058233,159.058233,153.484764,154.770949,-4.287284,4152
2024-03-28,1511000,272698420,155.199677,156.914591,153.056035,154.342221,-0.428728,1322
2024-03-29,1398936,253342051,155.199677,158.629505,153.056035,153.913492,-0.428729,1235
2024-04-01,1190426,218081779,156.057134,159.486961,155.199677,155.628406,1.714914,2314
2024-04-02,1095089,198562151,156.914591,156.914591,154.342221,155.628406,0.0,852
2024-04-03,1036303,184550497,153.913492,153.913492,151.341122,153.056035,-2.572371,1241
2024-04-08,580673,104063738,153.484764,155.199677,153.056035,153.056035,0.0,529
2024-04-09,2365389,412025947,153.484764,154.770949,147.053838,147.053838,-6.002197,2445
2024-04-10,2839025,481175488,147.482566,149.19748,143.624011,143.624011,-3.429827,2673
2024-04-11,1464516,246404324,144.052739,145.338924,142.337826,144.481468,0.857457,1187
2024-04-12,3008857,511691090,146.196381,147.482566,144.052739,144.052739,-0.428729,2442
2024-04-15,1802108,296725649,142.337826,143.195282,139.765455,141.480369,-2.57237,1748
2024-04-16,3258574,516740164,139.336727,139.765455,133.763258,135.9069,-5.573469,2670
2024-04-17,2770906,449078372,136.764357,140.622912,136.335628,138.907999,3.001099,2172
2024-04-18,1655758,269833163,138.907999,141.909097,137.193085,139.765455,0.857456,1346
2024-04-19,1948310,306895653,139.336727,139.336727,131.190888,135.049443,-4.716012,1617
2024-04-22,1103689,173495628,135.049443,137.193085,132.477073,132.477073,-2.57237,923
2024-04-23,500301,78337288,134.620715,135.9069,132.477073,134.191986,1.714913,493
2024-04-24,699276,112124549,135.9069,138.47927,135.478171,138.47927,4.287284,682
2024-04-25,821427,129943956,138.050542,138.050542,134.620715,135.478171,-3.001099,790
2024-04-26,1634845,263606617,139.765455,141.909097,135.9069,136.335628,0.857457,1329
2024-04-29,1275956,202703058,138.050542,138.907999,135.049443,135.9069,-0.428728,1050
2024-04-30,2129319,344500026,138.907999,140.194184,137.621813,138.47927,2.57237,1763
2024-05-02,1149921,182210147,137.621813,138.050542,135.049443,135.9069,-2.57237,1041
2024-05-03,724115,114451044,137.621813,138.050542,134.620715,134.620715,-1.286185,881
2024-05-06,885218,139356322,135.9069,136.335628,134.191986,134.620715,0.0,810
2024-05-07,784520,122820322,135.9069,135.9069,132.905801,135.478171,0.857456,742
2024-05-08,782853,123102157,135.478171,135.9069,133.763258,135.9069,0.428729,688
2024-05-09,1455009,235694917,137.193085,139.765455,136.764357,138.47927,2.57237,1410
2024-05-10,1049608,167071623,139.336727,139.765455,135.049443,135.9069,-2.57237,1288
2024-05-13,408315,64297057,135.9069,136.764357,134.191986,135.049443,-0.857457,489
2024-05-14,1395995,225710853,136.335628,139.765455,135.9069,139.336727,4.287284,1210
2024-05-15,1194585,195180272,139.336727,141.480369,138.907999,139.336727,0.0,1057
2024-05-16,3890681,654969563,141.480369,148.340023,141.480369,142.766554,3.429827,3272
2024-05-17,1416524,233370743,143.624011,143.624011,139.336727,141.051641,-1.714913,2024
2024-05-20,1477218,241576261,143.195282,143.624011,138.050542,138.47927,-2.572371,1344
2024-05-21,667640,108399242,138.907999,140.194184,138.47927,139.336727,0.857457,676
2024-05-22,1542619,257242622,140.622912,144.052739,140.194184,143.624011,4.287284,1455
2024-05-23,1353843,226238990,145.338924,145.338924,141.051641,141.480369,-2.143642,1943
2024-05-24,612601,100979893,140.194184,142.337826,139.765455,141.909097,0.428728,631
2024-05-27,1443760,241349173,143.195282,145.767653,141.480369,141.909097,0.0,1271
2024-05-28,1312147,216540311,141.909097,144.052739,140.622912,141.051641,-0.857456,1738
2024-05-29,3434962,584565019,142.337826,148.340023,142.337826,145.338924,4.287283,3009
2024-05-30,2951975,499717228,144.481468,148.768752,141.909097,141.909097,-3.429827,3907
2024-05-31,650841,108020586,142.337826,143.195282,141.480369,141.480369,-0.428728,1631
2024-06-03,1017051,168108037,142.337826,144.052739,140.622912,142.337826,0.857457,1001
2024-06-04,819729,135124193,143.195282,143.195282,139.765455,140.194184,-2.143642,902
2024-06-05,1310483,211050376,141.909097,141.909097,137.193085,137.193085,-3.001099,1479
2024-06-06,996188,160626909,139.336727,140.622912,136.335628,137.621813,0.428728,970
2024-06-07,541189,86501437,137.621813,137.621813,136.335628,137.621813,0.0,632
2024-06-11,884788,141021713,138.47927,138.907999,135.478171,135.478171,-2.143642,817
2024-06-12,657389,104720409,136.335628,138.050542,134.191986,138.050542,2.572371,643
2024-06-13,1626479,266592916,139.336727,142.337826,138.907999,139.765455,1.714913,1151
2024-06-14,1720706,286659344,141.480369,144.052739,140.194184,143.624011,3.858556,1517
2024-06-17,4384404,759837953,144.910196,151.341122,143.624011,149.626208,6.002197,3808
2024-06-18,2200514,383545506,152.198579,152.198579,147.911295,147.911295,-1.714913,4671
2024-06-19,1608034,277359427,149.19748,150.054937,145.767653,146.62511,-1.286185,1789
2024-06-20,997325,173186043,148.340023,150.054937,147.053838,148.768752,2.143642,1264
2024-06-21,842738,145503250,147.911295,149.626208,146.196381,147.482566,-1.286186,758
2024-06-24,1679799,291907912,147.482566,151.341122,146.62511,146.62511,-0.857456,1626
2024-06-25,2236821,387277457,147.053838,150.912394,143.195282,150.054937,3.429827,2802
2024-06-26,3686869,661930475,153.484764,155.199677,151.76985,153.913492,3.858555,3711
2024-06-27,1334556,235167542,153.484764,153.913492,149.19748,149.19748,-4.716012,1533
2024-06-28,1021756,177449301,150.054937,150.912394,147.482566,147.482566,-1.714914,1115
2024-07-01,1083762,187518306,147.911295,150.483665,146.62511,146.62511,-0.857456,1993
2024-07-02,1128929,192497535,147.053838,148.768752,144.910196,145.338924,-1.286186,1427
2024-07-03,1089021,186237150,146.62511,148.768752,145.338924,146.62511,1.286186,1007
2024-07-04,1467823,245053433,147.872225,151.435411,146.981428,149.20842,2.58331,1352
2024-07-05,946928,157051849,149.20842,150.099216,146.981428,147.426826,-1.781594,1012
2024-07-08,1697872,274048046,147.426826,147.426826,142.527446,143.418242,-4.008584,1922
2024-07-09,3051422,514518679,146.090632,153.217004,145.645233,150.544614,7.126372,2646
2024-07-10,1564066,263124148,149.653818,151.435411,148.317623,150.099216,-0.445398,3021
2024-07-11,1135700,192292905,152.326207,152.771606,149.20842,150.099216,0.0,1045
2024-07-12,712833,119056916,149.20842,150.099216,147.426826,147.872225,-2.226991,1080
2024-07-15,614330,101392970,147.872225,149.20842,145.645233,146.981428,-0.890797,692
2024-07-16,535094,89016955,146.981428,149.20842,146.981428,148.763021,1.781593,474
2024-07-17,577047,95924462,150.544614,150.544614,146.981428,146.981428,-1.781593,611
2024-07-18,1723091,276154047,143.418242,144.754437,141.191251,142.972844,-4.008584,1633
2024-07-19,1469889,231441220,142.972844,142.972844,138.964259,138.964259,-4.008585,1342
2024-07-22,1857813,280898328,138.964259,139.409658,132.728684,133.174082,-5.790177,1761
2024-07-23,2101001,314934748,134.510277,136.29187,131.392489,135.846472,2.67239,1861
2024-07-26,1304524,191742245,131.837887,133.174082,128.720099,131.392489,-4.453983,1276
2024-07-29,1791771,256901137,134.064878,134.064878,125.156913,125.156913,-6.235576,1782
2024-07-30,631485,89843026,125.602311,129.165498,124.711515,128.720099,3.563186,572
2024-07-31,503406,73622631,128.274701,131.392489,127.383904,130.947091,2.226992,474
2024-08-01,866695,129803022,133.174082,135.401073,131.837887,133.61948,2.672389,755
2024-08-02,664384,97078968,130.056294,131.837887,128.274701,128.274701,-5.344779,690
2024-08-05,2471012,325414185,124.266117,124.266117,115.80355,116.694346,-11.580355,1861
2024-08-06,1204670,155478063,120.257532,121.148329,109.122575,118.475939,1.781593,1105
2024-08-07,1053357,147198651,119.366736,127.383904,119.366736,126.938506,8.462567,869
2024-08-08,797336,112929757,126.493108,127.829303,124.711515,125.156913,-1.781593,757
2024-08-09,732221,105440225,129.165498,130.501692,126.938506,127.383904,2.226991,618
2024-08-12,681296,99551956,129.610896,131.392489,128.720099,130.501692,3.117788,542
2024-08-13,396455,58075307,131.837887,131.837887,129.610896,130.947091,0.445399,300
2024-08-14,718507,107530244,133.61948,134.510277,132.283285,132.728684,1.781593,624
2024-08-15,1311216,200895414,132.728684,138.964259,132.728684,137.628065,4.899381,1043
2024-08-16,2794595,417608670,134.510277,134.955675,131.392489,132.283285,-5.34478,3039
2024-08-19,1502357,219884313,132.728684,133.174082,129.165498,130.947091,-1.336194,1383
2024-08-20,683473,102139114,132.728684,134.064878,132.283285,132.283285,1.336194,655
2024-08-21,496512,72752168,131.392489,131.837887,129.610896,130.056294,-2.226991,506
2024-08-22,356698,52180758,130.056294,131.392489,129.165498,130.056294,0.0,353
2024-08-23,607916,87780374,129.610896,130.056294,127.383904,130.056294,0.0,633
2024-08-26,389354,56965357,131.837887,131.837887,129.165498,129.610896,-0.445398,438
2024-08-27,973978,144715487,130.056294,134.955675,129.165498,133.174082,3.563186,760
2024-08-28,776550,116556050,134.064878,134.510277,132.728684,132.728684,-0.445398,683
2024-08-29,1164089,172046379,131.392489,134.955675,128.274701,133.61948,0.890796,1042
2024-08-30,565403,85289261,134.510277,135.401073,132.728684,134.064878,0.445398,542
2024-09-02,603946,91753018,135.846472,136.737268,134.064878,134.510277,0.445399,660
2024-09-03,1429105,220583004,135.846472,138.518861,135.401073,138.073463,3.563186,1260
2024-09-04,1493612,221926150,131.837887,134.955675,130.056294,130.947091,-7.126372,1500
2024-09-05,430253,64159395,133.174082,134.510277,130.947091,130.947091,0.0,653
2024-09-06,568255,85145940,131.837887,134.510277,131.392489,134.510277,3.563186,538
2024-09-09,1251253,188079944,133.61948,136.737268,132.283285,133.61948,-0.890797,980
2024-09-10,1108301,165055698,135.401073,136.737268,129.610896,129.610896,-4.008584,1072
2024-09-11,423484,61704450,130.056294,130.947091,128.720099,129.610896,0.0,429
2024-09-12,469342,69955448,133.61948,133.61948,131.837887,132.283285,2.672389,463
2024-09-13,331298,48932939,132.728684,133.174082,130.501692,131.392489,-0.890796,378
2024-09-16,512952,76994411,132.283285,134.510277,132.283285,133.174082,1.781593,477
2024-09-18,384574,56835568,133.174082,133.174082,130.056294,130.056294,-3.117788,470
2024-09-19,1554290,236326850,130.947091,137.182666,130.947091,135.401073,5.344779,1385
2024-09-20,821272,124621661,136.737268,137.182666,133.61948,134.064878,-1.336195,1380
2024-09-23,591543,89165543,134.955675,135.846472,133.61948,133.61948,-0.445398,1033
2024-09-24,854242,127409401,134.955675,135.401073,131.837887,131.837887,-1.781593,819
2024-09-25,1134544,170544271,134.064878,134.955675,132.728684,134.510277,2.67239,880
2024-09-26,2517674,386415278,137.182666,139.855056,134.510277,134.510277,0.0,2477
2024-09-27,526462,79591912,135.401073,135.846472,133.61948,133.61948,-0.890797,1283
2024-09-30,623177,93875977,133.61948,136.737268,132.283285,134.510277,0.890797,604
2024-10-01,474494,71001754,134.510277,135.401073,132.283285,132.728684,-1.781593,662
2024-10-04,995964,146170933,132.728684,134.064878,129.610896,129.610896,-3.117788,1091
2024-10-07,935729,139822055,131.392489,134.955675,130.056294,134.510277,4.899381,793
2024-10-08,550563,81797955,133.61948,134.064878,131.392489,132.283285,-2.226992,526
2024-10-09,757512,111415772,131.392489,132.283285,130.056294,130.056294,-2.226991,714
2024-10-11,182223,26786486,130.501692,131.837887,130.056294,130.947091,0.890797,225
2024-10-14,613768,90889245,130.947091,133.174082,129.610896,132.728684,1.781593,617
2024-10-15,1613382,245166550,134.510277,137.182666,132.728684,133.174082,0.445398,1401
2024-10-16,466757,70269495,132.728684,134.955675,132.728684,134.955675,1.781593,640
2024-10-17,390084,58503879,134.955675,135.401073,132.728684,133.174082,-1.781593,447
2024-10-18,454218,67714405,134.510277,134.510277,131.392489,131.837887,-1.336195,586
2024-10-21,624292,94028168,132.728684,134.955675,132.728684,134.510277,2.67239,580
2024-10-22,505666,76156454,134.064878,135.401073,133.174082,133.61948,-0.890797,361
2024-10-23,823480,124880192,133.61948,136.29187,133.61948,134.510277,0.890797,666
2024-10-24,940265,140384040,134.955675,134.955675,131.837887,132.283285,-2.226992,730
2024-10-25,843540,126380820,132.728684,135.401073,131.392489,135.401073,3.117788,750
2024-10-28,7746230,1230952776,140.745852,146.981428,135.846472,142.527446,7.126373,5530
2024-10-29,5181141,829367498,143.418242,145.199835,138.964259,143.418242,0.890796,6257
2024-10-30,2162480,344393730,143.418242,143.86364,139.855056,139.855056,-3.563186,2046
2024-11-01,5123953,831450860,137.182666,147.872225,136.737268,146.090632,6.235576,3940
2024-11-04,4349485,683977543,143.418242,143.86364,137.182666,137.182666,-8.907966,3804
2024-11-05,1622542,247366869,137.628065,137.628065,134.510277,134.510277,-2.672389,1654
2024-11-06,550442,83983501,136.29187,136.737268,135.401073,135.401073,0.890796,541
2024-11-07,629942,96320280,135.401073,137.182666,134.510277,136.737268,1.336195,597
2024-11-08,894044,137195498,138.073463,138.964259,134.510277,134.510277,-2.226991,939
2024-11-11,514417,78789186,136.29187,137.628065,135.401073,136.29187,1.781593,553
2024-11-12,645558,97324932,135.401073,135.401073,133.61948,133.61948,-2.67239,747
2024-11-13,492534,73977923,134.955675,134.955675,133.174082,133.174082,-0.445398,499
2024-11-14,1376050,201120806,134.955675,134.955675,127.383904,130.056294,-3.117788,1403
2024-11-15,632764,92938171,130.947091,132.728684,130.056294,130.056294,0.0,632
2024-11-18,585676,85099662,130.056294,130.947091,127.829303,128.720099,-1.336195,515
2024-11-19,550794,81327801,132.283285,133.174082,130.501692,131.837887,3.117788,516
2024-11-20,508164,74861612,133.174082,133.174082,130.056294,130.056294,-1.781593,415
2024-11-21,1333089,200812350,132.728684,137.182666,131.392489,134.955675,4.899381,1143
2024-11-22,933203,143526357,136.737268,138.518861,135.846472,136.737268,1.781593,868
2024-11-25,786941,122370630,138.964259,139.855056,137.182666,138.073463,1.336195,1000
2024-11-26,663292,101944180,137.628065,138.073463,135.846472,137.182666,-0.890797,942
2024-11-27,640311,97261540,138.518861,138.518861,133.61948,133.61948,-3.563186,1557
2024-11-28,448466,66499774,135.401073,135.401073,130.501692,131.392489,-2.226991,1152
2024-11-29,218518,32465102,130.947091,133.174082,130.501692,132.728684,1.336195,220
2024-12-02,470301,71035431,134.064878,135.846472,133.174082,134.510277,1.781593,448
2024-12-03,562790,86271418,136.737268,138.073463,135.401073,135.401073,0.890796,665
2024-12-04,603135,92948066,136.29187,138.073463,135.846472,137.628065,2.226992,590
2024-12-05,1338796,210628759,138.518861,141.636649,138.073463,138.964259,1.336194,1242
2024-12-06,1244019,197332238,140.745852,142.527446,139.855056,141.191251,2.226992,1498
2024-12-09,937272,148116671,142.082047,142.527446,139.855056,140.745852,-0.445399,1070
2024-12-10,677739,107384587,142.082047,142.082047,140.300454,140.300454,-0.445398,1157
2024-12-11,532656,84034168,140.745852,141.191251,139.855056,140.300454,0.0,544
2024-12-12,3698403,605564083,142.527446,149.653818,142.527446,142.972844,2.67239,3596
2024-12-13,1092947,175061976,142.972844,145.199835,141.191251,141.191251,-1.781593,1672
2024-12-16,887934,140076840,143.418242,143.86364,138.518861,138.518861,-2.67239,1682
2024-12-17,672545,106142023,140.745852,141.636649,139.855056,140.745852,2.226991,1373
2024-12-18,677205,107892868,141.191251,143.418242,139.855056,142.527446,1.781594,654
2024-12-19,597532,95483019,140.745852,143.418242,140.300454,142.082047,-0.445399,567
2024-12-20,1090117,176699551,143.418242,146.53603,142.527446,142.527446,0.445399,884
2024-12-23,799407,126898885,145.199835,145.199835,139.855056,140.300454,-2.226992,840
2024-12-24,443274,69749780,140.745852,141.191251,139.409658,140.300454,0.0,442
2024-12-25,274615,43493243,141.191251,141.636649,140.300454,141.191251,0.890797,307
2024-12-26,292777,46587431,142.527446,142.527446,140.745852,140.745852,-0.445399,328
2024-12-27,215298,33979325,140.745852,141.636649,139.855056,139.855056,-0.890796,326
2024-12-30,315322,49550985,140.745852,140.745852,138.964259,140.300454,0.445398,304
2024-12-31,276269,43328670,141.191251,141.191251,138.964259,139.409658,-0.890796,268
2025-01-02,333241,52452035,140.745852,141.636649,138.964259,138.964259,-0.445399,311
2025-01-03,621584,96171705,139.409658,139.855056,136.29187,137.182666,-1.781593,581
2025-01-06,611644,95118442,139.409658,140.300454,137.182666,138.964259,1.781593,570
2025-01-07,781606,123180523,140.300454,142.082047,138.964259,142.082047,3.117788,691
2025-01-08,350500,55372168,141.191251,142.527446,139.855056,140.745852,-1.336195,378
2025-01-09,2711697,406800731,138.073463,138.073463,130.947091,131.392489,-9.353363,2548
2025-01-10,658302,96303246,129.610896,131.837887,129.165498,130.056294,-1.336195,766
2025-01-13,1196016,169470087,129.165498,129.165498,124.711515,124.711515,-5.344779,1256
2025-01-14,558028,79034039,124.711515,127.829303,124.711515,126.938506,2.226991,493
2025-01-15,342912,48834700,126.938506,127.829303,125.156913,126.493108,-0.445398,389
2025-01-16,588551,83914712,128.720099,128.720099,126.04771,126.938506,0.445398,524
2025-01-17,353036,50065398,127.829303,127.829303,125.602311,126.04771,-0.890796,369
2025-01-20,639843,91344266,126.493108,128.720099,125.602311,127.829303,1.781593,590
2025-01-21,315121,45729768,128.720099,129.610896,128.720099,128.720099,0.890796,459
2025-01-22,459288,66356232,130.056294,130.056294,127.383904,130.056294,1.336195,668
2025-02-03,431845,61458763,126.493108,128.274701,125.602311,128.274701,-1.781593,457
2025-02-04,358329,51416264,127.829303,129.165498,126.938506,127.829303,-0.445398,329
2025-02-05,389268,56372308,127.829303,130.056294,127.829303,129.610896,1.781593,341
2025-02-06,395599,57817589,131.392489,131.837887,129.610896,130.056294,0.445398,374
2025-02-07,382989,56613975,130.501692,132.728684,130.501692,132.283285,2.226991,435
2025-02-10,874449,132639164,134.064878,136.29187,133.61948,135.401073,3.117788,881
2025-02-11,426617,65287215,136.29187,137.182666,135.846472,136.29187,0.890797,451
2025-02-12,427684,65492371,136.29187,137.628065,135.401073,136.737268,0.445398,431
2025-02-13,471103,72722580,137.182666,138.073463,136.737268,137.628065,0.890797,506
2025-02-14,458419,71208825,138.073463,138.964259,137.182666,138.073463,0.445398,461
2025-02-17,341479,53226947,138.964259,139.409658,138.073463,139.409658,1.336195,845
2025-02-18,595366,93985798,139.855056,141.191251,139.855056,141.191251,1.781593,610
2025-02-19,504164,79669136,141.636649,142.082047,139.855056,139.855056,-1.336195,804
2025-02-20,452441,71396220,140.745852,141.636649,139.409658,140.745852,0.890796,545
2025-02-21,893900,143355642,140.745852,144.309039,140.745852,142.972844,2.226992,886
2025-02-24,1785074,293133872,142.082047,148.763021,141.636649,146.981428,4.008584,1914
2025-02-25,850893,138096718,145.645233,146.981428,143.418242,143.418242,-3.563186,1751
2025-02-26,546428,88768978,143.418242,146.090632,143.418242,145.199835,1.781593,1105
2025-02-27,477106,76899815,145.645233,146.090632,142.527446,142.527446,-2.672389,1272
2025-03-03,645467,102905409,140.745852,143.418242,140.745852,142.082047,-0.445399,478
2025-03-04,354558,56597477,140.300454,143.86364,139.855056,143.418242,1.336195,527
2025-03-05,404767,65020253,143.418242,143.86364,142.082047,143.418242,0.0,358
2025-03-06,960263,155437378,145.645233,146.53603,142.082047,142.082047,-1.336195,865
2025-03-07,613927,97689935,142.082047,142.972844,140.745852,140.745852,-1.336195,515
2025-03-10,495492,79050946,142.527446,143.86364,140.745852,141.191251,0.445399,468
2025-03-11,511155,79394622,138.518861,139.855056,135.401073,139.409658,-1.781593,569
2025-03-12,331960,51910471,139.409658,140.300454,138.518861,138.518861,-0.890797,410
2025-03-13,673602,103874668,139.855056,140.300454,135.846472,135.846472,-2.672389,899
2025-03-14,312661,47547551,136.737268,136.737268,134.510277,134.955675,-0.890797,361
2025-03-17,331397,50430858,136.29187,136.737268,134.510277,134.955675,0.0,354
2025-03-18,219785,33672695,136.29187,137.182666,135.846472,136.29187,1.336195,249
2025-03-19,338997,52123981,135.401073,138.073463,135.401073,136.29187,0.0,339
2025-03-20,1098982,174086205,139.855056,142.972844,138.964259,142.972844,6.680974,1023
2025-03-21,3486762,575711076,143.418242,149.653818,143.418242,147.426826,4.453982,2794
2025-03-24,2528522,422832744,149.653818,153.662402,145.199835,145.645233,-1.781593,3203
2025-03-25,933293,153808098,146.981428,148.317623,145.645233,147.426826,1.781593,1356
2025-03-26,409558,67217699,147.426826,147.872225,145.645233,145.645233,-1.781593,457
2025-03-27,492921,79519124,144.309039,145.199835,142.527446,143.86364,-1.781593,525
2025-03-28,817231,128908380,144.754437,144.754437,138.964259,139.855056,-4.008584,835
2025-03-31,1163764,175901409,135.401073,137.182666,132.283285,134.064878,-5.790178,1215
2025-04-01,450563,68472414,135.401073,136.29187,133.61948,136.29187,2.226992,466
2025-04-02,236967,36369702,136.737268,137.182666,135.846472,137.182666,0.890796,288
2025-04-07,66594,9256566,123.820718,123.820718,123.820718,123.820718,-13.361948,214
2025-04-08,993675,125204264,111.794965,115.80355,111.794965,111.794965,-12.025753,1127
2025-04-09,1690275,194617603,106.895584,107.786381,100.660008,100.660008,-11.134957,1582
2025-04-10,574795,71274580,110.45877,110.45877,110.45877,110.45877,9.798762,337
2025-04-11,1112191,135593667,107.786381,112.685762,102.887,112.240363,1.781593,1026
2025-04-14,1712979,222289229,114.912753,117.585143,113.13116,116.248948,4.008585,1293
2025-04-15,618829,83423957,118.030541,122.039125,117.585143,120.70293,4.453982,647
2025-04-16,595203,79280182,120.257532,120.257532,117.585143,117.585143,-3.117787,556
2025-04-17,442019,58090865,117.585143,119.366736,115.358151,118.921337,1.336194,439
2025-04-18,202096,26862828,118.921337,119.366736,117.585143,118.030541,-0.890796,212
2025-04-21,338673,44210597,117.585143,118.030541,114.912753,114.912753,-3.117788,338
2025-04-22,466192,60142346,114.021956,116.694346,113.576558,114.467355,-0.445398,399
2025-04-23,492904,65666679,117.585143,119.366736,117.585143,118.475939,4.008584,415
2025-04-24,606537,82199297,119.366736,122.039125,119.366736,121.148329,2.67239,583
2025-04-25,637866,89115877,124.711515,125.602311,123.37532,124.711515,3.563186,578
2025-04-28,1237572,181958720,131.837887,132.283285,129.165498,131.392489,6.680974,1106
2025-04-29,515267,75644634,131.837887,131.837887,129.610896,130.947091,-0.445398,992
2025-04-30,448886,65362968,130.947091,131.837887,128.720099,128.720099,-2.226992,607
2025-05-02,276018,40204125,130.056294,130.501692,129.165498,129.610896,0.890797,310
2025-05-05,695912,98280135,130.501692,130.501692,123.37532,125.602311,-4.008585,2015
2025-05-06,280385,39551325,124.711515,126.938506,124.711515,125.602311,0.0,302
2025-05-07,365111,51229374,126.938506,126.938506,124.266117,124.711515,-0.890796,351
2025-05-08,302814,43415774,125.602311,129.165498,125.602311,128.274701,3.563186,344
2025-05-09,489122,71679028,131.392489,131.837887,129.165498,130.947091,2.67239,483
2025-05-12,653779,97676070,131.837887,134.064878,131.837887,133.61948,2.672389,651
2025-05-13,1368363,213538702,137.628065,141.191251,136.737268,138.964259,5.344779,1278
2025-05-14,1234474,196270524,139.855056,142.972844,139.855056,141.636649,2.67239,1150
2025-05-15,686087,109348237,141.636649,142.972844,140.745852,142.082047,0.445398,1042
2025-05-16,544236,86529676,143.86364,143.86364,140.300454,140.300454,-1.781593,656
2025-05-19,526497,81675558,140.300454,140.300454,136.737268,137.182666,-3.117788,553
2025-05-20,283289,43979667,138.964259,139.409658,137.628065,138.518861,1.336195,259
2025-05-21,316001,49734283,139.409658,141.636649,138.518861,141.191251,2.67239,337
2025-05-22,396492,62929252,140.300454,142.527446,139.409658,142.082047,0.890796,428
2025-05-23,336737,53003074,142.527446,142.527446,138.964259,138.964259,-3.117788,695
2025-05-26,293538,45295749,139.409658,139.409658,136.737268,136.737268,-2.226991,339
2025-05-27,300824,46050761,137.182666,137.182666,135.401073,136.29187,-0.445398,351
2025-05-28,179763,27762662,137.628065,138.518861,136.737268,137.182666,0.890796,188
2025-05-29,526084,80906134,138.518861,138.518861,135.846472,137.628065,0.445399,458
2025-06-02,406476,61908505,137.182666,137.182666,134.510277,136.737268,-0.890797,441
2025-06-03,228431,35050582,137.628065,137.628065,135.401073,137.628065,0.890797,264
2025-06-04,373161,58183666,138.073463,139.855056,138.073463,139.409658,1.781593,380
2025-06-05,413521,65359718,140.300454,141.636649,139.855056,141.191251,1.781593,400
2025-06-06,200901,31744516,142.082047,142.082047,140.300454,140.300454,-0.890797,259
2025-06-09,1270963,205243799,143.86364,146.090632,141.636649,142.082047,1.781593,1206
2025-06-10,451062,72627903,144.309039,144.309039,142.527446,142.972844,0.890797,494
2025-06-11,691296,110726179,142.972844,143.86364,141.191251,142.972844,0.0,1013
2025-06-12,306782,48997691,143.418242,143.418242,141.191251,141.636649,-1.336195,358
2025-06-13,335315,52794538,141.191251,141.191251,139.409658,139.855056,-1.781593,380
2025-06-16,178580,27978525,138.518861,140.745852,138.073463,140.300454,0.445398,240
2025-06-17,294088,46487602,141.191251,141.636649,139.855056,140.300454,0.0,271
2025-06-18,418399,66804294,140.300454,143.418242,140.300454,142.972844,2.67239,392
2025-06-19,319085,50698670,142.972844,142.972844,140.745852,140.745852,-2.226992,327
2025-06-20,490778,76370302,140.745852,140.745852,137.628065,138.073463,-2.672389,531
2025-06-23,530574,81424004,134.955675,139.855056,134.064878,139.855056,1.781593,540
2025-06-24,597004,95330705,141.191251,143.418242,140.745852,143.418242,3.563186,554
2025-06-25,533438,85763533,143.418242,144.309039,142.082047,143.86364,0.445398,566
2025-06-26,853486,137869594,143.86364,144.754437,142.972844,142.972844,-0.890796,886
2025-06-27,671925,108409663,143.418242,144.754437,142.527446,142.972844,0.0,677
2025-06-30,424092,67894116,143.86364,143.86364,142.082047,142.082047,-0.890797,432
2025-07-01,699220,111656519,142.972844,142.972844,141.191251,141.191251,-0.890796,457
2025-07-02,1099471,176065135,142.527446,143.418242,141.191251,143.418242,2.226991,643
2025-07-03,1223075,187031725,144.181556,145.595101,143.239193,143.239193,-0.179049,895
2025-07-04,644369,96841930,144.181556,144.181556,138.998559,139.940922,-3.298271,669
2025-07-07,323619,48287357,141.825648,141.825648,139.469741,139.940922,0.0,372
2025-07-08,340183,50419425,139.940922,141.354467,138.056196,140.412104,0.471182,597
2025-07-09,642849,94207436,139.469741,139.469741,136.642651,139.469741,-0.942363,631
2025-07-10,259099,38208088,138.998559,139.940922,138.527378,138.998559,-0.471182,299
2025-07-11,304937,45177321,138.527378,140.883285,138.527378,139.469741,0.471182,323
2025-07-14,168539,25020207,138.527378,140.412104,138.527378,140.412104,0.942363,208
2025-07-15,237258,35730547,140.412104,142.768012,139.940922,142.29683,1.884726,290
2025-07-16,950004,147560199,143.239193,147.951009,143.239193,146.537464,4.240634,1035
2025-07-17,361501,56189024,147.951009,147.951009,145.123919,147.008646,0.471182,811
2025-07-18,252309,39452874,148.42219,149.835735,146.066282,146.066282,-0.942364,332
2025-07-21,1642522,262252820,148.42219,152.191643,147.951009,151.24928,5.182998,1371
2025-07-22,2443059,396511927,152.662824,155.018732,150.306916,150.306916,-0.942364,2353
2025-07-23,2419157,402600726,153.134006,158.317003,152.662824,156.903458,6.596542,2198
2025-07-24,2150302,364097716,157.37464,161.615274,157.37464,159.259366,2.355908,2650
2025-07-25,1119403,190107449,161.144092,161.144092,158.788184,160.672911,1.413545,1007
2025-07-28,1223371,212075322,164.442363,164.913545,161.144092,163.028818,2.355907,1347
2025-07-29,1289465,220118088,163.971182,163.971182,157.37464,161.144092,-1.884726,2263
2025-07-30,760902,131021192,162.086455,163.5,161.144092,161.615274,0.471182,686
2025-07-31,1423732,238236468,158.788184,159.730548,155.961095,157.37464,-4.240634,3044
2025-08-01,530186,88582902,154.54755,159.259366,154.54755,157.845821,0.471181,891
2025-08-04,601948,99423271,158.317003,158.317003,155.018732,155.489914,-2.355907,682
2025-08-05,594686,98000929,155.489914,156.432277,154.54755,155.018732,-0.471182,699
2025-08-06,365034,59737109,153.605187,155.489914,153.605187,154.076369,-0.942363,556
2025-08-07,611222,100431717,155.489914,156.432277,153.134006,154.54755,0.471181,578
2025-08-08,755169,126230217,155.961095,158.788184,155.961095,156.903458,2.355908,969
2025-08-11,708881,118448190,156.432277,159.259366,155.018732,159.259366,2.355908,736
2025-08-12,5891270,1056737421,163.971182,173.865994,161.144092,173.865994,14.606628,7441
2025-08-13,3702344,672788867,176.693084,177.164265,167.269452,168.211816,-5.654178,6991
2025-08-14,1351137,237658180,168.682997,168.682997,163.971182,165.855908,-2.355908,3069
2025-08-15,1404816,250288756,167.269452,169.62536,166.327089,167.269452,1.413544,1297
2025-08-18,1057649,186714335,167.269452,168.682997,164.442363,168.211816,0.942364,1094
2025-08-19,2544789,437654840,168.211816,168.211816,160.201729,160.201729,-8.010087,3427
2025-08-20,1287705,215524767,160.201729,160.672911,155.489914,155.489914,-4.711815,1350
2025-08-21,700986,116395302,156.903458,157.845821,154.54755,156.432277,0.942363,672
2025-08-22,671313,113209699,156.903458,160.672911,155.961095,158.317003,1.884726,742
2025-08-25,750268,128902198,160.672911,163.5,159.259366,163.028818,4.711815,886
2025-08-26,758800,132390379,162.557637,165.384726,161.615274,164.913545,1.884727,1073
2025-08-27,693652,121143781,165.855908,166.798271,163.028818,164.442363,-0.471182,924
2025-08-28,827491,142822328,164.442363,164.913545,161.144092,162.086455,-2.355908,929
2025-08-29,746738,128802445,162.557637,163.971182,161.144092,163.028818,0.942363,776
2025-09-01,862391,146385400,163.5,163.5,157.845821,160.201729,-2.827089,972
2025-09-02,740983,126233772,161.144092,162.557637,158.788184,159.259366,-0.942363,718
2025-09-03,644898,111477388,160.201729,164.442363,159.730548,163.971182,4.711816,1168
2025-09-04,1086586,191319992,166.798271,166.798271,164.913545,165.384726,1.413544,1158
2025-09-05,777903,136684869,166.798271,166.798271,163.971182,165.855908,0.471182,2040
2025-09-08,1995926,361162555,168.211816,172.45245,168.211816,169.154179,3.298271,3809
2025-09-09,1487627,261841874,168.682997,169.154179,163.971182,165.384726,-3.769453,3957
2025-09-10,600953,105850125,165.384726,166.798271,164.913545,165.855908,0.471182,574
2025-09-11,987601,172093417,166.798271,167.269452,162.086455,162.557637,-3.298271,1242
2025-09-12,1441962,256222940,163.971182,169.62536,163.028818,167.269452,4.711815,1497
2025-09-15,2648060,478996980,169.154179,173.865994,166.798271,167.269452,0.0,2910
2025-09-16,1502279,268974316,169.154179,171.510086,164.913545,170.567723,3.298271,3734
2025-09-17,1324976,239826268,171.981268,172.923631,168.211816,168.682997,-1.884726,1419
2025-09-18,696038,124488843,170.567723,171.981268,167.269452,168.211816,-0.471181,1278
2025-09-19,686463,123732728,168.682997,171.510086,168.211816,169.62536,1.413544,862
2025-09-22,830827,149071347,171.981268,171.981268,167.269452,167.269452,-2.355908,1118
2025-09-23,718481,127738620,168.682997,169.154179,166.798271,166.798271,-0.471181,1069
2025-09-24,755917,131874567,167.740634,167.740634,162.557637,164.913545,-1.884726,863
2025-09-25,479490,83258847,165.384726,165.384726,162.557637,163.5,-1.413545,610
2025-09-26,866985,147290220,163.028818,163.028818,158.788184,159.259366,-4.240634,1084
2025-09-30,397899,68612467,160.201729,164.913545,160.201729,164.442363,5.182997,639
2025-10-01,507290,89546122,165.855908,168.211816,164.913545,166.327089,1.884726,521
2025-10-02,672754,119912828,167.269452,169.154179,166.327089,168.211816,1.884727,685
2025-10-03,475008,84862124,169.154179,170.567723,167.269452,167.269452,-0.942364,452
2025-10-07,3890309,723233131,169.154179,178.57781,169.154179,176.221902,8.95245,3773
2025-10-08,1153446,215469814,177.164265,178.106628,173.394813,177.635447,1.413545,3467
2025-10-09,1635327,302433474,178.57781,179.520173,171.510086,171.981268,-5.654179,3931
2025-10-13,764224,136391216,163.971182,170.567723,163.971182,168.682997,-3.298271,1029
2025-10-14,1402540,246735066,171.981268,171.981268,162.557637,163.5,-5.182997,1827
2025-10-15,440030,76940586,163.971182,166.327089,162.557637,165.384726,1.884726,1225
2025-10-16,638664,114349000,165.384726,170.567723,165.384726,167.740634,2.355908,763
2025-10-17,491520,86168652,166.798271,166.798271,163.971182,164.913545,-2.827089,2150
2025-10-20,412926,72546727,166.327089,167.269452,164.442363,165.855908,0.942363,439
2025-10-21,535787,95726698,166.327089,169.62536,166.327089,168.211816,2.355908,655
2025-10-22,352672,62402657,168.211816,168.211816,165.855908,166.327089,-1.884727,1513
2025-10-23,403965,71816171,165.384726,168.682997,165.384726,166.798271,0.471182,424
2025-10-27,698545,125757931,169.62536,171.038905,168.211816,169.62536,2.827089,767
2025-10-28,597504,106962537,170.096542,170.096542,167.740634,168.682997,-0.942363,698
2025-10-29,824968,148923055,171.981268,173.394813,168.211816,168.211816,-0.471181,861
2025-10-30,889701,158098703,169.154179,170.567723,165.384726,166.798271,-1.413545,1559
2025-10-31,977658,177111487,167.740634,172.923631,167.269452,172.923631,6.12536,1005
2025-11-03,5256086,1013948281,177.164265,188.001441,173.865994,187.530259,14.606628,7207
2025-11-04,7034892,1431193917,191.299712,196.482709,185.174352,193.184438,5.654179,7341
2025-11-05,4772119,928936536,188.001441,188.472622,177.635447,183.760807,-9.423631,5301
2025-11-06,2795903,532587908,184.70317,185.174352,176.221902,178.106628,-5.654179,5332
2025-11-07,1527224,282806244,176.693084,178.106628,171.981268,173.394813,-4.711815,3532
2025-11-10,1784558,321567625,170.567723,172.45245,167.740634,171.981268,-1.413545,1763
2025-11-11,1021724,186094598,173.865994,175.279539,169.154179,169.62536,-2.355908,1127
2025-11-12,1149506,213047644,170.096542,177.164265,169.62536,175.279539,5.654179,2568
2025-11-13,4884750,868791616,172.923631,173.394813,163.971182,164.913545,-10.365994,5564
2025-11-14,2622608,445499103,162.086455,162.086455,158.317003,159.259366,-5.654179,3113
2025-11-17,2112369,351243823,159.259366,159.730548,154.54755,155.489914,-3.769452,2138
2025-11-18,2444327,392574072,154.54755,155.018732,149.364553,150.306916,-5.182998,3038
2025-11-19,1080820,173437003,152.191643,153.134006,149.364553,149.835735,-0.471181,1078
2025-11-20,1209990,199444063,153.605187,157.845821,153.134006,156.432277,6.596542,1748
2025-11-21,1369687,225318272,153.605187,157.845821,152.662824,153.605187,-2.82709,1364
2025-11-24,695315,114482336,155.961095,156.903458,153.605187,154.076369,0.471182,584
2025-11-25,632218,103921956,155.489914,156.432277,153.605187,155.489914,1.413545,859
2025-11-26,906627,150367636,155.961095,157.37464,155.018732,155.961095,0.471181,854
2025-11-27,615956,103249566,156.903458,158.788184,156.903458,157.845821,1.884726,670
2025-11-28,379912,63589291,157.845821,158.788184,156.432277,157.37464,-0.471181,515
2025-12-01,672197,111554095,157.845821,157.845821,155.489914,156.432277,-0.942363,733
2025-12-02,795785,132104379,156.903458,157.845821,155.489914,156.432277,0.0,778
2025-12-03,422118,70586113,156.903458,158.317003,156.903458,157.37464,0.942363,438
2025-12-04,694804,114978188,158.317003,158.317003,154.54755,155.018732,-2.355908,958
2025-12-05,503595,82484705,154.54755,155.961095,153.134006,154.54755,-0.471182,509
2025-12-08,279491,46297119,154.54755,156.903458,154.54755,156.432277,1.884727,343
2025-12-09,448596,74195196,156.432277,157.37464,154.54755,155.489914,-0.942363,732
2025-12-10,746537,121539484,155.489914,155.489914,151.720461,152.191643,-3.298271,1052
2025-12-11,422656,69359906,153.134006,155.489914,153.134006,154.54755,2.355907,509
2025-12-12,411046,67072222,155.018732,155.018732,152.662824,153.605187,-0.942363,484
2025-12-15,347637,55879871,151.24928,152.662824,149.835735,151.24928,-2.355907,576
2025-12-16,853960,134543968,150.778098,152.191643,147.008646,148.42219,-2.82709,1329
2025-12-17,459092,73797857,148.893372,152.662824,148.893372,152.191643,3.769453,542
2025-12-18,556061,89645897,151.720461,153.605187,149.364553,153.134006,0.942363,583
2025-12-19,384669,62345049,153.605187,154.076369,151.720461,153.605187,0.471181,443
2025-12-22,400298,65459712,154.076369,155.489914,153.134006,154.076369,0.471182,438
2025-12-23,649248,104464080,154.54755,154.54755,150.306916,150.778098,-3.298271,865
2025-12-24,346432,55476793,150.778098,152.191643,150.306916,151.24928,0.471182,318
2025-12-26,313176,50006867,151.24928,151.24928,149.835735,150.306916,-0.942364,429
2025-12-29,448406,71552991,151.24928,151.720461,149.364553,149.364553,-0.942363,584
2025-12-30,438641,69037244,149.364553,149.364553,147.479827,148.893372,-0.471181,601
2025-12-31,367308,58498704,148.893372,151.720461,148.42219,149.835735,0.942363,467
2026-01-02,431119,69393969,151.720461,152.662824,150.306916,151.720461,1.884726,503
2026-01-05,855556,135288134,153.134006,153.134006,147.008646,148.893372,-2.827089,1241
2026-01-06,550313,86126739,147.951009,148.893372,147.008646,147.479827,-1.413545,780
2026-01-07,600646,93868484,147.479827,148.893372,145.595101,147.479827,0.0,670
2026-01-08,544707,85041188,147.951009,148.42219,146.066282,146.066282,-1.413545,669
2026-01-09,681547,107090065,146.537464,150.306916,145.595101,149.364553,3.298271,646
2026-01-12,740277,118800217,151.24928,153.134006,149.835735,151.720461,2.355908,859
2026-01-13,2219827,365789384,151.720461,157.37464,150.778098,155.961095,4.240634,2265
2026-01-14,2768900,472735181,156.903458,165.384726,155.961095,160.201729,4.240634,3753
2026-01-15,1200828,205073548,160.201729,163.028818,157.37464,161.615274,1.413545,1159
2026-01-16,1104325,186201683,162.086455,162.086455,156.432277,156.903458,-4.711816,1612
2026-01-19,691488,114455902,156.903458,157.37464,154.54755,155.961095,-0.942363,838
2026-01-20,305603,50411726,155.961095,156.432277,154.54755,155.489914,-0.471181,470
2026-01-21,774906,125377407,155.489914,155.489914,150.778098,150.778098,-4.711816,1158
2026-01-22,627953,100956278,152.662824,153.134006,150.306916,151.720461,0.942363,730
2026-01-23,980279,156429933,152.662824,152.662824,149.364553,150.306916,-1.413545,1129
2026-01-26,786334,127721483,150.306916,155.961095,149.835735,154.54755,4.240634,878
2026-01-27,816508,134967598,155.489914,156.903458,154.076369,155.018732,0.471182,773
2026-01-28,560711,90918125,155.018732,155.489914,151.24928,152.662824,-2.355908,1156
2026-01-29,520725,83026175,152.662824,153.605187,149.364553,149.835735,-2.827089,677
2026-01-30,928054,144727779,148.893372,148.893372,146.066282,147.479827,-2.355908,1141
2026-02-02,667380,101862333,146.066282,146.066282,142.29683,144.652738,-2.827089,933
2026-02-03,417589,64848576,146.066282,147.951009,145.123919,147.951009,3.298271,442
2026-02-04,245179,38407872,147.008646,148.893372,145.595101,148.893372,0.942363,360
2026-02-05,407124,63793194,148.42219,149.364553,146.066282,146.066282,-2.82709,468
2026-02-06,438561,66883546,144.652738,145.595101,141.825648,144.652738,-1.413544,592
2026-02-09,443169,68617293,147.008646,147.951009,144.181556,145.595101,0.942363,495
2026-02-10,292396,45058619,147.008646,147.008646,144.181556,144.181556,-1.413545,422
2026-02-11,655705,99891341,144.181556,145.123919,142.29683,145.123919,0.942363,812
2026-02-23,479142,73728982,146.066282,146.066282,143.239193,144.652738,-0.471181,634
2026-02-24,446161,68787465,144.652738,146.066282,144.652738,145.123919,0.471181,507
2026-02-25,759534,118705771,146.537464,147.951009,146.537464,147.951009,2.82709,783
2026-02-26,787386,123240969,149.364553,149.364553,146.066282,147.008646,-0.942363,795
2026-03-02,647340,100972503,143.710375,148.42219,143.239193,147.479827,0.471181,633
2026-03-03,897441,138523503,147.479827,148.42219,143.710375,144.652738,-2.827089,931
2026-03-04,1301586,194981658,142.29683,144.181556,139.469741,141.354467,-3.298271,1401
2026-03-05,1172878,182901088,146.537464,148.893372,145.123919,148.42219,7.067723,1191
2026-03-06,569794,89278421,147.008646,148.893372,145.595101,147.951009,-0.471181,694
2026-03-09,1180533,174367160,137.585014,141.354467,137.113833,141.354467,-6.596542,1321
2026-03-10,486270,74330486,144.181556,145.595101,143.239193,144.181556,2.827089,549
2026-03-11,691777,109007305,145.123919,149.835735,145.123919,148.893372,4.711816,942
2026-03-12,1286666,206570650,152.662824,153.605187,147.951009,149.835735,0.942363,1812
2026-03-13,571775,90137966,148.42219,149.835735,146.066282,148.893372,-0.942363,706
2026-03-16,583220,91186139,148.893372,149.835735,146.537464,146.537464,-2.355908,770
2026-03-17,456683,71646436,147.951009,148.893372,146.537464,147.951009,1.413545,527
2026-03-18,543692,85697106,148.893372,149.835735,147.479827,148.42219,0.471181,756
2026-03-19,1040982,165605576,147.479827,151.24928,147.008646,149.364553,0.942363,1038
2026-03-20,735996,118119014,151.24928,152.662824,149.364553,150.306916,0.942363,880
2026-03-23,819091,127614885,147.951009,148.42219,145.595101,145.595101,-4.711815,830
2026-03-24,373846,57984817,147.951009,147.951009,144.181556,145.595101,0.0,584
2026-03-25,386154,60184128,147.951009,147.951009,146.066282,147.008646,1.413545,461
2026-03-26,506644,78771797,147.479827,147.951009,145.595101,145.595101,-1.413545,506
2026-03-27,274625,42417799,143.710375,147.008646,143.710375,147.008646,1.413545,326
2026-03-30,407697,62452198,145.595101,145.595101,143.239193,144.181556,-2.82709,555
2026-03-31,641461,96993182,143.239193,144.181556,140.883285,142.768012,-1.413544,791
2026-04-01,356814,54992208,146.066282,147.008646,144.181556,144.652738,1.884726,431
2026-04-02,413422,62583474,145.595101,145.595101,141.354467,141.825648,-2.82709,567
2026-04-07,276647,42143510,142.768012,144.652738,142.29683,144.181556,2.355908,281
2026-04-08,701531,109179156,146.066282,147.951009,145.123919,147.951009,3.769453,615
2026-04-09,511930,79316921,147.479827,147.951009,145.123919,145.595101,-2.355908,601
2026-04-10,391568,60758334,147.008646,147.008646,145.123919,146.537464,0.942363,405
2026-04-13,351909,54843638,146.066282,147.951009,145.595101,147.008646,0.471182,430
2026-04-14,589445,92368422,148.42219,148.893372,147.008646,147.479827,0.471181,588
2026-04-15,1965136,319001399,148.42219,155.489914,148.42219,152.662824,5.182997,2102
2026-04-16,836522,136013620,155.489914,155.489914,152.191643,152.662824,0.0,1077
2026-04-17,862556,140045412,152.191643,155.018732,151.24928,153.605187,0.942363,851
2026-04-20,983533,161351090,154.54755,156.432277,152.662824,155.489914,1.884727,1064
2026-04-21,826441,136406165,156.432277,157.845821,154.076369,155.018732,-0.471182,934
2026-04-22,3574248,614156829,155.961095,167.740634,155.961095,167.740634,12.721902,3253
2026-04-23,11089079,2057286230,169.154179,183.760807,169.154179,175.75072,8.010086,10639
2026-04-24,3907700,697324174,173.865994,173.865994,163.5,166.798271,-8.952449,6226
2026-04-27,1949254,332179006,166.798271,166.798271,158.317003,159.730548,-7.067723,2238
2026-04-28,985241,169297654,160.672911,164.913545,160.201729,162.557637,2.827089,1151
2026-04-29,835063,141495098,160.201729,161.144092,158.788184,158.788184,-3.769453,1085
2026-04-30,922442,154687528,158.788184,160.201729,156.432277,156.903458,-1.884726,1170
2026-05-04,935747,159319710,158.317003,162.086455,158.317003,160.201729,3.298271,1015
2026-05-05,754402,129404727,160.201729,163.971182,159.259366,163.971182,3.769453,984
2026-05-06,1634501,288987791,166.798271,169.62536,163.028818,167.269452,3.29827,1809
2026-05-07,1611763,288393068,171.510086,172.45245,164.913545,164.913545,-2.355907,2716
2026-05-08,885156,154539129,164.913545,166.327089,162.086455,165.855908,0.942363,1100
2026-05-11,2375825,408165408,161.615274,168.211816,157.37464,167.740634,1.884726,2644
2026-05-12,4099043,746827871,173.865994,175.279539,168.211816,171.981268,4.240634,4179
2026-05-13,1184474,212103225,168.682997,170.567723,167.740634,169.154179,-2.827089,1342
2026-05-14,4160387,771781984,171.038905,179.048991,169.62536,176.221902,7.067723,4027
2026-05-15,2724742,505097160,179.048991,179.991354,172.45245,173.394813,-2.827089,2745
2026-05-18,1004265,183483208,172.45245,174.808357,170.096542,174.337176,0.942363,1104
2026-05-19,3298738,626442784,174.337176,182.818444,172.923631,178.57781,4.240634,3350
2026-05-20,1476542,279212260,179.520173,180.462536,176.221902,177.635447,-0.942363,2893
2026-05-21,5540846,1104105697,182.818444,194.126801,179.520173,187.530259,9.894812,5586
2026-05-22,4861476,983607877,188.943804,196.011527,182.347262,195.069164,7.538905,6644
2026-05-25,4535937,913475080,199.78098,199.78098,185.645533,188.472622,-6.596542,5309
2026-05-26,4160124,803628997,186.116715,186.587896,179.048991,181.876081,-6.596541,3952
2026-05-27,2673652,529659816,183.760807,190.357349,182.347262,186.116715,4.240634,2926
2026-05-28,3315658,633318678,188.001441,188.472622,175.75072,177.635447,-8.481268,4052
2026-05-29,995407,189258672,179.048991,181.876081,177.164265,179.520173,1.884726,1544
2026-06-01,998681,192852469,180.462536,183.760807,180.462536,182.347262,2.827089,1578
2026-06-02,968701,185157981,182.347262,182.818444,178.57781,180.933718,-1.413544,1132
2026-06-03,813072,156623588,181.876081,183.760807,180.462536,181.404899,0.471181,924
2026-06-04,657275,125060022,181.404899,181.404899,178.106628,179.520173,-1.884726,905
2026-06-05,1005793,187799528,179.048991,179.048991,173.865994,176.693084,-2.827089,1481
2026-06-08,1314134,233482078,162.557637,169.62536,162.557637,169.154179,-7.538905,1420
2026-06-09,1772989,309548833,166.798271,166.798271,162.086455,166.798271,-2.355908,2128
2026-06-10,1111902,194096286,163.971182,168.682997,161.144092,161.144092,-5.654179,1390
2026-06-11,1496551,251427166,161.144092,162.557637,155.961095,158.788184,-2.355908,1739
2026-06-12,720307,123006225,161.144092,162.086455,159.730548,160.201729,1.413545,846
2026-06-15,552158,94582022,162.557637,163.028818,160.201729,160.672911,0.471182,814
2026-06-16,902181,151337116,160.672911,161.144092,156.903458,157.37464,-3.298271,1366
2026-06-17,449298,75580073,156.903458,159.730548,156.903458,159.730548,2.355908,536
2026-06-18,587497,100193658,160.201729,162.086455,159.730548,160.201729,0.471181,760
2026-06-22,1214487,210047506,160.201729,166.798271,159.730548,166.327089,6.12536,1229
2026-06-23,1436573,252482141,166.327089,168.682997,163.028818,164.913545,-1.413544,1394
2026-06-24,782442,137447873,163.5,168.211816,162.086455,166.798271,1.884726,777
2026-06-25,2650920,488261325,168.211816,177.635447,166.798271,176.693084,9.894813,2617
2026-06-26,1745813,323536799,175.75072,177.635447,171.510086,171.510086,-5.182998,2305
2026-06-29,959424,173365583,171.510086,173.865994,167.269452,167.740634,-3.769452,1868
2026-06-30,672616,119910042,170.567723,170.567723,166.327089,168.682997,0.942363,775
2026-07-01,884831,156695985,170.096542,170.567723,165.384726,165.384726,-3.298271,1129
2026-07-02,703389,124520144,164.913545,169.62536,163.971182,169.62536,4.240634,620
2026-07-03,527340,94540860,169.154179,170.096542,168.211816,168.682997,-0.942363,677
2026-07-06,628419,112801993,170.096542,171.510086,167.269452,168.211816,-0.471181,667
2026-07-07,1077312,188090547,168.211816,168.211816,162.557637,163.028818,-5.182998,1220
2026-07-08,321745,55819753,163.971182,165.384726,162.557637,163.971182,0.942364,437
2026-07-09,795118,138512363,165.384726,165.855908,162.557637,163.5,-0.471182,939
2026-07-13,1428163,230133749,165.0,165.5,158.0,160.0,-3.5,1343
2026-07-14,695461,108221262,159.5,159.5,153.0,157.5,-2.5,968
2026-07-15,237801,37614487,159.0,159.0,157.5,158.0,0.5,386
2026-07-16,518342,80338854,158.5,158.5,154.0,155.0,-3.0,685
2026-07-17,981204,146756000,152.0,152.0,147.5,147.5,-7.5,1398
2026-07-20,574051,83049975,148.5,148.5,141.0,144.0,-3.5,762
2026-07-21,347404,51629125,144.0,150.5,144.0,150.0,6.0,433
2026-07-22,405841,61755197,151.0,153.5,150.5,152.0,2.0,464
2026-07-23,362090,55260574,155.5,155.5,151.0,152.0,0.0,387
2026-07-24,276641,41936665,151.0,153.0,150.0,152.5,0.5,356
2026-07-27,259054,39003094,151.5,152.0,149.0,152.0,-0.5,365
2026-07-28,683938,99646190,149.0,149.0,143.5,145.0,-7.0,1042
2026-07-29,1035403,144305856,145.0,145.0,136.0,140.0,-5.0,1340
2026-07-30,586785,81310486,141.0,141.0,136.5,137.0,-3.0,788
2026-07-31,611649,87224100,143.0,144.0,141.0,141.5,4.5,680
2026-08-03,744024,105328633,140.5,142.5,140.0,141.0,-0.5,726
