date,Trading_Volume,Trading_money,open,max,min,close,spread,Trading_turnover
2015-01-05,58900,6136730,71.768801,73.296974,71.575186,73.296974,1.486684,37
2015-01-06,20004,2108334,72.045393,73.974625,72.363474,72.363474,-0.9335,20
2015-01-07,41005,4287750,72.882085,72.467197,71.920927,72.446452,0.082978,26
2015-01-08,17100,1784580,72.308156,72.398048,71.927841,71.927841,-0.518611,10
2015-01-09,19300,1998140,72.162945,72.259752,70.945939,71.222531,-0.70531,21
2015-01-12,40505,4056065,71.589016,71.561357,67.571512,67.571512,-3.651019,28
2015-01-13,23380,2292589,69.244896,67.979486,67.564597,67.765127,0.193615,18
2015-01-14,12000,1181330,67.806615,68.449693,67.772041,68.048634,0.283507,9
2015-01-15,47850,4611195,68.069378,67.785871,65.690684,66.036424,-2.01221,30
2015-01-16,29220,2774100,66.638013,66.036424,65.047607,65.414092,-0.622332,22
2015-01-19,17000,1609680,65.649195,65.690684,65.040692,65.040692,-0.3734,11
2015-01-20,14108,1342001,65.476325,67.329494,65.503984,67.329494,2.288802,9
2015-01-21,1000,95050,65.773662,65.725258,65.725258,65.725258,-1.604236,1
2015-01-22,10000,965510,65.725258,67.073646,66.382165,66.73482,1.009562,5
2015-01-23,19000,1844040,66.762479,67.28109,66.797053,67.059816,0.324996,13
2015-01-26,13500,1320945,67.10822,67.765127,67.073646,67.765127,0.705311,8
2015-01-27,13150,1301653,67.661404,69.148088,67.426301,69.148088,1.382961,13
2015-01-28,14500,1431930,68.449693,68.664052,67.772041,67.772041,-1.376047,10
2015-01-29,0,0,98.75,68.664052,67.772041,67.772041,0.0,0
2015-01-30,26128,2571430,68.283737,68.449693,67.765127,67.765127,-0.006914,17
2015-02-02,4703,461818,68.055549,68.007145,67.765127,67.9864,0.221273,5
2015-02-03,26434,2596241,67.903423,68.37363,67.156623,68.366715,0.380315,18
2015-02-04,14000,1381800,67.917252,68.802348,67.772041,68.048634,-0.318081,11
2015-02-05,8000,787440,68.249163,68.318311,67.910338,67.910338,-0.138296,5
2015-02-06,15100,1484808,68.062463,68.442778,67.834275,67.834275,-0.076063,12
2015-02-09,13001,1278698,67.993315,68.110867,67.841189,67.841189,0.006914,8
2015-02-10,23000,2270150,68.007145,68.518841,67.917252,67.917252,0.076063,17
2015-02-11,16000,1576910,68.249163,68.511926,67.917252,67.931082,0.01383,10
2015-02-12,10300,1011454,68.152356,68.110867,67.778956,68.110867,0.179785,8
2015-02-13,16150,1593963,67.903423,68.387459,67.785871,68.387459,0.276592,14
2015-02-24,85978,8989448,68.249163,74.679935,69.134259,71.637419,3.24996,54
2015-02-25,45554,4748394,72.301241,72.605493,71.713482,71.713482,0.076063,22
2015-02-26,19300,2001803,72.079967,72.045393,71.367742,71.568271,-0.145211,15
2015-03-02,24000,2488000,71.720397,71.886353,71.374657,71.575186,0.006915,17
2015-03-03,22112,2289363,71.685823,71.775716,71.346998,71.775716,0.20053,16
2015-03-04,36000,3742720,71.589016,72.245923,71.568271,71.914012,0.138296,17
2015-03-05,35000,3666210,71.886353,72.812937,71.914012,72.162945,0.248933,25
2015-03-06,20000,2087700,72.432623,72.377304,71.920927,72.259752,0.096807,12
2015-03-09,28000,2931090,72.183689,72.605493,72.121456,72.605493,0.345741,20
2015-03-10,52000,5555630,72.384219,74.984187,72.861341,74.126751,1.521258,36
2015-03-11,22200,2352509,73.877818,73.774095,72.951233,72.978892,-1.147859,18
2015-03-12,20100,2133027,73.276229,73.635799,72.978892,73.635799,0.656907,15
2015-03-13,32100,3406910,73.379951,73.974625,72.951233,73.296974,-0.338825,21
2015-03-16,81100,8770359,73.386866,75.475138,73.296974,75.032591,1.735617,55
2015-03-17,120541,13390428,74.776743,77.784685,75.025676,76.947993,1.915402,104
2015-03-18,136122,15100743,76.816611,77.127778,76.201193,76.415552,-0.532441,85
2015-03-19,65399,7280829,76.712889,77.715536,76.692145,76.754378,0.338826,43
2015-03-20,72300,8222381,76.982567,80.785712,76.761293,78.489995,1.735617,46
2015-03-23,87775,10300084,78.642121,81.850592,79.796894,81.594744,3.104749,54
2015-03-24,189866,22439558,81.145282,84.498964,79.520302,80.211782,-1.382962,127
2015-03-25,35400,4125030,81.726126,81.242089,79.942105,80.903263,0.691481,26
2015-03-26,103221,12361366,80.578267,83.337276,81.249004,82.977706,2.074443,83
2015-03-27,68111,8005462,82.811751,82.977706,78.828821,80.204868,-2.772838,55
2015-03-30,80600,9069873,81.276663,79.520302,76.062897,78.005958,-2.19891,64
2015-03-31,30979,3500295,77.812344,79.513387,77.459689,78.828821,0.822863,27
2015-04-01,19915,2288356,78.130425,81.587829,78.213403,81.574,2.745179,21
2015-04-02,49561,5850245,79.458068,82.127184,80.910178,81.836763,0.262763,42
2015-04-07,71760,8532492,81.622403,82.631966,81.608574,81.912825,0.076062,51
2015-04-08,18310,2140753,82.217077,81.608574,80.211782,80.46763,-1.445195,18
2015-04-09,14200,1653268,80.847945,80.764967,80.211782,80.764967,0.297337,13
2015-04-10,47700,5523580,80.509119,81.152196,79.312857,79.796894,-0.968073,40
2015-04-13,16410,1888244,80.073486,80.073486,79.312857,79.312857,-0.484037,21
2015-04-14,21100,2442310,79.568705,80.280931,79.312857,80.211782,0.898925,15
2015-04-15,18250,2115070,80.038912,80.419227,79.866042,80.204868,-0.006914,16
2015-04-16,42009,4878405,80.13572,80.571353,79.942105,80.211782,0.006914,30
2015-04-17,21000,2439410,80.301675,80.543693,80.073486,80.412312,0.20053,17
2015-04-20,48300,5678125,80.322419,82.977706,80.419227,82.389947,1.977635,38
2015-04-21,131881,15716179,81.290493,83.600039,81.255919,81.684637,-0.70531,95
2015-04-22,23200,2716850,82.403777,81.684637,80.516034,80.903263,-0.781374,23
2015-04-23,20601,2412786,80.979326,81.242089,80.695819,81.110708,0.207445,18
2015-04-24,40360,4730125,80.986241,81.456448,80.764967,81.249004,0.138296,32
2015-04-27,56601,6535839,81.04156,80.764967,78.828821,80.412312,-0.836692,32
2015-04-28,34373,4022637,79.845298,83.662272,80.211782,81.04156,0.629248,29
2015-04-29,29750,3459885,80.924008,81.034645,80.073486,80.073486,-0.968074,21
2015-04-30,31200,3617978,80.419227,80.439971,79.872957,80.377738,0.304252,19
2015-05-04,25215,2927905,80.184123,80.516034,80.073486,80.460716,0.082978,19
2015-05-05,26001,3027068,80.29476,81.93357,80.10806,81.898996,1.43828,18
2015-05-06,18050,2106760,80.502204,81.898996,80.211782,80.903263,-0.995733,17
2015-05-07,25500,2967160,80.709649,80.903263,80.211782,80.550608,-0.352655,21
2015-05-08,33000,3833720,80.460716,80.557523,80.211782,80.46763,-0.082978,29
2015-05-11,57205,6689048,80.329334,81.304322,80.446886,81.304322,0.836692,51
2015-05-12,43150,5019559,80.85486,80.903263,80.004338,80.46763,-0.836692,32
2015-05-13,36401,4244274,80.439971,80.896349,80.211782,80.889434,0.421804,28
2015-05-14,16000,1868200,80.626671,81.04156,80.488375,80.488375,-0.401059,12
2015-05-15,19300,2254049,80.737308,81.138367,80.502204,80.502204,0.013829,18
2015-05-18,14020,1635878,80.758052,80.882519,80.488375,80.557523,0.055319,12
2015-05-19,36502,4265450,80.681989,81.594744,80.557523,80.958582,0.401059,26
2015-05-20,41020,4794101,80.806456,80.965497,80.626671,80.903263,-0.055319,29
2015-05-21,13500,1575940,80.813371,81.103793,80.585182,80.640501,-0.262762,10
2015-05-22,19785,2307258,80.723478,80.889434,80.356993,80.889434,0.248933,14
2015-05-25,70800,8163040,80.640501,80.702734,78.904884,79.76232,-1.127114,47
2015-05-26,30400,3503000,79.727746,79.866042,79.181476,79.859127,0.096807,30
2015-05-27,15050,1733250,79.679342,79.866042,79.181476,79.527216,-0.331911,15
2015-05-28,21027,2430762,79.637853,80.419227,79.541046,80.419227,0.892011,19
2015-05-29,16200,1872422,79.93519,80.211782,79.727746,79.734661,-0.684566,16
2015-06-01,25020,2886887,79.92136,80.142634,79.451153,79.727746,-0.006915,19
2015-06-02,27403,3141120,79.783064,79.520302,78.489995,78.828821,-0.898925,22
2015-06-03,150873,16513066,79.264454,78.586802,72.35656,75.869283,-2.959538,134
2015-06-04,48612,5321982,75.682583,76.062897,74.88738,75.025676,-0.843607,36
2015-06-05,37002,4021089,75.703327,76.055982,74.679935,75.371416,0.34574,25
2015-06-08,28922,3158161,75.143228,76.332575,75.23312,75.440564,0.069148,26
2015-06-09,36900,4008611,75.509712,75.648009,74.679935,75.025676,-0.414888,28
2015-06-10,13268,1445771,75.115568,76.055982,75.032591,75.986834,0.961158,10
2015-06-11,39431,4346790,75.350672,76.754378,75.578861,76.740548,0.753714,37
2015-06-12,35390,3862309,76.228853,76.408638,75.032591,75.163972,-1.576576,35
2015-06-15,18100,1970184,75.468224,75.634179,74.825146,75.371416,0.207444,15
2015-06-16,2000,216620,75.267694,74.894294,74.894294,74.894294,-0.477122,1
2015-06-17,23336,2531601,74.894294,75.357587,74.825146,75.122483,0.228189,20
2015-06-18,18100,1965460,75.011846,75.385246,74.804402,75.385246,0.262763,11
2015-06-22,19000,2087580,75.087909,76.408638,75.682583,75.959175,0.573929,13
2015-06-23,8000,886780,75.973005,76.754378,76.332575,76.754378,0.795203,4
2015-06-24,9301,1049148,76.650656,78.344784,76.650656,78.13734,1.382962,8
2015-06-25,20400,2316170,77.999044,78.745843,78.13734,78.48308,0.34574,16
2015-06-26,20101,2275314,78.510739,79.451153,78.102766,79.451153,0.968073,15
2015-06-29,19371,2199637,78.268721,79.520302,78.13734,79.520302,0.069149,18
2015-06-30,23229,2680688,78.517654,81.56017,79.105413,80.184123,0.663821,19
2015-07-01,16545,1910934,79.796894,80.557523,79.520302,79.769235,-0.414888,18
2015-07-02,0,0,115.5,80.557523,79.520302,79.769235,0.0,0
2015-07-03,19890,2254840,79.866042,79.76232,76.132045,78.48308,-1.286155,17
2015-07-06,26003,2979646,78.393188,80.211782,77.100118,79.866042,1.382962,25
2015-07-07,47280,5474964,79.236794,80.889434,79.520302,80.211782,0.34574,38
2015-07-08,171559,19416330,80.073486,80.419227,76.408638,78.579888,-1.631894,126
2015-07-09,227500,24924624,78.261806,77.445859,74.472491,74.818232,-3.761656,144
2015-07-13,324916,32925906,75.758646,73.642714,68.463522,70.18531,-4.632922,206
2015-07-14,86540,8658156,70.074673,69.839569,68.871496,69.148088,-1.037222,56
2015-07-15,121875,12203555,69.182662,69.493829,69.016707,69.383192,0.235104,57
2015-07-16,88000,8811550,69.237981,69.562977,68.947559,69.134259,-0.248933,40
2015-07-17,110050,11018765,69.237981,69.376277,69.030537,69.127344,-0.006915,45
2015-07-20,73903,7399787,69.237981,69.369362,68.954474,69.355533,0.228189,39
2015-07-21,108950,10884290,69.237981,69.334788,68.940644,68.940644,-0.414889,44
2015-07-22,42790,4274817,69.07894,69.348618,68.9199,69.148088,0.207444,23
2015-07-23,82890,8282564,69.07894,69.376277,68.885326,69.196492,0.048404,49
2015-07-24,90400,8947919,69.09277,69.148088,67.785871,67.896508,-1.299984,48
2015-07-27,112000,11005640,68.442778,68.7332,67.488534,67.744382,-0.152126,60
2015-07-28,44405,4286687,67.944912,67.350238,66.382165,66.714076,-1.030306,23
2015-07-29,63334,6122299,66.755564,68.110867,66.036424,68.110867,1.396791,37
2015-07-30,21200,2136510,66.845457,70.18531,68.110867,69.493829,1.382962,18
2015-07-31,241604,25278081,69.687443,73.296974,70.392754,72.605493,3.111664,120
2015-08-03,56000,5877920,72.349645,73.296974,72.266667,73.296974,0.691481,27
2015-08-04,88221,9694354,72.577834,76.747463,74.673021,76.740548,3.443574,48
2015-08-05,123840,14198692,75.986834,80.896349,75.724072,80.557523,3.816975,69
2015-08-06,28160,3241407,79.278283,80.903263,77.445859,77.452774,-3.104749,25
2015-08-07,32120,3566978,79.596364,77.791599,75.786305,77.438944,-0.01383,23
2015-08-10,55020,6234030,76.788952,78.828821,77.445859,78.828821,1.389877,34
2015-08-11,66332,7409484,78.344784,79.174561,75.800134,76.754378,-2.074443,45
2015-08-12,68800,6650218,77.238415,67.765127,65.040692,67.765127,-8.989251,50
2015-08-13,12310,1193579,66.838542,67.419386,66.73482,66.73482,-1.030307,13
2015-08-14,24000,2346090,67.045986,67.765127,67.419386,67.765127,1.030307,10
2015-08-17,10457,1024753,67.592256,68.366715,67.530023,67.765127,0.0,11
2015-08-18,24800,2418618,67.765127,68.027889,66.838542,67.765127,0.0,18
2015-08-19,41920,4117124,67.433216,68.456607,67.564597,67.564597,-0.20053,26
2015-08-20,40438,3965482,67.910338,68.103952,67.156623,67.765127,0.20053,23
2015-08-21,16800,1632410,67.806615,67.765127,66.803968,67.073646,-0.691481,12
2015-08-24,70500,6492450,67.191197,65.344943,61.29978,63.063057,-4.010589,42
2015-08-25,46030,4071521,63.678475,61.666265,59.785437,61.403502,-1.659555,38
2015-08-26,5400,483461,61.161484,62.558276,61.196058,62.558276,1.154774,7
2015-08-27,28066,2553729,61.908283,65.407177,61.894454,65.407177,2.848901,15
2015-08-28,5810,545356,62.917846,65.407177,64.653463,64.992288,-0.414889,7
2015-08-31,5210,491654,64.909311,65.967276,64.999203,65.967276,0.974988,8
2015-09-01,1400,133560,65.255051,65.967276,65.967276,65.967276,0.0,2
2015-09-02,5220,491660,65.967276,65.690684,64.999203,65.552388,-0.414888,5
2015-09-03,27795,2626489,65.130584,65.676854,64.729525,65.151329,-0.401059,32
2015-09-04,22000,2074420,65.344943,65.462495,64.999203,65.462495,0.311166,6
2015-09-07,11057,1046551,65.199732,65.891213,65.275795,65.289625,-0.17287,11
2015-09-08,2000,190000,65.448666,65.690684,65.690684,65.690684,0.401059,2
2015-09-09,13500,1309604,65.690684,67.412471,66.658757,67.073646,1.382962,16
2015-09-10,40503,4035573,67.08056,69.486914,67.765127,68.871496,1.79785,30
2015-09-11,32960,3339996,68.899155,70.869876,68.947559,70.164565,1.293069,21
2015-09-14,26860,2661352,70.067758,69.839569,67.661404,69.07894,-1.085625,17
2015-09-15,5200,512419,68.511926,68.311396,67.765127,68.311396,-0.767544,5
2015-09-16,4400,427580,68.138526,67.343323,67.073646,67.073646,-1.23775,4
2015-09-17,15700,1519160,67.198112,67.758212,66.38908,67.758212,0.684566,13
2015-09-18,28300,2762140,66.90769,68.622563,66.043339,68.456607,0.698395,23
2015-09-21,68700,6806652,67.488534,68.71937,67.426301,68.664052,0.207445,26
2015-09-22,100270,9908374,68.511926,68.781603,68.103952,68.781603,0.117551,17
2015-09-23,10990,1087020,68.332141,68.795433,68.18693,68.795433,0.01383,6
2015-09-24,12051,1194881,68.394374,69.867228,68.048634,68.048634,-0.746799,7
2015-09-25,12210,1218350,68.56033,69.141174,68.456607,69.134259,1.085625,10
2015-09-30,142200,13381727,68.995963,68.041719,63.616241,64.653463,-4.480796,76
2015-10-01,14600,1390970,65.068351,66.382165,65.690684,66.382165,1.728702,7
2015-10-02,24910,2363416,65.877384,65.898128,65.414092,65.690684,-0.691481,14
2015-10-05,29000,2765874,65.607706,66.596524,65.697599,65.697599,0.006915,16
2015-10-06,14528,1393180,65.946532,66.727905,65.697599,66.382165,0.684566,12
2015-10-07,3000,289000,66.313017,66.797053,66.520461,66.797053,0.414888,2
2015-10-08,1000,96990,66.610353,67.066731,67.066731,67.066731,0.269678,1
2015-10-12,113730,11028050,67.066731,67.689064,66.672587,67.073646,0.006915,52
2015-10-13,20503,2000139,67.052901,68.449693,67.08056,67.149709,0.076063,15
2015-10-14,17973,1751582,67.45396,67.730553,66.73482,67.315664,0.165955,9
2015-10-15,2337,227527,67.391727,67.65449,65.697599,65.697599,-1.618065,6
2015-10-16,9780,946096,67.322579,67.336408,66.382165,67.073646,1.376047,5
2015-10-19,3000,290440,66.893861,67.08056,66.672587,67.08056,0.006914,2
2015-10-20,0,0,96.81,67.08056,66.672587,67.08056,0.0,0
2015-10-21,900,88550,66.942264,68.37363,66.845457,68.37363,1.29307,2
2015-10-22,8600,840650,68.034804,68.034804,66.852372,67.758212,-0.615418,7
2015-10-23,34505,3348527,67.592256,67.419386,66.73482,67.350238,-0.407974,20
2015-10-26,4000,391910,67.101305,68.110867,67.08056,68.110867,0.760629,4
2015-10-27,71760,7111705,67.751297,68.802348,67.778956,68.802348,0.691481,33
2015-10-28,49200,4854202,68.525756,68.802348,67.772041,68.117782,-0.684566,17
2015-10-29,12000,1184880,68.221504,68.442778,68.110867,68.110867,-0.006915,4
2015-10-30,159450,16721251,68.276822,74.673021,68.442778,74.673021,6.562154,101
2015-11-02,66225,7169113,72.5156,75.571946,73.988455,75.571946,0.898925,52
2015-11-03,69536,7583124,74.852806,78.85648,73.296974,73.642714,-1.929232,47
2015-11-04,49201,5334107,75.40599,75.703327,73.649629,75.371416,1.728702,39
2015-11-05,19820,2178810,74.963443,76.401723,75.371416,76.055982,0.684566,12
2015-11-06,35700,3929126,76.014493,76.408638,75.371416,76.062897,0.006915,21
2015-11-09,16100,1749941,76.104386,76.346404,74.693765,75.371416,-0.691481,11
2015-11-10,56900,5978509,75.157057,74.693765,71.229446,71.291679,-4.079737,46
2015-11-11,3800,390961,72.653896,71.291679,70.883705,70.883705,-0.407974,5
2015-11-12,23075,2353307,71.139553,71.139553,69.839569,70.53105,-0.352655,17
2015-11-13,20651,2089531,70.524135,70.53105,68.982133,69.583721,-0.947329,15
2015-11-16,8100,822332,69.964036,70.53105,69.583721,70.199139,0.615418,8
2015-11-17,11210,1157494,70.199139,71.547527,71.215616,71.222531,1.023392,8
2015-11-18,12000,1229530,71.402316,71.402316,70.537965,70.537965,-0.684566,10
2015-11-19,102150,10907293,70.849131,74.963443,71.222531,74.078347,3.540382,66
2015-11-20,288350,32954020,73.836329,81.242089,74.099091,78.171914,4.093567,215
2015-11-23,196440,22024753,79.022435,78.821906,75.786305,75.786305,-2.385609,123
2015-11-24,158600,17486107,77.528837,76.954907,75.371416,75.751731,-0.034574,59
2015-11-25,92128,10108016,76.235767,76.332575,75.371416,76.055982,0.304251,44
2015-11-26,32000,3515700,75.869283,76.055982,75.717157,76.055982,0.0,26
2015-11-27,89900,9903379,75.973005,76.747463,75.385246,76.062897,0.006915,59
2015-11-30,50606,5569664,76.173534,76.540019,75.724072,76.408638,0.345741,43
2015-12-01,294790,33514210,76.104386,80.557523,75.724072,80.557523,4.148885,203
2015-12-02,345370,40729960,78.614462,84.353753,79.520302,80.903263,0.34574,219
2015-12-03,212740,25516100,81.546341,83.662272,80.903263,81.940485,1.037222,133
2015-12-04,88601,10453652,82.936217,82.562817,80.910178,81.93357,-0.006915,65
2015-12-07,412130,49546237,81.587829,85.390974,81.594744,85.252678,3.319108,253
2015-12-08,717512,91588308,83.129832,90.922821,85.252678,88.516468,3.26379,438
2015-12-09,386393,49575522,88.267535,90.570166,86.054796,89.52603,1.009562,241
2015-12-10,215208,27611540,88.716997,89.8856,86.718618,88.848379,-0.677651,156
2015-12-11,349320,43603124,88.716997,89.546774,84.084075,84.360668,-4.487711,241
2015-12-14,189376,22583517,86.310644,84.008012,80.232527,81.885166,-2.475502,133
2015-12-15,265101,30478078,82.459095,82.970791,77.445859,80.142634,-1.742532,171
2015-12-16,156000,17889673,79.499557,80.896349,78.282551,78.282551,-1.860083,91
2015-12-17,121600,14220809,79.299028,82.27931,79.444239,81.850592,3.568041,77
2015-12-18,82600,9609301,80.868689,81.93357,79.527216,80.004338,-1.846254,63
2015-12-21,160100,18783611,80.446886,81.864422,79.872957,80.861774,0.857436,73
2015-12-22,185420,21632464,81.124537,82.286225,79.534131,80.557523,-0.304251,128
2015-12-23,310770,37234190,80.675075,85.390974,80.903263,84.706408,4.148885,198
2015-12-24,218929,26439451,82.846325,85.377145,82.30697,82.977706,-1.728702,124
2015-12-25,153400,18228164,83.510146,83.669187,81.601659,81.615489,-1.362217,94
2015-12-28,252980,30210405,82.168673,83.18515,81.601659,82.286225,0.670736,140
2015-12-29,160680,18698577,82.576647,82.251651,79.527216,79.803809,-2.482416,116
2015-12-30,99252,11526379,80.46763,80.903263,79.520302,80.903263,1.099454,57
2015-12-31,159300,18577622,80.301675,81.249004,79.872957,80.419227,-0.484036,80
2016-01-04,231831,26783455,80.640501,81.242089,78.835735,79.520302,-0.898925,146
2016-01-05,412650,46355772,79.886786,80.550608,76.062897,80.550608,1.030306,195
2016-01-06,3881562,353022442,60.919466,66.382165,60.919466,62.92476,-17.625848,2988
2016-01-07,1377861,122226536,62.233279,62.57902,60.78117,60.78117,-2.14359,1123
2016-01-08,1210464,107499160,60.78117,62.371576,60.78117,61.265206,0.484036,646
2016-01-11,1308061,113701924,60.78117,61.265206,56.701432,56.701432,-4.563774,626
2016-01-12,1181771,90170396,56.701432,57.669506,49.855772,50.132364,-6.569068,918
2016-01-13,519620,39129184,50.823845,53.244028,50.823845,51.999362,1.866998,402
2016-01-14,329630,24064815,50.892993,51.169585,49.855772,50.478104,-1.521258,249
2016-01-15,348021,25337800,50.823845,51.238733,49.233439,49.233439,-1.244665,268
2016-01-18,506250,37038825,49.440883,53.244028,48.541958,51.861066,2.627627,356
2016-01-19,377083,28491415,51.72277,53.866361,51.169585,53.244028,1.382962,270
2016-01-20,525650,38522400,52.275955,52.275955,49.440883,49.786624,-3.457404,376
2016-01-21,198242,14477787,50.339808,50.823845,49.855772,50.823845,1.037221,178
2016-01-22,238000,17810300,51.169585,52.483399,51.169585,51.861066,1.037221,219
2016-01-25,226000,17146400,52.621695,53.451472,51.861066,52.275955,0.414889,185
2016-01-26,128000,9502600,51.653622,51.861066,50.962141,51.100437,-1.175518,107
2016-01-27,128001,9435872,51.515326,51.861066,50.063216,50.408956,-0.691481,105
2016-01-28,188035,13616630,49.855772,50.685549,49.855772,50.27066,-0.138296,176
2016-01-29,114100,8327580,50.27066,50.823845,49.92492,50.685549,0.414889,99
2016-01-30,208353,15543275,51.238733,52.137659,51.238733,51.72277,1.037221,167
2016-02-01,110000,8176100,51.653622,51.999362,51.169585,51.169585,-0.553185,90
2016-02-02,303117,23179009,50.962141,53.728065,50.962141,52.967436,1.797851,263
2016-02-03,157058,11812742,52.206807,52.690843,51.307882,51.861066,-1.10637,140
2016-02-15,184400,13553918,51.169585,51.72277,50.201512,51.169585,-0.691481,150
2016-02-16,131015,9684923,50.478104,51.584474,50.478104,51.307882,0.138297,110
2016-02-17,226450,17068255,51.169585,53.105732,50.823845,52.414251,1.106369,206
2016-02-18,763114,62177895,52.621695,57.600358,52.621695,57.600358,5.186107,567
2016-02-19,683667,56757127,57.185469,58.568431,56.493988,57.600358,0.0,518
2016-02-22,193200,15783339,57.462061,57.462061,56.009952,56.42484,-1.175518,164
2016-02-23,253200,21071540,56.42484,58.084394,56.217396,57.392913,0.968073,202
2016-02-24,166250,13568423,57.047173,57.323765,55.525915,55.940803,-1.45211,133
2016-02-25,179638,14391747,56.148248,56.217396,54.97273,55.111026,-0.829777,153
2016-02-26,85370,6852422,55.802507,55.802507,55.041878,55.733359,0.622333,83
2016-03-01,184200,15082640,56.217396,57.531209,55.733359,57.047173,1.313814,143
2016-03-02,117354,9670705,56.978025,57.669506,56.701432,56.770581,-0.276592,110
2016-03-03,451600,37877879,56.770581,59.32906,56.493988,58.015246,1.244665,346
2016-03-04,509924,43440778,57.87695,60.020541,57.392913,58.775875,0.760629,379
2016-03-07,201100,16938600,58.775875,59.32906,57.392913,57.531209,-1.244666,162
2016-03-08,184000,15105800,57.254617,57.392913,56.355692,56.701432,-0.829777,132
2016-03-09,332350,28148329,57.254617,59.398208,57.254617,59.32906,2.627628,279
2016-03-10,436975,37863225,59.813096,60.78117,59.121616,59.813096,0.484036,347
2016-03-11,298400,25461020,59.190764,59.951393,58.153542,59.32906,-0.484036,234
2016-03-14,296610,25916670,60.089689,60.919466,59.467356,59.951393,0.622333,246
2016-03-15,374012,32385720,60.435429,61.196058,58.499283,58.637579,-1.313814,291
2016-03-16,1599162,144701684,60.158837,64.100278,59.882244,63.616241,4.978662,1171
2016-03-17,1587950,147646250,64.999203,65.621536,62.164131,63.063057,-0.553184,1067
2016-03-18,511900,45675619,63.063057,63.063057,60.850318,62.233279,-0.829778,379
2016-03-21,260370,23177645,62.233279,62.233279,61.057762,61.196058,-1.037221,194
2016-03-22,916047,78763495,61.196058,61.196058,58.499283,58.983319,-2.212739,643
2016-03-23,353852,29733085,58.914171,59.190764,57.531209,57.600358,-1.382961,289
2016-03-24,250000,20954700,58.084394,59.052467,56.839729,58.084394,0.484036,196
2016-03-25,130100,10863110,58.084394,58.430135,57.462061,57.531209,-0.553185,106
2016-03-28,103157,8523652,57.392913,57.669506,56.978025,57.047173,-0.484036,91
2016-03-29,225425,18085058,57.047173,57.392913,54.142953,54.765286,-2.281887,201
2016-03-30,115000,9211798,54.765286,56.148248,54.765286,56.009952,1.244666,97
2016-03-31,110200,8825719,56.009952,56.148248,55.041878,55.318471,-0.691481,96
2016-04-01,106000,8517000,55.318471,56.563136,54.488694,55.111026,-0.207445,79
2016-04-06,90150,7172372,54.97273,55.802507,54.557842,55.664211,0.553185,85
2016-04-07,157713,12503841,55.525915,55.664211,54.350397,54.696138,-0.968073,145
2016-04-08,98003,7758239,54.073805,55.318471,54.073805,54.834434,0.138296,93
2016-04-11,72243,5753794,54.696138,55.387619,54.696138,54.903582,0.069148,66
2016-04-12,299000,24284100,54.903582,57.323765,54.903582,55.664211,0.760629,227
2016-04-13,144079,11558127,55.249323,55.871655,55.249323,55.387619,-0.276592,102
2016-04-14,101940,8226194,55.525915,56.355692,55.387619,55.387619,0.0,78
2016-04-15,99980,7960417,54.696138,55.456767,54.696138,54.97273,-0.414889,70
2016-04-18,160241,12570317,54.903582,55.249323,53.935509,53.935509,-1.037221,136
2016-04-19,164200,12831160,54.62699,54.696138,53.382324,54.488694,0.553185,130
2016-04-20,146000,11347600,54.419546,54.557842,53.244028,53.728065,-0.760629,119
2016-04-21,79255,6121562,53.313176,53.728065,53.036584,53.105732,-0.622333,74
2016-04-22,259330,19463915,53.244028,53.382324,50.754697,51.515326,-1.590406,202
2016-04-25,137690,10185861,51.169585,51.515326,50.754697,50.823845,-0.691481,118
2016-04-26,90530,6700620,51.238733,51.72277,50.892993,51.100437,0.276592,66
2016-04-27,101000,7473900,51.307882,51.446178,50.892993,50.962141,-0.138296,68
2016-04-28,157050,11418600,50.962141,50.962141,49.855772,50.132364,-0.829777,118
2016-04-29,172300,12373180,49.786624,49.92492,49.440883,49.92492,-0.207444,99
2016-05-03,290795,20580107,49.92492,49.92492,48.47281,48.541958,-1.382962,214
2016-05-04,437000,29780800,48.541958,48.541958,46.536663,46.605812,-1.936146,380
2016-05-05,203457,13522379,46.951552,46.951552,45.361146,45.845183,-0.760629,163
2016-05-06,175050,11925125,45.776034,48.541958,45.776034,47.228144,1.382961,128
2016-05-09,91050,6193825,47.36644,47.712181,46.398367,46.398367,-0.829777,67
2016-05-10,107150,7222680,46.329219,47.0207,46.329219,46.398367,0.0,73
2016-05-11,609010,37485502,43.839888,44.254777,41.765445,41.765445,-4.632922,460
2016-05-12,344100,19882430,39.621855,40.659076,39.483558,39.483558,-2.281887,218
2016-05-13,116000,6599800,39.41441,39.967595,38.930374,39.41441,-0.069148,84
2016-05-16,149000,8264800,39.345262,39.345262,38.031449,38.308041,-1.106369,99
2016-05-17,183100,10504300,38.722929,41.212261,38.377189,41.143113,2.835072,140
2016-05-18,121000,7142400,39.898447,41.97289,39.829299,40.659076,-0.484037,89
2016-05-19,78100,4623440,40.797372,41.350557,40.175039,41.073964,0.414888,63
2016-05-20,166100,10101700,40.797372,43.77074,40.52078,42.733519,1.659555,128
2016-05-23,121090,7585806,42.871815,44.047332,42.526074,42.940963,0.207444,88
2016-05-24,71000,4431000,43.355851,43.701592,42.66437,42.66437,-0.276593,44
2016-05-25,68000,4237200,43.701592,43.701592,42.66437,42.733519,0.069149,49
2016-05-26,62000,3833900,42.66437,43.355851,42.31863,42.456926,-0.276593,51
2016-05-27,64010,3895248,41.627149,42.456926,41.627149,42.180334,-0.276592,64
2016-05-30,73000,4464300,42.180334,42.595222,42.111186,42.111186,-0.069148,59
2016-05-31,271255,17258775,42.111186,45.637738,41.627149,44.946257,2.835071,226
2016-06-01,382200,25210440,44.946257,46.329219,44.462221,45.637738,0.691481,309
2016-06-02,171610,11262911,45.637738,45.776034,45.22285,45.22285,-0.414888,127
2016-06-03,98500,6399100,45.291998,45.361146,44.600517,44.877109,-0.345741,88
2016-06-04,36000,2329100,44.669665,44.946257,44.531369,44.877109,0.0,33
2016-06-06,90105,5865830,44.946257,45.499442,44.531369,45.015405,0.138296,73
2016-06-07,70000,4582000,45.56859,45.56859,45.015405,45.084554,0.069149,53
2016-06-08,95700,6228480,44.738813,45.56859,44.738813,44.946257,-0.138297,79
2016-06-13,147048,9251015,44.600517,44.600517,42.733519,43.010111,-1.936146,117
2016-06-14,86000,5414200,42.871815,43.978184,42.871815,43.978184,0.968073,59
2016-06-15,526408,31814948,43.978184,43.978184,43.010111,43.355851,-0.622333,74
2016-06-16,82000,5115100,43.424999,43.494148,42.871815,43.079259,-0.276592,58
2016-06-17,112000,6991800,43.563296,43.563296,43.010111,43.079259,0.0,79
2016-06-20,136000,8445400,43.148407,43.217555,42.733519,43.148407,0.069148,112
2016-06-21,204383,12713251,43.148407,43.148407,42.802667,43.010111,-0.138296,163
2016-06-22,502550,31834801,43.010111,44.254777,43.010111,43.978184,0.968073,302
2016-06-23,241198,13863084,43.90249,43.90249,43.221245,43.52402,-0.454164,204
2016-06-24,227500,12879850,43.52402,43.52402,42.388611,42.464305,-1.059715,213
2016-06-27,68276,3820500,43.296939,43.296939,42.010142,42.237223,-0.227082,57
2016-06-28,58350,3260895,42.237223,42.539999,42.085835,42.085835,-0.151388,51
2016-06-29,71084,3979012,42.237223,42.691387,42.237223,42.312917,0.227082,57
2016-06-30,77000,4320100,42.691387,42.691387,42.237223,42.388611,0.075694,52
2016-07-01,111000,6200700,42.994163,42.994163,42.085835,42.312917,-0.075694,65
2016-07-04,98397,5635568,42.312917,43.751102,42.312917,43.221245,0.908328,85
2016-07-05,112135,6371214,43.751102,43.751102,42.767081,42.842775,-0.37847,50
2016-07-06,66073,3723780,42.918469,42.918469,42.464305,42.464305,-0.37847,44
2016-07-07,61000,3414300,42.539999,42.539999,42.161529,42.161529,-0.302776,46
2016-07-11,83993,4667815,42.161529,42.464305,41.934448,42.010142,-0.151387,71
2016-07-12,181260,9881195,41.631672,42.010142,40.874732,41.253202,-0.75694,139
2016-07-13,193500,10421950,40.950426,41.555978,40.344875,40.571956,-0.681246,137
2016-07-14,117250,6234725,40.571956,41.02612,39.890711,39.966405,-0.605551,108
2016-07-15,285575,14797970,39.890711,39.890711,38.830996,39.058078,-0.908327,220
2016-07-18,101471,5284196,39.058078,39.815017,39.058078,39.285159,0.227081,85
2016-07-19,77683,4001074,39.512241,39.512241,38.603914,38.982384,-0.302775,75
2016-07-20,130808,6690946,38.982384,39.360853,38.376832,38.452526,-0.529858,113
2016-07-21,130300,6585440,38.452526,38.452526,38.074056,38.376832,-0.075694,105
2016-07-22,125450,6418539,38.376832,39.133771,38.225444,38.830996,0.454164,93
2016-07-25,108750,5514975,38.679608,38.90669,38.225444,38.225444,-0.605552,69
2016-07-26,86136,4352804,38.074056,38.452526,38.074056,38.301138,0.075694,76
2016-07-27,81110,4156276,38.301138,39.133771,38.301138,38.755302,0.454164,65
2016-07-28,189600,9858260,39.133771,40.269181,38.679608,39.285159,0.529857,152
2016-07-29,63100,3254930,39.285159,39.587935,38.830996,38.830996,-0.454163,54
2016-08-01,51000,2625700,38.830996,39.436547,38.830996,38.90669,0.075694,43
2016-08-02,182007,9377759,38.90669,39.360853,38.603914,38.982384,0.075694,111
2016-08-03,122305,6204808,38.52822,38.52822,38.225444,38.376832,-0.605552,90
2016-08-04,57400,2909100,38.755302,38.755302,38.074056,38.376832,0.0,48
2016-08-05,29200,1482459,38.301138,38.603914,38.301138,38.452526,0.075694,26
2016-08-08,87000,4409600,38.603914,38.679608,38.225444,38.376832,-0.075694,61
2016-08-09,140162,7214029,38.603914,39.436547,38.603914,38.679608,0.302776,118
2016-08-10,64133,3278016,38.52822,38.982384,38.452526,38.452526,-0.227082,46
2016-08-11,400950,19333672,38.074056,38.14975,35.424768,35.954626,-2.4979,332
2016-08-12,125022,5924743,36.673718,36.673718,35.386921,35.576156,-0.37847,94
2016-08-15,456649,20229774,35.500462,35.500462,32.434857,33.040409,-2.535747,355
2016-08-16,104270,4600305,33.116103,33.64596,33.116103,33.494572,0.454163,82
2016-08-17,92416,4070641,33.683807,33.910889,32.510551,33.64596,0.151388,78
2016-08-18,50840,2237701,32.926868,33.64596,32.926868,33.343184,-0.302776,44
2016-08-19,60716,2665754,33.078256,33.494572,33.002562,33.305337,-0.037847,45
2016-08-22,87000,3846500,33.305337,33.797348,33.002562,33.759501,0.454164,77
2016-08-23,166488,7628669,33.683807,35.841085,33.683807,35.197686,1.438185,145
2016-08-24,67300,3102394,35.197686,35.500462,34.554288,34.554288,-0.643398,63
2016-08-25,53718,2466811,35.500462,35.500462,34.289359,34.667828,0.11354,42
2016-08-26,96550,4368442,34.365053,34.554288,33.532419,34.516441,-0.151387,69
2016-08-29,119170,5467227,35.197686,35.197686,34.137971,34.705675,0.189234,69
2016-08-30,120030,5524876,34.516441,35.27338,34.440747,35.121992,0.416317,66
2016-08-31,45147,2094484,35.121992,35.576156,34.89491,34.89491,-0.227082,38
2016-09-01,53000,2455100,34.819216,35.27338,34.440747,35.046298,0.151388,40
2016-09-02,85000,3916850,34.932757,35.197686,34.478594,34.478594,-0.567704,48
2016-09-05,97110,4478971,35.121992,35.121992,34.516441,34.629982,0.151388,31
2016-09-06,90080,4147930,35.235533,35.235533,34.629982,35.046298,0.416316,26
2016-09-07,35000,1619150,35.046298,35.197686,34.857063,34.970604,-0.075694,22
2016-09-08,39075,1808365,35.424768,35.424768,34.857063,34.857063,-0.113541,35
2016-09-09,16000,734750,34.819216,35.27338,34.175818,34.819216,-0.037847,12
2016-09-10,23117,1044767,34.440747,34.516441,33.835195,34.062277,-0.756939,23
2016-09-12,37000,1688700,34.327206,34.743522,34.327206,34.365053,0.302776,33
2016-09-13,20000,905600,34.667828,34.667828,34.137971,34.4029,0.037847,20
2016-09-14,37000,1662250,34.062277,34.365053,33.910889,33.910889,-0.492011,29
2016-09-19,38000,1714200,33.986583,34.554288,33.986583,34.289359,0.37847,32
2016-09-20,22000,988950,34.289359,34.289359,33.835195,34.062277,-0.227082,20
2016-09-21,34100,1534040,33.910889,34.213665,33.873042,33.986583,-0.075694,31
2016-09-22,42000,1883100,34.062277,34.213665,33.683807,33.910889,-0.075694,35
2016-09-23,24400,1093448,33.683807,34.100124,33.683807,33.873042,-0.037847,25
2016-09-26,7150,320204,33.873042,33.910889,33.873042,33.910889,0.037847,9
2016-09-29,45000,2025650,33.873042,34.516441,33.873042,34.137971,0.227082,39
2016-09-30,51000,2326000,33.986583,34.667828,33.986583,34.554288,0.416317,41
2016-10-03,819624,40485474,35.727544,37.998362,35.27338,37.998362,3.444074,545
2016-10-04,923500,49879199,39.360853,41.78306,38.603914,41.78306,3.784698,684
2016-10-05,1750754,101675626,42.842775,45.264981,42.842775,42.994163,1.211103,1310
2016-10-06,341050,19399240,42.994163,43.751102,42.237223,42.994163,0.0,270
2016-10-07,457540,25178891,43.069857,43.145551,40.799038,41.858754,-1.135409,354
2016-10-11,310050,16380570,41.858754,41.858754,39.133771,40.420569,-1.438185,246
2016-10-12,178150,9277484,40.042099,40.117793,39.058078,39.133771,-1.286798,156
2016-10-13,603474,32905990,39.512241,42.312917,39.133771,40.874732,1.740961,496
2016-10-14,274017,14496884,40.874732,41.555978,39.209465,39.209465,-1.665267,243
2016-10-17,178000,9157800,39.360853,39.663629,38.376832,39.058078,-0.151387,139
2016-10-18,70200,3597299,39.058078,39.209465,38.452526,38.755302,-0.302776,64
2016-10-19,79400,4096400,39.663629,39.663629,38.679608,39.285159,0.529857,75
2016-10-20,74000,3811500,38.90669,39.360853,38.830996,39.058078,-0.227081,61
2016-10-21,80000,4119200,39.360853,39.360853,38.755302,39.133771,0.075693,67
2016-10-24,78000,4013200,39.512241,39.587935,38.603914,38.830996,-0.302775,69
2016-10-25,86000,4414400,39.058078,39.209465,38.52822,38.90669,0.075694,66
2016-10-26,107000,5443600,39.209465,39.209465,38.376832,38.376832,-0.529858,86
2016-10-27,76000,3822450,38.376832,38.452526,37.582046,37.582046,-0.794786,61
2016-10-28,138100,6753860,37.468505,37.544199,36.560177,37.014341,-0.567705,129
2016-10-31,68000,3341550,37.733433,37.733433,37.014341,37.090035,0.075694,52
2016-11-01,45100,2199250,37.317117,37.317117,36.749412,36.825106,-0.264929,34
2016-11-02,122000,5805950,37.203576,37.203576,35.197686,35.500462,-1.324644,107
2016-11-03,222500,9937549,35.197686,35.197686,33.191796,34.062277,-1.438185,156
2016-11-04,92000,4133250,33.494572,34.365053,33.381031,34.062277,0.0,64
2016-11-07,78001,3509595,34.213665,34.516441,33.683807,33.910889,-0.151388,48
2016-11-08,139199,6131115,33.494572,33.910889,32.926868,33.418878,-0.492011,103
2016-11-09,209732,8830867,33.381031,33.381031,31.034519,31.488683,-1.930195,154
2016-11-10,72000,3076500,32.056387,32.851174,32.056387,32.548398,1.059715,60
2016-11-11,66200,2799820,33.532419,33.532419,31.564377,31.753611,-0.794787,60
2016-11-14,29000,1215900,31.753611,32.510551,31.52653,31.829305,0.075694,28
2016-11-15,38050,1596562,32.39701,32.39701,31.640071,31.715764,-0.113541,36
2016-11-16,29000,1240050,31.715764,32.926868,31.715764,32.169928,0.454164,28
2016-11-17,26000,1094600,32.056387,32.056387,31.791458,31.829305,-0.340623,18
2016-11-18,25232,1066033,31.829305,32.548398,31.829305,32.01854,0.189235,21
2016-11-21,56047,2367502,31.867152,32.434857,31.791458,31.942846,-0.075694,35
2016-11-22,25200,1069150,32.169928,32.169928,31.980693,32.132081,0.189235,18
2016-11-23,138250,6058500,33.305337,33.948736,32.548398,33.002562,0.870481,110
2016-11-24,51200,2215000,33.305337,33.305337,32.434857,32.434857,-0.567705,42
2016-11-25,20000,856400,32.283469,32.548398,32.245622,32.39701,-0.037847,20
2016-11-28,27090,1158406,32.321316,32.737633,32.132081,32.132081,-0.264929,27
2016-11-29,23000,981950,32.132081,32.548398,32.132081,32.207775,0.075694,18
2016-11-30,39000,1679300,32.851174,32.851174,32.207775,32.548398,0.340623,31
2016-12-01,29000,1251550,33.305337,33.305337,32.548398,32.77548,0.227082,18
2016-12-02,50007,2130097,32.548398,32.548398,32.169928,32.169928,-0.605552,34
2016-12-05,79000,3387450,32.169928,32.737633,32.094234,32.472704,0.302776,41
2016-12-06,39046,1690628,33.26749,33.26749,32.39701,32.548398,0.075694,33
2016-12-07,17200,740550,32.548398,32.926868,32.548398,32.548398,0.0,16
2016-12-08,56200,2407939,32.548398,32.548398,32.321316,32.39701,-0.151388,44
2016-12-09,18000,774650,33.002562,33.002562,32.472704,32.548398,0.151388,14
2016-12-12,55000,2398250,33.002562,33.305337,32.586245,32.889021,0.340623,51
2016-12-13,37300,1621730,33.078256,33.078256,32.624092,32.624092,-0.264929,29
2016-12-14,30000,1289600,32.624092,32.661939,32.434857,32.434857,-0.189235,22
2016-12-15,18050,776800,32.434857,32.699786,32.434857,32.699786,0.264929,17
2016-12-16,55000,2417100,32.586245,33.910889,32.586245,33.15395,0.454164,51
2016-12-19,20000,876950,33.570266,33.570266,33.002562,33.116103,-0.037847,19
2016-12-20,65180,2816444,32.813327,32.926868,32.548398,32.926868,-0.189235,48
2016-12-21,39000,1669600,32.926868,32.926868,32.321316,32.548398,-0.37847,33
2016-12-22,16000,683800,32.586245,32.624092,32.283469,32.283469,-0.264929,15
2016-12-23,53514,2270199,32.056387,32.699786,31.791458,32.699786,0.416317,39
2016-12-26,11151,476412,32.472704,32.472704,32.207775,32.321316,-0.37847,11
2016-12-27,15000,638600,32.207775,32.472704,32.169928,32.207775,-0.113541,9
2016-12-28,34000,1449200,32.207775,32.624092,32.207775,32.624092,0.416317,21
2016-12-29,33000,1396800,31.867152,32.283469,31.867152,32.056387,-0.567705,26
2016-12-30,34050,1438182,32.169928,32.169928,31.942846,31.980693,-0.075694,21
2017-01-03,29000,1229100,32.01854,32.245622,32.01854,32.056387,0.075694,17
2017-01-04,30403,1296536,32.169928,32.510551,32.094234,32.094234,0.037847,30
2017-01-05,34046,1444845,32.169928,32.321316,32.01854,32.056387,-0.037847,26
2017-01-06,120106,5170758,32.245622,33.078256,32.245622,32.472704,0.416317,104
2017-01-09,147000,6355150,32.624092,33.078256,32.510551,32.926868,0.454164,97
2017-01-10,39000,1683200,32.926868,32.926868,32.624092,32.661939,-0.264929,30
2017-01-11,52000,2247900,33.15395,33.15395,32.548398,32.586245,-0.075694,48
2017-01-12,477183,22130314,32.851174,35.841085,32.851174,35.841085,3.25484,354
2017-01-13,1031489,50865814,37.619892,38.225444,36.560177,36.787259,0.946174,786
2017-01-16,297110,13968453,36.560177,36.560177,35.121992,35.121992,-1.665267,219
2017-01-17,144050,6637900,35.197686,35.576156,34.478594,34.629982,-0.49201,125
2017-01-18,324350,15451130,35.197686,36.862953,34.970604,36.14386,1.513878,268
2017-01-19,233100,11308250,36.711565,37.317117,36.333095,36.408789,0.264929,186
2017-01-20,55002,2621995,36.333095,36.333095,35.954626,35.954626,-0.454163,51
2017-01-23,117066,5485855,35.954626,35.954626,35.084145,35.27338,-0.681246,99
2017-01-24,136050,6322575,35.349074,35.462615,34.89491,34.970604,-0.302776,84
2017-02-02,106010,4847560,35.197686,35.197686,34.100124,34.819216,-0.151388,84
2017-02-03,146000,6765850,34.819216,35.500462,34.781369,35.500462,0.681246,95
2017-02-06,152200,7053170,35.500462,35.500462,34.819216,35.121992,-0.37847,96
2017-02-07,91608,4229503,34.819216,35.27338,34.705675,34.743522,-0.37847,69
2017-02-08,78311,3600256,34.440747,35.084145,34.440747,34.819216,0.075694,63
2017-02-09,474597,22498495,34.819216,36.749412,34.819216,36.446636,1.62742,337
2017-02-10,144003,6879393,36.711565,36.749412,35.803238,35.954626,-0.49201,109
2017-02-13,173221,8030519,35.008451,35.349074,35.008451,35.008451,-0.946175,127
2017-02-14,98000,4488150,34.781369,35.046298,34.516441,34.554288,-0.454163,67
2017-02-15,69000,3173300,34.516441,35.311227,34.516441,34.781369,0.227081,53
2017-02-16,54000,2471400,34.781369,34.819216,34.516441,34.516441,-0.264928,44
2017-02-17,53000,2442650,34.516441,35.121992,34.516441,34.743522,0.227081,42
2017-02-18,36050,1663972,35.386921,35.386921,34.819216,34.819216,0.075694,31
2017-02-20,71100,3293550,35.159839,35.197686,34.970604,35.046298,0.227082,48
2017-02-21,75000,3460900,35.311227,35.311227,34.705675,34.705675,-0.340623,64
2017-02-22,65000,2993650,34.819216,35.008451,34.781369,34.89491,0.189235,43
2017-02-23,92000,4237000,34.932757,35.046298,34.554288,34.932757,0.037847,65
2017-02-24,70500,3267250,35.159839,35.197686,34.970604,35.159839,0.227082,59
2017-03-01,21300,987325,35.159839,35.197686,34.932757,34.932757,-0.227082,19
2017-03-02,47000,2149950,35.27338,35.27338,34.327206,34.592135,-0.340622,39
2017-03-03,47150,2136697,34.365053,34.4029,34.213665,34.213665,-0.37847,38
2017-03-06,78000,3520000,34.705675,34.705675,33.910889,33.948736,-0.264929,72
2017-03-07,92251,4109869,34.213665,34.213665,33.418878,33.683807,-0.264929,72
2017-03-08,71000,3158050,33.494572,33.986583,33.494572,33.608113,-0.075694,57
2017-03-09,45000,2010550,33.759501,34.062277,33.608113,33.64596,0.037847,40
2017-03-10,39073,1729062,33.532419,33.64596,33.381031,33.494572,-0.151388,33
2017-03-13,38000,1675850,33.229643,33.683807,33.15395,33.381031,-0.113541,26
2017-03-14,79000,3485600,33.343184,33.759501,33.229643,33.456725,0.075694,55
2017-03-15,53050,2354660,33.456725,33.948736,33.381031,33.456725,0.0,33
2017-03-16,57100,2534590,33.64596,33.759501,33.532419,33.608113,0.151388,42
2017-03-17,74000,3314650,33.986583,34.100124,33.608113,34.062277,0.454164,53
2017-03-20,147107,6671441,33.835195,34.554288,33.835195,34.137971,0.075694,145
2017-03-21,76570,3468104,34.137971,34.4029,34.137971,34.175818,0.037847,163
2017-03-22,95038,4247522,34.175818,34.175818,33.683807,33.683807,-0.492011,85
2017-03-23,93012,4201342,34.062277,34.327206,34.062277,34.137971,0.454164,76
2017-03-24,41020,1859358,34.289359,34.4029,34.251512,34.365053,0.227082,45
2017-03-27,92272,4165990,34.516441,34.629982,33.683807,33.986583,-0.37847,333
2017-03-28,44073,1963712,33.759501,34.02443,33.570266,33.683807,-0.302776,113
2017-03-29,67028,2999460,33.608113,34.062277,33.608113,34.062277,0.37847,80
2017-03-30,58323,2631604,34.137971,34.289359,33.986583,34.213665,0.151388,72
2017-03-31,38168,1711837,34.100124,34.289359,33.759501,33.835195,-0.37847,47
2017-04-05,87618,3934628,33.835195,34.213665,33.608113,33.948736,0.113541,140
2017-04-06,64016,2869118,33.948736,33.986583,33.835195,33.948736,0.0,50
2017-04-07,57189,2552570,33.948736,34.02443,33.608113,33.797348,-0.151388,75
2017-04-10,69110,3050860,33.683807,33.683807,33.305337,33.305337,-0.492011,156
2017-04-11,192200,8301557,33.305337,33.305337,31.980693,32.548398,-0.756939,143
2017-04-12,69052,2922193,32.434857,32.434857,31.791458,32.094234,-0.454164,106
2017-04-13,52000,2197900,32.094234,32.169928,31.867152,32.01854,-0.075694,44
2017-04-14,74022,3122240,32.169928,33.078256,31.564377,31.602224,-0.416316,84
2017-04-17,272020,10955300,31.715764,32.094234,30.088345,30.126192,-1.476032,200
2017-04-18,83000,3305000,30.277579,30.277579,29.89911,30.239732,0.11354,66
2017-04-19,94019,3712567,30.126192,30.126192,29.596334,29.596334,-0.643398,91
2017-04-20,175000,6820200,29.672028,30.126192,29.104323,29.217864,-0.37847,102
2017-04-21,38112,1489304,29.331405,29.861263,29.331405,29.52064,0.302776,46
2017-04-24,59211,2291601,29.52064,29.52064,29.14217,29.14217,-0.37847,57
2017-04-25,42002,1620282,29.52064,29.52064,29.028629,29.066476,-0.075694,40
2017-04-26,37100,1433600,29.293558,29.709875,29.104323,29.104323,0.037847,31
2017-04-27,43006,1661096,29.217864,29.52064,29.104323,29.52064,0.416317,44
2017-04-28,122305,4895865,30.012651,31.034519,29.596334,30.693896,1.173256,98
2017-05-02,66182,2655704,30.883131,30.958825,29.89911,30.315426,-0.37847,59
2017-05-03,21000,840900,30.277579,30.428967,30.277579,30.277579,-0.037847,21
2017-05-04,58102,2313250,30.277579,30.315426,29.672028,29.672028,-0.605551,41
2017-05-05,27008,1055020,29.369252,29.672028,29.369252,29.672028,0.0,27
2017-05-08,107000,4081150,29.52064,29.52064,28.460925,28.536619,-1.135409,98
2017-05-09,53000,2003250,28.688007,29.52064,28.044608,28.536619,0.0,42
2017-05-10,117357,4349235,28.233843,28.536619,27.855373,28.158149,-0.37847,88
2017-05-11,137808,4980788,27.855373,27.855373,27.098434,27.098434,-1.059715,115
2017-05-12,171660,6008950,26.568576,26.64427,26.379341,26.492882,-0.605552,125
2017-05-15,47100,1653050,26.833505,26.871352,26.492882,26.606423,0.113541,37
2017-05-16,43200,1530078,26.606423,26.871352,26.606423,26.682117,0.075694,43
2017-05-17,31001,1100285,26.719964,26.947046,26.719964,26.795658,0.113541,28
2017-05-18,28001,993035,26.795658,26.984893,26.682117,26.984893,0.189235,27
2017-05-19,35000,1249500,27.060587,27.136281,26.947046,27.02274,0.037847,22
2017-05-22,23000,817100,27.02274,27.02274,26.833505,26.871352,-0.151388,19
2017-05-23,22242,786870,26.719964,26.947046,26.682117,26.795658,-0.075694,23
2017-05-24,37060,1316829,26.984893,26.984893,26.719964,26.719964,-0.075694,26
2017-05-25,74151,2593018,26.379341,26.568576,26.379341,26.492882,-0.227082,57
2017-05-26,12000,421300,26.492882,26.64427,26.492882,26.492882,0.0,12
2017-05-31,18000,630500,26.492882,26.757811,26.417188,26.757811,0.264929,13
2017-06-01,33381,1172646,26.757811,26.757811,26.417188,26.492882,-0.264929,31
2017-06-02,119088,4154430,26.530729,26.606423,26.379341,26.492882,0.0,40
2017-06-03,31001,1090284,26.492882,26.719964,26.492882,26.530729,0.037847,17
2017-06-05,33671,1190685,26.871352,26.871352,26.64427,26.795658,0.264929,29
2017-06-06,89150,3186000,26.871352,27.249822,26.757811,27.136281,0.340623,61
2017-06-07,30000,1068450,27.249822,27.249822,26.871352,26.871352,-0.264929,26
2017-06-08,15000,532100,26.871352,26.871352,26.719964,26.871352,0.0,12
2017-06-09,50222,1771125,26.871352,26.871352,26.606423,26.719964,-0.151388,31
2017-06-12,50000,1763200,26.719964,26.833505,26.606423,26.719964,0.0,31
2017-06-13,36000,1278750,26.719964,26.984893,26.719964,26.947046,0.227082,27
2017-06-14,81000,2860100,27.098434,27.098434,26.64427,26.64427,-0.302776,41
2017-06-15,65000,2295200,26.530729,26.947046,26.492882,26.947046,0.302776,29
2017-06-16,43000,1517700,26.682117,26.871352,26.682117,26.757811,-0.189235,24
2017-06-19,126009,4491719,26.795658,27.098434,26.795658,26.947046,0.189235,74
2017-06-20,108000,3859100,27.174128,27.174128,26.871352,26.871352,-0.075694,79
2017-06-21,30018,1065742,26.871352,26.984893,26.833505,26.947046,0.075694,22
2017-06-22,46000,1637200,27.098434,27.098434,26.871352,26.871352,-0.075694,33
2017-06-23,59000,2093250,26.833505,27.136281,26.833505,26.871352,0.0,20
2017-06-26,272000,9562300,26.947046,27.02274,26.492882,26.606423,-0.264929,87
2017-06-27,186210,6544462,26.606423,26.757811,26.568576,26.757811,0.151388,73
2017-06-28,132200,4678669,26.757811,26.833505,26.719964,26.757811,0.0,56
2017-06-29,70000,2486900,26.947046,26.947046,26.719964,26.947046,0.189235,57
2017-06-30,57000,2021900,26.947046,26.947046,26.568576,26.795658,-0.151388,43
2017-07-03,688221,26606946,26.909199,29.444946,26.682117,29.444946,2.649288,347
2017-07-04,1260334,50218008,30.277579,31.299448,28.006761,28.158149,-1.286797,905
2017-07-05,272010,10223333,28.195996,28.915088,28.195996,28.460925,0.302776,202
2017-07-06,543060,21586544,28.460925,31.110213,28.460925,30.39112,1.930195,435
2017-07-07,157001,6299339,30.958825,30.958825,30.012651,30.164039,-0.227081,124
2017-07-10,152060,5970090,30.201886,30.201886,29.293558,29.293558,-0.870481,92
2017-07-11,64020,2485330,30.012651,30.012651,28.7637,28.839394,-0.454164,57
2017-07-12,167000,6194150,28.801547,28.915088,27.628291,28.006761,-0.832633,146
2017-07-13,62000,2311350,28.044608,28.574466,28.044608,28.195996,0.189235,53
2017-07-14,105446,3888016,28.195996,28.195996,27.666138,27.931067,-0.264929,79
2017-07-17,68000,2568600,28.158149,28.915088,28.158149,28.385231,0.454164,57
2017-07-18,187000,6980050,28.688007,28.688007,27.968914,28.006761,-0.37847,120
2017-07-19,52218,1932616,28.044608,28.044608,28.006761,28.006761,0.0,37
2017-07-20,76000,2822450,28.158149,28.27169,28.044608,28.044608,0.037847,43
2017-07-21,29220,1083490,28.120302,28.27169,28.006761,28.082455,0.037847,26
2017-07-24,39410,1461488,28.158149,28.233843,28.006761,28.158149,0.075694,29
2017-07-25,64120,2391614,28.385231,28.385231,28.158149,28.195996,0.037847,34
2017-07-26,73000,2704400,28.158149,28.158149,27.968914,27.968914,-0.227082,47
2017-07-27,51092,1879292,28.006761,28.082455,27.628291,27.666138,-0.302776,34
2017-07-28,89220,3265819,27.666138,27.931067,27.590444,27.590444,-0.075694,48
2017-07-31,54000,1989550,27.628291,28.195996,27.628291,27.628291,0.037847,48
2017-08-01,39600,1446250,27.855373,27.855373,27.476903,27.552597,-0.075694,34
2017-08-02,30200,1099090,27.552597,27.628291,27.401209,27.590444,0.037847,23
2017-08-03,42322,1548353,27.590444,27.817526,27.590444,27.590444,0.0,35
2017-08-04,177476,6349638,27.590444,27.590444,26.568576,26.568576,-1.021868,106
2017-08-07,71426,2539600,26.64427,27.249822,26.64427,26.833505,0.264929,70
2017-08-08,50230,1787296,26.909199,27.136281,26.833505,26.833505,0.0,27
2017-08-09,40000,1431500,27.098434,27.249822,26.833505,26.871352,0.037847,37
2017-08-10,68001,2441435,27.476903,27.476903,26.719964,27.211975,0.340623,56
2017-08-11,86226,3029060,27.211975,27.211975,26.455035,26.568576,-0.643399,66
2017-08-14,145100,4871800,26.530729,26.530729,24.827615,24.979003,-1.589573,111
2017-08-15,99100,3262460,25.130391,25.130391,24.676227,24.979003,0.0,78
2017-08-16,40201,1327083,24.979003,25.243932,24.751921,24.979003,0.0,36
2017-08-17,60001,1997383,24.979003,25.357473,24.827615,25.357473,0.37847,54
2017-08-18,49000,1654000,25.357473,25.811636,25.357473,25.811636,0.454163,46
2017-08-21,53148,1768343,25.735943,25.735943,24.979003,25.281779,-0.529857,36
2017-08-22,16031,536241,25.281779,25.508861,25.281779,25.433167,0.151388,17
2017-08-23,118317,3997650,25.433167,25.735943,25.433167,25.584555,0.151388,79
2017-08-24,135701,4325680,26.76039,26.76039,25.544009,25.544009,-0.040546,77
2017-08-25,76394,2437425,25.625101,26.071107,25.625101,26.071107,0.527098,62
2017-08-28,24000,773450,26.476568,26.476568,26.030561,26.111653,0.040546,20
2017-08-29,85000,2726450,26.111653,26.76039,26.111653,26.436022,0.324369,51
2017-08-30,68420,2216998,26.76039,26.76039,26.111653,26.111653,-0.324369,45
2017-08-31,13003,418996,26.111653,26.192745,26.030561,26.111653,0.0,12
2017-09-01,56000,1799450,26.111653,26.152199,25.990015,26.071107,-0.040546,35
2017-09-04,376360,13038725,26.679298,28.666054,26.679298,28.666054,2.594947,240
2017-09-05,693500,25023125,29.193153,30.004074,28.666054,29.355337,0.689283,398
2017-09-06,114000,4035200,29.193153,29.193153,27.855133,29.193153,-0.162184,74
2017-09-07,96138,3420211,29.193153,29.193153,28.625508,29.152607,-0.040546,67
2017-09-08,116001,4129985,28.787692,29.152607,28.787692,29.112061,-0.040546,46
2017-09-11,122000,4441050,29.517521,30.004074,28.828238,28.828238,-0.283823,77
2017-09-12,35169,1256631,28.90933,29.030969,28.90933,29.030969,0.202731,26
2017-09-13,63000,2276200,29.193153,29.395883,29.193153,29.314791,0.283822,39
2017-09-14,59000,2132700,29.314791,29.476975,29.193153,29.355337,0.040546,39
2017-09-15,26100,942500,29.517521,29.517521,29.193153,29.193153,-0.162184,24
2017-09-18,59000,2077900,28.868784,28.868784,28.422778,28.625508,-0.567645,43
2017-09-19,35114,1226105,28.625508,28.625508,28.138956,28.138956,-0.486552,29
2017-09-20,15832,550586,28.138956,28.625508,27.976771,28.30114,0.162184,16
2017-09-21,24420,855924,28.382232,28.666054,28.30114,28.463324,0.162184,20
2017-09-22,33110,1143695,28.260594,28.30114,27.895679,27.895679,-0.567645,30
2017-09-25,41000,1389900,27.976771,27.976771,27.003666,27.246943,-0.648736,36
2017-09-26,29500,984000,27.976771,27.976771,26.76039,27.084758,-0.162185,30
2017-09-27,31000,1050500,27.246943,27.692949,27.16585,27.490219,0.405461,29
2017-09-28,10100,343290,27.571311,27.895679,27.328035,27.328035,-0.162184,11
2017-09-29,29100,980720,27.287489,27.571311,27.16585,27.571311,0.243276,22
2017-09-30,13515,461310,28.098409,28.098409,27.287489,27.774041,0.20273,16
2017-10-02,31000,1064050,27.774041,28.138956,27.774041,27.774041,0.0,21
2017-10-03,22300,775510,28.544416,28.544416,27.895679,27.976771,0.20273,23
2017-10-05,55000,1904750,28.098409,28.260594,28.017317,28.017317,0.040546,30
2017-10-06,103000,3613150,28.422778,28.584962,28.098409,28.584962,0.567645,59
2017-10-11,424002,16389674,31.179909,31.423185,30.490626,31.423185,2.838223,240
2017-10-12,419555,15826923,30.774448,31.017725,30.24735,30.287896,-1.135289,289
2017-10-13,114100,4259305,30.287896,30.814995,29.801343,30.166258,-0.121638,80
2017-10-16,308000,11768950,30.166258,31.463731,30.004074,31.058271,0.892013,209
2017-10-17,98000,3738000,31.220455,31.544823,30.409534,30.409534,-0.648737,59
2017-10-18,30300,1136105,30.24735,30.571718,30.24735,30.45008,0.040546,28
2017-10-19,1147238,46597728,30.814995,33.491033,30.490626,33.491033,3.040953,528
2017-10-20,3331746,147967318,34.058678,36.815809,33.653218,36.815809,3.324776,1756
2017-10-23,2550342,117635844,39.289118,39.289118,36.167072,36.167072,-0.648737,1472
2017-10-24,1985300,91658970,36.167072,38.599835,35.599428,37.667276,1.500204,1232
2017-10-25,604050,27717575,37.62673,38.113283,36.491441,37.059085,-0.608191,341
2017-10-26,855503,40081638,37.545638,38.924204,37.464546,37.545638,0.486553,487
2017-10-27,1184567,56755915,37.22127,40.546045,37.22127,37.748368,0.20273,675
2017-10-30,858772,40541301,37.788914,39.329664,36.977993,38.924204,1.175836,514
2017-10-31,2157829,108419437,39.897309,42.65444,38.924204,42.65444,3.730236,1331
2017-11-01,1573562,82111352,42.573348,43.546453,40.951506,42.005703,-0.648737,1017
2017-11-02,649211,33100897,42.167887,42.167887,40.951506,41.275874,-0.729829,375
2017-11-03,365002,18665801,41.275874,42.167887,41.032598,41.356966,0.081092,240
2017-11-06,504637,24886817,40.627137,41.356966,39.16748,39.735124,-1.621842,352
2017-11-07,408313,19795512,39.816217,40.789322,38.680927,39.289118,-0.446006,279
2017-11-08,270345,12874703,39.289118,39.289118,38.234921,38.559289,-0.729829,189
2017-11-09,1069292,52806334,39.410756,41.194782,38.924204,39.532394,0.973105,649
2017-11-10,240202,11464193,39.329664,39.329664,38.518743,38.640381,-0.892013,169
2017-11-13,279123,13183931,38.599835,39.329664,37.870006,37.870006,-0.770375,152
2017-11-14,536809,24416082,37.870006,38.518743,35.558882,38.518743,0.648737,332
2017-11-15,256242,12138272,38.518743,39.16748,37.788914,38.275467,-0.243276,177
2017-11-16,288210,13764739,38.843111,39.126934,38.113283,38.234921,-0.040546,211
2017-11-17,253101,11824771,38.518743,38.924204,37.383454,37.545638,-0.689283,138
2017-11-20,170150,7746879,38.518743,38.518743,36.491441,37.018539,-0.527099,111
2017-11-21,182679,8286025,37.059085,37.464546,36.08598,37.22127,0.202731,133
2017-11-22,215200,9712570,37.180724,37.180724,36.248165,36.248165,-0.973105,121
2017-11-23,145199,6544494,36.815809,36.896901,36.167072,36.734717,0.486552,94
2017-11-24,149100,6661105,37.140178,37.140178,35.68052,36.207619,-0.527098,86
2017-11-27,138139,6214425,36.207619,36.856355,35.761612,36.450895,0.243276,104
2017-11-28,139550,6145220,35.923796,36.248165,34.626323,35.842704,-0.608191,97
2017-11-29,49400,2185319,35.558882,36.491441,35.558882,35.842704,0.0,44
2017-11-30,88300,3904524,35.68052,36.369803,35.275059,36.369803,0.527099,60
2017-12-01,138300,6121028,36.329257,36.329257,35.518336,35.68052,-0.689283,85
2017-12-04,68000,3024750,35.68052,36.167072,35.68052,36.045434,0.364914,43
2017-12-05,59000,2583850,36.167072,36.167072,35.031783,35.396698,-0.648736,38
2017-12-06,232080,9667860,34.991237,34.991237,33.166665,33.977586,-1.419112,151
2017-12-07,80000,3330650,34.545231,34.788507,33.288303,33.896494,-0.081092,61
2017-12-08,81200,3338549,32.680113,33.896494,32.599021,33.653218,-0.243276,65
2017-12-11,250100,11244150,37.018539,37.018539,35.518336,36.167072,2.513854,160
2017-12-12,150109,6779521,37.707822,37.707822,35.761612,36.329257,0.162185,104
2017-12-13,58000,2612550,36.126526,36.856355,35.761612,36.856355,0.527098,41
2017-12-14,31601,1418614,36.856355,36.856355,36.248165,36.248165,-0.60819,28
2017-12-15,25002,1107538,36.653625,36.653625,35.315606,36.248165,0.0,24
2017-12-18,30001,1339945,36.329257,36.572533,35.639974,36.207619,-0.040546,28
2017-12-19,17050,757482,36.329257,36.410349,35.761612,35.761612,-0.446007,19
2017-12-20,54000,2379850,35.356152,35.964342,35.356152,35.923796,0.162184,46
2017-12-21,46101,2033703,36.248165,36.248165,35.68052,35.68052,-0.243276,32
2017-12-22,105110,4649573,36.329257,36.410349,35.558882,35.558882,-0.121638,59
2017-12-25,52002,2258636,35.315606,35.639974,34.910145,35.639974,0.081092,40
2017-12-26,186000,8096350,35.639974,36.045434,34.869599,36.045434,0.40546,69
2017-12-27,21000,926950,35.761612,36.004888,35.518336,35.802158,-0.243276,20
2017-12-28,73000,3189200,35.761612,35.802158,35.193967,35.639974,-0.162184,39
2017-12-29,147001,6441494,35.842704,35.842704,35.356152,35.842704,0.20273,71
2018-01-02,92000,4073850,35.518336,36.329257,35.518336,36.329257,0.486553,62
2018-01-03,801501,37566371,37.302362,39.410756,37.302362,37.951098,1.621841,532
2018-01-04,294000,13681450,38.518743,38.518743,37.140178,37.586184,-0.364914,142
2018-01-05,213001,9769945,37.951098,37.951098,36.856355,36.896901,-0.689283,128
2018-01-08,113100,5142725,37.302362,37.302362,36.572533,37.059085,0.162184,73
2018-01-09,162750,7383450,37.140178,37.140178,36.531987,36.856355,-0.20273,85
2018-01-10,85005,3836877,36.856355,37.059085,36.288711,36.977993,0.121638,68
2018-01-11,321014,13732530,34.504685,35.68052,34.220862,34.869599,-2.108394,220
2018-01-12,176001,7538595,34.869599,35.112875,34.423593,35.072329,0.20273,104
2018-01-15,183201,7883433,35.072329,35.072329,34.707415,35.031783,-0.040546,77
2018-01-16,95000,4078700,34.707415,35.031783,34.707415,34.788507,-0.243276,48
2018-01-17,85000,3648000,34.788507,35.518336,34.585777,34.869599,0.081092,47
2018-01-18,60310,2588255,34.869599,34.910145,34.707415,34.910145,0.040546,40
2018-01-19,63001,2681442,34.788507,34.788507,34.3425,34.3425,-0.567645,48
2018-01-22,94105,3900865,34.13977,34.13977,33.288303,33.491033,-0.851467,77
2018-01-23,141950,5754638,33.247757,33.247757,32.436836,32.599021,-0.892012,110
2018-01-24,86000,3483350,33.409941,33.409941,32.599021,32.639567,0.040546,54
2018-01-25,120401,4803239,32.436836,33.085573,31.707008,32.639567,0.0,90
2018-01-26,47000,1884600,32.639567,32.680113,32.315198,32.436836,-0.202731,29
2018-01-29,53210,2107550,32.031376,32.315198,31.99083,32.234106,-0.20273,37
2018-01-30,79500,3094499,31.747554,32.19356,31.220455,31.220455,-1.013651,65
2018-01-31,42001,1609738,30.814995,31.261001,30.571718,31.139363,-0.081092,34
2018-02-01,69000,2647550,31.544823,31.544823,30.855541,31.463731,0.324368,48
2018-02-02,53598,2040174,31.544823,31.544823,30.733902,30.733902,-0.729829,47
2018-02-05,69001,2552489,30.24735,30.490626,29.679705,30.24735,-0.486552,63
2018-02-06,323001,11174789,29.476975,29.679705,27.246943,27.895679,-2.351671,174
2018-02-07,111000,3866100,27.895679,28.584962,27.895679,27.895679,0.0,44
2018-02-08,17001,590135,27.976771,28.382232,27.895679,28.382232,0.486553,16
2018-02-09,120219,3992596,25.990015,27.733495,25.990015,27.328035,-1.054197,60
2018-02-12,146007,4922852,27.328035,28.138956,26.76039,27.692949,0.364914,86
2018-02-21,47000,1631950,27.328035,29.112061,27.328035,28.544416,0.851467,30
2018-02-22,87000,3045100,28.787692,28.787692,28.138956,28.138956,-0.40546,35
2018-02-23,62255,2184875,28.747146,29.193153,28.220048,28.220048,0.081092,45
2018-02-26,109000,3897950,28.260594,29.355337,28.220048,28.949876,0.729828,61
2018-02-27,78000,2803500,29.841889,29.841889,28.868784,28.868784,-0.081092,42
2018-03-01,29030,1024764,28.828238,28.828238,28.544416,28.544416,-0.324368,15
2018-03-02,87000,3017800,28.463324,28.463324,27.652403,28.382232,-0.162184,50
2018-03-05,28000,970300,28.138956,28.220048,27.692949,28.138956,-0.243276,19
2018-03-06,41530,1443869,28.382232,28.382232,27.976771,28.260594,0.121638,34
2018-03-07,26132,906042,27.814587,28.220048,27.814587,28.179502,-0.081092,17
2018-03-08,17100,589019,27.976771,28.138956,27.652403,28.138956,-0.040546,18
2018-03-09,26000,893550,28.30114,28.30114,27.774041,27.936225,-0.202731,18
2018-03-12,58000,1980050,27.936225,27.936225,27.449673,27.855133,-0.081092,48
2018-03-13,31000,1057400,28.057863,28.057863,27.449673,27.652403,-0.20273,30
2018-03-14,36000,1220850,27.733495,27.733495,27.328035,27.652403,0.0,25
2018-03-15,27000,915050,27.652403,27.936225,27.16585,27.936225,0.283822,25
2018-03-16,29001,985537,27.936225,27.936225,27.409127,27.814587,-0.121638,25
2018-03-19,78000,2644900,27.976771,27.976771,27.206396,27.895679,0.081092,53
2018-03-20,117000,3982350,27.733495,27.976771,26.800936,27.774041,-0.121638,75
2018-03-21,92001,3101786,27.895679,27.895679,27.206396,27.206396,-0.567645,59
2018-03-22,74000,2505450,27.246943,27.895679,27.246943,27.328035,0.121639,37
2018-03-23,54210,1794380,27.084758,27.084758,26.76039,26.76039,-0.567645,46
2018-03-26,43000,1438600,27.449673,27.449673,26.841482,27.409127,0.648737,41
2018-03-27,22001,739336,27.409127,27.571311,27.044212,27.571311,0.162184,21
2018-03-28,70000,2350900,27.044212,27.571311,26.841482,27.530765,-0.040546,50
2018-03-29,71000,2380700,27.530765,27.530765,26.882028,27.409127,-0.121638,46
2018-03-30,84400,2814150,27.125304,27.246943,26.882028,27.246943,-0.162184,57
2018-03-31,68000,2260250,27.003666,27.449673,26.111653,27.449673,0.20273,54
2018-04-02,28000,941350,27.003666,27.652403,27.003666,27.328035,-0.121638,24
2018-04-03,31001,1041587,27.003666,27.328035,27.003666,27.287489,-0.040546,19
2018-04-09,60010,2013230,27.409127,27.409127,27.003666,27.003666,-0.283823,42
2018-04-10,42102,1408001,26.55766,27.409127,26.55766,27.409127,0.405461,36
2018-04-11,638600,23342540,27.409127,30.125712,27.409127,30.125712,2.716585,309
2018-04-12,1124208,45662845,33.126119,33.126119,31.747554,33.126119,3.000407,608
2018-04-13,2683218,118957636,34.058678,36.410349,33.247757,36.410349,3.28423,1590
2018-04-16,1882375,83874327,36.410349,37.383454,34.383046,36.491441,0.081092,1235
2018-04-17,1075600,47538450,36.491441,37.22127,34.058678,35.68052,-0.810921,740
2018-04-18,2601862,124126918,36.248165,39.248572,35.923796,39.248572,3.568052,1425
2018-04-19,2104150,101353750,38.762019,39.816217,38.275467,38.721473,-0.527099,1380
2018-04-20,638001,29512297,38.518743,38.518743,36.734717,36.977993,-1.74348,428
2018-04-23,457260,20156430,37.342908,37.342908,34.869599,34.869599,-2.108394,315
2018-04-24,761300,30277380,34.13977,34.13977,31.382639,32.436836,-2.432763,461
2018-04-25,209100,8474074,32.355744,33.572126,31.909738,32.842297,0.405461,154
2018-04-26,246500,9539499,32.842297,32.842297,30.04462,30.04462,-2.797677,180
2018-04-27,162028,6192080,30.814995,31.909738,29.558067,31.585369,1.540749,133
2018-04-30,80056,3072550,30.287896,31.585369,30.287896,31.463731,-0.121638,62
2018-05-02,138200,5426379,31.950284,32.112468,31.463731,31.463731,0.0,103
2018-05-03,98300,3824770,30.693356,32.558474,30.693356,31.463731,0.0,85
2018-05-04,117200,4493630,31.463731,31.463731,30.855541,31.017725,-0.446006,82
2018-05-07,842619,34792028,32.355744,34.099224,31.058271,34.099224,3.081499,471
2018-05-08,1717151,77130850,35.68052,37.464546,35.153421,35.153421,1.054197,1303
2018-05-09,2717289,124460840,35.112875,38.316013,34.869599,37.018539,1.865118,1837
2018-05-10,2188330,101215766,37.951098,39.005296,34.950691,36.08598,-0.932559,1625
2018-05-11,1390210,59144212,35.923796,36.08598,32.680113,33.896494,-2.189486,973
2018-05-14,832032,32937294,33.73431,33.896494,31.261001,31.261001,-2.635493,581
2018-05-15,418000,16111250,31.747554,31.869192,30.571718,30.814995,-0.446006,272
2018-05-16,593050,22665330,30.814995,32.031376,30.125712,30.206804,-0.608191,454
2018-05-17,293000,11122550,30.571718,31.220455,30.328442,30.774448,0.567644,212
2018-05-18,341035,12539571,30.612264,30.733902,29.193153,29.193153,-1.581295,240
2018-05-21,245051,8802321,29.355337,30.328442,28.787692,29.476975,0.283822,196
2018-05-22,191034,6864827,29.193153,29.922982,28.787692,28.990422,-0.486553,150
2018-05-23,384050,13420792,28.868784,29.193153,27.895679,28.017317,-0.973105,212
2018-05-24,530001,19268786,28.787692,30.328442,28.382232,29.071515,1.054198,364
2018-05-25,1348035,51933878,28.7066,31.950284,28.7066,31.909738,2.838223,866
2018-05-28,813190,30454468,31.625915,31.828646,29.395883,29.841889,-2.067849,558
2018-05-29,342000,12809400,29.517521,30.977179,29.517521,30.004074,0.162185,239
2018-05-30,185050,6720302,29.882435,30.004074,29.112061,29.274245,-0.729829,144
2018-05-31,247000,8805900,29.598613,29.598613,28.584962,28.584962,-0.689283,176
2018-06-01,215100,7564800,28.584962,28.868784,28.382232,28.382232,-0.20273,131
2018-06-04,55034,1959206,28.382232,29.436429,28.382232,28.787692,0.40546,47
2018-06-05,226000,8204950,28.787692,30.004074,28.787692,29.152607,0.364915,143
2018-06-06,102001,3640835,29.274245,29.274245,28.787692,28.828238,-0.324369,80
2018-06-07,49160,1760912,29.355337,29.355337,28.90933,28.949876,0.121638,42
2018-06-08,104000,3747900,29.355337,29.598613,28.949876,28.990422,0.040546,84
2018-06-11,299000,10492300,29.882435,29.882435,28.057863,28.057863,-0.932559,178
2018-06-12,183334,6318506,28.138956,28.341686,27.611857,27.692949,-0.364914,124
2018-06-13,89000,3103900,27.692949,28.666054,27.692949,27.976771,0.283822,72
2018-06-14,40000,1383350,27.976771,28.382232,27.895679,27.976771,0.0,29
2018-06-15,130729,4487253,27.976771,28.341686,27.571311,28.098409,0.121638,91
2018-06-19,106003,3629052,28.098409,28.098409,27.652403,27.652403,-0.446006,69
2018-06-20,147060,4953284,27.652403,27.814587,27.044212,27.246943,-0.40546,91
2018-06-21,65000,2189500,27.246943,27.449673,27.16585,27.287489,0.040546,50
2018-06-22,71000,2373700,27.409127,27.449673,26.922574,27.084758,-0.202731,44
2018-06-25,368000,12353050,26.841482,28.057863,26.76039,27.409127,0.324369,103
2018-06-26,50064,1672240,27.409127,27.409127,26.76039,26.922574,-0.486553,35
2018-06-27,68140,2254170,27.003666,27.003666,26.76039,26.76039,-0.162184,46
2018-06-28,114050,3758960,26.679298,27.16585,26.35493,27.16585,0.40546,78
2018-06-29,589500,21215823,27.409127,29.841889,27.409127,29.193153,2.027303,402
2018-07-02,150102,5327629,29.517521,29.517521,28.220048,28.220048,-0.973105,108
2018-07-03,112070,3811252,28.382232,28.382232,27.084758,27.084758,-1.13529,80
2018-07-04,87060,2885714,27.003666,27.084758,26.76039,27.003666,-0.081092,59
2018-07-05,70320,2317204,26.800936,27.003666,26.395476,26.882028,-0.121638,57
2018-07-06,72330,2392006,26.638752,27.246943,26.436022,26.922574,0.040546,45
2018-07-09,83005,2722765,26.476568,26.96312,26.476568,26.76039,-0.162184,43
2018-07-10,27000,891100,26.76039,27.003666,26.598206,27.003666,0.243276,25
2018-07-11,35000,1151050,27.003666,27.003666,26.55766,26.55766,-0.446006,29
2018-07-12,44007,1443132,26.598206,26.76039,26.476568,26.76039,0.20273,28
2018-07-13,28287,931314,26.76039,26.800936,26.598206,26.598206,-0.162184,25
2018-07-16,66000,2161400,26.55766,26.882028,26.35493,26.800936,0.20273,42
2018-07-17,560011,19950598,27.044212,29.476975,27.044212,29.476975,2.676039,339
2018-07-18,648000,23131950,29.922982,30.24735,27.328035,27.328035,-2.14894,407
2018-07-19,44860,1540482,27.936225,28.098409,27.490219,27.733495,0.40546,43
2018-07-20,23493,790065,27.530765,27.530765,27.16585,27.16585,-0.567645,26
2018-07-23,575007,20734397,27.976771,29.882435,27.571311,28.220048,1.054198,375
2018-07-24,177236,6218511,28.220048,29.071515,27.976771,28.382232,0.162184,113
2018-07-25,59420,2086406,29.04037,29.698509,28.464499,28.464499,0.082267,48
2018-07-26,32090,1109005,28.464499,28.464499,28.382232,28.382232,-0.082267,16
2018-07-27,47000,1615450,28.382232,28.382232,28.217697,28.217697,-0.164535,25
2018-07-30,80000,2779350,29.04037,29.163771,28.13543,28.217697,0.0,65
2018-07-31,58150,2022805,28.053162,29.533975,27.724093,28.834702,0.617005,50
2018-08-01,96060,3303370,28.834702,28.834702,28.053162,28.382232,-0.45247,81
2018-08-02,22000,750800,28.053162,28.341098,27.970895,28.217697,-0.164535,19
2018-08-03,69001,2344433,28.217697,28.423365,27.80636,27.929761,-0.287936,57
2018-08-06,24000,820050,27.929761,28.258831,27.929761,27.970895,0.041134,17
2018-08-07,6000,205300,27.970895,28.217697,27.970895,28.217697,0.246802,6
2018-08-08,30000,1015600,27.970895,27.970895,27.724093,27.80636,-0.411337,22
2018-08-09,183000,6469650,28.423365,29.863044,28.299964,28.546766,0.740406,132
2018-08-10,62111,2109607,28.546766,28.546766,27.80636,27.970895,-0.575871,47
2018-08-13,238359,7658271,27.559558,27.559558,25.502875,25.831944,-2.138951,140
2018-08-14,117000,3869550,26.325548,27.888628,26.325548,26.983687,1.151743,84
2018-08-15,112000,3630250,27.970895,27.970895,26.202147,26.942553,-0.041134,73
2018-08-16,89300,2863080,26.407816,26.942553,26.243281,26.695751,-0.246802,46
2018-08-17,22000,719550,26.695751,27.518425,26.490083,26.860286,0.164535,16
2018-08-20,26012,843688,26.407816,27.518425,26.366682,26.654618,-0.205668,26
2018-08-21,59280,1896117,27.107088,27.107088,26.202147,26.202147,-0.452471,45
2018-08-22,102250,3277450,26.202147,26.819152,25.914212,26.161014,-0.041133,63
2018-08-23,48430,1536217,25.790811,26.490083,25.790811,26.490083,0.329069,36
2018-08-24,27001,854681,26.078746,26.490083,25.914212,26.490083,0.0,22
2018-08-27,26064,827837,26.325548,26.490083,25.996479,26.202147,-0.287936,24
2018-08-28,40163,1276233,26.037613,26.325548,25.996479,26.202147,0.0,24
2018-08-29,13659,438508,26.325548,26.819152,26.161014,26.161014,-0.041133,14
2018-08-30,31048,986962,26.161014,26.490083,26.037613,26.202147,0.041133,27
2018-08-31,23082,733314,25.996479,26.366682,25.996479,26.243281,0.041134,21
2018-09-03,25000,790900,26.243281,26.284415,25.749677,26.078746,-0.164535,23
2018-09-04,64001,2044481,25.708543,26.736885,25.708543,26.490083,0.411337,45
2018-09-05,48000,1546850,26.325548,27.230489,26.161014,26.161014,-0.329069,37
2018-09-06,20045,647199,26.736885,26.736885,26.407816,26.490083,0.329069,20
2018-09-07,79000,2461150,25.955345,26.407816,25.214939,25.708543,-0.78154,55
2018-09-10,156000,4983200,26.407816,27.065954,24.762469,26.161014,0.452471,121
2018-09-11,4065,126567,25.502875,25.914212,25.502875,25.914212,-0.246802,5
2018-09-12,15000,463450,25.420608,25.790811,25.214939,25.708543,-0.205669,15
2018-09-13,91200,2841660,25.749677,26.284415,25.050405,25.749677,0.041134,64
2018-09-14,82000,2530950,25.749677,25.749677,25.132672,25.749677,0.0,50
2018-09-17,52879,1636011,25.297207,25.708543,25.132672,25.708543,-0.041134,33
2018-09-18,50050,1556027,25.256073,26.037613,25.256073,25.708543,0.0,36
2018-09-19,94000,2910650,25.708543,25.914212,25.256073,25.502875,-0.205668,40
2018-09-20,107000,3350900,26.243281,26.243281,25.256073,25.831944,0.329069,76
2018-09-21,13220,421108,26.11988,26.654618,25.66741,26.078746,0.246802,15
2018-09-25,11000,350150,26.078746,26.613484,25.996479,26.078746,0.0,11
2018-09-26,22000,692500,25.873078,26.407816,25.66741,26.078746,0.0,17
2018-09-27,39000,1238050,26.161014,26.366682,25.831944,25.831944,-0.246802,31
2018-09-28,81100,2563985,25.585142,26.778019,25.502875,26.366682,0.534738,58
2018-10-01,17181,544992,26.078746,26.366682,25.996479,26.078746,-0.287936,16
2018-10-02,79500,2554700,26.448949,26.695751,26.202147,26.407816,0.32907,63
2018-10-03,45700,1476550,26.736885,26.942553,26.325548,26.57235,0.164534,28
2018-10-04,35000,1093650,26.366682,26.654618,25.502875,25.708543,-0.863807,19
2018-10-05,227000,6877300,25.132672,25.790811,24.351132,25.708543,0.0,147
2018-10-08,265000,8021050,25.544009,25.585142,24.351132,25.585142,-0.123401,188
2018-10-09,49001,1544331,26.325548,26.325548,25.173806,25.708543,0.123401,34
2018-10-11,193000,5473950,23.446191,24.4334,23.158256,23.158256,-2.550287,98
2018-10-12,401000,10613650,21.224973,23.281657,21.18384,23.281657,0.123401,276
2018-10-15,56041,1563862,23.446191,23.446191,22.541251,23.117122,-0.164535,43
2018-10-16,26000,728550,23.117122,23.692993,22.705785,23.117122,0.0,24
2018-10-17,36000,1003300,22.952587,23.158256,22.829186,22.87032,-0.246802,25
2018-10-18,55558,1492692,22.212181,22.582384,21.883112,21.883112,-0.987208,47
2018-10-19,74100,1953890,21.554043,22.08878,21.307241,21.924246,0.041134,57
2018-10-22,58000,1555000,21.965379,22.829186,21.595176,22.08878,0.164534,34
2018-10-23,56001,1509727,22.129914,22.623518,21.718577,22.212181,0.123401,30
2018-10-24,37619,995053,21.759711,22.171048,21.389508,22.047647,-0.164534,17
2018-10-25,103000,2667400,20.731369,21.965379,20.731369,21.677444,-0.370203,63
2018-10-26,60000,1577550,21.800845,21.800845,21.307241,21.63631,-0.041134,36
2018-10-29,8001,211176,21.471775,22.006513,21.471775,21.883112,0.246802,9
2018-10-30,22000,571600,21.389508,21.63631,21.224973,21.595176,-0.287936,22
2018-10-31,52000,1370050,21.471775,21.965379,21.471775,21.63631,0.041134,36
2018-11-01,41086,1112204,21.800845,22.952587,21.800845,22.294449,0.658139,34
2018-11-02,21000,566200,22.006513,22.376716,21.965379,22.376716,0.082267,14
2018-11-05,6000,164400,22.294449,22.705785,22.294449,22.541251,0.164535,6
2018-11-06,3000,82550,22.705785,22.705785,22.541251,22.541251,0.0,3
2018-11-07,16003,427030,22.047647,22.047647,21.800845,21.800845,-0.740406,13
2018-11-08,241840,6244390,21.800845,22.294449,20.978171,21.63631,-0.164535,198
2018-11-09,194005,5015381,21.019305,21.554043,21.019305,21.554043,-0.082267,160
2018-11-12,301009,7781986,21.554043,21.554043,20.978171,21.389508,-0.164535,207
2018-11-13,30007,775133,21.389508,21.389508,21.019305,21.389508,0.0,25
2018-11-14,18009,465534,21.307241,21.307241,21.224973,21.266107,-0.123401,15
2018-11-15,224001,5686275,20.978171,21.18384,20.649102,20.731369,-0.534738,150
2018-11-16,77000,1936100,20.731369,20.772503,20.607968,20.731369,0.0,39
2018-11-19,10000,251950,20.731369,20.731369,20.690236,20.731369,0.0,5
2018-11-20,31000,779600,20.731369,20.731369,20.649102,20.731369,0.0,17
2018-11-21,18118,455003,20.731369,20.813637,20.4023,20.731369,0.0,16
2018-11-22,23045,577269,20.566835,20.731369,20.484567,20.690236,-0.041133,20
2018-11-23,13000,326500,20.690236,20.690236,20.566835,20.690236,0.0,10
2018-11-26,13102,328265,20.649102,20.690236,20.525701,20.525701,-0.164535,15
2018-11-27,19000,473150,20.525701,20.607968,20.4023,20.607968,0.082267,13
2018-11-28,56000,1386100,20.566835,20.566835,20.237765,20.566835,-0.041133,43
2018-11-29,30030,751191,20.566835,20.690236,20.361166,20.525701,-0.041134,17
2018-11-30,55000,1368200,20.772503,20.772503,20.320033,20.649102,0.123401,46
2018-12-03,102065,2601351,20.85477,21.389508,20.772503,21.142706,0.493604,55
2018-12-04,73000,1890800,20.937038,21.718577,20.85477,21.471775,0.329069,59
2018-12-05,27000,696700,21.224973,21.389508,21.101572,21.224973,-0.246802,21
2018-12-06,46862,1193926,21.554043,21.759711,20.566835,20.566835,-0.658138,47
2018-12-07,22000,554700,21.019305,21.060439,20.607968,20.895904,0.329069,15
2018-12-10,9000,226550,20.731369,20.895904,20.607968,20.690236,-0.205668,8
2018-12-11,23000,569800,20.649102,20.649102,20.237765,20.566835,-0.123401,17
2018-12-12,7000,175050,20.361166,20.937038,20.361166,20.525701,-0.041134,7
2018-12-13,39000,983950,20.690236,20.895904,20.566835,20.566835,0.041134,28
2018-12-14,9000,225400,20.4023,20.731369,20.4023,20.731369,0.164534,9
2018-12-17,26000,646200,20.361166,20.690236,20.320033,20.690236,-0.041133,13
2018-12-18,18001,445274,20.4023,20.484567,20.196632,20.196632,-0.493604,12
2018-12-19,30000,739450,20.525701,20.566835,20.155498,20.484567,0.287935,20
2018-12-20,46000,1125250,20.155498,20.484567,19.867562,20.196632,-0.287935,30
2018-12-21,63000,1532750,19.785295,20.4023,19.785295,20.196632,0.0,44
2018-12-22,32200,794119,20.196632,20.443434,20.196632,20.4023,0.205668,23
2018-12-24,92334,2381417,20.813637,21.554043,20.813637,21.18384,0.78154,59
2018-12-25,32200,810860,20.566835,21.060439,20.4023,21.019305,-0.164535,23
2018-12-26,7000,177000,21.019305,21.019305,20.690236,20.690236,-0.329069,7
2018-12-27,19001,478574,20.895904,21.224973,20.649102,20.690236,0.0,12
2018-12-28,15001,372324,20.566835,20.566835,20.361166,20.361166,-0.32907,10
2019-01-02,3001,74274,20.361166,20.361166,20.361166,20.361166,0.0,4
2019-01-03,15001,369174,20.237765,20.484567,19.990963,20.361166,0.0,12
2019-01-04,25000,607950,20.032097,20.320033,19.908696,20.320033,-0.041133,22
2019-01-07,25000,618300,20.443434,20.690236,20.155498,20.155498,-0.164535,24
2019-01-08,53000,1284550,19.990963,20.196632,19.332825,20.155498,0.0,40
2019-01-09,35150,879050,20.155498,20.772503,20.155498,20.649102,0.493604,32
2019-01-10,89001,2247325,20.649102,21.101572,20.649102,20.85477,0.205668,44
2019-01-11,13150,328274,20.690236,20.690236,20.320033,20.320033,-0.534737,12
2019-01-14,32005,804026,20.320033,20.895904,20.320033,20.607968,0.287935,17
2019-01-15,18000,446250,20.443434,20.443434,20.320033,20.361166,-0.246802,11
2019-01-16,131100,3415070,20.690236,22.294449,20.649102,21.348374,0.987208,94
2019-01-17,56000,1455150,21.389508,21.759711,20.813637,21.224973,-0.123401,42
2019-01-18,8000,204400,21.224973,21.224973,20.813637,20.813637,-0.411336,7
2019-01-21,3020,78078,20.772503,21.512909,20.772503,21.512909,0.699272,4
2019-01-22,2100,54250,21.307241,21.307241,21.224973,21.224973,-0.287936,3
2019-01-23,4000,101000,20.731369,20.813637,20.731369,20.772503,-0.45247,4
2019-01-24,1000,25950,21.348374,21.348374,21.348374,21.348374,0.575871,1
2019-01-25,19000,486700,20.978171,21.266107,20.978171,21.142706,-0.205668,18
2019-01-28,14000,353900,20.813637,20.813637,20.690236,20.690236,-0.45247,10
2019-01-29,13020,329009,20.731369,21.142706,20.731369,20.731369,0.041133,9
2019-01-30,32001,802624,20.566835,21.142706,20.566835,20.731369,0.0,29
2019-02-11,15000,373350,20.772503,20.895904,20.278899,20.278899,-0.45247,14
2019-02-12,14000,346100,20.320033,20.566835,20.278899,20.443434,0.164535,10
2019-02-13,37000,912550,20.361166,20.4023,20.155498,20.4023,-0.041134,27
2019-02-14,29001,710174,20.196632,20.4023,20.032097,20.237765,-0.164535,28
2019-02-15,46000,1122950,20.155498,20.566835,19.94983,20.278899,0.041134,41
2019-02-18,19000,469350,20.278899,20.484567,20.278899,20.484567,0.205668,13
2019-02-19,22000,549450,20.320033,20.649102,20.320033,20.320033,-0.164534,16
2019-02-20,88000,2260350,20.484567,21.718577,20.484567,21.348374,1.028341,63
2019-02-21,43010,1119406,21.348374,21.800845,20.895904,20.978171,-0.370203,34
2019-02-22,12011,305632,20.978171,20.978171,20.895904,20.978171,0.0,9
2019-02-25,12001,303925,20.978171,20.978171,20.690236,20.772503,-0.205668,13
2019-02-26,33001,834325,21.389508,21.389508,20.566835,20.895904,0.123401,32
2019-02-27,23001,579075,20.690236,20.85477,20.649102,20.85477,-0.041134,18
2019-03-04,35000,878950,20.690236,20.85477,20.566835,20.731369,-0.123401,26
2019-03-05,52001,1295724,20.731369,20.731369,20.361166,20.525701,-0.205668,41
2019-03-06,39419,976648,20.4023,20.566835,20.278899,20.484567,-0.041134,38
2019-03-07,12000,299000,20.4023,20.690236,20.320033,20.649102,0.164535,12
2019-03-08,16436,406562,20.196632,20.566835,20.196632,20.566835,-0.082267,17
2019-03-11,66100,1658040,20.484567,20.85477,20.361166,20.731369,0.164534,55
2019-03-12,578150,15465235,20.731369,22.788053,20.649102,22.212181,1.480812,317
2019-03-13,259150,7049850,22.623518,22.705785,21.63631,22.458983,0.246802,195
2019-03-14,38000,1038000,22.788053,22.788053,22.047647,22.212181,-0.246802,28
2019-03-15,86817,2379009,22.253315,23.117122,22.006513,22.41785,0.205669,61
2019-03-18,171003,4778084,22.458983,23.65186,22.458983,22.993721,0.575871,81
2019-03-19,231001,6051626,22.705785,22.705785,21.101572,21.307241,-1.68648,134
2019-03-20,21190,549162,21.142706,21.389508,21.101572,21.266107,-0.041134,22
2019-03-21,29004,753704,21.348374,21.677444,21.307241,21.348374,0.082267,28
2019-03-22,80210,2097652,21.924246,21.924246,21.307241,21.759711,0.411337,70
2019-03-25,12003,311876,21.677444,21.677444,21.142706,21.142706,-0.617005,13
2019-03-26,18001,462876,21.759711,21.759711,20.895904,21.348374,0.205668,16
2019-03-27,43199,1094525,21.348374,21.348374,20.690236,20.690236,-0.658138,42
2019-03-28,36101,908694,20.690236,21.060439,20.484567,20.937038,0.246802,28
2019-03-29,45100,1139915,20.895904,20.895904,20.690236,20.895904,-0.041134,26
2019-04-01,19100,484160,21.224973,21.224973,20.690236,21.019305,0.123401,11
2019-04-02,23100,583100,20.978171,20.978171,20.649102,20.772503,-0.246802,21
2019-04-03,38100,955465,20.566835,20.937038,20.443434,20.772503,0.0,29
2019-04-08,98000,2473000,20.772503,20.978171,20.525701,20.978171,0.205668,63
2019-04-09,50630,1289602,20.937038,21.307241,20.772503,21.142706,0.164535,34
2019-04-10,49100,1241859,20.895904,21.224973,20.607968,20.85477,-0.287936,40
2019-04-11,38021,951884,20.731369,20.731369,20.484567,20.484567,-0.370203,33
2019-04-12,29000,717550,20.649102,20.649102,20.114364,20.525701,0.041134,24
2019-04-15,21181,527077,20.320033,20.731369,20.320033,20.525701,0.0,27
2019-04-16,26500,659197,20.566835,20.731369,20.320033,20.484567,-0.041134,26
2019-04-17,43000,1069850,20.443434,20.566835,20.361166,20.566835,0.082268,32
2019-04-18,33001,818424,20.484567,20.484567,20.361166,20.4023,-0.164535,27
2019-04-19,15493,382827,20.484567,20.484567,20.155498,20.484567,0.082267,18
2019-04-22,30100,746464,20.320033,20.607968,20.237765,20.525701,0.041134,26
2019-04-23,21200,529659,20.320033,20.566835,20.320033,20.566835,0.041134,19
2019-04-24,24049,596810,20.649102,20.690236,20.237765,20.484567,-0.082268,22
2019-04-25,7000,173900,20.4023,20.484567,20.4023,20.484567,0.0,7
2019-04-26,359110,8906222,20.443434,20.978171,20.155498,20.731369,0.246802,114
2019-04-29,59004,1485198,21.142706,21.142706,20.320033,20.361166,-0.370203,25
2019-04-30,59011,1455170,20.361166,20.566835,20.196632,20.278899,-0.082267,32
2019-05-02,76100,1871765,20.278899,20.278899,20.155498,20.278899,0.0,45
2019-05-03,21297,527475,20.278899,20.85477,20.278899,20.320033,0.041134,17
2019-05-06,199000,4831500,19.826429,20.155498,19.744161,20.155498,-0.164535,148
2019-05-07,88000,2123400,19.94983,19.990963,19.744161,19.908696,-0.246802,71
2019-05-08,50250,1211775,19.785295,19.990963,19.785295,19.990963,0.082267,28
2019-05-09,68000,1630000,19.94983,19.94983,19.579627,19.867562,-0.123401,42
2019-05-10,12030,293480,20.566835,20.566835,19.908696,20.032097,0.164535,11
2019-05-13,66000,1597900,20.032097,20.237765,19.661894,19.990963,-0.041134,28
2019-05-14,49000,1193050,19.990963,20.443434,19.579627,20.155498,0.164535,41
2019-05-15,11099,271185,20.155498,20.237765,19.867562,20.237765,0.082267,10
2019-05-16,38110,925001,20.155498,20.155498,19.415092,19.990963,-0.246802,30
2019-05-17,47000,1127950,19.990963,20.237765,19.497359,19.990963,0.0,34
2019-05-20,8000,195850,20.484567,20.484567,19.703028,19.990963,0.0,7
2019-05-21,25000,601500,19.990963,19.990963,19.62076,19.867562,-0.123401,23
2019-05-22,43050,1029200,20.073231,20.073231,19.62076,19.867562,0.0,41
2019-05-23,294000,6989850,20.278899,20.278899,19.044889,19.826429,-0.041133,235
2019-05-24,18000,432050,19.785295,19.990963,19.579627,19.744161,-0.082268,16
2019-05-27,14000,332500,19.990963,19.990963,19.250557,19.744161,0.0,14
2019-05-28,19000,460850,19.908696,20.320033,19.867562,19.867562,0.123401,15
2019-05-29,1000,24150,19.867562,19.867562,19.867562,19.867562,0.0,1
2019-05-30,10000,238750,19.62076,19.785295,19.497359,19.785295,-0.082267,10
2019-05-31,7000,167550,19.785295,19.785295,19.538493,19.538493,-0.246802,7
2019-06-03,5000,118600,19.744161,19.744161,19.332825,19.661894,0.123401,5
2019-06-04,9000,214450,20.032097,20.032097,19.415092,19.415092,-0.246802,8
2019-06-05,6000,142150,19.497359,19.62076,19.456226,19.62076,0.205668,6
2019-06-06,4000,95200,19.579627,19.744161,19.415092,19.415092,-0.205668,4
2019-06-10,40045,936952,19.415092,19.415092,19.127156,19.415092,0.0,21
2019-06-11,98000,2284250,19.415092,19.415092,19.127156,19.127156,-0.287936,32
2019-06-12,73000,1689650,19.127156,19.373958,18.880354,18.921488,-0.205668,41
2019-06-13,176100,3916120,18.633552,18.880354,18.098814,18.098814,-0.822674,148
2019-06-14,136000,3099500,18.263349,19.086023,18.263349,18.756953,0.658139,110
2019-06-17,30100,694640,18.756953,19.127156,18.592418,19.003755,0.246802,27
2019-06-18,15001,344522,19.332825,19.373958,18.674686,18.674686,-0.329069,16
2019-06-19,8000,182250,18.756953,18.756953,18.71582,18.71582,0.041134,8
2019-06-20,69100,1555450,18.551285,18.756953,18.304483,18.551285,-0.164535,63
2019-06-21,30000,676100,18.592418,18.798087,18.304483,18.551285,0.0,26
2019-06-24,32589,731233,18.551285,18.592418,18.345616,18.345616,-0.205669,32
2019-06-25,53000,1191550,18.674686,18.674686,18.345616,18.345616,0.0,41
2019-06-26,5100,114835,18.674686,18.674686,18.427884,18.510151,0.164535,6
2019-06-27,76424,1714762,18.510151,18.510151,18.345616,18.38675,-0.123401,32
2019-06-28,34000,761800,18.38675,18.551285,18.345616,18.510151,0.123401,23
2019-07-01,50453,1147896,18.592418,19.044889,18.551285,19.044889,0.534738,36
2019-07-02,47245,1086559,18.962622,19.16829,18.674686,19.16829,0.123401,49
2019-07-03,60054,1348154,18.962622,19.127156,18.345616,18.345616,-0.822674,40
2019-07-04,689200,16544969,18.888881,20.142568,18.888881,20.058988,1.713372,363
2019-07-05,217000,5121650,20.476884,20.476884,19.390355,19.557514,-0.501474,178
2019-07-08,77500,1810200,19.850041,19.850041,19.432145,19.599303,0.041789,66
2019-07-09,37200,857370,19.557514,19.557514,19.223197,19.223197,-0.376106,31
2019-07-10,31000,716400,19.306776,19.557514,19.139618,19.432145,0.208948,25
2019-07-11,39536,915654,19.599303,19.808251,19.139618,19.432145,0.0,35
2019-07-12,20000,461000,19.223197,19.432145,19.223197,19.432145,0.0,12
2019-07-15,27600,632459,19.223197,19.223197,18.93067,19.223197,-0.208948,20
2019-07-16,14000,319550,18.97246,19.223197,18.97246,19.139618,-0.083579,13
2019-07-17,21000,480200,18.97246,19.223197,18.97246,19.223197,0.083579,17
2019-07-18,58000,1354600,19.181408,19.724672,19.181408,19.557514,0.334317,41
2019-07-19,35000,815650,19.557514,19.641093,19.306776,19.599303,0.041789,26
2019-07-22,104000,2500550,19.89183,20.393305,19.808251,20.058988,0.459685,60
2019-07-23,72000,1733000,20.560463,20.560463,19.89183,20.142568,0.08358,32
2019-07-24,8840,210766,20.142568,20.142568,19.808251,19.93362,-0.208948,10
2019-07-25,34000,820250,20.142568,20.309726,20.017199,20.184357,0.250737,24
2019-07-26,12000,289450,20.226147,20.309726,19.850041,20.184357,0.0,10
2019-07-29,11000,265250,20.184357,20.435094,19.975409,19.975409,-0.208948,9
2019-07-30,9050,215670,19.850041,20.226147,19.682882,19.682882,-0.292527,9
2019-07-31,8001,188673,19.682882,19.93362,19.515724,19.89183,0.208948,8
2019-08-01,8000,192300,20.058988,20.309726,20.058988,20.058988,0.167158,7
2019-08-02,29000,697400,20.142568,20.476884,19.682882,19.682882,-0.376106,24
2019-08-05,7674,183191,20.267936,20.267936,19.682882,19.89183,0.208948,8
2019-08-06,19057,440980,19.390355,19.850041,19.223197,19.348566,-0.543264,18
2019-08-07,7000,163500,19.223197,19.641093,19.223197,19.557514,0.208948,5
2019-08-08,10000,230850,19.223197,19.473935,19.139618,19.473935,-0.083579,9
2019-08-12,44000,1065600,21.061938,21.061938,19.724672,19.808251,0.334316,37
2019-08-13,186000,4577350,19.808251,21.229096,19.808251,20.351515,0.543264,128
2019-08-14,10000,242700,20.351515,20.685832,20.142568,20.142568,-0.208947,10
2019-08-15,3000,71600,19.89183,20.058988,19.89183,20.058988,-0.08358,3
2019-08-16,10001,239073,20.058988,20.142568,19.808251,20.142568,0.08358,11
2019-08-19,25420,604721,20.226147,20.226147,19.557514,20.142568,0.0,21
2019-08-20,13397,317928,20.058988,20.058988,19.724672,20.017199,-0.125369,10
2019-08-21,10100,243920,20.017199,20.309726,20.017199,20.226147,0.208948,10
2019-08-22,4000,95550,19.89183,20.058988,19.850041,20.058988,-0.167159,4
2019-08-23,9000,214650,19.975409,20.058988,19.766461,20.017199,-0.041789,9
2019-08-26,4000,95100,20.017199,20.017199,19.808251,19.808251,-0.208948,4
2019-08-27,140143,3206281,19.850041,19.850041,18.638143,18.888881,-0.91937,113
2019-08-28,27200,616320,18.888881,19.223197,18.805302,18.93067,0.041789,26
2019-08-29,16154,363972,19.181408,19.181408,18.554564,18.805302,-0.125368,16
2019-08-30,48150,1077702,18.805302,19.056039,18.638143,18.679933,-0.125369,33
2019-09-02,23263,519979,18.679933,18.763512,18.638143,18.763512,0.083579,20
2019-09-03,26000,580850,18.638143,18.97246,18.638143,18.97246,0.208948,18
2019-09-04,64000,1427500,19.139618,19.139618,18.470985,18.763512,-0.208948,41
2019-09-05,10000,223750,18.679933,18.888881,18.679933,18.888881,0.125369,8
2019-09-06,11001,245672,18.721723,18.763512,18.638143,18.763512,-0.125369,10
2019-09-09,6300,139980,18.638143,18.638143,18.512775,18.596354,-0.167158,8
2019-09-10,15001,335372,18.638143,18.721723,18.554564,18.721723,0.125369,16
2019-09-11,14100,313120,18.805302,18.805302,18.512775,18.554564,-0.167159,14
2019-09-12,25000,558700,18.638143,18.805302,18.596354,18.596354,0.04179,21
2019-09-16,28000,621500,18.721723,18.721723,18.429196,18.554564,-0.04179,17
2019-09-17,67000,1477800,18.470985,18.554564,18.387406,18.554564,0.0,33
2019-09-18,53000,1173850,18.554564,18.596354,18.429196,18.596354,0.04179,25
2019-09-19,9001,200122,18.596354,18.596354,18.554564,18.554564,-0.04179,8
2019-09-20,20000,445650,18.721723,18.721723,18.554564,18.638143,0.083579,14
2019-09-23,42000,933850,18.303827,18.721723,18.303827,18.638143,0.0,20
2019-09-24,35000,775800,18.470985,18.679933,18.429196,18.638143,0.0,19
2019-09-25,19000,419900,18.470985,18.596354,18.429196,18.429196,-0.208947,16
2019-09-26,27000,596800,18.638143,18.638143,18.387406,18.429196,0.0,26
2019-09-27,51000,1121150,18.345616,18.512775,18.262037,18.512775,0.083579,45
2019-10-01,27000,596750,18.638143,18.679933,18.303827,18.512775,0.0,26
2019-10-02,18000,396650,18.387406,18.512775,18.387406,18.512775,0.0,13
2019-10-03,2000,44250,18.512775,18.512775,18.470985,18.470985,-0.04179,2
2019-10-04,30000,660000,18.387406,18.638143,18.262037,18.470985,0.0,26
2019-10-07,20000,439850,18.345616,18.554564,18.303827,18.512775,0.04179,19
2019-10-08,26520,584438,18.345616,18.596354,18.303827,18.303827,-0.208948,27
2019-10-09,103150,2272679,18.888881,18.888881,18.220248,18.512775,0.208948,72
2019-10-14,54000,1184150,18.387406,18.470985,18.220248,18.429196,-0.083579,45
2019-10-15,74000,1623250,18.470985,18.470985,18.220248,18.470985,0.041789,57
2019-10-16,17000,373300,18.303827,18.387406,18.262037,18.387406,-0.083579,17
2019-10-17,25100,552680,18.888881,18.93067,18.262037,18.345616,-0.04179,26
2019-10-18,47000,1027350,18.303827,18.345616,18.178458,18.345616,0.0,40
2019-10-21,91000,1976400,18.303827,18.345616,17.96951,18.136669,-0.208947,63
2019-10-22,21000,460000,18.220248,18.387406,18.178458,18.387406,0.250737,18
2019-10-23,29400,640500,18.387406,18.387406,18.136669,18.136669,-0.250737,27
2019-10-24,79200,1714150,18.178458,18.303827,17.96951,18.0113,-0.125369,57
2019-10-25,26000,563500,18.178458,18.178458,18.05309,18.094879,0.083579,19
2019-10-28,39000,842050,18.303827,18.303827,17.96951,18.094879,0.0,34
2019-10-29,28001,604571,18.094879,18.136669,17.96951,18.094879,0.0,25
2019-10-30,36240,781696,18.094879,18.136669,17.96951,18.094879,0.0,31
2019-10-31,22000,477700,18.220248,18.220248,18.094879,18.136669,0.04179,17
2019-11-01,8292,180107,18.136669,18.220248,18.136669,18.220248,0.083579,5
2019-11-04,56320,1206696,17.718773,18.220248,17.718773,18.0113,-0.208948,41
2019-11-05,50000,1083100,18.136669,18.178458,18.0113,18.136669,0.125369,29
2019-11-06,204000,4581300,18.094879,19.390355,18.0113,19.014249,0.87758,127
2019-11-07,785654,19071042,19.139618,20.89478,19.139618,19.348566,0.334317,471
2019-11-08,95251,2203773,19.097829,19.682882,19.097829,19.557514,0.208948,73
2019-11-11,151000,3596900,19.808251,20.226147,19.390355,19.850041,0.292527,94
2019-11-12,87000,2075500,19.89183,20.142568,19.682882,19.93362,0.083579,52
2019-11-13,66220,1599008,20.89478,20.89478,19.766461,20.100778,0.167158,56
2019-11-14,183100,4510925,20.8112,20.8112,20.351515,20.435094,0.334316,106
2019-11-15,68150,1682944,20.476884,20.89478,20.476884,20.476884,0.04179,53
2019-11-18,26000,626650,20.476884,20.476884,19.89183,19.975409,-0.501475,22
2019-11-19,3600,85880,19.975409,20.100778,19.766461,20.100778,0.125369,4
2019-11-20,16000,383250,20.142568,20.142568,19.89183,20.058988,-0.04179,15
2019-11-21,17500,417550,19.89183,20.058988,19.808251,20.058988,0.0,19
2019-11-22,24332,581251,19.89183,20.351515,19.89183,20.351515,0.292527,18
2019-11-25,252310,6321886,20.85299,21.605202,20.476884,21.229096,0.877581,157
2019-11-26,590710,16043886,21.646992,23.318574,21.396254,23.067837,1.838741,384
2019-11-27,466137,13352019,23.485732,24.65584,23.485732,23.73647,0.668633,341
2019-11-28,166300,4649974,23.73647,23.820049,22.984258,23.402153,-0.334317,109
2019-11-29,98367,2763579,23.987207,23.987207,23.276784,23.318574,-0.083579,62
2019-12-02,66300,1868350,23.318574,23.820049,23.318574,23.443943,0.125369,50
2019-12-03,89090,2488511,23.318574,23.652891,23.109626,23.109626,-0.334317,54
2019-12-04,63040,1762116,23.109626,23.69468,23.109626,23.193205,0.083579,38
2019-12-05,99000,2767450,23.193205,23.652891,23.193205,23.402153,0.208948,55
2019-12-06,45500,1272850,23.402153,24.154365,23.276784,23.402153,0.0,32
2019-12-09,47001,1306427,23.402153,23.485732,23.067837,23.109626,-0.292527,29
2019-12-10,65000,1822650,23.234995,23.820049,23.109626,23.151416,0.04179,46
2019-12-11,128176,3494398,23.778259,23.778259,22.273835,22.566362,-0.585054,87
2019-12-12,82001,2184026,22.232045,22.566362,22.148466,22.566362,0.0,50
2019-12-13,74180,1990787,22.440993,22.73352,22.273835,22.482783,-0.083579,46
2019-12-16,32002,869202,23.151416,23.151416,22.524572,22.73352,0.250737,31
2019-12-17,38001,1041777,22.73352,23.234995,22.73352,22.817099,0.083579,32
2019-12-18,49000,1338350,22.858889,22.942468,22.691731,22.858889,0.04179,37
2019-12-19,37000,996350,22.858889,22.858889,22.315625,22.649941,-0.208948,26
2019-12-20,28252,748614,22.148466,22.440993,21.897729,22.357414,-0.292527,30
2019-12-23,43726,1160439,22.440993,22.440993,22.106677,22.399204,0.04179,29
2019-12-24,8000,213300,22.399204,22.566362,22.023098,22.566362,0.167158,7
2019-12-25,26000,694350,22.77531,22.77531,22.148466,22.566362,0.0,20
2019-12-26,107280,2801961,22.77531,22.77531,21.396254,21.479833,-1.086529,86
2019-12-27,61103,1565345,21.981308,21.981308,21.312675,21.312675,-0.167158,49
2019-12-30,71050,1788040,21.312675,21.312675,20.89478,20.978359,-0.334316,45
2019-12-31,38000,958250,21.061938,21.354465,20.89478,21.145517,0.167158,30
2020-01-02,64001,1606925,21.145517,21.312675,20.8112,21.229096,0.083579,58
2020-01-03,79051,1965680,21.229096,21.229096,20.100778,21.187307,-0.041789,70
2020-01-06,12000,296900,20.518674,21.061938,20.518674,20.602253,-0.585054,12
2020-01-07,22600,556100,20.978359,20.978359,20.393305,20.644042,0.041789,20
2020-01-08,12410,303353,20.435094,20.518674,20.393305,20.393305,-0.250737,14
2020-01-09,53000,1299600,20.393305,20.85299,20.393305,20.393305,0.0,27
2020-01-10,6001,146624,20.393305,20.435094,20.393305,20.435094,0.041789,7
2020-01-13,56000,1339900,20.435094,20.435094,19.724672,19.850041,-0.585053,44
2020-01-14,102800,2376540,19.348566,19.599303,19.223197,19.223197,-0.626844,77
2020-01-15,103200,2357049,19.139618,19.432145,18.805302,18.805302,-0.417895,65
2020-01-16,59041,1346488,19.139618,19.223197,18.93067,19.014249,0.208947,48
2020-01-17,77001,1748122,19.056039,19.264987,18.847091,18.93067,-0.083579,49
2020-01-20,213000,4858200,19.223197,19.390355,18.805302,18.805302,-0.125368,71
2020-01-30,84000,1853150,18.805302,18.805302,18.094879,18.262037,-0.543265,57
2020-01-31,75000,1638650,18.387406,18.638143,18.136669,18.136669,-0.125368,33
2020-02-03,62000,1300950,18.136669,18.136669,17.384457,17.635194,-0.501475,43
2020-02-04,48001,1019271,17.593404,18.262037,17.468036,17.96951,0.334316,35
2020-02-05,103001,2322122,17.96951,19.599303,17.96951,19.056039,1.086529,82
2020-02-06,307000,7314600,19.557514,20.267936,19.390355,19.850041,0.794002,144
2020-02-07,47101,1112482,19.850041,19.850041,19.390355,19.724672,-0.125369,42
2020-02-10,49000,1138350,19.724672,19.724672,19.139618,19.139618,-0.585054,40
2020-02-11,15003,339768,18.805302,19.014249,18.805302,19.014249,-0.125369,13
2020-02-12,41999,964875,19.014249,19.724672,19.014249,19.724672,0.710423,40
2020-02-13,55284,1313030,19.975409,20.017199,19.724672,19.975409,0.250737,31
2020-02-14,133001,3211824,20.058988,20.685832,19.808251,20.226147,0.250738,72
2020-02-17,80436,1938683,20.309726,20.309726,19.641093,19.975409,-0.250738,47
2020-02-18,113199,2769745,20.309726,20.89478,19.89183,20.769411,0.794002,91
2020-02-19,112006,2803351,20.769411,21.229096,20.560463,21.145517,0.376106,72
2020-02-20,934112,25616389,23.234995,23.234995,22.023098,23.109626,1.964109,491
2020-02-21,426208,11830059,23.193205,23.527522,22.858889,23.109626,0.0,242
2020-02-24,358003,10081684,23.109626,24.196155,23.109626,23.360364,0.250738,241
2020-02-25,150000,4170700,23.360364,23.402153,22.900678,23.402153,0.041789,66
2020-02-26,222001,6267778,23.569311,24.070786,23.151416,23.611101,0.208948,135
2020-02-27,549136,15946694,23.820049,24.65584,23.820049,24.196155,0.585054,338
2020-03-02,976033,29415857,24.196155,26.53637,24.196155,24.237944,0.041789,590
2020-03-03,373121,10972546,24.697629,25.073736,24.279734,24.446892,0.208948,182
2020-03-04,166051,4880840,24.488682,25.073736,24.446892,24.572261,0.125369,103
2020-03-05,338948,9918565,25.031946,25.491631,23.820049,23.903628,-0.668633,181
2020-03-06,411360,12141359,23.903628,25.449842,23.903628,24.530471,0.626843,206
2020-03-09,1349473,41851624,25.491631,26.828897,24.65584,26.57816,2.047689,917
2020-03-10,2157149,72760208,25.993106,29.085533,25.993106,28.918375,2.340215,1638
2020-03-11,1920035,63655585,29.001954,30.255641,26.034895,26.034895,-2.88348,1149
2020-03-12,872044,24791133,26.034895,26.034895,23.443943,23.443943,-2.590952,459
2020-03-13,102000,2575500,21.103727,21.103727,21.103727,21.103727,-2.340216,33
2020-03-16,988000,22552950,19.014249,19.557514,19.014249,19.014249,-2.089478,518
2020-03-17,255981,5413950,17.300878,18.345616,17.300878,17.635194,-1.379055,183
2020-03-18,205740,4534778,17.676984,18.97246,17.676984,18.763512,1.128318,156
2020-03-19,369001,7572520,18.596354,18.596354,16.924771,16.924771,-1.838741,185
2020-03-20,203619,4257399,16.924771,17.885931,16.882982,17.760563,0.835792,140
2020-03-23,57757,1205144,18.0113,18.0113,16.924771,17.593404,-0.167159,53
2020-03-24,117006,2548676,18.429196,18.429196,17.802352,18.05309,0.459686,72
2020-03-25,97175,2149100,18.888881,19.139618,18.136669,18.387406,0.334316,77
2020-03-26,141300,3228299,18.805302,19.89183,18.136669,18.97246,0.585054,100
2020-03-27,92700,2159759,18.97246,19.850041,18.97246,19.264987,0.292527,70
2020-03-30,58680,1350166,19.641093,19.641093,18.805302,19.641093,0.376106,33
2020-03-31,63000,1496850,19.975409,20.226147,19.557514,19.975409,0.334316,45
2020-04-01,122000,2959950,19.975409,20.89478,19.808251,20.267936,0.292527,45
2020-04-06,121009,2832066,20.058988,20.267936,19.306776,19.93362,-0.334316,64
2020-04-07,64000,1546700,20.560463,20.8112,19.724672,20.142568,0.208948,51
2020-04-08,125000,3011250,20.267936,20.267936,19.808251,20.226147,0.083579,72
2020-04-09,152068,3652152,19.93362,20.8112,19.724672,19.724672,-0.501475,86
2020-04-10,108001,2590324,20.184357,20.351515,19.89183,20.142568,0.417896,62
2020-04-13,125740,3005860,20.309726,20.435094,19.808251,20.058988,-0.08358,62
2020-04-14,120000,2904550,20.058988,20.393305,20.058988,20.309726,0.250738,71
2020-04-15,112000,2730100,20.393305,20.560463,20.309726,20.393305,0.083579,63
2020-04-16,228709,6020593,20.685832,22.399204,20.393305,22.399204,2.005899,149
2020-04-17,549434,15620802,24.237944,24.61405,22.566362,23.193205,0.794001,359
2020-04-20,71002,1961555,23.652891,23.652891,22.900678,23.067837,-0.125368,57
2020-04-21,116000,3143600,23.73647,23.73647,21.981308,22.023098,-1.044739,79
2020-04-22,312000,8517750,22.023098,23.318574,21.981308,22.817099,0.794001,173
2020-04-23,69001,1865427,22.77531,23.234995,22.357414,22.817099,0.0,46
2020-04-24,84000,2263750,22.942468,22.942468,22.315625,22.566362,-0.250737,43
2020-04-27,180001,4790576,22.566362,22.649941,21.730571,22.064887,-0.501475,105
2020-04-28,114000,2968350,22.106677,22.106677,21.521623,21.730571,-0.334316,80
2020-04-29,144308,3769265,21.77236,22.064887,21.730571,21.81415,0.083579,90
2020-04-30,199001,5309126,23.234995,23.234995,21.981308,22.106677,0.292527,106
2020-05-04,146003,3783678,21.897729,22.148466,21.521623,21.81415,-0.292527,80
2020-05-05,83025,2156573,21.81415,21.81415,21.521623,21.730571,-0.083579,62
2020-05-06,99000,2561550,21.81415,21.81415,21.396254,21.646992,-0.083579,64
2020-05-07,208000,5571350,21.730571,22.77531,21.730571,22.399204,0.752212,138
2020-05-08,293000,7905450,22.608152,23.234995,21.229096,21.855939,-0.543265,182
2020-05-11,263000,7107800,21.855939,23.109626,21.646992,22.900678,1.044739,162
2020-05-12,472011,13333106,23.193205,24.488682,22.942468,23.569311,0.668633,261
2020-05-13,277000,7833250,23.820049,24.112576,23.151416,23.402153,-0.167158,153
2020-05-14,173005,4730888,23.234995,23.402153,22.357414,22.858889,-0.543264,101
2020-05-15,220200,5993170,23.026047,23.652891,22.232045,23.234995,0.376106,113
2020-05-18,154000,4182050,23.234995,23.234995,21.81415,22.482783,-0.752212,78
2020-05-19,80000,2122500,22.482783,22.649941,21.897729,21.981308,-0.501475,50
2020-05-20,120163,3229699,21.939519,23.109626,21.897729,22.900678,0.91937,83
2020-05-21,45000,1236750,22.900678,23.151416,22.77531,22.942468,0.04179,38
2020-05-22,64000,1724200,22.942468,23.234995,22.315625,22.482783,-0.459685,52
2020-05-25,35000,930050,22.023098,22.482783,22.023098,22.440993,-0.04179,25
2020-05-26,66000,1790500,22.900678,22.984258,22.232045,22.73352,0.292527,43
2020-05-27,143000,3888350,22.984258,22.984258,22.482783,22.482783,-0.250737,67
2020-05-28,110000,2996650,22.77531,23.109626,22.315625,22.315625,-0.167158,69
2020-05-29,39000,1048750,22.900678,22.900678,22.315625,22.566362,0.250737,27
2020-06-01,76000,2077250,22.566362,23.067837,22.566362,22.984258,0.417896,54
2020-06-02,75000,2042650,22.817099,22.984258,22.566362,22.817099,-0.167159,48
2020-06-03,159030,4324213,22.817099,23.067837,22.566362,22.73352,-0.083579,87
2020-06-04,67000,1824600,23.067837,23.193205,22.649941,22.858889,0.125369,38
2020-06-05,373070,10400983,22.984258,23.820049,22.900678,23.652891,0.794002,225
2020-06-08,683001,20205479,23.778259,25.240894,23.652891,25.073736,1.420845,409
2020-06-09,440102,13270364,25.031946,26.160264,24.321523,24.65584,-0.417896,317
2020-06-10,175001,5089379,24.906577,24.906577,23.903628,24.822998,0.167158,118
2020-06-11,164001,4850629,25.240894,25.491631,24.237944,24.446892,-0.376106,110
2020-06-12,208099,5863111,23.569311,24.363313,22.984258,23.903628,-0.543264,127
2020-06-15,104050,3009844,24.572261,24.572261,23.945417,24.112576,0.208948,75
2020-06-16,140000,4043600,24.237944,24.572261,23.987207,24.154365,0.041789,96
2020-06-17,109000,3153850,24.572261,24.572261,24.028997,24.070786,-0.083579,69
2020-06-18,315000,9189000,24.028997,25.031946,23.820049,25.031946,0.96116,142
2020-06-19,518000,16201250,25.825948,26.870687,25.491631,25.909527,0.877581,290
2020-06-22,430100,13642944,26.57816,27.163213,26.076685,26.703528,0.794001,259
2020-06-23,216001,6804781,26.745318,27.205003,25.491631,26.076685,-0.626843,115
2020-06-24,171000,5327850,26.076685,26.243843,25.742368,26.202054,0.125369,98
2020-06-29,140000,4342050,25.491631,26.411001,25.491631,25.784158,-0.417896,85
2020-06-30,76050,2354135,26.619949,26.619949,25.700579,25.784158,0.0,59
2020-07-01,145000,4465050,25.784158,25.951316,25.57521,25.742368,-0.04179,87
2020-07-02,105000,3250200,25.953718,26.630036,25.911448,26.122798,0.38043,75
2020-07-03,116683,3609770,26.080528,26.291877,26.038258,26.207337,0.084539,70
2020-07-06,136620,4309130,26.122798,27.010465,26.122798,26.714576,0.507239,89
2020-07-07,119000,3693600,27.264085,27.264085,25.953718,26.587766,-0.12681,71
2020-07-08,109479,3423090,26.756846,26.756846,26.207337,26.545497,-0.042269,68
2020-07-09,109000,3423950,26.714576,27.052735,26.207337,26.545497,0.0,70
2020-07-10,123212,3763426,26.207337,26.207337,25.657829,25.869178,-0.676319,56
2020-07-13,115000,3570900,25.869178,26.587766,25.869178,26.334147,0.464969,60
2020-07-14,74000,2302450,26.207337,26.587766,26.080528,26.080528,-0.253619,45
2020-07-15,58110,1772699,26.080528,26.080528,25.404209,25.869178,-0.21135,46
2020-07-16,70000,2147900,26.122798,26.122798,25.869178,25.995988,0.12681,36
2020-07-17,665235,21474849,26.460957,28.574452,26.165067,28.489912,2.493924,343
2020-07-20,2113454,77511027,29.800279,31.321995,29.504389,31.110646,2.620734,1024
2020-07-21,1341500,47728498,31.406535,31.617884,28.954881,29.039421,-2.071225,834
2020-07-22,276000,9459400,29.039421,29.546659,28.616722,28.828071,-0.21135,196
2020-07-23,167075,5614778,28.616722,28.828071,28.024943,28.067213,-0.760858,121
2020-07-24,224075,7320365,27.644514,28.701261,27.221815,27.221815,-0.845398,145
2020-07-27,393000,12114500,27.179545,27.221815,25.657829,25.784638,-1.437177,203
2020-07-28,251000,7478700,25.784638,26.080528,24.516541,24.727891,-1.056747,142
2020-07-29,151500,4707350,25.319669,27.137275,25.319669,26.630036,1.902145,101
2020-07-30,45300,1418150,26.630036,26.672306,25.953718,26.630036,0.0,38
2020-07-31,93000,2895850,26.968196,26.968196,25.826908,26.630036,0.0,55
2020-08-03,43000,1334400,26.460957,26.503227,25.911448,26.503227,-0.126809,32
2020-08-04,65000,2043350,26.630036,26.841386,26.165067,26.672306,0.169079,40
2020-08-05,67000,2099200,26.672306,26.883656,26.038258,26.799116,0.12681,38
2020-08-06,61150,1944177,26.925926,27.137275,26.756846,26.925926,0.12681,46
2020-08-07,24000,764250,26.630036,27.052735,26.630036,26.968196,0.04227,21
2020-08-10,23000,728400,27.052735,27.052735,26.714576,26.925926,-0.04227,17
2020-08-11,47050,1497687,26.418687,27.390895,26.376417,26.841386,-0.08454,37
2020-08-12,42000,1330250,26.249607,27.052735,26.249607,26.799116,-0.04227,28
2020-08-13,46000,1430100,26.207337,26.587766,26.122798,26.122798,-0.676318,25
2020-08-14,36001,1114380,26.122798,26.249607,26.122798,26.122798,0.0,24
2020-08-17,78061,2408137,26.291877,26.291877,25.953718,26.165067,0.042269,50
2020-08-18,52000,1614850,26.207337,26.460957,26.122798,26.334147,0.16908,39
2020-08-19,72000,2232250,26.334147,26.630036,25.784638,26.334147,0.0,51
2020-08-20,86000,2583200,26.122798,26.122798,24.93924,25.319669,-1.014478,65
2020-08-21,36000,1095900,25.319669,26.165067,25.319669,26.122798,0.803129,29
2020-08-24,50000,1511150,25.784638,25.869178,25.361939,25.531019,-0.591779,35
2020-08-25,43000,1303050,25.995988,25.995988,25.531019,25.657829,0.12681,30
2020-08-26,69001,2074430,25.404209,25.657829,25.319669,25.361939,-0.29589,36
2020-08-27,12000,361500,25.361939,25.531019,25.361939,25.531019,0.16908,12
2020-08-28,41000,1220450,25.404209,25.446479,24.516541,25.446479,-0.08454,31
2020-08-31,33150,1020865,27.264085,27.264085,25.446479,25.531019,0.08454,27
2020-09-01,31002,932258,25.361939,25.700099,25.361939,25.531019,0.0,14
2020-09-02,24001,725980,25.531019,25.615559,25.404209,25.615559,0.08454,17
2020-09-03,19000,579150,25.488749,26.207337,25.488749,25.742368,0.126809,18
2020-09-04,24000,721100,25.361939,25.657829,25.361939,25.615559,-0.126809,19
2020-09-07,76000,2298900,25.615559,25.700099,25.361939,25.404209,-0.21135,38
2020-09-08,50326,1513110,25.404209,25.953718,25.319669,25.953718,0.549509,35
2020-09-09,20000,606950,25.531019,25.784638,25.488749,25.784638,-0.16908,14
2020-09-10,64000,1924900,25.404209,25.911448,25.319669,25.615559,-0.169079,27
2020-09-11,41000,1237000,25.869178,25.869178,25.2774,25.319669,-0.29589,33
2020-09-14,130000,3871800,25.531019,25.531019,24.93924,25.488749,0.16908,84
2020-09-15,178205,5515914,25.826908,27.475434,25.700099,26.883656,1.394907,103
2020-09-16,177000,5693050,27.052735,27.644514,26.799116,27.052735,0.169079,112
2020-09-17,144000,4666600,27.052735,27.644514,27.052735,27.306355,0.25362,80
2020-09-18,55200,1765310,27.306355,27.306355,26.799116,27.137275,-0.16908,35
2020-09-21,92000,2882900,27.137275,27.137275,26.122798,26.503227,-0.634048,58
2020-09-22,59176,1818956,26.503227,26.503227,25.784638,26.207337,-0.29589,39
2020-09-23,106000,3238400,26.122798,26.376417,25.531019,25.700099,-0.507238,65
2020-09-24,62420,1858177,25.573289,25.573289,24.516541,24.93924,-0.760859,43
2020-09-25,67000,1956000,24.854701,25.10832,24.516541,25.10832,0.16908,46
2020-09-28,41000,1224300,25.361939,25.615559,25.10832,25.531019,0.422699,22
2020-09-29,18000,540350,25.615559,25.615559,25.19286,25.488749,-0.04227,16
2020-09-30,62001,1844429,25.10832,25.700099,25.02378,25.404209,-0.08454,27
2020-10-05,21000,630700,25.361939,25.446479,25.361939,25.446479,0.04227,17
2020-10-06,219000,6592900,25.446479,25.742368,25.361939,25.446479,0.0,17
2020-10-07,54000,1639150,26.038258,26.038258,25.488749,25.657829,0.21135,35
2020-10-08,27000,818550,25.784638,25.784638,25.488749,25.573289,-0.08454,17
2020-10-12,87001,2600529,25.573289,25.573289,25.06605,25.319669,-0.25362,57
2020-10-13,29000,863050,24.854701,25.361939,24.854701,25.19286,-0.126809,23
2020-10-14,19000,571450,25.19286,25.784638,25.19286,25.404209,0.211349,15
2020-10-15,26000,775800,25.2774,25.361939,25.15059,25.23513,-0.169079,21
2020-10-16,80000,2392250,25.23513,25.361939,25.06605,25.15059,-0.08454,36
2020-10-19,55001,1659580,26.122798,26.122798,25.19286,25.615559,0.464969,29
2020-10-20,22000,656450,25.15059,25.361939,25.15059,25.361939,-0.25362,16
2020-10-21,13000,393650,25.953718,25.953718,25.361939,25.615559,0.25362,10
2020-10-22,29000,872300,25.615559,25.869178,25.19286,25.361939,-0.25362,21
2020-10-23,17000,506550,25.446479,25.446479,25.02378,25.319669,-0.04227,14
2020-10-26,46000,1368700,25.2774,25.404209,24.93924,25.319669,0.0,29
2020-10-27,38211,1140080,25.319669,25.446479,25.06605,25.361939,0.04227,32
2020-10-28,59001,1763680,25.361939,25.573289,24.93924,25.2774,-0.084539,23
2020-10-29,47000,1405800,24.93924,25.361939,24.93924,25.2774,0.0,23
2020-10-30,56000,1672450,25.2774,25.446479,25.02378,25.319669,0.042269,20
2020-11-02,86000,2568200,25.361939,25.404209,24.98151,25.2774,-0.042269,47
2020-11-03,21001,628629,25.488749,25.488749,25.23513,25.319669,0.042269,18
2020-11-04,41001,1239429,25.2774,25.784638,25.2774,25.531019,0.21135,22
2020-11-05,61001,1830329,25.361939,25.531019,25.19286,25.2774,-0.253619,23
2020-11-06,96318,2911740,25.615559,25.869178,25.19286,25.742368,0.464968,45
2020-11-09,407963,12983885,25.404209,28.278562,25.361939,28.278562,2.536194,209
2020-11-10,799450,27777204,29.588929,30.180708,28.785801,29.673469,1.394907,463
2020-11-11,2993592,112671191,29.842549,32.632362,29.29304,32.463282,2.789813,1300
2020-11-12,2209628,83549106,32.463282,32.885981,30.603407,31.702424,-0.760858,977
2020-11-13,4714091,187770716,32.209663,34.872667,31.786964,33.815919,2.113495,2190
2020-11-16,5007663,199036852,33.815919,34.788127,31.871504,34.238618,0.422699,2673
2020-11-17,1930285,77798125,34.407698,34.957206,33.224141,34.196348,-0.04227,1137
2020-11-18,2681092,110557769,34.661317,36.013954,34.111808,34.449968,0.25362,1550
2020-11-19,1814699,72031477,34.196348,34.788127,32.167393,32.294203,-2.155765,1007
2020-11-20,1519078,56771015,32.716902,32.970521,30.222978,30.857026,-1.437177,917
2020-11-23,794151,28274499,31.026106,31.110646,29.588929,29.927088,-0.929938,479
2020-11-24,889402,32056918,29.758009,31.195185,29.758009,29.927088,0.0,536
2020-11-25,538462,18768896,30.476597,30.476597,28.743531,29.37758,-0.549508,307
2020-11-26,480040,16958096,29.12396,30.392057,29.12396,29.758009,0.380429,323
2020-11-27,365001,12666335,29.2085,29.546659,29.2085,29.33531,-0.422699,204
2020-11-30,250252,8726750,29.29304,30.265248,29.29304,29.29304,-0.04227,164
2020-12-01,240020,8422397,29.46212,30.180708,29.37758,29.504389,0.211349,150
2020-12-02,695300,23754560,30.011628,30.138438,28.067213,28.067213,-1.437176,388
2020-12-03,361090,11850779,27.940403,28.363102,27.221815,27.221815,-0.845398,233
2020-12-04,254000,8213200,27.306355,27.686784,27.095005,27.095005,-0.12681,166
2020-12-07,213000,6717850,27.095005,27.095005,26.376417,26.545497,-0.549508,157
2020-12-08,237001,7551779,26.291877,27.813594,25.995988,27.475434,0.929937,181
2020-12-09,474048,14968499,27.475434,27.602244,26.291877,26.714576,-0.760858,300
2020-12-10,458280,14210061,26.714576,26.968196,25.700099,25.869178,-0.845398,298
2020-12-11,457150,13805442,25.826908,26.165067,25.2774,25.700099,-0.169079,268
2020-12-14,109000,3317550,25.784638,25.869178,25.531019,25.784638,0.084539,79
2020-12-15,186020,5577647,25.700099,25.700099,25.19286,25.19286,-0.591778,132
2020-12-16,261000,7981000,25.361939,26.376417,25.319669,26.207337,1.014477,181
2020-12-17,107150,3299165,26.756846,26.756846,25.700099,26.249607,0.04227,76
2020-12-18,79002,2436060,26.291877,26.291877,25.911448,26.122798,-0.126809,65
2020-12-21,69000,2104300,26.207337,26.207337,25.615559,26.038258,-0.08454,59
2020-12-22,225100,6766750,26.038258,26.122798,24.93924,25.19286,-0.845398,148
2020-12-23,124002,3719008,25.19286,25.488749,25.19286,25.319669,0.126809,79
2020-12-24,194494,5927634,25.404209,26.165067,25.361939,25.911448,0.591779,92
2020-12-25,128000,3912250,26.122798,26.165067,25.615559,25.615559,-0.295889,79
2020-12-28,99000,2991900,25.995988,25.995988,25.361939,25.531019,-0.08454,70
2020-12-29,249161,7550227,25.531019,25.784638,25.446479,25.615559,0.08454,119
2020-12-30,186001,5701180,25.615559,26.714576,25.615559,25.826908,0.211349,120
2020-12-31,84000,2548150,25.826908,25.869178,25.446479,25.446479,-0.380429,66
2021-01-04,176000,5291500,25.573289,25.615559,25.23513,25.319669,-0.12681,112
2021-01-05,197001,5887579,25.2774,25.615559,25.10832,25.2774,-0.042269,117
2021-01-06,387067,11389668,25.446479,25.615559,23.924763,24.89697,-0.38043,209
2021-01-07,114000,3358500,24.854701,25.23513,24.685621,24.89697,0.0,76
2021-01-08,81000,2385350,24.93924,25.19286,24.685621,24.93924,0.04227,59
2021-01-11,624000,19040800,26.038258,26.460957,24.93924,25.995988,1.056748,399
2021-01-12,151000,4531850,25.995988,25.995988,24.93924,24.93924,-1.056748,119
2021-01-13,155001,4670930,25.319669,25.869178,25.02378,25.446479,0.507239,114
2021-01-14,90000,2727200,25.446479,25.826908,25.446479,25.531019,0.08454,64
2021-01-15,175000,5269000,25.953718,25.953718,25.06605,25.361939,-0.16908,111
2021-01-18,260000,7963550,25.15059,26.630036,25.15059,25.911448,0.549509,164
2021-01-19,392067,12376900,26.122798,27.729054,26.122798,26.587766,0.676318,262
2021-01-20,195068,5900418,26.587766,26.630036,25.15059,25.19286,-1.394906,140
2021-01-21,97000,2910450,25.319669,26.038258,25.06605,25.2774,0.08454,72
2021-01-22,42000,1259450,25.2774,25.742368,25.2774,25.404209,0.126809,25
2021-01-25,125001,3752079,26.080528,26.080528,25.15059,25.531019,0.12681,67
2021-01-26,92000,2750200,25.404209,25.404209,25.19286,25.2774,-0.253619,44
2021-01-27,57663,1726909,25.869178,25.869178,25.15059,25.488749,0.211349,43
2021-01-28,122000,3638500,25.488749,25.826908,24.93924,25.446479,-0.04227,85
2021-01-29,122001,3640979,25.404209,25.742368,25.06605,25.06605,-0.380429,58
2021-02-01,118000,3499700,25.06605,25.361939,24.93924,25.02378,-0.04227,62
2021-02-02,67001,1990379,25.10832,25.319669,25.06605,25.06605,0.04227,30
2021-02-03,57000,1695050,25.531019,25.531019,24.98151,25.19286,0.12681,43
2021-02-04,74002,2180608,24.93924,25.15059,24.685621,24.89697,-0.29589,57
2021-02-05,71001,2090232,25.404209,25.404209,24.770161,24.854701,-0.042269,56
2021-02-17,92000,2711500,24.854701,25.2774,24.770161,24.812431,-0.04227,64
2021-02-18,63000,1865950,24.98151,25.23513,24.854701,25.06605,0.253619,50
2021-02-19,113000,3376800,25.23513,25.531019,25.02378,25.404209,0.338159,81
2021-02-22,152003,4568889,25.531019,25.784638,25.19286,25.361939,-0.04227,106
2021-02-23,98001,2972383,25.446479,26.038258,25.361939,25.531019,0.16908,84
2021-02-24,136000,4089800,25.784638,25.784638,25.319669,25.319669,-0.21135,92
2021-02-25,60002,1803707,25.488749,25.488749,25.319669,25.361939,0.04227,48
2021-02-26,100054,2997973,25.361939,25.531019,25.19286,25.404209,0.04227,113
2021-03-02,107003,3196340,25.361939,25.911448,24.98151,24.98151,-0.422699,78
2021-03-03,86000,2557350,25.446479,25.446479,24.93924,25.2774,0.29589,57
2021-03-04,89000,2632800,25.10832,25.19286,24.89697,25.02378,-0.25362,54
2021-03-05,38000,1122650,25.10832,25.10832,24.770161,24.93924,-0.08454,33
2021-03-08,44004,1298214,25.19286,25.19286,24.812431,24.854701,-0.084539,36
2021-03-09,78052,2290270,25.06605,25.10832,24.727891,24.812431,-0.04227,54
2021-03-10,31001,909429,24.812431,24.93924,24.727891,24.770161,-0.04227,20
2021-03-11,126000,3665100,24.643351,24.89697,24.474271,24.643351,-0.12681,70
2021-03-12,136500,3974850,24.685621,24.854701,24.474271,24.601081,-0.04227,65
2021-03-15,88000,2553750,24.432002,24.643351,24.432002,24.516541,-0.08454,47
2021-03-16,106145,3077188,24.558811,24.643351,24.432002,24.643351,0.12681,63
2021-03-17,118001,3417329,24.601081,24.643351,24.389732,24.516541,-0.12681,73
2021-03-18,44030,1276799,24.516541,24.601081,24.474271,24.558811,0.04227,32
2021-03-19,149005,4324895,24.516541,25.319669,24.305192,25.02378,0.464969,90
2021-03-22,121002,3593258,25.361939,25.361939,24.93924,25.10832,0.08454,78
2021-03-23,89100,2613109,24.93924,25.02378,24.727891,24.727891,-0.380429,72
2021-03-24,61001,1779379,24.727891,24.93924,24.516541,24.601081,-0.12681,50
2021-03-25,45000,1308700,24.770161,24.770161,24.516541,24.516541,-0.08454,36
2021-03-26,47145,1363626,24.516541,24.558811,24.347462,24.474271,-0.04227,38
2021-03-29,181003,5218234,24.558811,24.685621,24.093842,24.516541,0.04227,111
2021-03-30,112098,3247492,24.516541,24.770161,24.347462,24.558811,0.04227,62
2021-03-31,111000,3194750,24.558811,24.558811,24.178382,24.347462,-0.211349,49
2021-04-01,68438,1972486,24.305192,24.474271,24.262922,24.474271,0.126809,36
2021-04-06,117052,3442723,24.601081,25.06605,24.601081,24.93924,0.464969,69
2021-04-07,108001,3188928,25.2774,25.2774,24.854701,25.02378,0.08454,67
2021-04-08,125002,3687408,25.02378,25.19286,24.854701,24.854701,-0.169079,75
2021-04-09,155002,4632908,24.89697,25.446479,24.89697,25.319669,0.464968,99
2021-04-12,837943,26489019,25.573289,27.264085,25.446479,26.672306,1.352637,520
2021-04-13,530075,16484515,27.264085,27.264085,25.446479,25.488749,-1.183557,308
2021-04-14,141005,4198848,25.488749,25.784638,24.727891,25.23513,-0.253619,104
2021-04-15,107000,3192700,25.23513,25.404209,25.02378,25.2774,0.04227,73
2021-04-16,390840,11506330,25.15059,25.2774,24.601081,24.770161,-0.507239,202
2021-04-19,182406,5450507,25.02378,25.531019,24.854701,25.319669,0.549508,127
2021-04-20,199024,5930962,25.615559,25.657829,25.02378,25.361939,0.04227,115
2021-04-21,666554,20915460,25.531019,27.179545,25.404209,26.968196,1.606257,429
2021-04-22,2853023,98085646,28.658991,29.631199,27.898133,29.631199,2.663003,1388
2021-04-23,3424626,129763085,32.125123,32.590092,30.857026,32.590092,2.958893,1629
2021-04-26,7518800,298446345,34.576777,35.844874,30.603407,30.603407,-1.986685,4072
2021-04-27,2121350,76847232,30.772486,31.617884,29.758009,30.687947,0.08454,1327
2021-04-28,2653843,98864000,31.617884,32.885981,30.518867,30.941566,0.253619,1527
2021-04-29,1922156,71446632,30.941566,32.378743,30.645677,31.068376,0.12681,1130
2021-05-03,1511057,52388858,31.068376,31.617884,27.982673,27.982673,-3.085703,891
2021-05-04,1094700,34170215,28.109483,28.743531,25.19286,25.826908,-2.155765,621
2021-05-05,390858,12158867,25.869178,27.052735,25.361939,26.165067,0.338159,256
2021-05-06,467186,14228199,26.291877,26.841386,25.19286,25.361939,-0.803128,280
2021-05-07,594068,17960460,25.404209,26.376417,25.02378,25.742368,0.380429,340
2021-05-10,490950,15506806,27.137275,27.898133,26.122798,26.376417,0.634049,320
2021-05-11,710002,21121408,26.756846,26.756846,24.347462,24.812431,-1.563986,394
2021-05-12,813157,22172990,24.262922,24.685621,22.360777,22.360777,-2.451654,441
2021-05-13,369405,9420778,20.96587,22.445316,20.71225,21.768998,-0.591779,230
2021-05-14,282508,7403363,22.276237,23.459794,21.599918,21.895808,0.12681,166
2021-05-17,456028,10802620,19.866853,20.83906,19.740043,19.866853,-2.028955,269
2021-05-18,267396,6603108,19.697773,21.684458,19.697773,21.430839,1.563986,178
2021-05-19,109815,2797162,22.360777,22.360777,21.177219,21.726728,0.295889,89
2021-05-20,191024,4744497,21.726728,21.726728,20.500901,21.05041,-0.676318,105
2021-05-21,330150,8462343,21.726728,22.403046,21.134949,21.980347,0.929937,179
2021-05-24,84089,2162645,21.557648,22.022617,21.346299,21.853538,-0.126809,68
2021-05-25,187001,4980226,22.149427,23.248444,22.064887,22.360777,0.507239,130
2021-05-26,153001,4036925,22.487586,22.529856,22.191697,22.360777,0.0,76
2021-05-27,195000,5121500,22.233967,22.698936,21.980347,22.529856,0.169079,109
2021-05-28,174100,4658113,22.741206,22.994825,22.276237,22.487586,-0.04227,109
2021-05-31,174151,4639279,22.487586,23.248444,22.276237,22.614396,0.12681,93
2021-06-01,424051,11723267,22.783476,23.882493,22.741206,23.206175,0.591779,238
2021-06-02,342299,9644001,23.375254,24.262922,23.332984,23.671143,0.464968,190
2021-06-03,103004,2867960,24.093842,24.093842,23.332984,23.375254,-0.295889,75
2021-06-04,36000,992950,23.375254,23.671143,23.079365,23.248444,-0.12681,26
2021-06-07,55023,1490331,23.248444,23.248444,22.403046,23.206175,-0.042269,41
2021-06-08,67032,1829276,23.163905,23.459794,22.910285,22.910285,-0.29589,37
2021-06-09,146023,3905778,22.910285,22.910285,22.487586,22.529856,-0.380429,66
2021-06-10,65001,1751775,23.206175,23.206175,22.529856,22.994825,0.464969,39
2021-06-11,48400,1305650,22.487586,23.037095,22.487586,22.825745,-0.16908,43
2021-06-15,92100,2534700,22.868015,23.544334,22.868015,23.417524,0.591779,74
2021-06-16,52001,1430627,23.671143,23.671143,23.079365,23.248444,-0.16908,36
2021-06-17,33000,907200,23.248444,23.375254,23.121635,23.332984,0.08454,24
2021-06-18,79000,2182350,23.502064,23.586604,23.163905,23.375254,0.04227,58
2021-06-21,122002,3276402,23.163905,23.163905,22.529856,22.572126,-0.803128,82
2021-06-22,111252,2970028,22.529856,22.994825,22.403046,22.403046,-0.16908,71
2021-06-23,73019,1938303,22.445316,22.698936,22.233967,22.403046,0.0,49
2021-06-24,49103,1304880,22.487586,22.656666,22.318507,22.572126,0.16908,38
2021-06-25,67000,1778600,22.572126,22.614396,22.233967,22.572126,0.0,45
2021-06-28,145002,3827202,22.572126,22.572126,22.233967,22.445316,-0.12681,79
2021-06-29,240548,6177758,22.318507,22.360777,21.304029,21.642188,-0.803128,153
2021-06-30,48085,1246712,22.318507,22.318507,21.726728,21.980347,0.338159,35
2021-07-01,108060,2796303,22.276237,22.276237,21.726728,21.853538,-0.126809,60
2021-07-02,54033,1396253,22.233967,22.233967,21.726728,21.726728,-0.12681,42
2021-07-05,73000,1900950,22.149427,22.233967,21.853538,21.853538,0.12681,54
2021-07-06,111585,2923816,21.895808,22.403046,21.895808,22.276237,0.422699,82
2021-07-07,46001,1208973,22.276237,22.403046,21.980347,22.318507,0.04227,35
2021-07-08,802033,22798706,22.403046,24.516541,22.403046,24.516541,2.198034,464
2021-07-09,851450,24832560,24.93924,25.2774,24.093842,24.347462,-0.169079,566
2021-07-12,527111,15659580,26.291877,26.291877,24.516541,24.601081,0.253619,329
2021-07-13,313070,8988864,24.601081,24.685621,23.755683,24.093842,-0.507239,179
2021-07-14,101003,2836484,23.755683,24.051573,23.544334,23.713413,-0.380429,70
2021-07-15,40402,1145625,23.840223,24.262922,23.755683,24.051573,0.33816,33
2021-07-16,37087,1047715,23.671143,24.051573,23.671143,24.051573,0.0,31
2021-07-19,32280,911685,24.220652,24.220652,23.755683,23.967033,-0.08454,35
2021-07-20,42180,1185206,23.671143,24.009303,23.671143,23.755683,-0.21135,36
2021-07-21,85304,2406314,23.840223,24.093842,23.713413,23.797953,0.04227,63
2021-07-22,105005,2985187,24.093842,24.136112,23.967033,24.051573,0.25362,59
2021-07-23,89006,2544521,24.093842,24.262922,24.093842,24.220652,0.169079,57
2021-07-26,113000,3254600,24.347462,24.93924,24.093842,24.643351,0.422699,82
2021-07-27,139218,4030578,24.93924,25.02378,24.220652,24.347462,-0.295889,99
2021-07-28,85110,2404611,24.136112,24.389732,23.671143,23.840223,-0.507239,58
2021-07-29,37077,1052533,23.840223,24.262922,23.840223,24.262922,0.422699,27
2021-07-30,88000,2477100,24.178382,24.178382,23.671143,23.671143,-0.591779,61
2021-08-02,84188,2382636,23.800494,24.619714,23.800494,24.576597,0.905454,67
2021-08-03,29124,832328,24.576597,24.964649,24.576597,24.662831,0.086234,19
2021-08-04,58025,1662562,24.662831,24.835298,24.188545,24.835298,0.172467,38
2021-08-05,35046,1001319,24.835298,24.878415,24.40413,24.619714,-0.215584,29
2021-08-06,40180,1144645,24.53348,24.619714,24.447246,24.576597,-0.043117,31
2021-08-09,40030,1138558,24.576597,24.662831,24.274779,24.662831,0.086234,34
2021-08-10,21006,598571,24.53348,24.619714,24.53348,24.576597,-0.086234,11
2021-08-11,157003,4345381,24.40413,24.576597,23.455559,23.541793,-1.034804,81
2021-08-12,52001,1407227,23.58491,23.628027,23.067508,23.455559,-0.086234,35
2021-08-13,19000,510550,23.541793,23.541793,22.938157,23.196858,-0.258701,17
2021-08-16,15296,398250,22.679456,22.679456,22.334521,22.506989,-0.689869,18
2021-08-17,26300,689569,22.550106,23.369326,22.420755,23.369326,0.862337,19
2021-08-18,11299,301643,22.679456,23.412442,22.636339,23.412442,0.043116,10
2021-08-19,18094,482192,23.110625,23.283092,22.722573,23.283092,-0.12935,15
2021-08-20,12079,321121,22.851924,23.283092,22.636339,22.636339,-0.646753,16
2021-08-23,38000,1007200,22.722573,23.283092,22.722573,23.196858,0.560519,18
2021-08-24,32000,842500,22.851924,22.938157,22.420755,22.938157,-0.258701,28
2021-08-25,16000,425400,22.938157,23.283092,22.76569,23.196858,0.258701,12
2021-08-26,62000,1671750,23.196858,23.71426,22.89504,23.628027,0.431169,17
2021-08-27,21216,577167,23.628027,23.71426,23.110625,23.58491,-0.043117,19
2021-08-30,13678,372520,23.58491,23.58491,23.283092,23.283092,-0.301818,16
2021-08-31,5207,140751,22.981274,23.58491,22.981274,23.541793,0.258701,7
2021-09-01,28086,762622,23.628027,23.628027,23.239975,23.283092,-0.258701,19
2021-09-02,9000,240800,22.938157,23.196858,22.938157,23.110625,-0.172467,8
2021-09-03,21025,569970,23.110625,23.628027,23.110625,23.58491,0.474285,16
2021-09-06,25020,674088,23.196858,23.455559,23.196858,23.455559,-0.129351,13
2021-09-07,31000,834950,23.369326,23.541793,23.110625,23.110625,-0.344934,20
2021-09-08,23040,615822,23.239975,23.283092,22.89504,23.283092,0.172467,11
2021-09-09,41000,1099400,22.938157,23.541793,22.89504,23.153741,-0.129351,26
2021-09-10,36000,966950,23.326209,23.326209,22.89504,23.283092,0.129351,13
2021-09-13,44000,1173050,22.981274,23.153741,22.938157,23.024391,-0.258701,21
2021-09-14,26001,700976,22.89504,23.412442,22.89504,23.283092,0.258701,15
2021-09-15,68070,1794320,22.981274,23.024391,22.377638,22.851924,-0.431168,44
2021-09-16,42048,1101794,22.851924,22.851924,22.420755,22.679456,-0.172468,29
2021-09-17,18000,471000,22.463872,22.808807,22.463872,22.550106,-0.12935,15
2021-09-22,3006,78908,22.636339,22.636339,22.636339,22.636339,0.086233,5
2021-09-23,31000,813600,22.679456,22.938157,22.593222,22.76569,0.129351,20
2021-09-24,11000,289300,22.593222,22.808807,22.593222,22.76569,0.0,5
2021-09-27,16000,420800,22.722573,22.76569,22.463872,22.76569,0.0,12
2021-09-28,68108,1779474,22.550106,22.722573,22.420755,22.463872,-0.301818,25
2021-09-29,44000,1144100,21.774003,22.679456,21.774003,22.679456,0.215584,22
2021-09-30,11000,285050,22.162054,22.550106,22.118937,22.550106,-0.12935,6
2021-10-01,34002,882502,22.162054,22.506989,22.118937,22.506989,-0.043117,25
2021-10-04,66001,1688875,22.248288,23.024391,21.774003,21.817119,-0.68987,39
2021-10-05,32000,804150,21.558418,21.860236,21.558418,21.774003,-0.043116,18
2021-10-06,25000,631900,21.817119,21.860236,21.687769,21.687769,-0.086234,13
2021-10-07,14000,356450,21.817119,22.205171,21.774003,21.903353,0.215584,12
2021-10-08,8000,203500,22.07582,22.07582,21.774003,21.774003,-0.12935,6
2021-10-12,17000,430400,21.817119,21.989587,21.817119,21.903353,0.12935,12
2021-10-13,18021,456885,21.817119,21.94647,21.687769,21.903353,0.0,17
2021-10-14,10000,252450,21.687769,21.94647,21.687769,21.730886,-0.172467,9
2021-10-15,10110,258674,21.774003,22.420755,21.774003,22.205171,0.474285,12
2021-10-18,29001,740125,22.032704,22.162054,21.989587,22.07582,-0.129351,8
2021-10-19,14249,366136,22.162054,22.205171,22.118937,22.118937,0.043117,15
2021-10-20,29050,742727,22.162054,22.248288,21.989587,22.07582,-0.043117,15
2021-10-21,15054,386237,22.07582,22.377638,22.032704,22.032704,-0.043116,13
2021-10-22,32242,827332,22.593222,22.593222,21.989587,22.377638,0.344934,20
2021-10-25,38578,1014609,21.94647,22.938157,21.94647,22.851924,0.474286,29
2021-10-26,6114,162847,22.89504,23.024391,22.89504,23.024391,0.172467,9
2021-10-27,43000,1160900,22.938157,23.455559,22.938157,23.369326,0.344935,31
2021-10-28,5221,141000,23.024391,23.369326,23.024391,23.369326,0.0,6
2021-10-29,13000,350200,23.369326,23.369326,23.110625,23.153741,-0.215585,11
2021-11-01,30080,809160,23.153741,23.455559,23.110625,23.196858,0.043117,19
2021-11-02,19001,508675,23.412442,23.412442,22.981274,23.024391,-0.172467,11
2021-11-03,35002,931402,23.024391,23.024391,22.808807,23.024391,0.0,20
2021-11-04,54000,1454750,23.326209,23.412442,22.938157,23.283092,0.258701,30
2021-11-05,54001,1474727,23.455559,23.929844,23.326209,23.326209,0.043117,38
2021-11-08,20000,545750,23.110625,23.71426,23.110625,23.498676,0.172467,17
2021-11-09,88009,2407338,23.71426,23.71426,23.369326,23.541793,0.043117,29
2021-11-10,93999,2572120,23.757377,23.757377,23.455559,23.628027,0.086234,37
2021-11-11,33000,908550,23.541793,23.929844,23.541793,23.71426,0.086233,28
2021-11-12,22011,607938,24.059195,24.059195,23.71426,23.843611,0.129351,16
2021-11-15,74000,2018500,23.843611,23.972961,22.851924,23.541793,-0.301818,46
2021-11-16,34000,931250,23.239975,23.71426,23.196858,23.498676,-0.043117,23
2021-11-17,26001,708877,23.628027,23.671143,23.455559,23.498676,0.0,15
2021-11-18,19000,516750,23.369326,23.671143,23.369326,23.455559,-0.043117,13
2021-11-19,33000,903100,23.412442,23.757377,23.412442,23.71426,0.258701,22
2021-11-22,230514,6558438,23.972961,25.137116,23.972961,24.705947,0.991687,156
2021-11-23,48060,1369712,24.705947,24.749064,24.317896,24.447246,-0.258701,44
2021-11-24,78013,2240219,24.662831,24.921532,24.576597,24.576597,0.129351,48
2021-11-25,32000,916650,25.007765,25.007765,24.490363,24.53348,-0.043117,25
2021-11-26,41010,1150230,24.835298,24.835298,23.929844,23.929844,-0.603636,40
2021-11-29,60000,1623400,22.981274,23.71426,22.981274,23.671143,-0.258701,32
2021-11-30,21000,578750,24.059195,24.059195,23.58491,23.800494,0.129351,14
2021-12-01,17000,473150,23.929844,24.317896,23.929844,23.972961,0.172467,13
2021-12-02,18000,501900,24.102312,24.145429,23.843611,23.972961,0.0,14
2021-12-03,18000,505550,24.317896,24.40413,23.972961,24.231662,0.258701,15
2021-12-06,15001,418277,24.145429,24.40413,23.757377,24.317896,0.086234,14
2021-12-07,187036,5371240,24.490363,24.964649,24.231662,24.921532,0.603636,94
2021-12-08,71002,2050156,25.007765,25.093999,24.749064,24.835298,-0.086234,47
2021-12-09,47026,1359795,24.749064,25.007765,24.749064,24.835298,0.0,40
2021-12-10,21740,627464,24.964649,24.964649,24.835298,24.878415,0.043117,17
2021-12-13,307076,9089580,25.007765,25.913219,25.007765,25.309583,0.431168,168
2021-12-14,69074,2000227,25.093999,25.180233,24.835298,24.835298,-0.474285,53
2021-12-15,11011,318267,24.921532,24.964649,24.921532,24.921532,0.086234,9
2021-12-16,58507,1717469,25.007765,25.611401,24.576597,25.309583,0.388051,44
2021-12-17,41000,1195650,25.438934,25.438934,24.835298,24.921532,-0.388051,34
2021-12-20,28122,807628,24.835298,25.137116,24.619714,24.705947,-0.215585,29
2021-12-21,15000,428200,24.576597,24.749064,24.53348,24.749064,0.043117,15
2021-12-22,16000,463100,25.093999,25.137116,24.749064,24.964649,0.215585,14
2021-12-23,26000,747950,24.921532,25.137116,24.576597,25.137116,0.172467,14
2021-12-24,20100,579350,24.878415,24.964649,24.619714,24.878415,-0.258701,14
2021-12-27,60441,1784325,25.007765,25.740752,25.007765,25.395817,0.517402,50
2021-12-28,24082,703706,24.792181,25.482051,24.792181,25.309583,-0.086234,22
2021-12-29,55024,1602206,25.309583,25.395817,24.921532,25.309583,0.0,36
2021-12-30,13000,378900,25.309583,25.309583,24.921532,25.266466,-0.043117,11
2022-01-03,116103,3373658,25.050882,25.482051,24.921532,24.964649,-0.301817,65
2022-01-04,55026,1607459,25.093999,25.438934,24.964649,25.093999,0.12935,38
2022-01-05,62028,1775946,25.093999,25.093999,24.576597,24.662831,-0.431168,34
2022-01-06,62328,1778271,24.619714,25.007765,24.447246,24.576597,-0.086234,54
2022-01-07,25000,707050,24.53348,24.576597,24.317896,24.490363,-0.086234,19
2022-01-10,6020,170672,24.490363,24.490363,24.40413,24.40413,-0.086233,9
2022-01-11,69178,1921160,24.447246,24.447246,23.71426,23.972961,-0.431169,47
2022-01-12,27763,780508,24.188545,24.878415,23.929844,24.231662,0.258701,28
2022-01-13,20153,561626,23.972961,24.231662,23.972961,24.188545,-0.043117,17
2022-01-14,33000,918400,24.016078,24.274779,23.886728,24.145429,-0.043116,18
2022-01-17,40000,1109650,23.972961,24.145429,23.800494,24.145429,0.0,19
2022-01-18,37000,1023000,23.843611,24.016078,23.800494,23.886728,-0.258701,24
2022-01-19,12000,331950,23.886728,23.972961,23.800494,23.886728,0.0,9
2022-01-20,6000,165500,23.886728,23.886728,23.71426,23.843611,-0.043117,6
2022-01-21,43000,1186950,23.800494,23.843611,23.800494,23.843611,0.0,20
2022-01-24,19000,525950,23.800494,24.145429,23.757377,23.972961,0.12935,13
2022-01-25,8000,220500,23.757377,23.843611,23.757377,23.843611,-0.12935,8
2022-01-26,43000,1196450,23.843611,24.231662,23.843611,24.059195,0.215584,18
2022-02-07,26001,717627,23.929844,24.145429,23.412442,24.145429,0.086234,16
2022-02-08,20025,559200,23.972961,24.145429,23.972961,24.145429,0.0,15
2022-02-09,27013,766220,24.145429,24.619714,24.145429,24.490363,0.344934,21
2022-02-10,33035,934343,24.835298,24.835298,24.274779,24.662831,0.172468,30
2022-02-11,10007,284497,24.619714,24.619714,24.361013,24.361013,-0.301818,12
2022-02-14,75002,2092354,24.576597,24.576597,23.972961,24.145429,-0.215584,35
2022-02-15,7000,196950,24.145429,24.53348,24.145429,24.361013,0.215584,7
2022-02-16,46000,1307000,24.361013,24.662831,24.361013,24.53348,0.172467,26
2022-02-17,12000,342900,24.705947,24.705947,24.447246,24.662831,0.129351,10
2022-02-18,19000,538400,24.231662,24.705947,24.231662,24.705947,0.043116,17
2022-02-21,134568,3900431,24.705947,25.3527,24.447246,25.180233,0.474286,69
2022-02-22,40043,1156862,25.180233,25.180233,24.749064,24.921532,-0.258701,67
2022-02-23,34000,978800,24.749064,25.007765,24.705947,25.007765,0.086233,24
2022-02-24,28000,795400,24.878415,24.878415,24.40413,24.576597,-0.431168,21
2022-02-25,16000,455650,24.576597,24.705947,24.447246,24.705947,0.12935,12
2022-03-01,11001,315627,24.705947,24.835298,24.576597,24.749064,0.043117,10
2022-03-02,16025,456607,24.749064,24.749064,24.447246,24.705947,-0.043117,16
2022-03-03,8002,228957,24.749064,24.749064,24.576597,24.662831,-0.043116,9
2022-03-04,15024,434533,25.180233,25.180233,24.749064,24.878415,0.215584,16
2022-03-07,53000,1507700,24.878415,24.878415,24.145429,24.749064,-0.129351,43
2022-03-08,69001,1944828,24.102312,24.576597,24.102312,24.231662,-0.517402,46
2022-03-09,41204,1162791,24.274779,24.490363,24.231662,24.490363,0.258701,37
2022-03-10,27001,772178,24.964649,24.964649,24.576597,24.662831,0.172468,19
2022-03-11,605397,18141148,25.007765,26.732439,24.878415,26.516855,1.854024,375
2022-03-14,2005568,66435931,27.379191,29.146982,27.336075,29.146982,2.630127,1050
2022-03-15,8909599,305938946,29.491916,31.044123,26.689322,26.948023,-2.198959,4896
2022-03-16,1359560,42773463,27.81036,28.198411,26.128803,27.249841,0.301818,841
2022-03-17,773147,24394385,26.818672,28.112178,26.818672,27.292958,0.043117,507
2022-03-18,4013234,136290420,27.594776,30.009318,27.594776,27.681009,0.388051,2150
2022-03-21,943369,30203182,28.069061,28.543346,26.948023,27.292958,-0.388051,628
2022-03-22,546513,17587307,27.379191,28.715813,26.904906,28.370879,1.077921,367
2022-03-23,610837,20169877,28.62958,29.103865,27.853477,27.853477,-0.517402,461
2022-03-24,325439,10363780,27.767243,28.025944,27.249841,27.292958,-0.560519,230
2022-03-25,111035,3517657,27.292958,27.551659,27.206724,27.336075,0.043117,93
2022-03-28,156003,4862692,27.336075,27.336075,26.559971,27.077374,-0.258701,103
2022-03-29,207841,6560291,27.508542,27.767243,27.034257,27.163607,0.086233,131
2022-03-30,314025,10137939,27.422308,28.457112,27.422308,27.551659,0.388052,193
2022-03-31,131502,4230714,28.241528,28.241528,27.422308,27.422308,-0.129351,100
2022-04-01,227179,7332963,27.206724,28.198411,26.904906,27.93971,0.517402,182
2022-04-06,762666,25920693,27.982827,30.612954,27.551659,29.750617,1.810907,508
2022-04-07,1007643,33707343,30.440487,30.483604,27.163607,27.422308,-2.328309,622
2022-04-08,197317,6395022,27.508542,28.155294,27.508542,28.155294,0.732986,148
2022-04-11,409015,12782926,28.112178,28.112178,26.646205,26.732439,-1.422855,247
2022-04-12,239338,7372587,27.077374,27.077374,26.30127,26.387504,-0.344935,119
2022-04-13,105036,3220558,26.387504,26.818672,26.128803,26.430621,0.043117,72
2022-04-14,109135,3327806,26.17192,26.430621,26.17192,26.30127,-0.129351,77
2022-04-15,174000,5239250,26.775556,26.775556,25.740752,25.740752,-0.560518,81
2022-04-18,197000,5788550,25.740752,25.740752,25.007765,25.093999,-0.646753,99
2022-04-19,38000,1120500,25.783868,25.783868,25.22335,25.3527,0.258701,32
2022-04-20,57600,1712829,25.525167,25.740752,25.482051,25.697635,0.344935,38
2022-04-21,407211,12599991,26.128803,27.206724,25.999453,26.775556,1.077921,207
2022-04-22,83385,2547685,26.775556,26.775556,26.042569,26.473738,-0.301818,69
2022-04-25,163087,4753448,25.870102,25.870102,24.749064,24.835298,-1.63844,133
2022-04-26,42004,1218714,25.007765,25.180233,24.835298,24.921532,0.086234,38
2022-04-27,95098,2699206,24.576597,25.438934,23.58491,24.921532,0.0,70
2022-04-28,16001,466378,25.395817,25.395817,24.921532,25.093999,0.172467,16
2022-04-29,54100,1569300,25.266466,25.266466,24.921532,25.050882,-0.043117,40
2022-05-03,87032,2564350,25.050882,25.783868,25.007765,25.438934,0.388052,69
2022-05-04,240080,7071254,25.568284,26.258154,24.835298,24.964649,-0.474285,191
2022-05-05,82082,2373428,24.964649,25.050882,24.835298,24.921532,-0.043117,59
2022-05-06,68000,1944300,24.317896,24.835298,24.317896,24.619714,-0.301818,44
2022-05-09,114118,3256336,25.3527,25.3527,24.317896,24.53348,-0.086234,80
2022-05-10,133273,3810086,24.490363,25.007765,24.317896,24.662831,0.129351,102
2022-05-11,396033,11899891,25.007765,26.775556,25.007765,25.568284,0.905453,280
2022-05-12,349292,10082270,25.568284,25.654518,24.490363,24.490363,-1.077921,206
2022-05-13,48100,1397899,24.619714,25.309583,24.619714,25.22335,0.732987,47
2022-05-16,97014,2852361,25.654518,25.740752,25.137116,25.137116,-0.086234,61
2022-05-17,30187,879561,25.395817,25.395817,25.050882,25.180233,0.043117,25
2022-05-18,48000,1405850,25.22335,25.395817,25.180233,25.180233,0.0,41
2022-05-19,34501,1005728,25.093999,25.395817,25.007765,25.309583,0.12935,33
2022-05-20,47002,1396058,25.309583,25.870102,25.309583,25.3527,0.043117,38
2022-05-23,32019,948119,25.3527,25.611401,25.3527,25.568284,0.215584,31
2022-05-24,58050,1718184,25.266466,25.740752,25.266466,25.3527,-0.215584,48
2022-05-25,34002,1005708,25.3527,25.654518,25.309583,25.525167,0.172467,34
2022-05-26,28000,829900,25.525167,25.740752,25.438934,25.438934,-0.086233,22
2022-05-27,55000,1631850,25.525167,25.697635,25.438934,25.568284,0.12935,37
2022-05-30,37064,1104214,25.568284,25.826985,25.568284,25.740752,0.172468,36
2022-05-31,55000,1627900,25.697635,25.697635,25.3527,25.525167,-0.215585,42
2022-06-01,38202,1136778,25.525167,25.870102,25.525167,25.568284,0.043117,33
2022-06-02,35000,1034350,25.740752,25.740752,25.438934,25.482051,-0.086233,14
2022-06-06,33000,975500,25.525167,25.654518,25.395817,25.525167,0.043116,29
2022-06-07,102002,3059858,25.482051,26.042569,25.482051,25.870102,0.344935,79
2022-06-08,230049,7097848,25.870102,27.077374,25.870102,27.077374,1.207272,174
2022-06-09,119122,3701132,27.163607,27.292958,26.559971,26.603088,-0.474286,104
2022-06-10,90210,2797010,26.689322,27.077374,26.344387,26.559971,-0.043117,75
2022-06-13,115000,3399650,25.870102,25.956336,25.093999,25.395817,-1.164154,81
2022-06-14,73020,2123780,25.22335,25.266466,24.749064,25.180233,-0.215584,52
2022-06-15,45019,1329008,25.438934,25.611401,25.266466,25.438934,0.258701,39
2022-06-16,62221,1823169,25.654518,25.654518,25.093999,25.137116,-0.301818,50
2022-06-17,15000,433950,24.921532,25.093999,24.792181,25.093999,-0.043117,15
2022-06-20,48132,1387645,25.137116,25.137116,24.619714,24.705947,-0.388052,43
2022-06-21,42160,1230362,24.921532,25.3527,24.921532,25.22335,0.517403,36
2022-06-22,88105,2556494,25.654518,26.042569,24.749064,24.964649,-0.258701,47
2022-06-23,65151,1858234,25.007765,25.007765,24.490363,24.619714,-0.344935,44
2022-06-24,35000,1005150,24.921532,25.007765,24.662831,24.662831,0.043117,22
2022-06-27,26008,750778,24.921532,24.964649,24.835298,24.921532,0.258701,22
2022-06-28,24100,695115,24.878415,24.921532,24.835298,24.921532,0.0,18
2022-06-29,30001,857078,24.749064,24.749064,24.53348,24.705947,-0.215585,19
2022-06-30,64000,1803400,24.705947,24.705947,24.145429,24.231662,-0.474285,37
2022-07-01,98226,2687033,24.231662,24.231662,23.153741,23.153741,-1.077921,63
2022-07-04,35000,937200,23.153741,23.283092,22.89504,23.067508,-0.086233,26
2022-07-05,34071,926418,23.455559,23.757377,23.196858,23.498676,0.431168,27
2022-07-06,38000,1006350,23.852705,23.896959,23.100393,23.188901,-0.309775,27
2022-07-07,62000,1624900,23.188901,23.321662,23.100393,23.321662,0.132761,34
2022-07-08,45000,1198750,23.719944,23.719944,23.454422,23.631437,0.309775,31
2022-07-11,32000,847750,23.631437,23.631437,23.277408,23.277408,-0.354029,23
2022-07-12,70000,1803700,23.277408,23.277408,22.392335,22.525096,-0.752312,48
2022-07-13,21754,564188,22.923379,23.188901,22.56935,22.834872,0.309776,22
2022-07-14,5000,129950,23.54293,23.54293,22.702111,23.05614,0.221268,5
2022-07-15,18000,468100,23.011886,23.144647,22.657857,23.011886,-0.044254,15
2022-07-18,45000,1152900,23.011886,23.011886,22.436589,22.436589,-0.575297,31
2022-07-19,21051,541265,22.923379,22.967633,22.525096,22.702111,0.265522,19
2022-07-20,54243,1385710,22.967633,22.967633,22.480843,22.480843,-0.221268,54
2022-07-21,23000,588900,22.56935,22.746364,22.56935,22.702111,0.221268,13
2022-07-22,93357,2376801,22.56935,22.657857,22.436589,22.657857,-0.044254,61
2022-07-25,26000,665350,22.657857,22.790618,22.56935,22.702111,0.044254,21
2022-07-26,42000,1072850,22.657857,22.657857,22.480843,22.657857,-0.044254,25
2022-07-27,53000,1367650,22.746364,23.188901,22.56935,23.05614,0.398283,42
2022-07-28,42000,1094200,23.188901,23.188901,22.923379,23.011886,-0.044254,33
2022-07-29,38050,1003874,23.100393,23.587183,23.100393,23.587183,0.575297,26
2022-08-01,52019,1421368,23.631437,24.693524,23.631437,24.693524,1.106341,44
2022-08-02,25036,692103,24.782031,24.782031,24.250988,24.693524,0.0,22
2022-08-03,48029,1330003,24.339495,24.560763,24.339495,24.472256,-0.221268,34
2022-08-04,55000,1521950,24.428002,24.64927,24.339495,24.605017,0.132761,38
2022-08-05,49000,1365850,24.605017,25.13606,24.428002,24.959046,0.354029,41
2022-08-08,49021,1396742,25.401582,25.401582,24.959046,25.180314,0.221268,38
2022-08-09,44717,1274727,25.667104,25.667104,25.047553,25.313075,0.132761,43
2022-08-10,38167,1076600,25.313075,25.313075,24.782031,24.782031,-0.531044,36
2022-08-11,894132,27515561,27.171727,27.260234,26.286655,27.260234,2.478203,452
2022-08-12,598140,17858587,27.215981,27.215981,25.844118,26.10964,-1.150594,413
2022-08-15,150041,4456877,26.330908,26.684937,25.844118,26.065386,-0.044254,104
2022-08-16,72000,2131600,26.375162,26.375162,26.021133,26.286655,0.221269,47
2022-08-17,119044,3572208,26.419415,26.950459,26.242401,26.375162,0.088507,91
2022-08-18,45035,1328350,26.10964,26.375162,25.932626,26.375162,0.0,34
2022-08-19,115018,3399932,25.932626,26.552176,25.932626,26.286655,-0.088507,83
2022-08-22,30000,891000,26.10964,26.375162,26.10964,26.242401,-0.044254,23
2022-08-23,30000,890900,26.10964,26.375162,26.10964,26.153894,-0.088507,25
2022-08-24,63098,1873889,26.198147,26.375162,26.198147,26.286655,0.132761,50
2022-08-25,73000,2144050,25.711357,26.330908,25.711357,26.330908,0.044253,43
2022-08-26,56000,1669250,26.330908,26.552176,26.286655,26.419415,0.088507,41
2022-08-29,62002,1833409,26.153894,26.463669,25.976879,26.375162,-0.044253,46
2022-08-30,23002,685760,26.065386,26.463669,26.065386,26.375162,0.0,21
2022-08-31,74000,2211650,26.286655,26.552176,26.286655,26.552176,0.177014,42
2022-09-01,74000,2207650,26.552176,26.552176,26.286655,26.419415,-0.132761,53
2022-09-02,38063,1138032,26.419415,26.552176,26.419415,26.419415,0.0,30
2022-09-05,40174,1192148,26.419415,26.419415,26.10964,26.198147,-0.221268,34
2022-09-06,104025,3019526,26.10964,26.198147,25.224568,25.357328,-0.840819,73
2022-09-07,88916,2504961,25.224568,25.224568,24.605017,25.047553,-0.309775,76
2022-09-08,31442,888034,24.959046,25.180314,24.782031,25.180314,0.132761,31
2022-09-12,39098,1108659,25.047553,25.268821,24.914792,25.13606,-0.044254,32
2022-09-13,30039,855255,25.180314,25.445836,25.13606,25.445836,0.309776,24
2022-09-14,10032,288858,25.401582,25.667104,25.180314,25.667104,0.221268,12
2022-09-15,37006,1067774,25.445836,25.667104,25.357328,25.667104,0.0,29
2022-09-16,48032,1397124,25.490089,26.021133,25.490089,25.667104,0.0,45
2022-09-19,21060,607166,25.401582,25.799865,25.401582,25.711357,0.044253,23
2022-09-20,38333,1113519,25.578597,25.799865,25.578597,25.799865,0.088508,29
2022-09-21,13039,377064,25.534343,25.667104,25.534343,25.534343,-0.265522,15
2022-09-22,6108,175376,25.268821,25.62285,25.268821,25.62285,0.088507,10
2022-09-23,35151,1010067,25.62285,25.667104,25.224568,25.224568,-0.398282,29
2022-09-26,58103,1631289,24.782031,25.224568,24.693524,24.693524,-0.531044,42
2022-09-27,22050,618129,24.870539,24.959046,24.516509,24.870539,0.177015,16
2022-09-28,101229,2739913,24.782031,24.782031,23.498676,23.587183,-1.283356,57
2022-09-29,7490,201350,23.896959,23.896959,23.719944,23.808451,0.221268,15
2022-09-30,4087,111504,23.896959,24.250988,23.896959,24.250988,0.442537,7
2022-10-03,7000,195000,25.047553,25.047553,24.428002,24.737778,0.48679,7
2022-10-04,142036,3921558,24.959046,24.959046,24.339495,24.693524,-0.044254,32
2022-10-05,40000,1114700,24.737778,24.782031,24.516509,24.516509,-0.177015,18
2022-10-06,7000,196900,24.782031,25.003299,24.693524,25.003299,0.48679,5
2022-10-07,7000,194550,24.560763,24.737778,24.516509,24.605017,-0.398282,6
2022-10-11,19020,525905,24.605017,24.605017,24.073973,24.605017,0.0,16
2022-10-12,15000,419150,25.357328,25.357328,24.605017,24.870539,0.265522,7
2022-10-13,65100,1767054,24.693524,24.693524,23.454422,23.896959,-0.97358,43
2022-10-14,14000,380900,23.896959,24.295241,23.896959,24.206734,0.309775,14
2022-10-17,10163,278730,24.339495,24.339495,24.16248,24.16248,-0.044254,14
2022-10-18,15000,409550,24.206734,24.206734,23.941212,24.16248,0.0,11
2022-10-19,22003,601131,24.16248,24.250988,24.02972,24.250988,0.088508,17
2022-10-20,8004,220512,24.073973,24.693524,24.073973,24.693524,0.442536,10
2022-10-21,11000,302350,24.64927,24.693524,23.941212,24.693524,0.0,10
2022-10-24,21042,575304,24.339495,24.339495,23.896959,24.295241,-0.398283,25
2022-10-25,18000,487200,23.808451,24.16248,23.808451,24.16248,-0.132761,15
2022-10-26,14000,382300,24.428002,24.428002,23.896959,23.941212,-0.221268,14
2022-10-27,41000,1109950,24.693524,24.693524,23.852705,23.941212,0.0,33
2022-10-28,9000,240500,23.675691,23.941212,23.54293,23.54293,-0.398282,9
2022-10-31,16102,437117,24.737778,24.737778,23.675691,23.808451,0.265521,20
2022-11-01,11158,304066,23.896959,24.250988,23.896959,24.073973,0.265522,14
2022-11-02,31001,839076,23.941212,24.383749,23.808451,23.808451,-0.265522,23
2022-11-03,13000,352050,23.985466,24.206734,23.896959,24.118227,0.309776,11
2022-11-04,13001,356627,23.896959,24.605017,23.896959,24.605017,0.48679,12
2022-11-07,86000,2440700,24.64927,25.62285,24.64927,25.13606,0.531043,54
2022-11-08,14000,397600,25.13606,25.224568,25.047553,25.224568,0.088508,11
2022-11-09,37107,1058546,25.224568,25.445836,24.959046,25.445836,0.221268,30
2022-11-10,15105,432042,25.445836,25.445836,25.091807,25.445836,0.0,13
2022-11-11,24105,693467,25.578597,25.578597,25.357328,25.445836,0.0,18
2022-11-14,19040,544794,25.445836,25.445836,25.13606,25.401582,-0.044254,23
2022-11-15,17100,485510,25.091807,25.313075,25.003299,25.047553,-0.354029,15
2022-11-16,17050,475750,25.047553,25.047553,24.560763,24.560763,-0.48679,25
2022-11-17,10000,280250,24.516509,25.13606,24.295241,24.870539,0.309776,10
2022-11-18,77046,2126873,24.605017,24.782031,23.941212,24.428002,-0.442537,57
2022-11-21,22005,605736,24.383749,24.428002,24.250988,24.250988,-0.177014,11
2022-11-22,15000,409000,24.250988,24.250988,23.985466,24.073973,-0.177015,9
2022-11-23,76100,2129650,24.782031,24.959046,24.472256,24.737778,0.663805,34
2022-11-24,50630,1417879,24.959046,25.091807,24.516509,24.914792,0.177014,30
2022-11-25,4000,111950,24.782031,24.782031,24.737778,24.782031,-0.132761,3
2022-11-28,24000,668350,25.003299,25.003299,24.516509,24.737778,-0.044253,20
2022-11-29,6161,171547,24.472256,24.737778,24.472256,24.737778,0.0,20
2022-11-30,9000,251550,24.605017,24.826285,24.560763,24.826285,0.088507,9
2022-12-01,64097,1782708,24.782031,24.870539,24.428002,24.870539,0.044254,45
2022-12-02,42350,1182350,24.870539,25.047553,24.560763,25.047553,0.177014,73
2022-12-05,15001,423728,25.047553,25.091807,24.870539,25.091807,0.044254,14
2022-12-06,10001,281927,24.959046,25.047553,24.914792,24.914792,-0.177015,11
2022-12-07,27001,752177,24.693524,24.782031,24.605017,24.693524,-0.221268,22
2022-12-08,7000,196250,24.693524,24.870539,24.693524,24.782031,0.088507,7
2022-12-09,28080,794508,24.870539,25.578597,24.826285,24.914792,0.132761,19
2022-12-12,17000,481850,24.959046,25.13606,24.914792,25.091807,0.177015,11
2022-12-13,31015,871576,25.091807,25.091807,24.693524,24.914792,-0.177015,25
2022-12-14,67007,1932103,25.180314,25.799865,25.180314,25.755611,0.840819,42
2022-12-15,41225,1207347,25.667104,26.021133,25.667104,25.976879,0.221268,35
2022-12-16,153500,4534399,25.667104,26.684937,25.401582,26.507923,0.531044,109
2022-12-19,161184,4949468,26.507923,27.747024,26.507923,26.729191,0.221268,133
2022-12-20,115001,3462280,26.773444,26.994713,26.375162,26.419415,-0.309776,75
2022-12-21,59000,1734650,26.419415,26.419415,25.667104,26.10964,-0.309775,49
2022-12-22,15127,445619,25.976879,26.153894,25.976879,26.065386,-0.044254,24
2022-12-23,19000,557900,25.932626,26.242401,25.844118,26.198147,0.132761,15
2022-12-26,43001,1276129,26.242401,26.330908,26.10964,26.330908,0.132761,31
2022-12-27,146090,4421154,26.684937,27.215981,26.375162,26.507923,0.177015,115
2022-12-28,60004,1789419,26.375162,26.552176,26.242401,26.419415,-0.088508,31
2022-12-29,31000,918200,25.976879,26.375162,25.976879,26.286655,-0.13276,21
2022-12-30,28050,838871,26.463669,26.552176,26.375162,26.552176,0.265521,22
2023-01-03,48051,1436291,26.552176,26.729191,26.153894,26.153894,-0.398282,35
2023-01-04,27001,808729,26.330908,26.684937,26.330908,26.59643,0.442536,24
2023-01-05,105056,3218144,26.552176,27.879785,26.552176,26.773444,0.177014,85
2023-01-06,172710,5354231,26.950459,27.835532,26.950459,27.614263,0.840819,167
2023-01-09,106400,3305937,27.702771,27.791278,27.260234,27.437249,-0.177014,94
2023-01-10,55180,1697653,27.437249,27.525756,27.127473,27.127473,-0.309776,52
2023-01-11,54044,1667428,27.481503,27.481503,27.08322,27.437249,0.309776,49
2023-01-12,49046,1500827,27.348742,27.437249,26.906205,26.994713,-0.442536,57
2023-01-13,26033,795417,27.260234,27.260234,26.906205,26.906205,-0.088508,22
2023-01-16,109262,3279314,26.640684,26.817698,26.463669,26.552176,-0.354029,90
2023-01-17,37020,1107804,26.552176,26.773444,26.330908,26.773444,0.221268,27
2023-01-30,42053,1272290,26.773444,26.906205,26.640684,26.817698,0.044254,30
2023-01-31,34001,1027380,26.906205,26.950459,26.552176,26.906205,0.088507,22
2023-02-01,40000,1217950,27.038966,27.260234,26.729191,27.260234,0.354029,26
2023-02-02,19171,589929,27.260234,27.304488,27.038966,27.171727,-0.088507,37
2023-02-03,46020,1411714,27.215981,27.260234,26.994713,27.215981,0.044254,38
2023-02-06,85022,2577610,26.552176,27.171727,26.552176,26.729191,-0.48679,85
2023-02-07,73000,2203200,26.729191,26.817698,26.59643,26.59643,-0.132761,62
2023-02-08,149138,4560205,26.640684,27.437249,26.640684,27.171727,0.575297,91
2023-02-09,43277,1336628,26.994713,27.437249,26.994713,27.392995,0.221268,41
2023-02-10,36356,1116994,27.348742,27.437249,26.994713,27.304488,-0.088507,35
2023-02-13,92172,2785575,27.304488,27.304488,26.552176,26.773444,-0.531044,61
2023-02-14,49170,1493665,27.215981,27.304488,26.773444,26.994713,0.221269,29
2023-02-15,27000,823300,27.171727,27.215981,26.817698,27.038966,0.044253,23
2023-02-16,30001,919530,27.215981,27.215981,26.994713,27.08322,0.044254,22
2023-02-17,25102,767567,27.171727,27.171727,26.906205,27.127473,0.044253,33
2023-02-20,50022,1533772,27.08322,27.215981,27.08322,27.08322,-0.044253,44
2023-02-21,17112,521363,26.994713,27.171727,26.729191,27.127473,0.044253,20
2023-02-22,79000,2418150,27.215981,27.260234,26.950459,27.260234,0.132761,37
2023-02-23,335535,10750957,27.437249,28.986126,27.348742,28.499336,1.239102,245
2023-02-24,100574,3218768,28.853365,28.853365,28.145307,28.233814,-0.265522,79
2023-03-01,143180,4627441,28.233814,28.941872,28.233814,28.941872,0.708058,117
2023-03-02,146881,4841196,29.118887,29.384408,28.853365,29.384408,0.442536,134
2023-03-03,141280,4672277,29.384408,29.517169,29.118887,29.384408,0.0,136
2023-03-06,148009,4889298,29.384408,29.384408,28.986126,29.074633,-0.309775,63
2023-03-07,89000,2891350,29.207394,29.207394,28.587843,28.720604,-0.354029,64
2023-03-08,81001,2607681,28.455082,28.67635,28.189561,28.632097,-0.088507,64
2023-03-09,25401,821482,28.632097,28.67635,28.54359,28.632097,0.0,31
2023-03-10,81229,2588883,28.366575,28.455082,28.0568,28.410829,-0.221268,74
2023-03-13,116101,3658360,28.101053,28.278068,27.437249,28.278068,-0.132761,63
2023-03-14,22087,697064,27.835532,28.233814,27.747024,28.233814,-0.044254,16
2023-03-15,45000,1435450,28.322321,28.322321,28.145307,28.233814,0.0,35
2023-03-16,36000,1131800,27.791278,28.0568,27.658517,28.0568,-0.177014,34
2023-03-17,8052,253851,27.835532,27.924039,27.835532,27.924039,-0.132761,12
2023-03-20,117298,3654053,27.702771,27.879785,27.437249,27.702771,-0.221268,82
2023-03-21,55264,1737739,27.702771,27.968292,27.525756,27.968292,0.265521,285
2023-03-22,41124,1310552,27.968292,28.499336,27.879785,28.233814,0.265522,102
2023-03-23,27049,855793,27.924039,28.233814,27.879785,28.233814,0.0,62
2023-03-24,27085,860355,27.968292,28.278068,27.968292,28.278068,0.044254,78
2023-03-27,34161,1090210,28.0568,28.322321,28.0568,28.233814,-0.044254,119
2023-03-28,101618,3209682,28.233814,28.233814,27.835532,27.924039,-0.309775,87
2023-03-29,102053,3175487,27.614263,27.747024,27.392995,27.747024,-0.177015,80
2023-03-30,69015,2169140,27.614263,28.101053,27.614263,28.012546,0.265522,48
2023-03-31,65009,2035232,27.879785,28.012546,27.57001,27.702771,-0.309775,47
2023-04-06,66602,2101747,28.189561,28.189561,27.658517,27.879785,0.177014,166
2023-04-07,43035,1350048,27.879785,27.879785,27.614263,27.879785,0.0,68
2023-04-10,35088,1101782,27.702771,27.968292,27.614263,27.968292,0.088507,85
2023-04-11,432461,14087008,27.968292,29.340155,27.968292,29.030379,1.062087,357
2023-04-12,459160,15428665,29.295901,29.959706,29.207394,29.64993,0.619551,374
2023-04-13,200180,6649960,29.64993,29.64993,29.207394,29.340155,-0.309775,221
2023-04-14,177507,5843061,29.340155,29.340155,28.809111,29.295901,-0.044254,281
2023-04-17,229429,7639250,29.295901,29.738438,29.207394,29.561423,0.265522,470
2023-04-18,80322,2649207,29.561423,29.561423,29.074633,29.16314,-0.398283,255
2023-04-19,111519,3680014,29.16314,29.428662,29.074633,29.118887,-0.044253,369
2023-04-20,65069,2121278,28.941872,29.074633,28.67635,28.986126,-0.132761,91
2023-04-21,85164,2749920,28.897619,28.897619,27.968292,28.764858,-0.221268,90
2023-04-24,136117,4304230,28.189561,28.720604,27.437249,28.145307,-0.619551,215
2023-04-25,50210,1583764,28.233814,28.233814,27.791278,27.791278,-0.354029,55
2023-04-26,150877,4737377,27.481503,28.101053,27.437249,28.101053,0.309775,331
2023-04-27,137890,4414896,28.0568,28.809111,27.879785,28.720604,0.619551,189
2023-04-28,88256,2864824,28.67635,28.853365,28.632097,28.764858,0.044254,130
2023-05-02,73084,2384573,28.764858,29.030379,28.67635,28.941872,0.177014,86
2023-05-03,172758,5706528,28.941872,29.472916,28.941872,29.340155,0.398283,137
2023-05-04,175078,5787783,29.340155,29.561423,29.030379,29.074633,-0.265522,148
2023-05-05,165358,5368780,29.030379,29.030379,28.499336,28.809111,-0.265522,140
2023-05-08,626895,18703345,26.10964,27.215981,25.932626,26.817698,-1.991413,525
2023-05-09,143458,4307426,26.507923,26.950459,26.286655,26.684937,-0.132761,161
2023-05-10,49176,1477237,26.552176,26.684937,26.463669,26.640684,-0.044253,60
2023-05-11,84272,2503283,26.153894,26.552176,26.10964,26.198147,-0.442537,111
2023-05-12,27147,807665,26.10964,26.463669,26.10964,26.330908,0.132761,49
2023-05-15,56026,1646572,26.065386,26.198147,25.932626,25.932626,-0.398282,63
2023-05-16,66340,1965642,25.932626,26.773444,25.932626,26.330908,0.398282,66
2023-05-17,65214,1934520,26.153894,26.419415,26.153894,26.286655,-0.044253,58
2023-05-18,96268,2843124,26.552176,26.552176,26.021133,26.330908,0.044253,72
2023-05-19,62299,1844409,26.330908,26.552176,26.065386,26.153894,-0.177014,62
2023-05-22,13054,385740,26.153894,26.242401,26.065386,26.242401,0.088507,49
2023-05-23,29346,869869,26.153894,26.286655,26.10964,26.242401,0.0,61
2023-05-24,100149,3011328,26.10964,26.817698,26.10964,26.773444,0.531043,112
2023-05-25,88230,2714160,27.481503,27.481503,26.817698,26.817698,0.044254,78
2023-05-26,10364,314167,26.817698,26.950459,26.59643,26.906205,0.088507,47
2023-05-29,23342,705115,26.552176,26.906205,26.552176,26.817698,-0.088507,55
2023-05-30,15365,463283,26.906205,26.906205,26.59643,26.684937,-0.132761,47
2023-05-31,25182,756618,26.861952,26.906205,26.330908,26.684937,0.0,49
2023-06-01,22039,663533,26.773444,26.994713,26.507923,26.684937,0.0,44
2023-06-02,17029,512145,26.950459,26.950459,26.507923,26.552176,-0.132761,32
2023-06-05,26022,787567,26.640684,26.994713,26.59643,26.906205,0.354029,38
2023-06-06,11054,333929,26.906205,26.906205,26.59643,26.684937,-0.221268,65
2023-06-07,129902,3878021,26.684937,26.729191,26.198147,26.419415,-0.265522,143
2023-06-08,73371,2183385,26.286655,26.419415,26.242401,26.375162,-0.044253,85
2023-06-09,31007,930418,26.773444,26.773444,26.463669,26.552176,0.177014,37
2023-06-12,136240,4017101,26.10964,26.286655,25.932626,26.021133,-0.531043,142
2023-06-13,36199,1064620,26.10964,26.10964,25.976879,26.10964,0.088507,59
2023-06-14,16103,478420,26.419415,26.419415,26.065386,26.330908,0.221268,35
2023-06-15,49267,1459724,26.507923,26.507923,26.10964,26.286655,-0.044253,60
2023-06-16,52005,1543800,26.286655,26.419415,26.10964,26.375162,0.088507,43
2023-06-19,27091,808192,26.419415,26.463669,26.375162,26.375162,0.0,84
2023-06-20,47991,1420627,26.507923,26.507923,25.976879,26.198147,-0.177015,52
2023-06-21,65166,1931315,26.153894,26.552176,26.021133,26.552176,0.354029,100
2023-06-26,19038,570574,26.684937,26.684937,26.419415,26.507923,-0.044253,45
2023-06-27,20370,604407,26.286655,26.286655,26.153894,26.153894,-0.354029,59
2023-06-28,7018,208977,26.375162,26.375162,26.286655,26.286655,0.132761,24
2023-06-29,8155,242945,26.507923,26.507923,26.286655,26.463669,0.177014,29
2023-06-30,17125,507175,26.242401,26.242401,26.198147,26.198147,-0.265522,41
2023-07-03,21135,626942,26.198147,26.330908,26.10964,26.330908,0.132761,39
2023-07-04,21078,628774,26.242401,26.552176,26.242401,26.419415,0.088507,43
2023-07-05,523156,15695377,26.552176,26.994713,26.198147,26.552176,0.132761,82
2023-07-06,120167,3647274,26.817698,27.038966,26.640684,26.773444,0.221268,88
2023-07-07,62032,1874470,27.171727,27.171727,26.640684,26.640684,-0.13276,54
2023-07-10,52109,1573648,26.684937,26.950459,26.552176,26.817698,0.177014,56
2023-07-11,193060,5881135,26.817698,27.304488,26.817698,26.861952,0.044254,107
2023-07-12,127115,3829327,26.861952,26.994713,26.198147,26.994713,0.132761,88
2023-07-13,76411,2336063,26.950459,27.348742,26.861952,27.08322,0.088507,66
2023-07-14,63019,1923183,27.215981,27.304488,26.817698,26.994713,-0.088507,55
2023-07-17,74016,2283946,27.437249,27.437249,27.08322,27.348742,0.354029,70
2023-07-18,130014,3990884,27.348742,27.392995,26.994713,27.348742,0.0,88
2023-07-19,48015,1464865,27.392995,27.392995,26.729191,26.950459,-0.398283,46
2023-07-20,52012,1581873,26.950459,27.260234,26.552176,26.684937,-0.265522,47
2023-07-21,68514,2092405,26.552176,27.260234,26.552176,27.127473,0.442536,67
2023-07-24,118008,3593763,27.171727,27.260234,26.640684,26.994713,-0.13276,77
2023-07-25,331345,10375534,27.171727,28.587843,27.038966,27.968292,0.973579,219
2023-07-26,149095,4493250,27.968292,28.386423,27.596621,27.875375,-0.092917,109
2023-07-27,46718,1409153,27.968292,28.247046,27.64308,28.247046,0.371671,50
2023-07-28,55116,1674279,28.200587,28.479341,27.921833,28.293505,0.046459,52
2023-07-31,110640,3340410,28.293505,28.293505,27.735998,28.200587,-0.092918,78
2023-08-01,155119,4602776,28.154128,28.339964,27.364326,27.596621,-0.603966,118
2023-08-02,46164,1369689,27.596621,27.782457,27.364326,27.689539,0.092918,53
2023-08-04,71038,2128040,27.410785,28.5258,27.410785,28.479341,0.789802,78
2023-08-07,78210,2381056,28.479341,28.5258,27.968292,28.293505,-0.185836,94
2023-08-08,93089,2861951,28.665177,29.269143,28.247046,28.247046,-0.046459,87
2023-08-09,17020,515650,28.154128,28.432882,27.921833,28.200587,-0.046459,36
2023-08-10,31015,937922,27.875375,28.293505,27.875375,28.107669,-0.092918,37
2023-08-11,63072,1900776,28.107669,28.804554,27.782457,27.968292,-0.139377,74
2023-08-14,43083,1284903,27.875375,27.968292,27.596621,27.64308,-0.325212,78
2023-08-15,24047,714758,27.550162,27.735998,27.457244,27.64308,0.0,54
2023-08-16,76022,2252538,27.410785,27.735998,27.410785,27.596621,-0.046459,34
2023-08-17,14033,417350,27.550162,27.782457,27.550162,27.782457,0.185836,38
2023-08-18,35058,1048680,27.968292,27.968292,27.457244,27.596621,-0.185836,78
2023-08-21,5358,160731,27.921833,27.921833,27.875375,27.875375,0.278754,41
2023-08-22,21166,638055,27.921833,28.293505,27.828916,27.968292,0.092917,30
2023-08-23,27052,817531,27.875375,28.200587,27.875375,28.06121,0.092918,48
2023-08-24,24040,728603,28.293505,28.293505,28.06121,28.06121,0.0,35
2023-08-25,67097,2021025,28.06121,28.247046,27.828916,28.014751,-0.046459,77
2023-08-28,19136,576020,28.06121,28.200587,27.828916,27.828916,-0.185835,40
2023-08-29,8027,240461,27.828916,27.875375,27.782457,27.828916,0.0,34
2023-08-30,45016,1352344,27.875375,28.06121,27.875375,28.014751,0.185835,40
2023-08-31,28057,848127,28.06121,28.247046,28.014751,28.06121,0.046459,55
2023-09-01,85101,2564264,28.06121,28.154128,27.875375,28.107669,0.046459,75
2023-09-04,50106,1510147,28.06121,28.247046,27.875375,28.014751,-0.092918,62
2023-09-05,33038,995807,27.875375,28.200587,27.875375,28.200587,0.185836,46
2023-09-06,67195,2037427,28.154128,28.293505,27.968292,28.247046,0.046459,38
2023-09-07,58106,1750992,28.247046,28.247046,27.875375,27.875375,-0.371671,75
2023-09-08,42026,1265130,28.06121,28.200587,27.782457,28.200587,0.325212,51
2023-09-11,46143,1382385,27.828916,28.107669,27.689539,27.968292,-0.232295,58
2023-09-12,171018,5073140,27.875375,28.107669,27.132031,27.689539,-0.278753,93
2023-09-13,12011,361230,27.689539,28.339964,27.689539,28.06121,0.371671,23
2023-09-14,33104,996370,28.200587,28.200587,27.875375,28.06121,0.0,43
2023-09-15,9179,277257,28.107669,28.107669,27.921833,28.06121,0.0,37
2023-09-18,25019,747177,27.828916,27.828916,27.689539,27.828916,-0.232294,31
2023-09-19,30111,896458,27.596621,27.828916,27.596621,27.828916,0.0,50
2023-09-20,23021,686321,28.014751,28.014751,27.596621,27.782457,-0.046459,33
2023-09-21,14124,422085,27.782457,28.014751,27.503703,27.828916,0.046459,38
2023-09-22,7122,213497,27.875375,27.875375,27.782457,27.875375,0.046459,23
2023-09-25,24031,713489,27.735998,27.735998,27.364326,27.689539,-0.185836,30
2023-09-26,49033,1441171,27.457244,27.457244,27.132031,27.457244,-0.232295,49
2023-09-27,16502,485252,27.317867,27.410785,27.317867,27.410785,-0.046459,25
2023-09-28,16025,472651,27.410785,27.503703,27.317867,27.503703,0.092918,35
2023-10-02,40147,1188235,27.596621,27.828916,27.410785,27.457244,-0.046459,41
2023-10-03,26103,772736,27.782457,27.782457,27.364326,27.503703,0.046459,28
2023-10-04,8026,237671,27.503703,27.596621,27.503703,27.503703,0.0,24
2023-10-05,3307,97845,27.364326,27.64308,27.364326,27.64308,0.139377,33
2023-10-06,13531,399498,27.64308,27.64308,27.317867,27.364326,-0.278754,38
2023-10-11,14148,421408,27.317867,28.154128,27.317867,27.596621,0.232295,31
2023-10-12,40013,1189735,27.596621,27.875375,27.364326,27.875375,0.278754,38
2023-10-13,33027,985660,27.689539,27.875375,27.596621,27.875375,0.0,45
2023-10-16,20227,602239,27.735998,27.828916,27.596621,27.828916,-0.046459,39
2023-10-17,18032,537456,27.828916,27.828916,27.64308,27.735998,-0.092918,39
2023-10-18,38027,1129953,27.921833,27.921833,27.550162,27.689539,-0.046459,43
2023-10-19,12012,354559,27.503703,27.503703,27.364326,27.364326,-0.325213,22
2023-10-20,17015,499300,27.317867,27.364326,27.132031,27.364326,0.0,31
2023-10-23,3038,89471,27.364326,27.364326,27.364326,27.364326,0.0,41
2023-10-24,30010,883297,27.317867,27.503703,27.224949,27.503703,0.139377,33
2023-10-25,12018,353532,27.503703,27.503703,27.271408,27.271408,-0.232295,28
2023-10-26,3042,89149,27.224949,27.224949,27.224949,27.224949,-0.046459,26
2023-10-27,31093,908882,27.224949,27.317867,27.085572,27.317867,0.092918,43
2023-10-30,1065,31301,27.271408,27.271408,27.271408,27.271408,-0.046459,27
2023-10-31,26026,758430,27.224949,27.224949,26.992654,27.039113,-0.232295,45
2023-11-01,33025,956159,26.946195,27.17849,26.806818,26.899736,-0.139377,36
2023-11-02,32009,931020,27.039113,27.596621,26.853277,27.085572,0.185836,35
2023-11-03,20665,603527,26.946195,27.364326,26.946195,27.17849,0.092918,27
2023-11-06,58020,1708755,27.503703,27.503703,27.17849,27.503703,0.325213,58
2023-11-07,29232,874318,27.735998,28.06121,27.410785,27.968292,0.464589,44
2023-11-08,32066,963104,27.968292,28.107669,27.503703,27.968292,0.0,39
2023-11-09,13149,391450,27.828916,27.828916,27.550162,27.550162,-0.41813,29
2023-11-10,13136,390125,27.503703,27.689539,27.503703,27.596621,0.046459,33
2023-11-13,30026,895789,27.410785,27.875375,27.410785,27.875375,0.278754,24
2023-11-14,8036,240654,27.828916,27.875375,27.782457,27.875375,0.0,23
2023-11-15,35016,1049633,27.968292,28.014751,27.735998,27.968292,0.092917,33
2023-11-16,75013,2231712,27.968292,27.968292,27.410785,27.410785,-0.557507,51
2023-11-17,163214,4804927,27.410785,27.921833,27.17849,27.921833,0.511048,142
2023-11-20,16070,483581,28.014751,28.014751,27.921833,27.968292,0.046459,57
2023-11-21,30080,908056,27.828916,28.107669,27.828916,28.06121,0.092918,70
2023-11-22,55351,1672881,28.200587,28.247046,27.875375,28.247046,0.185836,116
2023-11-23,19050,570548,27.921833,28.06121,27.735998,27.782457,-0.464589,65
2023-11-24,26055,779864,27.875375,27.921833,27.689539,27.875375,0.092918,62
2023-11-27,23137,692777,27.875375,27.921833,27.735998,27.921833,0.046458,94
2023-11-28,26046,778776,27.921833,27.921833,27.735998,27.875375,-0.046458,60
2023-11-29,28033,838591,27.875375,27.875375,27.689539,27.875375,0.0,48
2023-11-30,38032,1134990,27.875375,27.875375,27.689539,27.875375,0.0,56
2023-12-01,21011,630341,27.689539,28.014751,27.689539,27.875375,0.0,27
2023-12-04,60498,1835184,28.107669,28.293505,28.06121,28.154128,0.278753,134
2023-12-05,37052,1116766,28.200587,28.247046,27.875375,28.06121,-0.092918,67
2023-12-06,27291,821706,28.200587,28.200587,27.875375,28.107669,0.046459,79
2023-12-07,26292,793233,28.107669,28.107669,27.921833,28.107669,0.0,58
2023-12-08,21427,646983,28.06121,28.154128,27.968292,28.154128,0.046459,37
2023-12-11,39128,1179084,28.293505,28.293505,27.875375,28.06121,-0.092918,60
2023-12-12,21010,629954,27.968292,27.968292,27.689539,27.968292,-0.092918,27
2023-12-13,86015,2558860,27.968292,27.968292,27.410785,27.782457,-0.185835,71
2023-12-14,43048,1290400,27.828916,27.921833,27.689539,27.921833,0.139376,49
2023-12-15,48371,1440911,27.828916,27.828916,27.596621,27.828916,-0.092917,74
2023-12-18,174184,5134939,27.968292,27.968292,27.17849,27.317867,-0.511049,139
2023-12-19,30032,885622,27.317867,27.596621,27.317867,27.596621,0.278754,55
2023-12-20,29107,863341,27.596621,27.689539,27.317867,27.64308,0.046459,47
2023-12-21,49037,1463480,27.410785,27.828916,27.410785,27.782457,0.139377,67
2023-12-22,9118,271942,27.64308,27.782457,27.64308,27.735998,-0.046459,36
2023-12-25,21017,628632,27.689539,27.828916,27.689539,27.828916,0.092918,31
2023-12-26,17117,512943,27.875375,27.921833,27.689539,27.875375,0.046459,33
2023-12-27,17087,512391,27.875375,27.968292,27.735998,27.875375,0.0,28
2023-12-28,27036,809986,27.921833,27.921833,27.735998,27.875375,0.0,41
2023-12-29,15024,450031,27.921833,27.968292,27.735998,27.875375,0.0,35
2024-01-02,13019,391036,27.921833,27.968292,27.735998,27.921833,0.046458,31
2024-01-03,12309,367921,27.735998,27.875375,27.735998,27.875375,-0.046458,21
2024-01-04,56115,1673711,27.689539,27.875375,27.596621,27.689539,-0.185836,54
2024-01-05,32021,953278,27.689539,27.782457,27.596621,27.782457,0.092918,38
2024-01-08,23057,687603,27.689539,27.782457,27.64308,27.782457,0.0,48
2024-01-09,8018,239543,27.689539,27.875375,27.64308,27.828916,0.046459,26
2024-01-10,21224,633848,27.828916,27.828916,27.64308,27.735998,-0.092918,42
2024-01-11,45052,1339378,27.689539,27.689539,27.550162,27.689539,-0.046459,59
2024-01-12,58111,1716208,27.689539,27.689539,27.224949,27.224949,-0.46459,53
2024-01-15,72056,2108355,27.271408,27.410785,27.085572,27.271408,0.046459,83
2024-01-16,65134,1895794,27.132031,27.224949,26.946195,27.17849,-0.092918,74
2024-01-17,30084,879281,27.039113,27.410785,27.039113,27.224949,0.046459,73
2024-01-18,16135,474230,27.550162,27.596621,27.132031,27.410785,0.185836,68
2024-01-19,26124,773278,27.317867,27.64308,27.317867,27.596621,0.185836,58
2024-01-22,16600,490711,27.457244,27.550162,27.364326,27.550162,-0.046459,43
2024-01-23,2116,62616,27.410785,27.550162,27.410785,27.550162,0.0,32
2024-01-24,23176,690165,27.550162,28.014751,27.550162,27.735998,0.185836,87
2024-01-25,11062,329147,27.503703,27.782457,27.503703,27.782457,0.046459,71
2024-01-26,6044,180619,27.782457,27.782457,27.735998,27.735998,-0.046459,50
2024-01-29,86101,2544751,27.550162,27.828916,27.085572,27.596621,-0.139377,141
2024-01-30,69248,2052232,27.735998,27.875375,27.17849,27.689539,0.092918,95
2024-01-31,13110,389857,27.596621,27.735998,27.503703,27.503703,-0.185836,82
2024-02-01,9874,294018,27.64308,27.689539,27.503703,27.64308,0.139377,82
2024-02-02,14076,419204,27.689539,27.782457,27.596621,27.64308,0.0,89
2024-02-05,17158,509115,27.550162,27.689539,27.410785,27.64308,0.0,83
2024-02-15,30118,893676,27.596621,27.689539,27.457244,27.596621,-0.046459,112
2024-02-16,51065,1519690,27.689539,27.782457,27.457244,27.689539,0.092918,96
2024-02-19,111163,3353527,27.782457,28.154128,27.782457,28.107669,0.41813,230
2024-02-20,424614,13278831,28.386423,29.780192,28.247046,29.083307,0.975638,383
2024-02-21,123932,3886760,29.176225,29.547897,28.943931,29.129766,0.046459,184
2024-02-22,44314,1386996,29.083307,29.222684,28.990389,28.990389,-0.139377,147
2024-02-23,53384,1657028,29.176225,29.176225,28.618718,28.897472,-0.092917,166
2024-02-26,71187,2213424,28.804554,29.083307,28.758095,28.804554,-0.092918,229
2024-02-27,154152,4748040,28.851013,28.897472,28.293505,28.711636,-0.092918,180
2024-02-29,41296,1278953,28.711636,28.943931,28.665177,28.711636,0.0,274
2024-03-01,112275,3516307,28.758095,29.454979,28.711636,28.990389,0.278753,245
2024-03-04,1901234,64583615,29.036848,31.870845,29.036848,31.824386,2.833997,1329
2024-03-05,2739551,96497299,32.614188,34.7513,30.709371,32.98586,1.161474,1881
2024-03-06,772317,27279392,32.98586,33.496908,32.196058,32.474811,-0.511049,667
2024-03-07,571451,19635509,33.357531,33.357531,31.220419,31.220419,-1.254392,608
2024-03-08,540518,17312267,30.988125,31.220419,28.897472,29.036848,-2.183571,614
2024-03-11,418011,13184727,28.711636,29.733733,28.432882,29.222684,0.185836,426
2024-03-12,184798,5927827,29.269143,30.430617,29.129766,29.733733,0.511049,289
2024-03-13,135405,4252588,29.733733,29.733733,28.897472,28.990389,-0.743344,218
2024-03-14,129572,4023314,29.083307,29.315602,28.479341,28.618718,-0.371671,205
2024-03-15,130604,4061464,28.665177,29.176225,28.618718,29.129766,0.511048,155
2024-03-18,100108,3127048,29.129766,29.315602,28.851013,29.129766,0.0,157
2024-03-19,230835,7448513,28.897472,31.034584,28.897472,29.083307,-0.046459,213
2024-03-20,121391,3791189,29.083307,29.547897,28.618718,28.618718,-0.464589,181
2024-03-21,84276,2603915,28.711636,29.036848,28.618718,28.943931,0.325213,157
2024-03-22,50257,1547450,28.804554,28.804554,28.5258,28.618718,-0.325213,109
2024-03-25,83184,2561042,28.618718,28.804554,28.479341,28.665177,0.046459,142
2024-03-26,86633,2717799,29.501438,29.919569,28.665177,28.804554,0.139377,153
2024-03-27,57390,1780471,28.618718,28.990389,28.618718,28.897472,0.092918,194
2024-03-28,42203,1320897,28.711636,29.269143,28.711636,29.269143,0.371671,64
2024-03-29,61898,1925174,29.176225,29.222684,28.804554,29.222684,-0.046459,133
2024-04-01,85691,2680504,29.222684,29.362061,28.851013,29.269143,0.046459,148
2024-04-02,53212,1661982,29.036848,29.129766,28.897472,29.129766,-0.139377,71
2024-04-03,125480,3876576,28.851013,29.036848,28.5258,28.665177,-0.464589,127
2024-04-08,295049,8897568,28.5258,28.5258,27.782457,28.200587,-0.46459,381
2024-04-09,204177,6287618,28.200587,28.943931,28.06121,28.711636,0.511049,178
2024-04-10,1680988,56480054,29.036848,31.545632,29.036848,31.545632,2.833996,1060
2024-04-11,964247,31580679,31.359796,31.359796,29.87311,30.337699,-1.207933,786
2024-04-12,735856,24979748,30.337699,32.381893,30.151863,31.592091,1.254392,627
2024-04-15,576505,19557943,31.499173,32.056681,30.895207,31.17396,-0.418131,422
2024-04-16,256291,8259619,30.848748,31.127502,29.269143,29.640815,-1.533145,255
2024-04-17,257569,8468641,29.733733,31.17396,29.733733,30.569994,0.929179,261
2024-04-18,103351,3361199,30.151863,30.384158,30.105404,30.198322,-0.371672,141
2024-04-19,183600,5802660,29.966028,30.151863,28.851013,29.362061,-0.836261,157
2024-04-22,107315,3368572,29.640815,29.640815,28.897472,29.176225,-0.185836,116
2024-04-23,71435,2273656,29.222684,29.919569,29.222684,29.547897,0.371672,93
2024-04-24,134074,4276474,30.29124,30.29124,29.454979,29.594356,0.046459,102
2024-04-25,172637,5426646,29.594356,29.826651,28.990389,29.222684,-0.371672,171
2024-04-26,79259,2486908,29.40852,29.40852,29.036848,29.083307,-0.139377,140
2024-04-29,76200,2399380,29.269143,30.198322,29.129766,29.222684,0.139377,165
2024-04-30,34789,1105317,29.222684,30.012487,29.222684,29.640815,0.418131,51
2024-05-02,107062,3408666,29.594356,29.826651,29.362061,29.501438,-0.139377,102
2024-05-03,48001,1527988,29.547897,29.733733,29.362061,29.547897,0.046459,161
2024-05-06,114106,3620767,29.362061,29.826651,29.362061,29.454979,-0.092918,80
2024-05-07,15335,486017,29.454979,29.547897,29.362061,29.454979,0.0,28
2024-05-08,58737,1869692,29.454979,29.687274,29.454979,29.687274,0.232295,60
2024-05-09,66011,2103548,29.640815,29.826651,29.454979,29.501438,-0.185836,53
2024-05-10,251804,8297125,29.919569,31.034584,29.919569,30.662912,1.161474,214
2024-05-13,1937778,68222649,31.545632,33.729203,30.709371,32.567729,1.904817,1502
2024-05-14,810867,28257607,33.078778,33.729203,31.359796,31.777927,-0.789802,639
2024-05-15,562241,19545265,31.777927,32.892942,31.731468,31.963763,0.185836,385
2024-05-16,3265631,122153648,32.335434,35.122972,32.335434,35.122972,3.159209,1744
2024-05-17,2811351,104074504,35.122972,35.866315,33.450449,34.379629,-0.743343,1673
2024-05-20,1068037,38315406,35.122972,35.122972,31.592091,32.52127,-1.858359,770
2024-05-21,2247689,84804267,32.660647,35.773397,32.242517,35.773397,3.252127,1320
2024-05-22,2933004,122259488,38.142804,39.350737,36.841953,39.350737,3.57734,1323
2024-05-23,4466146,185387514,39.071983,40.140539,37.120707,37.631756,-1.718981,2777
2024-05-24,4486933,193029768,37.167166,41.394931,36.237987,41.394931,3.763175,2833
2024-05-27,4968402,224991640,42.556405,43.485584,40.837424,41.44139,0.046459,3418
2024-05-28,1782927,78787080,40.419293,42.370569,40.419293,40.976801,-0.464589,1241
2024-05-29,1612411,69284251,41.90598,41.90598,39.304278,39.304278,-1.672523,1185
2024-05-30,1079699,44955747,39.025524,39.768868,37.956968,37.956968,-1.34731,801
2024-05-31,1663273,69544205,37.724673,40.419293,37.724673,38.003427,0.046459,1280
2024-06-03,2077904,89277635,38.375099,41.209095,37.631756,40.790965,2.787538,1622
2024-06-04,1367433,59857568,40.790965,41.487849,39.954703,40.047621,-0.743344,1171
2024-06-05,797166,33720336,40.09408,41.116177,38.142804,38.421558,-1.626063,698
2024-06-06,519062,21673734,38.839688,39.490114,37.86405,38.514476,0.092918,379
2024-06-07,346605,14455832,38.979065,39.954703,38.142804,38.421558,-0.092918,301
2024-06-11,3669093,164935397,41.487849,42.231192,40.140539,42.231192,3.809634,2315
2024-06-12,11153134,547686124,43.764338,46.412499,42.742241,45.01873,2.787538,5706
2024-06-13,2803819,133735403,45.01873,45.808532,42.742241,45.529778,0.511048,1905
2024-06-14,2140614,105092858,45.529778,47.66689,43.857256,43.857256,-1.672522,1661
2024-06-17,2515996,126347090,43.253289,48.224398,43.020995,48.224398,4.367142,1592
2024-06-18,983760,56065220,52.963212,52.963212,52.498622,52.963212,4.738814,555
2024-06-19,8984105,547957087,54.078227,58.259533,53.892391,58.259533,5.296321,5089
2024-06-20,5539575,337762954,58.538286,59.095794,54.635734,56.772846,-1.486687,4117
2024-06-21,5130649,323745219,56.772846,61.04707,55.750749,57.144518,0.371672,3995
2024-06-24,2063320,120573860,56.029503,57.330354,52.684458,53.892391,-3.252127,1518
2024-06-25,1116909,64205543,54.542816,55.007406,52.405704,53.056129,-0.836262,738
2024-06-26,678711,39169217,54.728652,54.728652,52.870294,53.334883,0.278754,535
2024-06-27,1149436,63632287,53.334883,54.375103,51.065314,51.065314,-2.269569,845
2024-06-28,2125277,122227393,51.065314,56.171845,51.065314,54.942495,3.877181,1268
2024-07-01,1682301,94504978,54.658799,54.942495,51.34901,52.389229,-2.553266,1576
2024-07-02,767176,42479442,52.010968,53.145752,51.632706,52.105533,-0.283696,569
2024-07-03,1741108,100877772,53.80771,56.26641,52.767491,54.375103,2.26957,1690
2024-07-04,2497882,149650243,54.564233,58.252284,54.185972,57.117499,2.742396,2040
2024-07-05,3660137,233941445,56.833803,62.791423,56.26641,62.791423,5.673924,2475
2024-07-08,3714284,236787619,65.439254,66.195777,56.833803,58.252284,-4.539139,2655
2024-07-09,2571501,151321854,57.495761,58.914242,53.713145,53.713145,-4.539139,1788
2024-07-10,1215676,70355512,53.713145,55.793584,53.145752,54.280537,0.567392,999
2024-07-11,2203521,122530344,53.429449,55.509887,50.781618,51.254445,-3.026092,1466
2024-07-12,1687740,88078962,51.065314,51.254445,48.417483,49.07944,-2.175005,1213
2024-07-15,892967,45982284,49.174006,49.646833,47.755525,49.07944,0.0,682
2024-07-16,636511,33293874,48.984875,50.025094,48.89031,49.646833,0.567393,470
2024-07-17,2616541,145953396,50.403356,54.280537,50.403356,51.443575,1.796742,2270
2024-07-18,1171452,64769108,50.876183,53.618579,49.835964,52.956622,1.513047,1015
2024-07-19,1169861,64806782,52.862056,53.902276,50.687052,51.065314,-1.891308,1057
2024-07-22,1685958,93388269,50.497921,53.618579,49.835964,52.57836,1.513046,1166
2024-07-23,1853152,104463721,53.429449,54.84793,51.821837,53.334883,0.756523,1530
2024-07-26,551160,30056367,50.308791,52.672925,50.308791,51.916402,-1.418481,480
2024-07-29,816908,43219954,52.200098,52.294664,48.417483,49.646833,-2.269569,687
2024-07-30,388156,20380942,49.07944,51.065314,48.417483,50.970748,1.323915,326
2024-07-31,3669450,209459528,52.862056,55.699018,52.862056,53.524014,2.553266,3007
2024-08-01,2327995,134375607,54.564233,56.26641,53.429449,53.902276,0.378262,1754
2024-08-02,1068316,57207444,52.105533,52.862056,49.07944,49.268571,-4.633705,946
2024-08-05,656663,30930825,44.918563,45.202259,44.351171,44.351171,-4.9174,496
2024-08-06,965481,42787426,44.682149,44.965846,39.95388,41.372361,-2.97881,614
2024-08-07,423068,19970936,44.16204,45.485955,42.459863,45.107694,3.735333,473
2024-08-08,330017,15422692,45.39139,45.39139,43.547365,44.209323,-0.898371,285
2024-08-09,773323,39072236,48.512048,48.606613,45.39139,48.606613,4.39729,518
2024-08-12,1638517,87414040,48.606613,52.483795,47.282698,49.930529,1.323916,1273
2024-08-13,663420,35049597,50.214225,50.687052,48.606613,49.741398,-0.189131,515
2024-08-14,400473,20978674,49.741398,50.308791,48.89031,49.457702,-0.283696,461
2024-08-15,801908,43016303,50.11966,51.727271,49.552267,50.876183,1.418481,612
2024-08-16,1696042,95952984,52.105533,55.131626,51.34901,53.902276,3.026093,1672
2024-08-19,628029,35650916,54.658799,54.658799,52.956622,53.902276,0.0,642
2024-08-20,518281,29232159,54.375103,54.375103,52.483795,53.334883,-0.567393,473
2024-08-21,334771,18680048,52.956622,53.902276,52.200098,52.57836,-0.756523,305
2024-08-22,463451,25412137,53.240318,53.240318,51.159879,51.159879,-1.418481,548
2024-08-23,392253,20884117,50.781618,51.065314,49.552267,51.065314,-0.094565,327
2024-08-26,397128,21021004,51.254445,52.010968,48.701179,49.07944,-1.985874,590
2024-08-27,285269,15078104,49.363137,50.403356,49.07944,50.308791,1.229351,254
2024-08-28,191896,10192386,50.403356,50.970748,49.457702,50.687052,0.378261,253
2024-08-29,166703,8819803,49.457702,50.687052,49.457702,50.308791,-0.378261,180
2024-08-30,1694262,94880223,50.025094,54.280537,50.025094,52.483795,2.175004,1414
2024-09-02,4171722,244190633,54.185972,57.022934,53.713145,55.131626,2.647831,3309
2024-09-03,2127658,124459789,56.07728,56.928368,54.185972,54.469668,-0.661958,1566
2024-09-04,747898,40959312,51.065314,53.429449,49.646833,51.254445,-3.215223,861
2024-09-05,569958,30680450,50.781618,52.389229,50.214225,50.214225,-1.04022,535
2024-09-06,340951,17986553,50.592487,50.687052,49.457702,49.835964,-0.378261,305
2024-09-09,596889,31459241,49.552267,51.159879,47.944656,51.065314,1.22935,546
2024-09-10,986314,53778453,53.429449,53.996841,49.07944,49.07944,-1.985874,898
2024-09-11,916599,49560030,51.821837,52.483795,50.214225,50.403356,1.323916,737
2024-09-12,332389,17847654,51.34901,51.443575,50.403356,50.687052,0.283696,276
2024-09-13,460781,24387692,50.592487,51.254445,49.552267,49.930529,-0.756523,409
2024-09-16,908306,49290758,49.930529,52.57836,49.457702,51.443575,1.513046,767
2024-09-18,486467,25834908,52.010968,52.010968,49.363137,49.457702,-1.985873,389
2024-09-19,240566,12648990,49.835964,50.497921,48.984875,49.930529,0.472827,221
2024-09-20,540243,28480461,50.403356,51.159879,49.268571,49.552267,-0.378262,387
2024-09-23,229924,12030613,49.363137,50.214225,48.984875,49.646833,0.094566,218
2024-09-24,2935375,165915103,50.214225,54.564233,50.11966,54.564233,4.9174,1912
2024-09-25,5266377,315097267,55.888149,58.914242,54.375103,54.564233,0.0,4188
2024-09-26,2144508,127542012,56.455541,58.157718,55.03706,55.131626,0.567393,1768
2024-09-27,1120700,63919728,55.03706,55.793584,52.57836,52.862056,-2.26957,868
2024-09-30,474612,26032095,52.57836,52.767491,51.443575,51.538141,-1.323915,534
2024-10-01,365165,19688525,51.916402,52.010968,50.403356,50.970748,-0.567393,388
2024-10-04,385113,20359950,50.970748,50.970748,49.646833,49.646833,-1.323915,419
2024-10-07,1156614,65534482,51.254445,54.564233,50.970748,54.564233,4.9174,825
2024-10-08,962047,54357682,53.902276,54.280537,52.57836,53.429449,-1.134784,734
2024-10-09,2468295,146653114,54.091406,58.063153,54.091406,55.604453,2.175004,1922
2024-10-11,3117784,186418184,55.793584,59.197938,53.996841,54.564233,-1.04022,2491
2024-10-14,1119191,63470159,55.793584,56.26641,51.632706,54.185972,-0.378261,1157
2024-10-15,711901,39899652,54.375103,54.564233,52.010968,52.010968,-2.175004,756
2024-10-16,493655,27112404,51.538141,52.862056,51.065314,52.105533,0.094565,352
2024-10-17,2219097,131987732,52.767491,57.30663,52.389229,57.30663,5.201097,1468
2024-10-18,2231067,133386938,56.739237,57.779457,55.415322,55.982714,-1.323916,1717
2024-10-21,1322873,79864432,56.739237,58.630545,55.888149,56.26641,0.283696,1169
2024-10-22,929369,55568276,56.26641,58.346849,55.226191,57.684891,1.418481,670
2024-10-23,8064090,530432563,58.063153,63.453381,57.874022,63.453381,5.76849,4755
2024-10-24,11632607,827159479,64.304469,69.789262,64.020773,69.789262,6.335881,6486
2024-10-25,19380526,1427329790,72.720789,73.761009,66.763169,68.276216,-1.513046,12863
2024-10-28,5573045,377096382,69.127304,69.316435,61.467507,61.467507,-6.808709,3848
2024-10-29,3829628,245927827,59.103372,63.26425,58.914242,60.805549,-0.661958,2712
2024-10-30,2178155,135575816,60.521853,62.413161,57.117499,57.30663,-3.498919,1609
2024-11-01,1559463,92744152,57.117499,57.684891,55.131626,56.26641,-1.04022,1320
2024-11-04,1370811,79308932,55.415322,56.360976,53.80771,55.226191,-1.040219,1016
2024-11-05,1001274,58647213,54.942495,56.550107,54.469668,54.84793,-0.378261,802
2024-11-06,1614303,96638986,55.03706,58.252284,55.03706,57.212064,2.364134,1229
2024-11-07,1729977,106514695,57.30663,60.049026,56.739237,56.833803,-0.378261,1425
2024-11-08,919721,53823872,56.928368,57.117499,54.375103,54.84793,-1.985873,794
2024-11-11,533536,30680378,54.564233,55.793584,53.902276,54.091406,-0.756524,413
2024-11-12,1019274,55865311,53.429449,53.429449,50.970748,51.443575,-2.647831,816
2024-11-13,463990,25424487,52.200098,52.767491,50.592487,51.916402,0.472827,417
2024-11-14,461161,25098986,52.389229,52.956622,50.970748,51.254445,-0.661957,372
2024-11-15,631219,33895166,51.065314,51.443575,50.11966,50.876183,-0.378262,537
2024-11-18,475740,24955867,50.592487,50.592487,49.174006,49.174006,-1.702177,493
2024-11-19,290794,15457342,49.741398,50.970748,49.646833,50.214225,1.040219,266
2024-11-20,310271,16546969,50.876183,51.538141,49.835964,50.025094,-0.189131,264
2024-11-21,212557,11330388,51.065314,51.065314,49.835964,50.497921,0.472827,182
2024-11-22,443068,24209874,50.970748,52.483795,50.970748,51.443575,0.945654,434
2024-11-25,670496,37268188,52.57836,54.091406,51.632706,51.727271,0.283696,487
2024-11-26,192375,10389676,51.727271,51.727271,50.781618,50.970748,-0.756523,188
2024-11-27,421693,22661026,51.065314,52.010968,50.11966,50.11966,-0.851088,330
2024-11-28,469977,24488124,50.308791,50.308791,48.701179,49.457702,-0.661958,350
2024-11-29,145099,7573286,49.268571,50.025094,48.606613,50.025094,0.567392,202
2024-12-02,169354,8906889,50.970748,50.970748,49.552267,49.552267,-0.472827,254
2024-12-03,169612,8929271,49.646833,50.11966,49.363137,49.835964,0.283697,174
2024-12-04,158256,8422816,50.11966,50.687052,49.930529,50.687052,0.851088,157
2024-12-05,312032,16793631,50.876183,51.443575,50.308791,50.687052,0.0,293
2024-12-06,258378,13735533,51.34901,51.34901,49.552267,49.835964,-0.851088,422
2024-12-09,244048,12634367,49.835964,49.835964,48.417483,48.701179,-1.134785,242
2024-12-10,519312,26099905,48.322917,48.701179,47.093567,47.14085,-1.560329,427
2024-12-11,243602,12016077,46.431609,47.188132,46.195196,46.573457,-0.567393,234
2024-12-12,168604,8336774,46.573457,47.377263,46.337044,46.384327,-0.18913,150
2024-12-13,492075,23792127,46.384327,46.384327,45.060411,45.202259,-1.182068,357
2024-12-16,263033,12588455,46.715306,46.715306,44.493019,44.682149,-0.52011,257
2024-12-17,106352,5027354,44.682149,45.013128,44.493019,44.493019,-0.18913,175
2024-12-18,139978,6508960,44.114757,44.682149,42.648993,44.587584,0.094565,219
2024-12-19,148094,6859825,43.169103,44.209323,43.169103,44.209323,-0.378261,142
2024-12-20,228363,10813714,43.547365,45.296825,43.547365,44.398453,0.18913,219
2024-12-23,205887,9758698,44.398453,45.816934,44.398453,44.634867,0.236414,170
2024-12-24,159008,7546641,44.729432,45.580521,44.256605,44.256605,-0.378262,210
2024-12-25,205753,9833907,44.776715,45.958782,44.303888,45.249542,0.992937,206
2024-12-26,184004,8740301,45.485955,45.675086,44.445736,44.445736,-0.803806,292
2024-12-27,234978,10870205,44.445736,44.776715,43.310951,43.452799,-0.992937,239
2024-12-30,132050,6092057,44.209323,44.209323,43.358234,43.547365,0.094566,125
2024-12-31,100092,4576913,43.452799,43.783778,42.93269,43.310951,-0.236414,110
2025-01-02,137898,6278814,43.500082,43.547365,42.743559,42.838124,-0.472827,152
2025-01-03,226789,10243170,44.445736,44.445736,41.656057,42.648993,-0.189131,219
2025-01-06,113175,5128012,43.452799,43.452799,42.507145,43.12182,0.472827,129
2025-01-07,222484,9975943,42.885407,42.885407,41.987036,42.554428,-0.567392,220
2025-01-08,197535,8743883,41.797905,42.554428,41.561491,42.128884,-0.425544,172
2025-01-09,269932,11911342,42.365297,42.554428,40.852251,40.852251,-1.276633,254
2025-01-10,137998,5966636,41.514209,41.514209,40.473989,40.804968,-0.047283,149
2025-01-13,258123,10911462,41.325078,41.325078,39.575618,39.764749,-1.040219,239
2025-01-14,215585,9280469,41.230513,41.419643,40.001162,41.372361,1.607612,190
2025-01-15,128647,5512416,40.994099,41.466926,40.048445,40.190293,-1.182068,202
2025-01-16,114123,4948216,40.615837,41.277795,40.615837,41.135947,0.945654,106
2025-01-17,185330,8066781,40.615837,41.466926,40.615837,41.230513,0.094566,139
2025-01-20,130339,5783637,40.946816,42.176167,40.946816,42.176167,0.945654,112
2025-01-21,132330,5886237,41.89247,42.507145,41.514209,41.514209,-0.661958,127
2025-01-22,99993,4380288,41.135947,41.797905,41.135947,41.325078,-0.189131,115
2025-02-03,109305,4687206,40.946816,41.041382,40.190293,40.473989,-0.851089,245
2025-02-04,157215,6683333,40.190293,40.615837,40.001162,40.190293,-0.283696,165
2025-02-05,131233,5754319,40.237576,42.270732,40.237576,41.939753,1.74946,135
2025-02-06,126357,5568850,41.372361,41.939753,41.372361,41.939753,0.0,114
2025-02-07,131780,5954772,41.608774,43.500082,41.608774,43.12182,1.182067,154
2025-02-10,141792,6330849,42.885407,42.885407,41.987036,42.128884,-0.992936,164
2025-02-11,440848,20597979,42.365297,45.864217,42.128884,44.16204,2.033156,409
2025-02-12,222089,10324545,44.020192,45.060411,43.500082,43.500082,-0.661958,274
2025-02-13,389580,18592585,43.878344,45.769652,43.878344,45.107694,1.607612,397
2025-02-14,149931,7094854,45.107694,45.438673,44.256605,44.587584,-0.52011,211
2025-02-17,83828,3966319,45.722369,45.722369,44.303888,44.87128,0.283696,156
2025-02-18,108403,5108638,44.351171,45.013128,44.351171,44.445736,-0.425544,121
2025-02-19,92986,4412409,44.445736,45.154976,44.445736,45.060411,0.614675,117
2025-02-20,93740,4448862,44.682149,45.39139,44.587584,44.682149,-0.378262,174
2025-02-21,108527,5150300,43.972909,45.39139,43.972909,45.154976,0.472827,141
2025-02-24,81223,3885238,44.493019,45.580521,44.493019,45.485955,0.330979,131
2025-02-25,150030,7105695,45.154976,45.533238,44.256605,44.682149,-0.803806,164
2025-02-26,45191,2146128,44.729432,45.107694,44.682149,45.060411,0.378262,82
2025-02-27,114967,5432789,45.107694,45.675086,44.020192,44.351171,-0.70924,143
2025-03-03,152937,6967574,43.169103,44.114757,42.554428,44.020192,-0.330979,158
2025-03-04,114645,5230961,42.648993,44.020192,42.128884,43.925626,-0.094566,217
2025-03-05,42239,1967475,44.445736,44.634867,43.831061,43.972909,0.047283,96
2025-03-06,61915,2834154,43.783778,43.783778,42.838124,42.838124,-1.134785,139
2025-03-07,214272,9439989,41.750622,42.318015,41.135947,41.419643,-1.418481,216
2025-03-10,124148,5425994,40.946816,42.034318,40.946816,41.135947,-0.283696,133
2025-03-11,193407,8092683,40.994099,40.994099,39.008226,39.764749,-1.371198,204
2025-03-12,127511,5372658,39.43377,40.237576,39.386487,39.528335,-0.236414,170
2025-03-13,188077,7854892,39.43377,40.190293,38.866378,38.866378,-0.661957,189
2025-03-14,213826,8857021,38.582681,39.95388,38.298985,39.528335,0.661957,218
2025-03-17,103555,4319015,39.717466,39.717466,39.244639,39.244639,-0.283696,108
2025-03-18,95916,4040052,39.150074,40.190293,39.150074,39.717466,0.472827,99
2025-03-19,138396,5731775,39.386487,39.717466,38.393551,38.960943,-0.756523,137
2025-03-20,107900,4521640,39.386487,39.859314,39.339205,39.575618,0.614675,114
2025-03-21,79045,3303446,39.670184,39.812032,39.008226,39.622901,0.047283,116
2025-03-24,76037,3163016,39.670184,39.812032,39.055508,39.43377,-0.189131,63
2025-03-25,94020,3914066,39.339205,39.812032,39.055508,39.43377,0.0,91
2025-03-26,157125,6643000,39.481053,40.521272,39.481053,39.764749,0.330979,134
2025-03-27,136833,5655307,39.244639,39.764749,38.819095,39.055508,-0.709241,119
2025-03-28,246948,9789596,39.150074,39.150074,36.833222,36.833222,-2.222286,220
2025-03-31,281297,10465913,36.596808,36.596808,34.658218,35.083762,-1.74946,258
2025-04-01,110320,4196562,35.414741,36.218547,35.414741,35.982133,0.898371,85
2025-04-02,93144,3520645,35.982133,36.123981,35.367458,35.651154,-0.330979,97
2025-04-07,29900,1015066,32.104952,32.104952,32.104952,32.104952,-3.546202,67
2025-04-08,342789,10510414,28.937011,29.7881,28.937011,28.937011,-3.167941,269
2025-04-09,490350,13942167,28.416901,28.416901,26.052767,26.052767,-2.884244,466
2025-04-10,175205,5298159,28.55875,28.653315,27.802226,28.653315,2.600548,127
2025-04-11,213813,6317335,28.464184,29.315273,26.525594,28.842446,0.189131,165
2025-04-14,164494,5119376,28.984294,30.450057,28.842446,28.937011,0.094565,142
2025-04-15,195908,6228923,28.606032,30.591906,28.606032,30.308209,1.371198,185
2025-04-16,135053,4228887,30.308209,30.308209,28.937011,29.126142,-1.182067,117
2025-04-17,92034,2819745,29.126142,29.409838,28.464184,29.173425,0.047283,91
2025-04-18,95458,2947942,29.362555,29.504403,28.889728,29.031576,-0.141849,95
2025-04-21,195229,5852716,29.551686,29.551686,27.896792,28.180488,-0.851088,114
2025-04-22,76340,2286754,28.369619,28.795163,27.944074,28.03864,-0.141848,59
2025-04-23,90815,2808369,28.937011,29.598969,28.937011,29.315273,1.276633,92
2025-04-24,69229,2152644,29.7881,29.7881,29.031576,29.26799,-0.047283,73
2025-04-25,172757,5544191,30.071796,30.875602,29.835382,30.733754,1.465764,173
2025-04-28,86250,2846809,30.639188,32.057669,30.639188,31.773973,1.040219,101
2025-04-29,161616,5533851,31.773973,32.814192,31.773973,32.530496,0.756523,114
2025-04-30,166821,5827612,32.104952,33.381585,32.104952,32.908758,0.378262,129
2025-05-02,377766,13850389,33.523433,35.74572,33.47615,34.232673,1.323915,358
2025-05-05,242616,8663393,34.279956,35.083762,32.388648,33.570715,-0.661958,188
2025-05-06,161957,5936539,33.665281,35.178327,33.665281,35.083762,1.513047,114
2025-05-07,439560,17934045,38.582681,38.582681,38.582681,38.582681,3.498919,258
2025-05-08,333140,14941316,42.41258,42.41258,42.41258,42.41258,3.829899,251
2025-05-09,3692393,162180231,46.526175,46.526175,38.346268,38.393551,-4.019029,2882
2025-05-12,1254118,49118455,38.582681,38.582681,35.982133,36.691374,-1.702177,981
2025-05-13,441402,17130927,37.68431,37.68431,36.123981,36.123981,-0.567393,447
2025-05-14,683387,26798242,36.265829,38.015289,36.123981,37.495179,1.371198,607
2025-05-15,363101,14145144,37.542462,37.68431,36.407677,36.407677,-1.087502,295
2025-05-16,409615,15860698,37.164201,37.589745,35.93485,36.313112,-0.094565,346
2025-05-19,259092,9829868,36.123981,36.171264,35.462023,35.74572,-0.567392,194
2025-05-20,237182,9034463,36.029416,36.502243,35.651154,36.029416,0.283696,167
2025-05-21,658229,25931870,36.029416,38.20442,36.029416,37.022352,0.992936,528
2025-05-22,257795,9967195,37.069635,37.400614,36.265829,36.265829,-0.756523,225
2025-05-23,687494,27059220,36.549525,38.062572,36.313112,36.596808,0.330979,493
2025-05-26,282047,10846784,36.927787,36.97507,35.982133,36.549525,-0.047283,199
2025-05-27,254641,9800377,36.785939,37.164201,35.651154,35.698437,-0.851088,199
2025-05-28,162306,6159085,36.171264,36.785939,35.083762,35.083762,-0.614675,138
2025-05-29,112862,4170863,35.272893,35.74572,34.610935,34.847348,-0.236414,98
2025-06-02,174439,6182548,34.327239,34.658218,32.95604,33.854412,-0.992936,158
2025-06-03,172900,6148226,33.948977,34.7055,33.097889,33.145171,-0.709241,163
2025-06-04,96795,3450170,33.428867,34.090825,33.428867,33.617998,0.472827,85
2025-06-05,96336,3437503,33.665281,34.090825,33.617998,33.948977,0.330979,101
2025-06-06,75850,2707348,33.948977,33.948977,33.570715,33.759846,-0.189131,59
2025-06-09,106544,3740437,33.759846,33.759846,32.908758,33.050606,-0.70924,109
2025-06-10,48018,1695288,33.097889,33.665281,33.050606,33.145171,0.094565,48
2025-06-11,134456,4716322,33.287019,33.47615,32.861475,33.192454,0.047283,105
2025-06-12,95370,3361454,33.192454,33.617998,32.908758,33.287019,0.094565,80
2025-06-13,101191,3513964,33.523433,33.712564,32.625062,32.908758,-0.378261,111
2025-06-16,36055,1242554,32.625062,32.814192,32.435931,32.672344,-0.236414,36
2025-06-17,211071,7420341,32.672344,33.523433,32.672344,33.239737,0.567393,84
2025-06-18,79311,2813783,33.287019,33.807129,33.239737,33.570715,0.330978,86
2025-06-19,181236,6209649,33.287019,33.287019,31.963104,31.963104,-1.607611,189
2025-06-20,111603,3742303,32.388648,32.388648,31.348429,31.442994,-0.52011,98
2025-06-23,157273,5158569,31.490277,31.490277,30.733754,30.733754,-0.70924,141
2025-06-24,176405,5672404,32.17829,32.676406,31.530739,31.630362,0.896608,155
2025-06-25,52037,1663402,32.128478,32.17829,31.680174,31.779797,0.149435,43
2025-06-26,57452,1853012,32.078667,32.427348,31.779797,32.028855,0.249058,63
2025-06-27,87411,2822359,33.274145,33.274145,31.829609,32.17829,0.149435,93
2025-06-30,59143,1890090,31.87942,32.477159,31.680174,31.680174,-0.498116,60
2025-07-01,35035,1125109,32.128478,32.17829,31.729986,32.078667,0.398493,42
2025-07-02,26077,834416,31.87942,32.078667,31.729986,31.87942,-0.199247,28
2025-07-03,70185,2281823,32.078667,32.776029,32.028855,32.576783,0.697363,68
2025-07-04,124229,3944910,32.726217,32.726217,31.182058,31.182058,-1.394725,108
2025-07-07,50427,1548937,30.833377,30.933,30.385072,30.385072,-0.796986,61
2025-07-08,91969,2764181,29.98658,30.335261,29.68771,30.335261,-0.049811,99
2025-07-09,57079,1722845,30.335261,30.335261,29.886957,30.185826,-0.149435,53
2025-07-10,20294,613211,30.185826,30.335261,29.886957,30.185826,0.0,27
2025-07-11,69544,2155357,30.484696,31.182058,30.185826,31.032623,0.846797,81
2025-07-14,27468,842431,30.285449,30.783565,30.285449,30.484696,-0.547927,79
2025-07-15,29133,899282,30.484696,31.082435,30.484696,30.733754,0.249058,39
2025-07-16,123302,3897023,30.733754,31.87942,30.733754,31.779797,1.046043,98
2025-07-17,98455,3191819,31.779797,32.726217,31.779797,32.17829,0.398493,97
2025-07-18,62347,2016205,32.17829,32.377536,31.87942,32.17829,0.0,57
2025-07-21,74057,2408169,32.17829,32.726217,32.028855,32.576783,0.398493,58
2025-07-22,95995,3037628,32.377536,32.477159,31.032623,31.729986,-0.846797,86
2025-07-23,57000,1803650,31.87942,31.87942,31.431116,31.530739,-0.199247,38
2025-07-24,69352,2240244,31.530739,32.526971,31.530739,32.327725,0.796986,59
2025-07-25,165008,5257406,31.580551,32.477159,31.431116,31.431116,-0.896609,102
2025-07-28,29048,917695,31.132246,31.680174,31.132246,31.431116,0.0,33
2025-07-29,67039,2125554,31.431116,31.87942,31.082435,31.480928,0.049812,55
2025-07-30,63512,1995775,31.480928,31.480928,31.132246,31.381304,-0.099624,53
2025-07-31,42255,1310760,30.982812,31.132246,30.833377,30.833377,-0.547927,43
2025-08-01,76119,2378875,30.833377,31.331493,30.833377,31.182058,0.348681,68
2025-08-04,119001,3793833,31.281681,32.17829,31.281681,32.078667,0.896609,92
2025-08-05,96300,3133216,32.676406,32.825841,32.17829,32.477159,0.398492,85
2025-08-06,95220,3106623,32.526971,32.776029,32.078667,32.526971,0.049812,85
2025-08-07,68163,2204279,32.526971,32.576783,31.829609,32.028855,-0.498116,72
2025-08-08,120139,3812201,31.580551,32.277913,31.23187,31.87942,-0.149435,114
2025-08-11,65253,2074041,31.530739,32.17829,31.23187,31.979043,0.099623,66
2025-08-12,71396,2285470,31.929232,32.17829,31.580551,32.17829,0.199247,71
2025-08-13,81649,2602616,32.477159,32.477159,31.431116,31.779797,-0.398493,88
2025-08-14,63268,2010897,32.078667,32.078667,31.530739,31.680174,-0.099623,54
2025-08-15,81061,2564673,31.87942,31.87942,31.182058,31.680174,0.0,90
2025-08-18,270562,8293314,31.381304,31.381304,29.737522,30.385072,-1.295102,247
2025-08-19,97395,2949070,30.385072,30.484696,29.98658,30.086203,-0.298869,89
2025-08-20,147075,4392703,30.086203,30.136014,29.488464,29.737522,-0.348681,108
2025-08-21,93561,2811521,29.886957,30.185826,29.737522,29.737522,0.0,86
2025-08-22,142789,4224464,29.737522,30.136014,28.791101,28.990348,-0.747174,128
2025-08-25,177997,5162967,29.787333,29.886957,28.243174,28.44242,-0.547928,154
2025-08-26,343225,10363451,28.44242,31.281681,28.342797,31.281681,2.839261,372
2025-08-27,1343884,45411288,33.174522,34.37,31.87942,31.979043,0.697362,897
2025-08-28,272547,8684741,31.680174,32.776029,31.381304,31.480928,-0.498115,248
2025-08-29,174990,5661431,32.327725,33.174522,31.779797,31.779797,0.298869,161
2025-09-01,138186,4323285,31.779797,31.779797,30.883188,31.032623,-0.747174,87
2025-09-02,87096,2691051,31.132246,31.132246,30.584319,30.584319,-0.448304,70
2025-09-03,115358,3586756,31.082435,31.182058,30.783565,31.132246,0.547927,67
2025-09-04,60104,1877333,31.680174,31.680174,30.783565,30.783565,-0.348681,63
2025-09-05,53050,1641209,30.783565,31.082435,30.683942,31.082435,0.29887,48
2025-09-08,85133,2682929,31.082435,31.87942,30.783565,31.87942,0.796985,79
2025-09-09,71161,2256910,32.277913,32.277913,31.331493,31.580551,-0.298869,57
2025-09-10,66190,2070540,31.630362,31.630362,30.883188,31.281681,-0.29887,61
2025-09-11,109330,3337268,31.23187,31.23187,29.936768,30.335261,-0.94642,105
2025-09-12,74066,2257716,30.63413,30.883188,30.036391,30.385072,0.049811,61
2025-09-15,61188,1837677,30.185826,30.185826,29.737522,30.086203,-0.298869,86
2025-09-16,300232,9912598,31.431116,33.074899,31.431116,33.074899,2.988696,205
2025-09-17,2372685,83965785,36.163217,36.362464,33.174522,33.174522,0.099623,1253
2025-09-18,696473,22829628,33.174522,33.473391,32.028855,32.676406,-0.498116,613
2025-09-19,158788,5190447,33.12471,33.12471,32.078667,32.078667,-0.597739,159
2025-09-22,219725,7211172,32.128478,33.373768,32.078667,32.975275,0.896608,203
2025-09-23,427463,14281536,33.224333,34.320188,32.327725,32.975275,0.0,388
2025-09-24,364865,12296548,33.822072,34.66887,32.925464,33.473391,0.498116,326
2025-09-25,534818,18396066,33.971507,35.266609,33.523203,34.170754,0.697363,453
2025-09-26,252371,8263792,34.170754,34.220565,32.277913,32.277913,-1.892841,273
2025-09-30,451790,15611498,32.875652,35.416043,32.875652,35.416043,3.13813,819
2025-10-01,253867,8789843,35.465855,35.465855,34.07113,34.07113,-1.344913,280
2025-10-02,163917,5605838,35.31642,35.31642,33.573014,33.573014,-0.498116,155
2025-10-03,128537,4299621,33.822072,34.07113,32.377536,33.573014,0.0,170
2025-10-07,646846,22757451,33.822072,35.764725,33.822072,35.216797,1.643783,621
2025-10-08,400018,13660690,35.117174,35.166986,33.373768,33.672638,-1.544159,338
2025-10-09,373128,12351112,33.473391,33.871884,32.377536,32.377536,-1.295102,308
2025-10-13,149465,4849700,31.87942,32.925464,31.530739,32.925464,0.547928,117
2025-10-14,147974,4894435,33.224333,33.573014,32.028855,32.626594,-0.29887,144
2025-10-15,95705,3102097,32.377536,32.477159,32.078667,32.377536,-0.249058,66
2025-10-16,68263,2240019,32.477159,32.925464,32.377536,32.875652,0.498116,73
2025-10-17,37150,1203284,32.576783,32.576783,32.128478,32.327725,-0.547927,44
2025-10-20,105281,3368584,32.327725,32.327725,31.729986,31.87942,-0.448305,81
2025-10-21,86437,2786579,32.17829,32.377536,31.87942,31.979043,0.099623,70
2025-10-22,138319,4493026,32.377536,32.875652,31.929232,32.676406,0.697363,102
2025-10-23,50004,1616982,32.377536,32.427348,32.078667,32.17829,-0.498116,46
2025-10-27,91395,2949141,32.128478,32.377536,31.87942,32.277913,0.099623,72
2025-10-28,116838,3739446,32.128478,32.377536,31.680174,31.929232,-0.348681,91
2025-10-29,121005,3906169,32.078667,32.427348,31.929232,32.028855,0.099623,75
2025-10-30,273488,9053710,32.078667,34.818304,32.078667,32.576783,0.547928,194
2025-10-31,115904,3709478,32.327725,32.327725,31.530739,31.829609,-0.747174,108
2025-11-03,125613,4003442,31.680174,32.676406,30.883188,31.929232,0.099623,122
2025-11-04,268021,8240415,31.929232,31.929232,29.886957,30.883188,-1.046044,249
2025-11-05,77307,2369624,30.833377,30.883188,29.886957,30.883188,0.0,62
2025-11-06,57565,1791594,31.032623,31.381304,30.484696,30.534507,-0.348681,64
2025-11-07,1672470,55612669,31.23187,33.573014,31.23187,33.573014,3.038507,1753
2025-11-10,4066270,144007954,34.917928,36.412275,33.871884,35.366232,1.793218,2751
2025-11-11,1521820,52788265,33.074899,36.213029,32.626594,33.971507,-1.394725,1084
2025-11-12,1008501,35126050,34.120942,35.963971,33.622826,34.868116,0.896609,779
2025-11-13,672619,22636029,34.320188,34.818304,32.875652,32.875652,-1.992464,498
2025-11-14,204888,6819745,32.128478,33.822072,32.128478,33.274145,0.398493,213
2025-11-17,478076,16182678,33.373768,35.366232,32.327725,32.327725,-0.94642,373
2025-11-18,642258,21774596,32.726217,34.66887,32.377536,33.921696,1.593971,460
2025-11-19,349827,11755775,33.921696,34.220565,32.576783,33.323957,-0.597739,254
2025-11-20,281181,9397591,34.868116,34.868116,32.676406,32.676406,-0.647551,240
2025-11-21,272484,8825953,32.676406,33.722449,31.779797,31.829609,-0.846797,259
2025-11-24,130593,4184633,31.87942,32.377536,31.580551,31.87942,0.049811,111
2025-11-25,78279,2533232,32.078667,32.676406,31.87942,32.676406,0.796986,121
2025-11-26,115840,3758145,33.274145,33.274145,32.078667,32.078667,-0.597739,101
2025-11-27,123084,3984255,32.078667,32.676406,32.028855,32.526971,0.448304,104
2025-11-28,110797,3663763,33.323957,33.573014,32.427348,32.427348,-0.099623,188
2025-12-01,122588,3914056,32.427348,32.427348,31.480928,31.729986,-0.697362,117
2025-12-02,92002,2954014,31.530739,32.277913,31.530739,31.729986,0.0,72
2025-12-03,48178,1538849,31.779797,32.078667,31.580551,31.929232,0.199246,57
2025-12-04,55985,1796872,32.377536,32.377536,31.829609,31.929232,0.0,56
2025-12-05,80812,2572339,31.87942,31.929232,31.580551,31.630362,-0.29887,102
2025-12-08,128757,4042851,31.480928,31.779797,31.032623,31.431116,-0.199246,125
2025-12-09,354937,11660030,31.979043,33.274145,31.929232,32.776029,1.344913,309
2025-12-10,237771,7705121,33.074899,33.074899,31.779797,31.979043,-0.796986,197
2025-12-11,83522,2713905,32.676406,32.676406,32.028855,32.377536,0.398493,89
2025-12-12,341774,11508422,32.427348,34.170754,32.427348,34.120942,1.743406,293
2025-12-15,330894,11444737,33.871884,35.017551,33.473391,34.07113,-0.049812,315
2025-12-16,235861,8144871,33.871884,34.967739,33.672638,34.967739,0.896609,219
2025-12-17,1048229,38278721,35.067362,37.458319,35.067362,36.163217,1.195478,817
2025-12-18,3847155,151048196,36.213029,39.749652,35.914159,39.749652,3.586435,2983
2025-12-19,10480666,439354827,41.642493,43.684768,40.098333,42.290043,2.540391,6896
2025-12-22,4299336,182514390,42.290043,43.186652,41.742116,42.290043,0.0,2849
2025-12-23,1575378,66693023,42.987406,43.136841,41.393435,41.54287,-0.747173,1276
2025-12-24,1133712,46272067,40.94513,41.54287,39.948899,40.496826,-1.046044,810
2025-12-26,776136,31656041,41.244,41.493058,39.948899,40.098333,-0.398493,686
2025-12-29,962398,37764018,40.347391,40.347391,38.354928,38.354928,-1.743405,717
2025-12-30,500645,19420076,38.354928,39.251536,37.856812,39.201725,0.846797,431
2025-12-31,790785,31652058,39.650029,41.293812,38.653797,38.653797,-0.547928,653
2026-01-02,449627,17852389,38.853043,40.397203,38.75342,38.902855,0.249058,414
2026-01-05,634104,24089415,38.952667,39.500594,36.86058,37.408507,-1.494348,601
2026-01-06,747224,29401424,37.358696,39.99871,37.259072,39.948899,2.540392,640
2026-01-07,1945135,81522572,42.240232,43.535333,40.447014,40.447014,0.498115,1652
2026-01-08,1117100,45375363,40.696072,42.040986,39.102101,39.151913,-1.295101,955
2026-01-09,552911,21052433,38.952667,39.600217,37.259072,37.807,-1.344913,503
2026-01-12,406106,15826508,38.205493,39.500594,38.205493,38.454551,0.647551,409
2026-01-13,427560,16081104,39.251536,39.251536,36.910391,37.209261,-1.24529,348
2026-01-14,258542,9795351,37.259072,38.155681,37.259072,37.956435,0.747174,291
2026-01-15,214919,8179536,37.956435,38.205493,37.557942,38.205493,0.249058,189
2026-01-16,296384,11194762,38.504362,38.653797,37.259072,37.358696,-0.846797,366
2026-01-19,364037,14012297,38.554174,38.803232,37.557942,38.653797,1.295101,362
2026-01-20,334951,13067365,38.653797,39.650029,38.255304,38.603986,-0.049811,413
2026-01-21,452125,16970472,38.603986,38.603986,36.86058,37.209261,-1.394725,484
2026-01-22,461949,17736013,37.707377,39.450783,37.259072,37.259072,0.049811,661
2026-01-23,440175,16086993,37.707377,37.707377,35.864348,36.013783,-1.245289,566
2026-01-26,212750,7772814,36.262841,36.910391,35.914159,36.910391,0.896608,182
2026-01-27,222788,8068872,37.209261,37.209261,35.714913,35.714913,-1.195478,318
2026-01-28,592357,22035090,36.213029,37.856812,36.163217,36.810768,1.095855,545
2026-01-29,2273359,89680850,39.550406,40.447014,37.159449,37.159449,0.348681,1825
2026-01-30,1458715,55196651,36.462087,39.102101,36.113406,36.163217,-0.996232,1184
2026-02-02,463694,16250078,35.914159,35.914159,34.270377,34.37,-1.793217,469
2026-02-03,201694,6969410,34.419812,35.216797,33.921696,34.021319,-0.348681,358
2026-02-04,145670,5015010,33.573014,35.017551,33.224333,35.017551,0.996232,143
2026-02-05,175663,6037458,35.31642,35.31642,33.42358,34.021319,-0.996232,284
2026-02-06,171641,5695449,34.021319,34.021319,32.576783,32.875652,-1.145667,176
2026-02-09,145230,4913101,33.523203,34.120942,33.42358,33.622826,0.747174,165
2026-02-10,137711,4583874,33.622826,33.622826,32.875652,33.224333,-0.398493,134
2026-02-11,165023,5565216,33.871884,34.07113,33.224333,33.274145,0.049812,170
2026-02-23,195908,6794572,33.42358,35.216797,33.42358,35.166986,1.892841,210
2026-02-24,300982,10783415,34.868116,36.113406,34.868116,35.714913,0.547927,291
2026-02-25,211083,7529915,36.362464,36.362464,35.067362,35.565478,-0.149435,224
2026-02-26,178806,6376480,35.31642,35.864348,35.067362,35.31642,-0.249058,199
2026-03-02,100165,3503770,34.021319,35.465855,34.021319,34.917928,-0.398492,117
2026-03-03,126263,4391912,34.917928,35.416043,34.320188,34.419812,-0.498116,173
2026-03-04,209150,6932848,33.025087,34.170754,32.526971,32.626594,-1.793218,197
2026-03-05,129402,4351257,32.975275,33.921696,32.875652,33.871884,1.24529,96
2026-03-06,96448,3207439,33.871884,33.871884,32.676406,33.323957,-0.547927,97
2026-03-09,257409,8083953,31.530739,31.979043,30.933,31.979043,-1.344914,269
2026-03-10,129816,4166886,32.277913,32.825841,31.132246,31.979043,0.0,592
2026-03-11,98324,3225712,32.028855,32.875652,32.028855,32.676406,0.697363,289
2026-03-12,106953,3496320,33.274145,33.42358,32.17829,32.17829,-0.498116,310
2026-03-13,138286,4473530,31.87942,32.875652,31.729986,32.078667,-0.099623,257
2026-03-16,225789,7096329,32.825841,32.825841,30.982812,31.281681,-0.796986,338
2026-03-17,171481,5472187,32.17829,32.17829,31.580551,31.729986,0.448305,217
2026-03-18,277423,8985746,31.829609,33.074899,31.381304,32.128478,0.398492,302
2026-03-19,243677,7993675,32.078667,33.373768,31.580551,32.277913,0.149435,291
2026-03-20,341629,11300580,32.875652,33.971507,31.630362,32.875652,0.597739,327
2026-03-23,184656,5965099,32.228101,33.074899,31.580551,31.680174,-1.195478,271
2026-03-24,112233,3568005,31.779797,32.078667,31.381304,31.829609,0.149435,143
2026-03-25,112315,3595306,32.17829,32.377536,31.680174,31.779797,-0.049812,134
2026-03-26,92125,2937293,31.979043,32.377536,31.182058,31.182058,-0.597739,119
2026-03-27,166368,5122170,30.982812,30.982812,30.235638,30.982812,-0.199246,153
2026-03-30,79177,2435592,30.584319,31.182058,29.98658,30.434884,-0.547928,153
2026-03-31,166234,5016262,30.335261,30.833377,29.637899,29.737522,-0.697362,163
2026-04-01,66042,2011788,30.584319,30.584319,30.136014,30.584319,0.846797,91
2026-04-02,85033,2582058,30.833377,30.833377,29.98658,30.086203,-0.498116,104
2026-04-07,126591,3805466,30.933,30.933,29.68771,29.68771,-0.398493,224
2026-04-08,158152,4903804,30.185826,31.381304,30.185826,31.381304,1.693594,182
2026-04-09,102485,3177765,30.683942,31.580551,30.534507,30.883188,-0.498116,167
2026-04-10,175823,5488788,31.182058,31.630362,30.285449,30.982812,0.099624,226
2026-04-13,112394,3500132,31.580551,31.580551,30.783565,30.933,-0.049812,269
2026-04-14,168544,5209495,31.182058,31.182058,30.584319,30.883188,-0.049812,312
2026-04-15,146951,4591806,31.381304,31.480928,30.833377,31.132246,0.249058,284
2026-04-16,145990,4594440,31.132246,31.779797,30.883188,31.480928,0.348682,338
2026-04-17,185661,5809006,31.480928,31.530739,30.683942,31.281681,-0.199247,388
2026-04-20,204439,6335318,31.281681,31.480928,30.63413,30.683942,-0.597739,1010
2026-04-21,100885,3109007,30.883188,30.933,30.484696,30.584319,-0.099623,599
2026-04-22,144865,4473320,30.584319,30.933,30.584319,30.783565,0.199246,651
2026-04-23,220149,6599650,30.783565,30.783565,29.339029,29.737522,-1.046043,457
2026-04-24,108057,3206032,29.737522,29.886957,29.339029,29.538275,-0.199247,154
2026-04-27,184486,5399745,29.538275,29.538275,28.791101,29.339029,-0.199246,171
2026-04-28,97935,2905480,29.488464,30.036391,29.089971,29.837145,0.498116,90
2026-04-29,470209,14781274,30.783565,32.626594,30.733754,30.883188,1.046043,453
2026-04-30,152789,4641620,31.032623,31.032623,29.98658,30.086203,-0.796985,245
2026-05-04,105434,3210166,30.235638,31.032623,30.036391,30.136014,0.049811,130
2026-05-05,63047,1929325,30.185826,30.63413,30.185826,30.534507,0.398493,89
2026-05-06,227158,6815649,31.829609,31.829609,29.089971,29.737522,-0.796985,208
2026-05-07,177162,5402671,29.837145,30.883188,29.787333,30.534507,0.796985,152
2026-05-08,128254,3917816,31.23187,31.23187,29.936768,29.936768,-0.597739,134
2026-05-11,157172,4803680,30.534507,30.683942,30.036391,30.534507,0.597739,160
2026-05-12,149150,4479527,30.484696,30.484696,29.737522,29.837145,-0.697362,174
2026-05-13,98583,2945769,29.837145,29.936768,29.588087,29.787333,-0.049812,90
2026-05-14,156216,4633950,29.886957,29.886957,29.388841,29.837145,0.049812,130
2026-05-15,168417,4962936,29.837145,29.886957,28.890725,28.890725,-0.94642,138
2026-05-18,126386,3692609,28.292986,31.132246,28.292986,28.940536,0.049811,140
2026-05-19,559832,17565017,28.890725,31.829609,28.890725,31.331493,2.390957,1129
2026-05-20,353303,10955179,31.630362,31.87942,29.98658,29.98658,-1.344913,345
2026-05-21,380101,12014539,30.733754,32.277913,30.63413,31.630362,1.643782,284
2026-05-22,599376,19584398,32.776029,33.871884,32.028855,33.074899,1.444537,502
2026-05-25,320091,10638782,34.07113,34.07113,32.676406,32.726217,-0.348682,354
2026-05-26,225711,7401268,32.875652,33.074899,32.377536,33.074899,0.348682,215
2026-05-27,720514,25809389,33.224333,36.362464,33.224333,36.362464,3.287565,526
2026-05-28,1908918,74017981,37.458319,39.948899,36.960203,38.504362,2.141898,1348
2026-05-29,543037,20907849,38.75342,39.002478,37.956435,38.354928,-0.149434,502
2026-06-01,1086731,44607216,38.454551,42.19042,38.454551,41.891551,3.536623,1314
2026-06-02,1369984,59597800,41.493058,45.826667,40.845507,42.240232,0.348681,1030
2026-06-03,533381,22429185,42.339855,42.937594,40.994942,41.891551,-0.348681,432
2026-06-04,303418,12587552,41.841739,42.140609,40.646261,40.646261,-1.24529,300
2026-06-05,458179,18109393,40.247768,40.29758,38.454551,39.948899,-0.697362,321
2026-06-08,715548,26231954,36.362464,37.458319,35.963971,37.159449,-2.78945,452
2026-06-09,244263,9228228,37.209261,38.554174,36.810768,38.454551,1.295102,234
2026-06-10,171068,6499873,38.454551,38.454551,37.209261,37.308884,-1.145667,214
2026-06-11,586414,20579397,36.711145,36.711145,34.07113,34.419812,-2.889072,440
2026-06-12,197730,6923963,35.067362,35.166986,34.519435,34.718681,0.298869,160
2026-06-15,192201,6886619,34.768493,36.362464,34.768493,35.714913,0.996232,185
2026-06-16,170465,6163162,36.163217,36.760957,35.61529,35.714913,0.0,133
2026-06-17,567881,21132454,35.61529,38.305116,35.166986,36.960203,1.24529,440
2026-06-18,346666,12928516,38.554174,38.554174,36.711145,36.960203,0.0,255
2026-06-22,470227,18422348,37.707377,39.650029,37.557942,39.201725,2.241522,418
2026-06-23,331206,12663102,39.650029,39.650029,37.458319,37.807,-1.394725,346
2026-06-24,261139,9709239,38.10587,38.10587,36.163217,36.711145,-1.095855,250
2026-06-25,157672,5790955,36.810768,37.557942,36.213029,36.56171,-0.149435,162
2026-06-26,294857,11085866,37.010014,38.354928,36.163217,36.86058,0.29887,289
2026-06-29,119129,4440069,37.607754,37.607754,36.661333,36.910391,0.049811,162
2026-06-30,89929,3342563,37.358696,37.358696,36.910391,37.109638,0.199247,105
2026-07-01,217318,8181527,37.159449,38.255304,36.611522,37.557942,0.448304,232
2026-07-02,124674,4749360,37.906623,38.354928,37.308884,38.255304,0.697362,129
2026-07-03,139928,5362522,37.657565,38.75342,37.657565,38.056058,-0.199246,161
2026-07-06,416324,16239643,38.056058,39.600217,38.056058,39.600217,1.544159,275
2026-07-07,302189,11688604,39.849275,39.849275,37.557942,37.657565,-1.942652,347
2026-07-08,177702,6639667,37.757188,37.807,36.910391,37.358696,-0.298869,231
2026-07-09,86274,3281888,37.50813,38.354928,37.408507,38.155681,0.796985,122
2026-07-13,243908,8951029,38.603986,38.603986,35.914159,36.213029,-1.942652,308
2026-07-14,223067,7775876,36.711145,36.711145,34.120942,34.868116,-1.344913,181
2026-07-15,116126,4094210,35.017551,35.515667,34.868116,34.917928,0.049812,101
2026-07-16,80243,2812035,34.967739,35.366232,34.37,35.017551,0.099623,86
2026-07-17,287737,9834904,34.320188,34.569246,33.871884,33.971507,-1.046044,240
2026-07-20,115273,3784778,34.320188,34.320188,31.680174,32.825841,-1.145666,134
2026-07-21,69191,2284241,32.875652,33.12471,32.726217,32.975275,0.149434,84
2026-07-22,58680,2000076,33.174522,34.37,33.12471,34.37,1.394725,68
2026-07-23,72576,2461380,34.5,34.7,33.45,33.6,-0.77,92
2026-07-24,85032,2843425,33.2,34.0,33.05,33.6,0.0,79
2026-07-27,45331,1510772,33.3,33.6,33.1,33.6,0.0,81
2026-07-28,131042,4292073,33.15,33.2,32.2,32.75,-0.85,128
2026-07-29,367766,11545688,33.45,33.45,30.2,31.3,-1.45,233
2026-07-30,147294,4512286,31.4,31.75,30.3,30.5,-0.8,152
2026-07-31,43416,1379185,32.4,32.4,31.55,31.95,1.45,54
2026-08-03,78251,2541770,31.9,32.8,31.9,32.45,0.5,81
2026-08-04,67078,2189086,32.25,32.85,32.2,32.7,0.25,59
2026-08-05,43241,1445413,33.6,33.7,33.1,33.45,0.75,69
2026-08-06,73214,2414055,34.2,34.2,32.3,33.6,0.15,99
2026-08-07,72254,2389781,34.3,34.3,32.75,32.75,-0.85,109
2026-08-10,60325,1996758,33.3,33.7,32.9,33.0,0.25,65
2026-08-11,52039,1705696,33.05,33.5,32.45,32.6,-0.4,67
2026-08-12,70193,2311794,32.6,33.3,32.6,33.1,0.5,84
2026-08-13,80413,2671235,33.65,33.95,32.6,32.6,-0.5,87
2026-08-14,56803,1842213,32.7,32.7,32.25,32.6,0.0,96
