date,Trading_Volume,Trading_money,open,max,min,close,spread,Trading_turnover
2015-01-05,38556,1896724,22.953906,23.047405,22.953906,22.977281,0.023375,43
2015-01-06,63008,3062099,22.673411,22.860408,22.650036,22.696785,-0.280496,59
2015-01-07,47000,2285350,22.813659,22.860408,22.463039,22.860408,0.163623,36
2015-01-08,91291,4504125,23.047405,23.281152,22.907157,23.000656,0.140248,69
2015-01-09,295250,14867774,23.140904,23.888892,22.953906,23.655146,0.65449,229
2015-01-12,141260,7064857,23.608397,23.655146,23.187653,23.187653,-0.467493,112
2015-01-13,74025,3684935,23.187653,23.37465,23.140904,23.257777,0.070124,73
2015-01-14,62000,3061250,23.281152,23.37465,22.977281,23.094154,-0.163623,49
2015-01-15,86340,4254443,23.140904,23.187653,22.953906,22.953906,-0.140248,64
2015-01-16,109050,5317065,22.953906,22.977281,22.673411,22.696785,-0.257121,89
2015-01-19,61321,2984714,22.813659,22.883782,22.579912,22.673411,-0.023374,51
2015-01-20,72415,3517567,22.813659,22.883782,22.650036,22.72016,0.046749,52
2015-01-21,128365,6309335,22.907157,23.07078,22.813659,22.953906,0.233746,91
2015-01-22,486310,24202974,22.953906,23.608397,22.930532,23.561647,0.607741,257
2015-01-23,103050,5167694,23.748645,23.842143,23.187653,23.37465,-0.186997,88
2015-01-26,69510,3463847,23.37465,23.514898,23.187653,23.327901,-0.046749,52
2015-01-27,140550,7063965,23.37465,23.655146,23.327901,23.561647,0.233746,100
2015-01-28,40250,2007925,23.37465,23.468149,23.257777,23.327901,-0.233746,32
2015-01-29,34075,1695988,23.327901,23.351275,23.140904,23.304526,-0.023375,32
2015-01-30,36525,1812778,23.187653,23.37465,23.140904,23.140904,-0.163622,36
2015-02-02,34152,1676120,23.000656,23.211028,22.907157,22.977281,-0.163623,26
2015-02-03,88300,4347805,23.000656,23.094154,22.977281,22.977281,0.0,47
2015-02-04,35386,1744540,23.094154,23.140904,23.000656,23.000656,0.023375,34
2015-02-05,78300,3867350,23.000656,23.37465,23.000656,23.117529,0.116873,45
2015-02-06,32415,1596717,23.187653,23.187653,22.977281,23.02403,-0.093499,31
2015-02-09,57000,2811900,23.02403,23.140904,23.02403,23.02403,0.0,39
2015-02-10,232350,11188555,22.907157,22.907157,22.135794,22.439664,-0.584366,171
2015-02-11,58243,2798438,22.509788,22.579912,22.252667,22.252667,-0.186997,42
2015-02-12,38881,1858511,22.252667,22.486413,22.229292,22.486413,0.233746,32
2015-02-13,54010,2596728,22.486413,22.579912,22.439664,22.509788,0.023375,37
2015-02-24,156650,7434808,22.509788,22.509788,22.042295,22.089044,-0.420744,132
2015-02-25,112500,5343250,22.089044,22.416289,22.06567,22.36954,0.280496,74
2015-02-26,59692,2833714,22.392915,22.392915,22.112419,22.135794,-0.233746,65
2015-03-02,39100,1852840,22.112419,22.299416,22.112419,22.182543,0.046749,36
2015-03-03,39261,1868766,22.299416,22.299416,22.182543,22.299416,0.116873,36
2015-03-04,82422,3955597,22.36954,22.579912,22.299416,22.439664,0.140248,79
2015-03-05,100235,4818724,22.439664,22.650036,22.392915,22.416289,-0.023375,74
2015-03-06,107715,5189690,22.416289,22.696785,22.416289,22.626661,0.210372,66
2015-03-09,124521,6035182,22.626661,23.000656,22.439664,23.000656,0.373995,89
2015-03-10,109831,5303469,22.860408,22.860408,22.439664,22.533163,-0.467493,95
2015-03-11,114443,5442280,22.346166,22.346166,22.159168,22.229292,-0.303871,90
2015-03-12,83469,3973062,22.229292,22.392915,22.182543,22.182543,-0.046749,58
2015-03-13,169366,8033368,22.182543,22.416289,22.112419,22.205918,0.023375,117
2015-03-16,112074,5374802,22.205918,22.556537,22.205918,22.322791,0.116873,69
2015-03-17,74103,3534291,22.252667,22.439664,22.205918,22.205918,-0.116873,69
2015-03-18,55744,2652663,22.205918,22.346166,22.205918,22.205918,0.0,54
2015-03-19,121260,5750049,22.135794,22.252667,22.112419,22.159168,-0.04675,106
2015-03-20,79339,3796922,22.159168,22.509788,22.159168,22.439664,0.280496,63
2015-03-23,119330,5764270,22.556537,22.72016,22.439664,22.603287,0.163623,90
2015-03-24,59100,2848400,22.673411,22.673411,22.439664,22.533163,-0.070124,52
2015-03-25,99160,4777399,22.533163,22.579912,22.486413,22.533163,0.0,67
2015-03-26,74846,3609629,22.463039,22.673411,22.463039,22.533163,0.0,64
2015-03-27,128315,6188957,22.533163,22.766909,22.346166,22.346166,-0.186997,92
2015-03-30,133322,6428706,22.673411,22.673411,22.439664,22.486413,0.140247,92
2015-03-31,176900,8541110,22.626661,22.673411,22.416289,22.673411,0.186998,136
2015-04-01,70985,3429417,22.673411,22.673411,22.486413,22.579912,-0.093499,48
2015-04-02,85000,4105750,22.603287,22.673411,22.533163,22.533163,-0.046749,70
2015-04-07,70636,3408968,22.533163,22.626661,22.509788,22.579912,0.046749,66
2015-04-08,68450,3306100,22.626661,22.673411,22.533163,22.533163,-0.046749,59
2015-04-09,253100,12040570,22.533163,22.533163,22.01892,22.042295,-0.490868,185
2015-04-10,163380,7646472,22.042295,22.042295,21.785174,21.785174,-0.257121,124
2015-04-13,174300,8038590,21.831923,21.925422,21.41118,21.504678,-0.280496,133
2015-04-14,79208,3667466,21.504678,21.878673,21.504678,21.831923,0.327245,54
2015-04-15,40003,1863591,21.878673,21.878673,21.738425,21.738425,-0.093498,36
2015-04-16,55350,2575728,21.738425,21.902047,21.644926,21.691675,-0.04675,51
2015-04-17,23000,1070450,21.878673,21.878673,21.71505,21.785174,0.093499,17
2015-04-20,15798,735486,21.785174,21.785174,21.738425,21.738425,-0.046749,20
2015-04-21,61000,2807300,21.738425,21.738425,21.177433,21.457929,-0.280496,52
2015-04-22,112452,5098142,21.457929,21.457929,21.083934,21.177433,-0.280496,91
2015-04-23,73012,3319550,21.224182,21.317681,21.224182,21.224182,0.046749,62
2015-04-24,53095,2426620,21.41118,21.504678,21.270932,21.504678,0.280496,57
2015-04-27,127730,5843830,21.504678,21.504678,21.270932,21.504678,0.0,80
2015-04-28,62250,2839236,21.504678,21.504678,21.270932,21.36443,-0.140248,41
2015-04-29,90500,4107323,21.36443,21.36443,21.130684,21.154058,-0.210372,61
2015-04-30,96715,4367094,21.130684,21.270932,21.037185,21.06056,-0.093498,70
2015-05-04,63895,2868896,21.06056,21.06056,20.896937,20.943687,-0.116873,64
2015-05-05,482100,20396139,20.70994,20.70994,19.494458,19.728205,-1.215482,369
2015-05-06,156750,6683785,19.634706,20.289196,19.424334,20.148948,0.420743,114
2015-05-07,86598,3669364,20.148948,20.148948,19.681455,19.681455,-0.467493,70
2015-05-08,332150,13570250,19.424334,19.494458,18.839968,18.980216,-0.701239,251
2015-05-11,296675,11703822,18.980216,18.980216,18.232227,18.372475,-0.607741,203
2015-05-12,107400,4191840,18.372475,18.536098,18.091979,18.536098,0.163623,89
2015-05-13,96420,3902833,18.559472,19.073715,18.559472,18.769844,0.233746,69
2015-05-14,40195,1621696,18.769844,18.980216,18.69972,18.723095,-0.046749,35
2015-05-15,33200,1342839,18.793219,19.167213,18.793219,18.910092,0.186997,30
2015-05-18,183977,7161253,18.69972,18.69972,18.021855,18.138729,-0.771363,133
2015-05-19,94006,3694948,17.998481,18.69972,17.764734,18.372475,0.233746,71
2015-05-20,41075,1623812,18.372475,18.606222,18.372475,18.489348,0.116873,32
2015-05-21,72150,2875000,18.489348,18.746469,18.465974,18.652971,0.163623,50
2015-05-22,30200,1221400,18.652971,19.026965,18.652971,19.026965,0.373994,24
2015-05-25,47000,1908450,19.026965,19.026965,18.863343,18.863343,-0.163622,34
2015-05-26,9250,373486,18.863343,18.886717,18.863343,18.886717,0.023374,12
2015-05-27,62250,2474350,18.886717,18.886717,18.512723,18.512723,-0.373994,50
2015-05-28,35150,1397460,18.69972,18.69972,18.512723,18.559472,0.046749,34
2015-05-29,65554,2602738,18.559472,18.652971,18.465974,18.512723,-0.046749,52
2015-06-01,67000,2620150,18.512723,18.512723,18.138729,18.185478,-0.327245,42
2015-06-02,28324,1107086,18.325726,18.3491,18.185478,18.208852,0.023374,25
2015-06-03,64150,2486000,18.208852,18.208852,18.021855,18.115354,-0.093498,43
2015-06-04,82220,3164686,18.091979,18.162103,17.764734,17.811483,-0.303871,41
2015-06-05,72000,2712100,17.764734,17.788109,17.34399,17.788109,-0.023374,56
2015-06-08,97151,3715663,17.788109,18.185478,17.717985,18.162103,0.373994,42
2015-06-09,92677,3515704,18.162103,18.162103,17.297241,17.297241,-0.864862,70
2015-06-10,54250,2021125,17.297241,17.484238,17.297241,17.39074,0.093499,35
2015-06-11,247133,8692730,17.063495,17.063495,15.941511,16.362255,-1.028485,170
2015-06-12,116100,4009840,16.292131,16.292131,15.941511,16.268756,-0.093499,76
2015-06-15,70009,2414292,16.128509,16.175258,16.081759,16.105134,-0.163622,38
2015-06-16,105500,3594323,16.105134,16.105134,15.848013,15.941511,-0.163623,63
2015-06-17,102000,3475450,15.894762,16.03501,15.894762,15.894762,-0.046749,35
2015-06-18,104365,3721082,16.011635,17.297241,15.894762,16.829748,0.934986,80
2015-06-22,45138,1657950,17.297241,17.297241,16.923247,17.063495,0.233747,37
2015-06-23,37240,1373357,17.110244,17.437489,17.110244,17.110244,0.046749,38
2015-06-24,28000,1033200,17.110244,17.39074,17.110244,17.110244,0.0,21
2015-06-25,64365,2381341,17.297241,17.34399,17.250492,17.34399,0.233746,45
2015-06-26,36315,1346155,17.34399,17.39074,17.203742,17.203742,-0.140248,29
2015-06-29,56365,2089795,17.110244,17.624486,17.110244,17.110244,-0.093498,33
2015-06-30,21000,768450,17.063495,17.133619,17.063495,17.110244,0.0,16
2015-07-01,39100,1423675,17.133619,17.133619,16.946621,16.969996,-0.140248,27
2015-07-02,24000,886200,17.063495,17.437489,17.063495,17.297241,0.327245,19
2015-07-03,32250,1184150,17.297241,17.367365,16.969996,17.250492,-0.046749,19
2015-07-06,41000,1515200,17.297241,17.484238,17.156993,17.156993,-0.093499,21
2015-07-07,17365,636718,17.156993,17.250492,16.946621,17.250492,0.093499,17
2015-07-08,57000,2068300,17.156993,17.156993,16.829748,16.923247,-0.327245,38
2015-07-09,37000,1312050,16.829748,16.829748,16.33888,16.502503,-0.420744,28
2015-07-13,79285,2746938,16.502503,16.502503,15.894762,16.315506,-0.186997,61
2015-07-14,43056,1501704,16.362255,16.362255,16.128509,16.315506,0.0,37
2015-07-15,50920,1751358,16.245382,16.245382,15.988261,16.222007,-0.093499,35
2015-07-16,64135,2190736,15.988261,16.128509,15.894762,15.941511,-0.280496,41
2015-07-17,24065,822575,15.964886,16.03501,15.941511,15.964886,0.023375,24
2015-07-20,40479,1380386,16.011635,16.011635,15.894762,15.894762,-0.070124,32
2015-07-21,38100,1291900,15.894762,15.941511,15.754514,15.754514,-0.140248,34
2015-07-22,56686,1891588,15.661016,15.707765,15.474018,15.474018,-0.280496,41
2015-07-23,61550,2030239,15.474018,15.497393,15.33377,15.33377,-0.140248,55
2015-07-24,42000,1365500,15.33377,15.33377,15.053275,15.146773,-0.186997,31
2015-07-27,160541,5001612,15.053275,15.123399,13.978041,14.398784,-0.747989,102
2015-07-28,83300,2500189,14.02479,14.211787,13.837793,14.02479,-0.373994,59
2015-07-29,43305,1340055,14.72603,14.72603,14.305286,14.492283,0.467493,42
2015-07-30,49110,1512748,14.445534,14.492283,14.118289,14.118289,-0.373994,47
2015-07-31,74450,2240990,14.118289,14.118289,14.02479,14.071539,-0.04675,49
2015-08-03,37464,1119361,14.02479,14.02479,13.884542,14.02479,-0.046749,37
2015-08-04,52365,1575604,14.02479,14.258537,13.978041,13.978041,-0.046749,41
2015-08-05,50500,1514900,14.235162,14.235162,13.978041,13.978041,0.0,30
2015-08-06,10000,301700,14.048165,14.258537,14.02479,14.071539,0.093498,8
2015-08-07,43100,1297730,14.071539,14.211787,14.02479,14.094914,0.023375,23
2015-08-10,80050,2409219,14.02479,14.118289,13.978041,14.118289,0.023375,43
2015-08-11,26035,791678,14.118289,14.398784,14.118289,14.165038,0.046749,23
2015-08-12,34315,1040772,14.165038,14.281911,14.071539,14.281911,0.116873,32
2015-08-13,23000,696750,14.165038,14.305286,14.071539,14.305286,0.023375,20
2015-08-14,97000,2915600,14.094914,14.118289,14.02479,14.048165,-0.257121,57
2015-08-17,50859,1518497,14.02479,14.02479,13.931291,13.931291,-0.116874,42
2015-08-18,73000,2187097,13.931291,14.048165,13.931291,14.048165,0.116874,50
2015-08-19,105682,3172610,14.071539,14.118289,14.001415,14.02479,-0.023375,63
2015-08-20,110000,3301200,14.02479,14.094914,13.978041,14.02479,0.0,53
2015-08-21,81000,2419600,14.02479,14.02479,13.931291,13.954666,-0.070124,60
2015-08-24,191450,5342043,13.837793,13.978041,12.598936,13.113179,-0.841487,116
2015-08-25,88200,2413090,12.856058,12.902807,12.435314,12.902807,-0.210372,76
2015-08-26,76500,2177550,13.089804,14.02479,12.949556,14.02479,1.121983,57
2015-08-27,94500,2886099,14.165038,14.492283,14.094914,14.258537,0.233747,69
2015-08-28,103245,3182918,14.562407,14.562407,14.258537,14.445534,0.186997,90
2015-08-31,256789,8064598,14.398784,14.866277,14.398784,14.866277,0.420743,177
2015-09-01,142300,3956140,14.708684,14.866277,14.446029,14.603622,-0.262655,99
2015-09-02,58013,1611927,14.49856,14.813746,14.446029,14.656153,0.052531,43
2015-09-03,81250,2292575,14.708684,14.918809,14.656153,14.918809,0.262656,49
2015-09-04,43150,1225489,14.918809,14.97134,14.866277,14.866277,-0.052532,33
2015-09-07,18265,505220,14.262171,14.708684,14.262171,14.708684,-0.157593,22
2015-09-08,65000,1787500,14.682419,14.682419,14.130843,14.524826,-0.183858,38
2015-09-09,47000,1310100,14.551091,14.708684,14.551091,14.656153,0.131327,41
2015-09-10,40050,1121340,14.813746,14.813746,14.656153,14.656153,0.0,27
2015-09-11,102000,2945050,14.813746,15.444119,14.813746,15.444119,0.787966,76
2015-09-14,122170,3674434,15.49665,16.127022,15.49665,16.02196,0.577841,86
2015-09-15,79043,2392461,16.284615,16.284615,15.78557,16.02196,0.0,40
2015-09-16,47050,1429210,16.02196,16.127022,15.864367,15.864367,-0.157593,36
2015-09-17,74000,2207150,15.864367,15.864367,15.522915,15.549181,-0.315186,60
2015-09-18,85100,2549940,15.601712,15.864367,15.601712,15.864367,0.315186,49
2015-09-21,26000,777400,15.706774,15.759305,15.601712,15.759305,-0.105062,23
2015-09-22,16000,481300,15.78557,15.943163,15.78557,15.943163,0.183858,8
2015-09-23,30363,913724,15.78557,15.943163,15.759305,15.916898,-0.026265,25
2015-09-24,14000,416700,15.601712,15.654243,15.601712,15.654243,-0.262655,9
2015-09-25,26030,772444,15.601712,15.759305,15.549181,15.759305,0.105062,17
2015-09-30,27050,797185,15.549181,15.654243,15.233995,15.654243,-0.105062,20
2015-10-01,129730,3917468,15.654243,16.127022,15.654243,16.02196,0.367717,69
2015-10-02,49000,1497400,16.389677,16.389677,15.916898,16.074491,0.052531,23
2015-10-05,47250,1433825,15.916898,16.127022,15.916898,16.127022,0.052531,27
2015-10-06,25100,763020,16.127022,16.127022,15.864367,16.127022,0.0,19
2015-10-07,54000,1670200,16.179553,16.337146,16.179553,16.284615,0.157593,32
2015-10-08,17100,523790,16.284615,16.284615,16.074491,16.074491,-0.210124,16
2015-10-12,43365,1335223,16.179553,16.284615,15.916898,16.153287,0.078796,27
2015-10-13,15120,461026,15.864367,16.153287,15.864367,16.153287,0.0,15
2015-10-14,49038,1515185,16.02196,16.337146,16.02196,16.337146,0.183859,25
2015-10-15,95160,3009313,16.442208,16.757394,16.389677,16.678598,0.341452,68
2015-10-16,92247,2889755,16.757394,16.78366,16.363411,16.389677,-0.288921,57
2015-10-19,97400,3047900,16.494739,16.652332,16.389677,16.389677,0.0,53
2015-10-20,88060,2711248,16.389677,16.389677,16.02196,16.179553,-0.210124,54
2015-10-21,43215,1332215,16.232084,16.284615,16.127022,16.284615,0.105062,36
2015-10-22,29100,905579,16.442208,16.521004,16.258349,16.442208,0.157593,19
2015-10-23,11000,343100,16.442208,16.442208,16.337146,16.337146,-0.105062,8
2015-10-26,125008,3985908,16.337146,16.888722,16.337146,16.78366,0.446514,79
2015-10-27,18100,572779,16.78366,16.78366,16.573536,16.652332,-0.131328,14
2015-10-28,38260,1208640,16.626067,16.652332,16.442208,16.652332,0.0,26
2015-10-29,31000,978750,16.626067,16.652332,16.54727,16.54727,-0.105062,23
2015-10-30,43572,1353554,16.337146,16.54727,16.258349,16.54727,0.0,19
2015-11-02,14315,448996,16.389677,16.494739,16.389677,16.494739,-0.052531,9
2015-11-03,135835,4402204,16.652332,17.335235,16.652332,17.020049,0.52531,94
2015-11-04,64150,2087766,17.230173,17.230173,17.020049,17.151377,0.131328,38
2015-11-05,5650,183973,17.151377,17.151377,17.07258,17.125111,-0.026266,10
2015-11-06,39075,1253192,17.125111,17.230173,16.54727,16.809925,-0.315186,26
2015-11-09,22100,694900,16.442208,16.809925,16.442208,16.442208,-0.367717,19
2015-11-10,21100,655330,16.284615,16.54727,16.127022,16.442208,0.0,17
2015-11-11,24457,750010,16.31088,16.31088,15.811836,15.811836,-0.630372,20
2015-11-12,80150,2429620,15.811836,16.074491,15.811836,16.074491,0.262655,33
2015-11-13,16130,497460,16.442208,16.442208,16.02196,16.284615,0.210124,13
2015-11-16,22381,684169,16.284615,16.284615,15.969429,16.127022,-0.157593,27
2015-11-17,22945,710056,16.127022,16.363411,16.127022,16.284615,0.157593,14
2015-11-18,21203,658693,16.284615,16.389677,16.232084,16.389677,0.105062,16
2015-11-19,86174,2644081,16.389677,16.389677,16.048225,16.389677,0.0,37
2015-11-20,26838,826483,16.337146,16.337146,16.074491,16.179553,-0.210124,20
2015-11-23,18000,555800,16.232084,16.258349,16.179553,16.232084,0.052531,16
2015-11-24,9089,281250,16.232084,16.442208,16.232084,16.232084,0.0,8
2015-11-25,20780,624182,16.127022,16.127022,15.023871,15.969429,-0.262655,21
2015-11-26,21000,637900,15.759305,16.179553,15.759305,15.890632,-0.078797,16
2015-11-27,9000,273900,15.916898,16.127022,15.916898,16.127022,0.23639,7
2015-11-30,26115,784719,16.074491,16.074491,15.759305,15.969429,-0.157593,21
2015-12-01,177000,5228200,15.706774,15.916898,15.391588,15.916898,-0.052531,97
2015-12-02,27000,805850,15.916898,15.916898,15.49665,15.654243,-0.262655,23
2015-12-03,50000,1496000,15.654243,15.916898,15.549181,15.890632,0.236389,26
2015-12-04,39365,1181650,15.759305,15.969429,15.759305,15.890632,0.0,18
2015-12-07,38805,1174300,15.916898,15.969429,15.78557,15.811836,-0.078796,28
2015-12-08,458782,15124282,16.809925,17.387766,16.652332,17.387766,1.57593,238
2015-12-09,397108,13062989,17.59789,17.702952,16.809925,16.836191,-0.551575,309
2015-12-10,76184,2425247,16.914987,16.914987,16.54727,16.78366,-0.052531,67
2015-12-11,126050,3903920,16.809925,16.809925,15.78557,15.811836,-0.971824,73
2015-12-14,31000,925950,15.233995,16.02196,15.233995,15.811836,0.0,27
2015-12-15,42350,1292969,16.179553,16.232084,15.811836,15.864367,0.052531,39
2015-12-16,35000,1056650,16.02196,16.02196,15.811836,15.838101,-0.026266,18
2015-12-17,27365,841405,16.205818,16.258349,15.943163,16.258349,0.420248,23
2015-12-18,31100,965785,16.389677,16.494739,16.232084,16.232084,-0.026265,26
2015-12-21,25248,779361,16.232084,16.232084,16.179553,16.179553,-0.052531,25
2015-12-22,14000,432100,16.179553,16.284615,16.179553,16.179553,0.0,10
2015-12-23,25000,773600,16.284615,16.284615,16.179553,16.284615,0.105062,19
2015-12-24,51000,1574450,16.284615,16.284615,15.864367,16.232084,-0.052531,26
2015-12-25,151447,4871220,16.389677,17.335235,16.389677,16.862456,0.630372,125
2015-12-28,54418,1746942,17.125111,17.125111,16.757394,16.757394,-0.105062,41
2015-12-29,22050,692462,16.284615,16.704863,16.284615,16.415942,-0.341452,19
2015-12-30,81365,2547588,16.599801,16.652332,16.205818,16.284615,-0.131327,56
2015-12-31,38050,1179425,16.232084,16.337146,16.232084,16.284615,0.0,24
2016-01-04,34132,1047174,16.232084,16.232084,16.02196,16.048225,-0.23639,25
2016-01-05,35150,1070220,16.074491,16.074491,15.811836,16.02196,-0.026265,22
2016-01-06,82200,2500809,16.02196,16.179553,15.811836,16.02196,0.0,42
2016-01-07,83500,2499099,16.02196,16.02196,15.49665,15.706774,-0.315186,43
2016-01-08,46184,1392388,15.706774,16.02196,15.601712,15.969429,0.262655,38
2016-01-11,61345,1823495,15.286526,15.759305,15.286526,15.601712,-0.367717,41
2016-01-12,41000,1209700,15.706774,15.706774,15.391588,15.391588,-0.210124,19
2016-01-13,23500,697574,15.549181,15.706774,15.49665,15.49665,0.105062,16
2016-01-14,75365,2195462,15.286526,15.391588,15.023871,15.233995,-0.262655,33
2016-01-15,32230,944985,15.49665,15.49665,15.286526,15.339057,0.105062,24
2016-01-18,26000,767050,15.339057,15.706774,15.339057,15.706774,0.367717,15
2016-01-19,11130,332950,15.733039,15.759305,15.627977,15.759305,0.052531,11
2016-01-20,13235,393031,15.759305,15.759305,15.49665,15.49665,-0.262655,14
2016-01-21,24000,707350,15.49665,15.549181,15.339057,15.339057,-0.157593,17
2016-01-22,42000,1244200,15.549181,15.654243,15.49665,15.522915,0.183858,21
2016-01-25,20463,613547,15.995694,15.995694,15.654243,15.654243,0.131328,15
2016-01-26,18000,536000,15.706774,15.706774,15.549181,15.549181,-0.105062,10
2016-01-27,26000,778250,15.601712,15.864367,15.601712,15.733039,0.183858,20
2016-01-28,3353,101140,16.048225,16.048225,15.759305,15.759305,0.026266,5
2016-01-29,30095,913976,16.179553,16.179553,15.811836,16.02196,0.262655,23
2016-01-30,15000,461900,16.232084,16.284615,16.074491,16.074491,0.052531,12
2016-02-01,14000,426400,16.02196,16.02196,15.864367,15.864367,-0.210124,6
2016-02-02,21047,633664,15.838101,15.838101,15.759305,15.811836,-0.052531,17
2016-02-03,30250,910025,15.811836,15.811836,15.759305,15.811836,0.0,17
2016-02-15,15000,447150,15.601712,15.811836,15.601712,15.759305,-0.052531,14
2016-02-16,17000,514700,15.811836,16.074491,15.759305,16.02196,0.262655,13
2016-02-17,79315,2429565,15.864367,16.284615,15.864367,16.284615,0.262655,29
2016-02-18,82500,2690800,17.808014,17.808014,16.809925,16.809925,0.52531,72
2016-02-19,18121,570047,16.809925,16.809925,16.337146,16.599801,-0.210124,21
2016-02-22,48000,1544500,16.757394,16.967518,16.757394,16.862456,0.262655,34
2016-02-23,41200,1318150,16.836191,16.862456,16.678598,16.809925,-0.052531,27
2016-02-24,13100,416400,16.809925,16.809925,16.652332,16.652332,-0.157593,10
2016-02-25,89050,2840165,16.652332,17.020049,16.652332,16.757394,0.105062,17
2016-02-26,35101,1122282,16.757394,16.809925,16.757394,16.78366,0.026266,22
2016-03-01,45200,1456800,16.809925,17.020049,16.809925,17.020049,0.236389,34
2016-03-02,474950,16063700,17.335235,18.280794,17.282704,17.886811,0.866762,319
2016-03-03,212175,7204015,17.913076,18.070669,17.650421,17.755483,-0.131328,126
2016-03-04,99550,3356290,17.808014,17.808014,17.59789,17.650421,-0.105062,76
2016-03-07,84460,2886696,17.650421,18.175731,17.650421,17.860545,0.210124,66
2016-03-08,47600,1589400,17.860545,17.860545,17.282704,17.519094,-0.341451,47
2016-03-09,24283,804923,17.492828,17.519094,17.361501,17.492828,-0.026266,23
2016-03-10,26179,876946,17.492828,17.650421,17.492828,17.650421,0.157593,26
2016-03-11,53515,1798052,17.282704,17.860545,17.282704,17.755483,0.105062,37
2016-03-14,41150,1385525,17.808014,17.808014,17.59789,17.729218,-0.026265,34
2016-03-15,55165,1837195,17.860545,17.860545,17.282704,17.282704,-0.446514,48
2016-03-16,28360,932580,17.177642,17.466563,17.177642,17.466563,0.183859,21
2016-03-17,45250,1507361,17.492828,17.650421,17.440297,17.466563,0.0,26
2016-03-18,28403,948350,17.59789,17.755483,17.466563,17.545359,0.078796,29
2016-03-21,42163,1410744,18.070669,18.070669,17.361501,17.492828,-0.052531,38
2016-03-22,34093,1128019,17.440297,17.440297,17.335235,17.335235,-0.157593,31
2016-03-23,13000,431900,17.492828,17.59789,17.335235,17.492828,0.157593,13
2016-03-24,61136,2018796,17.492828,17.545359,17.177642,17.177642,-0.315186,43
2016-03-25,21100,694120,17.203908,17.335235,17.203908,17.335235,0.157593,15
2016-03-28,47400,1550390,17.335235,17.781749,16.967518,16.967518,-0.367717,30
2016-03-29,36312,1163478,16.809925,17.020049,16.704863,16.704863,-0.262655,30
2016-03-30,114400,3624130,16.54727,17.177642,16.389677,17.177642,0.472779,61
2016-03-31,29052,938403,17.151377,17.177642,16.809925,17.046315,-0.131327,18
2016-04-01,11100,357844,16.941253,16.941253,16.914987,16.914987,-0.131328,8
2016-04-06,5093,163776,16.862456,17.020049,16.809925,16.967518,0.052531,6
2016-04-07,50000,1618800,16.967518,17.046315,16.862456,17.046315,0.078797,27
2016-04-08,49070,1593996,17.046315,17.282704,17.020049,17.230173,0.183858,29
2016-04-11,83096,2749148,17.492828,17.729218,17.177642,17.177642,-0.052531,38
2016-04-12,30000,970450,17.230173,17.230173,16.809925,17.046315,-0.131327,18
2016-04-13,43365,1410062,17.335235,17.335235,17.046315,17.07258,0.026265,25
2016-04-14,81050,2621825,17.335235,17.335235,16.862456,16.967518,-0.105062,45
2016-04-15,26000,842650,16.967518,17.282704,16.967518,17.046315,0.078797,20
2016-04-18,67084,2164830,17.098846,17.098846,16.809925,17.07258,0.026265,38
2016-04-19,92034,3028707,17.07258,17.492828,17.07258,17.177642,0.105062,59
2016-04-20,54070,1766539,17.230173,17.30897,17.07258,17.07258,-0.105062,41
2016-04-21,93250,2999761,17.07258,17.07258,16.704863,16.809925,-0.262655,48
2016-04-22,43009,1376640,16.809925,17.177642,16.704863,16.809925,0.0,24
2016-04-25,57185,1811464,16.757394,16.809925,16.442208,16.809925,0.0,45
2016-04-26,17000,540000,16.731129,16.731129,16.599801,16.704863,-0.105062,9
2016-04-27,31088,978913,16.704863,16.704863,16.494739,16.494739,-0.210124,25
2016-04-28,35073,1109403,16.521004,16.704863,16.521004,16.54727,0.052531,24
2016-04-29,13000,406500,16.442208,16.54727,16.284615,16.442208,-0.105062,9
2016-05-03,23001,716231,16.494739,16.494739,16.232084,16.232084,-0.210124,22
2016-05-04,19149,584279,16.048225,16.074491,15.969429,15.969429,-0.262655,18
2016-05-05,24508,737791,15.969429,15.969429,15.759305,15.864367,-0.105062,26
2016-05-06,31163,937647,15.78557,15.969429,15.759305,15.78557,-0.078797,26
2016-05-09,57622,1710473,15.78557,15.811836,15.128933,15.444119,-0.341451,44
2016-05-10,6000,176950,15.470384,15.654243,15.444119,15.654243,0.210124,6
2016-05-11,22000,658400,15.575446,15.943163,15.522915,15.627977,-0.026266,13
2016-05-12,30000,892650,15.49665,15.759305,15.49665,15.549181,-0.078796,23
2016-05-13,10000,294950,15.49665,15.49665,15.470384,15.49665,-0.052531,9
2016-05-16,79303,2311565,15.444119,15.444119,15.050136,15.391588,-0.105062,48
2016-05-17,8233,241723,15.365322,15.470384,15.365322,15.444119,0.052531,8
2016-05-18,12000,354900,15.444119,15.733039,15.339057,15.49665,0.052531,11
2016-05-19,9000,265750,15.444119,15.627977,15.444119,15.549181,0.052531,8
2016-05-20,1000,29600,15.549181,15.549181,15.549181,15.549181,0.0,1
2016-05-23,22365,672458,15.549181,16.048225,15.549181,16.048225,0.499044,20
2016-05-24,7490,225220,15.78557,15.78557,15.78557,15.78557,-0.262655,10
2016-05-25,23000,689650,15.654243,15.78557,15.654243,15.759305,-0.026265,15
2016-05-26,12000,359450,15.654243,15.78557,15.654243,15.706774,-0.052531,11
2016-05-27,23000,691100,15.759305,15.995694,15.706774,15.969429,0.262655,15
2016-05-30,7052,213036,15.969429,15.969429,15.811836,15.864367,-0.105062,7
2016-05-31,23194,704094,15.864367,16.100756,15.759305,16.100756,0.236389,20
2016-06-01,7563,227831,15.916898,15.916898,15.864367,15.864367,-0.236389,15
2016-06-02,35066,1066382,16.02196,16.153287,15.916898,16.02196,0.157593,22
2016-06-03,4730,144764,16.02196,16.284615,16.02196,16.02196,0.0,7
2016-06-04,10280,312090,15.916898,16.02196,15.916898,16.02196,0.0,8
2016-06-06,17324,532164,16.232084,16.232084,15.916898,15.916898,-0.105062,11
2016-06-07,16000,487300,15.969429,16.127022,15.969429,16.127022,0.210124,10
2016-06-08,79050,2466120,16.232084,16.54727,16.205818,16.494739,0.367717,54
2016-06-13,80365,2507361,16.54727,16.678598,15.969429,16.626067,0.131328,49
2016-06-14,17100,538880,16.54727,16.573536,16.54727,16.54727,-0.078797,14
2016-06-15,15325,474172,16.54727,16.54727,16.074491,16.284615,-0.262655,12
2016-06-16,11000,340750,16.31088,16.31088,16.232084,16.284615,0.0,10
2016-06-17,10000,310500,16.284615,16.363411,16.284615,16.363411,0.078796,6
2016-06-20,76880,2456072,16.389677,17.177642,16.389677,16.914987,0.551576,62
2016-06-21,56769,1850642,16.967518,17.203908,16.967518,17.046315,0.131328,40
2016-06-22,15190,489414,17.046315,17.046315,16.836191,16.888722,-0.157593,17
2016-06-23,8002,256464,16.809925,16.914987,16.678598,16.914987,0.026265,10
2016-06-24,39000,1237650,16.914987,16.914987,16.337146,16.652332,-0.262655,30
2016-06-27,27300,875130,16.652332,17.335235,16.363411,16.967518,0.315186,19
2016-06-28,27630,899398,16.967518,17.256439,16.967518,17.098846,0.131328,15
2016-06-29,36061,1176350,17.335235,17.335235,17.020049,17.07258,-0.026266,27
2016-06-30,15000,487350,17.098846,17.098846,17.020049,17.07258,0.0,10
2016-07-01,22089,713142,17.07258,17.07258,16.862456,17.020049,-0.052531,15
2016-07-04,37000,1199550,17.020049,17.125111,16.914987,17.07258,0.052531,26
2016-07-05,15000,487200,17.07258,17.07258,16.993784,16.993784,-0.078796,11
2016-07-06,9000,286500,16.809925,16.809925,16.652332,16.678598,-0.315186,8
2016-07-07,17080,544060,16.626067,16.809925,16.626067,16.809925,0.131327,16
2016-07-11,30000,963100,16.941253,16.941253,16.809925,16.862456,0.052531,22
2016-07-12,42435,1373855,16.914987,17.256439,16.862456,17.256439,0.393983,37
2016-07-13,63330,2089654,17.230173,17.59789,17.098846,17.59789,0.341451,43
2016-07-14,43269,1444561,17.335235,17.59789,17.335235,17.59789,0.0,42
2016-07-15,80300,2708170,17.624156,18.070669,17.624156,17.650421,0.052531,70
2016-07-18,63430,2149327,17.650421,17.886811,17.650421,17.83428,0.183859,51
2016-07-19,29050,979274,17.83428,17.83428,17.151377,17.676687,-0.157593,25
2016-07-20,87000,2901050,17.59789,17.729218,17.414032,17.440297,-0.23639,49
2016-07-21,54050,1801965,17.466563,17.59789,17.440297,17.492828,0.052531,39
2016-07-22,26000,863550,17.492828,17.492828,17.387766,17.492828,0.0,15
2016-07-25,27050,898110,17.492828,17.492828,17.414032,17.414032,-0.078796,20
2016-07-26,17130,568116,17.440297,17.440297,17.387766,17.414032,0.0,13
2016-07-27,15144,502894,17.414032,17.519094,17.414032,17.492828,0.078796,16
2016-07-28,42017,1408424,17.59789,17.755483,17.545359,17.59789,0.105062,29
2016-07-29,20147,673843,17.59789,17.650421,17.545359,17.650421,0.052531,18
2016-08-01,31500,1055100,17.466563,17.702952,17.466563,17.650421,0.0,30
2016-08-02,32000,1077350,17.59789,17.808014,17.59789,17.808014,0.157593,25
2016-08-03,47825,1614387,17.808014,17.860545,17.650421,17.755483,-0.052531,34
2016-08-04,88000,3010200,17.808014,18.096935,17.808014,18.070669,0.315186,53
2016-08-05,170070,5959314,18.228262,18.59598,18.175731,18.333325,0.262656,108
2016-08-08,171082,6107731,18.911166,18.963697,18.543449,18.779838,0.446513,96
2016-08-09,201945,6900880,18.35959,18.35959,17.676687,17.860545,-0.919293,137
2016-08-10,27365,928110,17.860545,17.913076,17.729218,17.860545,0.0,23
2016-08-11,46100,1548560,17.860545,17.860545,17.545359,17.755483,-0.105062,37
2016-08-12,50150,1680325,17.755483,17.755483,17.545359,17.545359,-0.210124,34
2016-08-15,82500,2738649,17.519094,17.519094,17.335235,17.414032,-0.131327,66
2016-08-16,55100,1827165,17.414032,17.59789,17.335235,17.414032,0.0,39
2016-08-17,25000,829200,17.414032,17.492828,17.414032,17.492828,0.078796,20
2016-08-18,21270,713822,17.59789,17.755483,17.519094,17.702952,0.210124,20
2016-08-19,26680,896813,17.755483,17.755483,17.59789,17.676687,-0.026265,20
2016-08-22,13170,442879,17.729218,17.729218,17.59789,17.59789,-0.078797,14
2016-08-23,5330,178970,17.624156,17.650421,17.624156,17.624156,0.026266,8
2016-08-24,16100,539835,17.624156,17.650421,17.59789,17.624156,0.0,16
2016-08-25,62221,2091090,17.860545,17.860545,17.624156,17.650421,0.026265,49
2016-08-26,77199,2613816,17.702952,17.965607,17.676687,17.729218,0.078797,45
2016-08-29,121086,4095522,17.860545,17.860545,17.676687,17.808014,0.078796,86
2016-08-30,175620,5978201,17.913076,17.991873,17.808014,17.913076,0.105062,139
2016-08-31,85100,2713649,17.913076,17.913076,17.68986,17.745664,-0.167412,73
2016-09-01,19420,619829,17.745664,17.857272,17.717762,17.745664,0.0,18
2016-09-02,43000,1368750,17.801468,17.857272,17.661959,17.68986,-0.055804,28
2016-09-05,17210,546637,17.82937,17.82937,17.661959,17.661959,-0.027901,17
2016-09-06,21000,664400,17.634057,17.773566,17.606155,17.634057,-0.027902,15
2016-09-07,42297,1334154,17.606155,17.634057,17.578253,17.634057,0.0,39
2016-09-08,29140,925030,17.745664,17.745664,17.606155,17.68986,0.055803,24
2016-09-09,62300,1988960,17.68986,17.996782,17.68986,17.82937,0.13951,53
2016-09-10,42500,1351450,17.913076,17.913076,17.634057,17.82937,0.0,34
2016-09-12,16612,528828,17.773566,17.82937,17.745664,17.745664,-0.083706,12
2016-09-13,45200,1435739,17.801468,17.857272,17.661959,17.68986,-0.055804,30
2016-09-14,27127,856706,17.661959,17.68986,17.578253,17.578253,-0.111607,26
2016-09-19,9150,289084,17.606155,17.661959,17.606155,17.634057,0.055804,11
2016-09-20,17456,554637,17.717762,17.773566,17.661959,17.773566,0.139509,14
2016-09-21,15100,480510,17.82937,17.82937,17.717762,17.745664,-0.027902,13
2016-09-22,38575,1223304,17.773566,17.857272,17.606155,17.717762,-0.027902,33
2016-09-23,50100,1607730,17.745664,18.024684,17.745664,18.024684,0.306922,37
2016-09-26,21400,684980,18.024684,18.024684,17.717762,17.801468,-0.223216,22
2016-09-29,23250,744600,17.96888,17.96888,17.857272,17.857272,0.055804,15
2016-09-30,18908,603162,17.801468,17.857272,17.745664,17.801468,-0.055804,21
2016-10-03,39050,1242155,17.857272,17.857272,17.68986,17.857272,0.055804,31
2016-10-04,32100,1020005,17.801468,17.801468,17.68986,17.68986,-0.167412,18
2016-10-05,35237,1119310,17.717762,17.857272,17.661959,17.68986,0.0,33
2016-10-06,21106,669317,17.68986,17.773566,17.661959,17.68986,0.0,20
2016-10-07,15056,477377,17.68986,17.717762,17.68986,17.68986,0.0,13
2016-10-11,56700,1768888,17.661959,17.661959,17.299233,17.410841,-0.279019,48
2016-10-12,19150,597180,17.327135,17.466645,17.299233,17.466645,0.055804,16
2016-10-13,98519,3051839,17.355037,17.355037,17.131821,17.131821,-0.334824,36
2016-10-14,28500,874000,17.131821,17.131821,17.076017,17.076017,-0.055804,20
2016-10-17,10389,317486,17.076017,17.076017,17.048115,17.048115,-0.027902,15
2016-10-18,7000,214050,17.048115,17.076017,17.048115,17.076017,0.027902,7
2016-10-19,7020,216520,17.243429,17.243429,17.159723,17.187625,0.111608,7
2016-10-20,14204,436476,17.187625,17.271331,17.020213,17.271331,0.083706,14
2016-10-21,8050,248342,17.187625,17.299233,17.187625,17.215527,-0.055804,6
2016-10-24,10000,308550,17.187625,17.243429,17.187625,17.243429,0.027902,9
2016-10-25,24650,762885,17.299233,17.382939,17.215527,17.243429,0.0,21
2016-10-26,4034,124671,17.243429,17.243429,17.243429,17.243429,0.0,5
2016-10-27,8110,250599,17.243429,17.243429,17.243429,17.243429,0.0,6
2016-10-28,14100,435740,17.243429,17.271331,17.187625,17.243429,0.0,13
2016-10-31,5135,158171,17.187625,17.243429,17.131821,17.243429,0.0,7
2016-11-01,4000,123300,17.243429,17.243429,17.187625,17.187625,-0.055804,4
2016-11-02,18000,552100,17.131821,17.131821,17.076017,17.131821,-0.055804,14
2016-11-03,26100,798445,17.131821,17.131821,17.048115,17.048115,-0.083706,18
2016-11-04,48000,1446450,17.020213,17.020213,16.769095,16.880703,-0.167412,33
2016-11-07,30000,912850,17.020213,17.243429,16.880703,16.880703,0.0,19
2016-11-08,17475,529337,16.964409,16.964409,16.880703,16.964409,0.083706,17
2016-11-09,87214,2626170,16.908605,16.964409,16.741193,16.741193,-0.223216,50
2016-11-10,35594,1073808,16.741193,16.908605,16.741193,16.908605,0.167412,26
2016-11-11,46300,1373985,16.462173,16.713291,16.462173,16.573781,-0.334824,30
2016-11-14,19900,596079,16.573781,16.852801,16.573781,16.852801,0.27902,20
2016-11-15,27000,811100,16.852801,16.936507,16.741193,16.936507,0.083706,14
2016-11-16,9742,296655,16.936507,17.076017,16.936507,17.076017,0.13951,12
2016-11-17,14000,428800,16.964409,17.243429,16.964409,17.131821,0.055804,12
2016-11-18,13114,401288,17.076017,17.076017,17.076017,17.076017,-0.055804,8
2016-11-21,6000,183900,17.076017,17.131821,17.076017,17.076017,0.0,4
2016-11-22,18000,554150,17.243429,17.243429,17.048115,17.187625,0.111608,10
2016-11-23,14301,440081,17.187625,17.215527,17.076017,17.076017,-0.111608,12
2016-11-24,11000,335400,17.020213,17.020213,16.964409,16.964409,-0.111608,11
2016-11-25,11000,333700,16.964409,16.964409,16.908605,16.908605,-0.055804,10
2016-11-28,17300,521959,16.769095,16.852801,16.769095,16.852801,-0.055804,17
2016-11-29,9285,280100,16.852801,16.852801,16.824899,16.824899,-0.027902,11
2016-11-30,15000,453900,16.824899,16.908605,16.824899,16.908605,0.083706,10
2016-12-01,7334,222618,16.908605,16.964409,16.908605,16.908605,0.0,13
2016-12-02,15730,475950,16.908605,16.908605,16.852801,16.880703,-0.027902,15
2016-12-05,16600,502670,16.880703,16.964409,16.880703,16.964409,0.083706,15
2016-12-06,21200,639039,16.824899,16.852801,16.796997,16.824899,-0.13951,22
2016-12-07,16000,483950,16.796997,16.936507,16.769095,16.936507,0.111608,14
2016-12-08,23572,711274,16.880703,16.992311,16.796997,16.992311,0.055804,18
2016-12-09,15050,457620,16.964409,16.992311,16.908605,16.964409,-0.027902,11
2016-12-12,11000,333100,16.964409,16.964409,16.852801,16.908605,-0.055804,11
2016-12-13,15000,452900,16.908605,16.908605,16.796997,16.852801,-0.055804,12
2016-12-14,25070,764035,16.824899,17.020213,16.824899,17.020213,0.167412,15
2016-12-15,240350,7667211,17.131821,18.219998,17.131821,17.634057,0.613844,167
2016-12-16,35150,1112682,17.578253,17.717762,17.578253,17.68986,0.055803,27
2016-12-19,16095,506073,17.578253,17.578253,17.466645,17.466645,-0.223215,15
2016-12-20,18050,563060,17.578253,17.578253,17.382939,17.438743,-0.027902,15
2016-12-21,9278,291278,17.550351,17.550351,17.466645,17.522449,0.083706,13
2016-12-22,1607,50963,17.634057,17.634057,17.634057,17.634057,0.111608,3
2016-12-23,17125,531474,17.522449,17.522449,17.187625,17.187625,-0.446432,19
2016-12-26,13055,407277,17.438743,17.466645,17.382939,17.466645,0.27902,13
2016-12-27,3000,94100,17.522449,17.522449,17.466645,17.522449,0.055804,3
2016-12-28,2850,91372,17.522449,17.522449,17.410841,17.410841,-0.111608,7
2016-12-29,21360,667032,17.410841,17.466645,17.327135,17.327135,-0.083706,17
2016-12-30,13115,408488,17.355037,17.410841,17.355037,17.355037,0.027902,8
2017-01-03,42365,1314265,17.522449,17.578253,17.020213,17.355037,0.0,40
2017-01-04,26000,813500,17.355037,17.494547,17.355037,17.494547,0.13951,12
2017-01-05,19720,615914,17.494547,17.550351,17.299233,17.550351,0.055804,21
2017-01-06,1520,48090,17.550351,17.550351,17.550351,17.550351,0.0,3
2017-01-09,4008,125298,17.382939,17.550351,17.382939,17.410841,-0.13951,5
2017-01-10,10000,312500,17.410841,17.550351,17.410841,17.410841,0.0,10
2017-01-11,8002,249662,17.410841,17.410841,17.410841,17.410841,0.0,6
2017-01-12,16000,497850,17.466645,17.466645,17.299233,17.410841,0.0,13
2017-01-13,15400,474900,17.299233,17.382939,17.131821,17.243429,-0.167412,13
2017-01-16,7000,215050,17.187625,17.187625,17.131821,17.159723,-0.083706,7
2017-01-17,9200,282650,17.159723,17.159723,17.131821,17.131821,-0.027902,10
2017-01-18,5000,153600,17.103919,17.299233,17.103919,17.103919,-0.027902,5
2017-01-19,26000,792300,17.131821,17.131821,16.880703,16.964409,-0.13951,24
2017-01-20,59008,1800248,16.964409,17.131821,16.964409,17.131821,0.167412,13
2017-01-23,17515,539358,17.187625,17.187625,17.187625,17.187625,0.055804,14
2017-01-24,9148,281364,17.131821,17.187625,17.131821,17.159723,-0.027902,11
2017-02-02,25000,769200,17.187625,17.215527,17.076017,17.215527,0.055804,25
2017-02-03,13000,401550,17.243429,17.243429,17.215527,17.243429,0.027902,8
2017-02-06,25100,787450,17.355037,17.578253,17.355037,17.522449,0.27902,24
2017-02-07,22068,686985,17.355037,17.466645,17.355037,17.466645,-0.055804,16
2017-02-08,20050,627130,17.410841,17.522449,17.410841,17.522449,0.055804,18
2017-02-09,115202,3672072,17.578253,18.080488,17.578253,17.68986,0.167411,80
2017-02-10,53194,1699310,17.745664,18.052586,17.745664,17.801468,0.111608,42
2017-02-13,52315,1670882,17.801468,17.913076,17.773566,17.913076,0.111608,40
2017-02-14,66290,2120722,17.96888,18.024684,17.661959,17.773566,-0.13951,44
2017-02-15,11000,351150,17.857272,17.857272,17.745664,17.801468,0.027902,11
2017-02-16,29400,940080,17.82937,17.913076,17.745664,17.857272,0.055804,27
2017-02-17,73365,2363293,17.96888,18.136292,17.82937,17.96888,0.111608,50
2017-02-18,32425,1042100,17.885174,18.024684,17.857272,17.996782,0.027902,23
2017-02-20,76008,2444953,18.024684,18.052586,17.857272,17.857272,-0.13951,44
2017-02-21,31400,1006888,17.857272,17.913076,17.857272,17.913076,0.055804,26
2017-02-22,9000,289600,18.052586,18.052586,17.913076,17.913076,0.0,8
2017-02-23,37000,1183600,17.913076,17.96888,17.801468,17.801468,-0.111608,27
2017-02-24,15050,482256,17.857272,17.996782,17.82937,17.940978,0.13951,16
2017-03-01,25050,805145,17.940978,18.024684,17.82937,17.82937,-0.111608,24
2017-03-02,37000,1176350,17.857272,17.857272,17.68986,17.68986,-0.13951,30
2017-03-03,24015,760925,17.661959,17.68986,17.661959,17.68986,0.0,18
2017-03-06,29000,921000,17.68986,17.857272,17.68986,17.745664,0.055804,22
2017-03-07,16630,528784,17.68986,17.913076,17.68986,17.913076,0.167412,14
2017-03-08,36155,1144432,17.661959,17.801468,17.634057,17.68986,-0.223216,35
2017-03-09,28000,887050,17.68986,17.745664,17.606155,17.634057,-0.055803,26
2017-03-10,19077,603883,17.634057,17.745664,17.578253,17.745664,0.111607,13
2017-03-13,69000,2173450,17.634057,17.68986,17.522449,17.68986,-0.055804,48
2017-03-14,27668,875075,17.68986,17.68986,17.550351,17.606155,-0.083705,18
2017-03-15,21365,678447,17.634057,17.801468,17.634057,17.717762,0.111607,20
2017-03-16,44101,1405651,17.717762,17.857272,17.717762,17.773566,0.055804,30
2017-03-17,145168,4722276,17.857272,18.415312,17.857272,17.96888,0.195314,106
2017-03-20,78100,2535330,17.96888,18.192096,17.96888,18.024684,0.055804,45
2017-03-21,59000,1918000,18.164194,18.275802,18.080488,18.080488,0.055804,42
2017-03-22,107200,3486820,18.080488,18.275802,18.024684,18.080488,0.0,73
2017-03-23,64465,2099069,18.136292,18.219998,18.136292,18.164194,0.083706,44
2017-03-24,34050,1109860,18.2479,18.275802,18.136292,18.136292,-0.027902,29
2017-03-27,37300,1205950,18.219998,18.275802,17.940978,17.940978,-0.195314,27
2017-03-28,83100,2651795,17.940978,18.136292,17.661959,17.661959,-0.279019,55
2017-03-29,75283,2395156,17.745664,17.857272,17.661959,17.68986,0.027901,41
2017-03-30,50915,1632880,17.857272,18.052586,17.82937,17.913076,0.223216,41
2017-03-31,64400,2083290,17.96888,18.2479,17.913076,17.913076,0.0,32
2017-04-05,57051,1833887,17.913076,18.024684,17.801468,17.940978,0.027902,30
2017-04-06,41000,1320000,17.96888,18.10839,17.913076,17.940978,0.0,26
2017-04-07,63279,2018269,17.940978,17.940978,17.745664,17.745664,-0.195314,34
2017-04-10,36100,1140699,17.745664,17.745664,17.578253,17.745664,0.0,30
2017-04-11,28247,893205,17.717762,17.745664,17.606155,17.606155,-0.139509,27
2017-04-12,36501,1145254,17.438743,17.606155,17.438743,17.522449,-0.083706,29
2017-04-13,30900,974760,17.438743,17.68986,17.438743,17.68986,0.167411,17
2017-04-14,67258,2107124,17.68986,17.68986,17.410841,17.410841,-0.279019,44
2017-04-17,32488,1014575,17.68986,17.68986,17.355037,17.355037,-0.055804,34
2017-04-18,10040,317865,17.578253,17.745664,17.494547,17.494547,0.13951,11
2017-04-19,9106,285670,17.494547,17.606155,17.494547,17.494547,0.0,14
2017-04-20,13000,406850,17.494547,17.494547,17.382939,17.382939,-0.111608,11
2017-04-21,2311,72371,17.466645,17.522449,17.466645,17.522449,0.13951,5
2017-04-24,8000,250850,17.550351,17.550351,17.438743,17.438743,-0.083706,7
2017-04-25,5200,164540,17.773566,17.773566,17.494547,17.494547,0.055804,7
2017-04-26,14630,464795,17.522449,17.801468,17.494547,17.494547,0.0,12
2017-04-27,19000,595600,17.522449,17.522449,17.466645,17.466645,-0.027902,15
2017-04-28,56035,1755556,17.466645,17.773566,17.410841,17.466645,0.0,33
2017-05-02,37607,1180978,17.578253,17.578253,17.466645,17.550351,0.083706,18
2017-05-03,9003,284393,17.634057,17.634057,17.606155,17.634057,0.083706,12
2017-05-04,40000,1261650,17.578253,17.606155,17.550351,17.606155,-0.027902,23
2017-05-05,23730,754044,17.801468,17.82937,17.606155,17.68986,0.083705,20
2017-05-08,29095,911668,17.494547,17.522449,17.410841,17.438743,-0.251117,20
2017-05-09,77050,2384342,17.410841,17.410841,17.215527,17.215527,-0.223216,44
2017-05-10,53000,1644250,17.382939,17.466645,17.215527,17.299233,0.083706,28
2017-05-11,32365,1002965,17.327135,17.522449,17.243429,17.243429,-0.055804,21
2017-05-12,8514,263834,17.243429,17.410841,17.243429,17.299233,0.055804,9
2017-05-15,141415,4255306,17.076017,17.076017,16.685389,16.685389,-0.613844,114
2017-05-16,37200,1115209,16.657487,16.824899,16.657487,16.741193,0.055804,33
2017-05-17,52316,1564314,16.713291,16.741193,16.629585,16.741193,0.0,35
2017-05-18,37100,1110325,16.685389,16.741193,16.629585,16.629585,-0.111608,31
2017-05-19,12200,363660,16.629585,16.685389,16.629585,16.629585,0.0,15
2017-05-22,20452,612029,16.629585,16.769095,16.629585,16.657487,0.027902,19
2017-05-23,65365,1964940,16.657487,16.880703,16.657487,16.685389,0.027902,33
2017-05-24,24360,731410,16.824899,16.852801,16.685389,16.685389,0.0,19
2017-05-25,41221,1237740,16.685389,16.824899,16.685389,16.796997,0.111608,23
2017-05-26,27700,829742,17.020213,17.020213,16.657487,16.657487,-0.13951,29
2017-05-31,42009,1254168,16.741193,16.741193,16.629585,16.657487,0.0,26
2017-06-01,50000,1492500,16.685389,16.685389,16.629585,16.629585,-0.027902,32
2017-06-02,34730,1043104,16.713291,16.964409,16.713291,16.741193,0.111608,20
2017-06-03,82265,2460983,16.685389,16.741193,16.657487,16.685389,-0.055804,44
2017-06-05,49100,1468450,16.713291,16.713291,16.657487,16.657487,-0.027902,41
2017-06-06,106000,3183300,16.657487,16.964409,16.629585,16.741193,0.083706,57
2017-06-07,55000,1654450,16.852801,16.852801,16.741193,16.741193,0.0,31
2017-06-08,59191,1776918,16.741193,16.796997,16.685389,16.741193,0.0,34
2017-06-09,82000,2450050,16.685389,16.713291,16.657487,16.657487,-0.083706,54
2017-06-12,38033,1135885,16.629585,16.713291,16.629585,16.657487,0.0,21
2017-06-13,26460,790488,16.657487,16.741193,16.657487,16.657487,0.0,23
2017-06-14,46000,1372100,16.657487,16.741193,16.601683,16.601683,-0.055804,24
2017-06-15,35680,1059943,16.573781,16.629585,16.573781,16.601683,0.0,14
2017-06-16,6014,179614,16.601683,16.713291,16.601683,16.657487,0.055804,5
2017-06-19,64787,1954879,16.657487,17.243429,16.629585,16.796997,0.13951,38
2017-06-20,51150,1534654,16.796997,16.824899,16.685389,16.685389,-0.111608,30
2017-06-21,22200,662950,16.685389,16.685389,16.629585,16.657487,-0.027902,15
2017-06-22,30150,904620,16.685389,16.796997,16.685389,16.741193,0.083706,19
2017-06-23,29000,870400,16.824899,16.824899,16.713291,16.741193,0.0,15
2017-06-26,13000,389250,16.685389,16.741193,16.685389,16.685389,-0.055804,9
2017-06-27,37500,1126199,16.713291,16.852801,16.713291,16.852801,0.167412,24
2017-06-28,20,610,16.713291,16.852801,16.713291,16.852801,0.0,1
2017-06-29,38000,1141700,16.713291,16.824899,16.713291,16.769095,-0.083706,25
2017-06-30,28515,856798,16.796997,16.852801,16.713291,16.824899,0.055804,17
2017-07-03,28050,845850,16.852801,16.852801,16.796997,16.796997,-0.027902,11
2017-07-04,29070,874760,16.796997,16.824899,16.769095,16.769095,-0.027902,21
2017-07-05,19365,580527,16.685389,16.796997,16.685389,16.741193,-0.027902,14
2017-07-06,55614,1674512,16.741193,16.852801,16.741193,16.852801,0.111608,28
2017-07-07,6250,188825,16.769095,16.908605,16.769095,16.908605,0.055804,8
2017-07-10,16335,492767,16.769095,16.880703,16.769095,16.852801,-0.055804,13
2017-07-11,96465,2899800,16.852801,16.852801,16.741193,16.852801,0.0,34
2017-07-12,20975,631155,16.880703,16.880703,16.769095,16.769095,-0.083706,14
2017-07-13,14265,430026,16.769095,16.880703,16.769095,16.852801,0.083706,13
2017-07-14,18000,544350,16.852801,16.908605,16.824899,16.908605,0.055804,14
2017-07-17,40128,1216678,16.852801,17.020213,16.852801,16.908605,0.0,26
2017-07-18,28150,864310,17.076017,17.243429,17.076017,17.103919,0.195314,29
2017-07-19,18210,557622,17.159723,17.159723,17.048115,17.048115,-0.055804,12
2017-07-20,17680,540003,17.048115,17.076017,17.048115,17.048115,0.0,17
2017-07-21,19295,591162,17.048115,17.215527,17.048115,17.131821,0.083706,12
2017-07-24,29730,907819,17.076017,17.076017,17.020213,17.048115,-0.083706,24
2017-07-25,22095,675027,17.048115,17.243429,17.020213,17.020213,-0.027902,21
2017-07-26,19895,610046,17.076017,17.215527,17.048115,17.131821,0.111608,23
2017-07-27,11000,336950,17.131821,17.131821,17.076017,17.103919,-0.027902,9
2017-07-28,17200,528880,17.131821,17.187625,17.131821,17.131821,0.027902,11
2017-07-31,16489,508312,17.159723,17.243429,17.159723,17.243429,0.111608,14
2017-08-01,93000,2872350,17.299233,17.355037,17.159723,17.299233,0.055804,30
2017-08-02,57415,1781340,17.299233,17.382939,17.243429,17.271331,-0.027902,35
2017-08-03,20510,633707,17.271331,17.271331,17.187625,17.243429,-0.027902,16
2017-08-04,75370,2333670,17.243429,17.355037,17.215527,17.299233,0.055804,34
2017-08-07,14100,436410,17.299233,17.299233,17.187625,17.187625,-0.111608,12
2017-08-08,18500,568524,17.187625,17.187625,17.103919,17.159723,-0.027902,14
2017-08-09,12000,367750,17.103919,17.131821,17.076017,17.131821,-0.027902,8
2017-08-10,32483,988081,17.103919,17.103919,16.880703,16.908605,-0.223216,29
2017-08-11,19050,572960,16.657487,16.908605,16.657487,16.880703,-0.027902,18
2017-08-14,25200,759100,16.880703,16.880703,16.741193,16.741193,-0.13951,21
2017-08-15,31676,958734,16.741193,17.187625,16.741193,17.187625,0.446432,24
2017-08-16,105465,3167050,16.908605,16.992311,16.517977,16.741193,-0.446432,66
2017-08-17,66487,2000331,16.796997,17.020213,16.741193,16.769095,0.027902,45
2017-08-18,40925,1240520,16.852801,17.076017,16.824899,17.076017,0.306922,28
2017-08-21,52109,1597335,17.076017,17.187625,17.020213,17.187625,0.111608,27
2017-08-22,48315,1481476,17.187625,17.187625,17.076017,17.103919,-0.083706,22
2017-08-23,66150,2024832,17.131821,17.215527,17.020213,17.076017,-0.027902,41
2017-08-24,41350,1264025,17.103919,17.131821,17.020213,17.131821,0.055804,29
2017-08-25,54530,1671743,17.103919,17.187625,17.076017,17.131821,0.0,35
2017-08-28,75300,2311392,17.131821,17.215527,17.076017,17.103919,-0.027902,54
2017-08-29,200199,6109936,17.103919,17.243429,16.964409,17.187625,0.083706,139
2017-08-30,191250,5555725,17.605379,17.605379,17.217464,17.486021,0.298396,131
2017-08-31,58850,1738374,17.605379,17.754578,17.5457,17.665059,0.179038,38
2017-09-01,43270,1267913,17.665059,17.665059,17.366662,17.456181,-0.208878,35
2017-09-04,9219,269394,17.426342,17.456181,17.426342,17.426342,-0.029839,12
2017-09-05,20000,585250,17.486021,17.486021,17.456181,17.456181,0.029839,15
2017-09-06,51100,1488455,17.456181,17.486021,17.306983,17.426342,-0.029839,30
2017-09-07,23150,673015,17.426342,17.426342,17.336823,17.336823,-0.089519,19
2017-09-08,35433,1051085,17.665059,17.814257,17.605379,17.605379,0.268556,35
2017-09-11,13000,383300,17.57554,17.605379,17.57554,17.57554,-0.029839,13
2017-09-12,16000,471100,17.57554,17.605379,17.5457,17.5457,-0.02984,11
2017-09-13,26150,772162,17.366662,17.754578,17.366662,17.754578,0.208878,23
2017-09-14,27200,805199,17.635219,17.754578,17.605379,17.754578,0.0,22
2017-09-15,17266,514662,17.784417,17.814257,17.754578,17.754578,0.0,17
2017-09-18,23979,707180,17.605379,17.784417,17.5457,17.57554,-0.179038,21
2017-09-19,23838,702787,17.57554,17.635219,17.5457,17.635219,0.059679,16
2017-09-20,17001,502029,17.635219,17.694898,17.605379,17.605379,-0.02984,12
2017-09-21,20200,599427,17.605379,17.814257,17.605379,17.754578,0.149199,21
2017-09-22,0,0,17.605379,17.814257,17.605379,17.754578,0.0,0
2017-09-25,44021,1298624,17.605379,17.605379,17.605379,17.605379,-0.149199,25
2017-09-26,33000,973850,17.635219,17.635219,17.605379,17.605379,0.0,15
2017-09-27,15190,453124,17.814257,17.993295,17.665059,17.665059,0.05968,18
2017-09-28,3995,118551,17.784417,17.784417,17.665059,17.665059,0.0,5
2017-09-29,5200,153770,17.635219,17.665059,17.635219,17.665059,0.0,7
2017-09-30,11945,352977,17.605379,17.665059,17.605379,17.665059,0.0,8
2017-10-02,31200,920860,17.665059,17.665059,17.605379,17.635219,-0.02984,14
2017-10-03,8000,236400,17.635219,17.635219,17.635219,17.635219,0.0,7
2017-10-05,3000,89000,17.724738,17.724738,17.665059,17.665059,0.02984,3
2017-10-06,25440,754762,17.605379,17.844096,17.605379,17.635219,-0.02984,17
2017-10-11,55109,1663585,17.635219,18.470729,17.635219,17.903776,0.268557,35
2017-10-12,37270,1120973,18.082813,18.082813,17.903776,17.963455,0.059679,29
2017-10-13,14000,424650,18.172332,18.172332,17.903776,17.903776,-0.059679,12
2017-10-16,35818,1075540,17.903776,17.963455,17.903776,17.903776,0.0,25
2017-10-17,29000,872500,18.082813,18.082813,17.903776,17.903776,0.0,20
2017-10-18,25420,762616,17.963455,17.963455,17.903776,17.903776,0.0,19
2017-10-19,22692,678940,17.903776,17.903776,17.814257,17.844096,-0.05968,24
2017-10-20,22245,664102,17.844096,17.844096,17.784417,17.784417,-0.059679,21
2017-10-23,15112,450786,17.814257,17.844096,17.784417,17.784417,0.0,11
2017-10-24,13129,391470,17.844096,17.844096,17.754578,17.754578,-0.029839,14
2017-10-25,4409,131438,17.814257,17.814257,17.784417,17.784417,0.029839,8
2017-10-26,11100,332130,17.844096,17.903776,17.784417,17.903776,0.119359,9
2017-10-27,16050,478627,18.082813,18.082813,17.724738,17.724738,-0.179038,14
2017-10-30,10755,318398,17.665059,17.724738,17.635219,17.724738,0.0,14
2017-10-31,20625,611849,17.724738,17.724738,17.665059,17.665059,-0.059679,19
2017-11-01,40321,1195797,17.873936,17.873936,17.605379,17.605379,-0.05968,26
2017-11-02,34000,1020400,17.665059,18.202172,17.665059,17.724738,0.119359,17
2017-11-03,12000,356400,17.724738,17.724738,17.724738,17.724738,0.0,8
2017-11-06,30280,898530,17.754578,17.784417,17.605379,17.605379,-0.119359,21
2017-11-07,36365,1074217,17.665059,17.814257,17.605379,17.605379,0.0,25
2017-11-08,69050,2080100,18.202172,18.202172,17.724738,17.903776,0.298397,58
2017-11-09,45000,1356200,17.963455,18.142493,17.903776,17.933615,0.029839,42
2017-11-10,30000,904350,18.082813,18.082813,17.933615,17.993295,0.05968,22
2017-11-13,37245,1118899,17.993295,18.112653,17.754578,17.754578,-0.238717,27
2017-11-14,25415,756767,17.784417,17.784417,17.724738,17.784417,0.029839,25
2017-11-15,35900,1066989,17.784417,17.784417,17.724738,17.784417,0.0,26
2017-11-16,11200,334260,17.724738,17.963455,17.724738,17.784417,0.0,10
2017-11-17,4150,123869,17.784417,17.903776,17.784417,17.903776,0.119359,8
2017-11-20,19750,585774,17.784417,17.784417,17.605379,17.694898,-0.208878,15
2017-11-21,7641,226826,17.694898,17.784417,17.694898,17.694898,0.0,11
2017-11-22,28525,845979,17.694898,17.724738,17.665059,17.724738,0.02984,22
2017-11-23,35000,1038150,17.605379,17.844096,17.605379,17.724738,0.0,25
2017-11-24,57526,1718830,17.724738,17.903776,17.724738,17.844096,0.119358,30
2017-11-27,17300,517208,17.844096,17.844096,17.844096,17.844096,0.0,19
2017-11-28,48600,1454920,17.814257,17.963455,17.814257,17.844096,0.0,37
2017-11-29,41200,1246000,17.873936,18.172332,17.873936,18.023134,0.179038,34
2017-11-30,19001,573229,18.023134,18.082813,17.933615,17.933615,-0.089519,14
2017-12-01,31550,947050,17.933615,17.963455,17.903776,17.903776,-0.029839,29
2017-12-04,19000,567050,17.903776,17.903776,17.724738,17.903776,0.0,14
2017-12-05,12590,375550,17.903776,17.903776,17.724738,17.724738,-0.179038,13
2017-12-06,26100,777115,17.724738,17.903776,17.665059,17.844096,0.119358,17
2017-12-07,13000,386700,17.903776,17.903776,17.694898,17.694898,-0.149198,10
2017-12-08,10120,299876,17.694898,17.694898,17.665059,17.694898,0.0,9
2017-12-11,7000,207900,17.724738,17.724738,17.724738,17.724738,0.02984,5
2017-12-12,31330,927860,17.724738,17.844096,17.605379,17.844096,0.119358,22
2017-12-13,9231,274006,17.844096,17.844096,17.605379,17.754578,-0.089518,10
2017-12-14,15629,462765,17.694898,17.694898,17.635219,17.665059,-0.089519,21
2017-12-15,38000,1124450,17.605379,17.724738,17.605379,17.665059,0.0,12
2017-12-18,34000,1004000,17.665059,17.665059,17.605379,17.605379,-0.05968,24
2017-12-19,21000,619450,17.605379,17.605379,17.57554,17.57554,-0.029839,13
2017-12-20,13000,382650,17.57554,17.57554,17.5457,17.5457,-0.02984,11
2017-12-21,28000,820900,17.5457,17.5457,17.456181,17.5457,0.0,23
2017-12-22,31000,910300,17.844096,17.844096,17.396502,17.515861,-0.029839,21
2017-12-25,6000,176550,17.5457,17.605379,17.5457,17.57554,0.059679,4
2017-12-26,37000,1082200,17.5457,17.5457,17.396502,17.396502,-0.179038,29
2017-12-27,3000,87450,17.396502,17.396502,17.396502,17.396502,0.0,3
2017-12-28,25000,731450,17.396502,17.635219,17.396502,17.5457,0.149198,12
2017-12-29,38350,1118302,17.5457,17.57554,17.366662,17.396502,-0.149198,31
2018-01-02,14090,413145,17.605379,17.605379,17.426342,17.5457,0.149198,10
2018-01-03,13450,395902,17.5457,17.57554,17.5457,17.57554,0.02984,11
2018-01-04,22319,654729,17.515861,17.57554,17.426342,17.5457,-0.02984,22
2018-01-05,41057,1208882,17.5457,17.635219,17.5457,17.635219,0.089519,32
2018-01-08,21005,619247,17.635219,17.635219,17.5457,17.5457,-0.089519,16
2018-01-09,86245,2620884,17.903776,18.978002,17.903776,18.112653,0.566953,75
2018-01-10,28250,851825,18.112653,18.112653,17.784417,18.082813,-0.02984,24
2018-01-11,23000,697150,18.082813,18.142493,17.963455,18.112653,0.02984,21
2018-01-12,24511,740831,18.112653,18.112653,17.963455,17.963455,-0.149198,18
2018-01-15,28415,856911,17.963455,18.202172,17.963455,17.993295,0.02984,27
2018-01-16,23032,694364,17.993295,18.023134,17.963455,17.963455,-0.02984,21
2018-01-17,33050,992300,17.963455,17.963455,17.903776,17.903776,-0.059679,30
2018-01-18,28070,844070,17.963455,18.023134,17.903776,17.933615,0.029839,22
2018-01-19,16317,490624,17.933615,17.963455,17.933615,17.933615,0.0,18
2018-01-22,30000,904900,18.082813,18.082813,17.933615,17.993295,0.05968,22
2018-01-23,38053,1149200,17.993295,18.082813,17.993295,17.993295,0.0,34
2018-01-24,78600,2387619,18.023134,18.261851,18.023134,18.172332,0.179037,63
2018-01-25,107101,3305320,18.202172,18.590087,18.202172,18.440889,0.268557,84
2018-01-26,46451,1429245,18.440889,18.500568,18.261851,18.291691,-0.149198,46
2018-01-29,45250,1394925,18.321531,18.500568,18.291691,18.440889,0.149198,39
2018-01-30,491330,16034492,18.500568,20.201427,18.500568,19.515116,1.074227,350
2018-01-31,148780,4777864,19.515116,19.515116,18.948163,18.948163,-0.566953,119
2018-02-01,84000,2650750,18.978002,19.037682,18.709446,18.888483,-0.05968,74
2018-02-02,75300,2354449,18.888483,19.067521,18.470729,18.798965,-0.089518,63
2018-02-05,62100,1913300,18.321531,18.709446,18.232012,18.709446,-0.089519,54
2018-02-06,147469,4397182,18.321531,18.38121,17.486021,17.665059,-1.044387,115
2018-02-07,62925,1891965,18.052974,18.291691,17.814257,17.903776,0.238717,41
2018-02-08,33100,994050,18.023134,18.023134,17.844096,17.903776,0.0,29
2018-02-09,38106,1129380,17.605379,17.903776,17.336823,17.903776,0.0,35
2018-02-12,180825,5687387,19.336078,19.336078,18.560248,18.918323,1.014547,132
2018-02-21,221285,7085970,19.097361,19.306238,18.978002,19.15704,0.238717,120
2018-02-22,71365,2275956,19.067521,19.15704,18.858644,19.15704,0.0,49
2018-02-23,888085,30582294,19.15704,21.066776,19.097361,21.066776,1.909736,498
2018-02-26,379728,14733442,23.15555,23.15555,23.15555,23.15555,2.088774,196
2018-02-27,443088,18897695,25.453201,25.453201,25.453201,25.453201,2.297651,281
2018-03-01,3110930,133088942,24.468494,27.392777,24.170097,24.886248,-0.566953,2112
2018-03-02,3571057,158730249,24.587852,27.362937,24.528173,27.362937,2.476689,2162
2018-03-05,6839536,325709530,28.049249,29.750107,27.15406,27.273418,-0.089519,4789
2018-03-06,2883340,131594679,27.034701,28.108928,26.587107,26.885503,-0.387915,1941
2018-03-07,2910392,140467261,27.512135,29.57107,27.273418,29.57107,2.685567,1694
2018-03-08,10081216,517917463,32.525193,32.525193,27.571815,27.810532,-1.760538,6475
2018-03-09,2882637,133919182,27.870211,28.825079,26.736305,27.15406,-0.656472,2089
2018-03-12,2577215,111813887,26.855664,27.392777,25.124965,25.244324,-1.909736,1710
2018-03-13,1936878,84827468,25.870956,26.825824,25.602399,26.049994,0.80567,1356
2018-03-14,900300,38499039,26.079833,26.109673,25.095126,25.363682,-0.686312,658
2018-03-15,839050,36057397,25.841116,26.079833,25.005607,25.632239,0.268557,611
2018-03-16,652484,27478428,25.662079,25.841116,24.826569,24.886248,-0.745991,487
2018-03-19,1102500,47273499,24.886248,26.229031,24.886248,25.244324,0.358076,835
2018-03-20,3156273,142309209,25.423362,27.691173,25.363682,26.915343,1.671019,2163
2018-03-21,1251450,55647845,26.795984,27.1839,26.020154,26.37823,-0.537113,872
2018-03-22,1114500,49007723,27.213739,27.303258,25.244324,25.274163,-1.104067,821
2018-03-23,1137001,44699437,22.767635,24.229777,22.767635,23.871701,-1.402462,760
2018-03-26,394845,15910646,23.871701,24.408814,23.752342,23.841861,-0.02984,295
2018-03-27,458303,18377152,24.468494,24.468494,23.453946,23.632984,-0.208877,328
2018-03-28,422000,16883100,23.632984,24.349135,23.483786,23.782182,0.149198,312
2018-03-29,250120,9983988,24.259616,24.259616,23.632984,23.692663,-0.089519,200
2018-03-30,322100,12697800,23.752342,24.050739,23.215229,23.245069,-0.447594,248
2018-03-31,515335,19699180,23.453946,23.543465,22.439399,22.678116,-0.566953,374
2018-04-02,600986,23732507,23.573305,24.050739,23.036191,23.215229,0.537113,422
2018-04-03,718120,28582962,23.274908,24.229777,23.215229,23.364427,0.149198,534
2018-04-09,369300,14100640,23.573305,23.722503,22.34988,22.499078,-0.865349,283
2018-04-10,250211,9320153,22.797474,22.797474,21.872446,21.932125,-0.566953,192
2018-04-11,399971,14967461,22.409559,22.558757,22.111163,22.469239,0.537114,228
2018-04-12,202060,7669442,22.678116,22.976512,22.469239,22.797474,0.328235,139
2018-04-13,433100,16570815,23.095871,23.513625,22.32004,22.32004,-0.477434,291
2018-04-16,391237,14181932,22.499078,22.499078,21.126455,21.245814,-1.074226,300
2018-04-17,235440,8434770,21.245814,21.753088,21.245814,21.245814,0.0,161
2018-04-18,200050,7216750,21.275654,21.842606,21.275654,21.57405,0.328236,146
2018-04-19,281455,10427748,21.753088,22.37972,21.753088,22.051484,0.477434,199
2018-04-20,190500,6918400,22.200682,22.200682,21.54421,21.57405,-0.477434,132
2018-04-23,175227,6363722,21.57405,22.290201,21.186135,21.424852,-0.149198,136
2018-04-24,375000,12856600,21.603889,21.603889,20.141748,20.231267,-1.193585,231
2018-04-25,128000,4367450,19.813512,20.798219,19.813512,20.559502,0.328235,106
2018-04-26,142100,4842145,20.559502,20.73854,19.96271,19.96271,-0.596792,110
2018-04-27,107000,3613800,20.022389,20.320785,20.022389,20.201427,0.238717,78
2018-04-30,98000,3399050,20.380465,20.947418,20.380465,20.828059,0.626632,79
2018-05-02,115060,4039030,20.887738,21.424852,20.589342,20.619182,-0.208877,84
2018-05-03,132365,4515906,20.350625,20.73854,20.111908,20.111908,-0.507274,86
2018-05-04,72052,2428112,19.99255,20.320785,19.99255,20.231267,0.119359,63
2018-05-07,83014,2851040,20.350625,20.649021,20.350625,20.410304,0.179037,67
2018-05-08,372973,13215299,20.708701,21.57405,20.589342,21.186135,0.775831,289
2018-05-09,247030,8800500,21.484531,21.753088,20.828059,20.828059,-0.358076,185
2018-05-10,79035,2775935,20.917578,21.096616,20.887738,20.887738,0.059679,64
2018-05-11,1372915,52220377,22.141003,22.976512,21.663569,22.976512,2.088774,812
2018-05-14,1505447,58139257,23.573305,23.871701,22.439399,23.066031,0.089519,1013
2018-05-15,708109,26185187,22.678116,22.857154,21.603889,21.633729,-1.432302,504
2018-05-16,311130,11134758,21.365172,21.723248,21.186135,21.723248,0.089519,219
2018-05-17,179050,6458495,21.842606,21.842606,21.305493,21.305493,-0.417755,117
2018-05-18,456830,17021600,21.365172,22.916833,21.305493,22.260361,0.954868,376
2018-05-21,610661,23497331,22.260361,23.334588,22.260361,22.976512,0.716151,447
2018-05-22,528526,20231739,23.871701,23.871701,22.021644,22.170842,-0.80567,387
2018-05-23,128007,4783763,22.170842,22.558757,22.141003,22.558757,0.387915,93
2018-05-24,146000,5563900,22.976512,23.066031,22.618437,22.618437,0.05968,93
2018-05-25,299140,11008210,22.499078,22.797474,21.753088,21.842606,-0.775831,248
2018-05-28,108000,3936000,21.842606,21.842606,21.663569,21.812767,-0.029839,78
2018-05-29,192549,6968414,22.021644,22.021644,21.365172,21.484531,-0.328236,149
2018-05-30,129000,4635000,21.245814,21.603889,21.245814,21.365172,-0.119359,83
2018-05-31,154839,5587675,21.693408,21.961965,21.365172,21.365172,0.0,101
2018-06-01,201609,7446016,21.484531,22.32004,21.484531,21.872446,0.507274,168
2018-06-04,148007,5477056,21.961965,22.34988,21.961965,22.021644,0.149198,110
2018-06-05,400437,15245756,22.260361,23.095871,22.260361,22.678116,0.656472,290
2018-06-06,193360,7332078,23.036191,23.036191,22.469239,22.469239,-0.208877,154
2018-06-07,116000,4390900,22.528918,22.737795,22.439399,22.678116,0.208877,94
2018-06-08,694080,27191222,22.797474,23.871701,22.797474,23.871701,1.193585,491
2018-06-11,2661801,116080246,25.662079,26.258871,25.124965,26.229031,2.35733,1493
2018-06-12,1204234,51061090,26.199192,26.199192,24.647531,24.975767,-1.253264,819
2018-06-13,681100,28414225,25.124965,25.51288,24.289456,24.378975,-0.596792,422
2018-06-14,454234,18192712,24.378975,24.378975,23.632984,23.692663,-0.686312,313
2018-06-15,558100,22684370,23.573305,24.916088,23.573305,24.050739,0.358076,379
2018-06-19,288730,11425424,24.050739,24.050739,23.274908,23.483786,-0.566953,211
2018-06-20,300050,11925922,23.543465,24.110418,23.334588,23.901541,0.417755,225
2018-06-21,214249,8586684,24.259616,24.259616,23.782182,23.812022,-0.089519,145
2018-06-22,197000,7728650,23.812022,23.812022,23.304748,23.334588,-0.477434,136
2018-06-25,84600,3325938,23.632984,23.722503,23.304748,23.394267,0.059679,68
2018-06-26,150175,5762202,23.274908,23.274908,22.737795,22.976512,-0.417755,112
2018-06-27,89000,3426400,23.15555,23.15555,22.886993,22.946673,-0.029839,78
2018-06-28,68550,2647834,22.946673,23.245069,22.857154,23.12571,0.179037,60
2018-06-29,401000,16166950,23.394267,24.438654,23.215229,23.96122,0.83551,283
2018-07-02,463040,18933074,24.468494,25.005607,23.812022,24.229777,0.268557,355
2018-07-03,332000,13218950,24.587852,24.587852,23.12571,23.274908,-0.954869,245
2018-07-04,160211,6275131,23.394267,23.722503,23.15555,23.215229,-0.059679,123
2018-07-05,108200,4237360,23.274908,23.632984,23.15555,23.15555,-0.059679,95
2018-07-06,298315,11302970,23.274908,23.274908,22.200682,22.558757,-0.596793,226
2018-07-09,542100,19281635,21.902286,22.141003,20.678861,21.007097,-1.55166,371
2018-07-10,44100,1561010,21.126455,21.245814,21.007097,21.215974,0.208877,40
2018-07-11,125179,4460185,21.186135,21.872446,21.186135,21.245814,0.02984,74
2018-07-12,46000,1646300,21.484531,21.484531,21.245814,21.395012,0.149198,34
2018-07-13,79100,2845450,21.54421,21.54421,21.365172,21.484531,0.089519,62
2018-07-16,64000,2299850,21.484531,21.54421,21.365172,21.395012,-0.089519,52
2018-07-17,52100,1856099,21.275654,21.484531,21.186135,21.186135,-0.208877,39
2018-07-18,90000,3210350,21.305493,21.603889,21.096616,21.305493,0.119358,64
2018-07-19,75407,2684115,21.305493,21.484531,21.096616,21.096616,-0.208877,59
2018-07-20,61015,2168034,21.275654,21.424852,20.947418,21.096616,0.0,46
2018-07-23,50301,1769038,21.215974,21.245814,20.917578,20.917578,-0.179038,45
2018-07-24,52010,1830702,20.917578,21.335333,20.887738,21.066776,0.149198,40
2018-07-25,150000,5418400,21.454691,21.872446,21.066776,21.663569,0.596793,112
2018-07-26,146000,5310550,21.723248,22.021644,21.484531,21.663569,0.0,104
2018-07-27,79468,2865222,21.663569,21.663569,21.395012,21.454691,-0.208878,60
2018-07-30,43000,1541000,21.514371,21.603889,21.215974,21.365172,-0.089519,36
2018-07-31,45350,1616776,21.126455,21.395012,21.126455,21.305493,-0.059679,40
2018-08-01,83205,2970989,21.305493,21.395012,21.245814,21.305493,0.0,59
2018-08-02,156000,5465650,21.275654,21.305493,20.649021,20.887738,-0.417755,122
2018-08-03,90080,3153253,20.947418,21.066776,20.76838,20.917578,0.02984,65
2018-08-06,74365,2599952,20.887738,21.066776,20.76838,20.76838,-0.149198,57
2018-08-07,101102,3545250,20.828059,21.186135,20.76838,21.007097,0.238717,76
2018-08-08,144200,5125000,21.036936,21.305493,21.007097,21.186135,0.179038,99
2018-08-09,58200,2048890,21.186135,21.186135,20.947418,21.126455,-0.05968,47
2018-08-10,120100,4247930,20.76838,21.245814,20.76838,21.186135,0.05968,83
2018-08-13,166200,5787700,21.007097,21.066776,20.350625,20.887738,-0.298397,133
2018-08-14,942350,35588247,22.111163,22.976512,21.961965,22.290201,1.402463,692
2018-08-15,286085,10570345,22.37972,22.528918,21.723248,21.961965,-0.328236,229
2018-08-16,173365,6415937,21.842606,22.37972,21.603889,22.260361,0.298396,134
2018-08-17,140155,5200035,22.141003,22.588597,21.842606,21.842606,-0.417755,108
2018-08-20,84456,3110406,22.081323,22.200682,21.902286,21.932125,0.089519,67
2018-08-21,128315,4829931,21.961965,22.737795,21.961965,22.499078,0.566953,96
2018-08-22,250500,9674624,22.618437,23.394267,22.618437,22.946673,0.447595,206
2018-08-23,75200,2868090,23.15555,23.15555,22.439399,22.737795,-0.208878,70
2018-08-24,45246,1710909,22.528918,22.707956,22.34988,22.707956,-0.029839,44
2018-08-27,157120,5966284,22.976512,22.976512,22.37972,22.707956,0.0,105
2018-08-28,398150,15202013,22.707956,23.245069,22.528918,22.797474,0.089518,242
2018-08-29,290345,10820860,22.859089,23.167163,22.859089,22.951511,0.154037,201
2018-08-30,124086,4612039,22.982319,23.105548,22.73586,22.859089,-0.092422,87
2018-08-31,37139,1388884,22.797474,23.167163,22.797474,23.167163,0.308074,36
2018-09-03,85180,3179542,23.228778,23.290393,22.889897,22.889897,-0.277266,73
2018-09-04,59000,2208350,23.228778,23.228778,22.920704,23.074741,0.184844,47
2018-09-05,37000,1386350,23.105548,23.167163,22.982319,22.982319,-0.092422,27
2018-09-06,117200,4304480,22.982319,22.982319,22.520208,22.520208,-0.462111,78
2018-09-07,142160,5098800,22.520208,22.520208,21.811638,21.873253,-0.646955,104
2018-09-10,109596,3803960,21.472756,21.842445,21.010645,21.226297,-0.646956,92
2018-09-11,234401,7883834,20.702571,20.949031,20.517727,20.733379,-0.492918,162
2018-09-12,57200,1924690,20.949031,20.949031,20.640957,20.640957,-0.092422,45
2018-09-13,31000,1048800,20.702571,20.949031,20.702571,20.887416,0.246459,23
2018-09-14,39000,1342950,21.503564,21.503564,21.07226,21.257105,0.369689,29
2018-09-17,72100,2484425,21.257105,21.503564,21.07226,21.257105,0.0,39
2018-09-18,44050,1497257,21.226297,21.226297,20.764186,20.949031,-0.308074,35
2018-09-19,23000,785150,21.010645,21.07226,20.979838,21.07226,0.123229,20
2018-09-20,59357,2012202,21.07226,21.19549,20.702571,20.856608,-0.215652,46
2018-09-21,32310,1099678,21.07226,21.103068,20.856608,20.949031,0.092423,28
2018-09-25,38200,1297200,20.949031,21.07226,20.825801,21.07226,0.123229,30
2018-09-26,39098,1338601,21.103068,21.19549,21.010645,21.010645,-0.061615,19
2018-09-27,31000,1050550,21.010645,21.010645,20.825801,20.825801,-0.184844,26
2018-09-28,42000,1421600,20.825801,20.949031,20.764186,20.856608,0.030807,32
2018-10-01,45850,1558689,20.856608,21.010645,20.856608,20.949031,0.092423,28
2018-10-02,46000,1571500,21.19549,21.226297,20.979838,21.07226,0.123229,37
2018-10-03,78543,2676812,21.07226,21.133875,20.825801,20.949031,-0.123229,47
2018-10-04,35115,1192631,21.411142,21.411142,20.794994,20.794994,-0.154037,28
2018-10-05,119316,3894734,20.949031,20.949031,19.716735,19.870772,-0.924222,98
2018-10-08,91000,2922550,19.870772,19.901579,19.716735,19.716735,-0.154037,65
2018-10-09,256450,8003905,19.778349,19.778349,18.638476,18.638476,-1.078259,197
2018-10-11,755100,20920180,17.28295,17.621832,16.790032,16.790032,-1.848444,432
2018-10-12,247327,6620588,15.711773,17.375372,15.711773,17.128913,0.338881,155
2018-10-15,102500,2877348,17.128913,17.621832,17.128913,17.313758,0.184845,94
2018-10-16,61470,1750015,17.375372,17.591024,17.375372,17.436987,0.123229,40
2018-10-17,84103,2422331,17.436987,17.868291,17.436987,17.714254,0.277267,63
2018-10-18,41100,1181110,17.745061,17.745061,17.621832,17.683446,-0.030808,37
2018-10-19,34089,967013,17.560217,17.560217,17.252143,17.560217,-0.123229,26
2018-10-22,22829,656088,17.560217,17.868291,17.560217,17.868291,0.308074,21
2018-10-23,31034,897137,17.775869,17.868291,17.745061,17.745061,-0.12323,17
2018-10-24,21000,601950,17.683446,17.775869,17.560217,17.621832,-0.123229,18
2018-10-25,146375,4006000,17.098106,17.159721,16.635995,16.944069,-0.677763,110
2018-10-26,78500,2152350,16.944069,17.159721,16.759224,16.820839,-0.12323,75
2018-10-29,33100,903745,16.820839,16.913261,16.728417,16.728417,-0.092422,26
2018-10-30,72904,1974692,16.728417,16.728417,16.635995,16.635995,-0.092422,47
2018-10-31,22100,611830,16.974876,17.128913,16.974876,17.128913,0.492918,19
2018-11-01,45000,1265400,17.128913,17.467795,17.128913,17.252143,0.12323,45
2018-11-02,68100,1927200,17.28295,17.498602,17.28295,17.313758,0.061615,57
2018-11-05,14000,394250,17.252143,17.529409,17.252143,17.529409,0.215651,10
2018-11-06,42000,1206300,17.591024,17.775869,17.591024,17.745061,0.215652,36
2018-11-07,34000,992250,18.361209,18.361209,17.775869,17.929906,0.184845,29
2018-11-08,55000,1616600,18.022328,18.207172,17.99152,17.99152,0.061614,44
2018-11-09,56000,1631550,17.929906,18.145557,17.714254,18.053135,0.061615,41
2018-11-12,16000,468400,17.99152,18.083943,17.99152,17.99152,-0.061615,16
2018-11-13,102350,3015494,18.145557,18.361209,17.652639,18.176365,0.184845,75
2018-11-14,52250,1574661,18.299594,18.669283,18.299594,18.607668,0.431303,45
2018-11-15,101000,3086750,18.854128,19.038972,18.607668,19.038972,0.431304,67
2018-11-16,401101,12662491,19.65512,19.901579,18.82332,18.82332,-0.215652,284
2018-11-19,42015,1293469,18.730898,19.100587,18.730898,19.038972,0.215652,36
2018-11-20,40000,1211800,18.422824,18.792513,18.422824,18.700091,-0.338881,35
2018-11-21,88000,2645950,18.638476,18.761705,18.361209,18.484439,-0.215652,69
2018-11-22,18365,555972,18.515246,18.792513,18.515246,18.730898,0.246459,19
2018-11-23,68089,2035720,18.792513,18.792513,18.299594,18.299594,-0.431304,62
2018-11-26,53004,1574378,18.299594,18.361209,18.268787,18.268787,-0.030807,42
2018-11-27,61449,1821589,18.299594,18.330402,18.23798,18.23798,-0.030807,65
2018-11-28,77210,2314588,18.299594,18.700091,18.299594,18.453631,0.215651,68
2018-11-29,63300,1903935,18.607668,18.792513,18.392017,18.392017,-0.061614,58
2018-11-30,79030,2383751,18.484439,18.700091,18.484439,18.669283,0.277266,55
2018-12-03,152322,4692764,18.761705,19.254624,18.761705,18.977357,0.308074,104
2018-12-04,61078,1891101,19.038972,19.223816,18.977357,18.977357,0.0,61
2018-12-05,80077,2424102,18.515246,18.730898,18.515246,18.638476,-0.338881,64
2018-12-06,60050,1808865,18.607668,19.100587,18.453631,18.515246,-0.12323,48
2018-12-07,22000,664050,18.546054,18.761705,18.515246,18.700091,0.184845,18
2018-12-10,55000,1685250,18.638476,18.977357,18.607668,18.915742,0.215651,46
2018-12-11,55045,1693290,18.915742,19.069779,18.854128,18.915742,0.0,53
2018-12-12,107330,3329296,19.100587,19.223816,18.977357,19.100587,0.184845,70
2018-12-13,58000,1804350,19.223816,19.254624,19.038972,19.038972,-0.061615,51
2018-12-14,46200,1421550,19.038972,19.100587,18.884935,18.915742,-0.12323,46
2018-12-17,84000,2622250,18.915742,19.347046,18.915742,19.193009,0.277267,74
2018-12-18,50000,1532550,18.607668,19.038972,18.607668,18.94655,-0.246459,47
2018-12-19,64333,1977939,18.94655,19.100587,18.82332,18.884935,-0.061615,54
2018-12-20,74200,2258220,18.884935,18.884935,18.669283,18.669283,-0.215652,59
2018-12-21,31200,947360,18.546054,18.854128,18.546054,18.792513,0.12323,24
2018-12-22,13049,399699,18.792513,19.008165,18.792513,19.008165,0.215652,10
2018-12-24,43050,1318880,19.038972,19.038972,18.82332,18.884935,-0.12323,42
2018-12-25,20000,609450,18.884935,18.884935,18.638476,18.700091,-0.184844,14
2018-12-26,104000,3133450,18.792513,18.792513,18.484439,18.700091,0.0,50
2018-12-27,45000,1374900,18.82332,18.884935,18.792513,18.792513,0.092422,23
2018-12-28,42000,1274100,18.854128,18.854128,18.638476,18.730898,-0.061615,39
2019-01-02,48006,1451081,18.761705,18.761705,18.515246,18.515246,-0.215652,41
2019-01-03,322365,10023273,18.546054,19.439468,18.484439,19.439468,0.924222,193
2019-01-04,2580203,85769296,19.963194,21.318719,19.593505,19.593505,0.154037,1893
2019-01-07,525353,16720998,19.624312,19.901579,19.408661,19.901579,0.308074,369
2019-01-08,102200,3287719,20.117231,20.117231,19.747542,19.839964,-0.061615,85
2019-01-09,346201,11034770,19.932386,20.024809,19.100587,19.223816,-0.616148,218
2019-01-10,105155,3297107,19.285431,19.470275,19.223816,19.316238,0.092422,93
2019-01-11,260635,7941411,18.82332,18.977357,18.607668,18.700091,-0.616147,190
2019-01-14,73301,2225420,18.700091,18.730898,18.669283,18.700091,0.0,64
2019-01-15,86743,2645287,18.700091,18.854128,18.700091,18.730898,0.030807,64
2019-01-16,95350,2873150,18.730898,18.730898,18.515246,18.546054,-0.184844,85
2019-01-17,64050,1934347,18.576861,18.730898,18.546054,18.576861,0.030807,57
2019-01-18,65000,1978050,18.761705,18.854128,18.638476,18.638476,0.061615,49
2019-01-21,43421,1316651,18.638476,18.761705,18.638476,18.638476,0.0,46
2019-01-22,58200,1757320,18.669283,18.669283,18.515246,18.546054,-0.092422,54
2019-01-23,115509,3479022,18.546054,18.761705,18.484439,18.546054,0.0,83
2019-01-24,46170,1400868,18.792513,18.82332,18.546054,18.546054,0.0,37
2019-01-25,54000,1635350,18.546054,18.730898,18.546054,18.700091,0.154037,25
2019-01-28,105000,3201650,18.700091,18.94655,18.700091,18.82332,0.123229,60
2019-01-29,60100,1827550,18.854128,18.854128,18.638476,18.730898,-0.092422,47
2019-01-30,96000,2908198,18.730898,18.977357,18.607668,18.638476,-0.092422,81
2019-02-11,69000,2095950,18.94655,18.94655,18.669283,18.761705,0.123229,58
2019-02-12,191000,5909650,19.100587,19.223816,18.977357,19.069779,0.308074,123
2019-02-13,152730,4741797,19.223816,19.285431,19.008165,19.038972,-0.030807,129
2019-02-14,133000,4112350,19.193009,19.193009,18.977357,19.008165,-0.030807,76
2019-02-15,139000,4301100,19.038972,19.408661,18.977357,18.977357,-0.030808,111
2019-02-18,72102,2230027,19.100587,19.100587,19.008165,19.008165,0.030808,68
2019-02-19,79600,2470760,19.038972,19.223816,19.038972,19.100587,0.092422,66
2019-02-20,96000,2981250,19.162201,19.285431,19.069779,19.131394,0.030807,70
2019-02-21,103000,3197200,19.193009,19.223816,19.069779,19.100587,-0.030807,73
2019-02-22,179297,5650240,19.162201,19.65512,19.100587,19.439468,0.338881,134
2019-02-25,273179,8759343,19.470275,19.963194,19.470275,19.870772,0.431304,228
2019-02-26,74100,2371700,19.870772,19.870772,19.685927,19.778349,-0.092423,57
2019-02-27,107020,3406340,19.809157,19.809157,19.53189,19.685927,-0.092422,83
2019-03-04,135800,4359028,19.624312,19.839964,19.624312,19.839964,0.154037,108
2019-03-05,145300,4664859,19.839964,19.901579,19.716735,19.839964,0.0,101
2019-03-06,350000,11303600,19.839964,20.332883,19.778349,19.963194,0.12323,167
2019-03-07,96000,3092750,19.963194,20.024809,19.716735,19.778349,-0.184845,65
2019-03-08,88200,2811650,19.778349,19.778349,19.53189,19.53189,-0.246459,78
2019-03-11,125650,3946425,19.377853,19.408661,19.285431,19.316238,-0.215652,102
2019-03-12,96500,3035200,19.470275,19.470275,19.347046,19.347046,0.030808,83
2019-03-13,88365,2769161,19.377853,19.377853,19.254624,19.285431,-0.061615,70
2019-03-14,88045,2769312,19.347046,19.501083,19.316238,19.377853,0.092422,86
2019-03-15,110000,3464600,19.53189,19.53189,19.347046,19.470275,0.092422,93
2019-03-18,93114,2960495,19.53189,19.809157,19.501083,19.562698,0.092423,86
2019-03-19,68315,2184384,19.593505,19.901579,19.593505,19.65512,0.092422,60
2019-03-20,140713,4506186,19.809157,19.839964,19.624312,19.716735,0.061615,97
2019-03-21,159500,5141874,19.778349,19.963194,19.778349,19.901579,0.184844,117
2019-03-22,736000,24624950,19.963194,21.226297,19.901579,20.949031,1.047452,354
2019-03-25,909491,30099396,20.394497,20.949031,19.839964,20.887416,-0.061615,526
2019-03-26,1824543,63441318,21.318719,21.934867,20.979838,21.934867,1.047451,1049
2019-03-27,3173866,112313323,22.797474,23.043934,20.702571,20.764186,-1.170681,1653
2019-03-28,675721,22756651,20.764186,21.07226,20.548534,20.548534,-0.215652,435
2019-03-29,279500,9324600,20.640957,20.733379,20.48692,20.48692,-0.061614,209
2019-04-01,365245,12098691,20.517727,20.640957,20.271268,20.271268,-0.215652,238
2019-04-02,224143,7394924,20.332883,20.517727,20.24046,20.332883,0.061615,140
2019-04-03,177101,5848563,20.36369,20.456112,20.271268,20.332883,0.0,123
2019-04-08,208579,6921594,20.456112,20.548534,20.394497,20.425305,0.092422,136
2019-04-09,165069,5465440,20.517727,20.548534,20.332883,20.36369,-0.061615,118
2019-04-10,218364,7200841,20.36369,20.425305,20.24046,20.302075,-0.061615,151
2019-04-11,215000,7084350,20.302075,20.48692,20.271268,20.302075,0.0,112
2019-04-12,95430,3149646,20.332883,20.394497,20.302075,20.332883,0.030808,65
2019-04-15,326000,10973150,20.48692,20.887416,20.394497,20.887416,0.554533,247
2019-04-16,203061,6824690,20.887416,20.887416,20.610149,20.610149,-0.277267,157
2019-04-17,188050,6258467,20.579342,20.671764,20.394497,20.456112,-0.154037,140
2019-04-18,156665,5225295,20.456112,20.733379,20.456112,20.456112,0.0,107
2019-04-19,159500,5281224,20.456112,20.671764,20.271268,20.36369,-0.092422,117
2019-04-22,65300,2158663,20.332883,20.456112,20.332883,20.332883,-0.030807,60
2019-04-23,252000,8262200,20.302075,20.332883,20.086423,20.117231,-0.215652,161
2019-04-24,56000,1846750,20.425305,20.425305,20.148038,20.209653,0.092422,43
2019-04-25,138489,4515042,20.209653,20.209653,20.024809,20.024809,-0.184844,108
2019-04-26,167050,5390820,20.024809,20.024809,19.778349,19.809157,-0.215652,117
2019-04-29,133549,4282327,19.963194,19.963194,19.65512,19.65512,-0.154037,109
2019-04-30,128200,4075430,19.65512,19.716735,19.470275,19.624312,-0.030808,98
2019-05-02,78150,2516564,19.778349,19.994001,19.685927,19.932386,0.308074,48
2019-05-03,38089,1234092,19.932386,20.024809,19.932386,19.963194,0.030808,33
2019-05-06,94236,3037722,19.963194,19.963194,19.778349,19.778349,-0.184845,48
2019-05-07,36546,1184363,19.901579,19.994001,19.901579,19.963194,0.184845,29
2019-05-08,52160,1688342,19.932386,19.994001,19.870772,19.932386,-0.030808,39
2019-05-09,123155,3942878,19.963194,19.963194,19.501083,19.53189,-0.400496,94
2019-05-10,188000,5906000,19.53189,19.624312,19.100587,19.131394,-0.400496,143
2019-05-13,114100,3539650,19.285431,19.316238,18.977357,18.977357,-0.154037,76
2019-05-14,119250,3670062,18.792513,19.038972,18.761705,18.94655,-0.030807,90
2019-05-15,345818,11229605,20.332883,20.332883,19.778349,19.839964,0.893414,234
2019-05-16,99200,3198250,19.839964,20.024809,19.716735,19.747542,-0.092422,53
2019-05-17,173730,5498594,19.778349,19.809157,19.285431,19.377853,-0.369689,118
2019-05-20,86037,2689569,19.316238,19.408661,19.193009,19.285431,-0.092422,66
2019-05-21,79636,2489233,19.223816,19.347046,19.162201,19.285431,0.0,62
2019-05-22,51050,1604017,19.470275,19.470275,19.316238,19.316238,0.030807,36
2019-05-23,227000,7052850,19.316238,19.316238,19.038972,19.223816,-0.092422,121
2019-05-24,51087,1598381,19.131394,19.316238,19.131394,19.285431,0.061615,48
2019-05-27,33000,1035250,19.285431,19.408661,19.285431,19.316238,0.030807,26
2019-05-28,73250,2307875,19.439468,19.501083,19.347046,19.439468,0.12323,47
2019-05-29,173895,5551240,19.439468,19.901579,19.377853,19.593505,0.154037,87
2019-05-30,93000,2988300,19.747542,19.901579,19.624312,19.716735,0.12323,70
2019-05-31,32001,1028882,19.716735,19.870772,19.716735,19.870772,0.154037,28
2019-06-03,43186,1388410,19.839964,19.870772,19.624312,19.870772,0.0,32
2019-06-04,31080,997683,19.716735,19.963194,19.716735,19.839964,-0.030808,31
2019-06-05,55100,1780825,19.839964,20.086423,19.778349,19.809157,-0.030807,48
2019-06-06,64100,2052020,19.809157,19.839964,19.65512,19.716735,-0.092422,41
2019-06-10,62202,1997643,19.716735,19.901579,19.716735,19.839964,0.123229,40
2019-06-11,33500,1080600,19.994001,19.994001,19.778349,19.901579,0.061615,28
2019-06-12,51501,1665305,19.963194,19.994001,19.870772,19.932386,0.030807,37
2019-06-13,71000,2295850,19.963194,19.963194,19.901579,19.932386,0.0,38
2019-06-14,46198,1492285,19.963194,19.994001,19.809157,19.870772,-0.061614,32
2019-06-17,113495,3682411,19.901579,20.086423,19.870772,20.086423,0.215651,73
2019-06-18,49014,1595056,20.086423,20.086423,19.994001,20.055616,-0.030807,34
2019-06-19,87300,2849630,20.178846,20.178846,20.086423,20.086423,0.030807,61
2019-06-20,104000,3426950,20.178846,20.394497,20.178846,20.332883,0.24646,76
2019-06-21,77000,2543000,20.36369,20.456112,20.209653,20.209653,-0.12323,53
2019-06-24,71000,2348200,20.209653,20.610149,20.209653,20.302075,0.092422,50
2019-06-25,39150,1285442,20.209653,20.425305,20.178846,20.209653,-0.092422,28
2019-06-26,25180,828186,20.209653,20.302075,20.209653,20.302075,0.092422,17
2019-06-27,32200,1063950,20.302075,20.425305,20.302075,20.332883,0.030808,26
2019-06-28,167106,5590174,20.517727,20.825801,20.48692,20.48692,0.154037,108
2019-07-01,148379,4969620,20.517727,20.733379,20.517727,20.640957,0.154037,78
2019-07-02,173094,5877046,20.640957,21.07226,20.640957,20.887416,0.246459,115
2019-07-03,125000,4244500,20.887416,21.010645,20.825801,20.949031,0.061615,64
2019-07-04,78250,2673537,21.010645,21.103068,21.010645,21.010645,0.061614,55
2019-07-05,124200,4252610,21.010645,21.164682,21.010645,21.133875,0.12323,77
2019-07-08,66315,2272810,21.19549,21.287912,20.949031,20.949031,-0.184844,51
2019-07-09,67735,2320360,21.010645,21.19549,21.010645,21.133875,0.184844,40
2019-07-10,78180,2662510,21.07226,21.103068,20.918223,20.949031,-0.184844,52
2019-07-11,173095,5826565,20.949031,20.949031,20.640957,20.640957,-0.308074,104
2019-07-12,112012,3775102,20.610149,21.257105,20.610149,20.794994,0.154037,77
2019-07-15,55012,1863558,21.010645,21.010645,20.764186,20.949031,0.154037,37
2019-07-16,92400,3150639,20.949031,21.07226,20.949031,20.949031,0.0,56
2019-07-17,76000,2585850,20.949031,21.07226,20.887416,20.979838,0.030807,40
2019-07-18,49905,1697864,20.979838,21.010645,20.918223,20.949031,-0.030807,34
2019-07-19,122000,4156850,21.07226,21.133875,20.949031,20.949031,0.0,51
2019-07-22,67175,2284150,20.949031,21.010645,20.949031,20.949031,0.0,40
2019-07-23,130000,4453650,21.07226,21.19549,21.010645,21.19549,0.246459,83
2019-07-24,765140,27063269,21.318719,22.058097,21.318719,21.873253,0.677763,496
2019-07-25,296020,10506001,21.965675,21.996482,21.688408,21.78083,-0.092423,181
2019-07-26,86010,3045353,21.811638,21.873253,21.719216,21.78083,0.0,71
2019-07-29,239000,8349550,21.78083,21.811638,21.287912,21.380334,-0.400496,153
2019-07-30,164156,5619626,21.534371,21.565179,20.949031,20.949031,-0.431303,121
2019-07-31,133000,4524150,20.918223,21.19549,20.887416,21.19549,0.246459,75
2019-08-01,60000,2044750,21.19549,21.19549,20.949031,20.949031,-0.246459,38
2019-08-02,142456,4774501,20.825801,20.825801,20.48692,20.610149,-0.338882,123
2019-08-05,154495,5099636,20.579342,20.610149,20.148038,20.178846,-0.431303,104
2019-08-06,155000,5026800,19.839964,20.332883,19.778349,20.332883,0.154037,89
2019-08-07,68000,2255250,20.456112,20.48692,20.394497,20.394497,0.061614,48
2019-08-08,104567,3481730,20.764186,20.794994,20.425305,20.517727,0.12323,69
2019-08-12,83630,2823261,20.579342,20.949031,20.579342,20.949031,0.431304,63
2019-08-13,57625,1956650,20.918223,21.164682,20.825801,20.918223,-0.030808,46
2019-08-14,300150,10409840,21.565179,21.565179,21.226297,21.257105,0.338882,177
2019-08-15,151510,5238447,20.887416,21.657601,20.887416,21.441949,0.184844,109
2019-08-16,192358,6766200,21.565179,21.750023,21.565179,21.719216,0.277267,138
2019-08-19,206650,7324827,21.996482,21.996482,21.750023,21.90406,0.184844,130
2019-08-20,253058,8907297,21.934867,21.934867,21.503564,21.565179,-0.338881,150
2019-08-21,171000,5988250,21.595986,21.688408,21.534371,21.565179,0.0,83
2019-08-22,143866,5048245,21.626793,21.688408,21.565179,21.595986,0.030807,60
2019-08-23,143000,5014500,21.595986,21.688408,21.534371,21.657601,0.061615,71
2019-08-26,133124,4659613,21.688408,21.688408,21.472756,21.503564,-0.154037,105
2019-08-27,352301,12352436,21.503564,21.688408,21.503564,21.565179,0.061615,257
2019-08-28,421215,13795105,21.631533,21.930128,21.631533,21.930128,0.364949,195
2019-08-29,173100,5767195,22.162368,22.295077,21.996482,22.162368,0.23224,93
2019-08-30,87100,2892860,22.295077,22.295077,21.896951,22.029659,-0.132709,58
2019-09-02,83142,2757227,22.029659,22.029659,21.963305,21.996482,-0.033177,53
2019-09-03,65050,2153409,21.963305,22.129191,21.896951,21.963305,-0.033177,50
2019-09-04,93100,3071753,21.930128,21.963305,21.830596,21.896951,-0.066354,64
2019-09-05,435200,14773750,21.996482,22.925444,21.963305,22.593672,0.696721,312
2019-09-06,171150,5851437,22.72638,22.792735,22.49414,22.72638,0.132708,141
2019-09-09,199000,6781750,22.759558,22.825912,22.527317,22.527317,-0.199063,113
2019-09-10,792757,27932618,22.925444,23.887582,22.892266,23.157684,0.630367,588
2019-09-11,294597,10347145,23.356747,23.423102,23.190861,23.356747,0.199063,225
2019-09-12,109591,3858894,23.622165,23.622165,23.257216,23.356747,0.0,94
2019-09-16,181720,6295497,23.257216,23.257216,22.859089,23.024975,-0.331772,128
2019-09-17,120235,4147634,23.024975,23.024975,22.792735,22.825912,-0.199063,75
2019-09-18,94561,3260892,22.792735,23.058152,22.792735,22.958621,0.132709,76
2019-09-19,103050,3590082,22.958621,23.224038,22.958621,23.157684,0.199063,76
2019-09-20,120550,4210571,23.157684,23.290393,23.124507,23.190861,0.033177,64
2019-09-23,80000,2801200,23.224038,23.32357,23.157684,23.190861,0.0,64
2019-09-24,126000,4413150,23.190861,23.32357,23.157684,23.224038,0.033177,66
2019-09-25,274252,9704282,23.257216,23.688519,23.224038,23.489456,0.265418,179
2019-09-26,156800,5556928,23.522633,23.688519,23.456279,23.489456,0.0,113
2019-09-27,177454,6198002,23.489456,23.489456,23.058152,23.058152,-0.431304,116
2019-10-01,97100,3361084,23.058152,23.058152,22.925444,22.925444,-0.132708,65
2019-10-02,28014,971740,22.892266,23.124507,22.892266,23.058152,0.132708,25
2019-10-03,77300,2659325,22.925444,22.925444,22.693203,22.859089,-0.199063,54
2019-10-04,101572,3487505,22.859089,22.958621,22.660026,22.759558,-0.099531,62
2019-10-07,48100,1663010,22.859089,23.058152,22.859089,22.892266,0.132708,40
2019-10-08,76000,2631450,22.925444,23.09133,22.892266,22.892266,0.0,53
2019-10-09,86030,2987400,22.892266,23.224038,22.859089,23.124507,0.232241,58
2019-10-14,1999392,76078610,24.285709,25.413733,24.285709,25.413733,2.289226,1064
2019-10-15,2026030,78226170,25.612797,26.143632,25.148316,25.944569,0.530836,1382
2019-10-16,746551,29075708,26.209986,26.209986,25.281025,25.546442,-0.398127,489
2019-10-17,673837,26451461,25.745505,26.375872,25.712328,26.243163,0.696721,470
2019-10-18,424750,16717211,26.409049,26.409049,25.845037,26.176809,-0.066354,262
2019-10-21,321864,12514666,26.243163,26.243163,25.612797,25.612797,-0.564012,242
2019-10-22,193080,7503407,25.612797,26.0441,25.612797,25.778683,0.165886,132
2019-10-23,305550,11763714,25.778683,25.944569,25.281025,25.413733,-0.36495,209
2019-10-24,225200,8737599,25.712328,25.944569,25.579619,25.712328,0.298595,166
2019-10-25,2021333,81352534,25.845037,27.47072,25.81186,26.077277,0.364949,1544
2019-10-28,587885,23301275,26.209986,26.773999,25.878214,26.773999,0.696722,362
2019-10-29,1105385,45518168,27.47072,27.868846,26.773999,26.87353,0.099531,750
2019-10-30,321408,12963688,26.87353,27.105771,26.64129,26.740821,-0.132709,222
2019-10-31,401383,16359937,26.740821,27.371188,26.541758,27.105771,0.36495,297
2019-11-01,255211,10452879,27.205302,27.404365,27.006239,27.271657,0.165886,200
2019-11-04,379500,15358548,27.371188,27.404365,26.475404,26.939885,-0.331772,256
2019-11-05,264900,10728509,27.205302,27.205302,26.64129,26.939885,0.0,163
2019-11-06,733000,30543698,26.973062,28.266972,26.807176,27.736137,0.796252,542
2019-11-07,339591,14032556,27.835669,27.835669,27.271657,27.404365,-0.331772,219
2019-11-08,511175,21182430,27.47072,27.769315,27.205302,27.769315,0.36495,301
2019-11-11,661201,26868588,27.769315,27.769315,26.276341,26.375872,-1.393443,373
2019-11-12,962300,37235450,26.176809,26.209986,25.380556,25.878214,-0.497658,650
2019-11-13,687500,26399050,25.712328,25.878214,25.148316,25.148316,-0.729898,346
2019-11-14,330421,12583682,25.21467,25.513265,25.081961,25.314202,0.165886,203
2019-11-15,332200,12858350,25.380556,25.845037,25.380556,25.679151,0.364949,188
2019-11-18,173365,6776002,25.612797,26.077277,25.612797,25.778683,0.099532,127
2019-11-19,166315,6413627,25.878214,25.878214,25.480088,25.546442,-0.232241,111
2019-11-20,168283,6485007,25.546442,26.010923,25.347379,25.944569,0.398127,132
2019-11-21,171583,6692437,25.845037,26.110455,25.645974,26.110455,0.165886,158
2019-11-22,146315,5745156,26.110455,26.209986,25.878214,25.878214,-0.232241,125
2019-11-25,115900,4482029,25.878214,25.878214,25.579619,25.679151,-0.199063,86
2019-11-26,93048,3603310,25.745505,25.81186,25.579619,25.679151,0.0,62
2019-11-27,79280,3066490,25.712328,25.778683,25.546442,25.778683,0.099532,69
2019-11-28,80260,3115226,25.778683,25.878214,25.612797,25.845037,0.066354,68
2019-11-29,171978,6640347,25.745505,25.845037,25.413733,25.413733,-0.431304,108
2019-12-02,195000,7379950,25.380556,25.480088,24.916075,25.081961,-0.331772,157
2019-12-03,90315,3437670,25.081961,25.380556,24.949253,25.281025,0.199064,75
2019-12-04,58000,2215000,25.281025,25.513265,25.247847,25.281025,0.0,50
2019-12-05,120100,4570060,25.347379,25.347379,25.181493,25.21467,-0.066355,101
2019-12-06,99000,3796950,25.148316,25.745505,25.148316,25.347379,0.132709,77
2019-12-09,107120,4081428,25.347379,25.413733,25.247847,25.380556,0.033177,76
2019-12-10,307600,11964569,25.645974,26.0441,25.480088,26.0441,0.663544,228
2019-12-11,203020,7949980,26.176809,26.209986,25.81186,25.911391,-0.132709,149
2019-12-12,289698,11302925,26.143632,26.209986,25.679151,25.679151,-0.23224,214
2019-12-13,207365,8045975,25.679151,25.845037,25.679151,25.778683,0.099532,146
2019-12-16,76150,2960955,25.845037,25.845037,25.745505,25.745505,-0.033178,55
2019-12-17,99100,3834875,25.745505,25.745505,25.612797,25.712328,-0.033177,76
2019-12-18,126900,4899930,25.81186,25.81186,25.480088,25.712328,0.0,92
2019-12-19,74382,2874582,25.612797,25.81186,25.579619,25.645974,-0.066354,56
2019-12-20,100200,3857309,25.645974,25.645974,25.413733,25.579619,-0.066355,69
2019-12-23,91347,3532926,25.612797,25.745505,25.612797,25.679151,0.099532,69
2019-12-24,95000,3669050,25.745505,25.745505,25.546442,25.546442,-0.132709,62
2019-12-25,267633,10435692,25.579619,26.0441,25.513265,25.977746,0.431304,204
2019-12-26,153995,6054103,26.309518,26.309518,25.977746,26.010923,0.033177,109
2019-12-27,166443,6505232,26.010923,26.010923,25.81186,25.911391,-0.099532,97
2019-12-30,229244,8839765,25.944569,25.944569,25.480088,25.513265,-0.398126,159
2019-12-31,73601,2825027,25.513265,25.546442,25.380556,25.546442,0.033177,54
2020-01-02,108913,4183057,25.546442,25.546442,25.413733,25.546442,0.0,80
2020-01-03,119000,4559450,25.612797,25.612797,25.347379,25.380556,-0.165886,83
2020-01-06,179415,6804907,25.21467,25.314202,25.081961,25.115139,-0.265417,124
2020-01-07,282350,10632742,25.115139,25.446911,24.783367,24.949253,-0.165886,155
2020-01-08,310451,11517787,24.949253,24.949253,24.451595,24.451595,-0.497658,225
2020-01-09,69367,2584829,24.517949,24.849721,24.517949,24.75019,0.298595,60
2020-01-10,67100,2508275,24.75019,24.98243,24.75019,24.882898,0.132708,51
2020-01-13,235000,8918000,25.148316,25.347379,25.015607,25.181493,0.298595,145
2020-01-14,156050,5976020,25.21467,25.645974,25.181493,25.645974,0.464481,93
2020-01-15,142138,5495739,25.645974,25.778683,25.546442,25.612797,-0.033177,99
2020-01-16,66050,2545947,25.612797,25.679151,25.480088,25.645974,0.033177,51
2020-01-17,69000,2675200,25.679151,25.778683,25.679151,25.778683,0.132709,56
2020-01-20,261100,10191840,25.81186,26.110455,25.679151,25.81186,0.033177,142
2020-01-30,585120,21288617,23.953937,24.617481,23.92076,23.92076,-1.8911,333
2020-01-31,232480,8421071,23.821228,24.38524,23.821228,24.285709,0.364949,160
2020-02-03,290092,10302742,23.622165,23.821228,23.356747,23.688519,-0.59719,176
2020-02-04,132200,4766690,23.821228,24.020291,23.688519,24.020291,0.331772,104
2020-02-05,102385,3699687,24.285709,24.285709,23.887582,23.92076,-0.099531,80
2020-02-06,129050,4713132,24.153,24.451595,24.053468,24.418418,0.497658,102
2020-02-07,141580,5155928,24.418418,24.418418,24.086646,24.285709,-0.132709,102
2020-02-10,275395,9920686,24.086646,24.153,23.688519,23.92076,-0.364949,178
2020-02-11,2051213,80823893,25.911391,26.309518,25.579619,26.309518,2.388758,1012
2020-02-12,3427949,139603644,26.87353,27.503897,26.574935,27.138948,0.82943,2170
2020-02-13,1234750,50365385,26.939885,27.404365,26.773999,27.006239,-0.132709,744
2020-02-14,2867276,121416045,27.205302,28.499213,27.172125,28.167441,1.161202,2013
2020-02-17,955327,40535577,27.769315,28.466036,27.70296,28.399681,0.23224,679
2020-02-18,2087795,90614844,28.731453,29.461352,28.233795,28.598744,0.199063,1445
2020-02-19,2093621,93453564,29.030048,30.19125,28.598744,30.124896,1.526152,1539
2020-02-20,2027221,89863099,30.124896,30.390313,28.930516,29.394997,-0.729899,1397
2020-02-21,2025240,86337288,28.598744,28.598744,27.9352,28.001555,-1.393442,1421
2020-02-24,1013200,42806989,27.537074,28.598744,27.404365,27.9352,-0.066355,686
2020-02-25,715950,30118280,27.537074,28.233795,27.537074,28.001555,0.066355,521
2020-02-26,580300,24535545,27.868846,28.432858,27.669783,27.9352,-0.066355,445
2020-02-27,1024683,41867987,28.200618,28.266972,26.409049,26.508581,-1.426619,747
2020-03-02,593415,23205136,25.612797,26.475404,25.413733,26.276341,-0.23224,438
2020-03-03,703300,29049400,26.840353,27.802492,26.840353,27.138948,0.862607,551
2020-03-04,478200,19960550,27.138948,28.200618,27.138948,27.669783,0.530835,375
2020-03-05,662727,27631743,27.802492,28.067909,27.304834,27.338011,-0.331772,484
2020-03-06,433150,17497212,27.437543,27.47072,26.608113,26.64129,-0.696721,334
2020-03-09,613000,23965950,26.342695,26.508581,25.612797,25.612797,-1.028493,433
2020-03-10,500000,18919650,24.584304,25.745505,24.584304,25.745505,0.132708,357
2020-03-11,1262150,51207640,27.271657,27.47072,26.176809,26.209986,0.464481,837
2020-03-12,763000,28993450,25.612797,25.81186,24.683835,25.446911,-0.763075,535
2020-03-13,987000,35476050,23.456279,24.882898,23.389924,24.551126,-0.895785,587
2020-03-16,648735,23518394,24.75019,24.849721,23.356747,23.356747,-1.194379,425
2020-03-17,556379,19000572,22.228722,23.356747,22.228722,22.759558,-0.597189,333
2020-03-18,847031,28428823,23.356747,23.356747,21.532001,21.532001,-1.227557,439
2020-03-19,1040400,31420999,20.901635,21.100698,19.541369,19.740433,-1.791568,586
2020-03-20,416703,13462636,20.901635,21.697887,20.669394,21.366115,1.625682,312
2020-03-23,255000,7830050,19.906319,20.83528,19.906319,20.60304,-0.763075,186
2020-03-24,245730,8026047,21.233407,21.963305,21.233407,21.631533,1.028493,192
2020-03-25,503097,17119201,22.361431,22.892266,22.328254,22.361431,0.729898,339
2020-03-26,323428,10861327,22.427786,22.792735,21.764242,22.427786,0.066355,208
2020-03-27,414200,14155800,22.759558,22.958621,22.361431,22.460963,0.033177,266
2020-03-30,247524,8213716,21.797419,22.394608,21.565179,22.361431,-0.099532,189
2020-03-31,231050,7919380,22.693203,23.09133,22.49414,22.759558,0.398127,167
2020-04-01,161000,5531350,22.825912,22.958621,22.427786,22.892266,0.132708,135
2020-04-06,216150,7438584,22.958621,23.058152,22.527317,23.058152,0.165886,148
2020-04-07,427150,15113639,23.224038,23.655342,23.224038,23.55581,0.497658,262
2020-04-08,336450,12084811,23.55581,24.053468,23.489456,24.053468,0.497658,230
2020-04-09,312000,11282350,24.053468,24.252532,23.721696,23.953937,-0.099531,207
2020-04-10,636000,23644100,23.953937,25.21467,23.953937,25.21467,1.260733,391
2020-04-13,998350,36154019,24.153,24.451595,23.788051,23.92076,-1.29391,708
2020-04-14,929065,34502823,23.987114,25.347379,23.987114,24.882898,0.962138,539
2020-04-15,481040,18080200,24.882898,25.281025,24.650658,24.75019,-0.132708,301
2020-04-16,683164,26210637,24.484772,25.878214,24.352063,25.845037,1.094847,489
2020-04-17,982250,38733825,26.110455,26.87353,25.546442,25.878214,0.033177,661
2020-04-20,351050,13785174,25.878214,26.309518,25.679151,26.110455,0.232241,243
2020-04-21,585380,22445744,26.276341,26.276341,24.949253,25.081961,-1.028494,427
2020-04-22,322365,12076611,24.551126,25.347379,24.484772,25.181493,0.099532,225
2020-04-23,225119,8590472,25.579619,25.645974,25.048784,25.247847,0.066354,185
2020-04-24,1095000,43454000,25.247847,27.072593,25.247847,26.243163,0.995316,731
2020-04-27,486125,19516956,26.574935,27.039416,26.243163,26.674467,0.431304,338
2020-04-28,701526,28675320,26.87353,27.570251,26.674467,27.338011,0.663544,473
2020-04-29,631645,26199062,27.835669,27.835669,27.338011,27.636606,0.298595,378
2020-04-30,638587,26730974,27.802492,28.034732,27.537074,27.669783,0.033177,365
2020-05-04,220145,9055480,27.669783,27.669783,26.906707,27.537074,-0.132709,165
2020-05-05,388000,16103550,27.537074,27.9352,27.205302,27.570251,0.033177,241
2020-05-06,454385,19099416,27.70296,28.233795,27.636606,27.835669,0.265418,295
2020-05-07,346433,14627769,27.835669,28.167441,27.769315,28.167441,0.331772,242
2020-05-08,889895,38570711,28.366504,29.461352,28.233795,28.996871,0.82943,644
2020-05-11,2199983,101943718,31.518338,31.816933,30.058541,30.523022,1.526151,1321
2020-05-12,904145,42061215,30.323959,31.153389,30.290782,31.153389,0.630367,609
2020-05-13,4121433,203714454,31.053857,34.238868,30.622554,34.172514,3.019125,2419
2020-05-14,2599825,128323500,33.442615,33.774387,31.485161,31.85011,-2.322404,1811
2020-05-15,7477522,390955922,34.504286,35.035121,33.309907,33.840742,1.990632,3806
2020-05-18,2919287,152236616,34.437931,35.499602,33.50897,35.433247,1.592505,1927
2020-05-19,2283404,123891890,35.964082,36.760335,35.433247,35.831374,0.398127,1469
2020-05-20,1803619,98519572,36.362209,37.025753,35.63231,36.096791,0.265417,1137
2020-05-21,1761256,98093177,36.627626,37.88836,36.163146,36.893044,0.796253,1207
2020-05-22,1482830,82328231,37.29117,37.556588,36.163146,36.561272,-0.331772,1041
2020-05-25,1772165,95447943,36.826689,37.29117,35.035121,35.565956,-0.995316,1185
2020-05-26,1262030,68502054,36.030437,36.693981,35.565956,36.693981,1.128025,735
2020-05-27,5969820,356379315,37.224816,40.343472,37.158461,39.480865,2.786884,3451
2020-05-28,2274920,132894766,39.679928,40.0117,37.689297,38.419195,-1.06167,1560
2020-05-29,1088169,63059085,38.684613,39.082739,37.357525,39.082739,0.663544,773
2020-06-01,1100033,64885742,39.480865,39.679928,38.817321,39.082739,0.0,714
2020-06-02,3878868,228268255,40.144409,41.471497,36.826689,36.826689,-2.25605,2451
2020-06-03,1587103,89655033,37.490233,38.485549,36.893044,37.158461,0.331772,1063
2020-06-04,1905711,109695478,37.755651,38.883676,37.224816,38.551904,1.393443,1289
2020-06-05,988955,57566506,39.016385,39.215448,38.087423,38.352841,-0.199063,645
2020-06-08,694861,39913888,38.883676,38.883676,37.822005,37.88836,-0.464481,433
2020-06-09,935441,54529589,38.153777,39.149093,38.153777,38.352841,0.464481,657
2020-06-10,2578192,155158796,38.485549,42.002332,38.485549,42.002332,3.649491,1724
2020-06-11,3025576,182165192,40.60889,41.073371,38.883676,38.95003,-3.052302,2082
2020-06-12,1389699,79069527,37.158461,38.551904,36.627626,38.286486,-0.663544,943
2020-06-15,895107,51128210,38.419195,38.551904,37.490233,37.490233,-0.796253,626
2020-06-16,741512,42756991,38.419195,38.750967,37.822005,38.220132,0.729899,474
2020-06-17,524590,30172846,38.220132,38.618258,37.822005,37.954714,-0.265418,347
2020-06-18,753350,43916714,38.220132,39.414511,37.822005,38.883676,0.928962,532
2020-06-19,725100,42811369,39.348157,39.679928,38.750967,39.281802,0.398126,509
2020-06-22,802990,47960606,39.281802,40.210764,39.016385,39.348157,0.066355,538
2020-06-23,496900,29373650,39.746283,39.878992,38.817321,38.817321,-0.530836,366
2020-06-24,785451,46786122,39.016385,40.144409,38.817321,39.613574,0.796253,547
2020-06-29,790200,46300140,39.613574,39.679928,38.220132,38.618258,-0.995316,564
2020-06-30,569962,33530943,39.016385,39.480865,38.618258,39.348157,0.729899,385
2020-07-01,2972312,183292137,39.613574,41.935978,39.613574,40.476181,1.128024,2043
2020-07-02,3862896,253248010,40.675244,44.523799,40.542536,44.523799,4.047618,2325
2020-07-03,6692446,466871012,48.969544,48.969544,43.395775,44.059319,-0.46448,3644
2020-07-06,1451044,98240081,44.391091,45.651824,44.258382,45.120989,1.06167,998
2020-07-07,1230515,82656105,45.253698,45.718178,43.528483,44.590154,-0.530835,878
2020-07-08,1858213,129100351,45.187343,46.779849,45.120989,45.784533,1.194379,1231
2020-07-09,1132768,77883749,45.784533,46.779849,44.722863,45.320052,-0.464481,781
2020-07-10,1379780,94566360,45.784533,46.713494,43.793901,46.514431,1.194379,949
2020-07-13,3218183,242947899,49.301316,51.159239,48.505063,51.159239,4.644808,1696
2020-07-14,4524090,355277484,52.0882,53.680706,50.628404,51.557365,0.398126,2855
2020-07-15,2074193,156941642,51.557365,51.690074,48.770481,48.770481,-2.786884,1398
2020-07-16,2012025,152194600,49.102253,51.291948,48.836835,50.562049,1.791568,1411
2020-07-17,1607069,120072170,50.296632,50.761113,48.173291,49.102253,-1.459796,1154
2020-07-20,1508810,113205492,49.234961,51.424656,47.443393,51.424656,2.322403,1053
2020-07-21,3106826,245147647,51.491011,54.277895,50.562049,51.491011,0.066355,2213
2020-07-22,1534025,120716160,50.827467,53.28258,50.827467,52.353618,0.862607,1092
2020-07-23,1080863,85051815,51.955492,52.751744,51.690074,52.619036,0.265418,767
2020-07-24,1600102,125950479,52.68539,53.415288,51.358302,51.358302,-1.260734,1132
2020-07-27,1057130,81966004,51.955492,52.68539,50.827467,50.827467,-0.530835,752
2020-07-28,1278115,98515118,51.291948,52.154555,50.163923,51.092885,0.265418,795
2020-07-29,3177619,255984577,51.225593,55.074148,50.628404,55.074148,3.981263,2159
2020-07-30,3019426,250672884,53.946124,56.799363,53.614352,54.078832,-0.995316,2139
2020-07-31,945040,77718128,53.547997,55.604983,53.481643,55.40592,1.327088,750
2020-08-03,942402,78012563,55.40592,55.936755,54.145187,54.742376,-0.663544,707
2020-08-04,1911039,161791134,55.40592,57.06478,54.410604,57.06478,2.322404,1324
2020-08-05,1138115,97416684,56.998426,57.330198,56.401236,56.467591,-0.597189,801
2020-08-06,1054985,90729225,57.131135,58.192805,56.202173,56.334882,-0.132709,822
2020-08-07,1892395,165321724,56.666654,59.188121,56.666654,57.861033,1.526151,1299
2020-08-10,3323121,264821094,53.149871,54.34425,52.0882,52.0882,-5.772833,2299
2020-08-11,3712030,277082478,51.491011,52.021846,47.841519,48.438709,-3.649491,2440
2020-08-12,4329626,305581833,47.24433,48.770481,44.98828,48.637772,0.199063,2695
2020-08-13,1691856,121817071,48.770481,49.102253,47.177975,47.576102,-1.06167,1074
2020-08-14,720950,51828689,47.642456,48.637772,47.111621,47.443393,-0.132709,536
2020-08-17,737038,52850813,47.642456,48.239646,47.24433,47.443393,0.0,506
2020-08-18,860350,61784150,47.642456,48.571417,46.64714,48.306,0.862607,654
2020-08-19,1026995,73917741,48.704126,48.770481,47.177975,47.177975,-1.128025,644
2020-08-20,1992830,131588233,47.177975,47.177975,42.466813,42.466813,-4.711162,1293
2020-08-21,884620,60139314,43.793901,46.315368,43.661192,46.04995,3.583137,677
2020-08-24,689153,48001301,46.779849,46.912558,45.651824,45.718178,-0.331772,481
2020-08-25,710175,49459195,46.116305,46.912558,45.452761,46.249014,0.530836,495
2020-08-26,730190,50166068,46.799597,47.831941,46.524305,47.419004,1.16999,512
2020-08-27,2344965,168815345,48.244879,50.722505,47.969587,50.103098,2.684094,1665
2020-08-28,957671,68996812,49.277223,50.516036,48.933108,49.483692,-0.619406,621
2020-08-31,755414,54251501,49.621338,50.103098,48.657816,49.277223,-0.206469,493
2020-09-01,1233270,86125800,49.621338,49.758983,46.937243,47.419004,-1.858219,843
2020-09-02,939441,66731911,48.03841,49.896629,47.900764,48.864285,1.445281,633
2020-09-03,1047100,74102449,49.483692,49.965452,47.487827,47.969587,-0.894698,777
2020-09-04,917542,64232140,46.524305,49.001931,46.524305,48.176056,0.206469,578
2020-09-07,489400,34022660,48.382525,48.795462,46.799597,47.006066,-1.16999,359
2020-09-08,305547,20923939,47.212535,47.694295,46.799597,47.006066,0.0,213
2020-09-09,313665,21389318,46.661951,47.831941,46.249014,47.831941,0.825875,212
2020-09-10,3691700,274764500,51.754849,52.236609,49.827806,49.827806,1.995865,2490
2020-09-11,1306330,92951231,50.240744,50.240744,48.244879,48.382525,-1.445281,880
2020-09-14,453000,32063400,48.657816,49.2084,47.969587,48.726639,0.344114,323
2020-09-15,802217,57664436,48.795462,50.103098,48.795462,49.2084,0.481761,560
2020-09-16,3569913,267004475,50.240744,52.305432,50.240744,51.892494,2.684094,2367
2020-09-17,1716907,130358225,51.410734,53.131307,51.341911,51.754849,-0.137645,1231
2020-09-18,557125,41937761,51.54838,52.374255,51.273088,51.479557,-0.275292,408
2020-09-21,1277949,97177248,51.961317,52.856016,51.617203,52.236609,0.757052,865
2020-09-22,1364917,100399624,52.098963,52.098963,49.758983,50.309567,-1.927042,895
2020-09-23,520700,37793068,50.584859,50.928973,49.346046,49.69016,-0.619407,393
2020-09-24,1012655,70800026,48.864285,49.139577,47.487827,47.487827,-2.202333,700
2020-09-25,983094,66786625,47.487827,48.313702,44.734909,46.111368,-1.376459,701
2020-09-28,385150,26230630,46.661951,47.281358,46.180191,47.006066,0.894698,245
2020-09-29,332250,22553850,47.212535,47.419004,46.249014,46.593128,-0.412938,255
2020-09-30,251100,17202700,47.074889,47.625472,46.317837,47.625472,1.032344,204
2020-10-05,619950,43220284,47.625472,48.726639,47.350181,48.726639,1.101167,432
2020-10-06,500170,35650354,49.552515,49.552515,48.588994,48.864285,0.137646,409
2020-10-07,138785,9868635,48.864285,49.277223,48.657816,48.933108,0.068823,105
2020-10-08,537484,38707740,49.483692,50.103098,49.070754,49.483692,0.550584,378
2020-10-12,936500,68035100,50.240744,50.37839,49.2084,49.2084,-0.275292,521
2020-10-13,586365,42171399,49.001931,50.309567,48.657816,50.103098,0.894698,455
2020-10-14,405500,29544250,50.240744,50.584859,49.827806,49.896629,-0.206469,303
2020-10-15,415411,30293572,50.034275,50.791327,49.69016,49.69016,-0.206469,327
2020-10-16,760313,53933440,49.69016,49.827806,48.107233,48.176056,-1.514104,524
2020-10-19,304597,21571167,48.451348,49.070754,48.244879,49.001931,0.825875,211
2020-10-20,177000,12530000,48.933108,49.070754,48.382525,48.864285,-0.137646,155
2020-10-21,173533,12364935,48.864285,49.414869,48.588994,48.726639,-0.137646,139
2020-10-22,222200,15615339,48.864285,48.933108,48.03841,48.520171,-0.206468,187
2020-10-23,133000,9371900,48.726639,48.726639,48.313702,48.451348,-0.068823,101
2020-10-26,240602,16819485,48.382525,48.451348,47.900764,48.107233,-0.344115,180
2020-10-27,352025,24354835,47.969587,48.03841,47.281358,48.03841,-0.068823,235
2020-10-28,415200,28482110,47.831941,48.03841,46.799597,46.799597,-1.238813,286
2020-10-29,209650,14141515,45.767253,47.143712,45.767253,47.143712,0.344115,174
2020-10-30,247965,17019012,47.625472,48.03841,46.86842,46.86842,-0.275292,165
2020-11-02,269275,18179877,46.799597,47.006066,46.180191,46.86842,0.0,183
2020-11-03,163980,11322734,47.006066,47.763118,47.006066,47.487827,0.619407,149
2020-11-04,232070,16165730,47.694295,48.313702,47.419004,47.763118,0.275291,178
2020-11-05,174330,12141888,48.03841,48.313702,47.487827,48.03841,0.275292,126
2020-11-06,432101,30490050,48.244879,48.795462,48.244879,48.520171,0.481761,325
2020-11-09,1067750,76157075,49.483692,49.69016,48.520171,49.139577,0.619406,655
2020-11-10,2690784,197242875,49.965452,51.273088,49.896629,50.034275,0.894698,1744
2020-11-11,1208416,88876131,51.479557,51.479557,49.965452,50.447213,0.412938,782
2020-11-12,893368,65570051,50.791327,50.997796,49.965452,50.103098,-0.344115,598
2020-11-13,1155713,85408061,50.516036,51.135442,50.37839,51.135442,1.032344,786
2020-11-16,1188694,89500685,52.098963,52.374255,51.479557,51.617203,0.481761,832
2020-11-17,625613,46537067,51.961317,51.961317,50.791327,50.791327,-0.825876,398
2020-11-18,2718383,209485505,50.928973,54.507766,50.791327,53.681891,2.890564,1972
2020-11-19,7809004,642622231,54.783058,58.017736,54.714235,57.123038,3.441147,5570
2020-11-20,3560183,296940572,57.123038,58.705965,56.434808,56.778923,-0.344115,2569
2020-11-23,3341300,281564953,57.398329,59.05008,56.778923,58.361851,1.582928,2262
2020-11-24,2356854,196934422,58.499496,59.187726,56.365985,56.572454,-1.789397,1610
2020-11-25,1771306,144224649,57.191861,57.673621,55.195995,55.402464,-1.16999,1322
2020-11-26,879070,71509957,55.884225,56.572454,55.333641,56.021871,0.619407,674
2020-11-27,885596,72832426,56.365985,57.467152,55.677756,57.398329,1.376458,644
2020-11-30,1437181,118629901,57.811267,57.811267,56.297162,56.572454,-0.825875,984
2020-12-01,801528,65472667,57.054215,57.467152,55.677756,56.503631,-0.068823,613
2020-12-02,1066531,87937592,56.916569,57.604798,56.159517,56.641277,0.137646,767
2020-12-03,1709352,142954814,56.847746,58.843611,56.434808,58.705965,2.064688,1249
2020-12-04,6122001,528722298,59.944778,62.284758,57.398329,57.467152,-1.238813,4261
2020-12-07,1488159,122081068,57.604798,57.811267,55.815402,55.953048,-1.514104,1030
2020-12-08,482891,39708443,56.22834,56.985392,56.159517,56.847746,0.894698,376
2020-12-09,1185082,96883401,56.847746,57.123038,55.815402,55.884225,-0.963521,802
2020-12-10,957497,77190189,55.884225,56.7101,54.37012,54.783058,-1.101167,748
2020-12-11,1742044,135678810,54.507766,55.264818,52.374255,53.681891,-1.101167,1254
2020-12-14,520996,41110228,53.750714,55.127173,53.20013,54.301297,0.619406,407
2020-12-15,564838,43776156,54.301297,54.507766,52.71837,53.062484,-1.238813,427
2020-12-16,490225,38155070,53.613068,53.88836,53.337776,53.475422,0.412938,319
2020-12-17,572300,44601920,53.681891,54.026006,53.337776,53.337776,-0.137646,387
2020-12-18,643500,49466654,53.613068,53.750714,52.374255,52.374255,-0.963521,514
2020-12-21,428370,32606112,52.924839,52.924839,51.754849,52.580724,0.206469,285
2020-12-22,590786,45030917,52.924839,53.337776,51.617203,51.617203,-0.963521,422
2020-12-23,343736,25936226,51.617203,52.305432,51.617203,51.892494,0.275291,255
2020-12-24,390610,29894646,52.167786,52.993661,52.167786,52.580724,0.68823,265
2020-12-25,358473,27599029,52.993661,53.268953,52.511901,52.787193,0.206469,286
2020-12-28,971995,76576228,53.268953,55.05835,53.062484,54.37012,1.582927,712
2020-12-29,455031,35554108,54.232474,54.645412,53.406599,53.819537,-0.550583,379
2020-12-30,263575,20614353,53.819537,54.163651,53.475422,53.750714,-0.068823,191
2020-12-31,420266,33195184,54.026006,54.920704,53.750714,54.37012,0.619406,340
2021-01-04,772544,62534896,54.783058,56.365985,54.576589,55.746579,1.376459,604
2021-01-05,450580,36143405,55.953048,56.090694,54.714235,54.989527,-0.757052,362
2021-01-06,711636,55816276,54.989527,55.195995,53.131307,53.337776,-1.651751,567
2021-01-07,331515,26081886,54.026006,54.714235,53.406599,54.094828,0.757052,241
2021-01-08,670728,53338193,54.920704,55.195995,54.301297,54.714235,0.619407,468
2021-01-11,3927153,329303983,57.123038,58.774788,56.297162,58.155382,3.441147,2648
2021-01-12,1734020,143345089,57.88009,58.430673,55.608933,55.746579,-2.408803,1200
2021-01-13,755718,61853117,57.123038,57.123038,55.815402,55.953048,0.206469,527
2021-01-14,755347,61111189,55.884225,56.365985,55.264818,55.471287,-0.481761,553
2021-01-15,1112070,88089438,55.815402,56.021871,53.750714,53.750714,-1.720573,818
2021-01-18,583960,45121965,53.750714,54.507766,52.03014,54.507766,0.757052,450
2021-01-19,379234,29989082,54.783058,54.989527,54.026006,54.026006,-0.48176,297
2021-01-20,616796,47652039,53.750714,54.094828,52.649547,52.649547,-1.376459,477
2021-01-21,444950,34396266,52.649547,54.026006,52.649547,52.856016,0.206469,314
2021-01-22,320496,24956191,53.062484,54.026006,53.062484,53.681891,0.825875,212
2021-01-25,722769,57530019,53.406599,56.090694,53.337776,55.54011,1.858219,544
2021-01-26,567081,45385645,55.608933,55.953048,54.163651,54.37012,-1.16999,410
2021-01-27,1226182,100042565,54.714235,57.260684,54.37012,56.641277,2.271157,920
2021-01-28,883586,71062824,55.471287,56.021871,54.576589,55.195995,-1.445282,691
2021-01-29,598891,47776642,55.333641,55.953048,53.88836,54.37012,-0.825875,455
2021-02-01,505393,39208030,53.88836,54.37012,52.856016,53.337776,-1.032344,395
2021-02-02,250250,19525565,53.337776,53.957183,53.337776,53.475422,0.137646,193
2021-02-03,384175,30405092,53.750714,55.264818,53.681891,54.232474,0.757052,251
2021-02-04,486752,38848440,54.232474,55.264818,54.094828,54.989527,0.757053,358
2021-02-05,513675,41192030,55.608933,55.677756,54.783058,54.920704,-0.068823,359
2021-02-17,2323400,196150651,58.499496,58.843611,57.467152,58.086559,3.165855,1403
2021-02-18,4760599,419711246,58.017736,63.523571,58.017736,60.977122,2.890563,3162
2021-02-19,3839935,353366640,61.596529,65.38179,60.564185,65.175321,4.198199,2887
2021-02-22,2936583,278603516,66.001197,66.964718,63.798863,66.276488,1.101167,2170
2021-02-23,4073294,420386327,65.312967,72.608199,63.73004,72.608199,6.331711,2141
2021-02-24,8099298,886932843,76.39346,78.802263,71.919969,73.296428,0.688229,5236
2021-02-25,4960757,545409846,76.049345,78.114033,72.608199,72.952313,-0.344115,3086
2021-02-26,5179201,564233012,70.887625,79.834607,69.511166,77.081689,4.129376,3531
2021-03-02,6382165,690950013,80.522836,80.522836,69.511166,69.511166,-7.570523,4619
2021-03-03,2595761,257380851,69.511166,70.887625,66.138842,67.308832,-2.202334,2039
2021-03-04,2093048,208434698,67.997062,70.199396,67.308832,67.446478,0.137646,1629
2021-03-05,1542329,148834531,66.414134,67.997062,65.312967,65.38179,-2.064688,1232
2021-03-08,1932599,181716157,66.345311,66.964718,63.179456,64.2118,-1.16999,1483
2021-03-09,1460323,137654379,64.2118,66.414134,62.904164,65.519436,1.307636,1185
2021-03-10,2275028,214291280,64.418269,66.414134,63.317102,65.244144,-0.275292,1533
2021-03-11,1585841,154462978,65.450613,67.928239,65.450613,67.446478,2.202334,1220
2021-03-12,2469830,245545600,67.446478,70.887625,66.758249,70.54351,3.097032,1816
2021-03-15,4577185,488836210,72.608199,76.737575,70.199396,75.017001,4.473491,3414
2021-03-16,3481029,385289523,75.017001,78.114033,73.640543,77.081689,2.064688,2679
2021-03-17,2345591,260426640,76.39346,78.458148,74.672887,75.361116,-1.720573,1615
2021-03-18,3806802,436608436,76.39346,80.522836,76.049345,78.114033,2.752917,2560
2021-03-19,1974076,225726680,77.081689,80.522836,76.049345,79.834607,1.720574,1436
2021-03-22,4470353,554549768,81.211066,87.749245,80.866951,87.749245,7.914638,2788
2021-03-23,4393606,520072672,83.275754,84.652212,79.146378,79.146378,-8.602867,2768
2021-03-24,4335243,476994278,75.017001,78.114033,73.296428,74.672887,-4.473491,3005
2021-03-25,2259345,246895298,75.705231,77.081689,73.640543,74.672887,0.0,1508
2021-03-26,2025526,218249220,75.361116,76.049345,72.264084,76.049345,1.376458,1391
2021-03-29,1871797,210843521,76.39346,79.490492,75.705231,79.146378,3.097033,1372
2021-03-30,2904870,344271778,79.146378,83.275754,79.146378,82.931639,3.785261,2067
2021-03-31,2242041,266555104,82.587524,84.308098,80.178722,80.178722,-2.752917,1654
2021-04-01,2228042,268552781,81.211066,84.652212,81.211066,83.275754,3.097032,1553
2021-04-06,2245713,282122599,84.652212,88.781589,84.652212,86.372786,3.097032,1762
2021-04-07,1334708,164434451,86.372786,87.061015,83.619868,84.308098,-2.064688,1024
2021-04-08,2181053,278533287,85.340442,90.502162,84.652212,88.781589,4.473491,1645
2021-04-09,1830317,230041253,88.781589,88.781589,84.652212,86.716901,-2.064688,1469
2021-04-12,2570437,309077561,84.652212,85.340442,80.522836,80.522836,-6.194065,2014
2021-04-13,1241425,148584680,81.211066,83.619868,80.522836,80.522836,0.0,951
2021-04-14,2200121,253679027,82.24341,83.619868,75.017001,81.211066,0.68823,1615
2021-04-15,802746,95594748,82.931639,82.931639,80.866951,82.587524,1.376458,580
2021-04-16,813659,96970010,84.308098,84.308098,80.522836,81.211066,-1.376458,644
2021-04-19,1046562,120829838,81.55518,81.899295,78.114033,78.458148,-2.752918,826
2021-04-20,524302,60836466,78.458148,80.866951,78.458148,79.490492,1.032344,479
2021-04-21,577352,67004208,79.490492,81.211066,78.802263,79.490492,0.0,460
2021-04-22,1097473,125290119,81.211066,81.211066,76.737575,76.737575,-2.752917,846
2021-04-23,626102,71362005,77.081689,80.178722,76.39346,80.178722,3.441147,515
2021-04-26,1174961,138278557,81.899295,82.587524,79.146378,80.178722,0.0,786
2021-04-27,610159,71326322,80.522836,81.899295,79.146378,80.178722,0.0,517
2021-04-28,802133,91545260,80.178722,80.178722,77.425804,77.425804,-2.752918,656
2021-04-29,561488,63428717,77.769919,79.146378,76.737575,78.114033,0.688229,426
2021-05-03,1231260,134710706,78.114033,78.802263,73.640543,73.984657,-4.129376,818
2021-05-04,1902506,200434135,73.640543,77.081689,68.203531,76.049345,2.064688,1228
2021-05-05,934631,98939662,75.017001,75.361116,70.199396,71.23174,-4.817605,830
2021-05-06,2859778,318417486,75.017001,78.114033,72.608199,75.017001,3.785261,1423
2021-05-07,1250037,140802305,74.328772,79.490492,74.328772,79.146378,4.129377,933
2021-05-10,1298728,147702054,79.834607,80.178722,76.049345,79.146378,0.0,1046
2021-05-11,1603971,172264742,77.081689,78.458148,71.23174,71.575854,-7.570524,1295
2021-05-12,2581159,256797659,71.575854,74.328772,64.487092,67.171186,-4.404668,1696
2021-05-13,3274784,336046707,64.074154,73.296428,64.005331,69.855281,2.684095,1925
2021-05-14,3264500,335242897,71.23174,73.640543,67.515301,68.754114,-1.101167,2037
2021-05-17,1652465,153425641,62.422404,67.308832,62.147112,62.56005,-6.194064,1026
2021-05-18,2962421,291848261,64.831207,68.754114,64.005331,68.685291,6.125241,1595
2021-05-19,2378604,242073595,68.203531,71.575854,67.377655,70.199396,1.514105,1346
2021-05-20,2033230,205791959,70.199396,72.264084,67.515301,67.515301,-2.684095,1122
2021-05-21,773711,77278544,68.272353,69.855281,67.652947,68.478822,0.963521,472
2021-05-24,541651,54500995,68.203531,70.199396,67.997062,68.822937,0.344115,404
2021-05-25,1175213,122222637,70.199396,73.296428,69.855281,72.264084,3.441147,830
2021-05-26,1151460,119257921,71.23174,72.608199,70.199396,71.575854,-0.68823,650
2021-05-27,477798,49646854,71.575854,72.608199,70.54351,71.575854,0.0,335
2021-05-28,498983,52471609,72.608199,72.952313,71.575854,71.919969,0.344115,372
2021-05-31,1216411,130455118,72.952313,74.672887,72.264084,72.952313,1.032344,766
2021-06-01,787228,84860082,73.296428,75.017001,73.296428,73.984657,1.032344,509
2021-06-02,988064,103810629,74.328772,74.328772,70.54351,71.23174,-2.752917,689
2021-06-03,765370,80314705,71.919969,73.296428,70.199396,72.608199,1.376459,510
2021-06-04,920115,97276197,71.23174,73.984657,70.887625,73.296428,0.688229,484
2021-06-07,1440897,153632533,73.640543,75.017001,71.23174,72.264084,-1.032344,811
2021-06-08,237514,24950820,72.264084,72.952313,71.919969,72.264084,0.0,190
2021-06-09,508521,53720390,71.919969,73.640543,71.575854,73.296428,1.032344,330
2021-06-10,5340815,606548411,76.049345,80.522836,75.361116,76.737575,3.441147,2719
2021-06-11,2114511,236825166,77.081689,78.458148,75.705231,76.737575,0.0,1364
2021-06-15,856330,95556779,76.049345,77.769919,76.049345,76.737575,0.0,543
2021-06-16,1027761,114991020,77.081689,78.114033,76.39346,76.737575,0.0,571
2021-06-17,910350,102380973,76.39346,78.114033,76.39346,77.769919,1.032344,552
2021-06-18,887072,100050727,77.769919,78.458148,76.737575,76.737575,-1.032344,519
2021-06-21,951513,103268361,75.361116,76.737575,73.640543,73.640543,-3.097032,722
2021-06-22,452262,48525923,75.017001,75.361116,73.296428,73.296428,-0.344115,338
2021-06-23,926126,99688353,74.328772,75.017001,73.296428,73.984657,0.688229,447
2021-06-24,401526,42927523,73.984657,74.672887,72.952313,73.296428,-0.688229,297
2021-06-25,549643,58646673,73.640543,73.984657,72.952313,73.296428,0.0,378
2021-06-28,787053,85891678,73.296428,76.737575,73.296428,75.705231,2.408803,611
2021-06-29,653710,70644563,76.39346,76.737575,73.296428,73.296428,-2.408803,521
2021-06-30,2828408,318833953,73.984657,79.490492,73.296428,77.769919,4.473491,1998
2021-07-01,1169251,129748285,78.458148,78.458148,75.017001,75.361116,-2.408803,915
2021-07-02,538752,59235509,76.39346,76.737575,74.328772,75.361116,0.0,406
2021-07-05,4047393,476181007,76.049345,82.587524,76.049345,82.24341,6.882294,2836
2021-07-06,2283629,263441125,81.55518,81.899295,78.114033,78.458148,-3.785262,1782
2021-07-07,932976,107039042,79.146378,79.834607,78.114033,79.490492,1.032344,671
2021-07-08,568494,65622276,80.178722,80.178722,78.802263,79.146378,-0.344114,437
2021-07-09,982860,114024629,78.802263,81.899295,78.458148,80.522836,1.376458,774
2021-07-12,3933246,418522503,76.049345,76.049345,72.608199,72.608199,-7.914637,2932
2021-07-13,1901478,197369596,72.264084,73.640543,69.167052,69.511166,-3.097033,1482
2021-07-14,791433,79215987,69.855281,70.54351,67.859416,68.822937,-0.688229,662
2021-07-15,469118,47024845,68.822937,69.855281,68.272353,69.167052,0.344115,355
2021-07-16,703659,72533820,69.511166,71.919969,68.822937,70.199396,1.032344,531
2021-07-19,544423,55609623,69.855281,72.264084,68.822937,70.887625,0.688229,441
2021-07-20,431367,44001349,70.54351,71.575854,69.167052,69.511166,-1.376459,361
2021-07-21,512722,52351872,70.54351,71.23174,69.511166,69.855281,0.344115,400
2021-07-22,463614,48323433,70.887625,72.608199,70.887625,71.575854,1.720573,377
2021-07-23,332080,34692416,71.575854,72.952313,71.23174,71.575854,0.0,234
2021-07-26,309683,32593301,71.919969,72.952313,71.919969,72.608199,1.032345,255
2021-07-27,311910,32471972,72.608199,72.952313,70.887625,70.887625,-1.720574,265
2021-07-28,451676,45527409,71.575854,71.575854,68.341176,70.199396,-0.688229,398
2021-07-29,771544,80799126,70.54351,72.608199,70.54351,71.23174,1.032344,407
2021-07-30,813545,84710160,71.23174,72.264084,70.199396,70.54351,-0.68823,455
2021-08-02,969809,100662329,70.887625,72.264084,70.199396,70.54351,0.0,387
2021-08-03,158527,16381556,70.54351,71.575854,70.54351,71.575854,1.032344,132
2021-08-04,324863,33610914,71.575854,71.919969,70.887625,71.23174,-0.344114,237
2021-08-05,492991,51404435,71.575854,72.264084,71.23174,71.919969,0.688229,402
2021-08-06,454171,45483234,72.642783,73.00419,71.630844,73.00419,1.084221,341
2021-08-09,329981,32784246,72.642783,72.642783,71.486281,71.630844,-1.373346,317
2021-08-10,261879,25903176,72.642783,72.642783,70.835748,71.197155,-0.433689,214
2021-08-11,454303,45136234,72.281376,73.00419,70.112935,70.546623,-0.650532,351
2021-08-12,261271,25507659,70.546623,71.486281,70.112935,70.112935,-0.433688,212
2021-08-13,349858,33855870,70.474342,70.980311,68.089056,69.028714,-1.084221,251
2021-08-16,481901,45103114,68.739589,69.173277,65.776052,69.028714,0.0,337
2021-08-17,296592,27724973,68.884151,69.100995,66.498866,66.71571,-2.313004,239
2021-08-18,468702,43121303,65.776052,68.884151,65.053238,68.450463,1.734753,374
2021-08-19,188497,17471632,68.016775,68.3059,66.20974,66.20974,-2.240723,168
2021-08-20,218209,19970620,66.498866,67.22168,65.414645,65.631489,-0.578251,185
2021-08-23,309632,29030976,66.137459,68.956433,66.137459,68.522744,2.891255,233
2021-08-24,268469,25683585,68.956433,69.751528,68.81187,69.245558,0.722814,187
2021-08-25,588643,58203326,69.462402,73.00419,69.462402,71.269437,2.023879,460
2021-08-26,133773,13171127,71.414,71.847688,70.835748,70.835748,-0.433689,130
2021-08-27,190158,18626330,70.546623,71.703125,70.257497,70.257497,-0.578251,162
2021-08-30,173102,16808924,70.329779,71.124874,69.896091,69.896091,-0.361406,121
2021-08-31,253950,24388584,69.606965,70.185216,68.956433,69.534684,-0.361407,159
2021-09-01,182571,17821896,69.679246,71.197155,69.679246,70.40206,0.867376,160
2021-09-02,136200,13299709,70.474342,71.414,69.896091,70.546623,0.144563,122
2021-09-03,316080,31202574,70.835748,71.919969,70.474342,70.474342,-0.072281,246
2021-09-06,302720,29119568,70.474342,71.124874,68.016775,68.016775,-2.457567,228
2021-09-07,214820,20145400,68.016775,68.667307,67.22168,67.22168,-0.795095,192
2021-09-08,285064,26087146,67.366242,67.366242,65.486927,65.486927,-1.734753,267
2021-09-09,116446,10708199,65.631489,67.004836,65.631489,67.004836,1.517909,104
2021-09-10,1064046,95108522,65.920615,66.426585,63.896736,63.896736,-3.1081,836
2021-09-13,655639,56554849,63.896736,63.896736,61.43917,62.017421,-1.879315,545
2021-09-14,353830,30928505,62.667953,63.969018,62.306546,63.173923,1.156502,259
2021-09-15,176830,15384733,63.824455,63.824455,62.378828,63.02936,-0.144563,122
2021-09-16,237996,20698525,63.02936,63.53533,62.234265,62.957079,-0.072281,197
2021-09-17,182859,16108703,63.463048,64.041299,63.246204,63.969018,1.011939,126
2021-09-22,123495,10723673,63.173923,63.246204,62.52339,62.812516,-1.156502,113
2021-09-23,63255,5557445,62.957079,63.896736,62.957079,63.463048,0.650532,57
2021-09-24,156197,13790133,63.607611,64.041299,63.53533,63.752174,0.289126,116
2021-09-27,101390,8970962,63.752174,64.330425,63.53533,63.53533,-0.216844,95
2021-09-28,197128,16989097,63.318485,63.318485,61.511451,62.161983,-1.373347,175
2021-09-29,355271,29753968,61.294607,61.294607,59.993542,60.210386,-1.951597,323
2021-09-30,281327,23192912,60.354949,61.077763,58.83704,59.848979,-0.361407,247
2021-10-01,340302,27499244,59.776698,59.776698,57.752819,57.897382,-1.951597,314
2021-10-04,399770,31130996,57.897382,58.041945,55.512097,55.512097,-2.385285,356
2021-10-05,280682,21514562,54.211032,57.608257,53.488218,56.74088,1.228783,225
2021-10-06,159495,12628597,57.535975,57.825101,56.813162,56.957724,0.216844,171
2021-10-07,213556,17408902,57.680538,59.632135,57.680538,59.270728,2.313004,181
2021-10-08,131527,10740432,59.270728,60.210386,58.186508,58.475633,-0.795095,128
2021-10-12,894495,65859829,53.488218,54.717002,52.693123,52.982249,-5.493384,677
2021-10-13,459827,32953188,52.909967,53.488218,50.669245,51.319777,-1.662472,416
2021-10-14,231972,16725524,51.319777,53.05453,51.247496,52.765404,1.445627,210
2021-10-15,163267,12029647,53.343655,53.705062,52.837686,52.982249,0.216845,139
2021-10-18,116737,8512625,53.632781,53.632781,51.970309,52.403998,-0.578251,113
2021-10-19,223730,16506028,52.909967,53.849625,52.54856,53.415937,1.011939,192
2021-10-20,145634,10874253,53.849625,54.355595,53.632781,53.921907,0.50597,133
2021-10-21,260171,19922437,54.211032,56.018066,54.211032,54.933846,1.011939,235
2021-10-22,433222,34101025,55.006127,58.475633,54.64472,57.680538,2.746692,574
2021-10-25,170381,13558694,58.764759,58.764759,56.813162,57.391413,-0.289125,235
2021-10-26,187951,14802581,57.391413,58.041945,56.524036,56.524036,-0.867377,211
2021-10-27,103624,8200684,56.668599,57.608257,56.234911,57.174568,0.650532,104
2021-10-28,216953,17438254,57.463694,58.620196,57.24685,58.33107,1.156502,181
2021-10-29,163360,13065946,58.114226,58.909321,57.463694,57.463694,-0.867376,306
2021-11-01,152162,12286341,57.535975,58.909321,57.535975,58.547915,1.084221,218
2021-11-02,204586,16616784,58.692477,59.776698,57.608257,58.186508,-0.361407,245
2021-11-03,117640,9543935,58.403352,59.270728,58.258789,58.909321,0.722813,161
2021-11-04,114590,9372781,58.981603,59.776698,58.692477,58.909321,0.0,185
2021-11-05,227992,18841094,59.632135,60.354949,59.053884,60.065823,1.156502,268
2021-11-08,305211,25375034,60.138105,60.788637,59.34301,59.34301,-0.722813,468
2021-11-09,232985,19151080,59.34301,60.571793,58.909321,59.053884,-0.289126,338
2021-11-10,365607,29395322,58.620196,58.620196,57.825101,57.897382,-1.156502,294
2021-11-11,213913,17296584,57.102287,58.909321,57.102287,58.403352,0.50597,190
2021-11-12,170409,13908435,58.403352,59.487572,58.403352,58.547915,0.144563,152
2021-11-15,398975,33467977,59.270728,61.294607,59.270728,61.222325,2.67441,362
2021-11-16,210734,17653658,61.366888,61.800576,59.559854,60.138105,-1.08422,185
2021-11-17,207894,17303791,60.138105,61.077763,59.632135,59.993542,-0.144563,434
2021-11-18,178774,14694147,59.993542,60.210386,59.198447,59.270728,-0.722814,309
2021-11-19,115944,9593444,59.776698,60.571793,59.270728,59.632135,0.361407,111
2021-11-22,237261,19996221,59.34301,61.511451,59.34301,61.511451,1.879316,228
2021-11-23,166482,13970213,60.644074,61.366888,60.210386,60.42723,-1.084221,221
2021-11-24,172717,14631682,60.42723,61.728295,60.42723,61.43917,1.01194,153
2021-11-25,378542,32899039,61.43917,63.969018,60.9332,62.884797,1.445627,390
2021-11-26,348639,29463809,63.02936,63.390767,60.065823,60.644074,-2.240723,734
2021-11-29,232545,19081333,59.993542,60.210386,58.403352,59.126166,-1.517908,240
2021-11-30,132516,11110993,59.993542,61.077763,59.848979,60.354949,1.228783,138
2021-12-01,206571,17264650,60.354949,61.366888,59.632135,61.150044,0.795095,227
2021-12-02,273686,22771274,60.860919,61.43917,59.270728,59.993542,-1.156502,818
2021-12-03,116860,9731769,59.993542,60.788637,59.776698,60.716356,0.722814,156
2021-12-06,98865,8310782,60.499512,61.366888,60.354949,60.716356,0.0,169
2021-12-07,170941,14489945,60.716356,61.872858,60.716356,61.077763,0.361407,148
2021-12-08,142110,12035276,61.800576,61.945139,60.571793,60.571793,-0.50597,165
2021-12-09,112275,9404375,60.571793,61.43917,60.138105,60.138105,-0.433688,96
2021-12-10,97107,8104981,60.354949,61.150044,60.065823,60.138105,0.0,93
2021-12-13,85550,7109030,60.499512,60.499512,59.848979,60.138105,0.0,89
2021-12-14,196392,16117062,60.210386,60.354949,58.909321,59.053884,-1.084221,222
2021-12-15,114509,9453893,59.053884,60.210386,59.053884,59.848979,0.795095,106
2021-12-16,261302,22132637,60.282668,61.872858,60.282668,61.222325,1.373346,331
2021-12-17,102543,8597429,60.788637,61.800576,60.065823,60.282668,-0.939657,152
2021-12-20,122715,10139344,60.716356,60.716356,59.487572,59.559854,-0.722814,104
2021-12-21,66229,5483203,59.704417,60.282668,59.559854,59.993542,0.433688,53
2021-12-22,239875,20335015,60.354949,61.800576,60.354949,61.294607,1.301065,234
2021-12-23,180051,15295059,61.43917,61.800576,60.788637,61.005481,-0.289126,217
2021-12-24,112341,9496930,61.150044,61.583732,60.716356,60.716356,-0.289125,144
2021-12-27,107546,9068667,60.788637,61.43917,60.571793,61.005481,0.289125,202
2021-12-28,135461,11529613,61.366888,62.161983,61.150044,61.222325,0.216844,244
2021-12-29,101664,8652226,61.366888,61.872858,61.294607,61.43917,0.216845,296
2021-12-30,175798,14995251,61.945139,62.017421,61.294607,61.800576,0.361406,175
2022-01-03,277997,24122779,62.017421,63.173923,62.017421,62.306546,0.50597,449
2022-01-04,231131,20117125,62.306546,63.318485,62.306546,62.884797,0.578251,381
2022-01-05,286445,25124114,63.390767,64.691832,62.378828,62.378828,-0.505969,557
2022-01-06,199877,17044992,61.800576,62.234265,61.43917,61.656014,-0.722814,539
2022-01-07,209774,17657342,61.656014,61.945139,60.499512,60.644074,-1.01194,198
2022-01-10,140643,11709971,59.993542,61.077763,59.704417,60.282668,-0.361406,118
2022-01-11,1220610,93913524,56.596317,57.102287,54.933846,55.078409,-5.204259,1057
2022-01-12,371115,28173552,55.078409,55.65666,54.500158,54.500158,-0.578251,365
2022-01-13,362528,27104192,54.427876,54.64472,53.632781,54.066469,-0.433689,287
2022-01-14,302462,22228292,53.849625,54.138751,52.693123,53.488218,-0.578251,287
2022-01-17,167286,12325537,53.488218,53.5605,52.909967,53.415937,-0.072281,165
2022-01-18,124880,9332667,53.777344,54.717002,53.632781,53.849625,0.433688,129
2022-01-19,141127,10614104,53.849625,54.789283,53.849625,54.355595,0.50597,147
2022-01-20,106312,8048175,54.427876,55.15069,54.427876,54.933846,0.578251,188
2022-01-21,168515,12538238,53.415937,54.572439,53.415937,53.632781,-1.301065,193
2022-01-24,158959,11635784,54.211032,54.211032,52.114872,53.632781,0.0,163
2022-01-25,102845,7568538,53.632781,53.849625,52.765404,53.849625,0.216844,111
2022-01-26,200690,15182081,54.572439,55.367534,54.066469,54.572439,0.722814,190
2022-02-07,116978,8903648,55.512097,55.512097,54.64472,55.006127,0.433688,112
2022-02-08,90879,6966287,55.512097,55.801222,55.078409,55.512097,0.50597,179
2022-02-09,147526,11371120,55.945785,55.945785,55.367534,55.65666,0.144563,161
2022-02-10,116873,9020763,56.090348,56.090348,55.65666,55.728941,0.072281,139
2022-02-11,203539,15562131,55.295253,55.945785,55.006127,55.006127,-0.722814,195
2022-02-14,584901,41840824,53.126811,53.126811,51.392058,51.608902,-3.397225,551
2022-02-15,290545,20682477,51.392058,51.898028,51.319777,51.536621,-0.072281,230
2022-02-16,163695,11752162,52.042591,52.259435,51.681184,51.753465,0.216844,140
2022-02-17,134007,9636516,51.753465,52.331716,51.753465,51.825747,0.072282,144
2022-02-18,223643,15921888,51.681184,51.970309,51.319777,51.536621,-0.289126,212
2022-02-21,104862,7506116,51.536621,52.331716,51.46434,52.042591,0.50597,104
2022-02-22,108408,7753085,52.187153,52.259435,51.392058,51.898028,-0.144563,105
2022-02-23,103659,7407432,51.970309,52.187153,51.46434,51.536621,-0.361407,120
2022-02-24,306948,21571220,51.608902,51.608902,50.235556,50.307838,-1.228783,248
2022-02-25,102626,7206892,50.380119,51.102933,50.380119,51.030651,0.722813,117
2022-03-01,75570,5421842,51.319777,52.259435,51.319777,51.753465,0.722814,80
2022-03-02,97187,6923124,51.753465,51.970309,51.030651,51.46434,-0.289125,98
2022-03-03,106395,7571270,51.681184,51.898028,51.319777,51.319777,-0.144563,98
2022-03-04,188122,13198364,51.392058,51.392058,50.4524,50.596963,-0.722814,155
2022-03-07,234644,15994883,51.175214,51.175214,48.573085,49.512743,-1.08422,211
2022-03-08,196692,13257819,49.151336,49.729587,48.211678,48.428522,-1.084221,181
2022-03-09,217654,14540126,48.789929,49.151336,47.994834,48.428522,0.0,219
2022-03-10,236574,16252646,49.151336,50.235556,49.151336,49.657305,1.228783,211
2022-03-11,1132241,71715348,46.260081,46.982894,45.031297,45.68183,-3.975475,931
2022-03-14,403426,25109991,45.537267,45.898674,44.742172,45.103579,-0.578251,345
2022-03-15,350655,21841006,44.959016,45.464986,44.453046,45.17586,0.072281,267
2022-03-16,365466,23023742,45.392704,46.404643,44.814453,46.404643,1.228783,290
2022-03-17,2199364,149862450,49.151336,50.596963,47.705708,49.223617,2.818974,1595
2022-03-18,355640,23871614,49.006773,49.006773,48.283959,48.428522,-0.795095,315
2022-03-21,212432,14176158,48.500803,48.789929,47.705708,48.067115,-0.361407,192
2022-03-22,300108,20252520,48.211678,49.440461,48.139396,49.151336,1.084221,255
2022-03-23,1663225,108085092,48.356241,48.645366,46.476925,46.476925,-2.674411,1278
2022-03-24,714528,45066933,45.970955,46.115518,45.320423,45.537267,-0.939658,603
2022-03-25,428968,27088570,45.970955,46.043237,45.392704,45.392704,-0.144563,371
2022-03-28,354887,22061912,45.537267,45.537267,44.814453,44.959016,-0.433688,316
2022-03-29,371148,23074894,45.17586,45.320423,44.742172,44.742172,-0.216844,302
2022-03-30,383134,23942388,45.031297,45.537267,44.886735,45.320423,0.578251,324
2022-03-31,328092,20410396,45.320423,45.464986,44.742172,44.742172,-0.578251,291
2022-04-01,475016,29166212,44.453046,44.742172,44.163921,44.308483,-0.433689,402
2022-04-06,626748,37688792,44.163921,44.163921,43.151981,43.368826,-0.939657,579
2022-04-07,547331,32347701,43.0797,43.0797,42.356886,42.356886,-1.01194,523
2022-04-08,758049,43997936,42.501449,43.007419,41.417228,41.417228,-0.939658,616
2022-04-11,732349,40422210,41.417228,41.417228,39.176506,39.248787,-2.168441,736
2022-04-12,255445,14028344,39.248787,40.188445,39.031943,39.537913,0.289126,238
2022-04-13,284963,16055218,39.89932,41.344947,39.89932,41.055822,1.517909,277
2022-04-14,204504,11781783,41.706354,41.850917,41.272666,41.634073,0.578251,219
2022-04-15,201438,11366905,41.200384,41.200384,40.549852,40.766696,-0.867377,186
2022-04-18,246842,13991503,40.694415,41.48951,40.188445,41.200384,0.433688,176
2022-04-19,171873,9887358,41.200384,41.923198,41.200384,41.344947,0.144563,173
2022-04-20,78610,4500614,41.48951,41.706354,41.055822,41.417228,0.072281,79
2022-04-21,119222,6900701,41.48951,42.140042,41.48951,41.561791,0.144563,136
2022-04-22,104319,5943053,41.48951,41.48951,40.98354,41.055822,-0.505969,89
2022-04-25,234921,12824830,39.754757,40.477571,39.104224,39.465631,-1.590191,223
2022-04-26,88231,4820833,39.754757,39.754757,39.321069,39.321069,-0.144562,98
2022-04-27,235538,12460301,38.381411,38.670536,37.947722,38.236848,-1.084221,217
2022-04-28,156620,8412537,38.381411,39.248787,37.947722,39.104224,0.867376,140
2022-04-29,75404,4113122,39.537913,39.971601,39.104224,39.248787,0.144563,81
2022-05-03,51993,2806721,39.248787,39.248787,38.88738,38.88738,-0.361407,68
2022-05-04,58506,3156347,39.104224,39.176506,38.742818,38.88738,0.0,75
2022-05-05,105896,5824013,39.537913,40.043882,39.537913,39.682475,0.795095,108
2022-05-06,124501,6717544,39.465631,39.465631,38.815099,38.88738,-0.795095,140
2022-05-09,274170,14367129,38.742818,38.742818,37.586316,37.586316,-1.301064,244
2022-05-10,116537,6028984,36.863502,37.80316,36.863502,37.80316,0.216844,121
2022-05-11,46102,2404045,37.80316,37.875441,37.369471,37.658597,-0.144563,54
2022-05-12,167109,8625109,37.658597,38.020004,36.863502,36.863502,-0.795095,156
2022-05-13,122489,6389611,37.369471,37.947722,37.152627,37.730878,0.867376,104
2022-05-16,86192,4548084,37.947722,38.453692,37.875441,38.020004,0.289126,83
2022-05-17,74105,3934704,38.092285,38.598255,38.020004,38.381411,0.361407,70
2022-05-18,766550,42912671,38.742818,41.272666,38.742818,40.838977,2.457566,613
2022-05-19,761926,43502195,40.116164,41.995479,39.971601,41.272666,0.433689,649
2022-05-20,474870,27370540,41.561791,42.284605,41.055822,41.055822,-0.216844,446
2022-05-23,193228,10915825,41.055822,41.48951,40.549852,40.766696,-0.289126,192
2022-05-24,175371,9779110,40.766696,40.911259,39.827038,40.043882,-0.722814,187
2022-05-25,122181,6775764,40.043882,40.260726,39.89932,40.043882,0.0,109
2022-05-26,112588,6228855,40.405289,40.622133,39.537913,39.682475,-0.361407,120
2022-05-27,106356,5892823,40.333008,40.333008,39.754757,40.043882,0.361407,106
2022-05-30,108763,6087788,40.188445,40.766696,40.043882,40.405289,0.361407,107
2022-05-31,92697,5191136,40.405289,40.694415,40.333008,40.477571,0.072282,104
2022-06-01,348648,20044455,40.766696,41.995479,40.766696,41.634073,1.156502,332
2022-06-02,133949,7739883,41.778635,42.067761,41.417228,41.706354,0.072281,148
2022-06-06,74863,4292717,41.778635,41.778635,41.128103,41.634073,-0.072281,86
2022-06-07,89384,5158700,41.778635,42.140042,40.622133,41.850917,0.216844,93
2022-06-08,739949,44027087,42.067761,43.58567,41.850917,43.151981,1.301064,607
2022-06-09,303549,18220128,43.368826,43.947077,43.007419,43.368826,0.216845,247
2022-06-10,175342,10354961,42.646012,43.007419,42.501449,42.646012,-0.722814,166
2022-06-13,172036,9915843,42.212324,42.212324,41.48951,41.561791,-1.084221,152
2022-06-14,137230,7858025,41.417228,41.634073,41.200384,41.561791,0.0,115
2022-06-15,84087,4831948,41.272666,41.850917,41.272666,41.634073,0.072282,63
2022-06-16,123580,7113487,41.995479,42.140042,40.838977,41.128103,-0.50597,118
2022-06-17,132555,7441251,41.055822,41.055822,40.477571,40.477571,-0.650532,130
2022-06-20,137187,7518366,40.549852,40.549852,38.670536,38.815099,-1.662472,134
2022-06-21,101130,5554025,38.959662,40.116164,38.959662,40.043882,1.228783,82
2022-06-22,91633,5033389,40.766696,40.766696,39.031943,39.176506,-0.867376,95
2022-06-23,107607,5841805,39.176506,39.465631,38.815099,39.39335,0.216844,86
2022-06-24,35129,1918095,39.971601,39.971601,39.248787,39.39335,0.0,36
2022-06-27,68208,3783708,39.89932,40.477571,39.682475,40.477571,1.084221,62
2022-06-28,59439,3275078,40.477571,40.477571,39.537913,40.043882,-0.433689,63
2022-06-29,54130,2955762,39.754757,39.754757,39.248787,39.321069,-0.722813,50
2022-06-30,67025,3563832,38.88738,38.88738,38.309129,38.309129,-1.01194,58
2022-07-01,160828,8302135,37.80316,38.164567,36.863502,36.863502,-1.445627,140
2022-07-04,69001,3525551,36.935783,37.224909,36.574376,36.646658,-0.216844,45
2022-07-05,69852,3548416,36.935783,37.224909,36.140688,37.008065,0.361407,77
2022-07-06,100545,5216507,37.947722,38.236848,36.935783,37.008065,0.0,96
2022-07-07,90430,4650595,36.574376,38.236848,36.574376,37.224909,0.216844,89
2022-07-08,92183,4805687,37.586316,38.236848,37.441753,37.514034,0.289125,80
2022-07-11,95484,4852000,37.441753,37.586316,36.429814,36.574376,-0.939658,80
2022-07-12,143352,7142289,36.574376,36.574376,35.779281,36.032266,-0.54211,114
2022-07-13,67144,3394358,36.646658,36.863502,36.212969,36.285251,0.252985,61
2022-07-14,78143,3984888,36.285251,37.152627,36.285251,37.008065,0.722814,76
2022-07-15,112932,5908664,37.224909,38.309129,37.224909,37.80316,0.795095,102
2022-07-18,50508,2668149,38.092285,38.453692,37.875441,38.309129,0.505969,73
2022-07-19,43143,2290028,38.164567,38.742818,38.092285,38.381411,0.072282,42
2022-07-20,57760,3088896,38.88738,38.88738,38.381411,38.670536,0.289125,65
2022-07-21,85293,4587308,39.176506,39.176506,38.525973,39.104224,0.433688,81
2022-07-22,112558,6205574,39.321069,40.333008,39.321069,39.39335,0.289126,113
2022-07-25,46464,2529875,39.031943,39.682475,39.031943,39.610194,0.216844,52
2022-07-26,123784,6726700,39.682475,39.827038,38.742818,39.248787,-0.361407,198
2022-07-27,64231,3518873,39.971601,39.971601,39.031943,39.537913,0.289126,55
2022-07-28,29178,1586519,39.754757,39.754757,38.742818,39.39335,-0.144563,43
2022-07-29,53623,2941256,39.610194,39.89932,39.104224,39.104224,-0.289126,70
2022-08-01,45482,2468732,39.610194,39.610194,38.959662,38.959662,-0.144562,83
2022-08-02,58035,3092900,38.959662,38.959662,38.309129,38.309129,-0.650533,48
2022-08-03,56320,2984770,38.020004,38.88738,38.020004,38.309129,0.0,47
2022-08-04,50070,2635980,38.236848,38.815099,37.441753,38.236848,-0.072281,51
2022-08-05,43662,2354328,38.670536,39.321069,38.525973,39.031943,0.795095,57
2022-08-08,39265,2111052,39.031943,39.031943,38.598255,38.959662,-0.072281,63
2022-08-09,13409,722340,38.670536,39.176506,38.670536,38.959662,0.0,23
2022-08-10,57037,3090345,38.959662,39.537913,38.092285,39.176506,0.216844,63
2022-08-11,126604,6791915,39.104224,39.104224,38.453692,39.031943,-0.144563,120
2022-08-12,67018,3631902,39.031943,39.465631,39.031943,39.176506,0.144563,67
2022-08-15,154394,8490815,39.682475,39.89932,39.321069,39.754757,0.578251,132
2022-08-16,65271,3605989,40.043882,40.116164,39.754757,39.827038,0.072281,67
2022-08-17,75455,4188605,40.043882,40.260726,40.043882,40.116164,0.289126,80
2022-08-18,63474,3527242,40.116164,40.333008,39.89932,40.188445,0.072281,67
2022-08-19,78200,4354100,40.333008,40.333008,40.116164,40.333008,0.144563,63
2022-08-22,1212335,71836745,40.477571,44.236202,40.477571,43.441107,3.108099,910
2022-08-23,339623,20207053,43.368826,43.513388,42.57373,42.862856,-0.578251,307
2022-08-24,178198,10533623,42.862856,43.296544,42.356886,42.501449,-0.361407,225
2022-08-25,148377,8780965,42.501449,43.224263,42.429168,42.57373,0.072281,128
2022-08-26,114205,6785672,42.790575,43.296544,42.718293,42.790575,0.216845,115
2022-08-29,132186,7728484,42.284605,42.646012,41.850917,42.501449,-0.289126,162
2022-08-30,137412,8173987,42.862856,43.296544,42.501449,43.0797,0.578251,136
2022-08-31,431549,26140774,43.0797,44.163921,43.0797,43.802514,0.722814,355
2022-09-01,280528,17001772,43.802514,44.091639,43.58567,43.657951,-0.144563,226
2022-09-02,231147,13955656,44.091639,44.091639,43.224263,43.224263,-0.433688,188
2022-09-05,263102,15440128,43.224263,43.224263,42.212324,42.284605,-0.939658,220
2022-09-06,633546,36449488,42.067761,42.212324,41.200384,41.200384,-1.084221,556
2022-09-07,529285,27182087,41.200384,41.279616,39.853449,39.93268,-1.267704,302
2022-09-08,102109,5168383,41.041921,41.041921,39.93268,39.93268,0.0,112
2022-09-12,78019,3931331,40.011912,40.170375,39.694986,40.011912,0.079232,94
2022-09-13,31758,1600202,40.011912,40.011912,39.774217,39.853449,-0.158463,59
2022-09-14,71720,3578667,39.853449,39.93268,38.546129,39.93268,0.079231,76
2022-09-15,66431,3342083,39.93268,40.091143,39.496907,40.011912,0.079232,58
2022-09-16,45475,2286380,40.091143,40.170375,39.615754,40.011912,0.0,41
2022-09-19,50661,2544392,39.694986,40.170375,39.615754,39.774217,-0.237695,59
2022-09-20,44525,2233444,39.774217,39.853449,39.615754,39.615754,-0.158463,47
2022-09-21,74935,3708716,39.615754,39.615754,39.100749,39.140365,-0.475389,80
2022-09-22,82443,4046147,39.061134,39.576138,38.189587,39.576138,0.435773,72
2022-09-23,57190,2816442,39.061134,39.140365,38.902671,38.981902,-0.594236,65
2022-09-26,140677,6761113,38.981902,38.981902,37.238809,37.238809,-1.743093,112
2022-09-27,194995,9227497,36.525725,38.62536,36.525725,38.427282,1.188473,107
2022-09-28,176791,8310284,38.427282,38.664976,36.842651,36.842651,-1.584631,128
2022-09-29,137149,6300807,36.684188,37.080346,35.258021,35.971105,-0.871546,107
2022-09-30,140338,6209340,35.73341,35.73341,34.584553,35.574947,-0.396158,131
2022-10-03,27042,1214498,35.535331,36.169184,35.17879,35.535331,-0.039616,27
2022-10-04,48375,2194636,35.931489,36.129568,35.654179,36.050336,0.515005,46
2022-10-05,24305,1118460,36.446494,36.525725,36.367262,36.446494,0.396158,31
2022-10-06,21000,960550,36.446494,36.446494,36.129568,36.129568,-0.316926,20
2022-10-07,28280,1298698,36.288031,36.684188,36.208799,36.367262,0.237694,31
2022-10-11,62210,2782490,35.258021,35.773026,35.258021,35.297637,-1.069625,48
2022-10-12,25802,1161292,35.258021,35.693794,35.218405,35.693794,0.396157,26
2022-10-13,67992,3037889,36.842651,36.842651,35.099558,35.258021,-0.435773,87
2022-10-14,55089,2481789,35.891873,35.891873,35.535331,35.654179,0.396158,38
2022-10-17,34915,1545979,35.654179,35.654179,34.703401,35.376868,-0.277311,37
2022-10-18,12279,558484,36.050336,36.050336,36.050336,36.050336,0.673468,13
2022-10-19,24635,1124688,36.367262,36.367262,35.971105,36.327647,0.277311,30
2022-10-20,3006,136156,35.099558,36.129568,35.099558,36.129568,-0.198079,15
2022-10-21,29081,1319643,36.129568,36.129568,35.258021,36.129568,0.0,23
2022-10-24,29001,1328795,36.921883,36.921883,36.050336,36.129568,0.0,26
2022-10-25,42243,1896077,35.654179,36.050336,35.258021,36.050336,-0.079232,34
2022-10-26,33576,1498220,35.891873,35.891873,35.17879,35.495716,-0.55462,27
2022-10-27,75581,3410451,35.654179,36.050336,35.654179,36.050336,0.55462,69
2022-10-28,25530,1160340,36.050336,36.169184,35.654179,36.010721,-0.039615,41
2022-10-31,29137,1336343,36.327647,36.48611,36.208799,36.367262,0.356541,32
2022-11-01,34709,1603343,36.129568,36.723804,36.129568,36.684188,0.316926,34
2022-11-02,31841,1474696,36.684188,37.001114,36.565341,36.565341,-0.118847,35
2022-11-03,65955,3085677,36.406878,37.555735,36.367262,37.555735,0.990394,76
2022-11-04,53191,2517887,37.872661,38.031124,37.238809,37.476503,-0.079232,43
2022-11-07,31561,1506278,37.436888,38.031124,37.436888,38.031124,0.554621,47
2022-11-08,58651,2822255,38.031124,38.427282,37.634966,38.427282,0.396158,58
2022-11-09,61370,3027581,38.466897,39.536523,38.466897,39.140365,0.713083,68
2022-11-10,25862,1263246,38.823439,38.823439,38.34805,38.546129,-0.594236,53
2022-11-11,35254,1737799,39.219597,39.259212,38.823439,38.942286,0.396157,41
2022-11-14,35241,1748405,39.576138,39.576138,39.061134,39.219597,0.277311,33
2022-11-15,29180,1434191,39.021518,39.219597,38.823439,39.100749,-0.118848,32
2022-11-16,49354,2448640,39.140365,39.615754,39.140365,39.298828,0.198079,45
2022-11-17,35010,1736999,39.259212,39.457291,39.219597,39.298828,0.0,25
2022-11-18,33314,1651398,39.298828,39.37806,39.179981,39.338444,0.039616,40
2022-11-21,17333,860605,39.338444,39.37806,39.259212,39.259212,-0.079232,20
2022-11-22,26068,1288122,39.259212,39.259212,38.823439,39.179981,-0.079231,23
2022-11-23,46070,2274196,39.021518,39.219597,38.942286,39.179981,0.0,26
2022-11-24,46040,2278428,39.457291,39.536523,38.981902,39.536523,0.356542,37
2022-11-25,45024,2252794,39.576138,39.93268,39.417675,39.536523,0.0,61
2022-11-28,20499,1013113,38.942286,39.496907,38.823439,39.37806,-0.158463,33
2022-11-29,21194,1048092,39.179981,39.37806,39.100749,39.219597,-0.158463,24
2022-11-30,65110,3243500,39.219597,39.694986,39.100749,39.615754,0.396157,55
2022-12-01,87731,4460143,39.774217,40.487301,39.774217,40.487301,0.871547,89
2022-12-02,129026,6692978,41.041921,41.200384,40.566532,41.200384,0.713083,107
2022-12-05,182344,9795812,41.279616,43.57733,41.279616,42.785014,1.58463,161
2022-12-06,85624,4573925,42.785014,42.943478,41.992699,42.071931,-0.713083,107
2022-12-07,90238,4728454,41.834236,42.309625,41.200384,41.200384,-0.871547,114
2022-12-08,16375,848843,41.358847,41.834236,40.487301,40.804227,-0.396157,28
2022-12-09,30262,1568713,41.675773,41.675773,40.804227,41.121153,0.316926,54
2022-12-12,65408,3435635,41.51731,42.151162,41.121153,41.834236,0.713083,66
2022-12-13,31106,1643695,41.913468,42.230394,41.438079,41.834236,0.0,33
2022-12-14,28345,1498211,41.834236,42.626551,41.200384,41.913468,0.079232,39
2022-12-15,51871,2733848,41.438079,42.151162,41.358847,41.913468,0.0,59
2022-12-16,61489,3240088,41.913468,42.309625,41.51731,41.834236,-0.079232,48
2022-12-19,30120,1592836,41.834236,42.54732,41.438079,41.755005,-0.079231,32
2022-12-20,70660,3630783,41.51731,41.675773,39.853449,40.011912,-1.743093,67
2022-12-21,41172,2101890,40.091143,41.121153,40.091143,40.249606,0.237694,36
2022-12-22,46250,2351885,40.249606,40.724995,40.091143,40.328838,0.079232,59
2022-12-23,37220,1891720,40.328838,40.408069,39.774217,40.328838,0.0,30
2022-12-26,42001,2157951,40.566532,41.121153,40.408069,40.724995,0.396157,37
2022-12-27,37732,1952475,41.200384,41.200384,40.804227,41.121153,0.396158,45
2022-12-28,32499,1677728,41.121153,41.121153,40.645764,40.645764,-0.475389,37
2022-12-29,42065,2165167,40.645764,41.279616,40.487301,40.883458,0.237694,41
2022-12-30,44496,2294231,41.279616,41.279616,40.645764,40.804227,-0.079231,41
2023-01-03,49000,2510500,40.883458,41.438079,39.93268,40.408069,-0.396158,33
2023-01-04,100162,5175855,41.121153,41.51731,40.408069,40.96269,0.554621,89
2023-01-05,78135,4040125,40.96269,41.51731,40.724995,40.96269,0.0,69
2023-01-06,71030,3692164,41.200384,41.438079,40.96269,41.438079,0.475389,60
2023-01-09,54518,2843823,41.596542,41.675773,41.041921,41.200384,-0.237695,59
2023-01-10,44390,2293682,40.487301,41.438079,40.487301,40.96269,-0.237694,28
2023-01-11,48252,2479477,41.200384,41.200384,40.487301,40.804227,-0.158463,50
2023-01-12,32130,1657013,41.200384,41.279616,40.645764,41.041921,0.237694,34
2023-01-13,56396,2918043,41.041921,41.358847,40.804227,40.804227,-0.237694,48
2023-01-16,39158,2015052,40.804227,41.121153,40.487301,40.487301,-0.316926,41
2023-01-17,39210,2014747,40.487301,41.200384,40.328838,40.804227,0.316926,45
2023-01-30,78934,4148434,41.121153,41.834236,41.121153,41.675773,0.871546,91
2023-01-31,28000,1470769,41.675773,41.834236,41.358847,41.834236,0.158463,31
2023-02-01,42221,2240333,41.992699,42.230394,41.913468,41.992699,0.158463,48
2023-02-02,71928,3826017,41.992699,42.309625,41.992699,42.309625,0.316926,77
2023-02-03,44343,2351673,42.151162,42.230394,41.913468,41.992699,-0.316926,53
2023-02-06,21263,1116907,41.992699,41.992699,41.200384,41.596542,-0.396157,27
2023-02-07,23123,1215575,41.279616,41.755005,41.279616,41.51731,-0.079232,28
2023-02-08,26201,1377560,41.596542,41.755005,41.596542,41.675773,0.158463,29
2023-02-09,356806,19140016,41.675773,43.181172,41.675773,42.309625,0.633852,199
2023-02-10,156348,8488919,42.785014,43.57733,42.468088,42.705783,0.396158,144
2023-02-13,176972,9718745,43.260404,44.369645,42.785014,43.735793,1.03001,181
2023-02-14,129574,7256413,44.052719,44.924265,44.052719,44.290413,0.55462,223
2023-02-15,50894,2819484,44.211182,44.369645,43.418867,44.369645,0.079232,156
2023-02-16,73266,4076202,44.607339,44.765802,43.735793,44.052719,-0.316926,81
2023-02-17,84085,4658482,43.656561,44.290413,43.498098,43.894256,-0.158463,67
2023-02-20,96567,5410259,44.290413,44.528108,44.052719,44.290413,0.396157,69
2023-02-21,105582,5941726,44.448876,44.924265,44.290413,44.369645,0.079232,84
2023-02-22,29077,1624513,44.13195,44.448876,44.052719,44.369645,0.0,28
2023-02-23,154076,8794951,44.845034,45.558117,44.845034,45.003497,0.633852,146
2023-02-24,82557,4694149,45.082728,45.558117,44.845034,45.003497,0.0,70
2023-03-01,103807,5849311,45.082728,45.16196,44.211182,44.607339,-0.396158,119
2023-03-02,52693,2971078,44.765802,44.924265,44.607339,44.607339,0.0,44
2023-03-03,92797,5238830,44.924265,45.003497,44.528108,44.765802,0.158463,63
2023-03-06,96370,5429801,44.765802,44.845034,44.369645,44.686571,-0.079231,86
2023-03-07,112197,6334630,44.686571,45.320423,44.369645,44.924265,0.237694,88
2023-03-08,87326,4951445,44.924265,45.16196,44.607339,44.924265,0.0,72
2023-03-09,140625,8011545,45.003497,45.71658,44.845034,45.003497,0.079232,122
2023-03-10,123853,6968948,44.765802,44.845034,44.369645,44.686571,-0.316926,102
2023-03-13,95648,5327838,44.686571,44.686571,43.735793,44.211182,-0.475389,76
2023-03-14,44649,2481228,43.973487,44.369645,43.815024,43.973487,-0.237695,105
2023-03-15,27575,1537657,44.369645,44.369645,44.052719,44.052719,0.079232,37
2023-03-16,120475,6598809,44.052719,44.052719,42.943478,43.735793,-0.316926,82
2023-03-17,327161,18561834,43.815024,45.320423,43.815024,45.003497,1.267704,169
2023-03-20,134746,7654822,44.924265,45.399654,44.528108,45.241191,0.237694,197
2023-03-21,283342,16395912,45.478886,46.112738,45.399654,45.558117,0.316926,235
2023-03-22,796035,46801050,46.350432,47.142747,46.350432,46.588127,1.03001,605
2023-03-23,407943,24144123,46.667358,47.142747,46.588127,46.74659,0.158463,308
2023-03-24,343560,20179795,47.142747,47.142747,46.271201,46.271201,-0.475389,248
2023-03-27,813650,48635888,46.271201,48.014294,45.954275,47.538905,1.267704,461
2023-03-28,286484,17167176,47.538905,47.935063,47.142747,47.538905,0.0,263
2023-03-29,175262,10524731,48.014294,48.014294,47.221979,47.459673,-0.079232,159
2023-03-30,348684,21342516,47.538905,49.202767,47.380442,48.885841,1.426168,347
2023-03-31,625929,39719115,49.202767,51.025091,49.202767,50.312008,1.426167,564
2023-04-06,261489,16583607,50.312008,50.787397,49.519693,50.153545,-0.158463,315
2023-04-07,467688,30237942,50.312008,51.817406,50.153545,51.50048,1.346935,380
2023-04-10,448949,29130213,51.738175,52.213564,50.708165,51.817406,0.316926,413
2023-04-11,2453192,174208541,54.352815,56.967454,54.11512,56.967454,5.150048,1828
2023-04-12,1251099,89988913,56.967454,57.75977,56.412834,56.72976,-0.237694,1240
2023-04-13,669234,47695334,57.046686,57.601307,55.858213,56.175139,-0.554621,751
2023-04-14,1058314,76935698,56.808991,58.393622,56.412834,58.235159,2.06002,880
2023-04-17,703852,52498421,58.31439,59.582094,58.235159,59.3444,1.109241,655
2023-04-18,824334,60476302,60.136715,60.136715,57.046686,57.205149,-2.139251,801
2023-04-19,492586,35995492,57.839001,58.552085,57.205149,57.839001,0.633852,504
2023-04-20,628904,45483343,58.155927,58.869011,56.333602,56.571297,-1.267704,604
2023-04-21,852297,58837241,56.888223,57.205149,53.322805,54.035889,-2.535408,866
2023-04-24,285758,19908126,53.481268,56.016676,53.481268,56.016676,1.980787,334
2023-04-25,280884,19552444,56.808991,56.808991,54.273583,55.065898,-0.950778,352
2023-04-26,178775,12305176,54.432046,55.065898,54.035889,54.907435,-0.158463,174
2023-04-27,172446,12077704,55.065898,55.858213,54.669741,55.303593,0.396158,165
2023-04-28,418291,29343937,55.858213,56.333602,55.14513,55.462056,0.158463,338
2023-05-02,424056,30341181,55.937445,57.125918,55.69975,57.046686,1.58463,378
2023-05-03,240046,17113120,56.72976,57.284381,56.016676,56.254371,-0.792315,230
2023-05-04,158964,11203068,56.095908,56.254371,55.462056,55.858213,-0.396158,153
2023-05-05,1231778,91150606,55.937445,60.453641,55.937445,59.185937,3.327724,824
2023-05-08,594946,44411428,59.265168,60.057483,58.710548,58.710548,-0.475389,565
2023-05-09,1789679,137599907,59.502863,62.989049,59.027474,59.423631,0.713083,1392
2023-05-10,1498852,114603347,58.631316,61.95904,58.235159,61.008261,1.58463,1117
2023-05-11,692937,52932487,61.245956,61.879808,59.740557,60.136715,-0.871546,590
2023-05-12,1831879,143937742,61.087493,63.622901,60.612104,63.385207,3.248492,1404
2023-05-15,1139589,87676587,62.751355,62.989049,60.057483,60.057483,-3.327724,1161
2023-05-16,730141,56621185,60.374409,62.038271,60.136715,61.642113,1.58463,642
2023-05-17,2974383,242864172,63.54367,66.554467,63.464438,64.811374,3.169261,2529
2023-05-18,1997266,165690543,64.573679,66.633699,64.019059,66.554467,1.743093,1539
2023-05-19,1693004,137920564,66.396004,66.554467,63.226744,63.702133,-2.852334,1447
2023-05-22,2401825,201490129,63.781364,68.535255,63.781364,65.445226,1.743093,1699
2023-05-23,1159535,94790233,65.524457,66.316772,64.019059,64.573679,-0.871547,938
2023-05-24,849561,69379676,64.573679,65.603689,63.622901,64.573679,0.0,711
2023-05-25,564579,46362223,65.207531,66.079078,63.939827,64.811374,0.237695,518
2023-05-26,501288,40785932,65.445226,65.445226,63.860596,63.860596,-0.950778,472
2023-05-29,2921930,248232938,64.573679,69.010644,64.177522,68.139097,4.278501,2037
2023-05-30,2945584,260069955,69.723727,71.862978,68.535255,69.010644,0.871547,2292
2023-05-31,754854,66871522,68.852181,70.9122,68.852181,70.436811,1.426167,968
2023-06-01,669792,58884923,70.9122,70.9122,68.931412,69.88219,-0.554621,720
2023-06-02,1006801,89114796,70.040653,71.546052,69.248338,69.961422,0.079232,822
2023-06-05,1146043,103226392,71.308357,71.94221,70.674505,71.229126,1.267704,905
2023-06-06,1206246,109188960,71.94221,73.52684,70.199116,71.546052,0.316926,1127
2023-06-07,1875751,175778143,71.94221,75.190701,71.862978,74.794544,3.248492,1550
2023-06-08,3960202,379608948,78.439193,78.993814,73.289145,73.447608,-1.346936,3309
2023-06-09,3683115,357497454,75.269933,78.359962,74.794544,76.616869,3.169261,2766
2023-06-12,2831616,264681698,76.775332,78.043036,72.338367,72.49683,-4.120039,2436
2023-06-13,1611019,147969653,73.289145,73.685303,72.100673,72.655293,0.158463,1214
2023-06-14,971108,89666650,73.289145,73.843766,72.576062,72.892988,0.237695,742
2023-06-15,1310830,122549906,73.368377,74.873775,72.49683,74.319155,1.426167,1051
2023-06-16,3440088,332927395,75.66609,78.043036,75.349164,75.745322,1.426167,2825
2023-06-19,3519594,348992369,75.745322,80.419981,75.428396,80.023823,4.278501,2870
2023-06-20,5764679,586082837,82.796926,83.193084,77.409184,80.816138,0.792315,4711
2023-06-21,10469984,1151145997,83.985399,88.739289,83.985399,88.739289,7.923151,6095
2023-06-26,8228395,887771771,87.154659,87.946974,82.004611,82.004611,-6.734678,5470
2023-06-27,3879259,400506481,82.796926,84.381556,80.023823,80.023823,-1.980788,3016
2023-06-28,1942920,198524747,82.400769,83.193084,79.627666,80.816138,0.792315,1628
2023-06-29,1415730,143945858,80.023823,81.608454,79.627666,81.212296,0.396158,1318
2023-06-30,1218028,125341906,81.608454,82.796926,79.627666,82.400769,1.188473,962
2023-07-03,2220112,236124831,83.193084,85.570029,82.400769,85.570029,3.16926,1782
2023-07-04,2032208,213842382,84.777714,85.570029,82.004611,83.193084,-2.376945,1630
2023-07-05,2348702,251741793,84.777714,86.758502,83.193084,83.589241,0.396157,1952
2023-07-06,2469118,266567555,83.589241,86.362344,83.589241,85.570029,1.980788,2020
2023-07-07,3490101,368950255,86.758502,87.550817,80.816138,82.400769,-3.16926,2782
2023-07-10,3848091,362694486,76.854563,76.854563,74.160692,74.160692,-8.240077,3461
2023-07-11,2316303,212366676,73.922997,73.922997,71.862978,72.576062,-1.58463,2186
2023-07-12,1185634,110160643,73.368377,74.873775,72.734525,72.892988,0.316926,1135
2023-07-13,1610754,149714890,74.08146,74.794544,72.49683,73.130682,0.237694,1363
2023-07-14,1020250,95397080,73.843766,74.636081,73.209914,74.239923,1.109241,821
2023-07-17,3269741,323328582,74.953007,81.212296,74.398386,79.073045,4.833122,2651
2023-07-18,3431655,346762924,82.004611,82.796926,78.122267,79.627666,0.554621,2521
2023-07-19,1334637,132026898,80.419981,80.419981,76.854563,77.092258,-2.535408,1224
2023-07-20,1210648,120718866,77.092258,80.023823,77.092258,78.676888,1.58463,933
2023-07-21,1560657,154432922,77.805341,79.627666,77.329952,78.043036,-0.633852,1173
2023-07-24,1931531,182770105,78.821231,80.15577,77.236465,80.072361,2.029325,1521
2023-07-25,4907479,505150450,80.239179,87.996189,80.239179,87.996189,7.923828,3722
2023-07-26,6232529,659521263,90.081406,91.332537,85.076884,87.996189,0.0,4696
2023-07-27,9684139,1084969619,88.830276,96.33706,87.579145,93.417755,5.421566,6802
2023-07-28,5006091,548265092,94.251842,94.668885,89.664363,91.332537,-2.085218,3671
2023-07-31,4767968,502570600,92.583668,92.583668,85.076884,85.910971,-5.421566,3538
2023-08-01,1674419,174111006,87.162102,88.830276,85.076884,86.328014,0.417043,1291
2023-08-02,3582020,373325100,86.745058,90.49845,84.242797,85.493927,-0.834087,2655
2023-08-04,1813004,184166400,84.65984,87.162102,82.491214,85.910971,0.417044,1351
2023-08-07,3205080,342937661,87.162102,91.749581,85.076884,89.664363,3.753392,2575
2023-08-08,6042919,664223577,94.668885,95.085929,89.247319,91.332537,1.668174,4341
2023-08-09,4951126,521824733,92.166624,92.583668,85.076884,85.493927,-5.83861,3849
2023-08-10,2727217,273447378,85.076884,85.493927,82.574623,82.908257,-2.58567,2317
2023-08-11,4218358,443446276,85.076884,89.664363,84.242797,87.996189,5.087932,2976
2023-08-14,2680176,281369344,87.162102,90.081406,85.493927,86.328014,-1.668175,1962
2023-08-15,4104755,443770043,87.579145,91.332537,87.162102,90.915494,4.58748,3044
2023-08-16,5772104,636875871,89.247319,94.251842,88.830276,93.000711,2.085217,4636
2023-08-17,4052058,442210789,91.749581,93.000711,88.830276,93.000711,0.0,4069
2023-08-18,3933547,421883570,92.583668,93.417755,86.745058,87.996189,-5.004522,3282
2023-08-21,1545418,162269160,88.413232,89.247319,85.910971,88.413232,0.417043,1266
2023-08-22,1879065,198611052,88.830276,90.49845,86.745058,86.745058,-1.668174,1516
2023-08-23,1107893,114731535,87.162102,87.579145,85.493927,85.910971,-0.834087,980
2023-08-24,1832561,187751982,86.745058,87.579145,83.825753,84.242797,-1.668174,1476
2023-08-25,902604,90714527,83.40871,84.65984,83.325301,83.40871,-0.834087,857
2023-08-28,3238711,311567485,83.825753,83.825753,78.404187,79.154865,-4.253845,2943
2023-08-29,984953,94050064,79.4885,80.656222,78.571004,80.656222,1.501357,879
2023-08-30,1308284,129119668,81.156674,83.325301,81.073266,82.824849,2.168627,1429
2023-08-31,726878,71958276,82.324396,83.158484,81.323492,82.991666,0.166817,712
2023-09-01,620056,61387221,82.991666,83.241892,81.907353,82.157579,-0.834087,602
2023-09-04,745263,72465709,81.907353,81.990762,80.405996,81.573718,-0.583861,760
2023-09-05,1060840,106401065,81.323492,84.65984,81.323492,84.65984,3.086122,882
2023-09-06,1250782,128842053,84.65984,86.745058,84.242797,86.328014,1.668174,1264
2023-09-07,2417890,252333662,87.162102,87.996189,85.910971,87.579145,1.251131,1943
2023-09-08,946842,98494493,87.162102,87.579145,85.910971,86.745058,-0.834087,746
2023-09-11,2945340,286145809,83.40871,83.40871,79.4885,79.822135,-6.922923,2683
2023-09-12,758714,73222543,79.4885,81.240083,79.4885,80.489405,0.66727,795
2023-09-13,489987,47082790,80.489405,80.82304,79.822135,79.988953,-0.500452,605
2023-09-14,508244,49585493,80.15577,81.907353,80.15577,81.240083,1.25113,467
2023-09-15,481756,46730804,81.490309,81.823944,80.15577,81.156674,-0.083409,479
2023-09-18,375591,36603009,80.572814,81.907353,80.489405,80.989857,-0.166817,349
2023-09-19,396684,38483078,80.989857,81.823944,80.405996,80.489405,-0.500452,510
2023-09-20,518504,49900803,81.156674,81.156674,79.738726,79.905544,-0.583861,532
2023-09-21,645228,60854085,79.571909,79.822135,77.653509,78.654413,-1.251131,570
2023-09-22,429303,40421371,77.987144,79.738726,77.319874,79.738726,1.084313,485
2023-09-25,301443,29194586,79.988953,81.156674,79.988953,81.156674,1.417948,411
2023-09-26,357304,34339904,80.739631,81.323492,79.238274,79.405092,-1.751582,433
2023-09-27,408259,38585475,79.321683,79.571909,78.153961,78.821231,-0.583861,435
2023-09-28,388511,37240906,79.321683,80.739631,79.238274,79.738726,0.917495,362
2023-10-02,520223,50481373,80.656222,81.406901,80.15577,80.656222,0.917496,426
2023-10-03,335064,32403560,81.490309,81.490309,80.15577,80.239179,-0.417043,349
2023-10-04,390515,36962821,79.905544,79.905544,78.487596,78.821231,-1.417948,446
2023-10-05,261967,25094054,79.238274,80.322587,79.238274,80.072361,1.25113,246
2023-10-06,227890,21761253,80.072361,80.239179,79.321683,79.4885,-0.583861,323
2023-10-11,642261,61208566,80.072361,80.906448,78.737822,78.737822,-0.750678,562
2023-10-12,647527,62549733,79.405092,81.240083,79.071457,80.906448,2.168626,594
2023-10-13,282030,27233983,81.073266,81.073266,80.239179,80.239179,-0.667269,446
2023-10-16,274608,26259926,80.239179,80.322587,79.4885,79.571909,-0.66727,271
2023-10-17,500075,47417062,79.988953,80.322587,78.23737,78.404187,-1.167722,514
2023-10-18,851948,78306077,78.320778,78.320778,75.6517,76.318969,-2.085218,854
2023-10-19,496672,44922625,76.152152,76.819422,74.567386,75.568291,-0.750678,562
2023-10-20,351539,31372876,75.234656,75.401474,73.649891,74.901021,-0.66727,368
2023-10-23,187760,17016086,74.400569,76.318969,74.400569,75.067839,0.166818,243
2023-10-24,284517,25968062,74.901021,76.736013,74.901021,76.736013,1.668174,424
2023-10-25,279934,26164832,77.319874,78.487596,77.153056,77.903735,1.167722,324
2023-10-26,190937,17552851,76.736013,77.153056,76.318969,76.318969,-1.584766,246
2023-10-27,118659,10972223,76.569195,77.486691,76.569195,77.403283,1.084314,146
2023-10-30,114024,10677319,77.403283,78.654413,77.403283,77.820326,0.417043,151
2023-10-31,271840,24950858,77.820326,78.23737,75.401474,75.484882,-2.335444,333
2023-11-01,210709,19149628,76.318969,77.069648,75.318065,76.235561,0.750679,204
2023-11-02,345840,32195444,76.819422,78.070552,76.736013,77.820326,1.584765,318
2023-11-03,230434,21597134,77.820326,78.571004,77.820326,78.153961,0.333635,213
2023-11-06,392971,37243794,78.737822,79.405092,78.571004,79.405092,1.251131,362
2023-11-07,317865,30193494,79.321683,79.655318,78.737822,79.321683,-0.083409,341
2023-11-08,311321,29907937,80.072361,80.572814,79.738726,79.738726,0.417043,366
2023-11-09,185642,17726004,80.072361,80.072361,79.238274,79.571909,-0.166817,665
2023-11-10,1265280,122753221,81.323492,82.324396,79.822135,79.905544,0.333635,1149
2023-11-13,1209874,112143242,78.571004,78.654413,76.485787,76.652604,-3.25294,1263
2023-11-14,274108,25250557,77.236465,77.403283,76.485787,76.819422,0.166818,342
2023-11-15,379335,35179460,77.153056,77.903735,77.069648,77.236465,0.417043,344
2023-11-16,584402,54259733,78.23737,78.821231,76.736013,76.736013,-0.500452,569
2023-11-17,347110,31881088,76.736013,77.5701,76.318969,76.485787,-0.250226,450
2023-11-20,203976,18792849,76.485787,77.319874,76.402378,76.819422,0.333635,221
2023-11-21,330133,30631763,77.319874,77.736917,77.153056,77.236465,0.417043,331
2023-11-22,603735,56379271,77.486691,78.404187,77.319874,78.320778,1.084313,503
2023-11-23,664439,62752855,78.654413,79.571909,77.903735,78.404187,0.083409,588
2023-11-24,234156,21964125,78.23737,78.821231,77.903735,78.070552,-0.333635,251
2023-11-27,341275,31649559,78.153961,78.737822,76.819422,76.819422,-1.25113,397
2023-11-28,192558,17793404,76.819422,77.486691,76.819422,77.069648,0.250226,199
2023-11-29,252114,23436274,77.403283,77.987144,77.236465,77.403283,0.333635,278
2023-11-30,246044,22851045,77.736917,77.820326,77.069648,77.403283,0.0,263
2023-12-01,264220,24647810,77.236465,78.23737,76.736013,77.903735,0.500452,254
2023-12-04,314909,29327502,77.903735,78.153961,77.236465,77.236465,-0.66727,330
2023-12-05,281942,25954066,77.236465,77.236465,76.569195,76.736013,-0.500452,313
2023-12-06,374166,34957165,77.069648,78.404187,77.069648,78.153961,1.417948,342
2023-12-07,256860,23920570,78.153961,78.153961,77.319874,77.319874,-0.834087,257
2023-12-08,261937,24518574,78.070552,78.571004,77.403283,78.153961,0.834087,232
2023-12-11,340353,32094626,78.654413,79.571909,78.153961,78.404187,0.250226,354
2023-12-12,505956,47065816,78.404187,78.404187,77.236465,77.319874,-1.084313,466
2023-12-13,719196,67717292,78.070552,78.988048,77.403283,78.487596,1.167722,600
2023-12-14,447631,42179571,78.988048,79.238274,77.820326,78.404187,-0.083409,423
2023-12-15,311928,29189978,78.404187,78.821231,77.736917,77.820326,-0.583861,312
2023-12-18,139228,12981916,77.820326,78.320778,77.5701,77.5701,-0.250226,171
2023-12-19,338197,31174000,77.653509,77.653509,76.485787,76.652604,-0.917496,375
2023-12-20,184132,16937777,76.986239,77.069648,76.569195,76.736013,0.083409,353
2023-12-21,178389,16340830,76.485787,76.569195,75.985334,76.402378,-0.333635,310
2023-12-22,110432,10143942,76.485787,76.819422,76.485787,76.485787,0.083409,208
2023-12-25,230263,21044194,76.485787,76.652604,75.985334,76.068743,-0.417044,390
2023-12-26,137129,12562231,76.402378,76.90283,76.068743,76.736013,0.66727,182
2023-12-27,536072,50081351,76.736013,78.988048,76.569195,78.904639,2.168626,602
2023-12-28,6262756,623166539,80.322587,84.65984,80.322587,82.658031,3.753392,5077
2023-12-29,1424347,141521707,82.991666,83.825753,82.240988,82.407805,-0.250226,1837
2024-01-02,967589,93891100,82.240988,82.407805,80.405996,80.739631,-1.668174,956
2024-01-03,625110,60829584,80.656222,81.990762,80.489405,80.656222,-0.083409,824
2024-01-04,773810,73866069,80.572814,81.073266,78.904639,79.238274,-1.417948,1050
2024-01-05,388079,36784597,79.4885,79.571909,78.737822,78.904639,-0.333635,360
2024-01-08,290315,27554423,79.905544,79.905544,78.487596,78.571004,-0.333635,292
2024-01-09,495375,46212478,78.821231,78.821231,77.403283,77.5701,-1.000904,586
2024-01-10,201638,18704836,77.5701,77.903735,77.153056,77.236465,-0.333635,275
2024-01-11,136613,12704308,77.319874,77.736917,77.319874,77.5701,0.333635,155
2024-01-12,152727,14239911,77.5701,78.070552,77.319874,77.653509,0.083409,168
2024-01-15,242437,22708712,78.487596,78.654413,77.736917,78.153961,0.500452,221
2024-01-16,166273,15506735,78.153961,78.153961,77.5701,77.903735,-0.250226,176
2024-01-17,341895,31625770,77.736917,78.320778,76.485787,76.736013,-1.167722,404
2024-01-18,165648,15184019,76.736013,77.403283,76.068743,76.485787,-0.250226,199
2024-01-19,149632,13754425,77.153056,77.153056,76.318969,76.736013,0.250226,166
2024-01-22,223456,20891985,77.5701,78.23737,77.236465,78.23737,1.501357,244
2024-01-23,149769,13958146,78.487596,78.487596,77.236465,77.236465,-1.000905,175
2024-01-24,210387,19598581,77.486691,78.320778,77.486691,77.653509,0.417044,178
2024-01-25,134000,12446517,77.486691,78.153961,77.153056,77.403283,-0.250226,157
2024-01-26,108121,9992486,77.403283,77.5701,76.819422,76.986239,-0.417044,158
2024-01-29,107155,9939423,76.986239,77.736917,76.986239,77.319874,0.333635,125
2024-01-30,80649,7487444,77.153056,77.653509,77.153056,77.403283,0.083409,130
2024-01-31,241057,22254025,77.486691,77.486691,76.736013,76.90283,-0.500453,243
2024-02-01,136800,12682292,76.736013,77.653509,76.736013,77.236465,0.333635,128
2024-02-02,235729,21998268,77.820326,78.153961,77.486691,77.820326,0.583861,439
2024-02-05,176154,16440988,78.23737,78.23737,77.5701,77.903735,0.083409,297
2024-02-15,385958,36192602,78.404187,78.654413,77.5701,78.654413,0.750678,332
2024-02-16,515479,49009441,78.654413,79.905544,78.487596,79.405092,0.750679,526
2024-02-19,193335,18420041,79.571909,79.905544,79.154865,79.321683,-0.083409,528
2024-02-20,195620,18541417,79.321683,79.655318,78.737822,78.904639,-0.417044,235
2024-02-21,253936,24158400,78.904639,79.655318,78.821231,79.238274,0.333635,250
2024-02-22,588863,56612577,79.655318,80.906448,79.571909,79.655318,0.417044,577
2024-02-23,327889,31170488,79.905544,80.072361,78.821231,78.821231,-0.834087,365
2024-02-26,363196,34783906,79.071457,80.405996,79.071457,80.322587,1.501356,351
2024-02-27,432749,41119032,80.906448,80.906448,78.320778,79.071457,-1.25113,727
2024-02-29,418950,40057182,79.154865,80.489405,79.071457,80.15577,1.084313,391
2024-03-01,707769,68765061,80.489405,81.740535,80.072361,80.322587,0.166817,1029
2024-03-04,385483,37258238,81.490309,81.573718,80.072361,80.239179,-0.083408,415
2024-03-05,542295,52717317,80.656222,81.740535,80.489405,81.156674,0.917495,608
2024-03-06,550722,53891546,81.156674,82.157579,80.906448,81.490309,0.333635,948
2024-03-07,2493515,227701143,78.070552,78.153961,75.401474,75.985334,-5.504975,2268
2024-03-08,1212165,108143423,76.068743,76.235561,73.566482,74.150343,-1.834991,1308
2024-03-11,458909,40931870,73.900117,75.151247,73.566482,74.233752,0.083409,392
2024-03-12,427297,38093998,74.233752,74.734204,73.900117,74.483978,0.250226,466
2024-03-13,665935,58767566,74.483978,74.483978,73.149438,73.483073,-1.000905,797
2024-03-14,403779,35438977,73.399664,73.733299,72.565577,73.149438,-0.333635,460
2024-03-15,219540,19281443,73.232847,73.566482,72.899212,73.149438,0.0,287
2024-03-18,275001,24148113,73.232847,73.566482,72.899212,73.483073,0.333635,285
2024-03-19,359596,31831040,73.399664,74.150343,73.399664,73.900117,0.417044,328
2024-03-20,327601,29150827,74.150343,74.650795,73.733299,74.150343,0.250226,346
2024-03-21,361865,32512873,74.400569,75.234656,74.400569,75.151247,1.000904,380
2024-03-22,208740,18751830,75.151247,75.484882,74.650795,74.734204,-0.417043,247
2024-03-25,332094,29452550,73.316256,74.901021,73.316256,73.900117,-0.834087,399
2024-03-26,280935,24754734,73.900117,74.400569,73.06603,73.149438,-0.750679,377
2024-03-27,291012,25428448,73.316256,73.316256,72.148534,73.149438,0.0,318
2024-03-28,176337,15503572,73.149438,73.649891,73.149438,73.232847,0.083409,230
2024-03-29,106292,9352143,73.399664,73.566482,73.316256,73.399664,0.166817,125
2024-04-01,170126,15157547,73.399664,74.901021,73.399664,74.483978,1.084314,202
2024-04-02,226338,20192910,74.650795,75.067839,74.066934,74.066934,-0.417044,258
2024-04-03,125729,11150367,73.900117,74.400569,73.399664,73.900117,-0.166817,151
2024-04-08,114636,10142343,73.900117,74.066934,73.566482,73.816708,-0.083409,159
2024-04-09,129111,11401385,73.816708,73.816708,73.483073,73.733299,-0.083409,172
2024-04-10,514120,44742469,73.649891,73.649891,71.898308,72.565577,-1.167722,610
2024-04-11,296815,25647448,72.482169,72.482169,71.814899,71.981716,-0.583861,439
2024-04-12,151122,13043714,71.814899,72.39876,71.73149,71.814899,-0.166817,218
2024-04-15,374347,31758748,71.73149,71.73149,70.48036,70.563768,-1.251131,540
2024-04-16,423163,35246475,70.563768,70.563768,68.561959,68.895594,-1.668174,598
2024-04-17,100053,8318602,68.895594,69.646273,68.895594,69.396046,0.500452,160
2024-04-18,128702,10728339,69.229229,69.896499,69.229229,69.646273,0.250227,137
2024-04-19,241788,19983454,69.81309,70.146725,67.561055,68.895594,-0.750679,309
2024-04-22,193580,15754929,68.812185,68.812185,67.561055,67.561055,-1.334539,307
2024-04-23,122164,9958398,67.727872,68.395142,67.644464,68.061507,0.500452,151
2024-04-24,107601,8928032,68.144916,69.81309,68.144916,69.81309,1.751583,216
2024-04-25,101702,8450704,69.14582,69.979907,68.812185,69.312638,-0.500452,119
2024-04-26,89699,7480291,69.396046,69.896499,69.312638,69.479455,0.166817,116
2024-04-29,170278,14180311,69.81309,69.81309,69.229229,69.646273,0.166818,157
2024-04-30,211675,17608707,69.646273,69.729681,69.229229,69.396046,-0.250227,205
2024-05-02,129400,10797365,69.396046,70.146725,69.062412,70.146725,0.750679,150
2024-05-03,142922,11930908,70.146725,70.146725,69.229229,69.229229,-0.917496,218
2024-05-06,242813,20192021,69.396046,69.979907,69.062412,69.729681,0.500452,260
2024-05-07,136847,11428150,69.81309,69.979907,69.229229,69.646273,-0.083408,179
2024-05-08,169366,14261928,69.479455,70.48036,69.479455,70.146725,0.500452,161
2024-05-09,111365,9346192,70.230134,70.813994,69.646273,69.646273,-0.500452,160
2024-05-10,574840,49629066,70.980812,72.732395,70.897403,72.065125,2.418852,596
2024-05-13,281301,23986338,72.065125,72.065125,70.813994,70.980812,-1.084313,689
2024-05-14,143772,12217058,71.064221,71.231038,70.730586,70.730586,-0.250226,155
2024-05-15,212517,18204063,70.730586,71.981716,70.730586,71.397855,0.667269,188
2024-05-16,172548,14833050,71.898308,72.148534,71.397855,71.397855,0.0,184
2024-05-17,223570,19246257,71.397855,72.231943,71.397855,71.397855,0.0,194
2024-05-20,154001,13125295,71.481264,71.564673,70.897403,70.897403,-0.500452,206
2024-05-21,223784,19009866,70.897403,71.314447,70.48036,70.647177,-0.250226,223
2024-05-22,236161,20199051,70.730586,71.73149,70.730586,71.314447,0.66727,199
2024-05-23,291774,24768194,71.397855,71.898308,70.063316,70.730586,-0.583861,278
2024-05-24,94757,8032505,70.730586,71.147629,70.396951,70.48036,-0.250226,104
2024-05-27,330301,28364660,70.48036,72.065125,70.48036,72.065125,1.584765,262
2024-05-28,448233,39337826,72.231943,73.649891,72.231943,73.232847,1.167722,547
2024-05-29,212774,18670433,73.399664,73.649891,72.815804,73.149438,-0.083409,327
2024-05-30,108827,9469377,72.565577,72.899212,72.231943,72.39876,-0.750678,136
2024-05-31,114146,9915111,72.482169,72.815804,72.231943,72.315351,-0.083409,125
2024-06-03,129907,11271691,72.732395,72.732395,72.231943,72.231943,-0.083408,128
2024-06-04,257887,22600588,72.231943,73.733299,72.231943,72.815804,0.583861,228
2024-06-05,281331,24573150,72.982621,73.566482,72.39876,72.565577,-0.250227,513
2024-06-06,642836,56871161,73.733299,74.901021,73.316256,73.399664,0.834087,578
2024-06-07,439628,38655333,73.399664,73.900117,72.732395,72.982621,-0.417043,417
2024-06-11,503735,42816386,71.898308,71.898308,69.896499,70.647177,-2.335444,567
2024-06-12,282522,23795106,70.730586,70.730586,69.979907,70.146725,-0.500452,313
2024-06-13,282400,23719454,70.313542,70.48036,69.896499,69.896499,-0.250226,311
2024-06-14,137200,11563692,70.063316,70.647177,69.896499,70.230134,0.333635,148
2024-06-17,295877,25449634,70.230134,72.565577,70.230134,71.73149,1.501356,312
2024-06-18,108068,9309942,72.482169,72.482169,71.73149,71.73149,0.0,149
2024-06-19,199447,17086975,72.148534,72.148534,71.147629,71.147629,-0.583861,243
2024-06-20,129201,11091120,71.481264,71.898308,71.147629,71.814899,0.66727,114
2024-06-21,352318,30598738,71.73149,72.815804,71.73149,72.565577,0.750678,285
2024-06-24,110136,9528308,72.565577,72.565577,71.898308,71.981716,-0.583861,139
2024-06-25,178104,15233985,71.814899,71.814899,70.897403,71.481264,-0.500452,127
2024-06-26,113464,9763168,71.481264,71.898308,71.481264,71.898308,0.417044,97
2024-06-27,69432,5982071,71.981716,72.065125,71.73149,71.814899,-0.083409,86
2024-06-28,174099,15094521,71.981716,72.815804,71.898308,72.39876,0.583861,152
2024-07-01,264546,23133342,72.565577,73.149438,72.565577,73.06603,0.66727,367
2024-07-02,117914,10288021,73.232847,73.232847,72.648986,72.648986,-0.417044,178
2024-07-03,281702,24402313,72.815804,72.899212,71.73149,71.814899,-0.834087,485
2024-07-04,99553,8629520,72.482169,72.482169,72.065125,72.315351,0.500452,112
2024-07-05,235196,20589510,72.648986,73.316256,72.482169,73.232847,0.917496,226
2024-07-08,137875,12006323,73.232847,73.399664,72.39876,72.39876,-0.834087,234
2024-07-09,193178,16673469,72.39876,72.565577,71.481264,72.065125,-0.333635,188
2024-07-10,100224,8628818,71.564673,72.148534,71.564673,71.648082,-0.417043,298
2024-07-11,745412,62660975,70.730586,70.730586,69.396046,69.562864,-2.085218,951
2024-07-12,116447,9725603,69.562864,69.979907,69.396046,69.81309,0.250226,165
2024-07-15,82728,6932322,69.81309,70.230134,69.479455,70.146725,0.333635,120
2024-07-16,62070,5221104,70.730586,70.730586,69.979907,70.48036,0.333635,121
2024-07-17,92675,7792401,70.396951,70.396951,69.896499,70.063316,-0.417044,131
2024-07-18,115546,9640285,69.896499,69.896499,69.312638,69.562864,-0.500452,172
2024-07-19,210606,17472537,69.562864,69.562864,68.979003,68.979003,-0.583861,299
2024-07-22,209519,17086176,68.979003,68.979003,67.727872,67.811281,-1.167722,274
2024-07-23,58850,4861732,69.562864,69.562864,68.645368,68.812185,1.000904,82
2024-07-26,101081,8251876,68.812185,68.812185,67.561055,68.061507,-0.750678,144
2024-07-29,85694,6999754,69.979907,69.979907,67.561055,67.978098,-0.083409,122
2024-07-30,79616,6460115,67.978098,68.061507,67.310829,67.978098,0.0,109
2024-07-31,61415,5026830,67.644464,68.812185,67.644464,68.228324,0.250226,77
2024-08-01,83055,6814218,68.979003,68.979003,68.228324,68.478551,0.250227,95
2024-08-02,142077,11684798,68.395142,69.396046,67.978098,67.978098,-0.500453,164
2024-08-05,445547,34072255,67.561055,67.561055,61.722445,62.306306,-5.671792,643
2024-08-06,230015,16922900,60.054271,63.223802,59.720636,62.306306,0.0,283
2024-08-07,118392,9044750,62.306306,65.058794,62.222897,64.224706,1.9184,171
2024-08-08,35813,2758555,64.474933,64.474933,63.807663,63.807663,-0.417043,184
2024-08-09,55432,4269572,64.975385,64.975385,63.97448,64.141298,0.333635,153
2024-08-12,91364,7079324,64.224706,64.808567,64.224706,64.808567,0.667269,85
2024-08-13,714404,51594473,62.389715,62.389715,59.387001,59.970862,-4.837705,957
2024-08-14,231212,16635739,60.13768,60.638132,59.720636,60.13768,0.166818,287
2024-08-15,104037,7496019,60.387906,60.387906,59.887454,60.304497,0.166817,113
2024-08-16,224152,16190823,60.304497,60.387906,59.970862,60.221088,-0.083409,219
2024-08-19,136479,9907830,60.054271,60.888358,60.054271,60.888358,0.66727,155
2024-08-20,172802,12727701,61.38881,62.05608,60.971767,61.055175,0.166817,197
2024-08-21,86914,6390037,61.055175,61.639036,60.638132,61.305402,0.250227,113
2024-08-22,56509,4143200,61.221993,61.38881,61.055175,61.055175,-0.250227,113
2024-08-23,90876,6615510,61.055175,61.055175,60.471314,60.888358,-0.166817,120
2024-08-26,157302,11667511,61.221993,62.389715,61.221993,61.472219,0.583861,113
2024-08-27,89678,6620722,62.222897,62.222897,61.472219,61.639036,0.166817,76
2024-08-28,63920,4724273,61.639036,61.805854,61.472219,61.639036,0.0,63
2024-08-29,74775,5487950,60.888358,61.639036,60.888358,61.221993,-0.417043,102
2024-08-30,244291,18201638,61.555628,62.890167,61.38881,62.556532,1.334539,226
2024-09-02,175971,13347184,62.72335,63.807663,62.222897,63.640845,1.084313,336
2024-09-03,134778,10272442,63.97448,63.97448,63.307211,63.390619,-0.250226,281
2024-09-04,238619,17584819,62.139489,62.72335,60.13768,62.639941,-0.750678,502
2024-09-05,128070,9518185,62.890167,62.890167,61.305402,61.472219,-1.167722,305
2024-09-06,124225,9123477,61.472219,61.639036,60.888358,61.639036,0.166817,138
2024-09-09,66328,4849718,60.971767,61.138584,60.888358,61.138584,-0.500452,72
2024-09-10,104988,7610431,61.472219,61.472219,59.970862,60.054271,-1.084313,201
2024-09-11,97665,6983018,60.054271,60.054271,59.387001,59.47041,-0.583861,160
2024-09-12,52537,3787868,60.054271,61.138584,59.970862,60.13768,0.66727,56
2024-09-13,36166,2622243,60.221088,60.638132,60.221088,60.554723,0.417043,62
2024-09-16,48046,3521773,60.888358,61.38881,60.888358,61.055175,0.500452,106
2024-09-18,59277,4356395,61.305402,61.722445,60.888358,61.138584,0.083409,287
2024-09-19,30071,2215264,61.221993,61.639036,61.138584,61.555628,0.417044,47
2024-09-20,105361,7884119,62.139489,62.72335,61.889263,62.556532,1.000904,318
2024-09-23,117669,8917354,62.556532,63.724254,62.556532,63.474028,0.917496,188
2024-09-24,105290,7961573,62.473124,63.640845,62.473124,63.223802,-0.250226,222
2024-09-25,99920,7613079,63.390619,63.724254,63.390619,63.474028,0.250226,121
2024-09-26,225425,17427371,63.724254,64.808567,63.724254,64.808567,1.334539,297
2024-09-27,344319,27299462,64.975385,67.144011,64.975385,65.976289,1.167722,496
2024-09-30,223347,17844037,66.643559,67.060603,66.226515,66.643559,0.66727,343
2024-10-01,216330,17141731,66.726968,66.726968,65.642654,65.976289,-0.66727,329
2024-10-04,823984,65450214,65.892881,66.726968,65.726063,65.726063,-0.250226,709
2024-10-07,297758,21688677,65.456294,65.456294,64.38762,64.743845,-0.982218,498
2024-10-08,176130,12585657,64.476676,64.476676,63.22989,63.853283,-0.890562,304
2024-10-09,155269,10973196,63.497058,63.497058,62.51744,62.873665,-0.979618,347
2024-10-11,65055,4590736,62.695553,63.051777,62.695553,62.784609,-0.089056,92
2024-10-14,69738,4898551,62.962721,63.051777,62.339328,62.428384,-0.356225,128
2024-10-15,90549,6361820,62.428384,63.408002,62.428384,62.51744,0.089056,114
2024-10-16,50888,3557613,62.428384,62.428384,62.072159,62.161215,-0.356225,74
2024-10-17,154793,10778419,62.161215,62.51744,61.715935,61.804991,-0.356224,159
2024-10-18,90862,6307543,62.250272,62.339328,61.626878,61.626878,-0.178113,116
2024-10-21,70092,4850849,61.715935,61.894047,61.448766,61.626878,0.0,94
2024-10-22,268551,18531262,61.537822,61.894047,61.003485,61.181597,-0.445281,246
2024-10-23,64366,4423683,61.181597,61.35971,61.003485,61.003485,-0.178112,106
2024-10-24,62799,4319667,61.003485,61.626878,61.003485,61.448766,0.445281,64
2024-10-25,62538,4308648,61.715935,61.715935,61.092541,61.448766,0.0,293
2024-10-28,105674,7196225,61.448766,61.448766,60.291036,60.380092,-1.068674,229
2024-10-29,137495,9106314,60.023867,60.023867,58.3318,58.509912,-1.87018,318
2024-10-30,132384,8561001,58.509912,58.509912,57.263125,57.441238,-1.068674,259
2024-11-01,96663,6195702,57.352182,58.420856,56.639732,58.3318,0.890562,158
2024-11-04,111505,7228793,59.133305,59.133305,56.995957,57.441238,-0.890562,174
2024-11-05,159553,10126788,57.263125,57.263125,56.105395,56.105395,-1.335843,303
2024-11-06,69665,4415164,56.105395,56.995957,56.105395,56.995957,0.890562,102
2024-11-07,151324,9897813,57.708406,58.598968,57.708406,58.598968,1.603011,308
2024-11-08,170881,11056415,57.708406,58.064631,57.263125,57.352182,-1.246786,154
2024-11-11,117332,7490706,56.194451,57.975575,56.194451,56.817845,-0.534337,145
2024-11-12,35168,2237486,56.906901,56.906901,56.372564,56.906901,0.089056,78
2024-11-13,305633,19119435,56.194451,56.46162,55.125777,55.303889,-1.603012,420
2024-11-14,167963,10261204,55.660114,55.660114,54.057103,54.146159,-1.15773,273
2024-11-15,173124,10439977,53.43371,54.324271,53.43371,53.522766,-0.623393,232
2024-11-18,126032,7585940,53.166541,54.146159,53.166541,53.968047,0.445281,181
2024-11-19,209358,12523904,54.235215,54.235215,52.899372,53.87899,-0.089057,355
2024-11-20,47310,2834921,53.789934,53.789934,53.077485,53.522766,-0.356224,62
2024-11-21,69709,4138729,53.522766,53.522766,52.543148,52.899372,-0.623394,172
2024-11-22,215063,12935297,52.543148,54.769552,52.365035,54.769552,1.87018,224
2024-11-25,61269,3747075,55.036721,55.036721,54.235215,54.413328,-0.356224,190
2024-11-26,34465,2117700,54.858608,55.214833,54.057103,54.680496,0.267168,67
2024-11-27,72124,4410655,54.680496,55.214833,53.87899,53.87899,-0.801506,194
2024-11-28,49773,2964353,53.522766,53.522766,52.632204,53.166541,-0.712449,70
2024-11-29,41437,2487934,52.72126,53.968047,52.72126,53.968047,0.801506,45
2024-12-02,47266,2847358,54.502384,54.502384,53.43371,53.789934,-0.178113,79
2024-12-03,67965,4112229,53.789934,54.235215,53.522766,54.057103,0.267169,74
2024-12-04,780414,50922085,54.858608,59.400474,53.968047,59.400474,5.343371,735
2024-12-05,1309586,93374234,64.120451,64.921957,61.537822,64.921957,5.521483,1788
2024-12-06,1825184,136593278,64.921957,70.087216,63.942339,64.120451,-0.801506,3017
2024-12-09,737740,51864296,63.586114,65.011013,60.825373,61.003485,-3.116966,1587
2024-12-10,566702,38593115,61.894047,64.476676,57.797463,57.797463,-3.206022,1217
2024-12-11,392737,25906765,58.509912,59.667642,57.797463,58.3318,0.534337,395
2024-12-12,399466,27129632,58.688024,61.804991,58.420856,60.558204,2.226404,568
2024-12-13,169120,11282644,59.756699,60.112923,58.777081,59.578586,-0.979618,473
2024-12-16,290019,18860058,59.578586,59.578586,56.639732,57.886519,-1.692067,358
2024-12-17,94686,6136864,57.085013,58.153687,57.085013,57.352182,-0.534337,116
2024-12-18,164798,10743916,57.352182,59.311418,56.194451,58.777081,1.424899,167
2024-12-19,58463,3818022,57.085013,58.777081,56.995957,58.064631,-0.71245,129
2024-12-20,56692,3726593,58.064631,58.777081,58.064631,58.777081,0.71245,129
2024-12-23,639045,44230850,58.509912,63.675171,58.509912,62.339328,3.562247,673
2024-12-24,103477,7177108,62.428384,62.51744,61.448766,61.448766,-0.890562,681
2024-12-25,395156,28033673,60.64726,64.38762,60.64726,63.408002,1.959236,768
2024-12-26,639306,47137596,63.675171,67.237418,63.408002,64.298564,0.890562,1206
2024-12-27,232746,16861715,65.456294,65.723463,63.497058,63.942339,-0.356225,750
2024-12-30,114036,8032077,63.051777,63.408002,62.072159,62.51744,-1.424899,267
2024-12-31,75727,5278518,62.161215,62.51744,61.715935,62.339328,-0.178112,154
2025-01-02,113892,7906472,61.983103,62.339328,61.448766,61.715935,-0.623393,420
2025-01-03,144837,10074088,62.250272,63.140833,61.270654,62.250272,0.534337,119
2025-01-06,432429,31533287,63.853283,66.703081,63.140833,63.140833,0.890561,456
2025-01-07,599311,43636252,64.120451,65.990631,63.408002,64.476676,1.335843,733
2025-01-08,824911,61298879,64.209508,67.237418,63.675171,66.435912,1.959236,984
2025-01-09,965307,73346138,66.792137,69.28571,65.901575,66.346856,-0.089056,1643
2025-01-10,419026,30971967,66.792137,68.573261,64.565732,64.654789,-1.692067,700
2025-01-13,415247,28350233,61.448766,63.140833,59.845755,60.64726,-4.007529,1172
2025-01-14,81852,5539682,60.825373,60.914429,59.934811,60.380092,-0.267168,178
2025-01-15,156090,10405972,60.112923,60.112923,58.955193,58.955193,-1.424899,1003
2025-01-16,197369,13482651,60.291036,62.072159,59.222361,61.626878,2.671685,352
2025-01-17,58819,4036423,60.825373,61.715935,60.64726,61.003485,-0.623393,259
2025-01-20,78303,5328333,61.003485,61.181597,60.112923,60.469148,-0.534337,498
2025-01-21,62751,4250634,60.469148,60.736317,59.756699,60.558204,0.089056,219
2025-01-22,88700,6040492,60.558204,61.092541,60.112923,60.64726,0.089056,90
2025-02-03,322181,22705619,60.558204,64.743845,60.023867,61.715935,1.068675,515
2025-02-04,417001,30082033,61.448766,65.54535,61.448766,63.942339,2.226404,930
2025-02-05,288624,20594335,63.942339,64.476676,63.051777,63.140833,-0.801506,529
2025-02-06,1289835,97194023,63.22989,68.929485,63.22989,68.217036,5.076203,2144
2025-02-07,389529,29472294,68.751373,68.751373,66.792137,66.970249,-1.246787,1617
2025-02-10,236759,17638245,67.504586,68.484204,65.456294,65.723463,-1.246786,1013
2025-02-11,225108,16830259,66.703081,67.237418,65.901575,66.2578,0.534337,281
2025-02-12,138098,10291744,66.970249,67.148362,65.456294,66.168744,-0.089056,245
2025-02-13,191365,14095307,66.346856,66.614025,65.100069,65.278182,-0.890562,303
2025-02-14,215597,15884707,65.189126,66.792137,64.832901,65.011013,-0.267169,360
2025-02-17,182213,13471946,65.100069,66.524968,65.011013,66.435912,1.424899,188
2025-02-18,173533,12947315,66.792137,67.326474,65.723463,65.990631,-0.445281,248
2025-02-19,131227,9804549,66.079687,66.881193,66.079687,66.792137,0.801506,143
2025-02-20,262073,19782270,66.792137,68.217036,66.346856,66.703081,-0.089056,611
2025-02-21,1471709,117532287,66.881193,73.02607,66.435912,73.02607,6.322989,3128
2025-02-24,504966,40877617,71.690227,72.847957,71.244946,71.957396,-1.068674,1039
2025-02-25,321747,25619993,71.779283,71.957396,69.820047,71.957396,0.0,1095
2025-02-26,618432,50912428,72.224564,75.163418,71.244946,72.758901,0.801505,1390
2025-02-27,389994,31445658,73.382294,73.827575,70.799665,70.799665,-1.959236,1215
2025-03-03,749934,61104124,69.641935,75.34153,69.641935,72.402676,1.603011,895
2025-03-04,668161,52997029,69.641935,73.293238,68.840429,70.888721,-1.513955,565
2025-03-05,166065,13283090,72.402676,72.402676,70.621553,71.066834,0.178113,208
2025-03-06,390866,30596699,71.244946,71.244946,68.662317,69.018542,-2.048292,692
2025-03-07,969775,71143005,69.018542,69.107598,63.586114,64.565732,-4.45281,1025
2025-03-10,208657,15166968,65.634407,65.723463,63.942339,65.278182,0.71245,334
2025-03-11,322275,23444847,63.942339,66.524968,62.250272,65.901575,0.623393,380
2025-03-12,110863,8294544,66.079687,67.682699,65.990631,66.079687,0.178112,521
2025-03-13,485697,36913150,66.168744,69.018542,66.168744,66.435912,0.356225,649
2025-03-14,117943,8672761,67.237418,67.237418,64.654789,65.723463,-0.712449,498
2025-03-17,190925,14422435,67.148362,67.949867,66.435912,67.237418,1.513955,245
2025-03-18,459031,35734070,67.593643,70.354384,67.593643,69.641935,2.404517,635
2025-03-19,160715,12568144,69.730991,70.799665,69.196654,69.28571,-0.356225,174
2025-03-20,495142,39507145,69.820047,72.046452,68.573261,71.066834,1.781124,462
2025-03-21,239828,19189545,72.224564,72.224564,70.44344,71.423058,0.356224,400
2025-03-24,281882,22739103,72.046452,72.402676,71.15589,71.601171,0.178113,261
2025-03-25,220254,17767242,73.02607,73.02607,71.244946,71.779283,0.178112,274
2025-03-26,2364029,198613735,71.779283,76.766429,71.779283,74.094744,2.315461,1855
2025-03-27,534480,44142869,74.807193,74.807193,72.491733,74.450969,0.356225,520
2025-03-28,668371,54621500,73.471351,74.807193,71.334002,74.361912,-0.089057,595
2025-03-31,569751,45380199,72.046452,73.02607,69.28571,69.909103,-4.452809,511
2025-04-01,263382,21058451,70.710609,71.779283,70.532497,71.423058,1.513955,234
2025-04-02,732057,60989903,71.512115,75.519643,71.512115,74.450969,3.027911,706
2025-04-07,87018,6552443,67.059306,67.059306,67.059306,67.059306,-7.391663,86
2025-04-08,384754,26086416,60.380092,60.380092,60.380092,60.380092,-6.679214,499
2025-04-09,124712,7619809,54.413328,54.413328,54.413328,54.413328,-5.966764,328
2025-04-10,1862810,121886968,59.845755,59.845755,57.263125,57.263125,2.849797,1438
2025-04-11,1757149,102530242,54.947665,54.947665,51.56353,53.077485,-4.18564,2911
2025-04-14,974256,59456073,54.858608,56.372564,52.543148,53.43371,0.356225,834
2025-04-15,620181,38889057,53.968047,57.085013,53.968047,56.906901,3.473191,584
2025-04-16,372910,23252661,56.639732,56.995957,54.858608,54.947665,-1.959236,656
2025-04-17,299202,18205097,54.59144,54.769552,53.522766,54.413328,-0.534337,303
2025-04-18,107281,6573941,54.502384,54.858608,54.146159,54.502384,0.089056,243
2025-04-21,377304,22321540,54.324271,55.214833,51.741642,51.741642,-2.760742,529
2025-04-22,246008,14122561,50.762024,51.919754,50.316743,50.940136,-0.801506,271
2025-04-23,234371,13929803,51.741642,53.968047,51.741642,53.87899,2.938854,272
2025-04-24,130903,7939654,54.502384,54.502384,53.522766,54.057103,0.178113,136
2025-04-25,254300,15719474,54.769552,55.571058,54.680496,55.125777,1.068674,255
2025-04-28,219863,13843097,55.125777,56.550676,55.125777,56.194451,1.068674,217
2025-04-29,206598,13172437,56.283507,57.085013,56.283507,56.995957,0.801506,196
2025-04-30,118474,7555196,57.263125,57.263125,56.372564,56.639732,-0.356225,124
2025-05-02,137674,8863776,56.906901,57.797463,56.906901,57.174069,0.534337,174
2025-05-05,253583,15714492,57.174069,57.174069,54.146159,54.858608,-2.315461,515
2025-05-06,101560,6252879,54.680496,55.214833,54.413328,55.036721,0.178113,257
2025-05-07,96740,6008809,55.125777,55.74917,55.036721,55.036721,0.0,133
2025-05-08,177904,11241423,54.502384,57.085013,54.502384,56.995957,1.959236,202
2025-05-09,137859,8855427,57.708406,57.797463,56.639732,57.441238,0.445281,161
2025-05-12,266939,17621975,57.975575,59.133305,57.975575,59.044249,1.603011,316
2025-05-13,592750,39824314,61.448766,61.894047,58.598968,58.598968,-0.445281,738
2025-05-14,835951,58047014,59.667642,63.318946,59.578586,63.22989,4.630922,898
2025-05-15,775091,56607397,63.586114,66.703081,63.140833,65.100069,1.870179,1156
2025-05-16,429797,32060734,64.565732,67.41553,64.565732,66.168744,1.068675,778
2025-05-19,350101,25805610,66.524968,66.524968,64.209508,65.723463,-0.445281,413
2025-05-20,633885,48213749,68.484204,69.018542,66.614025,67.593643,1.87018,625
2025-05-21,375427,28251526,67.504586,67.682699,66.2578,67.504586,-0.089057,391
2025-05-22,464195,35628012,67.41553,69.196654,67.059306,68.751373,1.246787,531
2025-05-23,487420,38350528,68.573261,70.621553,68.573261,69.99816,1.246787,499
2025-05-26,229594,18023774,70.354384,70.799665,69.28571,69.28571,-0.71245,256
2025-05-27,311956,23815672,69.28571,69.730991,67.237418,67.949867,-1.335843,315
2025-05-28,174134,13178895,69.28571,69.28571,66.792137,66.792137,-1.15773,188
2025-05-29,183622,13871060,68.12798,68.12798,66.524968,67.326474,0.534337,156
2025-06-02,156312,11504155,65.990631,66.524968,65.011013,65.723463,-1.603011,177
2025-06-03,97614,7216382,65.723463,66.614025,65.278182,65.901575,0.178112,81
2025-06-04,70627,5237600,66.346856,66.703081,65.723463,65.723463,-0.178112,99
2025-06-05,130564,9467739,65.723463,65.723463,63.942339,64.209508,-1.513955,269
2025-06-06,77519,5572588,64.298564,64.476676,63.586114,64.209508,0.0,105
2025-06-09,241867,17917670,65.367238,67.148362,65.100069,66.970249,2.760741,269
2025-06-10,553959,42116754,66.970249,69.820047,66.079687,66.970249,0.0,612
2025-06-11,267059,20176722,67.682699,68.484204,66.435912,67.593643,0.623394,395
2025-06-12,499150,38730591,68.12798,69.99816,67.504586,68.573261,0.979618,450
2025-06-13,207419,15730145,68.484204,68.484204,67.148362,67.148362,-1.424899,328
2025-06-16,157257,11732938,67.059306,67.41553,65.723463,67.41553,0.267168,231
2025-06-17,141111,10672456,67.771755,68.484204,66.614025,67.593643,0.178113,164
2025-06-18,118468,8940158,68.12798,68.12798,66.524968,67.504586,-0.089057,137
2025-06-19,106849,7967178,67.41553,67.41553,65.901575,65.901575,-1.603011,156
2025-06-20,66898,4923299,65.990631,66.079687,65.011013,65.723463,-0.178112,83
2025-06-23,94687,6820683,65.812519,65.812519,63.497058,64.476676,-1.246787,105
2025-06-24,59591,4404973,65.100069,66.079687,65.100069,65.990631,1.513955,78
2025-06-25,79805,5936760,66.168744,66.792137,65.901575,66.346856,0.356225,108
2025-06-26,65945,4893942,66.168744,66.346856,65.812519,65.901575,-0.445281,113
2025-06-27,127378,9276002,65.723463,65.723463,64.120451,64.654789,-1.246786,141
2025-06-30,58483,4213446,64.298564,64.654789,63.764227,64.654789,0.0,70
2025-07-01,67685,4929742,64.743845,65.812519,64.209508,65.011013,0.356224,69
2025-07-02,69987,5067323,64.120451,65.011013,64.120451,64.654789,-0.356224,103
2025-07-03,72620,5353810,64.832901,65.901575,64.832901,65.634407,0.979618,85
2025-07-04,86003,6215473,65.634407,65.723463,63.942339,64.120451,-1.513956,126
2025-07-07,71860,5097618,63.675171,63.675171,62.428384,63.051777,-1.068674,126
2025-07-08,103411,7261224,62.695553,63.140833,62.161215,62.695553,-0.356224,98
2025-07-09,101939,7257611,62.339328,64.031395,62.339328,63.764227,1.068674,137
2025-07-10,118084,8536214,63.586114,65.011013,63.586114,64.209508,0.445281,144
2025-07-11,155110,11318743,64.298564,65.723463,64.298564,65.011013,0.801505,185
2025-07-14,93621,6906228,65.54535,66.346856,65.189126,65.367238,0.356225,217
2025-07-15,164028,12198118,65.901575,66.614025,65.634407,65.812519,0.445281,184
2025-07-16,108749,8054459,66.079687,66.435912,65.723463,66.079687,0.267168,91
2025-07-17,136968,10212202,66.346856,66.614025,65.901575,66.524968,0.445281,147
2025-07-18,104498,7829600,66.792137,66.970249,66.435912,66.881193,0.356225,99
2025-07-21,240276,18231786,66.970249,68.038924,66.970249,67.771755,0.890562,215
2025-07-22,140990,10558761,68.038924,68.12798,65.54535,65.812519,-1.959236,160
2025-07-23,88807,6655252,66.792137,66.970249,66.346856,66.792137,0.979618,101
2025-07-24,189330,14350663,66.792137,68.12798,66.346856,67.593643,0.801506,209
2025-07-25,49545,3736610,67.41553,67.593643,66.881193,66.881193,-0.71245,208
2025-07-28,66653,5025906,66.881193,67.593643,66.881193,67.326474,0.445281,94
2025-07-29,67885,5110570,66.881193,67.41553,66.524968,66.792137,-0.534337,87
2025-07-30,50574,3804504,67.237418,67.326474,66.614025,67.059306,0.267169,65
2025-07-31,79922,5947533,66.792137,66.792137,65.990631,66.2578,-0.801506,73
2025-08-01,52525,3902086,65.278182,66.970249,65.189126,66.524968,0.267168,57
2025-08-04,47963,3580896,66.435912,66.881193,65.901575,66.881193,0.356225,48
2025-08-05,199336,15274238,66.970249,68.573261,66.970249,68.573261,1.692068,224
2025-08-06,243290,18825098,69.28571,69.374766,68.12798,68.662317,0.089056,337
2025-08-07,154358,11811948,69.107598,69.196654,67.771755,68.038924,-0.623393,320
2025-08-08,137244,10458584,68.12798,68.395148,67.326474,67.860811,-0.178113,194
2025-08-11,104342,7844258,67.949867,67.949867,66.524968,66.614025,-1.246786,121
2025-08-12,623373,44489481,65.367238,65.367238,62.784609,63.318946,-3.295079,636
2025-08-13,285866,20285725,63.22989,64.209508,62.51744,62.784609,-0.534337,328
2025-08-14,145794,10334904,62.339328,63.408002,62.339328,63.051777,0.267168,303
2025-08-15,348263,24369482,62.873665,63.051777,61.537822,61.537822,-1.513955,448
2025-08-18,601172,40342740,60.914429,60.914429,58.777081,58.777081,-2.760741,821
2025-08-19,186442,12490609,58.777081,60.558204,58.777081,59.044249,0.267168,205
2025-08-20,107977,7076047,59.044249,59.044249,57.975575,58.242743,-0.801506,174
2025-08-21,121600,8165273,59.311418,60.380092,59.222361,59.845755,1.603012,153
2025-08-22,89859,6051124,59.845755,60.380092,59.667642,59.756699,-0.089056,192
2025-08-25,103297,6993175,60.291036,60.825373,60.023867,60.023867,0.267168,119
2025-08-26,53683,3610938,59.667642,60.201979,59.48953,59.934811,-0.089056,74
2025-08-27,157845,10821582,60.291036,61.35971,60.023867,60.914429,0.979618,165
2025-08-28,316675,22209396,61.092541,63.408002,61.003485,62.339328,1.424899,453
2025-08-29,156442,11019904,63.22989,63.497058,62.339328,62.428384,0.089056,194
2025-09-01,124597,8647633,62.51744,62.606496,61.35971,61.448766,-0.979618,154
2025-09-02,124049,8501674,62.072159,62.072159,60.64726,60.914429,-0.534337,159
2025-09-03,125897,8680232,61.003485,62.072159,61.003485,61.626878,0.712449,94
2025-09-04,162316,11335594,61.983103,62.784609,61.804991,61.894047,0.267169,156
2025-09-05,220767,15308031,62.51744,62.51744,61.181597,61.537822,-0.356225,343
2025-09-08,542446,37938130,61.537822,63.497058,61.537822,61.894047,0.356225,484
2025-09-09,627858,41331727,62.832037,63.300933,60.581337,60.581337,-1.31271,548
2025-09-10,439639,29332859,60.956454,63.394712,60.581337,62.269362,1.688025,433
2025-09-11,340135,22148804,62.456921,63.019596,60.206221,60.206221,-2.063141,599
2025-09-12,164853,10665729,60.487558,61.42535,60.112442,60.206221,0.0,211
2025-09-15,144923,9196129,60.112442,60.112442,58.893313,59.643546,-0.562675,172
2025-09-16,94051,5980932,59.268429,60.018663,58.987092,60.018663,0.375117,119
2025-09-17,61080,3900226,60.487558,60.487558,59.362208,59.549767,-0.468896,82
2025-09-18,86393,5573460,60.112442,60.956454,59.643546,60.768896,1.219129,273
2025-09-19,105960,6960977,61.144012,62.269362,60.956454,61.050233,0.281337,201
2025-09-22,75669,4929653,61.706687,61.706687,60.487558,61.050233,0.0,144
2025-09-23,77527,5026291,61.706687,61.706687,60.3,60.3,-0.750233,91
2025-09-24,88133,5655210,60.3,60.581337,59.737325,60.3,0.0,109
2025-09-25,51008,3291433,60.581337,60.956454,60.112442,60.112442,-0.187558,107
2025-09-26,157733,9927337,60.112442,60.112442,58.705754,58.705754,-1.406688,236
2025-09-30,39128,2467413,58.705754,59.549767,58.236858,59.549767,0.844013,73
2025-10-01,31168,1980661,59.549767,59.831104,59.455988,59.549767,0.0,190
2025-10-02,112359,7043165,59.17465,59.17465,58.330638,58.518196,-1.031571,233
2025-10-03,72079,4516510,58.705754,59.080871,58.424417,58.424417,-0.093779,99
2025-10-07,85200,5328101,58.799533,59.080871,57.767963,58.611975,0.187558,121
2025-10-08,105270,6527839,58.143079,58.611975,57.674184,58.143079,-0.468896,255
2025-10-09,462470,30360613,60.487558,63.207154,60.112442,61.800467,3.657388,509
2025-10-13,188782,12110883,59.924883,60.862675,59.268429,60.581337,-1.21913,267
2025-10-14,158593,10209839,60.581337,61.331571,59.455988,59.455988,-1.125349,211
2025-10-15,126557,7927321,59.455988,59.549767,58.0493,58.893313,-0.562675,184
2025-10-16,150003,9582805,59.549767,60.3,59.17465,60.206221,1.312908,146
2025-10-17,78012,5006697,60.956454,60.956454,59.831104,59.831104,-0.375117,113
2025-10-20,58015,3728738,60.487558,60.581337,60.018663,60.3,0.468896,61
2025-10-21,155364,10135969,60.675117,61.519129,60.581337,61.050233,0.750233,147
2025-10-22,74462,4877265,60.956454,61.800467,60.956454,61.519129,0.468896,90
2025-10-23,397853,26726020,61.706687,64.332504,61.706687,61.706687,0.187558,462
2025-10-27,137324,9118420,61.988025,63.67605,61.519129,62.5507,0.844013,387
2025-10-28,105479,6964636,62.363142,62.456921,61.331571,61.706687,-0.844013,190
2025-10-29,468277,31912079,62.269362,64.707621,62.175583,64.051166,2.344479,514
2025-10-30,232609,15895099,63.957387,64.8014,63.582271,64.613841,0.562675,280
2025-10-31,196768,13566701,64.895179,65.082737,64.051166,64.707621,0.09378,200
2025-11-03,150980,10420858,64.895179,65.082737,64.332504,64.707621,0.0,262
2025-11-04,150253,10239363,64.520062,64.707621,63.488491,63.67605,-1.031571,511
2025-11-05,75578,5089673,63.488491,63.863608,62.456921,63.863608,0.187558,93
2025-11-06,113019,7732608,64.238725,64.707621,63.394712,64.144946,0.281338,118
2025-11-07,764823,55011153,65.551633,69.20902,65.551633,67.239658,3.094712,1536
2025-11-10,2627341,205180289,71.647278,73.897978,70.709487,73.429082,6.189424,8100
2025-11-11,1982023,158915583,73.429082,77.555365,72.303733,75.210886,1.781804,3742
2025-11-12,1447957,112144915,76.054899,76.054899,70.990824,73.71042,-1.500466,3554
2025-11-13,758955,60042806,75.023328,75.398445,73.241524,73.71042,0.0,926
2025-11-14,1952237,159420300,73.522862,78.774495,73.522862,78.21182,4.5014,2286
2025-11-17,1487042,122202629,78.586936,78.680715,75.773561,76.148678,-2.063142,1314
2025-11-18,1003365,82730229,76.711353,79.524728,75.304666,76.711353,0.562675,2884
2025-11-19,669526,54900089,77.649145,78.21182,75.304666,77.367807,0.656454,950
2025-11-20,594798,49317801,78.21182,78.868274,76.898911,76.898911,-0.468896,1123
2025-11-21,1614331,135212502,75.773561,80.556299,75.679782,77.274028,0.375117,2424
2025-11-24,948671,79878060,78.399378,80.462519,77.742924,77.930482,0.656454,1739
2025-11-25,836678,70007848,78.868274,79.712286,76.523795,79.24339,1.312908,1291
2025-11-26,1484801,127801283,80.181182,81.587869,79.24339,81.49409,2.2507,2368
2025-11-27,1079136,92437579,82.150544,82.244323,79.24339,79.993624,-1.500466,4007
2025-11-28,708118,59067345,80.181182,80.181182,77.08647,77.461586,-2.532038,1350
2025-12-01,523175,42729601,77.742924,77.742924,75.679782,76.336236,-1.12535,684
2025-12-02,392494,32142567,76.617574,77.367807,75.867341,77.180249,0.844013,494
2025-12-03,1089503,92981056,78.11804,82.056765,76.898911,80.462519,3.28227,1329
2025-12-04,531288,44777027,80.650078,80.650078,78.21182,78.586936,-1.875583,1081
2025-12-05,456641,38361042,78.680715,79.993624,78.024261,78.11804,-0.468896,551
2025-12-08,717845,58473136,77.742924,78.586936,74.741991,78.493157,0.375117,804
2025-12-09,1878855,141997780,71.647278,72.209953,70.709487,70.709487,-7.78367,2091
2025-12-10,1196242,86696764,68.927683,69.021462,67.0521,68.271229,-2.438258,1307
2025-12-11,628186,44994976,68.271229,68.458787,66.301866,66.95832,-1.312909,683
2025-12-12,548590,38782765,67.145879,67.333437,65.551633,65.645412,-1.312908,606
2025-12-15,267034,18553231,64.707621,65.83297,64.707621,64.8014,-0.844012,392
2025-12-16,235256,16214124,64.520062,65.270295,64.051166,64.613841,-0.187559,279
2025-12-17,311728,21776895,65.364075,66.208087,64.895179,65.270295,0.656454,336
2025-12-18,360789,25511474,65.082737,66.95832,65.082737,66.583204,1.312909,392
2025-12-19,288677,20343364,67.0521,67.145879,65.645412,65.645412,-0.937792,330
2025-12-22,288473,20137530,65.645412,66.395645,65.082737,65.082737,-0.562675,284
2025-12-23,246985,17014672,65.082737,65.457854,64.144946,64.332504,-0.750233,306
2025-12-24,143149,9804019,64.520062,64.895179,63.863608,63.863608,-0.468896,189
2025-12-26,200609,13592140,63.394712,64.051166,63.300933,63.300933,-0.562675,220
2025-12-29,161920,10916654,63.67605,63.67605,62.925816,63.488491,0.187558,256
2025-12-30,214387,14552534,63.113375,64.707621,62.832037,64.613841,1.12535,240
2025-12-31,159187,10974432,64.707621,65.551633,63.769829,63.769829,-0.844012,536
2026-01-02,228716,15768866,63.769829,65.176516,63.769829,64.238725,0.468896,223
2026-01-05,428530,28790669,64.426283,64.988958,62.363142,62.644479,-1.594246,480
2026-01-06,74587,5017032,62.832037,63.488491,62.832037,63.019596,0.375117,90
2026-01-07,193518,13133868,63.019596,64.238725,63.019596,63.67605,0.656454,213
2026-01-08,143682,9774987,63.488491,64.707621,63.394712,63.394712,-0.281338,205
2026-01-09,270153,18587717,63.67605,64.988958,63.582271,64.988958,1.594246,272
2026-01-12,407167,27760460,64.988958,64.988958,63.113375,64.332504,-0.656454,457
2026-01-13,589424,39465001,64.332504,64.613841,61.988025,62.175583,-2.156921,672
2026-01-14,214116,14489509,63.019596,64.051166,62.644479,63.582271,1.406688,231
2026-01-15,90469,6133030,63.582271,63.957387,63.300933,63.394712,-0.187559,130
2026-01-16,131410,8955616,63.394712,64.613841,63.394712,63.488491,0.093779,171
2026-01-19,337896,23071108,63.488491,65.082737,62.832037,64.051166,0.562675,279
2026-01-20,140930,9653004,63.67605,64.613841,63.67605,64.613841,0.562675,196
2026-01-21,427620,28833244,64.520062,64.613841,62.644479,63.019596,-1.594245,451
2026-01-22,216635,14622506,63.67605,63.769829,63.019596,63.300933,0.281337,203
2026-01-23,200866,13708767,63.67605,64.613841,63.67605,63.957387,0.656454,208
2026-01-26,247121,17095074,64.520062,65.551633,64.238725,64.707621,0.750234,256
2026-01-27,237905,16266079,64.707621,65.176516,63.394712,63.582271,-1.12535,293
2026-01-28,331063,22234756,63.582271,63.863608,62.738258,62.925816,-0.656455,373
2026-01-29,230076,15326384,63.019596,63.019596,62.269362,62.269362,-0.656454,272
2026-01-30,308859,20113560,62.363142,62.5507,60.675117,60.768896,-1.500466,364
2026-02-02,164477,10610427,60.862675,60.862675,60.018663,60.393779,-0.375117,162
2026-02-03,49268,3192661,61.519129,61.519129,60.206221,60.956454,0.562675,73
2026-02-04,95391,6221257,60.675117,61.612908,60.487558,61.144012,0.187558,103
2026-02-05,129866,8508552,60.956454,62.5507,60.675117,60.956454,-0.187558,154
2026-02-06,152138,9632811,61.237792,61.237792,58.705754,59.831104,-1.12535,195
2026-02-09,73147,4688989,60.956454,60.956454,59.831104,59.831104,0.0,109
2026-02-10,75351,4796043,60.393779,60.393779,58.611975,60.018663,0.187559,104
2026-02-11,919401,63058364,64.613841,65.551633,62.925816,64.613841,4.595178,886
2026-02-23,280488,19360530,64.707621,65.551633,64.238725,64.332504,-0.281337,596
2026-02-24,174957,11888589,64.144946,64.238725,63.300933,63.67605,-0.656454,363
2026-02-25,204017,13991817,64.238725,64.988958,63.394712,64.988958,1.312908,198
2026-02-26,278371,19232295,65.83297,66.114308,63.957387,64.426283,-0.562675,259
2026-03-02,178004,12110170,63.019596,64.238725,63.019596,63.769829,-0.656454,183
2026-03-03,262254,17542014,64.144946,64.144946,62.175583,62.456921,-1.312908,280
2026-03-04,182420,11768725,61.800467,61.800467,59.737325,60.206221,-2.2507,243
2026-03-05,125982,8378452,60.956454,63.300933,60.956454,62.363142,2.156921,127
2026-03-06,91371,6083406,61.800467,63.113375,61.42535,62.925816,0.562674,110
2026-03-09,422684,25880166,57.299067,58.236858,56.642613,57.767963,-5.157853,462
2026-03-10,116496,7322431,58.236858,59.549767,58.236858,58.987092,1.219129,132
2026-03-11,92511,5876932,58.987092,60.3,58.987092,59.17465,0.187558,138
2026-03-12,242094,15877819,61.237792,62.175583,60.487558,61.612908,2.438258,251
2026-03-13,80024,5278664,60.862675,62.175583,60.862675,61.894246,0.281338,120
2026-03-16,94722,6206389,61.800467,61.800467,60.956454,61.42535,-0.468896,116
2026-03-17,114689,7563182,61.988025,62.175583,61.612908,62.081804,0.656454,120
2026-03-18,131576,8762803,62.269362,62.832037,62.081804,62.738258,0.656454,134
2026-03-19,156969,10380253,61.519129,62.644479,61.519129,61.800467,-0.937791,183
2026-03-20,110835,7380104,61.519129,63.113375,61.519129,62.5507,0.750233,129
2026-03-23,127678,8330898,61.144012,62.081804,60.956454,60.956454,-1.594246,166
2026-03-24,83982,5477821,61.42535,61.988025,60.487558,61.050233,0.093779,94
2026-03-25,75972,5001547,61.050233,62.5507,61.050233,62.363142,1.312909,82
2026-03-26,104423,6935222,62.363142,62.925816,61.894246,61.894246,-0.468896,123
2026-03-27,126601,8440021,60.862675,63.113375,60.862675,62.738258,0.844012,139
2026-03-30,97569,6448252,62.175583,62.363142,61.612908,62.269362,-0.468896,115
2026-03-31,142564,9316526,62.175583,62.269362,60.487558,60.581337,-1.688025,166
2026-04-01,129540,8592505,61.42535,62.5507,61.42535,62.456921,1.875584,103
2026-04-02,97780,6478476,62.456921,62.456921,61.800467,62.175583,-0.281338,108
2026-04-07,86303,5765751,63.019596,63.019596,62.175583,62.5507,0.375117,93
2026-04-08,143672,9695890,62.738258,63.488491,62.738258,63.488491,0.937791,168
2026-04-09,89014,6018355,63.582271,63.67605,63.113375,63.394712,-0.093779,158
2026-04-10,462071,29808779,59.080871,61.144012,59.080871,60.768896,-2.625816,608
2026-04-13,266224,17117550,60.768896,61.612908,59.831104,60.206221,-0.562675,272
2026-04-14,158543,10188734,60.206221,60.768896,60.018663,60.112442,-0.093779,156
2026-04-15,203250,13071964,61.237792,61.519129,59.924883,59.924883,-0.187559,172
2026-04-16,122876,7967668,60.956454,61.144012,60.487558,60.862675,0.937792,121
2026-04-17,139855,9137761,60.675117,61.612908,60.675117,61.519129,0.656454,124
2026-04-20,103644,6784363,61.706687,62.081804,60.956454,61.519129,0.0,135
2026-04-21,137586,9066620,61.612908,62.175583,61.237792,62.175583,0.656454,132
2026-04-22,329370,22040222,62.363142,63.394712,62.081804,62.832037,0.656454,281
2026-04-23,340404,22326247,63.488491,63.488491,60.487558,61.706687,-1.12535,345
2026-04-24,128300,8359512,61.331571,61.706687,60.768896,60.862675,-0.844012,124
2026-04-27,140825,8992336,60.206221,60.581337,59.643546,59.831104,-1.031571,190
2026-04-28,138878,8839261,59.737325,59.924883,59.455988,59.643546,-0.187558,143
2026-04-29,90357,5770628,59.643546,60.393779,59.268429,60.018663,0.375117,96
2026-04-30,126717,8139819,60.3,60.768896,59.924883,60.487558,0.468895,114
2026-05-04,590799,40170519,61.050233,64.988958,61.050233,64.988958,4.5014,571
2026-05-05,2017666,150876949,67.427216,71.45972,66.770762,71.45972,6.470762,1880
2026-05-06,3775063,287264306,71.834837,73.241524,67.614774,70.615708,-0.844012,6508
2026-05-07,2477476,181929773,70.428149,72.209953,65.83297,66.676983,-3.938725,5963
2026-05-08,629920,43992507,66.583204,66.583204,64.332504,64.613841,-2.063142,2642
2026-05-11,1858464,137269669,64.613841,70.990824,64.426283,70.053033,5.439192,2945
2026-05-12,797856,57557802,68.646345,70.053033,66.676983,67.333437,-2.719596,2077
2026-05-13,385500,27022549,66.208087,66.95832,65.270295,65.457854,-1.875583,2017
2026-05-14,401149,28176376,65.83297,66.676983,65.082737,65.082737,-0.375117,1034
2026-05-15,308106,21230434,65.645412,65.739191,63.67605,63.863608,-1.219129,1538
2026-05-18,180518,12256663,63.113375,64.707621,62.832037,64.332504,0.468896,464
2026-05-19,183336,12564955,63.863608,64.988958,63.769829,64.051166,-0.281338,535
2026-05-20,197289,13550662,63.957387,65.176516,63.488491,64.707621,0.656455,222
2026-05-21,339082,23857307,65.176516,66.676983,65.082737,66.301866,1.594245,406
2026-05-22,430537,30712368,66.676983,67.802333,66.020529,67.802333,1.500467,429
2026-05-25,588993,42756817,67.989891,68.927683,67.614774,68.08367,0.281337,589
2026-05-26,327060,23600572,68.458787,68.646345,67.239658,67.520995,-0.562675,330
2026-05-27,260063,18486588,67.708554,67.708554,66.114308,66.395645,-1.12535,2286
2026-05-28,359732,25545292,66.770762,67.614774,65.739191,66.020529,-0.375116,435
2026-05-29,162776,11556555,67.0521,67.0521,66.208087,66.301866,0.281337,221
2026-06-01,380653,27246663,66.864541,67.802333,66.489425,67.520995,1.219129,872
2026-06-02,318176,22923415,67.802333,68.271229,67.0521,67.614774,0.093779,525
2026-06-03,347854,25216006,68.08367,68.740124,67.520995,67.989891,0.375117,906
2026-06-04,299823,21647173,67.989891,68.271229,67.239658,67.520995,-0.468896,480
2026-06-05,170875,12152279,67.520995,67.520995,66.208087,66.676983,-0.844012,326
2026-06-08,212787,14379949,61.519129,64.895179,61.42535,64.895179,-1.781804,632
2026-06-09,131486,9203287,64.988958,65.92675,64.988958,65.645412,0.750233,182
2026-06-10,364963,24946041,64.520062,64.988958,63.113375,63.300933,-2.344479,1633
2026-06-11,258500,17216394,62.456921,63.582271,61.894246,62.925816,-0.375117,508
2026-06-12,176014,11839877,63.394712,63.582271,62.644479,62.738258,-0.187558,327
2026-06-15,134311,9078642,63.300933,63.67605,62.925816,63.300933,0.562675,346
2026-06-16,141686,9579084,63.769829,64.051166,62.832037,62.832037,-0.468896,263
2026-06-17,75441,5074301,63.207154,63.300933,62.832037,63.113375,0.281338,126
2026-06-18,152948,10326419,63.67605,63.769829,63.113375,63.113375,0.0,816
2026-06-22,163713,11121348,63.394712,63.957387,63.300933,63.863608,0.750233,276
2026-06-23,217352,14744113,64.238725,64.988958,63.019596,63.769829,-0.093779,995
2026-06-24,173220,11659019,62.832037,63.582271,62.832037,63.113375,-0.656454,2328
2026-06-25,87907,5915880,64.051166,64.051166,62.832037,62.925816,-0.187559,195
2026-06-26,267117,17663142,62.738258,62.738258,61.42535,61.42535,-1.500466,1052
2026-06-29,119444,7817806,61.237792,61.894246,60.956454,61.612908,0.187558,1047
2026-06-30,146714,9661549,61.42535,62.5507,61.144012,62.363142,0.750234,394
2026-07-01,84939,5619148,62.363142,62.5507,61.612908,62.363142,0.0,408
2026-07-02,125868,8442367,62.363142,63.300933,62.363142,63.300933,0.937791,129
2026-07-03,138667,9427520,63.300933,64.144946,63.300933,63.582271,0.281338,270
2026-07-06,318423,22102401,63.769829,66.208087,63.769829,64.520062,0.937791,495
2026-07-07,113545,7693445,64.426283,64.520062,63.019596,63.207154,-1.312908,694
2026-07-08,101170,6780824,63.207154,63.207154,62.456921,62.832037,-0.375117,345
2026-07-09,68411,4596708,63.300933,63.394712,62.832037,63.019596,0.187559,116
2026-07-13,252380,16613755,63.019596,63.019596,61.237792,61.706687,-1.312909,599
2026-07-14,249830,16313772,61.519129,61.706687,60.581337,61.519129,-0.187558,363
2026-07-15,72633,4775138,61.144012,62.081804,61.144012,61.612908,0.093779,142
2026-07-16,115425,7517960,61.519129,61.519129,60.956454,60.956454,-0.656454,328
2026-07-17,177498,11436114,60.956454,60.956454,60.206221,60.206221,-0.750233,223
2026-07-20,121652,7806163,60.112442,61.050233,59.17465,60.768896,0.562675,243
2026-07-21,127494,8364995,61.612908,61.988025,61.237792,61.519129,0.750233,138
2026-07-22,96698,6414175,61.519129,62.644479,61.519129,62.269362,0.750233,114
2026-07-23,54740,3652197,62.456921,63.019596,62.363142,62.644479,0.375117,106
2026-07-24,88973,5909365,62.5507,62.644479,61.988025,61.988025,-0.656454,149
2026-07-27,66848,4454916,61.894246,62.832037,61.894246,62.5507,0.562675,90
2026-07-28,208837,13707988,62.363142,62.363142,61.050233,61.519129,-1.031571,698
2026-07-29,258713,16679559,61.612908,61.612908,59.831104,60.487558,-1.031571,627
2026-07-30,115926,7423761,60.018663,60.956454,59.737325,59.831104,-0.656454,143
2026-07-31,73932,4793996,61.706687,61.706687,60.393779,60.675117,0.844013,409
2026-08-03,217837,14194987,60.675117,62.269362,60.3,60.3,-0.375117,734
2026-08-04,120447,7314975,60.7,61.1,60.4,61.0,0.7,440
2026-08-05,84242,5167418,61.6,62.1,61.0,61.0,0.0,374
2026-08-06,66388,4032388,61.0,61.0,60.4,60.6,-0.4,635
2026-08-07,89905,5477490,61.4,61.5,60.6,61.0,0.4,133
2026-08-10,104303,6364081,61.8,62.1,60.7,61.0,0.0,131
2026-08-11,72478,4399755,61.0,61.0,60.5,60.7,-0.3,365
2026-08-12,51025,3112932,61.3,61.5,60.7,61.1,0.4,71
2026-08-13,172772,10470291,61.1,61.1,60.3,60.3,-0.8,1522
2026-08-14,172449,10351628,60.4,60.5,59.8,60.1,-0.2,1072
