date,Trading_Volume,Trading_money,open,max,min,close,spread,Trading_turnover
2015-01-05,363744,14996126,31.452707,31.528132,30.924723,31.000149,-0.641122,188
2015-01-06,345200,13922029,30.773871,30.773871,30.208175,30.39674,-0.603409,191
2015-01-07,362216,14541376,30.170461,30.623019,30.132749,30.547593,0.150853,175
2015-01-08,256000,10443000,30.547593,31.075576,30.509879,30.924723,0.37713,145
2015-01-09,431066,17444119,30.924723,30.924723,30.170461,30.585305,-0.339418,144
2015-01-12,465350,18578797,30.623019,30.623019,29.793331,29.793331,-0.791974,192
2015-01-13,320079,12688486,29.491627,30.170461,29.491627,30.095036,0.301705,132
2015-01-14,512079,20096312,30.095036,30.095036,29.4162,29.831044,-0.263992,229
2015-01-15,470115,18333979,29.4162,29.567052,29.265348,29.4162,-0.414844,226
2015-01-16,839103,31976738,29.4162,29.4162,28.43566,28.586512,-0.829688,381
2015-01-19,468101,17780682,28.586512,29.076783,28.322521,28.322521,-0.263991,245
2015-01-20,390000,14645200,28.322521,28.661939,28.058529,28.661939,0.339418,193
2015-01-21,481544,18644266,28.586512,29.567052,28.473373,29.567052,0.905113,250
2015-01-22,199946,7805413,29.567052,29.793331,29.265348,29.265348,-0.301704,119
2015-01-23,246694,9562002,29.265348,29.717905,28.963644,29.265348,0.0,153
2015-01-26,244000,9498250,29.265348,29.755618,29.189922,29.227635,-0.037713,138
2015-01-27,301000,11585200,29.227635,29.340774,28.888217,29.114495,-0.11314,187
2015-01-28,134161,5143200,29.039069,29.189922,28.812791,28.963644,-0.150851,106
2015-01-29,122063,4656000,28.586512,28.963644,28.5488,28.888217,-0.075427,78
2015-01-30,283000,10808200,28.888217,29.114495,28.586512,28.963644,0.075427,121
2015-02-02,169000,6448900,28.963644,29.152208,28.586512,28.812791,-0.150853,108
2015-02-03,184000,7011100,28.812791,29.039069,28.624225,28.737365,-0.075426,90
2015-02-04,361547,13748008,28.737365,28.888217,28.473373,28.775078,0.037713,161
2015-02-05,83002,3148926,28.812791,28.812791,28.43566,28.737365,-0.037713,60
2015-02-06,752053,27634334,28.284808,28.661939,27.153415,27.530546,-1.206819,376
2015-02-09,309601,11411856,27.530546,28.209381,27.530546,28.209381,0.678835,182
2015-02-10,610184,22287458,28.360234,28.360234,26.550006,28.058529,-0.150852,241
2015-02-11,286337,10549016,27.983103,27.983103,27.681398,27.719112,-0.339417,120
2015-02-12,426000,15349500,27.719112,27.907677,26.851711,27.077989,-0.641123,249
2015-02-13,649006,23788826,27.077989,28.661939,26.700859,28.661939,1.58395,311
2015-02-24,445001,16944188,28.661939,28.963644,28.43566,28.661939,0.0,221
2015-02-25,251687,9608523,28.661939,28.92593,28.661939,28.92593,0.263991,126
2015-02-26,259003,9865414,28.92593,29.076783,28.5488,28.699652,-0.226278,143
2015-03-02,268415,10221370,28.699652,28.888217,28.511086,28.812791,0.113139,102
2015-03-03,438182,16860519,28.963644,29.340774,28.775078,29.039069,0.226278,220
2015-03-04,412182,15701484,29.039069,29.189922,28.43566,28.888217,-0.150852,197
2015-03-05,460001,17369138,28.812791,28.812791,28.360234,28.43566,-0.452557,179
2015-03-06,270001,10161337,28.43566,28.624225,28.284808,28.43566,0.0,133
2015-03-09,307259,11419380,28.43566,28.511086,27.869964,27.907677,-0.527983,162
2015-03-10,273002,10087722,27.907677,28.360234,27.379694,27.907677,0.0,143
2015-03-11,141003,5197861,27.492833,28.209381,27.379694,27.907677,0.0,80
2015-03-12,125159,4626200,27.643686,28.133956,27.643686,27.907677,0.0,79
2015-03-13,158735,5899895,27.907677,28.284808,27.907677,28.133956,0.226279,78
2015-03-16,118063,4384937,27.983103,28.209381,27.907677,28.133956,0.0,61
2015-03-17,255063,9478181,28.133956,28.511086,27.756825,27.983103,-0.150853,112
2015-03-18,127502,4713121,27.983103,28.247095,27.756825,27.983103,0.0,73
2015-03-19,247063,9154687,27.983103,28.209381,27.794538,28.133956,0.150853,134
2015-03-20,305159,11402230,28.133956,28.360234,27.907677,28.284808,0.150852,127
2015-03-23,464511,17471810,28.284808,28.661939,27.907677,28.511086,0.226278,196
2015-03-24,216005,8193490,28.360234,28.737365,28.360234,28.737365,0.226279,112
2015-03-25,278616,10577217,28.737365,28.812791,28.247095,28.812791,0.075426,144
2015-03-26,349027,13247726,28.511086,28.812791,28.322521,28.812791,0.0,162
2015-03-27,337169,12889760,28.812791,29.189922,28.586512,29.039069,0.226278,225
2015-03-30,464065,17343805,28.888217,28.888217,27.832251,27.907677,-1.131392,355
2015-03-31,552589,20799372,27.907677,28.737365,27.756825,28.737365,0.829688,434
2015-04-01,246533,9382641,28.661939,28.92593,28.586512,28.699652,-0.037713,144
2015-04-02,149011,5653618,28.360234,28.699652,28.360234,28.661939,-0.037713,93
2015-04-07,1882198,75476031,29.680192,30.660732,29.114495,30.660732,1.998793,1002
2015-04-08,582925,23533934,30.660732,30.660732,30.170461,30.39674,-0.263992,396
2015-04-09,515402,20640068,30.39674,30.698444,29.793331,30.39674,0.0,276
2015-04-10,418118,16615154,30.39674,30.547593,29.680192,30.321314,-0.075426,219
2015-04-13,317243,12626196,30.208175,30.208175,29.831044,30.132749,-0.188565,176
2015-04-14,297005,11729695,29.868757,30.132749,29.642478,29.642478,-0.490271,143
2015-04-15,366306,14413874,29.680192,29.831044,29.4162,29.793331,0.150853,185
2015-04-16,430304,16814686,29.529339,29.755618,29.114495,29.642478,-0.150853,241
2015-04-17,329235,12718694,29.491627,29.793331,28.737365,29.039069,-0.603409,218
2015-04-20,420506,15858171,29.039069,29.039069,28.058529,28.586512,-0.452557,262
2015-04-21,636000,23354500,28.586512,28.661939,27.417407,27.45512,-1.131392,291
2015-04-22,336791,12154301,26.776285,27.568259,26.776285,27.568259,0.113139,214
2015-04-23,1406949,53889604,27.568259,29.491627,27.530546,29.491627,1.923368,653
2015-04-24,1037091,41201575,29.491627,30.434453,29.491627,29.717905,0.226278,733
2015-04-27,1836016,75055444,31.678985,31.678985,30.283601,30.547593,0.829688,735
2015-04-28,568167,22545029,30.39674,30.472166,29.567052,30.095036,-0.452557,313
2015-04-29,279049,10913696,29.944183,29.944183,29.227635,29.303061,-0.791975,165
2015-04-30,507000,19744050,29.039069,29.604766,29.039069,29.4162,0.113139,188
2015-05-04,538853,21208644,29.491627,29.90647,29.491627,29.680192,0.263992,334
2015-05-05,386408,15151208,29.755618,29.944183,29.076783,29.340774,-0.339418,189
2015-05-06,299249,11490021,29.114495,29.340774,28.737365,28.737365,-0.603409,192
2015-05-07,608592,22908296,28.737365,28.963644,27.983103,28.511086,-0.226279,338
2015-05-08,646503,23924010,28.511086,28.661939,27.605973,28.133956,-0.37713,306
2015-05-11,633107,22998510,28.133956,28.133956,27.153415,27.153415,-0.980541,324
2015-05-12,346230,12565395,27.077989,27.907677,26.813998,27.907677,0.754262,219
2015-05-13,321097,11802734,27.907677,28.133956,27.568259,27.568259,-0.339418,159
2015-05-14,212025,7771051,27.681398,27.869964,27.530546,27.568259,0.0,121
2015-05-15,522156,19244260,27.568259,28.209381,27.379694,28.209381,0.641122,287
2015-05-18,606573,22494942,28.209381,28.209381,27.756825,27.869964,-0.339417,269
2015-05-19,566074,20964786,27.869964,28.133956,27.869964,28.096242,0.226278,247
2015-05-20,358207,13210986,28.096242,28.096242,27.681398,27.983103,-0.113139,155
2015-05-21,341502,12571121,27.94539,27.94539,27.643686,27.907677,-0.075426,121
2015-05-22,189518,7008306,27.907677,28.096242,27.756825,27.832251,-0.075426,94
2015-05-25,453187,16495581,28.020816,28.020816,27.002563,27.756825,-0.075426,230
2015-05-26,359208,13168616,27.530546,27.907677,27.341981,27.907677,0.150852,155
2015-05-27,190192,6942157,27.869964,27.869964,27.45512,27.45512,-0.452557,85
2015-05-28,464848,16858028,27.379694,27.530546,27.191129,27.341981,-0.113139,162
2015-05-29,118260,4292535,27.379694,27.492833,27.266554,27.417407,0.075426,89
2015-06-01,1110240,41740470,27.530546,29.039069,27.530546,28.661939,1.244532,564
2015-06-02,506002,19053624,28.661939,29.039069,27.794538,28.171669,-0.49027,283
2015-06-03,430001,15882637,28.096242,28.284808,27.568259,27.756825,-0.414844,180
2015-06-04,592898,21769146,27.756825,28.284808,27.153415,27.530546,-0.226279,254
2015-06-05,451046,16469902,27.530546,27.907677,27.002563,27.907677,0.377131,248
2015-06-08,457485,16766245,27.907677,27.907677,27.341981,27.756825,-0.150852,209
2015-06-09,512603,18537777,27.45512,27.530546,26.738571,27.45512,-0.301705,250
2015-06-10,571001,20771236,27.417407,27.756825,26.927137,27.530546,0.075426,328
2015-06-11,316047,11425206,27.45512,27.643686,27.153415,27.153415,-0.377131,173
2015-06-12,829215,29194125,27.379694,27.417407,25.456327,25.456327,-1.697088,460
2015-06-15,2850445,89265018,24.5135,25.192335,22.929551,25.192335,-0.263992,1210
2015-06-16,886000,28117900,24.664352,24.664352,23.646099,23.985517,-1.206818,453
2015-06-17,470460,14999690,23.759239,24.438074,23.759239,23.834664,-0.150853,254
2015-06-18,2838724,93969021,23.834664,25.192335,23.608386,25.192335,1.357671,435
2015-06-22,991301,34494535,26.323728,26.776285,25.644893,25.871171,0.678836,496
2015-06-23,400208,13780284,26.022023,26.210588,25.682605,25.871171,0.0,245
2015-06-24,127180,4349287,26.097449,26.097449,25.644893,25.871171,0.0,86
2015-06-25,526003,18287905,25.871171,26.47458,25.871171,26.172876,0.301705,251
2015-06-26,267000,9320250,26.172876,26.47458,25.98431,26.399154,0.226278,138
2015-06-29,329001,11269234,25.908884,26.286015,25.456327,26.022023,-0.377131,205
2015-06-30,534000,18565450,25.644893,26.776285,25.569466,26.776285,0.754262,255
2015-07-01,415030,14828476,26.851711,27.191129,26.436867,27.077989,0.301704,261
2015-07-02,396156,14202698,27.153415,27.228842,26.776285,27.077989,0.0,197
2015-07-03,441001,15866936,27.002563,27.379694,26.813998,27.379694,0.301705,189
2015-07-06,281119,10119434,27.341981,27.341981,27.002563,27.153415,-0.226279,138
2015-07-07,417001,14830185,27.530546,27.530546,26.512293,26.663146,-0.490269,221
2015-07-08,598167,20078576,26.361441,26.361441,24.890631,24.966057,-1.697089,274
2015-07-09,450000,14581200,24.174083,25.041483,23.796952,25.041483,0.075426,205
2015-07-13,466565,15546857,25.11691,25.49404,25.041483,25.192335,0.150852,148
2015-07-14,353000,11816050,25.343188,25.418614,25.041483,25.380901,0.188566,142
2015-07-15,371000,12739500,25.305475,26.927137,25.305475,25.795745,0.414844,163
2015-07-16,175000,5983250,25.644893,25.908884,25.418614,25.758032,-0.037713,87
2015-07-17,233002,7901068,25.758032,25.758032,25.192335,25.758032,0.0,114
2015-07-20,131628,4453574,25.758032,25.795745,25.380901,25.644893,-0.113139,75
2015-07-21,193104,6489098,25.644893,25.644893,25.230049,25.305475,-0.339418,102
2015-07-22,243245,8069659,25.267762,25.343188,24.777491,25.11691,-0.188565,112
2015-07-23,432002,13920814,25.079196,25.079196,23.608386,24.362647,-0.754263,192
2015-07-24,652356,20364441,24.362647,24.362647,23.15583,23.608386,-0.754261,251
2015-07-27,1008002,29247456,23.15583,23.608386,21.270176,21.270176,-2.33821,420
2015-07-28,579166,14775733,20.214209,20.214209,19.158243,19.158243,-2.111933,139
2015-07-29,5837538,137195651,17.272589,19.233669,17.272589,19.233669,0.075426,1702
2015-07-30,899101,22292157,18.479408,18.894252,18.177703,18.781113,-0.452556,416
2015-07-31,728070,16889165,18.70253,18.859695,17.995292,18.113165,-0.667948,375
2015-08-03,622530,14251896,18.152456,18.30962,17.680963,17.680963,-0.432202,266
2015-08-04,2190080,44965769,17.759546,17.838127,15.912867,15.912867,-1.768096,712
2015-08-05,1429002,28940442,15.912867,16.345068,15.166338,16.345068,0.432201,586
2015-08-06,877304,18705643,16.973725,16.973725,16.502233,16.77727,0.432202,464
2015-08-07,1436336,29613971,16.38436,16.659397,15.441375,16.659397,-0.117873,633
2015-08-10,685002,15011346,16.345068,17.91671,16.345068,17.91671,1.257313,369
2015-08-11,658001,15019123,17.91671,18.427493,17.288053,17.995292,0.078582,338
2015-08-12,965000,21344050,17.602381,17.995292,17.130889,17.248763,-0.746529,461
2015-08-13,576006,12830294,17.445217,17.680963,17.327344,17.680963,0.4322,247
2015-08-14,580003,12755722,17.248763,17.680963,17.091598,17.5238,-0.157163,279
2015-08-17,1001002,21626896,17.5238,17.5238,16.227195,17.130889,-0.392911,403
2015-08-18,1782007,36440947,15.873576,16.502233,15.794994,16.03074,-1.100149,742
2015-08-19,601004,12059534,15.755703,16.38436,15.559248,15.794994,-0.235746,333
2015-08-20,504500,10171372,15.402084,16.109322,15.402084,15.834285,0.039291,204
2015-08-21,960482,18879910,15.402084,15.755703,14.812718,15.716412,-0.117873,402
2015-08-24,1197002,21748892,15.205628,15.205628,14.144771,14.144771,-1.571641,380
2015-08-25,2732050,45832874,12.96604,14.144771,12.730293,14.144771,0.0,810
2015-08-26,1084000,19824150,13.987606,15.087755,13.398242,15.087755,0.942984,448
2015-08-27,794435,15454521,15.087755,15.519957,14.969882,15.480666,0.392911,309
2015-08-28,955000,19379100,15.559248,16.502233,15.480666,16.502233,1.021567,452
2015-08-31,500000,10438300,16.502233,16.698688,16.109322,16.580814,0.078581,263
2015-09-01,361000,7629550,16.305777,16.934434,16.305777,16.620106,0.039292,182
2015-09-02,287000,6061350,16.502233,16.816561,16.305777,16.659397,0.039291,125
2015-09-03,504000,10901800,16.816561,17.288053,16.580814,17.288053,0.628656,268
2015-09-04,610116,13576812,17.288053,18.073874,16.973725,17.484508,0.196455,308
2015-09-07,233109,5082785,17.17018,17.484508,16.895143,17.130889,-0.353619,112
2015-09-08,436000,9654650,17.130889,17.680963,17.130889,17.680963,0.550074,181
2015-09-09,645205,14752634,17.91671,18.152456,17.759546,18.152456,0.471493,256
2015-09-10,372000,8465150,18.073874,18.073874,17.641673,17.759546,-0.39291,162
2015-09-11,482000,10973150,17.838127,18.034583,17.720254,17.838127,0.078581,159
2015-09-14,220000,4966250,17.838127,17.995292,17.484508,17.877419,0.039292,100
2015-09-15,264000,5890150,17.5238,17.759546,17.327344,17.327344,-0.550075,116
2015-09-16,381000,8427400,17.327344,17.602381,17.288053,17.445217,0.117873,143
2015-09-17,323000,7248450,17.445217,17.798837,17.445217,17.680963,0.235746,198
2015-09-18,834002,19286397,17.680963,18.427493,17.5238,18.427493,0.74653,420
2015-09-21,271000,6181000,18.231038,18.231038,17.759546,17.759546,-0.667947,149
2015-09-22,511835,11825566,17.759546,18.545366,17.759546,18.073874,0.314328,267
2015-09-23,296044,6832266,17.91671,18.388202,17.877419,18.073874,0.0,176
2015-09-24,540019,12233278,18.231038,18.545366,16.895143,17.680963,-0.392911,297
2015-09-25,330503,7487366,17.56309,18.073874,17.5238,18.073874,0.392911,144
2015-09-30,277358,6285075,17.91671,17.995292,17.641673,17.91671,-0.157164,150
2015-10-01,289001,6625223,17.995292,18.152456,17.798837,18.034583,0.117873,159
2015-10-02,894012,21413591,17.995292,19.213313,17.877419,19.134732,1.100149,458
2015-10-05,2282030,60162502,19.488351,21.020701,19.488351,21.020701,1.885969,717
2015-10-06,1900168,51334866,21.610067,21.72794,20.549209,21.72794,0.707239,870
2015-10-07,698506,19002962,21.452902,21.531484,21.059992,21.374321,-0.353619,343
2015-10-08,954258,25572358,21.531484,21.924395,20.5885,20.5885,-0.785821,375
2015-10-12,365048,9460738,20.667082,20.824246,20.195589,20.431335,-0.157165,191
2015-10-13,523002,13673352,20.431335,20.824246,20.274172,20.745664,0.314329,178
2015-10-14,394223,10339303,20.509918,20.784955,20.431335,20.745664,0.0,129
2015-10-15,296001,7797026,20.745664,21.138574,20.431335,20.784955,0.039291,155
2015-10-16,203001,5377877,20.98141,21.059992,20.5885,21.059992,0.275037,104
2015-10-19,1709415,47603282,20.902828,22.395887,20.902828,21.767231,0.707239,761
2015-10-20,1091211,30523882,22.002977,22.47447,21.688648,21.72794,-0.039291,528
2015-10-21,578024,15808054,22.002977,22.002977,21.295738,21.452902,-0.275038,289
2015-10-22,450318,12193464,21.452902,21.845813,21.177865,21.217156,-0.235746,199
2015-10-23,223679,6070099,21.295738,21.531484,21.099283,21.452902,0.235746,114
2015-10-26,369006,9965406,21.452902,21.531484,21.138574,21.138574,-0.314328,170
2015-10-27,378150,10098288,21.138574,21.217156,20.824246,21.059992,-0.078582,189
2015-10-28,429109,11384277,20.902828,21.138574,20.667082,20.745664,-0.314328,195
2015-10-29,368000,9639700,20.824246,21.256447,20.352754,20.5885,-0.157164,186
2015-10-30,607002,15466852,20.627791,20.627791,19.802679,20.234881,-0.353619,272
2015-11-02,278095,7144867,20.117008,20.509918,19.763388,20.509918,0.275037,169
2015-11-03,332230,8678201,20.509918,20.706373,20.431335,20.431335,-0.078583,154
2015-11-04,271002,7022004,20.431335,20.706373,20.234881,20.234881,-0.196454,140
2015-11-05,185730,4749865,20.234881,20.5885,19.920552,20.038425,-0.196456,137
2015-11-06,261003,6524172,19.999135,19.999135,19.370478,19.370478,-0.667947,160
2015-11-09,614015,14647903,19.370478,19.527642,18.388202,18.466784,-0.903694,283
2015-11-10,446202,10352946,18.466784,18.70253,17.91671,18.152456,-0.314328,207
2015-11-11,598889,13313499,18.70253,18.70253,17.091598,17.130889,-1.021567,298
2015-11-12,285075,6173992,17.288053,17.602381,16.502233,17.288053,0.157164,171
2015-11-13,157002,3394142,16.895143,17.130889,16.895143,16.895143,-0.39291,84
2015-11-16,299333,6413491,16.816561,17.130889,16.187904,17.052307,0.157164,153
2015-11-17,390166,8723708,17.17018,17.877419,17.130889,17.680963,0.628656,190
2015-11-18,238163,5367545,17.759546,17.91671,17.5238,17.91671,0.235747,124
2015-11-19,140936,3199609,17.995292,18.073874,17.759546,17.759546,-0.157164,99
2015-11-20,308003,7060969,17.91671,18.231038,17.602381,18.231038,0.471492,167
2015-11-23,223000,5151100,18.231038,18.388202,18.073874,18.231038,0.0,113
2015-11-24,285064,6492854,18.073874,18.073874,17.759546,17.995292,-0.235746,110
2015-11-25,192727,4393576,17.877419,18.152456,17.5238,17.91671,-0.078582,109
2015-11-26,190000,4346847,18.073874,18.30962,17.680963,17.680963,-0.235747,120
2015-11-27,151015,3440095,18.034583,18.073874,17.680963,18.073874,0.392911,72
2015-11-30,116801,2636469,17.720254,17.956,17.602381,17.838127,-0.235747,94
2015-12-01,90387,2046602,17.91671,17.995292,17.720254,17.759546,-0.078581,77
2015-12-02,160009,3613898,17.798837,17.91671,17.602381,17.759546,0.0,95
2015-12-03,263167,6065423,17.680963,18.388202,17.680963,18.30962,0.550074,154
2015-12-04,116262,2674076,18.30962,18.30962,17.956,18.231038,-0.078582,71
2015-12-07,108512,2492013,18.30962,18.30962,17.838127,17.995292,-0.235746,83
2015-12-08,163009,3682748,17.995292,17.995292,17.484508,17.877419,-0.117873,110
2015-12-09,277003,6085613,17.56309,17.602381,17.052307,17.052307,-0.825112,146
2015-12-10,204004,4337534,16.620106,17.013016,16.502233,17.013016,-0.039291,123
2015-12-11,129245,2768539,17.013016,17.013016,16.698688,16.934434,-0.078582,87
2015-12-14,159247,3334887,16.659397,16.659397,16.305777,16.580814,-0.35362,146
2015-12-15,426553,8818812,16.580814,16.698688,16.070031,16.38436,-0.196454,201
2015-12-16,353415,7387154,16.38436,16.77727,16.187904,16.659397,0.275037,194
2015-12-17,452009,9750148,16.659397,17.445217,16.620106,17.445217,0.78582,253
2015-12-18,231151,5188357,17.366636,17.877419,17.366636,17.877419,0.432202,134
2015-12-21,78004,1758688,17.366636,17.759546,17.366636,17.759546,-0.117873,52
2015-12-22,120368,2706255,17.877419,17.91671,17.602381,17.602381,-0.157165,61
2015-12-23,123302,2691126,17.641673,17.641673,16.855852,16.855852,-0.746529,81
2015-12-24,150004,3182134,16.973725,16.973725,16.502233,16.502233,-0.353619,110
2015-12-25,47002,993842,16.580814,16.698688,16.502233,16.698688,0.196455,38
2015-12-28,113100,2369684,16.698688,16.895143,16.03074,16.03074,-0.667948,105
2015-12-29,104003,2159113,16.109322,16.462941,16.109322,16.423651,0.392911,86
2015-12-30,218779,4645672,16.502233,17.130889,16.187904,17.130889,0.707238,150
2015-12-31,384503,8440316,17.248763,17.641673,16.855852,17.5238,0.392911,219
2016-01-04,147076,3186320,17.5238,17.5238,16.77727,16.77727,-0.74653,115
2016-01-05,227645,4795072,16.305777,17.130889,16.305777,16.502233,-0.275037,128
2016-01-06,342101,6976150,16.502233,16.541524,15.794994,15.794994,-0.707239,169
2016-01-07,742306,14503261,15.794994,16.03074,14.852009,15.716412,-0.078582,302
2016-01-08,253194,5076480,15.559248,15.834285,15.559248,15.834285,0.117873,126
2016-01-11,289005,5910450,16.227195,16.227195,15.794994,16.227195,0.39291,156
2016-01-12,234006,4782570,16.423651,16.423651,15.716412,16.109322,-0.117873,125
2016-01-13,146126,2957231,16.070031,16.187904,15.716412,15.873576,-0.235746,95
2016-01-14,211056,4111193,15.559248,15.559248,15.048465,15.480666,-0.39291,127
2016-01-15,201211,3919690,15.716412,15.755703,14.930591,14.930591,-0.550075,113
2016-01-18,238008,4566210,14.223353,15.559248,14.223353,15.559248,0.628657,160
2016-01-19,159002,3124390,15.166338,15.598539,15.166338,15.559248,0.0,76
2016-01-20,140167,2721455,15.519957,15.559248,15.048465,15.166338,-0.39291,81
2016-01-21,255076,4822118,15.166338,15.24492,14.616263,14.773428,-0.39291,151
2016-01-22,230590,4345827,14.930591,15.048465,14.616263,14.930591,0.157163,113
2016-01-25,562308,11185820,15.009174,15.952158,14.930591,15.834285,0.903694,319
2016-01-26,186550,3723321,15.716412,15.834285,15.519957,15.677121,-0.157164,114
2016-01-27,147022,2925240,15.716412,15.952158,15.441375,15.677121,0.0,92
2016-01-28,194204,3912030,15.559248,16.38436,15.480666,15.794994,0.117873,138
2016-01-29,138125,2780361,15.716412,15.952158,15.63783,15.952158,0.157164,106
2016-01-30,272074,5594245,16.109322,16.502233,15.991449,16.502233,0.550075,176
2016-02-01,180008,3766968,16.502233,16.620106,16.345068,16.502233,0.0,120
2016-02-02,195004,4064634,16.38436,16.502233,16.266487,16.462941,-0.039292,126
2016-02-03,279007,5746047,16.266487,16.462941,15.834285,16.423651,-0.03929,165
2016-02-15,68036,1398320,16.187904,16.305777,15.991449,16.227195,-0.196456,86
2016-02-16,74634,1543307,16.187904,16.305777,16.187904,16.305777,0.078582,56
2016-02-17,94010,1942500,16.345068,16.38436,16.109322,16.109322,-0.196455,69
2016-02-18,781362,17059609,16.187904,17.602381,16.187904,17.130889,1.021567,460
2016-02-19,303345,6654790,17.17018,17.56309,17.013016,17.288053,0.157164,179
2016-02-22,266700,5878950,17.56309,17.759546,17.052307,17.288053,0.0,159
2016-02-23,134000,2944700,17.366636,17.405926,17.130889,17.288053,0.0,91
2016-02-24,291007,6288868,17.17018,17.248763,16.77727,16.895143,-0.39291,166
2016-02-25,81010,1752230,16.895143,17.130889,16.855852,17.130889,0.235746,63
2016-02-26,158144,3445512,17.130889,17.248763,16.934434,17.248763,0.117874,142
2016-03-01,158030,3421460,17.052307,17.288053,16.77727,17.288053,0.03929,144
2016-03-02,167156,3669969,17.641673,17.641673,17.013016,17.130889,-0.157164,126
2016-03-03,186009,4054098,17.288053,17.288053,16.973725,17.248763,0.117874,128
2016-03-04,200056,4355335,16.973725,17.288053,16.973725,17.209471,-0.039292,157
2016-03-07,237126,5163187,17.288053,17.288053,16.973725,17.17018,-0.039291,146
2016-03-08,108014,2359745,17.209471,17.248763,17.052307,17.248763,0.078583,82
2016-03-09,236210,5177204,17.091598,17.445217,17.091598,17.248763,0.0,161
2016-03-10,1229063,28246555,17.288053,18.859695,17.248763,18.073874,0.825111,723
2016-03-11,354079,8039914,17.956,18.034583,17.759546,17.759546,-0.314328,211
2016-03-14,456014,10252558,17.759546,17.91671,17.484508,17.759546,0.0,221
2016-03-15,267546,5928328,17.602381,17.838127,17.052307,17.052307,-0.707239,196
2016-03-16,305364,6556936,17.052307,17.17018,16.541524,17.052307,0.0,171
2016-03-17,188032,4079635,17.130889,17.445217,16.77727,16.934434,-0.117873,132
2016-03-18,208008,4436520,16.816561,16.973725,16.659397,16.816561,-0.117873,135
2016-03-21,153543,3295284,16.973725,17.130889,16.737979,17.130889,0.314328,108
2016-03-22,162094,3478065,16.934434,17.130889,16.737979,16.895143,-0.235746,133
2016-03-23,171017,3659111,16.934434,16.934434,16.737979,16.816561,-0.078582,90
2016-03-24,318063,6687332,16.816561,16.895143,16.266487,16.737979,-0.078582,202
2016-03-25,184017,3822895,16.698688,16.698688,16.187904,16.187904,-0.550075,114
2016-03-28,185005,3773300,16.187904,16.187904,15.873576,16.148614,-0.03929,126
2016-03-29,281024,5666282,16.109322,16.266487,15.559248,15.559248,-0.589366,127
2016-03-30,239030,4761902,15.559248,15.873576,15.519957,15.873576,0.314328,123
2016-03-31,92048,1865266,15.873576,16.03074,15.716412,16.03074,0.157164,101
2016-04-01,78341,1600017,15.952158,16.109322,15.873576,16.03074,0.0,76
2016-04-06,98041,2002370,15.598539,16.266487,15.598539,16.03074,0.0,107
2016-04-07,116202,2347092,15.834285,16.109322,15.716412,16.03074,0.0,144
2016-04-08,160000,3248400,16.03074,16.187904,15.63783,16.070031,0.039291,107
2016-04-11,113000,2316150,16.187904,16.266487,15.912867,16.266487,0.196456,61
2016-04-12,93070,1891190,16.187904,16.187904,15.873576,15.991449,-0.275038,108
2016-04-13,76102,1542790,15.952158,16.109322,15.794994,15.794994,-0.196455,102
2016-04-14,195110,3919350,15.952158,15.952158,15.677121,15.794994,0.0,151
2016-04-15,168508,3409610,15.677121,16.109322,15.63783,16.109322,0.314328,102
2016-04-18,538200,11544768,16.305777,17.288053,16.305777,17.091598,0.982276,287
2016-04-19,1378077,30772463,17.366636,17.91671,17.130889,17.130889,0.039291,678
2016-04-20,442439,9452618,17.209471,17.405926,16.462941,16.541524,-0.589365,267
2016-04-21,121890,2589817,16.855852,16.855852,16.580814,16.77727,0.235746,87
2016-04-22,258151,5444664,16.855852,16.855852,16.187904,16.698688,-0.078582,160
2016-04-25,147007,3126247,16.77727,16.816561,16.541524,16.737979,0.039291,83
2016-04-26,86011,1815681,16.737979,16.737979,16.502233,16.541524,-0.196455,70
2016-04-27,81336,1705306,16.423651,16.698688,16.345068,16.580814,0.03929,62
2016-04-28,95406,1999976,16.698688,16.698688,16.345068,16.620106,0.039292,76
2016-04-29,177103,3657971,16.38436,16.38436,16.070031,16.305777,-0.314329,104
2016-05-03,380196,7622370,16.148614,16.266487,15.598539,15.834285,-0.471492,202
2016-05-04,77009,1542680,15.716412,15.912867,15.559248,15.834285,0.0,58
2016-05-05,226284,4480121,15.677121,15.677121,15.519957,15.677121,-0.157164,76
2016-05-06,149031,2949021,15.559248,15.677121,15.441375,15.63783,-0.039291,69
2016-05-09,92038,1822691,15.480666,15.716412,15.441375,15.441375,-0.196455,55
2016-05-10,136000,2688500,15.402084,15.794994,15.323502,15.794994,0.353619,61
2016-05-11,55001,1095969,15.794994,15.794994,15.559248,15.559248,-0.235746,32
2016-05-12,179002,3553738,15.559248,15.716412,15.441375,15.519957,-0.039291,72
2016-05-13,194008,3724852,15.519957,15.677121,14.852009,14.969882,-0.550075,116
2016-05-16,253053,4814244,15.009174,15.559248,14.734136,15.559248,0.589366,107
2016-05-17,103001,2037619,15.559248,15.716412,15.441375,15.63783,0.078582,52
2016-05-18,119011,2332467,15.441375,15.519957,15.362793,15.441375,-0.196455,40
2016-05-19,81000,1594600,15.519957,15.63783,15.362793,15.598539,0.157164,47
2016-05-20,189997,3797589,15.63783,15.952158,15.480666,15.952158,0.353619,77
2016-05-23,336004,6755380,15.873576,16.109322,15.63783,15.716412,-0.235746,176
2016-05-24,148002,2934490,15.716412,15.716412,15.480666,15.63783,-0.078582,80
2016-05-25,464015,9344353,15.559248,16.109322,15.559248,15.952158,0.314328,159
2016-05-26,73177,1468640,15.952158,15.991449,15.598539,15.598539,-0.353619,51
2016-05-27,204245,4014650,15.63783,15.677121,15.166338,15.480666,-0.117873,143
2016-05-30,133103,2630327,15.677121,15.677121,15.441375,15.559248,0.078582,53
2016-05-31,209503,4129759,15.402084,15.677121,15.402084,15.677121,0.117873,63
2016-06-01,70001,1398570,15.873576,15.873576,15.559248,15.677121,0.0,47
2016-06-02,102000,2008100,15.63783,15.63783,15.362793,15.362793,-0.314328,62
2016-06-03,92001,1806469,15.519957,15.63783,15.323502,15.362793,0.0,46
2016-06-04,35001,686719,15.362793,15.480666,15.362793,15.480666,0.117873,18
2016-06-06,193001,3799619,15.402084,15.559248,15.402084,15.402084,-0.078582,41
2016-06-07,202067,4013403,15.63783,15.794994,15.480666,15.794994,0.39291,78
2016-06-08,111063,2213301,15.755703,15.794994,15.559248,15.716412,-0.078582,64
2016-06-13,60004,1183776,15.559248,15.63783,15.402084,15.402084,-0.314328,41
2016-06-14,101003,1980507,15.559248,15.559248,15.402084,15.402084,0.0,24
2016-06-15,48131,936078,15.402084,15.402084,15.24492,15.24492,-0.157164,31
2016-06-16,80011,1547009,15.24492,15.284211,15.087755,15.284211,0.039291,57
2016-06-17,57505,1117545,15.284211,15.402084,15.127047,15.323502,0.039291,46
2016-06-20,147323,2892247,15.598539,15.598539,15.323502,15.441375,0.117873,49
2016-06-21,85864,1684259,15.441375,15.441375,15.323502,15.362793,-0.078582,77
2016-06-22,85646,1693575,15.598539,15.677121,15.362793,15.63783,0.275037,60
2016-06-23,723182,15003998,15.794994,16.895143,15.794994,16.109322,0.471492,480
2016-06-24,265000,5396500,16.345068,16.345068,15.402084,16.070031,-0.039291,171
2016-06-27,146949,2943631,15.912867,15.912867,15.677121,15.755703,-0.314328,98
2016-06-28,129000,2578500,15.63783,15.912867,15.559248,15.63783,-0.117873,63
2016-06-29,127043,2568381,15.873576,16.187904,15.63783,16.187904,0.550074,76
2016-06-30,240878,5080249,16.187904,16.895143,16.03074,16.895143,0.707239,127
2016-07-01,236000,5038000,16.895143,17.091598,16.462941,16.698688,-0.196455,148
2016-07-04,120000,2541250,16.816561,16.816561,16.541524,16.659397,-0.039291,42
2016-07-05,131001,2760071,16.423651,16.698688,16.423651,16.502233,-0.157164,54
2016-07-06,174000,3688900,16.502233,16.855852,16.502233,16.580814,0.078581,95
2016-07-07,139202,2915042,16.737979,16.737979,16.305777,16.580814,0.0,68
2016-07-11,401236,8484329,16.620106,16.737979,16.502233,16.698688,0.117874,135
2016-07-12,207000,4373950,16.698688,16.698688,16.502233,16.659397,-0.039291,77
2016-07-13,210050,4435864,16.659397,16.737979,16.502233,16.737979,0.078582,108
2016-07-14,251156,5360557,16.698688,16.895143,16.659397,16.77727,0.039291,100
2016-07-15,209000,4462400,16.895143,16.895143,16.659397,16.816561,0.039291,106
2016-07-18,95103,2022148,16.816561,16.816561,16.620106,16.620106,-0.196455,59
2016-07-19,141063,2982429,16.580814,16.737979,16.502233,16.659397,0.039291,71
2016-07-20,66333,1404776,16.659397,16.698688,16.502233,16.659397,0.0,40
2016-07-21,250002,5318442,16.737979,16.973725,16.541524,16.77727,0.117873,134
2016-07-22,1373572,30555540,16.973725,17.759546,16.973725,17.5238,0.74653,631
2016-07-25,1170004,26741138,17.91671,18.388202,17.680963,17.91671,0.39291,569
2016-07-26,230249,5185800,17.91671,17.91671,17.602381,17.641673,-0.275037,150
2016-07-27,407991,9199798,17.956,18.152456,17.327344,17.602381,-0.039292,243
2016-07-28,287115,6309346,17.405926,17.484508,17.130889,17.17018,-0.432201,154
2016-07-29,265075,5785788,17.130889,17.288053,17.091598,17.130889,-0.039291,104
2016-08-01,205458,4498675,17.5238,17.5238,17.052307,17.052307,-0.078582,132
2016-08-02,205005,4314005,17.299442,17.587766,17.134685,17.423009,0.370702,148
2016-08-03,991165,21912290,17.134685,18.617495,17.134685,18.535116,1.112107,523
2016-08-04,3755306,89343576,18.864629,20.223872,18.493927,19.976736,1.44162,1503
2016-08-05,1316396,31872730,19.935548,20.182682,19.647224,20.059115,0.082379,565
2016-08-08,1356439,32678105,20.553384,20.553384,19.400088,19.523656,-0.535459,582
2016-08-09,792553,17990469,19.31771,19.400088,18.329171,18.329171,-1.194485,409
2016-08-10,312005,6946460,18.37036,18.493927,18.040847,18.493927,0.164756,194
2016-08-11,201601,4448294,18.493927,18.535116,17.999657,18.040847,-0.45308,132
2016-08-12,263310,5855580,18.123225,18.493927,18.123225,18.411549,0.370702,144
2016-08-15,177010,3927520,18.205603,18.411549,18.205603,18.411549,0.0,95
2016-08-16,146046,3240513,18.493927,18.493927,18.205603,18.205603,-0.205946,75
2016-08-17,116015,2543930,18.205603,18.205603,17.958468,17.958468,-0.247135,94
2016-08-18,235862,5147903,17.958468,18.37036,17.752523,17.999657,0.041189,144
2016-08-19,265025,5813835,17.999657,18.329171,17.87609,18.164414,0.164757,140
2016-08-22,149076,3226478,17.999657,17.999657,17.546577,17.958468,-0.205946,112
2016-08-23,140089,3035130,17.958468,17.958468,17.628955,17.958468,0.0,102
2016-08-24,121296,2662840,17.958468,18.205603,17.834901,18.205603,0.247135,69
2016-08-25,100842,2208858,18.040847,18.246792,17.917279,18.040847,-0.164756,73
2016-08-26,232121,5100667,17.87609,18.164414,17.87609,18.123225,0.082378,106
2016-08-29,217167,4820260,18.37036,18.493927,18.123225,18.411549,0.288324,188
2016-08-30,245255,5519192,18.411549,18.699873,18.411549,18.576305,0.164756,155
2016-08-31,1156034,26904288,18.658684,19.482467,18.576305,19.31771,0.741405,597
2016-09-01,438002,10184146,19.31771,19.606034,18.864629,19.029386,-0.288324,243
2016-09-02,311003,7052566,18.947008,18.947008,18.37036,18.617495,-0.411891,172
2016-09-05,352310,8004821,18.947008,18.988197,18.617495,18.617495,0.0,131
2016-09-06,200874,4554662,18.82344,18.864629,18.535116,18.617495,0.0,120
2016-09-07,161820,3668797,18.617495,19.029386,18.576305,18.699873,0.082378,90
2016-09-08,227735,5170142,18.782251,18.864629,18.576305,18.576305,-0.123568,127
2016-09-09,191842,4275256,18.37036,18.576305,18.287981,18.37036,-0.205945,111
2016-09-10,136076,3044394,17.834901,18.576305,17.834901,18.493927,0.123567,71
2016-09-12,211001,4684672,18.493927,18.535116,18.123225,18.493927,0.0,111
2016-09-13,125000,2762550,18.37036,18.493927,18.040847,18.287981,-0.205946,65
2016-09-14,144060,3149164,17.793712,18.164414,17.793712,18.164414,-0.123567,69
2016-09-19,202167,4512956,18.205603,18.782251,18.205603,18.37036,0.205946,84
2016-09-20,156750,3453575,18.37036,18.452738,17.999657,18.040847,-0.329513,79
2016-09-21,184685,4033964,17.917279,18.164414,17.834901,17.999657,-0.04119,88
2016-09-22,224001,4921322,18.329171,18.699873,17.834901,18.123225,0.123568,117
2016-09-23,172001,3755222,18.123225,18.123225,17.917279,18.040847,-0.082378,94
2016-09-26,233001,5060321,17.958468,18.040847,17.87609,17.87609,-0.164757,46
2016-09-29,221000,4770500,17.958468,17.999657,17.711333,17.711333,-0.164757,89
2016-09-30,204000,4344350,17.711333,17.87609,17.340631,17.711333,0.0,111
2016-10-03,193370,4120593,17.711333,17.752523,17.175875,17.587766,-0.123567,98
2016-10-04,94167,2016673,17.587766,17.793712,17.505388,17.711333,0.123567,43
2016-10-05,84200,1802869,17.711333,17.752523,17.546577,17.628955,-0.082378,45
2016-10-06,60129,1281584,17.546577,17.711333,17.505388,17.546577,-0.082378,27
2016-10-07,106063,2251073,17.546577,17.670144,17.423009,17.423009,-0.123568,46
2016-10-11,159001,3344871,17.505388,17.546577,17.175875,17.258253,-0.164756,73
2016-10-12,64415,1350972,17.217064,17.340631,17.175875,17.340631,0.082378,30
2016-10-13,119009,2515489,17.38182,17.670144,17.217064,17.423009,0.082378,68
2016-10-14,180103,3770001,17.587766,17.587766,17.052307,17.340631,-0.082378,99
2016-10-17,62008,1290060,17.299442,17.299442,17.052307,17.052307,-0.288324,51
2016-10-18,132000,2709950,17.093496,17.175875,16.763983,16.92874,-0.123567,65
2016-10-19,100055,2046466,16.887551,16.92874,16.763983,16.846361,-0.082379,49
2016-10-20,212001,4275870,16.805172,16.805172,16.475659,16.722794,-0.123567,116
2016-10-21,124016,2556732,16.558037,17.299442,16.516848,17.217064,0.49427,85
2016-10-24,97003,2023363,17.299442,17.546577,16.969929,17.217064,0.0,71
2016-10-25,209001,4314520,16.92874,17.134685,16.846361,17.134685,-0.082379,88
2016-10-26,97001,2015421,17.134685,17.217064,16.969929,17.217064,0.082379,51
2016-10-27,3097852,65045069,17.217064,17.299442,17.093496,17.299442,0.082378,65
2016-10-28,1600833,36919339,18.864629,19.029386,18.782251,19.029386,1.729944,568
2016-10-31,3113288,72660054,18.864629,20.017926,18.535116,18.947008,-0.082378,1695
2016-11-01,856492,19814616,18.741062,19.3589,18.576305,19.029386,0.082378,461
2016-11-02,638245,14485036,19.029386,19.029386,18.452738,18.535116,-0.49427,318
2016-11-03,920000,20569900,18.535116,19.31771,17.999657,18.123225,-0.411891,461
2016-11-04,407120,8875404,17.958468,18.535116,17.628955,17.628955,-0.49427,220
2016-11-07,265708,5755232,17.711333,18.123225,17.711333,17.917279,0.288324,143
2016-11-08,338642,7239282,17.917279,17.958468,17.38182,17.38182,-0.535459,153
2016-11-09,679685,13493600,17.38182,17.38182,15.651876,15.9402,-1.44162,354
2016-11-10,213593,4281660,16.681605,16.681605,16.310903,16.640416,0.700216,131
2016-11-11,162001,3244220,16.640416,16.640416,16.310903,16.558037,-0.082379,107
2016-11-14,126008,2504060,16.310903,16.558037,16.269713,16.39328,-0.164757,73
2016-11-15,130001,2616520,16.599227,16.722794,16.352092,16.722794,0.329514,80
2016-11-16,277004,5555930,16.722794,16.969929,16.43447,16.722794,0.0,120
2016-11-17,153501,3063818,16.558037,16.558037,16.228524,16.475659,-0.247135,90
2016-11-18,96001,1920820,16.39328,16.558037,16.352092,16.558037,0.082378,60
2016-11-21,84315,1685804,16.558037,16.558037,16.352092,16.352092,-0.205945,56
2016-11-22,161728,3243876,16.43447,16.722794,16.352092,16.722794,0.370702,95
2016-11-23,113076,2273010,16.516848,16.763983,16.43447,16.475659,-0.247135,85
2016-11-24,72001,1443320,16.475659,16.558037,16.43447,16.475659,0.0,36
2016-11-25,81336,1621083,16.475659,16.475659,16.310903,16.475659,0.0,51
2016-11-28,287103,5908650,16.475659,17.546577,16.475659,16.887551,0.411892,138
2016-11-29,41000,835800,16.846361,16.887551,16.763983,16.763983,-0.123568,30
2016-11-30,133004,2703182,16.640416,16.969929,16.599227,16.722794,-0.041189,69
2016-12-01,115574,2320780,16.640416,16.681605,16.39328,16.599227,-0.123567,81
2016-12-02,171003,3412310,16.475659,16.558037,16.310903,16.558037,-0.04119,64
2016-12-05,65006,1302420,16.475659,16.516848,16.43447,16.516848,-0.041189,21
2016-12-06,109006,2183920,16.516848,16.558037,16.43447,16.516848,0.0,56
2016-12-07,48002,956538,16.516848,16.516848,16.352092,16.352092,-0.164756,30
2016-12-08,129165,2582181,16.475659,16.516848,16.39328,16.516848,0.164756,64
2016-12-09,112003,2233107,16.558037,16.558037,16.352092,16.43447,-0.082378,42
2016-12-12,83013,1646449,16.43447,16.43447,16.269713,16.310903,-0.123567,59
2016-12-13,110877,2192161,16.310903,16.43447,16.187335,16.39328,0.082377,59
2016-12-14,55002,1097039,16.39328,16.516848,16.310903,16.516848,0.123568,39
2016-12-15,68000,1356750,16.39328,16.516848,16.39328,16.43447,-0.082378,23
2016-12-16,85001,1696770,16.475659,16.516848,16.39328,16.43447,0.0,36
2016-12-19,18155,360267,16.43447,16.43447,16.310903,16.39328,-0.04119,15
2016-12-20,94013,1860603,16.558037,16.558037,16.063768,16.063768,-0.329512,65
2016-12-21,147002,2902288,16.39328,16.39328,16.228524,16.228524,0.164756,56
2016-12-22,213507,4165584,16.310903,16.310903,15.816632,16.187335,-0.041189,108
2016-12-23,88001,1729669,16.187335,16.39328,16.022578,16.228524,0.041189,55
2016-12-26,41005,805795,16.475659,16.475659,16.104956,16.146146,-0.082378,31
2016-12-27,156101,3038174,16.146146,16.187335,15.899011,16.104956,-0.04119,63
2016-12-28,189005,3716445,16.104956,16.352092,16.104956,16.352092,0.247136,73
2016-12-29,179060,3563250,16.352092,16.640416,16.187335,16.640416,0.288324,69
2016-12-30,210125,4229274,16.640416,16.722794,16.269713,16.722794,0.082378,116
2017-01-03,113054,2276630,16.722794,16.722794,16.475659,16.475659,-0.247135,74
2017-01-04,53001,1062920,16.599227,16.599227,16.475659,16.516848,0.041189,38
2017-01-05,150106,3021424,16.640416,16.722794,16.516848,16.516848,0.0,102
2017-01-06,95003,1917460,16.558037,16.722794,16.558037,16.640416,0.123568,57
2017-01-09,128010,2588351,16.722794,16.846361,16.558037,16.763983,0.123567,61
2017-01-10,371358,7677405,16.846361,17.38182,16.763983,17.134685,0.370702,194
2017-01-11,91504,1885630,17.217064,17.217064,16.887551,16.887551,-0.247134,75
2017-01-12,130129,2703779,17.011118,17.258253,16.969929,17.258253,0.370702,83
2017-01-13,73006,1510220,17.38182,17.38182,16.969929,17.011118,-0.247135,45
2017-01-16,106007,2156940,16.969929,16.969929,16.599227,16.599227,-0.411891,67
2017-01-17,105167,2121518,16.681605,16.805172,16.516848,16.516848,-0.082379,70
2017-01-18,107005,2172100,16.640416,16.846361,16.516848,16.722794,0.205946,65
2017-01-19,239680,4872137,16.722794,16.846361,16.681605,16.722794,0.0,89
2017-01-20,413015,8430202,16.763983,17.011118,16.681605,16.887551,0.164757,143
2017-01-23,199500,4077442,17.011118,17.011118,16.722794,16.887551,0.0,117
2017-01-24,241007,4952840,16.887551,17.011118,16.846361,16.92874,0.041189,96
2017-02-02,207368,4254887,16.969929,17.093496,16.805172,16.969929,0.041189,115
2017-02-03,444002,9343192,17.093496,17.505388,17.052307,17.38182,0.411891,265
2017-02-06,440149,9278745,17.628955,17.628955,17.258253,17.299442,-0.082378,179
2017-02-07,157415,3291265,17.340631,17.340631,17.134685,17.258253,-0.041189,104
2017-02-08,257053,5433767,17.299442,17.464199,17.258253,17.464199,0.205946,155
2017-02-09,186022,3905712,17.546577,17.546577,17.175875,17.175875,-0.288324,138
2017-02-10,128511,2694594,17.175875,17.340631,17.175875,17.299442,0.123567,97
2017-02-13,308525,6492227,17.258253,17.711333,17.134685,17.711333,0.411891,191
2017-02-14,209465,4472408,17.711333,17.958468,17.258253,17.258253,-0.45308,156
2017-02-15,1142240,25028280,17.505388,18.329171,17.464199,18.246792,0.988539,485
2017-02-16,514021,11495662,18.452738,18.82344,18.123225,18.123225,-0.123567,299
2017-02-17,174128,3809370,17.958468,18.205603,17.958468,18.040847,-0.082378,114
2017-02-18,105063,2305509,18.082036,18.164414,17.958468,18.123225,0.082378,87
2017-02-20,805643,18441939,18.123225,19.482467,18.123225,18.864629,0.741404,390
2017-02-21,170453,3855783,18.864629,18.864629,18.411549,18.617495,-0.247134,120
2017-02-22,661329,15073557,19.070576,19.194143,18.37036,18.864629,0.247134,419
2017-02-23,515338,11600086,18.864629,18.864629,18.205603,18.205603,-0.659026,286
2017-02-24,172022,3830334,18.040847,18.493927,18.040847,18.411549,0.205946,110
2017-03-01,276965,6009779,18.411549,18.411549,17.711333,17.793712,-0.617837,227
2017-03-02,129012,2800002,17.917279,18.040847,17.793712,17.917279,0.123567,81
2017-03-03,141011,3065036,17.87609,17.958468,17.793712,17.834901,-0.082378,46
2017-03-06,196100,4217929,17.958468,18.040847,17.628955,17.793712,-0.041189,135
2017-03-07,101130,2182134,17.834901,17.834901,17.670144,17.834901,0.041189,77
2017-03-08,423035,9243146,17.999657,18.123225,17.87609,17.917279,0.082378,268
2017-03-09,361167,7860114,18.040847,18.082036,17.834901,17.834901,-0.082378,228
2017-03-10,86017,1841657,17.340631,17.752523,17.340631,17.670144,-0.164757,80
2017-03-13,366013,7783673,17.546577,17.752523,17.38182,17.505388,-0.164756,165
2017-03-14,258550,5485056,17.505388,17.546577,17.340631,17.546577,0.041189,205
2017-03-15,428121,9220378,17.670144,17.87609,17.587766,17.587766,0.041189,231
2017-03-16,494022,10655165,17.958468,17.999657,17.628955,17.793712,0.205946,218
2017-03-17,379052,8092594,17.87609,17.87609,17.464199,17.546577,-0.247135,239
2017-03-20,392848,8291301,17.546577,17.587766,17.299442,17.340631,-0.205946,524
2017-03-21,346100,7298972,17.340631,17.505388,17.175875,17.175875,-0.164756,243
2017-03-22,319053,6566261,17.258253,17.258253,16.846361,17.011118,-0.164757,262
2017-03-23,273031,5627070,17.175875,17.175875,16.887551,16.887551,-0.123567,166
2017-03-24,296019,6072880,17.011118,17.011118,16.805172,16.969929,0.082378,144
2017-03-27,500192,10116986,17.134685,17.134685,16.475659,16.475659,-0.49427,226
2017-03-28,392029,7839380,16.558037,16.722794,16.228524,16.558037,0.082378,198
2017-03-29,384237,7625074,16.640416,16.640416,16.228524,16.269713,-0.288324,208
2017-03-30,319358,6406492,16.43447,16.681605,16.310903,16.681605,0.411892,185
2017-03-31,243120,4889659,16.763983,16.763983,16.475659,16.681605,0.0,163
2017-04-05,456262,9068409,16.681605,16.681605,16.187335,16.187335,-0.49427,517
2017-04-06,265157,5228497,16.269713,16.352092,16.187335,16.187335,0.0,280
2017-04-07,195315,3834897,16.269713,16.310903,16.063768,16.187335,0.0,300
2017-04-10,176385,3494435,16.269713,16.475659,16.228524,16.475659,0.288324,420
2017-04-11,122150,2429457,16.475659,16.475659,16.310903,16.310903,-0.164756,206
2017-04-12,196248,3918524,16.352092,16.599227,16.310903,16.599227,0.288324,329
2017-04-13,284604,5745284,16.640416,16.681605,16.558037,16.640416,0.041189,534
2017-04-14,185056,3685436,16.640416,16.640416,16.228524,16.310903,-0.329513,177
2017-04-17,113045,2214146,16.269713,16.269713,16.022578,16.063768,-0.247135,122
2017-04-18,167012,3261292,16.187335,16.228524,16.022578,16.022578,-0.04119,113
2017-04-19,256049,4908738,16.022578,16.022578,15.693065,15.693065,-0.329513,159
2017-04-20,131844,2517836,15.569498,15.816632,15.569498,15.775444,0.082379,87
2017-04-21,142110,2732712,15.816632,15.981389,15.775444,15.899011,0.123567,86
2017-04-24,162123,3134271,15.899011,16.022578,15.816632,15.816632,-0.082379,92
2017-04-25,1213666,24417652,15.857822,17.052307,15.857822,16.763983,0.947351,611
2017-04-26,467006,9405020,16.805172,16.92874,16.43447,16.475659,-0.288324,267
2017-04-27,208412,4130314,16.475659,16.475659,16.228524,16.310903,-0.164756,125
2017-04-28,186003,3703357,16.310903,16.558037,16.310903,16.475659,0.164756,107
2017-05-02,1563535,32481969,16.763983,17.299442,16.763983,16.969929,0.49427,891
2017-05-03,402011,8149121,16.887551,16.969929,16.558037,16.640416,-0.329513,239
2017-05-04,281002,5613338,16.640416,16.640416,16.39328,16.43447,-0.205946,157
2017-05-05,476256,9313741,16.39328,16.43447,15.9402,16.063768,-0.370702,240
2017-05-08,129000,2526300,16.228524,16.269713,16.063768,16.063768,0.0,82
2017-05-09,231004,4474476,16.063768,16.063768,15.857822,15.857822,-0.205946,124
2017-05-10,302002,5811038,15.816632,15.9402,15.734254,15.857822,0.0,128
2017-05-11,111302,2145642,15.857822,15.9402,15.857822,15.9402,0.082378,57
2017-05-12,60201,1163689,15.981389,15.981389,15.899011,15.9402,0.0,30
2017-05-15,813175,16282950,15.981389,16.681605,15.981389,16.558037,0.617837,410
2017-05-16,259006,5171217,16.640416,16.722794,16.269713,16.43447,-0.123567,130
2017-05-17,305000,6106100,16.39328,16.558037,16.39328,16.516848,0.082378,79
2017-05-18,155192,3069382,16.269713,16.352092,16.228524,16.310903,-0.205945,81
2017-05-19,220000,4332050,16.310903,16.39328,16.063768,16.146146,-0.164757,97
2017-05-22,231322,4590759,16.310903,16.475659,16.228524,16.269713,0.123567,101
2017-05-23,315621,6260195,16.269713,16.475659,16.228524,16.43447,0.164757,177
2017-05-24,132168,2627149,16.558037,16.558037,16.310903,16.310903,-0.123567,75
2017-05-25,143180,2819725,16.43447,16.43447,16.146146,16.228524,-0.082379,88
2017-05-26,88004,1733577,16.269713,16.310903,16.146146,16.146146,-0.082378,51
2017-05-31,59000,1160350,16.228524,16.310903,16.104956,16.187335,0.041189,40
2017-06-01,123294,2416702,16.228524,16.269713,16.063768,16.104956,-0.082379,77
2017-06-02,442003,8781708,16.146146,16.640416,16.104956,16.39328,0.288324,183
2017-06-03,194001,3849269,16.475659,16.475659,16.269713,16.269713,-0.123567,85
2017-06-05,210503,4191957,16.352092,16.475659,16.310903,16.475659,0.205946,111
2017-06-06,193000,3867550,16.558037,16.599227,16.39328,16.39328,-0.082379,88
2017-06-07,119000,2371700,16.39328,16.516848,16.310903,16.352092,-0.041188,54
2017-06-08,924310,18863511,16.722794,17.134685,16.681605,16.763983,0.411891,408
2017-06-09,220500,4494049,17.011118,17.011118,16.722794,16.722794,-0.041189,109
2017-06-12,265005,5379002,16.722794,16.805172,16.640416,16.640416,-0.082378,97
2017-06-13,311230,6293909,16.722794,16.763983,16.599227,16.640416,0.0,93
2017-06-14,367001,7380020,16.763983,17.011118,16.39328,16.558037,-0.082379,144
2017-06-15,319000,6477100,16.558037,16.805172,16.558037,16.805172,0.247135,143
2017-06-16,264050,5375770,16.92874,16.92874,16.722794,16.763983,-0.041189,119
2017-06-19,251364,5101080,16.846361,16.846361,16.599227,16.599227,-0.164756,113
2017-06-20,348136,6960890,16.599227,16.640416,16.39328,16.39328,-0.205947,136
2017-06-21,363139,7293680,16.475659,16.722794,16.475659,16.599227,0.205947,141
2017-06-22,155259,3110174,16.640416,16.640416,16.43447,16.43447,-0.164757,74
2017-06-23,366565,7304056,16.475659,16.640416,16.310903,16.352092,-0.082378,137
2017-06-26,246000,4891600,16.39328,16.43447,16.352092,16.352092,0.0,95
2017-06-27,98710,1966235,16.599227,16.599227,16.352092,16.39328,0.041188,62
2017-06-28,314766,6244964,16.43447,16.43447,16.310903,16.39328,0.0,93
2017-06-29,346465,6849863,16.352092,16.43447,16.228524,16.269713,-0.123567,130
2017-06-30,221004,4352826,16.269713,16.43447,16.146146,16.43447,0.164757,95
2017-07-03,382388,7696310,16.475659,16.763983,16.475659,16.558037,0.123567,165
2017-07-04,446020,9005200,16.558037,16.763983,16.558037,16.599227,0.04119,125
2017-07-05,156004,3139930,16.722794,16.722794,16.475659,16.681605,0.082378,74
2017-07-06,112389,2262530,16.722794,16.722794,16.558037,16.558037,-0.123568,47
2017-07-07,387001,7700320,16.516848,16.516848,16.269713,16.43447,-0.123567,145
2017-07-10,1843803,40118331,16.887551,18.040847,16.887551,18.040847,1.606377,486
2017-07-11,8762204,197760357,18.782251,19.070576,17.958468,18.246792,0.205945,3379
2017-07-12,1620503,36071565,18.164414,18.535116,18.123225,18.329171,0.082379,717
2017-07-13,1234138,27546518,18.452738,18.699873,18.205603,18.699873,0.370702,752
2017-07-14,4241406,102270408,18.947008,20.512196,18.82344,20.512196,1.812323,2004
2017-07-17,6371375,168429249,20.882898,22.530464,20.512196,22.530464,2.018268,2741
2017-07-18,8183623,229830754,22.777599,23.724949,22.612842,23.230679,0.700215,3956
2017-07-19,2670415,75084792,23.313057,23.642571,22.695221,22.983545,-0.247134,1350
2017-07-20,1620550,45111381,23.18949,23.230679,22.736409,22.942355,-0.04119,794
2017-07-21,5922801,165041934,23.065923,23.972084,21.871437,21.995004,-0.947351,2947
2017-07-24,2087346,55881377,21.995004,22.571652,21.418356,22.571652,0.576648,1051
2017-07-25,2394863,65941731,22.406897,23.065923,22.159761,22.654031,0.082379,1055
2017-07-26,1288003,35233581,22.612842,22.901166,22.077383,22.777599,0.123568,675
2017-07-27,4310425,122951218,22.901166,23.807327,22.777599,23.724949,0.94735,2010
2017-07-28,3306702,93888182,23.972084,24.136841,22.571652,22.571652,-1.153297,1599
2017-07-31,1116004,30040558,22.159761,22.571652,21.789059,22.24214,-0.329512,569
2017-08-01,598090,16120859,22.20095,22.448085,21.995004,22.20095,-0.04119,333
2017-08-02,1503340,41553015,22.324518,22.983545,22.324518,22.818788,0.617838,697
2017-08-03,627772,17354988,23.107112,23.107112,22.571652,22.777599,-0.041189,321
2017-08-04,1609958,41419243,22.859977,22.859977,22.489275,22.654031,-0.123568,257
2017-08-07,766343,20741392,22.901166,22.901166,22.077383,22.20095,-0.453081,364
2017-08-08,1207583,33012446,22.406897,23.024733,21.871437,22.448085,0.247135,511
2017-08-09,1282478,33659272,22.456465,22.456465,21.618537,22.079397,-0.368688,510
2017-08-10,1556321,39220118,22.037501,22.037501,20.403542,20.403542,-1.675855,598
2017-08-11,992875,23836315,19.816992,20.487334,19.816992,20.110267,-0.293275,379
2017-08-14,598400,14226299,20.696816,20.696816,19.481821,19.481821,-0.628446,275
2017-08-15,553371,13100004,19.60751,20.110267,19.60751,20.110267,0.628446,217
2017-08-16,721318,17969714,20.277853,21.325262,20.110267,21.11578,1.005513,430
2017-08-17,413785,10562794,21.241469,21.618537,21.199573,21.618537,0.502757,214
2017-08-18,219129,5567160,21.367158,21.618537,21.073884,21.618537,0.0,134
2017-08-21,341000,8831950,21.618537,21.953708,21.534744,21.70233,0.083793,175
2017-08-22,823100,21358960,21.869915,22.037501,21.450952,21.911812,0.209482,353
2017-08-23,336013,8784789,22.037501,22.121293,21.744226,21.911812,0.0,205
2017-08-24,344001,9004726,22.288879,22.288879,21.618537,21.618537,-0.293275,207
2017-08-25,212615,5477701,21.869915,21.869915,21.450952,21.618537,0.0,134
2017-08-28,337807,8619400,21.450952,21.744226,21.283366,21.325262,-0.293275,176
2017-08-29,296646,7531703,21.325262,21.576641,21.283366,21.576641,0.251379,131
2017-08-30,1566435,42070849,21.576641,23.043014,21.576641,22.959221,1.38258,805
2017-08-31,592101,16102004,23.461978,23.461978,22.414568,22.456465,-0.502756,364
2017-09-01,537411,14443931,22.540257,22.791636,22.246982,22.62405,0.167585,221
2017-09-04,243103,6520744,22.959221,22.959221,22.330776,22.456465,-0.167585,128
2017-09-05,810939,21996552,22.456465,23.168703,22.205087,22.707843,0.251378,387
2017-09-06,563869,15100454,22.62405,22.707843,22.205087,22.456465,-0.251378,272
2017-09-07,604340,16141510,22.540257,22.62405,22.121293,22.498361,0.041896,220
2017-09-08,5707770,164001162,23.252496,24.718869,22.959221,24.718869,2.220508,2245
2017-09-11,3435400,98896639,24.718869,24.718869,23.503875,23.880942,-0.837927,1591
2017-09-12,3094218,90671000,24.090424,25.095937,23.964735,23.964735,0.083793,1614
2017-09-13,1279897,35889087,24.13232,24.174217,23.168703,23.336289,-0.628446,630
2017-09-14,510103,14215967,23.294392,23.503875,23.168703,23.461978,0.125689,233
2017-09-15,532167,14740875,23.629564,23.629564,23.084911,23.378186,-0.083792,264
2017-09-18,491043,13798704,23.54577,23.629564,23.420081,23.54577,0.167584,254
2017-09-19,1781000,51087100,23.755253,24.425595,23.503875,23.67146,0.12569,892
2017-09-20,961468,26733164,23.880942,23.880942,22.917325,23.252496,-0.418964,428
2017-09-21,363042,10174326,23.2106,23.713356,23.2106,23.461978,0.209482,214
2017-09-22,932002,25422104,23.378186,23.420081,22.372672,23.2106,-0.251378,427
2017-09-25,675001,18141276,23.2106,23.2106,22.246982,22.498361,-0.712239,290
2017-09-26,898010,23559711,22.456465,22.456465,21.70233,22.037501,-0.46086,358
2017-09-27,254235,6734104,22.414568,22.414568,22.037501,22.288879,0.251378,124
2017-09-28,315001,8393676,22.288879,22.498361,22.246982,22.456465,0.167586,144
2017-09-29,285836,7576368,22.456465,22.62405,21.953708,22.414568,-0.041897,160
2017-09-30,181029,4837524,22.246982,22.498361,22.246982,22.330776,-0.083792,89
2017-10-02,1010049,28086274,22.372672,23.587667,22.372672,23.587667,1.256891,524
2017-10-03,738100,20873250,23.880942,24.25801,23.252496,23.252496,-0.335171,403
2017-10-05,345070,9589317,23.461978,23.503875,23.043014,23.084911,-0.167585,189
2017-10-06,785261,22085758,23.378186,23.880942,23.2106,23.629564,0.544653,424
2017-10-11,529329,14702014,23.839045,24.048527,22.833532,22.875429,-0.754135,297
2017-10-12,308157,8425120,23.126807,23.126807,22.665946,22.959221,0.083792,154
2017-10-13,185277,5023849,22.833532,23.001118,22.62405,22.707843,-0.251378,112
2017-10-16,654945,17525694,22.707843,22.707843,22.121293,22.288879,-0.418964,335
2017-10-17,940112,25483024,22.330776,23.168703,22.121293,22.791636,0.502757,483
2017-10-18,276076,7407764,22.917325,22.917325,22.288879,22.372672,-0.418964,151
2017-10-19,219200,5850780,22.414568,22.582154,22.121293,22.330776,-0.041896,123
2017-10-20,356100,9364859,22.205087,22.205087,21.953708,21.995604,-0.335172,193
2017-10-23,442011,11737993,21.995604,22.456465,21.995604,22.414568,0.418964,255
2017-10-24,400500,10738200,22.414568,22.791636,22.205087,22.707843,0.293275,184
2017-10-25,546338,14758157,23.001118,23.001118,22.456465,22.62405,-0.083793,213
2017-10-26,363358,9820344,22.62405,22.74974,22.582154,22.582154,-0.041896,137
2017-10-27,731000,19899100,22.74974,23.2106,22.540257,22.62405,0.041896,327
2017-10-30,900371,24596996,23.084911,23.168703,22.665946,23.043014,0.418964,398
2017-10-31,1460538,40869516,23.043014,23.797149,22.959221,23.67146,0.628446,670
2017-11-01,1807503,51163232,23.797149,24.048527,23.252496,23.252496,-0.418964,743
2017-11-02,975207,27362297,23.2106,23.797149,23.2106,23.797149,0.544653,421
2017-11-03,1175203,33138384,24.048527,24.25801,23.294392,23.336289,-0.46086,487
2017-11-06,823471,22681593,23.461978,23.461978,22.791636,22.959221,-0.377068,374
2017-11-07,978556,26741433,23.043014,23.294392,22.456465,23.168703,0.209482,444
2017-11-08,625459,17300476,23.043014,23.420081,22.791636,22.959221,-0.209482,285
2017-11-09,934002,25990355,23.2106,23.797149,22.917325,23.084911,0.12569,407
2017-11-10,3220005,91106840,23.126807,24.216113,23.001118,23.67146,0.586549,1121
2017-11-13,2307181,65883485,23.880942,24.551284,23.2106,23.336289,-0.335171,1150
2017-11-14,1026004,28417611,23.461978,23.587667,22.959221,23.2106,-0.125689,391
2017-11-15,813258,22481344,23.2106,23.420081,23.001118,23.2106,0.0,284
2017-11-16,1672063,47352105,23.294392,24.216113,23.2106,23.503875,0.293275,687
2017-11-17,1409001,39701678,24.13232,24.13232,23.378186,23.587667,0.083792,580
2017-11-20,980840,27562684,23.880942,23.880942,23.294392,23.294392,-0.293275,552
2017-11-21,2262049,61456077,23.336289,23.378186,22.121293,22.833532,-0.46086,932
2017-11-22,1505129,40188566,23.043014,23.043014,21.869915,21.995604,-0.837928,591
2017-11-23,532353,14175438,22.037501,22.498361,22.037501,22.456465,0.460861,286
2017-11-24,6487951,186537352,22.875429,24.676974,22.288879,24.676974,2.220509,2277
2017-11-27,9352283,285468103,25.598694,26.813689,24.509388,24.509388,-0.167586,4610
2017-11-28,2599009,75327807,23.964735,24.886455,23.797149,24.299906,-0.209482,1157
2017-11-29,2709132,81231007,24.886455,25.682487,24.509388,24.509388,0.209482,1371
2017-11-30,2225001,63346777,24.425595,24.844559,23.378186,23.461978,-1.04741,1151
2017-12-01,2194004,60839109,23.713356,24.048527,22.540257,23.084911,-0.377067,969
2017-12-04,1105104,31024387,23.2106,23.797149,22.875429,23.755253,0.670342,656
2017-12-05,1293501,35368400,23.461978,23.461978,22.540257,22.665946,-1.089307,554
2017-12-06,982977,26264093,22.875429,22.959221,22.121293,22.121293,-0.544653,418
2017-12-07,856482,22626878,22.121293,22.582154,21.828019,22.121293,0.0,361
2017-12-08,574167,15459824,22.959221,22.959221,22.205087,22.62405,0.502757,319
2017-12-11,394267,10709722,22.875429,22.959221,22.498361,22.665946,0.041896,202
2017-12-12,564001,15198376,22.791636,22.959221,22.414568,22.456465,-0.209481,234
2017-12-13,273387,7410532,22.707843,22.875429,22.498361,22.833532,0.377067,160
2017-12-14,404020,11047990,22.959221,23.084911,22.791636,22.791636,-0.041896,191
2017-12-15,367003,9865529,22.791636,22.791636,22.456465,22.498361,-0.293275,138
2017-12-18,248167,6729289,22.498361,22.875429,22.498361,22.665946,0.167585,145
2017-12-19,1079322,28462001,22.833532,22.833532,21.70233,21.995604,-0.670342,457
2017-12-20,260001,6868976,21.953708,22.288879,21.953708,22.288879,0.293275,153
2017-12-21,717250,19314535,22.288879,22.833532,22.121293,22.246982,-0.041897,351
2017-12-22,2423586,67322323,22.456465,23.922838,22.288879,23.713356,1.466374,1175
2017-12-25,2666087,75754606,24.13232,24.383699,23.084911,23.2106,-0.502756,1319
2017-12-26,625549,17053523,23.378186,23.378186,22.540257,22.791636,-0.418964,339
2017-12-27,752003,20771131,22.875429,23.420081,22.833532,23.168703,0.377067,375
2017-12-28,690210,19199293,23.378186,23.629564,23.126807,23.126807,-0.041896,317
2017-12-29,635406,17742022,23.252496,23.587667,23.168703,23.420081,0.293274,288
2018-01-02,1086171,30543052,23.797149,23.880942,23.252496,23.294392,-0.125689,388
2018-01-03,5798994,168187722,23.461978,24.718869,23.336289,24.635077,1.340685,2340
2018-01-04,13837773,428372774,25.054041,27.065067,25.012144,27.065067,2.42999,6053
2018-01-05,11034115,351912780,27.065067,27.902996,25.808176,26.729897,-0.33517,5162
2018-01-08,3922042,121529431,26.729897,26.729897,24.802663,24.802663,-1.927234,2164
2018-01-09,2941100,86104556,24.886455,25.598694,23.713356,23.964735,-0.837928,1548
2018-01-10,1278004,36518464,24.13232,24.383699,23.629564,23.839045,-0.12569,703
2018-01-11,1422300,40991449,24.174217,24.635077,23.67146,23.67146,-0.167585,828
2018-01-12,1878212,52627391,23.880942,24.25801,23.126807,23.378186,-0.293274,1011
2018-01-15,956177,26559595,23.503875,23.713356,23.043014,23.126807,-0.251379,500
2018-01-16,1178552,33179753,23.043014,23.922838,23.043014,23.922838,0.796031,672
2018-01-17,1288318,36310204,23.755253,24.216113,23.294392,23.378186,-0.544652,627
2018-01-18,1148475,32123457,23.713356,23.713356,23.294392,23.294392,-0.083794,524
2018-01-19,625004,17429309,23.336289,23.461978,23.294392,23.294392,0.0,316
2018-01-22,653867,18159387,23.461978,23.461978,23.126807,23.336289,0.041897,326
2018-01-23,926317,26000641,23.54577,23.713356,23.294392,23.503875,0.167586,460
2018-01-24,427004,11973112,23.54577,23.67146,23.378186,23.587667,0.083792,226
2018-01-25,594003,16620931,23.67146,23.713356,23.2106,23.2106,-0.377067,265
2018-01-26,543007,15001889,23.336289,23.420081,22.875429,22.917325,-0.293275,280
2018-01-29,590030,16181417,23.043014,23.2106,22.791636,22.791636,-0.125689,291
2018-01-30,322000,8775500,22.833532,22.959221,22.791636,22.791636,0.0,154
2018-01-31,728061,19745712,22.875429,22.875429,22.62405,22.875429,0.083793,280
2018-02-01,304725,8346240,22.875429,23.084911,22.875429,22.875429,0.0,148
2018-02-02,318235,8678241,23.001118,23.001118,22.791636,22.791636,-0.083793,165
2018-02-05,777002,20734154,22.540257,22.62405,21.995604,22.456465,-0.335171,410
2018-02-06,2554051,64814925,21.786122,22.037501,20.277853,20.906298,-1.550167,899
2018-02-07,406055,10456712,21.786122,21.786122,21.241469,21.534744,0.628446,232
2018-02-08,464346,11978341,21.576641,21.869915,21.283366,21.576641,0.041897,216
2018-02-09,716015,18090731,20.529231,21.869915,20.529231,21.450952,-0.125689,325
2018-02-12,277000,7127850,21.534744,21.744226,21.450952,21.492847,0.041895,144
2018-02-21,414897,10992274,21.744226,22.498361,21.744226,22.288879,0.796032,236
2018-02-22,770006,20848012,22.288879,22.791636,22.288879,22.791636,0.502757,219
2018-02-23,2863006,78850312,23.001118,23.54577,22.707843,23.252496,0.46086,616
2018-02-26,620021,17068771,23.503875,23.503875,22.74974,22.959221,-0.293275,310
2018-02-27,435969,12048651,23.168703,23.461978,22.959221,23.001118,0.041897,241
2018-03-01,1153110,32104280,22.707843,23.880942,22.62405,23.420081,0.418963,532
2018-03-02,859308,24373648,23.2106,24.13232,23.084911,23.839045,0.418964,434
2018-03-05,788202,22322656,24.216113,24.467491,23.294392,23.336289,-0.502756,432
2018-03-06,524356,14646939,23.336289,23.755253,23.043014,23.043014,-0.293275,263
2018-03-07,396482,10910170,23.2106,23.378186,22.959221,23.043014,0.0,201
2018-03-08,1022015,28864373,23.294392,23.922838,23.252496,23.54577,0.502756,443
2018-03-09,521001,14714678,23.54577,23.839045,23.54577,23.629564,0.083794,242
2018-03-12,378167,10685626,23.713356,24.006631,23.503875,23.503875,-0.125689,219
2018-03-13,569443,15902304,23.503875,23.503875,23.294392,23.503875,0.0,229
2018-03-14,196336,5496418,23.461978,23.54577,23.378186,23.503875,0.0,110
2018-03-15,292005,8162840,23.461978,23.587667,23.294392,23.336289,-0.167586,155
2018-03-16,175028,4896837,23.503875,23.54577,23.294392,23.461978,0.125689,107
2018-03-19,828352,23047015,23.252496,23.755253,23.043014,23.2106,-0.251378,346
2018-03-20,463258,12729466,23.043014,23.2106,22.959221,22.959221,-0.251379,203
2018-03-21,967195,26546313,22.959221,23.336289,22.707843,22.707843,-0.251378,364
2018-03-22,777014,20990914,22.74974,22.917325,22.372672,22.372672,-0.335171,310
2018-03-23,564005,14931585,22.205087,22.62405,21.869915,22.414568,0.041896,223
2018-03-26,591678,16179688,22.540257,23.168703,22.372672,22.917325,0.502757,208
2018-03-27,848021,23753688,23.168703,23.67146,23.084911,23.629564,0.712239,422
2018-03-28,949014,26894645,23.461978,23.964735,23.461978,23.67146,0.041896,353
2018-03-29,660428,18554302,23.797149,23.797149,23.378186,23.378186,-0.293274,215
2018-03-30,1632008,45472474,23.461978,23.54577,23.252496,23.294392,-0.083794,228
2018-03-31,575390,16227808,23.294392,23.797149,23.294392,23.67146,0.377068,249
2018-04-02,594051,16793878,23.713356,23.797149,23.54577,23.629564,-0.041896,369
2018-04-03,232024,6488075,23.420081,23.629564,23.252496,23.54577,-0.083794,145
2018-04-09,4209533,127606922,23.587667,25.891968,23.587667,25.891968,2.346198,1477
2018-04-10,11578118,380543521,26.646103,28.447648,26.22714,28.447648,2.55568,3871
2018-04-11,1031374,38470245,31.254707,31.254707,31.254707,31.254707,2.807059,321
2018-04-12,11366530,457726380,33.181941,34.355039,32.176427,34.355039,3.100332,3131
2018-04-13,1698362,76596119,37.790543,37.790543,37.790543,37.790543,3.435504,710
2018-04-16,5293859,243295161,41.058462,41.058462,36.868823,40.052948,2.262405,3119
2018-04-17,3393789,151699611,40.052948,40.052948,36.072791,36.072791,-3.980157,1847
2018-04-18,2134260,92876677,36.072791,36.868823,36.030895,36.868823,0.796032,1240
2018-04-19,1890873,83318585,36.659341,37.24589,36.659341,36.659341,-0.209482,1016
2018-04-20,1058052,45529046,36.282273,36.282273,35.570034,35.570034,-1.089307,582
2018-04-23,1942455,85397537,34.941589,37.70675,34.941589,37.455372,1.885338,1109
2018-04-24,1091386,46350004,37.455372,37.455372,34.355039,35.863309,-1.592063,593
2018-04-25,701981,29754183,34.355039,36.282273,34.355039,36.282273,0.418964,424
2018-04-26,1043609,44827822,36.868823,37.287787,34.355039,35.025381,-1.256892,594
2018-04-27,7313237,329462365,36.78503,38.502781,36.78503,38.251403,3.226022,1657
2018-04-30,3099676,134332511,36.030895,37.581061,34.732107,35.444345,-2.807058,1733
2018-05-02,1737358,74143340,36.030895,36.868823,34.899692,35.192967,-0.251378,1082
2018-05-03,1586234,64967794,34.606418,35.444345,33.517111,34.355039,-0.837928,794
2018-05-04,1251523,52909432,34.606418,36.282273,34.606418,35.109175,0.754136,888
2018-05-07,1661485,71801405,35.611931,36.826926,35.486242,36.19848,1.089305,1093
2018-05-08,2669645,126101434,38.377092,39.80157,38.377092,39.80157,3.60309,911
2018-05-09,7090248,326456507,39.80157,40.178637,37.287787,37.455372,-2.346198,3563
2018-05-10,3627749,165282886,37.748647,38.628471,37.539165,38.2933,0.837928,1793
2018-05-11,2335316,104087138,38.377092,38.921746,35.402449,36.030895,-2.262405,1445
2018-05-14,2615857,116676684,36.449858,38.418989,36.366066,37.203993,1.173098,1432
2018-05-15,2098493,94623338,38.209507,38.628471,36.910719,37.287787,0.083794,1241
2018-05-16,1023307,44324951,36.701237,37.371579,35.905206,35.947102,-1.340685,688
2018-05-17,1983593,82274521,35.947102,35.947102,34.187454,35.444345,-0.502757,1107
2018-05-18,702020,29875198,35.611931,36.19848,35.192967,35.192967,-0.251378,473
2018-05-21,706795,30305032,35.695724,36.617444,35.234864,36.407963,1.214996,434
2018-05-22,3487231,157610751,37.539165,38.544678,37.036408,38.083818,1.675855,2149
2018-05-23,2073475,88732875,37.497268,37.497268,35.025381,35.192967,-2.890851,1244
2018-05-24,559337,23749155,35.570034,36.030895,35.234864,35.528138,0.335171,410
2018-05-25,1244258,53877409,35.611931,36.743133,35.276759,36.407963,0.879825,784
2018-05-28,6777465,311866838,36.868823,39.885363,36.868823,38.544678,2.136715,3745
2018-05-29,2836369,130086524,39.550191,39.550191,37.371579,38.628471,0.083793,1812
2018-05-30,14570621,727875120,38.628471,42.482939,38.041922,42.482939,3.854468,6410
2018-05-31,20073698,1101600311,44.158794,46.672578,43.991209,45.164308,2.681369,7358
2018-06-01,10292971,541971847,46.840164,48.180847,41.519322,41.980182,-3.184126,6761
2018-06-04,6533437,346603701,42.734317,46.086028,42.734317,44.493966,2.513784,4105
2018-06-05,4649514,239343441,45.2481,45.750857,41.477425,41.561219,-2.932747,3021
2018-06-06,4765828,248225840,42.734317,44.829136,42.23156,42.81811,1.256891,3198
2018-06-07,2186293,112003986,42.81811,43.739831,42.23156,43.153281,0.335171,1367
2018-06-08,2580615,133110470,43.404659,44.32638,42.147768,42.650524,-0.502757,1555
2018-06-11,4323669,227809888,43.153281,45.164308,42.81811,43.823623,1.173099,2722
2018-06-12,4708000,250530897,43.991209,45.918443,43.237074,44.075001,0.251378,2827
2018-06-13,9267350,496554134,46.086028,47.594298,41.896389,42.23156,-1.843441,5118
2018-06-14,2495310,127271123,42.23156,43.739831,41.896389,42.482939,0.251379,1377
2018-06-15,3027847,156411180,43.153281,44.242587,42.315353,43.153281,0.670342,1835
2018-06-19,4218575,221595400,43.488452,44.996722,43.237074,43.320867,0.167586,2366
2018-06-20,5941002,292561440,43.572245,44.410173,39.256917,39.382606,-3.938261,3818
2018-06-21,2453200,116797250,39.67588,40.765187,38.963642,38.963642,-0.418964,1514
2018-06-22,2183896,98482424,38.963642,38.963642,36.533652,36.701237,-2.262405,1323
2018-06-25,1864361,81434398,36.701237,37.371579,35.779516,35.863309,-0.837928,1082
2018-06-26,2172859,94561052,35.444345,37.874336,34.522625,37.581061,1.717752,1344
2018-06-27,4132842,189441432,37.371579,39.298813,37.329683,38.460886,0.879825,2423
2018-06-28,1449336,65385318,37.539165,38.544678,36.701237,37.455372,-1.005514,940
2018-06-29,1408129,63855805,37.874336,38.418989,37.539165,37.70675,0.251378,844
2018-07-02,1475412,66729778,37.70675,38.796056,36.868823,36.868823,-0.837927,962
2018-07-03,3118402,140345289,37.70675,38.377092,36.533652,37.539165,0.670342,1762
2018-07-04,7964535,376890480,38.712264,41.058462,38.712264,39.131227,1.592062,4734
2018-07-05,2388100,107952900,38.628471,38.796056,36.030895,36.78503,-2.346197,1489
2018-07-06,2102200,90260250,37.371579,37.958129,35.067278,35.528138,-1.256892,1162
2018-07-09,813610,34987208,36.449858,36.701237,35.528138,35.528138,0.0,524
2018-07-10,794500,34338099,36.030895,36.659341,36.030895,36.19848,0.670342,424
2018-07-11,809018,34959024,36.030895,37.24589,35.444345,35.905206,-0.293274,455
2018-07-12,1114192,48673379,35.863309,37.413476,35.611931,36.868823,0.963617,657
2018-07-13,821432,36297175,37.203993,37.664854,36.701237,36.701237,-0.167586,493
2018-07-16,1116511,48240223,36.868823,37.120201,35.905206,35.905206,-0.796031,554
2018-07-17,616501,26190866,36.030895,36.240377,35.276759,35.276759,-0.628447,378
2018-07-18,1537005,63047560,35.863309,36.030895,33.181941,33.684697,-1.592062,768
2018-07-19,900025,36035951,33.726593,34.438832,33.056252,33.265733,-0.418964,521
2018-07-20,1811499,69789709,34.061765,34.061765,31.464188,31.925048,-1.340685,925
2018-07-23,1872019,73659284,31.841256,34.019868,31.799359,33.684697,1.759649,982
2018-07-24,746401,29598789,34.244131,34.244131,33.099834,33.26936,-0.415337,416
2018-07-25,559003,21834667,33.354122,33.650792,32.760783,32.887927,-0.381433,346
2018-07-26,636500,24766383,33.099834,33.438886,32.676021,32.718402,-0.169525,402
2018-07-27,1003863,39835870,32.930309,34.328894,32.930309,33.989843,1.271441,606
2018-07-30,1018579,39649104,33.90508,33.90508,32.506496,32.972691,-1.017152,669
2018-07-31,451371,17610535,32.760783,33.650792,32.676021,32.803165,-0.169526,365
2018-08-01,273004,10593560,32.972691,33.184597,32.718402,32.760783,-0.042382,207
2018-08-02,696505,26035995,32.760783,32.930309,31.150292,31.150292,-1.610491,437
2018-08-03,738700,27792896,31.362199,32.33697,31.362199,31.786013,0.635721,469
2018-08-06,366503,13931545,32.167445,32.548877,31.786013,32.33697,0.550957,243
2018-08-07,248351,9436840,32.63364,32.63364,32.040301,32.125063,-0.211907,181
2018-08-08,308167,11673929,32.379352,32.506496,31.616487,31.616487,-0.508576,232
2018-08-09,459050,16981737,31.913157,31.913157,31.023148,31.023148,-0.593339,333
2018-08-10,433101,15648094,31.277436,31.362199,29.921233,29.921233,-1.101915,295
2018-08-13,1181100,38953630,29.582183,29.624563,26.954538,27.251208,-2.670025,737
2018-08-14,772003,25498399,27.505497,28.692174,27.420733,28.353123,1.101915,503
2018-08-15,891100,28966756,28.437886,28.437886,26.785013,26.785013,-1.56811,509
2018-08-16,1414294,46019996,26.700251,28.819318,26.318819,28.776937,1.991924,811
2018-08-17,3189150,111283350,29.243132,30.387428,28.819318,28.819318,0.042381,1870
2018-08-20,848553,28176872,28.819318,28.904081,27.420733,27.420733,-1.398585,571
2018-08-21,428803,14114458,27.590259,28.353123,27.505497,27.886928,0.466195,297
2018-08-22,401200,13118330,28.141216,28.183598,27.378352,27.378352,-0.508576,281
2018-08-23,370028,11845471,27.63264,27.63264,26.912158,27.039302,-0.33905,221
2018-08-24,547000,17806450,26.99692,27.971691,26.99692,27.463115,0.423813,344
2018-08-27,817197,28552610,28.56503,30.175522,28.56503,30.175522,2.712407,501
2018-08-28,7065281,275200748,33.184597,33.184597,32.252208,33.184597,3.009075,3360
2018-08-29,3345604,128733474,33.057453,33.184597,32.125063,32.845547,-0.33905,2150
2018-08-30,1402201,53589447,32.760783,32.803165,32.209826,32.209826,-0.635721,831
2018-08-31,6129014,248839764,32.33697,35.388427,32.33697,34.413656,2.20383,3951
2018-09-03,2976783,114029809,34.413656,34.413656,31.150292,31.40458,-3.009076,1896
2018-09-04,2931100,111142509,31.786013,33.057453,31.489343,31.531724,0.127144,2004
2018-09-05,1118100,41522870,31.531724,31.997919,31.023148,31.235055,-0.296669,760
2018-09-06,744387,27551029,31.319818,31.786013,31.107911,31.150292,-0.084763,486
2018-09-07,2129547,73638671,31.06553,31.277436,28.056454,28.141216,-3.009076,1369
2018-09-10,1187002,39159766,28.437886,28.819318,26.99692,28.310742,0.169526,799
2018-09-11,759077,25758118,28.819318,29.243132,28.26836,28.607411,0.296669,480
2018-09-12,753001,25376936,28.607411,29.412657,28.098835,28.225979,-0.381432,495
2018-09-13,548070,18594630,28.225979,29.20075,28.225979,28.310742,0.084763,404
2018-09-14,2406033,86326708,28.819318,31.107911,28.480267,31.107911,2.797169,1459
2018-09-17,1456408,52605912,30.76886,31.107911,30.090758,30.090758,-1.017153,933
2018-09-18,718202,24766756,29.582183,29.878852,28.861699,28.861699,-1.229059,500
2018-09-19,770575,26632806,29.582183,30.005996,28.649793,28.734555,-0.127144,570
2018-09-20,730101,24905786,29.243132,29.539801,28.395505,28.776937,0.042382,504
2018-09-21,729212,25093551,29.158368,29.412657,28.988844,29.158368,0.381431,441
2018-09-25,510038,17558243,29.455038,29.751707,28.819318,28.904081,-0.254287,355
2018-09-26,385500,13185349,29.073606,29.497419,28.649793,28.649793,-0.254288,282
2018-09-27,560791,18651131,28.649793,28.946462,27.590259,28.014072,-0.635721,378
2018-09-28,463050,15271758,28.056454,28.437886,27.505497,28.056454,0.042382,332
2018-10-01,391001,13052384,28.26836,28.56503,28.056454,28.56503,0.508576,283
2018-10-02,605167,20423035,28.353123,28.988844,28.014072,28.014072,-0.550958,419
2018-10-03,542200,17681100,28.014072,28.225979,27.124064,27.124064,-0.890008,321
2018-10-04,721100,22714750,27.335971,27.378352,25.810242,26.234056,-0.890008,492
2018-10-05,2234233,64007689,25.683098,25.937386,23.648794,23.775938,-2.458118,1180
2018-10-08,880235,24714430,23.436887,24.242133,23.436887,23.8607,0.084762,482
2018-10-09,923001,25692677,24.072607,24.199751,23.055455,23.56403,-0.29667,498
2018-10-11,690014,17295350,21.275438,21.3602,21.233056,21.233056,-2.330974,389
2018-10-12,1018198,25184669,19.664946,21.614488,19.664946,21.487344,0.254288,584
2018-10-15,350006,8874050,21.699251,21.953539,21.148293,21.148293,-0.339051,224
2018-10-16,1324000,35441550,21.148293,23.224979,21.148293,22.504497,1.356204,900
2018-10-17,732957,19616236,22.885929,23.352124,22.080683,22.080683,-0.423814,455
2018-10-18,529103,13780031,22.250209,22.546878,21.65687,21.65687,-0.423813,377
2018-10-19,534002,13365150,21.487344,21.572108,20.682099,21.572108,-0.084762,353
2018-10-22,402000,10519600,21.3602,22.674022,21.233056,22.165446,0.593338,279
2018-10-23,307001,7916675,21.868777,22.504497,21.572108,21.572108,-0.593338,192
2018-10-24,258066,6451786,21.614488,21.826395,20.851624,20.851624,-0.720484,191
2018-10-25,2272002,50485444,18.817319,19.368277,18.774938,18.774938,-2.076686,904
2018-10-26,815001,18170972,19.071607,19.368277,18.308744,18.817319,0.042381,482
2018-10-29,442150,9999439,19.071607,19.580184,18.817319,18.986845,0.169526,259
2018-10-30,357001,7919522,18.817319,18.944463,18.605413,18.944463,-0.042382,226
2018-10-31,1143233,27359317,19.241133,20.766862,19.241133,20.343048,1.398585,686
2018-11-01,2564479,66666595,20.72448,22.377353,20.470192,22.377353,2.034305,1202
2018-11-02,3404564,93785399,23.56403,24.157369,21.868777,23.309743,0.93239,2156
2018-11-05,4106055,117775421,23.56403,25.216903,23.394505,24.157369,0.847626,2548
2018-11-06,1217646,33810662,23.945463,24.369276,22.758785,22.843548,-1.313821,866
2018-11-07,1710474,48085657,22.843548,24.326895,22.843548,24.284513,1.440965,1179
2018-11-08,4507481,134687499,25.132141,26.191674,24.581183,24.665946,0.381433,2707
2018-11-09,1535301,45121698,24.920234,25.259285,24.581183,25.089759,0.423813,967
2018-11-12,1099103,31883178,24.49642,25.089759,24.030225,24.030225,-1.059534,763
2018-11-13,1085001,30252578,22.885929,24.369276,22.674022,24.242133,0.211908,741
2018-11-14,608048,17417313,24.284513,24.708327,23.903082,23.903082,-0.339051,476
2018-11-15,365001,10368828,24.242133,24.284513,23.733556,23.903082,0.0,288
2018-11-16,1353103,39143397,24.242133,25.174522,24.072607,24.454039,0.550957,951
2018-11-19,1972003,58734390,24.454039,25.640717,24.454039,25.216903,0.762864,1313
2018-11-20,706063,20773744,24.920234,25.344047,24.665946,24.750708,-0.466195,504
2018-11-21,1024100,30314415,24.454039,25.513573,24.454039,25.344047,0.593339,720
2018-11-22,1201130,35241905,25.640717,25.683098,23.903082,23.903082,-1.440965,840
2018-11-23,528500,14960674,24.157369,24.326895,23.775938,23.8607,-0.042382,367
2018-11-26,370108,10567170,23.945463,24.49642,23.8607,24.49642,0.63572,267
2018-11-27,429792,12409834,24.581183,25.004996,24.242133,24.623564,0.127144,341
2018-11-28,1281501,37810029,24.920234,25.344047,24.581183,25.344047,0.720483,799
2018-11-29,4781118,153712919,26.827394,27.844547,26.276437,26.361199,1.017152,2694
2018-11-30,1224332,38336190,25.937386,27.039302,25.937386,26.530725,0.169526,830
2018-12-03,2743886,92177502,27.63264,29.115988,27.166445,28.56503,2.034305,1705
2018-12-04,1734686,57750900,28.819318,28.904081,27.547877,27.547877,-1.017153,1136
2018-12-05,751001,23831332,26.573107,27.378352,26.445963,27.039302,-0.508575,491
2018-12-06,1181043,36351748,27.378352,27.505497,25.174522,25.42881,-1.610492,748
2018-12-07,740948,22728229,25.42881,26.573107,25.42881,26.403581,0.974771,451
2018-12-10,681322,20260898,25.852624,26.022149,24.750708,24.877852,-1.525729,444
2018-12-11,428412,12651461,25.047378,25.216903,24.877852,24.920234,0.042382,293
2018-12-12,515053,15528205,25.216903,26.106912,25.174522,25.598335,0.678101,371
2018-12-13,700351,20757168,25.344047,25.810242,24.708327,24.708327,-0.890008,440
2018-12-14,722044,20672067,24.665946,24.665946,23.903082,24.284513,-0.423814,475
2018-12-17,501200,14364899,24.326895,24.665946,24.072607,24.157369,-0.127144,326
2018-12-18,366001,10288929,23.8607,24.030225,23.648794,23.691174,-0.466195,227
2018-12-19,366007,10408053,23.733556,24.411657,23.733556,23.8607,0.169526,253
2018-12-20,637001,18005478,23.8607,24.326895,23.606412,23.903082,0.042382,432
2018-12-21,1570592,45736751,23.903082,25.598335,23.818318,25.259285,1.356203,1075
2018-12-22,398317,11652387,25.004996,25.004996,24.623564,24.920234,-0.339051,291
2018-12-24,550600,16197029,25.42881,25.42881,24.665946,24.835471,-0.084763,362
2018-12-25,350008,9996377,24.49642,24.49642,23.987844,24.242133,-0.593338,251
2018-12-26,626650,18077215,24.369276,24.962615,23.775938,23.775938,-0.466195,424
2018-12-27,1112766,32179651,24.581183,24.79309,23.945463,24.750708,0.97477,669
2018-12-28,2004381,59030938,24.835471,25.259285,24.79309,24.79309,0.042382,1088
2019-01-02,489307,14181757,24.920234,25.004996,24.242133,24.369276,-0.423814,302
2019-01-03,332100,9450730,24.199751,24.708327,23.818318,23.818318,-0.550958,227
2019-01-04,755707,20618437,23.733556,23.733556,22.462116,22.885929,-0.932389,494
2019-01-07,340016,9388814,23.733556,23.733556,23.224979,23.267361,0.381432,247
2019-01-08,210319,5765590,23.394505,23.394505,22.970692,23.309743,0.042382,150
2019-01-09,1375100,39627423,23.648794,24.877852,23.309743,24.369276,1.059533,940
2019-01-10,342004,9701221,24.369276,24.369276,23.8607,23.987844,-0.381432,254
2019-01-11,339004,9619216,24.242133,24.538802,23.775938,23.818318,-0.169526,247
2019-01-14,191004,5354066,23.818318,24.157369,23.56403,23.56403,-0.254288,142
2019-01-15,315006,8832624,23.733556,23.987844,23.436887,23.733556,0.169526,220
2019-01-16,252004,7073716,23.903082,23.987844,23.606412,23.733556,0.0,180
2019-01-17,370004,10441466,24.030225,24.326895,23.56403,23.606412,-0.127144,262
2019-01-18,410007,11513803,23.775938,23.987844,23.606412,23.903082,0.29667,280
2019-01-21,1714249,50362043,24.157369,25.513573,23.945463,25.259285,1.356203,1036
2019-01-22,1859012,54741884,25.386429,25.386429,24.538802,24.538802,-0.720483,1079
2019-01-23,360101,10488645,24.538802,24.79309,24.538802,24.79309,0.254288,256
2019-01-24,274011,7995402,24.920234,25.004996,24.581183,24.665946,-0.127144,195
2019-01-25,1362209,39989100,24.708327,25.259285,24.49642,25.132141,0.466195,775
2019-01-28,691309,20431086,25.216903,25.344047,24.665946,24.665946,-0.466195,510
2019-01-29,327006,9493836,24.920234,24.920234,24.411657,24.581183,-0.084763,236
2019-01-30,237003,6843993,24.623564,24.665946,24.284513,24.284513,-0.29667,157
2019-02-11,243201,7019839,24.49642,24.708327,24.284513,24.665946,0.381433,193
2019-02-12,1868807,56412138,24.835471,26.106912,24.835471,26.106912,1.440966,1187
2019-02-13,4782106,154552648,26.530725,28.183598,26.361199,27.759784,1.652872,2718
2019-02-14,1833004,59460928,27.378352,27.92931,26.869776,27.759784,0.0,1216
2019-02-15,1166504,37754027,27.92931,27.92931,26.785013,27.802166,0.042382,737
2019-02-18,4779888,164559551,28.225979,30.005996,28.098835,29.370276,1.56811,2920
2019-02-19,1465083,50090783,29.370276,29.370276,28.692174,28.734555,-0.635721,995
2019-02-20,1300150,44394713,29.073606,29.412657,28.480267,28.607411,-0.127144,868
2019-02-21,1249013,41433430,28.861699,28.904081,27.802166,28.183598,-0.423813,805
2019-02-22,1425014,47028512,28.395505,28.395505,27.759784,27.759784,-0.423814,949
2019-02-25,607024,20036642,28.183598,28.183598,27.759784,27.971691,0.211907,383
2019-02-26,1447165,48531638,28.141216,28.734555,28.014072,28.734555,0.762864,899
2019-02-27,1446030,48058942,28.819318,29.158368,27.802166,27.92931,-0.805245,913
2019-03-04,601107,19612788,27.92931,27.92931,27.378352,27.802166,-0.127144,405
2019-03-05,2107020,70862411,27.971691,28.904081,27.971691,28.098835,0.296669,1325
2019-03-06,750100,24853165,28.056454,28.26836,27.886928,27.971691,-0.127144,401
2019-03-07,748021,24582593,28.098835,28.183598,27.505497,27.92931,-0.042381,498
2019-03-08,1045080,33353715,27.92931,27.92931,26.445963,27.208827,-0.720483,675
2019-03-11,242323,7787636,27.081682,27.590259,27.081682,27.124064,-0.084763,250
2019-03-12,400017,12845994,27.63264,27.63264,26.954538,26.954538,-0.169526,245
2019-03-13,443439,14297168,27.124064,27.547877,27.124064,27.547877,0.593339,312
2019-03-14,2374200,79008878,27.844547,28.480267,27.802166,28.310742,0.762865,1337
2019-03-15,661103,21899799,28.437886,28.480267,27.886928,27.886928,-0.423814,470
2019-03-18,558099,18198668,27.717403,28.014072,27.463115,27.463115,-0.423813,406
2019-03-19,1518189,50922829,27.463115,29.115988,27.463115,29.115988,1.652873,744
2019-03-20,2862046,97602014,29.20075,29.285513,28.607411,28.607411,-0.508577,1540
2019-03-21,760023,25638759,28.607411,28.776937,28.310742,28.607411,0.0,426
2019-03-22,796137,26791003,28.734555,28.776937,28.183598,28.183598,-0.423813,482
2019-03-25,646277,20969618,27.463115,27.802166,27.420733,27.420733,-0.762865,379
2019-03-26,816007,26881931,27.590259,28.183598,27.590259,27.759784,0.339051,517
2019-03-27,580125,18938752,27.63264,27.886928,27.505497,27.590259,-0.169525,413
2019-03-28,382200,12425244,27.590259,27.802166,27.335971,27.547877,-0.042382,331
2019-03-29,532016,17478028,27.717403,28.310742,27.420733,27.802166,0.254289,342
2019-04-01,463020,15262544,27.717403,28.183598,27.717403,27.759784,-0.042382,287
2019-04-02,443050,14522089,28.014072,28.014072,27.675021,27.759784,0.0,303
2019-04-03,1028019,34097827,27.844547,28.437886,27.675021,28.183598,0.423814,598
2019-04-08,585842,19458936,28.183598,28.395505,27.971691,27.971691,-0.211907,337
2019-04-09,1293389,43420543,28.141216,28.734555,28.056454,28.56503,0.593339,789
2019-04-10,909306,30404860,28.56503,28.734555,28.141216,28.183598,-0.381432,722
2019-04-11,1004144,33458054,28.183598,28.692174,27.802166,27.886928,-0.29667,748
2019-04-12,907067,29536148,27.92931,28.310742,27.251208,27.420733,-0.466195,568
2019-04-15,690087,22480288,27.63264,27.971691,27.463115,27.547877,0.127144,465
2019-04-16,6307946,216125820,27.717403,29.836471,27.717403,29.327894,1.780017,3786
2019-04-17,10249723,372390538,29.709327,32.252208,29.370276,31.658869,2.330975,5630
2019-04-18,8450776,321113452,31.658869,32.887927,30.980767,32.209826,0.550957,4691
2019-04-19,2613681,98488497,32.209826,32.676021,31.319818,31.828394,-0.381432,1485
2019-04-22,6638760,257168023,32.125063,33.989843,31.277436,33.057453,1.229059,3415
2019-04-23,3478234,130580055,33.057453,33.057453,31.277436,31.489343,-1.56811,1745
2019-04-24,1760600,64594453,31.70125,31.955538,30.684097,30.684097,-0.805246,1100
2019-04-25,1921501,71172308,30.641716,31.786013,30.641716,31.192674,0.508577,1036
2019-04-26,1421160,52415736,31.235055,31.70125,30.76886,31.319818,0.127144,857
2019-04-29,2224451,76817734,31.023148,31.023148,28.480267,28.734555,-2.585263,1354
2019-04-30,804617,27482403,28.734555,29.412657,28.56503,28.904081,0.169526,519
2019-05-02,407107,13857224,28.819318,29.412657,28.225979,28.904081,0.0,279
2019-05-03,434790,14905075,29.073606,29.412657,28.819318,29.20075,0.296669,295
2019-05-06,1063004,35363382,28.225979,29.073606,27.802166,27.971691,-1.229059,612
2019-05-07,561302,18641195,28.141216,28.395505,27.971691,28.014072,0.042381,325
2019-05-08,517002,17082466,28.014072,28.353123,27.378352,27.844547,-0.169525,267
2019-05-09,998167,32037744,28.098835,28.141216,26.742632,27.124064,-0.720483,570
2019-05-10,739623,23256485,26.361199,27.463115,26.106912,26.615488,-0.508576,470
2019-05-13,659004,19907470,26.573107,26.573107,25.344047,25.42881,-1.186678,412
2019-05-14,919003,26761537,24.242133,25.386429,23.987844,25.344047,-0.084763,536
2019-05-15,530120,16378248,25.72548,26.445963,25.555954,26.361199,1.017152,360
2019-05-16,375540,11439480,26.445963,26.445963,25.344047,25.344047,-1.017152,238
2019-05-17,394000,11743650,25.683098,25.937386,25.004996,25.089759,-0.254288,250
2019-05-20,479676,13924704,25.004996,25.344047,24.242133,24.665946,-0.423813,307
2019-05-21,614004,17622166,24.665946,24.962615,23.903082,24.665946,0.0,380
2019-05-22,532103,15346700,24.750708,24.962615,24.199751,24.199751,-0.466195,321
2019-05-23,579005,16117387,24.199751,24.369276,23.055455,23.267361,-0.93239,406
2019-05-24,375001,10346277,23.097836,23.606412,23.097836,23.309743,0.042382,260
2019-05-27,297002,8123454,23.436887,23.56403,22.92831,23.055455,-0.254288,210
2019-05-28,220008,5989370,23.055455,23.224979,23.013073,23.182599,0.127144,177
2019-05-29,352002,9745556,23.013073,23.903082,22.970692,23.818318,0.635719,236
2019-05-30,309200,8802406,24.030225,24.369276,23.818318,23.987844,0.169526,211
2019-05-31,278809,8036975,24.072607,24.665946,24.072607,24.411657,0.423813,169
2019-06-03,150000,4205200,24.157369,24.157369,23.436887,23.818318,-0.593339,104
2019-06-04,257010,7394983,24.072607,24.79309,24.072607,24.199751,0.381433,172
2019-06-05,164014,4698652,24.665946,24.665946,23.903082,24.072607,-0.127144,127
2019-06-06,185003,5161284,23.903082,23.987844,23.479268,23.479268,-0.593339,127
2019-06-10,184101,5172987,23.775938,24.030225,23.56403,23.987844,0.508576,137
2019-06-11,138396,3924347,24.326895,24.326895,23.945463,23.987844,0.0,95
2019-06-12,264168,7448435,24.114988,24.284513,23.691174,23.818318,-0.169526,163
2019-06-13,67420,1884310,23.733556,23.733556,23.648794,23.733556,-0.084762,63
2019-06-14,142001,3995577,23.733556,24.072607,23.691174,23.691174,-0.042382,104
2019-06-17,120011,3362147,23.818318,23.8607,23.648794,23.818318,0.127144,111
2019-06-18,137003,3844531,23.945463,24.030225,23.606412,23.606412,-0.211906,92
2019-06-19,410006,11593469,23.775938,24.242133,23.733556,24.242133,0.635721,254
2019-06-20,1366100,40353160,24.242133,25.386429,24.242133,25.004996,0.762863,851
2019-06-21,459072,13407358,25.004996,25.174522,24.411657,24.454039,-0.550957,290
2019-06-24,339138,9953777,24.454039,25.004996,24.454039,24.920234,0.466195,180
2019-06-25,230109,6675143,24.920234,24.920234,24.411657,24.454039,-0.466195,142
2019-06-26,181001,5178878,24.157369,24.454039,24.114988,24.157369,-0.29667,121
2019-06-27,165245,4747682,24.326895,24.538802,24.284513,24.326895,0.169526,106
2019-06-28,251045,7120473,24.326895,24.369276,23.945463,23.987844,-0.339051,155
2019-07-01,305439,8890692,24.962615,24.962615,24.326895,24.538802,0.550958,207
2019-07-02,236550,6918841,24.581183,24.920234,24.538802,24.877852,0.33905,172
2019-07-03,311016,9103964,24.920234,24.962615,24.665946,24.750708,-0.127144,167
2019-07-04,2345848,71718398,24.877852,26.445963,24.877852,25.767861,1.017153,1407
2019-07-05,565101,16997300,25.767861,25.852624,25.344047,25.513573,-0.254288,355
2019-07-08,349706,10410202,25.598335,25.598335,25.089759,25.089759,-0.423814,263
2019-07-09,308078,8984065,25.132141,25.174522,24.581183,24.581183,-0.508576,230
2019-07-10,345010,10065390,24.665946,24.962615,24.581183,24.708327,0.127144,247
2019-07-11,352001,10379829,24.920234,25.174522,24.79309,25.004996,0.296669,279
2019-07-12,325021,9628167,25.259285,25.259285,25.004996,25.004996,0.0,172
2019-07-15,331000,9671450,25.132141,25.132141,24.581183,24.79309,-0.211906,157
2019-07-16,364233,10680130,24.665946,25.089759,24.665946,24.79309,0.0,213
2019-07-17,585106,16894031,25.004996,25.004996,24.242133,24.242133,-0.550957,304
2019-07-18,540050,15307417,24.59094,24.939748,24.329334,24.721743,0.47961,308
2019-07-19,468000,13450850,24.939748,25.288555,24.808944,25.244955,0.523212,254
2019-07-22,513348,15038995,25.375757,25.811767,25.114151,25.637363,0.392408,282
2019-07-23,615550,18304181,25.680964,26.073372,25.637363,25.898968,0.261605,319
2019-07-24,1198957,36449677,26.42218,26.814588,26.378579,26.770988,0.87202,660
2019-07-25,763000,23540400,27.206998,27.206998,26.378579,26.945391,0.174403,489
2019-07-26,428207,12992282,26.945391,26.945391,26.247776,26.596584,-0.348807,307
2019-07-29,293600,8907670,26.727387,26.727387,26.204175,26.204175,-0.392409,197
2019-07-30,575085,17500816,26.640184,26.901791,26.029771,26.334978,0.130803,339
2019-07-31,317085,9627942,26.42218,26.727387,26.247776,26.683786,0.348808,186
2019-08-01,210096,6355848,26.596584,26.596584,26.247776,26.378579,-0.305207,163
2019-08-02,797075,23396438,26.160575,26.160575,25.419358,25.462959,-0.91562,369
2019-08-05,451161,12940926,25.462959,25.462959,24.678142,24.808944,-0.654015,280
2019-08-06,645004,17803812,23.893324,24.852545,23.370113,24.765344,-0.0436,343
2019-08-07,363245,10387304,24.852545,25.244955,24.765344,25.114151,0.348807,164
2019-08-08,272072,7883223,25.157752,25.375757,25.070551,25.288555,0.174404,156
2019-08-12,349158,10419602,25.986171,26.552983,25.375757,26.247776,0.959221,231
2019-08-13,297001,8841379,26.247776,26.334978,25.811767,25.811767,-0.436009,165
2019-08-14,284065,8554009,26.160575,26.42218,26.116973,26.204175,0.392408,178
2019-08-15,212142,6297093,25.288555,26.160575,25.288555,26.160575,-0.0436,138
2019-08-16,317100,9578719,26.160575,26.509382,26.160575,26.378579,0.218004,171
2019-08-19,1568586,49067352,26.509382,27.991815,26.42218,27.643007,1.264428,853
2019-08-20,1029351,32489317,28.035415,28.122618,26.770988,26.770988,-0.872019,601
2019-08-21,430091,13318382,26.901791,27.294199,26.596584,26.988992,0.218004,275
2019-08-22,344202,10584962,27.294199,27.294199,26.640184,26.640184,-0.348808,221
2019-08-23,400414,12317167,26.596584,27.206998,26.42218,26.770988,0.130804,219
2019-08-26,445358,13295290,25.724564,26.247776,25.724564,26.116973,-0.654015,248
2019-08-27,210026,6274362,26.291377,26.378579,25.855368,26.160575,0.043602,144
2019-08-28,229051,6859457,26.596584,26.596584,25.768166,25.986171,-0.174404,155
2019-08-29,224091,6729321,25.986171,26.378579,25.986171,26.204175,0.218004,101
2019-08-30,2445506,76733089,26.552983,27.904612,26.509382,27.817411,1.613236,1256
2019-09-02,4441206,147449981,29.212642,29.997458,28.079016,28.68943,0.872019,2442
2019-09-03,667016,21597162,28.602228,28.602228,27.730209,27.904612,-0.784818,396
2019-09-04,575370,18518485,27.468603,28.471425,27.468603,28.427824,0.523212,382
2019-09-05,1563001,50680281,28.68943,28.951035,27.468603,27.643007,-0.784817,768
2019-09-06,408327,13046397,27.904612,28.079016,27.730209,27.904612,0.261605,233
2019-09-09,1825307,59988683,27.991815,28.907435,27.991815,28.776631,0.872019,969
2019-09-10,3576545,116348342,29.038238,29.081838,27.250598,27.250598,-1.526033,1937
2019-09-11,964037,30264297,27.512204,27.817411,27.032594,27.119795,-0.130803,604
2019-09-12,440006,13772536,27.381401,27.468603,27.163396,27.206998,0.087203,258
2019-09-16,449001,13851330,27.250598,27.294199,26.596584,26.945391,-0.261607,246
2019-09-17,756497,23945352,27.206998,27.817411,27.206998,27.381401,0.43601,466
2019-09-18,397754,12509309,27.381401,27.599406,27.206998,27.250598,-0.130803,208
2019-09-19,274001,8582731,27.468603,27.468603,27.076195,27.250598,0.0,169
2019-09-20,260051,8127483,27.119795,27.425002,27.119795,27.206998,-0.0436,154
2019-09-23,367014,11570334,27.381401,27.730209,27.206998,27.425002,0.218004,249
2019-09-24,343500,10884963,27.730209,27.730209,27.468603,27.686608,0.261606,263
2019-09-25,1886000,60787091,27.686608,28.427824,27.468603,28.384223,0.697615,871
2019-09-26,10237819,357939968,28.863834,31.218285,28.863834,31.218285,2.834062,4127
2019-09-27,15777974,557662530,32.046704,32.133905,28.994637,29.212642,-2.005643,7450
2019-10-01,9226102,317435579,29.735853,30.346266,29.474247,29.823055,0.610413,3928
2019-10-02,2168560,73679421,29.561449,30.302665,29.16904,30.302665,0.47961,1110
2019-10-03,1505003,51800652,29.648651,30.302665,29.60505,30.215463,-0.087202,893
2019-10-04,2416809,83250289,30.215463,30.607872,29.474247,29.474247,-0.741216,1283
2019-10-07,4544508,158827999,29.779454,31.043882,29.648651,30.607872,1.133625,2462
2019-10-08,12363924,450815481,30.782276,32.264709,30.782276,32.221107,1.613235,6707
2019-10-09,7210621,264419203,32.264709,32.657117,31.43629,32.177506,-0.043601,3685
2019-10-14,4364407,160876700,32.78792,32.962324,31.654295,31.828698,-0.348808,2286
2019-10-15,3131249,115005279,31.654295,32.395511,31.567093,31.567093,-0.261605,1683
2019-10-16,1934402,68859509,31.567093,31.8723,30.564271,30.825877,-0.741216,1246
2019-10-17,4506191,165406867,30.782276,32.35191,30.782276,32.264709,1.438832,2253
2019-10-18,4751237,174221990,31.959502,32.569915,31.479891,31.610694,-0.654015,2064
2019-10-21,2178706,79342640,31.654295,32.003102,31.523492,31.567093,-0.043601,1155
2019-10-22,11377647,424364296,32.046704,32.962324,31.697896,32.78792,1.220827,5924
2019-10-23,12948660,495131832,33.26753,34.008746,32.569915,33.572737,0.784817,5908
2019-10-24,6824599,263222588,34.008746,34.313953,33.136728,33.180329,-0.392408,3660
2019-10-25,2416462,91258011,33.223929,33.311132,32.744318,32.78792,-0.392409,1190
2019-10-28,2246129,85427812,33.223929,33.398333,32.831521,33.223929,0.436009,1142
2019-10-29,4131793,155339135,33.921545,33.965145,31.828698,32.308309,-0.91562,2223
2019-10-30,1634759,61043982,32.221107,32.962324,32.221107,32.657117,0.348808,922
2019-10-31,2580111,95531366,32.657117,32.918722,31.8723,31.8723,-0.784817,1196
2019-11-01,2293819,81721916,31.828698,31.828698,30.695074,31.043882,-0.828418,1321
2019-11-04,1056321,37663655,31.131083,31.523492,30.956679,31.087482,0.0436,564
2019-11-05,1399756,49591444,31.261886,31.305487,30.651473,30.738675,-0.348807,725
2019-11-06,1110266,39413064,30.825877,31.261886,30.695074,30.825877,0.087202,624
2019-11-07,1068306,37650569,30.825877,31.305487,30.389867,30.52067,-0.305207,615
2019-11-08,1023871,35732767,30.52067,31.000281,30.259065,30.259065,-0.261605,501
2019-11-11,1935785,65231512,30.084661,30.259065,28.907435,28.951035,-1.30803,915
2019-11-12,956233,32537137,29.125439,30.302665,29.125439,30.259065,1.30803,599
2019-11-13,3060878,109178476,30.564271,31.610694,30.52067,30.52067,0.261605,1755
2019-11-25,1290204,48233739,31.554272,31.848386,31.092092,31.134109,0.613439,1169
2019-11-26,1242316,46447288,31.470239,31.890403,31.00806,31.218141,0.084032,998
2019-11-27,935344,34973695,31.260158,31.80637,31.134109,31.428223,0.210082,764
2019-11-28,706541,26289178,31.34419,31.596288,30.966043,31.00806,-0.420163,632
2019-11-29,984991,36216105,30.755962,31.34419,30.461847,31.050076,0.042016,712
2019-12-02,1741390,65868930,31.092092,33.360975,30.503864,31.974435,0.924359,1172
2019-12-03,4401322,169963667,32.058468,33.024844,31.932419,32.352583,0.378148,2878
2019-12-04,1112843,42295737,32.016452,32.26855,31.638305,31.764354,-0.588229,880
2019-12-05,625122,23745626,32.184517,32.184517,31.680321,31.680321,-0.084033,491
2019-12-06,505397,19095165,32.016452,32.016452,31.596288,31.680321,0.0,403
2019-12-09,740888,28193819,31.932419,32.310566,31.680321,31.722337,0.042016,450
2019-12-10,540700,20349820,32.016452,32.016452,31.302174,31.638305,-0.084032,429
2019-12-11,505300,19110904,31.890403,32.058468,31.512256,31.680321,0.042016,372
2019-12-12,1162227,44458578,31.890403,32.520648,31.890403,32.100484,0.420163,706
2019-12-13,1020745,38578899,32.26855,32.520648,31.050076,31.428223,-0.672261,665
2019-12-16,744850,28129600,31.34419,31.932419,31.302174,31.848386,0.420163,445
2019-12-17,624617,23558763,31.848386,31.932419,31.428223,31.428223,-0.420163,416
2019-12-18,593562,22071023,31.428223,31.596288,30.924027,30.924027,-0.504196,432
2019-12-19,1658915,60112187,31.00806,31.176125,30.041684,30.0837,-0.840327,1030
2019-12-20,1283101,46458423,30.251765,30.882011,30.0837,30.125716,0.042016,804
2019-12-23,597117,21286923,30.125716,30.293782,29.705553,29.789586,-0.33613,434
2019-12-24,1236204,44830036,30.125716,31.050076,30.0837,30.882011,1.092425,799
2019-12-25,2237586,83235242,31.176125,31.596288,30.966043,31.596288,0.714277,1334
2019-12-26,9493204,367600098,32.772746,32.982828,32.100484,32.184517,0.588229,4759
2019-12-27,1874120,72092822,32.016452,32.604681,32.016452,32.226533,0.042016,1127
2019-12-30,2653407,102523532,32.352583,32.73073,32.184517,32.184517,-0.042016,1302
2019-12-31,2200697,83969336,32.26855,32.562664,31.554272,32.016452,-0.168065,1407
2020-01-02,2140327,82181645,32.100484,32.646697,31.596288,32.604681,0.588229,1250
2020-01-03,15856381,633803309,32.940811,34.663481,32.520648,32.688713,0.084032,8726
2020-01-06,2138181,81255553,32.394599,32.394599,31.680321,31.680321,-1.008392,1459
2020-01-07,2324430,85533235,31.932419,31.932419,30.419831,30.755962,-0.924359,1525
2020-01-08,1324106,48934415,30.503864,31.470239,30.503864,30.839994,0.084032,937
2020-01-09,1475804,55044772,31.176125,31.680321,30.882011,31.218141,0.378147,901
2020-01-10,878468,32456715,31.218141,31.34419,30.924027,30.966043,-0.252098,504
2020-01-13,537300,19835825,31.176125,31.260158,30.882011,31.092092,0.126049,364
2020-01-14,1061373,39868213,31.34419,31.848386,31.176125,31.34419,0.252098,723
2020-01-15,553823,20728405,31.386207,31.680321,31.260158,31.260158,-0.084032,422
2020-01-16,916070,34757719,31.302174,32.436615,31.302174,31.80637,0.546212,582
2020-01-17,510544,19297154,32.058468,32.100484,31.512256,31.596288,-0.210082,351
2020-01-20,450493,16970766,31.554272,31.80637,31.554272,31.596288,0.0,342
2020-01-30,1752236,59805117,28.739177,29.327406,28.445063,28.445063,-3.151225,939
2020-01-31,1378898,45660934,28.487079,28.82321,27.10054,27.730785,-0.714278,818
2020-02-03,1684575,51300835,26.63836,26.63836,24.999723,25.84005,-1.890735,977
2020-02-04,1125889,36490487,26.17618,27.856834,26.17618,27.856834,2.016784,770
2020-02-05,2004413,67538424,28.150948,28.781194,27.478687,28.150948,0.294114,1251
2020-02-06,830337,28144774,28.445063,28.82321,28.108932,28.487079,0.336131,538
2020-02-07,892152,29724866,28.487079,28.487079,27.56272,27.56272,-0.924359,473
2020-02-10,810300,25810600,26.890458,27.478687,25.545935,27.016507,-0.546213,638
2020-02-11,529935,17637605,28.150948,28.192965,27.478687,27.856834,0.840327,448
2020-02-12,1257825,42989583,27.856834,29.117324,27.856834,28.991275,1.134441,743
2020-02-13,861579,29658286,28.991275,29.62152,28.487079,28.487079,-0.504196,481
2020-02-14,2207002,77347309,28.487079,29.915635,28.487079,29.159341,0.672262,1437
2020-02-17,892000,30519706,28.655145,29.243373,28.319014,29.243373,0.084032,618
2020-02-18,3117616,109913787,29.243373,30.251765,29.201357,29.243373,0.0,1829
2020-02-19,1186431,42015235,29.663537,30.0837,29.453455,29.663537,0.420164,778
2020-02-20,736944,25900990,30.041684,30.041684,29.369422,29.411439,-0.252098,513
2020-02-21,531011,18596897,29.537488,29.747569,29.201357,29.369422,-0.042017,440
2020-02-24,510998,17521048,29.075308,29.159341,28.571112,28.739177,-0.630245,516
2020-02-25,859200,29447384,27.772801,29.411439,27.772801,28.991275,0.252098,686
2020-02-26,1340039,46291724,28.739177,29.495471,28.445063,28.445063,-0.546212,838
2020-02-27,1183137,38858885,28.571112,28.907243,26.848442,26.974491,-1.470572,795
2020-03-02,827634,26230973,26.302229,27.184573,26.134164,26.512311,-0.46218,744
2020-03-03,525129,17033487,27.310622,27.604736,27.058524,27.142556,0.630245,372
2020-03-04,477830,15183314,27.142556,27.142556,26.470295,26.722393,-0.420163,447
2020-03-05,430978,13839090,27.016507,27.310622,26.764409,26.974491,0.252098,348
2020-03-06,349253,11060303,26.722393,26.848442,26.512311,26.63836,-0.336131,290
2020-03-09,1065000,32368450,26.386262,26.386262,25.209805,25.209805,-1.428555,635
2020-03-10,1210000,35422900,24.201412,24.999723,24.201412,24.957707,-0.252098,666
2020-03-11,510823,15294401,25.37787,25.461903,24.45351,24.789641,-0.168066,372
2020-03-12,1208960,33296051,24.621576,24.621576,22.436726,22.436726,-2.352915,744
2020-03-13,1761151,42694843,20.419942,21.260269,20.20986,20.966154,-1.470572,866
2020-03-16,1120100,27021678,20.966154,21.386318,19.327517,19.327517,-1.638637,706
2020-03-17,1011451,21893244,17.604847,19.789697,17.562831,17.772912,-1.554605,626
2020-03-18,949563,19745092,18.067027,18.445174,16.76452,16.76452,-1.008392,528
2020-03-19,1492301,27243268,15.714112,16.008226,15.125883,15.125883,-1.638637,655
2020-03-20,1076367,20857907,15.714112,16.638471,15.630079,16.554438,1.428555,650
2020-03-23,469450,8827419,15.756128,16.134275,15.293948,15.798144,-0.756294,329
2020-03-24,726750,14639787,16.092259,17.310732,16.092259,17.2267,1.428556,400
2020-03-25,1557350,34298298,18.655255,18.781304,18.151059,18.445174,1.218474,952
2020-03-26,928796,19733250,18.445174,18.571223,17.352749,18.361141,-0.084033,575
2020-03-27,1063229,23897238,19.2855,19.41155,18.109043,18.697272,0.336131,619
2020-03-30,698466,15090157,18.361141,18.48719,17.814929,18.361141,-0.336131,637
2020-03-31,549538,12009902,18.655255,18.823321,17.940978,18.067027,-0.294114,461
2020-04-01,375542,8121850,18.067027,18.48719,17.982994,18.151059,0.084032,276
2020-04-06,416800,9122889,18.361141,18.655255,18.151059,18.48719,0.336131,354
2020-04-07,1018402,23296782,18.865337,19.705664,18.865337,19.453566,0.966376,636
2020-04-08,1541851,38157553,19.621631,21.386318,19.579615,21.386318,1.932752,882
2020-04-09,3230114,86915516,21.974546,23.277053,21.93253,22.268661,0.882343,2000
2020-04-10,740265,19717587,22.184628,22.814873,22.058579,22.100595,-0.168066,581
2020-04-13,659160,17012994,21.890514,22.016563,21.386318,21.512367,-0.588228,611
2020-04-14,1336350,35855869,21.93253,22.814873,21.93253,22.268661,0.756294,954
2020-04-15,4483293,128017893,22.604791,24.495527,22.436726,23.949314,1.680653,2419
2020-04-16,1972232,56263388,23.907298,24.285445,23.613184,24.075363,0.126049,1080
2020-04-17,1381020,39509660,24.285445,24.789641,23.529151,23.613184,-0.462179,769
2020-04-20,526838,14906264,23.697216,24.075363,23.529151,23.697216,0.084032,333
2020-04-21,657028,18156809,23.697216,23.865282,22.898906,22.982938,-0.714278,420
2020-04-22,3766013,109734025,22.688824,25.209805,22.478742,24.789641,1.806703,2174
2020-04-23,4832600,146956831,24.789641,27.058524,24.285445,26.722393,1.932752,2776
2020-04-24,3411000,106577150,25.882066,26.848442,25.882066,26.386262,-0.336131,2022
2020-04-27,1596262,50635100,26.890458,27.016507,26.386262,26.554327,0.168065,948
2020-04-28,1947228,62408637,26.764409,27.520703,26.554327,26.554327,0.0,1197
2020-04-29,805884,25575836,26.554327,27.016507,26.470295,26.596344,0.042017,467
2020-04-30,1257233,40273176,26.890458,27.226589,26.63836,26.890458,0.294114,818
2020-05-04,848350,26589770,26.554327,26.554327,25.629968,26.386262,-0.504196,416
2020-05-05,2481100,79002846,26.806426,27.268605,25.966099,26.554327,0.168065,1340
2020-05-06,1623190,51605252,26.890458,26.932475,26.470295,26.63836,0.084033,880
2020-05-07,737127,23317071,26.722393,26.890458,26.386262,26.722393,0.084033,461
2020-05-08,1214078,38801605,27.058524,27.268605,26.470295,26.554327,-0.168066,656
2020-05-11,664708,21185669,26.890458,27.058524,26.554327,26.722393,0.168066,394
2020-05-12,737446,23515386,26.890458,27.058524,26.554327,26.63836,-0.084033,421
2020-05-13,929942,28988932,26.554327,26.680376,25.798033,26.470295,-0.168065,602
2020-05-14,659600,20267656,26.428278,26.428278,25.209805,25.293837,-1.176458,416
2020-05-15,504954,15181829,25.966099,26.008115,24.621576,25.125772,-0.168065,338
2020-05-18,505916,15226400,25.293837,25.798033,25.041739,25.083756,-0.042016,293
2020-05-19,603223,18394963,25.461903,26.17618,25.209805,26.17618,1.092424,345
2020-05-20,486083,15002369,26.008115,26.428278,25.629968,25.671984,-0.504196,342
2020-05-21,280182,8571389,25.714001,25.882066,25.587952,25.671984,0.0,203
2020-05-22,533815,16063118,25.671984,25.756017,25.083756,25.335854,-0.33613,322
2020-05-25,497046,14798018,25.545935,25.545935,24.663592,25.083756,-0.252098,336
2020-05-26,632503,19232038,25.37787,25.798033,25.37787,25.503919,0.420163,375
2020-05-27,495939,15241039,25.545935,26.092148,25.545935,25.756017,0.252098,346
2020-05-28,395750,12148036,26.050131,26.050131,25.587952,25.714001,-0.042016,217
2020-05-29,327900,10096388,25.629968,25.966099,25.629968,25.84005,0.126049,203
2020-06-01,1064527,33671802,25.966099,26.806426,25.924082,26.680376,0.840326,609
2020-06-02,3809850,124682738,27.352638,28.150948,26.764409,26.764409,0.084033,2156
2020-06-03,657500,21029420,26.848442,27.184573,26.554327,26.890458,0.126049,446
2020-06-04,833378,26995979,27.310622,27.478687,27.058524,27.058524,0.168066,548
2020-06-05,575002,18576858,27.268605,27.352638,26.974491,27.058524,0.0,351
2020-06-08,955918,30434329,27.226589,27.310622,26.428278,26.470295,-0.588229,591
2020-06-09,449104,14310077,26.722393,27.058524,26.554327,26.63836,0.168065,289
2020-06-10,321700,10192912,26.680376,26.848442,26.470295,26.554327,-0.084033,214
2020-06-11,1054203,32292787,26.554327,26.596344,25.167788,25.419886,-1.134441,552
2020-06-12,588120,17394123,24.45351,25.37787,24.285445,25.37787,-0.042016,342
2020-06-15,414767,12486313,25.37787,25.714001,25.041739,25.167788,-0.210082,250
2020-06-16,476011,14688336,25.714001,26.302229,25.545935,26.050131,0.882343,326
2020-06-17,504547,15760244,26.050131,26.596344,25.924082,26.050131,0.0,304
2020-06-18,560650,17271450,26.092148,26.470295,25.671984,26.008115,-0.042016,322
2020-06-19,781604,24144296,26.344246,26.386262,25.503919,25.756017,-0.252098,402
2020-06-22,369068,11313874,25.798033,26.050131,25.629968,25.798033,0.042016,191
2020-06-23,261612,8006653,26.050131,26.050131,25.503919,25.545935,-0.252098,169
2020-06-24,285250,8704523,25.671984,25.924082,25.461903,25.461903,-0.084032,172
2020-06-29,645427,20041290,25.461903,26.722393,25.419886,26.17618,0.714277,366
2020-06-30,430203,13350660,26.470295,26.512311,25.882066,25.966099,-0.210081,251
2020-07-01,288401,8956997,25.966099,26.302229,25.882066,26.008115,0.042016,180
2020-07-02,594062,18518712,26.050131,26.344246,26.050131,26.218197,0.210082,296
2020-07-03,1271019,40575648,26.722393,27.268605,26.386262,26.764409,0.546212,761
2020-07-06,1363675,44531214,27.184573,27.688769,27.184573,27.520703,0.756294,785
2020-07-07,1525255,49285440,28.150948,28.234981,26.470295,26.512311,-1.008392,861
2020-07-08,3879113,132860451,27.56272,29.159341,27.226589,29.159341,2.64703,1819
2020-07-09,9179533,337292271,30.251765,31.596288,29.831602,31.092092,1.932751,4917
2020-07-10,3813256,132675699,30.924027,30.924027,28.192965,29.159341,-1.932751,2084
2020-07-13,2119500,75222697,29.495471,30.503864,29.075308,30.419831,1.26049,1149
2020-07-14,1202764,42335491,30.377814,30.377814,29.201357,29.243373,-1.176458,735
2020-07-15,1021790,35394096,29.537488,29.831602,28.571112,28.571112,-0.672261,603
2020-07-16,530350,18079777,28.991275,29.075308,28.403046,28.571112,0.0,353
2020-07-17,995051,33180921,28.655145,28.865226,27.520703,27.56272,-1.008392,596
2020-07-20,519348,17178186,27.772801,28.276997,27.310622,28.276997,0.714277,342
2020-07-21,637803,21663977,28.529095,28.991275,28.234981,28.36103,0.084033,376
2020-07-22,1128699,38933823,28.82321,29.28539,28.613128,29.28539,0.92436,620
2020-07-23,1240179,42908434,29.327406,29.579504,28.571112,28.82321,-0.46218,692
2020-07-24,948603,32285428,28.613128,29.201357,27.982883,28.066916,-0.756294,584
2020-07-27,893875,29475720,28.487079,28.487079,27.394654,27.520703,-0.546213,572
2020-07-28,1590202,51678591,28.246055,28.672733,26.710016,26.795351,-0.725352,895
2020-07-29,386776,12202343,26.795351,27.222029,26.667348,27.00869,0.213339,235
2020-07-30,468909,15096558,27.307365,27.819378,27.307365,27.691374,0.682684,272
2020-07-31,1016333,33530989,28.459394,28.630065,27.563371,28.331391,0.640017,600
2020-08-03,2486278,85940132,28.672733,30.123436,28.416726,29.270081,0.93869,1574
2020-08-04,1705243,59261529,29.48342,30.080769,29.355417,29.86743,0.597349,878
2020-08-05,1786627,62576481,29.86743,30.550114,29.440752,29.526088,-0.341342,1107
2020-08-06,1817000,63928550,29.86743,30.464779,29.48342,29.782094,0.256006,1058
2020-08-07,5504860,199865109,31.275466,31.659476,30.294108,30.294108,0.512014,2683
2020-08-10,3082629,111856709,30.294108,31.403469,30.208772,31.403469,1.109361,1842
2020-08-11,2532650,91380773,31.744811,31.787479,29.782094,30.294108,-1.109361,1384
2020-08-12,2584210,92959664,30.379443,31.403469,29.526088,30.976792,0.682684,1380
2020-08-13,1745000,62908147,31.318134,31.360801,30.294108,30.336775,-0.640017,978
2020-08-14,2126663,74289455,29.611423,30.25144,29.440752,29.910098,-0.426677,1123
2020-08-17,1239281,44010665,29.910098,30.678117,29.86743,30.25144,0.341342,664
2020-08-18,1159369,40621562,30.379443,30.507446,29.611423,29.611423,-0.640017,718
2020-08-19,1726449,59038869,29.86743,29.86743,28.587397,28.587397,-1.024026,961
2020-08-20,2596108,82743972,28.416726,28.800736,25.728658,26.710016,-1.877381,1470
2020-08-21,783100,25101350,27.179361,27.691374,26.923355,27.435368,0.725352,492
2020-08-24,1915370,64515946,27.904713,29.611423,27.563371,29.056743,1.621375,1355
2020-08-25,1232300,42084139,29.568756,29.654091,28.843404,29.056743,0.0,783
2020-08-26,3206838,113433491,29.270081,30.720785,29.014075,30.720785,1.664042,1843
2020-08-27,9001659,327266174,30.720785,31.915482,30.550114,30.848788,0.128003,4826
2020-08-28,1805809,64371018,30.507446,30.934124,29.86743,30.507446,-0.341342,1132
2020-08-31,2719592,98528638,31.104795,31.403469,30.507446,30.720785,0.213339,1673
2020-09-01,9109080,339992166,31.019459,32.512831,30.720785,31.915482,1.194697,4909
2020-09-02,5065541,191504634,32.299492,32.768837,31.659476,32.427495,0.512013,2762
2020-09-03,3589800,136636849,32.598166,33.238183,32.043486,32.128821,-0.298674,2068
2020-09-04,5193938,198053049,31.360801,33.195515,30.720785,32.896841,0.76802,2900
2020-09-07,5404323,208913722,33.707528,33.963535,31.57414,32.299492,-0.597349,3380
2020-09-08,1987042,75308923,32.299492,32.939508,31.744811,32.256824,-0.042668,1173
2020-09-09,5284913,204324245,32.043486,33.408854,32.043486,32.982176,0.725352,3060
2020-09-10,10619561,422766098,33.707528,34.944893,33.195515,33.238183,0.256007,6220
2020-09-11,4325679,166152324,33.622193,33.792864,31.915482,32.214157,-1.024026,2553
2020-09-14,2820741,108903599,32.811505,33.750196,32.299492,33.451522,1.237365,1761
2020-09-15,8908727,352468995,33.366186,35.072896,32.555499,32.640834,-0.810688,4969
2020-09-16,3059966,117347743,32.683502,33.067512,32.171489,32.768837,0.128003,1511
2020-09-17,1897150,73491279,32.555499,33.536857,32.555499,33.024844,0.256007,1118
2020-09-18,2367031,92740803,33.110179,33.835531,33.024844,33.408854,0.38401,1153
2020-09-21,2617091,102388691,33.622193,34.134206,32.72617,32.768837,-0.640017,1306
2020-09-22,2056740,78363128,32.768837,33.195515,32.214157,32.72617,-0.042667,971
2020-09-23,1457151,55782737,33.195515,33.195515,32.34216,32.384828,-0.341342,710
2020-09-24,3022278,110763025,32.000818,32.171489,30.592782,30.592782,-1.792046,1634
2020-09-25,2632806,92597071,30.934124,31.446137,29.014075,29.526088,-1.066694,1369
2020-09-28,1103981,38678126,29.86743,30.294108,29.355417,30.294108,0.76802,635
2020-09-29,1210350,43734945,30.507446,31.360801,30.422111,30.507446,0.213338,764
2020-09-30,514051,18463694,30.507446,30.976792,30.25144,30.891456,0.38401,354
2020-10-05,711635,25632645,30.806121,30.934124,30.507446,30.63545,-0.256006,382
2020-10-06,3868287,147438104,31.104795,33.451522,30.976792,33.067512,2.432062,2246
2020-10-07,2477249,95681805,32.683502,33.494189,32.086153,33.152847,0.085335,1561
2020-10-08,2571672,100419669,33.451522,33.835531,32.896841,32.939508,-0.213339,1354
2020-10-12,1267999,48827662,33.579525,33.579525,32.427495,32.555499,-0.384009,674
2020-10-13,2030986,78997003,32.34216,33.622193,32.171489,33.152847,0.597348,1162
2020-10-14,1324620,51629669,33.110179,33.622193,32.939508,32.939508,-0.213339,790
2020-10-15,18028830,753179134,33.366186,36.224926,33.366186,36.224926,3.285418,7588
2020-10-16,37789035,1675438255,36.694271,39.297004,35.840916,36.182258,-0.042668,19045
2020-10-19,10930190,480734083,36.438265,38.571652,36.310261,37.974304,1.792046,6374
2020-10-20,16086060,734398467,37.675629,40.662372,37.078281,39.979688,2.005384,9414
2020-10-21,10195386,479378992,40.150359,40.790376,39.553011,40.32103,0.341342,6374
2020-10-22,9399248,433197758,39.937021,40.406366,37.974304,39.254336,-1.066694,5326
2020-10-23,14972322,713411156,40.150359,42.070408,39.553011,40.662372,1.408036,8844
2020-10-26,5531741,259643980,40.32103,40.918379,39.083665,39.595679,-1.066693,3287
2020-10-27,4099228,189326859,39.254336,39.937021,38.912994,39.638346,0.042667,2455
2020-10-28,7818025,366277210,40.022356,41.387724,38.912994,38.99833,-0.640016,4748
2020-10-29,5271402,236950758,38.144975,39.425008,37.120949,39.254336,0.256006,2762
2020-10-30,4009865,179470833,38.99833,39.553011,36.90761,36.90761,-2.346726,2266
2020-11-02,4342948,193316406,37.120949,38.656988,37.120949,38.486317,1.578707,2571
2020-11-03,20916031,1001869974,39.254336,42.326415,38.486317,41.003715,2.517398,12016
2020-11-04,19122682,933272187,41.771734,43.009099,40.619705,41.643731,0.640016,11346
2020-11-05,5989861,289468879,41.387724,41.899737,40.449034,41.302389,-0.341342,3540
2020-11-06,9927341,475728810,41.729066,42.411751,39.851685,39.937021,-1.365368,5849
2020-11-09,12818733,619496629,40.022356,42.497086,39.254336,41.899737,1.962716,6929
2020-11-10,20930149,1058006420,42.113076,44.88648,41.217053,42.838428,0.938691,12291
2020-11-11,17659633,924048557,42.539754,46.42252,42.539754,45.313158,2.47473,10462
2020-11-12,21641479,1175932779,45.313158,47.958559,44.715809,44.715809,-0.597349,13100
2020-11-13,9639239,514842025,44.801145,46.849197,44.118461,46.849197,2.133388,6028
2020-11-16,13230146,736948662,47.105204,48.641243,46.507855,47.531881,0.682684,8071
2020-11-17,7648922,420123755,48.043894,48.470572,45.6545,46.081178,-1.450703,4619
2020-11-18,6155576,337116569,46.42252,47.446546,45.910507,46.081178,0.0,3678
2020-11-19,4236635,226814994,46.081178,46.507855,45.142487,45.227822,-0.853356,2716
2020-11-20,14812619,827120457,45.313158,49.153256,45.227822,47.873223,2.645401,8691
2020-11-23,7063588,392126649,47.873223,48.555908,46.42252,46.934533,-0.93869,4281
2020-11-24,5886641,325734697,47.702552,48.214565,46.507855,46.678526,-0.256007,3528
2020-11-25,6392124,343432868,47.36121,47.446546,44.374467,45.398494,-1.280032,3952
2020-11-26,3081541,164605944,45.739836,46.251849,44.971816,45.483829,0.085335,1805
2020-11-27,4108936,222058899,46.42252,47.105204,45.398494,45.739836,0.256007,2525
2020-11-30,4405082,234599413,45.825171,46.337184,44.801145,44.88648,-0.853356,2537
2020-12-01,10484877,574854401,45.313158,47.958559,45.227822,47.787888,2.901408,6575
2020-12-02,7904350,441399150,47.787888,48.470572,46.763862,47.36121,-0.426678,4877
2020-12-03,6453002,360932288,47.36121,48.811914,46.678526,47.531881,0.170671,4089
2020-12-04,5403546,295883211,47.617217,48.043894,45.910507,46.081178,-1.450703,3509
2020-12-07,9219176,476070169,46.678526,46.934533,42.497086,42.923764,-3.157414,5596
2020-12-08,4064859,210016649,43.17977,44.715809,43.17977,44.289132,1.365368,2234
2020-12-09,9645947,522915918,44.374467,47.617217,44.374467,46.081178,1.792046,5196
2020-12-10,13185301,735456252,45.910507,48.726579,45.313158,48.299901,2.218723,7292
2020-12-11,33270161,2043901714,48.641243,53.07869,48.641243,53.07869,4.778789,13772
2020-12-14,24479842,1525751788,53.932045,54.870736,51.201308,51.627986,-1.450704,13328
2020-12-15,14877411,889945992,51.627986,53.676038,48.641243,48.811914,-2.816072,8492
2020-12-16,8292532,492500354,49.83594,51.883993,49.665269,51.030637,2.218723,5084
2020-12-17,7828703,463021784,50.60396,52.054664,49.067921,50.689295,-0.341342,4879
2020-12-18,4836846,280294942,49.83594,50.518624,48.811914,48.89725,-1.792045,3047
2020-12-21,5256079,296898588,48.555908,49.665269,46.849197,48.726579,-0.170671,3109
2020-12-22,5869721,337652157,48.89725,50.347953,47.36121,47.446546,-1.280033,3603
2020-12-23,12649912,746346204,47.617217,51.883993,47.617217,50.689295,3.242749,7190
2020-12-24,14874991,915300403,52.31067,53.761374,51.457315,51.969328,1.280033,8201
2020-12-25,28338876,1851397911,52.054664,57.089459,52.054664,57.089459,5.120131,13367
2020-12-28,23655749,1665763814,60.588215,62.124254,57.942814,57.942814,0.853355,13573
2020-12-29,15953575,1115762643,58.881505,61.014893,58.198821,60.161537,2.218723,8510
2020-12-30,15992300,1156025896,62.806938,64.086971,59.73486,60.161537,0.0,9823
2020-12-31,5870220,412369372,60.588215,61.100228,59.052176,59.564189,-0.597348,3668
2021-01-04,5153001,359262922,60.929557,61.014893,58.198821,59.222847,-0.341342,3127
2021-01-05,10169993,723586381,59.73486,62.124254,58.198821,60.502879,1.280032,6373
2021-01-06,6945509,479344292,60.502879,61.014893,57.174794,58.454827,-2.048052,4240
2021-01-07,9958679,709005585,59.73486,61.868248,58.284156,60.844222,2.389395,5674
2021-01-08,29986938,2248919619,61.44157,66.903043,61.44157,66.903043,6.058821,18133
2021-01-11,32894326,2685175206,68.951095,71.937838,67.841734,68.183076,1.280033,21203
2021-01-12,11861097,937025358,68.268411,69.548444,65.281668,66.561701,-1.621375,7813
2021-01-13,9069147,722217695,67.415056,69.463108,66.988379,67.329721,0.76802,6183
2021-01-14,6325526,498047028,66.903043,69.121766,65.452339,67.841734,0.512013,4488
2021-01-15,7562754,600997828,68.353747,69.548444,66.305694,66.305694,-1.53604,5093
2021-01-18,5763599,443634069,65.537675,66.988379,64.854991,65.025662,-1.280032,3630
2021-01-19,5295731,400364673,65.025662,66.39103,63.318951,64.172307,-0.853355,3648
2021-01-20,8020294,592662098,64.172307,65.025662,60.673551,64.598984,0.426677,4875
2021-01-21,7727498,583819092,64.854991,66.561701,62.721603,62.977609,-1.621375,5044
2021-01-22,6926900,530024211,62.977609,66.561701,62.465596,66.135023,3.157414,4784
2021-01-25,20810459,1696510611,67.073714,72.27918,67.073714,67.415056,1.280033,13834
2021-01-26,8237872,654775009,68.183076,70.060457,65.452339,66.561701,-0.853355,5590
2021-01-27,3067503,239828863,66.647037,67.927069,65.964352,66.817708,0.256007,2122
2021-01-28,3355831,257240145,64.854991,66.647037,64.257642,64.854991,-1.962717,2239
2021-01-29,5792511,423573150,66.135023,66.220359,59.73486,60.246873,-4.608118,3930
2021-02-01,5808844,400824738,60.246873,61.782912,57.345465,58.454827,-1.792046,3891
2021-02-02,4895225,350545480,58.96684,62.465596,58.96684,62.294925,3.840098,3191
2021-02-03,4349511,320431739,62.380261,64.001636,61.782912,62.806938,0.512013,2863
2021-02-04,2800323,201634723,62.294925,63.489622,60.246873,60.502879,-2.304059,1921
2021-02-05,2262400,159684368,60.502879,61.697577,59.478853,59.905531,-0.597348,1591
2021-02-17,6488108,491966394,61.697577,65.879017,60.588215,65.793681,5.88815,3872
2021-02-18,4906029,373706767,65.62301,66.647037,64.172307,65.281668,-0.512013,3413
2021-02-19,3766437,282806731,65.452339,65.62301,62.892274,63.745629,-1.536039,2646
2021-02-22,9562318,758223142,64.854991,69.975122,64.001636,67.073714,3.328085,5955
2021-02-23,5391035,426393481,65.964352,69.207102,65.281668,67.073714,0.0,3835
2021-02-24,3716800,290047268,67.073714,68.183076,65.62301,65.793681,-1.280033,2644
2021-02-25,7508764,566272447,66.220359,66.988379,62.294925,62.806938,-2.986743,4924
2021-02-26,4985098,354902137,60.332208,62.20959,60.076202,60.588215,-2.218723,3365
2021-03-02,2948887,212422664,61.953583,62.806938,60.161537,60.161537,-0.426678,2116
2021-03-03,4436391,322000383,60.844222,63.660294,59.393518,62.977609,2.816072,3126
2021-03-04,6598308,492197136,63.660294,64.854991,62.294925,62.721603,-0.256006,4438
2021-03-05,4752215,355358120,62.721603,64.68432,62.294925,63.489622,0.768019,3307
2021-03-08,3828263,286372463,64.598984,65.452339,62.465596,62.465596,-1.024026,2733
2021-03-09,3303241,237985625,62.465596,63.574958,60.246873,61.185564,-1.280032,2262
2021-03-10,1591854,114694131,62.294925,62.294925,60.758886,60.758886,-0.426678,1156
2021-03-11,6799513,507231078,61.868248,65.025662,61.697577,64.001636,3.24275,4662
2021-03-12,8857150,679318620,64.68432,66.220359,64.342978,65.793681,1.792045,5905
2021-03-15,25226803,2074379263,66.903043,72.364516,66.220359,72.364516,6.570835,15190
2021-03-16,56567583,5094813180,74.071226,79.532699,71.937838,72.27918,-0.085336,32497
2021-03-17,20445935,1734684864,73.132536,74.839246,69.292437,70.57247,-1.70671,13803
2021-03-18,9570229,783023858,71.34049,71.681832,68.524418,68.609753,-1.962717,6867
2021-03-19,5183990,410027147,68.609753,68.609753,66.817708,67.329721,-1.280032,3797
2021-03-22,4293361,339888950,67.329721,68.609753,66.220359,68.524418,1.194697,3205
2021-03-23,4076787,322334045,68.524418,69.036431,66.561701,66.988379,-1.536039,2834
2021-03-24,2295120,179856560,67.415056,68.012405,66.135023,66.39103,-0.597349,1629
2021-03-25,1875215,146033364,66.903043,67.329721,65.964352,66.049688,-0.341342,1389
2021-03-26,4849640,386142824,66.561701,68.86576,66.476365,67.927069,1.877381,3474
2021-03-29,3470795,274541389,67.927069,68.695089,66.817708,67.415056,-0.512013,2467
2021-03-30,3494847,279882872,67.756398,69.121766,67.073714,68.609753,1.194697,2500
2021-03-31,3016368,241821542,69.036431,69.121766,67.841734,67.841734,-0.768019,2121
2021-04-01,3289109,260333510,68.780424,69.036431,66.988379,66.988379,-0.853355,2296
2021-04-06,2532237,201327119,67.585727,68.695089,66.988379,68.183076,1.194697,1898
2021-04-07,2982029,236661223,68.609753,68.86576,67.073714,67.244385,-0.938691,2199
2021-04-08,3566635,280022781,67.671063,68.09774,66.561701,66.647037,-0.597348,2862
2021-04-09,5424946,412909240,66.817708,67.15905,64.086971,64.342978,-2.304059,4320
2021-04-12,2368207,179141127,64.342978,65.62301,63.830965,64.257642,-0.085336,1937
2021-04-13,2081655,157403191,64.769655,65.537675,64.001636,64.001636,-0.256006,1622
2021-04-14,5295928,380686486,64.172307,64.513649,59.73486,61.185564,-2.816072,4035
2021-04-15,2432660,174615307,61.697577,62.038919,60.246873,61.868248,0.682684,1929
2021-04-16,1999400,146713371,61.868248,63.489622,61.270899,63.14828,1.280032,1410
2021-04-19,1345212,99634444,64.342978,64.342978,62.721603,62.721603,-0.426677,1361
2021-04-20,1069423,79223774,62.721603,63.745629,62.550932,62.892274,0.170671,914
2021-04-21,2197412,158465408,62.977609,62.977609,61.014893,61.100228,-1.792046,1919
2021-04-22,4079058,283108645,61.697577,61.782912,57.516137,57.772143,-3.328085,3276
2021-04-23,2337499,158746416,57.174794,58.881505,57.174794,57.430801,-0.341342,1753
2021-04-26,7438536,486294609,57.857479,58.369492,54.870736,55.041407,-2.389394,4855
2021-04-27,5873094,394581099,56.065433,58.540163,55.468084,57.601472,2.560065,3862
2021-04-28,2518192,170704378,57.601472,58.369492,56.833452,58.198821,0.597349,1619
2021-04-29,1830500,124267733,58.540163,59.052176,57.174794,57.857479,-0.341342,1287
2021-05-03,3222796,207448406,57.26013,57.601472,53.334696,53.846709,-4.01077,2033
2021-05-04,5074058,308539429,53.932045,54.7854,48.89725,52.054664,-1.792045,2299
2021-05-05,1378008,84977598,52.139999,54.358722,51.030637,51.798657,-0.256007,1163
2021-05-06,1201937,73227182,52.139999,53.07869,50.347953,51.627986,-0.170671,984
2021-05-07,3315314,212242638,52.908019,56.406775,52.139999,55.041407,3.413421,2343
2021-05-10,1585351,99382562,55.041407,55.126742,52.737348,52.737348,-2.304059,1175
2021-05-11,3570090,205039989,51.030637,51.371979,47.531881,47.958559,-4.778789,2204
2021-05-12,5004830,266239275,47.787888,49.494598,43.17977,44.033125,-3.925434,3216
2021-05-13,4179510,218351946,43.094435,46.081178,42.283747,45.313158,1.280033,2753
2021-05-14,2404934,129593429,46.166513,48.043894,43.606448,44.545138,-0.76802,1672
2021-05-17,2880915,140665367,40.406366,43.435777,40.193027,41.345057,-3.200081,1716
2021-05-18,2486286,128247064,42.241079,45.398494,42.155744,45.398494,4.053437,1352
2021-05-19,2073688,112710709,46.081178,47.275875,44.630474,47.275875,1.877381,1435
2021-05-20,1108374,59581237,47.36121,47.36121,44.801145,44.801145,-2.47473,802
2021-05-21,2237367,123465377,45.910507,49.067921,45.313158,47.958559,3.157414,1492
2021-05-24,1816125,102797963,49.153256,49.153256,47.531881,48.385236,0.426677,1349
2021-05-25,2718412,158876550,48.299901,51.030637,48.299901,50.262618,1.877382,1778
2021-05-26,1378808,80410860,50.262618,50.60396,49.067921,50.006611,-0.256007,892
2021-05-27,992188,57117956,50.006611,50.091947,48.385236,48.726579,-1.280032,669
2021-05-28,1191453,70428187,49.83594,51.115973,49.238592,50.60396,1.877381,819
2021-05-31,3417167,210810695,51.371979,54.188051,50.859966,51.798657,1.194697,2401
2021-06-01,1699126,102255210,51.542651,52.481341,50.859966,51.286644,-0.512013,1236
2021-06-02,1229820,72881652,51.969328,51.969328,49.665269,50.006611,-1.280033,926
2021-06-03,1340485,80539665,50.774631,52.396006,50.006611,52.054664,2.048053,838
2021-06-04,1948345,114620474,51.713322,51.713322,49.579934,49.579934,-2.47473,1320
2021-06-07,938970,53872053,49.750605,49.921276,47.702552,48.641243,-0.938691,713
2021-06-08,631842,36839412,48.982585,50.177282,48.89725,49.921276,1.280033,500
2021-06-09,3124531,190206338,50.347953,53.334696,49.921276,52.139999,2.218723,2193
2021-06-10,3453060,214072191,53.761374,54.102716,51.883993,52.31067,0.170671,2523
2021-06-11,1160599,70593219,52.31067,52.566677,51.457315,51.627986,-0.682684,835
2021-06-15,1353043,83600492,52.396006,53.334696,51.883993,52.652012,1.024026,1006
2021-06-16,930925,56906469,52.652012,52.908019,51.286644,51.627986,-1.024026,713
2021-06-17,1337960,82556736,51.883993,53.249361,51.201308,52.822683,1.194697,876
2021-06-18,1607274,99689279,53.249361,53.932045,52.054664,52.31067,-0.512013,1104
2021-06-21,1749187,103798277,51.713322,52.225335,49.921276,50.262618,-2.048052,1191
2021-06-22,993046,58373667,51.371979,51.542651,49.579934,49.665269,-0.597349,691
2021-06-23,988071,58983138,50.347953,51.457315,50.006611,51.201308,1.536039,662
2021-06-24,2091220,129240027,52.054664,53.590703,51.201308,52.908019,1.706711,1449
2021-06-25,1617130,99631991,53.590703,53.590703,51.883993,52.054664,-0.853355,1086
2021-06-28,861138,52073694,52.31067,52.31067,51.286644,51.713322,-0.341342,575
2021-06-29,1963788,119717578,52.396006,53.164025,51.115973,51.371979,-0.341343,1193
2021-06-30,1779224,109264080,51.713322,53.07869,51.457315,52.993354,1.621375,1196
2021-07-01,2381150,143960584,53.334696,53.505367,50.518624,50.689295,-2.304059,1666
2021-07-02,1187522,70227575,50.433289,50.945302,50.091947,50.60396,-0.085335,744
2021-07-05,1482570,90352447,51.201308,52.481341,50.689295,52.225335,1.621375,1007
2021-07-06,10949383,717692317,52.652012,57.430801,52.054664,57.430801,5.205466,6667
2021-07-07,23204625,1623884685,56.833452,62.721603,56.321439,61.014893,3.584092,15031
2021-07-08,12843825,924345100,61.014893,63.489622,59.73486,61.44157,0.426677,8423
2021-07-09,4751614,337748525,60.076202,61.868248,59.820195,59.990866,-1.450704,3236
2021-07-12,11057774,804346078,60.673551,64.001636,59.222847,64.001636,4.01077,7273
2021-07-13,25732612,2004922830,64.940326,68.86576,62.465596,65.708346,1.70671,17056
2021-07-14,13728371,1073267626,66.817708,68.268411,64.428313,66.220359,0.512013,9756
2021-07-15,5666555,439678514,66.561701,67.756398,64.940326,65.452339,-0.76802,4284
2021-07-16,5878397,450416871,64.598984,66.647037,64.428313,64.428313,-1.024026,4258
2021-07-19,6486981,475934881,64.086971,64.172307,61.014893,61.270899,-3.157414,4835
2021-07-20,5937808,423644740,60.076202,62.721603,58.881505,59.905531,-1.365368,4278
2021-07-21,4564497,319225933,59.990866,61.270899,58.454827,59.222847,-0.682684,3241
2021-07-22,7470275,542974925,60.246873,63.404287,59.905531,62.636267,3.41342,5080
2021-07-23,4708327,338693476,62.636267,63.14828,60.161537,61.100228,-1.536039,3388
2021-07-26,2519484,180165605,61.44157,61.868248,60.246873,60.588215,-0.512013,1866
2021-07-27,4006906,288793528,61.014893,63.062945,59.990866,60.417544,-0.170671,2916
2021-07-28,4127806,279604951,59.73486,61.100228,55.468084,57.174794,-3.24275,2981
2021-07-29,1336809,90874771,57.772143,58.710834,57.26013,58.454827,1.280033,973
2021-07-30,1317455,89633578,58.540163,58.881505,57.174794,57.26013,-1.194697,987
2021-08-02,1168056,78226712,57.430801,58.02815,56.748117,57.26013,0.0,946
2021-08-03,903210,61061703,57.601472,58.540163,57.26013,57.430801,0.170671,675
2021-08-04,1456131,99280479,57.686808,58.625498,57.686808,58.113485,0.682684,1065
2021-08-05,2351562,162465803,58.719736,60.538489,58.719736,60.278667,2.165182,1698
2021-08-06,1471718,100623911,60.278667,60.278667,58.633129,58.806343,-1.472324,1149
2021-08-09,3711892,240991737,58.633129,58.719736,55.168838,55.168838,-3.637505,2743
2021-08-10,2784818,171349153,55.255445,55.342052,52.22419,52.657226,-2.511612,2051
2021-08-11,2131674,127330813,52.743834,53.17687,50.31883,51.184903,-1.472323,1643
2021-08-12,811033,48685932,52.137583,52.570619,51.531332,51.704546,0.519643,637
2021-08-13,1904300,109642947,51.531332,51.964368,48.933113,48.933113,-2.771433,1411
2021-08-16,1482376,81948809,48.933113,49.972401,46.767931,47.720611,-1.212502,1088
2021-08-17,1249611,67181850,48.500077,48.673292,45.035786,45.035786,-2.684825,1018
2021-08-18,1782747,94783113,44.169713,48.326862,43.996498,47.980433,2.944647,1252
2021-08-19,1230032,65725773,47.634004,47.634004,45.035786,45.122393,-2.85804,976
2021-08-20,1097818,57373823,45.209,46.16168,44.169713,45.122393,0.0,856
2021-08-23,844381,45939282,45.815251,47.720611,45.815251,47.634004,2.511611,659
2021-08-24,672088,36626533,48.500077,48.586684,46.421502,46.594717,-1.039287,582
2021-08-25,1112606,62362195,47.027753,49.279543,46.941146,48.846506,2.251789,794
2021-08-26,638540,35580833,48.846506,48.933113,47.807219,48.673292,-0.173214,531
2021-08-27,781511,44067950,48.41347,49.712579,48.067041,48.240255,-0.433037,593
2021-08-30,385187,21633712,48.933113,49.192935,48.240255,48.500077,0.259822,295
2021-08-31,1003329,56475704,48.500077,49.972401,47.46079,49.712579,1.212502,681
2021-09-01,1914669,111492557,49.625972,51.184903,49.452757,50.665259,0.95268,1335
2021-09-02,1162698,67735741,50.838474,51.617939,49.36615,49.36615,-1.299109,811
2021-09-03,557055,31767215,49.799186,50.405437,48.759899,49.106328,-0.259822,440
2021-09-06,1085438,60220019,49.36615,49.625972,46.941146,46.941146,-2.165182,788
2021-09-07,534466,29006156,46.941146,47.634004,46.334895,47.200968,0.259822,395
2021-09-08,745786,39531422,47.200968,47.287575,45.209,45.209,-1.991968,589
2021-09-09,745662,40353634,45.122393,47.720611,45.122393,47.547397,2.338397,559
2021-09-10,368991,20282784,47.634004,48.153648,47.027753,47.634004,0.086607,289
2021-09-13,536337,29886090,47.547397,49.106328,47.200968,48.326862,0.692858,417
2021-09-14,1168757,66527925,48.846506,49.972401,48.500077,48.933113,0.606251,882
2021-09-15,1209279,68650483,48.933113,49.712579,48.586684,49.36615,0.433037,898
2021-09-16,833576,47648595,49.972401,50.232223,48.933113,49.539364,0.173214,611
2021-09-17,740556,42467106,49.539364,50.145615,48.759899,50.059008,0.519644,537
2021-09-22,643198,36236293,48.500077,49.625972,47.634004,48.586684,-1.472324,386
2021-09-23,494407,28202171,49.106328,49.885793,48.933113,49.625972,1.039288,378
2021-09-24,807905,46701859,49.972401,50.838474,49.452757,49.799186,0.173214,572
2021-09-27,596361,34348211,50.145615,50.578652,49.192935,49.885793,0.086607,418
2021-09-28,661127,37288292,49.625972,49.885793,48.153648,48.41347,-1.472323,516
2021-09-29,869247,46879947,47.46079,47.720611,45.728644,46.16168,-2.25179,668
2021-09-30,439301,23466351,46.16168,46.767931,45.642037,46.421502,0.259822,330
2021-10-01,1151701,59482329,45.815251,45.901859,43.996498,44.602749,-1.818753,890
2021-10-04,1079390,54131870,45.035786,45.295608,42.480871,42.524175,-2.078574,791
2021-10-05,679891,33512539,41.571495,44.342928,41.138458,44.083106,1.558931,585
2021-10-06,450451,22835626,44.083106,44.429535,43.390247,43.390247,-0.692859,403
2021-10-07,531843,27721586,44.169713,45.901859,44.083106,45.209,1.818753,428
2021-10-08,425728,22331383,45.468822,45.988466,44.775964,45.122393,-0.086607,567
2021-10-12,420531,21351088,44.775964,45.035786,43.476855,43.996498,-1.125895,443
2021-10-13,610406,31125998,44.342928,45.035786,43.390247,43.909891,-0.086607,397
2021-10-14,443738,22225205,44.516142,44.516142,42.524175,43.650069,-0.259822,368
2021-10-15,460628,23849724,44.429535,45.382215,44.342928,44.689357,1.039288,361
2021-10-18,1587932,85328782,45.815251,47.200968,45.555429,46.50811,1.818753,1152
2021-10-19,860340,46162278,46.854539,46.941146,45.728644,46.767931,0.259821,666
2021-10-20,547553,29387173,47.114361,47.114361,46.16168,46.334895,-0.433036,399
2021-10-21,713351,38315388,46.50811,47.374182,45.815251,45.901859,-0.433036,542
2021-10-22,401162,21439027,46.421502,46.767931,45.728644,46.421502,0.519643,309
2021-10-25,1195531,65183324,46.421502,48.240255,45.815251,48.240255,1.818753,752
2021-10-26,1597311,87787242,48.586684,49.019721,47.027753,47.287575,-0.95268,1084
2021-10-27,5158696,303065033,47.634004,51.964368,47.374182,51.964368,4.676793,3032
2021-10-28,5722521,343429086,53.263477,53.609907,50.405437,51.358117,-0.606251,3938
2021-10-29,1291453,75924630,51.444725,51.791154,50.405437,50.665259,-0.692858,948
2021-11-01,1432837,85230583,51.27151,52.22419,51.098295,51.098295,0.433036,1034
2021-11-02,2386007,136337669,51.098295,51.358117,48.326862,48.326862,-2.771433,2051
2021-11-03,3424426,201991827,49.799186,51.877761,48.933113,50.751866,2.425004,2323
2021-11-04,4242774,257986499,51.704546,53.869728,51.444725,51.964368,1.212502,3402
2021-11-05,1138961,67617049,52.657226,52.657226,50.751866,51.531332,-0.433036,937
2021-11-08,1860343,106014505,50.492044,50.665259,48.759899,49.019721,-2.511611,1424
2021-11-09,1309646,73662645,49.539364,49.712579,48.326862,48.586684,-0.433037,911
2021-11-10,846447,47488033,49.106328,49.106328,48.326862,48.586684,0.0,702
2021-11-11,1072404,60071983,48.586684,49.106328,48.067041,48.153648,-0.433036,815
2021-11-12,943169,52131839,48.500077,48.500077,47.46079,47.807219,-0.346429,766
2021-11-15,1445770,82449078,48.41347,50.059008,48.153648,49.36615,1.558931,1024
2021-11-16,791912,45102518,49.799186,50.059008,48.673292,49.192935,-0.173215,598
2021-11-17,1517353,88034379,49.712579,50.665259,49.36615,50.492044,1.299109,1083
2021-11-18,1129569,65287664,50.751866,51.011688,49.539364,49.972401,-0.519643,866
2021-11-19,2776650,164452432,50.059008,52.22419,49.712579,51.877761,1.90536,1917
2021-11-22,14520294,931405878,54.042943,56.98759,52.310797,56.98759,5.109829,8276
2021-11-23,13083600,857105740,55.948303,59.325987,54.909016,55.688481,-1.299109,9372
2021-11-24,3694512,235277708,55.775089,56.208125,54.216157,56.208125,0.519644,2752
2021-11-25,15762174,1067834983,56.554554,60.884918,55.688481,58.633129,2.425004,10006
2021-11-26,10963351,744188906,58.633129,60.451882,56.98759,59.152772,0.519643,7309
2021-11-29,9312158,628985261,57.160805,60.538489,56.121518,58.806343,-0.346429,6919
2021-11-30,11786616,819636165,59.499202,62.184027,58.892951,59.325987,0.519644,8693
2021-12-01,5281355,352500158,57.507234,58.892951,57.160805,57.853663,-1.472324,4126
2021-12-02,4016179,261815345,57.680449,58.459914,54.995623,54.995623,-2.85804,3074
2021-12-03,1625879,104452165,55.342052,56.294732,55.255445,55.428659,0.433036,1215
2021-12-06,1781408,115375750,55.601874,56.900983,54.995623,56.381339,0.95268,1765
2021-12-07,2845361,187483839,56.554554,58.2867,56.03491,56.727769,0.34643,2390
2021-12-08,2380242,157884768,57.593841,58.113485,56.814376,56.814376,0.086607,1736
2021-12-09,1464142,94790462,57.160805,57.420627,55.255445,55.515267,-1.299109,1211
2021-12-10,993220,63668656,56.121518,56.121518,55.08223,55.428659,-0.086608,689
2021-12-13,14585591,1006994162,55.601874,60.971525,55.08223,60.884918,5.456259,7653
2021-12-14,11950938,813436481,60.538489,60.538489,57.420627,58.026878,-2.85804,7611
2021-12-15,4912657,336711161,58.806343,60.451882,58.546522,58.892951,0.866073,3594
2021-12-16,10327123,713025005,60.278667,61.317954,58.026878,61.317954,2.425003,6136
2021-12-17,22431583,1611824587,62.270635,64.349209,60.018845,61.924205,0.606251,14703
2021-12-20,5610409,400613625,62.010813,63.0501,60.711704,60.798311,-1.125894,4550
2021-12-21,2607077,182931241,61.14474,61.404562,60.018845,60.625096,-0.173215,2265
2021-12-22,2875468,203183970,61.231347,62.357242,60.19206,60.19206,-0.433036,2552
2021-12-23,2427502,167250384,60.798311,60.798311,59.066165,59.412594,-0.779466,2632
2021-12-24,1506952,103207032,59.759023,60.19206,58.892951,59.066165,-0.346429,1148
2021-12-27,1094482,74789800,59.325987,59.759023,58.633129,58.892951,-0.173214,901
2021-12-28,1445234,97922673,59.672416,59.672416,58.459914,58.546522,-0.346429,1207
2021-12-29,6981946,490879194,59.325987,61.924205,58.633129,60.625096,2.078574,4514
2021-12-30,22738803,1664099718,60.711704,64.695638,60.365274,62.963493,2.338397,14190
2022-01-03,11159737,816353966,64.522424,65.388497,61.664384,63.309922,0.346429,8720
2022-01-04,10405836,768406443,62.790278,64.868853,62.357242,64.262602,0.95268,6724
2022-01-05,16616176,1249098307,64.262602,66.341177,63.569744,65.821533,1.558931,10370
2022-01-06,8590535,632355637,64.00278,65.301889,62.09742,63.742958,-2.078575,7546
2022-01-07,6703503,476101215,63.223315,64.175995,60.19206,60.884918,-2.85804,4816
2022-01-10,4304145,308974476,60.711704,63.569744,60.018845,63.0501,2.165182,2613
2022-01-11,5179987,364542265,62.703671,62.790278,59.066165,59.152772,-3.897328,3873
2022-01-12,2696255,182443087,59.932238,60.278667,57.420627,58.113485,-1.039287,2008
2022-01-13,1322916,88364266,58.113485,58.719736,57.247412,57.593841,-0.519644,1275
2022-01-14,2034638,132714485,57.33402,57.33402,55.861696,56.641161,-0.95268,1331
2022-01-17,1420182,95342177,56.98759,59.152772,56.641161,58.719736,2.078575,1116
2022-01-18,1250542,84924565,58.719736,59.672416,57.940271,57.940271,-0.779465,1146
2022-01-19,1090824,72899931,56.814376,58.806343,56.814376,58.806343,0.866072,930
2022-01-20,820999,55584476,58.719736,59.23938,58.200092,58.200092,-0.606251,670
2022-01-21,960886,63552833,57.593841,58.026878,56.727769,56.727769,-1.472323,756
2022-01-24,1986207,124305682,56.294732,56.294732,52.743834,54.12955,-2.598219,1827
2022-01-25,1156503,71373014,54.12955,54.822408,52.397405,52.397405,-1.732145,997
2022-01-26,1809483,108618001,52.484012,53.17687,51.184903,51.358117,-1.039288,1332
2022-02-07,755515,45877262,52.830441,53.523299,51.617939,53.090263,1.732146,779
2022-02-08,896214,56312964,53.263477,54.995623,53.090263,54.649194,1.558931,744
2022-02-09,864880,55465510,55.255445,56.294732,54.649194,56.03491,1.385716,1066
2022-02-10,953745,61511790,57.247412,57.247412,54.995623,55.601874,-0.433036,813
2022-02-11,633398,40650347,54.995623,56.381339,54.562587,55.601874,0.0,585
2022-02-14,742698,46461396,54.822408,54.822408,53.696514,53.696514,-1.90536,614
2022-02-15,598424,37580033,53.696514,55.08223,53.696514,53.696514,0.0,445
2022-02-16,584407,36792672,54.649194,55.342052,53.956336,54.216157,0.519643,472
2022-02-17,603470,37746407,54.562587,54.822408,53.523299,53.783121,-0.433036,492
2022-02-18,329193,20430079,53.350085,54.12955,53.003656,54.12955,0.346429,387
2022-02-21,656994,40963527,53.350085,54.822408,53.350085,54.475979,0.346429,481
2022-02-22,3051202,196013112,54.822408,56.900983,54.562587,55.342052,0.866073,2229
2022-02-23,1111425,71027946,55.515267,56.121518,54.909016,54.909016,-0.433036,914
2022-02-24,1381521,85177601,54.995623,55.168838,52.137583,52.137583,-2.771433,1249
2022-02-25,719488,43570762,52.830441,53.17687,51.877761,52.137583,0.0,589
2022-03-01,549589,33624272,53.17687,53.436692,52.657226,52.743834,0.606251,521
2022-03-02,588775,36033952,53.263477,53.350085,52.570619,53.17687,0.433036,435
2022-03-03,521821,32216361,53.869728,54.12955,53.003656,53.350085,0.173215,407
2022-03-04,656442,40616704,53.350085,54.216157,53.17687,53.350085,0.0,471
2022-03-07,1083417,64108938,53.350085,53.350085,50.232223,50.751866,-2.598219,817
2022-03-08,958159,54813997,49.712579,51.011688,48.673292,48.759899,-1.991967,790
2022-03-09,568853,32258480,49.539364,49.799186,48.586684,48.846506,0.086607,428
2022-03-10,575154,33179342,49.799186,50.31883,49.539364,49.625972,0.779466,467
2022-03-11,331620,18886313,49.799186,49.799186,49.019721,49.192935,-0.433037,246
2022-03-14,368405,20877087,49.019721,49.539364,48.846506,48.933113,-0.259822,327
2022-03-15,1073661,58547486,48.933113,48.933113,46.594717,46.594717,-2.338396,800
2022-03-16,638573,34634882,47.980433,47.980433,46.50811,47.374182,0.779465,409
2022-03-17,954636,54152328,48.326862,50.232223,48.067041,50.059008,2.684826,607
2022-03-18,427063,24427226,50.838474,50.838474,49.106328,49.452757,-0.606251,394
2022-03-21,422838,24271537,49.885793,50.31883,49.36615,49.712579,0.259822,297
2022-03-22,261771,15003395,49.712579,49.972401,49.192935,49.712579,0.0,321
2022-03-23,582429,34038148,49.972401,51.27151,49.972401,50.492044,0.779465,484
2022-03-24,403572,23512309,50.665259,51.098295,49.799186,51.011688,0.519644,440
2022-03-25,771516,45900271,51.444725,51.877761,51.011688,51.704546,0.692858,572
2022-03-28,372196,21849637,51.184903,51.358117,50.492044,51.098295,-0.606251,343
2022-03-29,542611,32504264,51.704546,52.310797,51.358117,51.964368,0.866073,452
2022-03-30,978443,59862299,52.397405,53.436692,52.397405,53.17687,1.212502,769
2022-03-31,602277,36711787,53.523299,53.523299,52.397405,52.397405,-0.779465,511
2022-04-01,530054,32210449,52.22419,53.263477,51.791154,53.003656,0.606251,378
2022-04-06,424354,25921538,53.003656,53.609907,52.310797,52.657226,-0.34643,310
2022-04-07,938595,57462238,52.397405,53.523299,52.310797,52.830441,0.173215,742
2022-04-08,1012742,63472538,53.003656,55.255445,53.003656,54.216157,1.385716,801
2022-04-11,966547,58498294,53.696514,54.649194,51.531332,51.531332,-2.684825,987
2022-04-12,408536,24444204,51.098295,52.570619,51.098295,51.964368,0.433036,351
2022-04-13,209612,12735461,53.003656,53.003656,52.397405,52.570619,0.606251,259
2022-04-14,230452,13874770,53.090263,53.090263,51.791154,51.877761,-0.692858,220
2022-04-15,786228,45485943,51.27151,51.27151,49.452757,49.712579,-2.165182,705
2022-04-18,259883,14778311,49.192935,49.625972,48.759899,49.192935,-0.519644,198
2022-04-19,231641,13256972,49.452757,50.145615,49.279543,49.452757,0.259822,214
2022-04-20,240576,13718876,50.31883,50.31883,48.933113,49.539364,0.086607,208
2022-04-21,218255,12574427,49.885793,50.31883,49.452757,50.232223,0.692859,210
2022-04-22,141521,8115349,49.625972,50.145615,49.36615,49.36615,-0.866073,137
2022-04-25,517544,28212773,47.980433,48.500077,45.988466,47.287575,-2.078575,411
2022-04-26,295055,15977059,47.720611,47.893826,46.248288,46.50811,-0.779465,255
2022-04-27,557984,29174707,46.075073,46.334895,44.516142,45.555429,-0.952681,416
2022-04-28,280508,14902705,45.642037,46.681324,45.468822,45.642037,0.086608,234
2022-04-29,169349,8975862,46.421502,46.50811,45.555429,45.642037,0.0,163
2022-05-03,203456,10658044,45.642037,45.642037,45.122393,45.122393,-0.519644,184
2022-05-04,183031,9659307,45.815251,46.334895,45.295608,45.468822,0.346429,152
2022-05-05,260324,13932059,46.334895,46.941146,45.642037,46.594717,1.125895,217
2022-05-06,299953,15630029,45.209,45.555429,44.775964,45.382215,-1.212502,213
2022-05-09,321819,16503646,45.295608,45.295608,44.083106,44.083106,-1.299109,275
2022-05-10,304681,15464118,43.30364,45.035786,42.870604,45.035786,0.95268,237
2022-05-11,206503,10664800,45.035786,45.295608,44.429535,44.775964,-0.259822,174
2022-05-12,282423,14325773,45.035786,45.035786,43.260337,43.260337,-1.515627,243
2022-05-13,233058,11712154,43.260337,43.823284,43.130426,43.650069,0.389732,178
2022-05-16,144697,7355863,44.25632,44.689357,43.736677,43.736677,0.086608,139
2022-05-17,176653,9073884,43.390247,44.689357,43.390247,44.689357,0.95268,158
2022-05-18,278930,14590247,45.035786,45.815251,44.689357,45.382215,0.692858,228
2022-05-19,180472,9350338,44.342928,45.382215,44.25632,45.295608,-0.086607,155
2022-05-20,163088,8519181,45.468822,45.815251,44.862571,44.862571,-0.433037,151
2022-05-23,221174,11539008,44.775964,45.642037,44.775964,44.862571,0.0,179
2022-05-24,143921,7403773,45.382215,45.382215,43.909891,44.169713,-0.692858,151
2022-05-25,116183,5980617,44.429535,44.775964,44.342928,44.775964,0.606251,127
2022-05-26,121935,6363740,45.295608,45.468822,44.775964,45.035786,0.259822,138
2022-05-27,576813,30711134,45.555429,46.854539,45.209,46.854539,1.818753,430
2022-05-30,1906209,109022896,49.279543,50.751866,48.673292,49.36615,2.511611,1331
2022-05-31,490380,27903006,49.279543,49.539364,48.846506,49.36615,0.0,399
2022-06-01,2656609,160466099,49.799186,53.350085,49.799186,52.050975,2.684825,1899
2022-06-02,1007474,61140991,52.050975,53.436692,51.704546,52.310797,0.259822,781
2022-06-06,564910,33685949,52.830441,53.263477,50.925081,51.098295,-1.212502,495
2022-06-07,339030,20100777,51.704546,52.137583,50.492044,50.838474,-0.259821,314
2022-06-08,663497,39676948,51.964368,52.397405,51.184903,51.184903,0.346429,526
2022-06-09,424745,25424795,51.791154,52.310797,51.184903,51.444725,0.259822,376
2022-06-10,342070,20100821,51.098295,51.27151,50.665259,50.665259,-0.779466,280
2022-06-13,370302,21272788,49.625972,50.31883,49.192935,49.799186,-0.866073,301
2022-06-14,290344,16824177,49.712579,50.925081,49.279543,50.665259,0.866073,255
2022-06-15,387959,22218678,50.145615,50.925081,48.933113,49.106328,-1.558931,423
2022-06-16,393736,22144971,49.885793,49.972401,47.200968,47.200968,-1.90536,315
2022-06-17,408319,21913428,46.854539,47.027753,46.16168,46.248288,-0.95268,319
2022-06-20,609741,31549622,45.642037,46.334895,44.169713,44.169713,-2.078575,432
2022-06-21,324990,16852723,44.602749,45.295608,44.342928,45.122393,0.95268,285
2022-06-22,759521,37990483,45.122393,45.295608,42.437567,42.480871,-2.641522,611
2022-06-23,484784,23724190,42.654086,43.736677,41.571495,42.134442,-0.346429,381
2022-06-24,292763,14437360,42.957211,43.217033,42.307656,42.567478,0.433036,206
2022-06-27,197983,10019338,43.390247,44.169713,43.30364,44.169713,1.602235,181
2022-06-28,170395,8529624,43.736677,43.823284,43.043818,43.217033,-0.95268,143
2022-06-29,297157,14548730,42.610782,43.000515,42.004531,42.567478,-0.649555,248
2022-06-30,383173,18214953,42.264353,42.264353,40.835333,40.878636,-1.688842,348
2022-07-01,793759,35598305,40.878636,40.878636,37.284434,37.284434,-3.594202,605
2022-07-04,322674,14079774,37.327738,38.54024,36.981309,37.847382,0.562948,271
2022-07-05,280694,12484015,38.54024,39.103187,37.760774,38.973276,1.125894,223
2022-07-06,210287,9240991,38.973276,38.973276,37.544256,37.58756,-1.385716,193
2022-07-07,223212,9905065,37.674167,39.059883,37.327738,39.059883,1.472323,168
2022-07-08,331364,15422872,39.666134,40.792029,39.666134,40.142474,1.082591,224
2022-07-11,223107,10146120,40.358993,40.358993,38.973276,39.233098,-0.909376,154
2022-07-12,272345,11834496,38.54024,38.713454,37.197827,37.544256,-1.688842,221
2022-07-13,359150,16126795,39.839349,39.839349,38.410329,39.059883,1.515627,256
2022-07-14,465413,21353632,39.233098,40.272385,38.886669,40.229082,1.169199,323
2022-07-15,338422,15927373,40.705422,41.225065,39.882653,40.965244,0.736162,272
2022-07-18,227264,11015683,42.004531,42.221049,41.658102,41.917924,0.95268,181
2022-07-19,406381,19920828,41.917924,43.217033,41.571495,42.35096,0.433036,297
2022-07-20,296006,14718300,43.996498,44.169713,42.35096,42.35096,0.0,244
2022-07-21,259923,12914748,42.177746,43.476855,42.177746,43.30364,0.95268,222
2022-07-22,216866,10887190,43.476855,43.909891,42.913907,43.476855,0.173215,225
2022-07-25,144662,7301031,43.476855,43.996498,43.260337,43.996498,0.519643,127
2022-07-26,301329,15073106,44.083106,44.083106,42.913907,42.913907,-1.082591,175
2022-07-27,150979,7522546,42.783996,43.390247,42.783996,43.390247,0.47634,122
2022-07-28,203268,10203052,43.996498,43.996498,43.260337,43.563462,0.173215,132
2022-07-29,195760,9853700,43.823284,44.083106,43.173729,43.476855,-0.086607,182
2022-08-01,93060,4655702,43.476855,43.650069,43.130426,43.217033,-0.259822,78
2022-08-02,278129,13494636,42.870604,43.000515,41.571495,41.788013,-1.42902,220
2022-08-03,243808,11678359,41.571495,42.437567,40.748725,40.748725,-1.039288,233
2022-08-04,224421,10269182,40.882036,41.148658,40.126607,40.793162,0.044437,222
2022-08-05,348990,16828011,41.326406,43.63713,41.326406,43.148323,2.355161,285
2022-08-08,102512,4933267,43.63713,43.63713,41.815213,42.792827,-0.355496,96
2022-08-09,109631,5272931,42.615079,43.19276,42.259583,43.19276,0.399933,95
2022-08-10,81527,3936859,43.059449,43.059449,42.837264,42.881701,-0.311059,84
2022-08-11,287308,14195382,44.436996,44.436996,43.103886,43.948189,1.066488,251
2022-08-12,510103,25658957,44.125937,45.770106,43.948189,44.436996,0.488807,367
2022-08-15,329881,16837566,44.881366,45.681232,44.881366,45.147988,0.710992,254
2022-08-16,469249,24379469,45.947854,46.569972,45.770106,45.947854,0.799866,360
2022-08-17,171175,8907040,46.836594,46.836594,45.947854,45.947854,0.0,146
2022-08-18,269672,13900989,45.947854,46.481098,45.059114,46.30335,0.355496,207
2022-08-19,335169,17691624,46.74772,47.458712,46.392224,46.658846,0.355496,307
2022-08-22,158177,8155014,46.30335,46.30335,45.325736,45.325736,-1.33311,207
2022-08-23,137013,6993116,45.147988,45.770106,44.792492,45.503484,0.177748,115
2022-08-24,108208,5527784,45.770106,46.125602,44.881366,45.325736,-0.177748,89
2022-08-25,328832,17208545,45.325736,46.925468,45.325736,46.569972,1.244236,249
2022-08-26,155144,8175890,46.74772,47.103216,46.569972,46.74772,0.177748,131
2022-08-29,210192,10718869,45.059114,45.770106,44.97024,45.41461,-1.33311,153
2022-08-30,674972,36163027,45.681232,48.5252,45.681232,47.814208,2.399598,541
2022-08-31,132123,7096398,47.280964,47.991956,47.280964,47.814208,0.0,201
2022-09-01,153382,8118182,47.458712,47.458712,46.74772,47.014342,-0.799866,166
2022-09-02,122599,6525116,47.369838,47.814208,47.014342,47.103216,0.088874,162
2022-09-05,263314,13598251,46.74772,46.74772,45.503484,45.592358,-1.510858,467
2022-09-06,317169,16180447,46.214476,46.214476,44.881366,45.770106,0.177748,304
2022-09-07,173265,8804024,45.325736,45.503484,44.792492,45.325736,-0.44437,173
2022-09-08,178066,9232927,45.41461,46.392224,45.325736,46.125602,0.799866,152
2022-09-12,308397,16199347,47.280964,47.280964,46.214476,47.19209,1.066488,275
2022-09-13,379169,20134642,47.280964,47.63646,46.658846,47.280964,0.088874,309
2022-09-14,361881,18850957,46.925468,47.014342,45.592358,47.014342,-0.266622,348
2022-09-15,361905,18998915,47.014342,47.547586,45.947854,46.036728,-0.977614,300
2022-09-16,304773,15555044,46.036728,46.30335,44.881366,44.97024,-1.066488,259
2022-09-19,374898,18678706,45.947854,45.947854,43.726004,43.770441,-1.199799,328
2022-09-20,148702,7328505,44.259248,44.259248,43.592693,43.592693,-0.177748,147
2022-09-21,289402,13928380,43.281634,43.370508,42.526205,42.570642,-1.022051,226
2022-09-22,141199,6758073,41.85965,43.237197,41.85965,43.059449,0.488807,108
2022-09-23,170225,8092740,43.103886,43.19276,41.815213,41.948524,-1.110925,136
2022-09-26,354078,16047315,41.326406,41.504154,39.548927,39.726674,-2.22185,285
2022-09-27,181188,8018413,39.948859,40.08217,38.882372,39.859985,0.133311,207
2022-09-28,417348,17766582,39.548927,39.593363,37.193766,37.193766,-2.666219,370
2022-09-29,213870,9162528,37.682573,38.526876,37.638136,37.993632,0.799866,167
2022-09-30,129604,5450552,37.327077,38.482439,36.749396,38.482439,0.488807,116
2022-10-03,306105,13209931,38.482439,38.926809,37.149329,38.926809,0.44437,251
2022-10-04,305422,13513726,39.548927,40.259918,38.971246,39.193431,0.266622,280
2022-10-05,183327,8104271,39.815548,39.904422,38.704624,38.749061,-0.44437,159
2022-10-06,101919,4439255,38.926809,39.460053,38.482439,38.704624,-0.044437,113
2022-10-07,67169,2910560,38.349128,38.837935,38.349128,38.482439,-0.222185,64
2022-10-11,309289,13038664,37.504825,37.815884,36.971581,37.549262,-0.933177,189
2022-10-12,326756,13498814,37.549262,37.549262,35.94953,36.83827,-0.710992,288
2022-10-13,532859,21192225,36.882707,36.927144,34.305361,34.571983,-2.266287,399
2022-10-14,354861,14247980,35.371849,35.993967,35.371849,35.905093,1.33311,280
2022-10-17,399122,15805133,35.149664,36.260589,34.660857,35.94953,0.044437,195
2022-10-18,170779,6980762,36.83827,36.882707,35.94953,36.349463,0.399933,157
2022-10-19,88587,3640814,36.349463,36.882707,36.127278,36.127278,-0.222185,82
2022-10-20,124470,4976953,35.594034,36.082841,35.194101,35.638471,-0.488807,111
2022-10-21,117325,4659024,35.993967,35.993967,35.149664,35.149664,-0.488807,107
2022-10-24,97107,3938924,35.94953,36.438337,35.727345,35.727345,0.577681,93
2022-10-25,121159,4838635,35.816219,35.993967,34.838605,34.838605,-0.88874,98
2022-10-26,132304,5191796,35.94953,35.94953,34.483109,34.527546,-0.311059,133
2022-10-27,153462,6104182,34.883042,35.682908,34.705294,35.371849,0.844303,115
2022-10-28,152945,6049756,35.816219,35.816219,34.705294,34.749731,-0.622118,162
2022-10-31,243366,9851782,35.105227,36.616085,34.927479,35.860656,1.110925,192
2022-11-01,358623,15043529,36.171715,37.949195,35.993967,37.72701,1.866354,305
2022-11-02,963245,42916672,38.038069,41.104221,38.038069,38.926809,1.199799,844
2022-11-03,373169,16602016,38.482439,40.08217,38.304691,39.815548,0.888739,322
2022-11-04,427885,19323206,40.08217,40.615414,39.548927,39.904422,0.088874,319
2022-11-07,518565,23610334,39.993296,40.97091,39.6378,40.437666,0.533244,370
2022-11-08,1096709,52471110,41.681902,44.259248,41.504154,41.85965,1.421984,1018
2022-11-09,851489,41233219,43.103886,44.0815,42.437331,42.526205,0.666555,813
2022-11-10,508888,24196468,41.904087,42.881701,41.148658,42.570642,0.044437,450
2022-11-11,639404,30867326,43.548256,43.859315,42.30402,42.837264,0.266622,563
2022-11-14,457713,22147619,43.19276,43.326071,42.437331,43.059449,0.222185,295
2022-11-15,529180,26011274,43.326071,44.170374,43.103886,44.037063,0.977614,465
2022-11-16,362611,17925791,44.214811,44.348122,43.370508,43.770441,-0.266622,275
2022-11-17,288384,14330026,44.125937,44.436996,43.726004,44.037063,0.266622,283
2022-11-18,298995,14807645,44.52587,44.614744,43.459382,43.503819,-0.533244,321
2022-11-21,211275,10381720,43.948189,44.170374,43.103886,43.548256,0.044437,174
2022-11-22,261412,12787066,43.859315,43.859315,42.703953,42.970575,-0.577681,235
2022-11-23,203627,9945121,43.592693,43.814878,43.015012,43.015012,0.044437,175
2022-11-24,618230,30507652,43.370508,44.52587,42.74839,44.436996,1.421984,423
2022-11-25,679018,33945100,45.325736,45.681232,43.548256,43.548256,-0.88874,582
2022-11-28,139743,6816384,43.548256,43.681567,42.837264,43.281634,-0.266622,121
2022-11-29,172084,8474600,43.237197,44.259248,43.059449,44.259248,0.977614,146
2022-11-30,799658,40376150,44.125937,45.681232,43.992626,45.681232,1.421984,541
2022-12-01,873259,45183331,46.74772,47.458712,44.97024,44.97024,-0.710992,644
2022-12-02,292305,14814509,44.703618,45.503484,44.703618,44.703618,-0.266622,233
2022-12-05,768560,39900784,44.703618,46.74772,44.703618,46.214476,1.510858,644
2022-12-06,296031,15135452,46.036728,46.30335,44.792492,44.97024,-1.244236,263
2022-12-07,325082,16123372,44.881366,44.881366,43.548256,43.681567,-1.288673,264
2022-12-08,1713600,88768404,44.0815,47.014342,43.992626,46.036728,2.355161,1363
2022-12-09,512144,26109691,45.592358,45.947854,44.881366,44.881366,-1.155362,419
2022-12-12,146434,7364551,44.436996,45.059114,44.436996,44.792492,-0.088874,148
2022-12-13,178960,9012540,45.592358,45.592358,44.436996,44.792492,0.0,169
2022-12-14,1639558,86839619,44.792492,47.725334,44.792492,47.725334,2.932842,1150
2022-12-15,1812102,96702061,47.991956,48.258578,46.658846,47.63646,-0.088874,1400
2022-12-16,4367692,239751678,47.63646,50.036058,47.103216,48.08083,0.44437,3119
2022-12-19,1141979,59933754,47.814208,47.814208,45.947854,45.947854,-2.132976,878
2022-12-20,753690,38622645,46.30335,46.836594,44.392559,44.392559,-1.555295,589
2022-12-21,328114,16532783,44.881366,45.236862,44.392559,44.52587,0.133311,299
2022-12-22,448190,22978657,45.325736,46.214476,45.059114,45.059114,0.533244,346
2022-12-23,321942,16323066,45.681232,45.681232,44.703618,45.147988,0.088874,247
2022-12-26,298600,15215162,45.85898,46.036728,44.881366,44.881366,-0.266622,224
2022-12-27,157437,7978820,45.503484,45.503484,44.703618,44.97024,0.088874,135
2022-12-28,411027,20428906,44.97024,44.97024,43.859315,44.037063,-0.933177,286
2022-12-29,225839,11097222,43.814878,44.0815,43.237197,43.948189,-0.088874,223
2022-12-30,1018011,52337009,44.392559,46.836594,43.726004,46.036728,2.088539,791
2023-01-03,643199,33408204,46.036728,46.569972,45.592358,46.036728,0.0,538
2023-01-04,555608,28963713,46.569972,46.836594,46.036728,46.036728,0.0,444
2023-01-05,293237,15163771,46.481098,46.569972,45.592358,45.681232,-0.355496,254
2023-01-06,184649,9513890,45.770106,46.125602,45.503484,45.681232,0.0,157
2023-01-09,250322,13008959,46.125602,46.392224,45.85898,46.036728,0.355496,229
2023-01-10,362746,18706891,44.792492,46.392224,44.792492,45.947854,-0.088874,272
2023-01-11,129983,6711368,46.214476,46.392224,45.592358,45.681232,-0.266622,135
2023-01-12,209129,10682892,45.947854,45.947854,44.97024,45.147988,-0.533244,185
2023-01-13,461189,23088296,45.147988,45.236862,44.037063,44.392559,-0.755429,375
2023-01-16,166229,8309867,44.392559,44.703618,44.125937,44.52587,0.133311,160
2023-01-17,277472,14067513,44.703618,45.85898,44.52587,44.703618,0.177748,244
2023-01-30,479162,24757714,45.503484,46.569972,45.325736,46.125602,1.421984,358
2023-01-31,583931,30587080,46.30335,46.925468,46.036728,46.30335,0.177748,398
2023-02-01,1320232,71295145,46.74772,48.791822,46.658846,48.614074,2.310724,955
2023-02-02,4996557,286953194,49.058444,52.613403,49.058444,51.635789,3.021715,3573
2023-02-03,1257429,71757532,50.924797,51.280293,50.213806,50.391554,-1.244235,998
2023-02-06,538544,30511250,50.391554,50.835924,49.058444,50.391554,0.0,444
2023-02-07,348238,19746453,50.391554,50.835924,50.124932,50.391554,0.0,332
2023-02-08,411749,23490502,50.924797,51.191419,50.213806,50.30268,-0.088874,350
2023-02-09,640824,35706680,49.85831,50.213806,49.147318,49.147318,-1.155362,508
2023-02-10,741906,41747329,49.325066,50.658176,49.236192,49.680562,0.533244,604
2023-02-13,262005,14648762,49.680562,50.213806,49.41394,49.591688,-0.088874,313
2023-02-14,342836,19376538,49.769436,50.835924,49.769436,49.85831,0.266622,349
2023-02-15,695983,39418537,49.85831,50.924797,49.502814,50.391554,0.533244,537
2023-02-16,3016477,175687364,52.169033,52.613403,50.74705,50.835924,0.44437,2098
2023-02-17,3308325,195676696,51.546915,53.324395,51.191419,52.880025,2.044101,2417
2023-02-20,4675461,286922499,54.479757,56.346111,53.235521,53.235521,0.355496,3536
2023-02-21,1585683,94435141,52.524529,53.857639,52.435655,52.435655,-0.799866,1368
2023-02-22,1072949,62136062,51.546915,51.991285,50.924797,51.902411,-0.533244,859
2023-02-23,633189,36976229,52.257907,52.435655,51.546915,51.902411,0.0,460
2023-02-24,1049656,60203255,51.635789,51.635789,50.391554,50.74705,-1.155361,767
2023-03-01,436813,24719423,50.658176,50.74705,49.769436,50.569302,-0.177748,555
2023-03-02,435293,24848592,50.569302,51.102545,50.30268,50.658176,0.088874,374
2023-03-03,553904,31990788,50.835924,51.635789,50.74705,51.191419,0.533243,509
2023-03-06,1202513,71293963,51.813537,53.679891,51.458041,52.880025,1.688606,950
2023-03-07,704383,41899826,53.502143,53.768765,52.080159,52.435655,-0.44437,667
2023-03-08,1613412,97445535,52.346781,54.390883,51.991285,53.679891,1.244236,1201
2023-03-09,1420113,85340816,54.035387,54.390883,52.702277,53.768765,0.088874,1121
2023-03-10,1076390,63205498,53.591017,53.591017,51.280293,52.702277,-1.066488,1249
2023-03-13,553371,32254686,51.991285,52.702277,50.924797,52.169033,-0.533244,603
2023-03-14,326661,18953558,51.458041,52.080159,51.102545,51.813537,-0.355496,402
2023-03-15,366060,21196992,52.346781,52.346781,50.835924,50.835924,-0.977613,361
2023-03-16,635760,35732790,50.74705,51.280293,49.325066,49.325066,-1.510858,526
2023-03-17,400758,22776863,49.85831,51.280293,49.85831,50.480428,1.155362,372
2023-03-20,186510,10632221,50.569302,51.102545,50.391554,50.480428,0.0,255
2023-03-21,255574,14596871,51.280293,51.280293,50.480428,50.569302,0.088874,197
2023-03-22,351284,20040627,51.013671,51.102545,50.480428,50.569302,0.0,365
2023-03-23,574007,32463361,50.658176,50.658176,49.947184,50.124932,-0.44437,497
2023-03-24,932339,52209812,50.480428,50.569302,49.236192,49.502814,-0.622118,725
2023-03-27,553768,31523219,49.591688,50.924797,49.591688,50.658176,1.155362,399
2023-03-28,375763,21040158,50.658176,50.658176,49.325066,49.680562,-0.977614,352
2023-03-29,478090,26549594,49.769436,50.213806,48.791822,49.147318,-0.533244,350
2023-03-30,344093,19345651,49.680562,50.480428,49.325066,50.30268,1.155362,317
2023-03-31,569553,32646823,50.480428,51.369167,50.30268,51.369167,1.066487,465
2023-04-06,288590,16409973,51.280293,51.280293,50.213806,50.480428,-0.888739,276
2023-04-07,162381,9226113,50.658176,50.835924,50.213806,50.391554,-0.088874,189
2023-04-10,502420,29122071,50.658176,52.080159,50.658176,51.191419,0.799865,598
2023-04-11,411181,23946453,51.724663,52.080159,51.369167,51.635789,0.44437,348
2023-04-12,1126119,66919509,52.169033,53.679891,51.546915,52.524529,0.88874,871
2023-04-13,1124288,66928320,53.057773,53.591017,52.435655,53.146647,0.622118,924
2023-04-14,6793719,425035688,54.124261,57.590347,53.768765,53.857639,0.710992,4628
2023-04-17,1839519,112776790,54.568631,55.279623,53.502143,54.746379,0.88874,1439
2023-04-18,897159,54844298,54.657505,55.279623,53.679891,53.857639,-0.88874,730
2023-04-19,1267718,78063118,54.302009,55.546245,53.857639,54.213135,0.355496,883
2023-04-20,864276,51698416,54.213135,54.390883,52.435655,52.613403,-1.599732,816
2023-04-21,663878,38615446,52.613403,53.146647,51.102545,51.369167,-1.244236,478
2023-04-24,277427,16090099,51.280293,52.169033,50.835924,51.458041,0.088874,261
2023-04-25,744702,42355210,51.191419,52.169033,49.680562,49.85831,-1.599731,585
2023-04-26,271890,15171136,49.591688,50.213806,49.236192,49.591688,-0.266622,253
2023-04-27,319760,17916488,49.680562,50.480428,48.96957,49.947184,0.355496,223
2023-04-28,387820,22079589,50.213806,51.102545,50.213806,50.30268,0.355496,294
2023-05-02,382006,21642395,50.30268,50.924797,49.85831,50.124932,-0.177748,302
2023-05-03,283316,15880761,50.569302,50.569302,49.502814,49.591688,-0.533244,261
2023-05-04,366430,20322389,49.591688,49.85831,49.058444,49.058444,-0.533244,377
2023-05-05,1424765,81443927,49.41394,52.257907,49.236192,50.658176,1.599732,1026
2023-05-08,399446,22704487,51.102545,51.369167,50.124932,50.391554,-0.266622,318
2023-05-09,335259,18767816,50.569302,50.569302,49.502814,49.502814,-0.88874,280
2023-05-10,197367,10981103,49.41394,49.85831,48.96957,49.41394,-0.088874,165
2023-05-11,542209,29572649,49.591688,49.591688,47.814208,47.903082,-1.510858,453
2023-05-12,190604,10271460,47.458712,48.5252,47.458712,47.991956,0.088874,154
2023-05-15,517277,27340640,47.991956,47.991956,46.569972,47.014342,-0.977614,389
2023-05-16,235940,12729854,47.725334,48.258578,47.63646,47.903082,0.88874,190
2023-05-17,275072,14969838,47.903082,48.791822,47.725334,48.702948,0.799866,416
2023-05-18,220685,12235804,49.058444,49.591688,48.880696,49.147318,0.44437,222
2023-05-19,287020,16102295,49.41394,50.124932,49.41394,49.680562,0.533244,259
2023-05-22,203401,11484994,50.124932,50.30268,49.769436,50.30268,0.622118,175
2023-05-23,374773,21399956,50.30268,51.369167,49.680562,50.569302,0.266622,349
2023-05-24,238417,13583782,50.569302,50.924797,50.30268,50.658176,0.088874,216
2023-05-25,252464,14381356,50.74705,51.013671,50.391554,50.658176,0.0,200
2023-05-26,277635,15663744,51.013671,51.102545,49.591688,49.591688,-1.066488,259
2023-05-29,559713,32069017,49.85831,51.546915,49.85831,51.458041,1.866353,424
2023-05-30,272130,15595957,51.546915,51.546915,50.658176,50.74705,-0.710991,249
2023-05-31,879594,51363798,51.191419,52.968899,50.74705,50.924797,0.177747,572
2023-06-01,224056,12843671,51.458041,51.458041,50.658176,50.924797,0.0,206
2023-06-02,324631,18697670,51.546915,51.724663,50.658176,51.280293,0.355496,264
2023-06-05,489333,28479074,51.280293,52.257907,51.102545,51.991285,0.710992,338
2023-06-06,285844,16517356,52.169033,52.257907,50.835924,50.924797,-1.066488,231
2023-06-07,169084,9713568,51.013671,51.369167,50.835924,50.835924,-0.088873,138
2023-06-08,262033,14740136,51.013671,51.013671,49.591688,49.591688,-1.244236,224
2023-06-09,400963,22212412,49.591688,49.769436,48.880696,49.058444,-0.533244,361
2023-06-12,386969,21069934,49.058444,49.058444,48.08083,48.169704,-0.88874,359
2023-06-13,419388,22755547,48.5252,48.880696,47.991956,48.347452,0.177748,404
2023-06-14,233238,12763989,48.5252,48.96957,48.347452,48.5252,0.177748,193
2023-06-15,315240,17184326,48.5252,48.614074,48.258578,48.5252,0.0,245
2023-06-16,210441,11519442,49.058444,49.058444,48.347452,48.614074,0.088874,167
2023-06-19,116715,6385891,48.702948,48.791822,48.436326,48.702948,0.088874,119
2023-06-20,240816,13110710,48.96957,48.96957,48.08083,48.258578,-0.44437,213
2023-06-21,166589,9066519,48.169704,48.702948,48.169704,48.436326,0.177748,136
2023-06-26,168555,9106280,48.08083,48.258578,47.903082,47.903082,-0.533244,172
2023-06-27,303309,16192775,47.725334,47.991956,47.103216,47.19209,-0.710992,243
2023-06-28,108732,5807640,47.63646,47.903082,47.19209,47.369838,0.177748,99
2023-06-29,165194,8857072,47.458712,47.991956,47.19209,47.63646,0.266622,143
2023-06-30,752129,41589281,47.63646,49.85831,47.547586,49.680562,2.044102,520
2023-07-03,1299775,73814597,50.74705,51.102545,49.947184,50.213806,0.533244,986
2023-07-04,427522,23987713,50.213806,50.480428,49.325066,49.680562,-0.533244,337
2023-07-05,546284,31167873,50.124932,51.458041,50.036058,50.30268,0.622118,425
2023-07-06,301104,17083284,50.30268,50.924797,49.947184,49.947184,-0.355496,296
2023-07-07,416894,23481816,49.947184,50.924797,48.96957,50.124932,0.177748,354
2023-07-10,271731,15183031,50.658176,50.658176,49.236192,49.502814,-0.622118,312
2023-07-11,408544,22821574,49.591688,50.480428,49.147318,49.41394,-0.088874,319
2023-07-12,239540,13263268,49.947184,49.947184,48.96957,49.147318,-0.266622,223
2023-07-13,347996,19402319,49.680562,49.947184,49.058444,49.147318,0.0,462
2023-07-14,256241,14326926,49.236192,49.947184,49.147318,49.769436,0.622118,197
2023-07-17,448467,25290835,50.124932,50.569302,49.325066,50.036058,0.266622,322
2023-07-18,673955,37611653,51.013671,51.102545,48.96957,48.96957,-1.066488,499
2023-07-19,808133,43779512,49.41394,49.41394,47.547586,47.991956,-0.977614,617
2023-07-20,492787,26727393,47.991956,48.436326,47.991956,48.08083,0.088874,336
2023-07-21,652763,34796511,47.903082,47.903082,47.103216,47.369838,-0.710992,454
2023-07-24,734633,38149075,47.280964,47.280964,45.41461,45.681232,-1.688606,609
2023-07-25,476936,24827113,45.681232,46.74772,45.681232,46.036728,0.355496,335
2023-07-26,572069,29340895,46.036728,46.481098,45.236862,45.681232,-0.355496,443
2023-07-27,373120,18886604,45.956974,47.059941,45.956974,46.508457,0.827225,331
2023-07-28,391867,19761698,47.059941,47.059941,46.048888,46.416544,-0.091913,305
2023-07-31,616293,31059512,46.692285,46.876113,45.86506,46.048888,-0.367656,427
2023-08-01,564767,27937925,46.232716,46.32463,45.037834,45.359533,-0.689355,467
2023-08-02,577032,28283477,45.911017,45.911017,44.624222,45.037834,-0.321699,455
2023-08-04,641095,31487644,45.083791,45.589318,44.256566,45.589318,0.551484,438
2023-08-07,1196455,58046885,45.497404,45.956974,44.210609,44.532308,-1.05701,908
2023-08-08,1776567,83763462,44.624222,44.899963,42.648072,42.694029,-1.838279,1035
2023-08-09,2493076,120043307,43.613168,45.635275,43.199555,43.751039,1.05701,1627
2023-08-10,936701,43923659,44.302523,44.302523,42.739986,42.785943,-0.965096,747
2023-08-11,1467949,70527727,44.026781,44.899963,43.475297,43.613168,0.827225,974
2023-08-14,1258596,58232296,44.072738,44.072738,41.728932,42.096588,-1.51658,859
2023-08-15,903548,43370260,43.199555,44.578265,43.199555,44.256566,2.159978,634
2023-08-16,572433,27570006,43.88891,44.716136,43.383383,44.578265,0.321699,421
2023-08-17,630207,30965806,44.578265,45.681232,43.980824,45.40549,0.827225,481
2023-08-18,641525,31971295,45.129748,46.232716,45.129748,45.86506,0.45957,509
2023-08-21,614302,30955661,45.762841,47.149594,45.670391,46.964694,1.099634,435
2023-08-22,499737,25303074,47.334495,47.334495,46.409993,46.502443,-0.462251,332
2023-08-23,329766,16686081,46.225092,47.242044,46.225092,47.242044,0.739601,302
2023-08-24,2866845,151839838,47.334495,50.108,46.964694,49.9231,2.681056,1718
2023-08-25,6083823,328333774,50.477801,51.772103,48.443897,48.906148,-1.016952,3904
2023-08-28,1252645,65247769,49.460849,49.460849,47.149594,47.519395,-1.386753,905
2023-08-29,703540,36159137,47.334495,48.166546,47.149594,47.242044,-0.277351,507
2023-08-30,529585,27598696,47.796745,48.628797,47.704295,48.074096,0.832052,440
2023-08-31,2820064,152936504,48.443897,51.032502,47.981646,50.662701,2.588605,1848
2023-09-01,8833518,505237855,51.309852,54.268258,50.662701,52.419255,1.756554,6228
2023-09-04,3638625,209640180,52.789055,53.806007,52.511705,53.528657,1.109402,2638
2023-09-05,1899120,109743475,52.881506,54.175808,52.789055,53.528657,0.0,1406
2023-09-06,1441256,82869279,53.528657,53.621107,52.419255,53.251306,-0.277351,1066
2023-09-07,1194760,68462185,53.158856,53.621107,52.511705,52.696605,-0.554701,941
2023-09-08,1185011,66554753,52.511705,52.604155,51.217402,52.326804,-0.369801,840
2023-09-11,2751428,160088110,53.621107,54.638059,53.066406,53.343757,1.016953,1994
2023-09-12,6020641,360802997,53.898458,56.209712,53.066406,56.117262,2.773505,3940
2023-09-13,12822923,812566655,57.319114,59.630369,56.487063,59.630369,3.513107,8752
2023-09-14,8543921,554102258,59.168118,61.017122,58.520967,60.739771,1.109402,6030
2023-09-15,4701012,303323615,60.647321,61.202022,58.798317,59.168118,-1.571653,3080
2023-09-18,6032119,392189105,58.243616,61.202022,58.151166,59.537919,0.369801,4734
2023-09-19,3916509,248472982,59.445469,60.18507,57.966266,57.966266,-1.571653,5013
2023-09-20,2524105,159075078,58.243616,59.537919,57.319114,57.688915,-0.277351,3941
2023-09-21,3517792,216301700,57.319114,58.613417,55.932362,56.209712,-1.479203,4344
2023-09-22,1695080,102808506,55.470111,56.764413,55.10031,56.302162,0.09245,1914
2023-09-25,1558143,96497093,56.302162,57.781365,56.209712,57.504015,1.201853,1287
2023-09-26,1369163,83947161,57.411565,57.411565,56.024812,56.024812,-1.479203,1181
2023-09-27,1034343,63295603,55.747461,57.134214,55.747461,56.856864,0.832052,865
2023-09-28,1453022,90004556,57.134214,58.058716,56.856864,56.856864,0.0,1388
2023-10-02,829826,51415424,57.134214,57.596465,56.856864,57.411565,0.554701,684
2023-10-03,994651,61089722,57.319114,57.411565,56.394613,56.394613,-1.016952,1427
2023-10-04,1543192,95204354,56.394613,57.873816,55.655011,57.226664,0.832051,1468
2023-10-05,1582926,99137313,57.504015,58.613417,57.319114,57.873816,0.647152,1589
2023-10-06,972208,60682657,57.781365,58.151166,57.319114,57.411565,-0.462251,1050
2023-10-11,6160156,398353560,60.09262,62.311424,57.966266,58.428517,1.016952,4639
2023-10-12,10422797,707618462,58.705867,64.252878,58.705867,64.252878,5.824361,7567
2023-10-13,23187162,1636757228,64.807579,68.043336,62.866126,63.143476,-1.109402,16469
2023-10-16,7116984,482894068,63.605727,64.345328,61.479373,62.218974,-0.924502,5752
2023-10-17,6661687,450889664,62.958576,64.160428,61.109572,61.479373,-0.739601,4767
2023-10-18,2589561,170946059,61.756723,62.034074,60.554871,60.554871,-0.924502,2320
2023-10-19,3104311,206662673,60.09262,62.773675,59.90772,62.588775,2.033904,2286
2023-10-20,3788023,252017176,61.479373,62.588775,60.832221,61.664273,-0.924502,3035
2023-10-23,1879036,125811984,61.109572,62.773675,60.832221,61.849174,0.184901,1397
2023-10-24,5368647,367228945,62.034074,64.252878,62.034074,64.067978,2.218804,4213
2023-10-25,5510506,384028054,64.99248,65.824531,63.420827,64.160428,0.09245,4901
2023-10-26,3798815,260939468,63.420827,64.90003,62.588775,62.588775,-1.571653,3219
2023-10-27,2953306,199626880,62.866126,63.790627,61.479373,61.849174,-0.739601,2486
2023-10-30,1687575,114033368,61.756723,63.143476,61.479373,62.588775,0.739601,1391
2023-10-31,2488868,166330334,63.051026,63.605727,60.647321,60.647321,-1.941454,2247
2023-11-01,14889854,1035037234,64.437779,66.564133,61.941624,62.958576,2.311255,9944
2023-11-02,17244654,1238041558,63.605727,67.950886,63.235926,66.564133,3.605557,12409
2023-11-03,10109756,730662677,67.211284,68.413137,65.547181,67.026384,0.462251,7247
2023-11-06,5236299,376776335,67.581085,67.673535,65.824531,66.841483,-0.184901,3633
2023-11-07,17407232,1313539738,66.933934,71.186642,66.379233,70.631941,3.790458,11652
2023-11-08,20369855,1576624714,71.186642,73.775247,69.799889,71.186642,0.554701,13125
2023-11-09,11612088,853446197,69.337638,69.522539,67.026384,67.396185,-3.790457,7649
2023-11-10,4614985,338937305,66.933934,68.967838,66.749033,67.858436,0.462251,3282
2023-11-13,4615700,341725578,68.413137,69.245188,67.396185,68.413137,0.554701,3543
2023-11-14,5221876,388967921,68.598037,70.07724,67.765985,69.89234,1.479203,3602
2023-11-15,12784317,974380369,70.26214,71.741343,68.690487,70.26214,0.3698,7956
2023-11-16,4112697,314770500,71.001742,71.186642,70.26214,70.724391,0.462251,3269
2023-11-17,8856079,686001035,71.463993,73.035646,70.447041,71.926244,1.201853,6010
2023-11-20,11402099,910537457,71.926244,75.531801,71.371543,74.514849,2.588605,7942
2023-11-21,8696274,711040199,75.162,76.456303,74.88465,75.06955,0.554701,6433
2023-11-22,12273107,1032343054,75.25445,80.431661,74.329948,78.212856,3.143306,9104
2023-11-23,9391437,791626084,78.582657,80.15431,75.901602,77.288354,-0.924502,7012
2023-11-24,7829857,664734760,77.103454,79.784509,76.733653,78.675107,1.386753,5592
2023-11-27,7880804,665575900,79.507159,80.893912,76.178952,76.456303,-2.218804,5469
2023-11-28,5767547,489562952,77.103454,79.96941,76.826103,78.952458,2.496155,4054
2023-11-29,13203815,1163042278,79.87696,83.205166,79.507159,80.986362,2.033904,9795
2023-11-30,5722503,495253904,80.524111,81.633513,78.860007,79.692059,-1.294303,6055
2023-12-01,5266407,453156989,80.06186,80.893912,78.767557,78.860007,-0.832052,3670
2023-12-04,4423320,375340978,79.137358,79.692059,77.473255,78.027956,-0.832051,3046
2023-12-05,3366684,281771609,77.750605,78.397757,76.548753,77.195904,-0.832052,2479
2023-12-06,3498698,290441921,77.935506,78.305306,75.809151,75.901602,-1.294302,3106
2023-12-07,5340412,447824683,75.994052,79.044908,75.994052,76.456303,0.554701,3857
2023-12-08,2875020,238655945,77.195904,77.658155,75.439351,76.918554,0.462251,2444
2023-12-11,10599897,915056492,78.582657,80.709011,78.120406,80.616561,3.698007,7536
2023-12-12,7486976,653220549,80.709011,81.356162,79.599609,80.986362,0.369801,5561
2023-12-13,7245677,634383388,81.541063,82.835365,79.96941,80.33921,-0.647152,5209
2023-12-14,13741589,1231763088,80.524111,84.499469,80.524111,83.297616,2.958406,9596
2023-12-15,8158718,719655480,83.944768,84.96172,79.507159,80.24676,-3.050856,7179
2023-12-18,6228803,522987382,80.06186,80.06186,75.901602,77.473255,-2.773505,4955
2023-12-19,2199497,183395857,77.473255,78.027956,76.363852,77.473255,0.0,1923
2023-12-20,4074065,342484093,77.658155,79.137358,76.363852,78.397757,0.924502,3386
2023-12-21,1998023,167509161,76.733653,78.767557,76.733653,76.826103,-1.571654,1943
2023-12-22,2096771,175488928,77.380805,77.935506,76.733653,77.565705,0.739602,1700
2023-12-25,2253923,191208712,78.212856,79.044908,77.750605,78.767557,1.201852,1554
2023-12-26,2187297,187604214,79.229808,79.692059,78.582657,79.599609,0.832052,2274
2023-12-27,3547885,305742217,79.96941,80.986362,78.397757,79.044908,-0.554701,2643
2023-12-28,3105583,260853760,79.322258,79.322258,77.103454,77.195904,-1.849004,2350
2023-12-29,2014112,167257998,77.011004,77.473255,76.178952,77.195904,0.0,1972
2024-01-02,1604020,132111940,77.658155,77.843055,75.3469,75.624251,-1.571653,1417
2024-01-03,4677822,369918874,74.9771,75.06955,72.111144,72.480945,-3.143306,3515
2024-01-04,1506708,118853106,73.035646,73.405447,72.573395,72.758295,0.27735,1257
2024-01-05,880535,69443716,73.035646,73.497897,72.480945,72.943196,0.184901,726
2024-01-08,1314016,103677261,73.312996,73.590347,72.111144,73.590347,0.647151,1059
2024-01-09,5205404,397307230,73.867698,73.867698,69.060288,69.614989,-3.975358,4173
2024-01-10,1774030,134478768,70.26214,70.724391,69.522539,69.89234,0.277351,1258
2024-01-11,1642728,123656347,70.07724,70.539491,68.598037,69.89234,0.0,1313
2024-01-12,1312558,98342633,69.89234,70.07724,68.875388,68.967838,-0.924502,1266
2024-01-15,1233151,93482236,69.430089,70.539491,69.245188,70.16969,1.201852,1039
2024-01-16,1601273,120586922,70.447041,70.447041,68.782937,70.07724,-0.09245,1495
2024-01-17,2565668,191948376,70.26214,71.556443,67.765985,68.135786,-1.941454,1971
2024-01-18,1490750,109525392,68.598037,68.782937,66.656583,68.320686,0.1849,1104
2024-01-19,1323976,98019240,68.875388,69.152738,67.858436,68.782937,0.462251,853
2024-01-22,1391082,103021939,68.875388,69.245188,67.858436,68.598037,-0.1849,1005
2024-01-23,3889510,298117654,68.782937,72.018694,68.782937,71.463993,2.865956,2826
2024-01-24,1911722,146363611,71.371543,71.648893,69.799889,69.799889,-1.664104,2240
2024-01-25,1239138,94360007,70.16969,71.094192,69.799889,70.447041,0.647152,1039
2024-01-26,1029508,77969623,70.35459,71.001742,69.245188,69.89234,-0.554701,948
2024-01-29,690002,52483603,69.614989,70.816841,69.522539,70.16969,0.27735,606
2024-01-30,856676,64460730,70.26214,70.35459,69.060288,69.430089,-0.739601,771
2024-01-31,849852,64206029,69.337638,70.539491,69.152738,70.26214,0.832051,694
2024-02-01,875425,65849447,70.26214,70.26214,69.152738,69.614989,-0.647151,1011
2024-02-02,1007477,75376111,69.799889,70.07724,68.505587,68.598037,-1.016952,809
2024-02-05,1440494,105440087,68.598037,68.598037,66.841483,67.950886,-0.647151,1221
2024-02-15,4847841,380361285,71.279092,73.590347,70.909292,73.312996,5.36211,3550
2024-02-16,4032111,323827387,73.405447,75.06955,72.943196,74.422399,1.109403,2957
2024-02-19,3156146,256579347,75.162,75.901602,74.145048,75.624251,1.201852,2741
2024-02-20,2268911,184340188,76.271402,76.271402,74.607299,74.699749,-0.924502,2760
2024-02-21,2190624,179136770,75.3469,76.086502,75.06955,75.531801,0.832052,1864
2024-02-22,2694785,218324922,75.994052,75.994052,74.237498,75.162,-0.369801,2028
2024-02-23,3694073,294696809,74.792199,75.624251,72.296044,72.758295,-2.403705,2741
2024-02-26,1875901,150144580,73.035646,74.699749,72.203594,74.699749,1.941454,1531
2024-02-27,10751661,896787369,74.607299,79.044908,74.607299,78.027956,3.328207,7332
2024-02-29,6676544,564786203,77.750605,79.414709,77.103454,77.750605,-0.277351,6997
2024-03-01,4767450,405478250,78.120406,79.507159,77.380805,78.490207,0.739602,3452
2024-03-04,3559304,300001236,79.507159,79.507159,77.288354,77.750605,-0.739602,3280
2024-03-05,6230288,523944423,77.843055,79.322258,76.271402,78.490207,0.739602,4292
2024-03-06,4655112,397782226,78.397757,79.96941,77.750605,78.860007,0.3698,3585
2024-03-07,3883943,328131981,79.507159,79.507159,77.380805,77.843055,-1.016952,2924
2024-03-08,9985255,840381670,79.322258,80.893912,75.162,75.3469,-2.496155,6900
2024-03-11,3354138,280520499,75.06955,78.490207,74.9771,77.288354,1.941454,2665
2024-03-12,3598739,306032234,77.658155,79.229808,77.658155,78.675107,1.386753,2679
2024-03-13,3135123,264256055,79.322258,79.507159,77.195904,78.120406,-0.554701,2400
2024-03-14,2890266,241677819,77.935506,78.675107,75.531801,76.918554,-1.201852,2484
2024-03-15,2013260,167906635,76.826103,77.843055,76.178952,76.733653,-0.184901,1782
2024-03-18,1854978,154357165,77.011004,77.288354,76.363852,77.011004,0.277351,1267
2024-03-19,2054572,172949741,77.195904,78.305306,77.103454,78.212856,1.201852,1645
2024-03-20,2283843,192943210,78.582657,78.767557,77.288354,77.380805,-0.832051,1727
2024-03-21,2985588,252509871,78.212856,78.952458,77.011004,78.767557,1.386752,2154
2024-03-22,2803480,239432164,79.137358,79.784509,77.843055,79.414709,0.647152,2055
2024-03-25,10621738,935729738,79.414709,83.390067,78.952458,80.801461,1.386752,7152
2024-03-26,4415594,379739610,80.893912,81.356162,78.120406,78.305306,-2.496155,4704
2024-03-27,2882682,249207479,79.507159,80.709011,78.952458,79.599609,1.294303,2502
2024-03-28,6747589,596667195,80.15431,83.205166,79.96941,80.06186,0.462251,6670
2024-03-29,2718258,234769613,80.24676,81.541063,78.860007,79.137358,-0.924502,3210
2024-04-01,6609894,583270032,79.322258,82.188214,79.322258,82.188214,3.050856,3919
2024-04-02,4417600,389137039,82.280664,82.373114,80.616561,81.263712,-0.924502,3897
2024-04-03,3435023,301269023,80.893912,82.280664,80.24676,80.24676,-1.016952,2416
2024-04-08,2674099,230686579,80.24676,80.986362,79.137358,79.322258,-0.924502,1957
2024-04-09,5773944,489773868,79.137358,80.06186,77.288354,78.120406,-1.201852,4259
2024-04-10,2661055,225963103,77.935506,79.044908,77.843055,78.397757,0.277351,2243
2024-04-11,2716245,229420317,78.212856,78.582657,77.288354,78.305306,-0.092451,2751
2024-04-12,8918122,785747567,78.952458,82.373114,78.767557,81.633513,3.328207,6183
2024-04-15,5250526,453783110,81.633513,81.725963,78.582657,78.767557,-2.865956,5848
2024-04-16,5070161,415628230,78.582657,78.767557,74.422399,74.88465,-3.882907,3993
2024-04-17,1758897,146098602,75.25445,77.380805,75.25445,77.011004,2.126354,1638
2024-04-18,1514975,126903437,76.271402,78.397757,76.178952,78.027956,1.016952,1469
2024-04-19,2740823,224378522,77.195904,77.750605,73.035646,76.086502,-1.941454,2269
2024-04-22,1543843,126089028,76.086502,77.195904,74.422399,74.607299,-1.479203,1895
2024-04-23,3460573,275460520,75.531801,75.716701,72.203594,73.035646,-1.571653,2879
2024-04-24,3280606,269994075,74.052598,76.918554,74.052598,76.271402,3.235756,1917
2024-04-25,1197426,97953577,76.086502,76.363852,75.162,75.25445,-1.016952,1954
2024-04-26,1403694,116248615,76.178952,76.918554,75.3469,76.548753,1.294303,1067
2024-04-29,1338885,111734599,76.918554,77.658155,76.733653,77.288354,0.739601,1296
2024-04-30,5580837,479194775,79.044908,80.616561,78.397757,78.952458,1.664104,4892
2024-05-02,3161923,273018034,78.952458,80.431661,78.490207,79.96941,1.016952,3131
2024-05-03,10767912,960451662,80.524111,83.944768,80.524111,81.633513,1.664103,7255
2024-05-06,3947629,349497307,83.205166,83.205166,81.171262,81.356162,-0.277351,4245
2024-05-07,3672091,323464826,81.910864,82.742915,80.24676,82.095764,0.739602,2919
2024-05-08,3776759,338821728,82.280664,83.482517,82.095764,82.742915,0.647151,3583
2024-05-09,3113891,278699700,83.112716,83.852317,81.171262,81.171262,-1.571653,2674
2024-05-10,2304219,200233157,82.003314,82.095764,79.507159,79.96941,-1.201852,1965
2024-05-13,1573534,134786302,80.33921,80.616561,78.305306,79.414709,-0.554701,1224
2024-05-14,1107058,95019308,79.96941,79.96941,78.952458,79.137358,-0.277351,862
2024-05-15,2293582,200452646,79.692059,82.003314,79.692059,79.87696,0.739602,1731
2024-05-16,1503880,130994131,79.87696,80.893912,79.87696,80.893912,1.016952,1351
2024-05-17,1366314,119834246,80.893912,81.541063,80.33921,81.448613,0.554701,1585
2024-05-20,2697948,235182434,82.095764,82.742915,79.137358,79.414709,-2.033904,2291
2024-05-21,2694960,233590297,79.229808,81.633513,78.860007,80.616561,1.201852,1934
2024-05-22,1753585,152543179,80.893912,81.541063,79.87696,80.06186,-0.554701,1687
2024-05-23,1658832,142662770,80.431661,80.431661,79.137358,79.137358,-0.924502,1222
2024-05-24,1340009,115331973,79.137358,80.524111,78.397757,79.87696,0.739602,1278
2024-05-27,3122758,275123652,80.524111,82.188214,80.24676,81.356162,1.479202,1961
2024-05-28,6629952,592286267,81.448613,84.684369,80.33921,80.616561,-0.739601,4542
2024-05-29,2899809,251624178,81.541063,81.818413,79.322258,79.322258,-1.294303,2437
2024-05-30,5034436,423507595,79.322258,79.322258,77.011004,77.658155,-1.664103,3410
2024-05-31,2674989,227390060,77.843055,79.784509,77.473255,77.473255,-0.1849,1728
2024-06-03,2177107,183902821,78.212856,78.860007,77.380805,78.767557,1.294302,1618
2024-06-04,1487937,126235020,78.767557,79.044908,77.843055,77.935506,-0.832051,1114
2024-06-05,1827920,155953498,78.397757,79.322258,77.843055,78.767557,0.832051,1161
2024-06-06,1257826,106699767,79.599609,79.599609,77.843055,77.935506,-0.832051,1637
2024-06-07,1241711,105311623,78.305306,79.414709,77.750605,77.750605,-0.184901,831
2024-06-11,1341026,112565496,77.935506,78.397757,77.011004,77.473255,-0.27735,977
2024-06-12,2215154,186660528,77.658155,78.767557,76.826103,78.767557,1.294302,1385
2024-06-13,3731272,321931625,79.137358,80.33921,78.952458,80.24676,1.479203,2178
2024-06-14,4690664,412978853,80.893912,82.558015,80.616561,81.356162,1.109402,4111
2024-06-17,4053262,360734531,82.280664,82.742915,81.541063,81.910864,0.554702,3713
2024-06-18,3886627,345339179,82.280664,83.112716,81.356162,81.725963,-0.184901,3808
2024-06-19,2391815,211242094,82.188214,82.465565,80.801461,80.801461,-0.924502,1720
2024-06-20,1728320,152341118,80.986362,82.188214,80.616561,81.910864,1.109403,1455
2024-06-21,15755898,1464200164,82.465565,89.676679,82.280664,88.382376,6.471512,10678
2024-06-24,12011601,1154439095,88.844627,91.063432,87.088074,88.382376,0.0,9492
2024-06-25,5877262,548930703,88.567277,89.029528,83.667417,86.625823,-1.756553,4764
2024-06-26,3438118,324396877,87.457875,89.584229,85.978672,86.348472,-0.277351,3113
2024-06-27,2985439,273847078,85.978672,86.903174,83.944768,83.944768,-2.403704,2348
2024-06-28,3148791,292739361,84.407019,86.903174,84.222118,86.718273,2.773505,2599
2024-07-01,2894103,272399468,87.088074,87.920126,85.978672,86.071122,-0.647151,2099
2024-07-02,2508043,232222700,86.256022,86.903174,84.407019,85.23907,-0.832052,1737
2024-07-03,11463080,1117220353,86.718273,93.374686,86.163572,91.155882,5.916812,7468
2024-07-04,5303776,513418651,91.063432,91.525683,88.289926,88.289926,-2.865956,3845
2024-07-05,6510103,652849359,90.601181,95.685941,89.121978,92.450185,4.160259,5785
2024-07-08,4379046,431389513,92.450185,93.836937,89.306878,89.769129,-2.681056,4401
2024-07-09,5045573,494890519,89.491779,93.374686,88.012576,89.861579,0.09245,4054
2024-07-10,5460367,544337040,91.155882,93.836937,89.95403,91.803033,1.941454,4007
2024-07-11,9857905,1024347371,92.912436,98.921698,92.172834,94.299188,2.496155,6398
2024-07-12,4161734,421685588,93.374686,96.148192,91.710583,91.987934,-2.311254,3792
2024-07-15,2441797,242288101,92.912436,93.374686,90.693631,91.525683,-0.462251,2556
2024-07-16,9944945,1012145440,92.912436,97.072694,91.710583,92.265284,0.739601,6409
2024-07-17,4511811,453865799,93.836937,93.836937,92.172834,92.450185,0.184901,2651
2024-07-18,4472838,424290448,90.563446,91.695489,87.544665,88.676708,-3.773477,3120
2024-07-19,5084483,463286708,88.676708,88.959718,83.771188,83.771188,-4.90552,4055
2024-07-22,2934411,254013838,84.337209,84.337209,80.469395,80.469395,-3.301793,2091
2024-07-23,1732445,149225496,81.412765,82.827818,80.563732,80.563732,0.094337,1631
2024-07-26,2946176,245227582,77.922298,80.186385,76.978929,79.337352,-1.22638,1783
2024-07-29,2265483,187999635,79.997711,80.846743,76.695918,76.978929,-2.358423,1777
2024-07-30,1218642,100317210,76.978929,78.960005,76.601582,78.299646,1.320717,1073
2024-07-31,1921732,161989185,78.299646,80.658069,77.922298,79.054342,0.754696,1872
2024-08-01,1362292,116118971,80.186385,80.94108,80.092048,80.186385,1.132043,1424
2024-08-02,1837215,153475448,79.054342,80.280722,77.356277,77.356277,-2.830108,1417
2024-08-05,4593321,347944120,74.526169,74.526169,69.620649,70.375345,-6.980932,2530
2024-08-06,3299663,241191636,72.167746,72.35642,65.658498,69.431975,-0.94337,2208
2024-08-07,1822012,142339608,70.564018,75.469538,69.997997,74.148822,4.716847,1498
2024-08-08,1085691,84869370,72.35642,74.997854,72.073409,73.299789,-0.849033,895
2024-08-09,1529473,123288265,76.318571,76.978929,75.186528,75.658212,2.358423,1104
2024-08-12,1136791,92266107,76.318571,77.356277,75.752549,75.752549,0.094337,761
2024-08-13,962898,77823146,76.412908,76.884592,75.658212,76.412908,0.660359,672
2024-08-14,1041487,84859698,77.073266,78.299646,76.224234,76.224234,-0.188674,757
2024-08-15,735854,59941345,76.507245,77.26194,76.129897,76.884592,0.660358,599
2024-08-16,1716559,143067270,77.827962,79.997711,77.450614,79.054342,2.16975,1432
2024-08-19,1553063,128645493,79.148678,79.148678,77.356277,78.016635,-1.037707,1213
2024-08-20,2925041,263859469,81.601438,85.752263,81.412765,85.752263,7.735628,1645
2024-08-21,7674597,692846282,86.412622,86.884306,83.110829,85.280578,-0.471685,5111
2024-08-22,3546576,319326219,85.469252,87.261654,83.865525,83.959862,-1.320716,3066
2024-08-23,2936107,264383480,83.488177,86.035274,83.110829,85.374915,1.415053,2165
2024-08-26,5308757,496195286,86.318285,90.75212,85.657926,86.601295,1.22638,4306
2024-08-27,5419440,512837317,86.695632,90.563446,85.657926,89.620077,3.018782,4296
2024-08-28,6813691,663003846,90.469109,93.770902,89.903088,91.789826,2.169749,5918
2024-08-29,3087708,300743868,90.280435,93.016206,90.091762,92.072837,0.283011,2959
2024-08-30,2480386,241659257,92.544522,93.487891,91.129468,91.318142,-0.754695,2767
2024-09-02,2601522,249658061,91.601152,92.450185,89.054055,89.808751,-1.509391,2498
2024-09-03,3505507,325879701,90.280435,90.280435,86.318285,86.318285,-3.490466,5050
2024-09-04,2939765,254180275,82.16746,83.205166,78.865668,81.129754,-5.188531,2255
2024-09-05,3055469,259950212,81.695775,82.16746,78.205309,78.960005,-2.169749,2460
2024-09-06,1523251,130249525,79.809037,81.884449,78.960005,80.280722,1.320717,1197
2024-09-09,1011134,85024334,77.356277,80.469395,77.356277,80.092048,-0.188674,822
2024-09-10,2427589,205772244,81.507102,82.544808,77.827962,78.771331,-1.320717,1677
2024-09-11,726141,60774718,79.809037,79.809037,78.393983,78.393983,-0.377348,631
2024-09-12,1388836,117810488,79.620363,81.129754,79.054342,79.243015,0.849032,1043
2024-09-13,840300,70576665,79.7147,80.186385,78.771331,78.865668,-0.377347,1033
2024-09-16,1490078,126813140,79.243015,81.224091,79.243015,79.903374,1.037706,1190
2024-09-18,2283901,189934710,79.903374,80.092048,76.790255,77.167603,-2.735771,1757
2024-09-19,1008895,83656385,77.639288,78.960005,77.356277,78.865668,1.698065,986
2024-09-20,1790757,151997839,79.620363,80.752406,79.526026,79.7147,0.849032,1211
2024-09-23,968218,82312687,80.280722,80.658069,79.997711,80.092048,0.377348,937
2024-09-24,996328,84563554,80.092048,81.035417,79.620363,80.375058,0.28301,1051
2024-09-25,1609312,137791613,80.752406,81.601438,80.469395,80.469395,0.094337,984
2024-09-26,2064179,179053258,81.601438,82.827818,80.94108,81.318428,0.849033,1668
2024-09-27,969557,83136095,82.073123,82.073123,80.186385,80.280722,-1.037706,1554
2024-09-30,651479,55342509,80.469395,80.94108,79.620363,79.809037,-0.471685,522
2024-10-01,902327,76115785,80.658069,80.658069,78.676994,79.431689,-0.377348,971
2024-10-04,2552003,220783374,80.280722,83.488177,79.148678,81.884449,2.45276,1786
2024-10-07,5267293,478319636,83.016492,88.488034,81.884449,87.261654,5.377205,3854
2024-10-08,4360595,404033496,87.450328,88.676708,85.940937,87.261654,0.0,3145
2024-10-09,6484741,603805527,90.091762,90.091762,86.506958,86.789969,-0.471685,5368
2024-10-11,3845230,351588148,87.544665,88.488034,84.62022,84.62022,-2.169749,3003
2024-10-14,1662181,148776635,84.714557,85.469252,83.771188,84.525883,-0.094337,1806
2024-10-15,3864689,355735905,85.563589,88.488034,85.091905,85.940937,1.415054,2681
2024-10-16,1338810,121827275,85.374915,86.695632,84.997568,86.129611,0.188674,1133
2024-10-17,1362760,124814869,86.789969,87.450328,85.469252,86.695632,0.566021,1088
2024-10-18,2002023,181295938,86.695632,87.355991,84.242872,84.337209,-2.358423,1729
2024-10-21,1129868,102105548,84.431546,86.035274,84.431546,85.280578,0.943369,870
2024-10-22,844088,76427428,84.997568,85.940937,84.808894,85.563589,0.283011,1159
2024-10-23,1712393,157947759,85.469252,88.393697,85.186242,86.412622,0.849033,1766
2024-10-24,2322967,208941914,86.601295,87.261654,83.299503,83.582514,-2.830108,1599
2024-10-25,742186,66187298,84.054198,84.903231,83.582514,83.959862,0.377348,567
2024-10-28,795598,70661594,84.808894,84.808894,83.299503,83.771188,-0.188674,807
2024-10-29,1151462,100693030,84.054198,84.242872,81.695775,81.884449,-1.886739,1154
2024-10-30,6752267,546280459,77.733625,77.733625,75.280865,75.752549,-6.1319,4508
2024-11-01,1265890,100524426,74.337495,75.563875,73.5828,75.280865,-0.471684,1168
2024-11-04,1179628,93551800,75.375202,76.412908,74.054485,74.243158,-1.037707,1060
2024-11-05,953763,75170489,74.337495,75.092191,73.865811,74.148822,-0.094336,866
2024-11-06,685432,54509295,74.431832,75.846886,74.431832,74.714843,0.566021,626
2024-11-07,750870,60427449,74.997854,76.318571,74.997854,75.941223,1.22638,698
2024-11-08,732986,58678912,76.129897,76.790255,74.714843,74.80918,-1.132043,771
2024-11-11,761428,59855157,74.80918,74.80918,73.299789,74.526169,-0.283011,599
2024-11-12,650278,51303180,74.243158,75.280865,73.865811,74.054485,-0.471684,568
2024-11-13,544303,42976798,74.714843,75.280865,73.771474,74.054485,0.0,466
2024-11-14,1680329,132541896,74.054485,76.129897,72.639431,74.997854,0.943369,1270
2024-11-15,1288423,101730725,74.997854,75.375202,73.771474,73.771474,-1.22638,1599
2024-11-18,1383029,105737790,74.054485,74.054485,71.13004,71.13004,-2.641434,1108
2024-11-19,562567,43291190,71.884735,73.205452,71.601725,73.111115,1.981075,485
2024-11-20,556776,42932817,73.488463,73.5828,72.35642,72.545094,-0.566021,525
2024-11-21,598729,46386368,72.639431,73.771474,71.696062,73.5828,1.037706,485
2024-11-22,1407574,112627851,74.337495,76.601582,74.337495,75.469538,1.886738,1074
2024-11-25,800233,64370286,76.318571,76.412908,75.092191,75.752549,0.283011,770
2024-11-26,397582,31851542,75.752549,76.03556,75.186528,75.280865,-0.471684,592
2024-11-27,504199,39780814,75.846886,75.846886,73.5828,73.677137,-1.603728,474
2024-11-28,650648,50077756,73.865811,73.865811,71.696062,72.262083,-1.415054,666
2024-11-29,328520,25575439,72.262083,74.337495,72.167746,74.337495,2.075412,342
2024-12-02,655452,52391703,74.243158,76.224234,74.243158,74.526169,0.188674,583
2024-12-03,589254,47277308,75.375202,76.318571,74.997854,75.186528,0.660359,653
2024-12-04,2750106,228067351,76.03556,79.809037,75.280865,78.960005,3.773477,2292
2024-12-05,2205111,186037173,80.186385,81.318428,78.393983,78.393983,-0.566022,2486
2024-12-06,1133934,94945004,79.243015,79.997711,78.299646,78.299646,-0.094337,1035
2024-12-09,624076,51172762,78.582657,78.771331,76.790255,76.884592,-1.415054,549
2024-12-10,683535,55333939,76.884592,77.544951,75.563875,75.846886,-1.037706,631
2024-12-11,442987,35581588,75.846886,76.507245,75.280865,75.469538,-0.377348,418
2024-12-12,571392,45808620,76.412908,76.884592,74.620506,74.620506,-0.849032,494
2024-12-13,546526,43020696,74.903517,74.997854,73.771474,74.054485,-0.566021,518
2024-12-16,804135,62570058,74.620506,74.80918,72.639431,72.922442,-1.132043,698
2024-12-17,381655,29810265,73.205452,74.148822,73.111115,73.394126,0.471684,725
2024-12-18,806807,64739563,73.865811,76.978929,72.922442,75.752549,2.358423,764
2024-12-19,397732,31679264,74.714843,75.941223,74.714843,75.186528,-0.566021,514
2024-12-20,545840,43818414,75.658212,76.507245,75.186528,75.280865,0.094337,495
2024-12-23,698285,56615532,76.884592,77.073266,75.752549,76.884592,1.603727,582
2024-12-24,691307,55654391,75.092191,77.073266,75.092191,75.563875,-1.320717,661
2024-12-25,365709,29450064,76.129897,76.790255,75.563875,75.752549,0.188674,374
2024-12-26,478519,38678872,75.846886,76.884592,75.846886,75.846886,0.094337,407
2024-12-27,451250,36407715,76.507245,76.601582,75.752549,76.224234,0.377348,474
2024-12-30,624118,50649847,76.318571,77.073266,75.941223,76.884592,0.660358,598
2024-12-31,3001438,247197931,78.299646,79.054342,76.695918,77.167603,0.283011,2126
2025-01-02,6385286,540327331,78.771331,80.94108,78.582657,78.865668,1.698065,4864
2025-01-03,4910659,417398402,78.393983,81.601438,78.205309,80.94108,2.075412,3923
2025-01-06,9700813,861307835,82.16746,86.884306,81.412765,82.639145,1.698065,7652
2025-01-07,3274106,287788898,83.110829,84.525883,81.884449,83.205166,0.566021,3049
2025-01-08,1477224,129039670,82.639145,83.205166,81.695775,81.884449,-1.320717,1600
2025-01-09,5323652,435559279,79.337352,79.7147,74.80918,75.658212,-6.226237,4118
2025-01-10,1056573,84434306,76.318571,76.412908,74.714843,74.80918,-0.849032,1749
2025-01-13,1607434,123760655,74.526169,74.80918,71.884735,72.35642,-2.45276,1334
2025-01-14,811870,62658890,73.016778,73.299789,72.35642,73.016778,0.660358,756
2025-01-15,1239705,95125855,72.733768,73.5828,71.601725,71.601725,-1.415053,1115
2025-01-16,881415,67647531,72.733768,73.016778,72.073409,72.073409,0.471684,644
2025-01-17,1092983,84710911,72.450757,73.960148,71.790398,73.771474,1.698065,820
2025-01-20,1191900,94913786,74.997854,75.846886,74.337495,75.469538,1.698064,1322
2025-01-21,793702,63880806,75.846886,76.507245,75.375202,75.469538,0.0,813
2025-01-22,691224,55369518,75.941223,76.224234,75.186528,75.658212,0.188674,785
2025-02-03,643529,50660204,74.054485,75.092191,73.111115,74.80918,-0.849032,656
2025-02-04,657401,52136806,75.658212,75.752549,74.243158,74.526169,-0.283011,503
2025-02-05,1533225,125345801,75.563875,78.205309,75.469538,77.356277,2.830108,1195
2025-02-06,652014,53519691,77.827962,78.582657,76.884592,77.073266,-0.283011,703
2025-02-07,565026,46386468,77.733625,77.922298,77.167603,77.356277,0.283011,1322
2025-02-10,798138,65466208,77.733625,78.299646,76.978929,77.356277,0.0,1114
2025-02-11,630185,51987830,78.016635,78.299646,77.544951,77.733625,0.377348,844
2025-02-12,1990408,166058246,78.299646,80.092048,77.544951,77.544951,-0.188674,1973
2025-02-13,1389426,116024733,78.299646,79.243015,78.205309,78.865668,1.320717,1719
2025-02-14,700991,58191243,79.526026,79.526026,77.922298,78.110972,-0.754696,1724
2025-02-17,917253,76118365,78.299646,79.243015,77.544951,78.771331,0.660359,1380
2025-02-18,917301,77070288,79.243015,79.620363,78.865668,79.243015,0.471684,1108
2025-02-19,943426,79493390,79.7147,80.092048,78.960005,79.054342,-0.188673,832
2025-02-20,765585,64424890,79.243015,79.809037,78.960005,79.7147,0.660358,810
2025-02-21,2314280,196497931,81.129754,81.224091,78.299646,79.054342,-0.660358,1913
2025-02-24,1268155,107625904,78.771331,80.846743,78.48832,80.092048,1.037706,1162
2025-02-25,808675,67955649,79.903374,79.903374,78.960005,78.960005,-1.132043,1353
2025-02-26,542568,45394758,78.960005,79.243015,78.582657,78.771331,-0.188674,536
2025-02-27,690537,57354809,79.054342,79.337352,77.922298,77.922298,-0.849033,610
2025-03-03,528643,43122624,76.884592,77.450614,76.601582,77.26194,-0.660358,574
2025-03-04,575954,46949374,76.224234,77.827962,75.941223,77.450614,0.188674,552
2025-03-05,430763,35313054,77.450614,77.827962,77.073266,77.356277,-0.094337,629
2025-03-06,410007,33431075,77.733625,77.733625,76.601582,76.695918,-0.660359,454
2025-03-07,882531,70899528,76.695918,76.884592,75.280865,75.280865,-1.415053,788
2025-03-10,924748,73041293,75.469538,75.563875,74.054485,74.337495,-0.94337,952
2025-03-11,690151,53590442,73.205452,73.960148,72.167746,73.771474,-0.566021,664
2025-03-12,274958,21719473,74.054485,74.997854,73.865811,74.337495,0.566021,301
2025-03-13,408369,32226829,75.375202,75.469538,73.5828,73.5828,-0.754695,653
2025-03-14,326220,25674447,73.865811,74.997854,73.5828,74.243158,0.660358,352
2025-03-17,221501,17543563,74.714843,75.092191,74.431832,74.620506,0.377348,330
2025-03-18,504639,40411776,75.280865,76.129897,75.092191,75.375202,0.754696,483
2025-03-19,281893,22567824,75.846886,75.846886,75.186528,75.375202,0.0,370
2025-03-20,441547,35680991,75.941223,76.601582,75.941223,76.412908,1.037706,622
2025-03-21,406703,33112210,76.601582,77.073266,76.412908,76.790255,0.377347,360
2025-03-24,687740,56364223,77.26194,77.827962,76.601582,77.827962,1.037707,644
2025-03-25,2254063,188075199,78.393983,79.526026,78.016635,78.205309,0.377347,2117
2025-03-26,897017,74580341,78.299646,78.865668,78.205309,78.205309,0.0,918
2025-03-27,483051,39773750,77.639288,78.110972,77.356277,77.827962,-0.377347,454
2025-03-28,1541108,125423398,78.016635,78.299646,75.563875,76.884592,-0.94337,1093
2025-03-31,1757293,135549802,74.903517,75.186528,71.224377,71.224377,-5.660215,1484
2025-04-01,756307,58276929,72.167746,73.299789,71.696062,72.639431,1.415054,727
2025-04-02,655499,51110096,73.394126,74.243158,72.450757,74.148822,1.509391,675
2025-04-07,100051,7083384,66.790542,66.790542,66.790542,66.790542,-7.35828,411
2025-04-08,1706419,108972321,60.186957,61.507674,60.186957,60.186957,-6.603585,1166
2025-04-09,2021667,117332025,54.809752,56.790828,54.243731,54.243731,-5.943226,1402
2025-04-10,1779576,112232467,59.620935,59.620935,58.771903,59.620935,5.377204,1124
2025-04-11,2291584,142746101,56.41348,60.375631,55.941795,60.281294,0.660359,1873
2025-04-14,2341508,153272534,61.507674,63.488749,60.564305,61.224663,0.943369,2484
2025-04-15,2033769,136329290,61.319,64.432118,61.319,63.866097,2.641434,1998
2025-04-16,1051549,70443323,63.488749,64.243445,62.54538,62.734054,-1.132043,1425
2025-04-17,912848,60526647,62.168032,63.394412,61.790685,62.451043,-0.283011,1504
2025-04-18,725256,48304110,63.300075,63.677423,62.168032,62.54538,0.094337,1029
2025-04-21,1109799,70910486,62.54538,62.54538,58.960577,58.960577,-3.584803,1148
2025-04-22,1123852,69966270,58.960577,59.715272,57.734197,58.111545,-0.849032,1121
2025-04-23,1207703,77424811,59.620935,61.319,59.620935,60.941652,2.830107,1004
2025-04-24,637295,41215615,61.413337,61.413337,60.469968,61.224663,0.283011,495
2025-04-25,1589770,105846922,62.451043,63.677423,61.885022,63.677423,2.45276,1154
2025-04-28,1562594,106111248,63.677423,64.526455,63.205738,64.149108,0.471685,1246
2025-04-29,1419819,97485746,64.149108,65.564162,63.77176,65.375488,1.22638,1013
2025-04-30,888818,61070202,65.375488,65.847172,64.149108,64.526455,-0.849033,790
2025-05-02,929823,64604161,65.186814,65.847172,64.99814,65.469825,0.94337,717
2025-05-05,1893760,126119080,65.752835,65.752835,61.130326,62.54538,-2.924445,2102
2025-05-06,969478,65496276,62.922728,64.432118,62.828391,63.960434,1.415054,808
2025-05-07,1038920,71434184,64.432118,65.564162,64.149108,64.432118,0.471684,805
2025-05-08,1328559,93165342,64.903803,66.979215,64.903803,66.318857,1.886739,1008
2025-05-09,1126169,79831960,66.790542,67.4509,66.318857,66.790542,0.471685,1024
2025-05-12,996199,71267833,67.733911,67.922585,67.073552,67.4509,0.660358,754
2025-05-13,904485,65455099,68.865954,69.148965,67.639574,67.828248,0.377348,1119
2025-05-14,1011392,73743476,68.771617,69.337638,68.111258,69.148965,1.320717,1059
2025-05-15,851297,62697467,69.526312,70.092334,68.960291,69.714986,0.566021,1113
2025-05-16,762737,56766126,69.90366,70.469682,69.337638,70.186671,0.471685,559
2025-05-19,627849,45904499,69.526312,69.714986,68.111258,68.111258,-2.075413,635
2025-05-20,329248,23901611,69.054628,69.054628,68.205595,68.205595,0.094337,354
2025-05-21,1592604,115558665,68.111258,68.771617,68.016922,68.111258,-0.094337,793
2025-05-22,920844,66741671,68.111258,68.960291,67.733911,68.960291,0.849033,733
2025-05-23,356540,25908063,69.054628,69.054628,68.111258,68.299932,-0.660359,337
2025-05-26,276258,19949203,68.582943,68.771617,67.545237,68.016922,-0.28301,277
2025-05-27,693183,50230829,68.016922,69.148965,67.639574,67.828248,-0.188674,445
2025-05-28,755828,54076720,68.67728,68.865954,66.696205,66.979215,-0.849033,595
2025-05-29,447986,32294927,67.639574,68.488606,67.262226,68.016922,1.037707,397
2025-06-02,849558,59866048,67.639574,67.639574,65.658498,65.658498,-2.358424,664
2025-06-03,322125,22631445,66.22452,66.696205,66.035846,66.035846,0.377348,258
2025-06-04,837736,59845145,66.790542,67.828248,66.696205,67.4509,1.415054,569
2025-06-05,463106,33263374,67.922585,68.299932,66.979215,66.979215,-0.471685,369
2025-06-06,395349,28007850,67.4509,67.545237,66.22452,66.507531,-0.471684,316
2025-06-09,371123,26348220,67.167889,67.733911,66.318857,67.262226,0.754695,295
2025-06-10,412656,29756648,67.639574,68.299932,67.4509,68.299932,1.037706,351
2025-06-11,1129903,82674323,68.582943,69.526312,68.394269,69.054628,0.754696,703
2025-06-12,512262,37587746,69.054628,69.526312,68.67728,69.243302,0.188674,343
2025-06-13,767084,55451512,68.865954,68.960291,67.639574,68.111258,-1.132044,614
2025-06-16,459106,33101597,68.205595,68.67728,67.262226,68.488606,0.377348,306
2025-06-17,667115,48844469,68.865954,69.714986,68.394269,69.148965,0.660359,574
2025-06-18,331551,24229584,69.243302,69.337638,68.67728,68.67728,-0.471685,341
2025-06-19,580616,41621157,68.865954,68.865954,67.262226,67.356563,-1.320717,454
2025-06-20,1147415,80392313,67.4509,67.639574,64.715129,66.884878,-0.471685,971
2025-06-23,1009135,70972479,65.658498,67.922585,64.526455,67.922585,1.037707,775
2025-06-24,961255,69561450,68.394269,68.865954,67.639574,67.733911,-0.188674,659
2025-06-25,432986,31308389,68.111258,68.488606,67.545237,68.488606,0.754695,347
2025-06-26,451382,32872312,68.67728,69.148965,68.394269,68.488606,0.0,357
2025-06-27,923736,67334729,68.865954,70.186671,67.828248,67.828248,-0.660358,831
2025-06-30,585553,41672576,67.828248,67.828248,66.696205,66.696205,-1.132043,456
2025-07-01,389802,27709484,66.696205,67.545237,66.696205,66.979215,0.28301,405
2025-07-02,368621,26238224,67.639574,67.828248,66.884878,66.884878,-0.094337,293
2025-07-03,574300,41449712,67.356563,68.299932,67.356563,68.299932,1.415054,410
2025-07-04,845170,59953939,68.394269,68.488606,66.413194,66.696205,-1.603727,690
2025-07-07,574604,40091897,66.413194,66.601868,65.564162,65.564162,-1.132043,511
2025-07-08,906066,61817962,65.281151,65.281151,63.677423,64.054771,-1.509391,768
2025-07-09,667911,45637783,63.77176,65.092477,63.488749,64.99814,0.943369,449
2025-07-10,307771,21197540,65.092477,65.469825,64.526455,65.092477,0.094337,326
2025-07-11,530422,36864917,64.809466,65.941509,64.809466,65.564162,0.471685,367
2025-07-14,406755,27952929,65.186814,65.564162,64.620792,64.620792,-0.94337,358
2025-07-15,432361,29765485,64.620792,65.375488,64.620792,65.186814,0.566022,337
2025-07-16,817537,57345043,65.752835,66.507531,65.658498,66.22452,1.037706,602
2025-07-17,532556,36308626,66.813182,67.205624,66.518851,66.911293,0.686773,422
2025-07-18,377470,25778451,67.598066,67.696176,66.813182,66.813182,-0.098111,327
2025-07-21,318610,21863445,66.911293,67.794286,66.813182,67.205624,0.392442,283
2025-07-22,642700,43684647,67.499955,68.186728,65.635858,65.832078,-1.373546,624
2025-07-23,416616,28413101,66.12641,67.205624,66.12641,66.813182,0.981104,318
2025-07-24,384915,26377335,67.499955,67.696176,66.813182,67.303734,0.490552,328
2025-07-25,262549,17917487,67.303734,67.499955,66.616962,66.813182,-0.490552,258
2025-07-28,994487,68869832,67.205624,69.167832,66.616962,67.794286,0.981104,703
2025-07-29,576488,39810780,67.499955,68.77539,67.009403,67.205624,-0.588662,540
2025-07-30,495560,34126104,67.598066,68.186728,67.009403,67.598066,0.392442,575
2025-07-31,407254,27871947,67.598066,67.598066,66.715072,67.205624,-0.392442,437
2025-08-01,598839,41402539,66.22452,68.57917,65.832078,68.088618,0.882994,497
2025-08-04,320344,22361966,68.382949,68.873501,67.794286,68.382949,0.294331,562
2025-08-05,639283,45106176,68.971611,69.560274,68.67728,69.167832,0.784883,846
2025-08-06,355330,24972712,69.364053,69.462163,68.57917,68.67728,-0.490552,753
2025-08-07,407792,28511660,69.364053,69.364053,68.088618,68.186728,-0.490552,695
2025-08-08,3891997,248972700,64.949085,64.949085,61.809552,62.496325,-5.690403,3415
2025-08-11,1348373,85144274,62.790656,62.888766,61.41711,61.515221,-0.981104,1228
2025-08-12,499513,31536832,61.613331,62.201994,61.515221,61.809552,0.294331,486
2025-08-13,936907,59730332,62.005773,62.888766,62.005773,62.496325,0.686773,670
2025-08-14,571201,36282002,62.496325,62.790656,61.907662,62.103883,-0.392442,613
2025-08-15,571950,36032856,62.201994,62.300104,61.515221,61.809552,-0.294331,500
2025-08-18,691360,43288806,61.809552,62.103883,61.122779,61.22089,-0.588662,659
2025-08-19,606407,37808578,61.319,61.711442,60.632227,60.828448,-0.392442,450
2025-08-20,654237,39947064,60.828448,60.828448,59.356792,60.043565,-0.784883,639
2025-08-21,922383,58507415,60.534117,62.986877,60.337896,62.398214,2.354649,797
2025-08-22,395602,25019284,62.398214,62.692546,61.319,61.613331,-0.784883,544
2025-08-25,1189950,76763389,63.281208,63.77176,62.692546,63.477429,1.864098,902
2025-08-26,615100,39672820,63.379318,63.77176,62.986877,63.379318,-0.098111,513
2025-08-27,1968049,132029385,63.084987,67.107514,63.084987,66.12641,2.747092,1909
2025-08-28,979761,66371789,66.12641,67.009403,65.733968,66.518851,0.392441,1304
2025-08-29,952151,64817500,66.518851,67.205624,66.22452,67.205624,0.686773,906
2025-09-01,1138478,77419735,67.107514,67.205624,65.930189,65.930189,-1.275435,827
2025-09-02,1789755,123369799,66.12641,68.088618,66.12641,67.303734,1.373545,1392
2025-09-03,1043630,72314282,67.303734,68.67728,67.107514,67.696176,0.392442,1489
2025-09-04,786184,54099665,68.57917,68.57917,66.715072,66.715072,-0.981104,1689
2025-09-05,762854,51246481,66.813182,67.107514,65.537747,65.733968,-0.981104,1405
2025-09-08,426182,28821535,66.12641,67.205624,65.635858,66.616962,0.882994,670
2025-09-09,456039,30773542,67.303734,67.303734,65.537747,66.32263,-0.294332,663
2025-09-10,440629,29884026,66.715072,67.009403,65.930189,66.518851,0.196221,505
2025-09-11,573589,38222697,66.518851,66.518851,64.752864,64.850974,-1.667877,753
2025-09-12,1041102,71124548,64.850974,68.088618,64.850974,66.813182,1.962208,857
2025-09-15,557893,37463344,67.009403,67.009403,65.047195,65.930189,-0.882993,948
2025-09-16,432350,28852542,66.518851,66.518851,64.164202,65.635858,-0.294331,391
2025-09-17,1063735,73174293,66.420741,68.088618,65.930189,66.813182,1.177324,858
2025-09-18,794241,54769058,67.009403,68.088618,67.009403,67.794286,0.981104,1395
2025-09-19,3868253,277728203,68.186728,71.620592,67.401845,70.541378,2.747092,3044
2025-09-22,4156244,306789978,71.424371,73.5828,70.148936,72.405475,1.864097,5349
2025-09-23,6524375,487642469,73.68091,74.465794,72.111144,73.5828,1.177325,4739
2025-09-24,3600509,268532883,73.5828,74.171462,71.816813,73.779021,0.196221,3484
2025-09-25,4461371,336621654,74.563904,75.741229,72.209254,73.092248,-0.686773,4355
2025-09-26,3020069,223824945,72.896027,73.975242,71.522482,72.013034,-1.079214,3022
2025-09-30,1136680,83210482,71.816813,72.896027,70.737598,72.896027,0.882993,1921
2025-10-01,1567005,116433252,72.699806,74.269573,71.816813,73.092248,0.196221,1602
2025-10-02,1230999,91803611,73.779021,73.975242,72.699806,73.288469,0.196221,1287
2025-10-03,1762814,132253349,73.48469,74.760125,72.896027,73.190358,-0.098111,1726
2025-10-07,1655852,124470318,73.68091,74.465794,72.797917,73.68091,0.490552,1729
2025-10-08,864072,64049524,73.68091,73.68091,72.307365,72.699806,-0.981104,1462
2025-10-09,1178840,86682973,72.797917,73.092248,71.620592,71.718702,-0.981104,1054
2025-10-13,1684373,116542267,67.009403,68.57917,67.009403,68.382949,-3.335753,1674
2025-10-14,1361228,94433801,69.658384,69.854605,66.813182,66.813182,-1.569767,1277
2025-10-15,463129,31669567,67.107514,67.401845,66.715072,67.401845,0.588663,427
2025-10-16,2006535,143260442,68.186728,71.03193,68.186728,70.541378,3.139533,1623
2025-10-17,2320613,170335369,70.443267,73.48469,70.148936,71.620592,1.079214,2384
2025-10-20,7053568,536889564,72.013034,75.93745,72.013034,74.956346,3.335754,5957
2025-10-21,4349716,331836034,75.446898,75.93745,73.68091,74.367683,-0.588663,5598
2025-10-22,2020128,153111092,74.367683,75.054456,73.68091,74.171462,-0.196221,2146
2025-10-23,6639261,514468344,74.367683,77.605326,73.779021,75.741229,1.569767,5935
2025-10-27,11169339,927365212,78.292099,83.29573,78.193989,83.29573,7.554501,12921
2025-10-28,19046695,1642030441,83.49195,86.239042,83.197619,85.454158,2.158428,16965
2025-10-29,6497581,560780771,85.454158,86.042821,83.688171,85.257938,-0.19622,6169
2025-10-30,5424180,464392581,85.257938,86.337152,82.020294,82.903288,-2.35465,5018
2025-10-31,5934944,512983787,82.903288,85.8466,82.412736,85.257938,2.35465,4877
2025-11-03,7142004,631285754,86.533373,87.808808,85.356048,87.710698,2.45276,6478
2025-11-04,4793720,422359088,87.710698,87.710698,85.650379,85.650379,-2.060319,6125
2025-11-05,2787979,240054969,83.982502,85.650379,83.197619,84.571165,-1.079214,3598
2025-11-06,1788121,154109921,85.257938,85.257938,83.590061,84.276834,-0.294331,2136
2025-11-07,2092129,174968778,83.590061,83.688171,81.333522,81.333522,-2.943312,2170
2025-11-10,3440726,272869733,80.254307,80.744859,76.526112,76.722333,-4.611189,2949
2025-11-11,2798784,222976757,76.722333,80.058086,76.722333,77.310995,0.588662,2601
2025-11-12,1543323,123800909,78.58643,79.567534,77.409106,78.58643,1.275435,1988
2025-11-13,4661891,391723116,78.58643,83.982502,78.58643,82.903288,4.316858,4359
2025-11-14,3350410,283742321,81.431632,84.865496,81.431632,82.314626,-0.588662,4415
2025-11-17,2308623,194805834,83.29573,84.276834,81.235411,81.627853,-0.686773,2377
2025-11-18,2379007,198584682,81.627853,84.178723,79.763755,79.763755,-1.864098,2216
2025-11-19,1610305,132156440,80.352418,82.020294,79.076982,79.076982,-0.686773,1880
2025-11-20,1562637,130138947,81.333522,83.001398,80.254307,81.137301,2.060319,1459
2025-11-21,1725691,141216902,80.254307,81.824074,78.684541,78.684541,-2.45276,2084
2025-11-24,814717,65962815,79.665645,80.352418,78.978872,79.175093,0.490552,1330
2025-11-25,1134091,91047667,80.058086,80.94108,77.801547,77.899658,-1.275435,1264
2025-11-26,798987,64151344,78.978872,79.861866,78.095878,78.193989,0.294331,704
2025-11-27,814516,65909361,78.782651,79.959976,78.292099,79.763755,1.569766,734
2025-11-28,805821,65721081,80.646749,81.333522,79.273203,79.665645,-0.09811,874
2025-12-01,747247,59406272,79.861866,79.861866,77.212885,77.409106,-2.256539,1191
2025-12-02,838931,65547609,77.997768,78.39021,76.03556,76.03556,-1.373546,838
2025-12-03,682405,54237800,77.016664,78.684541,77.016664,77.703437,1.667877,598
2025-12-04,504634,39987755,77.801547,78.978872,76.722333,76.820443,-0.882994,644
2025-12-05,324016,25248422,77.507216,77.507216,76.13367,76.624222,-0.196221,371
2025-12-08,783818,61023986,76.231781,77.016664,75.250677,76.526112,-0.09811,696
2025-12-09,895425,70059194,76.722333,77.409106,76.231781,76.231781,-0.294331,843
2025-12-10,1117423,88002658,76.526112,77.997768,76.231781,76.624222,0.392441,1343
2025-12-11,745186,58270455,76.820443,77.899658,76.329891,76.624222,0.0,1073
2025-12-12,908061,70470507,76.918554,77.310995,75.643118,75.93745,-0.686772,852
2025-12-15,667764,50817119,75.643118,75.643118,74.269573,74.662014,-1.275436,686
2025-12-16,708219,52895753,75.054456,75.054456,72.503586,72.896027,-1.765987,713
2025-12-17,615327,46012896,73.288469,73.877131,72.994138,73.092248,0.196221,556
2025-12-18,930093,70021286,73.092248,74.956346,73.092248,73.386579,0.294331,719
2025-12-19,548273,41077535,73.975242,74.465794,72.896027,73.288469,-0.09811,550
2025-12-22,398539,30188565,73.5828,74.760125,73.5828,74.563904,1.275435,417
2025-12-23,391662,29685296,74.858235,75.054456,73.68091,74.073352,-0.490552,547
2025-12-24,1371459,105462233,73.5828,76.820443,73.5828,75.93745,1.864098,1413
2025-12-26,1564921,122567239,76.329891,77.409106,75.93745,77.409106,1.471656,1549
2025-12-29,3232572,257606711,77.310995,79.763755,76.428002,79.175093,1.765987,2518
2025-12-30,3356341,269341527,78.684541,79.959976,77.507216,79.567534,0.392441,2903
2025-12-31,2405554,196360706,80.156197,80.84297,79.175093,80.352418,0.784884,2144
2026-01-02,3769023,316329109,81.03919,83.590061,80.84297,82.314626,1.962208,3227
2026-01-05,3022411,253590783,83.49195,84.178723,80.94108,80.94108,-1.373546,2834
2026-01-06,2170606,182652273,82.118405,83.39384,81.529742,82.412736,1.471656,2908
2026-01-07,1585826,133780803,83.39384,83.590061,82.118405,82.412736,0.0,2473
2026-01-08,1383915,114120850,82.412736,82.510846,80.058086,80.254307,-2.158429,2430
2026-01-09,756040,62307355,80.450528,81.431632,80.156197,80.94108,0.686773,1200
2026-01-12,914513,76400783,81.627853,83.099509,81.137301,81.137301,0.196221,1218
2026-01-13,2315545,193835853,82.216515,83.197619,80.352418,83.197619,2.060318,2771
2026-01-14,11994668,1094247321,83.884392,91.438893,83.884392,91.438893,8.241274,8047
2026-01-15,22800173,2144350389,95.55953,95.853861,88.691802,91.537003,0.09811,19552
2026-01-16,6090430,564352106,92.223776,92.910549,89.476685,90.261568,-1.275435,5218
2026-01-19,5190842,479459795,90.065347,91.635114,88.789912,91.046451,0.784883,4004
2026-01-20,4670764,421120922,89.476685,89.672906,87.416366,88.691802,-2.354649,4750
2026-01-21,3198666,287265558,88.103139,89.869126,86.925814,87.416366,-1.275436,3234
2026-01-22,5339894,495050079,89.280464,92.223776,89.280464,90.261568,2.845202,4463
2026-01-23,3156381,291562347,91.831334,92.419997,89.280464,89.476685,-0.784883,4231
2026-01-26,1870516,169263632,90.261568,90.261568,88.005029,89.182354,-0.294331,2060
2026-01-27,1981398,181576812,89.771016,90.85023,89.084243,89.280464,0.09811,1703
2026-01-28,2125540,190508311,89.574795,89.574795,87.122035,87.318256,-1.962208,3333
2026-01-29,2380215,207576523,86.925814,87.514477,84.571165,84.571165,-2.747091,2087
2026-01-30,1227889,104243547,84.571165,85.356048,82.510846,82.608957,-1.962208,1268
2026-02-02,1399742,114756142,81.922184,82.314626,79.076982,80.254307,-2.35465,1406
2026-02-03,859677,71390569,81.922184,83.197619,79.959976,81.627853,1.373546,904
2026-02-04,772847,64664836,81.431632,83.001398,80.84297,82.510846,0.882993,719
2026-02-05,1587155,134663056,82.608957,84.374944,82.118405,82.412736,-0.09811,1654
2026-02-06,1156760,94870678,82.412736,82.412736,78.978872,81.137301,-1.275435,1013
2026-02-09,627373,52110797,82.216515,82.903288,80.94108,80.94108,-0.196221,763
2026-02-10,675469,55600559,81.627853,82.118405,80.156197,80.352418,-0.588662,823
2026-02-11,651846,53154738,80.352418,80.84297,79.469424,79.959976,-0.392442,755
2026-02-23,1264650,106375909,81.235411,83.39384,81.137301,82.118405,2.158429,1099
2026-02-24,1537961,131178872,82.314626,84.473054,82.020294,83.29573,1.177325,1305
2026-02-25,1176254,100318600,84.276834,84.669275,83.099509,84.374944,1.079214,1400
2026-02-26,1716971,148728472,84.473054,86.533373,82.903288,85.74849,1.373546,1834
2026-03-02,1270025,108778408,83.39384,84.963606,82.707067,83.982502,-1.765988,1429
2026-03-03,1228434,104464324,84.276834,85.552269,82.216515,82.412736,-1.569766,1297
2026-03-04,1375627,109501894,81.235411,81.333522,76.526112,76.526112,-5.886624,1624
2026-03-05,841410,67688084,78.58643,79.959976,78.095878,78.48832,1.962208,822
2026-03-06,514285,41134406,78.095878,79.567534,77.507216,78.095878,-0.392442,568
2026-03-09,1049290,76659545,72.896027,73.092248,70.835709,71.326261,-6.769617,1232
2026-03-10,676928,50402992,72.601696,73.779021,72.013034,72.994138,1.667877,757
2026-03-11,632298,47899918,73.877131,74.858235,73.877131,73.877131,0.882993,870
2026-03-12,681541,50254562,73.386579,73.5828,71.326261,71.914923,-1.962208,916
2026-03-13,616136,45652311,71.914923,73.779021,70.835709,72.797917,0.882994,693
2026-03-16,505092,37580536,72.896027,73.779021,71.914923,73.779021,0.981104,650
2026-03-17,1669239,131235958,76.03556,78.684541,75.054456,78.48832,4.709299,1622
2026-03-18,3995462,330452748,80.94108,81.922184,79.567534,81.725963,3.237643,3378
2026-03-19,2473373,206862730,80.84297,83.29573,80.254307,82.314626,0.588663,2085
2026-03-20,1547404,130151084,83.49195,83.786282,80.94108,82.412736,0.09811,1388
2026-03-23,1076310,88532290,80.94108,81.627853,80.156197,80.646749,-1.765987,1260
2026-03-24,1005979,82651551,81.431632,82.412736,78.978872,80.058086,-0.588663,1209
2026-03-25,974790,81330442,81.431632,82.216515,81.333522,81.725963,1.667877,1294
2026-03-26,1209734,101204748,82.510846,83.197619,80.84297,80.94108,-0.784883,1392
2026-03-27,971390,80874511,80.450528,82.707067,80.058086,82.118405,1.177325,1100
2026-03-30,675156,55289017,80.646749,81.03919,79.469424,80.450528,-1.667877,967
2026-03-31,682659,55292756,80.450528,81.333522,78.095878,78.193989,-2.256539,925
2026-04-01,710682,58591684,80.254307,81.922184,80.058086,80.744859,2.55087,827
2026-04-02,781024,63768691,81.725963,81.922184,78.58643,78.58643,-2.158429,974
2026-04-07,487627,39592800,80.156197,80.84297,78.58643,79.076982,0.490552,980
2026-04-08,1126551,94221936,81.333522,82.412736,81.333522,82.118405,3.041423,1423
2026-04-09,1939961,163869339,83.001398,83.49195,82.020294,83.29573,1.177325,2992
2026-04-10,2025663,174679857,84.276834,85.8466,83.884392,83.982502,0.686772,3156
2026-04-13,3229616,278967795,84.571165,85.8466,83.39384,83.688171,-0.294331,2935
2026-04-14,2219257,189837610,84.865496,85.257938,82.903288,83.884392,0.196221,1988
2026-04-15,1915325,164796300,84.571165,86.140931,83.49195,83.688171,-0.196221,1861
2026-04-16,4195944,366882279,84.080613,86.925814,82.805178,86.435262,2.747091,3946
2026-04-17,4221579,379636577,86.140931,90.163458,86.140931,87.220146,0.784884,3520
2026-04-20,2205446,195212893,87.416366,88.005029,85.8466,86.042821,-1.177325,1905
2026-04-21,1701908,149197983,86.337152,87.122035,85.454158,85.94471,-0.098111,1303
2026-04-22,1623569,141055744,86.042821,86.042821,84.669275,84.669275,-1.275435,1498
2026-04-23,2423439,199454486,84.963606,85.356048,77.605326,78.880762,-5.788513,2197
2026-04-24,1359419,108237873,79.469424,79.861866,76.428002,77.605326,-1.275436,1293
2026-04-27,1233093,95111508,77.703437,77.899658,74.662014,75.348787,-2.256539,1154
2026-04-28,927499,73426584,75.643118,79.273203,75.446898,77.310995,1.962208,924
2026-04-29,556552,43418318,77.310995,77.409106,75.741229,76.526112,-0.784883,771
2026-04-30,1999156,152149447,75.741229,76.13367,73.288469,73.975242,-2.55087,2102
2026-05-04,888226,67912666,75.054456,75.741229,73.68091,75.545008,1.569766,864
2026-05-05,985087,76774113,75.545008,77.212885,75.446898,77.016664,1.471656,884
2026-05-06,1264604,98363805,77.605326,77.703437,75.054456,76.329891,-0.686773,1332
2026-05-07,2222689,179568486,77.507216,80.84297,76.526112,79.469424,3.139533,1974
2026-05-08,2234874,184478397,80.450528,82.608957,78.782651,79.959976,0.490552,1677
2026-05-11,1412483,114478234,80.450528,80.84297,77.703437,80.450528,0.490552,1022
2026-05-12,1782784,146899275,80.450528,81.922184,78.39021,81.627853,1.177325,1424
2026-05-13,1350281,111904630,79.959976,83.001398,79.076982,82.510846,0.882993,1165
2026-05-14,3832547,329413588,83.39384,86.239042,82.608957,84.080613,1.569767,3055
2026-05-15,3954468,344097555,84.473054,88.103139,82.118405,82.903288,-1.177325,4103
2026-05-18,1553987,132342640,82.412736,84.571165,81.725963,83.49195,0.588662,1248
2026-05-19,1733784,148062198,83.49195,85.8466,82.608957,83.49195,0.0,2834
2026-05-20,8009218,716821323,84.374944,89.869126,84.374944,86.337152,2.845202,7082
2026-05-21,7770211,722098562,89.378574,93.008659,88.593691,91.635114,5.297962,9131
2026-05-22,11337865,1138778047,94.284094,100.56316,93.695432,100.56316,8.928046,6803
2026-05-25,2796646,314622616,110.3742,110.3742,110.3742,110.3742,9.81104,1367
2026-05-26,16003209,1877004777,120.675792,120.675792,108.902544,115.27972,4.90552,10358
2026-05-27,7554702,867027167,117.73248,117.73248,107.92144,110.864752,-4.414968,6037
2026-05-28,5469375,677092000,119.694688,121.656896,119.694688,121.656896,10.792144,3381
2026-05-29,14063876,1709591889,127.54352,128.524624,114.789168,117.241928,-4.414968,10305
2026-06-01,9076622,1103269872,117.73248,128.034072,112.82696,113.808064,-3.433864,7552
2026-06-02,9918339,1069941057,113.808064,113.808064,102.525368,107.92144,-5.886624,7300
2026-06-03,4024733,432186211,107.92144,109.393096,102.525368,103.997024,-3.924416,3509
2026-06-04,2853539,295430573,102.034816,105.46868,99.091504,99.091504,-4.90552,2522
2026-06-05,10708969,1155769811,99.582056,108.902544,97.325517,108.902544,9.81104,6596
2026-06-08,4004192,400018534,98.01229,98.01229,98.01229,98.01229,-10.890254,2672
2026-06-09,13884371,1422235385,98.01229,103.997024,94.676536,103.01592,5.00363,9858
2026-06-10,14387169,1510483750,100.56316,109.393096,94.970867,96.148192,-6.867728,8877
2026-06-11,5710170,551870862,96.442523,98.600952,91.438893,94.872757,-1.275435,4726
2026-06-12,6232675,625767019,98.1104,101.544264,95.65764,96.736854,1.864097,3918
2026-06-15,9470577,990778267,99.582056,104.978128,99.582056,102.034816,5.297962,7175
2026-06-16,8449133,880858622,106.940336,107.430888,98.01229,98.600952,-3.433864,6967
2026-06-17,7455921,788821492,98.1104,107.92144,97.227406,105.46868,6.867728,6221
2026-06-18,9461521,1022593736,105.959232,108.902544,103.997024,103.997024,-1.471656,7172
2026-06-22,5455320,566563242,104.978128,104.978128,99.091504,101.544264,-2.45276,4682
2026-06-23,3510179,354755329,103.506472,103.506472,97.717958,99.091504,-2.45276,2982
2026-06-24,2375281,236892861,96.148192,99.582056,96.148192,99.582056,0.490552,2333
2026-06-25,2386203,242889076,100.072608,102.034816,97.914179,100.072608,0.490552,2037
2026-06-26,2534023,249351136,98.600952,99.582056,93.989763,93.989763,-6.082845,2494
2026-06-29,1706254,162321273,94.185984,95.65764,91.831334,92.812438,-1.177325,1832
2026-06-30,2258095,225361772,94.480315,100.56316,93.695432,98.600952,5.788514,2029
2026-07-01,8510665,898960955,101.053712,107.430888,100.56316,103.506472,4.90552,6736
2026-07-02,6542457,690476246,102.034816,105.46868,101.053712,104.487576,0.981104,6049
2026-07-03,7705385,824203476,103.506472,107.430888,102.034816,105.959232,1.471656,6169
2026-07-06,4049247,427611177,105.959232,105.959232,102.034816,103.01592,-2.943312,3231
2026-07-07,3672283,377458506,104.978128,105.46868,97.129296,97.619848,-5.396072,3575
2026-07-08,3459251,345401729,97.816069,100.072608,95.853861,98.1104,0.490552,3050
2026-07-09,3189423,320300134,100.5,103.0,99.1,99.5,1.3896,2577
2026-07-13,3190078,309651690,100.5,101.0,95.0,97.9,-1.6,3079
2026-07-14,3339898,302979454,96.6,97.6,88.2,88.3,-9.6,3578
2026-07-15,3446605,311878378,89.5,93.9,87.3,92.3,4.0,3089
2026-07-16,1577115,142253900,91.1,92.4,88.8,88.8,-3.5,1656
2026-07-17,2350200,194809319,86.2,87.0,80.8,81.1,-7.7,2151
2026-07-20,2063203,160499415,82.0,82.0,75.0,78.0,-3.1,1807
2026-07-21,2653823,216894561,78.7,83.9,78.3,82.5,4.5,2567
2026-07-22,2184794,185786891,84.6,86.5,83.3,83.4,0.9,2212
2026-07-23,1126356,92357275,83.7,84.0,80.7,81.3,-2.1,1221
2026-07-24,1193814,93929307,79.2,80.5,77.1,78.2,-3.1,1251
2026-07-27,1127803,89974185,77.6,82.0,77.6,79.5,1.3,1108
2026-07-28,1388157,103602058,78.2,78.2,73.2,73.2,-6.3,1366
2026-07-29,2193334,151498399,75.0,75.0,66.6,69.2,-4.0,2061
2026-07-30,1329627,89276236,66.0,69.9,64.9,65.1,-4.1,1339
2026-07-31,983776,69648101,71.3,71.6,68.8,71.6,6.5,892
2026-08-03,1707612,128172164,70.9,77.2,70.5,76.0,4.4,1639
2026-08-04,1195408,91641707,77.9,77.9,75.4,77.1,1.1,1122
2026-08-05,1095720,85733781,78.9,79.9,77.0,77.4,0.3,1185
2026-08-06,979798,74338058,77.0,77.4,74.0,76.2,-1.2,908
2026-08-07,884698,65932339,77.0,77.6,73.2,73.3,-2.9,1046
2026-08-10,1029208,78614031,75.2,78.0,74.5,76.4,3.1,928
2026-08-11,1327090,103838273,77.2,80.5,76.5,78.0,1.6,1906
2026-08-12,983188,78207738,78.7,80.6,78.5,79.3,1.3,1218
2026-08-13,1589269,130654290,80.1,83.4,80.1,81.6,2.3,1637
2026-08-14,1156243,90839956,82.0,82.0,77.0,77.7,-3.9,1428
