date,Trading_Volume,Trading_money,open,max,min,close,spread,Trading_turnover
2015-01-05,453482,5998186,13.984084,13.984084,13.569741,13.725119,-0.207171,182
2015-01-06,1919703,26927696,13.776912,14.657391,13.776912,14.657391,0.932272,799
2015-01-07,2346904,34905695,14.916355,15.641456,14.916355,15.641456,0.984065,835
2015-01-08,2972810,44291810,16.055799,16.262971,14.657391,14.968149,-0.673307,1349
2015-01-09,1135556,16189184,14.916355,15.123527,14.553805,14.657391,-0.310758,559
2015-01-12,590338,8382447,14.657391,15.019941,14.502013,14.502013,-0.155378,304
2015-01-13,436440,6117503,14.502013,14.657391,14.398427,14.45022,-0.051793,226
2015-01-14,273350,3816380,14.657391,14.709185,14.346634,14.502013,0.051793,158
2015-01-15,535053,7476796,14.553805,14.81277,14.294841,14.294841,-0.207172,244
2015-01-16,533002,7247426,14.139462,14.398427,13.880498,13.880498,-0.414343,246
2015-01-19,253011,3420004,13.880498,14.243048,13.880498,13.880498,0.0,146
2015-01-20,349643,4711428,13.984084,14.08767,13.880498,13.93229,0.051792,165
2015-01-21,695004,9319902,14.08767,14.08767,13.673326,13.673326,-0.258964,279
2015-01-22,506330,6743971,13.725119,13.984084,13.673326,13.776912,0.103586,206
2015-01-23,700284,9444785,13.880498,14.191255,13.725119,14.191255,0.414343,306
2015-01-26,522167,7220103,14.191255,14.398427,14.191255,14.294841,0.103586,208
2015-01-27,373689,5134005,14.398427,14.45022,14.08767,14.191255,-0.103586,161
2015-01-28,350188,4782159,14.035876,14.243048,14.035876,14.08767,-0.103585,141
2015-01-29,407374,5414309,14.336416,14.336416,14.229027,14.229027,0.141357,192
2015-01-30,341296,4481276,14.175333,14.229027,14.014249,14.067944,-0.161083,168
2015-02-02,329090,4242753,14.067944,14.067944,13.745778,13.745778,-0.322166,172
2015-02-03,239744,3086544,13.745778,13.906861,13.745778,13.906861,0.161083,105
2015-02-04,388907,5073891,13.906861,14.336416,13.853167,13.853167,-0.053694,159
2015-02-05,121741,1571181,13.853167,13.960555,13.745778,13.853167,0.0,79
2015-02-06,81168,1044416,13.960555,13.960555,13.745778,13.799472,-0.053695,56
2015-02-09,202296,2552397,13.531,13.745778,13.423611,13.423611,-0.375861,107
2015-02-10,256259,3200085,13.423611,13.584694,13.262527,13.316222,-0.107389,134
2015-02-11,625015,7570877,13.208833,13.208833,12.779277,12.779277,-0.536945,231
2015-02-12,536548,6213260,12.671889,12.671889,12.296028,12.403417,-0.37586,245
2015-02-13,458395,5416461,12.349722,12.832972,12.296028,12.832972,0.429555,242
2015-02-24,514768,6148366,12.886666,12.994055,12.725583,12.725583,-0.107389,223
2015-02-25,701406,8461922,12.725583,13.208833,12.725583,12.940361,0.214778,295
2015-02-26,595664,7063810,12.940361,12.940361,12.671889,12.671889,-0.268472,216
2015-03-02,365753,4334568,12.671889,12.940361,12.618195,12.725583,0.053694,153
2015-03-03,550554,6533681,12.779277,12.779277,12.671889,12.779277,0.053694,190
2015-03-04,589240,7027830,12.779277,13.101444,12.671889,12.671889,-0.107388,214
2015-03-05,572701,6691018,12.671889,12.671889,12.457111,12.457111,-0.214778,236
2015-03-06,782276,9203515,12.5645,12.832972,12.403417,12.725583,0.268472,298
2015-03-09,1946317,22180272,12.403417,12.403417,12.08125,12.242333,-0.48325,1207
2015-03-10,941320,10663422,12.242333,12.296028,12.027555,12.08125,-0.161083,513
2015-03-11,1977074,22748748,12.027555,12.671889,12.027555,12.618195,0.536945,900
2015-03-12,2577688,30648766,12.618195,13.04775,12.618195,13.04775,0.429555,974
2015-03-13,1637956,20072740,13.101444,13.262527,13.04775,13.101444,0.053694,757
2015-03-16,1586474,19460178,13.316222,13.531,12.886666,12.940361,-0.161083,618
2015-03-17,789242,9565862,13.101444,13.208833,12.886666,12.886666,-0.053695,347
2015-03-18,4521444,57055317,13.208833,13.745778,13.04775,13.745778,0.859112,1514
2015-03-19,5995042,79918841,14.014249,14.658583,13.960555,14.229027,0.483249,2242
2015-03-20,2564409,33583717,14.282722,14.443805,13.853167,13.960555,-0.268472,1014
2015-03-23,1922889,25561157,14.443805,14.604889,13.960555,13.960555,0.0,752
2015-03-24,5964095,82284750,14.336416,14.927056,14.282722,14.927056,0.966501,2128
2015-03-25,5621712,78903968,15.034445,15.571388,14.658583,15.141833,0.214777,2318
2015-03-26,1940946,26894987,14.658583,15.141833,14.604889,14.927056,-0.214777,921
2015-03-27,1805837,24735657,15.034445,15.195527,14.4975,14.4975,-0.429556,797
2015-03-30,1645875,21593004,14.4975,14.712278,13.745778,13.960555,-0.536945,789
2015-03-31,997148,13038806,14.067944,14.229027,13.853167,14.229027,0.268472,424
2015-04-01,825003,10849889,13.960555,14.336416,13.960555,14.336416,0.107389,299
2015-04-02,818178,10815135,14.390111,14.443805,14.014249,14.121638,-0.214778,370
2015-04-07,1034588,13475944,14.336416,14.336416,13.853167,13.960555,-0.161083,401
2015-04-08,1559109,20726527,14.067944,14.4975,14.014249,14.121638,0.161083,614
2015-04-09,1296748,16771833,14.121638,14.282722,13.531,13.638389,-0.483249,607
2015-04-10,1301316,16305878,13.638389,13.853167,13.208833,13.316222,-0.322167,564
2015-04-13,1327557,16060037,13.04775,13.316222,12.671889,12.940361,-0.375861,512
2015-04-14,1218634,15227406,12.940361,13.799472,12.940361,13.745778,0.805417,619
2015-04-15,1002855,12791506,13.584694,13.960555,13.531,13.531,-0.214778,495
2015-04-16,472133,5950360,13.584694,13.745778,13.423611,13.423611,-0.107389,250
2015-04-17,358844,4421662,13.423611,13.423611,13.101444,13.316222,-0.107389,229
2015-04-20,392098,4819641,13.423611,13.531,13.101444,13.101444,-0.214778,219
2015-04-21,562081,6792745,13.101444,13.262527,12.886666,12.940361,-0.161083,279
2015-04-22,284943,3450154,12.994055,13.101444,12.940361,12.994055,0.053694,134
2015-04-23,469466,5776380,13.04775,13.423611,12.994055,13.04775,0.053695,238
2015-04-24,498732,6070839,13.04775,13.208833,12.994055,12.994055,-0.053695,233
2015-04-27,485500,5908198,12.994055,13.208833,12.940361,13.101444,0.107389,212
2015-04-28,349613,4271965,13.155139,13.262527,13.04775,13.04775,-0.053694,167
2015-04-29,553691,6639392,13.04775,13.04775,12.779277,12.886666,-0.161084,272
2015-04-30,568711,6767682,12.994055,12.994055,12.671889,12.779277,-0.107389,279
2015-05-04,434056,5148972,12.779277,12.832972,12.671889,12.671889,-0.107388,172
2015-05-05,484614,5668173,12.671889,12.832972,12.457111,12.5645,-0.107389,206
2015-05-06,529000,6117800,12.349722,12.510806,12.349722,12.510806,-0.053694,237
2015-05-07,645467,7698226,12.457111,13.101444,12.403417,12.779277,0.268471,306
2015-05-08,288347,3391072,12.725583,12.832972,12.510806,12.510806,-0.268471,160
2015-05-11,487473,5613459,12.510806,12.725583,12.188639,12.242333,-0.268473,254
2015-05-12,491520,5653042,12.134944,12.671889,12.08125,12.671889,0.429556,269
2015-05-13,228284,2661538,12.832972,12.832972,12.403417,12.457111,-0.214778,118
2015-05-14,282007,3279377,12.5645,12.671889,12.403417,12.403417,-0.053694,120
2015-05-15,352464,4035330,12.403417,12.457111,12.242333,12.242333,-0.161084,144
2015-05-18,311811,3596965,12.349722,12.5645,12.349722,12.349722,0.107389,130
2015-05-19,371141,4219886,12.349722,12.349722,12.134944,12.242333,-0.107389,202
2015-05-20,370147,4245082,12.242333,12.349722,12.242333,12.296028,0.053695,125
2015-05-21,491643,5515700,12.242333,12.242333,11.973861,11.973861,-0.322167,165
2015-05-22,445652,4976486,11.973861,12.08125,11.866472,11.866472,-0.107389,188
2015-05-25,451400,4992029,11.866472,12.027555,11.705388,11.705388,-0.161084,179
2015-05-26,526728,5858839,11.920166,12.08125,11.812777,12.08125,0.375862,248
2015-05-27,332303,3679983,12.027555,12.027555,11.812777,11.812777,-0.268473,181
2015-05-28,1145116,13264512,11.866472,12.618195,11.866472,12.618195,0.805418,355
2015-05-29,813414,9435229,12.618195,12.671889,12.242333,12.349722,-0.268473,348
2015-06-01,308086,3491121,12.349722,12.349722,12.08125,12.08125,-0.268472,132
2015-06-02,778631,9206932,12.349722,13.101444,12.349722,12.618195,0.536945,407
2015-06-03,365000,4222450,12.618195,12.779277,12.242333,12.242333,-0.375862,202
2015-06-04,503311,5609183,12.349722,12.349722,11.812777,11.920166,-0.322167,248
2015-06-05,435378,4846932,12.027555,12.188639,11.812777,11.973861,0.053695,193
2015-06-08,390376,4231060,11.973861,11.973861,11.436917,11.544305,-0.429556,220
2015-06-09,785148,8046300,11.812777,11.812777,10.6315,10.642239,-0.902066,328
2015-06-10,433000,4377710,10.652978,11.061055,10.652978,10.899972,0.257733,190
2015-06-11,1592517,15243228,10.738889,10.738889,9.836822,9.976428,-0.923544,608
2015-06-12,385939,3673290,9.987167,10.524111,9.890517,10.266377,0.289949,190
2015-06-15,167293,1569305,10.266377,10.266377,9.922733,10.126772,-0.139605,101
2015-06-16,537179,4890119,9.740172,10.158988,9.56835,9.718694,-0.408078,215
2015-06-17,259265,2399748,9.718694,10.0516,9.707955,9.911994,0.1933,147
2015-06-18,421482,4021811,9.911994,10.491894,9.911994,10.34155,0.429556,203
2015-06-22,238931,2281649,10.34155,10.416722,10.14825,10.169727,-0.171823,120
2015-06-23,352945,3412859,10.287855,10.470416,10.223422,10.405984,0.236257,178
2015-06-24,196488,1887744,10.384505,10.405984,10.223422,10.309333,-0.096651,105
2015-06-25,322987,3117192,10.384505,10.470416,10.2449,10.470416,0.161083,132
2015-06-26,152830,1486514,10.481155,10.545589,10.309333,10.427461,-0.042955,90
2015-06-29,322756,3060155,10.513372,10.513372,9.944211,9.944211,-0.48325,192
2015-06-30,218671,2038854,9.987167,10.180466,9.954949,9.997906,0.053695,107
2015-07-01,117212,1102673,9.997906,10.191206,9.997906,10.158988,0.161082,63
2015-07-02,173265,1645867,10.201945,10.234161,10.169727,10.234161,0.075173,101
2015-07-03,157306,1481315,10.255639,10.255639,10.008644,10.094556,-0.139605,103
2015-07-06,127001,1175279,10.14825,10.14825,9.879778,9.879778,-0.214778,52
2015-07-07,68148,636961,10.073078,10.137511,9.987167,9.987167,0.107389,50
2015-07-08,319296,2877634,9.987167,9.987167,9.482439,9.665,-0.322167,163
2015-07-09,210301,1875143,9.665,9.665,9.450222,9.611305,-0.053695,114
2015-07-13,191003,1726785,9.611305,9.793866,9.611305,9.686478,0.075173,113
2015-07-14,133613,1206767,9.718694,9.772389,9.665,9.665,-0.021478,86
2015-07-15,142003,1279657,9.675739,9.76165,9.611305,9.622044,-0.042956,73
2015-07-16,192477,1724481,9.632784,9.718694,9.589827,9.611305,-0.010739,86
2015-07-17,165169,1473691,9.56835,9.632784,9.557611,9.632784,0.021479,84
2015-07-20,151024,1351462,9.697216,9.718694,9.514655,9.514655,-0.118129,71
2015-07-21,131365,1158831,9.514655,9.514655,9.450222,9.460961,-0.053694,69
2015-07-22,164003,1457035,9.460961,9.675739,9.439483,9.450222,-0.010739,82
2015-07-23,401059,3485107,9.557611,9.579089,8.999189,9.439483,-0.010739,212
2015-07-24,170252,1519408,9.654261,9.654261,9.321356,9.514655,0.075172,108
2015-07-27,295000,2590810,9.525395,9.665,9.128055,9.128055,-0.3866,146
2015-07-28,219471,1859652,9.095839,9.299877,8.966972,9.224706,0.096651,132
2015-07-29,134030,1148573,9.332094,9.342833,9.128055,9.128055,-0.096651,78
2015-07-30,107028,917091,9.128055,9.2784,9.128055,9.235444,0.107389,49
2015-07-31,163222,1391989,9.181749,9.235444,9.095839,9.095839,-0.139605,71
2015-08-03,243000,2017430,9.095839,9.095839,8.805889,8.827366,-0.268473,102
2015-08-04,161379,1338971,8.848844,9.299877,8.762934,8.762934,-0.064432,86
2015-08-05,99000,810060,8.784411,8.966972,8.730716,8.762934,0.0,53
2015-08-06,160000,1303420,8.79515,8.79515,8.6985,8.6985,-0.064434,54
2015-08-07,320706,2582958,8.6985,8.859583,8.580372,8.591111,-0.107389,138
2015-08-10,179147,1478038,8.805889,9.063622,8.591111,9.020667,0.429556,112
2015-08-11,678071,6087099,9.171011,9.815344,9.171011,9.772389,0.751722,303
2015-08-12,493005,4483475,9.750911,9.987167,9.482439,9.654261,-0.118128,186
2015-08-13,138000,1232430,9.546872,9.772389,9.460961,9.589827,-0.064434,68
2015-08-14,151000,1347020,9.804605,9.804605,9.503916,9.611305,0.021478,65
2015-08-17,204532,1792064,9.460961,9.654261,9.289138,9.654261,0.042956,92
2015-08-18,96001,856828,9.643522,9.686478,9.450222,9.460961,-0.1933,50
2015-08-19,243544,2046512,9.299877,9.342833,8.752195,8.752195,-0.708766,142
2015-08-20,838464,7474477,8.741455,9.622044,8.741455,9.622044,0.869849,341
2015-08-21,1567040,14633279,9.665,10.513372,9.557611,10.0516,0.429556,736
2015-08-24,833208,7363926,9.665,9.965689,9.052883,9.342833,-0.708767,305
2015-08-25,281652,2500009,9.192489,9.826083,9.192489,9.632784,0.289951,141
2015-08-26,265841,2376548,9.632784,9.76165,9.450222,9.654261,0.021477,91
2015-08-27,333456,3039260,9.772389,9.987167,9.665,9.686478,0.032217,169
2015-08-28,387090,3500672,9.740172,9.826083,9.611305,9.643522,-0.042956,154
2015-08-31,373471,3424933,10.14825,10.14825,9.675739,9.772389,0.128867,169
2015-09-01,294296,2661394,9.675739,9.815344,9.665,9.675739,-0.09665,112
2015-09-02,300424,2714306,9.675739,9.783128,9.579089,9.675739,0.0,100
2015-09-03,334723,3024527,9.675739,9.826083,9.622044,9.697216,0.021477,177
2015-09-04,277677,2533495,9.879778,9.911994,9.707955,9.729433,0.032217,142
2015-09-07,470163,4151317,9.718694,9.718694,9.289138,9.407266,-0.322167,167
2015-09-08,145001,1274158,9.364311,9.493177,9.364311,9.439483,0.032217,54
2015-09-09,381627,3451763,9.482439,9.804605,9.482439,9.76165,0.322167,171
2015-09-10,296112,2685488,9.718694,9.8583,9.557611,9.815344,0.053694,113
2015-09-11,409103,3708660,9.665,9.826083,9.665,9.772389,-0.042955,139
2015-09-14,936929,8829063,9.772389,10.6315,9.772389,10.6315,0.859111,353
2015-09-15,653000,6286160,10.470416,10.502633,10.212683,10.266377,-0.365123,255
2015-09-16,252033,2429705,10.223422,10.459678,10.223422,10.287855,0.021478,133
2015-09-17,348693,3345805,10.309333,10.4382,10.234161,10.255639,-0.032216,118
2015-09-18,379600,3599162,10.277116,10.287855,10.073078,10.287855,0.032216,146
2015-09-21,240003,2256767,10.287855,10.287855,10.040861,10.040861,-0.246994,96
2015-09-22,357980,3399471,10.094556,10.395244,10.040861,10.137511,0.09665,155
2015-09-23,186148,1742275,10.191206,10.191206,9.987167,9.987167,-0.150344,102
2015-09-24,251010,2276000,10.126772,10.126772,9.665,9.665,-0.322167,115
2015-09-25,112120,1013095,9.772389,9.815344,9.611305,9.718694,0.053694,65
2015-09-30,135816,1229753,9.879778,9.879778,9.686478,9.686478,-0.032216,72
2015-10-01,170598,1545842,9.707955,9.793866,9.697216,9.697216,0.010738,72
2015-10-02,265256,2389328,9.697216,9.76165,9.536133,9.611305,-0.085911,88
2015-10-05,220718,1972967,9.622044,9.697216,9.557611,9.56835,-0.042955,96
2015-10-06,247124,2225343,9.611305,9.76165,9.56835,9.56835,0.0,87
2015-10-07,135000,1203830,9.56835,9.665,9.503916,9.579089,0.010739,56
2015-10-08,377103,3376367,9.600566,9.718694,9.536133,9.697216,0.118127,96
2015-10-12,179769,1617870,9.697216,9.707955,9.589827,9.675739,-0.021477,69
2015-10-13,254000,2298230,9.675739,9.8583,9.665,9.76165,0.085911,80
2015-10-14,166227,1519344,9.750911,9.933472,9.750911,9.826083,0.064433,76
2015-10-15,145001,1321829,9.815344,9.8583,9.76165,9.826083,0.0,57
2015-10-16,229075,2083092,9.772389,9.815344,9.665,9.815344,-0.010739,69
2015-10-19,368825,3357207,9.826083,9.869039,9.697216,9.826083,0.010739,96
2015-10-20,748176,7035400,9.826083,10.277116,9.804605,10.0516,0.225517,260
2015-10-21,683936,6535721,10.094556,10.416722,9.954949,10.234161,0.182561,217
2015-10-22,379500,3595928,10.094556,10.2449,10.094556,10.094556,-0.139605,129
2015-10-23,3021701,30650334,10.126772,11.061055,10.126772,11.061055,0.966499,885
2015-10-26,2978461,32191874,11.168444,11.973861,11.168444,11.651694,0.590639,970
2015-10-27,1738386,18984562,11.275833,12.08125,11.222139,11.973861,0.322167,631
2015-10-28,883679,9722495,12.027555,12.242333,11.436917,11.436917,-0.536944,387
2015-10-29,676563,7108698,11.436917,11.597999,11.11475,11.11475,-0.322167,238
2015-10-30,419367,4443103,11.061055,11.705388,11.061055,11.329528,0.214778,217
2015-11-02,281001,2959110,11.597999,11.597999,11.061055,11.061055,-0.268473,136
2015-11-03,477442,4986411,11.544305,11.544305,11.061055,11.329528,0.268473,162
2015-11-04,263588,2762444,11.275833,11.383222,11.11475,11.275833,-0.053695,104
2015-11-05,189515,2005155,11.329528,11.490611,11.275833,11.275833,0.0,81
2015-11-06,295277,3111908,11.168444,11.490611,11.11475,11.275833,0.0,110
2015-11-09,257271,2673000,11.275833,11.275833,10.953667,10.953667,-0.322166,93
2015-11-10,375820,3817540,10.846278,11.007361,10.738889,10.846278,-0.107389,99
2015-11-11,172741,1717584,10.953667,10.953667,10.524111,10.524111,-0.322167,87
2015-11-12,376330,3726175,10.470416,10.899972,10.309333,10.846278,0.322167,129
2015-11-13,285891,2901298,10.738889,11.007361,10.738889,10.899972,0.053694,94
2015-11-16,480261,4940760,10.846278,11.275833,10.792583,11.275833,0.375861,153
2015-11-17,146022,1505674,11.275833,11.275833,10.953667,10.953667,-0.322166,74
2015-11-18,210422,2163341,11.168444,11.383222,10.846278,10.846278,-0.107389,102
2015-11-19,253706,2561279,11.007361,11.007361,10.738889,10.738889,-0.107389,109
2015-11-20,178333,1784509,10.738889,10.899972,10.685194,10.717411,-0.021478,72
2015-11-23,440950,4463058,10.792583,11.275833,10.652978,11.275833,0.558422,187
2015-11-24,391678,4099044,11.383222,11.436917,10.953667,10.953667,-0.322166,177
2015-11-25,630571,6590212,10.953667,11.759083,10.717411,11.651694,0.698027,279
2015-11-26,563967,5987352,11.597999,11.597999,11.222139,11.222139,-0.429555,238
2015-11-27,950586,10199424,11.383222,11.866472,11.222139,11.490611,0.268472,290
2015-11-30,249010,2591550,11.383222,11.383222,11.061055,11.061055,-0.429556,138
2015-12-01,187828,1968674,11.061055,11.436917,11.061055,11.11475,0.053695,119
2015-12-02,198280,2050652,11.222139,11.329528,10.953667,11.007361,-0.107389,115
2015-12-03,404007,4109970,11.007361,11.168444,10.738889,10.792583,-0.214778,187
2015-12-04,357013,3625130,10.846278,11.168444,10.738889,10.953667,0.161084,174
2015-12-07,638018,6355752,10.953667,10.953667,10.610022,10.62076,-0.332907,295
2015-12-08,270264,2677733,10.685194,10.738889,10.556328,10.556328,-0.064432,122
2015-12-09,274007,2671704,10.556328,10.706672,10.309333,10.363027,-0.193301,153
2015-12-10,338482,3240634,10.363027,10.427461,10.14825,10.298595,-0.064432,125
2015-12-11,193053,1887388,10.502633,10.642239,10.255639,10.34155,0.042955,120
2015-12-14,212943,2101128,10.255639,10.738889,10.255639,10.588544,0.246994,92
2015-12-15,69004,675276,10.577805,10.610022,10.448939,10.470416,-0.118128,38
2015-12-16,128595,1256797,10.62076,10.62076,10.448939,10.470416,0.0,68
2015-12-17,93567,914592,10.470416,10.588544,10.427461,10.427461,-0.042955,59
2015-12-18,148003,1422907,10.448939,10.448939,10.255639,10.266377,-0.161084,78
2015-12-21,152081,1433166,10.266377,10.266377,10.040861,10.105294,-0.161083,87
2015-12-22,150148,1419013,10.105294,10.277116,10.094556,10.116033,0.010739,70
2015-12-23,103287,976633,10.212683,10.223422,10.094556,10.105294,-0.010739,65
2015-12-24,97008,914352,10.277116,10.277116,10.094556,10.094556,-0.010738,51
2015-12-25,132005,1260105,10.212683,10.470416,10.094556,10.223422,0.128866,72
2015-12-28,72021,680699,10.223422,10.223422,10.116033,10.116033,-0.107389,62
2015-12-29,86005,810975,10.116033,10.201945,10.094556,10.094556,-0.021477,42
2015-12-30,94780,893969,10.094556,10.201945,10.094556,10.126772,0.032216,43
2015-12-31,60507,567226,10.201945,10.201945,9.987167,9.987167,-0.139605,37
2016-01-04,172815,1606354,10.062338,10.105294,9.879778,9.901255,-0.085912,101
2016-01-05,130006,1206794,9.729433,10.083817,9.729433,10.019383,0.118128,58
2016-01-06,211715,1955977,10.083817,10.094556,9.783128,9.879778,-0.139605,78
2016-01-07,424506,3987168,10.201945,10.470416,9.793866,10.030122,0.150344,166
2016-01-08,237471,2236947,10.201945,10.201945,9.987167,10.14825,0.118128,97
2016-01-11,127167,1190271,10.201945,10.201945,9.890517,9.890517,-0.257733,63
2016-01-12,358199,3256621,9.890517,9.890517,9.579089,9.707955,-0.182562,122
2016-01-13,249500,2245984,9.729433,9.729433,9.579089,9.718694,0.010739,80
2016-01-14,175010,1547810,9.611305,9.632784,9.450222,9.460961,-0.257733,78
2016-01-15,321673,2780151,9.460961,9.482439,8.999189,9.321356,-0.139605,123
2016-01-18,149879,1288879,9.289138,9.536133,9.020667,9.396527,0.075171,74
2016-01-19,112003,984634,9.450222,9.557611,9.235444,9.439483,0.042956,56
2016-01-20,279419,2362129,9.181749,9.310617,9.020667,9.031405,-0.408078,108
2016-01-21,133501,1108872,9.042144,9.052883,8.805889,8.881061,-0.150344,67
2016-01-22,86581,718893,9.074361,9.074361,8.859583,8.913278,0.032217,56
2016-01-25,96147,805112,8.913278,9.052883,8.913278,9.031405,0.118127,55
2016-01-26,85482,714629,8.999189,9.117317,8.913278,8.924016,-0.107389,51
2016-01-27,58334,485849,8.934755,9.009928,8.924016,8.934755,0.010739,35
2016-01-28,129030,1071628,8.870322,8.98845,8.859583,8.924016,-0.010739,56
2016-01-29,152251,1276985,8.924016,9.0851,8.924016,8.999189,0.075173,70
2016-01-30,270502,2371779,9.020667,9.654261,9.020667,9.611305,0.612116,138
2016-02-01,165337,1446815,9.665,9.665,9.246183,9.289138,-0.322167,68
2016-02-02,88024,755724,9.181749,9.385788,9.181749,9.181749,-0.107389,45
2016-02-03,144177,1212917,9.128055,9.138794,8.956233,8.977711,-0.204038,68
2016-02-15,88522,750525,8.934755,9.256922,8.934755,9.171011,0.1933,61
2016-02-16,137741,1177953,9.181749,9.289138,9.095839,9.181749,0.010738,65
2016-02-17,114812,980548,9.181749,9.289138,9.138794,9.138794,-0.042955,79
2016-02-18,127280,1089703,9.203228,9.332094,9.149533,9.213967,0.075173,78
2016-02-19,135854,1167005,9.2784,9.2784,9.192489,9.213967,0.0,47
2016-02-22,903595,8407269,9.353572,10.126772,9.353572,10.126772,0.912805,347
2016-02-23,790550,7372050,10.34155,10.34155,9.836822,9.879778,-0.246994,340
2016-02-24,243009,2214841,9.879778,9.987167,9.697216,9.729433,-0.150345,117
2016-02-25,158880,1444780,9.665,9.954949,9.665,9.718694,-0.010739,90
2016-02-26,74007,677973,9.750911,9.879778,9.750911,9.826083,0.107389,48
2016-03-01,219935,2034909,9.826083,10.073078,9.826083,9.922733,0.09665,125
2016-03-02,148417,1369999,9.987167,10.030122,9.826083,9.869039,-0.053694,78
2016-03-03,148120,1354971,9.879778,9.879778,9.783128,9.8583,-0.010739,68
2016-03-04,209207,1923662,9.879778,9.933472,9.804605,9.804605,-0.053695,86
2016-03-07,197025,1798705,9.901255,9.901255,9.750911,9.772389,-0.032216,95
2016-03-08,262785,2400495,9.697216,9.944211,9.697216,9.772389,0.0,120
2016-03-09,211494,1934752,9.772389,9.987167,9.707955,9.954949,0.18256,101
2016-03-10,2155878,21424754,10.191206,10.899972,10.040861,10.899972,0.945023,818
2016-03-11,1192157,11599835,10.685194,10.728149,10.298595,10.352289,-0.547683,493
2016-03-14,585040,5626151,10.309333,10.502633,10.234161,10.287855,-0.064434,252
2016-03-15,375294,3527226,10.094556,10.201945,9.997906,9.997906,-0.289949,179
2016-03-16,287289,2726570,9.997906,10.34155,9.911994,10.223422,0.225516,165
2016-03-17,155230,1465150,10.255639,10.266377,10.094556,10.094556,-0.128866,78
2016-03-18,170476,1597164,10.14825,10.14825,9.987167,10.094556,0.0,68
2016-03-21,199113,1844987,9.901255,10.0516,9.901255,9.954949,-0.139607,111
2016-03-22,227008,2079952,9.879778,9.922733,9.772389,9.8583,-0.096649,97
2016-03-23,706081,6399214,9.836822,9.997906,9.804605,9.933472,0.075172,80
2016-03-24,70850,653712,9.933472,10.14825,9.879778,9.890517,-0.042955,50
2016-03-25,950472,8575132,9.8583,9.954949,9.84756,9.8583,-0.032217,58
2016-03-28,150004,1369386,9.879778,9.890517,9.740172,9.76165,-0.09665,66
2016-03-29,245207,2214863,9.911994,9.911994,9.643522,9.665,-0.09665,109
2016-03-30,226482,2039188,9.56835,9.772389,9.56835,9.718694,0.053694,68
2016-03-31,181982,1674925,9.879778,9.987167,9.772389,9.879778,0.161084,70
2016-04-01,92296,841071,9.783128,9.976428,9.675739,9.976428,0.09665,60
2016-04-06,187623,1696527,9.922733,9.922733,9.665,9.718694,-0.257734,75
2016-04-07,129030,1161924,9.718694,9.718694,9.622044,9.665,-0.053694,55
2016-04-08,125564,1128864,9.622044,9.665,9.611305,9.654261,-0.010739,44
2016-04-11,240966,2167674,9.675739,9.772389,9.503916,9.772389,0.118128,124
2016-04-12,229017,2026748,9.665,9.675739,9.407266,9.56835,-0.204039,117
2016-04-13,285808,2509698,9.450222,9.56835,9.342833,9.525395,-0.042955,121
2016-04-14,98004,867903,9.525395,9.56835,9.396527,9.514655,-0.01074,48
2016-04-15,291983,2553288,9.342833,9.536133,9.321356,9.342833,-0.171822,104
2016-04-18,316673,2751199,9.289138,9.611305,9.256922,9.321356,-0.021477,134
2016-04-19,343713,2955462,9.407266,9.407266,9.128055,9.192489,-0.128867,102
2016-04-20,117000,1002190,9.192489,9.267661,9.128055,9.149533,-0.042956,36
2016-04-21,330029,2802610,9.289138,9.289138,9.020667,9.042144,-0.107389,100
2016-04-22,157011,1320088,9.128055,9.181749,8.956233,8.956233,-0.085911,76
2016-04-25,99148,827054,8.913278,9.117317,8.913278,8.934755,-0.021478,67
2016-04-26,41004,342102,8.924016,9.009928,8.924016,8.999189,0.064434,23
2016-04-27,182002,1504006,8.999189,8.999189,8.827366,8.859583,-0.139606,66
2016-04-28,381261,3137133,8.999189,9.074361,8.623327,8.752195,-0.107388,115
2016-04-29,157094,1266832,8.752195,8.752195,8.591111,8.644806,-0.107389,66
2016-05-03,166002,1325816,8.6985,8.719977,8.483722,8.591111,-0.053695,54
2016-05-04,218383,1714815,8.483722,8.569633,8.333378,8.387072,-0.204039,75
2016-05-05,99483,791714,8.387072,8.805889,8.387072,8.623327,0.236255,71
2016-05-06,93011,749208,8.591111,8.79515,8.591111,8.634066,0.010739,44
2016-05-09,125011,1030388,8.827366,8.977711,8.730716,8.730716,0.09665,63
2016-05-10,75111,601516,8.6985,8.6985,8.591111,8.591111,-0.139605,36
2016-05-11,110002,865976,8.537417,8.537417,8.376333,8.376333,-0.214778,54
2016-05-12,70400,555882,8.430028,8.6985,8.387072,8.387072,0.010739,45
2016-05-13,126473,963611,8.161555,8.387072,8.054166,8.183033,-0.204039,76
2016-05-16,46001,350837,8.161555,8.247467,8.161555,8.247467,0.064434,25
2016-05-17,271001,2161188,8.225989,8.999189,8.161555,8.591111,0.343644,104
2016-05-18,211418,1633508,8.580372,8.580372,8.161555,8.376333,-0.214778,81
2016-05-19,62006,477993,8.376333,8.376333,8.21525,8.365594,-0.010739,36
2016-05-20,144003,1149782,8.365594,8.634066,8.3119,8.440767,0.075173,45
2016-05-23,75061,596277,8.591111,8.591111,8.483722,8.537417,0.09665,45
2016-05-24,64000,504820,8.580372,8.580372,8.387072,8.483722,-0.053695,33
2016-05-25,184006,1461818,8.483722,8.677022,8.387072,8.591111,0.107389,77
2016-05-26,123570,986525,8.591111,8.644806,8.494461,8.494461,-0.09665,58
2016-05-27,125218,994004,8.580372,8.591111,8.483722,8.548156,0.053695,49
2016-05-30,64262,512628,8.591111,8.623327,8.483722,8.569633,0.021477,32
2016-05-31,564221,4948214,9.418006,9.418006,9.418006,9.418006,0.848373,178
2016-06-01,4008504,38632656,10.352289,10.352289,10.201945,10.352289,0.934283,1120
2016-06-02,1982752,18809936,10.352289,10.352289,9.911994,10.14825,-0.204039,723
2016-06-03,781000,7297250,10.14825,10.234161,9.879778,9.987167,-0.161083,325
2016-06-04,685037,6198393,9.987167,9.987167,9.557611,9.772389,-0.214778,289
2016-06-06,571002,5101346,9.697216,9.697216,9.503916,9.514655,-0.257734,250
2016-06-07,2104634,20121323,9.718694,10.459678,9.557611,10.459678,0.945023,744
2016-06-08,1926033,18738973,10.4382,10.663717,10.309333,10.309333,-0.150345,773
2016-06-13,694811,6411050,10.094556,10.180466,9.729433,9.922733,-0.3866,317
2016-06-14,330000,3025700,9.76165,9.933472,9.76165,9.84756,-0.075173,150
2016-06-15,266019,2443213,9.879778,9.933472,9.826083,9.826083,-0.021477,139
2016-06-16,456100,4111420,9.826083,9.826083,9.622044,9.665,-0.161083,215
2016-06-17,257147,2349244,9.718694,9.911994,9.718694,9.718694,0.053694,123
2016-06-20,256001,2326019,9.772389,9.84756,9.665,9.826083,0.107389,115
2016-06-21,232727,2133173,9.826083,9.976428,9.740172,9.8583,0.032217,129
2016-06-22,361020,3290170,9.826083,9.901255,9.729433,9.740172,-0.118128,122
2016-06-23,369012,3330818,9.718694,9.826083,9.622044,9.622044,-0.118128,154
2016-06-24,353000,3161050,9.665,9.729433,9.546872,9.665,0.042956,149
2016-06-27,261107,2328694,9.665,9.729433,9.503916,9.514655,-0.150345,140
2016-06-28,432718,3827533,9.622044,9.718694,9.396527,9.407266,-0.107389,180
2016-06-29,284441,2498952,9.428745,9.56835,9.342833,9.385788,-0.021478,116
2016-06-30,259008,2291314,9.536133,9.557611,9.407266,9.557611,0.171823,79
2016-07-01,359001,3258569,9.654261,9.815344,9.643522,9.675739,0.118128,161
2016-07-04,188000,1678230,9.686478,9.686478,9.536133,9.632784,-0.042955,89
2016-07-05,380001,3455849,9.643522,9.922733,9.643522,9.686478,0.053694,158
2016-07-06,234100,2075296,9.643522,9.740172,9.450222,9.740172,0.053694,118
2016-07-07,133005,1191075,9.750911,9.750911,9.460961,9.697216,-0.042956,68
2016-07-11,197817,1763565,9.740172,9.740172,9.460961,9.514655,-0.182561,95
2016-07-12,205100,1823280,9.514655,9.622044,9.514655,9.514655,0.0,73
2016-07-13,637622,5817035,9.987167,10.019383,9.707955,9.793866,0.279211,199
2016-07-14,195603,1779907,9.675739,9.879778,9.675739,9.718694,-0.075172,114
2016-07-15,264311,2367266,9.772389,9.772389,9.536133,9.56835,-0.150344,150
2016-07-18,153105,1372152,9.622044,9.707955,9.557611,9.589827,0.021477,80
2016-07-19,160100,1431284,9.589827,9.718694,9.557611,9.611305,0.021478,73
2016-07-20,108243,967545,9.643522,9.665,9.56835,9.611305,0.0,57
2016-07-21,148521,1334451,9.611305,9.697216,9.611305,9.611305,0.0,94
2016-07-22,146155,1299885,9.611305,9.611305,9.503916,9.611305,0.0,86
2016-07-25,137149,1220076,9.654261,9.654261,9.503916,9.503916,-0.107389,72
2016-07-26,349179,3145491,9.514655,9.750911,9.514655,9.707955,0.204039,149
2016-07-27,186483,1682440,9.826083,9.826083,9.622044,9.622044,-0.085911,90
2016-07-28,271274,2395036,9.665,9.665,9.342833,9.460961,-0.161083,147
2016-07-29,108407,952876,9.450222,9.546872,9.385788,9.385788,-0.075173,78
2016-08-01,140283,1224606,9.342833,9.450222,9.310617,9.37505,-0.010738,91
2016-08-02,340166,2928334,9.37505,9.37505,9.160272,9.224706,-0.150344,145
2016-08-03,316684,2696365,9.203228,9.224706,9.0851,9.224706,0.0,155
2016-08-04,563588,5013103,9.364311,9.718694,9.224706,9.632784,0.408078,244
2016-08-05,332467,2982095,9.632784,9.707955,9.56835,9.56835,-0.064434,119
2016-08-08,326612,2907015,9.707955,9.76165,9.428745,9.450222,-0.118128,137
2016-08-09,93004,816712,9.450222,9.546872,9.396527,9.396527,-0.053695,55
2016-08-10,143800,1244138,9.396527,9.396527,9.256922,9.256922,-0.139605,83
2016-08-11,106012,908818,9.256922,9.256922,9.171011,9.192489,-0.064433,66
2016-08-12,140124,1196458,9.128055,9.289138,9.128055,9.138794,-0.053695,70
2016-08-15,47384,404455,9.192489,9.256922,9.128055,9.181749,0.042955,47
2016-08-16,103279,888053,9.342833,9.342833,9.203228,9.203228,0.021479,55
2016-08-17,203980,1746077,9.203228,9.321356,9.128055,9.321356,0.118128,87
2016-08-18,79030,677125,9.321356,9.321356,9.138794,9.192489,-0.128867,52
2016-08-19,168267,1432350,9.138794,9.267661,9.106578,9.181749,-0.01074,87
2016-08-22,76497,646751,9.0851,9.128055,9.052883,9.074361,-0.107388,83
2016-08-23,136997,1148614,9.020667,9.192489,8.966972,9.074361,0.0,94
2016-08-24,153223,1284363,9.074361,9.074361,8.966972,8.966972,-0.107389,65
2016-08-25,220429,1827411,8.934755,8.956233,8.859583,8.859583,-0.107389,116
2016-08-26,301317,2544407,9.020667,9.117317,8.977711,9.031405,0.171822,139
2016-08-29,244577,2077656,9.020667,9.203228,8.966972,9.160272,0.128867,185
2016-08-30,262900,2229902,9.0851,9.289138,9.031405,9.289138,0.128866,184
2016-08-31,2499096,22883113,9.332094,10.201945,9.289138,9.783128,0.49399,1070
2016-09-01,1098364,9604133,9.450222,9.546872,9.289138,9.289138,-0.49399,413
2016-09-02,583322,5039830,9.332094,9.460961,9.106578,9.106578,-0.18256,219
2016-09-05,211038,1800832,9.289138,9.289138,9.074361,9.181749,0.075171,86
2016-09-06,149226,1285110,9.246183,9.299877,9.181749,9.181749,0.0,75
2016-09-07,194549,1668563,9.2784,9.310617,9.160272,9.160272,-0.021477,77
2016-09-08,197879,1686509,9.160272,9.246183,9.0851,9.128055,-0.032217,93
2016-09-09,203414,1735289,9.213967,9.235444,9.0851,9.138794,0.010739,73
2016-09-10,389609,3407471,9.117317,9.546872,9.095839,9.407266,0.268472,199
2016-09-12,209091,1797426,9.385788,9.385788,9.160272,9.160272,-0.246994,100
2016-09-13,178147,1519924,9.246183,9.246183,9.128055,9.181749,0.021477,73
2016-09-14,112053,950735,9.128055,9.138794,9.0851,9.106578,-0.075171,48
2016-09-19,292318,2517983,9.2784,9.364311,9.149533,9.2784,0.171822,102
2016-09-20,533001,4622478,9.289138,9.428745,9.160272,9.321356,0.042956,137
2016-09-21,427720,3727830,9.364311,9.450222,9.203228,9.450222,0.128866,170
2016-09-22,214200,1853347,9.364311,9.428745,9.235444,9.246183,-0.204039,114
2016-09-23,204068,1753555,9.321356,9.321356,9.192489,9.192489,-0.053694,81
2016-09-26,113372,967938,9.213967,9.213967,9.138794,9.138794,-0.053695,52
2016-09-29,138420,1176580,9.106578,9.192489,9.106578,9.128055,-0.010739,66
2016-09-30,205930,1746059,9.106578,9.224706,9.074361,9.0851,-0.042955,75
2016-10-03,253480,2127629,9.128055,9.128055,8.966972,9.0851,0.0,121
2016-10-04,157419,1322891,9.074361,9.0851,8.977711,9.009928,-0.075172,87
2016-10-05,189549,1581306,9.052883,9.052883,8.924016,8.934755,-0.075173,88
2016-10-06,44000,368670,9.074361,9.074361,8.966972,8.966972,0.032217,34
2016-10-07,109813,914004,8.934755,8.956233,8.924016,8.934755,-0.032217,54
2016-10-11,282019,2296952,8.945494,9.020667,8.644806,8.6985,-0.236255,130
2016-10-12,305900,2446120,8.655545,8.677022,8.515938,8.515938,-0.182562,121
2016-10-13,110448,885216,8.634066,8.6985,8.558894,8.591111,0.075173,60
2016-10-14,162294,1282082,8.591111,8.687761,8.376333,8.376333,-0.214778,95
2016-10-17,110039,847951,8.430028,8.430028,8.183033,8.268944,-0.107389,82
2016-10-18,101423,779749,8.430028,8.430028,8.183033,8.225989,-0.042955,62
2016-10-19,183001,1429548,8.236728,8.6985,8.193772,8.558894,0.332905,90
2016-10-20,1297514,10908328,8.537417,9.235444,8.537417,9.138794,0.5799,422
2016-10-21,343085,2870649,9.031405,9.224706,8.773672,9.160272,0.021478,145
2016-10-24,529489,4506495,9.160272,9.332094,9.042144,9.160272,0.0,136
2016-10-25,724180,6247959,9.128055,9.396527,9.128055,9.235444,0.075172,193
2016-10-26,636340,5525928,9.235444,9.396527,9.235444,9.364311,0.128867,176
2016-10-27,198011,1706703,9.364311,9.418006,8.924016,9.385788,0.021477,89
2016-10-28,798619,7083485,9.181749,9.665,9.149533,9.665,0.279212,202
2016-10-31,204150,1804236,9.665,9.665,9.407266,9.536133,-0.128867,106
2016-11-01,197030,1733858,9.396527,9.557611,9.310617,9.525395,-0.010738,84
2016-11-02,1215500,10781826,9.514655,9.675739,9.138794,9.546872,0.021477,221
2016-11-03,107500,939009,9.546872,9.546872,9.310617,9.342833,-0.204039,62
2016-11-04,75030,654712,9.353572,9.4717,9.310617,9.4717,0.128867,39
2016-11-07,144101,1273725,9.4717,9.589827,9.364311,9.364311,-0.107389,53
2016-11-08,76218,663997,9.342833,9.450222,9.256922,9.2784,-0.085911,32
2016-11-09,524001,4589449,9.342833,9.557611,9.020667,9.546872,0.268472,151
2016-11-10,750565,6731235,9.256922,9.740172,9.256922,9.665,0.118128,221
2016-11-11,2676843,24426673,9.482439,9.933472,9.213967,9.933472,0.268472,484
2016-11-14,491614,4467656,9.933472,9.933472,9.654261,9.729433,-0.204039,212
2016-11-15,1801898,16741337,9.686478,10.14825,9.686478,10.040861,0.311428,368
2016-11-16,394993,3640945,10.040861,10.040861,9.783128,9.879778,-0.161083,162
2016-11-17,602603,5517872,9.8583,9.933472,9.76165,9.890517,0.010739,166
2016-11-18,305976,2800740,9.890517,9.901255,9.783128,9.879778,-0.010739,116
2016-11-21,662004,6081536,9.879778,9.965689,9.772389,9.772389,-0.107389,107
2016-11-22,298007,2686979,9.772389,9.815344,9.557611,9.557611,-0.214778,135
2016-11-23,405386,3549090,9.546872,9.557611,9.235444,9.235444,-0.322167,165
2016-11-24,167013,1439978,9.235444,9.342833,9.213967,9.213967,-0.021477,100
2016-11-25,188555,1607276,9.213967,9.235444,9.128055,9.224706,0.010739,115
2016-11-28,115143,995624,9.289138,9.385788,9.213967,9.213967,-0.010739,61
2016-11-29,681423,5988701,9.128055,9.611305,9.128055,9.557611,0.343644,148
2016-11-30,120081,1051033,9.557611,9.557611,9.256922,9.2784,-0.279211,60
2016-12-01,347441,3071749,9.299877,9.536133,9.289138,9.450222,0.171822,65
2016-12-02,187014,1657486,9.450222,9.56835,9.353572,9.557611,0.107389,60
2016-12-05,87108,763019,9.557611,9.557611,9.364311,9.450222,-0.107389,47
2016-12-06,106531,927713,9.396527,9.450222,9.332094,9.342833,-0.107389,45
2016-12-07,24200,209394,9.342833,9.342833,9.289138,9.299877,-0.042956,21
2016-12-08,105674,917629,9.342833,9.37505,9.2784,9.289138,-0.010739,43
2016-12-09,121606,1047807,9.289138,9.364311,9.160272,9.289138,0.0,67
2016-12-12,38014,328664,9.235444,9.332094,9.235444,9.332094,0.042956,30
2016-12-13,120001,1022888,9.289138,9.289138,9.128055,9.138794,-0.1933,57
2016-12-14,197373,1717216,9.149533,9.418006,9.149533,9.289138,0.150344,81
2016-12-15,168171,1442619,9.235444,9.353572,9.138794,9.149533,-0.139605,66
2016-12-16,201963,1730714,9.181749,9.267661,9.149533,9.256922,0.107389,75
2016-12-19,84053,720029,9.256922,9.256922,9.149533,9.160272,-0.09665,37
2016-12-20,29633,253070,9.181749,9.181749,9.160272,9.171011,0.010739,24
2016-12-21,67002,573586,9.213967,9.321356,9.149533,9.149533,-0.021478,40
2016-12-22,122074,1043075,9.235444,9.235444,9.149533,9.192489,0.042956,43
2016-12-23,120081,1023485,9.149533,9.160272,9.149533,9.149533,-0.042956,33
2016-12-26,79881,678692,9.128055,9.181749,9.0851,9.128055,-0.021478,46
2016-12-27,138004,1196052,9.310617,9.396527,9.192489,9.332094,0.204039,77
2016-12-28,95060,828639,9.310617,9.407266,9.299877,9.299877,-0.032217,52
2016-12-29,135410,1159434,9.299877,9.37505,9.149533,9.160272,-0.139605,75
2016-12-30,132724,1128793,9.106578,9.332094,9.106578,9.235444,0.075172,55
2017-01-03,76294,649767,9.342833,9.342833,9.095839,9.181749,-0.053695,36
2017-01-04,106009,904243,9.128055,9.2784,9.128055,9.181749,0.0,46
2017-01-05,116002,997416,9.224706,9.256922,9.203228,9.213967,0.032218,51
2017-01-06,165444,1415136,9.235444,9.321356,9.138794,9.149533,-0.064434,65
2017-01-09,132513,1136595,9.37505,9.37505,9.149533,9.2784,0.128867,62
2017-01-10,67154,575693,9.235444,9.235444,9.160272,9.203228,-0.075172,36
2017-01-11,132409,1126157,9.192489,9.192489,9.106578,9.117317,-0.085911,63
2017-01-12,114251,969997,9.128055,9.181749,9.074361,9.160272,0.042955,56
2017-01-13,64503,546500,9.0851,9.181749,9.0851,9.0851,-0.075172,40
2017-01-16,59033,503594,9.0851,9.224706,9.0851,9.117317,0.032217,61
2017-01-17,73652,624332,9.128055,9.181749,9.074361,9.074361,-0.042956,72
2017-01-18,70003,591814,9.128055,9.128055,9.031405,9.117317,0.042956,47
2017-01-19,36885,312746,9.106578,9.128055,9.095839,9.095839,-0.021478,41
2017-01-20,71010,602352,9.106578,9.128055,9.0851,9.128055,0.032216,38
2017-01-23,130020,1103001,9.128055,9.138794,9.0851,9.117317,-0.010738,46
2017-01-24,52169,443947,9.267661,9.267661,9.0851,9.117317,0.0,29
2017-02-02,153057,1289035,9.128055,9.128055,8.977711,9.020667,-0.09665,78
2017-02-03,64279,545318,9.235444,9.235444,9.042144,9.128055,0.107388,44
2017-02-06,182257,1550849,9.117317,9.181749,9.117317,9.149533,0.021478,107
2017-02-07,153266,1305528,9.181749,9.181749,9.106578,9.181749,0.032216,71
2017-02-08,278470,2390975,9.138794,9.2784,9.138794,9.203228,0.021479,98
2017-02-09,161075,1374743,9.171011,9.203228,9.149533,9.160272,-0.042956,90
2017-02-10,191348,1626440,9.160272,9.181749,9.0851,9.128055,-0.032217,113
2017-02-13,53084,449598,9.063622,9.128055,9.063622,9.128055,0.0,110
2017-02-14,75058,634815,9.138794,9.138794,9.063622,9.063622,-0.064433,81
2017-02-15,247031,2082758,9.020667,9.0851,9.020667,9.052883,-0.010739,125
2017-02-16,176900,1492688,9.128055,9.128055,9.031405,9.031405,-0.021478,90
2017-02-17,145398,1216646,9.031405,9.052883,8.956233,9.009928,-0.021477,107
2017-02-18,305454,2537873,8.977711,8.98845,8.859583,8.98845,-0.021478,189
2017-02-20,160292,1344047,9.063622,9.063622,8.966972,8.977711,-0.010739,165
2017-02-21,316291,2626288,8.966972,8.966972,8.8918,8.902539,-0.075172,159
2017-02-22,169135,1402710,8.902539,8.945494,8.870322,8.924016,0.021477,113
2017-02-23,132541,1101528,8.924016,8.956233,8.913278,8.934755,0.010739,93
2017-02-24,108042,903728,8.934755,9.052883,8.934755,9.052883,0.118128,86
2017-03-01,745878,6479015,9.052883,9.557611,9.052883,9.450222,0.397339,465
2017-03-02,2134278,19530195,9.697216,10.14825,9.665,9.750911,0.300689,836
2017-03-03,942662,8517108,9.665,9.84756,9.460961,9.76165,0.010739,307
2017-03-06,1082956,9952412,9.76165,10.008644,9.76165,9.890517,0.128867,368
2017-03-07,386336,3503164,9.8583,9.8583,9.665,9.718694,-0.171823,223
2017-03-08,319787,2899072,9.665,9.869039,9.665,9.697216,-0.021478,188
2017-03-09,274777,2445087,9.697216,9.697216,9.482439,9.493177,-0.204039,169
2017-03-10,212023,1859659,9.450222,9.482439,9.37505,9.407266,-0.085911,111
2017-03-13,855319,7794438,9.718694,9.933472,9.665,9.836822,0.429556,404
2017-03-14,209606,1901309,9.804605,9.804605,9.686478,9.718694,-0.118128,153
2017-03-15,348131,3151986,9.56835,9.815344,9.56835,9.718694,0.0,178
2017-03-16,195089,1753691,9.76165,9.76165,9.611305,9.643522,-0.075172,148
2017-03-17,246314,2226769,9.643522,9.772389,9.643522,9.686478,0.042956,150
2017-03-20,196609,1757659,9.665,9.665,9.557611,9.643522,-0.042956,159
2017-03-21,338477,3009153,9.643522,9.643522,9.450222,9.525395,-0.118127,130
2017-03-22,158039,1397911,9.450222,9.632784,9.450222,9.460961,-0.064434,93
2017-03-23,296979,2598960,9.407266,9.557611,9.310617,9.385788,-0.075173,139
2017-03-24,185643,1618056,9.396527,9.407266,9.310617,9.310617,-0.075171,100
2017-03-27,224643,1938774,9.2784,9.342833,9.181749,9.181749,-0.128868,120
2017-03-28,255890,2216741,9.181749,9.493177,9.138794,9.267661,0.085912,129
2017-03-29,153548,1323751,9.246183,9.310617,9.235444,9.267661,0.0,70
2017-03-30,206021,1813153,9.364311,9.514655,9.364311,9.4717,0.204039,100
2017-03-31,109077,950712,9.418006,9.418006,9.321356,9.332094,-0.139606,70
2017-04-05,263482,2279671,9.289138,9.396527,9.235444,9.299877,-0.032217,119
2017-04-06,84468,726831,9.364311,9.364311,9.138794,9.2784,-0.021477,73
2017-04-07,203407,1767563,9.2784,9.450222,9.192489,9.310617,0.032217,95
2017-04-10,170016,1475122,9.396527,9.428745,9.224706,9.342833,0.032216,113
2017-04-11,97024,844063,9.407266,9.407266,9.256922,9.2784,-0.064433,58
2017-04-12,181029,1548243,9.2784,9.2784,9.160272,9.160272,-0.118128,86
2017-04-13,118015,1015450,9.128055,9.332094,9.128055,9.192489,0.032217,52
2017-04-14,235036,2019349,9.396527,9.396527,9.171011,9.181749,-0.01074,118
2017-04-17,99154,847620,9.181749,9.246183,9.149533,9.160272,-0.021477,190
2017-04-18,58541,500893,9.171011,9.235444,9.160272,9.160272,0.0,451
2017-04-19,75547,647148,9.149533,9.321356,9.149533,9.235444,0.075172,388
2017-04-20,145047,1245377,9.171011,9.289138,9.171011,9.192489,-0.042955,90
2017-04-21,94034,808582,9.235444,9.289138,9.224706,9.235444,0.042955,66
2017-04-24,55481,476801,9.235444,9.235444,9.192489,9.235444,0.0,40
2017-04-25,135081,1164862,9.342833,9.342833,9.235444,9.235444,0.0,69
2017-04-26,222275,1900448,9.203228,9.235444,9.160272,9.160272,-0.075172,97
2017-04-27,178822,1520583,9.160272,9.160272,9.095839,9.117317,-0.042955,80
2017-04-28,158522,1348052,9.128055,9.246183,9.117317,9.128055,0.010738,41
2017-05-02,299084,2527509,9.117317,9.128055,9.020667,9.042144,-0.085911,81
2017-05-03,226466,1901460,9.042144,9.074361,8.966972,9.042144,0.0,65
2017-05-04,69051,581008,9.020667,9.074361,9.020667,9.031405,-0.010739,38
2017-05-05,380261,3160062,8.977711,9.020667,8.816628,8.913278,-0.118127,109
2017-05-08,391483,3365475,9.128055,9.428745,9.074361,9.235444,0.322166,180
2017-05-09,288023,2459212,9.428745,9.428745,9.031405,9.031405,-0.204039,118
2017-05-10,69507,585635,9.031405,9.128055,9.020667,9.052883,0.021478,39
2017-05-11,76850,656952,9.181749,9.224706,9.128055,9.128055,0.075172,58
2017-05-12,71001,599418,9.149533,9.160272,9.042144,9.052883,-0.075172,33
2017-05-15,102467,860605,9.074361,9.074361,8.98845,8.98845,-0.064433,52
2017-05-16,85163,710572,9.074361,9.074361,8.913278,8.956233,-0.032217,49
2017-05-17,388331,3189823,8.827366,8.945494,8.752195,8.827366,-0.128867,132
2017-05-18,315456,2566980,8.805889,8.805889,8.709239,8.730716,-0.09665,104
2017-05-19,116810,958968,8.762934,8.924016,8.762934,8.79515,0.064434,46
2017-05-22,50518,416697,8.816628,8.913278,8.816628,8.827366,0.032216,37
2017-05-23,34003,280534,8.827366,8.913278,8.816628,8.870322,0.042956,22
2017-05-24,92000,754380,8.79515,8.848844,8.784411,8.805889,-0.064433,44
2017-05-25,701260,6007006,8.848844,9.450222,8.805889,9.213967,0.408078,255
2017-05-26,194527,1651735,9.117317,9.235444,9.020667,9.095839,-0.118128,105
2017-05-31,3122908,28991520,9.450222,9.997906,9.396527,9.997906,0.902067,754
2017-06-01,2413224,21595535,9.944211,9.944211,9.310617,9.450222,-0.547684,879
2017-06-02,2725596,25269259,9.450222,10.373766,9.342833,10.255639,0.805417,925
2017-06-03,1298201,12327798,10.180466,10.610022,9.965689,10.019383,-0.236256,647
2017-06-05,570212,5260438,10.073078,10.169727,9.783128,9.869039,-0.150344,302
2017-06-06,603324,5606777,10.14825,10.212683,9.8583,9.879778,0.010739,255
2017-06-07,581104,5246776,9.879778,9.987167,9.611305,9.611305,-0.268473,268
2017-06-08,213136,1899964,9.643522,9.654261,9.450222,9.525395,-0.08591,90
2017-06-09,239100,2117979,9.525395,9.665,9.460961,9.460961,-0.064434,98
2017-06-12,399350,3558902,9.482439,9.643522,9.482439,9.579089,0.118128,135
2017-06-13,229169,2034697,9.665,9.718694,9.493177,9.493177,-0.085912,112
2017-06-14,328002,2871606,9.493177,9.600566,9.342833,9.342833,-0.150344,118
2017-06-15,455783,4006778,9.342833,9.665,9.256922,9.589827,0.246994,190
2017-06-16,712691,6468619,9.56835,9.933472,9.503916,9.718694,0.128867,244
2017-06-19,238123,2146477,9.665,9.804605,9.579089,9.622044,-0.09665,111
2017-06-20,174502,1554984,9.589827,9.718694,9.514655,9.525395,-0.096649,110
2017-06-21,340003,3004075,9.525395,9.611305,9.450222,9.482439,-0.042956,127
2017-06-22,477276,4201400,9.460961,9.589827,9.342833,9.37505,-0.107389,158
2017-06-23,312397,2723163,9.428745,9.428745,9.310617,9.332094,-0.042956,113
2017-06-26,448231,3876740,9.289138,9.428745,9.181749,9.267661,-0.064433,136
2017-06-27,308633,2673093,9.224706,9.396527,9.224706,9.342833,0.075172,113
2017-06-28,118584,1027941,9.267661,9.396527,9.246183,9.342833,0.0,49
2017-06-29,240180,2092214,9.37505,9.418006,9.310617,9.342833,0.0,92
2017-06-30,84008,723574,9.321356,9.321356,9.149533,9.256922,-0.085911,47
2017-07-03,50088,434585,9.256922,9.385788,9.256922,9.321356,0.064434,31
2017-07-04,120081,1036606,9.310617,9.310617,9.246183,9.2784,-0.042956,59
2017-07-05,89916,775417,9.246183,9.342833,9.235444,9.342833,0.064433,42
2017-07-06,58001,502298,9.342833,9.353572,9.256922,9.353572,0.010739,32
2017-07-07,330965,2907605,9.364311,9.503916,9.353572,9.396527,0.042955,99
2017-07-10,168330,1453633,9.396527,9.396527,9.235444,9.235444,-0.161083,77
2017-07-11,215002,1840466,9.2784,9.2784,9.160272,9.160272,-0.075172,106
2017-07-12,69464,596071,9.181749,9.310617,9.160272,9.224706,0.064434,41
2017-07-13,150288,1284137,9.171011,9.235444,9.149533,9.171011,-0.053695,67
2017-07-14,212101,1805739,9.192489,9.192489,9.128055,9.149533,-0.021478,84
2017-07-17,114103,969554,9.138794,9.160272,9.106578,9.128055,-0.021478,53
2017-07-18,86882,744117,9.2784,9.2784,9.138794,9.213967,0.085912,35
2017-07-19,104283,888484,9.138794,9.213967,9.138794,9.213967,0.0,42
2017-07-20,131301,1120030,9.138794,9.235444,9.138794,9.160272,-0.053695,50
2017-07-21,151592,1293972,9.160272,9.181749,9.149533,9.160272,0.0,60
2017-07-24,232470,1977397,9.138794,9.149533,9.106578,9.128055,-0.032217,78
2017-07-25,110740,943420,9.128055,9.171011,9.128055,9.149533,0.021478,48
2017-07-26,182688,1545913,9.149533,9.149533,9.042144,9.074361,-0.075172,105
2017-07-27,98602,836182,9.074361,9.213967,9.074361,9.095839,0.021478,61
2017-07-28,121222,1028632,9.128055,9.138794,9.095839,9.117317,0.021478,58
2017-07-31,337117,2839064,9.117317,9.117317,8.98845,9.042144,-0.075173,129
2017-08-01,290044,2438361,9.020667,9.128055,9.009928,9.009928,-0.032216,117
2017-08-02,462080,3852805,9.020667,9.020667,8.913278,8.999189,-0.010739,160
2017-08-03,238383,1991173,9.042144,9.052883,8.934755,8.956233,-0.042956,98
2017-08-04,150986,1261513,9.020667,9.020667,8.945494,8.98845,0.032217,71
2017-08-07,357575,2984489,9.052883,9.052883,8.945494,8.956233,-0.032217,102
2017-08-08,467275,3893897,8.956233,9.063622,8.913278,9.063622,0.107389,123
2017-08-09,386004,3293132,9.106578,9.224706,9.106578,9.128055,0.064433,157
2017-08-10,292007,2463496,9.138794,9.235444,8.924016,8.966972,-0.161083,125
2017-08-11,279002,2352526,8.966972,9.171011,8.913278,9.074361,0.107389,94
2017-08-14,224552,1858950,9.074361,9.074361,8.623327,8.623327,-0.451034,110
2017-08-15,506508,4204726,8.709239,8.999189,8.709239,8.966972,0.343645,145
2017-08-16,60244,503153,9.074361,9.074361,8.934755,8.977711,0.010739,71
2017-08-17,135942,1138833,9.074361,9.074361,8.945494,8.999189,0.021478,86
2017-08-18,301480,2508488,9.063622,9.063622,8.8918,8.902539,-0.09665,99
2017-08-21,3375598,30058752,8.966972,9.783128,8.966972,9.76165,0.859111,923
2017-08-22,2193501,19448958,9.493177,9.793866,9.181749,9.793866,0.032216,632
2017-08-23,917501,8327727,9.879778,9.965689,9.557611,9.579089,-0.214777,277
2017-08-24,682451,6082516,9.643522,9.718694,9.514655,9.525395,-0.053694,219
2017-08-25,569295,4997305,9.525395,9.536133,9.364311,9.37505,-0.150345,212
2017-08-28,368050,3218957,9.396527,9.536133,9.289138,9.353572,-0.021478,123
2017-08-29,1149165,10348972,9.385788,9.933472,9.385788,9.707955,0.354383,394
2017-08-30,1352819,12289524,9.772389,9.879778,9.579089,9.622044,-0.085911,371
2017-08-31,579941,5250379,9.622044,9.804605,9.622044,9.665,0.042956,234
2017-09-01,719299,6435453,9.611305,9.729433,9.396527,9.589827,-0.075173,238
2017-09-04,689520,6181785,9.76165,9.772389,9.493177,9.503916,-0.085911,181
2017-09-05,608520,5405101,9.557611,9.665,9.418006,9.665,0.161084,188
2017-09-06,1324735,11990445,9.675739,9.987167,9.503916,9.911994,0.246994,373
2017-09-07,981540,8961240,9.869039,9.901255,9.686478,9.697216,-0.214778,311
2017-09-08,747063,6831032,9.772389,9.879778,9.718694,9.8583,0.161084,284
2017-09-11,907426,8337425,9.836822,9.933472,9.772389,9.836822,-0.021478,319
2017-09-12,2509008,23516587,9.922733,10.373766,9.8583,10.019383,0.182561,736
2017-09-13,7768100,79129321,10.201945,11.007361,10.062338,11.007361,0.987978,1801
2017-09-28,3964037,43642828,9.911192,10.687645,9.911192,10.50495,-0.502411,1151
2017-09-29,1264808,13734045,10.093887,10.139561,9.63715,9.865518,-0.639432,597
2017-09-30,643143,7117673,9.819845,10.367929,9.819845,10.048213,0.182695,376
2017-10-02,456115,4978614,10.093887,10.093887,9.865518,9.865518,-0.182695,287
2017-10-03,542429,5824625,9.911192,10.048213,9.728497,9.774171,-0.091347,258
2017-10-05,223685,2415114,9.774171,10.00254,9.728497,9.911192,0.137021,143
2017-10-06,548460,5929829,9.819845,10.048213,9.728497,10.00254,0.091348,194
2017-10-11,867827,9441183,10.185234,10.322255,9.728497,9.774171,-0.228369,308
2017-10-12,820129,8705691,9.819845,9.865518,9.500129,9.682824,-0.091347,263
2017-10-13,475703,4986886,9.682824,9.728497,9.454455,9.545803,-0.137021,201
2017-10-16,295475,3120825,9.545803,9.728497,9.545803,9.682824,0.137021,151
2017-10-17,287628,3004291,9.682824,9.682824,9.500129,9.500129,-0.182695,146
2017-10-18,466506,4802731,9.545803,9.545803,9.27176,9.408782,-0.091347,201
2017-10-19,984581,10504510,9.408782,9.911192,9.408782,9.865518,0.456736,321
2017-10-20,300341,3227357,9.774171,9.911192,9.682824,9.728497,-0.137021,98
2017-10-23,272299,2919062,9.819845,9.911192,9.682824,9.682824,-0.045673,92
2017-10-24,194481,2075294,9.682824,9.865518,9.682824,9.728497,0.045673,72
2017-10-25,448310,4697819,9.774171,9.865518,9.408782,9.500129,-0.228368,135
2017-10-26,186272,1940075,9.545803,9.591476,9.454455,9.500129,0.0,87
2017-10-27,251567,2640688,9.682824,9.682824,9.500129,9.545803,0.045674,119
2017-10-30,168250,1747523,9.545803,9.545803,9.408782,9.454455,-0.091348,69
2017-10-31,747713,7660733,9.545803,9.591476,9.180413,9.27176,-0.182695,177
2017-11-01,238910,2440579,9.226087,9.454455,9.226087,9.317434,0.045674,109
2017-11-02,319113,3234238,9.27176,9.363108,9.180413,9.317434,0.0,116
2017-11-03,89674,910636,9.27176,9.317434,9.226087,9.27176,-0.045674,62
2017-11-06,279901,2916719,9.454455,9.63715,9.408782,9.591476,0.319716,125
2017-11-07,256724,2675577,9.591476,9.591476,9.454455,9.545803,-0.045673,95
2017-11-08,133407,1385054,9.500129,9.500129,9.454455,9.454455,-0.091348,78
2017-11-09,193202,1988235,9.408782,9.454455,9.363108,9.408782,-0.045673,87
2017-11-10,278226,2844389,9.408782,9.454455,9.27176,9.317434,-0.091348,126
2017-11-13,878150,9188904,9.317434,9.774171,9.27176,9.591476,0.274042,289
2017-11-14,302777,3128873,9.545803,9.545803,9.363108,9.408782,-0.182694,110
2017-11-15,152293,1564156,9.408782,9.454455,9.317434,9.317434,-0.091348,70
2017-11-16,192400,1956486,9.317434,9.317434,9.226087,9.27176,-0.045674,84
2017-11-17,98476,1001855,9.317434,9.317434,9.27176,9.317434,0.045674,59
2017-11-20,233592,2367395,9.317434,9.500129,9.134739,9.27176,-0.045674,89
2017-11-21,213018,2171977,9.27176,9.408782,9.226087,9.363108,0.091348,90
2017-11-22,215043,2175230,9.363108,9.363108,9.180413,9.226087,-0.137021,98
2017-11-23,182700,1839350,9.226087,9.27176,9.180413,9.226087,0.0,88
2017-11-24,263268,2698279,9.226087,9.408782,9.226087,9.408782,0.182695,105
2017-11-27,117011,1205706,9.363108,9.500129,9.363108,9.363108,-0.045674,81
2017-11-28,158678,1605830,9.317434,9.317434,9.180413,9.226087,-0.137021,77
2017-11-29,97107,984320,9.226087,9.317434,9.226087,9.226087,0.0,72
2017-11-30,152971,1536010,9.226087,9.226087,9.134739,9.180413,-0.045674,75
2017-12-01,219917,2203670,9.180413,9.226087,9.107335,9.134739,-0.045674,103
2017-12-04,145706,1465228,9.317434,9.317434,9.0982,9.11647,-0.018269,50
2017-12-05,112400,1115736,9.11647,9.11647,9.052527,9.052527,-0.063943,67
2017-12-06,224395,2209247,9.134739,9.134739,8.878967,8.897236,-0.155291,101
2017-12-07,364357,3510033,8.888101,8.888101,8.678002,8.778484,-0.118752,128
2017-12-08,106356,1046438,8.815023,9.125605,8.815023,9.025122,0.246638,72
2017-12-11,206632,2072575,9.043392,9.27176,9.034257,9.180413,0.155291,78
2017-12-12,178044,1782272,9.134739,9.180413,9.125605,9.134739,-0.045674,48
2017-12-13,156999,1575428,9.180413,9.27176,9.134739,9.134739,0.0,62
2017-12-14,106999,1077383,9.180413,9.317434,9.134739,9.27176,0.137021,65
2017-12-15,137500,1382500,9.27176,9.408782,9.134739,9.134739,-0.137021,62
2017-12-18,63850,640710,9.134739,9.226087,9.043392,9.134739,0.0,44
2017-12-19,108504,1085090,9.134739,9.180413,9.134739,9.134739,0.0,42
2017-12-20,76276,764984,9.134739,9.226087,9.134739,9.226087,0.091348,37
2017-12-21,84580,850185,9.226087,9.226087,9.134739,9.134739,-0.091348,48
2017-12-22,83746,838898,9.134739,9.180413,9.134739,9.180413,0.045674,42
2017-12-25,2052228,22217689,9.317434,10.093887,9.317434,10.093887,0.913474,693
2017-12-26,3944892,46338726,10.230908,11.098708,10.139561,11.098708,1.004821,1509
2017-12-27,3836053,47269819,11.053035,12.10353,10.50495,11.235729,0.137021,1581
2017-12-28,1740319,20700849,10.916013,11.144382,10.641971,10.733319,-0.50241,733
2017-12-29,966923,11528917,10.87034,11.098708,10.733319,10.824666,0.091347,442
2018-01-02,796253,9478101,11.144382,11.235729,10.733319,10.733319,-0.091347,359
2018-01-03,953869,11014444,10.687645,10.778992,10.367929,10.50495,-0.228369,347
2018-01-04,740724,8746057,10.50495,11.053035,10.50495,10.916013,0.411063,298
2018-01-05,777909,9352256,11.007361,11.281403,10.824666,10.87034,-0.045673,322
2018-01-08,984178,11700634,10.961687,11.053035,10.687645,10.733319,-0.137021,290
2018-01-09,5279893,67730231,10.824666,11.783814,10.824666,11.783814,1.050495,1450
2018-01-10,3962088,51639569,11.783814,12.331898,11.464098,11.875161,0.091347,1359
2018-01-11,1566015,19910283,11.829487,11.829487,11.464098,11.509772,-0.365389,471
2018-01-12,1495854,19531408,11.73814,12.331898,11.601119,11.829487,0.319715,622
2018-01-15,958436,12424480,11.966509,12.057856,11.601119,11.646793,-0.182694,395
2018-01-16,5509203,76366397,11.875161,12.788635,11.73814,12.788635,1.141842,1575
2018-01-17,3036918,41267521,12.468919,12.788635,11.875161,12.423245,-0.36539,1188
2018-01-18,1279359,17425869,12.514593,12.60594,12.331898,12.377572,-0.045673,580
2018-01-19,1669135,23314195,12.514593,13.017004,12.514593,12.742961,0.365389,792
2018-01-22,1260781,17240957,12.788635,12.788635,12.377572,12.468919,-0.274042,453
2018-01-23,1017500,13669791,12.423245,12.468919,12.149203,12.331898,-0.137021,373
2018-01-24,416983,5655338,12.286224,12.468919,12.286224,12.423245,0.091347,282
2018-01-25,1149743,15932401,12.60594,12.834309,12.560267,12.697288,0.274043,423
2018-01-26,586997,8100784,12.788635,12.879982,12.468919,12.560267,-0.137021,316
2018-01-29,828283,11243558,12.742961,12.788635,12.331898,12.423245,-0.137022,285
2018-01-30,907380,12205172,12.423245,12.468919,12.057856,12.194877,-0.228368,348
2018-01-31,659151,8742504,12.057856,12.377572,11.875161,12.194877,0.0,268
2018-02-01,297798,3979888,12.377572,12.377572,12.149203,12.240551,0.045674,184
2018-02-02,499750,6816037,12.377572,12.60594,12.331898,12.377572,0.137021,269
2018-02-05,549300,7112198,11.875161,12.012182,11.692466,11.783814,-0.593758,330
2018-02-06,2552845,30773144,11.190056,11.601119,10.641971,10.641971,-1.141843,710
2018-02-07,761441,9112286,11.053035,11.098708,10.778992,10.824666,0.182695,278
2018-02-08,201400,2390500,10.824666,11.007361,10.641971,11.007361,0.182695,119
2018-02-09,461602,5283288,10.230908,10.778992,10.230908,10.641971,-0.36539,218
2018-02-12,445604,5202712,10.641971,10.916013,10.550624,10.641971,0.0,191
2018-02-21,745190,9032592,10.687645,11.327077,10.687645,11.098708,0.456737,244
2018-02-22,307212,3700244,10.87034,11.144382,10.87034,10.961687,-0.137021,142
2018-02-23,312700,3752417,11.053035,11.053035,10.87034,10.916013,-0.045674,144
2018-02-26,143974,1730488,10.916013,11.053035,10.916013,11.007361,0.091348,154
2018-02-27,288350,3511350,11.053035,11.418424,11.007361,11.053035,0.045674,205
2018-03-01,140941,1681592,10.824666,11.007361,10.778992,10.961687,-0.091348,107
2018-03-02,71312,852632,10.87034,10.961687,10.87034,10.87034,-0.091347,79
2018-03-05,228987,2760644,10.87034,11.190056,10.824666,10.961687,0.091347,217
2018-03-06,133350,1601121,10.961687,11.098708,10.87034,10.961687,0.0,113
2018-03-07,136404,1632599,10.87034,11.053035,10.778992,10.961687,0.0,122
2018-03-08,2820013,36830658,11.053035,12.057856,11.053035,12.057856,1.096169,886
2018-03-09,1368027,17369677,11.692466,11.875161,11.418424,11.509772,-0.548084,596
2018-03-12,1164296,15044868,11.692466,12.057856,11.509772,11.783814,0.274042,486
2018-03-13,427969,5499131,11.783814,12.057856,11.646793,11.73814,-0.045674,230
2018-03-14,231458,2967700,11.73814,11.875161,11.646793,11.73814,0.0,181
2018-03-15,403859,5160904,11.875161,11.875161,11.601119,11.692466,-0.045674,212
2018-03-16,623785,7895799,11.692466,11.73814,11.464098,11.646793,-0.045673,239
2018-03-19,274781,3463927,11.601119,11.601119,11.464098,11.509772,-0.137021,241
2018-03-20,289212,3619187,11.464098,11.509772,11.37275,11.418424,-0.091348,212
2018-03-21,389020,4862511,11.464098,11.601119,11.327077,11.509772,0.091348,200
2018-03-22,398554,4969195,11.509772,11.509772,11.281403,11.37275,-0.137022,188
2018-03-23,350949,4216138,10.961687,11.235729,10.778992,10.961687,-0.411063,206
2018-03-26,209857,2503498,10.961687,11.007361,10.824666,10.916013,-0.045674,152
2018-03-27,265100,3203925,10.961687,11.235729,10.961687,10.961687,0.045674,159
2018-03-28,1284835,16299682,10.961687,11.875161,10.961687,11.875161,0.913474,573
2018-03-29,629880,7980562,11.829487,11.829487,11.464098,11.555445,-0.319716,319
2018-03-30,760560,9388019,11.601119,11.692466,11.098708,11.190056,-0.365389,327
2018-03-31,218681,2674896,11.190056,11.235729,11.098708,11.235729,0.045673,140
2018-04-02,636143,7760264,11.235729,11.281403,11.053035,11.235729,0.0,221
2018-04-03,129320,1582820,11.190056,11.235729,11.053035,11.190056,-0.045673,212
2018-04-09,269050,3300173,11.098708,11.37275,11.098708,11.235729,0.045673,261
2018-04-10,414699,5158627,11.281403,11.464098,11.281403,11.327077,0.091348,218
2018-04-11,881699,11143529,11.235729,11.692466,11.235729,11.555445,0.228368,346
2018-04-12,292247,3658589,11.418424,11.509772,11.37275,11.464098,-0.091347,171
2018-04-13,159260,1999924,11.509772,11.555445,11.418424,11.464098,0.0,132
2018-04-16,212633,2626894,11.37275,11.418424,11.190056,11.190056,-0.274042,221
2018-04-17,589667,7106304,11.190056,11.235729,10.916013,11.007361,-0.182695,262
2018-04-18,122405,1478171,11.144382,11.144382,10.961687,10.961687,-0.045674,129
2018-04-19,205992,2482898,10.961687,11.098708,10.916013,11.098708,0.137021,116
2018-04-20,158319,1904478,10.961687,11.053035,10.916013,10.961687,-0.137021,88
2018-04-23,176931,2117972,10.961687,11.098708,10.87034,11.007361,0.045674,88
2018-04-24,338309,3998243,11.007361,11.007361,10.733319,10.778992,-0.228369,136
2018-04-25,475850,5617677,10.733319,11.144382,10.687645,10.87034,0.091348,122
2018-04-26,1161292,14370867,10.961687,11.783814,10.778992,11.418424,0.548084,358
2018-04-27,434943,5437189,11.464098,11.783814,11.235729,11.418424,0.0,170
2018-04-30,169109,2072297,11.418424,11.418424,11.053035,11.235729,-0.182695,90
2018-05-02,62192,766589,11.144382,11.37275,11.144382,11.235729,0.0,55
2018-05-03,83550,1026069,11.37275,11.37275,11.144382,11.235729,0.0,53
2018-05-04,49450,602443,11.235729,11.235729,11.098708,11.098708,-0.137021,48
2018-05-07,135776,1660149,11.098708,11.327077,11.053035,11.098708,0.0,79
2018-05-08,139016,1693337,11.053035,11.281403,11.053035,11.098708,0.0,74
2018-05-09,130104,1587057,11.098708,11.235729,11.098708,11.098708,0.0,71
2018-05-10,156900,1911538,11.098708,11.235729,11.098708,11.144382,0.045674,59
2018-05-11,186509,2265257,11.144382,11.235729,11.053035,11.144382,0.0,82
2018-05-14,180199,2218517,11.144382,11.37275,11.098708,11.144382,0.0,83
2018-05-15,234120,2818369,11.098708,11.144382,10.916013,10.916013,-0.228369,107
2018-05-16,322900,3874903,10.87034,11.098708,10.87034,10.916013,0.0,114
2018-05-17,145650,1758883,10.961687,11.144382,10.916013,10.916013,0.0,59
2018-05-18,200824,2459473,11.190056,11.418424,11.007361,11.098708,0.182695,117
2018-05-21,139561,1694085,11.098708,11.190056,11.007361,11.098708,0.0,84
2018-05-22,285260,3445682,11.053035,11.098708,11.007361,11.007361,-0.091347,104
2018-05-23,119499,1437588,11.007361,11.053035,10.961687,11.007361,0.0,57
2018-05-24,112499,1362288,11.098708,11.144382,11.007361,11.053035,0.045674,51
2018-05-25,194926,2340198,11.053035,11.053035,10.916013,10.916013,-0.137022,90
2018-05-28,209125,2514286,10.961687,11.098708,10.916013,10.961687,0.045674,110
2018-05-29,289738,3501455,11.144382,11.144382,10.961687,11.007361,0.045674,111
2018-05-30,4482950,58844900,11.007361,12.10353,11.007361,12.10353,1.096169,1409
2018-05-31,2865964,37600034,12.149203,12.331898,11.555445,11.692466,-0.411064,1052
2018-06-01,1020502,12972523,11.73814,11.829487,11.418424,11.73814,0.045674,426
2018-06-04,2956571,39973972,12.012182,12.834309,11.966509,12.377572,0.639432,1076
2018-06-05,5607743,82619821,12.925656,13.610762,12.60594,13.610762,1.23319,1696
2018-06-06,6512297,98154605,13.702109,14.20452,13.245372,13.793456,0.182694,2717
2018-06-07,4823422,73354030,14.021825,14.250193,13.336719,13.793456,0.0,2054
2018-06-08,1778743,26826123,13.976151,14.067499,13.565088,13.702109,-0.091347,879
2018-06-11,6114995,98299087,14.021825,15.07232,13.747783,15.07232,1.370211,2412
2018-06-12,4911351,77919501,14.889625,14.980973,14.021825,14.569909,-0.502411,2325
2018-06-13,2006789,31849037,14.798278,14.843951,14.20452,14.387214,-0.182695,953
2018-06-14,2883271,46710736,14.524236,15.209341,14.432888,14.70693,0.319716,1387
2018-06-15,3148538,48221961,14.70693,14.798278,13.336719,13.702109,-1.004821,1601
2018-06-19,1434935,20919354,13.610762,13.610762,13.154025,13.291046,-0.411063,672
2018-06-20,1446247,21026465,13.428067,13.656435,12.925656,13.245372,-0.045674,614
2018-06-21,1632450,24610602,13.610762,14.067499,13.610762,13.702109,0.456737,807
2018-06-22,799823,11931508,13.565088,13.83913,13.336719,13.702109,0.0,413
2018-06-25,3048203,45333518,14.113172,14.158846,13.154025,13.154025,-0.548084,1147
2018-06-26,4118887,53898905,11.875161,12.377572,11.875161,12.057856,-1.096169,1568
2018-06-27,1127631,14732233,12.057856,12.149203,11.73814,11.966509,-0.091347,418
2018-06-28,963051,12715214,12.194877,12.240551,11.875161,11.920835,-0.045674,393
2018-06-29,407500,5343625,11.920835,12.057856,11.920835,11.966509,0.045674,196
2018-07-02,432700,5649970,11.966509,11.966509,11.875161,11.966509,0.0,139
2018-07-03,499607,6555261,11.966509,12.194877,11.920835,11.966509,0.0,203
2018-07-04,479725,6254680,11.966509,12.012182,11.829487,11.829487,-0.137022,204
2018-07-05,1188051,15214813,11.875161,12.057856,11.418424,11.966509,0.137022,372
2018-07-06,750180,9472502,11.966509,11.966509,11.235729,11.601119,-0.36539,322
2018-07-09,545712,6817827,11.327077,11.73814,11.327077,11.37275,-0.228369,207
2018-07-10,329601,4145711,11.646793,11.692466,11.37275,11.509772,0.137022,167
2018-07-11,325750,4199923,11.509772,11.875161,11.464098,11.783814,0.274042,180
2018-07-12,498942,6327542,11.783814,11.875161,11.464098,11.829487,0.045673,157
2018-07-13,288160,3696296,11.875161,11.875161,11.601119,11.73814,-0.091347,163
2018-07-16,188306,2414825,11.73814,11.829487,11.646793,11.646793,-0.091347,111
2018-07-17,128253,1628085,11.73814,11.73814,11.555445,11.601119,-0.045674,103
2018-07-18,351473,4481202,11.601119,11.829487,11.509772,11.783814,0.182695,163
2018-07-19,175802,2244473,11.73814,11.73814,11.601119,11.601119,-0.182695,101
2018-07-20,136340,1730401,11.692466,11.692466,11.555445,11.555445,-0.045674,69
2018-07-23,177956,2243142,11.646793,11.646793,11.464098,11.464098,-0.091347,95
2018-07-24,190822,2419888,11.601119,11.646793,11.509772,11.601119,0.137021,97
2018-07-25,223200,2833790,11.601119,11.783814,11.509772,11.601119,0.0,74
2018-07-26,386875,4940799,11.73814,11.829487,11.555445,11.783814,0.182695,135
2018-07-27,147550,1903815,11.783814,11.829487,11.73814,11.73814,-0.045674,79
2018-07-30,1822025,24899250,11.829487,12.834309,11.829487,12.788635,1.050495,856
2018-07-31,922502,12467273,12.286224,12.60594,12.194877,12.468919,-0.319716,402
2018-08-01,559850,7701609,12.331898,12.742961,12.240551,12.514593,0.045674,250
2018-08-02,648025,8856392,12.514593,12.742961,12.149203,12.60594,0.091347,264
2018-08-03,273052,3735656,12.651614,12.697288,12.377572,12.423245,-0.182695,148
2018-08-06,347489,4636700,12.377572,12.377572,12.149203,12.149203,-0.274042,166
2018-08-07,126291,1663526,12.149203,12.149203,11.966509,12.057856,-0.091347,71
2018-08-08,1036000,13322446,11.829487,11.875161,11.646793,11.692466,-0.36539,326
2018-08-09,442510,5685027,11.829487,11.875161,11.646793,11.875161,0.182695,138
2018-08-10,231600,2996110,11.920835,11.966509,11.692466,11.73814,-0.137021,132
2018-08-13,1004657,12365729,11.601119,11.601119,10.916013,11.144382,-0.593758,399
2018-08-14,192852,2380193,11.235729,11.37275,11.235729,11.235729,0.091347,101
2018-08-15,460059,5578423,11.144382,11.281403,10.961687,11.281403,0.045674,185
2018-08-16,459770,5507265,11.190056,11.235729,10.778992,11.007361,-0.274042,196
2018-08-17,125809,1516658,10.961687,11.190056,10.87034,11.007361,0.0,82
2018-08-20,127300,1536430,11.144382,11.144382,10.961687,10.961687,-0.045674,61
2018-08-21,115825,1412380,11.098708,11.281403,11.053035,11.144382,0.182695,76
2018-08-22,246003,2956136,11.144382,11.144382,10.916013,11.007361,-0.137021,115
2018-08-23,142343,1726833,11.053035,11.235729,10.961687,11.235729,0.228368,63
2018-08-24,55562,669060,11.007361,11.098708,10.961687,11.053035,-0.182694,34
2018-08-27,72390,875967,11.007361,11.190056,10.961687,11.053035,0.0,58
2018-08-28,200401,2421979,11.053035,11.235729,10.961687,11.007361,-0.045674,125
2018-08-29,70850,853084,10.961687,11.053035,10.961687,11.007361,0.0,48
2018-08-30,109013,1316563,11.007361,11.144382,11.007361,11.007361,0.0,62
2018-08-31,54268,656341,11.007361,11.098708,11.007361,11.098708,0.091347,47
2018-09-03,215731,2587405,11.098708,11.098708,10.916013,10.916013,-0.182695,120
2018-09-04,114000,1364500,10.961687,10.961687,10.916013,10.961687,0.045674,53
2018-09-05,144550,1734819,10.916013,11.007361,10.916013,10.961687,0.0,74
2018-09-06,116597,1397514,10.961687,11.007361,10.916013,10.916013,-0.045674,68
2018-09-07,595250,6930434,10.916013,10.961687,10.322255,10.459277,-0.456736,222
2018-09-10,808625,8597225,10.459277,10.50495,9.454455,9.591476,-0.867801,359
2018-09-11,403412,4200358,9.454455,9.865518,9.27176,9.545803,-0.045673,227
2018-09-12,145420,1529700,9.545803,9.728497,9.545803,9.63715,0.091347,108
2018-09-13,204238,2185468,9.63715,9.865518,9.63715,9.865518,0.228368,106
2018-09-14,566960,6677425,10.413603,10.824666,10.413603,10.824666,0.959148,224
2018-09-17,791767,9354895,10.596298,11.235729,10.596298,10.733319,-0.091347,373
2018-09-18,490118,5726414,10.733319,10.778992,10.550624,10.596298,-0.137021,153
2018-09-19,447559,5249525,10.276582,10.87034,10.276582,10.50495,-0.091348,183
2018-09-20,299000,3501600,10.50495,10.824666,10.50495,10.596298,0.091348,76
2018-09-21,114251,1318211,10.50495,10.778992,10.50495,10.550624,-0.045674,59
2018-09-25,108861,1260014,10.687645,10.687645,10.50495,10.50495,-0.045674,60
2018-09-26,188638,2140871,10.413603,10.550624,10.230908,10.367929,-0.137021,103
2018-09-27,177350,1991920,10.367929,10.413603,10.185234,10.230908,-0.137021,131
2018-09-28,136302,1528562,10.322255,10.322255,10.139561,10.230908,0.0,61
2018-10-01,265698,3017940,10.139561,10.596298,10.139561,10.322255,0.091347,107
2018-10-02,94268,1068144,10.413603,10.459277,10.276582,10.322255,0.0,59
2018-10-03,259250,2891924,10.322255,10.322255,10.048213,10.185234,-0.137021,115
2018-10-04,173150,1905213,10.185234,10.185234,9.956866,10.00254,-0.182694,91
2018-10-05,462579,4903398,10.00254,10.00254,9.500129,9.63715,-0.36539,207
2018-10-08,119795,1258798,9.591476,9.728497,9.545803,9.591476,-0.045674,85
2018-10-09,309741,3186067,9.682824,9.682824,9.27176,9.317434,-0.274042,118
2018-10-11,658278,6122412,9.043392,9.043392,8.385691,8.495308,-0.822126,244
2018-10-12,189000,1740550,8.495308,8.540981,7.764528,8.513577,0.018269,102
2018-10-15,77851,709117,8.586655,8.632329,7.764528,8.504442,-0.009135,54
2018-10-16,70587,663581,8.40396,8.678002,8.40396,8.632329,0.127887,50
2018-10-17,149193,1420653,8.641463,8.906371,8.641463,8.696272,0.063943,67
2018-10-18,68000,643030,8.696272,8.696272,8.604924,8.604924,-0.091348,38
2018-10-19,81000,759530,8.604924,8.604924,8.495308,8.59579,-0.009134,34
2018-10-22,116450,1107280,8.723676,8.760215,8.59579,8.678002,0.082212,83
2018-10-23,237991,2240511,8.678002,8.687137,8.540981,8.540981,-0.137021,58
2018-10-24,171127,1590811,8.540981,8.540981,8.413095,8.440499,-0.100482,50
2018-10-25,487000,4291320,8.221265,8.2304,7.855876,7.88328,-0.557219,151
2018-10-26,599100,5173499,8.312613,8.312613,7.654912,7.828472,-0.054808,158
2018-10-29,287000,2364540,7.335196,7.673181,7.335196,7.481352,-0.34712,132
2018-10-30,635557,5015277,7.481352,7.53616,7.052019,7.225579,-0.255773,243
2018-10-31,250031,2002946,7.225579,7.426543,7.216444,7.289522,0.063943,134
2018-11-01,360701,2901874,7.307791,7.463082,7.262118,7.307791,0.018269,167
2018-11-02,359031,2900092,7.399139,7.463082,7.289522,7.326061,0.01827,132
2018-11-05,182202,1462615,7.326061,7.380869,7.289522,7.316926,-0.009135,79
2018-11-06,210643,1684318,7.335196,7.353465,7.262118,7.280387,-0.036539,84
2018-11-07,214103,1717203,7.289522,7.3626,7.289522,7.353465,0.073078,105
2018-11-08,292758,2370506,7.481352,7.490486,7.316926,7.335196,-0.018269,164
2018-11-09,219002,1752036,7.444813,7.444813,7.262118,7.316926,-0.01827,85
2018-11-12,302050,2401331,7.316926,7.371735,7.179905,7.298657,-0.018269,131
2018-11-13,293000,2327360,7.262118,7.380869,7.17077,7.298657,0.0,114
2018-11-14,1648350,13549273,7.298657,7.654912,7.225579,7.581834,0.283177,389
2018-11-15,1063055,8551857,7.527025,7.527025,7.243848,7.307791,-0.274043,464
2018-11-16,275457,2200885,7.307791,7.353465,7.271253,7.271253,-0.036538,141
2018-11-19,270007,2144589,7.262118,7.298657,7.225579,7.298657,0.027404,117
2018-11-20,324200,2607515,7.280387,7.435678,7.280387,7.316926,0.018269,138
2018-11-21,335457,2609122,7.34433,7.34433,6.66836,7.179905,-0.137021,141
2018-11-22,246012,1949669,7.216444,7.353465,7.17077,7.18904,0.009135,117
2018-11-23,150202,1181320,7.243848,7.243848,7.143366,7.143366,-0.045674,80
2018-11-26,187160,1491604,7.307791,7.34433,7.225579,7.280387,0.137021,119
2018-11-27,205428,1645214,7.307791,7.34433,7.289522,7.307791,0.027404,91
2018-11-28,438556,3511778,7.353465,7.390004,7.289522,7.298657,-0.009134,170
2018-11-29,399250,3255344,7.353465,7.51789,7.316926,7.444813,0.146156,216
2018-11-30,894309,7402828,7.472217,7.618373,7.472217,7.563564,0.118751,280
2018-12-03,878468,7424034,7.609238,7.846741,7.581834,7.810202,0.246638,338
2018-12-04,1924316,17200275,8.212131,8.358286,7.947223,8.038571,0.228369,655
2018-12-05,1202850,10244385,7.846741,7.947223,7.673181,7.737124,-0.301447,431
2018-12-06,1727720,13965110,7.846741,7.846741,7.179905,7.271253,-0.465871,558
2018-12-07,619643,5007633,7.3626,7.472217,7.307791,7.408274,0.137021,210
2018-12-10,584900,4611150,7.161636,7.353465,7.125097,7.152501,-0.255773,258
2018-12-11,292911,2311177,7.289522,7.289522,7.17077,7.17077,0.018269,147
2018-12-12,273206,2187785,7.243848,7.371735,7.179905,7.307791,0.137021,131
2018-12-13,353108,2829734,7.3626,7.380869,7.289522,7.316926,0.009135,153
2018-12-14,166050,1326841,7.335196,7.399139,7.271253,7.298657,-0.018269,107
2018-12-17,778025,6618090,7.298657,8.020301,7.243848,7.819337,0.52068,409
2018-12-18,526119,4438610,7.718855,7.928954,7.490486,7.53616,-0.283177,240
2018-12-19,325050,2693998,7.554429,7.664046,7.545295,7.581834,0.045674,152
2018-12-20,438015,3585652,7.444813,7.600103,7.399139,7.490486,-0.091348,153
2018-12-21,234387,1924590,7.444813,7.581834,7.435678,7.581834,0.091348,97
2018-12-22,129400,1081264,7.782798,7.782798,7.545295,7.590968,0.009134,95
2018-12-24,583415,4874950,7.664046,7.691451,7.508756,7.691451,0.100483,149
2018-12-25,220099,1811600,7.636642,7.636642,7.453947,7.572699,-0.118752,125
2018-12-26,85011,699331,7.563564,7.572699,7.490486,7.490486,-0.082213,63
2018-12-27,113614,933604,7.581834,7.581834,7.481352,7.481352,-0.009134,80
2018-12-28,151049,1234714,7.490486,7.508756,7.417408,7.435678,-0.045674,85
2019-01-02,106374,862462,7.435678,7.444813,7.3626,7.3626,-0.073078,72
2019-01-03,130005,1047550,7.3626,7.426543,7.326061,7.353465,-0.009135,64
2019-01-04,251566,2005033,7.353465,7.417408,7.125097,7.417408,0.063943,110
2019-01-07,199150,1641084,7.490486,7.654912,7.481352,7.572699,0.155291,116
2019-01-08,201218,1645098,7.435678,7.563564,7.399139,7.472217,-0.100482,116
2019-01-09,688053,5832293,7.627507,7.947223,7.581834,7.737124,0.264907,353
2019-01-10,226462,1876976,7.645777,7.645777,7.53616,7.563564,-0.17356,146
2019-01-11,205644,1714732,7.563564,7.718855,7.563564,7.563564,0.0,103
2019-01-14,155447,1278851,7.627507,7.627507,7.426543,7.490486,-0.073078,95
2019-01-15,67918,556563,7.490486,7.51789,7.453947,7.490486,0.0,68
2019-01-16,82018,677552,7.508756,7.618373,7.499621,7.51789,0.027404,56
2019-01-17,117018,962580,7.490486,7.600103,7.490486,7.600103,0.082213,75
2019-01-18,78500,650634,7.527025,7.618373,7.527025,7.581834,-0.018269,59
2019-01-21,132516,1095665,7.600103,7.600103,7.53616,7.545295,-0.036539,97
2019-01-22,66050,545924,7.53616,7.581834,7.527025,7.563564,0.018269,65
2019-01-23,231176,1923172,7.53616,7.645777,7.508756,7.572699,0.009135,94
2019-01-24,445851,3763855,7.664046,7.837606,7.581834,7.746259,0.17356,244
2019-01-25,309008,2580252,7.700585,7.700585,7.600103,7.627507,-0.118752,151
2019-01-28,133575,1113881,7.618373,7.645777,7.609238,7.627507,0.0,101
2019-01-29,155614,1291529,7.627507,7.627507,7.545295,7.581834,-0.045673,73
2019-01-30,166188,1382537,7.590968,7.645777,7.554429,7.627507,0.045673,90
2019-02-11,175600,1449884,7.627507,7.673181,7.444813,7.545295,-0.082212,124
2019-02-12,86500,713656,7.545295,7.572699,7.499621,7.572699,0.027404,79
2019-02-13,114641,948133,7.581834,7.581834,7.545295,7.554429,-0.01827,90
2019-02-14,146895,1221013,7.554429,7.618373,7.545295,7.609238,0.054809,111
2019-02-15,440875,3707912,7.590968,7.764528,7.590968,7.70972,0.100482,212
2019-02-18,791915,6797861,7.828472,7.965493,7.718855,7.837606,0.127886,372
2019-02-19,461850,3939380,7.819337,7.892415,7.727989,7.746259,-0.091347,264
2019-02-20,1200395,10541858,7.746259,8.129918,7.746259,8.047705,0.301446,504
2019-02-21,380301,3323138,8.047705,8.05684,7.910684,7.938088,-0.109617,187
2019-02-22,271203,2355278,7.919819,7.965493,7.910684,7.928954,-0.009134,145
2019-02-25,213902,1860900,7.992897,8.084244,7.910684,7.910684,-0.01827,225
2019-02-26,251012,2183546,7.919819,8.002032,7.892415,7.910684,0.0,136
2019-02-27,184147,1587881,7.874145,7.938088,7.855876,7.892415,-0.018269,135
2019-03-04,261903,2248764,7.947223,7.992897,7.791933,7.865011,-0.027404,227
2019-03-05,232085,2012238,7.855876,7.983762,7.855876,7.90155,0.036539,164
2019-03-06,230200,1989900,7.755394,7.956358,7.755394,7.910684,0.009134,155
2019-03-07,344950,3011244,7.947223,8.102514,7.837606,7.865011,-0.045673,227
2019-03-08,274850,2347327,7.865011,7.865011,7.737124,7.810202,-0.054809,180
2019-03-11,203500,1732417,7.855876,7.855876,7.755394,7.801067,-0.009135,182
2019-03-12,982311,8203966,7.837606,7.837606,7.755394,7.755394,-0.045673,173
2019-03-13,237264,2030074,7.764528,7.874145,7.764528,7.819337,0.063943,155
2019-03-14,289597,2500208,7.819337,7.965493,7.819337,7.919819,0.100482,226
2019-03-15,278852,2419774,7.919819,7.983762,7.90155,7.910684,-0.009135,172
2019-03-18,113998,987190,7.910684,7.947223,7.874145,7.892415,-0.018269,197
2019-03-19,356277,3053616,7.892415,7.90155,7.810202,7.819337,-0.073078,142
2019-03-20,256978,2186814,7.819337,7.828472,7.727989,7.737124,-0.082213,190
2019-03-21,225312,1910133,7.764528,7.819337,7.691451,7.746259,0.009135,165
2019-03-22,183676,1555101,7.746259,7.801067,7.700585,7.746259,0.0,137
2019-03-25,356375,2999415,7.70972,7.801067,7.581834,7.801067,0.054808,196
2019-03-26,311968,2687299,7.791933,7.919819,7.791933,7.919819,0.118752,148
2019-03-27,264969,2295500,7.874145,7.992897,7.855876,7.938088,0.018269,124
2019-03-28,475234,4160493,7.956358,8.065975,7.90155,7.947223,0.009135,202
2019-03-29,201527,1748440,7.992897,7.992897,7.865011,7.992897,0.045674,131
2019-04-01,391433,3364269,7.974627,7.983762,7.764528,7.764528,-0.228369,176
2019-04-02,326227,2748803,7.764528,7.764528,7.636642,7.654912,-0.109616,158
2019-04-03,279700,2338514,7.654912,7.691451,7.609238,7.636642,-0.01827,146
2019-04-08,194870,1625899,7.654912,7.673181,7.609238,7.636642,0.0,112
2019-04-09,264484,2202850,7.645777,7.654912,7.581834,7.590968,-0.045674,145
2019-04-10,102105,854320,7.636642,7.718855,7.609238,7.654912,0.063944,73
2019-04-11,152648,1280489,7.673181,7.764528,7.636642,7.645777,-0.009135,358
2019-04-12,137412,1149277,7.645777,7.673181,7.627507,7.645777,0.0,264
2019-04-15,151273,1266909,7.654912,7.70972,7.627507,7.673181,0.027404,291
2019-04-16,286215,2406727,7.673181,7.718855,7.654912,7.673181,0.0,221
2019-04-17,183869,1544657,7.682316,7.70972,7.645777,7.691451,0.01827,244
2019-04-18,920970,8052029,7.654912,8.358286,7.645777,8.065975,0.374524,494
2019-04-19,670799,5855232,8.020301,8.084244,7.855876,7.938088,-0.127887,407
2019-04-22,300211,2593239,7.938088,7.947223,7.855876,7.865011,-0.073077,351
2019-04-23,219165,1886339,7.892415,7.928954,7.782798,7.910684,0.045673,158
2019-04-24,258878,2250495,7.992897,7.992897,7.874145,7.928954,0.01827,209
2019-04-25,3768468,35048460,8.011166,8.714541,7.938088,8.714541,0.785587,1110
2019-04-26,2124781,19871465,8.623194,8.650598,8.312613,8.458769,-0.255772,789
2019-04-29,779113,7131539,8.559251,8.559251,8.266939,8.266939,-0.19183,337
2019-04-30,1269135,12022763,8.266939,8.94291,8.148187,8.94291,0.675971,589
2019-05-02,4469519,47178029,8.952045,9.819845,8.952045,9.819845,0.876935,1608
2019-05-03,5415051,61577092,9.865518,10.778992,9.682824,10.778992,0.959147,2106
2019-05-06,5199146,62275027,10.87034,11.418424,10.230908,11.007361,0.228369,2198
2019-05-07,3322468,38796524,11.190056,11.235729,10.322255,10.596298,-0.411063,1524
2019-05-08,1917117,21555659,10.550624,10.596298,9.956866,10.276582,-0.319716,830
2019-05-09,1598102,17874979,10.413603,10.596298,9.956866,10.185234,-0.091348,823
2019-05-10,1891184,19922942,9.956866,10.048213,9.180413,9.500129,-0.685105,882
2019-05-13,1110981,10876627,8.614059,9.317434,8.614059,9.079931,-0.420198,573
2019-05-14,1254131,12812306,9.061661,9.774171,8.678002,9.774171,0.69424,609
2019-05-15,1497058,16142151,9.865518,10.139561,9.408782,9.545803,-0.228368,661
2019-05-16,400150,4124194,9.545803,9.591476,9.317434,9.317434,-0.228369,219
2019-05-17,656424,6670677,9.408782,9.63715,9.0982,9.134739,-0.182695,317
2019-05-20,699049,6915405,9.134739,9.226087,8.952045,9.043392,-0.091347,280
2019-05-21,347504,3538130,8.961179,9.454455,8.961179,9.363108,0.319716,205
2019-05-22,3062537,34058786,9.774171,10.276582,9.728497,10.276582,0.913474,1025
2019-05-23,2637708,29366042,10.00254,10.596298,9.865518,10.185234,-0.091348,1170
2019-05-24,1392965,15336316,10.048213,10.459277,9.774171,9.911192,-0.274042,688
2019-05-27,658577,7271947,9.911192,10.276582,9.865518,10.139561,0.228369,301
2019-05-28,564377,6218121,10.139561,10.276582,9.956866,9.956866,-0.182695,249
2019-05-29,641101,6852709,9.774171,9.911192,9.591476,9.682824,-0.274042,305
2019-05-30,875680,9090550,9.63715,9.774171,9.27176,9.408782,-0.274042,355
2019-05-31,1024810,11010471,9.408782,10.230908,9.317434,10.230908,0.822126,545
2019-06-03,683958,7490140,10.093887,10.139561,9.819845,10.048213,-0.182695,352
2019-06-04,335640,3644528,10.00254,10.139561,9.819845,9.819845,-0.228368,188
2019-06-05,443461,4843020,10.00254,10.139561,9.865518,10.048213,0.228368,233
2019-06-06,338303,3686585,10.048213,10.093887,9.865518,9.911192,-0.137021,183
2019-06-10,554588,6096405,10.048213,10.185234,9.956866,10.00254,0.091348,233
2019-06-11,617300,6584179,9.865518,9.956866,9.63715,9.682824,-0.319716,316
2019-06-12,453541,4793427,9.682824,9.819845,9.500129,9.591476,-0.091348,224
2019-06-13,289224,3050851,9.591476,9.774171,9.545803,9.682824,0.091348,163
2019-06-14,492160,5132605,9.728497,9.728497,9.408782,9.454455,-0.228369,229
2019-06-17,1111749,11258940,9.454455,9.500129,9.134739,9.134739,-0.319716,352
2019-06-18,473006,4865110,9.134739,9.63715,9.134739,9.317434,0.182695,250
2019-06-19,663002,6724518,9.317434,9.500129,9.134739,9.317434,0.0,285
2019-06-20,337116,3417071,9.226087,9.363108,9.226087,9.226087,-0.091347,169
2019-06-21,1204076,12084869,9.27176,9.408782,9.134739,9.27176,0.045673,353
2019-06-24,299929,3044680,9.317434,9.317434,9.226087,9.317434,0.045674,138
2019-06-25,281052,2866029,9.363108,9.408782,9.226087,9.226087,-0.091347,134
2019-06-26,227142,2298132,9.226087,9.317434,9.180413,9.27176,0.045673,112
2019-06-27,1202687,12634696,9.408782,9.728497,9.408782,9.63715,0.36539,538
2019-06-28,405137,4222837,9.591476,9.682824,9.454455,9.545803,-0.091347,179
2019-07-01,411100,4246735,9.682824,9.682824,9.363108,9.454455,-0.091348,184
2019-07-02,212143,2193156,9.500129,9.500129,9.408782,9.408782,-0.045673,100
2019-07-03,286451,2989789,9.408782,9.682824,9.408782,9.545803,0.137021,147
2019-07-04,178102,1852009,9.545803,9.591476,9.408782,9.500129,-0.045674,93
2019-07-05,275288,2875566,9.500129,9.591476,9.500129,9.500129,0.0,129
2019-07-08,266381,2790861,9.591476,9.63715,9.500129,9.545803,0.045674,133
2019-07-09,1668646,18150239,9.728497,10.276582,9.591476,10.00254,0.456737,748
2019-07-10,4717525,54579038,10.185234,10.961687,10.093887,10.916013,0.913473,1797
2019-07-11,2629463,30456295,10.778992,10.778992,10.413603,10.550624,-0.365389,1144
2019-07-12,2937600,35014237,10.733319,11.144382,10.459277,10.961687,0.411063,1316
2019-07-15,2870583,34314596,10.916013,11.098708,10.596298,11.053035,0.091348,1101
2019-07-16,1806381,21802430,11.053035,11.235729,10.824666,10.87034,-0.182695,694
2019-07-17,1335526,15548321,10.961687,10.961687,10.550624,10.550624,-0.319716,580
2019-07-18,915050,10446314,10.778992,10.778992,10.322255,10.413603,-0.137021,400
2019-07-19,1237462,13892875,10.413603,10.50495,10.093887,10.230908,-0.182695,461
2019-07-22,932687,10507109,10.230908,10.550624,10.093887,10.413603,0.182695,397
2019-07-23,640900,7229128,10.413603,10.459277,10.139561,10.276582,-0.137021,304
2019-07-24,396677,4433646,10.276582,10.276582,10.185234,10.185234,-0.091348,212
2019-07-25,2200997,25791362,10.230908,11.144382,10.230908,10.641971,0.456737,882
2019-07-26,719100,8225830,10.50495,10.596298,10.322255,10.367929,-0.274042,389
2019-07-29,680099,7801337,10.596298,10.596298,10.367929,10.550624,0.182695,321
2019-07-30,1029800,11590050,10.550624,10.550624,10.139561,10.139561,-0.411063,429
2019-07-31,1761173,18732050,10.230908,10.230908,9.500129,9.865518,-0.274043,634
2019-08-01,696141,7628251,9.682824,10.230908,9.682824,10.048213,0.182695,326
2019-08-02,593500,6364400,9.865518,9.956866,9.728497,9.774171,-0.274042,240
2019-08-05,532260,5832306,9.865518,10.276582,9.865518,9.911192,0.137021,278
2019-08-06,472883,4961825,9.682824,9.819845,9.317434,9.819845,-0.091347,210
2019-08-07,741350,8196512,10.139561,10.230908,10.00254,10.00254,0.182695,372
2019-08-08,325044,3523180,10.00254,10.00254,9.774171,9.956866,-0.045674,143
2019-08-12,333261,3632371,9.774171,10.093887,9.774171,9.956866,0.0,159
2019-08-13,391311,4314638,10.048213,10.185234,10.00254,10.048213,0.091347,175
2019-08-14,494450,5448500,10.185234,10.322255,9.956866,10.048213,0.0,184
2019-08-15,1642627,18649332,10.093887,10.641971,10.00254,10.413603,0.36539,709
2019-08-16,731251,8130386,10.367929,10.367929,10.00254,10.185234,-0.228369,337
2019-08-19,588200,6536900,10.276582,10.322255,10.093887,10.093887,-0.091347,320
2019-08-20,534477,5859821,10.093887,10.185234,9.911192,9.911192,-0.182695,256
2019-08-21,348794,3787803,10.00254,10.048213,9.865518,10.00254,0.091348,152
2019-08-22,367351,3985372,10.00254,10.00254,9.774171,9.865518,-0.137022,150
2019-08-23,240150,2609920,9.865518,10.00254,9.865518,9.865518,0.0,122
2019-08-26,461813,4920178,9.819845,9.956866,9.591476,9.865518,0.0,203
2019-08-27,255502,2787270,9.865518,10.093887,9.865518,9.865518,0.0,144
2019-08-28,254008,2745785,9.865518,10.00254,9.819845,9.819845,-0.045673,127
2019-08-29,268135,2877678,9.819845,9.865518,9.728497,9.774171,-0.045674,134
2019-08-30,401259,4300090,9.865518,9.911192,9.728497,9.728497,-0.045674,187
2019-09-02,426601,4572919,9.819845,9.911192,9.682824,9.774171,0.045674,191
2019-09-03,342604,3647728,9.865518,9.865518,9.63715,9.682824,-0.091347,168
2019-09-04,346201,3684760,9.682824,9.819845,9.682824,9.728497,0.045673,163
2019-09-05,508716,5461057,9.774171,9.911192,9.682824,9.774171,0.045674,219
2019-09-06,425113,4544083,9.911192,9.911192,9.682824,9.682824,-0.091347,158
2019-09-09,254603,2694238,9.682824,9.728497,9.63715,9.682824,0.0,109
2019-09-10,506004,5232540,9.363108,9.591476,9.363108,9.500129,-0.182695,214
2019-09-11,221714,2308400,9.545803,9.545803,9.500129,9.500129,0.0,110
2019-09-12,236277,2464929,9.500129,9.591476,9.454455,9.591476,0.091347,99
2019-09-16,620338,6584997,9.591476,9.911192,9.591476,9.682824,0.091348,181
2019-09-17,330445,3528765,9.682824,9.865518,9.682824,9.774171,0.091347,120
2019-09-18,1754434,19516402,9.774171,10.50495,9.728497,10.413603,0.639432,666
2019-09-19,1819076,20422827,10.687645,10.687645,10.048213,10.048213,-0.36539,536
2019-09-20,394025,4297468,9.865518,10.139561,9.865518,10.00254,-0.045673,178
2019-09-23,576100,6374407,10.048213,10.322255,9.911192,10.139561,0.137021,265
2019-09-24,822000,9085750,10.139561,10.276582,10.00254,10.048213,-0.091348,197
2019-09-25,539201,5843669,9.911192,10.048213,9.819845,9.865518,-0.182695,177
2019-09-26,243795,2664545,10.048213,10.048213,9.865518,10.048213,0.182695,122
2019-09-27,333850,3604478,10.048213,10.048213,9.774171,9.956866,-0.091347,162
2019-10-01,382202,4120960,9.956866,10.048213,9.728497,9.774171,-0.182695,167
2019-10-02,293499,3181988,9.682824,10.00254,9.682824,10.00254,0.228369,111
2019-10-03,116743,1268571,10.00254,10.00254,9.819845,9.956866,-0.045674,75
2019-10-04,295031,3167587,10.00254,10.00254,9.591476,9.911192,-0.045674,129
2019-10-07,284535,3044220,9.956866,9.956866,9.728497,9.728497,-0.182695,122
2019-10-08,258048,2778512,9.865518,9.956866,9.728497,9.774171,0.045674,110
2019-10-09,120750,1299424,9.956866,9.956866,9.728497,9.819845,0.045674,80
2019-10-14,570477,6091552,10.048213,10.048213,9.682824,9.865518,0.045673,235
2019-10-15,124552,1331550,9.865518,9.865518,9.728497,9.728497,-0.137021,59
2019-10-16,194609,2069603,9.682824,9.774171,9.682824,9.774171,0.045674,103
2019-10-17,235152,2517072,9.774171,9.865518,9.682824,9.819845,0.045674,115
2019-10-18,122008,1305031,9.865518,9.865518,9.728497,9.728497,-0.091348,62
2019-10-21,295001,3126510,9.728497,9.774171,9.63715,9.682824,-0.045673,125
2019-10-22,206800,2199026,9.728497,9.819845,9.682824,9.774171,0.091347,85
2019-10-23,196426,2083563,9.728497,9.774171,9.63715,9.728497,-0.045674,106
2019-10-24,197099,2095798,9.774171,9.819845,9.63715,9.682824,-0.045673,93
2019-10-25,164856,1742237,9.728497,9.728497,9.591476,9.682824,0.0,82
2019-10-28,444763,4803849,9.728497,10.00254,9.728497,9.865518,0.182694,212
2019-10-29,283713,3049702,9.911192,9.956866,9.728497,9.728497,-0.137021,120
2019-10-30,162258,1727496,9.774171,9.819845,9.682824,9.728497,0.0,83
2019-10-31,223150,2363882,9.682824,9.774171,9.63715,9.63715,-0.091347,112
2019-11-01,565553,6118398,9.682824,9.956866,9.682824,9.911192,0.274042,241
2019-11-04,349977,3780402,10.048213,10.048213,9.774171,9.774171,-0.137021,189
2019-11-05,315500,3401546,9.819845,9.956866,9.728497,9.911192,0.137021,156
2019-11-06,181478,1946963,9.911192,9.911192,9.728497,9.728497,-0.182695,91
2019-11-07,230768,2454390,9.728497,9.774171,9.682824,9.728497,0.0,94
2019-11-08,283077,2994850,9.728497,9.728497,9.63715,9.63715,-0.091347,125
2019-11-11,195333,2060362,9.682824,9.774171,9.591476,9.591476,-0.045674,107
2019-11-12,186001,1953160,9.591476,9.63715,9.545803,9.591476,0.0,100
2019-11-13,134330,1404030,9.63715,9.63715,9.500129,9.500129,-0.091347,73
2019-11-14,154100,1601439,9.454455,9.545803,9.454455,9.500129,0.0,82
2019-11-15,328010,3398251,9.454455,9.545803,9.408782,9.408782,-0.091347,136
2019-11-18,269600,2809319,9.363108,9.63715,9.363108,9.545803,0.137021,113
2019-11-19,212157,2192316,9.545803,9.591476,9.363108,9.500129,-0.045674,101
2019-11-20,120581,1249782,9.454455,9.63715,9.408782,9.500129,0.0,75
2019-11-21,98143,1012821,9.500129,9.500129,9.363108,9.500129,0.0,60
2019-11-22,229768,2355121,9.545803,9.545803,9.317434,9.363108,-0.137021,116
2019-11-25,325683,3338849,9.363108,9.454455,9.317434,9.408782,0.045674,125
2019-11-26,344731,3596699,9.454455,9.591476,9.454455,9.545803,0.137021,142
2019-11-27,625896,6693141,9.682824,9.865518,9.63715,9.774171,0.228368,288
2019-11-28,234712,2477445,9.774171,9.774171,9.591476,9.774171,0.0,127
2019-11-29,165817,1753116,9.774171,9.819845,9.545803,9.682824,-0.091347,93
2019-12-02,219964,2272382,9.545803,9.63715,9.317434,9.408782,-0.274042,111
2019-12-03,116622,1199649,9.408782,9.500129,9.363108,9.454455,0.045673,87
2019-12-04,128245,1317732,9.408782,9.454455,9.363108,9.454455,0.0,64
2019-12-05,96093,991711,9.500129,9.500129,9.363108,9.454455,0.0,54
2019-12-06,133400,1370158,9.454455,9.454455,9.363108,9.454455,0.0,79
2019-12-09,233801,2401668,9.363108,9.500129,9.317434,9.363108,-0.091347,98
2019-12-10,169002,1726820,9.408782,9.408782,9.27176,9.317434,-0.045674,90
2019-12-11,195600,1994119,9.317434,9.408782,9.27176,9.363108,0.045674,99
2019-12-12,116800,1189330,9.408782,9.408782,9.27176,9.27176,-0.091348,60
2019-12-13,173503,1781578,9.500129,9.500129,9.27176,9.317434,0.045674,73
2019-12-16,103246,1052181,9.27176,9.363108,9.27176,9.317434,0.0,66
2019-12-17,131468,1339150,9.317434,9.363108,9.27176,9.317434,0.0,81
2019-12-18,153436,1567545,9.317434,9.408782,9.27176,9.363108,0.045674,85
2019-12-19,218149,2205303,9.363108,9.363108,9.180413,9.226087,-0.137021,114
2019-12-20,223637,2254582,9.27176,9.317434,9.180413,9.180413,-0.045674,93
2019-12-23,276872,2779720,9.226087,9.226087,9.134739,9.180413,0.0,113
2019-12-24,79205,799109,9.180413,9.317434,9.180413,9.180413,0.0,41
2019-12-25,241501,2448933,9.226087,9.317434,9.180413,9.317434,0.137021,133
2019-12-26,161750,1634574,9.317434,9.317434,9.180413,9.27176,-0.045674,90
2019-12-27,206716,2087945,9.27176,9.317434,9.180413,9.180413,-0.091347,104
2019-12-30,538429,5325179,9.180413,9.226087,8.970314,9.006853,-0.17356,292
2019-12-31,587487,5993847,9.043392,9.500129,9.043392,9.317434,0.310581,241
2020-01-02,271816,2728872,9.363108,9.363108,9.134739,9.134739,-0.182695,149
2020-01-03,212456,2121121,9.134739,9.27176,9.070796,9.11647,-0.018269,115
2020-01-06,307630,3018965,9.070796,9.070796,8.906371,8.906371,-0.210099,153
2020-01-07,223424,2192177,8.933775,9.11647,8.906371,8.952045,0.045674,108
2020-01-08,90864,887456,9.025122,9.034257,8.860697,8.869832,-0.082213,59
2020-01-09,149700,1461738,8.869832,9.034257,8.860697,8.860697,-0.009135,78
2020-01-10,154889,1503133,8.869832,8.933775,8.842428,8.851562,-0.009135,93
2020-01-13,84802,825126,8.842428,9.015988,8.842428,8.888101,0.036539,52
2020-01-14,181851,1771918,8.897236,8.94291,8.869832,8.933775,0.045674,85
2020-01-15,832376,8354893,8.961179,9.27176,8.961179,9.11647,0.182695,326
2020-01-16,177940,1773840,9.134739,9.180413,9.043392,9.089066,-0.027404,97
2020-01-17,186225,1854137,9.134739,9.180413,9.006853,9.0982,0.009134,80
2020-01-20,265605,2619102,9.134739,9.134739,8.952045,9.061661,-0.036539,119
2020-01-30,555953,5016374,8.678002,8.678002,8.157322,8.175592,-0.886069,240
2020-01-31,382182,3423048,8.212131,8.312613,8.120783,8.202996,0.027404,179
2020-02-03,305293,2631336,8.129918,8.129918,7.764528,7.892415,-0.310581,149
2020-02-04,154384,1349357,7.90155,8.011166,7.90155,7.956358,0.063943,86
2020-02-05,327438,2927231,8.020301,8.312613,8.020301,8.184726,0.228368,200
2020-02-06,195750,1755164,8.221265,8.221265,8.139053,8.202996,0.01827,116
2020-02-07,224355,1990163,8.212131,8.212131,8.05684,8.111649,-0.091347,122
2020-02-10,123024,1087703,8.102514,8.202996,7.947223,8.166457,0.054808,84
2020-02-11,327064,2948470,8.202996,8.303478,8.139053,8.276074,0.109617,175
2020-02-12,87018,786642,8.257804,8.276074,8.239535,8.266939,-0.009135,58
2020-02-13,181765,1647361,8.312613,8.349152,8.2304,8.285209,0.01827,128
2020-02-14,159712,1456860,8.330882,8.367421,8.294343,8.349152,0.063943,107
2020-02-17,196045,1774615,8.312613,8.358286,8.202996,8.266939,-0.082213,135
2020-02-18,137303,1241327,8.266939,8.303478,8.139053,8.239535,-0.027404,92
2020-02-19,97610,881673,8.257804,8.294343,8.221265,8.257804,0.018269,85
2020-02-20,92689,838991,8.257804,8.312613,8.221265,8.276074,0.01827,78
2020-02-21,189021,1719399,8.276074,8.376556,8.266939,8.321748,0.045674,133
2020-02-24,177037,1611493,8.321748,8.394825,8.276074,8.285209,-0.036539,119
2020-02-25,160250,1456990,8.221265,8.458769,8.212131,8.367421,0.082212,100
2020-02-26,113121,1032751,8.367421,8.376556,8.294343,8.349152,-0.018269,73
2020-02-27,247753,2232478,8.349152,8.358286,8.148187,8.175592,-0.17356,136
2020-03-02,235031,2084469,8.129918,8.202996,7.919819,8.184726,0.009134,150
2020-03-03,93065,839662,8.212131,8.312613,8.193861,8.221265,0.036539,100
2020-03-04,265910,2399170,8.221265,8.349152,8.129918,8.303478,0.082213,130
2020-03-05,149684,1362673,8.312613,8.367421,8.266939,8.294343,-0.009135,101
2020-03-06,696659,6364143,8.75108,8.760215,8.221265,8.367421,0.073078,244
2020-03-09,350394,3114989,8.312613,8.312613,8.047705,8.047705,-0.319716,220
2020-03-10,310885,2768948,8.175592,8.358286,7.938088,8.312613,0.264908,181
2020-03-11,245045,2194910,8.239535,8.312613,8.111649,8.148187,-0.164426,106
2020-03-12,511140,4423018,8.202996,8.202996,7.590968,7.764528,-0.383659,176
2020-03-13,594887,4607412,6.988076,7.426543,6.988076,7.052019,-0.712509,276
2020-03-16,280782,2196453,7.052019,7.307791,6.988076,6.988076,-0.063943,149
2020-03-17,427698,3029244,6.704899,6.796246,6.357779,6.449126,-0.53895,195
2020-03-18,321252,2281588,6.458261,6.586147,6.394318,6.439991,-0.009135,160
2020-03-19,403479,2601532,6.357779,6.430856,5.800559,5.800559,-0.639432,208
2020-03-20,228119,1508159,5.800559,6.202488,5.800559,6.038063,0.237504,123
2020-03-23,183220,1135051,6.019793,6.019793,5.572191,5.60873,-0.429333,106
2020-03-24,278500,1750217,5.663538,5.800559,5.654404,5.773155,0.164425,144
2020-03-25,337000,2206469,5.910176,6.074602,5.901042,5.97412,0.200965,195
2020-03-26,159974,1060673,6.047197,6.184219,5.97412,6.092871,0.118751,119
2020-03-27,500217,3504451,6.211623,6.567878,6.165949,6.540473,0.447602,302
2020-03-30,62100,432225,6.485665,6.485665,6.284701,6.421722,-0.118751,59
2020-03-31,178109,1241727,6.531339,6.558743,6.257296,6.366913,-0.054809,115
2020-04-01,175100,1201170,6.366913,6.366913,6.211623,6.366913,0.0,104
2020-04-06,74251,519437,6.394318,6.540473,6.330374,6.403452,0.036539,57
2020-04-07,199183,1397990,6.47653,6.47653,6.376048,6.421722,0.01827,95
2020-04-08,335760,2399625,6.458261,6.704899,6.30297,6.65009,0.228368,153
2020-04-09,120200,869134,6.65009,6.796246,6.549608,6.595282,-0.054808,56
2020-04-10,127271,933005,6.988076,6.988076,6.65009,6.66836,0.073078,76
2020-04-13,196001,1412988,6.677494,6.787111,6.513069,6.513069,-0.155291,63
2020-04-14,311825,2269500,6.567878,6.84192,6.558743,6.796246,0.283177,157
2020-04-15,304003,2267657,6.796246,6.978941,6.750572,6.969806,0.17356,177
2020-04-16,208146,1589568,6.969806,7.143366,6.896728,7.042884,0.073078,122
2020-04-17,371308,2860170,7.216444,7.216444,6.914998,7.01548,-0.027404,130
2020-04-20,68500,521931,7.01548,7.106827,6.851054,6.851054,-0.164426,59
2020-04-21,257179,1886608,6.860189,6.860189,6.65009,6.65009,-0.200964,120
2020-04-22,130008,934666,6.503934,6.714033,6.485665,6.686629,0.036539,61
2020-04-23,81750,597891,6.851054,6.851054,6.65009,6.695764,0.009135,50
2020-04-24,104203,765905,6.796246,6.796246,6.631821,6.714033,0.018269,52
2020-04-27,141083,1056347,6.714033,7.115962,6.714033,6.933267,0.219234,114
2020-04-28,91007,691719,7.115962,7.115962,6.851054,6.969806,0.036539,66
2020-04-29,136120,1037778,6.942402,7.006345,6.933267,6.978941,0.009135,94
2020-04-30,199061,1532223,7.052019,7.106827,6.978941,7.01548,0.036539,125
2020-05-04,179018,1343779,6.942402,6.960671,6.814516,6.851054,-0.164426,110
2020-05-05,423572,3243995,6.860189,7.106827,6.860189,7.01548,0.164426,229
2020-05-06,214011,1629192,6.969806,6.99721,6.896728,6.924132,-0.091348,119
2020-05-07,148116,1125080,7.01548,7.01548,6.878459,6.933267,0.009135,85
2020-05-08,269253,2035340,7.070288,7.070288,6.832785,6.896728,-0.036539,128
2020-05-11,361938,2695453,6.759707,6.914998,6.750572,6.759707,-0.137021,151
2020-05-12,192377,1423383,6.759707,6.878459,6.723168,6.777977,0.01827,115
2020-05-13,351400,2566855,6.741438,6.787111,6.622686,6.659225,-0.118752,154
2020-05-14,1187261,8621238,6.677494,6.84192,6.549608,6.84192,0.182695,271
2020-05-15,3131089,24509153,6.851054,7.508756,6.84192,7.444813,0.602893,936
2020-05-18,1288698,10292251,7.225579,7.609238,6.988076,7.426543,-0.01827,584
2020-05-19,828445,6714392,7.444813,7.51789,7.307791,7.463082,0.036539,344
2020-05-20,356488,2891062,7.463082,7.545295,7.335196,7.399139,-0.063943,206
2020-05-21,849850,6849158,7.444813,7.508756,7.307791,7.426543,0.027404,231
2020-05-22,978234,7988775,7.435678,7.846741,7.280387,7.481352,0.054809,368
2020-05-25,244000,1970660,7.481352,7.481352,7.353465,7.353465,-0.127887,124
2020-05-26,533815,4305681,7.399139,7.490486,7.271253,7.435678,0.082213,220
2020-05-27,202003,1633914,7.34433,7.444813,7.34433,7.399139,-0.036539,108
2020-05-28,258232,2075270,7.417408,7.417408,7.271253,7.326061,-0.073078,141
2020-05-29,136201,1086603,7.326061,7.390004,7.234714,7.316926,-0.009135,74
2020-06-01,219455,1765600,7.399139,7.399139,7.307791,7.353465,0.036539,93
2020-06-02,297331,2378788,7.307791,7.380869,7.280387,7.289522,-0.063943,131
2020-06-03,236812,1895546,7.289522,7.335196,7.289522,7.307791,0.018269,141
2020-06-04,385301,3083734,7.316926,7.390004,7.289522,7.307791,0.0,164
2020-06-05,810180,6553693,7.326061,7.453947,7.307791,7.453947,0.146156,329
2020-06-08,1878049,16532501,7.673181,8.193861,7.673181,8.193861,0.739914,698
2020-06-09,3089291,28281542,8.111649,8.659733,8.05684,8.632329,0.438468,1196
2020-06-10,1387469,12711901,8.57752,8.57752,8.294343,8.40396,-0.228369,502
2020-06-11,1044465,9586036,8.40396,8.495308,8.239535,8.40396,0.0,396
2020-06-12,477772,4140091,7.764528,8.111649,7.764528,7.947223,-0.456737,218
2020-06-15,378513,3315384,7.956358,8.120783,7.938088,8.047705,0.100482,144
2020-06-16,507169,4505142,8.065975,8.193861,8.047705,8.148187,0.100482,178
2020-06-17,1592266,15047426,8.212131,8.961179,8.084244,8.961179,0.812992,407
2020-06-18,6135740,64587564,9.134739,9.819845,9.061661,9.819845,0.858666,1762
2020-06-19,5437260,57534521,9.682824,10.093887,9.27176,9.591476,-0.228369,1932
2020-06-22,1361862,13901202,9.591476,9.63715,9.134739,9.317434,-0.274042,617
2020-06-23,997852,10261287,9.317434,9.545803,9.226087,9.363108,0.045674,456
2020-06-24,1157850,11567220,9.363108,9.408782,8.979449,9.317434,-0.045674,506
2020-06-29,755784,7658164,9.27176,9.408782,9.134739,9.317434,0.0,363
2020-06-30,3427904,37028781,9.27176,10.230908,9.226087,10.230908,0.913474,1183
2020-07-01,4710563,52646194,10.185234,10.459277,9.728497,10.230908,0.0,1559
2020-07-02,2754052,30477081,10.322255,10.367929,9.865518,10.367929,0.137021,963
2020-07-03,2430444,27431929,10.550624,10.550624,10.093887,10.413603,0.045674,853
2020-07-06,1683755,19172148,10.459277,10.50495,10.276582,10.413603,0.0,662
2020-07-07,1286981,14396882,10.413603,10.413603,10.093887,10.322255,-0.091348,488
2020-07-08,969590,10786438,10.00254,10.322255,10.00254,10.139561,-0.182694,460
2020-07-09,2970900,34195237,10.230908,10.687645,10.093887,10.641971,0.50241,1162
2020-07-10,2057468,22958193,10.596298,10.596298,9.956866,10.230908,-0.411063,792
2020-07-13,1002396,11100756,10.322255,10.367929,9.956866,10.048213,-0.182695,448
2020-07-14,873678,9666417,10.139561,10.276582,9.956866,10.00254,-0.045673,345
2020-07-15,665222,7251563,10.00254,10.093887,9.865518,10.00254,0.0,300
2020-07-16,2368205,26868534,10.048213,10.550624,9.865518,10.459277,0.456737,806
2020-07-17,3120516,35605054,10.50495,10.733319,10.230908,10.550624,0.091347,974
2020-07-20,895207,10024997,10.413603,10.459277,10.093887,10.185234,-0.36539,323
2020-07-21,1724244,19561627,10.185234,10.50495,10.185234,10.50495,0.319716,525
2020-07-22,893829,10269981,10.50495,10.596298,10.322255,10.550624,0.045674,353
2020-07-23,591972,6657382,10.50495,10.50495,10.139561,10.230908,-0.319716,226
2020-07-24,962470,10765165,10.139561,10.50495,10.048213,10.139561,-0.091347,323
2020-07-27,943079,10276192,10.230908,10.230908,9.682824,9.682824,-0.456737,345
2020-07-28,1448650,15196017,9.682824,9.819845,9.226087,9.728497,0.045673,410
2020-07-29,640520,6962420,9.63715,10.093887,9.63715,10.093887,0.36539,304
2020-07-30,340032,3744652,10.093887,10.139561,10.00254,10.048213,-0.045674,177
2020-07-31,238145,2606077,10.093887,10.093887,9.911192,9.911192,-0.137021,128
2020-08-03,463849,4961032,9.819845,9.911192,9.682824,9.865518,-0.045674,204
2020-08-04,690788,7436103,9.865518,10.00254,9.728497,9.911192,0.045674,191
2020-08-05,431611,4611458,9.956866,10.00254,9.682824,9.865518,-0.045674,179
2020-08-06,318003,3374776,9.865518,9.911192,9.63715,9.63715,-0.228368,159
2020-08-07,114452,1211744,9.774171,9.774171,9.591476,9.591476,-0.045674,82
2020-08-10,274205,2882951,9.591476,9.682824,9.500129,9.682824,0.091348,124
2020-08-11,530078,5493917,9.500129,9.682824,9.317434,9.682824,0.0,216
2020-08-12,225553,2335097,9.500129,9.591476,9.363108,9.454455,-0.228369,113
2020-08-13,301808,3112101,9.63715,9.63715,9.317434,9.500129,0.045674,113
2020-08-14,302486,3114651,9.500129,9.63715,9.317434,9.317434,-0.182695,138
2020-08-17,427592,4366039,9.317434,9.500129,9.226087,9.500129,0.182695,177
2020-08-18,188170,1937641,9.454455,9.545803,9.317434,9.317434,-0.182695,93
2020-08-19,188904,1919401,9.454455,9.454455,9.226087,9.226087,-0.091347,106
2020-08-20,630800,6193559,9.226087,9.27176,8.57752,8.833293,-0.392794,251
2020-08-21,262170,2581962,8.869832,9.052527,8.869832,9.052527,0.219234,134
2020-08-24,234100,2346257,9.034257,9.317434,8.961179,9.317434,0.264907,139
2020-08-25,167413,1699161,9.27176,9.408782,9.180413,9.180413,-0.137021,94
2020-08-26,199076,1997633,9.180413,9.317434,9.11647,9.317434,0.137021,101
2020-08-27,165451,1663078,9.317434,9.363108,9.107335,9.107335,-0.210099,90
2020-08-28,290463,2892050,9.134739,9.180413,9.052527,9.125605,0.01827,110
2020-08-31,199551,1982590,9.226087,9.226087,9.015988,9.015988,-0.109617,121
2020-09-01,197043,1941655,9.11647,9.11647,8.952045,8.961179,-0.054809,96
2020-09-02,179001,1762220,9.107335,9.107335,8.952045,8.979449,0.01827,72
2020-09-03,888079,9067891,9.317434,9.63715,9.006853,9.63715,0.657701,357
2020-09-04,1231000,12952350,9.545803,9.774171,9.317434,9.63715,0.0,452
2020-09-07,623078,6563762,9.682824,9.774171,9.500129,9.500129,-0.137021,242
2020-09-08,272091,2803556,9.454455,9.63715,9.317434,9.363108,-0.137021,143
2020-09-09,198315,2019535,9.408782,9.408782,9.226087,9.408782,0.045674,103
2020-09-10,256012,2636812,9.408782,9.500129,9.317434,9.363108,-0.045674,150
2020-09-11,427004,4279294,9.363108,9.408782,9.079931,9.079931,-0.283177,181
2020-09-14,162748,1635197,9.125605,9.27176,9.125605,9.134739,0.054808,99
2020-09-15,176519,1769903,9.134739,9.27176,9.0982,9.0982,-0.036539,86
2020-09-16,134994,1352332,9.180413,9.226087,9.0982,9.180413,0.082213,84
2020-09-17,2167778,23596015,9.226087,10.093887,9.107335,10.093887,0.913474,507
2020-09-18,4452260,50552226,10.139561,10.641971,10.093887,10.367929,0.274042,1655
2020-09-21,1985347,21771771,10.230908,10.322255,9.728497,9.728497,-0.639432,707
2020-09-22,1332760,14304858,9.774171,10.139561,9.454455,10.139561,0.411064,487
2020-09-23,1146484,12592386,10.093887,10.230908,9.819845,10.185234,0.045673,461
2020-09-24,1567233,17495161,10.093887,10.413603,9.911192,10.322255,0.137021,594
2020-09-25,986633,10780063,10.413603,10.413603,9.682824,9.774171,-0.548084,362
2020-09-28,422398,4516033,9.865518,10.048213,9.591476,9.682824,-0.091347,186
2020-09-29,419670,4505829,9.63715,9.956866,9.63715,9.865518,0.182694,201
2020-09-30,272052,2919985,10.00254,10.00254,9.682824,9.956866,0.091348,143
2020-10-05,300001,3270461,10.00254,10.00254,9.819845,10.00254,0.045674,147
2020-10-06,308200,3381279,10.048213,10.139561,9.865518,10.048213,0.045673,136
2020-10-07,216044,2356376,10.00254,10.048213,9.865518,10.048213,0.0,117
2020-10-08,865467,9653276,10.093887,10.322255,10.048213,10.139561,0.091348,336
2020-10-12,514352,5689899,10.139561,10.185234,10.00254,10.185234,0.045673,201
2020-10-13,885167,9546337,10.185234,10.230908,9.728497,9.819845,-0.365389,217
2020-10-14,762212,8284549,9.911192,10.185234,9.545803,10.185234,0.365389,312
2020-10-15,415312,4602408,10.230908,10.230908,10.048213,10.185234,0.0,194
2020-10-16,309200,3425850,10.185234,10.230908,10.048213,10.185234,0.0,145
2020-10-19,223448,2447028,10.230908,10.230908,9.865518,10.048213,-0.137021,135
2020-10-20,379052,4111309,10.048213,10.048213,9.865518,10.00254,-0.045673,118
2020-10-21,224559,2423476,10.00254,10.00254,9.774171,9.865518,-0.137022,138
2020-10-22,394318,4202650,9.774171,9.865518,9.63715,9.819845,-0.045673,154
2020-10-23,226667,2409198,9.865518,9.865518,9.63715,9.682824,-0.137021,118
2020-10-26,337106,3640056,9.819845,10.00254,9.728497,9.911192,0.228368,161
2020-10-27,112733,1206729,9.728497,9.911192,9.728497,9.774171,-0.137021,86
2020-10-28,113250,1210173,9.819845,9.865518,9.728497,9.728497,-0.045674,61
2020-10-29,518568,5475876,9.591476,9.865518,9.454455,9.865518,0.137021,165
2020-10-30,143589,1530569,9.819845,9.865518,9.63715,9.728497,-0.137021,95
2020-11-02,144061,1525158,9.728497,9.774171,9.63715,9.728497,0.0,99
2020-11-03,157370,1663636,9.500129,9.774171,9.500129,9.728497,0.0,80
2020-11-04,112592,1194344,9.728497,9.819845,9.63715,9.728497,0.0,78
2020-11-05,105109,1112226,9.774171,9.774171,9.591476,9.728497,0.0,84
2020-11-06,252637,2706669,9.774171,9.865518,9.728497,9.819845,0.091348,123
2020-11-09,117689,1259023,9.819845,9.865518,9.682824,9.774171,-0.045674,72
2020-11-10,1466171,16160696,9.865518,10.230908,9.865518,10.093887,0.319716,488
2020-11-11,698174,7754587,10.276582,10.276582,9.956866,10.139561,0.045674,237
2020-11-12,467759,5138339,10.093887,10.185234,9.911192,10.185234,0.045673,186
2020-11-13,228974,2514970,10.185234,10.230908,9.865518,10.048213,-0.137021,111
2020-11-16,406990,4495089,10.048213,10.185234,9.956866,10.048213,0.0,182
2020-11-17,336464,3703153,10.048213,10.139561,9.956866,10.139561,0.091348,181
2020-11-18,228437,2500966,10.093887,10.139561,9.956866,9.956866,-0.182695,126
2020-11-19,304413,3328093,10.048213,10.048213,9.911192,10.048213,0.091347,143
2020-11-20,289641,3176221,10.048213,10.093887,9.956866,10.00254,-0.045673,133
2020-11-23,272442,2978936,10.00254,10.048213,9.911192,9.956866,-0.045674,142
2020-11-24,359182,3926961,10.00254,10.093887,9.865518,9.911192,-0.045674,196
2020-11-25,202195,2204238,9.911192,10.00254,9.911192,9.956866,0.045674,130
2020-11-26,248518,2718978,9.911192,10.048213,9.911192,10.048213,0.091347,121
2020-11-27,478347,5279025,10.048213,10.139561,9.956866,10.093887,0.045674,210
2020-11-30,502494,5611547,10.322255,10.322255,10.093887,10.139561,0.045674,268
2020-12-01,510567,5672310,10.230908,10.230908,10.048213,10.185234,0.045673,261
2020-12-02,6376715,76520657,10.230908,11.190056,10.185234,11.190056,1.004822,1848
2020-12-03,4919103,59490357,11.098708,11.418424,10.733319,10.87034,-0.319716,1717
2020-12-04,1935223,22909995,10.87034,10.961687,10.641971,10.961687,0.091347,773
2020-12-07,1267618,15117601,11.144382,11.144382,10.778992,10.961687,0.0,468
2020-12-08,2122490,25780337,11.053035,11.464098,10.778992,11.418424,0.456737,791
2020-12-09,2113335,26099463,11.601119,11.601119,11.007361,11.327077,-0.091347,752
2020-12-10,1921194,23788805,11.418424,11.601119,11.098708,11.235729,-0.091348,744
2020-12-11,1498429,18168495,11.281403,11.37275,10.778992,10.824666,-0.411063,658
2020-12-14,491413,5862807,10.87034,11.053035,10.824666,10.87034,0.045674,270
2020-12-15,743780,8721473,10.87034,11.007361,10.550624,10.596298,-0.274042,347
2020-12-16,1394722,16818681,10.641971,11.281403,10.641971,11.007361,0.411063,744
2020-12-17,703624,8484335,11.144382,11.190056,10.87034,11.144382,0.137021,386
2020-12-18,2255162,27533724,11.144382,11.235729,10.961687,11.190056,0.045674,498
2020-12-21,6075652,81321104,11.783814,12.286224,11.692466,12.286224,1.096168,1833
2020-12-22,5928125,77190780,11.509772,12.286224,11.464098,12.149203,-0.137021,2115
2020-12-23,4165080,56358670,11.966509,12.788635,11.783814,12.423245,0.274042,1582
2020-12-24,2539991,34400024,12.560267,12.60594,12.10353,12.60594,0.182695,851
2020-12-25,6406336,92074121,12.788635,13.473741,12.742961,13.336719,0.730779,2368
2020-12-28,3771814,55510057,13.473741,13.83913,13.245372,13.565088,0.228369,1608
2020-12-29,5830137,89078196,13.702109,14.20452,13.610762,14.158846,0.593758,1987
2020-12-30,5704854,83880697,14.158846,14.158846,12.742961,12.925656,-1.23319,2292
2020-12-31,3988711,56507505,13.017004,13.382393,12.423245,13.382393,0.456737,1582
2021-01-04,2431836,35411228,13.656435,13.656435,13.108351,13.519414,0.137021,952
2021-01-05,2780053,40892134,13.519414,13.610762,13.245372,13.610762,0.091348,970
2021-01-06,2637472,38291705,13.656435,13.656435,12.788635,13.382393,-0.228369,977
2021-01-07,1022899,14905707,13.382393,13.473741,13.154025,13.154025,-0.228368,526
2021-01-08,2812823,41272333,12.97133,13.702109,12.97133,13.245372,0.091347,1107
2021-01-11,1223097,17808914,13.336719,13.519414,13.199698,13.382393,0.137021,470
2021-01-12,3356627,49456380,13.884804,13.884804,13.108351,13.473741,0.091348,1012
2021-01-13,914959,13443700,13.473741,13.565088,13.245372,13.565088,0.091347,396
2021-01-14,1442940,21305474,13.610762,13.656435,13.291046,13.565088,0.0,632
2021-01-15,2062369,30665730,13.793456,13.793456,13.428067,13.610762,0.045674,830
2021-01-18,3718215,55866780,13.610762,14.067499,13.382393,14.067499,0.456737,1314
2021-01-19,10017830,166558431,14.615583,15.437709,14.250193,15.437709,1.37021,4159
2021-01-20,10249929,171686248,15.529057,15.803099,14.661257,15.620404,0.182695,4658
2021-01-21,13109354,234633397,15.529057,17.036289,15.163667,16.944941,1.324537,5295
2021-01-22,9229438,170258669,16.944941,17.264657,15.985794,17.264657,0.319716,4056
2021-01-25,8993292,170920285,17.447352,17.812742,16.716573,17.675721,0.411064,3483
2021-01-26,6583211,127692912,17.584373,17.904089,17.401678,17.858415,0.182694,2474
2021-01-27,6364583,122990951,17.812742,17.995436,16.990615,17.858415,0.0,2280
2021-01-28,5444722,106946599,17.218984,18.223805,17.218984,18.223805,0.36539,2124
2021-01-29,11563578,249071255,18.817563,20.005079,18.726216,20.005079,1.781274,4525
2021-02-01,13056692,288219134,20.005079,21.74068,19.000258,20.279121,0.274042,5093
2021-02-02,13584849,280875790,19.365647,20.005079,18.269479,18.269479,-2.009642,6216
2021-02-03,8987919,164803036,17.356005,17.630047,16.442531,16.442531,-1.826948,4090
2021-02-04,10514454,173464857,15.483383,15.985794,14.798278,15.117994,-1.324537,4575
2021-02-05,7556703,117839955,14.843951,15.07232,13.83913,13.83913,-1.278864,3618
2021-02-17,2851257,43384202,13.884804,14.20452,13.519414,14.021825,0.182695,1520
2021-02-18,6520090,106789232,13.930477,15.392036,13.930477,15.392036,1.370211,2491
2021-02-19,6679064,116080467,15.392036,16.442531,14.980973,15.985794,0.593758,3136
2021-02-22,5236664,90212634,15.985794,16.214162,15.392036,15.437709,-0.548085,2548
2021-02-23,3291020,54145965,15.529057,15.529057,14.661257,14.889625,-0.548084,1722
2021-02-24,2713532,44848499,14.980973,15.392036,14.843951,14.935299,0.045674,1256
2021-02-25,5047739,86967427,14.980973,16.396857,14.889625,16.351183,1.415884,2598
2021-02-26,2816858,49178655,15.894446,16.214162,15.574731,15.94012,-0.411063,1536
2021-03-02,2097668,36136469,16.031468,16.168489,15.483383,15.483383,-0.456737,1097
2021-03-03,3011973,52781127,16.031468,16.396857,15.529057,16.168489,0.685106,1430
2021-03-04,1625395,28089862,15.848773,16.077141,15.620404,15.757425,-0.411064,883
2021-03-05,1284471,21960949,15.346362,16.077141,15.209341,15.574731,-0.182694,822
2021-03-08,1892599,31595826,15.711752,15.711752,14.889625,14.889625,-0.685106,1176
2021-03-09,1795787,29426369,15.026646,15.255015,14.615583,15.026646,0.137021,850
2021-03-10,1988024,33774182,15.209341,15.757425,15.117994,15.574731,0.548085,1060
2021-03-11,5851592,105338152,15.620404,17.081963,15.574731,16.762247,1.187516,3352
2021-03-12,4363680,77947954,16.899268,16.899268,15.94012,16.122815,-0.639432,2324
2021-03-15,1921967,33441729,15.985794,16.122815,15.803099,15.894446,-0.228369,1102
2021-03-16,1823513,32089993,16.168489,16.259836,15.894446,15.985794,0.091348,966
2021-03-17,1909634,33587440,16.077141,16.30551,15.803099,15.94012,-0.045674,975
2021-03-18,3694585,65977265,15.94012,16.899268,15.848773,16.442531,0.502411,1932
2021-03-19,2393293,42795458,16.031468,16.579552,15.985794,16.488204,0.045673,1270
2021-03-22,2051040,37034007,16.488204,16.625226,16.259836,16.533878,0.045674,1160
2021-03-23,4298020,79410339,16.625226,17.17331,16.579552,17.17331,0.639432,2200
2021-03-24,7132446,140160410,17.356005,18.269479,17.356005,18.223805,1.050495,3882
2021-03-25,6086042,116588224,18.223805,18.360826,16.533878,16.716573,-1.507232,3321
2021-03-26,2481019,44883024,16.442531,16.853594,15.985794,16.442531,-0.274042,1389
2021-03-29,2472094,44202540,16.762247,16.762247,16.077141,16.259836,-0.182695,1349
2021-03-30,1178095,21064930,16.488204,16.488204,16.259836,16.30551,0.045674,684
2021-03-31,1448762,26389523,16.442531,16.899268,16.30551,16.533878,0.228368,842
2021-04-01,1244932,22651953,16.853594,16.853594,16.533878,16.670899,0.137021,652
2021-04-06,1469833,26712698,16.762247,16.80792,16.488204,16.579552,-0.091347,797
2021-04-07,7067961,136213506,16.716573,18.086784,16.625226,17.995436,1.415884,3592
2021-04-08,4381017,85231321,18.178131,18.178131,17.264657,17.812742,-0.182694,2170
2021-04-09,3311987,63970144,17.995436,18.04111,17.447352,17.721394,-0.091348,1660
2021-04-12,7274366,145937306,17.995436,19.091605,17.904089,18.360826,0.639432,3572
2021-04-13,4825902,94532776,18.269479,18.269479,17.356005,17.447352,-0.913474,2339
2021-04-14,3793482,70435343,17.630047,17.767068,16.488204,16.899268,-0.548084,1640
2021-04-15,1362488,25793797,16.944941,17.493026,16.944941,17.310331,0.411063,646
2021-04-16,1604771,30842594,17.447352,17.767068,17.401678,17.493026,0.182695,849
2021-04-19,5392360,107237227,17.812742,18.589195,17.675721,18.223805,0.730779,2475
2021-04-20,3265043,64818102,18.269479,18.4065,17.767068,17.995436,-0.228369,1626
2021-04-21,4804709,97234849,17.949763,18.726216,17.904089,18.4065,0.411064,2285
2021-04-22,4589873,90655085,18.589195,18.680542,17.401678,17.721394,-0.685106,2180
2021-04-23,2455770,46334719,17.584373,17.630047,16.990615,17.401678,-0.319716,1284
2021-04-26,1964794,37419914,17.447352,17.812742,17.264657,17.310331,-0.091347,1049
2021-04-27,2419705,44939673,17.356005,17.356005,16.853594,16.899268,-0.411063,1259
2021-04-28,1314848,24323570,16.899268,17.081963,16.716573,16.899268,0.0,749
2021-04-29,3068492,55693602,17.036289,17.218984,16.442531,16.442531,-0.456737,1518
2021-05-03,3139774,53952268,16.442531,16.442531,15.346362,15.392036,-1.050495,1580
2021-05-04,2395889,38965362,15.346362,15.803099,14.113172,14.843951,-0.548085,1217
2021-05-05,1221630,20095616,14.798278,15.392036,14.478562,14.843951,0.0,621
2021-05-06,1411749,22740251,14.843951,15.07232,14.341541,14.524236,-0.319715,746
2021-05-07,937818,15269844,14.615583,15.300688,14.341541,15.255015,0.730779,463
2021-05-10,784647,12854672,15.392036,15.392036,14.70693,14.843951,-0.411064,439
2021-05-11,1431454,22721110,14.843951,14.980973,13.930477,14.295867,-0.548084,746
2021-05-12,2404425,34780123,13.976151,14.021825,12.879982,12.879982,-1.415885,1092
2021-05-13,1629870,22714575,12.10353,13.565088,11.875161,12.925656,0.045674,789
2021-05-14,1110718,15864630,13.245372,13.610762,12.697288,12.879982,-0.045674,597
2021-05-17,1628083,21192183,11.783814,12.423245,11.601119,11.692466,-1.187516,762
2021-05-18,1289195,17724037,11.875161,12.834309,11.875161,12.834309,1.141843,561
2021-05-19,764963,10944477,12.834309,13.291046,12.834309,13.154025,0.319716,409
2021-05-20,589752,8465287,13.245372,13.382393,12.834309,12.834309,-0.319716,300
2021-05-21,737718,10735401,13.154025,13.565088,13.017004,13.519414,0.685105,339
2021-05-24,499145,7404641,13.83913,13.83913,13.336719,13.565088,0.045674,266
2021-05-25,735349,10940880,13.747783,13.747783,13.473741,13.610762,0.045674,369
2021-05-26,422667,6281105,13.702109,13.702109,13.473741,13.610762,0.0,220
2021-05-27,416929,6221759,13.565088,13.884804,13.473741,13.610762,0.0,234
2021-05-28,1036070,16937683,14.935299,14.935299,14.843951,14.935299,1.324537,421
2021-05-31,2331388,39417075,15.666078,15.94012,15.07232,15.255015,0.319716,1062
2021-06-01,952591,15640901,15.346362,15.346362,14.889625,14.980973,-0.274042,476
2021-06-02,784479,12659907,15.026646,15.07232,14.569909,14.752604,-0.228369,410
2021-06-03,453411,7310351,14.661257,14.843951,14.615583,14.798278,0.045674,244
2021-06-04,877398,13730365,14.70693,14.70693,14.158846,14.20452,-0.593758,498
2021-06-07,516209,7984369,14.432888,14.432888,13.793456,14.250193,0.045673,265
2021-06-08,316974,4931644,14.250193,14.432888,14.067499,14.158846,-0.091347,176
2021-06-09,493192,7632976,14.158846,14.387214,14.021825,14.113172,-0.045674,244
2021-06-10,650048,10250051,14.158846,14.752604,14.158846,14.295867,0.182695,339
2021-06-11,579357,8941894,14.158846,14.432888,13.930477,14.158846,-0.137021,289
2021-06-15,494125,7564890,14.20452,14.20452,13.884804,13.976151,-0.182695,318
2021-06-16,722288,10825267,14.039723,14.322402,14.039723,14.086836,0.110685,401
2021-06-17,3672909,59864642,14.416628,15.453118,14.416628,15.453118,1.366282,1565
2021-06-18,2560424,40347314,14.88776,15.217552,14.605081,14.74642,-0.706698,1285
2021-06-21,1041508,15702447,14.557968,14.557968,14.039723,14.228176,-0.518244,556
2021-06-22,565784,8582097,14.322402,14.510854,14.181062,14.275289,0.047113,307
2021-06-23,1066402,16140031,14.605081,14.605081,14.086836,14.275289,0.0,575
2021-06-24,853372,13038584,14.369515,14.510854,14.228176,14.510854,0.235565,516
2021-06-25,904019,13951130,14.605081,14.699307,14.416628,14.416628,-0.094226,519
2021-06-28,2410150,38384886,14.934873,15.358891,14.699307,15.123326,0.706698,1398
2021-06-29,1628537,25425046,15.123326,15.123326,14.463741,14.557968,-0.565358,899
2021-06-30,909076,14035058,14.699307,14.699307,14.463741,14.463741,-0.094227,564
2021-07-01,922675,14018372,14.463741,14.557968,14.181062,14.228176,-0.235565,637
2021-07-02,608912,9306448,14.322402,14.557968,14.228176,14.463741,0.235565,396
2021-07-05,460843,7059952,14.605081,14.652194,14.322402,14.416628,-0.047113,328
2021-07-06,1097309,17186599,14.510854,15.029099,14.322402,14.605081,0.188453,670
2021-07-07,651687,10009855,14.793533,14.793533,14.322402,14.416628,-0.188453,391
2021-07-08,1964233,29171408,14.039723,14.181062,13.709931,14.181062,-0.235566,1528
2021-07-09,907248,13470788,14.228176,14.228176,13.898383,14.086836,-0.094226,654
2021-07-12,896220,13244174,14.133949,14.181062,13.85127,13.85127,-0.235566,629
2021-07-13,1421409,20591350,13.85127,13.945497,13.568591,13.568591,-0.282679,867
2021-07-14,638995,9231120,13.568591,13.804157,13.474365,13.568591,0.0,390
2021-07-15,700211,9998461,13.662818,13.662818,13.380139,13.521478,-0.047113,489
2021-07-16,969815,14191640,13.662818,13.99261,13.615704,13.709931,0.188453,547
2021-07-19,529090,7642697,13.804157,13.804157,13.521478,13.568591,-0.14134,327
2021-07-20,633431,9104940,13.474365,13.662818,13.474365,13.662818,0.094227,342
2021-07-21,682332,9803681,13.898383,13.898383,13.380139,13.427252,-0.235566,385
2021-07-22,629546,8969634,13.474365,13.568591,13.333025,13.333025,-0.094227,340
2021-07-23,489899,6964782,13.333025,13.521478,13.333025,13.380139,0.047114,279
2021-07-26,510273,7276888,13.427252,13.662818,13.333025,13.333025,-0.047114,288
2021-07-27,1242221,17829447,13.380139,13.709931,13.238799,13.615704,0.282679,573
2021-07-28,873787,12516135,13.757044,13.757044,13.333025,13.380139,-0.235565,428
2021-07-29,457215,6493571,13.568591,13.568591,13.333025,13.380139,0.0,262
2021-07-30,828731,11907809,13.521478,13.709931,13.285912,13.427252,0.047113,380
2021-08-02,228551,3260804,13.427252,13.568591,13.380139,13.474365,0.047113,141
2021-08-03,1191970,17199746,13.474365,13.85127,13.380139,13.662818,0.188453,384
2021-08-04,1640248,24015863,13.709931,13.898383,13.662818,13.804157,0.141339,544
2021-08-05,492345,7175602,13.804157,13.898383,13.568591,13.568591,-0.235566,278
2021-08-06,503675,7262606,13.757044,13.757044,13.427252,13.474365,-0.094226,255
2021-08-09,487375,6917572,13.474365,13.474365,13.285912,13.380139,-0.094226,236
2021-08-10,956170,13324048,13.333025,13.333025,13.003233,13.003233,-0.376906,495
2021-08-11,674562,9142344,13.003233,13.050346,12.579215,12.579215,-0.424018,400
2021-08-12,302096,4015630,12.390762,12.720554,12.390762,12.626328,0.047113,204
2021-08-13,471093,6316213,12.767667,12.861894,12.437875,12.532102,-0.094226,210
2021-08-16,531965,6963393,12.390762,12.532102,12.202309,12.249423,-0.282679,305
2021-08-17,422705,5480858,12.249423,12.343649,12.108083,12.249423,0.0,263
2021-08-18,431317,5575565,12.249423,12.343649,11.966744,12.249423,0.0,252
2021-08-19,404449,5176605,12.343649,12.343649,11.966744,11.966744,-0.282679,274
2021-08-20,640200,8167850,11.966744,12.202309,11.91963,11.91963,-0.047114,267
2021-08-23,731948,9444714,11.872517,12.390762,11.872517,12.06097,0.14134,323
2021-08-24,996638,12958295,12.108083,12.437875,12.013857,12.202309,0.141339,330
2021-08-25,276017,3597531,12.249423,12.390762,12.155196,12.343649,0.14134,171
2021-08-26,278453,3615845,12.202309,12.343649,12.155196,12.202309,-0.14134,145
2021-08-27,627130,8279634,12.202309,12.720554,12.155196,12.532102,0.329793,321
2021-08-30,293417,3882102,12.532102,12.861894,12.343649,12.390762,-0.14134,193
2021-08-31,235556,3077151,12.296536,12.390762,12.249423,12.249423,-0.141339,194
2021-09-01,382395,4948806,12.249423,12.390762,12.108083,12.155196,-0.094227,252
2021-09-02,481704,6182875,12.249423,12.343649,11.966744,12.013857,-0.141339,295
2021-09-03,494951,6298825,12.013857,12.202309,11.872517,12.06097,0.047113,333
2021-09-06,391408,4972068,12.06097,12.108083,11.872517,11.872517,-0.188453,233
2021-09-07,418430,5205043,12.06097,12.06097,11.589838,11.684065,-0.188452,306
2021-09-08,426732,5212177,11.684065,11.872517,11.401386,11.448499,-0.235566,272
2021-09-09,665985,8441706,11.684065,12.155196,11.684065,12.013857,0.565358,411
2021-09-10,604508,7792570,12.155196,12.296536,11.966744,12.013857,0.0,297
2021-09-13,232066,2979493,12.108083,12.202309,12.013857,12.155196,0.141339,160
2021-09-14,475329,6170502,12.249423,12.343649,12.108083,12.343649,0.188453,261
2021-09-15,1813580,24354967,12.390762,13.003233,12.249423,12.673441,0.329792,778
2021-09-16,536927,6990412,12.390762,12.532102,12.108083,12.202309,-0.471132,374
2021-09-17,284782,3656296,12.155196,12.202309,11.966744,12.155196,-0.047113,179
2021-09-22,374163,4683307,11.91963,11.966744,11.684065,11.778291,-0.376905,230
2021-09-23,245477,3131991,12.013857,12.155196,11.872517,11.966744,0.188453,139
2021-09-24,1482477,20680525,13.144573,13.144573,13.144573,13.144573,1.177829,516
2021-09-27,9022190,137558070,14.416628,14.416628,14.039723,14.416628,1.272055,3376
2021-09-28,4795257,71933606,14.416628,14.793533,13.568591,14.416628,0.0,2283
2021-09-29,1572447,23353522,14.039723,14.322402,13.757044,13.945497,-0.471131,828
2021-09-30,2104018,32402753,14.181062,14.793533,14.133949,14.652194,0.706697,1088
2021-10-01,1644079,24488472,14.133949,14.369515,13.757044,13.804157,-0.848037,867
2021-10-04,1683707,24174210,14.228176,14.228176,13.191686,13.521478,-0.282679,946
2021-10-05,851374,12051539,13.238799,13.709931,12.909007,13.615704,0.094226,458
2021-10-06,798896,11681786,13.945497,14.133949,13.521478,13.521478,-0.094226,446
2021-10-07,3277762,50305859,13.757044,14.840647,13.568591,14.840647,1.319169,1356
2021-10-08,11612258,194651447,15.453118,16.301155,14.605081,16.301155,1.460508,4544
2021-10-12,12259031,219366464,16.630947,17.667436,16.254042,17.384757,1.083602,5023
2021-10-13,6245144,110126460,16.772286,17.243418,16.065589,17.243418,-0.141339,2986
2021-10-14,11413144,213671731,17.149192,18.46836,16.772286,18.044342,0.800924,4509
2021-10-15,10800782,206370404,17.903002,18.751039,17.149192,18.751039,0.706697,4688
2021-10-18,10788823,209722392,18.751039,18.751039,17.71455,17.761663,-0.989376,5102
2021-10-19,6733524,121987047,17.431871,17.620323,16.725173,16.8194,-0.942263,3418
2021-10-20,10232956,195806049,17.054965,18.46836,16.960739,18.46836,1.64896,4758
2021-10-21,12659812,252898916,18.421247,19.787529,17.950115,18.751039,0.282679,5744
2021-10-22,6887098,132022628,18.374134,18.656813,17.71455,17.71455,-1.036489,3359
2021-10-25,3544754,65761190,17.71455,17.997229,17.102079,17.384757,-0.329793,1837
2021-10-26,3010953,55670886,17.71455,17.855889,17.149192,17.196305,-0.188452,1618
2021-10-27,2502893,45578119,17.196305,17.478984,17.007852,17.054965,-0.14134,1364
2021-10-28,2949662,53783133,16.960739,17.903002,16.725173,17.007852,-0.047113,1368
2021-10-29,2689774,48122380,17.054965,17.243418,16.583834,16.772286,-0.235566,1514
2021-11-01,2126808,38324117,16.8194,17.196305,16.67806,16.866513,0.094227,1158
2021-11-02,2404574,43575994,17.007852,17.337644,16.8194,16.866513,0.0,1261
2021-11-03,3985382,69104268,16.913626,17.102079,16.112702,16.159815,-0.706698,2122
2021-11-04,1811491,31249523,16.348268,16.489607,16.018476,16.254042,0.094227,919
2021-11-05,1306195,22429156,16.348268,16.442494,16.018476,16.206928,-0.047114,705
2021-11-08,3691912,66507410,16.206928,17.526097,16.206928,17.102079,0.895151,1845
2021-11-09,2771658,48976957,16.913626,17.007852,16.489607,16.67806,-0.424019,1293
2021-11-10,2058551,35685008,16.630947,16.67806,16.206928,16.206928,-0.471132,1057
2021-11-11,2336720,39912960,16.442494,16.442494,15.830023,15.830023,-0.376905,1142
2021-11-12,2412696,39867782,15.924249,15.924249,15.358891,15.453118,-0.376905,1248
2021-11-15,2108506,35844453,15.453118,16.254042,15.358891,16.065589,0.612471,1044
2021-11-16,5131299,91289374,16.395381,17.337644,16.112702,17.290531,1.224942,2312
2021-11-17,3024645,53855015,17.196305,17.196305,16.442494,16.536721,-0.75381,1547
2021-11-18,1455505,25312827,16.395381,16.630947,16.206928,16.301155,-0.235566,833
2021-11-19,1128302,19345014,16.254042,16.489607,16.065589,16.159815,-0.14134,719
2021-11-22,6873320,126202546,16.301155,17.761663,16.159815,17.761663,1.601848,3225
2021-11-23,7819794,148568411,17.761663,18.656813,17.149192,17.808776,0.047113,3852
2021-11-24,3111010,59002917,18.044342,18.185681,17.667436,17.667436,-0.14134,1584
2021-11-25,2362836,44695101,17.761663,18.091455,17.620323,17.667436,0.0,1249
2021-11-26,2816159,52049049,17.903002,18.044342,17.054965,17.196305,-0.471131,1521
2021-11-29,1910546,34490052,16.772286,17.337644,16.630947,16.960739,-0.235566,892
2021-11-30,3665409,69282893,17.243418,18.374134,17.007852,17.903002,0.942263,1730
2021-12-01,3476856,66574864,17.903002,18.374134,17.620323,17.808776,-0.094226,1545
2021-12-02,2863941,52892455,18.185681,18.185681,16.960739,17.196305,-0.612471,1324
2021-12-03,965609,17715096,17.243418,17.431871,17.196305,17.243418,0.047113,535
2021-12-06,820040,15170567,17.196305,17.57321,17.196305,17.431871,0.188453,424
2021-12-07,1041259,19043735,17.243418,17.526097,17.054965,17.149192,-0.282679,587
2021-12-08,1670320,30407943,17.243418,17.620323,16.960739,17.102079,-0.047113,809
2021-12-09,1128481,20569660,17.054965,17.384757,17.007852,17.196305,0.094226,606
2021-12-10,3121963,55094471,16.866513,16.913626,16.442494,16.442494,-0.753811,1671
2021-12-13,1114884,19412926,16.395381,16.772286,16.065589,16.67806,0.235566,659
2021-12-14,1066723,18413654,16.395381,16.583834,16.159815,16.159815,-0.518245,643
2021-12-15,529034,9163673,16.348268,16.442494,16.206928,16.395381,0.235566,318
2021-12-16,1314879,23278550,17.102079,17.102079,16.395381,16.583834,0.188453,658
2021-12-17,1946325,33304038,16.536721,16.536721,15.924249,16.065589,-0.518245,1079
2021-12-20,1235645,20875113,16.065589,16.206928,15.547344,16.018476,-0.047113,714
2021-12-21,584302,9984305,15.971363,16.254042,15.877136,16.112702,0.094226,324
2021-12-22,568986,9748965,16.442494,16.442494,16.018476,16.065589,-0.047113,338
2021-12-23,1616090,27791000,16.112702,16.442494,15.830023,16.301155,0.235566,739
2021-12-24,642834,11010613,16.348268,16.395381,16.018476,16.065589,-0.235566,386
2021-12-27,949504,16491511,16.159815,16.536721,16.112702,16.301155,0.235566,499
2021-12-28,807901,13877145,16.395381,16.395381,16.112702,16.112702,-0.188453,429
2021-12-29,453697,7821542,16.018476,16.348268,16.018476,16.301155,0.188453,256
2021-12-30,480143,8287831,16.348268,16.348268,16.159815,16.206928,-0.094227,287
2022-01-03,879505,15259086,16.301155,16.583834,16.206928,16.206928,0.0,428
2022-01-04,587731,10155162,16.348268,16.395381,16.206928,16.348268,0.14134,1139
2022-01-05,1255570,21396141,16.348268,16.442494,15.830023,15.830023,-0.518245,701
2022-01-06,648958,10917096,15.830023,16.018476,15.735797,15.924249,0.094226,401
2022-01-07,1187621,19710946,15.877136,16.112702,15.500231,15.64157,-0.282679,648
2022-01-10,352807,5887266,15.688684,16.018476,15.547344,15.830023,0.188453,231
2022-01-11,1418657,22892857,15.64157,15.688684,14.88776,14.934873,-0.89515,780
2022-01-12,1107441,17170476,14.934873,14.981986,14.416628,14.652194,-0.282679,615
2022-01-13,460225,7141540,14.652194,14.840647,14.510854,14.510854,-0.14134,312
2022-01-14,731580,11052672,14.88776,14.88776,14.086836,14.133949,-0.376905,424
2022-01-17,525380,8161678,14.228176,14.981986,14.181062,14.699307,0.565358,331
2022-01-18,546464,8548456,14.605081,14.934873,14.557968,14.557968,-0.141339,324
2022-01-19,711614,11079912,14.510854,14.840647,14.369515,14.463741,-0.094227,359
2022-01-20,531479,8205374,14.463741,14.652194,14.416628,14.605081,0.14134,260
2022-01-21,699870,10866983,14.605081,14.793533,14.510854,14.510854,-0.094227,350
2022-01-24,576723,8822256,14.322402,14.557968,14.133949,14.557968,0.047114,316
2022-01-25,542316,8280794,14.322402,14.557968,14.275289,14.557968,0.0,320
2022-01-26,484592,7449217,14.510854,14.605081,14.369515,14.557968,0.0,294
2022-02-07,813697,12928726,14.74642,15.358891,14.557968,15.311778,0.75381,475
2022-02-08,423540,6877605,15.311778,15.453118,15.170439,15.358891,0.047113,291
2022-02-09,426717,6910957,15.358891,15.406005,15.123326,15.358891,0.0,281
2022-02-10,490374,7886643,15.406005,15.453118,15.076212,15.170439,-0.188452,293
2022-02-11,464462,7436424,15.076212,15.217552,14.793533,15.170439,0.0,247
2022-02-14,650292,10241074,15.170439,15.170439,14.605081,15.076212,-0.094227,367
2022-02-15,319419,5042223,15.029099,15.123326,14.74642,14.840647,-0.235565,245
2022-02-16,334624,5292641,14.934873,15.076212,14.793533,14.840647,0.0,312
2022-02-17,376830,5913626,14.793533,14.981986,14.652194,14.699307,-0.14134,285
2022-02-18,789855,12334620,14.605081,15.029099,14.463741,15.029099,0.329792,400
2022-02-21,370686,5901696,14.981986,15.076212,14.840647,15.029099,0.0,262
2022-02-22,904201,14220636,15.029099,15.029099,14.699307,15.029099,0.0,329
2022-02-23,348676,5545837,14.981986,15.076212,14.793533,15.076212,0.047113,246
2022-02-24,1308461,21066185,15.076212,15.453118,14.840647,14.934873,-0.141339,644
2022-02-25,881739,14149088,14.934873,15.311778,14.934873,15.029099,0.094226,465
2022-03-01,4938100,84159091,15.170439,16.489607,15.123326,16.489607,1.460508,2133
2022-03-02,3231023,54862223,16.159815,16.301155,15.735797,15.735797,-0.75381,1572
2022-03-03,1116927,18730213,15.830023,15.971363,15.64157,15.688684,-0.047113,610
2022-03-04,1057511,17251976,15.735797,15.735797,15.170439,15.264665,-0.424019,596
2022-03-07,1052434,16528145,15.264665,15.264665,14.463741,14.699307,-0.565358,603
2022-03-08,762218,11962953,14.699307,15.029099,14.605081,14.652194,-0.047113,409
2022-03-09,458083,7163814,14.793533,14.934873,14.605081,14.793533,0.141339,233
2022-03-10,574081,9040909,14.88776,14.981986,14.699307,14.74642,-0.047113,297
2022-03-11,328970,5181170,14.74642,14.934873,14.699307,14.840647,0.094227,248
2022-03-14,730205,11635514,14.981986,15.311778,14.840647,15.170439,0.329792,358
2022-03-15,666055,10650373,15.076212,15.217552,14.88776,15.170439,0.0,322
2022-03-16,516086,8370870,15.264665,15.453118,15.029099,15.358891,0.188452,309
2022-03-17,672564,11084797,15.64157,15.688684,15.358891,15.594457,0.235566,342
2022-03-18,324053,5333641,15.64157,15.64157,15.406005,15.453118,-0.141339,220
2022-03-21,297437,4885773,15.547344,15.547344,15.358891,15.500231,0.047113,197
2022-03-22,295184,4823673,15.547344,15.547344,15.264665,15.358891,-0.14134,212
2022-03-23,369275,5983960,15.453118,15.453118,15.123326,15.170439,-0.188452,268
2022-03-24,420283,6770243,15.217552,15.358891,15.076212,15.170439,0.0,238
2022-03-25,1613720,26771533,15.170439,15.971363,15.123326,15.78291,0.612471,797
2022-03-28,1459688,24731707,16.206928,16.206928,15.594457,15.924249,0.141339,864
2022-03-29,4015455,70763728,15.971363,17.290531,15.924249,16.8194,0.895151,2025
2022-03-30,2468494,43891287,16.772286,17.007852,16.489607,16.913626,0.094226,1258
2022-03-31,1517293,26957398,16.913626,16.960739,16.301155,16.301155,-0.612471,849
2022-04-01,958717,16676594,16.112702,16.67806,16.112702,16.395381,0.094226,716
2022-04-06,732108,12503850,16.301155,16.301155,15.877136,16.112702,-0.282679,659
2022-04-07,1275821,21179752,16.018476,16.112702,15.358891,15.358891,-0.753811,723
2022-04-08,759284,12642555,15.547344,15.924249,15.406005,15.924249,0.565358,348
2022-04-11,1320341,22257805,16.018476,16.395381,15.453118,16.206928,0.282679,638
2022-04-12,1007505,17103935,16.018476,16.206928,15.830023,16.206928,0.0,491
2022-04-13,1110457,18886963,16.395381,16.442494,15.877136,15.877136,-0.329792,623
2022-04-14,576118,9596659,16.018476,16.018476,15.453118,15.594457,-0.282679,330
2022-04-15,992418,16522211,15.830023,15.971363,15.406005,15.971363,0.376906,461
2022-04-18,585719,9787175,15.971363,15.971363,15.594457,15.64157,-0.329793,365
2022-04-19,360175,6035702,15.64157,15.924249,15.64157,15.735797,0.094227,245
2022-04-20,465913,7735088,15.64157,15.78291,15.500231,15.735797,0.0,292
2022-04-21,2265716,39057666,15.64157,16.67806,15.594457,16.630947,0.89515,1152
2022-04-22,3288998,58629797,16.8194,16.960739,16.489607,16.960739,0.329792,1640
2022-04-25,1446790,25141070,16.725173,16.772286,16.112702,16.254042,-0.706697,863
2022-04-26,1768138,30247797,16.395381,16.536721,15.830023,16.301155,0.047113,697
2022-04-27,1384408,23605793,15.877136,16.395381,15.735797,16.395381,0.094226,617
2022-04-28,1956710,34821326,16.395381,17.243418,16.206928,17.243418,0.848037,835
2022-04-29,3635456,66553721,17.337644,17.431871,16.960739,17.196305,-0.047113,1757
2022-05-03,1576346,28107608,16.772286,17.007852,16.583834,16.960739,-0.235566,719
2022-05-04,786821,13945393,16.913626,16.913626,16.583834,16.67806,-0.282679,392
2022-05-05,1051900,18709613,16.725173,16.913626,16.583834,16.913626,0.235566,445
2022-05-06,980272,17397618,16.67806,16.8194,16.583834,16.8194,-0.094226,414
2022-05-09,1447853,25725494,16.866513,16.866513,16.301155,16.8194,0.0,509
2022-05-10,1237532,21590464,16.725173,16.725173,16.112702,16.536721,-0.282679,697
2022-05-11,1720545,30518529,16.159815,16.960739,16.159815,16.960739,0.424018,647
2022-05-12,1248766,21997205,16.8194,16.866513,16.442494,16.442494,-0.518245,578
2022-05-13,544812,9539938,16.442494,16.67806,16.395381,16.442494,0.0,253
2022-05-16,716714,12589638,16.442494,16.772286,16.442494,16.583834,0.14134,277
2022-05-17,588386,10327722,16.583834,16.67806,16.442494,16.489607,-0.094227,269
2022-05-18,932312,16425517,16.489607,16.772286,16.395381,16.772286,0.282679,394
2022-05-19,1671032,29803404,16.67806,16.960739,16.489607,16.960739,0.188453,580
2022-05-20,4314124,78504597,16.960739,17.431871,16.866513,17.431871,0.471132,1564
2022-05-23,5059367,95110404,17.667436,18.091455,17.431871,17.71455,0.282679,2125
2022-05-24,3840032,71882532,17.761663,17.808776,17.431871,17.761663,0.047113,1153
2022-05-25,2375411,44796738,17.761663,17.903002,17.526097,17.903002,0.141339,989
2022-05-26,3759088,71795554,17.903002,18.279908,17.761663,17.950115,0.047113,1536
2022-05-27,2492364,46935536,18.044342,18.044342,17.526097,17.761663,-0.188452,1004
2022-05-30,2897314,55310101,17.761663,18.091455,17.71455,17.997229,0.235566,1084
2022-05-31,2314475,44511705,18.185681,18.279908,17.903002,18.091455,0.094226,985
2022-06-01,2453314,46373720,18.138568,18.138568,17.71455,17.761663,-0.329792,902
2022-06-02,1536449,28830910,17.855889,17.855889,17.526097,17.761663,0.0,515
2022-06-06,1730300,32460850,17.761663,18.091455,17.196305,18.044342,0.282679,769
2022-06-07,1331966,25414152,17.903002,18.185681,17.761663,17.903002,-0.14134,542
2022-06-08,956089,18140048,17.903002,17.997229,17.71455,17.855889,-0.047113,430
2022-06-09,1703209,32338239,17.855889,17.997229,17.71455,17.903002,0.047113,506
2022-06-10,1096355,20678084,17.903002,17.903002,17.620323,17.667436,-0.235566,500
2022-06-13,4695808,89760468,17.526097,18.327021,17.290531,18.279908,0.612472,1677
2022-06-14,3519836,66625012,17.997229,18.138568,17.478984,17.903002,-0.376906,1445
2022-06-15,1274221,24141586,17.903002,18.044342,17.71455,17.761663,-0.141339,677
2022-06-16,4151375,79680014,18.091455,18.232794,17.761663,17.997229,0.235566,1417
2022-06-17,6983117,122172183,17.620323,17.620323,16.206928,16.206928,-1.790301,3458
2022-06-20,5539653,91235974,16.206928,16.254042,14.699307,15.076212,-1.130716,1860
2022-06-21,1561455,25299974,15.170439,15.453118,14.934873,15.453118,0.376906,883
2022-06-22,2023503,31755270,15.453118,15.453118,14.322402,14.322402,-1.130716,994
2022-06-23,1175403,18143544,14.322402,14.840647,14.228176,14.652194,0.329792,666
2022-06-24,1240161,19753266,14.652194,15.217552,14.652194,14.934873,0.282679,504
2022-06-27,3533073,60033757,15.406005,16.348268,15.358891,16.348268,1.413395,1476
2022-06-28,1390002,23751321,16.348268,16.348268,15.924249,16.206928,-0.14134,640
2022-06-29,1151331,19529964,15.924249,16.112702,15.877136,16.112702,-0.094226,416
2022-06-30,1746728,29887284,16.065589,16.301155,15.877136,16.159815,0.047113,704
2022-07-01,1415058,23815939,16.159815,16.206928,15.64157,15.877136,-0.282679,588
2022-07-04,944275,15868961,15.877136,16.018476,15.547344,15.924249,0.047113,395
2022-07-05,1313125,22168692,16.018476,16.206928,15.64157,16.206928,0.282679,436
2022-07-06,835567,14105941,16.112702,16.112702,15.877136,15.877136,-0.329792,258
2022-07-07,734041,12337741,16.018476,16.018476,15.547344,16.018476,0.14134,363
2022-07-08,583903,9870176,16.065589,16.065589,15.830023,15.924249,-0.094227,297
2022-07-11,1166107,19576927,15.924249,16.018476,15.688684,16.018476,0.094227,318
2022-07-12,438648,7335976,16.018476,16.018476,15.500231,15.500231,-0.518245,230
2022-07-13,385000,6417173,15.688684,15.924249,15.594457,15.594457,0.094226,222
2022-07-14,470997,7823178,15.594457,15.78291,15.500231,15.78291,0.188453,264
2022-07-15,804966,13625407,15.830023,16.112702,15.688684,16.018476,0.235566,418
2022-07-18,679317,11642569,16.065589,16.395381,16.018476,16.112702,0.094226,403
2022-07-19,689809,11738039,16.065589,16.254042,15.877136,15.971363,-0.141339,294
2022-07-20,468893,7950648,16.065589,16.159815,15.830023,16.018476,0.047113,274
2022-07-21,1380809,23813984,15.924249,16.395381,15.924249,16.348268,0.329792,641
2022-07-22,690958,11910050,16.489607,16.489607,16.065589,16.065589,-0.282679,360
2022-07-25,262216,4483932,16.065589,16.206928,16.018476,16.065589,0.0,208
2022-07-26,770562,13206359,16.018476,16.395381,15.78291,16.206928,0.141339,292
2022-07-27,205067,3489074,15.971363,16.206928,15.924249,16.018476,-0.188452,141
2022-07-28,396946,6711574,16.065589,16.112702,15.830023,15.830023,-0.188453,294
2022-07-29,448727,7545696,15.924249,16.018476,15.735797,15.735797,-0.094226,247
2022-08-01,373107,6259542,15.78291,15.924249,15.735797,15.830023,0.094226,152
2022-08-02,560027,9293651,15.830023,15.830023,15.547344,15.594457,-0.235566,275
2022-08-03,407541,6766490,15.688684,15.78291,15.500231,15.500231,-0.094226,240
2022-08-04,486614,7904962,15.547344,15.547344,15.076212,15.311778,-0.188453,326
2022-08-05,351575,5772824,15.358891,15.547344,15.311778,15.547344,0.235566,213
2022-08-08,1190572,20138441,15.735797,16.159815,15.547344,15.971363,0.424019,620
2022-08-09,541175,9220709,16.159815,16.159815,15.924249,16.112702,0.141339,301
2022-08-10,393117,6670941,15.924249,16.112702,15.924249,16.018476,-0.094226,244
2022-08-11,460806,7803784,16.018476,16.065589,15.78291,16.018476,0.0,252
2022-08-12,424462,7166303,15.971363,16.018476,15.830023,15.830023,-0.188453,191
2022-08-15,3318442,58340309,16.301155,17.337644,15.971363,17.337644,1.507621,1369
2022-08-16,2919563,53035075,17.337644,17.337644,16.8194,17.196305,-0.141339,1212
2022-08-17,1728574,31277806,17.196305,17.243418,16.866513,17.196305,0.0,735
2022-08-18,1258546,22957670,17.196305,17.290531,17.054965,17.243418,0.047113,536
2022-08-19,1226688,22336783,17.290531,17.290531,17.007852,17.149192,-0.094226,501
2022-08-22,636505,11505246,16.866513,17.149192,16.866513,16.960739,-0.188453,326
2022-08-23,871603,15410823,16.960739,16.960739,16.489607,16.489607,-0.471132,447
2022-08-24,682260,11918607,16.489607,16.630947,16.348268,16.442494,-0.047113,415
2022-08-25,537157,9462536,16.489607,16.725173,16.442494,16.583834,0.14134,287
2022-08-26,668146,11784491,16.67806,16.725173,16.536721,16.536721,-0.047113,346
2022-08-29,965088,16841525,16.583834,16.67806,16.159815,16.67806,0.141339,505
2022-08-30,2032315,36919659,17.007852,17.290531,16.772286,17.196305,0.518245,1044
2022-08-31,1932988,35584563,17.243418,17.526097,17.196305,17.243418,0.047113,1064
2022-09-01,1335948,24305583,17.384757,17.384757,16.960739,17.102079,-0.141339,635
2022-09-02,1232164,22527826,17.102079,17.290531,17.102079,17.243418,0.141339,485
2022-09-05,2522214,46662763,17.384757,17.620323,17.196305,17.431871,0.188453,978
2022-09-06,1249541,22372345,17.478984,17.478984,16.395381,16.630947,-0.800924,695
2022-09-07,730505,13063509,17.196305,17.196305,16.583834,16.913626,0.282679,373
2022-09-08,812261,14682302,17.243418,17.243418,16.913626,16.960739,0.047113,310
2022-09-12,5757329,109573700,17.431871,18.232794,17.243418,18.044342,1.083603,2342
2022-09-13,6954143,137781814,18.232794,19.127945,18.091455,18.845266,0.800924,3291
2022-09-14,5271921,105211820,18.374134,19.127945,18.091455,19.127945,0.282679,2473
2022-09-15,5365751,108685312,19.316397,19.693303,18.562587,18.562587,-0.565358,2857
2022-09-16,2791696,54976512,18.6097,18.703926,18.279908,18.656813,0.094226,1256
2022-09-19,2191406,43122185,18.845266,18.939492,18.374134,18.374134,-0.282679,1055
2022-09-20,2681054,52310484,18.421247,18.6097,18.185681,18.6097,0.235566,1015
2022-09-21,1364201,26604101,18.562587,18.562587,18.232794,18.232794,-0.376906,690
2022-09-22,12338496,259321253,18.845266,20.023095,18.845266,20.023095,1.790301,4775
2022-09-23,13435320,292898666,19.787529,21.954734,19.50485,21.577829,1.554734,6133
2022-09-26,10168808,215476858,20.871132,20.871132,19.457737,19.50485,-2.072979,4832
2022-09-27,6565101,129852788,19.50485,19.50485,17.808776,18.845266,-0.659584,3126
2022-09-28,6117842,114705730,18.845266,18.845266,16.960739,17.007852,-1.837414,2940
2022-09-29,3412396,62799178,17.526097,17.57321,17.102079,17.337644,0.329792,1654
2022-09-30,3104916,54517803,15.830023,17.102079,15.688684,17.102079,-0.235565,1527
2022-10-03,2474314,44601254,16.725173,17.290531,16.583834,17.149192,0.047113,1075
2022-10-04,2352938,43102162,17.57321,17.57321,17.054965,17.431871,0.282679,1281
2022-10-05,2066796,38583706,17.808776,17.903002,17.243418,17.243418,-0.188453,1106
2022-10-06,3969281,75542692,17.431871,18.185681,17.337644,17.997229,0.753811,1876
2022-10-07,3228585,61826955,17.620323,18.562587,17.57321,18.279908,0.282679,1390
2022-10-11,3737014,66907451,17.149192,17.667436,16.489607,16.8194,-1.460508,1926
2022-10-12,1086226,19255358,16.8194,17.054965,16.442494,16.8194,0.0,653
2022-10-13,2453231,42062608,16.960739,16.960739,15.78291,15.924249,-0.895151,1231
2022-10-14,1593503,28262059,16.395381,16.960739,16.348268,16.913626,0.989377,850
2022-10-17,1148144,20182105,16.536721,16.772286,16.206928,16.725173,-0.188453,584
2022-10-18,1091053,19372123,17.102079,17.102079,16.442494,16.8194,0.094227,574
2022-10-19,1238157,21802796,16.583834,16.913626,16.348268,16.395381,-0.424019,561
2022-10-20,5993887,112554131,16.630947,17.997229,16.395381,17.997229,1.601848,2728
2022-10-21,9176020,183237639,17.620323,19.599076,17.57321,19.316397,1.319168,4586
2022-10-24,8005450,165387648,19.646189,20.211547,18.845266,19.693303,0.376906,4289
2022-10-25,4317619,88169014,19.410624,19.693303,18.798152,19.127945,-0.565358,2332
2022-10-26,10165278,219912256,19.36351,20.965358,19.222171,20.824018,1.696073,5244
2022-10-27,6340225,138534531,20.352887,21.012471,20.070208,20.729792,-0.094226,3555
2022-10-28,6564545,138214932,20.682679,20.824018,19.316397,19.787529,-0.942263,3194
2022-10-31,3516157,73692783,19.975982,20.25866,19.457737,19.457737,-0.329792,1741
2022-11-01,5548427,125127856,20.494226,21.389376,20.494226,21.389376,1.931639,2212
2022-11-02,6295148,154562206,22.33164,23.509469,22.1903,23.509469,2.120093,2997
2022-11-03,7415338,202544359,25.770901,25.818014,24.922864,25.818014,2.308545,2744
2022-11-04,9397372,281020449,28.267898,28.362125,27.325635,28.362125,2.544111,4011
2022-11-07,3316285,109768832,31.188915,31.188915,31.188915,31.188915,2.82679,1956
2022-11-08,27149741,901840929,33.921478,34.298383,28.550577,32.225404,1.036489,12999
2022-11-09,8490769,275035902,30.435104,31.56582,29.963972,30.67067,-1.554734,5023
2022-11-10,8846152,297920382,30.340878,32.979215,30.105312,32.31963,1.64896,5240
2022-11-11,5887453,199412882,32.790762,32.790762,31.188915,32.036951,-0.282679,3524
2022-11-14,4307366,143110020,31.56582,32.413857,30.52933,31.094688,-0.942263,2780
2022-11-15,7356748,248269947,31.094688,33.921478,30.058199,33.921478,2.82679,4392
2022-11-16,7439246,272373158,33.921478,35.334873,33.120554,34.628175,0.706697,4586
2022-11-17,7100943,275707855,34.109931,38.067436,34.109931,38.067436,3.439261,4982
2022-11-18,9153658,389770716,39.0097,41.83649,39.0097,39.575058,1.507622,6156
2022-11-21,6538089,291283383,39.857737,43.48545,39.76351,43.344111,3.769053,4949
2022-11-22,9988949,462377991,44.757506,46.783372,41.035566,42.872979,-0.471132,6793
2022-11-23,15278779,682588062,41.176905,44.286374,40.517321,41.459584,-1.413395,9126
2022-11-24,16563072,681660206,39.999076,40.988453,37.407852,40.093303,-1.366281,9910
2022-11-25,12313651,492776441,38.727021,39.339492,36.277136,36.277136,-3.816167,7620
2022-11-28,13453228,546618191,35.758891,39.90485,34.533949,39.90485,3.627714,7427
2022-11-29,20241174,898728385,40.705774,43.391224,40.046189,40.470208,0.565358,12020
2022-11-30,10647745,437906317,39.386605,40.234642,38.020323,38.397229,-2.072979,6875
2022-12-01,8741726,359790099,38.632794,39.76351,37.643418,38.585681,0.188452,5362
2022-12-02,4678397,192455122,38.632794,39.292379,38.161663,38.632794,0.047113,3089
2022-12-05,9292522,411691671,39.386605,42.496074,39.103926,42.496074,3.86328,4354
2022-12-06,19990780,921732174,44.3806,45.55843,41.553811,44.286374,1.7903,11216
2022-12-07,8917091,403591696,43.155658,44.003695,41.83649,41.883603,-2.402771,5747
2022-12-08,7120483,322889241,42.448961,43.438337,41.930716,42.496074,0.612471,4737
2022-12-09,6452457,289032943,43.249884,43.344111,41.506697,41.506697,-0.989377,4249
2022-12-12,5842616,248679330,41.365358,41.365358,39.386605,39.575058,-1.931639,3881
2022-12-13,7087598,291130448,40.281755,40.281755,37.596305,38.444342,-1.130716,4635
2022-12-14,4878871,202625409,38.962587,39.857737,38.208776,38.86836,0.424018,3410
2022-12-15,10871098,483669989,39.480831,42.73164,38.679908,42.73164,3.86328,4863
2022-12-16,13558125,598016783,42.024942,42.496074,40.234642,41.365358,-1.366282,7542
2022-12-19,5845500,248542845,40.988453,41.789376,39.292379,39.386605,-1.978753,3656
2022-12-20,4569620,192300114,39.527945,40.517321,38.679908,39.0097,-0.376905,2885
2022-12-21,2724739,113394769,39.480831,39.857737,38.679908,39.386605,0.376905,1866
2022-12-22,7566275,331697369,42.872979,43.108545,39.999076,40.281755,0.89515,4637
2022-12-23,4021241,169510189,39.103926,40.517321,38.538568,40.328868,0.047113,2449
2022-12-26,4213044,180666746,40.65866,41.930716,39.386605,40.611547,0.282679,2787
2022-12-27,3092172,132772199,40.988453,41.224018,39.810624,39.810624,-0.800923,2582
2022-12-28,3075950,128477714,40.093303,40.375981,38.915473,39.103926,-0.706698,2203
2022-12-29,1902821,78006349,38.255889,39.103926,38.255889,38.632794,-0.471132,1448
2022-12-30,6682595,287521520,38.86836,41.648037,38.86836,40.281755,1.648961,4141
2023-01-03,2503219,105383784,40.281755,40.281755,39.151039,39.716397,-0.565358,1774
2023-01-04,4509884,194270309,39.951963,41.271132,39.575058,40.8,1.083603,2954
2023-01-05,7212964,315289274,40.517321,42.166282,40.093303,40.705774,-0.094226,4178
2023-01-06,5347504,225261459,40.234642,40.281755,39.103926,39.480831,-1.224943,3534
2023-01-09,2586488,108506079,39.151039,40.046189,39.151039,39.527945,0.047114,1549
2023-01-10,1825091,76409732,39.810624,40.046189,39.198152,39.245266,-0.282679,1384
2023-01-11,1648463,68655364,39.386605,39.716397,38.962587,38.962587,-0.282679,1232
2023-01-12,3488732,141548265,39.103926,39.339492,37.878984,37.926097,-1.03649,2422
2023-01-13,3596488,142359216,38.208776,38.538568,36.418476,37.07806,-0.848037,2525
2023-01-16,2387457,93242707,36.748268,37.313626,36.18291,36.983834,-0.094226,1465
2023-01-17,1768144,69319378,37.690531,37.690531,36.701155,36.842494,-0.14134,1236
2023-01-30,3187974,128862824,37.125173,39.0097,37.125173,38.350115,1.507621,2049
2023-01-31,2087301,83662006,37.878984,38.067436,37.596305,37.784757,-0.565358,1571
2023-02-01,8470720,361622762,38.020323,41.271132,37.926097,40.752887,2.96813,5315
2023-02-02,6605212,285633754,40.752887,41.553811,40.234642,40.470208,-0.282679,4312
2023-02-03,4067421,171090611,39.622171,40.281755,39.198152,39.433718,-1.03649,2528
2023-02-06,2092650,88709445,39.386605,40.470208,39.386605,39.810624,0.376906,1512
2023-02-07,1990838,84258072,39.76351,40.281755,39.433718,39.951963,0.141339,1374
2023-02-08,2508174,106390199,40.611547,40.65866,39.575058,39.669284,-0.282679,1706
2023-02-09,8011917,346364142,39.857737,41.459584,39.76351,40.988453,1.319169,4815
2023-02-10,14332641,676736298,41.930716,45.087298,41.553811,45.087298,4.098845,6301
2023-02-13,18149327,831530008,46.123787,46.218014,41.082679,43.202771,-1.884527,10549
2023-02-14,5179501,231573377,42.496074,43.155658,41.553811,41.742263,-1.460508,3775
2023-02-15,3845758,170161238,41.506697,42.778753,41.129792,41.412471,-0.329792,2791
2023-02-16,2880192,127452940,41.742263,42.166282,41.318245,41.69515,0.282679,2017
2023-02-17,4950487,222599944,41.789376,42.872979,41.742263,41.883603,0.188453,3249
2023-02-20,13220776,616052167,42.354734,45.511316,41.930716,45.040185,3.156582,7998
2023-02-21,13449719,686410746,46.029561,49.468822,45.134411,49.468822,4.428637,6432
2023-02-22,26000582,1432036616,49.657275,54.368591,48.055427,54.368591,4.899769,14909
2023-02-23,19405879,1107002542,53.803233,55.593533,51.82448,54.65127,0.282679,11862
2023-02-24,13802395,756601242,53.426328,53.709007,49.939954,50.787991,-3.863279,9597
2023-03-01,6610190,351761428,49.280369,51.636028,49.186143,49.751501,-1.03649,4983
2023-03-02,9594715,515112573,50.222633,53.049423,48.432333,52.578291,2.82679,6386
2023-03-03,12308298,699854644,53.709007,54.839723,51.918707,53.426328,0.848037,8179
2023-03-06,15678167,943701112,55.119871,60.148351,54.636364,59.47144,6.045112,10167
2023-03-07,6085659,364941061,58.987933,58.987933,57.053902,57.634111,-1.837329,4903
2023-03-08,5861208,359028208,58.117619,60.051649,58.117619,60.051649,2.417538,4816
2023-03-09,4078912,251911637,60.438456,60.921963,58.601126,59.374739,-0.67691,3479
2023-03-10,6056128,352234596,57.440708,58.020917,54.152856,55.893484,-3.481255,5037
2023-03-13,3496454,195783521,54.829767,55.506678,52.702333,54.829767,-1.063717,2824
2023-03-14,2313405,132911442,53.76605,56.570394,53.76605,55.700081,0.870314,1937
2023-03-15,2176350,126202118,57.344007,57.344007,54.636364,55.02317,-0.676911,1801
2023-03-16,3000626,164408862,54.056155,54.636364,51.348512,52.702333,-2.320837,2598
2023-03-17,2979095,169421129,53.475945,56.473693,53.475945,56.473693,3.77136,2449
2023-03-20,5519729,331051225,57.344007,59.761545,55.990185,58.891231,2.417538,4307
2023-03-21,7576595,461415431,59.954948,60.438456,57.634111,57.924216,-0.967015,5320
2023-03-22,4925951,292341958,57.924216,58.891231,56.667096,56.9572,-0.967016,3775
2023-03-23,6670521,403115251,57.247305,59.761545,56.086887,58.311022,1.353822,4664
2023-03-24,4886099,289479474,58.504425,58.504425,56.763797,57.053902,-1.25712,3432
2023-03-27,17597454,1111257958,59.374739,62.759292,58.407723,62.759292,5.70539,12706
2023-03-28,5113394,301462978,58.601126,58.601126,56.570394,56.570394,-6.188898,3214
2023-03-29,2983644,168098527,56.086887,56.086887,53.379244,55.796782,-0.773612,1981
2023-03-30,1592825,90960272,54.926468,56.570394,54.346259,55.603379,-0.193403,1618
2023-03-31,1120015,64892803,55.603379,56.473693,55.603379,56.28029,0.676911,1235
2023-04-06,1882514,111232237,56.28029,57.53741,56.28029,57.440708,1.160418,1140
2023-04-07,1360192,80928795,58.020917,58.020917,56.9572,56.9572,-0.483508,1066
2023-04-10,1184490,70166877,57.053902,57.53741,57.053902,57.150604,0.193404,780
2023-04-11,1090952,65155758,57.53741,58.020917,57.53741,57.827514,0.67691,815
2023-04-12,2959086,182425565,58.504425,60.921963,58.407723,60.921963,3.094449,2061
2023-04-13,5443825,352493069,61.98568,64.49992,60.148351,63.2428,2.320837,3579
2023-04-14,8631922,614687968,66.724055,69.528399,66.240547,69.528399,6.285599,5061
2023-04-17,29111252,2223342360,74.073371,76.394208,70.592116,76.394208,6.865809,15935
2023-04-18,76159748,6025118711,77.361223,82.389703,71.075624,71.075624,-5.318584,46518
2023-04-19,27623743,2082113221,72.912953,74.170073,71.365728,74.073371,2.997747,17166
2023-04-20,16677089,1234976320,74.073371,74.073371,69.818504,72.139341,-1.93403,11630
2023-04-21,2597775,179444190,69.141593,69.141593,65.660338,67.400966,-4.738375,1918
2023-04-24,1716462,121615936,66.724055,70.882221,66.724055,70.592116,3.19115,1152
2023-04-25,1839063,131720385,70.108608,71.849236,67.69107,67.69107,-2.901046,1265
2023-04-26,1047493,73500149,68.174578,69.238295,66.724055,67.884473,0.193403,787
2023-04-27,1924474,141675013,70.108608,71.945937,69.528399,71.945937,4.061464,1359
2023-04-28,1776105,133523839,73.493162,73.493162,71.945937,72.71955,0.773613,1338
2023-05-02,1795659,137620234,74.460177,74.460177,73.783267,73.97667,1.25712,1466
2023-05-03,2012938,154734680,73.97667,75.620596,73.686565,75.620596,1.643926,1389
2023-05-04,1725237,135208949,77.361223,77.361223,74.846983,75.523894,-0.096702,1214
2023-05-05,1552774,119762441,76.200805,76.200805,72.526147,75.427192,-0.096702,1187
2023-05-08,20469913,1626231007,77.554626,79.295254,74.65358,74.65358,-0.773612,16156
2023-05-09,12183554,887507329,74.460177,75.040386,67.207563,67.400966,-7.252614,9204
2023-05-10,18096102,1287427317,67.400966,71.269027,64.49992,70.398713,2.997747,12046
2023-05-11,13296904,947011400,69.625101,72.042639,66.143846,67.69107,-2.707643,9018
2023-05-12,9358603,640380649,66.627353,67.69107,64.790024,66.047144,-1.643926,6541
2023-05-15,2018307,127313512,62.759292,62.759292,60.245052,60.631859,-5.415285,1422
2023-05-16,1369372,85863531,60.825262,61.695575,60.051649,60.825262,0.193403,905
2023-05-17,1433146,92373447,60.438456,63.726308,60.245052,62.855994,2.030732,966
2023-05-18,971015,62198214,63.2428,63.2428,61.695575,61.888978,-0.967016,697
2023-05-19,636682,41156499,62.469188,62.855994,61.888978,62.275785,0.386807,475
2023-05-22,1152918,78066590,63.823009,65.853741,63.823009,65.853741,3.577956,875
2023-05-23,755549,51322629,66.820756,66.820756,65.273532,65.370233,-0.483508,513
2023-05-24,713887,48175108,65.273532,65.853741,64.49992,64.596621,-0.773612,511
2023-05-25,739157,49214881,64.790024,64.983427,63.629606,63.629606,-0.967015,523
2023-05-26,1740206,111040506,63.532904,63.532904,61.212068,61.212068,-2.417538,1068
2023-05-29,4706879,317179236,61.98568,67.304264,61.405471,67.304264,6.092196,3820
2023-05-30,8880791,640123672,67.69107,71.849236,67.69107,69.431698,2.127434,7145
2023-05-31,3123096,220637674,67.69107,69.334996,67.69107,68.077876,-1.353822,2741
2023-06-01,2419356,169971747,68.561384,69.238295,67.497667,67.69107,-0.386806,2669
2023-06-02,2966456,206413440,68.658085,68.658085,66.724055,66.820756,-0.870314,2514
2023-06-05,6654808,484863919,67.69107,72.526147,66.917458,70.592116,3.77136,5057
2023-06-06,3223999,232940801,69.818504,71.849236,68.754787,69.528399,-1.063717,3316
2023-06-07,7315424,544050633,70.978922,73.106356,70.108608,71.365728,1.837329,5240
2023-06-08,4882447,360371902,71.075624,73.009654,69.818504,70.688818,-0.67691,3585
2023-06-09,2976196,217866784,71.559131,72.236042,69.818504,69.818504,-0.870314,2456
2023-06-12,3525133,247719767,70.592116,70.592116,66.917458,67.110861,-2.707643,3096
2023-06-13,2278687,158409537,67.69107,68.174578,66.530652,67.014159,-0.096702,1827
2023-06-14,2849208,195538330,67.207563,67.884473,65.75704,65.75704,-1.257119,2474
2023-06-15,4865182,335683813,66.240547,69.625101,63.339501,68.367981,2.610941,3843
2023-06-16,2971644,209386924,68.464682,69.625101,67.400966,67.400966,-0.967015,2422
2023-06-19,9736747,717635912,67.594369,73.009654,67.594369,71.945937,4.544971,6776
2023-06-20,5318756,382330627,71.46243,71.46243,68.367981,68.94819,-2.997747,4017
2023-06-21,2459342,173410923,69.238295,69.625101,67.787772,67.981175,-0.967015,2000
2023-06-26,1815575,127825991,67.69107,69.141593,66.530652,67.884473,-0.096702,1500
2023-06-27,2806154,192908382,67.400966,68.658085,65.273532,65.273532,-2.610941,2583
2023-06-28,2768400,193918198,66.917458,69.238295,66.240547,67.207563,1.934031,2193
2023-06-29,1376672,95638883,67.787772,68.077876,66.724055,66.724055,-0.483508,1287
2023-06-30,1200117,82128862,66.917458,66.917458,65.75704,66.143846,-0.580209,1164
2023-07-03,3391322,235976984,66.43395,69.528399,65.273532,68.367981,2.224135,2637
2023-07-04,4439326,316382026,69.625101,69.721802,67.69107,68.367981,0.0,3976
2023-07-05,1978727,139121079,68.464682,69.044892,67.304264,67.304264,-1.063717,2741
2023-07-06,1524849,105885708,66.724055,68.851489,66.43395,66.530652,-0.773612,1702
2023-07-07,2312030,156132464,66.240547,66.337249,64.016412,65.273532,-1.25712,1967
2023-07-10,1068906,72287396,65.75704,66.047144,64.886726,64.983427,-0.290105,1111
2023-07-11,1925316,128043211,65.080129,65.563637,63.823009,63.919711,-1.063716,1815
2023-07-12,4996684,316326664,63.919711,64.016412,59.568142,60.051649,-3.868062,4022
2023-07-13,3483111,212510350,61.018665,61.115366,58.020917,58.117619,-1.93403,2989
2023-07-14,2508697,151597121,58.21432,59.664843,56.763797,58.504425,0.386806,1986
2023-07-17,3228577,191067653,58.504425,58.987933,55.700081,57.634111,-0.870314,2524
2023-07-18,3997079,229724284,58.407723,58.407723,54.636364,54.636364,-2.997747,3315
2023-07-19,1943502,110673313,54.539662,55.893484,54.152856,55.119871,0.483507,1687
2023-07-20,5123193,312921987,56.086887,60.631859,55.796782,60.631859,5.511988,3652
2023-07-21,5060182,321042609,60.438456,62.469188,59.954948,60.825262,0.193403,4077
2023-07-24,2846830,173143433,61.405471,61.405471,58.020917,58.020917,-2.804345,2414
2023-07-25,1932509,114631337,58.601126,58.697828,56.473693,57.053902,-0.967015,1529
2023-07-26,1684586,99783908,57.634111,58.504425,56.28029,56.570394,-0.483508,1358
2023-07-27,1292926,76278141,56.667096,57.827514,56.570394,56.763797,0.193403,1075
2023-07-28,1236868,71799316,57.053902,57.053902,55.893484,55.990185,-0.773612,1090
2023-07-31,3435022,210130548,56.183588,60.72856,56.183588,59.47144,3.481255,2545
2023-08-01,4157027,264030024,61.308769,63.146098,60.341754,60.72856,1.25712,2961
2023-08-02,2438177,149311246,60.921963,60.921963,58.21432,58.21432,-2.51424,2071
2023-08-04,994950,59765938,58.020917,58.891231,56.667096,58.020917,-0.193403,848
2023-08-07,941915,55859366,58.020917,58.601126,56.667096,57.53741,-0.483507,955
2023-08-08,1012516,60530790,57.150604,59.084634,57.150604,57.150604,-0.386806,934
2023-08-09,867698,51571038,58.601126,58.601126,56.860499,56.9572,-0.193404,769
2023-08-10,1137145,66876321,56.763797,58.407723,56.086887,56.086887,-0.870313,978
2023-08-11,1557233,88648075,55.700081,56.28029,54.152856,54.636364,-1.450523,1580
2023-08-14,1118534,62750477,55.506678,55.506678,53.475945,53.475945,-1.160419,984
2023-08-15,1299356,70945482,53.475945,54.539662,52.122124,52.315527,-1.160418,1169
2023-08-16,1769916,93222258,52.218826,52.218826,50.188093,51.638616,-0.676911,1235
2023-08-17,1149469,61714993,51.058407,52.992438,50.478198,52.605632,0.967016,1194
2023-08-18,1263154,67406583,52.218826,52.992438,50.768303,50.768303,-1.837329,1363
2023-08-21,854973,45608805,51.348512,52.122124,51.058407,51.445213,0.67691,786
2023-08-22,1223462,64027057,51.735318,51.928721,50.188093,50.284795,-1.160418,1027
2023-08-23,4519414,255429326,51.541915,55.313274,51.541915,55.313274,5.028479,2870
2023-08-24,8439032,513357820,56.086887,60.825262,54.829767,60.825262,5.511988,5234
2023-08-25,9066643,577794006,61.888978,63.339501,59.278037,60.825262,0.0,6189
2023-08-28,10089745,680025174,61.792277,66.724055,60.921963,65.950443,5.125181,7017
2023-08-29,6219551,399405815,65.273532,65.273532,59.374739,62.372486,-3.577957,4816
2023-08-30,3628437,232637963,60.72856,63.629606,60.631859,63.629606,1.25712,3123
2023-08-31,3807330,253636555,63.823009,66.047144,63.146098,63.146098,-0.483508,3030
2023-09-01,2051686,133404463,62.469188,63.823009,62.082382,62.469188,-0.67691,1915
2023-09-04,2073672,132412218,62.855994,63.726308,61.018665,61.502172,-0.967016,1707
2023-09-05,1404388,89273413,61.405471,62.179083,60.921963,61.598874,0.096702,1112
2023-09-06,1119414,70969637,61.888978,61.888978,60.825262,61.018665,-0.580209,975
2023-09-07,1281988,81506052,60.438456,62.372486,60.438456,60.921963,-0.096702,971
2023-09-08,5961333,396049567,60.631859,65.75704,60.631859,65.75704,4.835077,4479
2023-09-11,8209221,570956995,66.627353,68.658085,65.273532,65.75704,0.0,6884
2023-09-12,4369041,293099703,66.724055,67.69107,62.855994,63.823009,-1.934031,5583
2023-09-13,2376892,153624255,64.113114,64.113114,61.598874,62.082382,-1.740627,2292
2023-09-14,2307640,148355462,63.2428,63.629606,61.405471,61.695575,-0.386807,1943
2023-09-15,4809975,299269467,62.275785,62.565889,58.987933,59.47144,-2.224135,3733
2023-09-18,2118863,133209527,59.954948,62.082382,59.278037,60.148351,0.676911,1642
2023-09-19,2390372,145859382,60.921963,61.115366,57.827514,57.827514,-2.320837,2249
2023-09-20,1459761,87072022,58.21432,58.891231,56.763797,56.9572,-0.870314,1232
2023-09-21,1774173,102229579,56.28029,56.763797,55.313274,55.313274,-1.643926,1535
2023-09-22,1600346,93934660,54.152856,58.020917,54.152856,57.634111,2.320837,1273
2023-09-25,1255646,75688662,57.344007,59.374739,56.9572,58.697828,1.063717,1029
2023-09-26,952816,56793217,58.697828,58.697828,57.053902,57.053902,-1.643926,1151
2023-09-27,724233,42853313,56.763797,58.697828,56.28029,57.053902,0.0,639
2023-09-28,754978,44780787,57.634111,58.407723,56.763797,56.763797,-0.290105,823
2023-10-02,737299,43422461,58.020917,58.020917,56.473693,57.150604,0.386807,734
2023-10-03,624412,36681799,57.53741,57.53741,56.376991,56.376991,-0.773613,537
2023-10-04,517962,29870425,55.700081,56.086887,55.506678,55.796782,-0.580209,555
2023-10-05,514660,29994071,56.086887,56.667096,56.086887,56.183588,0.386806,483
2023-10-06,473403,27566783,56.667096,56.9572,56.086887,56.376991,0.193403,507
2023-10-11,4357790,273559061,61.98568,61.98568,59.664843,60.921963,4.544972,3419
2023-10-12,1992141,122198913,59.278037,60.341754,58.697828,59.858246,-1.063717,1712
2023-10-13,1131106,69631528,59.858246,60.341754,58.987933,59.278037,-0.580209,950
2023-10-16,1430822,88852453,59.954948,61.018665,59.47144,59.47144,0.193403,1170
2023-10-17,1822856,109162016,60.245052,60.245052,56.570394,56.763797,-2.707643,1590
2023-10-18,1153428,66911934,56.376991,57.150604,55.603379,55.796782,-0.967015,1017
2023-10-19,716254,41349216,55.313274,56.570394,54.926468,56.570394,0.773612,774
2023-10-20,780381,45034674,56.667096,56.667096,55.216573,55.893484,-0.67691,824
2023-10-23,691259,40054916,55.603379,56.763797,55.409976,55.506678,-0.386806,597
2023-10-24,744311,42632205,55.506678,56.376991,54.249558,56.28029,0.773612,893
2023-10-25,625650,36405555,56.763797,56.763797,55.796782,55.796782,-0.483508,723
2023-10-26,1024128,59506343,55.796782,57.344007,54.539662,56.28029,0.483508,933
2023-10-27,631985,36375135,56.28029,56.28029,55.313274,55.313274,-0.967016,627
2023-10-30,440010,25333199,55.313274,56.086887,55.313274,55.506678,0.193404,379
2023-10-31,656675,37341502,55.990185,55.990185,54.346259,54.346259,-1.160419,583
2023-11-01,1245846,68669695,55.119871,55.119871,52.218826,53.089139,-1.25712,1030
2023-11-02,577645,32092992,54.442961,54.442961,53.379244,53.572647,0.483508,548
2023-11-03,818444,46008224,53.959453,54.926468,53.862752,54.442961,0.870314,703
2023-11-06,702832,39948804,54.442961,55.893484,54.442961,55.119871,0.67691,743
2023-11-07,592137,33364409,55.506678,55.506678,54.152856,54.249558,-0.870313,656
2023-11-08,381303,21437107,54.539662,54.926468,53.959453,54.346259,0.096701,352
2023-11-09,650641,36039906,54.442961,54.539662,53.185841,53.379244,-0.967015,697
2023-11-10,1177578,63448184,53.475945,53.475945,51.832019,51.928721,-1.450523,1034
2023-11-13,758829,40748930,52.218826,53.379244,51.445213,51.541915,-0.386806,706
2023-11-14,442934,23847372,51.348512,52.992438,51.348512,51.832019,0.290104,431
2023-11-15,644123,34906127,52.50893,52.799035,52.025423,52.025423,0.193404,686
2023-11-16,659347,35796725,52.122124,52.895736,52.122124,52.605632,0.580209,594
2023-11-17,566851,30801217,52.605632,52.895736,52.218826,52.702333,0.096701,538
2023-11-20,1266223,70752193,52.992438,54.733065,52.895736,54.056155,1.353822,1043
2023-11-21,741372,41309818,55.02317,55.02317,53.282542,53.475945,-0.58021,664
2023-11-22,639698,35030333,53.475945,53.669349,52.702333,52.702333,-0.773612,619
2023-11-23,530109,29030649,53.089139,53.669349,52.412229,52.50893,-0.193403,464
2023-11-24,4839629,280655600,53.572647,57.634111,53.185841,56.860499,4.351569,3499
2023-11-27,3232104,190361932,57.440708,59.374739,55.119871,55.119871,-1.740628,2673
2023-11-28,979965,55271372,54.442961,55.119871,54.249558,54.636364,-0.483507,942
2023-11-29,650187,36783930,54.636364,55.216573,54.442961,54.539662,-0.096702,625
2023-11-30,591300,33275248,54.249558,55.02317,54.152856,54.152856,-0.386806,598
2023-12-01,520536,29275813,54.249558,54.926468,54.249558,54.346259,0.193403,519
2023-12-04,2180308,125886575,54.249558,57.247305,53.959453,55.893484,1.547225,1712
2023-12-05,1268813,72205134,55.893484,56.183588,54.346259,54.636364,-1.25712,1123
2023-12-06,716526,40782515,55.02317,55.893484,54.636364,54.733065,0.096701,605
2023-12-07,1431275,82913079,54.829767,56.9572,54.733065,55.603379,0.870314,1109
2023-12-08,600484,34451346,56.183588,56.183588,55.119871,55.313274,-0.290105,702
2023-12-11,599919,33786698,55.119871,55.119871,54.152856,54.442961,-0.870313,596
2023-12-12,1475631,84979227,55.313274,56.860499,54.152856,55.119871,0.67691,1106
2023-12-13,851059,48400647,55.313274,56.376991,54.636364,54.636364,-0.483507,1017
2023-12-14,753818,43104651,56.086887,56.086887,54.829767,54.926468,0.290104,741
2023-12-15,825021,47235102,55.506678,55.893484,54.926468,55.409976,0.483508,866
2023-12-18,714846,40601865,55.409976,55.603379,54.636364,55.119871,-0.290105,592
2023-12-19,813840,45368542,55.119871,55.409976,53.185841,53.76605,-1.353821,747
2023-12-20,429212,23935436,53.862752,54.442961,53.76605,54.056155,0.290105,438
2023-12-21,1094041,62664626,54.539662,56.376991,54.249558,54.636364,0.580209,851
2023-12-22,1134528,63193775,54.346259,54.636364,53.572647,54.056155,-0.580209,875
2023-12-25,1158141,65710373,54.056155,55.796782,53.669349,55.313274,1.257119,893
2023-12-26,1885600,108728515,56.376991,56.473693,54.829767,55.119871,-0.193403,1570
2023-12-27,1429095,80353570,55.119871,55.119871,54.056155,54.346259,-0.773612,1156
2023-12-28,718492,40514755,54.442961,54.829767,54.056155,54.249558,-0.096701,590
2023-12-29,480213,27052263,54.926468,54.926468,54.152856,54.539662,0.290104,377
2024-01-02,450113,25337125,54.346259,55.409976,54.152856,54.152856,-0.386806,399
2024-01-03,566000,31494104,54.539662,54.539662,53.572647,53.669349,-0.483507,639
2024-01-04,626683,34842155,53.76605,54.346259,53.572647,53.572647,-0.096702,466
2024-01-05,1845033,104315782,53.282542,55.506678,53.282542,55.409976,1.837329,1174
2024-01-08,1114219,62919315,54.733065,55.409976,54.056155,54.249558,-1.160418,1000
2024-01-09,802125,44529572,54.346259,54.346259,53.379244,53.379244,-0.870314,656
2024-01-10,3233193,185253408,54.539662,57.634111,53.862752,55.119871,1.740627,2169
2024-01-11,1397597,77373481,54.152856,54.152856,52.412229,53.76605,-1.353821,1251
2024-01-12,3035648,172950977,54.636364,55.700081,54.056155,55.603379,1.837329,2114
2024-01-15,4321234,252251730,57.053902,57.924216,55.313274,55.313274,-0.290105,3216
2024-01-16,1488019,83018967,55.02317,55.02317,53.669349,53.76605,-1.547224,1532
2024-01-17,1139048,62582170,53.475945,53.76605,52.50893,52.50893,-1.25712,986
2024-01-18,710408,38327852,52.605632,53.185841,51.735318,52.025423,-0.483507,716
2024-01-19,603230,32553984,52.412229,52.702333,52.025423,52.218826,0.193403,506
2024-01-22,656706,35579237,52.50893,53.089139,52.025423,52.315527,0.096701,528
2024-01-23,335902,18197592,52.702333,52.702333,52.218826,52.315527,0.0,373
2024-01-24,594504,32168027,52.605632,52.992438,52.025423,52.025423,-0.290104,508
2024-01-25,704321,37657734,52.025423,52.218826,51.445213,51.445213,-0.58021,693
2024-01-26,999688,52406369,51.445213,51.735318,50.284795,50.381497,-1.063716,912
2024-01-29,496546,26078738,51.25181,51.445213,50.381497,50.671601,0.290104,549
2024-01-30,401949,20971981,50.768303,50.961706,50.284795,50.381497,-0.290104,509
2024-01-31,857301,44219680,50.188093,50.381497,49.607884,49.607884,-0.773613,2484
2024-02-01,376346,19394591,49.607884,50.188093,49.607884,50.091392,0.483508,934
2024-02-02,458257,23943977,50.381497,51.155109,50.188093,50.188093,0.096701,585
2024-02-05,742978,39202194,51.638616,51.638616,50.5749,51.058407,0.870314,707
2024-02-15,871177,46143333,51.348512,51.445213,50.671601,51.25181,0.193403,770
2024-02-16,1224400,65888523,51.25181,52.799035,51.25181,52.315527,1.063717,936
2024-02-19,588189,31640315,52.315527,52.799035,51.832019,51.832019,-0.483508,636
2024-02-20,889228,46921326,52.218826,52.218826,50.478198,50.961706,-0.870313,914
2024-02-21,502784,26453990,50.865004,51.348512,50.478198,50.865004,-0.096702,589
2024-02-22,587714,30883902,50.865004,51.155109,50.5749,50.671601,-0.193403,596
2024-02-23,1193946,61946083,50.671601,50.961706,49.897989,49.897989,-0.773612,1439
2024-02-26,977837,51586154,50.091392,51.541915,49.897989,51.348512,1.450523,1023
2024-02-27,1671500,89913941,52.025423,52.412229,51.445213,51.832019,0.483507,1366
2024-02-29,1299801,69726445,52.218826,52.412229,51.155109,52.315527,0.483508,996
2024-03-01,800785,43071099,52.218826,52.50893,51.735318,51.735318,-0.580209,746
2024-03-04,906305,48027023,51.735318,51.735318,50.961706,51.155109,-0.580209,848
2024-03-05,1059674,56715387,51.155109,52.605632,51.155109,51.445213,0.290104,818
2024-03-06,774059,40821630,51.445213,51.832019,50.768303,50.768303,-0.67691,875
2024-03-07,953150,49431727,50.284795,50.5749,49.99469,49.99469,-0.773613,963
2024-03-08,1502408,76435536,49.801287,49.801287,48.834272,48.930974,-1.063716,3550
2024-03-11,1037808,54605982,49.897989,51.541915,49.897989,50.768303,1.837329,935
2024-03-12,748707,38956984,50.768303,50.768303,49.801287,50.284795,-0.483508,784
2024-03-13,1094307,55890749,50.188093,50.284795,48.930974,49.221078,-1.063717,1075
2024-03-14,391052,19860522,49.607884,49.607884,48.930974,49.124377,-0.096701,614
2024-03-15,411214,20968489,49.027675,49.801287,48.930974,49.124377,0.0,552
2024-03-18,368354,18767419,49.124377,49.511183,48.834272,49.511183,0.386806,410
2024-03-19,531039,27417720,49.511183,50.188093,49.511183,50.188093,0.67691,558
2024-03-20,472151,24216824,50.188093,50.188093,49.414481,49.414481,-0.773612,683
2024-03-21,683773,34924745,49.511183,49.607884,49.221078,49.31778,-0.096701,584
2024-03-22,6172033,338092314,49.897989,54.249558,49.607884,54.249558,4.931778,4078
2024-03-25,10062648,594540961,57.730813,58.987933,54.249558,58.117619,3.868061,6957
2024-03-26,5694364,330870723,57.247305,57.247305,55.313274,56.473693,-1.643926,5795
2024-03-27,12297807,775033760,56.28029,62.082382,56.086887,62.082382,5.608689,8302
2024-03-28,15352031,1038669533,62.469188,67.69107,62.372486,66.047144,3.964762,11999
2024-03-29,7514950,492070347,64.596621,64.693323,62.565889,62.952695,-3.094449,5601
2024-04-01,15608131,1095750438,65.466935,69.238295,64.886726,69.238295,6.2856,10944
2024-04-02,12442263,887452812,69.625101,70.978922,67.014159,70.592116,1.353821,8869
2024-04-03,6576646,472209184,67.69107,70.592116,67.497667,70.592116,0.0,5848
2024-04-08,6719307,480059241,70.011907,71.46243,67.69107,67.69107,-2.901046,5354
2024-04-09,14030426,1037207418,67.787772,74.460177,66.240547,74.460177,6.769107,9867
2024-04-10,15196037,1190780759,77.361223,78.521641,72.622848,74.65358,0.193403,12177
2024-04-11,9069227,678337129,74.460177,74.460177,71.075624,71.172325,-3.481255,7044
2024-04-12,5963858,446389445,71.559131,74.846983,70.592116,73.39646,2.224135,4699
2024-04-15,18134308,1485597619,75.137088,80.649075,75.137088,80.649075,7.252615,12225
2024-04-16,16318130,1300365097,80.649075,81.035881,73.009654,78.715044,-1.934031,11719
2024-04-17,7677812,611103650,76.490909,78.038134,75.523894,76.684312,-2.030732,6364
2024-04-18,9298575,754493111,76.104103,81.229284,74.65358,77.941432,1.25712,7183
2024-04-19,8618901,689885240,77.361223,81.035881,74.556879,76.781014,-1.160418,7065
2024-04-22,7579505,577181438,76.297506,77.361223,70.882221,70.882221,-5.898793,6609
2024-04-23,3825846,282802970,70.882221,73.879968,69.721802,71.849236,0.967015,3530
2024-04-24,3512755,266653283,74.556879,74.556879,72.042639,73.39646,1.547224,4049
2024-04-25,3002243,229120556,73.009654,74.846983,72.139341,73.97667,0.58021,2518
2024-04-26,3269354,248117619,74.363476,74.65358,72.816251,72.912953,-1.063717,2618
2024-04-29,3505906,260349577,72.526147,73.203057,70.785519,71.365728,-1.547225,2926
2024-04-30,1959782,144473175,71.849236,72.526147,70.785519,70.785519,-0.580209,1886
2024-05-02,2170624,158337694,70.688818,71.559131,69.721802,70.592116,-0.193403,1777
2024-05-03,3123509,224181884,70.882221,71.365728,68.174578,69.044892,-1.547224,2557
2024-05-06,4910523,367242420,69.625101,73.299759,68.754787,73.106356,4.061464,3966
2024-05-07,4780564,365763062,76.200805,76.297506,72.042639,72.042639,-1.063717,3674
2024-05-08,1815810,134323804,72.622848,73.299759,71.075624,71.269027,-0.773612,1984
2024-05-09,3222321,244719889,72.236042,75.040386,71.849236,73.299759,2.030732,2673
2024-05-10,2330648,176389976,72.912953,74.266774,72.236042,74.266774,0.967015,1892
2024-05-13,2880999,215207269,74.266774,74.266774,71.365728,71.365728,-2.901046,2492
2024-05-14,10800998,852319962,71.849236,78.038134,71.752534,77.361223,5.995495,7235
2024-05-15,7767765,612777824,77.071118,79.778761,74.556879,76.781014,-0.580209,5701
2024-05-16,4909276,383932949,77.361223,77.554626,74.846983,74.846983,-1.934031,3861
2024-05-17,11666045,940868145,75.137088,80.068866,75.040386,78.811746,3.964763,9004
2024-05-20,11199833,884839028,79.488657,79.68206,74.65358,75.040386,-3.77136,7915
2024-05-21,7206925,540905278,74.65358,75.137088,70.785519,71.559131,-3.481255,5879
2024-05-22,3639818,268923455,71.655833,72.526147,70.785519,70.978922,-0.580209,2938
2024-05-23,15942753,1264140528,73.203057,78.038134,73.203057,77.071118,6.092196,10422
2024-05-24,4680217,353977973,73.009654,73.879968,72.236042,73.009654,-4.061464,4255
2024-05-27,2310455,173491462,73.106356,73.493162,71.849236,72.816251,-0.193403,1920
2024-05-28,1506523,112922464,73.203057,73.203057,72.236042,72.236042,-0.580209,1495
2024-05-29,1674176,123748412,72.526147,72.526147,71.269027,71.269027,-0.967015,1851
2024-05-30,1077706,79689720,71.075624,72.622848,70.592116,71.075624,-0.193403,1181
2024-05-31,798031,58880923,71.075624,71.752534,71.075624,71.075624,0.0,790
2024-06-03,797399,58797188,71.365728,71.559131,71.075624,71.365728,0.290104,799
2024-06-04,744352,55361189,71.655833,72.236042,71.655833,71.655833,0.290105,744
2024-06-05,1211107,91078918,72.526147,73.493162,72.042639,73.493162,1.837329,1204
2024-06-06,1537759,117526382,75.427192,75.427192,73.009654,73.783267,0.290105,1511
2024-06-07,5436341,398763370,73.493162,73.589863,69.625101,70.20531,-3.577957,8116
2024-06-11,3927782,278446484,70.785519,71.365728,66.627353,66.724055,-3.481255,3455
2024-06-12,4170210,281985094,66.724055,67.69107,63.823009,65.75704,-0.967015,3546
2024-06-13,1803098,121789856,65.75704,66.240547,64.403218,65.75704,0.0,2760
2024-06-14,1766070,120024501,65.75704,66.627353,64.790024,65.273532,-0.483508,1765
2024-06-17,1439575,98805069,66.240547,67.304264,65.273532,66.530652,1.25712,1631
2024-06-18,1648107,112217673,66.820756,66.917458,65.273532,65.370233,-1.160419,1565
2024-06-19,1398701,94175806,65.75704,65.75704,64.790024,64.790024,-0.580209,1293
2024-06-20,4004234,281105159,66.047144,69.528399,65.853741,67.497667,2.707643,2897
2024-06-21,2717055,186000106,67.497667,67.594369,65.563637,65.563637,-1.93403,2977
2024-06-24,3294980,230455026,66.530652,68.851489,65.950443,66.917458,1.353821,2460
2024-06-25,2461221,172096252,67.594369,68.658085,66.337249,67.884473,0.967015,3087
2024-06-26,1590022,110849582,67.787772,68.464682,66.917458,67.594369,-0.290104,1664
2024-06-27,4168210,300512542,67.69107,71.075624,67.014159,69.431698,1.837329,3318
2024-06-28,2198161,158333713,69.625101,70.495415,68.94819,69.238295,-0.193403,2006
2024-07-01,2609439,182674919,69.915205,70.011907,67.207563,67.207563,-2.030732,2255
2024-07-02,1641582,113394969,67.304264,67.69107,66.143846,66.143846,-1.063717,1510
2024-07-03,1073997,73889017,66.724055,67.207563,66.240547,66.337249,0.193403,888
2024-07-04,1091695,75232493,67.69107,67.884473,66.337249,66.337249,0.0,968
2024-07-05,1375343,94252141,66.724055,67.014159,65.660338,66.337249,0.0,1156
2024-07-08,4503601,316463765,67.594369,69.818504,66.337249,66.337249,0.0,3290
2024-07-09,1433224,97888012,66.627353,66.917458,65.660338,65.75704,-0.580209,1541
2024-07-10,826715,56681066,65.75704,66.917458,65.75704,66.530652,0.773612,694
2024-07-11,1413874,97610853,66.724055,67.884473,66.240547,66.240547,-0.290105,1352
2024-07-12,1188247,81060545,66.047144,67.207563,65.75704,65.75704,-0.483507,961
2024-07-15,1201592,80733687,65.853741,65.853741,64.693323,64.790024,-0.967016,1212
2024-07-16,889409,60276331,65.466935,66.047144,65.080129,65.273532,0.483508,719
2024-07-17,3779592,262770416,66.917458,68.367981,66.047144,66.047144,0.773612,3194
2024-07-18,8331090,594514597,68.658085,71.655833,67.014159,67.207563,1.160419,5989
2024-07-19,1561704,106739897,66.917458,67.014159,65.75704,65.75704,-1.450523,1398
2024-07-22,1695718,115490183,67.207563,67.497667,65.273532,65.273532,-0.483508,1982
2024-07-23,6401426,453866004,65.853741,70.20531,65.853741,68.658085,3.384553,5010
2024-07-26,2191000,153250256,67.207563,69.141593,66.820756,67.014159,-1.643926,3732
2024-07-29,2256716,153052730,67.014159,67.497667,64.693323,64.693323,-2.320836,2339
2024-07-30,3090159,199965243,64.306517,64.596621,61.018665,63.146098,-1.547225,2338
2024-07-31,897234,58851170,63.146098,64.306517,62.469188,63.436203,0.290105,996
2024-08-01,3451045,237399890,63.823009,67.594369,63.629606,66.724055,3.287852,2246
2024-08-02,1688518,113681412,65.466935,66.337249,64.306517,64.403218,-2.320837,2026
2024-08-05,6983192,442840004,66.530652,66.917458,58.21432,58.311022,-6.092196,4916
2024-08-06,3465028,205763523,59.084634,59.761545,53.185841,58.79453,0.483508,2296
2024-08-07,2415553,153825480,58.79453,62.759292,58.79453,62.372486,3.577956,1869
2024-08-08,1038933,66025425,61.888978,62.275785,60.921963,61.115366,-1.25712,1587
2024-08-09,1613973,103214985,62.372486,63.2428,60.921963,60.921963,-0.193403,1357
2024-08-12,1700295,110934997,62.855994,64.113114,61.98568,63.146098,2.224135,1395
2024-08-13,3388881,226339115,63.919711,66.047144,63.049397,65.273532,2.127434,2719
2024-08-14,2438001,163745978,65.853741,66.143846,63.532904,64.016412,-1.25712,2273
2024-08-15,848757,56537299,64.596621,64.886726,63.919711,64.693323,0.676911,1020
2024-08-16,1488017,99189256,65.17683,65.17683,64.016412,64.209815,-0.483508,1384
2024-08-19,1057949,70291461,64.790024,64.790024,63.629606,64.49992,0.290105,858
2024-08-20,1090608,72313723,64.596621,64.790024,63.726308,64.016412,-0.483508,1346
2024-08-21,1804226,119161063,64.403218,64.983427,62.855994,62.855994,-1.160418,1333
2024-08-22,7521675,458460992,58.020917,60.148351,57.827514,58.79453,-4.061464,5395
2024-08-23,3481766,205962200,58.020917,58.020917,56.570394,57.53741,-1.25712,2583
2024-08-26,2029158,123071741,58.79453,59.374739,57.634111,58.311022,0.773612,1677
2024-08-27,1171241,70486035,58.697828,58.891231,57.53741,58.504425,0.193403,1049
2024-08-28,818196,49406802,58.601126,58.891231,58.117619,58.21432,-0.290105,701
2024-08-29,871286,52190664,58.697828,58.697828,57.440708,57.730813,-0.483507,765
2024-08-30,897931,53521602,58.020917,58.311022,57.247305,57.247305,-0.483508,837
2024-09-02,768828,45507943,57.827514,57.827514,56.860499,56.860499,-0.386806,725
2024-09-03,1428729,82660573,56.860499,57.150604,55.119871,55.700081,-1.160418,1253
2024-09-04,1611317,89906235,53.959453,54.733065,52.799035,53.959453,-1.740628,1358
2024-09-05,769292,43010102,54.733065,54.926468,53.475945,53.475945,-0.483508,790
2024-09-06,486734,26986726,53.572647,53.959453,53.282542,53.475945,0.0,474
2024-09-09,1119488,60973395,52.992438,53.379244,51.928721,53.185841,-0.290104,788
2024-09-10,1108509,60060990,54.249558,54.249558,51.541915,51.832019,-1.353822,1036
2024-09-11,645008,34487103,51.445213,52.122124,51.348512,51.445213,-0.386806,518
2024-09-12,697693,37836443,52.412229,52.992438,52.025423,52.315527,0.870314,591
2024-09-13,635473,34820874,52.412229,53.379244,52.412229,52.992438,0.676911,536
2024-09-16,1183529,66379191,54.636364,54.926468,53.669349,53.862752,0.870314,961
2024-09-18,2999485,173621149,55.313274,57.344007,54.733065,54.733065,0.870313,2314
2024-09-19,1071633,61480773,55.216573,56.473693,54.926468,55.409976,0.676911,936
2024-09-20,892783,50890437,55.893484,55.990185,54.636364,54.636364,-0.773612,816
2024-09-23,7074373,426744809,57.827514,59.47144,57.053902,58.117619,3.481255,4731
2024-09-24,8231561,510403904,59.278037,61.308769,58.697828,58.987933,0.870314,5548
2024-09-25,2627773,158776624,59.084634,59.181336,57.827514,58.891231,-0.096702,2053
2024-09-26,1302748,78569322,58.987933,59.181336,57.924216,57.924216,-0.967015,1057
2024-09-27,952670,57031356,57.924216,58.504425,57.634111,57.634111,-0.290105,874
2024-09-30,1881938,113189472,57.634111,59.954948,56.9572,58.020917,0.386806,1308
2024-10-01,836603,49662656,58.407723,58.407723,57.053902,57.344007,-0.67691,750
2024-10-04,731635,43095986,57.827514,58.020917,56.473693,56.473693,-0.870314,702
2024-10-07,553979,32681699,56.667096,57.440708,56.667096,57.440708,0.967015,507
2024-10-08,938723,55886414,57.827514,58.311022,56.9572,57.634111,0.193403,993
2024-10-09,1739575,104815080,58.020917,59.181336,57.440708,58.311022,0.676911,1526
2024-10-11,1665762,97581960,57.53741,57.53741,55.700081,56.086887,-2.224135,1679
2024-10-14,4860635,296498155,58.79453,60.825262,57.53741,57.53741,1.450523,3659
2024-10-15,1483042,87048469,57.053902,57.344007,56.473693,56.473693,-1.063717,1279
2024-10-16,611232,35780295,56.28029,57.053902,56.28029,56.28029,-0.193403,553
2024-10-17,510178,29794112,56.473693,56.763797,56.28029,56.28029,0.0,474
2024-10-18,1048191,60323060,56.376991,56.473693,55.313274,55.313274,-0.967016,934
2024-10-21,511871,29327705,55.409976,55.700081,54.926468,55.603379,0.290105,481
2024-10-22,1375124,80585952,56.28029,57.344007,56.086887,56.473693,0.870314,1051
2024-10-23,648464,37941726,56.667096,56.9572,56.28029,56.763797,0.290104,541
2024-10-24,845201,49006797,56.9572,57.150604,55.506678,55.506678,-1.257119,738
2024-10-25,749838,42973587,56.086887,56.28029,55.02317,55.990185,0.483507,627
2024-10-28,586440,33651231,56.376991,56.376991,55.02317,55.02317,-0.967015,576
2024-10-29,497698,28189153,55.506678,55.700081,54.346259,54.346259,-0.676911,497
2024-10-30,527022,29464715,54.636364,54.636364,53.669349,53.669349,-0.67691,525
2024-11-01,358595,19917897,53.282542,54.152856,53.185841,54.056155,0.386806,378
2024-11-04,442728,24916840,55.02317,55.119871,54.056155,54.056155,0.0,411
2024-11-05,385470,21675886,54.056155,55.02317,54.056155,54.249558,0.193403,368
2024-11-06,3403813,199762387,55.02317,58.117619,54.442961,57.634111,3.384553,2475
2024-11-07,5417280,333539451,62.759292,62.759292,58.117619,58.117619,0.483508,3900
2024-11-08,2005508,117850181,58.21432,58.311022,56.086887,56.086887,-2.030732,1561
2024-11-11,1155976,68090398,56.570394,57.344007,55.796782,57.247305,1.160418,950
2024-11-12,662149,38241048,56.860499,56.860499,55.409976,55.409976,-1.837329,749
2024-11-13,674421,38288662,54.829767,56.086887,54.346259,54.733065,-0.676911,623
2024-11-14,720139,40308072,54.733065,54.829767,53.475945,53.475945,-1.25712,695
2024-11-15,450209,24944248,53.282542,54.056155,53.282542,53.475945,0.0,484
2024-11-18,436786,23954401,53.475945,53.475945,52.799035,52.799035,-0.67691,448
2024-11-19,424355,23271134,52.992438,53.282542,52.702333,53.185841,0.386806,391
2024-11-20,670570,36573304,53.379244,53.379244,52.315527,52.412229,-0.773612,566
2024-11-21,473202,25716273,52.412229,52.992438,52.025423,52.412229,0.0,418
2024-11-22,402151,21953287,52.702333,53.282542,52.605632,52.799035,0.386806,405
2024-11-25,1304123,73184478,52.702333,55.796782,52.702333,54.346259,1.547224,949
2024-11-26,9292504,558408309,56.183588,59.761545,55.603379,57.53741,3.191151,6874
2024-11-27,5377076,319566986,58.407723,59.181336,55.506678,55.796782,-1.740628,3863
2024-11-28,1908511,107223683,55.893484,55.893484,53.669349,53.669349,-2.127433,1769
2024-11-29,2206691,125608394,53.669349,56.376991,52.992438,55.119871,1.450522,1698
2024-12-02,5242977,314425197,55.796782,59.568142,55.796782,57.634111,2.51424,4169
2024-12-03,2295458,136386380,58.020917,58.601126,56.763797,57.344007,-0.290104,2080
2024-12-04,1084240,63744419,57.344007,57.440708,56.376991,56.763797,-0.58021,902
2024-12-05,1503266,87922823,56.763797,57.53741,55.700081,55.796782,-0.967015,1215
2024-12-06,812057,47013363,55.603379,56.763797,55.409976,56.183588,0.386806,726
2024-12-09,1166001,66654583,56.376991,56.376991,54.733065,55.119871,-1.063717,1050
2024-12-10,1398060,79074996,54.539662,55.893484,53.76605,54.829767,-0.290104,1055
2024-12-11,7099766,421411054,56.570394,58.987933,55.603379,55.796782,0.967015,5158
2024-12-12,1206848,69942347,56.086887,57.053902,55.506678,55.603379,-0.193403,1019
2024-12-13,794443,45380710,55.409976,55.990185,54.829767,54.926468,-0.676911,1133
2024-12-16,797410,45570850,54.926468,56.086887,54.636364,54.926468,0.0,1073
2024-12-17,3519716,208273626,55.506678,58.311022,55.216573,57.730813,2.804345,2700
2024-12-18,3960158,237847422,58.020917,58.79453,57.053902,57.730813,0.0,3027
2024-12-19,1467113,86691217,56.667096,57.730813,56.473693,57.053902,-0.676911,1416
2024-12-20,1726346,101842272,57.150604,58.21432,56.086887,56.086887,-0.967015,2592
2024-12-23,1579608,93454848,56.28029,57.924216,56.086887,57.440708,1.353821,1242
2024-12-24,8362747,514937297,57.53741,60.72856,57.53741,59.084634,1.643926,6092
2024-12-25,3668549,225138784,59.568142,60.438456,58.504425,58.891231,-0.193403,2513
2024-12-26,1910778,115977120,58.987933,59.568142,58.117619,58.311022,-0.580209,2016
2024-12-27,14444918,919887313,58.504425,63.436203,58.504425,61.212068,2.901046,9915
2024-12-30,9727706,666859719,62.855994,67.304264,62.855994,67.304264,6.092196,5605
2024-12-31,67919193,4940582005,72.332744,72.912953,67.594369,67.594369,0.290105,40105
2025-01-02,20252896,1421757271,68.561384,69.625101,66.143846,66.724055,-0.870314,13628
2025-01-03,18015796,1270181197,67.014159,70.302011,66.43395,66.43395,-0.290105,12141
2025-01-06,3429994,226722175,66.627353,66.917458,62.759292,63.532904,-2.901046,3406
2025-01-07,1694914,112271209,64.209815,64.983427,63.532904,63.823009,0.290105,1635
2025-01-08,1508013,99898956,64.113114,65.17683,63.146098,63.436203,-0.386806,1431
2025-01-09,1792165,115686372,64.306517,64.596621,60.921963,61.405471,-2.030732,1746
2025-01-10,1391304,86056666,61.405471,61.405471,58.987933,60.438456,-0.967015,1485
2025-01-13,1272812,80441272,61.502172,61.695575,59.954948,61.405471,0.967015,1204
2025-01-14,1147873,74128050,61.598874,63.919711,61.405471,63.919711,2.51424,1151
2025-01-15,908972,60103691,64.306517,64.596621,63.146098,63.823009,-0.096702,985
2025-01-16,834706,55437349,64.790024,64.790024,63.919711,64.113114,0.290105,866
2025-01-17,1168745,76196372,63.823009,63.823009,62.372486,63.726308,-0.386806,1156
2025-01-20,4665681,313507055,64.209815,66.143846,63.049397,65.273532,1.547224,4840
2025-01-21,11345865,793938213,65.950443,70.20531,65.75704,65.950443,0.676911,9135
2025-01-22,4543587,313136084,67.207563,68.077876,65.950443,66.337249,0.386806,3519
2025-02-03,4524013,313491271,64.790024,68.174578,64.49992,66.724055,0.386806,4478
2025-02-04,1861663,127495907,66.240547,67.207563,65.75704,65.950443,-0.773612,2252
2025-02-05,2440282,167107747,65.950443,66.917458,65.853741,66.627353,0.67691,2230
2025-02-06,2173404,147906425,66.143846,66.530652,65.466935,65.75704,-0.870313,2156
2025-02-07,2553497,170489607,65.950443,65.950443,64.016412,64.016412,-1.740628,2508
2025-02-10,3320735,211249082,62.759292,63.2428,60.631859,60.825262,-3.19115,3148
2025-02-11,1365357,86949571,61.115366,62.179083,61.115366,61.212068,0.386806,1151
2025-02-12,1404632,88582019,61.888978,61.888978,60.341754,60.341754,-0.870314,1256
2025-02-13,824867,51870957,60.535157,61.212068,60.438456,60.631859,0.290105,813
2025-02-14,6398943,424018760,60.631859,66.337249,60.051649,66.337249,5.70539,5049
2025-02-17,12407885,867008424,67.981175,70.108608,64.49992,64.49992,-1.837329,12271
2025-02-18,2267075,152346211,65.883729,66.572066,65.687061,65.883729,1.383809,2251
2025-02-19,5615575,386334251,66.965402,68.833746,66.375398,66.572066,0.688337,6762
2025-02-20,6190049,428736342,68.243743,69.718752,67.16207,67.555405,0.983339,5854
2025-02-21,1983823,135308570,66.6704,67.850407,66.6704,66.867068,-0.688337,1791
2025-02-24,2567874,175141689,67.358738,68.538745,66.473732,66.473732,-0.393336,2136
2025-02-25,1980766,131513142,65.883729,65.883729,64.998723,64.998723,-1.475009,1702
2025-02-26,1049477,69200244,64.605388,65.490393,64.507054,64.802056,-0.196667,999
2025-02-27,1588568,103563386,64.605388,65.195391,63.622049,63.622049,-1.180007,1480
2025-03-03,1106137,71771532,63.91705,64.507054,63.425381,63.425381,-0.196668,1133
2025-03-04,1442290,92415197,63.228713,63.425381,62.343708,63.130379,-0.295002,1256
2025-03-05,2696868,177342958,63.523715,65.490393,63.523715,65.293725,2.163346,2236
2025-03-06,2091844,138174598,65.588727,65.982063,64.212052,65.392059,0.098334,2167
2025-03-07,1140233,74669417,64.802056,65.293725,64.015384,64.015384,-1.376675,1334
2025-03-10,8110300,544675538,64.998723,67.752073,64.507054,65.195391,1.180007,5684
2025-03-11,1740513,112851463,63.91705,64.310386,62.933711,64.212052,-0.983339,1573
2025-03-12,1362193,88704810,64.40872,64.703722,63.327047,63.523715,-0.688337,1905
2025-03-13,3542688,233915142,63.622049,66.473732,62.737043,65.883729,2.360014,3631
2025-03-14,3262213,215759488,66.473732,66.768734,64.113718,64.113718,-1.770011,2693
2025-03-17,10457483,709832934,64.113718,67.850407,63.720382,66.6704,2.556682,8166
2025-03-18,5569283,378592087,67.653739,67.653739,65.982063,66.277064,-0.393336,4913
2025-03-19,31535666,2232912532,65.982063,71.783764,65.982063,70.308755,4.031691,28651
2025-03-20,13457499,946369097,69.817086,69.817086,68.342077,69.522084,-0.786671,10556
2025-03-21,23562239,1696479168,70.407089,73.258773,68.735413,69.325416,-0.196668,16410
2025-03-24,30268683,2206102500,69.325416,73.652109,68.93208,70.702091,1.376675,20591
2025-03-25,23068681,1665854306,71.292095,73.160439,69.128748,72.078766,1.376675,16355
2025-03-26,2541432,180421911,71.783764,71.783764,69.325416,69.42375,-2.655016,3054
2025-03-27,2507142,171376273,68.833746,68.833746,66.375398,66.375398,-3.048352,2504
2025-03-28,1718337,116540810,66.277064,67.752073,65.490393,67.260404,0.885006,1756
2025-03-31,2960836,187040794,64.507054,65.490393,60.573697,61.065367,-6.195037,2643
2025-04-01,2138731,139386989,61.950372,66.375398,61.950372,66.080397,5.01503,2140
2025-04-02,1204044,79122518,65.687061,65.687061,63.91705,64.40872,-1.671677,1286
2025-04-07,384376,22678184,58.017015,58.017015,58.017015,58.017015,-6.391705,664
2025-04-08,3416343,182726132,52.215313,54.181992,52.215313,53.39532,-4.621695,2820
2025-04-09,2372069,122038374,53.39532,54.181992,48.085289,48.085289,-5.310031,2338
2025-04-10,783027,42048515,52.805317,52.805317,52.805317,52.805317,4.720028,642
2025-04-11,1251097,68214179,50.641971,54.771995,50.641971,54.575328,1.770011,1282
2025-04-14,1382980,79696926,55.066997,57.525345,55.066997,57.525345,2.950017,1597
2025-04-15,3833664,235697374,60.573697,61.458702,59.590358,60.082027,2.556682,5398
2025-04-16,7856073,501417236,60.082027,64.605388,60.082027,60.475363,0.393336,10442
2025-04-17,4920740,302263136,61.262034,62.835377,58.213683,58.213683,-2.26168,4166
2025-04-18,1902530,114524650,58.607018,60.475363,58.508685,58.607018,0.393335,4354
2025-04-21,1677479,97106145,58.410351,58.607018,56.050336,56.542006,-2.065012,5112
2025-04-22,1662533,95434887,56.542006,57.427011,55.558667,55.853669,-0.688337,2339
2025-04-23,2067530,120371612,56.837008,58.213683,56.542006,56.837008,0.983339,3173
2025-04-24,1388882,80360022,57.328677,57.623679,56.050336,56.738674,-0.098334,2408
2025-04-25,6439570,390843937,57.525345,61.753704,57.230344,59.197022,2.458348,6464
2025-04-28,4003875,245945872,59.197022,61.852038,58.508685,61.458702,2.26168,3942
2025-04-29,7810013,494520871,62.933711,63.228713,61.262034,62.638709,1.180007,7210
2025-04-30,2809821,175003133,62.442041,62.540375,60.573697,60.573697,-2.065012,2379
2025-05-02,4004003,254682574,61.458702,64.40872,60.868699,62.835377,2.26168,3251
2025-05-05,3596867,225240336,63.523715,63.720382,59.983693,60.672031,-2.163346,7319
2025-05-06,9903218,634884205,61.262034,64.605388,61.1637,62.442041,1.77001,7768
2025-05-07,9009943,571573476,62.540375,64.212052,61.360368,62.245374,-0.196667,5955
2025-05-08,10193428,661363825,62.737043,64.90039,62.343708,63.130379,0.885005,6845
2025-05-09,7862743,506912326,63.130379,64.90039,62.442041,63.228713,0.098334,5251
2025-05-12,3362464,213258258,62.442041,62.835377,61.950372,62.737043,-0.49167,2337
2025-05-13,3723658,238593552,63.032045,63.622049,62.638709,62.638709,-0.098334,2888
2025-05-14,2671579,170582316,63.228713,63.523715,62.442041,62.442041,-0.196668,2907
2025-05-15,3929265,252837478,62.933711,64.40872,62.540375,63.032045,0.590004,3692
2025-05-16,1686046,107734928,63.130379,63.425381,62.540375,62.638709,-0.393336,1731
2025-05-19,2144021,135320315,63.130379,63.523715,61.360368,61.65537,-0.983339,1803
2025-05-20,3329577,205832833,62.540375,63.032045,59.492024,59.590358,-2.065012,2943
2025-05-21,1492660,90397935,59.885359,60.180361,59.295356,59.295356,-0.295002,1434
2025-05-22,1798131,107253549,60.180361,60.180361,58.115349,58.508685,-0.786671,1418
2025-05-23,1744034,103245607,59.39369,59.39369,57.623679,57.623679,-0.885006,1403
2025-05-26,1088610,64136442,57.623679,58.410351,57.427011,57.722013,0.098334,908
2025-05-27,1413969,82698333,57.623679,58.312017,57.033676,57.427011,-0.295002,1035
2025-05-28,953602,55663125,57.722013,58.115349,56.64034,56.738674,-0.688337,824
2025-05-29,881646,50926029,57.230344,57.230344,56.542006,56.64034,-0.098334,743
2025-06-02,5932479,352424581,56.837008,59.590358,56.443672,58.90202,2.26168,4367
2025-06-03,1633678,96143908,58.312017,58.508685,57.525345,57.525345,-1.376675,1590
2025-06-04,1858098,110854929,58.90202,59.000354,58.115349,59.000354,1.475009,1278
2025-06-05,1247831,74303072,59.000354,59.098688,58.213683,58.312017,-0.688337,901
2025-06-06,3756114,228216469,59.000354,60.967033,58.803686,59.000354,0.688337,2775
2025-06-09,3712633,228182590,59.197022,61.557036,59.000354,60.868699,1.868345,2716
2025-06-10,1834936,113698037,61.557036,61.557036,60.377029,60.967033,0.098334,1566
2025-06-11,1767021,109276793,61.262034,61.557036,60.082027,60.377029,-0.590004,1460
2025-06-12,1714767,103969353,60.377029,60.573697,59.295356,59.39369,-0.983339,1390
2025-06-13,10160552,638015249,63.032045,63.818716,60.278695,60.278695,0.885005,6772
2025-06-16,12079055,766395322,61.360368,63.622049,61.360368,62.048706,1.770011,7895
2025-06-17,3321267,207637771,61.065367,62.245374,60.868699,61.753704,-0.295002,2796
2025-06-18,2729624,171854267,62.245374,62.737043,61.360368,61.458702,-0.295002,1871
2025-06-19,20853859,1376092365,61.065367,67.063736,60.967033,64.90039,3.441688,13920
2025-06-20,17769496,1145128363,65.883729,66.080397,61.65537,61.753704,-3.146686,16149
2025-06-23,18976216,1226161236,64.113718,65.392059,61.950372,61.950372,0.196668,12283
2025-06-24,7205074,440398854,60.573697,60.770365,59.098688,60.573697,-1.376675,4586
2025-06-25,2560414,155692240,60.082027,60.475363,59.492024,59.590358,-0.983339,2038
2025-06-26,1594160,97062062,59.983693,60.377029,59.492024,59.688692,0.098334,1631
2025-06-27,1192469,72528377,59.787026,60.180361,59.492024,59.688692,0.0,983
2025-06-30,1402588,84173605,59.688692,59.787026,58.607018,58.607018,-1.081674,1319
2025-07-01,850666,50820836,58.705352,59.098688,58.508685,58.607018,0.0,920
2025-07-02,696693,41892338,58.607018,59.39369,58.607018,59.295356,0.688338,583
2025-07-03,1154934,70166670,59.492024,60.082027,59.295356,59.885359,0.590003,943
2025-07-04,1648489,100089080,59.688692,60.967033,59.000354,59.098688,-0.786671,1255
2025-07-07,8834434,555863771,63.425381,63.425381,60.967033,61.852038,2.75335,6104
2025-07-08,6080552,383619763,61.753704,63.130379,60.180361,62.737043,0.885005,4436
2025-07-09,2578743,163778780,62.933711,63.130379,61.950372,62.343708,-0.393335,2372
2025-07-10,1920430,121756999,62.343708,63.032045,61.852038,61.950372,-0.393336,1462
2025-07-11,6549559,423018931,62.540375,64.40872,62.245374,63.425381,1.475009,4581
2025-07-14,6241385,404057968,64.310386,65.490393,62.442041,63.130379,-0.295002,4314
2025-07-15,4240140,275222846,63.130379,64.507054,62.835377,63.91705,0.786671,2905
2025-07-16,2820251,181048614,63.622049,64.015384,62.442041,62.540375,-1.376675,2359
2025-07-17,1728807,110333308,62.442041,63.130379,62.442041,62.442041,-0.098334,1365
2025-07-18,2973671,188406833,62.442041,63.622049,61.458702,63.523715,1.081674,2083
2025-07-21,4887112,317246443,63.425381,64.703722,62.835377,63.327047,-0.196668,3567
2025-07-22,4009133,253561775,63.720382,64.113718,60.967033,61.1637,-2.163347,3551
2025-07-23,11897456,795967945,61.458702,67.260404,61.1637,67.260404,6.096704,5778
2025-07-24,54662445,3919969174,69.522084,73.848777,67.948741,68.342077,1.081673,32520
2025-07-25,59483263,4388811705,68.833746,75.127118,68.440411,75.127118,6.785041,36870
2025-07-28,81524481,6258472730,76.70046,77.978801,72.767103,77.585466,2.458348,45202
2025-07-29,54791555,4695701674,82.20716,85.255512,79.650478,85.255512,7.670046,26128
2025-07-30,117453419,10896337893,87.71386,93.712229,87.418858,93.712229,8.456717,69345
2025-07-31,79542767,7714187909,95.973909,97.547252,93.122226,94.007231,0.295002,47065
2025-08-01,10157519,979462977,91.647217,96.170577,91.647217,95.48224,1.475009,8099
2025-08-04,11355365,1146416740,96.858915,101.775611,96.072243,100.300602,4.818362,8938
2025-08-05,8216278,827359873,101.283941,101.775611,96.858915,100.300602,0.0,7144
2025-08-06,9883879,1055825687,101.775611,109.642325,99.317263,109.150655,8.850053,9384
2025-08-07,8992924,964126106,110.133994,110.133994,103.25062,103.25062,-5.900035,7562
2025-08-08,6869684,697802066,102.75895,102.75895,98.038922,99.317263,-3.933357,3688
2025-08-11,3710061,399963458,100.792272,108.658986,100.792272,107.675646,8.358383,2642
2025-08-12,2485353,274292135,107.675646,110.133994,105.708968,108.658986,0.98334,2065
2025-08-13,2703286,295294538,109.150655,110.133994,105.217298,107.183977,-1.475009,1791
2025-08-14,4050781,457884190,109.150655,115.050691,106.200637,111.609003,4.425026,2657
2025-08-15,3038481,358374992,111.609003,118.000708,111.609003,117.509039,5.900036,2353
2025-08-18,3820398,489267749,120.950726,128.81744,120.950726,128.81744,11.308401,3030
2025-08-19,2848726,362008894,131.767458,131.767458,123.900744,123.900744,-4.916696,2207
2025-08-20,5276153,624542008,121.442396,121.442396,113.084012,120.950726,-2.950018,2681
2025-08-21,3827602,492246398,125.867422,129.800779,122.425735,126.359092,5.408366,2408
2025-08-22,38448647,5268423328,132.750797,138.650832,126.850761,131.275788,4.916696,24750
2025-08-25,22325969,3200633135,135.209145,144.059198,134.717475,144.059198,12.78341,10484
2025-08-26,12556893,2009470273,155.367599,158.317617,153.89259,158.317617,14.258419,6791
2025-08-27,41638286,7156145239,167.16767,174.051045,162.250974,174.051045,15.733428,29444
2025-08-28,71868929,12735966638,176.017723,180.934419,168.151009,170.117688,-3.933357,48231
2025-08-29,4955999,841715710,167.16767,172.084366,162.250974,167.16767,-2.950018,3498
2025-09-01,4338017,698496620,170.117688,170.117688,152.417582,156.842608,-10.325062,3538
2025-09-02,3521522,550286190,159.300956,159.300956,151.434242,155.859269,-0.983339,2703
2025-09-03,3956104,679437035,159.792626,171.101027,159.792626,171.101027,15.241758,2982
2025-09-04,3030570,525873828,174.051045,174.542714,165.200992,168.151009,-2.950018,2956
2025-09-05,1947249,337634867,170.609357,174.051045,165.692661,174.051045,5.900036,1824
2025-09-08,2428180,434028793,178.967741,178.967741,172.576036,177.001062,2.950017,2216
2025-09-09,2008650,359512895,172.576036,177.001062,172.576036,177.001062,0.0,1778
2025-09-10,4421010,828358127,178.967741,186.834455,178.967741,184.867776,7.866714,3908
2025-09-11,3208950,584758366,187.817794,187.817794,174.051045,175.526054,-9.341722,2753
2025-09-12,35424152,6091897852,180.934419,183.884437,159.300956,162.742644,-12.78341,28104
2025-09-15,32674876,5189075222,160.284295,168.151009,147.992555,148.975894,-13.76675,25103
2025-09-16,15842076,2435704429,152.417582,154.87593,147.992555,151.434242,2.458348,13751
2025-09-17,17232392,2580159766,149.959233,152.417582,142.584189,150.942573,-0.491669,14850
2025-09-18,26126161,3842699939,152.909251,153.89259,139.142502,142.09252,-8.850053,20274
2025-09-19,3984038,565387711,142.584189,142.584189,137.667493,137.667493,-4.425027,2541
2025-09-22,5306669,798950019,137.667493,151.434242,137.667493,150.942573,13.27508,3204
2025-09-23,1434666,213532374,148.484225,148.484225,144.550868,146.025877,-4.916696,1434
2025-09-24,1101670,161208961,146.025877,146.025877,142.584189,145.042537,-0.98334,1060
2025-09-25,1097046,160462934,147.500885,147.500885,141.10918,141.10918,-3.933357,1086
2025-09-26,1940579,270339657,145.042537,145.042537,135.700815,137.667493,-3.441687,1593
2025-09-30,1058012,152414369,139.634171,145.534207,136.192484,145.534207,7.866714,1081
2025-10-01,1378875,208669415,146.025877,150.942573,146.025877,147.500885,1.966678,1312
2025-10-02,891091,131895660,147.500885,147.500885,144.550868,146.025877,-1.475008,892
2025-10-03,2951550,457069989,147.500885,153.400921,147.500885,153.400921,7.375044,2637
2025-10-07,15864639,2380281493,153.400921,153.89259,143.075859,149.467564,-3.933357,13515
2025-10-08,13657605,1957279014,147.500885,147.992555,137.667493,138.159163,-11.308401,13535
2025-10-09,10957961,1526902204,135.700815,140.617511,132.259127,138.650832,0.491669,8846
2025-10-13,23728873,3468522673,132.750797,151.434242,130.292449,145.534207,6.883375,18693
2025-10-14,15519977,2182587815,143.567528,143.567528,133.734136,133.734136,-11.800071,14467
2025-10-15,1567613,209199629,132.750797,132.750797,129.800779,130.784118,-2.950018,1368
2025-10-16,1428333,197094865,131.767458,137.667493,131.275788,136.192484,5.408366,1136
2025-10-17,1023689,137051133,134.225806,134.225806,130.784118,130.784118,-5.408366,1107
2025-10-20,1594287,205294941,131.275788,131.275788,125.375753,125.867422,-4.916696,1853
2025-10-21,1514339,190682170,125.867422,125.867422,123.409074,123.900744,-1.966678,1681
2025-10-22,610783,77802238,126.850761,126.850761,124.392413,124.392413,0.491669,683
2025-10-23,2227321,266827852,122.917404,122.917404,115.050691,118.984048,-5.408365,2301
2025-10-27,1450363,171520955,120.950726,120.950726,113.575682,120.459056,1.475008,1694
2025-10-28,834276,100735871,121.442396,121.442396,117.017369,119.475717,-0.983339,992
2025-10-29,1224197,152338523,119.967387,123.409074,119.967387,123.409074,3.933357,1113
2025-10-30,7089235,852824291,121.442396,121.934065,115.54236,118.492378,-4.916696,6794
2025-10-31,5011411,589130103,118.000708,119.967387,113.084012,115.050691,-3.441687,5598
2025-11-03,3710895,465354397,115.050691,126.359092,114.559021,126.359092,11.308401,2944
2025-11-04,28030034,3879322970,130.784118,138.650832,130.292449,138.159163,11.800071,22850
2025-11-05,22959977,3132725845,132.750797,136.684154,130.784118,136.192484,-1.966679,15808
2025-11-06,8778848,1194384894,138.159163,138.159163,130.784118,135.209145,-0.983339,7162
2025-11-07,4676815,622238431,135.209145,135.209145,128.81744,129.309109,-5.900036,4091
2025-11-10,7503629,933339299,129.800779,130.292449,118.984048,119.967387,-9.341722,6856
2025-11-11,5452392,670262826,120.950726,124.392413,118.492378,118.492378,-1.475009,4866
2025-11-12,3385014,412663402,119.475717,122.425735,117.509039,120.950726,2.458348,3406
2025-11-13,2893022,349394336,119.967387,120.950726,117.017369,118.492378,-2.458348,3601
2025-11-14,6198029,746961179,116.03403,123.900744,115.050691,117.509039,-0.983339,6072
2025-11-17,4412359,507518661,116.03403,116.525699,111.117334,111.609003,-5.900036,4432
2025-11-18,4085837,459668497,111.609003,114.559021,108.167316,108.658986,-2.950017,3563
2025-11-19,3306719,371141029,108.658986,112.100673,107.675646,111.609003,2.950017,2905
2025-11-20,2941009,334191839,112.592342,114.067351,110.133994,113.084012,1.475009,3104
2025-11-21,5235576,595572016,111.117334,116.03403,108.658986,109.150655,-3.933357,4106
2025-11-24,3854574,461441178,112.592342,119.967387,111.117334,119.967387,10.816732,3085
2025-11-25,24197586,3128626349,123.409074,130.784118,121.442396,128.32577,8.358383,17693
2025-11-26,6420669,916661822,138.159163,141.10918,138.159163,141.10918,12.78341,4415
2025-11-27,46112904,6686887397,147.992555,148.975894,137.667493,139.142502,-1.966678,31162
2025-11-28,13733605,1912923012,139.142502,141.10918,132.750797,138.159163,-0.983339,10138
2025-12-01,19497701,2772927484,139.634171,144.550868,133.242466,143.075859,4.916696,14138
2025-12-02,7543469,1067564569,140.125841,142.09252,136.684154,137.175823,-5.900036,7248
2025-12-03,10134522,1376981032,135.209145,136.192484,130.784118,133.242466,-3.933357,8459
2025-12-04,1833566,251464694,133.242466,136.192484,133.242466,135.700815,2.458349,1826
2025-12-05,1059284,143502334,135.209145,135.209145,132.750797,133.242466,-2.458349,1348
2025-12-08,2355514,311350390,133.734136,133.734136,128.81744,129.309109,-3.933357,2644
2025-12-09,2441225,335032940,132.750797,136.192484,131.767458,135.700815,6.391706,2551
2025-12-10,1137379,155868507,136.684154,137.667493,133.242466,133.242466,-2.458349,1422
2025-12-11,1068592,146485101,134.717475,136.192484,133.734136,134.225806,0.98334,1269
2025-12-12,1226790,170184224,135.700815,137.175823,135.700815,136.192484,1.966678,1423
2025-12-15,3019767,431503918,136.192484,141.60085,135.209145,141.60085,5.408366,3273
2025-12-16,1982893,278031015,141.60085,142.584189,133.242466,137.667493,-3.933357,2218
2025-12-17,866808,121440392,138.650832,140.125841,136.684154,137.667493,0.0,1063
2025-12-18,1311665,185766131,138.159163,139.634171,137.667493,139.634171,1.966678,1486
2025-12-19,2689646,388168985,141.60085,142.584189,140.617511,142.09252,2.458349,2853
2025-12-22,7291051,1053575070,142.09252,145.534207,139.634171,141.60085,-0.49167,6727
2025-12-23,23533059,3588929797,141.10918,155.367599,139.142502,146.517546,4.916696,17678
2025-12-24,12428907,1842069113,147.009216,149.959233,142.584189,142.584189,-3.933357,12713
2025-12-26,4715168,676137474,142.584189,143.567528,138.650832,143.567528,0.983339,4716
2025-12-29,14813249,2228772415,146.517546,150.450903,145.534207,149.959233,6.391705,11008
2025-12-30,17693430,2720070614,154.38426,159.300956,147.009216,147.009216,-2.950017,13284
2025-12-31,4874992,710392590,145.042537,145.042537,142.09252,142.584189,-4.425027,5098
2026-01-02,5037018,741081379,143.075859,148.484225,142.09252,142.584189,0.0,5307
2026-01-05,4307100,618710799,145.042537,145.534207,139.142502,140.617511,-1.966678,4459
2026-01-06,4131757,606403507,143.075859,147.009216,141.60085,143.567528,2.950017,4082
2026-01-07,2488749,358997234,144.550868,144.550868,140.617511,142.09252,-1.475008,2785
2026-01-08,20513390,3173630539,144.059198,155.859269,144.059198,155.859269,13.766749,15205
2026-01-09,36995826,5839365794,158.809287,163.234313,148.484225,148.484225,-7.375044,24771
2026-01-12,20476539,3216020014,147.500885,159.300956,145.534207,153.89259,5.408365,15334
2026-01-13,9074833,1401190227,154.38426,154.87593,148.975894,152.417582,-1.475008,7821
2026-01-14,9579450,1495675984,151.925912,157.334278,149.959233,151.434242,-0.98334,7957
2026-01-15,1656320,254008042,149.959233,152.909251,149.467564,151.434242,0.0,1286
2026-01-16,1538320,231879669,152.417582,152.417582,147.500885,147.992555,-3.441687,1329
2026-01-19,2123748,312550641,148.484225,148.484225,142.584189,142.584189,-5.408366,2110
2026-01-20,1204886,181889017,146.517546,148.975894,146.517546,148.975894,6.391705,1223
2026-01-21,1377353,211266592,145.042537,152.909251,145.042537,151.434242,2.458348,1305
2026-01-22,1122001,173509749,154.38426,154.38426,151.434242,151.925912,0.49167,1127
2026-01-23,628348,95386982,152.417582,152.417582,148.975894,148.975894,-2.950018,801
2026-01-26,926883,143461908,152.417582,153.400921,150.450903,153.400921,4.425027,1038
2026-01-27,1082879,167784943,153.400921,153.400921,151.434242,152.417582,-0.983339,1089
2026-01-28,971236,149500660,153.400921,153.400921,149.959233,152.417582,0.0,939
2026-01-29,21893009,3519595001,153.400921,163.234313,150.942573,152.417582,0.0,36166
2026-01-30,10972834,1611784244,153.400921,153.89259,141.10918,143.075859,-9.341723,12264
2026-02-02,6168172,861771065,137.667493,144.550868,133.734136,135.209145,-7.866714,6492
2026-02-03,3985054,556455528,136.684154,140.125841,135.700815,136.192484,0.983339,28242
2026-02-04,2024117,283800278,135.700815,139.634171,135.209145,137.667493,1.475009,5609
2026-02-05,2913567,399751393,136.684154,137.667493,133.734136,133.734136,-3.933357,3179
2026-02-06,3790676,515113390,133.734136,136.192484,130.292449,134.225806,0.49167,3501
2026-02-09,2501141,345421199,137.667493,138.159163,132.750797,136.684154,2.458348,2620
2026-02-10,1745653,241877191,137.667493,137.667493,134.717475,137.175823,0.491669,1783
2026-02-11,7435567,1080160802,138.650832,146.517546,138.159163,145.534207,8.358384,6647
2026-02-23,16364567,2622062128,153.89259,159.792626,151.434242,156.350938,10.816731,13706
2026-02-24,9580096,1532899807,153.400921,161.267635,151.925912,159.792626,3.441688,9648
2026-02-25,5370648,857825145,159.792626,160.284295,154.38426,156.350938,-3.441688,5278
2026-02-26,3712012,590413250,156.350938,158.317617,153.400921,158.317617,1.966679,5584
2026-03-02,19295798,3157467170,169.626018,171.101027,154.38426,155.367599,-2.950018,20619
2026-03-03,5265755,825015573,156.350938,157.825947,151.925912,152.909251,-2.458348,5501
2026-03-04,15918726,2531546060,158.317617,161.759304,151.925912,154.38426,1.475009,12575
2026-03-05,8637269,1339696541,156.350938,159.300956,147.992555,147.992555,-6.391705,7641
2026-03-06,1230179,182384872,147.992555,147.992555,142.584189,147.992555,0.0,1309
2026-03-09,1128769,154735311,137.667493,137.667493,133.734136,134.225806,-13.766749,1501
2026-03-10,869589,119301418,136.192484,136.684154,131.767458,134.717475,0.491669,1142
2026-03-11,537845,76147213,136.684154,141.10918,136.684154,141.10918,6.391705,1178
2026-03-12,534244,76231818,140.125841,142.584189,139.142502,142.09252,0.98334,714
2026-03-13,354368,50250259,137.667493,140.617511,137.667493,139.142502,-2.950018,561
2026-03-16,447906,63502068,139.634171,140.617511,138.650832,140.617511,1.475009,796
2026-03-17,587435,83523550,142.584189,142.584189,138.650832,139.634171,-0.98334,758
2026-03-18,690091,99875112,142.584189,144.059198,140.617511,144.059198,4.425027,848
2026-03-19,818715,122390983,147.009216,148.484225,145.042537,148.484225,4.425027,954
2026-03-20,7227607,1090064061,149.467564,151.434242,144.059198,149.467564,0.983339,3890
2026-03-23,11773200,1832786813,147.500885,158.809287,147.500885,149.467564,0.0,10537
2026-03-24,3708700,555059392,149.959233,151.434242,144.550868,144.550868,-4.916696,4911
2026-03-25,2252728,331801097,146.025877,146.517546,143.567528,145.042537,0.491669,2832
2026-03-26,2136482,312300008,145.534207,147.500885,140.125841,140.125841,-4.916696,2511
2026-03-27,2672116,369846787,137.667493,140.125841,133.734136,136.192484,-3.933357,2941
2026-03-30,4223209,604522831,133.734136,145.534207,133.734136,142.09252,5.900036,3960
2026-03-31,2791247,388587133,141.60085,142.09252,133.734136,133.734136,-8.358384,3176
2026-04-01,1411581,195340638,136.192484,137.175823,135.209145,136.684154,2.950018,1458
2026-04-02,2281017,308688345,136.684154,137.667493,130.784118,131.767458,-4.916696,2551
2026-04-07,1307018,175354277,133.734136,133.734136,130.784118,131.767458,0.0,1488
2026-04-08,1717315,235385976,133.242466,136.192484,132.750797,134.717475,2.950017,1705
2026-04-09,3396609,449981916,135.700815,135.700815,127.342431,128.81744,-5.900035,3731
2026-04-10,2096069,272299377,129.309109,129.800779,126.359092,127.834101,-0.983339,2579
2026-04-13,1159948,150885209,127.342431,128.81744,127.342431,127.834101,0.0,1521
2026-04-14,3902917,531388858,129.800779,136.192484,128.32577,134.717475,6.883374,3684
2026-04-15,4218668,592888271,135.700815,142.09252,134.225806,134.717475,0.0,3988
2026-04-16,9899418,1449633160,136.684154,147.992555,135.700815,142.584189,7.866714,8828
2026-04-17,5119404,757606439,143.567528,148.484225,143.075859,145.534207,2.950018,5183
2026-04-20,9290441,1442052721,147.500885,156.350938,145.534207,151.925912,6.391705,8612
2026-04-21,6482005,1002544431,153.400921,157.334278,147.992555,148.975894,-2.950018,7302
2026-04-22,5272635,817417351,153.89259,155.859269,149.959233,150.942573,1.966679,12426
2026-04-23,11568166,1783333421,152.909251,157.334278,142.584189,156.842608,5.900035,10050
2026-04-24,7211362,1120977395,155.859269,156.350938,149.467564,151.925912,-4.916696,6135
2026-04-27,3116103,473607993,153.89259,153.89259,146.025877,150.450903,-1.475009,9324
2026-04-28,5431990,791467685,147.992555,147.992555,141.10918,142.09252,-8.358383,5182
2026-04-29,2997516,428602955,142.584189,143.567528,138.650832,140.617511,-1.475009,2727
2026-04-30,1443532,207490468,140.617511,142.09252,140.125841,141.60085,0.983339,1642
2026-05-04,5129837,778285263,142.09252,152.417582,142.09252,150.450903,8.850053,4808
2026-05-05,3822461,589863111,150.450903,154.38426,148.484225,151.434242,0.983339,3794
2026-05-06,3075263,464084625,152.417582,152.417582,146.517546,147.992555,-3.441687,5119
2026-05-07,3431441,516323111,147.500885,151.434242,144.059198,148.975894,0.983339,3074
2026-05-08,12296051,1953462754,149.959233,161.267635,149.959233,156.350938,7.375044,10719
2026-05-11,11105416,1599389104,144.059198,145.042537,141.10918,141.60085,-14.750088,24101
2026-05-12,3783032,538001907,141.60085,141.60085,137.175823,139.142502,-2.458348,4053
2026-05-13,2996694,424419703,139.634171,141.60085,136.684154,137.667493,-1.475009,3565
2026-05-14,3515217,487907417,139.0,141.5,137.5,137.5,-0.167493,3718
2026-05-15,4460976,637805075,141.5,146.0,140.5,140.5,3.0,3963
2026-05-18,3178833,442285866,140.5,142.5,137.5,137.5,-3.0,3894
2026-05-19,4490626,599579154,137.5,137.5,131.5,132.5,-5.0,5086
2026-05-20,5458827,741736474,133.5,142.0,132.5,133.0,0.5,4978
2026-05-21,2690739,362815493,134.5,137.0,133.0,135.5,2.5,3090
2026-05-22,2955500,403822779,137.0,138.0,135.0,138.0,2.5,3014
2026-05-25,3307957,457937863,139.0,141.0,136.5,138.5,0.5,3553
2026-05-26,2278011,312278399,139.5,140.5,135.5,136.5,-2.0,2912
2026-05-27,2951461,400918786,137.5,138.0,134.5,135.0,-1.5,3597
2026-05-28,2879913,391652901,135.0,138.0,134.5,135.0,0.0,2928
2026-05-29,7357597,1047952870,139.0,145.5,139.0,143.0,8.0,6082
2026-06-01,6791840,971639999,146.0,147.5,139.5,141.0,-2.0,6025
2026-06-02,4262714,582090911,140.5,140.5,134.5,136.0,-5.0,4696
2026-06-03,2390104,322145976,136.0,136.5,134.0,134.5,-1.5,2769
2026-06-04,2245004,299091757,135.5,135.5,132.5,133.0,-1.5,3241
2026-06-05,2281999,304382815,134.5,135.5,131.5,134.5,1.5,2267
2026-06-08,2710600,344474891,123.0,129.5,123.0,129.0,-5.5,3106
2026-06-09,2907196,387381918,129.0,136.0,129.0,132.5,3.5,2859
2026-06-10,2748326,358659688,133.5,133.5,129.0,129.0,-3.5,3732
2026-06-11,1670907,212414560,127.5,129.0,126.0,126.5,-2.5,2385
2026-06-12,1752824,227788339,129.0,131.5,128.0,129.5,3.0,1922
2026-06-15,1397156,180556006,131.0,131.0,128.0,129.0,-0.5,2017
2026-06-16,2913921,366653943,129.0,129.0,124.5,125.0,-4.0,4349
2026-06-17,1646216,210560730,125.0,131.0,124.0,127.5,2.5,1779
2026-06-18,2842463,362434343,128.0,130.0,125.5,129.5,2.0,3359
2026-06-22,9323958,1315287677,137.0,142.0,137.0,142.0,12.5,7467
2026-06-23,9509154,1360261815,147.0,147.0,140.0,141.0,-1.0,8454
2026-06-24,3366189,472239635,139.0,144.0,137.5,140.0,-1.0,6820
2026-06-25,2779702,389197515,142.0,143.5,137.5,138.5,-1.5,2800
2026-06-26,4620133,646123502,139.0,143.0,136.5,140.5,2.0,4308
2026-06-29,11574293,1759411782,146.0,154.5,144.5,154.5,14.0,9150
2026-06-30,37042097,6098791031,156.0,169.5,153.0,169.5,15.0,24814
2026-07-01,25951532,4768588467,177.0,186.0,175.5,186.0,16.5,31921
2026-07-02,53062536,10037672292,185.5,198.0,179.5,186.0,0.0,73630
2026-07-03,10966815,2192791394,188.0,204.5,188.0,204.5,18.5,12538
2026-07-06,9733990,2143343683,217.0,224.5,215.5,222.0,17.5,11273
2026-07-07,8165973,1686022944,222.0,222.0,200.0,207.0,-15.0,10421
2026-07-08,7654968,1706428292,223.0,227.5,213.0,227.5,20.5,9478
2026-07-09,6201224,1435218879,225.0,239.0,225.0,227.0,-0.5,8437
2026-07-13,6454071,1586215650,235.0,249.5,235.0,249.5,22.5,9240
2026-07-14,9545030,2433061464,256.0,265.5,235.0,264.0,14.5,12076
2026-07-15,5353704,1390946378,264.0,272.0,249.0,269.5,5.5,8007
2026-07-16,5924215,1512783562,255.0,265.0,243.0,243.0,-26.5,10351
2026-07-17,3089355,676568745,219.0,219.0,219.0,219.0,-24.0,6357
2026-07-20,27186589,5921446203,219.0,237.0,203.0,204.5,-14.5,54023
2026-07-21,22034619,4714509282,206.5,222.0,201.0,214.0,9.5,30930
2026-07-22,22040043,4447522426,214.5,214.5,193.0,196.5,-17.5,22923
2026-07-23,14266472,2723062805,200.0,200.0,182.5,190.5,-6.0,14264
2026-07-24,20294284,3817739298,187.0,194.5,182.0,187.0,-3.5,18670
2026-07-27,2106219,371821200,187.0,187.0,172.5,186.0,-1.0,2212
2026-07-28,1050789,186229191,175.0,181.0,174.0,174.0,-12.0,1440
2026-07-29,1651083,263661263,175.0,175.0,157.0,157.0,-17.0,2081
2026-07-30,1582387,241414270,145.0,158.0,145.0,150.0,-7.0,1781
2026-07-31,1045281,171269794,165.0,165.0,160.0,165.0,15.0,1221
2026-08-03,1035498,179550564,169.5,175.5,167.5,172.5,7.5,1271
2026-08-04,892286,158667955,175.5,180.0,175.5,178.5,6.0,1125
2026-08-05,1076498,202758421,190.5,190.5,185.0,189.0,10.5,1370
2026-08-06,824341,155741411,187.5,191.0,184.0,190.0,1.0,942
2026-08-07,601074,111505706,190.0,190.0,184.5,185.0,-5.0,809
2026-08-10,6417956,1128240220,177.5,182.5,170.0,172.0,-13.0,7944
2026-08-11,8820185,1542385964,170.0,189.0,162.5,189.0,17.0,8172
2026-08-12,13435330,2368768782,185.0,185.0,172.5,173.0,-16.0,13337
2026-08-13,9506531,1695485271,174.0,183.5,173.5,183.5,10.5,7974
2026-08-14,16897715,3267094180,182.0,201.5,182.0,201.5,18.0,14244
