date,source,market,stock_id,available_volume,susp_margin_short,susp_sbl_short,no_below_flat
2026-09-15,TWT96U,twse,00400A,11471493,,,
2026-09-15,TWT96U,tpex,00411A,6844890,,,
2026-09-15,TWT96U,twse,00401A,2172481,,,
2026-09-15,TWT96U,tpex,006201,83844,,,
2026-09-15,TWT96U,twse,00402A,1446239,,,
2026-09-15,TWT96U,tpex,00679B,5504917,,,
2026-09-15,TWT96U,twse,00403A,65745423,,,
2026-09-15,TWT96U,tpex,00687B,4247332,,,
2026-09-15,TWT96U,twse,00404A,3087342,,,
2026-09-15,TWT96U,tpex,00694B,76242,,,
2026-09-15,TWT96U,twse,00405A,22558212,,,
2026-09-15,TWT96U,tpex,00695B,119133,,,
2026-09-15,TWT96U,twse,00406A,43839133,,,
2026-09-15,TWT96U,tpex,00696B,677320,,,
2026-09-15,TWT96U,twse,00407A,15865958,,,
2026-09-15,TWT96U,tpex,00697B,124221,,,
2026-09-15,TWT96U,twse,00408A,681144,,,
2026-09-15,TWT96U,tpex,00719B,681340,,,
2026-09-15,TWT96U,twse,00409A,12266733,,,
2026-09-15,TWT96U,tpex,00720B,1320153,,,
2026-09-15,TWT96U,twse,00410A,4319786,,,
2026-09-15,TWT96U,tpex,00722B,994561,,,
2026-09-15,TWT96U,twse,0050,23764466,,,
2026-09-15,TWT96U,tpex,00723B,51621,,,
2026-09-15,TWT96U,twse,0051,15293,,,
2026-09-15,TWT96U,tpex,00724B,1174129,,,
2026-09-15,TWT96U,twse,0052,5017276,,,
2026-09-15,TWT96U,tpex,00725B,802377,,,
2026-09-15,TWT96U,twse,0053,21997,,,
2026-09-15,TWT96U,tpex,00726B,69008,,,
2026-09-15,TWT96U,twse,0055,138156,,,
2026-09-15,TWT96U,tpex,00727B,50585,,,
2026-09-15,TWT96U,twse,0056,9031900,,,
2026-09-15,TWT96U,tpex,00734B,37126,,,
2026-09-15,TWT96U,twse,0057,6834,,,
2026-09-15,TWT96U,tpex,00740B,451895,,,
2026-09-15,TWT96U,twse,0061,46464,,,
2026-09-15,TWT96U,tpex,00741B,35118,,,
2026-09-15,TWT96U,twse,006203,4833,,,
2026-09-15,TWT96U,tpex,00746B,116649,,,
2026-09-15,TWT96U,twse,006204,7576,,,
2026-09-15,TWT96U,tpex,00749B,35381,,,
2026-09-15,TWT96U,twse,006205,83016,,,
2026-09-15,TWT96U,tpex,00750B,35743,,,
2026-09-15,TWT96U,twse,006206,12525,,,
2026-09-15,TWT96U,tpex,00751B,1426010,,,
2026-09-15,TWT96U,twse,006207,48056,,,
2026-09-15,TWT96U,tpex,00754B,38130,,,
2026-09-15,TWT96U,twse,006208,726432,,,
2026-09-15,TWT96U,tpex,00755B,36145,,,
2026-09-15,TWT96U,twse,00631L,55478464,,,
2026-09-15,TWT96U,tpex,00756B,62196,,,
2026-09-15,TWT96U,twse,00632R,48374708,,,
2026-09-15,TWT96U,tpex,00758B,30302,,,
2026-09-15,TWT96U,twse,00633L,594579,,,
2026-09-15,TWT96U,tpex,00759B,30369,,,
2026-09-15,TWT96U,twse,00634R,202911,,,
2026-09-15,TWT96U,tpex,00760B,32407,,,
2026-09-15,TWT96U,twse,00635U,1347341,,,
2026-09-15,TWT96U,tpex,00761B,85252,,,
2026-09-15,TWT96U,twse,00636,111379,,,
2026-09-15,TWT96U,tpex,00764B,1770154,,,
2026-09-15,TWT96U,twse,00637L,4928345,,,
2026-09-15,TWT96U,tpex,00768B,184596,,,
2026-09-15,TWT96U,twse,00638R,46177,,,
2026-09-15,TWT96U,tpex,00772B,548439,,,
2026-09-15,TWT96U,twse,00639,177861,,,
2026-09-15,TWT96U,tpex,00773B,318873,,,
2026-09-15,TWT96U,twse,00640L,30191,,,
2026-09-15,TWT96U,tpex,00777B,35441,,,
2026-09-15,TWT96U,twse,00641R,434695,,,
2026-09-15,TWT96U,tpex,00778B,31863,,,
2026-09-15,TWT96U,twse,00642U,788029,,,
2026-09-15,TWT96U,tpex,00779B,99314,,,
2026-09-15,TWT96U,twse,00643,783576,,,
2026-09-15,TWT96U,tpex,00780B,43130,,,
2026-09-15,TWT96U,twse,00645,45881,,,
2026-09-15,TWT96U,tpex,00781B,52526,,,
2026-09-15,TWT96U,twse,00646,914963,,,
2026-09-15,TWT96U,tpex,00782B,60857,,,
2026-09-15,TWT96U,twse,00647L,15358,,,
2026-09-15,TWT96U,tpex,00785B,24631,,,
2026-09-15,TWT96U,twse,00648R,330443,,,
2026-09-15,TWT96U,tpex,00786B,14126,,,
2026-09-15,TWT96U,twse,00650L,633474,,,
2026-09-15,TWT96U,tpex,00787B,6920,,,
2026-09-15,TWT96U,twse,00651R,69165,,,
2026-09-15,TWT96U,tpex,00788B,9130,,,
2026-09-15,TWT96U,twse,00652,72936,,,
2026-09-15,TWT96U,tpex,00789B,36762,,,
2026-09-15,TWT96U,twse,00653L,0,,,
2026-09-15,TWT96U,tpex,00791B,33774,,,
2026-09-15,TWT96U,twse,00654R,12476,,,
2026-09-15,TWT96U,tpex,00792B,43742,,,
2026-09-15,TWT96U,twse,00655L,289777,,,
2026-09-15,TWT96U,tpex,00793B,19837,,,
2026-09-15,TWT96U,twse,00656R,148410,,,
2026-09-15,TWT96U,tpex,00795B,1546326,,,
2026-09-15,TWT96U,twse,00657,32049,,,
2026-09-15,TWT96U,tpex,00799B,74071,,,
2026-09-15,TWT96U,twse,00660,7687,,,
2026-09-15,TWT96U,tpex,00834B,34086,,,
2026-09-15,TWT96U,twse,00661,24876,,,
2026-09-15,TWT96U,tpex,00836B,21623,,,
2026-09-15,TWT96U,twse,00662,943991,,,
2026-09-15,TWT96U,tpex,00840B,30162,,,
2026-09-15,TWT96U,twse,00663L,1850356,,,
2026-09-15,TWT96U,tpex,00841B,30435,,,
2026-09-15,TWT96U,twse,00664R,7168053,,,
2026-09-15,TWT96U,tpex,00842B,92403,,,
2026-09-15,TWT96U,twse,00665L,3274409,,,
2026-09-15,TWT96U,tpex,00844B,31663,,,
2026-09-15,TWT96U,twse,00666R,68195,,,
2026-09-15,TWT96U,tpex,00845B,38958,,,
2026-09-15,TWT96U,twse,00668,38559,,,
2026-09-15,TWT96U,tpex,00846B,31448,,,
2026-09-15,TWT96U,twse,00669R,232637,,,
2026-09-15,TWT96U,tpex,00847B,96485,,,
2026-09-15,TWT96U,twse,00670L,176314,,,
2026-09-15,TWT96U,tpex,00848B,87632,,,
2026-09-15,TWT96U,twse,00671R,1140216,,,
2026-09-15,TWT96U,tpex,00849B,92162,,,
2026-09-15,TWT96U,twse,00673R,8572454,,,
2026-09-15,TWT96U,tpex,00853B,305284,,,
2026-09-15,TWT96U,twse,00674R,74700,,,
2026-09-15,TWT96U,tpex,00856B,6066,,,
2026-09-15,TWT96U,twse,00675L,380185,,,
2026-09-15,TWT96U,tpex,00857B,293682,,,
2026-09-15,TWT96U,twse,00676R,2273779,,,
2026-09-15,TWT96U,tpex,00858,101561,,,
2026-09-15,TWT96U,twse,00678,127212,,,
2026-09-15,TWT96U,tpex,00859B,816884,,,
2026-09-15,TWT96U,twse,00680L,3290791,,,
2026-09-15,TWT96U,tpex,00860B,35040,,,
2026-09-15,TWT96U,twse,00681R,46608,,,
2026-09-15,TWT96U,tpex,00862B,100206,,,
2026-09-15,TWT96U,twse,00682U,877,,,
2026-09-15,TWT96U,tpex,00863B,106299,,,
2026-09-15,TWT96U,twse,00683L,24846,,,
2026-09-15,TWT96U,tpex,00864B,353822,,,
2026-09-15,TWT96U,twse,00684R,9417,,,
2026-09-15,TWT96U,tpex,00867B,12811,,,
2026-09-15,TWT96U,twse,00685L,68665376,,,
2026-09-15,TWT96U,tpex,00870B,4975,,,
2026-09-15,TWT96U,twse,00686R,2948181,,,
2026-09-15,TWT96U,tpex,00877,946893,,,
2026-09-15,TWT96U,twse,00688L,1211675,,,
2026-09-15,TWT96U,tpex,00884B,87472,,,
2026-09-15,TWT96U,twse,00689R,52592,,,
2026-09-15,TWT96U,tpex,00886,7549,,,
2026-09-15,TWT96U,twse,00690,100785,,,
2026-09-15,TWT96U,tpex,00887,1705182,,,
2026-09-15,TWT96U,twse,00692,212157,,,
2026-09-15,TWT96U,tpex,00888,1985907,,,
2026-09-15,TWT96U,twse,00693U,293319,,,
2026-09-15,TWT96U,tpex,00890B,32640,,,
2026-09-15,TWT96U,twse,00700,72030,,,
2026-09-15,TWT96U,tpex,00928,215231,,,
2026-09-15,TWT96U,twse,00701,211263,,,
2026-09-15,TWT96U,tpex,00931B,713913,,,
2026-09-15,TWT96U,twse,00702,26715,,,
2026-09-15,TWT96U,tpex,00933B,2474896,,,
2026-09-15,TWT96U,twse,00703,9441,,,
2026-09-15,TWT96U,tpex,00937B,12942611,,,
2026-09-15,TWT96U,twse,00706L,391956,,,
2026-09-15,TWT96U,tpex,00942B,336684,,,
2026-09-15,TWT96U,twse,00707R,781,,,
2026-09-15,TWT96U,tpex,00948B,1132704,,,
2026-09-15,TWT96U,twse,00708L,1771441,,,
2026-09-15,TWT96U,tpex,00950B,966605,,,
2026-09-15,TWT96U,twse,00709,26854,,,
2026-09-15,TWT96U,tpex,00955,1396860,,,
2026-09-15,TWT96U,twse,00710B,71004,,,
2026-09-15,TWT96U,tpex,00957B,82766,,,
2026-09-15,TWT96U,twse,00711B,33866,,,
2026-09-15,TWT96U,tpex,00958B,172708,,,
2026-09-15,TWT96U,twse,00712,8877172,,,
2026-09-15,TWT96U,tpex,00959B,347561,,,
2026-09-15,TWT96U,twse,00713,1425673,,,
2026-09-15,TWT96U,tpex,00966B,289338,,,
2026-09-15,TWT96U,twse,00714,54106,,,
2026-09-15,TWT96U,tpex,00967B,147676,,,
2026-09-15,TWT96U,twse,00715L,2103743,,,
2026-09-15,TWT96U,tpex,00968B,618670,,,
2026-09-15,TWT96U,twse,00717,48120,,,
2026-09-15,TWT96U,tpex,00969B,225223,,,
2026-09-15,TWT96U,twse,00728,105320,,,
2026-09-15,TWT96U,tpex,00970B,455197,,,
2026-09-15,TWT96U,twse,00730,33746,,,
2026-09-15,TWT96U,tpex,009806,26360,,,
2026-09-15,TWT96U,twse,00731,190029,,,
2026-09-15,TWT96U,tpex,009807,23194,,,
2026-09-15,TWT96U,twse,00733,132828,,,
2026-09-15,TWT96U,tpex,00980B,110913,,,
2026-09-15,TWT96U,twse,00735,711810,,,
2026-09-15,TWT96U,tpex,00980D,189623,,,
2026-09-15,TWT96U,twse,00736,32369,,,
2026-09-15,TWT96U,tpex,00980T,241134,,,
2026-09-15,TWT96U,twse,00737,42120,,,
2026-09-15,TWT96U,tpex,009814,284500,,,
2026-09-15,TWT96U,twse,00738U,1204896,,,
2026-09-15,TWT96U,tpex,009815,587843,,,
2026-09-15,TWT96U,twse,00739,15407,,,
2026-09-15,TWT96U,tpex,00981B,3893076,,,
2026-09-15,TWT96U,twse,00752,327178,,,
2026-09-15,TWT96U,tpex,00981D,1036639,,,
2026-09-15,TWT96U,twse,00753L,2656032,,,
2026-09-15,TWT96U,tpex,009822,357411,,,
2026-09-15,TWT96U,twse,00757,371648,,,
2026-09-15,TWT96U,tpex,009823,891529,,,
2026-09-15,TWT96U,twse,00762,52779,,,
2026-09-15,TWT96U,tpex,009825,792718,,,
2026-09-15,TWT96U,twse,00763U,139162,,,
2026-09-15,TWT96U,tpex,00982B,30590,,,
2026-09-15,TWT96U,twse,00770,130198,,,
2026-09-15,TWT96U,tpex,00983B,116790,,,
2026-09-15,TWT96U,twse,00771,7988,,,
2026-09-15,TWT96U,tpex,00984B,255396,,,
2026-09-15,TWT96U,twse,00775B,30504,,,
2026-09-15,TWT96U,tpex,00985D,370158,,,
2026-09-15,TWT96U,twse,00783,21229,,,
2026-09-15,TWT96U,tpex,00986B,46219,,,
2026-09-15,TWT96U,twse,00830,1874075,,,
2026-09-15,TWT96U,tpex,00986D,259494,,,
2026-09-15,TWT96U,twse,00850,205564,,,
2026-09-15,TWT96U,tpex,00987B,184360,,,
2026-09-15,TWT96U,twse,00851,8385,,,
2026-09-15,TWT96U,tpex,00987D,2021514,,,
2026-09-15,TWT96U,twse,00852L,23844,,,
2026-09-15,TWT96U,tpex,00988B,768470,,,
2026-09-15,TWT96U,twse,00861,33223,,,
2026-09-15,TWT96U,tpex,00989B,1287710,,,
2026-09-15,TWT96U,twse,00865B,776174,,,
2026-09-15,TWT96U,tpex,00990B,432701,,,
2026-09-15,TWT96U,twse,00875,57382,,,
2026-09-15,TWT96U,tpex,00998A,1099911,,,
2026-09-15,TWT96U,twse,00876,62130,,,
2026-09-15,TWT96U,tpex,1240,4301,,,
2026-09-15,TWT96U,twse,00878,14423334,,,
2026-09-15,TWT96U,tpex,1259,7388,,,
2026-09-15,TWT96U,twse,00881,10673871,,,
2026-09-15,TWT96U,tpex,1264,7944,,,
2026-09-15,TWT96U,twse,00882,1187739,,,
2026-09-15,TWT96U,tpex,1268,13411,,,
2026-09-15,TWT96U,twse,00885,674952,,,
2026-09-15,TWT96U,tpex,1294,6428,,,
2026-09-15,TWT96U,twse,00891,5557212,,,
2026-09-15,TWT96U,tpex,1295,10926,,,
2026-09-15,TWT96U,twse,00892,1270154,,,
2026-09-15,TWT96U,tpex,1336,159932,,,
2026-09-15,TWT96U,twse,00893,163633,,,
2026-09-15,TWT96U,tpex,1565,35318,,,
2026-09-15,TWT96U,twse,00894,428602,,,
2026-09-15,TWT96U,tpex,1569,171127,,,
2026-09-15,TWT96U,twse,00895,95666,,,
2026-09-15,TWT96U,tpex,1570,11631,,,
2026-09-15,TWT96U,twse,00896,1701903,,,
2026-09-15,TWT96U,tpex,1580,33194,,,
2026-09-15,TWT96U,twse,00897,310161,,,
2026-09-15,TWT96U,tpex,1584,113751,,,
2026-09-15,TWT96U,twse,00898,425874,,,
2026-09-15,TWT96U,tpex,1586,115085,,,
2026-09-15,TWT96U,twse,00899,11697,,,
2026-09-15,TWT96U,tpex,1591,69835,,,
2026-09-15,TWT96U,twse,00900,1613849,,,
2026-09-15,TWT96U,tpex,1593,6991,,,
2026-09-15,TWT96U,twse,00901,110399,,,
2026-09-15,TWT96U,tpex,1595,116700,,,
2026-09-15,TWT96U,twse,00902,191740,,,
2026-09-15,TWT96U,tpex,1599,6350,,,
2026-09-15,TWT96U,twse,00903,65989,,,
2026-09-15,TWT96U,tpex,1742,26675,,,
2026-09-15,TWT96U,twse,00904,264095,,,
2026-09-15,TWT96U,tpex,1777,11967,,,
2026-09-15,TWT96U,twse,00905,288767,,,
2026-09-15,TWT96U,tpex,1781,5103,,,
2026-09-15,TWT96U,twse,00907,252613,,,
2026-09-15,TWT96U,tpex,1784,21946,,,
2026-09-15,TWT96U,twse,00908,43786,,,
2026-09-15,TWT96U,tpex,1785,1689711,,,
2026-09-15,TWT96U,twse,00909,359997,,,
2026-09-15,TWT96U,tpex,1788,5754,,,
2026-09-15,TWT96U,twse,00910,231332,,,
2026-09-15,TWT96U,tpex,1796,5249,,,
2026-09-15,TWT96U,twse,00911,140982,,,
2026-09-15,TWT96U,tpex,1813,5617,,,
2026-09-15,TWT96U,twse,00912,100971,,,
2026-09-15,TWT96U,tpex,1815,17995853,,,
2026-09-15,TWT96U,twse,00913,443878,,,
2026-09-15,TWT96U,tpex,2061,651437,,,
2026-09-15,TWT96U,twse,00915,598021,,,
2026-09-15,TWT96U,tpex,2063,8825,,,
2026-09-15,TWT96U,twse,00916,190086,,,
2026-09-15,TWT96U,tpex,2064,35888,,,
2026-09-15,TWT96U,twse,00917,171435,,,
2026-09-15,TWT96U,tpex,2065,22770,,,
2026-09-15,TWT96U,twse,00918,11216424,,,
2026-09-15,TWT96U,tpex,2066,26286,,,
2026-09-15,TWT96U,twse,00919,21346393,,,
2026-09-15,TWT96U,tpex,2070,98204,,,
2026-09-15,TWT96U,twse,00920,67665,,,
2026-09-15,TWT96U,tpex,2221,718715,,,
2026-09-15,TWT96U,twse,00921,98803,,,
2026-09-15,TWT96U,tpex,2230,34199,,,
2026-09-15,TWT96U,twse,00922,2164623,,,
2026-09-15,TWT96U,tpex,2235,2421,,,
2026-09-15,TWT96U,twse,00923,2593081,,,
2026-09-15,TWT96U,tpex,2596,28816,,,
2026-09-15,TWT96U,twse,00924,363405,,,
2026-09-15,TWT96U,tpex,2640,7999,,,
2026-09-15,TWT96U,twse,00926,213357,,,
2026-09-15,TWT96U,tpex,2641,1062725,,,
2026-09-15,TWT96U,twse,00927,3816218,,,
2026-09-15,TWT96U,tpex,2643,6519,,,
2026-09-15,TWT96U,twse,00929,9285015,,,
2026-09-15,TWT96U,tpex,2718,16851,,,
2026-09-15,TWT96U,twse,00930,220833,,,
2026-09-15,TWT96U,tpex,2719,4331,,,
2026-09-15,TWT96U,twse,00932,116824,,,
2026-09-15,TWT96U,tpex,2729,6081,,,
2026-09-15,TWT96U,twse,00934,718221,,,
2026-09-15,TWT96U,tpex,2732,6681,,,
2026-09-15,TWT96U,twse,00935,3131514,,,
2026-09-15,TWT96U,tpex,2734,13730,,,
2026-09-15,TWT96U,twse,00936,246832,,,
2026-09-15,TWT96U,tpex,2736,20901,,,
2026-09-15,TWT96U,twse,00938,404697,,,
2026-09-15,TWT96U,tpex,2743,26637,,,
2026-09-15,TWT96U,twse,00939,954510,,,
2026-09-15,TWT96U,tpex,2745,22553,,,
2026-09-15,TWT96U,twse,00940,4088965,,,
2026-09-15,TWT96U,tpex,2751,2429,,,
2026-09-15,TWT96U,twse,00941,585327,,,
2026-09-15,TWT96U,tpex,2754,11187,,,
2026-09-15,TWT96U,twse,00943,52033,,,
2026-09-15,TWT96U,tpex,2755,10588,,,
2026-09-15,TWT96U,twse,00944,68881,,,
2026-09-15,TWT96U,tpex,2756,8082,,,
2026-09-15,TWT96U,twse,00945B,1403329,,,
2026-09-15,TWT96U,tpex,2916,9648,,,
2026-09-15,TWT96U,twse,00946,579713,,,
2026-09-15,TWT96U,tpex,2926,3386,,,
2026-09-15,TWT96U,twse,00947,2184070,,,
2026-09-15,TWT96U,tpex,3066,321255,,,
2026-09-15,TWT96U,twse,00949,127943,,,
2026-09-15,TWT96U,tpex,3071,58967,,,
2026-09-15,TWT96U,twse,00951,739059,,,
2026-09-15,TWT96U,tpex,3073,16930,,,
2026-09-15,TWT96U,twse,00952,579933,,,
2026-09-15,TWT96U,tpex,3078,237447,,,
2026-09-15,TWT96U,twse,00953B,10935196,,,
2026-09-15,TWT96U,tpex,3081,1082405,,,
2026-09-15,TWT96U,twse,00954,580882,,,
2026-09-15,TWT96U,tpex,3083,19818,,,
2026-09-15,TWT96U,twse,00956,91953,,,
2026-09-15,TWT96U,tpex,3086,45216,,,
2026-09-15,TWT96U,twse,00960,339242,,,
2026-09-15,TWT96U,tpex,3088,336633,,,
2026-09-15,TWT96U,twse,00961,8052328,,,
2026-09-15,TWT96U,tpex,3093,107915,,,
2026-09-15,TWT96U,twse,00962,671978,,,
2026-09-15,TWT96U,tpex,3095,2021,,,
2026-09-15,TWT96U,twse,00963,435924,,,
2026-09-15,TWT96U,tpex,3105,8098173,,,
2026-09-15,TWT96U,twse,00964,520679,,,
2026-09-15,TWT96U,tpex,3114,186134,,,
2026-09-15,TWT96U,twse,00965,608060,,,
2026-09-15,TWT96U,tpex,3118,5007,,,
2026-09-15,TWT96U,twse,00971,58286,,,
2026-09-15,TWT96U,tpex,3128,29804,,,
2026-09-15,TWT96U,twse,00972,46980,,,
2026-09-15,TWT96U,tpex,3131,181626,,,
2026-09-15,TWT96U,twse,009800,313719,,,
2026-09-15,TWT96U,tpex,3141,1113977,,,
2026-09-15,TWT96U,twse,009801,250631,,,
2026-09-15,TWT96U,tpex,3147,171697,,,
2026-09-15,TWT96U,twse,009802,2846238,,,
2026-09-15,TWT96U,tpex,3152,67096,,,
2026-09-15,TWT96U,twse,009803,1150673,,,
2026-09-15,TWT96U,tpex,3162,361537,,,
2026-09-15,TWT96U,twse,009804,328099,,,
2026-09-15,TWT96U,tpex,3163,1050453,,,
2026-09-15,TWT96U,twse,009805,1476683,,,
2026-09-15,TWT96U,tpex,3169,65085,,,
2026-09-15,TWT96U,twse,009808,68305,,,
2026-09-15,TWT96U,tpex,3171,7276,,,
2026-09-15,TWT96U,twse,009809,97060,,,
2026-09-15,TWT96U,tpex,3176,249987,,,
2026-09-15,TWT96U,twse,00980A,3660282,,,
2026-09-15,TWT96U,tpex,3178,20828,,,
2026-09-15,TWT96U,twse,009810,46821,,,
2026-09-15,TWT96U,tpex,3188,50354,,,
2026-09-15,TWT96U,twse,009811,312870,,,
2026-09-15,TWT96U,tpex,3205,10003,,,
2026-09-15,TWT96U,twse,009812,151199,,,
2026-09-15,TWT96U,tpex,3206,11791,,,
2026-09-15,TWT96U,twse,009813,407046,,,
2026-09-15,TWT96U,tpex,3207,50361,,,
2026-09-15,TWT96U,twse,009816,29569282,,,
2026-09-15,TWT96U,tpex,3211,383402,,,
2026-09-15,TWT96U,twse,009817,266922,,,
2026-09-15,TWT96U,tpex,3213,132658,,,
2026-09-15,TWT96U,twse,009818,63459,,,
2026-09-15,TWT96U,tpex,3217,176596,,,
2026-09-15,TWT96U,twse,009819,1612685,,,
2026-09-15,TWT96U,tpex,3218,76158,,,
2026-09-15,TWT96U,twse,00981A,56025681,,,
2026-09-15,TWT96U,tpex,3219,195341,,,
2026-09-15,TWT96U,twse,00981T,871612,,,
2026-09-15,TWT96U,tpex,3221,827040,,,
2026-09-15,TWT96U,twse,009820,2346738,,,
2026-09-15,TWT96U,tpex,3224,10995,,,
2026-09-15,TWT96U,twse,009821,3241230,,,
2026-09-15,TWT96U,tpex,3226,9969,,,
2026-09-15,TWT96U,twse,009824,1826257,,,
2026-09-15,TWT96U,tpex,3227,263455,,,
2026-09-15,TWT96U,twse,009826,7042200,,,
2026-09-15,TWT96U,tpex,3230,243804,,,
2026-09-15,TWT96U,twse,009827,3977861,,,
2026-09-15,TWT96U,tpex,3232,5002,,,
2026-09-15,TWT96U,twse,009828,26496698,,,
2026-09-15,TWT96U,tpex,3236,966651,,,
2026-09-15,TWT96U,twse,009829,11742964,,,
2026-09-15,TWT96U,tpex,3252,10100,,,
2026-09-15,TWT96U,twse,00982A,7049162,,,
2026-09-15,TWT96U,tpex,3260,3145125,,,
2026-09-15,TWT96U,twse,00982D,183054,,,
2026-09-15,TWT96U,tpex,3264,2141603,,,
2026-09-15,TWT96U,twse,00982T,40253,,,
2026-09-15,TWT96U,tpex,3265,552273,,,
2026-09-15,TWT96U,twse,00983A,371924,,,
2026-09-15,TWT96U,tpex,3268,17642,,,
2026-09-15,TWT96U,twse,00983D,250804,,,
2026-09-15,TWT96U,tpex,3272,21895,,,
2026-09-15,TWT96U,twse,00984A,1191020,,,
2026-09-15,TWT96U,tpex,3276,47152,,,
2026-09-15,TWT96U,twse,00984D,6875747,,,
2026-09-15,TWT96U,tpex,3284,63064,,,
2026-09-15,TWT96U,twse,00985A,936669,,,
2026-09-15,TWT96U,tpex,3285,11251,,,
2026-09-15,TWT96U,twse,00985B,2005268,,,
2026-09-15,TWT96U,tpex,3287,134748,,,
2026-09-15,TWT96U,twse,00986A,84692,,,
2026-09-15,TWT96U,tpex,3289,192534,,,
2026-09-15,TWT96U,twse,00987A,690409,,,
2026-09-15,TWT96U,tpex,3290,175227,,,
2026-09-15,TWT96U,twse,00988A,10410830,,,
2026-09-15,TWT96U,tpex,3293,898398,,,
2026-09-15,TWT96U,twse,00989A,286077,,,
2026-09-15,TWT96U,tpex,3294,81781,,,
2026-09-15,TWT96U,twse,00990A,4706045,,,
2026-09-15,TWT96U,tpex,3297,13359,,,
2026-09-15,TWT96U,twse,00991A,31071982,,,
2026-09-15,TWT96U,tpex,3303,116805,,,
2026-09-15,TWT96U,twse,00991B,281133,,,
2026-09-15,TWT96U,tpex,3306,24351,,,
2026-09-15,TWT96U,twse,00992A,12225893,,,
2026-09-15,TWT96U,tpex,3310,4729,,,
2026-09-15,TWT96U,twse,00993A,1651833,,,
2026-09-15,TWT96U,tpex,3313,50870,,,
2026-09-15,TWT96U,twse,00994A,1086795,,,
2026-09-15,TWT96U,tpex,3317,216303,,,
2026-09-15,TWT96U,twse,00995A,1133118,,,
2026-09-15,TWT96U,tpex,3322,70592,,,
2026-09-15,TWT96U,twse,00996A,1263819,,,
2026-09-15,TWT96U,tpex,3323,110473,,,
2026-09-15,TWT96U,twse,00997A,2564872,,,
2026-09-15,TWT96U,tpex,3324,1060862,,,
2026-09-15,TWT96U,twse,00999A,4052142,,,
2026-09-15,TWT96U,tpex,3332,1362,,,
2026-09-15,TWT96U,twse,1101,13925987,,,
2026-09-15,TWT96U,tpex,3339,754323,,,
2026-09-15,TWT96U,twse,1102,2893725,,,
2026-09-15,TWT96U,tpex,3354,242489,,,
2026-09-15,TWT96U,twse,1103,85430,,,
2026-09-15,TWT96U,tpex,3357,560049,,,
2026-09-15,TWT96U,twse,1104,295021,,,
2026-09-15,TWT96U,tpex,3360,176264,,,
2026-09-15,TWT96U,twse,1108,86100,,,
2026-09-15,TWT96U,tpex,3362,1832833,,,
2026-09-15,TWT96U,twse,1109,34147,,,
2026-09-15,TWT96U,tpex,3363,1388481,,,
2026-09-15,TWT96U,twse,1110,67617,,,
2026-09-15,TWT96U,tpex,3373,19963,,,
2026-09-15,TWT96U,twse,1201,98146,,,
2026-09-15,TWT96U,tpex,3374,4222269,,,
2026-09-15,TWT96U,twse,1203,6254,,,
2026-09-15,TWT96U,tpex,3379,51400,,,
2026-09-15,TWT96U,twse,1210,615527,,,
2026-09-15,TWT96U,tpex,3388,709117,,,
2026-09-15,TWT96U,twse,1215,211373,,,
2026-09-15,TWT96U,tpex,3390,49409,,,
2026-09-15,TWT96U,twse,1216,3786405,,,
2026-09-15,TWT96U,tpex,3402,85577,,,
2026-09-15,TWT96U,twse,1217,121387,,,
2026-09-15,TWT96U,tpex,3430,150326,,,
2026-09-15,TWT96U,twse,1218,392449,,,
2026-09-15,TWT96U,tpex,3434,19848,,,
2026-09-15,TWT96U,twse,1219,137723,,,
2026-09-15,TWT96U,tpex,3438,55903,,,
2026-09-15,TWT96U,twse,1220,29392,,,
2026-09-15,TWT96U,tpex,3441,2816992,,,
2026-09-15,TWT96U,twse,1227,225780,,,
2026-09-15,TWT96U,tpex,3444,130076,,,
2026-09-15,TWT96U,twse,1229,536258,,,
2026-09-15,TWT96U,tpex,3455,642101,,,
2026-09-15,TWT96U,twse,1231,96013,,,
2026-09-15,TWT96U,tpex,3465,6978,,,
2026-09-15,TWT96U,twse,1232,47909,,,
2026-09-15,TWT96U,tpex,3466,46125,,,
2026-09-15,TWT96U,twse,1233,7123,,,
2026-09-15,TWT96U,tpex,3467,21798,,,
2026-09-15,TWT96U,twse,1234,29176,,,
2026-09-15,TWT96U,tpex,3479,246112,,,
2026-09-15,TWT96U,twse,1235,5031,,,
2026-09-15,TWT96U,tpex,3483,102162,,,
2026-09-15,TWT96U,twse,1236,28893,,,
2026-09-15,TWT96U,tpex,3484,100053,,,
2026-09-15,TWT96U,twse,1256,26994,,,
2026-09-15,TWT96U,tpex,3485,49509,,,
2026-09-15,TWT96U,twse,1301,9150605,,,
2026-09-15,TWT96U,tpex,3489,128339,,,
2026-09-15,TWT96U,twse,1303,29574170,,,
2026-09-15,TWT96U,tpex,3490,1455949,,,
2026-09-15,TWT96U,twse,1304,819879,,,
2026-09-15,TWT96U,tpex,3491,524797,,,
2026-09-15,TWT96U,twse,1305,500434,,,
2026-09-15,TWT96U,tpex,3492,28012,,,
2026-09-15,TWT96U,twse,1307,171331,,,
2026-09-15,TWT96U,tpex,3498,785231,,,
2026-09-15,TWT96U,twse,1308,506321,,,
2026-09-15,TWT96U,tpex,3511,48947,,,
2026-09-15,TWT96U,twse,1309,633600,,,
2026-09-15,TWT96U,tpex,3512,9917,,,
2026-09-15,TWT96U,twse,1310,1152833,,,
2026-09-15,TWT96U,tpex,3516,31800,,,
2026-09-15,TWT96U,twse,1312,8008931,,,
2026-09-15,TWT96U,tpex,3520,95566,,,
2026-09-15,TWT96U,twse,1313,871318,,,
2026-09-15,TWT96U,tpex,3521,10190,,,
2026-09-15,TWT96U,twse,1314,6608861,,,
2026-09-15,TWT96U,tpex,3526,85697,,,
2026-09-15,TWT96U,twse,1315,16947,,,
2026-09-15,TWT96U,tpex,3527,19322,,,
2026-09-15,TWT96U,twse,1316,1080162,,,
2026-09-15,TWT96U,tpex,3529,424437,,,
2026-09-15,TWT96U,twse,1319,709756,,,
2026-09-15,TWT96U,tpex,3531,1478,,,
2026-09-15,TWT96U,twse,1321,35965,,,
2026-09-15,TWT96U,tpex,3537,215069,,,
2026-09-15,TWT96U,twse,1323,17657,,,
2026-09-15,TWT96U,tpex,3540,218069,,,
2026-09-15,TWT96U,twse,1324,7457,,,
2026-09-15,TWT96U,tpex,3541,9069,,,
2026-09-15,TWT96U,twse,1325,71711,,,
2026-09-15,TWT96U,tpex,3546,43073,,,
2026-09-15,TWT96U,twse,1326,10145913,,,
2026-09-15,TWT96U,tpex,3548,97338,,,
2026-09-15,TWT96U,twse,1337,83886,,,
2026-09-15,TWT96U,tpex,3551,97805,,,
2026-09-15,TWT96U,twse,1338,24190,,,
2026-09-15,TWT96U,tpex,3552,33941,,,
2026-09-15,TWT96U,twse,1339,35355,,,
2026-09-15,TWT96U,tpex,3555,29748,,,
2026-09-15,TWT96U,twse,1340,41143,,,
2026-09-15,TWT96U,tpex,3556,95948,,,
2026-09-15,TWT96U,twse,1342,61395,,,
2026-09-15,TWT96U,tpex,3558,26287,,,
2026-09-15,TWT96U,twse,1402,4630938,,,
2026-09-15,TWT96U,tpex,3564,75963,,,
2026-09-15,TWT96U,twse,1409,5536391,,,
2026-09-15,TWT96U,tpex,3567,9668,,,
2026-09-15,TWT96U,twse,1410,26965,,,
2026-09-15,TWT96U,tpex,3570,5882,,,
2026-09-15,TWT96U,twse,1414,98133,,,
2026-09-15,TWT96U,tpex,3577,178958,,,
2026-09-15,TWT96U,twse,1416,164140,,,
2026-09-15,TWT96U,tpex,3580,86099,,,
2026-09-15,TWT96U,twse,1417,35799,,,
2026-09-15,TWT96U,tpex,3581,150585,,,
2026-09-15,TWT96U,twse,1418,4312,,,
2026-09-15,TWT96U,tpex,3587,178969,,,
2026-09-15,TWT96U,twse,1419,30754,,,
2026-09-15,TWT96U,tpex,3594,432041,,,
2026-09-15,TWT96U,twse,1423,4113,,,
2026-09-15,TWT96U,tpex,3597,7730,,,
2026-09-15,TWT96U,twse,1432,28451,,,
2026-09-15,TWT96U,tpex,3609,76765,,,
2026-09-15,TWT96U,twse,1434,600602,,,
2026-09-15,TWT96U,tpex,3611,11460,,,
2026-09-15,TWT96U,twse,1436,67647,,,
2026-09-15,TWT96U,tpex,3615,169310,,,
2026-09-15,TWT96U,twse,1437,143926,,,
2026-09-15,TWT96U,tpex,3623,41579,,,
2026-09-15,TWT96U,twse,1438,13486,,,
2026-09-15,TWT96U,tpex,3624,2917276,,,
2026-09-15,TWT96U,twse,1439,12090,,,
2026-09-15,TWT96U,tpex,3628,30958,,,
2026-09-15,TWT96U,twse,1440,811378,,,
2026-09-15,TWT96U,tpex,3630,239820,,,
2026-09-15,TWT96U,twse,1442,53471,,,
2026-09-15,TWT96U,tpex,3631,71587,,,
2026-09-15,TWT96U,twse,1443,4135,,,
2026-09-15,TWT96U,tpex,3646,5388,,,
2026-09-15,TWT96U,twse,1444,448342,,,
2026-09-15,TWT96U,tpex,3663,126528,,,
2026-09-15,TWT96U,twse,1445,23259,,,
2026-09-15,TWT96U,tpex,3666,13128,,,
2026-09-15,TWT96U,twse,1446,39950,,,
2026-09-15,TWT96U,tpex,3675,256422,,,
2026-09-15,TWT96U,twse,1449,88035,,,
2026-09-15,TWT96U,tpex,3680,470021,,,
2026-09-15,TWT96U,twse,1451,26984,,,
2026-09-15,TWT96U,tpex,3684,10394,,,
2026-09-15,TWT96U,twse,1452,24362,,,
2026-09-15,TWT96U,tpex,3687,14854,,,
2026-09-15,TWT96U,twse,1453,12592,,,
2026-09-15,TWT96U,tpex,3689,373135,,,
2026-09-15,TWT96U,twse,1454,9344,,,
2026-09-15,TWT96U,tpex,3691,136082,,,
2026-09-15,TWT96U,twse,1455,398104,,,
2026-09-15,TWT96U,tpex,3693,433199,,,
2026-09-15,TWT96U,twse,1456,36619,,,
2026-09-15,TWT96U,tpex,3707,1189458,,,
2026-09-15,TWT96U,twse,1457,30066,,,
2026-09-15,TWT96U,tpex,3709,201417,,,
2026-09-15,TWT96U,twse,1459,75375,,,
2026-09-15,TWT96U,tpex,3718,1529887,,,
2026-09-15,TWT96U,twse,1463,13410,,,
2026-09-15,TWT96U,tpex,4102,6292,,,
2026-09-15,TWT96U,twse,1464,84153,,,
2026-09-15,TWT96U,tpex,4105,149255,,,
2026-09-15,TWT96U,twse,1465,55338,,,
2026-09-15,TWT96U,tpex,4107,12320,,,
2026-09-15,TWT96U,twse,1466,107303,,,
2026-09-15,TWT96U,tpex,4109,106658,,,
2026-09-15,TWT96U,twse,1467,98537,,,
2026-09-15,TWT96U,tpex,4111,26788,,,
2026-09-15,TWT96U,twse,1470,3987,,,
2026-09-15,TWT96U,tpex,4113,46333,,,
2026-09-15,TWT96U,twse,1472,9525,,,
2026-09-15,TWT96U,tpex,4114,255630,,,
2026-09-15,TWT96U,twse,1473,13361,,,
2026-09-15,TWT96U,tpex,4116,10553,,,
2026-09-15,TWT96U,twse,1474,17957,,,
2026-09-15,TWT96U,tpex,4120,11218,,,
2026-09-15,TWT96U,twse,1475,9433,,,
2026-09-15,TWT96U,tpex,4121,10581,,,
2026-09-15,TWT96U,twse,1476,406535,,,
2026-09-15,TWT96U,tpex,4123,738793,,,
2026-09-15,TWT96U,twse,1477,573122,,,
2026-09-15,TWT96U,tpex,4126,10561,,,
2026-09-15,TWT96U,twse,1503,482925,,,
2026-09-15,TWT96U,tpex,4127,127367,,,
2026-09-15,TWT96U,twse,1504,2501241,,,
2026-09-15,TWT96U,tpex,4128,331043,,,
2026-09-15,TWT96U,twse,1513,874567,,,
2026-09-15,TWT96U,tpex,4129,84945,,,
2026-09-15,TWT96U,twse,1514,419505,,,
2026-09-15,TWT96U,tpex,4138,10335,,,
2026-09-15,TWT96U,twse,1515,700002,,,
2026-09-15,TWT96U,tpex,4147,344672,,,
2026-09-15,TWT96U,twse,1517,166838,,,
2026-09-15,TWT96U,tpex,4153,4103,,,
2026-09-15,TWT96U,twse,1519,548411,,,
2026-09-15,TWT96U,tpex,4157,235972,,,
2026-09-15,TWT96U,twse,1521,5784,,,
2026-09-15,TWT96U,tpex,4160,7219,,,
2026-09-15,TWT96U,twse,1522,153871,,,
2026-09-15,TWT96U,tpex,4161,7458,,,
2026-09-15,TWT96U,twse,1524,97587,,,
2026-09-15,TWT96U,tpex,4162,94332,,,
2026-09-15,TWT96U,twse,1525,5184,,,
2026-09-15,TWT96U,tpex,4163,40491,,,
2026-09-15,TWT96U,twse,1526,153242,,,
2026-09-15,TWT96U,tpex,4166,31992,,,
2026-09-15,TWT96U,twse,1527,41673,,,
2026-09-15,TWT96U,tpex,4167,304983,,,
2026-09-15,TWT96U,twse,1528,389313,,,
2026-09-15,TWT96U,tpex,4171,25357,,,
2026-09-15,TWT96U,twse,1529,101743,,,
2026-09-15,TWT96U,tpex,4173,20339,,,
2026-09-15,TWT96U,twse,1530,9798,,,
2026-09-15,TWT96U,tpex,4174,101238,,,
2026-09-15,TWT96U,twse,1531,63525,,,
2026-09-15,TWT96U,tpex,4175,3282,,,
2026-09-15,TWT96U,twse,1532,94091,,,
2026-09-15,TWT96U,tpex,4205,6834,,,
2026-09-15,TWT96U,twse,1533,31377,,,
2026-09-15,TWT96U,tpex,4207,38046,,,
2026-09-15,TWT96U,twse,1535,12219,,,
2026-09-15,TWT96U,tpex,4303,406810,,,
2026-09-15,TWT96U,twse,1536,394524,,,
2026-09-15,TWT96U,tpex,4305,922,,,
2026-09-15,TWT96U,twse,1537,46751,,,
2026-09-15,TWT96U,tpex,4401,10023,,,
2026-09-15,TWT96U,twse,1539,12650,,,
2026-09-15,TWT96U,tpex,4406,7334,,,
2026-09-15,TWT96U,twse,1540,46231,,,
2026-09-15,TWT96U,tpex,4413,18690,,,
2026-09-15,TWT96U,twse,1541,4644,,,
2026-09-15,TWT96U,tpex,4416,336219,,,
2026-09-15,TWT96U,twse,1558,41664,,,
2026-09-15,TWT96U,tpex,4417,31140,,,
2026-09-15,TWT96U,twse,1560,393912,,,
2026-09-15,TWT96U,tpex,4420,8044,,,
2026-09-15,TWT96U,twse,1563,408347,,,
2026-09-15,TWT96U,tpex,4430,16004,,,
2026-09-15,TWT96U,twse,1568,76476,,,
2026-09-15,TWT96U,tpex,4432,7722,,,
2026-09-15,TWT96U,twse,1582,160948,,,
2026-09-15,TWT96U,tpex,4433,13770,,,
2026-09-15,TWT96U,twse,1583,10041,,,
2026-09-15,TWT96U,tpex,4442,65449,,,
2026-09-15,TWT96U,twse,1587,43313,,,
2026-09-15,TWT96U,tpex,4503,107576,,,
2026-09-15,TWT96U,twse,1590,232945,,,
2026-09-15,TWT96U,tpex,4506,16977,,,
2026-09-15,TWT96U,twse,1597,839386,,,
2026-09-15,TWT96U,tpex,4510,653180,,,
2026-09-15,TWT96U,twse,1598,78428,,,
2026-09-15,TWT96U,tpex,4513,125924,,,
2026-09-15,TWT96U,twse,1603,59957,,,
2026-09-15,TWT96U,tpex,4523,18083,,,
2026-09-15,TWT96U,twse,1604,59508,,,
2026-09-15,TWT96U,tpex,4527,7849,,,
2026-09-15,TWT96U,twse,1605,8270783,,,
2026-09-15,TWT96U,tpex,4528,5070,,,
2026-09-15,TWT96U,twse,1608,1726762,,,
2026-09-15,TWT96U,tpex,4530,6512,,,
2026-09-15,TWT96U,twse,1609,1046157,,,
2026-09-15,TWT96U,tpex,4533,235397,,,
2026-09-15,TWT96U,twse,1611,136371,,,
2026-09-15,TWT96U,tpex,4535,2815,,,
2026-09-15,TWT96U,twse,1612,250878,,,
2026-09-15,TWT96U,tpex,4538,5630,,,
2026-09-15,TWT96U,twse,1614,16479,,,
2026-09-15,TWT96U,tpex,4541,1074773,,,
2026-09-15,TWT96U,twse,1615,37944,,,
2026-09-15,TWT96U,tpex,4542,241790,,,
2026-09-15,TWT96U,twse,1616,102111,,,
2026-09-15,TWT96U,tpex,4543,26372,,,
2026-09-15,TWT96U,twse,1617,257688,,,
2026-09-15,TWT96U,tpex,4549,25060,,,
2026-09-15,TWT96U,twse,1618,196786,,,
2026-09-15,TWT96U,tpex,4550,5967,,,
2026-09-15,TWT96U,twse,1623,27282,,,
2026-09-15,TWT96U,tpex,4554,15544,,,
2026-09-15,TWT96U,twse,1626,21400,,,
2026-09-15,TWT96U,tpex,4556,140752,,,
2026-09-15,TWT96U,twse,1702,48568,,,
2026-09-15,TWT96U,tpex,4558,14255,,,
2026-09-15,TWT96U,twse,1707,151186,,,
2026-09-15,TWT96U,tpex,4561,150185,,,
2026-09-15,TWT96U,twse,1708,861834,,,
2026-09-15,TWT96U,tpex,4563,36985,,,
2026-09-15,TWT96U,twse,1709,3648363,,,
2026-09-15,TWT96U,tpex,4568,1623,,,
2026-09-15,TWT96U,twse,1710,1492434,,,
2026-09-15,TWT96U,tpex,4577,210050,,,
2026-09-15,TWT96U,twse,1711,1532566,,,
2026-09-15,TWT96U,tpex,4580,31508,,,
2026-09-15,TWT96U,twse,1712,348365,,,
2026-09-15,TWT96U,tpex,4702,23079,,,
2026-09-15,TWT96U,twse,1713,79740,,,
2026-09-15,TWT96U,tpex,4706,11027,,,
2026-09-15,TWT96U,twse,1714,5459094,,,
2026-09-15,TWT96U,tpex,4707,1368634,,,
2026-09-15,TWT96U,twse,1717,5117800,,,
2026-09-15,TWT96U,tpex,4711,18454,,,
2026-09-15,TWT96U,twse,1718,7881203,,,
2026-09-15,TWT96U,tpex,4714,434514,,,
2026-09-15,TWT96U,twse,1720,75832,,,
2026-09-15,TWT96U,tpex,4716,459048,,,
2026-09-15,TWT96U,twse,1722,857082,,,
2026-09-15,TWT96U,tpex,4721,114608,,,
2026-09-15,TWT96U,twse,1723,166229,,,
2026-09-15,TWT96U,tpex,4728,1334,,,
2026-09-15,TWT96U,twse,1725,11058,,,
2026-09-15,TWT96U,tpex,4729,28029,,,
2026-09-15,TWT96U,twse,1726,7763,,,
2026-09-15,TWT96U,tpex,4735,38988,,,
2026-09-15,TWT96U,twse,1727,1400917,,,
2026-09-15,TWT96U,tpex,4741,31848,,,
2026-09-15,TWT96U,twse,1730,10224,,,
2026-09-15,TWT96U,tpex,4743,451803,,,
2026-09-15,TWT96U,twse,1731,77243,,,
2026-09-15,TWT96U,tpex,4744,14431,,,
2026-09-15,TWT96U,twse,1732,41623,,,
2026-09-15,TWT96U,tpex,4745,8453,,,
2026-09-15,TWT96U,twse,1733,47475,,,
2026-09-15,TWT96U,tpex,4747,23157,,,
2026-09-15,TWT96U,twse,1734,67827,,,
2026-09-15,TWT96U,tpex,4749,202248,,,
2026-09-15,TWT96U,twse,1735,28228,,,
2026-09-15,TWT96U,tpex,4754,10828,,,
2026-09-15,TWT96U,twse,1736,215744,,,
2026-09-15,TWT96U,tpex,4760,136755,,,
2026-09-15,TWT96U,twse,1737,74060,,,
2026-09-15,TWT96U,tpex,4767,9831,,,
2026-09-15,TWT96U,twse,1752,12870,,,
2026-09-15,TWT96U,tpex,4768,101931,,,
2026-09-15,TWT96U,twse,1760,32700,,,
2026-09-15,TWT96U,tpex,4772,179236,,,
2026-09-15,TWT96U,twse,1762,50307,,,
2026-09-15,TWT96U,tpex,4903,374325,,,
2026-09-15,TWT96U,twse,1773,173913,,,
2026-09-15,TWT96U,tpex,4905,18462,,,
2026-09-15,TWT96U,twse,1776,16971,,,
2026-09-15,TWT96U,tpex,4907,41669,,,
2026-09-15,TWT96U,twse,1783,23694,,,
2026-09-15,TWT96U,tpex,4908,1254647,,,
2026-09-15,TWT96U,twse,1786,55360,,,
2026-09-15,TWT96U,tpex,4909,110504,,,
2026-09-15,TWT96U,twse,1789,147965,,,
2026-09-15,TWT96U,tpex,4911,8781,,,
2026-09-15,TWT96U,twse,1795,341913,,,
2026-09-15,TWT96U,tpex,4923,125311,,,
2026-09-15,TWT96U,twse,1802,9324243,,,
2026-09-15,TWT96U,tpex,4924,34129,,,
2026-09-15,TWT96U,twse,1805,20493,,,
2026-09-15,TWT96U,tpex,4931,1924368,,,
2026-09-15,TWT96U,twse,1806,62545,,,
2026-09-15,TWT96U,tpex,4933,24169,,,
2026-09-15,TWT96U,twse,1808,634929,,,
2026-09-15,TWT96U,tpex,4939,4977078,,,
2026-09-15,TWT96U,twse,1809,531083,,,
2026-09-15,TWT96U,tpex,4946,7870,,,
2026-09-15,TWT96U,twse,1810,1920445,,,
2026-09-15,TWT96U,tpex,4951,55287,,,
2026-09-15,TWT96U,twse,1817,17688,,,
2026-09-15,TWT96U,tpex,4953,68435,,,
2026-09-15,TWT96U,twse,1903,31443,,,
2026-09-15,TWT96U,tpex,4966,230262,,,
2026-09-15,TWT96U,twse,1904,846462,,,
2026-09-15,TWT96U,tpex,4971,801433,,,
2026-09-15,TWT96U,twse,1905,510283,,,
2026-09-15,TWT96U,tpex,4972,4492,,,
2026-09-15,TWT96U,twse,1906,29367,,,
2026-09-15,TWT96U,tpex,4973,551753,,,
2026-09-15,TWT96U,twse,1907,417559,,,
2026-09-15,TWT96U,tpex,4974,43581,,,
2026-09-15,TWT96U,twse,1909,1207983,,,
2026-09-15,TWT96U,tpex,4979,2963693,,,
2026-09-15,TWT96U,twse,2002,10002297,,,
2026-09-15,TWT96U,tpex,4991,1287047,,,
2026-09-15,TWT96U,twse,2006,823724,,,
2026-09-15,TWT96U,tpex,4995,9262,,,
2026-09-15,TWT96U,twse,2008,6559,,,
2026-09-15,TWT96U,tpex,5009,533733,,,
2026-09-15,TWT96U,twse,2009,906218,,,
2026-09-15,TWT96U,tpex,5011,63103,,,
2026-09-15,TWT96U,twse,2010,354787,,,
2026-09-15,TWT96U,tpex,5013,29056,,,
2026-09-15,TWT96U,twse,2012,17134,,,
2026-09-15,TWT96U,tpex,5014,106826,,,
2026-09-15,TWT96U,twse,2013,24858,,,
2026-09-15,TWT96U,tpex,5015,5528,,,
2026-09-15,TWT96U,twse,2014,719347,,,
2026-09-15,TWT96U,tpex,5016,2951,,,
2026-09-15,TWT96U,twse,2015,62871,,,
2026-09-15,TWT96U,tpex,5201,20687,,,
2026-09-15,TWT96U,twse,2017,226911,,,
2026-09-15,TWT96U,tpex,5202,45026,,,
2026-09-15,TWT96U,twse,2020,89496,,,
2026-09-15,TWT96U,tpex,5206,49188,,,
2026-09-15,TWT96U,twse,2022,114859,,,
2026-09-15,TWT96U,tpex,5209,26641,,,
2026-09-15,TWT96U,twse,2023,313810,,,
2026-09-15,TWT96U,tpex,5210,50956,,,
2026-09-15,TWT96U,twse,2024,3798,,,
2026-09-15,TWT96U,tpex,5211,16411,,,
2026-09-15,TWT96U,twse,2025,154434,,,
2026-09-15,TWT96U,tpex,5212,2032,,,
2026-09-15,TWT96U,twse,2027,5614439,,,
2026-09-15,TWT96U,tpex,5213,62081,,,
2026-09-15,TWT96U,twse,2028,29477,,,
2026-09-15,TWT96U,tpex,5220,9511,,,
2026-09-15,TWT96U,twse,2029,115870,,,
2026-09-15,TWT96U,tpex,5223,5863,,,
2026-09-15,TWT96U,twse,2030,967040,,,
2026-09-15,TWT96U,tpex,5228,112961,,,
2026-09-15,TWT96U,twse,2031,504404,,,
2026-09-15,TWT96U,tpex,5230,56427,,,
2026-09-15,TWT96U,twse,2032,150106,,,
2026-09-15,TWT96U,tpex,5245,15017,,,
2026-09-15,TWT96U,twse,2033,507032,,,
2026-09-15,TWT96U,tpex,5251,15803,,,
2026-09-15,TWT96U,twse,2034,399185,,,
2026-09-15,TWT96U,tpex,5263,79348,,,
2026-09-15,TWT96U,twse,2038,76376,,,
2026-09-15,TWT96U,tpex,5272,28398,,,
2026-09-15,TWT96U,twse,2049,1823658,,,
2026-09-15,TWT96U,tpex,5274,98462,,,
2026-09-15,TWT96U,twse,2059,173472,,,
2026-09-15,TWT96U,tpex,5278,21588,,,
2026-09-15,TWT96U,twse,2062,52615,,,
2026-09-15,TWT96U,tpex,5287,27034,,,
2026-09-15,TWT96U,twse,2069,264078,,,
2026-09-15,TWT96U,tpex,5289,721748,,,
2026-09-15,TWT96U,twse,2072,121998,,,
2026-09-15,TWT96U,tpex,5291,357261,,,
2026-09-15,TWT96U,twse,2101,615375,,,
2026-09-15,TWT96U,tpex,5299,124706,,,
2026-09-15,TWT96U,twse,2102,71978,,,
2026-09-15,TWT96U,tpex,5309,447887,,,
2026-09-15,TWT96U,twse,2103,2261188,,,
2026-09-15,TWT96U,tpex,5310,1612,,,
2026-09-15,TWT96U,twse,2104,979132,,,
2026-09-15,TWT96U,tpex,5312,12491,,,
2026-09-15,TWT96U,twse,2105,1478364,,,
2026-09-15,TWT96U,tpex,5314,2403086,,,
2026-09-15,TWT96U,twse,2106,554600,,,
2026-09-15,TWT96U,tpex,5315,63031,,,
2026-09-15,TWT96U,twse,2107,79476,,,
2026-09-15,TWT96U,tpex,5321,231138,,,
2026-09-15,TWT96U,twse,2108,307104,,,
2026-09-15,TWT96U,tpex,5328,3446570,,,
2026-09-15,TWT96U,twse,2109,26891,,,
2026-09-15,TWT96U,tpex,5340,1161360,,,
2026-09-15,TWT96U,twse,2114,9308,,,
2026-09-15,TWT96U,tpex,5347,5166465,,,
2026-09-15,TWT96U,twse,2115,21804,,,
2026-09-15,TWT96U,tpex,5351,5882536,,,
2026-09-15,TWT96U,twse,2201,1188124,,,
2026-09-15,TWT96U,tpex,5353,9470,,,
2026-09-15,TWT96U,twse,2204,390714,,,
2026-09-15,TWT96U,tpex,5356,25359,,,
2026-09-15,TWT96U,twse,2206,214678,,,
2026-09-15,TWT96U,tpex,5364,16066,,,
2026-09-15,TWT96U,twse,2207,83145,,,
2026-09-15,TWT96U,tpex,5381,148537,,,
2026-09-15,TWT96U,twse,2211,231737,,,
2026-09-15,TWT96U,tpex,5386,470505,,,
2026-09-15,TWT96U,twse,2228,35926,,,
2026-09-15,TWT96U,tpex,5392,728479,,,
2026-09-15,TWT96U,twse,2231,95728,,,
2026-09-15,TWT96U,tpex,5398,22795,,,
2026-09-15,TWT96U,twse,2233,291486,,,
2026-09-15,TWT96U,tpex,5403,14322,,,
2026-09-15,TWT96U,twse,2236,130952,,,
2026-09-15,TWT96U,tpex,5410,111072,,,
2026-09-15,TWT96U,twse,2239,16897,,,
2026-09-15,TWT96U,tpex,5425,4522865,,,
2026-09-15,TWT96U,twse,2241,167661,,,
2026-09-15,TWT96U,tpex,5426,328997,,,
2026-09-15,TWT96U,twse,2243,87917,,,
2026-09-15,TWT96U,tpex,5432,57349,,,
2026-09-15,TWT96U,twse,2247,11569,,,
2026-09-15,TWT96U,tpex,5438,15051,,,
2026-09-15,TWT96U,twse,2248,26400,,,
2026-09-15,TWT96U,tpex,5439,782427,,,
2026-09-15,TWT96U,twse,2250,17819,,,
2026-09-15,TWT96U,tpex,5443,695588,,,
2026-09-15,TWT96U,twse,2254,129420,,,
2026-09-15,TWT96U,tpex,5450,38144,,,
2026-09-15,TWT96U,twse,2301,10785952,,,
2026-09-15,TWT96U,tpex,5452,108712,,,
2026-09-15,TWT96U,twse,2302,1258950,,,
2026-09-15,TWT96U,tpex,5455,2334,,,
2026-09-15,TWT96U,twse,2303,51757607,,,
2026-09-15,TWT96U,tpex,5457,97205,,,
2026-09-15,TWT96U,twse,2305,2807863,,,
2026-09-15,TWT96U,tpex,5460,34030,,,
2026-09-15,TWT96U,twse,2308,3571375,,,
2026-09-15,TWT96U,tpex,5464,238215,,,
2026-09-15,TWT96U,twse,2312,3672234,,,
2026-09-15,TWT96U,tpex,5465,23419,,,
2026-09-15,TWT96U,twse,2313,9875149,,,
2026-09-15,TWT96U,tpex,5474,54205,,,
2026-09-15,TWT96U,twse,2316,660178,,,
2026-09-15,TWT96U,tpex,5478,20768,,,
2026-09-15,TWT96U,twse,2317,12268752,,,
2026-09-15,TWT96U,tpex,5481,63218,,,
2026-09-15,TWT96U,twse,2323,1927866,,,
2026-09-15,TWT96U,tpex,5483,6478971,,,
2026-09-15,TWT96U,twse,2324,27487741,,,
2026-09-15,TWT96U,tpex,5487,20833,,,
2026-09-15,TWT96U,twse,2327,14570286,,,
2026-09-15,TWT96U,tpex,5488,134213,,,
2026-09-15,TWT96U,twse,2328,668882,,,
2026-09-15,TWT96U,tpex,5489,17348,,,
2026-09-15,TWT96U,twse,2329,640271,,,
2026-09-15,TWT96U,tpex,5490,347096,,,
2026-09-15,TWT96U,twse,2330,6756118,,,
2026-09-15,TWT96U,tpex,5493,27094,,,
2026-09-15,TWT96U,twse,2331,595676,,,
2026-09-15,TWT96U,tpex,5498,745275,,,
2026-09-15,TWT96U,twse,2332,6564877,,,
2026-09-15,TWT96U,tpex,5508,72744,,,
2026-09-15,TWT96U,twse,2337,19592750,,,
2026-09-15,TWT96U,tpex,5511,49154,,,
2026-09-15,TWT96U,twse,2338,1157381,,,
2026-09-15,TWT96U,tpex,5512,159011,,,
2026-09-15,TWT96U,twse,2340,988252,,,
2026-09-15,TWT96U,tpex,5514,12600,,,
2026-09-15,TWT96U,twse,2342,731339,,,
2026-09-15,TWT96U,tpex,5520,1392,,,
2026-09-15,TWT96U,twse,2344,45848736,,,
2026-09-15,TWT96U,tpex,5523,4218,,,
2026-09-15,TWT96U,twse,2345,1011180,,,
2026-09-15,TWT96U,tpex,5529,31666,,,
2026-09-15,TWT96U,twse,2347,1012840,,,
2026-09-15,TWT96U,tpex,5530,85195,,,
2026-09-15,TWT96U,twse,2348,128302,,,
2026-09-15,TWT96U,tpex,5536,332694,,,
2026-09-15,TWT96U,twse,2351,1578215,,,
2026-09-15,TWT96U,tpex,5543,10245,,,
2026-09-15,TWT96U,twse,2352,1607071,,,
2026-09-15,TWT96U,tpex,5547,7170,,,
2026-09-15,TWT96U,twse,2353,5637124,,,
2026-09-15,TWT96U,tpex,5548,6597,,,
2026-09-15,TWT96U,twse,2354,4593578,,,
2026-09-15,TWT96U,tpex,5601,2133,,,
2026-09-15,TWT96U,twse,2355,656104,,,
2026-09-15,TWT96U,tpex,5603,35493,,,
2026-09-15,TWT96U,twse,2356,7539373,,,
2026-09-15,TWT96U,tpex,5604,3625,,,
2026-09-15,TWT96U,twse,2357,1229967,,,
2026-09-15,TWT96U,tpex,5609,47288,,,
2026-09-15,TWT96U,twse,2359,2815385,,,
2026-09-15,TWT96U,tpex,5704,13397,,,
2026-09-15,TWT96U,twse,2360,773484,,,
2026-09-15,TWT96U,tpex,5864,968701,,,
2026-09-15,TWT96U,twse,2362,614480,,,
2026-09-15,TWT96U,tpex,5902,8089,,,
2026-09-15,TWT96U,twse,2363,1483798,,,
2026-09-15,TWT96U,tpex,5903,6977,,,
2026-09-15,TWT96U,twse,2364,180672,,,
2026-09-15,TWT96U,tpex,5904,3242267,,,
2026-09-15,TWT96U,twse,2365,320652,,,
2026-09-15,TWT96U,tpex,5905,126945,,,
2026-09-15,TWT96U,twse,2367,1671161,,,
2026-09-15,TWT96U,tpex,6015,711561,,,
2026-09-15,TWT96U,twse,2368,2999850,,,
2026-09-15,TWT96U,tpex,6016,1402536,,,
2026-09-15,TWT96U,twse,2369,1711584,,,
2026-09-15,TWT96U,tpex,6020,9783,,,
2026-09-15,TWT96U,twse,2371,2622905,,,
2026-09-15,TWT96U,tpex,6021,56513,,,
2026-09-15,TWT96U,twse,2373,9248,,,
2026-09-15,TWT96U,tpex,6023,226310,,,
2026-09-15,TWT96U,twse,2374,816027,,,
2026-09-15,TWT96U,tpex,6026,283823,,,
2026-09-15,TWT96U,twse,2375,1543899,,,
2026-09-15,TWT96U,tpex,6101,80547,,,
2026-09-15,TWT96U,twse,2376,2343924,,,
2026-09-15,TWT96U,tpex,6103,6997,,,
2026-09-15,TWT96U,twse,2377,4506110,,,
2026-09-15,TWT96U,tpex,6104,162277,,,
2026-09-15,TWT96U,twse,2379,819664,,,
2026-09-15,TWT96U,tpex,6111,43101,,,
2026-09-15,TWT96U,twse,2382,5503035,,,
2026-09-15,TWT96U,tpex,6113,47130,,,
2026-09-15,TWT96U,twse,2383,627814,,,
2026-09-15,TWT96U,tpex,6114,8336,,,
2026-09-15,TWT96U,twse,2385,925543,,,
2026-09-15,TWT96U,tpex,6118,25173,,,
2026-09-15,TWT96U,twse,2387,108130,,,
2026-09-15,TWT96U,tpex,6121,219718,,,
2026-09-15,TWT96U,twse,2388,1497054,,,
2026-09-15,TWT96U,tpex,6122,88201,,,
2026-09-15,TWT96U,twse,2390,141516,,,
2026-09-15,TWT96U,tpex,6123,10805,,,
2026-09-15,TWT96U,twse,2392,1491733,,,
2026-09-15,TWT96U,tpex,6124,5226,,,
2026-09-15,TWT96U,twse,2393,734210,,,
2026-09-15,TWT96U,tpex,6125,396747,,,
2026-09-15,TWT96U,twse,2395,1198581,,,
2026-09-15,TWT96U,tpex,6126,117187,,,
2026-09-15,TWT96U,twse,2397,179530,,,
2026-09-15,TWT96U,tpex,6127,1017079,,,
2026-09-15,TWT96U,twse,2399,1918342,,,
2026-09-15,TWT96U,tpex,6130,54782,,,
2026-09-15,TWT96U,twse,2401,738153,,,
2026-09-15,TWT96U,tpex,6134,60894,,,
2026-09-15,TWT96U,twse,2402,550806,,,
2026-09-15,TWT96U,tpex,6138,247080,,,
2026-09-15,TWT96U,twse,2404,414624,,,
2026-09-15,TWT96U,tpex,6143,118231,,,
2026-09-15,TWT96U,twse,2405,296184,,,
2026-09-15,TWT96U,tpex,6146,80422,,,
2026-09-15,TWT96U,twse,2406,1289573,,,
2026-09-15,TWT96U,tpex,6147,9843408,,,
2026-09-15,TWT96U,twse,2408,25522634,,,
2026-09-15,TWT96U,tpex,6148,72539,,,
2026-09-15,TWT96U,twse,2409,67639179,,,
2026-09-15,TWT96U,tpex,6150,59879,,,
2026-09-15,TWT96U,twse,2412,2843418,,,
2026-09-15,TWT96U,tpex,6151,36051,,,
2026-09-15,TWT96U,twse,2413,691515,,,
2026-09-15,TWT96U,tpex,6154,8890,,,
2026-09-15,TWT96U,twse,2414,116719,,,
2026-09-15,TWT96U,tpex,6156,202714,,,
2026-09-15,TWT96U,twse,2415,60462,,,
2026-09-15,TWT96U,tpex,6158,15462,,,
2026-09-15,TWT96U,twse,2417,359084,,,
2026-09-15,TWT96U,tpex,6161,73989,,,
2026-09-15,TWT96U,twse,2419,336787,,,
2026-09-15,TWT96U,tpex,6163,268250,,,
2026-09-15,TWT96U,twse,2420,157188,,,
2026-09-15,TWT96U,tpex,6167,71977,,,
2026-09-15,TWT96U,twse,2421,1440045,,,
2026-09-15,TWT96U,tpex,6169,3198,,,
2026-09-15,TWT96U,twse,2423,36238,,,
2026-09-15,TWT96U,tpex,6170,41738,,,
2026-09-15,TWT96U,twse,2425,1207595,,,
2026-09-15,TWT96U,tpex,6171,10864,,,
2026-09-15,TWT96U,twse,2426,10386671,,,
2026-09-15,TWT96U,tpex,6173,5005499,,,
2026-09-15,TWT96U,twse,2427,126233,,,
2026-09-15,TWT96U,tpex,6174,373991,,,
2026-09-15,TWT96U,twse,2428,482191,,,
2026-09-15,TWT96U,tpex,6175,335589,,,
2026-09-15,TWT96U,twse,2430,20403,,,
2026-09-15,TWT96U,tpex,6179,1734830,,,
2026-09-15,TWT96U,twse,2431,48127,,,
2026-09-15,TWT96U,tpex,6180,105943,,,
2026-09-15,TWT96U,twse,2432,8360,,,
2026-09-15,TWT96U,tpex,6182,12412888,,,
2026-09-15,TWT96U,twse,2433,6703,,,
2026-09-15,TWT96U,tpex,6185,81774,,,
2026-09-15,TWT96U,twse,2434,303768,,,
2026-09-15,TWT96U,tpex,6186,257466,,,
2026-09-15,TWT96U,twse,2436,1806323,,,
2026-09-15,TWT96U,tpex,6187,1069569,,,
2026-09-15,TWT96U,twse,2439,701,,,
2026-09-15,TWT96U,tpex,6188,208191,,,
2026-09-15,TWT96U,twse,2440,95103,,,
2026-09-15,TWT96U,tpex,6190,488228,,,
2026-09-15,TWT96U,twse,2441,1605846,,,
2026-09-15,TWT96U,tpex,6194,32550,,,
2026-09-15,TWT96U,twse,2442,520695,,,
2026-09-15,TWT96U,tpex,6195,10020,,,
2026-09-15,TWT96U,twse,2449,6626253,,,
2026-09-15,TWT96U,tpex,6199,277565,,,
2026-09-15,TWT96U,twse,2450,32635,,,
2026-09-15,TWT96U,tpex,6203,23238,,,
2026-09-15,TWT96U,twse,2451,1777975,,,
2026-09-15,TWT96U,tpex,6204,82488,,,
2026-09-15,TWT96U,twse,2453,55141,,,
2026-09-15,TWT96U,tpex,6207,1476890,,,
2026-09-15,TWT96U,twse,2454,2664325,,,
2026-09-15,TWT96U,tpex,6208,94712,,,
2026-09-15,TWT96U,twse,2455,3581154,,,
2026-09-15,TWT96U,tpex,6210,3660,,,
2026-09-15,TWT96U,twse,2457,368733,,,
2026-09-15,TWT96U,tpex,6212,502,,,
2026-09-15,TWT96U,twse,2458,733730,,,
2026-09-15,TWT96U,tpex,6217,1098876,,,
2026-09-15,TWT96U,twse,2459,25193,,,
2026-09-15,TWT96U,tpex,6218,479490,,,
2026-09-15,TWT96U,twse,2461,259464,,,
2026-09-15,TWT96U,tpex,6219,24013,,,
2026-09-15,TWT96U,twse,2462,58864,,,
2026-09-15,TWT96U,tpex,6220,56916,,,
2026-09-15,TWT96U,twse,2464,5325190,,,
2026-09-15,TWT96U,tpex,6221,37484,,,
2026-09-15,TWT96U,twse,2465,1460490,,,
2026-09-15,TWT96U,tpex,6222,3369,,,
2026-09-15,TWT96U,twse,2467,399266,,,
2026-09-15,TWT96U,tpex,6223,324012,,,
2026-09-15,TWT96U,twse,2468,125168,,,
2026-09-15,TWT96U,tpex,6227,200781,,,
2026-09-15,TWT96U,twse,2471,29849,,,
2026-09-15,TWT96U,tpex,6229,14629,,,
2026-09-15,TWT96U,twse,2472,882021,,,
2026-09-15,TWT96U,tpex,6231,81679,,,
2026-09-15,TWT96U,twse,2474,887228,,,
2026-09-15,TWT96U,tpex,6233,38605,,,
2026-09-15,TWT96U,twse,2476,498759,,,
2026-09-15,TWT96U,tpex,6234,99116,,,
2026-09-15,TWT96U,twse,2477,52239,,,
2026-09-15,TWT96U,tpex,6237,55991,,,
2026-09-15,TWT96U,twse,2478,2051442,,,
2026-09-15,TWT96U,tpex,6240,28223,,,
2026-09-15,TWT96U,twse,2480,77270,,,
2026-09-15,TWT96U,tpex,6244,639766,,,
2026-09-15,TWT96U,twse,2481,9128886,,,
2026-09-15,TWT96U,tpex,6245,207020,,,
2026-09-15,TWT96U,twse,2482,37631,,,
2026-09-15,TWT96U,tpex,6246,19005,,,
2026-09-15,TWT96U,twse,2483,405669,,,
2026-09-15,TWT96U,tpex,6248,26016,,,
2026-09-15,TWT96U,twse,2484,1034102,,,
2026-09-15,TWT96U,tpex,6259,157301,,,
2026-09-15,TWT96U,twse,2485,1184999,,,
2026-09-15,TWT96U,tpex,6261,133018,,,
2026-09-15,TWT96U,twse,2486,2676792,,,
2026-09-15,TWT96U,tpex,6263,45307,,,
2026-09-15,TWT96U,twse,2488,35445,,,
2026-09-15,TWT96U,tpex,6265,1787474,,,
2026-09-15,TWT96U,twse,2489,9549576,,,
2026-09-15,TWT96U,tpex,6266,36081,,,
2026-09-15,TWT96U,twse,2491,564780,,,
2026-09-15,TWT96U,tpex,6270,56423,,,
2026-09-15,TWT96U,twse,2492,9866910,,,
2026-09-15,TWT96U,tpex,6274,1680880,,,
2026-09-15,TWT96U,twse,2493,790450,,,
2026-09-15,TWT96U,tpex,6275,95297,,,
2026-09-15,TWT96U,twse,2495,403881,,,
2026-09-15,TWT96U,tpex,6279,231102,,,
2026-09-15,TWT96U,twse,2496,6450,,,
2026-09-15,TWT96U,tpex,6284,342699,,,
2026-09-15,TWT96U,twse,2497,91019,,,
2026-09-15,TWT96U,tpex,6290,1259917,,,
2026-09-15,TWT96U,twse,2498,26684,,,
2026-09-15,TWT96U,tpex,6291,348840,,,
2026-09-15,TWT96U,twse,2501,497329,,,
2026-09-15,TWT96U,tpex,6292,106876,,,
2026-09-15,TWT96U,twse,2504,516854,,,
2026-09-15,TWT96U,tpex,6294,6462,,,
2026-09-15,TWT96U,twse,2505,73240,,,
2026-09-15,TWT96U,tpex,6411,88534,,,
2026-09-15,TWT96U,twse,2506,90768,,,
2026-09-15,TWT96U,tpex,6417,17084,,,
2026-09-15,TWT96U,twse,2509,42809,,,
2026-09-15,TWT96U,tpex,6418,56658,,,
2026-09-15,TWT96U,twse,2511,278237,,,
2026-09-15,TWT96U,tpex,6419,109229,,,
2026-09-15,TWT96U,twse,2514,36696,,,
2026-09-15,TWT96U,tpex,6423,18037,,,
2026-09-15,TWT96U,twse,2515,1557220,,,
2026-09-15,TWT96U,tpex,6425,128665,,,
2026-09-15,TWT96U,twse,2520,443340,,,
2026-09-15,TWT96U,tpex,6432,319943,,,
2026-09-15,TWT96U,twse,2524,20342,,,
2026-09-15,TWT96U,tpex,6435,192375,,,
2026-09-15,TWT96U,twse,2527,248367,,,
2026-09-15,TWT96U,tpex,6441,79957,,,
2026-09-15,TWT96U,twse,2528,83433,,,
2026-09-15,TWT96U,tpex,6462,122119,,,
2026-09-15,TWT96U,twse,2530,297892,,,
2026-09-15,TWT96U,tpex,6465,59131,,,
2026-09-15,TWT96U,twse,2534,85184,,,
2026-09-15,TWT96U,tpex,6469,126663,,,
2026-09-15,TWT96U,twse,2535,92500,,,
2026-09-15,TWT96U,tpex,6470,11112,,,
2026-09-15,TWT96U,twse,2536,442878,,,
2026-09-15,TWT96U,tpex,6474,24797,,,
2026-09-15,TWT96U,twse,2537,273839,,,
2026-09-15,TWT96U,tpex,6482,6629,,,
2026-09-15,TWT96U,twse,2538,130218,,,
2026-09-15,TWT96U,tpex,6485,76696,,,
2026-09-15,TWT96U,twse,2539,410591,,,
2026-09-15,TWT96U,tpex,6486,56810,,,
2026-09-15,TWT96U,twse,2540,428419,,,
2026-09-15,TWT96U,tpex,6488,3124115,,,
2026-09-15,TWT96U,twse,2542,2339695,,,
2026-09-15,TWT96U,tpex,6494,38670,,,
2026-09-15,TWT96U,twse,2543,269958,,,
2026-09-15,TWT96U,tpex,6496,2364,,,
2026-09-15,TWT96U,twse,2545,85555,,,
2026-09-15,TWT96U,tpex,6498,49750,,,
2026-09-15,TWT96U,twse,2546,104421,,,
2026-09-15,TWT96U,tpex,6499,114067,,,
2026-09-15,TWT96U,twse,2547,535470,,,
2026-09-15,TWT96U,tpex,6506,18452,,,
2026-09-15,TWT96U,twse,2548,348884,,,
2026-09-15,TWT96U,tpex,6508,9134,,,
2026-09-15,TWT96U,twse,2597,61957,,,
2026-09-15,TWT96U,tpex,6509,244454,,,
2026-09-15,TWT96U,twse,2603,4399062,,,
2026-09-15,TWT96U,tpex,6510,231784,,,
2026-09-15,TWT96U,twse,2605,4584057,,,
2026-09-15,TWT96U,tpex,6516,17295,,,
2026-09-15,TWT96U,twse,2606,2554896,,,
2026-09-15,TWT96U,tpex,6517,243048,,,
2026-09-15,TWT96U,twse,2607,158794,,,
2026-09-15,TWT96U,tpex,6523,7246,,,
2026-09-15,TWT96U,twse,2608,75419,,,
2026-09-15,TWT96U,tpex,6527,8455,,,
2026-09-15,TWT96U,twse,2609,20031629,,,
2026-09-15,TWT96U,tpex,6530,630298,,,
2026-09-15,TWT96U,twse,2610,8623025,,,
2026-09-15,TWT96U,tpex,6532,217190,,,
2026-09-15,TWT96U,twse,2611,391307,,,
2026-09-15,TWT96U,tpex,6538,827326,,,
2026-09-15,TWT96U,twse,2612,366525,,,
2026-09-15,TWT96U,tpex,6542,2256,,,
2026-09-15,TWT96U,twse,2613,386583,,,
2026-09-15,TWT96U,tpex,6546,83610,,,
2026-09-15,TWT96U,twse,2614,192857,,,
2026-09-15,TWT96U,tpex,6547,1774366,,,
2026-09-15,TWT96U,twse,2615,9959276,,,
2026-09-15,TWT96U,tpex,6548,887972,,,
2026-09-15,TWT96U,twse,2616,28800,,,
2026-09-15,TWT96U,tpex,6560,6015,,,
2026-09-15,TWT96U,twse,2617,658815,,,
2026-09-15,TWT96U,tpex,6561,13198,,,
2026-09-15,TWT96U,twse,2618,7919487,,,
2026-09-15,TWT96U,tpex,6568,26460,,,
2026-09-15,TWT96U,twse,2630,973020,,,
2026-09-15,TWT96U,tpex,6569,16198,,,
2026-09-15,TWT96U,twse,2633,1089738,,,
2026-09-15,TWT96U,tpex,6570,57052,,,
2026-09-15,TWT96U,twse,2634,10879460,,,
2026-09-15,TWT96U,tpex,6577,18574,,,
2026-09-15,TWT96U,twse,2636,250735,,,
2026-09-15,TWT96U,tpex,6578,33768,,,
2026-09-15,TWT96U,twse,2637,1923614,,,
2026-09-15,TWT96U,tpex,6584,323629,,,
2026-09-15,TWT96U,twse,2642,13679,,,
2026-09-15,TWT96U,tpex,6588,800598,,,
2026-09-15,TWT96U,twse,2645,930669,,,
2026-09-15,TWT96U,tpex,6593,13439,,,
2026-09-15,TWT96U,twse,2646,1312029,,,
2026-09-15,TWT96U,tpex,6596,34469,,,
2026-09-15,TWT96U,twse,2701,17504,,,
2026-09-15,TWT96U,tpex,6603,532556,,,
2026-09-15,TWT96U,twse,2702,11243,,,
2026-09-15,TWT96U,tpex,6609,36627,,,
2026-09-15,TWT96U,twse,2704,72092,,,
2026-09-15,TWT96U,tpex,6612,8769,,,
2026-09-15,TWT96U,twse,2705,34556,,,
2026-09-15,TWT96U,tpex,6613,153296,,,
2026-09-15,TWT96U,twse,2706,30606,,,
2026-09-15,TWT96U,tpex,6615,3001,,,
2026-09-15,TWT96U,twse,2707,40568,,,
2026-09-15,TWT96U,tpex,6616,6017,,,
2026-09-15,TWT96U,twse,2722,12646,,,
2026-09-15,TWT96U,tpex,6617,325770,,,
2026-09-15,TWT96U,twse,2723,171737,,,
2026-09-15,TWT96U,tpex,6620,509015,,,
2026-09-15,TWT96U,twse,2727,106994,,,
2026-09-15,TWT96U,tpex,6624,12815,,,
2026-09-15,TWT96U,twse,2731,99142,,,
2026-09-15,TWT96U,tpex,6629,8255,,,
2026-09-15,TWT96U,twse,2739,34483,,,
2026-09-15,TWT96U,tpex,6637,16353,,,
2026-09-15,TWT96U,twse,2748,22241,,,
2026-09-15,TWT96U,tpex,6640,146063,,,
2026-09-15,TWT96U,twse,2753,48709,,,
2026-09-15,TWT96U,tpex,6642,109853,,,
2026-09-15,TWT96U,twse,2762,22807,,,
2026-09-15,TWT96U,tpex,6643,129061,,,
2026-09-15,TWT96U,twse,2801,7752044,,,
2026-09-15,TWT96U,tpex,6649,11604,,,
2026-09-15,TWT96U,twse,2812,4936189,,,
2026-09-15,TWT96U,tpex,6651,68415,,,
2026-09-15,TWT96U,twse,2816,188157,,,
2026-09-15,TWT96U,tpex,6654,16708,,,
2026-09-15,TWT96U,twse,2820,785561,,,
2026-09-15,TWT96U,tpex,6664,135510,,,
2026-09-15,TWT96U,twse,2832,58648,,,
2026-09-15,TWT96U,tpex,6667,73361,,,
2026-09-15,TWT96U,twse,2834,19753929,,,
2026-09-15,TWT96U,tpex,6679,92124,,,
2026-09-15,TWT96U,twse,2836,480523,,,
2026-09-15,TWT96U,tpex,6680,1314,,,
2026-09-15,TWT96U,twse,2838,642986,,,
2026-09-15,TWT96U,tpex,6683,229573,,,
2026-09-15,TWT96U,twse,2845,3959322,,,
2026-09-15,TWT96U,tpex,6684,25712,,,
2026-09-15,TWT96U,twse,2849,62663,,,
2026-09-15,TWT96U,tpex,6690,14159,,,
2026-09-15,TWT96U,twse,2850,76248,,,
2026-09-15,TWT96U,tpex,6692,5359,,,
2026-09-15,TWT96U,twse,2851,1123988,,,
2026-09-15,TWT96U,tpex,6693,342156,,,
2026-09-15,TWT96U,twse,2852,169183,,,
2026-09-15,TWT96U,tpex,6697,4929,,,
2026-09-15,TWT96U,twse,2855,1194990,,,
2026-09-15,TWT96U,tpex,6703,14138,,,
2026-09-15,TWT96U,twse,2880,7391111,,,
2026-09-15,TWT96U,tpex,6708,4535,,,
2026-09-15,TWT96U,twse,2881,5745561,,,
2026-09-15,TWT96U,tpex,6712,99473,,,
2026-09-15,TWT96U,twse,2882,6438026,,,
2026-09-15,TWT96U,tpex,6716,241992,,,
2026-09-15,TWT96U,twse,2883,13665324,,,
2026-09-15,TWT96U,tpex,6720,6093,,,
2026-09-15,TWT96U,twse,2884,13705467,,,
2026-09-15,TWT96U,tpex,6725,27105,,,
2026-09-15,TWT96U,twse,2885,6985079,,,
2026-09-15,TWT96U,tpex,6727,446970,,,
2026-09-15,TWT96U,twse,2886,9840070,,,
2026-09-15,TWT96U,tpex,6728,6221,,,
2026-09-15,TWT96U,twse,2887,17555281,,,
2026-09-15,TWT96U,tpex,6730,3490,,,
2026-09-15,TWT96U,twse,2887I,968705,,,
2026-09-15,TWT96U,tpex,6732,41707,,,
2026-09-15,TWT96U,twse,2889,3955687,,,
2026-09-15,TWT96U,tpex,6735,35896,,,
2026-09-15,TWT96U,twse,2890,7368191,,,
2026-09-15,TWT96U,tpex,6739,75879,,,
2026-09-15,TWT96U,twse,2891,9652032,,,
2026-09-15,TWT96U,tpex,6741,73831,,,
2026-09-15,TWT96U,twse,2892,12276817,,,
2026-09-15,TWT96U,tpex,6751,2121,,,
2026-09-15,TWT96U,twse,2897,1336038,,,
2026-09-15,TWT96U,tpex,6752,4349,,,
2026-09-15,TWT96U,twse,2901,4958,,,
2026-09-15,TWT96U,tpex,6761,162525,,,
2026-09-15,TWT96U,twse,2903,584024,,,
2026-09-15,TWT96U,tpex,6763,51919,,,
2026-09-15,TWT96U,twse,2904,12643,,,
2026-09-15,TWT96U,tpex,6785,15800,,,
2026-09-15,TWT96U,twse,2905,450090,,,
2026-09-15,TWT96U,tpex,6788,88292,,,
2026-09-15,TWT96U,twse,2906,52481,,,
2026-09-15,TWT96U,tpex,6791,3902,,,
2026-09-15,TWT96U,twse,2908,64806,,,
2026-09-15,TWT96U,tpex,6803,15082,,,
2026-09-15,TWT96U,twse,2910,5499,,,
2026-09-15,TWT96U,tpex,6804,39890,,,
2026-09-15,TWT96U,twse,2911,31924,,,
2026-09-15,TWT96U,tpex,6811,42456,,,
2026-09-15,TWT96U,twse,2912,619912,,,
2026-09-15,TWT96U,tpex,6821,35356,,,
2026-09-15,TWT96U,twse,2913,396958,,,
2026-09-15,TWT96U,tpex,6823,29111,,,
2026-09-15,TWT96U,twse,2915,962185,,,
2026-09-15,TWT96U,tpex,6829,341178,,,
2026-09-15,TWT96U,twse,2929,58536,,,
2026-09-15,TWT96U,tpex,6840,161277,,,
2026-09-15,TWT96U,twse,2939,14177,,,
2026-09-15,TWT96U,tpex,6841,57591,,,
2026-09-15,TWT96U,twse,3002,31169,,,
2026-09-15,TWT96U,tpex,6843,2399,,,
2026-09-15,TWT96U,twse,3003,365958,,,
2026-09-15,TWT96U,tpex,6846,2768,,,
2026-09-15,TWT96U,twse,3004,148004,,,
2026-09-15,TWT96U,tpex,6859,14603,,,
2026-09-15,TWT96U,twse,3005,854551,,,
2026-09-15,TWT96U,tpex,6865,3140,,,
2026-09-15,TWT96U,twse,3006,4784919,,,
2026-09-15,TWT96U,tpex,6870,23707,,,
2026-09-15,TWT96U,twse,3008,761387,,,
2026-09-15,TWT96U,tpex,6874,11754,,,
2026-09-15,TWT96U,twse,3010,212624,,,
2026-09-15,TWT96U,tpex,6877,21168,,,
2026-09-15,TWT96U,twse,3011,155497,,,
2026-09-15,TWT96U,tpex,6894,15618,,,
2026-09-15,TWT96U,twse,3013,367829,,,
2026-09-15,TWT96U,tpex,6895,19916,,,
2026-09-15,TWT96U,twse,3014,289292,,,
2026-09-15,TWT96U,tpex,6899,3348,,,
2026-09-15,TWT96U,twse,3015,126561,,,
2026-09-15,TWT96U,tpex,6903,95480,,,
2026-09-15,TWT96U,twse,3016,1913328,,,
2026-09-15,TWT96U,tpex,6904,330,,,
2026-09-15,TWT96U,twse,3017,1284515,,,
2026-09-15,TWT96U,tpex,6907,736532,,,
2026-09-15,TWT96U,twse,3019,1550397,,,
2026-09-15,TWT96U,tpex,6910,5653,,,
2026-09-15,TWT96U,twse,3021,98660,,,
2026-09-15,TWT96U,tpex,6913,221016,,,
2026-09-15,TWT96U,twse,3022,964628,,,
2026-09-15,TWT96U,tpex,6922,82658,,,
2026-09-15,TWT96U,twse,3023,310606,,,
2026-09-15,TWT96U,tpex,6925,6140,,,
2026-09-15,TWT96U,twse,3024,386898,,,
2026-09-15,TWT96U,tpex,6953,13415,,,
2026-09-15,TWT96U,twse,3025,57201,,,
2026-09-15,TWT96U,tpex,6961,6318,,,
2026-09-15,TWT96U,twse,3026,2656790,,,
2026-09-15,TWT96U,tpex,6967,32426,,,
2026-09-15,TWT96U,twse,3027,44188,,,
2026-09-15,TWT96U,tpex,6968,15108,,,
2026-09-15,TWT96U,twse,3028,338739,,,
2026-09-15,TWT96U,tpex,6971,10982,,,
2026-09-15,TWT96U,twse,3029,398409,,,
2026-09-15,TWT96U,tpex,6982,6838,,,
2026-09-15,TWT96U,twse,3030,338634,,,
2026-09-15,TWT96U,tpex,6983,14775,,,
2026-09-15,TWT96U,twse,3031,212895,,,
2026-09-15,TWT96U,tpex,6996,26282,,,
2026-09-15,TWT96U,twse,3032,161096,,,
2026-09-15,TWT96U,tpex,7402,247212,,,
2026-09-15,TWT96U,twse,3033,1559336,,,
2026-09-15,TWT96U,tpex,7547,4707,,,
2026-09-15,TWT96U,twse,3034,1061289,,,
2026-09-15,TWT96U,tpex,7556,10343,,,
2026-09-15,TWT96U,twse,3035,963602,,,
2026-09-15,TWT96U,tpex,7584,11911,,,
2026-09-15,TWT96U,twse,3036,3192686,,,
2026-09-15,TWT96U,tpex,7642,4744,,,
2026-09-15,TWT96U,twse,3037,7588628,,,
2026-09-15,TWT96U,tpex,7703,27513,,,
2026-09-15,TWT96U,twse,3038,53406,,,
2026-09-15,TWT96U,tpex,7704,19697,,,
2026-09-15,TWT96U,twse,3040,41417,,,
2026-09-15,TWT96U,tpex,7709,46101,,,
2026-09-15,TWT96U,twse,3041,195343,,,
2026-09-15,TWT96U,tpex,7712,98664,,,
2026-09-15,TWT96U,twse,3042,4773798,,,
2026-09-15,TWT96U,tpex,7713,3189,,,
2026-09-15,TWT96U,twse,3043,22704,,,
2026-09-15,TWT96U,tpex,7714,122836,,,
2026-09-15,TWT96U,twse,3044,1121439,,,
2026-09-15,TWT96U,tpex,7715,30435,,,
2026-09-15,TWT96U,twse,3045,2977270,,,
2026-09-15,TWT96U,tpex,7717,111011,,,
2026-09-15,TWT96U,twse,3046,143811,,,
2026-09-15,TWT96U,tpex,7718,6558,,,
2026-09-15,TWT96U,twse,3047,139483,,,
2026-09-15,TWT96U,tpex,7723,34227,,,
2026-09-15,TWT96U,twse,3048,1103342,,,
2026-09-15,TWT96U,tpex,7728,6900,,,
2026-09-15,TWT96U,twse,3049,2853825,,,
2026-09-15,TWT96U,tpex,7734,77925,,,
2026-09-15,TWT96U,twse,3050,129426,,,
2026-09-15,TWT96U,tpex,7738,9988,,,
2026-09-15,TWT96U,twse,3051,149698,,,
2026-09-15,TWT96U,tpex,7743,4276,,,
2026-09-15,TWT96U,twse,3052,107943,,,
2026-09-15,TWT96U,tpex,7744,43791,,,
2026-09-15,TWT96U,twse,3054,33739,,,
2026-09-15,TWT96U,tpex,7751,152665,,,
2026-09-15,TWT96U,twse,3055,1042871,,,
2026-09-15,TWT96U,tpex,7753,5262,,,
2026-09-15,TWT96U,twse,3056,188417,,,
2026-09-15,TWT96U,tpex,7757,3545,,,
2026-09-15,TWT96U,twse,3059,483955,,,
2026-09-15,TWT96U,tpex,7767,13174,,,
2026-09-15,TWT96U,twse,3060,268711,,,
2026-09-15,TWT96U,tpex,7772,42064,,,
2026-09-15,TWT96U,twse,3062,319718,,,
2026-09-15,TWT96U,tpex,7777,657661,,,
2026-09-15,TWT96U,twse,3090,3382286,,,
2026-09-15,TWT96U,tpex,7782,2913,,,
2026-09-15,TWT96U,twse,3092,43823,,,
2026-09-15,TWT96U,tpex,7792,159543,,,
2026-09-15,TWT96U,twse,3094,1292309,,,
2026-09-15,TWT96U,tpex,7805,33507,,,
2026-09-15,TWT96U,twse,3130,20574,,,
2026-09-15,TWT96U,tpex,7810,24447,,,
2026-09-15,TWT96U,twse,3135,663559,,,
2026-09-15,TWT96U,tpex,7820,5606,,,
2026-09-15,TWT96U,twse,3138,54661,,,
2026-09-15,TWT96U,tpex,7828,81526,,,
2026-09-15,TWT96U,twse,3149,2317894,,,
2026-09-15,TWT96U,tpex,8027,766923,,,
2026-09-15,TWT96U,twse,3150,9224,,,
2026-09-15,TWT96U,tpex,8032,13786,,,
2026-09-15,TWT96U,twse,3164,7219,,,
2026-09-15,TWT96U,tpex,8034,30380,,,
2026-09-15,TWT96U,twse,3167,1207832,,,
2026-09-15,TWT96U,tpex,8040,292700,,,
2026-09-15,TWT96U,twse,3168,4953,,,
2026-09-15,TWT96U,tpex,8042,1811302,,,
2026-09-15,TWT96U,twse,3189,5184829,,,
2026-09-15,TWT96U,tpex,8043,1552190,,,
2026-09-15,TWT96U,twse,3209,617511,,,
2026-09-15,TWT96U,tpex,8044,110430,,,
2026-09-15,TWT96U,twse,3229,685615,,,
2026-09-15,TWT96U,tpex,8048,34335,,,
2026-09-15,TWT96U,twse,3231,20607244,,,
2026-09-15,TWT96U,tpex,8049,43484,,,
2026-09-15,TWT96U,twse,3257,70560,,,
2026-09-15,TWT96U,tpex,8050,946239,,,
2026-09-15,TWT96U,twse,3266,9961,,,
2026-09-15,TWT96U,tpex,8054,225754,,,
2026-09-15,TWT96U,twse,3296,12617,,,
2026-09-15,TWT96U,tpex,8064,1592528,,,
2026-09-15,TWT96U,twse,3305,509721,,,
2026-09-15,TWT96U,tpex,8066,9641,,,
2026-09-15,TWT96U,twse,3308,43272,,,
2026-09-15,TWT96U,tpex,8068,28390,,,
2026-09-15,TWT96U,twse,3311,49365,,,
2026-09-15,TWT96U,tpex,8069,2613313,,,
2026-09-15,TWT96U,twse,3312,403625,,,
2026-09-15,TWT96U,tpex,8071,227812,,,
2026-09-15,TWT96U,twse,3338,123480,,,
2026-09-15,TWT96U,tpex,8074,153913,,,
2026-09-15,TWT96U,twse,3346,99887,,,
2026-09-15,TWT96U,tpex,8076,159574,,,
2026-09-15,TWT96U,twse,3376,1460416,,,
2026-09-15,TWT96U,tpex,8083,22227,,,
2026-09-15,TWT96U,twse,3380,676695,,,
2026-09-15,TWT96U,tpex,8084,141538,,,
2026-09-15,TWT96U,twse,3406,1516521,,,
2026-09-15,TWT96U,tpex,8086,1254932,,,
2026-09-15,TWT96U,twse,3413,324206,,,
2026-09-15,TWT96U,tpex,8087,6309,,,
2026-09-15,TWT96U,twse,3416,136700,,,
2026-09-15,TWT96U,tpex,8088,288113,,,
2026-09-15,TWT96U,twse,3437,184138,,,
2026-09-15,TWT96U,tpex,8089,36418,,,
2026-09-15,TWT96U,twse,3443,652107,,,
2026-09-15,TWT96U,tpex,8091,104109,,,
2026-09-15,TWT96U,twse,3447,35106,,,
2026-09-15,TWT96U,tpex,8092,14103,,,
2026-09-15,TWT96U,twse,3450,3080107,,,
2026-09-15,TWT96U,tpex,8096,1368789,,,
2026-09-15,TWT96U,twse,3481,2851733,,,
2026-09-15,TWT96U,tpex,8097,38150,,,
2026-09-15,TWT96U,twse,3501,39139,,,
2026-09-15,TWT96U,tpex,8099,81304,,,
2026-09-15,TWT96U,twse,3504,1187889,,,
2026-09-15,TWT96U,tpex,8102,4475,,,
2026-09-15,TWT96U,twse,3515,217870,,,
2026-09-15,TWT96U,tpex,8107,13674,,,
2026-09-15,TWT96U,twse,3518,220591,,,
2026-09-15,TWT96U,tpex,8109,114774,,,
2026-09-15,TWT96U,twse,3528,83074,,,
2026-09-15,TWT96U,tpex,8111,3461580,,,
2026-09-15,TWT96U,twse,3530,48863,,,
2026-09-15,TWT96U,tpex,8121,189984,,,
2026-09-15,TWT96U,twse,3532,2438073,,,
2026-09-15,TWT96U,tpex,8147,62008,,,
2026-09-15,TWT96U,twse,3533,443433,,,
2026-09-15,TWT96U,tpex,8155,225101,,,
2026-09-15,TWT96U,twse,3535,203919,,,
2026-09-15,TWT96U,tpex,8171,32745,,,
2026-09-15,TWT96U,twse,3543,954886,,,
2026-09-15,TWT96U,tpex,8182,316674,,,
2026-09-15,TWT96U,twse,3545,224411,,,
2026-09-15,TWT96U,tpex,8183,73517,,,
2026-09-15,TWT96U,twse,3550,495330,,,
2026-09-15,TWT96U,tpex,8227,404748,,,
2026-09-15,TWT96U,twse,3557,11843,,,
2026-09-15,TWT96U,tpex,8234,223960,,,
2026-09-15,TWT96U,twse,3563,141791,,,
2026-09-15,TWT96U,tpex,8240,232450,,,
2026-09-15,TWT96U,twse,3583,312948,,,
2026-09-15,TWT96U,tpex,8255,115028,,,
2026-09-15,TWT96U,twse,3588,58659,,,
2026-09-15,TWT96U,tpex,8279,15858,,,
2026-09-15,TWT96U,twse,3592,134448,,,
2026-09-15,TWT96U,tpex,8284,13713,,,
2026-09-15,TWT96U,twse,3596,383749,,,
2026-09-15,TWT96U,tpex,8289,145833,,,
2026-09-15,TWT96U,twse,3605,4063205,,,
2026-09-15,TWT96U,tpex,8299,1570324,,,
2026-09-15,TWT96U,twse,3607,51434,,,
2026-09-15,TWT96U,tpex,8342,2773,,,
2026-09-15,TWT96U,twse,3617,210118,,,
2026-09-15,TWT96U,tpex,8349,24135,,,
2026-09-15,TWT96U,twse,3622,133237,,,
2026-09-15,TWT96U,tpex,8354,44981,,,
2026-09-15,TWT96U,twse,3645,686059,,,
2026-09-15,TWT96U,tpex,8358,6667806,,,
2026-09-15,TWT96U,twse,3652,239035,,,
2026-09-15,TWT96U,tpex,8383,664547,,,
2026-09-15,TWT96U,twse,3653,458146,,,
2026-09-15,TWT96U,tpex,8390,132806,,,
2026-09-15,TWT96U,twse,3661,740293,,,
2026-09-15,TWT96U,tpex,8401,9188,,,
2026-09-15,TWT96U,twse,3665,959703,,,
2026-09-15,TWT96U,tpex,8403,28107,,,
2026-09-15,TWT96U,twse,3669,94215,,,
2026-09-15,TWT96U,tpex,8410,8546,,,
2026-09-15,TWT96U,twse,3673,1393899,,,
2026-09-15,TWT96U,tpex,8415,174007,,,
2026-09-15,TWT96U,twse,3679,12996,,,
2026-09-15,TWT96U,tpex,8421,99771,,,
2026-09-15,TWT96U,twse,3694,269124,,,
2026-09-15,TWT96U,tpex,8423,5294,,,
2026-09-15,TWT96U,twse,3701,360696,,,
2026-09-15,TWT96U,tpex,8424,3173,,,
2026-09-15,TWT96U,twse,3702,3444482,,,
2026-09-15,TWT96U,tpex,8426,7431,,,
2026-09-15,TWT96U,twse,3703,561211,,,
2026-09-15,TWT96U,tpex,8431,427794,,,
2026-09-15,TWT96U,twse,3704,885511,,,
2026-09-15,TWT96U,tpex,8432,9906,,,
2026-09-15,TWT96U,twse,3705,52955,,,
2026-09-15,TWT96U,tpex,8433,4666,,,
2026-09-15,TWT96U,twse,3706,3484011,,,
2026-09-15,TWT96U,tpex,8435,6506,,,
2026-09-15,TWT96U,twse,3708,145402,,,
2026-09-15,TWT96U,tpex,8436,276373,,,
2026-09-15,TWT96U,twse,3711,6037096,,,
2026-09-15,TWT96U,tpex,8437,5446,,,
2026-09-15,TWT96U,twse,3712,372151,,,
2026-09-15,TWT96U,tpex,8440,16627,,,
2026-09-15,TWT96U,twse,3714,3486306,,,
2026-09-15,TWT96U,tpex,8446,12522,,,
2026-09-15,TWT96U,twse,3715,1490408,,,
2026-09-15,TWT96U,tpex,8472,4440,,,
2026-09-15,TWT96U,twse,3716,149073,,,
2026-09-15,TWT96U,tpex,8489,9007,,,
2026-09-15,TWT96U,twse,3717,553798,,,
2026-09-15,TWT96U,tpex,8905,3967,,,
2026-09-15,TWT96U,twse,4104,43523,,,
2026-09-15,TWT96U,tpex,8906,6828,,,
2026-09-15,TWT96U,twse,4106,52776,,,
2026-09-15,TWT96U,tpex,8908,9449,,,
2026-09-15,TWT96U,twse,4119,68979,,,
2026-09-15,TWT96U,tpex,8916,26452,,,
2026-09-15,TWT96U,twse,4133,26676,,,
2026-09-15,TWT96U,tpex,8917,1536,,,
2026-09-15,TWT96U,twse,4137,74105,,,
2026-09-15,TWT96U,tpex,8923,2699,,,
2026-09-15,TWT96U,twse,4142,305742,,,
2026-09-15,TWT96U,tpex,8924,21542,,,
2026-09-15,TWT96U,twse,4148,18673,,,
2026-09-15,TWT96U,tpex,8927,42091,,,
2026-09-15,TWT96U,twse,4155,73753,,,
2026-09-15,TWT96U,tpex,8928,9788,,,
2026-09-15,TWT96U,twse,4164,113006,,,
2026-09-15,TWT96U,tpex,8929,5530,,,
2026-09-15,TWT96U,twse,4190,2973,,,
2026-09-15,TWT96U,tpex,8930,10946,,,
2026-09-15,TWT96U,twse,4306,305442,,,
2026-09-15,TWT96U,tpex,8931,12600,,,
2026-09-15,TWT96U,twse,4414,50848,,,
2026-09-15,TWT96U,tpex,8932,937132,,,
2026-09-15,TWT96U,twse,4426,27480,,,
2026-09-15,TWT96U,tpex,8936,287333,,,
2026-09-15,TWT96U,twse,4438,30783,,,
2026-09-15,TWT96U,tpex,8938,31195,,,
2026-09-15,TWT96U,twse,4439,13444,,,
2026-09-15,TWT96U,tpex,8941,1971,,,
2026-09-15,TWT96U,twse,4440,28216,,,
2026-09-15,TWT96U,tpex,8942,81124,,,
2026-09-15,TWT96U,twse,4441,29992,,,
2026-09-15,TWT96U,tpex,9949,37777,,,
2026-09-15,TWT96U,twse,4526,656055,,,
2026-09-15,TWT96U,tpex,9951,18444,,,
2026-09-15,TWT96U,twse,4532,191890,,,
2026-09-15,TWT96U,tpex,9960,11961,,,
2026-09-15,TWT96U,twse,4536,59184,,,
2026-09-15,TWT96U,tpex,9962,16446,,,
2026-09-15,TWT96U,twse,4540,995653,,,
2026-09-15,TWT96U,tpex,_,,,,
2026-09-15,TWT96U,twse,4545,23122,,,
2026-09-15,TWT96U,tpex,_,,,,
2026-09-15,TWT96U,twse,4551,367026,,,
2026-09-15,TWT96U,tpex,_,,,,
2026-09-15,TWT96U,twse,4552,39259,,,
2026-09-15,TWT96U,tpex,_,,,,
2026-09-15,TWT96U,twse,4555,73834,,,
2026-09-15,TWT96U,tpex,_,,,,
2026-09-15,TWT96U,twse,4557,21705,,,
2026-09-15,TWT96U,tpex,_,,,,
2026-09-15,TWT96U,twse,4560,111460,,,
2026-09-15,TWT96U,tpex,_,,,,
2026-09-15,TWT96U,twse,4562,76782,,,
2026-09-15,TWT96U,tpex,_,,,,
2026-09-15,TWT96U,twse,4564,300803,,,
2026-09-15,TWT96U,tpex,_,,,,
2026-09-15,TWT96U,twse,4566,706007,,,
2026-09-15,TWT96U,tpex,_,,,,
2026-09-15,TWT96U,twse,4569,31444,,,
2026-09-15,TWT96U,tpex,_,,,,
2026-09-15,TWT96U,twse,4571,70378,,,
2026-09-15,TWT96U,tpex,_,,,,
2026-09-15,TWT96U,twse,4572,5552,,,
2026-09-15,TWT96U,tpex,_,,,,
2026-09-15,TWT96U,twse,4576,962773,,,
2026-09-15,TWT96U,tpex,_,,,,
2026-09-15,TWT96U,twse,4581,3696,,,
2026-09-15,TWT96U,tpex,_,,,,
2026-09-15,TWT96U,twse,4583,40918,,,
2026-09-15,TWT96U,tpex,_,,,,
2026-09-15,TWT96U,twse,4585,91219,,,
2026-09-15,TWT96U,tpex,_,,,,
2026-09-15,TWT96U,twse,4588,11035,,,
2026-09-15,TWT96U,tpex,_,,,,
2026-09-15,TWT96U,twse,4590,134175,,,
2026-09-15,TWT96U,tpex,_,,,,
2026-09-15,TWT96U,twse,4720,203052,,,
2026-09-15,TWT96U,tpex,_,,,,
2026-09-15,TWT96U,twse,4722,283148,,,
2026-09-15,TWT96U,tpex,_,,,,
2026-09-15,TWT96U,twse,4736,112683,,,
2026-09-15,TWT96U,tpex,_,,,,
2026-09-15,TWT96U,twse,4737,20391,,,
2026-09-15,TWT96U,tpex,_,,,,
2026-09-15,TWT96U,twse,4739,474752,,,
2026-09-15,TWT96U,tpex,_,,,,
2026-09-15,TWT96U,twse,4746,210196,,,
2026-09-15,TWT96U,tpex,_,,,,
2026-09-15,TWT96U,twse,4755,63194,,,
2026-09-15,TWT96U,tpex,_,,,,
2026-09-15,TWT96U,twse,4763,2555192,,,
2026-09-15,TWT96U,tpex,_,,,,
2026-09-15,TWT96U,twse,4764,453194,,,
2026-09-15,TWT96U,tpex,_,,,,
2026-09-15,TWT96U,twse,4766,61397,,,
2026-09-15,TWT96U,tpex,_,,,,
2026-09-15,TWT96U,twse,4770,138020,,,
2026-09-15,TWT96U,tpex,_,,,,
2026-09-15,TWT96U,twse,4771,71976,,,
2026-09-15,TWT96U,tpex,_,,,,
2026-09-15,TWT96U,twse,4807,55735,,,
2026-09-15,TWT96U,tpex,_,,,,
2026-09-15,TWT96U,twse,4904,1673533,,,
2026-09-15,TWT96U,tpex,_,,,,
2026-09-15,TWT96U,twse,4906,1635770,,,
2026-09-15,TWT96U,tpex,_,,,,
2026-09-15,TWT96U,twse,4912,195822,,,
2026-09-15,TWT96U,tpex,_,,,,
2026-09-15,TWT96U,twse,4915,841272,,,
2026-09-15,TWT96U,tpex,_,,,,
2026-09-15,TWT96U,twse,4916,917076,,,
2026-09-15,TWT96U,tpex,_,,,,
2026-09-15,TWT96U,twse,4919,1097826,,,
2026-09-15,TWT96U,tpex,_,,,,
2026-09-15,TWT96U,twse,4927,1211791,,,
2026-09-15,TWT96U,tpex,_,,,,
2026-09-15,TWT96U,twse,4930,9267,,,
2026-09-15,TWT96U,tpex,_,,,,
2026-09-15,TWT96U,twse,4935,25014,,,
2026-09-15,TWT96U,tpex,_,,,,
2026-09-15,TWT96U,twse,4938,3741930,,,
2026-09-15,TWT96U,tpex,_,,,,
2026-09-15,TWT96U,twse,4942,28861,,,
2026-09-15,TWT96U,tpex,_,,,,
2026-09-15,TWT96U,twse,4949,249099,,,
2026-09-15,TWT96U,tpex,_,,,,
2026-09-15,TWT96U,twse,4952,131352,,,
2026-09-15,TWT96U,tpex,_,,,,
2026-09-15,TWT96U,twse,4956,786142,,,
2026-09-15,TWT96U,tpex,_,,,,
2026-09-15,TWT96U,twse,4958,10387493,,,
2026-09-15,TWT96U,tpex,_,,,,
2026-09-15,TWT96U,twse,4960,745293,,,
2026-09-15,TWT96U,tpex,_,,,,
2026-09-15,TWT96U,twse,4961,201064,,,
2026-09-15,TWT96U,tpex,_,,,,
2026-09-15,TWT96U,twse,4967,1588328,,,
2026-09-15,TWT96U,tpex,_,,,,
2026-09-15,TWT96U,twse,4968,118357,,,
2026-09-15,TWT96U,tpex,_,,,,
2026-09-15,TWT96U,twse,4976,1253635,,,
2026-09-15,TWT96U,tpex,_,,,,
2026-09-15,TWT96U,twse,4977,1321029,,,
2026-09-15,TWT96U,tpex,_,,,,
2026-09-15,TWT96U,twse,4989,1972118,,,
2026-09-15,TWT96U,tpex,_,,,,
2026-09-15,TWT96U,twse,4994,5664,,,
2026-09-15,TWT96U,tpex,_,,,,
2026-09-15,TWT96U,twse,4999,14584,,,
2026-09-15,TWT96U,tpex,_,,,,
2026-09-15,TWT96U,twse,5007,15492,,,
2026-09-15,TWT96U,tpex,_,,,,
2026-09-15,TWT96U,twse,5203,43812,,,
2026-09-15,TWT96U,tpex,_,,,,
2026-09-15,TWT96U,twse,5215,19237,,,
2026-09-15,TWT96U,tpex,_,,,,
2026-09-15,TWT96U,twse,5222,69564,,,
2026-09-15,TWT96U,tpex,_,,,,
2026-09-15,TWT96U,twse,5225,123633,,,
2026-09-15,TWT96U,tpex,_,,,,
2026-09-15,TWT96U,twse,5234,69001,,,
2026-09-15,TWT96U,tpex,_,,,,
2026-09-15,TWT96U,twse,5236,33388,,,
2026-09-15,TWT96U,tpex,_,,,,
2026-09-15,TWT96U,twse,5243,305295,,,
2026-09-15,TWT96U,tpex,_,,,,
2026-09-15,TWT96U,twse,5244,42184,,,
2026-09-15,TWT96U,tpex,_,,,,
2026-09-15,TWT96U,twse,5258,127735,,,
2026-09-15,TWT96U,tpex,_,,,,
2026-09-15,TWT96U,twse,5269,164991,,,
2026-09-15,TWT96U,tpex,_,,,,
2026-09-15,TWT96U,twse,5283,36485,,,
2026-09-15,TWT96U,tpex,_,,,,
2026-09-15,TWT96U,twse,5284,136644,,,
2026-09-15,TWT96U,tpex,_,,,,
2026-09-15,TWT96U,twse,5285,328013,,,
2026-09-15,TWT96U,tpex,_,,,,
2026-09-15,TWT96U,twse,5288,39321,,,
2026-09-15,TWT96U,tpex,_,,,,
2026-09-15,TWT96U,twse,5292,78732,,,
2026-09-15,TWT96U,tpex,_,,,,
2026-09-15,TWT96U,twse,5306,44697,,,
2026-09-15,TWT96U,tpex,_,,,,
2026-09-15,TWT96U,twse,5388,1256130,,,
2026-09-15,TWT96U,tpex,_,,,,
2026-09-15,TWT96U,twse,5434,235520,,,
2026-09-15,TWT96U,tpex,_,,,,
2026-09-15,TWT96U,twse,5469,416370,,,
2026-09-15,TWT96U,tpex,_,,,,
2026-09-15,TWT96U,twse,5471,915024,,,
2026-09-15,TWT96U,tpex,_,,,,
2026-09-15,TWT96U,twse,5515,212838,,,
2026-09-15,TWT96U,tpex,_,,,,
2026-09-15,TWT96U,twse,5519,79854,,,
2026-09-15,TWT96U,tpex,_,,,,
2026-09-15,TWT96U,twse,5521,591291,,,
2026-09-15,TWT96U,tpex,_,,,,
2026-09-15,TWT96U,twse,5522,205085,,,
2026-09-15,TWT96U,tpex,_,,,,
2026-09-15,TWT96U,twse,5525,29280,,,
2026-09-15,TWT96U,tpex,_,,,,
2026-09-15,TWT96U,twse,5531,153588,,,
2026-09-15,TWT96U,tpex,_,,,,
2026-09-15,TWT96U,twse,5533,38331,,,
2026-09-15,TWT96U,tpex,_,,,,
2026-09-15,TWT96U,twse,5534,261216,,,
2026-09-15,TWT96U,tpex,_,,,,
2026-09-15,TWT96U,twse,5538,46727,,,
2026-09-15,TWT96U,tpex,_,,,,
2026-09-15,TWT96U,twse,5546,13122,,,
2026-09-15,TWT96U,tpex,_,,,,
2026-09-15,TWT96U,twse,5607,355724,,,
2026-09-15,TWT96U,tpex,_,,,,
2026-09-15,TWT96U,twse,5608,3610092,,,
2026-09-15,TWT96U,tpex,_,,,,
2026-09-15,TWT96U,twse,5706,34699,,,
2026-09-15,TWT96U,tpex,_,,,,
2026-09-15,TWT96U,twse,5871,1899569,,,
2026-09-15,TWT96U,tpex,_,,,,
2026-09-15,TWT96U,twse,5876,2404604,,,
2026-09-15,TWT96U,tpex,_,,,,
2026-09-15,TWT96U,twse,5880,6738021,,,
2026-09-15,TWT96U,tpex,_,,,,
2026-09-15,TWT96U,twse,5906,665,,,
2026-09-15,TWT96U,tpex,_,,,,
2026-09-15,TWT96U,twse,5907,93473,,,
2026-09-15,TWT96U,tpex,_,,,,
2026-09-15,TWT96U,twse,6005,1983607,,,
2026-09-15,TWT96U,tpex,_,,,,
2026-09-15,TWT96U,twse,6024,105277,,,
2026-09-15,TWT96U,tpex,_,,,,
2026-09-15,TWT96U,twse,6108,985701,,,
2026-09-15,TWT96U,tpex,_,,,,
2026-09-15,TWT96U,twse,6112,160426,,,
2026-09-15,TWT96U,tpex,_,,,,
2026-09-15,TWT96U,twse,6115,58498,,,
2026-09-15,TWT96U,tpex,_,,,,
2026-09-15,TWT96U,twse,6116,9919240,,,
2026-09-15,TWT96U,tpex,_,,,,
2026-09-15,TWT96U,twse,6117,52063,,,
2026-09-15,TWT96U,tpex,_,,,,
2026-09-15,TWT96U,twse,6120,488894,,,
2026-09-15,TWT96U,tpex,_,,,,
2026-09-15,TWT96U,twse,6128,27918,,,
2026-09-15,TWT96U,tpex,_,,,,
2026-09-15,TWT96U,twse,6133,293775,,,
2026-09-15,TWT96U,tpex,_,,,,
2026-09-15,TWT96U,twse,6136,58833,,,
2026-09-15,TWT96U,tpex,_,,,,
2026-09-15,TWT96U,twse,6139,799962,,,
2026-09-15,TWT96U,tpex,_,,,,
2026-09-15,TWT96U,twse,6153,883950,,,
2026-09-15,TWT96U,tpex,_,,,,
2026-09-15,TWT96U,twse,6155,690444,,,
2026-09-15,TWT96U,tpex,_,,,,
2026-09-15,TWT96U,twse,6164,114603,,,
2026-09-15,TWT96U,tpex,_,,,,
2026-09-15,TWT96U,twse,6165,149448,,,
2026-09-15,TWT96U,tpex,_,,,,
2026-09-15,TWT96U,twse,6166,754686,,,
2026-09-15,TWT96U,tpex,_,,,,
2026-09-15,TWT96U,twse,6168,1275831,,,
2026-09-15,TWT96U,tpex,_,,,,
2026-09-15,TWT96U,twse,6176,1262473,,,
2026-09-15,TWT96U,tpex,_,,,,
2026-09-15,TWT96U,twse,6177,588319,,,
2026-09-15,TWT96U,tpex,_,,,,
2026-09-15,TWT96U,twse,6183,10120,,,
2026-09-15,TWT96U,tpex,_,,,,
2026-09-15,TWT96U,twse,6184,29035,,,
2026-09-15,TWT96U,tpex,_,,,,
2026-09-15,TWT96U,twse,6189,111291,,,
2026-09-15,TWT96U,tpex,_,,,,
2026-09-15,TWT96U,twse,6191,547516,,,
2026-09-15,TWT96U,tpex,_,,,,
2026-09-15,TWT96U,twse,6192,53791,,,
2026-09-15,TWT96U,tpex,_,,,,
2026-09-15,TWT96U,twse,6196,434264,,,
2026-09-15,TWT96U,tpex,_,,,,
2026-09-15,TWT96U,twse,6197,501919,,,
2026-09-15,TWT96U,tpex,_,,,,
2026-09-15,TWT96U,twse,6201,11352,,,
2026-09-15,TWT96U,tpex,_,,,,
2026-09-15,TWT96U,twse,6202,609951,,,
2026-09-15,TWT96U,tpex,_,,,,
2026-09-15,TWT96U,twse,6205,155171,,,
2026-09-15,TWT96U,tpex,_,,,,
2026-09-15,TWT96U,twse,6206,742033,,,
2026-09-15,TWT96U,tpex,_,,,,
2026-09-15,TWT96U,twse,6209,2869021,,,
2026-09-15,TWT96U,tpex,_,,,,
2026-09-15,TWT96U,twse,6213,5168977,,,
2026-09-15,TWT96U,tpex,_,,,,
2026-09-15,TWT96U,twse,6214,932019,,,
2026-09-15,TWT96U,tpex,_,,,,
2026-09-15,TWT96U,twse,6215,330808,,,
2026-09-15,TWT96U,tpex,_,,,,
2026-09-15,TWT96U,twse,6216,44472,,,
2026-09-15,TWT96U,tpex,_,,,,
2026-09-15,TWT96U,twse,6224,502318,,,
2026-09-15,TWT96U,tpex,_,,,,
2026-09-15,TWT96U,twse,6226,5694544,,,
2026-09-15,TWT96U,tpex,_,,,,
2026-09-15,TWT96U,twse,6230,13975,,,
2026-09-15,TWT96U,tpex,_,,,,
2026-09-15,TWT96U,twse,6235,104393,,,
2026-09-15,TWT96U,tpex,_,,,,
2026-09-15,TWT96U,twse,6239,4621832,,,
2026-09-15,TWT96U,tpex,_,,,,
2026-09-15,TWT96U,twse,6243,495983,,,
2026-09-15,TWT96U,tpex,_,,,,
2026-09-15,TWT96U,twse,6257,2054645,,,
2026-09-15,TWT96U,tpex,_,,,,
2026-09-15,TWT96U,twse,6269,2504937,,,
2026-09-15,TWT96U,tpex,_,,,,
2026-09-15,TWT96U,twse,6271,1768063,,,
2026-09-15,TWT96U,tpex,_,,,,
2026-09-15,TWT96U,twse,6272,120386,,,
2026-09-15,TWT96U,tpex,_,,,,
2026-09-15,TWT96U,twse,6277,136306,,,
2026-09-15,TWT96U,tpex,_,,,,
2026-09-15,TWT96U,twse,6278,1796516,,,
2026-09-15,TWT96U,tpex,_,,,,
2026-09-15,TWT96U,twse,6281,10935,,,
2026-09-15,TWT96U,tpex,_,,,,
2026-09-15,TWT96U,twse,6282,2356301,,,
2026-09-15,TWT96U,tpex,_,,,,
2026-09-15,TWT96U,twse,6283,28531,,,
2026-09-15,TWT96U,tpex,_,,,,
2026-09-15,TWT96U,twse,6285,1543724,,,
2026-09-15,TWT96U,tpex,_,,,,
2026-09-15,TWT96U,twse,6405,159883,,,
2026-09-15,TWT96U,tpex,_,,,,
2026-09-15,TWT96U,twse,6409,147703,,,
2026-09-15,TWT96U,tpex,_,,,,
2026-09-15,TWT96U,twse,6412,229993,,,
2026-09-15,TWT96U,tpex,_,,,,
2026-09-15,TWT96U,twse,6414,594524,,,
2026-09-15,TWT96U,tpex,_,,,,
2026-09-15,TWT96U,twse,6415,1147788,,,
2026-09-15,TWT96U,tpex,_,,,,
2026-09-15,TWT96U,twse,6416,246368,,,
2026-09-15,TWT96U,tpex,_,,,,
2026-09-15,TWT96U,twse,6426,821919,,,
2026-09-15,TWT96U,tpex,_,,,,
2026-09-15,TWT96U,twse,6438,116426,,,
2026-09-15,TWT96U,tpex,_,,,,
2026-09-15,TWT96U,twse,6442,929915,,,
2026-09-15,TWT96U,tpex,_,,,,
2026-09-15,TWT96U,twse,6443,1152511,,,
2026-09-15,TWT96U,tpex,_,,,,
2026-09-15,TWT96U,twse,6446,1275215,,,
2026-09-15,TWT96U,tpex,_,,,,
2026-09-15,TWT96U,twse,6449,414544,,,
2026-09-15,TWT96U,tpex,_,,,,
2026-09-15,TWT96U,twse,6451,1443947,,,
2026-09-15,TWT96U,tpex,_,,,,
2026-09-15,TWT96U,twse,6456,1148853,,,
2026-09-15,TWT96U,tpex,_,,,,
2026-09-15,TWT96U,twse,6464,32878,,,
2026-09-15,TWT96U,tpex,_,,,,
2026-09-15,TWT96U,twse,6472,306190,,,
2026-09-15,TWT96U,tpex,_,,,,
2026-09-15,TWT96U,twse,6477,622462,,,
2026-09-15,TWT96U,tpex,_,,,,
2026-09-15,TWT96U,twse,6491,137884,,,
2026-09-15,TWT96U,tpex,_,,,,
2026-09-15,TWT96U,twse,6504,11021,,,
2026-09-15,TWT96U,tpex,_,,,,
2026-09-15,TWT96U,twse,6505,7413371,,,
2026-09-15,TWT96U,tpex,_,,,,
2026-09-15,TWT96U,twse,6515,146474,,,
2026-09-15,TWT96U,tpex,_,,,,
2026-09-15,TWT96U,twse,6525,543229,,,
2026-09-15,TWT96U,tpex,_,,,,
2026-09-15,TWT96U,twse,6526,161285,,,
2026-09-15,TWT96U,tpex,_,,,,
2026-09-15,TWT96U,twse,6531,997521,,,
2026-09-15,TWT96U,tpex,_,,,,
2026-09-15,TWT96U,twse,6533,506807,,,
2026-09-15,TWT96U,tpex,_,,,,
2026-09-15,TWT96U,twse,6534,24200,,,
2026-09-15,TWT96U,tpex,_,,,,
2026-09-15,TWT96U,twse,6541,105403,,,
2026-09-15,TWT96U,tpex,_,,,,
2026-09-15,TWT96U,twse,6552,25507,,,
2026-09-15,TWT96U,tpex,_,,,,
2026-09-15,TWT96U,twse,6558,54743,,,
2026-09-15,TWT96U,tpex,_,,,,
2026-09-15,TWT96U,twse,6579,182421,,,
2026-09-15,TWT96U,tpex,_,,,,
2026-09-15,TWT96U,twse,6581,6068,,,
2026-09-15,TWT96U,tpex,_,,,,
2026-09-15,TWT96U,twse,6582,11922,,,
2026-09-15,TWT96U,tpex,_,,,,
2026-09-15,TWT96U,twse,6585,86337,,,
2026-09-15,TWT96U,tpex,_,,,,
2026-09-15,TWT96U,twse,6589,193696,,,
2026-09-15,TWT96U,tpex,_,,,,
2026-09-15,TWT96U,twse,6591,33055,,,
2026-09-15,TWT96U,tpex,_,,,,
2026-09-15,TWT96U,twse,6592,118197,,,
2026-09-15,TWT96U,tpex,_,,,,
2026-09-15,TWT96U,twse,6605,108950,,,
2026-09-15,TWT96U,tpex,_,,,,
2026-09-15,TWT96U,twse,6606,37109,,,
2026-09-15,TWT96U,tpex,_,,,,
2026-09-15,TWT96U,twse,6614,10071,,,
2026-09-15,TWT96U,tpex,_,,,,
2026-09-15,TWT96U,twse,6625,26417,,,
2026-09-15,TWT96U,tpex,_,,,,
2026-09-15,TWT96U,twse,6641,12615,,,
2026-09-15,TWT96U,tpex,_,,,,
2026-09-15,TWT96U,twse,6655,2055,,,
2026-09-15,TWT96U,tpex,_,,,,
2026-09-15,TWT96U,twse,6657,50199,,,
2026-09-15,TWT96U,tpex,_,,,,
2026-09-15,TWT96U,twse,6658,104735,,,
2026-09-15,TWT96U,tpex,_,,,,
2026-09-15,TWT96U,twse,6666,12253,,,
2026-09-15,TWT96U,tpex,_,,,,
2026-09-15,TWT96U,twse,6668,483070,,,
2026-09-15,TWT96U,tpex,_,,,,
2026-09-15,TWT96U,twse,6669,788433,,,
2026-09-15,TWT96U,tpex,_,,,,
2026-09-15,TWT96U,twse,6670,66979,,,
2026-09-15,TWT96U,tpex,_,,,,
2026-09-15,TWT96U,twse,6671,12240,,,
2026-09-15,TWT96U,tpex,_,,,,
2026-09-15,TWT96U,twse,6672,1461938,,,
2026-09-15,TWT96U,tpex,_,,,,
2026-09-15,TWT96U,twse,6674,14611,,,
2026-09-15,TWT96U,tpex,_,,,,
2026-09-15,TWT96U,twse,6689,36849,,,
2026-09-15,TWT96U,tpex,_,,,,
2026-09-15,TWT96U,twse,6691,198011,,,
2026-09-15,TWT96U,tpex,_,,,,
2026-09-15,TWT96U,twse,6695,123113,,,
2026-09-15,TWT96U,tpex,_,,,,
2026-09-15,TWT96U,twse,6698,41603,,,
2026-09-15,TWT96U,tpex,_,,,,
2026-09-15,TWT96U,twse,6706,550807,,,
2026-09-15,TWT96U,tpex,_,,,,
2026-09-15,TWT96U,twse,6715,339786,,,
2026-09-15,TWT96U,tpex,_,,,,
2026-09-15,TWT96U,twse,6719,242441,,,
2026-09-15,TWT96U,tpex,_,,,,
2026-09-15,TWT96U,twse,6722,7895,,,
2026-09-15,TWT96U,tpex,_,,,,
2026-09-15,TWT96U,twse,6742,117836,,,
2026-09-15,TWT96U,tpex,_,,,,
2026-09-15,TWT96U,twse,6743,89494,,,
2026-09-15,TWT96U,tpex,_,,,,
2026-09-15,TWT96U,twse,6753,547521,,,
2026-09-15,TWT96U,tpex,_,,,,
2026-09-15,TWT96U,twse,6754,2821,,,
2026-09-15,TWT96U,tpex,_,,,,
2026-09-15,TWT96U,twse,6756,43708,,,
2026-09-15,TWT96U,tpex,_,,,,
2026-09-15,TWT96U,twse,6757,299835,,,
2026-09-15,TWT96U,tpex,_,,,,
2026-09-15,TWT96U,twse,6768,163073,,,
2026-09-15,TWT96U,tpex,_,,,,
2026-09-15,TWT96U,twse,6770,61218727,,,
2026-09-15,TWT96U,tpex,_,,,,
2026-09-15,TWT96U,twse,6771,13485,,,
2026-09-15,TWT96U,tpex,_,,,,
2026-09-15,TWT96U,twse,6776,33295,,,
2026-09-15,TWT96U,tpex,_,,,,
2026-09-15,TWT96U,twse,6781,224804,,,
2026-09-15,TWT96U,tpex,_,,,,
2026-09-15,TWT96U,twse,6782,173433,,,
2026-09-15,TWT96U,tpex,_,,,,
2026-09-15,TWT96U,twse,6789,441346,,,
2026-09-15,TWT96U,tpex,_,,,,
2026-09-15,TWT96U,twse,6790,39332,,,
2026-09-15,TWT96U,tpex,_,,,,
2026-09-15,TWT96U,twse,6792,11004,,,
2026-09-15,TWT96U,tpex,_,,,,
2026-09-15,TWT96U,twse,6794,11619,,,
2026-09-15,TWT96U,tpex,_,,,,
2026-09-15,TWT96U,twse,6796,23568,,,
2026-09-15,TWT96U,tpex,_,,,,
2026-09-15,TWT96U,twse,6799,77524,,,
2026-09-15,TWT96U,tpex,_,,,,
2026-09-15,TWT96U,twse,6805,593698,,,
2026-09-15,TWT96U,tpex,_,,,,
2026-09-15,TWT96U,twse,6807,3148,,,
2026-09-15,TWT96U,tpex,_,,,,
2026-09-15,TWT96U,twse,6830,760380,,,
2026-09-15,TWT96U,tpex,_,,,,
2026-09-15,TWT96U,twse,6831,338294,,,
2026-09-15,TWT96U,tpex,_,,,,
2026-09-15,TWT96U,twse,6834,1413841,,,
2026-09-15,TWT96U,tpex,_,,,,
2026-09-15,TWT96U,twse,6835,6445,,,
2026-09-15,TWT96U,tpex,_,,,,
2026-09-15,TWT96U,twse,6854,69835,,,
2026-09-15,TWT96U,tpex,_,,,,
2026-09-15,TWT96U,twse,6861,166038,,,
2026-09-15,TWT96U,tpex,_,,,,
2026-09-15,TWT96U,twse,6862,48982,,,
2026-09-15,TWT96U,tpex,_,,,,
2026-09-15,TWT96U,twse,6863,63991,,,
2026-09-15,TWT96U,tpex,_,,,,
2026-09-15,TWT96U,twse,6869,127304,,,
2026-09-15,TWT96U,tpex,_,,,,
2026-09-15,TWT96U,twse,6873,119954,,,
2026-09-15,TWT96U,tpex,_,,,,
2026-09-15,TWT96U,twse,6885,142237,,,
2026-09-15,TWT96U,tpex,_,,,,
2026-09-15,TWT96U,twse,6887,10460,,,
2026-09-15,TWT96U,tpex,_,,,,
2026-09-15,TWT96U,twse,6890,87480,,,
2026-09-15,TWT96U,tpex,_,,,,
2026-09-15,TWT96U,twse,6901,573730,,,
2026-09-15,TWT96U,tpex,_,,,,
2026-09-15,TWT96U,twse,6902,24863,,,
2026-09-15,TWT96U,tpex,_,,,,
2026-09-15,TWT96U,twse,6906,30084,,,
2026-09-15,TWT96U,tpex,_,,,,
2026-09-15,TWT96U,twse,6909,62708,,,
2026-09-15,TWT96U,tpex,_,,,,
2026-09-15,TWT96U,twse,6914,28459,,,
2026-09-15,TWT96U,tpex,_,,,,
2026-09-15,TWT96U,twse,6916,8495,,,
2026-09-15,TWT96U,tpex,_,,,,
2026-09-15,TWT96U,twse,6918,11199,,,
2026-09-15,TWT96U,tpex,_,,,,
2026-09-15,TWT96U,twse,6919,2856651,,,
2026-09-15,TWT96U,tpex,_,,,,
2026-09-15,TWT96U,twse,6923,15660,,,
2026-09-15,TWT96U,tpex,_,,,,
2026-09-15,TWT96U,twse,6928,26859,,,
2026-09-15,TWT96U,tpex,_,,,,
2026-09-15,TWT96U,twse,6931,25768,,,
2026-09-15,TWT96U,tpex,_,,,,
2026-09-15,TWT96U,twse,6933,257397,,,
2026-09-15,TWT96U,tpex,_,,,,
2026-09-15,TWT96U,twse,6934,8104,,,
2026-09-15,TWT96U,tpex,_,,,,
2026-09-15,TWT96U,twse,6936,7323,,,
2026-09-15,TWT96U,tpex,_,,,,
2026-09-15,TWT96U,twse,6937,139634,,,
2026-09-15,TWT96U,tpex,_,,,,
2026-09-15,TWT96U,twse,6944,99650,,,
2026-09-15,TWT96U,tpex,_,,,,
2026-09-15,TWT96U,twse,6951,6493,,,
2026-09-15,TWT96U,tpex,_,,,,
2026-09-15,TWT96U,twse,6952,5640,,,
2026-09-15,TWT96U,tpex,_,,,,
2026-09-15,TWT96U,twse,6957,25149,,,
2026-09-15,TWT96U,tpex,_,,,,
2026-09-15,TWT96U,twse,6958,11405,,,
2026-09-15,TWT96U,tpex,_,,,,
2026-09-15,TWT96U,twse,6962,683794,,,
2026-09-15,TWT96U,tpex,_,,,,
2026-09-15,TWT96U,twse,6965,7889,,,
2026-09-15,TWT96U,tpex,_,,,,
2026-09-15,TWT96U,twse,6994,165265,,,
2026-09-15,TWT96U,tpex,_,,,,
2026-09-15,TWT96U,twse,7610,186074,,,
2026-09-15,TWT96U,tpex,_,,,,
2026-09-15,TWT96U,twse,7631,23321,,,
2026-09-15,TWT96U,tpex,_,,,,
2026-09-15,TWT96U,twse,7705,14379,,,
2026-09-15,TWT96U,tpex,_,,,,
2026-09-15,TWT96U,twse,7711,441582,,,
2026-09-15,TWT96U,tpex,_,,,,
2026-09-15,TWT96U,twse,7721,17445,,,
2026-09-15,TWT96U,tpex,_,,,,
2026-09-15,TWT96U,twse,7722,26181,,,
2026-09-15,TWT96U,tpex,_,,,,
2026-09-15,TWT96U,twse,7730,32271,,,
2026-09-15,TWT96U,tpex,_,,,,
2026-09-15,TWT96U,twse,7732,7137,,,
2026-09-15,TWT96U,tpex,_,,,,
2026-09-15,TWT96U,twse,7736,4836,,,
2026-09-15,TWT96U,tpex,_,,,,
2026-09-15,TWT96U,twse,7740,59881,,,
2026-09-15,TWT96U,tpex,_,,,,
2026-09-15,TWT96U,twse,7749,59885,,,
2026-09-15,TWT96U,tpex,_,,,,
2026-09-15,TWT96U,twse,7750,124904,,,
2026-09-15,TWT96U,tpex,_,,,,
2026-09-15,TWT96U,twse,7765,13783,,,
2026-09-15,TWT96U,tpex,_,,,,
2026-09-15,TWT96U,twse,7769,222529,,,
2026-09-15,TWT96U,tpex,_,,,,
2026-09-15,TWT96U,twse,7780,216711,,,
2026-09-15,TWT96U,tpex,_,,,,
2026-09-15,TWT96U,twse,7786,53708,,,
2026-09-15,TWT96U,tpex,_,,,,
2026-09-15,TWT96U,twse,7788,754566,,,
2026-09-15,TWT96U,tpex,_,,,,
2026-09-15,TWT96U,twse,7791,13279,,,
2026-09-15,TWT96U,tpex,_,,,,
2026-09-15,TWT96U,twse,7795,451572,,,
2026-09-15,TWT96U,tpex,_,,,,
2026-09-15,TWT96U,twse,7799,99631,,,
2026-09-15,TWT96U,tpex,_,,,,
2026-09-15,TWT96U,twse,7822,54804,,,
2026-09-15,TWT96U,tpex,_,,,,
2026-09-15,TWT96U,twse,7823,8480,,,
2026-09-15,TWT96U,tpex,_,,,,
2026-09-15,TWT96U,twse,8011,112265,,,
2026-09-15,TWT96U,tpex,_,,,,
2026-09-15,TWT96U,twse,8016,277224,,,
2026-09-15,TWT96U,tpex,_,,,,
2026-09-15,TWT96U,twse,8021,1872871,,,
2026-09-15,TWT96U,tpex,_,,,,
2026-09-15,TWT96U,twse,8028,861997,,,
2026-09-15,TWT96U,tpex,_,,,,
2026-09-15,TWT96U,twse,8033,2038017,,,
2026-09-15,TWT96U,tpex,_,,,,
2026-09-15,TWT96U,twse,8039,8626803,,,
2026-09-15,TWT96U,tpex,_,,,,
2026-09-15,TWT96U,twse,8045,46499,,,
2026-09-15,TWT96U,tpex,_,,,,
2026-09-15,TWT96U,twse,8046,3342108,,,
2026-09-15,TWT96U,tpex,_,,,,
2026-09-15,TWT96U,twse,8070,1078974,,,
2026-09-15,TWT96U,tpex,_,,,,
2026-09-15,TWT96U,twse,8072,27202,,,
2026-09-15,TWT96U,tpex,_,,,,
2026-09-15,TWT96U,twse,8081,182363,,,
2026-09-15,TWT96U,tpex,_,,,,
2026-09-15,TWT96U,twse,8103,1224813,,,
2026-09-15,TWT96U,tpex,_,,,,
2026-09-15,TWT96U,twse,8104,82332,,,
2026-09-15,TWT96U,tpex,_,,,,
2026-09-15,TWT96U,twse,8105,1426690,,,
2026-09-15,TWT96U,tpex,_,,,,
2026-09-15,TWT96U,twse,8110,1448357,,,
2026-09-15,TWT96U,tpex,_,,,,
2026-09-15,TWT96U,twse,8112,4399649,,,
2026-09-15,TWT96U,tpex,_,,,,
2026-09-15,TWT96U,twse,8114,206541,,,
2026-09-15,TWT96U,tpex,_,,,,
2026-09-15,TWT96U,twse,8131,903423,,,
2026-09-15,TWT96U,tpex,_,,,,
2026-09-15,TWT96U,twse,8150,9726181,,,
2026-09-15,TWT96U,tpex,_,,,,
2026-09-15,TWT96U,twse,8162,45740,,,
2026-09-15,TWT96U,tpex,_,,,,
2026-09-15,TWT96U,twse,8163,220481,,,
2026-09-15,TWT96U,tpex,_,,,,
2026-09-15,TWT96U,twse,8210,487932,,,
2026-09-15,TWT96U,tpex,_,,,,
2026-09-15,TWT96U,twse,8213,120801,,,
2026-09-15,TWT96U,tpex,_,,,,
2026-09-15,TWT96U,twse,8215,169845,,,
2026-09-15,TWT96U,tpex,_,,,,
2026-09-15,TWT96U,twse,8222,282582,,,
2026-09-15,TWT96U,tpex,_,,,,
2026-09-15,TWT96U,twse,8249,71946,,,
2026-09-15,TWT96U,tpex,_,,,,
2026-09-15,TWT96U,twse,8261,1840097,,,
2026-09-15,TWT96U,tpex,_,,,,
2026-09-15,TWT96U,twse,8271,1470817,,,
2026-09-15,TWT96U,tpex,_,,,,
2026-09-15,TWT96U,twse,8341,46969,,,
2026-09-15,TWT96U,tpex,_,,,,
2026-09-15,TWT96U,twse,8367,6437,,,
2026-09-15,TWT96U,tpex,_,,,,
2026-09-15,TWT96U,twse,8374,156800,,,
2026-09-15,TWT96U,tpex,_,,,,
2026-09-15,TWT96U,twse,8404,92205,,,
2026-09-15,TWT96U,tpex,_,,,,
2026-09-15,TWT96U,twse,8411,23765,,,
2026-09-15,TWT96U,tpex,_,,,,
2026-09-15,TWT96U,twse,8422,1401783,,,
2026-09-15,TWT96U,tpex,_,,,,
2026-09-15,TWT96U,twse,8429,41446,,,
2026-09-15,TWT96U,tpex,_,,,,
2026-09-15,TWT96U,twse,8438,70927,,,
2026-09-15,TWT96U,tpex,_,,,,
2026-09-15,TWT96U,twse,8442,24189,,,
2026-09-15,TWT96U,tpex,_,,,,
2026-09-15,TWT96U,twse,8443,22763,,,
2026-09-15,TWT96U,tpex,_,,,,
2026-09-15,TWT96U,twse,8454,160741,,,
2026-09-15,TWT96U,tpex,_,,,,
2026-09-15,TWT96U,twse,8462,36993,,,
2026-09-15,TWT96U,tpex,_,,,,
2026-09-15,TWT96U,twse,8463,15457,,,
2026-09-15,TWT96U,tpex,_,,,,
2026-09-15,TWT96U,twse,8464,131001,,,
2026-09-15,TWT96U,tpex,_,,,,
2026-09-15,TWT96U,twse,8466,6610,,,
2026-09-15,TWT96U,tpex,_,,,,
2026-09-15,TWT96U,twse,8467,6291,,,
2026-09-15,TWT96U,tpex,_,,,,
2026-09-15,TWT96U,twse,8473,204675,,,
2026-09-15,TWT96U,tpex,_,,,,
2026-09-15,TWT96U,twse,8476,86516,,,
2026-09-15,TWT96U,tpex,_,,,,
2026-09-15,TWT96U,twse,8478,35525,,,
2026-09-15,TWT96U,tpex,_,,,,
2026-09-15,TWT96U,twse,8481,4045,,,
2026-09-15,TWT96U,tpex,_,,,,
2026-09-15,TWT96U,twse,8482,2262,,,
2026-09-15,TWT96U,tpex,_,,,,
2026-09-15,TWT96U,twse,8487,5160,,,
2026-09-15,TWT96U,tpex,_,,,,
2026-09-15,TWT96U,twse,8488,33994,,,
2026-09-15,TWT96U,tpex,_,,,,
2026-09-15,TWT96U,twse,8499,9522,,,
2026-09-15,TWT96U,tpex,_,,,,
2026-09-15,TWT96U,twse,8926,1093038,,,
2026-09-15,TWT96U,tpex,_,,,,
2026-09-15,TWT96U,twse,8940,15925,,,
2026-09-15,TWT96U,tpex,_,,,,
2026-09-15,TWT96U,twse,8996,1194777,,,
2026-09-15,TWT96U,tpex,_,,,,
2026-09-15,TWT96U,twse,9103,206187,,,
2026-09-15,TWT96U,tpex,_,,,,
2026-09-15,TWT96U,twse,9105,5463191,,,
2026-09-15,TWT96U,tpex,_,,,,
2026-09-15,TWT96U,twse,911868,75639,,,
2026-09-15,TWT96U,tpex,_,,,,
2026-09-15,TWT96U,twse,912000,103360,,,
2026-09-15,TWT96U,tpex,_,,,,
2026-09-15,TWT96U,twse,9136,97266,,,
2026-09-15,TWT96U,tpex,_,,,,
2026-09-15,TWT96U,twse,9802,221012,,,
2026-09-15,TWT96U,tpex,_,,,,
2026-09-15,TWT96U,twse,9902,27397,,,
2026-09-15,TWT96U,tpex,_,,,,
2026-09-15,TWT96U,twse,9904,4785594,,,
2026-09-15,TWT96U,tpex,_,,,,
2026-09-15,TWT96U,twse,9905,42557,,,
2026-09-15,TWT96U,tpex,_,,,,
2026-09-15,TWT96U,twse,9906,15498,,,
2026-09-15,TWT96U,tpex,_,,,,
2026-09-15,TWT96U,twse,9907,695073,,,
2026-09-15,TWT96U,tpex,_,,,,
2026-09-15,TWT96U,twse,9908,39101,,,
2026-09-15,TWT96U,tpex,_,,,,
2026-09-15,TWT96U,twse,9910,384287,,,
2026-09-15,TWT96U,tpex,_,,,,
2026-09-15,TWT96U,twse,9911,66456,,,
2026-09-15,TWT96U,tpex,_,,,,
2026-09-15,TWT96U,twse,9914,1040177,,,
2026-09-15,TWT96U,tpex,_,,,,
2026-09-15,TWT96U,twse,9917,94721,,,
2026-09-15,TWT96U,tpex,_,,,,
2026-09-15,TWT96U,twse,9918,7517,,,
2026-09-15,TWT96U,tpex,_,,,,
2026-09-15,TWT96U,twse,9919,63944,,,
2026-09-15,TWT96U,tpex,_,,,,
2026-09-15,TWT96U,twse,9921,1062268,,,
2026-09-15,TWT96U,tpex,_,,,,
2026-09-15,TWT96U,twse,9924,50699,,,
2026-09-15,TWT96U,tpex,_,,,,
2026-09-15,TWT96U,twse,9925,299447,,,
2026-09-15,TWT96U,tpex,_,,,,
2026-09-15,TWT96U,twse,9926,4454,,,
2026-09-15,TWT96U,tpex,_,,,,
2026-09-15,TWT96U,twse,9927,25633,,,
2026-09-15,TWT96U,tpex,_,,,,
2026-09-15,TWT96U,twse,9928,14291,,,
2026-09-15,TWT96U,tpex,_,,,,
2026-09-15,TWT96U,twse,9930,28934,,,
2026-09-15,TWT96U,tpex,_,,,,
2026-09-15,TWT96U,twse,9931,5956,,,
2026-09-15,TWT96U,tpex,_,,,,
2026-09-15,TWT96U,twse,9933,732107,,,
2026-09-15,TWT96U,tpex,_,,,,
2026-09-15,TWT96U,twse,9934,457580,,,
2026-09-15,TWT96U,tpex,_,,,,
2026-09-15,TWT96U,twse,9935,123087,,,
2026-09-15,TWT96U,tpex,_,,,,
2026-09-15,TWT96U,twse,9937,8850,,,
2026-09-15,TWT96U,tpex,_,,,,
2026-09-15,TWT96U,twse,9938,360738,,,
2026-09-15,TWT96U,tpex,_,,,,
2026-09-15,TWT96U,twse,9939,383034,,,
2026-09-15,TWT96U,tpex,_,,,,
2026-09-15,TWT96U,twse,9940,99921,,,
2026-09-15,TWT96U,tpex,_,,,,
2026-09-15,TWT96U,twse,9941,376359,,,
2026-09-15,TWT96U,tpex,_,,,,
2026-09-15,TWT96U,twse,9942,24788,,,
2026-09-15,TWT96U,tpex,_,,,,
2026-09-15,TWT96U,twse,9943,22731,,,
2026-09-15,TWT96U,tpex,_,,,,
2026-09-15,TWT96U,twse,9944,10389,,,
2026-09-15,TWT96U,tpex,_,,,,
2026-09-15,TWT96U,twse,9945,2126816,,,
2026-09-15,TWT96U,tpex,_,,,,
2026-09-15,TWT96U,twse,9946,99362,,,
2026-09-15,TWT96U,tpex,_,,,,
2026-09-15,TWT96U,twse,9955,85550,,,
2026-09-15,TWT96U,tpex,_,,,,
2026-09-15,TWT96U,twse,9958,590799,,,
2026-09-15,TWT96U,tpex,_,,,,
2026-09-15,TWT92U,twse,00400A,,,,
2026-09-15,TWT92U,twse,00401A,,,,
2026-09-15,TWT92U,twse,00402A,,,,
2026-09-15,TWT92U,twse,00403A,,,,
2026-09-15,TWT92U,twse,00404A,,Y,,
2026-09-15,TWT92U,twse,00405A,,,,
2026-09-15,TWT92U,twse,00406A,,,,
2026-09-15,TWT92U,twse,00407A,,,,
2026-09-15,TWT92U,twse,00408A,,,,
2026-09-15,TWT92U,twse,00409A,,,,
2026-09-15,TWT92U,twse,00410A,,,,
2026-09-15,TWT92U,twse,0050,,,,
2026-09-15,TWT92U,twse,0051,,,,
2026-09-15,TWT92U,twse,0052,,,,
2026-09-15,TWT92U,twse,0053,,,,
2026-09-15,TWT92U,twse,0055,,,,
2026-09-15,TWT92U,twse,0056,,,,
2026-09-15,TWT92U,twse,0057,,,,
2026-09-15,TWT92U,twse,0061,,,,
2026-09-15,TWT92U,twse,006203,,,,
2026-09-15,TWT92U,twse,006204,,,,
2026-09-15,TWT92U,twse,006205,,,,
2026-09-15,TWT92U,twse,006206,,,,
2026-09-15,TWT92U,twse,006207,,,,
2026-09-15,TWT92U,twse,006208,,,,
2026-09-15,TWT92U,twse,00631L,,,,
2026-09-15,TWT92U,twse,00632R,,,,
2026-09-15,TWT92U,twse,00633L,,,,
2026-09-15,TWT92U,twse,00634R,,,,
2026-09-15,TWT92U,twse,00635U,,,,
2026-09-15,TWT92U,twse,00636,,,,
2026-09-15,TWT92U,twse,00637L,,,,
2026-09-15,TWT92U,twse,00638R,,,,
2026-09-15,TWT92U,twse,00639,,,,
2026-09-15,TWT92U,twse,00640L,,,,
2026-09-15,TWT92U,twse,00641R,,,,
2026-09-15,TWT92U,twse,00642U,,,,
2026-09-15,TWT92U,twse,00643,,,,
2026-09-15,TWT92U,twse,00645,,,,
2026-09-15,TWT92U,twse,00646,,,,
2026-09-15,TWT92U,twse,00647L,,,,
2026-09-15,TWT92U,twse,00648R,,,,
2026-09-15,TWT92U,twse,00650L,,,,
2026-09-15,TWT92U,twse,00651R,,,,
2026-09-15,TWT92U,twse,00652,,,,
2026-09-15,TWT92U,twse,00653L,,,Y,
2026-09-15,TWT92U,twse,00654R,,,,
2026-09-15,TWT92U,twse,00655L,,,,
2026-09-15,TWT92U,twse,00656R,,,,
2026-09-15,TWT92U,twse,00657,,,,
2026-09-15,TWT92U,twse,00660,,,,
2026-09-15,TWT92U,twse,00661,,,,
2026-09-15,TWT92U,twse,00662,,,,
2026-09-15,TWT92U,twse,00663L,,,,
2026-09-15,TWT92U,twse,00664R,,,,
2026-09-15,TWT92U,twse,00665L,,,,
2026-09-15,TWT92U,twse,00666R,,,,
2026-09-15,TWT92U,twse,00668,,,,
2026-09-15,TWT92U,twse,00669R,,,,
2026-09-15,TWT92U,twse,00670L,,,,
2026-09-15,TWT92U,twse,00671R,,,,
2026-09-15,TWT92U,twse,00673R,,,,
2026-09-15,TWT92U,twse,00674R,,,,
2026-09-15,TWT92U,twse,00675L,,,,
2026-09-15,TWT92U,twse,00676R,,,,
2026-09-15,TWT92U,twse,00678,,,,
2026-09-15,TWT92U,twse,00680L,,,,
2026-09-15,TWT92U,twse,00681R,,,,
2026-09-15,TWT92U,twse,00682U,,,,
2026-09-15,TWT92U,twse,00683L,,,,
2026-09-15,TWT92U,twse,00684R,,,,
2026-09-15,TWT92U,twse,00685L,,,,
2026-09-15,TWT92U,twse,00686R,,,,
2026-09-15,TWT92U,twse,00688L,,,,
2026-09-15,TWT92U,twse,00689R,,,,
2026-09-15,TWT92U,twse,00690,,,,
2026-09-15,TWT92U,twse,00692,,,,
2026-09-15,TWT92U,twse,00693U,,,,
2026-09-15,TWT92U,twse,00700,,,,
2026-09-15,TWT92U,twse,00701,,,,
2026-09-15,TWT92U,twse,00702,,,,
2026-09-15,TWT92U,twse,00703,,,,
2026-09-15,TWT92U,twse,00706L,,,,
2026-09-15,TWT92U,twse,00707R,,Y,,
2026-09-15,TWT92U,twse,00708L,,,,
2026-09-15,TWT92U,twse,00709,,,,
2026-09-15,TWT92U,twse,00710B,,Y,,
2026-09-15,TWT92U,twse,00711B,,Y,,
2026-09-15,TWT92U,twse,00712,,Y,,
2026-09-15,TWT92U,twse,00713,,Y,,
2026-09-15,TWT92U,twse,00714,,,,
2026-09-15,TWT92U,twse,00715L,,Y,,
2026-09-15,TWT92U,twse,00717,,,,
2026-09-15,TWT92U,twse,00728,,Y,,
2026-09-15,TWT92U,twse,00730,,Y,,
2026-09-15,TWT92U,twse,00731,,,,
2026-09-15,TWT92U,twse,00733,,,,
2026-09-15,TWT92U,twse,00735,,,,
2026-09-15,TWT92U,twse,00736,,,,
2026-09-15,TWT92U,twse,00737,,,,
2026-09-15,TWT92U,twse,00738U,,,,
2026-09-15,TWT92U,twse,00739,,,,
2026-09-15,TWT92U,twse,00752,,,,
2026-09-15,TWT92U,twse,00753L,,,,
2026-09-15,TWT92U,twse,00757,,,,
2026-09-15,TWT92U,twse,00762,,,,
2026-09-15,TWT92U,twse,00763U,,,,
2026-09-15,TWT92U,twse,00770,,Y,,
2026-09-15,TWT92U,twse,00771,,,,
2026-09-15,TWT92U,twse,00775B,,Y,,
2026-09-15,TWT92U,twse,00783,,,,
2026-09-15,TWT92U,twse,00830,,,,
2026-09-15,TWT92U,twse,00850,,,,
2026-09-15,TWT92U,twse,00851,,,,
2026-09-15,TWT92U,twse,00852L,,,,
2026-09-15,TWT92U,twse,00861,,,,
2026-09-15,TWT92U,twse,00865B,,,,
2026-09-15,TWT92U,twse,00875,,,,
2026-09-15,TWT92U,twse,00876,,,,
2026-09-15,TWT92U,twse,00878,,,,
2026-09-15,TWT92U,twse,00881,,,,
2026-09-15,TWT92U,twse,00882,,,,
2026-09-15,TWT92U,twse,00885,,,,
2026-09-15,TWT92U,twse,00891,,,,
2026-09-15,TWT92U,twse,00892,,,,
2026-09-15,TWT92U,twse,00893,,,,
2026-09-15,TWT92U,twse,00894,,,,
2026-09-15,TWT92U,twse,00895,,,,
2026-09-15,TWT92U,twse,00896,,Y,,
2026-09-15,TWT92U,twse,00897,,,,
2026-09-15,TWT92U,twse,00898,,,,
2026-09-15,TWT92U,twse,00899,,,,
2026-09-15,TWT92U,twse,00900,,Y,,
2026-09-15,TWT92U,twse,00901,,,,
2026-09-15,TWT92U,twse,00902,,,,
2026-09-15,TWT92U,twse,00903,,,,
2026-09-15,TWT92U,twse,00904,,,,
2026-09-15,TWT92U,twse,00905,,,,
2026-09-15,TWT92U,twse,00907,,,,
2026-09-15,TWT92U,twse,00908,,,,
2026-09-15,TWT92U,twse,00909,,,,
2026-09-15,TWT92U,twse,00910,,,,
2026-09-15,TWT92U,twse,00911,,,,
2026-09-15,TWT92U,twse,00912,,,,
2026-09-15,TWT92U,twse,00913,,,,
2026-09-15,TWT92U,twse,00915,,Y,,
2026-09-15,TWT92U,twse,00916,,,,
2026-09-15,TWT92U,twse,00917,,,,
2026-09-15,TWT92U,twse,00918,,Y,,
2026-09-15,TWT92U,twse,00919,,Y,,
2026-09-15,TWT92U,twse,00920,,,,
2026-09-15,TWT92U,twse,00921,,Y,,
2026-09-15,TWT92U,twse,00922,,,,
2026-09-15,TWT92U,twse,00923,,,,
2026-09-15,TWT92U,twse,00924,,,,
2026-09-15,TWT92U,twse,00926,,,,
2026-09-15,TWT92U,twse,00927,,,,
2026-09-15,TWT92U,twse,00929,,Y,,
2026-09-15,TWT92U,twse,00930,,,,
2026-09-15,TWT92U,twse,00932,,,,
2026-09-15,TWT92U,twse,00934,,Y,,
2026-09-15,TWT92U,twse,00935,,Y,,
2026-09-15,TWT92U,twse,00936,,,,
2026-09-15,TWT92U,twse,00938,,,,
2026-09-15,TWT92U,twse,00939,,,,
2026-09-15,TWT92U,twse,00940,,,,
2026-09-15,TWT92U,twse,00941,,,,
2026-09-15,TWT92U,twse,00943,,Y,,
2026-09-15,TWT92U,twse,00944,,Y,,
2026-09-15,TWT92U,twse,00945B,,Y,,
2026-09-15,TWT92U,twse,00946,,,,
2026-09-15,TWT92U,twse,00947,,,,
2026-09-15,TWT92U,twse,00949,,,,
2026-09-15,TWT92U,twse,00951,,,,
2026-09-15,TWT92U,twse,00952,,Y,,
2026-09-15,TWT92U,twse,00953B,,,,
2026-09-15,TWT92U,twse,00954,,,,
2026-09-15,TWT92U,twse,00956,,,,
2026-09-15,TWT92U,twse,00960,,,,
2026-09-15,TWT92U,twse,00961,,Y,,
2026-09-15,TWT92U,twse,00962,,,,
2026-09-15,TWT92U,twse,00963,,Y,,
2026-09-15,TWT92U,twse,00964,,Y,,
2026-09-15,TWT92U,twse,00965,,,,
2026-09-15,TWT92U,twse,00971,,,,
2026-09-15,TWT92U,twse,00972,,Y,,
2026-09-15,TWT92U,twse,009800,,,,
2026-09-15,TWT92U,twse,009801,,,,
2026-09-15,TWT92U,twse,009802,,Y,,
2026-09-15,TWT92U,twse,009803,,,,
2026-09-15,TWT92U,twse,009804,,,,
2026-09-15,TWT92U,twse,009805,,,,
2026-09-15,TWT92U,twse,009808,,,,
2026-09-15,TWT92U,twse,009809,,Y,,
2026-09-15,TWT92U,twse,00980A,,,,
2026-09-15,TWT92U,twse,009810,,,,
2026-09-15,TWT92U,twse,009811,,,,
2026-09-15,TWT92U,twse,009812,,,,
2026-09-15,TWT92U,twse,009813,,,,
2026-09-15,TWT92U,twse,009816,,,,
2026-09-15,TWT92U,twse,009817,,,,
2026-09-15,TWT92U,twse,009818,,,,
2026-09-15,TWT92U,twse,009819,,,,
2026-09-15,TWT92U,twse,00981A,,Y,,
2026-09-15,TWT92U,twse,00981T,,Y,,
2026-09-15,TWT92U,twse,009820,,,,
2026-09-15,TWT92U,twse,009821,,,,
2026-09-15,TWT92U,twse,009824,,,,
2026-09-15,TWT92U,twse,009826,,,,
2026-09-15,TWT92U,twse,009827,,,,
2026-09-15,TWT92U,twse,009828,,,,
2026-09-15,TWT92U,twse,009829,,,,
2026-09-15,TWT92U,twse,00982A,,,,
2026-09-15,TWT92U,twse,00982D,,Y,,
2026-09-15,TWT92U,twse,00982T,,Y,,
2026-09-15,TWT92U,twse,00983A,,,,
2026-09-15,TWT92U,twse,00983D,,Y,,
2026-09-15,TWT92U,twse,00984A,,,,
2026-09-15,TWT92U,twse,00984D,,,,
2026-09-15,TWT92U,twse,00985A,,,,
2026-09-15,TWT92U,twse,00985B,,,,
2026-09-15,TWT92U,twse,00986A,,,,
2026-09-15,TWT92U,twse,00987A,,,,
2026-09-15,TWT92U,twse,00988A,,,,
2026-09-15,TWT92U,twse,00989A,,,,
2026-09-15,TWT92U,twse,00990A,,,,
2026-09-15,TWT92U,twse,00991A,,,,
2026-09-15,TWT92U,twse,00991B,,,,
2026-09-15,TWT92U,twse,00992A,,,,
2026-09-15,TWT92U,twse,00993A,,,,
2026-09-15,TWT92U,twse,00994A,,Y,,
2026-09-15,TWT92U,twse,00995A,,,,
2026-09-15,TWT92U,twse,00996A,,,,
2026-09-15,TWT92U,twse,00997A,,,,
2026-09-15,TWT92U,twse,00999A,,Y,,
2026-09-15,TWT92U,twse,1101,,,,
2026-09-15,TWT92U,twse,1102,,,,
2026-09-15,TWT92U,twse,1103,,,,
2026-09-15,TWT92U,twse,1104,,,,
2026-09-15,TWT92U,twse,1108,,,,
2026-09-15,TWT92U,twse,1109,,,,
2026-09-15,TWT92U,twse,1110,,,,
2026-09-15,TWT92U,twse,1201,,,,
2026-09-15,TWT92U,twse,1203,,,,
2026-09-15,TWT92U,twse,1210,,,,
2026-09-15,TWT92U,twse,1215,,,,
2026-09-15,TWT92U,twse,1216,,,,
2026-09-15,TWT92U,twse,1217,,,,
2026-09-15,TWT92U,twse,1218,,,,
2026-09-15,TWT92U,twse,1219,,,,
2026-09-15,TWT92U,twse,1220,,,,
2026-09-15,TWT92U,twse,1225,,,,
2026-09-15,TWT92U,twse,1227,,,,
2026-09-15,TWT92U,twse,1229,,,,
2026-09-15,TWT92U,twse,1231,,,,
2026-09-15,TWT92U,twse,1232,,,,
2026-09-15,TWT92U,twse,1233,,,,
2026-09-15,TWT92U,twse,1234,,,,
2026-09-15,TWT92U,twse,1235,,,,
2026-09-15,TWT92U,twse,1236,,,,
2026-09-15,TWT92U,twse,1256,,,,
2026-09-15,TWT92U,twse,1301,,,,
2026-09-15,TWT92U,twse,1303,,,,
2026-09-15,TWT92U,twse,1304,,,,
2026-09-15,TWT92U,twse,1305,,,,
2026-09-15,TWT92U,twse,1307,,,,
2026-09-15,TWT92U,twse,1308,,,,
2026-09-15,TWT92U,twse,1309,,,,
2026-09-15,TWT92U,twse,1310,,,,
2026-09-15,TWT92U,twse,1312,,,,
2026-09-15,TWT92U,twse,1313,,,,
2026-09-15,TWT92U,twse,1314,,,,
2026-09-15,TWT92U,twse,1315,,,,
2026-09-15,TWT92U,twse,1316,,,,
2026-09-15,TWT92U,twse,1319,,,,
2026-09-15,TWT92U,twse,1321,,,,
2026-09-15,TWT92U,twse,1323,,,,
2026-09-15,TWT92U,twse,1324,,,,
2026-09-15,TWT92U,twse,1325,,,,
2026-09-15,TWT92U,twse,1326,,,,
2026-09-15,TWT92U,twse,1337,,,,
2026-09-15,TWT92U,twse,1338,,,,
2026-09-15,TWT92U,twse,1339,,,,
2026-09-15,TWT92U,twse,1340,,,,
2026-09-15,TWT92U,twse,1342,,,,
2026-09-15,TWT92U,twse,1402,,,,
2026-09-15,TWT92U,twse,1409,,,,
2026-09-15,TWT92U,twse,1410,,,,
2026-09-15,TWT92U,twse,1414,,,,
2026-09-15,TWT92U,twse,1416,,,,
2026-09-15,TWT92U,twse,1417,,,,
2026-09-15,TWT92U,twse,1418,,,,
2026-09-15,TWT92U,twse,1419,,,,
2026-09-15,TWT92U,twse,1423,,,,
2026-09-15,TWT92U,twse,1432,,,,
2026-09-15,TWT92U,twse,1434,,,,
2026-09-15,TWT92U,twse,1436,,,,
2026-09-15,TWT92U,twse,1437,,,,
2026-09-15,TWT92U,twse,1438,,,,
2026-09-15,TWT92U,twse,1439,,,,
2026-09-15,TWT92U,twse,1440,,,,
2026-09-15,TWT92U,twse,1442,,,,
2026-09-15,TWT92U,twse,1443,,,,
2026-09-15,TWT92U,twse,1444,,,,
2026-09-15,TWT92U,twse,1445,,,,
2026-09-15,TWT92U,twse,1446,,,,
2026-09-15,TWT92U,twse,1449,,,,
2026-09-15,TWT92U,twse,1451,,,,
2026-09-15,TWT92U,twse,1452,,,,
2026-09-15,TWT92U,twse,1453,,,,
2026-09-15,TWT92U,twse,1454,,,,
2026-09-15,TWT92U,twse,1455,,,,
2026-09-15,TWT92U,twse,1456,,,,
2026-09-15,TWT92U,twse,1457,,,,
2026-09-15,TWT92U,twse,1459,,,,
2026-09-15,TWT92U,twse,1463,,,,
2026-09-15,TWT92U,twse,1464,,,,
2026-09-15,TWT92U,twse,1465,,,,
2026-09-15,TWT92U,twse,1466,,,,
2026-09-15,TWT92U,twse,1467,,,,
2026-09-15,TWT92U,twse,1470,,,,
2026-09-15,TWT92U,twse,1472,,,,
2026-09-15,TWT92U,twse,1473,,,,
2026-09-15,TWT92U,twse,1474,,,,
2026-09-15,TWT92U,twse,1475,,,,
2026-09-15,TWT92U,twse,1476,,,,
2026-09-15,TWT92U,twse,1477,,,,
2026-09-15,TWT92U,twse,1503,,,,
2026-09-15,TWT92U,twse,1504,,,,
2026-09-15,TWT92U,twse,1513,,,,
2026-09-15,TWT92U,twse,1514,,,,
2026-09-15,TWT92U,twse,1515,,,,
2026-09-15,TWT92U,twse,1517,,Y,,
2026-09-15,TWT92U,twse,1519,,,,
2026-09-15,TWT92U,twse,1521,,,,
2026-09-15,TWT92U,twse,1522,,,,
2026-09-15,TWT92U,twse,1524,,,,
2026-09-15,TWT92U,twse,1525,,,,
2026-09-15,TWT92U,twse,1526,,,,
2026-09-15,TWT92U,twse,1527,,,,
2026-09-15,TWT92U,twse,1528,,,,
2026-09-15,TWT92U,twse,1529,,,,
2026-09-15,TWT92U,twse,1530,,,,
2026-09-15,TWT92U,twse,1531,,,,
2026-09-15,TWT92U,twse,1532,,,,
2026-09-15,TWT92U,twse,1533,,,,
2026-09-15,TWT92U,twse,1535,,,,
2026-09-15,TWT92U,twse,1536,,,,
2026-09-15,TWT92U,twse,1537,,,,
2026-09-15,TWT92U,twse,1539,,,,
2026-09-15,TWT92U,twse,1540,,,,
2026-09-15,TWT92U,twse,1541,,,,
2026-09-15,TWT92U,twse,1558,,,,
2026-09-15,TWT92U,twse,1560,,,,
2026-09-15,TWT92U,twse,1563,,,,
2026-09-15,TWT92U,twse,1568,,,,
2026-09-15,TWT92U,twse,1582,,,,
2026-09-15,TWT92U,twse,1583,,,,
2026-09-15,TWT92U,twse,1587,,,,
2026-09-15,TWT92U,twse,1590,,,,
2026-09-15,TWT92U,twse,1597,,,,
2026-09-15,TWT92U,twse,1598,,,,
2026-09-15,TWT92U,twse,1603,,,,
2026-09-15,TWT92U,twse,1604,,,,
2026-09-15,TWT92U,twse,1605,,,,
2026-09-15,TWT92U,twse,1608,,,,
2026-09-15,TWT92U,twse,1609,,,,
2026-09-15,TWT92U,twse,1611,,,,
2026-09-15,TWT92U,twse,1612,,,,
2026-09-15,TWT92U,twse,1614,,,,
2026-09-15,TWT92U,twse,1615,,,,
2026-09-15,TWT92U,twse,1616,,,,
2026-09-15,TWT92U,twse,1617,,,,
2026-09-15,TWT92U,twse,1618,,,,
2026-09-15,TWT92U,twse,1623,,,,
2026-09-15,TWT92U,twse,1626,,,,
2026-09-15,TWT92U,twse,1702,,,,
2026-09-15,TWT92U,twse,1707,,,,
2026-09-15,TWT92U,twse,1708,,,,
2026-09-15,TWT92U,twse,1709,,,,
2026-09-15,TWT92U,twse,1710,,,,
2026-09-15,TWT92U,twse,1711,,,,
2026-09-15,TWT92U,twse,1712,,,,
2026-09-15,TWT92U,twse,1713,,,,
2026-09-15,TWT92U,twse,1714,,,,
2026-09-15,TWT92U,twse,1717,,,,
2026-09-15,TWT92U,twse,1718,,,,
2026-09-15,TWT92U,twse,1720,,,,
2026-09-15,TWT92U,twse,1722,,,,
2026-09-15,TWT92U,twse,1723,,,,
2026-09-15,TWT92U,twse,1725,,,,
2026-09-15,TWT92U,twse,1726,,,,
2026-09-15,TWT92U,twse,1727,,,,
2026-09-15,TWT92U,twse,1730,,,,
2026-09-15,TWT92U,twse,1731,,,,
2026-09-15,TWT92U,twse,1732,,,,
2026-09-15,TWT92U,twse,1733,,,,
2026-09-15,TWT92U,twse,1734,,,,
2026-09-15,TWT92U,twse,1735,,,,
2026-09-15,TWT92U,twse,1736,,,,
2026-09-15,TWT92U,twse,1737,,,,
2026-09-15,TWT92U,twse,1752,,,,
2026-09-15,TWT92U,twse,1760,,,,
2026-09-15,TWT92U,twse,1762,,,,
2026-09-15,TWT92U,twse,1773,,,,
2026-09-15,TWT92U,twse,1776,,,,
2026-09-15,TWT92U,twse,1783,,,,
2026-09-15,TWT92U,twse,1786,,,,
2026-09-15,TWT92U,twse,1789,,,,
2026-09-15,TWT92U,twse,1795,,,,
2026-09-15,TWT92U,twse,1802,,,,
2026-09-15,TWT92U,twse,1805,,,,
2026-09-15,TWT92U,twse,1806,,,,
2026-09-15,TWT92U,twse,1808,,,,
2026-09-15,TWT92U,twse,1809,,,,
2026-09-15,TWT92U,twse,1810,,,,
2026-09-15,TWT92U,twse,1817,,,,
2026-09-15,TWT92U,twse,1903,,,,
2026-09-15,TWT92U,twse,1904,,,,
2026-09-15,TWT92U,twse,1905,,,,
2026-09-15,TWT92U,twse,1906,,,,
2026-09-15,TWT92U,twse,1907,,,,
2026-09-15,TWT92U,twse,1909,,,,
2026-09-15,TWT92U,twse,2002,,,,
2026-09-15,TWT92U,twse,2006,,,,
2026-09-15,TWT92U,twse,2008,,,,
2026-09-15,TWT92U,twse,2009,,,,
2026-09-15,TWT92U,twse,2010,,,,
2026-09-15,TWT92U,twse,2012,,,,
2026-09-15,TWT92U,twse,2013,,,,
2026-09-15,TWT92U,twse,2015,,,,
2026-09-15,TWT92U,twse,2017,,,,
2026-09-15,TWT92U,twse,2020,,,,
2026-09-15,TWT92U,twse,2023,,,,
2026-09-15,TWT92U,twse,2024,,,,
2026-09-15,TWT92U,twse,2025,,,,
2026-09-15,TWT92U,twse,2027,,,,
2026-09-15,TWT92U,twse,2028,,,,
2026-09-15,TWT92U,twse,2029,,,,
2026-09-15,TWT92U,twse,2030,,,,
2026-09-15,TWT92U,twse,2031,,,,
2026-09-15,TWT92U,twse,2032,,,,
2026-09-15,TWT92U,twse,2033,,,,
2026-09-15,TWT92U,twse,2034,,,,
2026-09-15,TWT92U,twse,2038,,,,
2026-09-15,TWT92U,twse,2049,,,,Y
2026-09-15,TWT92U,twse,2059,,,,
2026-09-15,TWT92U,twse,2062,,,,
2026-09-15,TWT92U,twse,2069,,,,
2026-09-15,TWT92U,twse,2101,,,,
2026-09-15,TWT92U,twse,2102,,,,
2026-09-15,TWT92U,twse,2103,,,,
2026-09-15,TWT92U,twse,2104,,,,
2026-09-15,TWT92U,twse,2105,,,,
2026-09-15,TWT92U,twse,2106,,,,
2026-09-15,TWT92U,twse,2107,,,,
2026-09-15,TWT92U,twse,2108,,,,
2026-09-15,TWT92U,twse,2109,,,,
2026-09-15,TWT92U,twse,2114,,,,
2026-09-15,TWT92U,twse,2115,,,,
2026-09-15,TWT92U,twse,2201,,,,
2026-09-15,TWT92U,twse,2204,,,,
2026-09-15,TWT92U,twse,2206,,,,
2026-09-15,TWT92U,twse,2207,,,,
2026-09-15,TWT92U,twse,2211,,,,
2026-09-15,TWT92U,twse,2228,,,,
2026-09-15,TWT92U,twse,2231,,,,
2026-09-15,TWT92U,twse,2233,,,,
2026-09-15,TWT92U,twse,2236,,,,
2026-09-15,TWT92U,twse,2239,,,,
2026-09-15,TWT92U,twse,2241,,,,
2026-09-15,TWT92U,twse,2243,,,,
2026-09-15,TWT92U,twse,2247,,,,
2026-09-15,TWT92U,twse,2248,,,,
2026-09-15,TWT92U,twse,2250,,,,
2026-09-15,TWT92U,twse,2254,,,,
2026-09-15,TWT92U,twse,2301,,,,
2026-09-15,TWT92U,twse,2302,,,,
2026-09-15,TWT92U,twse,2303,,,,
2026-09-15,TWT92U,twse,2305,,,,
2026-09-15,TWT92U,twse,2308,,,,
2026-09-15,TWT92U,twse,2312,,,,
2026-09-15,TWT92U,twse,2313,,,,
2026-09-15,TWT92U,twse,2316,,,,
2026-09-15,TWT92U,twse,2317,,,,
2026-09-15,TWT92U,twse,2323,,,,
2026-09-15,TWT92U,twse,2324,,,,
2026-09-15,TWT92U,twse,2327,,,,
2026-09-15,TWT92U,twse,2328,,,,
2026-09-15,TWT92U,twse,2329,,,,
2026-09-15,TWT92U,twse,2330,,Y,,
2026-09-15,TWT92U,twse,2331,,,,
2026-09-15,TWT92U,twse,2332,,,,
2026-09-15,TWT92U,twse,2337,,,,
2026-09-15,TWT92U,twse,2338,,,,
2026-09-15,TWT92U,twse,2340,,,,
2026-09-15,TWT92U,twse,2342,,,,
2026-09-15,TWT92U,twse,2344,,,,
2026-09-15,TWT92U,twse,2345,,,,
2026-09-15,TWT92U,twse,2347,,,,
2026-09-15,TWT92U,twse,2348,,,,
2026-09-15,TWT92U,twse,2351,,,,
2026-09-15,TWT92U,twse,2352,,,,
2026-09-15,TWT92U,twse,2353,,,,
2026-09-15,TWT92U,twse,2354,,,,
2026-09-15,TWT92U,twse,2355,,,,
2026-09-15,TWT92U,twse,2356,,,,
2026-09-15,TWT92U,twse,2357,,,,
2026-09-15,TWT92U,twse,2359,,,,
2026-09-15,TWT92U,twse,2360,,,,
2026-09-15,TWT92U,twse,2362,,,,
2026-09-15,TWT92U,twse,2363,,,,
2026-09-15,TWT92U,twse,2364,,,,
2026-09-15,TWT92U,twse,2365,,,,
2026-09-15,TWT92U,twse,2367,,,,
2026-09-15,TWT92U,twse,2368,,,,
2026-09-15,TWT92U,twse,2369,,,,
2026-09-15,TWT92U,twse,2371,,,,
2026-09-15,TWT92U,twse,2373,,,,
2026-09-15,TWT92U,twse,2374,,,,
2026-09-15,TWT92U,twse,2375,,,,
2026-09-15,TWT92U,twse,2376,,,,
2026-09-15,TWT92U,twse,2377,,,,
2026-09-15,TWT92U,twse,2379,,,,
2026-09-15,TWT92U,twse,2382,,,,
2026-09-15,TWT92U,twse,2383,,,,
2026-09-15,TWT92U,twse,2385,,,,
2026-09-15,TWT92U,twse,2387,,,,
2026-09-15,TWT92U,twse,2388,,,,
2026-09-15,TWT92U,twse,2390,,,,
2026-09-15,TWT92U,twse,2392,,,,
2026-09-15,TWT92U,twse,2393,,,,
2026-09-15,TWT92U,twse,2395,,,,
2026-09-15,TWT92U,twse,2397,,,,
2026-09-15,TWT92U,twse,2399,,,,
2026-09-15,TWT92U,twse,2401,,,,
2026-09-15,TWT92U,twse,2402,,,,
2026-09-15,TWT92U,twse,2404,,,,
2026-09-15,TWT92U,twse,2405,,,,
2026-09-15,TWT92U,twse,2406,,,,
2026-09-15,TWT92U,twse,2408,,,,
2026-09-15,TWT92U,twse,2409,,,,
2026-09-15,TWT92U,twse,2412,,,,
2026-09-15,TWT92U,twse,2413,,,,
2026-09-15,TWT92U,twse,2414,,,,
2026-09-15,TWT92U,twse,2415,,,,
2026-09-15,TWT92U,twse,2417,,,,
2026-09-15,TWT92U,twse,2419,,,,
2026-09-15,TWT92U,twse,2420,,,,
2026-09-15,TWT92U,twse,2421,,,,
2026-09-15,TWT92U,twse,2423,,,,
2026-09-15,TWT92U,twse,2425,,,,
2026-09-15,TWT92U,twse,2426,,,,
2026-09-15,TWT92U,twse,2427,,,,
2026-09-15,TWT92U,twse,2428,,,,
2026-09-15,TWT92U,twse,2430,,,,
2026-09-15,TWT92U,twse,2432,,,,
2026-09-15,TWT92U,twse,2433,,,,
2026-09-15,TWT92U,twse,2434,,,,
2026-09-15,TWT92U,twse,2436,,,,
2026-09-15,TWT92U,twse,2439,,,,
2026-09-15,TWT92U,twse,2440,,,,
2026-09-15,TWT92U,twse,2441,,,,
2026-09-15,TWT92U,twse,2442,,,,
2026-09-15,TWT92U,twse,2449,,,,
2026-09-15,TWT92U,twse,2450,,,,
2026-09-15,TWT92U,twse,2451,,,,
2026-09-15,TWT92U,twse,2453,,,,
2026-09-15,TWT92U,twse,2454,,,,
2026-09-15,TWT92U,twse,2455,,,,
2026-09-15,TWT92U,twse,2457,,,,
2026-09-15,TWT92U,twse,2458,,,,
2026-09-15,TWT92U,twse,2459,,,,
2026-09-15,TWT92U,twse,2461,,,,
2026-09-15,TWT92U,twse,2462,,,,
2026-09-15,TWT92U,twse,2464,,,,
2026-09-15,TWT92U,twse,2465,,,,
2026-09-15,TWT92U,twse,2466,,,,
2026-09-15,TWT92U,twse,2467,,,,
2026-09-15,TWT92U,twse,2468,,,,
2026-09-15,TWT92U,twse,2471,,,,
2026-09-15,TWT92U,twse,2472,,,,
2026-09-15,TWT92U,twse,2474,,,,
2026-09-15,TWT92U,twse,2476,,,,
2026-09-15,TWT92U,twse,2477,,,,
2026-09-15,TWT92U,twse,2478,,,,
2026-09-15,TWT92U,twse,2480,,,,
2026-09-15,TWT92U,twse,2481,,,,
2026-09-15,TWT92U,twse,2482,,,,
2026-09-15,TWT92U,twse,2483,,,,
2026-09-15,TWT92U,twse,2484,,,,
2026-09-15,TWT92U,twse,2485,,,,
2026-09-15,TWT92U,twse,2486,,,,
2026-09-15,TWT92U,twse,2488,,,,
2026-09-15,TWT92U,twse,2489,,,,
2026-09-15,TWT92U,twse,2491,,,,
2026-09-15,TWT92U,twse,2492,,,,
2026-09-15,TWT92U,twse,2493,,,,
2026-09-15,TWT92U,twse,2495,,,,
2026-09-15,TWT92U,twse,2496,,,,
2026-09-15,TWT92U,twse,2497,,,,
2026-09-15,TWT92U,twse,2498,,,,
2026-09-15,TWT92U,twse,2501,,,,
2026-09-15,TWT92U,twse,2504,,,,
2026-09-15,TWT92U,twse,2505,,,,
2026-09-15,TWT92U,twse,2506,,,,
2026-09-15,TWT92U,twse,2509,,,,
2026-09-15,TWT92U,twse,2511,,,,
2026-09-15,TWT92U,twse,2514,,,,
2026-09-15,TWT92U,twse,2515,,,,
2026-09-15,TWT92U,twse,2520,,,,
2026-09-15,TWT92U,twse,2524,,,,
2026-09-15,TWT92U,twse,2527,,,,
2026-09-15,TWT92U,twse,2528,,,,
2026-09-15,TWT92U,twse,2530,,,,
2026-09-15,TWT92U,twse,2534,,,,
2026-09-15,TWT92U,twse,2535,,,,
2026-09-15,TWT92U,twse,2536,,,,
2026-09-15,TWT92U,twse,2537,,,,
2026-09-15,TWT92U,twse,2538,,,,
2026-09-15,TWT92U,twse,2539,,,,
2026-09-15,TWT92U,twse,2540,,,,
2026-09-15,TWT92U,twse,2542,,,,
2026-09-15,TWT92U,twse,2543,,,,
2026-09-15,TWT92U,twse,2545,,,,
2026-09-15,TWT92U,twse,2546,,,,
2026-09-15,TWT92U,twse,2547,,,,
2026-09-15,TWT92U,twse,2548,,,,
2026-09-15,TWT92U,twse,2597,,,,
2026-09-15,TWT92U,twse,2603,,,,
2026-09-15,TWT92U,twse,2605,,,,
2026-09-15,TWT92U,twse,2606,,,,
2026-09-15,TWT92U,twse,2607,,,,
2026-09-15,TWT92U,twse,2608,,,,
2026-09-15,TWT92U,twse,2609,,,,
2026-09-15,TWT92U,twse,2610,,,,
2026-09-15,TWT92U,twse,2611,,,,
2026-09-15,TWT92U,twse,2612,,,,
2026-09-15,TWT92U,twse,2613,,,,
2026-09-15,TWT92U,twse,2614,,,,
2026-09-15,TWT92U,twse,2615,,,,
2026-09-15,TWT92U,twse,2616,,,,
2026-09-15,TWT92U,twse,2617,,,,
2026-09-15,TWT92U,twse,2618,,,,
2026-09-15,TWT92U,twse,2630,,,,
2026-09-15,TWT92U,twse,2633,,,,
2026-09-15,TWT92U,twse,2634,,,,
2026-09-15,TWT92U,twse,2636,,,,
2026-09-15,TWT92U,twse,2637,,,,
2026-09-15,TWT92U,twse,2642,,,,
2026-09-15,TWT92U,twse,2645,,,,
2026-09-15,TWT92U,twse,2646,,,,
2026-09-15,TWT92U,twse,2701,,,,
2026-09-15,TWT92U,twse,2702,,,,
2026-09-15,TWT92U,twse,2704,,,,
2026-09-15,TWT92U,twse,2705,,,,
2026-09-15,TWT92U,twse,2706,,,,
2026-09-15,TWT92U,twse,2707,,,,
2026-09-15,TWT92U,twse,2722,,,,
2026-09-15,TWT92U,twse,2723,,,,
2026-09-15,TWT92U,twse,2727,,,,
2026-09-15,TWT92U,twse,2731,,,,
2026-09-15,TWT92U,twse,2739,,,,
2026-09-15,TWT92U,twse,2748,,,,
2026-09-15,TWT92U,twse,2753,,,,
2026-09-15,TWT92U,twse,2762,,,,
2026-09-15,TWT92U,twse,2801,,,,
2026-09-15,TWT92U,twse,2812,,,,
2026-09-15,TWT92U,twse,2816,,,,
2026-09-15,TWT92U,twse,2820,,,,
2026-09-15,TWT92U,twse,2832,,,,
2026-09-15,TWT92U,twse,2834,,,,
2026-09-15,TWT92U,twse,2836,,,,
2026-09-15,TWT92U,twse,2838,,,,
2026-09-15,TWT92U,twse,2845,,,,
2026-09-15,TWT92U,twse,2849,,,,
2026-09-15,TWT92U,twse,2850,,,,
2026-09-15,TWT92U,twse,2851,,,,
2026-09-15,TWT92U,twse,2852,,,,
2026-09-15,TWT92U,twse,2855,,,,
2026-09-15,TWT92U,twse,2880,,,,
2026-09-15,TWT92U,twse,2881,,,,
2026-09-15,TWT92U,twse,2882,,,,
2026-09-15,TWT92U,twse,2883,,,,
2026-09-15,TWT92U,twse,2884,,,,
2026-09-15,TWT92U,twse,2885,,,,
2026-09-15,TWT92U,twse,2886,,,,
2026-09-15,TWT92U,twse,2887,,,,
2026-09-15,TWT92U,twse,2889,,,,
2026-09-15,TWT92U,twse,2890,,,,
2026-09-15,TWT92U,twse,2891,,,,
2026-09-15,TWT92U,twse,2892,,,,
2026-09-15,TWT92U,twse,2897,,,,
2026-09-15,TWT92U,twse,2901,,,,
2026-09-15,TWT92U,twse,2903,,,,
2026-09-15,TWT92U,twse,2904,,,,
2026-09-15,TWT92U,twse,2905,,,,
2026-09-15,TWT92U,twse,2906,,,,
2026-09-15,TWT92U,twse,2908,,,,
2026-09-15,TWT92U,twse,2910,,,,
2026-09-15,TWT92U,twse,2911,,,,
2026-09-15,TWT92U,twse,2912,,,,
2026-09-15,TWT92U,twse,2913,,,,
2026-09-15,TWT92U,twse,2915,,,,
2026-09-15,TWT92U,twse,2929,,,,
2026-09-15,TWT92U,twse,2939,,,,
2026-09-15,TWT92U,twse,3002,,,,
2026-09-15,TWT92U,twse,3003,,,,
2026-09-15,TWT92U,twse,3004,,,,
2026-09-15,TWT92U,twse,3005,,,,
2026-09-15,TWT92U,twse,3006,,,,
2026-09-15,TWT92U,twse,3008,,,,Y
2026-09-15,TWT92U,twse,3010,,,,
2026-09-15,TWT92U,twse,3011,,,,
2026-09-15,TWT92U,twse,3013,,,,
2026-09-15,TWT92U,twse,3014,,,,
2026-09-15,TWT92U,twse,3015,,,,
2026-09-15,TWT92U,twse,3016,,,,
2026-09-15,TWT92U,twse,3017,,,,
2026-09-15,TWT92U,twse,3019,,,,
2026-09-15,TWT92U,twse,3021,,,,
2026-09-15,TWT92U,twse,3022,,,,
2026-09-15,TWT92U,twse,3023,,,,
2026-09-15,TWT92U,twse,3024,,,,
2026-09-15,TWT92U,twse,3025,,,,
2026-09-15,TWT92U,twse,3026,,,,
2026-09-15,TWT92U,twse,3027,,,,
2026-09-15,TWT92U,twse,3028,,,,
2026-09-15,TWT92U,twse,3029,,,,
2026-09-15,TWT92U,twse,3030,,,,
2026-09-15,TWT92U,twse,3031,,,,
2026-09-15,TWT92U,twse,3032,,,,
2026-09-15,TWT92U,twse,3033,,,,
2026-09-15,TWT92U,twse,3034,,,,
2026-09-15,TWT92U,twse,3035,,,,
2026-09-15,TWT92U,twse,3036,,,,
2026-09-15,TWT92U,twse,3037,,,,
2026-09-15,TWT92U,twse,3038,,,,
2026-09-15,TWT92U,twse,3040,,,,
2026-09-15,TWT92U,twse,3041,,,,
2026-09-15,TWT92U,twse,3042,,,,
2026-09-15,TWT92U,twse,3043,,,,
2026-09-15,TWT92U,twse,3044,,,,
2026-09-15,TWT92U,twse,3045,,,,
2026-09-15,TWT92U,twse,3046,,,,
2026-09-15,TWT92U,twse,3047,,,,
2026-09-15,TWT92U,twse,3048,,,,
2026-09-15,TWT92U,twse,3049,,,,
2026-09-15,TWT92U,twse,3050,,,,
2026-09-15,TWT92U,twse,3051,,,,
2026-09-15,TWT92U,twse,3052,,,,
2026-09-15,TWT92U,twse,3054,,,,
2026-09-15,TWT92U,twse,3055,,,,
2026-09-15,TWT92U,twse,3056,,,,
2026-09-15,TWT92U,twse,3059,,,,
2026-09-15,TWT92U,twse,3060,,,,
2026-09-15,TWT92U,twse,3062,,,,
2026-09-15,TWT92U,twse,3090,,,,
2026-09-15,TWT92U,twse,3092,,,,
2026-09-15,TWT92U,twse,3094,,,,
2026-09-15,TWT92U,twse,3130,,,,
2026-09-15,TWT92U,twse,3135,,,,
2026-09-15,TWT92U,twse,3138,,,,
2026-09-15,TWT92U,twse,3149,,,,
2026-09-15,TWT92U,twse,3150,,,,
2026-09-15,TWT92U,twse,3164,,,,
2026-09-15,TWT92U,twse,3167,,,,
2026-09-15,TWT92U,twse,3168,,,,
2026-09-15,TWT92U,twse,3189,,,,
2026-09-15,TWT92U,twse,3209,,,,
2026-09-15,TWT92U,twse,3229,,,,
2026-09-15,TWT92U,twse,3231,,,,
2026-09-15,TWT92U,twse,3257,,,,
2026-09-15,TWT92U,twse,3266,,,,
2026-09-15,TWT92U,twse,3296,,,,
2026-09-15,TWT92U,twse,3305,,,,
2026-09-15,TWT92U,twse,3308,,,,
2026-09-15,TWT92U,twse,3311,,,,
2026-09-15,TWT92U,twse,3312,,,,
2026-09-15,TWT92U,twse,3338,,,,
2026-09-15,TWT92U,twse,3346,,,,
2026-09-15,TWT92U,twse,3376,,,,
2026-09-15,TWT92U,twse,3380,,,,
2026-09-15,TWT92U,twse,3406,,,,Y
2026-09-15,TWT92U,twse,3413,,,,
2026-09-15,TWT92U,twse,3416,,,,
2026-09-15,TWT92U,twse,3437,,,,
2026-09-15,TWT92U,twse,3443,,,,
2026-09-15,TWT92U,twse,3447,,,,
2026-09-15,TWT92U,twse,3450,,,,
2026-09-15,TWT92U,twse,3481,,,,
2026-09-15,TWT92U,twse,3501,,,,
2026-09-15,TWT92U,twse,3504,,,,
2026-09-15,TWT92U,twse,3515,,,,
2026-09-15,TWT92U,twse,3518,,,,
2026-09-15,TWT92U,twse,3528,,,,
2026-09-15,TWT92U,twse,3530,,,,
2026-09-15,TWT92U,twse,3532,,,,
2026-09-15,TWT92U,twse,3533,,,,
2026-09-15,TWT92U,twse,3535,,,,
2026-09-15,TWT92U,twse,3543,,,,
2026-09-15,TWT92U,twse,3545,,,,
2026-09-15,TWT92U,twse,3550,,,,
2026-09-15,TWT92U,twse,3557,,,,
2026-09-15,TWT92U,twse,3563,,,,
2026-09-15,TWT92U,twse,3583,,,,
2026-09-15,TWT92U,twse,3588,,,,
2026-09-15,TWT92U,twse,3592,,,,
2026-09-15,TWT92U,twse,3596,,,,
2026-09-15,TWT92U,twse,3605,,,,
2026-09-15,TWT92U,twse,3607,,,,
2026-09-15,TWT92U,twse,3617,,,,
2026-09-15,TWT92U,twse,3622,,,,
2026-09-15,TWT92U,twse,3645,,,,
2026-09-15,TWT92U,twse,3652,,,,
2026-09-15,TWT92U,twse,3653,,,,
2026-09-15,TWT92U,twse,3661,,,,
2026-09-15,TWT92U,twse,3665,,,,
2026-09-15,TWT92U,twse,3669,,,,
2026-09-15,TWT92U,twse,3673,,,,
2026-09-15,TWT92U,twse,3679,,,,
2026-09-15,TWT92U,twse,3694,,,,
2026-09-15,TWT92U,twse,3701,,,,
2026-09-15,TWT92U,twse,3702,,,,
2026-09-15,TWT92U,twse,3703,,,,
2026-09-15,TWT92U,twse,3704,,,,
2026-09-15,TWT92U,twse,3705,,,,
2026-09-15,TWT92U,twse,3706,,,,
2026-09-15,TWT92U,twse,3708,,,,
2026-09-15,TWT92U,twse,3711,,,,
2026-09-15,TWT92U,twse,3712,,,,
2026-09-15,TWT92U,twse,3714,,,,
2026-09-15,TWT92U,twse,3715,,,,
2026-09-15,TWT92U,twse,3716,,,,
2026-09-15,TWT92U,twse,3717,,,,
2026-09-15,TWT92U,twse,4104,,,,
2026-09-15,TWT92U,twse,4106,,,,
2026-09-15,TWT92U,twse,4119,,,,
2026-09-15,TWT92U,twse,4133,,,,
2026-09-15,TWT92U,twse,4137,,,,
2026-09-15,TWT92U,twse,4142,,,,
2026-09-15,TWT92U,twse,4148,,,,
2026-09-15,TWT92U,twse,4155,,,,
2026-09-15,TWT92U,twse,4164,,,,
2026-09-15,TWT92U,twse,4190,,,,
2026-09-15,TWT92U,twse,4306,,,,
2026-09-15,TWT92U,twse,4414,,,,
2026-09-15,TWT92U,twse,4426,,,,
2026-09-15,TWT92U,twse,4438,,,,
2026-09-15,TWT92U,twse,4439,,,,
2026-09-15,TWT92U,twse,4440,,,,
2026-09-15,TWT92U,twse,4441,,,,
2026-09-15,TWT92U,twse,4526,,,,
2026-09-15,TWT92U,twse,4532,,,,
2026-09-15,TWT92U,twse,4536,,,,
2026-09-15,TWT92U,twse,4540,,,,
2026-09-15,TWT92U,twse,4545,,,,
2026-09-15,TWT92U,twse,4551,,,,
2026-09-15,TWT92U,twse,4552,,,,
2026-09-15,TWT92U,twse,4555,,,,
2026-09-15,TWT92U,twse,4557,,,,
2026-09-15,TWT92U,twse,4560,,,,
2026-09-15,TWT92U,twse,4562,,,,
2026-09-15,TWT92U,twse,4564,,,,
2026-09-15,TWT92U,twse,4566,,,,
2026-09-15,TWT92U,twse,4569,,,,
2026-09-15,TWT92U,twse,4571,,,,
2026-09-15,TWT92U,twse,4572,,,,
2026-09-15,TWT92U,twse,4576,,,,
2026-09-15,TWT92U,twse,4581,,,,
2026-09-15,TWT92U,twse,4583,,,,
2026-09-15,TWT92U,twse,4585,,,,
2026-09-15,TWT92U,twse,4588,,,,
2026-09-15,TWT92U,twse,4590,,,,
2026-09-15,TWT92U,twse,4720,,,,
2026-09-15,TWT92U,twse,4722,,,,
2026-09-15,TWT92U,twse,4736,,,,
2026-09-15,TWT92U,twse,4737,,,,
2026-09-15,TWT92U,twse,4739,,,,
2026-09-15,TWT92U,twse,4746,,,,
2026-09-15,TWT92U,twse,4755,,,,
2026-09-15,TWT92U,twse,4763,,Y,,
2026-09-15,TWT92U,twse,4764,,,,
2026-09-15,TWT92U,twse,4766,,,,
2026-09-15,TWT92U,twse,4770,,,,
2026-09-15,TWT92U,twse,4771,,,,
2026-09-15,TWT92U,twse,4807,,,,
2026-09-15,TWT92U,twse,4904,,,,
2026-09-15,TWT92U,twse,4906,,,,
2026-09-15,TWT92U,twse,4912,,,,
2026-09-15,TWT92U,twse,4915,,,,
2026-09-15,TWT92U,twse,4916,,,,
2026-09-15,TWT92U,twse,4919,,,,
2026-09-15,TWT92U,twse,4927,,,,
2026-09-15,TWT92U,twse,4930,,,,
2026-09-15,TWT92U,twse,4935,,,,
2026-09-15,TWT92U,twse,4938,,,,
2026-09-15,TWT92U,twse,4942,,,,
2026-09-15,TWT92U,twse,4949,,,,
2026-09-15,TWT92U,twse,4952,,,,
2026-09-15,TWT92U,twse,4956,,,,
2026-09-15,TWT92U,twse,4958,,,,
2026-09-15,TWT92U,twse,4960,,,,
2026-09-15,TWT92U,twse,4961,,,,
2026-09-15,TWT92U,twse,4967,,,,
2026-09-15,TWT92U,twse,4968,,,,
2026-09-15,TWT92U,twse,4976,,,,
2026-09-15,TWT92U,twse,4977,,,,
2026-09-15,TWT92U,twse,4989,,,,
2026-09-15,TWT92U,twse,4994,,,,
2026-09-15,TWT92U,twse,4999,,,,
2026-09-15,TWT92U,twse,5007,,,,
2026-09-15,TWT92U,twse,5203,,,,
2026-09-15,TWT92U,twse,5215,,,,
2026-09-15,TWT92U,twse,5222,,,,
2026-09-15,TWT92U,twse,5225,,,,
2026-09-15,TWT92U,twse,5234,,,,
2026-09-15,TWT92U,twse,5236,,,,
2026-09-15,TWT92U,twse,5243,,,,
2026-09-15,TWT92U,twse,5244,,,,
2026-09-15,TWT92U,twse,5258,,,,
2026-09-15,TWT92U,twse,5269,,,,
2026-09-15,TWT92U,twse,5283,,,,
2026-09-15,TWT92U,twse,5284,,,,
2026-09-15,TWT92U,twse,5285,,,,
2026-09-15,TWT92U,twse,5288,,,,
2026-09-15,TWT92U,twse,5292,,,,
2026-09-15,TWT92U,twse,5306,,Y,,
2026-09-15,TWT92U,twse,5388,,,,
2026-09-15,TWT92U,twse,5434,,,,
2026-09-15,TWT92U,twse,5469,,,,
2026-09-15,TWT92U,twse,5471,,,,
2026-09-15,TWT92U,twse,5515,,,,
2026-09-15,TWT92U,twse,5519,,,,
2026-09-15,TWT92U,twse,5521,,,,
2026-09-15,TWT92U,twse,5522,,,,
2026-09-15,TWT92U,twse,5525,,,,
2026-09-15,TWT92U,twse,5531,,,,
2026-09-15,TWT92U,twse,5533,,,,
2026-09-15,TWT92U,twse,5534,,,,
2026-09-15,TWT92U,twse,5538,,,,
2026-09-15,TWT92U,twse,5546,,,,
2026-09-15,TWT92U,twse,5607,,,,
2026-09-15,TWT92U,twse,5608,,,,
2026-09-15,TWT92U,twse,5706,,,,
2026-09-15,TWT92U,twse,5871,,,,
2026-09-15,TWT92U,twse,5876,,,,
2026-09-15,TWT92U,twse,5880,,,,
2026-09-15,TWT92U,twse,5906,,,,
2026-09-15,TWT92U,twse,5907,,,,
2026-09-15,TWT92U,twse,6005,,,,
2026-09-15,TWT92U,twse,6024,,,,
2026-09-15,TWT92U,twse,6108,,,,
2026-09-15,TWT92U,twse,6112,,,,
2026-09-15,TWT92U,twse,6115,,,,
2026-09-15,TWT92U,twse,6116,,,,
2026-09-15,TWT92U,twse,6117,,,,
2026-09-15,TWT92U,twse,6120,,,,
2026-09-15,TWT92U,twse,6128,,,,
2026-09-15,TWT92U,twse,6133,,,,
2026-09-15,TWT92U,twse,6136,,,,
2026-09-15,TWT92U,twse,6139,,,,
2026-09-15,TWT92U,twse,6153,,,,
2026-09-15,TWT92U,twse,6155,,,,
2026-09-15,TWT92U,twse,6164,,,,
2026-09-15,TWT92U,twse,6165,,,,
2026-09-15,TWT92U,twse,6166,,,,
2026-09-15,TWT92U,twse,6168,,,,
2026-09-15,TWT92U,twse,6176,,,,
2026-09-15,TWT92U,twse,6177,,,,
2026-09-15,TWT92U,twse,6183,,,,
2026-09-15,TWT92U,twse,6184,,,,
2026-09-15,TWT92U,twse,6189,,,,
2026-09-15,TWT92U,twse,6191,,,,
2026-09-15,TWT92U,twse,6192,,,,
2026-09-15,TWT92U,twse,6196,,,,
2026-09-15,TWT92U,twse,6197,,,,
2026-09-15,TWT92U,twse,6201,,,,
2026-09-15,TWT92U,twse,6202,,,,
2026-09-15,TWT92U,twse,6205,,,,
2026-09-15,TWT92U,twse,6206,,,,
2026-09-15,TWT92U,twse,6209,,,,
2026-09-15,TWT92U,twse,6213,,,,
2026-09-15,TWT92U,twse,6214,,,,
2026-09-15,TWT92U,twse,6215,,,,
2026-09-15,TWT92U,twse,6216,,,,
2026-09-15,TWT92U,twse,6224,,,,
2026-09-15,TWT92U,twse,6226,,,,
2026-09-15,TWT92U,twse,6230,,,,
2026-09-15,TWT92U,twse,6235,,,,
2026-09-15,TWT92U,twse,6239,,,,
2026-09-15,TWT92U,twse,6243,,,,
2026-09-15,TWT92U,twse,6257,,,,
2026-09-15,TWT92U,twse,6269,,,,
2026-09-15,TWT92U,twse,6271,,,,
2026-09-15,TWT92U,twse,6272,,,,
2026-09-15,TWT92U,twse,6277,,,,
2026-09-15,TWT92U,twse,6278,,,,
2026-09-15,TWT92U,twse,6281,,,,
2026-09-15,TWT92U,twse,6282,,,,
2026-09-15,TWT92U,twse,6283,,,,
2026-09-15,TWT92U,twse,6285,,,,
2026-09-15,TWT92U,twse,6405,,,,
2026-09-15,TWT92U,twse,6409,,,,
2026-09-15,TWT92U,twse,6412,,,,
2026-09-15,TWT92U,twse,6414,,,,
2026-09-15,TWT92U,twse,6415,,,,
2026-09-15,TWT92U,twse,6416,,,,
2026-09-15,TWT92U,twse,6426,,,,
2026-09-15,TWT92U,twse,6438,,,,
2026-09-15,TWT92U,twse,6442,,,,
2026-09-15,TWT92U,twse,6446,,,,
2026-09-15,TWT92U,twse,6449,,,,
2026-09-15,TWT92U,twse,6451,,,,
2026-09-15,TWT92U,twse,6456,,,,
2026-09-15,TWT92U,twse,6464,,,,
2026-09-15,TWT92U,twse,6472,,,,
2026-09-15,TWT92U,twse,6477,,,,
2026-09-15,TWT92U,twse,6491,,,,
2026-09-15,TWT92U,twse,6504,,,,
2026-09-15,TWT92U,twse,6505,,,,
2026-09-15,TWT92U,twse,6515,,,,
2026-09-15,TWT92U,twse,6525,,,,
2026-09-15,TWT92U,twse,6526,,,,
2026-09-15,TWT92U,twse,6531,,,,
2026-09-15,TWT92U,twse,6533,,,,
2026-09-15,TWT92U,twse,6534,,,,
2026-09-15,TWT92U,twse,6541,,,,
2026-09-15,TWT92U,twse,6552,,,,
2026-09-15,TWT92U,twse,6558,,,,
2026-09-15,TWT92U,twse,6579,,,,
2026-09-15,TWT92U,twse,6581,,,,
2026-09-15,TWT92U,twse,6582,,,,
2026-09-15,TWT92U,twse,6585,,,,
2026-09-15,TWT92U,twse,6589,,,,
2026-09-15,TWT92U,twse,6591,,,,
2026-09-15,TWT92U,twse,6592,,,,
2026-09-15,TWT92U,twse,6605,,,,
2026-09-15,TWT92U,twse,6606,,,,
2026-09-15,TWT92U,twse,6614,,,,
2026-09-15,TWT92U,twse,6625,,,,
2026-09-15,TWT92U,twse,6641,,,,
2026-09-15,TWT92U,twse,6655,,,,
2026-09-15,TWT92U,twse,6658,,,,
2026-09-15,TWT92U,twse,6666,,,,
2026-09-15,TWT92U,twse,6668,,,,
2026-09-15,TWT92U,twse,6669,,,,
2026-09-15,TWT92U,twse,6670,,,,
2026-09-15,TWT92U,twse,6671,,,,
2026-09-15,TWT92U,twse,6672,,,,
2026-09-15,TWT92U,twse,6674,,,,
2026-09-15,TWT92U,twse,6689,,,,
2026-09-15,TWT92U,twse,6691,,,,
2026-09-15,TWT92U,twse,6695,,,,
2026-09-15,TWT92U,twse,6698,,,,
2026-09-15,TWT92U,twse,6706,,,,
2026-09-15,TWT92U,twse,6715,,,,
2026-09-15,TWT92U,twse,6719,,,,
2026-09-15,TWT92U,twse,6722,,,,
2026-09-15,TWT92U,twse,6742,,,,
2026-09-15,TWT92U,twse,6743,,,,
2026-09-15,TWT92U,twse,6753,,,,
2026-09-15,TWT92U,twse,6754,,,,
2026-09-15,TWT92U,twse,6756,,,,
2026-09-15,TWT92U,twse,6757,,,,
2026-09-15,TWT92U,twse,6768,,,,
2026-09-15,TWT92U,twse,6770,,,,
2026-09-15,TWT92U,twse,6771,,,,
2026-09-15,TWT92U,twse,6776,,,,
2026-09-15,TWT92U,twse,6781,,,,
2026-09-15,TWT92U,twse,6782,,,,
2026-09-15,TWT92U,twse,6789,,,,
2026-09-15,TWT92U,twse,6790,,,,
2026-09-15,TWT92U,twse,6792,,,,
2026-09-15,TWT92U,twse,6794,,,,
2026-09-15,TWT92U,twse,6796,,,,
2026-09-15,TWT92U,twse,6799,,,,
2026-09-15,TWT92U,twse,6805,,,,
2026-09-15,TWT92U,twse,6807,,,,
2026-09-15,TWT92U,twse,6830,,Y,,
2026-09-15,TWT92U,twse,6831,,,,
2026-09-15,TWT92U,twse,6834,,,,
2026-09-15,TWT92U,twse,6835,,,,
2026-09-15,TWT92U,twse,6854,,,,
2026-09-15,TWT92U,twse,6861,,,,
2026-09-15,TWT92U,twse,6862,,,,
2026-09-15,TWT92U,twse,6863,,,,
2026-09-15,TWT92U,twse,6869,,,,
2026-09-15,TWT92U,twse,6873,,,,
2026-09-15,TWT92U,twse,6885,,,,
2026-09-15,TWT92U,twse,6887,,,,
2026-09-15,TWT92U,twse,6890,,,,
2026-09-15,TWT92U,twse,6901,,,,
2026-09-15,TWT92U,twse,6902,,,,
2026-09-15,TWT92U,twse,6906,,,,
2026-09-15,TWT92U,twse,6909,,,,
2026-09-15,TWT92U,twse,6914,,,,
2026-09-15,TWT92U,twse,6916,,,,
2026-09-15,TWT92U,twse,6918,,,,
2026-09-15,TWT92U,twse,6923,,,,
2026-09-15,TWT92U,twse,6928,,,,
2026-09-15,TWT92U,twse,6931,,,,
2026-09-15,TWT92U,twse,6933,,,,
2026-09-15,TWT92U,twse,6934,,,,
2026-09-15,TWT92U,twse,6936,,,,
2026-09-15,TWT92U,twse,6937,,,,
2026-09-15,TWT92U,twse,6944,,,,
2026-09-15,TWT92U,twse,6949,,,,
2026-09-15,TWT92U,twse,6951,,,,
2026-09-15,TWT92U,twse,6952,,,,
2026-09-15,TWT92U,twse,6957,,,,
2026-09-15,TWT92U,twse,6958,,,,
2026-09-15,TWT92U,twse,6962,,,,
2026-09-15,TWT92U,twse,6965,,,,
2026-09-15,TWT92U,twse,6994,,,,
2026-09-15,TWT92U,twse,7631,,,,
2026-09-15,TWT92U,twse,7705,,,,
2026-09-15,TWT92U,twse,7711,,,,Y
2026-09-15,TWT92U,twse,7721,,,,
2026-09-15,TWT92U,twse,7722,,,,
2026-09-15,TWT92U,twse,7730,,,,
2026-09-15,TWT92U,twse,7732,,,,
2026-09-15,TWT92U,twse,7736,,,,
2026-09-15,TWT92U,twse,7740,,,,
2026-09-15,TWT92U,twse,7749,,,,
2026-09-15,TWT92U,twse,7750,,,,
2026-09-15,TWT92U,twse,7765,,,,
2026-09-15,TWT92U,twse,7769,,,,
2026-09-15,TWT92U,twse,7780,,,,
2026-09-15,TWT92U,twse,7786,,,,
2026-09-15,TWT92U,twse,7788,,,,
2026-09-15,TWT92U,twse,7791,,,,
2026-09-15,TWT92U,twse,7795,,,,
2026-09-15,TWT92U,twse,7799,,,,
2026-09-15,TWT92U,twse,7823,,,,
2026-09-15,TWT92U,twse,8011,,,,
2026-09-15,TWT92U,twse,8016,,,,
2026-09-15,TWT92U,twse,8021,,,,
2026-09-15,TWT92U,twse,8028,,,,
2026-09-15,TWT92U,twse,8033,,,,
2026-09-15,TWT92U,twse,8039,,,,
2026-09-15,TWT92U,twse,8045,,,,
2026-09-15,TWT92U,twse,8046,,,,
2026-09-15,TWT92U,twse,8070,,,,
2026-09-15,TWT92U,twse,8072,,,,
2026-09-15,TWT92U,twse,8081,,,,
2026-09-15,TWT92U,twse,8103,,,,
2026-09-15,TWT92U,twse,8104,,,,
2026-09-15,TWT92U,twse,8105,,,,
2026-09-15,TWT92U,twse,8110,,,,
2026-09-15,TWT92U,twse,8112,,,,
2026-09-15,TWT92U,twse,8114,,,,
2026-09-15,TWT92U,twse,8131,,,,
2026-09-15,TWT92U,twse,8150,,,,
2026-09-15,TWT92U,twse,8162,,,,
2026-09-15,TWT92U,twse,8163,,,,
2026-09-15,TWT92U,twse,8210,,,,
2026-09-15,TWT92U,twse,8213,,,,
2026-09-15,TWT92U,twse,8215,,,,
2026-09-15,TWT92U,twse,8222,,,,
2026-09-15,TWT92U,twse,8249,,,,
2026-09-15,TWT92U,twse,8261,,,,
2026-09-15,TWT92U,twse,8271,,,,
2026-09-15,TWT92U,twse,8341,,,,
2026-09-15,TWT92U,twse,8367,,,,
2026-09-15,TWT92U,twse,8374,,,,
2026-09-15,TWT92U,twse,8404,,,,
2026-09-15,TWT92U,twse,8411,,,,
2026-09-15,TWT92U,twse,8422,,,,
2026-09-15,TWT92U,twse,8429,,,,
2026-09-15,TWT92U,twse,8438,,,,
2026-09-15,TWT92U,twse,8442,,,,
2026-09-15,TWT92U,twse,8454,,,,
2026-09-15,TWT92U,twse,8462,,,,
2026-09-15,TWT92U,twse,8463,,,,
2026-09-15,TWT92U,twse,8464,,,,
2026-09-15,TWT92U,twse,8466,,,,
2026-09-15,TWT92U,twse,8467,,,,
2026-09-15,TWT92U,twse,8473,,,,
2026-09-15,TWT92U,twse,8476,,,,
2026-09-15,TWT92U,twse,8478,,,,
2026-09-15,TWT92U,twse,8481,,,,
2026-09-15,TWT92U,twse,8482,,,,
2026-09-15,TWT92U,twse,8487,,,,
2026-09-15,TWT92U,twse,8488,,,,
2026-09-15,TWT92U,twse,8499,,,,
2026-09-15,TWT92U,twse,8926,,,,
2026-09-15,TWT92U,twse,8940,,,,
2026-09-15,TWT92U,twse,8996,,,,
2026-09-15,TWT92U,twse,9103,,,,
2026-09-15,TWT92U,twse,9105,,,,
2026-09-15,TWT92U,twse,912000,,,,
2026-09-15,TWT92U,twse,9136,,,,
2026-09-15,TWT92U,twse,9802,,,,
2026-09-15,TWT92U,twse,9902,,,,
2026-09-15,TWT92U,twse,9904,,,,
2026-09-15,TWT92U,twse,9905,,,,
2026-09-15,TWT92U,twse,9906,,,,
2026-09-15,TWT92U,twse,9907,,,,
2026-09-15,TWT92U,twse,9908,,,,
2026-09-15,TWT92U,twse,9910,,,,
2026-09-15,TWT92U,twse,9911,,,,
2026-09-15,TWT92U,twse,9914,,,,
2026-09-15,TWT92U,twse,9917,,,,
2026-09-15,TWT92U,twse,9918,,,,
2026-09-15,TWT92U,twse,9921,,,,
2026-09-15,TWT92U,twse,9924,,,,
2026-09-15,TWT92U,twse,9925,,,,
2026-09-15,TWT92U,twse,9926,,,,
2026-09-15,TWT92U,twse,9927,,,,
2026-09-15,TWT92U,twse,9928,,,,
2026-09-15,TWT92U,twse,9930,,,,
2026-09-15,TWT92U,twse,9931,,,,
2026-09-15,TWT92U,twse,9933,,,,
2026-09-15,TWT92U,twse,9934,,,,
2026-09-15,TWT92U,twse,9935,,,,
2026-09-15,TWT92U,twse,9937,,,,
2026-09-15,TWT92U,twse,9938,,,,
2026-09-15,TWT92U,twse,9939,,,,
2026-09-15,TWT92U,twse,9940,,,,
2026-09-15,TWT92U,twse,9941,,,,
2026-09-15,TWT92U,twse,9942,,,,
2026-09-15,TWT92U,twse,9943,,,,
2026-09-15,TWT92U,twse,9944,,,,
2026-09-15,TWT92U,twse,9945,,,,
2026-09-15,TWT92U,twse,9946,,,,
2026-09-15,TWT92U,twse,9955,,,,
2026-09-15,TWT92U,twse,9958,,,,
