date,source,market,stock_id,available_volume,susp_margin_short,susp_sbl_short,no_below_flat
2026-10-01,TWT96U,twse,00400A,10584462,,,
2026-10-01,TWT96U,tpex,00411A,6934122,,,
2026-10-01,TWT96U,twse,00401A,1843470,,,
2026-10-01,TWT96U,tpex,006201,49001,,,
2026-10-01,TWT96U,twse,00402A,1796312,,,
2026-10-01,TWT96U,tpex,00679B,5473779,,,
2026-10-01,TWT96U,twse,00403A,65757364,,,
2026-10-01,TWT96U,tpex,00687B,4179922,,,
2026-10-01,TWT96U,twse,00404A,3737380,,,
2026-10-01,TWT96U,tpex,00694B,107681,,,
2026-10-01,TWT96U,twse,00405A,21008775,,,
2026-10-01,TWT96U,tpex,00695B,121584,,,
2026-10-01,TWT96U,twse,00406A,66930555,,,
2026-10-01,TWT96U,tpex,00696B,663549,,,
2026-10-01,TWT96U,twse,00407A,13685616,,,
2026-10-01,TWT96U,tpex,00697B,135007,,,
2026-10-01,TWT96U,twse,00408A,487486,,,
2026-10-01,TWT96U,tpex,00719B,651277,,,
2026-10-01,TWT96U,twse,00409A,11709185,,,
2026-10-01,TWT96U,tpex,00720B,1346513,,,
2026-10-01,TWT96U,twse,00410A,2119890,,,
2026-10-01,TWT96U,tpex,00722B,1073544,,,
2026-10-01,TWT96U,twse,0050,21875924,,,
2026-10-01,TWT96U,tpex,00723B,51222,,,
2026-10-01,TWT96U,twse,0051,14409,,,
2026-10-01,TWT96U,tpex,00724B,1174352,,,
2026-10-01,TWT96U,twse,0052,4074245,,,
2026-10-01,TWT96U,tpex,00725B,813812,,,
2026-10-01,TWT96U,twse,0053,30095,,,
2026-10-01,TWT96U,tpex,00726B,61077,,,
2026-10-01,TWT96U,twse,0055,214349,,,
2026-10-01,TWT96U,tpex,00727B,52724,,,
2026-10-01,TWT96U,twse,0056,7635974,,,
2026-10-01,TWT96U,tpex,00734B,49032,,,
2026-10-01,TWT96U,twse,0057,7287,,,
2026-10-01,TWT96U,tpex,00740B,525177,,,
2026-10-01,TWT96U,twse,0061,28733,,,
2026-10-01,TWT96U,tpex,00741B,35804,,,
2026-10-01,TWT96U,twse,006203,4690,,,
2026-10-01,TWT96U,tpex,00746B,146097,,,
2026-10-01,TWT96U,twse,006204,7305,,,
2026-10-01,TWT96U,tpex,00749B,36530,,,
2026-10-01,TWT96U,twse,006205,58609,,,
2026-10-01,TWT96U,tpex,00750B,34727,,,
2026-10-01,TWT96U,twse,006206,13853,,,
2026-10-01,TWT96U,tpex,00751B,1537738,,,
2026-10-01,TWT96U,twse,006207,53310,,,
2026-10-01,TWT96U,tpex,00754B,37401,,,
2026-10-01,TWT96U,twse,006208,638626,,,
2026-10-01,TWT96U,tpex,00755B,35370,,,
2026-10-01,TWT96U,twse,00631L,48530768,,,
2026-10-01,TWT96U,tpex,00756B,58521,,,
2026-10-01,TWT96U,twse,00632R,39767757,,,
2026-10-01,TWT96U,tpex,00758B,30186,,,
2026-10-01,TWT96U,twse,00633L,595971,,,
2026-10-01,TWT96U,tpex,00759B,30345,,,
2026-10-01,TWT96U,twse,00634R,122276,,,
2026-10-01,TWT96U,tpex,00760B,31788,,,
2026-10-01,TWT96U,twse,00635U,1199741,,,
2026-10-01,TWT96U,tpex,00761B,95642,,,
2026-10-01,TWT96U,twse,00636,105292,,,
2026-10-01,TWT96U,tpex,00764B,1834171,,,
2026-10-01,TWT96U,twse,00637L,5058819,,,
2026-10-01,TWT96U,tpex,00768B,155244,,,
2026-10-01,TWT96U,twse,00638R,36873,,,
2026-10-01,TWT96U,tpex,00772B,592653,,,
2026-10-01,TWT96U,twse,00639,174257,,,
2026-10-01,TWT96U,tpex,00773B,375769,,,
2026-10-01,TWT96U,twse,00640L,26567,,,
2026-10-01,TWT96U,tpex,00777B,34215,,,
2026-10-01,TWT96U,twse,00641R,347741,,,
2026-10-01,TWT96U,tpex,00778B,30756,,,
2026-10-01,TWT96U,twse,00642U,705853,,,
2026-10-01,TWT96U,tpex,00779B,95200,,,
2026-10-01,TWT96U,twse,00643,753417,,,
2026-10-01,TWT96U,tpex,00780B,43479,,,
2026-10-01,TWT96U,twse,00645,45912,,,
2026-10-01,TWT96U,tpex,00781B,52134,,,
2026-10-01,TWT96U,twse,00646,841372,,,
2026-10-01,TWT96U,tpex,00782B,72736,,,
2026-10-01,TWT96U,twse,00647L,13788,,,
2026-10-01,TWT96U,tpex,00785B,22966,,,
2026-10-01,TWT96U,twse,00648R,238766,,,
2026-10-01,TWT96U,tpex,00786B,11157,,,
2026-10-01,TWT96U,twse,00650L,538767,,,
2026-10-01,TWT96U,tpex,00787B,4326,,,
2026-10-01,TWT96U,twse,00651R,53998,,,
2026-10-01,TWT96U,tpex,00788B,9560,,,
2026-10-01,TWT96U,twse,00652,60248,,,
2026-10-01,TWT96U,tpex,00789B,34043,,,
2026-10-01,TWT96U,twse,00653L,47863,,,
2026-10-01,TWT96U,tpex,00791B,31348,,,
2026-10-01,TWT96U,twse,00654R,12498,,,
2026-10-01,TWT96U,tpex,00792B,41572,,,
2026-10-01,TWT96U,twse,00655L,256016,,,
2026-10-01,TWT96U,tpex,00795B,1617341,,,
2026-10-01,TWT96U,twse,00656R,101020,,,
2026-10-01,TWT96U,tpex,00799B,70844,,,
2026-10-01,TWT96U,twse,00657,31035,,,
2026-10-01,TWT96U,tpex,00834B,33782,,,
2026-10-01,TWT96U,twse,00660,7069,,,
2026-10-01,TWT96U,tpex,00836B,17002,,,
2026-10-01,TWT96U,twse,00661,35860,,,
2026-10-01,TWT96U,tpex,00840B,31231,,,
2026-10-01,TWT96U,twse,00662,889400,,,
2026-10-01,TWT96U,tpex,00841B,30257,,,
2026-10-01,TWT96U,twse,00663L,1628127,,,
2026-10-01,TWT96U,tpex,00842B,84243,,,
2026-10-01,TWT96U,twse,00664R,6503997,,,
2026-10-01,TWT96U,tpex,00844B,28393,,,
2026-10-01,TWT96U,twse,00665L,2828786,,,
2026-10-01,TWT96U,tpex,00845B,39351,,,
2026-10-01,TWT96U,twse,00666R,54984,,,
2026-10-01,TWT96U,tpex,00846B,31153,,,
2026-10-01,TWT96U,twse,00668,34713,,,
2026-10-01,TWT96U,tpex,00848B,98038,,,
2026-10-01,TWT96U,twse,00669R,166126,,,
2026-10-01,TWT96U,tpex,00849B,100166,,,
2026-10-01,TWT96U,twse,00670L,170505,,,
2026-10-01,TWT96U,tpex,00853B,315182,,,
2026-10-01,TWT96U,twse,00671R,1334447,,,
2026-10-01,TWT96U,tpex,00856B,6780,,,
2026-10-01,TWT96U,twse,00673R,10544608,,,
2026-10-01,TWT96U,tpex,00857B,295456,,,
2026-10-01,TWT96U,twse,00674R,67127,,,
2026-10-01,TWT96U,tpex,00858,107957,,,
2026-10-01,TWT96U,twse,00675L,313162,,,
2026-10-01,TWT96U,tpex,00859B,847719,,,
2026-10-01,TWT96U,twse,00676R,1927979,,,
2026-10-01,TWT96U,tpex,00860B,32841,,,
2026-10-01,TWT96U,twse,00678,132076,,,
2026-10-01,TWT96U,tpex,00862B,120492,,,
2026-10-01,TWT96U,twse,00680L,3504645,,,
2026-10-01,TWT96U,tpex,00863B,111700,,,
2026-10-01,TWT96U,twse,00681R,23076,,,
2026-10-01,TWT96U,tpex,00864B,342162,,,
2026-10-01,TWT96U,twse,00682U,796,,,
2026-10-01,TWT96U,tpex,00867B,33851,,,
2026-10-01,TWT96U,twse,00683L,21213,,,
2026-10-01,TWT96U,tpex,00870B,9031,,,
2026-10-01,TWT96U,twse,00684R,10144,,,
2026-10-01,TWT96U,tpex,00877,744653,,,
2026-10-01,TWT96U,twse,00685L,53742600,,,
2026-10-01,TWT96U,tpex,00884B,97572,,,
2026-10-01,TWT96U,twse,00686R,2453541,,,
2026-10-01,TWT96U,tpex,00886,7790,,,
2026-10-01,TWT96U,twse,00688L,1313004,,,
2026-10-01,TWT96U,tpex,00887,1355252,,,
2026-10-01,TWT96U,twse,00689R,25947,,,
2026-10-01,TWT96U,tpex,00888,1858210,,,
2026-10-01,TWT96U,twse,00690,104993,,,
2026-10-01,TWT96U,tpex,00890B,32593,,,
2026-10-01,TWT96U,twse,00692,184582,,,
2026-10-01,TWT96U,tpex,00928,150834,,,
2026-10-01,TWT96U,twse,00693U,358415,,,
2026-10-01,TWT96U,tpex,00931B,783717,,,
2026-10-01,TWT96U,twse,00700,46202,,,
2026-10-01,TWT96U,tpex,00933B,2530938,,,
2026-10-01,TWT96U,twse,00701,210818,,,
2026-10-01,TWT96U,tpex,00937B,14079898,,,
2026-10-01,TWT96U,twse,00702,29182,,,
2026-10-01,TWT96U,tpex,00942B,374627,,,
2026-10-01,TWT96U,twse,00703,10679,,,
2026-10-01,TWT96U,tpex,00948B,1025995,,,
2026-10-01,TWT96U,twse,00706L,306638,,,
2026-10-01,TWT96U,tpex,00950B,818168,,,
2026-10-01,TWT96U,twse,00707R,1191,,,
2026-10-01,TWT96U,tpex,00955,1245691,,,
2026-10-01,TWT96U,twse,00708L,1689066,,,
2026-10-01,TWT96U,tpex,00957B,74361,,,
2026-10-01,TWT96U,twse,00709,16858,,,
2026-10-01,TWT96U,tpex,00958B,202525,,,
2026-10-01,TWT96U,twse,00710B,69064,,,
2026-10-01,TWT96U,tpex,00959B,372539,,,
2026-10-01,TWT96U,twse,00711B,33668,,,
2026-10-01,TWT96U,tpex,00966B,292276,,,
2026-10-01,TWT96U,twse,00712,17437756,,,
2026-10-01,TWT96U,tpex,00967B,163783,,,
2026-10-01,TWT96U,twse,00713,1581362,,,
2026-10-01,TWT96U,tpex,00968B,480624,,,
2026-10-01,TWT96U,twse,00714,68013,,,
2026-10-01,TWT96U,tpex,00969B,263199,,,
2026-10-01,TWT96U,twse,00715L,1710942,,,
2026-10-01,TWT96U,tpex,00970B,549957,,,
2026-10-01,TWT96U,twse,00717,37195,,,
2026-10-01,TWT96U,tpex,009806,34973,,,
2026-10-01,TWT96U,twse,00728,81390,,,
2026-10-01,TWT96U,tpex,009807,15007,,,
2026-10-01,TWT96U,twse,00730,35781,,,
2026-10-01,TWT96U,tpex,00980B,155276,,,
2026-10-01,TWT96U,twse,00731,200412,,,
2026-10-01,TWT96U,tpex,00980D,200787,,,
2026-10-01,TWT96U,twse,00733,96975,,,
2026-10-01,TWT96U,tpex,00980T,61209,,,
2026-10-01,TWT96U,twse,00735,493633,,,
2026-10-01,TWT96U,tpex,009814,257282,,,
2026-10-01,TWT96U,twse,00736,34325,,,
2026-10-01,TWT96U,tpex,009815,487999,,,
2026-10-01,TWT96U,twse,00737,31823,,,
2026-10-01,TWT96U,tpex,00981B,4033173,,,
2026-10-01,TWT96U,twse,00738U,1087316,,,
2026-10-01,TWT96U,tpex,00981D,921026,,,
2026-10-01,TWT96U,twse,00739,16892,,,
2026-10-01,TWT96U,tpex,009822,389334,,,
2026-10-01,TWT96U,twse,00752,249373,,,
2026-10-01,TWT96U,tpex,009823,829727,,,
2026-10-01,TWT96U,twse,00753L,2736475,,,
2026-10-01,TWT96U,tpex,009825,324879,,,
2026-10-01,TWT96U,twse,00757,303754,,,
2026-10-01,TWT96U,tpex,00982B,26285,,,
2026-10-01,TWT96U,twse,00762,57611,,,
2026-10-01,TWT96U,tpex,00983B,142553,,,
2026-10-01,TWT96U,twse,00763U,135176,,,
2026-10-01,TWT96U,tpex,00984B,292968,,,
2026-10-01,TWT96U,twse,00770,251006,,,
2026-10-01,TWT96U,tpex,00985D,398657,,,
2026-10-01,TWT96U,twse,00771,7455,,,
2026-10-01,TWT96U,tpex,00986B,10354,,,
2026-10-01,TWT96U,twse,00775B,25925,,,
2026-10-01,TWT96U,tpex,00986D,190780,,,
2026-10-01,TWT96U,twse,00783,25180,,,
2026-10-01,TWT96U,tpex,00987B,229812,,,
2026-10-01,TWT96U,twse,00830,2089480,,,
2026-10-01,TWT96U,tpex,00987D,1413545,,,
2026-10-01,TWT96U,twse,00850,186519,,,
2026-10-01,TWT96U,tpex,00988B,542978,,,
2026-10-01,TWT96U,twse,00851,11485,,,
2026-10-01,TWT96U,tpex,00989B,1020301,,,
2026-10-01,TWT96U,twse,00852L,57645,,,
2026-10-01,TWT96U,tpex,00990B,560524,,,
2026-10-01,TWT96U,twse,00861,24921,,,
2026-10-01,TWT96U,tpex,00998A,1763431,,,
2026-10-01,TWT96U,twse,00865B,791108,,,
2026-10-01,TWT96U,tpex,1240,3978,,,
2026-10-01,TWT96U,twse,00875,87454,,,
2026-10-01,TWT96U,tpex,1259,7987,,,
2026-10-01,TWT96U,twse,00876,66780,,,
2026-10-01,TWT96U,tpex,1264,8506,,,
2026-10-01,TWT96U,twse,00878,12143465,,,
2026-10-01,TWT96U,tpex,1268,10366,,,
2026-10-01,TWT96U,twse,00881,7918621,,,
2026-10-01,TWT96U,tpex,1294,6057,,,
2026-10-01,TWT96U,twse,00882,1012928,,,
2026-10-01,TWT96U,tpex,1295,10261,,,
2026-10-01,TWT96U,twse,00885,648256,,,
2026-10-01,TWT96U,tpex,1336,115676,,,
2026-10-01,TWT96U,twse,00891,4799009,,,
2026-10-01,TWT96U,tpex,1565,33702,,,
2026-10-01,TWT96U,twse,00892,1257492,,,
2026-10-01,TWT96U,tpex,1569,628624,,,
2026-10-01,TWT96U,twse,00893,185367,,,
2026-10-01,TWT96U,tpex,1570,12397,,,
2026-10-01,TWT96U,twse,00894,375926,,,
2026-10-01,TWT96U,tpex,1580,28938,,,
2026-10-01,TWT96U,twse,00895,97101,,,
2026-10-01,TWT96U,tpex,1584,97113,,,
2026-10-01,TWT96U,twse,00896,2302459,,,
2026-10-01,TWT96U,tpex,1586,94274,,,
2026-10-01,TWT96U,twse,00897,340545,,,
2026-10-01,TWT96U,tpex,1591,98229,,,
2026-10-01,TWT96U,twse,00898,338296,,,
2026-10-01,TWT96U,tpex,1593,5126,,,
2026-10-01,TWT96U,twse,00899,10712,,,
2026-10-01,TWT96U,tpex,1595,215654,,,
2026-10-01,TWT96U,twse,00900,1579137,,,
2026-10-01,TWT96U,tpex,1599,5958,,,
2026-10-01,TWT96U,twse,00901,71790,,,
2026-10-01,TWT96U,tpex,1742,21623,,,
2026-10-01,TWT96U,twse,00902,203190,,,
2026-10-01,TWT96U,tpex,1777,12815,,,
2026-10-01,TWT96U,twse,00903,49445,,,
2026-10-01,TWT96U,tpex,1781,4468,,,
2026-10-01,TWT96U,twse,00904,251998,,,
2026-10-01,TWT96U,tpex,1784,20884,,,
2026-10-01,TWT96U,twse,00905,287333,,,
2026-10-01,TWT96U,tpex,1785,1194062,,,
2026-10-01,TWT96U,twse,00907,308878,,,
2026-10-01,TWT96U,tpex,1788,5171,,,
2026-10-01,TWT96U,twse,00908,32535,,,
2026-10-01,TWT96U,tpex,1796,4272,,,
2026-10-01,TWT96U,twse,00909,505592,,,
2026-10-01,TWT96U,tpex,1813,5418,,,
2026-10-01,TWT96U,twse,00910,182737,,,
2026-10-01,TWT96U,tpex,1815,20966291,,,
2026-10-01,TWT96U,twse,00911,138502,,,
2026-10-01,TWT96U,tpex,2061,570323,,,
2026-10-01,TWT96U,twse,00912,76286,,,
2026-10-01,TWT96U,tpex,2063,8706,,,
2026-10-01,TWT96U,twse,00913,408465,,,
2026-10-01,TWT96U,tpex,2064,36903,,,
2026-10-01,TWT96U,twse,00915,593072,,,
2026-10-01,TWT96U,tpex,2065,14886,,,
2026-10-01,TWT96U,twse,00916,145164,,,
2026-10-01,TWT96U,tpex,2066,16020,,,
2026-10-01,TWT96U,twse,00917,218352,,,
2026-10-01,TWT96U,tpex,2070,75475,,,
2026-10-01,TWT96U,twse,00918,19333604,,,
2026-10-01,TWT96U,tpex,2221,1410481,,,
2026-10-01,TWT96U,twse,00919,26594820,,,
2026-10-01,TWT96U,tpex,2230,30040,,,
2026-10-01,TWT96U,twse,00920,59638,,,
2026-10-01,TWT96U,tpex,2235,2076,,,
2026-10-01,TWT96U,twse,00921,134859,,,
2026-10-01,TWT96U,tpex,2596,34635,,,
2026-10-01,TWT96U,twse,00922,2202374,,,
2026-10-01,TWT96U,tpex,2640,11902,,,
2026-10-01,TWT96U,twse,00923,1696676,,,
2026-10-01,TWT96U,tpex,2641,1071283,,,
2026-10-01,TWT96U,twse,00924,365072,,,
2026-10-01,TWT96U,tpex,2643,3318,,,
2026-10-01,TWT96U,twse,00926,172533,,,
2026-10-01,TWT96U,tpex,2718,14628,,,
2026-10-01,TWT96U,twse,00927,4084788,,,
2026-10-01,TWT96U,tpex,2719,3618,,,
2026-10-01,TWT96U,twse,00929,9355312,,,
2026-10-01,TWT96U,tpex,2729,7915,,,
2026-10-01,TWT96U,twse,00930,576308,,,
2026-10-01,TWT96U,tpex,2732,7260,,,
2026-10-01,TWT96U,twse,00932,109585,,,
2026-10-01,TWT96U,tpex,2734,12016,,,
2026-10-01,TWT96U,twse,00934,686948,,,
2026-10-01,TWT96U,tpex,2736,19071,,,
2026-10-01,TWT96U,twse,00935,3271842,,,
2026-10-01,TWT96U,tpex,2743,20457,,,
2026-10-01,TWT96U,twse,00936,199216,,,
2026-10-01,TWT96U,tpex,2745,19431,,,
2026-10-01,TWT96U,twse,00938,385197,,,
2026-10-01,TWT96U,tpex,2751,1964,,,
2026-10-01,TWT96U,twse,00939,990567,,,
2026-10-01,TWT96U,tpex,2754,5852,,,
2026-10-01,TWT96U,twse,00940,3722547,,,
2026-10-01,TWT96U,tpex,2755,9525,,,
2026-10-01,TWT96U,twse,00941,321013,,,
2026-10-01,TWT96U,tpex,2756,8754,,,
2026-10-01,TWT96U,twse,00943,42340,,,
2026-10-01,TWT96U,tpex,2916,8288,,,
2026-10-01,TWT96U,twse,00944,61578,,,
2026-10-01,TWT96U,tpex,2926,2728,,,
2026-10-01,TWT96U,twse,00945B,1262534,,,
2026-10-01,TWT96U,tpex,3066,503148,,,
2026-10-01,TWT96U,twse,00946,495936,,,
2026-10-01,TWT96U,tpex,3071,48953,,,
2026-10-01,TWT96U,twse,00947,1876251,,,
2026-10-01,TWT96U,tpex,3073,11396,,,
2026-10-01,TWT96U,twse,00949,175787,,,
2026-10-01,TWT96U,tpex,3078,231484,,,
2026-10-01,TWT96U,twse,00951,710097,,,
2026-10-01,TWT96U,tpex,3081,1178839,,,
2026-10-01,TWT96U,twse,00952,502462,,,
2026-10-01,TWT96U,tpex,3083,15547,,,
2026-10-01,TWT96U,twse,00953B,11996080,,,
2026-10-01,TWT96U,tpex,3086,41464,,,
2026-10-01,TWT96U,twse,00954,496373,,,
2026-10-01,TWT96U,tpex,3088,198849,,,
2026-10-01,TWT96U,twse,00956,62727,,,
2026-10-01,TWT96U,tpex,3093,84852,,,
2026-10-01,TWT96U,twse,00960,368783,,,
2026-10-01,TWT96U,tpex,3095,3051,,,
2026-10-01,TWT96U,twse,00961,8355766,,,
2026-10-01,TWT96U,tpex,3105,8697927,,,
2026-10-01,TWT96U,twse,00962,944718,,,
2026-10-01,TWT96U,tpex,3114,89495,,,
2026-10-01,TWT96U,twse,00963,415277,,,
2026-10-01,TWT96U,tpex,3118,5158,,,
2026-10-01,TWT96U,twse,00964,447436,,,
2026-10-01,TWT96U,tpex,3128,39548,,,
2026-10-01,TWT96U,twse,00965,357050,,,
2026-10-01,TWT96U,tpex,3131,130355,,,
2026-10-01,TWT96U,twse,00971,58122,,,
2026-10-01,TWT96U,tpex,3141,1353666,,,
2026-10-01,TWT96U,twse,00972,27854,,,
2026-10-01,TWT96U,tpex,3147,148069,,,
2026-10-01,TWT96U,twse,009800,320404,,,
2026-10-01,TWT96U,tpex,3152,61986,,,
2026-10-01,TWT96U,twse,009801,235891,,,
2026-10-01,TWT96U,tpex,3162,461177,,,
2026-10-01,TWT96U,twse,009802,2956073,,,
2026-10-01,TWT96U,tpex,3163,710694,,,
2026-10-01,TWT96U,twse,009803,1680831,,,
2026-10-01,TWT96U,tpex,3169,94256,,,
2026-10-01,TWT96U,twse,009804,335845,,,
2026-10-01,TWT96U,tpex,3171,6317,,,
2026-10-01,TWT96U,twse,009805,1444219,,,
2026-10-01,TWT96U,tpex,3176,265362,,,
2026-10-01,TWT96U,twse,009808,48001,,,
2026-10-01,TWT96U,tpex,3178,91096,,,
2026-10-01,TWT96U,twse,009809,76031,,,
2026-10-01,TWT96U,tpex,3188,45111,,,
2026-10-01,TWT96U,twse,00980A,2454223,,,
2026-10-01,TWT96U,tpex,3205,8249,,,
2026-10-01,TWT96U,twse,009810,43606,,,
2026-10-01,TWT96U,tpex,3206,11119,,,
2026-10-01,TWT96U,twse,009811,325026,,,
2026-10-01,TWT96U,tpex,3207,42400,,,
2026-10-01,TWT96U,twse,009812,142245,,,
2026-10-01,TWT96U,tpex,3211,9402,,,
2026-10-01,TWT96U,twse,009813,387088,,,
2026-10-01,TWT96U,tpex,3213,74235,,,
2026-10-01,TWT96U,twse,009816,26917472,,,
2026-10-01,TWT96U,tpex,3217,104173,,,
2026-10-01,TWT96U,twse,009817,262637,,,
2026-10-01,TWT96U,tpex,3218,52122,,,
2026-10-01,TWT96U,twse,009818,54722,,,
2026-10-01,TWT96U,tpex,3219,334099,,,
2026-10-01,TWT96U,twse,009819,1150614,,,
2026-10-01,TWT96U,tpex,3221,689293,,,
2026-10-01,TWT96U,twse,00981A,50408995,,,
2026-10-01,TWT96U,tpex,3224,12534,,,
2026-10-01,TWT96U,twse,00981T,713238,,,
2026-10-01,TWT96U,tpex,3226,10275,,,
2026-10-01,TWT96U,twse,009820,2111611,,,
2026-10-01,TWT96U,tpex,3227,188767,,,
2026-10-01,TWT96U,twse,009821,2367351,,,
2026-10-01,TWT96U,tpex,3230,208452,,,
2026-10-01,TWT96U,twse,009824,1732339,,,
2026-10-01,TWT96U,tpex,3232,12237,,,
2026-10-01,TWT96U,twse,009826,4569195,,,
2026-10-01,TWT96U,tpex,3236,693862,,,
2026-10-01,TWT96U,twse,009827,2553618,,,
2026-10-01,TWT96U,tpex,3252,9526,,,
2026-10-01,TWT96U,twse,009828,20122490,,,
2026-10-01,TWT96U,tpex,3260,2294129,,,
2026-10-01,TWT96U,twse,009829,9602273,,,
2026-10-01,TWT96U,tpex,3264,3122167,,,
2026-10-01,TWT96U,twse,00982A,5848639,,,
2026-10-01,TWT96U,tpex,3265,561820,,,
2026-10-01,TWT96U,twse,00982D,175639,,,
2026-10-01,TWT96U,tpex,3268,22151,,,
2026-10-01,TWT96U,twse,00982T,55883,,,
2026-10-01,TWT96U,tpex,3272,21369,,,
2026-10-01,TWT96U,twse,00983A,449618,,,
2026-10-01,TWT96U,tpex,3276,29224,,,
2026-10-01,TWT96U,twse,00983D,250687,,,
2026-10-01,TWT96U,tpex,3284,44283,,,
2026-10-01,TWT96U,twse,00984A,1075746,,,
2026-10-01,TWT96U,tpex,3285,11750,,,
2026-10-01,TWT96U,twse,00984D,6486971,,,
2026-10-01,TWT96U,tpex,3287,173779,,,
2026-10-01,TWT96U,twse,00985A,779058,,,
2026-10-01,TWT96U,tpex,3289,163227,,,
2026-10-01,TWT96U,twse,00985B,2205038,,,
2026-10-01,TWT96U,tpex,3290,173190,,,
2026-10-01,TWT96U,twse,00986A,71813,,,
2026-10-01,TWT96U,tpex,3293,947770,,,
2026-10-01,TWT96U,twse,00987A,647166,,,
2026-10-01,TWT96U,tpex,3294,175299,,,
2026-10-01,TWT96U,twse,00988A,7916174,,,
2026-10-01,TWT96U,tpex,3297,94423,,,
2026-10-01,TWT96U,twse,00989A,278014,,,
2026-10-01,TWT96U,tpex,3303,69118,,,
2026-10-01,TWT96U,twse,00990A,4264842,,,
2026-10-01,TWT96U,tpex,3306,23465,,,
2026-10-01,TWT96U,twse,00991A,23117750,,,
2026-10-01,TWT96U,tpex,3310,4257,,,
2026-10-01,TWT96U,twse,00991B,265338,,,
2026-10-01,TWT96U,tpex,3313,49596,,,
2026-10-01,TWT96U,twse,00992A,10829655,,,
2026-10-01,TWT96U,tpex,3317,482597,,,
2026-10-01,TWT96U,twse,00993A,1345993,,,
2026-10-01,TWT96U,tpex,3322,65092,,,
2026-10-01,TWT96U,twse,00994A,1067546,,,
2026-10-01,TWT96U,tpex,3323,80147,,,
2026-10-01,TWT96U,twse,00995A,1048533,,,
2026-10-01,TWT96U,tpex,3324,1204923,,,
2026-10-01,TWT96U,twse,00996A,1056167,,,
2026-10-01,TWT96U,tpex,3332,1631,,,
2026-10-01,TWT96U,twse,00997A,2602656,,,
2026-10-01,TWT96U,tpex,3339,849600,,,
2026-10-01,TWT96U,twse,00999A,3075886,,,
2026-10-01,TWT96U,tpex,3354,400137,,,
2026-10-01,TWT96U,twse,1101,15170519,,,
2026-10-01,TWT96U,tpex,3357,375294,,,
2026-10-01,TWT96U,twse,1102,2588217,,,
2026-10-01,TWT96U,tpex,3360,100559,,,
2026-10-01,TWT96U,twse,1103,102073,,,
2026-10-01,TWT96U,tpex,3362,1590795,,,
2026-10-01,TWT96U,twse,1104,281645,,,
2026-10-01,TWT96U,tpex,3363,1100764,,,
2026-10-01,TWT96U,twse,1108,75492,,,
2026-10-01,TWT96U,tpex,3373,12599,,,
2026-10-01,TWT96U,twse,1109,36650,,,
2026-10-01,TWT96U,tpex,3374,4180355,,,
2026-10-01,TWT96U,twse,1110,83292,,,
2026-10-01,TWT96U,tpex,3379,25233,,,
2026-10-01,TWT96U,twse,1201,276626,,,
2026-10-01,TWT96U,tpex,3388,664459,,,
2026-10-01,TWT96U,twse,1203,5608,,,
2026-10-01,TWT96U,tpex,3390,44392,,,
2026-10-01,TWT96U,twse,1210,364125,,,
2026-10-01,TWT96U,tpex,3402,59053,,,
2026-10-01,TWT96U,twse,1215,210697,,,
2026-10-01,TWT96U,tpex,3430,100164,,,
2026-10-01,TWT96U,twse,1216,2980254,,,
2026-10-01,TWT96U,tpex,3434,47235,,,
2026-10-01,TWT96U,twse,1217,117490,,,
2026-10-01,TWT96U,tpex,3438,37138,,,
2026-10-01,TWT96U,twse,1218,296872,,,
2026-10-01,TWT96U,tpex,3441,2893992,,,
2026-10-01,TWT96U,twse,1219,91025,,,
2026-10-01,TWT96U,tpex,3444,126243,,,
2026-10-01,TWT96U,twse,1220,27624,,,
2026-10-01,TWT96U,tpex,3455,755321,,,
2026-10-01,TWT96U,twse,1227,203785,,,
2026-10-01,TWT96U,tpex,3465,5699,,,
2026-10-01,TWT96U,twse,1229,567395,,,
2026-10-01,TWT96U,tpex,3466,40414,,,
2026-10-01,TWT96U,twse,1231,75937,,,
2026-10-01,TWT96U,tpex,3467,145750,,,
2026-10-01,TWT96U,twse,1232,30197,,,
2026-10-01,TWT96U,tpex,3479,163263,,,
2026-10-01,TWT96U,twse,1233,6806,,,
2026-10-01,TWT96U,tpex,3483,95768,,,
2026-10-01,TWT96U,twse,1234,25031,,,
2026-10-01,TWT96U,tpex,3484,56335,,,
2026-10-01,TWT96U,twse,1235,10113,,,
2026-10-01,TWT96U,tpex,3485,40956,,,
2026-10-01,TWT96U,twse,1236,18609,,,
2026-10-01,TWT96U,tpex,3489,61244,,,
2026-10-01,TWT96U,twse,1256,20231,,,
2026-10-01,TWT96U,tpex,3490,1439022,,,
2026-10-01,TWT96U,twse,1301,8919562,,,
2026-10-01,TWT96U,tpex,3491,477639,,,
2026-10-01,TWT96U,twse,1303,25670509,,,
2026-10-01,TWT96U,tpex,3492,23473,,,
2026-10-01,TWT96U,twse,1304,813447,,,
2026-10-01,TWT96U,tpex,3498,869122,,,
2026-10-01,TWT96U,twse,1305,511042,,,
2026-10-01,TWT96U,tpex,3511,36418,,,
2026-10-01,TWT96U,twse,1307,137634,,,
2026-10-01,TWT96U,tpex,3512,9331,,,
2026-10-01,TWT96U,twse,1308,489246,,,
2026-10-01,TWT96U,tpex,3516,30745,,,
2026-10-01,TWT96U,twse,1309,686655,,,
2026-10-01,TWT96U,tpex,3520,47899,,,
2026-10-01,TWT96U,twse,1310,995622,,,
2026-10-01,TWT96U,tpex,3521,10424,,,
2026-10-01,TWT96U,twse,1312,8697368,,,
2026-10-01,TWT96U,tpex,3526,60208,,,
2026-10-01,TWT96U,twse,1313,789962,,,
2026-10-01,TWT96U,tpex,3527,20322,,,
2026-10-01,TWT96U,twse,1314,10866518,,,
2026-10-01,TWT96U,tpex,3529,477731,,,
2026-10-01,TWT96U,twse,1315,15208,,,
2026-10-01,TWT96U,tpex,3531,1480,,,
2026-10-01,TWT96U,twse,1316,1098450,,,
2026-10-01,TWT96U,tpex,3537,101464,,,
2026-10-01,TWT96U,twse,1319,463779,,,
2026-10-01,TWT96U,tpex,3540,226215,,,
2026-10-01,TWT96U,twse,1321,31542,,,
2026-10-01,TWT96U,tpex,3541,23077,,,
2026-10-01,TWT96U,twse,1323,10503,,,
2026-10-01,TWT96U,tpex,3546,35599,,,
2026-10-01,TWT96U,twse,1324,7181,,,
2026-10-01,TWT96U,tpex,3548,97419,,,
2026-10-01,TWT96U,twse,1325,47128,,,
2026-10-01,TWT96U,tpex,3551,127599,,,
2026-10-01,TWT96U,twse,1326,9917054,,,
2026-10-01,TWT96U,tpex,3552,133861,,,
2026-10-01,TWT96U,twse,1337,81876,,,
2026-10-01,TWT96U,tpex,3555,30023,,,
2026-10-01,TWT96U,twse,1338,22465,,,
2026-10-01,TWT96U,tpex,3556,73312,,,
2026-10-01,TWT96U,twse,1339,28376,,,
2026-10-01,TWT96U,tpex,3558,25169,,,
2026-10-01,TWT96U,twse,1340,32134,,,
2026-10-01,TWT96U,tpex,3564,85737,,,
2026-10-01,TWT96U,twse,1342,39933,,,
2026-10-01,TWT96U,tpex,3567,13759,,,
2026-10-01,TWT96U,twse,1402,3674425,,,
2026-10-01,TWT96U,tpex,3570,6321,,,
2026-10-01,TWT96U,twse,1409,5051395,,,
2026-10-01,TWT96U,tpex,3577,100034,,,
2026-10-01,TWT96U,twse,1410,36810,,,
2026-10-01,TWT96U,tpex,3580,198711,,,
2026-10-01,TWT96U,twse,1414,84309,,,
2026-10-01,TWT96U,tpex,3581,100563,,,
2026-10-01,TWT96U,twse,1416,92702,,,
2026-10-01,TWT96U,tpex,3587,130419,,,
2026-10-01,TWT96U,twse,1417,44441,,,
2026-10-01,TWT96U,tpex,3594,176820,,,
2026-10-01,TWT96U,twse,1418,6924,,,
2026-10-01,TWT96U,tpex,3597,10755,,,
2026-10-01,TWT96U,twse,1419,26269,,,
2026-10-01,TWT96U,tpex,3609,76340,,,
2026-10-01,TWT96U,twse,1423,3142,,,
2026-10-01,TWT96U,tpex,3611,10629,,,
2026-10-01,TWT96U,twse,1432,22580,,,
2026-10-01,TWT96U,tpex,3615,211765,,,
2026-10-01,TWT96U,twse,1434,540029,,,
2026-10-01,TWT96U,tpex,3623,75970,,,
2026-10-01,TWT96U,twse,1436,51668,,,
2026-10-01,TWT96U,tpex,3624,5268671,,,
2026-10-01,TWT96U,twse,1437,134095,,,
2026-10-01,TWT96U,tpex,3628,41238,,,
2026-10-01,TWT96U,twse,1438,14409,,,
2026-10-01,TWT96U,tpex,3630,226710,,,
2026-10-01,TWT96U,twse,1439,9352,,,
2026-10-01,TWT96U,tpex,3631,76890,,,
2026-10-01,TWT96U,twse,1440,807882,,,
2026-10-01,TWT96U,tpex,3646,5641,,,
2026-10-01,TWT96U,twse,1442,102965,,,
2026-10-01,TWT96U,tpex,3663,122215,,,
2026-10-01,TWT96U,twse,1443,4188,,,
2026-10-01,TWT96U,tpex,3666,11883,,,
2026-10-01,TWT96U,twse,1444,445323,,,
2026-10-01,TWT96U,tpex,3675,408638,,,
2026-10-01,TWT96U,twse,1445,20885,,,
2026-10-01,TWT96U,tpex,3680,523421,,,
2026-10-01,TWT96U,twse,1446,35739,,,
2026-10-01,TWT96U,tpex,3684,8649,,,
2026-10-01,TWT96U,twse,1449,87002,,,
2026-10-01,TWT96U,tpex,3687,13488,,,
2026-10-01,TWT96U,twse,1451,23729,,,
2026-10-01,TWT96U,tpex,3689,284871,,,
2026-10-01,TWT96U,twse,1452,21727,,,
2026-10-01,TWT96U,tpex,3691,206424,,,
2026-10-01,TWT96U,twse,1453,10009,,,
2026-10-01,TWT96U,tpex,3693,506911,,,
2026-10-01,TWT96U,twse,1454,10450,,,
2026-10-01,TWT96U,tpex,3707,2269191,,,
2026-10-01,TWT96U,twse,1455,307151,,,
2026-10-01,TWT96U,tpex,3709,107107,,,
2026-10-01,TWT96U,twse,1456,46205,,,
2026-10-01,TWT96U,tpex,3718,1205055,,,
2026-10-01,TWT96U,twse,1457,25305,,,
2026-10-01,TWT96U,tpex,4102,6188,,,
2026-10-01,TWT96U,twse,1459,59926,,,
2026-10-01,TWT96U,tpex,4105,129662,,,
2026-10-01,TWT96U,twse,1463,18966,,,
2026-10-01,TWT96U,tpex,4107,11325,,,
2026-10-01,TWT96U,twse,1464,85461,,,
2026-10-01,TWT96U,tpex,4109,105100,,,
2026-10-01,TWT96U,twse,1465,58166,,,
2026-10-01,TWT96U,tpex,4111,22323,,,
2026-10-01,TWT96U,twse,1466,75863,,,
2026-10-01,TWT96U,tpex,4113,58826,,,
2026-10-01,TWT96U,twse,1467,54315,,,
2026-10-01,TWT96U,tpex,4114,218991,,,
2026-10-01,TWT96U,twse,1470,4133,,,
2026-10-01,TWT96U,tpex,4116,7732,,,
2026-10-01,TWT96U,twse,1472,10674,,,
2026-10-01,TWT96U,tpex,4120,5715,,,
2026-10-01,TWT96U,twse,1473,14367,,,
2026-10-01,TWT96U,tpex,4121,9434,,,
2026-10-01,TWT96U,twse,1474,22395,,,
2026-10-01,TWT96U,tpex,4123,488472,,,
2026-10-01,TWT96U,twse,1475,5776,,,
2026-10-01,TWT96U,tpex,4126,8109,,,
2026-10-01,TWT96U,twse,1476,367631,,,
2026-10-01,TWT96U,tpex,4127,131118,,,
2026-10-01,TWT96U,twse,1477,480965,,,
2026-10-01,TWT96U,tpex,4128,306014,,,
2026-10-01,TWT96U,twse,1503,437039,,,
2026-10-01,TWT96U,tpex,4129,85603,,,
2026-10-01,TWT96U,twse,1504,2184910,,,
2026-10-01,TWT96U,tpex,4138,11820,,,
2026-10-01,TWT96U,twse,1513,634218,,,
2026-10-01,TWT96U,tpex,4147,318046,,,
2026-10-01,TWT96U,twse,1514,389971,,,
2026-10-01,TWT96U,tpex,4153,2974,,,
2026-10-01,TWT96U,twse,1515,639570,,,
2026-10-01,TWT96U,tpex,4157,219651,,,
2026-10-01,TWT96U,twse,1517,77809,,,
2026-10-01,TWT96U,tpex,4160,7662,,,
2026-10-01,TWT96U,twse,1519,498535,,,
2026-10-01,TWT96U,tpex,4161,5946,,,
2026-10-01,TWT96U,twse,1521,8868,,,
2026-10-01,TWT96U,tpex,4162,77690,,,
2026-10-01,TWT96U,twse,1522,131537,,,
2026-10-01,TWT96U,tpex,4163,20060,,,
2026-10-01,TWT96U,twse,1524,74715,,,
2026-10-01,TWT96U,tpex,4166,24832,,,
2026-10-01,TWT96U,twse,1525,4182,,,
2026-10-01,TWT96U,tpex,4167,262677,,,
2026-10-01,TWT96U,twse,1526,53572,,,
2026-10-01,TWT96U,tpex,4171,15141,,,
2026-10-01,TWT96U,twse,1527,37651,,,
2026-10-01,TWT96U,tpex,4173,12408,,,
2026-10-01,TWT96U,twse,1528,2113304,,,
2026-10-01,TWT96U,tpex,4174,231912,,,
2026-10-01,TWT96U,twse,1529,203369,,,
2026-10-01,TWT96U,tpex,4175,2959,,,
2026-10-01,TWT96U,twse,1530,7344,,,
2026-10-01,TWT96U,tpex,4205,6536,,,
2026-10-01,TWT96U,twse,1531,78296,,,
2026-10-01,TWT96U,tpex,4207,27271,,,
2026-10-01,TWT96U,twse,1532,101837,,,
2026-10-01,TWT96U,tpex,4303,410570,,,
2026-10-01,TWT96U,twse,1533,26167,,,
2026-10-01,TWT96U,tpex,4305,849,,,
2026-10-01,TWT96U,twse,1535,12017,,,
2026-10-01,TWT96U,tpex,4401,12918,,,
2026-10-01,TWT96U,twse,1536,312642,,,
2026-10-01,TWT96U,tpex,4406,11823,,,
2026-10-01,TWT96U,twse,1537,43471,,,
2026-10-01,TWT96U,tpex,4413,15534,,,
2026-10-01,TWT96U,twse,1539,7073,,,
2026-10-01,TWT96U,tpex,4416,536154,,,
2026-10-01,TWT96U,twse,1540,32160,,,
2026-10-01,TWT96U,tpex,4417,22161,,,
2026-10-01,TWT96U,twse,1541,3296,,,
2026-10-01,TWT96U,tpex,4420,12561,,,
2026-10-01,TWT96U,twse,1558,42734,,,
2026-10-01,TWT96U,tpex,4430,13219,,,
2026-10-01,TWT96U,twse,1560,537378,,,
2026-10-01,TWT96U,tpex,4432,7186,,,
2026-10-01,TWT96U,twse,1563,344333,,,
2026-10-01,TWT96U,tpex,4433,22252,,,
2026-10-01,TWT96U,twse,1568,74712,,,
2026-10-01,TWT96U,tpex,4442,26354,,,
2026-10-01,TWT96U,twse,1582,115408,,,
2026-10-01,TWT96U,tpex,4503,58801,,,
2026-10-01,TWT96U,twse,1583,9872,,,
2026-10-01,TWT96U,tpex,4506,15277,,,
2026-10-01,TWT96U,twse,1587,38304,,,
2026-10-01,TWT96U,tpex,4510,497440,,,
2026-10-01,TWT96U,twse,1590,224859,,,
2026-10-01,TWT96U,tpex,4513,76750,,,
2026-10-01,TWT96U,twse,1597,725235,,,
2026-10-01,TWT96U,tpex,4523,15589,,,
2026-10-01,TWT96U,twse,1598,65286,,,
2026-10-01,TWT96U,tpex,4528,6271,,,
2026-10-01,TWT96U,twse,1603,39972,,,
2026-10-01,TWT96U,tpex,4530,8713,,,
2026-10-01,TWT96U,twse,1604,55140,,,
2026-10-01,TWT96U,tpex,4533,168208,,,
2026-10-01,TWT96U,twse,1605,5312245,,,
2026-10-01,TWT96U,tpex,4535,3712,,,
2026-10-01,TWT96U,twse,1608,842085,,,
2026-10-01,TWT96U,tpex,4538,5103,,,
2026-10-01,TWT96U,twse,1609,879733,,,
2026-10-01,TWT96U,tpex,4541,631744,,,
2026-10-01,TWT96U,twse,1611,260634,,,
2026-10-01,TWT96U,tpex,4542,265127,,,
2026-10-01,TWT96U,twse,1612,151659,,,
2026-10-01,TWT96U,tpex,4543,23493,,,
2026-10-01,TWT96U,twse,1614,16863,,,
2026-10-01,TWT96U,tpex,4549,18634,,,
2026-10-01,TWT96U,twse,1615,25830,,,
2026-10-01,TWT96U,tpex,4550,5926,,,
2026-10-01,TWT96U,twse,1616,90508,,,
2026-10-01,TWT96U,tpex,4554,12491,,,
2026-10-01,TWT96U,twse,1617,197624,,,
2026-10-01,TWT96U,tpex,4556,217334,,,
2026-10-01,TWT96U,twse,1618,118556,,,
2026-10-01,TWT96U,tpex,4558,13405,,,
2026-10-01,TWT96U,twse,1623,25826,,,
2026-10-01,TWT96U,tpex,4561,100384,,,
2026-10-01,TWT96U,twse,1626,20826,,,
2026-10-01,TWT96U,tpex,4563,56566,,,
2026-10-01,TWT96U,twse,1702,43606,,,
2026-10-01,TWT96U,tpex,4568,1373,,,
2026-10-01,TWT96U,twse,1707,146331,,,
2026-10-01,TWT96U,tpex,4577,181839,,,
2026-10-01,TWT96U,twse,1708,882953,,,
2026-10-01,TWT96U,tpex,4580,29983,,,
2026-10-01,TWT96U,twse,1709,6833373,,,
2026-10-01,TWT96U,tpex,4702,20679,,,
2026-10-01,TWT96U,twse,1710,1570171,,,
2026-10-01,TWT96U,tpex,4706,11737,,,
2026-10-01,TWT96U,twse,1711,1348245,,,
2026-10-01,TWT96U,tpex,4707,949747,,,
2026-10-01,TWT96U,twse,1712,311778,,,
2026-10-01,TWT96U,tpex,4711,13641,,,
2026-10-01,TWT96U,twse,1713,78225,,,
2026-10-01,TWT96U,tpex,4714,597357,,,
2026-10-01,TWT96U,twse,1714,3614797,,,
2026-10-01,TWT96U,tpex,4716,331974,,,
2026-10-01,TWT96U,twse,1717,3955765,,,
2026-10-01,TWT96U,tpex,4721,117792,,,
2026-10-01,TWT96U,twse,1718,4561893,,,
2026-10-01,TWT96U,tpex,4728,2400,,,
2026-10-01,TWT96U,twse,1720,54922,,,
2026-10-01,TWT96U,tpex,4729,20559,,,
2026-10-01,TWT96U,twse,1722,926800,,,
2026-10-01,TWT96U,tpex,4735,23868,,,
2026-10-01,TWT96U,twse,1723,169069,,,
2026-10-01,TWT96U,tpex,4741,25560,,,
2026-10-01,TWT96U,twse,1725,13657,,,
2026-10-01,TWT96U,tpex,4743,365861,,,
2026-10-01,TWT96U,twse,1726,7736,,,
2026-10-01,TWT96U,tpex,4744,21929,,,
2026-10-01,TWT96U,twse,1727,2795745,,,
2026-10-01,TWT96U,tpex,4745,7091,,,
2026-10-01,TWT96U,twse,1730,8992,,,
2026-10-01,TWT96U,tpex,4747,21744,,,
2026-10-01,TWT96U,twse,1731,24196,,,
2026-10-01,TWT96U,tpex,4749,181721,,,
2026-10-01,TWT96U,twse,1732,23676,,,
2026-10-01,TWT96U,tpex,4754,8499,,,
2026-10-01,TWT96U,twse,1733,36157,,,
2026-10-01,TWT96U,tpex,4760,107490,,,
2026-10-01,TWT96U,twse,1734,66244,,,
2026-10-01,TWT96U,tpex,4767,6037,,,
2026-10-01,TWT96U,twse,1735,20214,,,
2026-10-01,TWT96U,tpex,4768,127559,,,
2026-10-01,TWT96U,twse,1736,121977,,,
2026-10-01,TWT96U,tpex,4772,173302,,,
2026-10-01,TWT96U,twse,1737,128795,,,
2026-10-01,TWT96U,tpex,4903,684292,,,
2026-10-01,TWT96U,twse,1752,11790,,,
2026-10-01,TWT96U,tpex,4905,18438,,,
2026-10-01,TWT96U,twse,1760,32550,,,
2026-10-01,TWT96U,tpex,4907,24385,,,
2026-10-01,TWT96U,twse,1762,26038,,,
2026-10-01,TWT96U,tpex,4908,1581177,,,
2026-10-01,TWT96U,twse,1773,175545,,,
2026-10-01,TWT96U,tpex,4909,120390,,,
2026-10-01,TWT96U,twse,1776,15292,,,
2026-10-01,TWT96U,tpex,4911,5163,,,
2026-10-01,TWT96U,twse,1783,20330,,,
2026-10-01,TWT96U,tpex,4923,246828,,,
2026-10-01,TWT96U,twse,1786,53664,,,
2026-10-01,TWT96U,tpex,4924,113231,,,
2026-10-01,TWT96U,twse,1789,143987,,,
2026-10-01,TWT96U,tpex,4931,1447469,,,
2026-10-01,TWT96U,twse,1795,277342,,,
2026-10-01,TWT96U,tpex,4933,18603,,,
2026-10-01,TWT96U,twse,1802,7963523,,,
2026-10-01,TWT96U,tpex,4939,4240592,,,
2026-10-01,TWT96U,twse,1805,23109,,,
2026-10-01,TWT96U,tpex,4946,7213,,,
2026-10-01,TWT96U,twse,1806,55575,,,
2026-10-01,TWT96U,tpex,4951,127856,,,
2026-10-01,TWT96U,twse,1808,701657,,,
2026-10-01,TWT96U,tpex,4953,67922,,,
2026-10-01,TWT96U,twse,1809,778856,,,
2026-10-01,TWT96U,tpex,4966,198047,,,
2026-10-01,TWT96U,twse,1810,1252315,,,
2026-10-01,TWT96U,tpex,4971,823447,,,
2026-10-01,TWT96U,twse,1817,13578,,,
2026-10-01,TWT96U,tpex,4972,5128,,,
2026-10-01,TWT96U,twse,1903,29120,,,
2026-10-01,TWT96U,tpex,4973,294787,,,
2026-10-01,TWT96U,twse,1904,630694,,,
2026-10-01,TWT96U,tpex,4974,42296,,,
2026-10-01,TWT96U,twse,1905,493265,,,
2026-10-01,TWT96U,tpex,4979,2580777,,,
2026-10-01,TWT96U,twse,1906,19030,,,
2026-10-01,TWT96U,tpex,4991,1370149,,,
2026-10-01,TWT96U,twse,1907,281534,,,
2026-10-01,TWT96U,tpex,4995,7145,,,
2026-10-01,TWT96U,twse,1909,1021344,,,
2026-10-01,TWT96U,tpex,5009,469657,,,
2026-10-01,TWT96U,twse,2002,7898805,,,
2026-10-01,TWT96U,tpex,5011,60426,,,
2026-10-01,TWT96U,twse,2006,509777,,,
2026-10-01,TWT96U,tpex,5013,46629,,,
2026-10-01,TWT96U,twse,2008,5587,,,
2026-10-01,TWT96U,tpex,5014,50465,,,
2026-10-01,TWT96U,twse,2009,723276,,,
2026-10-01,TWT96U,tpex,5015,4459,,,
2026-10-01,TWT96U,twse,2010,245419,,,
2026-10-01,TWT96U,tpex,5016,2745,,,
2026-10-01,TWT96U,twse,2012,16866,,,
2026-10-01,TWT96U,tpex,5201,33810,,,
2026-10-01,TWT96U,twse,2013,17832,,,
2026-10-01,TWT96U,tpex,5202,225270,,,
2026-10-01,TWT96U,twse,2014,567243,,,
2026-10-01,TWT96U,tpex,5206,71390,,,
2026-10-01,TWT96U,twse,2015,48643,,,
2026-10-01,TWT96U,tpex,5209,36725,,,
2026-10-01,TWT96U,twse,2017,222789,,,
2026-10-01,TWT96U,tpex,5210,55937,,,
2026-10-01,TWT96U,twse,2020,139005,,,
2026-10-01,TWT96U,tpex,5211,13615,,,
2026-10-01,TWT96U,twse,2022,84741,,,
2026-10-01,TWT96U,tpex,5212,3365,,,
2026-10-01,TWT96U,twse,2023,311795,,,
2026-10-01,TWT96U,tpex,5213,58134,,,
2026-10-01,TWT96U,twse,2024,3518,,,
2026-10-01,TWT96U,tpex,5220,11274,,,
2026-10-01,TWT96U,twse,2025,157489,,,
2026-10-01,TWT96U,tpex,5223,5447,,,
2026-10-01,TWT96U,twse,2027,4219883,,,
2026-10-01,TWT96U,tpex,5228,68862,,,
2026-10-01,TWT96U,twse,2028,26041,,,
2026-10-01,TWT96U,tpex,5230,181953,,,
2026-10-01,TWT96U,twse,2029,114743,,,
2026-10-01,TWT96U,tpex,5245,15974,,,
2026-10-01,TWT96U,twse,2030,1400860,,,
2026-10-01,TWT96U,tpex,5251,78543,,,
2026-10-01,TWT96U,twse,2031,258674,,,
2026-10-01,TWT96U,tpex,5263,82497,,,
2026-10-01,TWT96U,twse,2032,255456,,,
2026-10-01,TWT96U,tpex,5272,16919,,,
2026-10-01,TWT96U,twse,2033,617889,,,
2026-10-01,TWT96U,tpex,5274,93515,,,
2026-10-01,TWT96U,twse,2034,670536,,,
2026-10-01,TWT96U,tpex,5278,20674,,,
2026-10-01,TWT96U,twse,2038,66502,,,
2026-10-01,TWT96U,tpex,5287,25144,,,
2026-10-01,TWT96U,twse,2049,1268722,,,
2026-10-01,TWT96U,tpex,5289,492386,,,
2026-10-01,TWT96U,twse,2059,157357,,,
2026-10-01,TWT96U,tpex,5291,337204,,,
2026-10-01,TWT96U,twse,2062,50863,,,
2026-10-01,TWT96U,tpex,5299,72572,,,
2026-10-01,TWT96U,twse,2069,401469,,,
2026-10-01,TWT96U,tpex,5309,428584,,,
2026-10-01,TWT96U,twse,2072,89380,,,
2026-10-01,TWT96U,tpex,5310,9636,,,
2026-10-01,TWT96U,twse,2101,492744,,,
2026-10-01,TWT96U,tpex,5312,7263,,,
2026-10-01,TWT96U,twse,2102,167796,,,
2026-10-01,TWT96U,tpex,5314,5975639,,,
2026-10-01,TWT96U,twse,2103,1471802,,,
2026-10-01,TWT96U,tpex,5315,66441,,,
2026-10-01,TWT96U,twse,2104,1231920,,,
2026-10-01,TWT96U,tpex,5321,244691,,,
2026-10-01,TWT96U,twse,2105,1212369,,,
2026-10-01,TWT96U,tpex,5328,1424907,,,
2026-10-01,TWT96U,twse,2106,567529,,,
2026-10-01,TWT96U,tpex,5340,1022072,,,
2026-10-01,TWT96U,twse,2107,81013,,,
2026-10-01,TWT96U,tpex,5347,4439102,,,
2026-10-01,TWT96U,twse,2108,230730,,,
2026-10-01,TWT96U,tpex,5351,4123467,,,
2026-10-01,TWT96U,twse,2109,33572,,,
2026-10-01,TWT96U,tpex,5353,11450,,,
2026-10-01,TWT96U,twse,2114,8185,,,
2026-10-01,TWT96U,tpex,5356,19752,,,
2026-10-01,TWT96U,twse,2115,19186,,,
2026-10-01,TWT96U,tpex,5364,14043,,,
2026-10-01,TWT96U,twse,2201,1303210,,,
2026-10-01,TWT96U,tpex,5381,144069,,,
2026-10-01,TWT96U,twse,2204,211874,,,
2026-10-01,TWT96U,tpex,5386,474826,,,
2026-10-01,TWT96U,twse,2206,184567,,,
2026-10-01,TWT96U,tpex,5392,430573,,,
2026-10-01,TWT96U,twse,2207,75433,,,
2026-10-01,TWT96U,tpex,5398,20765,,,
2026-10-01,TWT96U,twse,2211,175643,,,
2026-10-01,TWT96U,tpex,5403,9981,,,
2026-10-01,TWT96U,twse,2228,42970,,,
2026-10-01,TWT96U,tpex,5410,74683,,,
2026-10-01,TWT96U,twse,2231,61225,,,
2026-10-01,TWT96U,tpex,5425,4916582,,,
2026-10-01,TWT96U,twse,2233,203776,,,
2026-10-01,TWT96U,tpex,5426,219945,,,
2026-10-01,TWT96U,twse,2236,122992,,,
2026-10-01,TWT96U,tpex,5432,60956,,,
2026-10-01,TWT96U,twse,2239,17329,,,
2026-10-01,TWT96U,tpex,5438,13753,,,
2026-10-01,TWT96U,twse,2241,331217,,,
2026-10-01,TWT96U,tpex,5439,616023,,,
2026-10-01,TWT96U,twse,2243,96222,,,
2026-10-01,TWT96U,tpex,5443,617610,,,
2026-10-01,TWT96U,twse,2247,9063,,,
2026-10-01,TWT96U,tpex,5450,28656,,,
2026-10-01,TWT96U,twse,2248,21970,,,
2026-10-01,TWT96U,tpex,5452,103434,,,
2026-10-01,TWT96U,twse,2250,16841,,,
2026-10-01,TWT96U,tpex,5455,1194,,,
2026-10-01,TWT96U,twse,2254,324992,,,
2026-10-01,TWT96U,tpex,5457,180643,,,
2026-10-01,TWT96U,twse,2301,8017196,,,
2026-10-01,TWT96U,tpex,5460,35151,,,
2026-10-01,TWT96U,twse,2302,1327037,,,
2026-10-01,TWT96U,tpex,5464,253973,,,
2026-10-01,TWT96U,twse,2303,51122367,,,
2026-10-01,TWT96U,tpex,5465,166189,,,
2026-10-01,TWT96U,twse,2305,4068382,,,
2026-10-01,TWT96U,tpex,5474,60841,,,
2026-10-01,TWT96U,twse,2308,3417576,,,
2026-10-01,TWT96U,tpex,5478,17074,,,
2026-10-01,TWT96U,twse,2312,2726651,,,
2026-10-01,TWT96U,tpex,5481,82669,,,
2026-10-01,TWT96U,twse,2313,8534935,,,
2026-10-01,TWT96U,tpex,5483,4993752,,,
2026-10-01,TWT96U,twse,2316,558774,,,
2026-10-01,TWT96U,tpex,5487,17493,,,
2026-10-01,TWT96U,twse,2317,9608773,,,
2026-10-01,TWT96U,tpex,5488,81869,,,
2026-10-01,TWT96U,twse,2324,20363627,,,
2026-10-01,TWT96U,tpex,5489,20220,,,
2026-10-01,TWT96U,twse,2327,11936572,,,
2026-10-01,TWT96U,tpex,5490,140971,,,
2026-10-01,TWT96U,twse,2328,559662,,,
2026-10-01,TWT96U,tpex,5493,40356,,,
2026-10-01,TWT96U,twse,2329,621280,,,
2026-10-01,TWT96U,tpex,5498,607456,,,
2026-10-01,TWT96U,twse,2330,6250884,,,
2026-10-01,TWT96U,tpex,5508,99671,,,
2026-10-01,TWT96U,twse,2331,421652,,,
2026-10-01,TWT96U,tpex,5511,38265,,,
2026-10-01,TWT96U,twse,2332,3414990,,,
2026-10-01,TWT96U,tpex,5512,178769,,,
2026-10-01,TWT96U,twse,2337,10912938,,,
2026-10-01,TWT96U,tpex,5514,9473,,,
2026-10-01,TWT96U,twse,2338,3303602,,,
2026-10-01,TWT96U,tpex,5520,1261,,,
2026-10-01,TWT96U,twse,2340,1136634,,,
2026-10-01,TWT96U,tpex,5523,4070,,,
2026-10-01,TWT96U,twse,2342,1573575,,,
2026-10-01,TWT96U,tpex,5529,40294,,,
2026-10-01,TWT96U,twse,2344,36432840,,,
2026-10-01,TWT96U,tpex,5530,70437,,,
2026-10-01,TWT96U,twse,2345,1033270,,,
2026-10-01,TWT96U,tpex,5536,304805,,,
2026-10-01,TWT96U,twse,2347,906667,,,
2026-10-01,TWT96U,tpex,5543,5870,,,
2026-10-01,TWT96U,twse,2348,117328,,,
2026-10-01,TWT96U,tpex,5547,7020,,,
2026-10-01,TWT96U,twse,2351,1980212,,,
2026-10-01,TWT96U,tpex,5548,4501,,,
2026-10-01,TWT96U,twse,2352,1367628,,,
2026-10-01,TWT96U,tpex,5601,2394,,,
2026-10-01,TWT96U,twse,2353,4570766,,,
2026-10-01,TWT96U,tpex,5603,43035,,,
2026-10-01,TWT96U,twse,2354,3325234,,,
2026-10-01,TWT96U,tpex,5604,3771,,,
2026-10-01,TWT96U,twse,2355,497860,,,
2026-10-01,TWT96U,tpex,5609,38917,,,
2026-10-01,TWT96U,twse,2356,4685074,,,
2026-10-01,TWT96U,tpex,5704,14718,,,
2026-10-01,TWT96U,twse,2357,965838,,,
2026-10-01,TWT96U,tpex,5864,824862,,,
2026-10-01,TWT96U,twse,2359,1879391,,,
2026-10-01,TWT96U,tpex,5902,17303,,,
2026-10-01,TWT96U,twse,2360,663393,,,
2026-10-01,TWT96U,tpex,5903,5427,,,
2026-10-01,TWT96U,twse,2362,264506,,,
2026-10-01,TWT96U,tpex,5904,2249669,,,
2026-10-01,TWT96U,twse,2363,1999585,,,
2026-10-01,TWT96U,tpex,6015,797001,,,
2026-10-01,TWT96U,twse,2364,158073,,,
2026-10-01,TWT96U,tpex,6016,1362772,,,
2026-10-01,TWT96U,twse,2365,279775,,,
2026-10-01,TWT96U,tpex,6020,5722,,,
2026-10-01,TWT96U,twse,2367,1205099,,,
2026-10-01,TWT96U,tpex,6021,90155,,,
2026-10-01,TWT96U,twse,2368,2643941,,,
2026-10-01,TWT96U,tpex,6023,231427,,,
2026-10-01,TWT96U,twse,2369,1616417,,,
2026-10-01,TWT96U,tpex,6026,313311,,,
2026-10-01,TWT96U,twse,2371,3201912,,,
2026-10-01,TWT96U,tpex,6101,66411,,,
2026-10-01,TWT96U,twse,2373,8477,,,
2026-10-01,TWT96U,tpex,6103,12130,,,
2026-10-01,TWT96U,twse,2374,685025,,,
2026-10-01,TWT96U,tpex,6104,151047,,,
2026-10-01,TWT96U,twse,2375,1040610,,,
2026-10-01,TWT96U,tpex,6111,48730,,,
2026-10-01,TWT96U,twse,2376,1839015,,,
2026-10-01,TWT96U,tpex,6113,22931,,,
2026-10-01,TWT96U,twse,2377,2840193,,,
2026-10-01,TWT96U,tpex,6114,9062,,,
2026-10-01,TWT96U,twse,2379,815833,,,
2026-10-01,TWT96U,tpex,6118,54399,,,
2026-10-01,TWT96U,twse,2382,4360838,,,
2026-10-01,TWT96U,tpex,6121,164517,,,
2026-10-01,TWT96U,twse,2383,644527,,,
2026-10-01,TWT96U,tpex,6122,164630,,,
2026-10-01,TWT96U,twse,2385,783182,,,
2026-10-01,TWT96U,tpex,6123,9531,,,
2026-10-01,TWT96U,twse,2387,73307,,,
2026-10-01,TWT96U,tpex,6124,4155,,,
2026-10-01,TWT96U,twse,2388,1201247,,,
2026-10-01,TWT96U,tpex,6125,375256,,,
2026-10-01,TWT96U,twse,2390,123438,,,
2026-10-01,TWT96U,tpex,6126,131966,,,
2026-10-01,TWT96U,twse,2392,1388076,,,
2026-10-01,TWT96U,tpex,6127,801909,,,
2026-10-01,TWT96U,twse,2393,456212,,,
2026-10-01,TWT96U,tpex,6130,33123,,,
2026-10-01,TWT96U,twse,2395,921427,,,
2026-10-01,TWT96U,tpex,6134,42372,,,
2026-10-01,TWT96U,twse,2397,73680,,,
2026-10-01,TWT96U,tpex,6138,169978,,,
2026-10-01,TWT96U,twse,2399,1822948,,,
2026-10-01,TWT96U,tpex,6143,91437,,,
2026-10-01,TWT96U,twse,2401,655031,,,
2026-10-01,TWT96U,tpex,6146,79761,,,
2026-10-01,TWT96U,twse,2402,492946,,,
2026-10-01,TWT96U,tpex,6147,11987081,,,
2026-10-01,TWT96U,twse,2404,457373,,,
2026-10-01,TWT96U,tpex,6148,740630,,,
2026-10-01,TWT96U,twse,2405,249184,,,
2026-10-01,TWT96U,tpex,6150,56935,,,
2026-10-01,TWT96U,twse,2406,1409517,,,
2026-10-01,TWT96U,tpex,6151,32177,,,
2026-10-01,TWT96U,twse,2408,19783169,,,
2026-10-01,TWT96U,tpex,6154,7701,,,
2026-10-01,TWT96U,twse,2409,104452238,,,
2026-10-01,TWT96U,tpex,6156,133177,,,
2026-10-01,TWT96U,twse,2412,3186362,,,
2026-10-01,TWT96U,tpex,6158,13006,,,
2026-10-01,TWT96U,twse,2413,1432133,,,
2026-10-01,TWT96U,tpex,6161,30355,,,
2026-10-01,TWT96U,twse,2414,45783,,,
2026-10-01,TWT96U,tpex,6163,253892,,,
2026-10-01,TWT96U,twse,2415,45873,,,
2026-10-01,TWT96U,tpex,6167,70184,,,
2026-10-01,TWT96U,twse,2417,200079,,,
2026-10-01,TWT96U,tpex,6169,2625,,,
2026-10-01,TWT96U,twse,2419,565480,,,
2026-10-01,TWT96U,tpex,6170,42797,,,
2026-10-01,TWT96U,twse,2420,119164,,,
2026-10-01,TWT96U,tpex,6171,16452,,,
2026-10-01,TWT96U,twse,2421,1270290,,,
2026-10-01,TWT96U,tpex,6173,5523316,,,
2026-10-01,TWT96U,twse,2423,25475,,,
2026-10-01,TWT96U,tpex,6174,236855,,,
2026-10-01,TWT96U,twse,2425,298938,,,
2026-10-01,TWT96U,tpex,6175,219346,,,
2026-10-01,TWT96U,twse,2426,10529225,,,
2026-10-01,TWT96U,tpex,6179,2860047,,,
2026-10-01,TWT96U,twse,2427,247606,,,
2026-10-01,TWT96U,tpex,6180,83319,,,
2026-10-01,TWT96U,twse,2428,422816,,,
2026-10-01,TWT96U,tpex,6182,14253690,,,
2026-10-01,TWT96U,twse,2430,15336,,,
2026-10-01,TWT96U,tpex,6185,91155,,,
2026-10-01,TWT96U,twse,2432,5757,,,
2026-10-01,TWT96U,tpex,6186,217379,,,
2026-10-01,TWT96U,twse,2433,7951,,,
2026-10-01,TWT96U,tpex,6187,811984,,,
2026-10-01,TWT96U,twse,2434,280456,,,
2026-10-01,TWT96U,tpex,6188,185109,,,
2026-10-01,TWT96U,twse,2436,1793048,,,
2026-10-01,TWT96U,tpex,6190,562929,,,
2026-10-01,TWT96U,twse,2439,313614,,,
2026-10-01,TWT96U,tpex,6194,33371,,,
2026-10-01,TWT96U,twse,2440,67657,,,
2026-10-01,TWT96U,tpex,6195,5977,,,
2026-10-01,TWT96U,twse,2441,1187942,,,
2026-10-01,TWT96U,tpex,6199,757431,,,
2026-10-01,TWT96U,twse,2442,476940,,,
2026-10-01,TWT96U,tpex,6203,16835,,,
2026-10-01,TWT96U,twse,2449,7574527,,,
2026-10-01,TWT96U,tpex,6204,115819,,,
2026-10-01,TWT96U,twse,2450,24985,,,
2026-10-01,TWT96U,tpex,6207,1776636,,,
2026-10-01,TWT96U,twse,2451,1127046,,,
2026-10-01,TWT96U,tpex,6208,59204,,,
2026-10-01,TWT96U,twse,2453,109726,,,
2026-10-01,TWT96U,tpex,6210,2849,,,
2026-10-01,TWT96U,twse,2454,2594904,,,
2026-10-01,TWT96U,tpex,6212,732,,,
2026-10-01,TWT96U,twse,2455,3790068,,,
2026-10-01,TWT96U,tpex,6217,1271557,,,
2026-10-01,TWT96U,twse,2457,343121,,,
2026-10-01,TWT96U,tpex,6218,1261438,,,
2026-10-01,TWT96U,twse,2458,479757,,,
2026-10-01,TWT96U,tpex,6219,21341,,,
2026-10-01,TWT96U,twse,2459,19766,,,
2026-10-01,TWT96U,tpex,6220,45100,,,
2026-10-01,TWT96U,twse,2461,182929,,,
2026-10-01,TWT96U,tpex,6221,222048,,,
2026-10-01,TWT96U,twse,2462,55169,,,
2026-10-01,TWT96U,tpex,6222,4725,,,
2026-10-01,TWT96U,twse,2464,4622942,,,
2026-10-01,TWT96U,tpex,6223,354903,,,
2026-10-01,TWT96U,twse,2465,1045275,,,
2026-10-01,TWT96U,tpex,6227,366303,,,
2026-10-01,TWT96U,twse,2467,351932,,,
2026-10-01,TWT96U,tpex,6229,13541,,,
2026-10-01,TWT96U,twse,2468,1192454,,,
2026-10-01,TWT96U,tpex,6231,89731,,,
2026-10-01,TWT96U,twse,2471,83818,,,
2026-10-01,TWT96U,tpex,6233,35247,,,
2026-10-01,TWT96U,twse,2472,716902,,,
2026-10-01,TWT96U,tpex,6234,160729,,,
2026-10-01,TWT96U,twse,2474,778144,,,
2026-10-01,TWT96U,tpex,6237,83649,,,
2026-10-01,TWT96U,twse,2476,416464,,,
2026-10-01,TWT96U,tpex,6240,34420,,,
2026-10-01,TWT96U,twse,2477,51397,,,
2026-10-01,TWT96U,tpex,6244,679448,,,
2026-10-01,TWT96U,twse,2478,1231394,,,
2026-10-01,TWT96U,tpex,6245,253296,,,
2026-10-01,TWT96U,twse,2480,57144,,,
2026-10-01,TWT96U,tpex,6246,13353,,,
2026-10-01,TWT96U,twse,2481,10878492,,,
2026-10-01,TWT96U,tpex,6248,24363,,,
2026-10-01,TWT96U,twse,2482,29502,,,
2026-10-01,TWT96U,tpex,6259,96935,,,
2026-10-01,TWT96U,twse,2483,226239,,,
2026-10-01,TWT96U,tpex,6261,146528,,,
2026-10-01,TWT96U,twse,2484,1737102,,,
2026-10-01,TWT96U,tpex,6263,34818,,,
2026-10-01,TWT96U,twse,2485,770338,,,
2026-10-01,TWT96U,tpex,6265,1222072,,,
2026-10-01,TWT96U,twse,2486,2309685,,,
2026-10-01,TWT96U,tpex,6266,28873,,,
2026-10-01,TWT96U,twse,2488,21431,,,
2026-10-01,TWT96U,tpex,6270,45875,,,
2026-10-01,TWT96U,twse,2489,12172807,,,
2026-10-01,TWT96U,tpex,6274,2157199,,,
2026-10-01,TWT96U,twse,2491,606921,,,
2026-10-01,TWT96U,tpex,6275,83706,,,
2026-10-01,TWT96U,twse,2492,8587412,,,
2026-10-01,TWT96U,tpex,6279,131624,,,
2026-10-01,TWT96U,twse,2493,673935,,,
2026-10-01,TWT96U,tpex,6284,272081,,,
2026-10-01,TWT96U,twse,2495,359577,,,
2026-10-01,TWT96U,tpex,6290,1267039,,,
2026-10-01,TWT96U,twse,2496,4745,,,
2026-10-01,TWT96U,tpex,6291,458887,,,
2026-10-01,TWT96U,twse,2497,62116,,,
2026-10-01,TWT96U,tpex,6292,83631,,,
2026-10-01,TWT96U,twse,2498,18884,,,
2026-10-01,TWT96U,tpex,6294,3605,,,
2026-10-01,TWT96U,twse,2501,561244,,,
2026-10-01,TWT96U,tpex,6411,73035,,,
2026-10-01,TWT96U,twse,2504,425374,,,
2026-10-01,TWT96U,tpex,6417,23766,,,
2026-10-01,TWT96U,twse,2505,155197,,,
2026-10-01,TWT96U,tpex,6418,50544,,,
2026-10-01,TWT96U,twse,2506,64314,,,
2026-10-01,TWT96U,tpex,6419,73748,,,
2026-10-01,TWT96U,twse,2509,41956,,,
2026-10-01,TWT96U,tpex,6423,13241,,,
2026-10-01,TWT96U,twse,2511,202280,,,
2026-10-01,TWT96U,tpex,6425,249610,,,
2026-10-01,TWT96U,twse,2514,30574,,,
2026-10-01,TWT96U,tpex,6432,167420,,,
2026-10-01,TWT96U,twse,2515,1531824,,,
2026-10-01,TWT96U,tpex,6435,137040,,,
2026-10-01,TWT96U,twse,2520,481588,,,
2026-10-01,TWT96U,tpex,6441,91963,,,
2026-10-01,TWT96U,twse,2524,23942,,,
2026-10-01,TWT96U,tpex,6462,121938,,,
2026-10-01,TWT96U,twse,2527,186150,,,
2026-10-01,TWT96U,tpex,6465,40704,,,
2026-10-01,TWT96U,twse,2528,83009,,,
2026-10-01,TWT96U,tpex,6469,106114,,,
2026-10-01,TWT96U,twse,2530,326698,,,
2026-10-01,TWT96U,tpex,6470,9693,,,
2026-10-01,TWT96U,twse,2534,79834,,,
2026-10-01,TWT96U,tpex,6474,20624,,,
2026-10-01,TWT96U,twse,2535,70509,,,
2026-10-01,TWT96U,tpex,6482,7103,,,
2026-10-01,TWT96U,twse,2536,316953,,,
2026-10-01,TWT96U,tpex,6485,105598,,,
2026-10-01,TWT96U,twse,2537,266627,,,
2026-10-01,TWT96U,tpex,6486,56202,,,
2026-10-01,TWT96U,twse,2538,258060,,,
2026-10-01,TWT96U,tpex,6488,3093229,,,
2026-10-01,TWT96U,twse,2539,357015,,,
2026-10-01,TWT96U,tpex,6494,33914,,,
2026-10-01,TWT96U,twse,2540,201864,,,
2026-10-01,TWT96U,tpex,6496,2479,,,
2026-10-01,TWT96U,twse,2542,3465105,,,
2026-10-01,TWT96U,tpex,6498,45442,,,
2026-10-01,TWT96U,twse,2543,223290,,,
2026-10-01,TWT96U,tpex,6499,114372,,,
2026-10-01,TWT96U,twse,2545,62455,,,
2026-10-01,TWT96U,tpex,6506,17660,,,
2026-10-01,TWT96U,twse,2546,74163,,,
2026-10-01,TWT96U,tpex,6508,27368,,,
2026-10-01,TWT96U,twse,2547,380756,,,
2026-10-01,TWT96U,tpex,6509,207986,,,
2026-10-01,TWT96U,twse,2548,330282,,,
2026-10-01,TWT96U,tpex,6510,275587,,,
2026-10-01,TWT96U,twse,2597,57410,,,
2026-10-01,TWT96U,tpex,6516,11813,,,
2026-10-01,TWT96U,twse,2603,4362618,,,
2026-10-01,TWT96U,tpex,6517,211545,,,
2026-10-01,TWT96U,twse,2605,5002765,,,
2026-10-01,TWT96U,tpex,6523,5945,,,
2026-10-01,TWT96U,twse,2606,2524625,,,
2026-10-01,TWT96U,tpex,6527,6188,,,
2026-10-01,TWT96U,twse,2607,134339,,,
2026-10-01,TWT96U,tpex,6530,693375,,,
2026-10-01,TWT96U,twse,2608,73445,,,
2026-10-01,TWT96U,tpex,6532,244236,,,
2026-10-01,TWT96U,twse,2609,21352828,,,
2026-10-01,TWT96U,tpex,6538,738057,,,
2026-10-01,TWT96U,twse,2610,5928585,,,
2026-10-01,TWT96U,tpex,6542,2541,,,
2026-10-01,TWT96U,twse,2611,383155,,,
2026-10-01,TWT96U,tpex,6546,68263,,,
2026-10-01,TWT96U,twse,2612,376343,,,
2026-10-01,TWT96U,tpex,6547,1715634,,,
2026-10-01,TWT96U,twse,2613,390198,,,
2026-10-01,TWT96U,tpex,6548,774759,,,
2026-10-01,TWT96U,twse,2614,222448,,,
2026-10-01,TWT96U,tpex,6560,10352,,,
2026-10-01,TWT96U,twse,2615,10350240,,,
2026-10-01,TWT96U,tpex,6561,14487,,,
2026-10-01,TWT96U,twse,2616,24968,,,
2026-10-01,TWT96U,tpex,6568,27729,,,
2026-10-01,TWT96U,twse,2617,717946,,,
2026-10-01,TWT96U,tpex,6569,12246,,,
2026-10-01,TWT96U,twse,2618,6037487,,,
2026-10-01,TWT96U,tpex,6570,27999,,,
2026-10-01,TWT96U,twse,2630,788147,,,
2026-10-01,TWT96U,tpex,6577,13469,,,
2026-10-01,TWT96U,twse,2633,1163806,,,
2026-10-01,TWT96U,tpex,6578,16982,,,
2026-10-01,TWT96U,twse,2634,8750066,,,
2026-10-01,TWT96U,tpex,6584,253122,,,
2026-10-01,TWT96U,twse,2636,256860,,,
2026-10-01,TWT96U,tpex,6588,801469,,,
2026-10-01,TWT96U,twse,2637,1993500,,,
2026-10-01,TWT96U,tpex,6593,12642,,,
2026-10-01,TWT96U,twse,2642,12391,,,
2026-10-01,TWT96U,tpex,6596,29576,,,
2026-10-01,TWT96U,twse,2645,684678,,,
2026-10-01,TWT96U,tpex,6603,620429,,,
2026-10-01,TWT96U,twse,2646,1177494,,,
2026-10-01,TWT96U,tpex,6609,30523,,,
2026-10-01,TWT96U,twse,2701,19159,,,
2026-10-01,TWT96U,tpex,6612,9042,,,
2026-10-01,TWT96U,twse,2702,9842,,,
2026-10-01,TWT96U,tpex,6613,112351,,,
2026-10-01,TWT96U,twse,2704,68913,,,
2026-10-01,TWT96U,tpex,6615,2131,,,
2026-10-01,TWT96U,twse,2705,49347,,,
2026-10-01,TWT96U,tpex,6616,5693,,,
2026-10-01,TWT96U,twse,2706,31346,,,
2026-10-01,TWT96U,tpex,6617,338238,,,
2026-10-01,TWT96U,twse,2707,34199,,,
2026-10-01,TWT96U,tpex,6620,826110,,,
2026-10-01,TWT96U,twse,2722,11549,,,
2026-10-01,TWT96U,tpex,6624,1680,,,
2026-10-01,TWT96U,twse,2723,171133,,,
2026-10-01,TWT96U,tpex,6629,6733,,,
2026-10-01,TWT96U,twse,2727,67993,,,
2026-10-01,TWT96U,tpex,6637,11812,,,
2026-10-01,TWT96U,twse,2731,74611,,,
2026-10-01,TWT96U,tpex,6640,156597,,,
2026-10-01,TWT96U,twse,2739,30302,,,
2026-10-01,TWT96U,tpex,6642,51121,,,
2026-10-01,TWT96U,twse,2748,18253,,,
2026-10-01,TWT96U,tpex,6643,186216,,,
2026-10-01,TWT96U,twse,2753,39734,,,
2026-10-01,TWT96U,tpex,6649,10768,,,
2026-10-01,TWT96U,twse,2762,19076,,,
2026-10-01,TWT96U,tpex,6651,61999,,,
2026-10-01,TWT96U,twse,2801,7887581,,,
2026-10-01,TWT96U,tpex,6654,15747,,,
2026-10-01,TWT96U,twse,2812,4642882,,,
2026-10-01,TWT96U,tpex,6664,132032,,,
2026-10-01,TWT96U,twse,2816,206251,,,
2026-10-01,TWT96U,tpex,6667,109273,,,
2026-10-01,TWT96U,twse,2820,846593,,,
2026-10-01,TWT96U,tpex,6679,79724,,,
2026-10-01,TWT96U,twse,2832,65882,,,
2026-10-01,TWT96U,tpex,6680,912,,,
2026-10-01,TWT96U,twse,2834,19582820,,,
2026-10-01,TWT96U,tpex,6683,337929,,,
2026-10-01,TWT96U,twse,2836,476992,,,
2026-10-01,TWT96U,tpex,6684,27939,,,
2026-10-01,TWT96U,twse,2838,642818,,,
2026-10-01,TWT96U,tpex,6690,64266,,,
2026-10-01,TWT96U,twse,2845,4195665,,,
2026-10-01,TWT96U,tpex,6692,4850,,,
2026-10-01,TWT96U,twse,2849,66686,,,
2026-10-01,TWT96U,tpex,6693,455087,,,
2026-10-01,TWT96U,twse,2850,70893,,,
2026-10-01,TWT96U,tpex,6697,6733,,,
2026-10-01,TWT96U,twse,2851,1264405,,,
2026-10-01,TWT96U,tpex,6703,10331,,,
2026-10-01,TWT96U,twse,2852,171435,,,
2026-10-01,TWT96U,tpex,6708,12490,,,
2026-10-01,TWT96U,twse,2855,1411364,,,
2026-10-01,TWT96U,tpex,6712,84450,,,
2026-10-01,TWT96U,twse,2880,5535991,,,
2026-10-01,TWT96U,tpex,6716,208398,,,
2026-10-01,TWT96U,twse,2881,5963908,,,
2026-10-01,TWT96U,tpex,6720,6538,,,
2026-10-01,TWT96U,twse,2882,6713250,,,
2026-10-01,TWT96U,tpex,6725,20437,,,
2026-10-01,TWT96U,twse,2883,14256637,,,
2026-10-01,TWT96U,tpex,6727,486945,,,
2026-10-01,TWT96U,twse,2884,14038828,,,
2026-10-01,TWT96U,tpex,6728,4737,,,
2026-10-01,TWT96U,twse,2885,7049621,,,
2026-10-01,TWT96U,tpex,6730,2813,,,
2026-10-01,TWT96U,twse,2886,8409502,,,
2026-10-01,TWT96U,tpex,6732,29384,,,
2026-10-01,TWT96U,twse,2887,18215470,,,
2026-10-01,TWT96U,tpex,6735,24978,,,
2026-10-01,TWT96U,twse,2887I,1002999,,,
2026-10-01,TWT96U,tpex,6739,89122,,,
2026-10-01,TWT96U,twse,2889,4647007,,,
2026-10-01,TWT96U,tpex,6741,64754,,,
2026-10-01,TWT96U,twse,2890,8060645,,,
2026-10-01,TWT96U,tpex,6751,2262,,,
2026-10-01,TWT96U,twse,2891,10114901,,,
2026-10-01,TWT96U,tpex,6752,7092,,,
2026-10-01,TWT96U,twse,2892,10135996,,,
2026-10-01,TWT96U,tpex,6761,99681,,,
2026-10-01,TWT96U,twse,2897,1615836,,,
2026-10-01,TWT96U,tpex,6763,41627,,,
2026-10-01,TWT96U,twse,2901,19338,,,
2026-10-01,TWT96U,tpex,6785,18404,,,
2026-10-01,TWT96U,twse,2903,483961,,,
2026-10-01,TWT96U,tpex,6788,72879,,,
2026-10-01,TWT96U,twse,2904,11449,,,
2026-10-01,TWT96U,tpex,6791,3397,,,
2026-10-01,TWT96U,twse,2905,499475,,,
2026-10-01,TWT96U,tpex,6803,14271,,,
2026-10-01,TWT96U,twse,2906,48774,,,
2026-10-01,TWT96U,tpex,6804,19850,,,
2026-10-01,TWT96U,twse,2908,70401,,,
2026-10-01,TWT96U,tpex,6811,86580,,,
2026-10-01,TWT96U,twse,2910,3975,,,
2026-10-01,TWT96U,tpex,6821,28073,,,
2026-10-01,TWT96U,twse,2911,26521,,,
2026-10-01,TWT96U,tpex,6823,24546,,,
2026-10-01,TWT96U,twse,2912,507191,,,
2026-10-01,TWT96U,tpex,6829,325669,,,
2026-10-01,TWT96U,twse,2913,369999,,,
2026-10-01,TWT96U,tpex,6840,169261,,,
2026-10-01,TWT96U,twse,2915,805748,,,
2026-10-01,TWT96U,tpex,6841,52035,,,
2026-10-01,TWT96U,twse,2929,37485,,,
2026-10-01,TWT96U,tpex,6843,2460,,,
2026-10-01,TWT96U,twse,2939,12956,,,
2026-10-01,TWT96U,tpex,6846,1953,,,
2026-10-01,TWT96U,twse,3002,75006,,,
2026-10-01,TWT96U,tpex,6859,15886,,,
2026-10-01,TWT96U,twse,3003,241169,,,
2026-10-01,TWT96U,tpex,6865,6222,,,
2026-10-01,TWT96U,twse,3004,97570,,,
2026-10-01,TWT96U,tpex,6870,45263,,,
2026-10-01,TWT96U,twse,3005,754961,,,
2026-10-01,TWT96U,tpex,6874,10584,,,
2026-10-01,TWT96U,twse,3006,4584038,,,
2026-10-01,TWT96U,tpex,6877,15976,,,
2026-10-01,TWT96U,twse,3008,763212,,,
2026-10-01,TWT96U,tpex,6894,18314,,,
2026-10-01,TWT96U,twse,3010,140670,,,
2026-10-01,TWT96U,tpex,6895,17850,,,
2026-10-01,TWT96U,twse,3011,158583,,,
2026-10-01,TWT96U,tpex,6899,3093,,,
2026-10-01,TWT96U,twse,3013,332170,,,
2026-10-01,TWT96U,tpex,6903,74182,,,
2026-10-01,TWT96U,twse,3014,363183,,,
2026-10-01,TWT96U,tpex,6904,350,,,
2026-10-01,TWT96U,twse,3015,95861,,,
2026-10-01,TWT96U,tpex,6907,568202,,,
2026-10-01,TWT96U,twse,3016,4272904,,,
2026-10-01,TWT96U,tpex,6910,5777,,,
2026-10-01,TWT96U,twse,3017,982249,,,
2026-10-01,TWT96U,tpex,6913,160401,,,
2026-10-01,TWT96U,twse,3019,1569780,,,
2026-10-01,TWT96U,tpex,6922,63957,,,
2026-10-01,TWT96U,twse,3021,199108,,,
2026-10-01,TWT96U,tpex,6925,64268,,,
2026-10-01,TWT96U,twse,3022,528475,,,
2026-10-01,TWT96U,tpex,6953,13681,,,
2026-10-01,TWT96U,twse,3023,245146,,,
2026-10-01,TWT96U,tpex,6961,7071,,,
2026-10-01,TWT96U,twse,3024,412340,,,
2026-10-01,TWT96U,tpex,6967,37051,,,
2026-10-01,TWT96U,twse,3025,46704,,,
2026-10-01,TWT96U,tpex,6968,13352,,,
2026-10-01,TWT96U,twse,3026,2700804,,,
2026-10-01,TWT96U,tpex,6971,10435,,,
2026-10-01,TWT96U,twse,3027,54952,,,
2026-10-01,TWT96U,tpex,6982,6187,,,
2026-10-01,TWT96U,twse,3028,216834,,,
2026-10-01,TWT96U,tpex,6983,15170,,,
2026-10-01,TWT96U,twse,3029,830260,,,
2026-10-01,TWT96U,tpex,6996,19420,,,
2026-10-01,TWT96U,twse,3030,259689,,,
2026-10-01,TWT96U,tpex,7402,207207,,,
2026-10-01,TWT96U,twse,3031,605966,,,
2026-10-01,TWT96U,tpex,7547,10511,,,
2026-10-01,TWT96U,twse,3032,139073,,,
2026-10-01,TWT96U,tpex,7556,11163,,,
2026-10-01,TWT96U,twse,3033,1042647,,,
2026-10-01,TWT96U,tpex,7584,2121,,,
2026-10-01,TWT96U,twse,3034,1012580,,,
2026-10-01,TWT96U,tpex,7642,5052,,,
2026-10-01,TWT96U,twse,3035,1074106,,,
2026-10-01,TWT96U,tpex,7703,23590,,,
2026-10-01,TWT96U,twse,3036,2298500,,,
2026-10-01,TWT96U,tpex,7704,9436,,,
2026-10-01,TWT96U,twse,3037,6957387,,,
2026-10-01,TWT96U,tpex,7709,55929,,,
2026-10-01,TWT96U,twse,3038,48783,,,
2026-10-01,TWT96U,tpex,7712,94858,,,
2026-10-01,TWT96U,twse,3040,53040,,,
2026-10-01,TWT96U,tpex,7713,2127,,,
2026-10-01,TWT96U,twse,3041,172051,,,
2026-10-01,TWT96U,tpex,7714,141064,,,
2026-10-01,TWT96U,twse,3042,4976706,,,
2026-10-01,TWT96U,tpex,7715,17751,,,
2026-10-01,TWT96U,twse,3043,20293,,,
2026-10-01,TWT96U,tpex,7717,237115,,,
2026-10-01,TWT96U,twse,3044,939884,,,
2026-10-01,TWT96U,tpex,7718,6581,,,
2026-10-01,TWT96U,twse,3045,2883871,,,
2026-10-01,TWT96U,tpex,7723,19080,,,
2026-10-01,TWT96U,twse,3046,83459,,,
2026-10-01,TWT96U,tpex,7728,13823,,,
2026-10-01,TWT96U,twse,3047,217399,,,
2026-10-01,TWT96U,tpex,7734,80919,,,
2026-10-01,TWT96U,twse,3048,407970,,,
2026-10-01,TWT96U,tpex,7738,10981,,,
2026-10-01,TWT96U,twse,3049,3077479,,,
2026-10-01,TWT96U,tpex,7743,9602,,,
2026-10-01,TWT96U,twse,3050,123272,,,
2026-10-01,TWT96U,tpex,7744,41941,,,
2026-10-01,TWT96U,twse,3051,147179,,,
2026-10-01,TWT96U,tpex,7751,141780,,,
2026-10-01,TWT96U,twse,3052,85961,,,
2026-10-01,TWT96U,tpex,7753,4985,,,
2026-10-01,TWT96U,twse,3054,33792,,,
2026-10-01,TWT96U,tpex,7757,3845,,,
2026-10-01,TWT96U,twse,3055,1510540,,,
2026-10-01,TWT96U,tpex,7767,10723,,,
2026-10-01,TWT96U,twse,3056,192047,,,
2026-10-01,TWT96U,tpex,7772,128541,,,
2026-10-01,TWT96U,twse,3059,411777,,,
2026-10-01,TWT96U,tpex,7777,551707,,,
2026-10-01,TWT96U,twse,3060,235384,,,
2026-10-01,TWT96U,tpex,7782,2833,,,
2026-10-01,TWT96U,twse,3062,416269,,,
2026-10-01,TWT96U,tpex,7792,232582,,,
2026-10-01,TWT96U,twse,3090,2022988,,,
2026-10-01,TWT96U,tpex,7805,19680,,,
2026-10-01,TWT96U,twse,3092,48537,,,
2026-10-01,TWT96U,tpex,7810,31491,,,
2026-10-01,TWT96U,twse,3094,2398143,,,
2026-10-01,TWT96U,tpex,7820,4964,,,
2026-10-01,TWT96U,twse,3130,15667,,,
2026-10-01,TWT96U,tpex,7828,90896,,,
2026-10-01,TWT96U,twse,3135,429045,,,
2026-10-01,TWT96U,tpex,8027,787206,,,
2026-10-01,TWT96U,twse,3138,132821,,,
2026-10-01,TWT96U,tpex,8032,10650,,,
2026-10-01,TWT96U,twse,3149,1591944,,,
2026-10-01,TWT96U,tpex,8034,34182,,,
2026-10-01,TWT96U,twse,3150,8840,,,
2026-10-01,TWT96U,tpex,8040,654221,,,
2026-10-01,TWT96U,twse,3164,7159,,,
2026-10-01,TWT96U,tpex,8042,1478698,,,
2026-10-01,TWT96U,twse,3167,1626152,,,
2026-10-01,TWT96U,tpex,8043,864479,,,
2026-10-01,TWT96U,twse,3168,3948,,,
2026-10-01,TWT96U,tpex,8044,145526,,,
2026-10-01,TWT96U,twse,3189,6232266,,,
2026-10-01,TWT96U,tpex,8048,25857,,,
2026-10-01,TWT96U,twse,3209,450456,,,
2026-10-01,TWT96U,tpex,8049,36673,,,
2026-10-01,TWT96U,twse,3229,1072743,,,
2026-10-01,TWT96U,tpex,8050,374796,,,
2026-10-01,TWT96U,twse,3231,14185249,,,
2026-10-01,TWT96U,tpex,8054,234749,,,
2026-10-01,TWT96U,twse,3257,56889,,,
2026-10-01,TWT96U,tpex,8064,2500396,,,
2026-10-01,TWT96U,twse,3266,9645,,,
2026-10-01,TWT96U,tpex,8066,16336,,,
2026-10-01,TWT96U,twse,3296,26247,,,
2026-10-01,TWT96U,tpex,8068,47376,,,
2026-10-01,TWT96U,twse,3305,350820,,,
2026-10-01,TWT96U,tpex,8069,1868792,,,
2026-10-01,TWT96U,twse,3308,45122,,,
2026-10-01,TWT96U,tpex,8071,128035,,,
2026-10-01,TWT96U,twse,3311,173409,,,
2026-10-01,TWT96U,tpex,8074,110219,,,
2026-10-01,TWT96U,twse,3312,348043,,,
2026-10-01,TWT96U,tpex,8076,152907,,,
2026-10-01,TWT96U,twse,3338,115446,,,
2026-10-01,TWT96U,tpex,8083,17675,,,
2026-10-01,TWT96U,twse,3346,198674,,,
2026-10-01,TWT96U,tpex,8084,179482,,,
2026-10-01,TWT96U,twse,3356,181879,,,
2026-10-01,TWT96U,tpex,8086,1093570,,,
2026-10-01,TWT96U,twse,3376,23622,,,
2026-10-01,TWT96U,tpex,8087,5747,,,
2026-10-01,TWT96U,twse,3380,963640,,,
2026-10-01,TWT96U,tpex,8088,130239,,,
2026-10-01,TWT96U,twse,3406,1814208,,,
2026-10-01,TWT96U,tpex,8089,45501,,,
2026-10-01,TWT96U,twse,3413,231696,,,
2026-10-01,TWT96U,tpex,8091,80296,,,
2026-10-01,TWT96U,twse,3416,77000,,,
2026-10-01,TWT96U,tpex,8092,13926,,,
2026-10-01,TWT96U,twse,3437,516626,,,
2026-10-01,TWT96U,tpex,8096,1007757,,,
2026-10-01,TWT96U,twse,3443,607851,,,
2026-10-01,TWT96U,tpex,8097,47546,,,
2026-10-01,TWT96U,twse,3447,32933,,,
2026-10-01,TWT96U,tpex,8099,77959,,,
2026-10-01,TWT96U,twse,3450,3041668,,,
2026-10-01,TWT96U,tpex,8102,3226,,,
2026-10-01,TWT96U,twse,3481,3588733,,,
2026-10-01,TWT96U,tpex,8107,9918,,,
2026-10-01,TWT96U,twse,3501,35207,,,
2026-10-01,TWT96U,tpex,8109,105311,,,
2026-10-01,TWT96U,twse,3504,1026100,,,
2026-10-01,TWT96U,tpex,8111,3775222,,,
2026-10-01,TWT96U,twse,3515,151269,,,
2026-10-01,TWT96U,tpex,8121,177643,,,
2026-10-01,TWT96U,twse,3518,354884,,,
2026-10-01,TWT96U,tpex,8147,60600,,,
2026-10-01,TWT96U,twse,3528,57447,,,
2026-10-01,TWT96U,tpex,8155,217143,,,
2026-10-01,TWT96U,twse,3530,42920,,,
2026-10-01,TWT96U,tpex,8171,38784,,,
2026-10-01,TWT96U,twse,3532,2699688,,,
2026-10-01,TWT96U,tpex,8182,223503,,,
2026-10-01,TWT96U,twse,3533,372943,,,
2026-10-01,TWT96U,tpex,8227,701154,,,
2026-10-01,TWT96U,twse,3535,207749,,,
2026-10-01,TWT96U,tpex,8234,153470,,,
2026-10-01,TWT96U,twse,3543,854288,,,
2026-10-01,TWT96U,tpex,8240,315701,,,
2026-10-01,TWT96U,twse,3545,198927,,,
2026-10-01,TWT96U,tpex,8255,98000,,,
2026-10-01,TWT96U,twse,3550,403690,,,
2026-10-01,TWT96U,tpex,8279,16769,,,
2026-10-01,TWT96U,twse,3557,10150,,,
2026-10-01,TWT96U,tpex,8284,12880,,,
2026-10-01,TWT96U,twse,3563,166370,,,
2026-10-01,TWT96U,tpex,8289,120072,,,
2026-10-01,TWT96U,twse,3583,269323,,,
2026-10-01,TWT96U,tpex,8299,1331211,,,
2026-10-01,TWT96U,twse,3588,44905,,,
2026-10-01,TWT96U,tpex,8342,991,,,
2026-10-01,TWT96U,twse,3591,488799,,,
2026-10-01,TWT96U,tpex,8349,29571,,,
2026-10-01,TWT96U,twse,3592,96466,,,
2026-10-01,TWT96U,tpex,8354,22388,,,
2026-10-01,TWT96U,twse,3596,313590,,,
2026-10-01,TWT96U,tpex,8358,13800,,,
2026-10-01,TWT96U,twse,3605,5359199,,,
2026-10-01,TWT96U,tpex,8383,446969,,,
2026-10-01,TWT96U,twse,3607,44927,,,
2026-10-01,TWT96U,tpex,8390,113272,,,
2026-10-01,TWT96U,twse,3617,164077,,,
2026-10-01,TWT96U,tpex,8401,8232,,,
2026-10-01,TWT96U,twse,3622,126995,,,
2026-10-01,TWT96U,tpex,8403,22125,,,
2026-10-01,TWT96U,twse,3645,768984,,,
2026-10-01,TWT96U,tpex,8410,12656,,,
2026-10-01,TWT96U,twse,3652,57072,,,
2026-10-01,TWT96U,tpex,8415,194511,,,
2026-10-01,TWT96U,twse,3653,435806,,,
2026-10-01,TWT96U,tpex,8421,60065,,,
2026-10-01,TWT96U,twse,3661,724788,,,
2026-10-01,TWT96U,tpex,8423,6086,,,
2026-10-01,TWT96U,twse,3665,978710,,,
2026-10-01,TWT96U,tpex,8424,2935,,,
2026-10-01,TWT96U,twse,3669,53748,,,
2026-10-01,TWT96U,tpex,8426,5786,,,
2026-10-01,TWT96U,twse,3673,1406705,,,
2026-10-01,TWT96U,tpex,8431,668642,,,
2026-10-01,TWT96U,twse,3679,11199,,,
2026-10-01,TWT96U,tpex,8432,10013,,,
2026-10-01,TWT96U,twse,3694,162148,,,
2026-10-01,TWT96U,tpex,8433,4241,,,
2026-10-01,TWT96U,twse,3701,261436,,,
2026-10-01,TWT96U,tpex,8435,5535,,,
2026-10-01,TWT96U,twse,3702,3143390,,,
2026-10-01,TWT96U,tpex,8436,252332,,,
2026-10-01,TWT96U,twse,3703,463850,,,
2026-10-01,TWT96U,tpex,8437,9170,,,
2026-10-01,TWT96U,twse,3704,718233,,,
2026-10-01,TWT96U,tpex,8440,17696,,,
2026-10-01,TWT96U,twse,3705,54825,,,
2026-10-01,TWT96U,tpex,8446,11748,,,
2026-10-01,TWT96U,twse,3706,2650048,,,
2026-10-01,TWT96U,tpex,8472,4693,,,
2026-10-01,TWT96U,twse,3708,140528,,,
2026-10-01,TWT96U,tpex,8489,15151,,,
2026-10-01,TWT96U,twse,3711,5244133,,,
2026-10-01,TWT96U,tpex,8905,2434,,,
2026-10-01,TWT96U,twse,3712,307020,,,
2026-10-01,TWT96U,tpex,8906,5380,,,
2026-10-01,TWT96U,twse,3714,4235050,,,
2026-10-01,TWT96U,tpex,8908,10876,,,
2026-10-01,TWT96U,twse,3715,849408,,,
2026-10-01,TWT96U,tpex,8916,18618,,,
2026-10-01,TWT96U,twse,3716,144215,,,
2026-10-01,TWT96U,tpex,8917,6738,,,
2026-10-01,TWT96U,twse,3717,1380824,,,
2026-10-01,TWT96U,tpex,8923,2435,,,
2026-10-01,TWT96U,twse,4104,39236,,,
2026-10-01,TWT96U,tpex,8924,18111,,,
2026-10-01,TWT96U,twse,4106,32839,,,
2026-10-01,TWT96U,tpex,8927,33279,,,
2026-10-01,TWT96U,twse,4119,59208,,,
2026-10-01,TWT96U,tpex,8928,8708,,,
2026-10-01,TWT96U,twse,4133,18623,,,
2026-10-01,TWT96U,tpex,8929,3622,,,
2026-10-01,TWT96U,twse,4137,73067,,,
2026-10-01,TWT96U,tpex,8930,10172,,,
2026-10-01,TWT96U,twse,4142,261045,,,
2026-10-01,TWT96U,tpex,8931,23169,,,
2026-10-01,TWT96U,twse,4148,17119,,,
2026-10-01,TWT96U,tpex,8932,879229,,,
2026-10-01,TWT96U,twse,4155,64962,,,
2026-10-01,TWT96U,tpex,8936,249261,,,
2026-10-01,TWT96U,twse,4164,106575,,,
2026-10-01,TWT96U,tpex,8938,27167,,,
2026-10-01,TWT96U,twse,4190,3802,,,
2026-10-01,TWT96U,tpex,8941,1675,,,
2026-10-01,TWT96U,twse,4306,276254,,,
2026-10-01,TWT96U,tpex,8942,62184,,,
2026-10-01,TWT96U,twse,4414,41393,,,
2026-10-01,TWT96U,tpex,9949,38338,,,
2026-10-01,TWT96U,twse,4426,27391,,,
2026-10-01,TWT96U,tpex,9951,20431,,,
2026-10-01,TWT96U,twse,4438,27169,,,
2026-10-01,TWT96U,tpex,9960,12097,,,
2026-10-01,TWT96U,twse,4439,12849,,,
2026-10-01,TWT96U,tpex,9962,12644,,,
2026-10-01,TWT96U,twse,4440,26707,,,
2026-10-01,TWT96U,tpex,_,,,,
2026-10-01,TWT96U,twse,4441,18623,,,
2026-10-01,TWT96U,tpex,_,,,,
2026-10-01,TWT96U,twse,4526,621146,,,
2026-10-01,TWT96U,tpex,_,,,,
2026-10-01,TWT96U,twse,4532,231528,,,
2026-10-01,TWT96U,tpex,_,,,,
2026-10-01,TWT96U,twse,4536,48828,,,
2026-10-01,TWT96U,tpex,_,,,,
2026-10-01,TWT96U,twse,4540,770324,,,
2026-10-01,TWT96U,tpex,_,,,,
2026-10-01,TWT96U,twse,4545,27127,,,
2026-10-01,TWT96U,tpex,_,,,,
2026-10-01,TWT96U,twse,4551,286729,,,
2026-10-01,TWT96U,tpex,_,,,,
2026-10-01,TWT96U,twse,4552,45948,,,
2026-10-01,TWT96U,tpex,_,,,,
2026-10-01,TWT96U,twse,4555,41208,,,
2026-10-01,TWT96U,tpex,_,,,,
2026-10-01,TWT96U,twse,4557,13140,,,
2026-10-01,TWT96U,tpex,_,,,,
2026-10-01,TWT96U,twse,4560,105562,,,
2026-10-01,TWT96U,tpex,_,,,,
2026-10-01,TWT96U,twse,4562,43856,,,
2026-10-01,TWT96U,tpex,_,,,,
2026-10-01,TWT96U,twse,4564,212381,,,
2026-10-01,TWT96U,tpex,_,,,,
2026-10-01,TWT96U,twse,4566,470160,,,
2026-10-01,TWT96U,tpex,_,,,,
2026-10-01,TWT96U,twse,4569,29603,,,
2026-10-01,TWT96U,tpex,_,,,,
2026-10-01,TWT96U,twse,4571,36807,,,
2026-10-01,TWT96U,tpex,_,,,,
2026-10-01,TWT96U,twse,4572,5154,,,
2026-10-01,TWT96U,tpex,_,,,,
2026-10-01,TWT96U,twse,4576,842829,,,
2026-10-01,TWT96U,tpex,_,,,,
2026-10-01,TWT96U,twse,4581,1725,,,
2026-10-01,TWT96U,tpex,_,,,,
2026-10-01,TWT96U,twse,4583,25707,,,
2026-10-01,TWT96U,tpex,_,,,,
2026-10-01,TWT96U,twse,4585,70010,,,
2026-10-01,TWT96U,tpex,_,,,,
2026-10-01,TWT96U,twse,4588,16547,,,
2026-10-01,TWT96U,tpex,_,,,,
2026-10-01,TWT96U,twse,4590,102147,,,
2026-10-01,TWT96U,tpex,_,,,,
2026-10-01,TWT96U,twse,4720,206729,,,
2026-10-01,TWT96U,tpex,_,,,,
2026-10-01,TWT96U,twse,4722,233618,,,
2026-10-01,TWT96U,tpex,_,,,,
2026-10-01,TWT96U,twse,4736,100058,,,
2026-10-01,TWT96U,tpex,_,,,,
2026-10-01,TWT96U,twse,4737,23995,,,
2026-10-01,TWT96U,tpex,_,,,,
2026-10-01,TWT96U,twse,4739,384984,,,
2026-10-01,TWT96U,tpex,_,,,,
2026-10-01,TWT96U,twse,4746,219519,,,
2026-10-01,TWT96U,tpex,_,,,,
2026-10-01,TWT96U,twse,4755,54015,,,
2026-10-01,TWT96U,tpex,_,,,,
2026-10-01,TWT96U,twse,4763,2604682,,,
2026-10-01,TWT96U,tpex,_,,,,
2026-10-01,TWT96U,twse,4764,329365,,,
2026-10-01,TWT96U,tpex,_,,,,
2026-10-01,TWT96U,twse,4766,44973,,,
2026-10-01,TWT96U,tpex,_,,,,
2026-10-01,TWT96U,twse,4770,285381,,,
2026-10-01,TWT96U,tpex,_,,,,
2026-10-01,TWT96U,twse,4771,65658,,,
2026-10-01,TWT96U,tpex,_,,,,
2026-10-01,TWT96U,twse,4807,60376,,,
2026-10-01,TWT96U,tpex,_,,,,
2026-10-01,TWT96U,twse,4904,1506245,,,
2026-10-01,TWT96U,tpex,_,,,,
2026-10-01,TWT96U,twse,4906,1786120,,,
2026-10-01,TWT96U,tpex,_,,,,
2026-10-01,TWT96U,twse,4912,197403,,,
2026-10-01,TWT96U,tpex,_,,,,
2026-10-01,TWT96U,twse,4915,609082,,,
2026-10-01,TWT96U,tpex,_,,,,
2026-10-01,TWT96U,twse,4916,757177,,,
2026-10-01,TWT96U,tpex,_,,,,
2026-10-01,TWT96U,twse,4919,1898435,,,
2026-10-01,TWT96U,tpex,_,,,,
2026-10-01,TWT96U,twse,4927,1225938,,,
2026-10-01,TWT96U,tpex,_,,,,
2026-10-01,TWT96U,twse,4930,15164,,,
2026-10-01,TWT96U,tpex,_,,,,
2026-10-01,TWT96U,twse,4935,29932,,,
2026-10-01,TWT96U,tpex,_,,,,
2026-10-01,TWT96U,twse,4938,2749304,,,
2026-10-01,TWT96U,tpex,_,,,,
2026-10-01,TWT96U,twse,4942,26052,,,
2026-10-01,TWT96U,tpex,_,,,,
2026-10-01,TWT96U,twse,4949,244009,,,
2026-10-01,TWT96U,tpex,_,,,,
2026-10-01,TWT96U,twse,4952,103303,,,
2026-10-01,TWT96U,tpex,_,,,,
2026-10-01,TWT96U,twse,4956,2240176,,,
2026-10-01,TWT96U,tpex,_,,,,
2026-10-01,TWT96U,twse,4958,9047522,,,
2026-10-01,TWT96U,tpex,_,,,,
2026-10-01,TWT96U,twse,4960,1080561,,,
2026-10-01,TWT96U,tpex,_,,,,
2026-10-01,TWT96U,twse,4961,247640,,,
2026-10-01,TWT96U,tpex,_,,,,
2026-10-01,TWT96U,twse,4967,1136163,,,
2026-10-01,TWT96U,tpex,_,,,,
2026-10-01,TWT96U,twse,4968,93815,,,
2026-10-01,TWT96U,tpex,_,,,,
2026-10-01,TWT96U,twse,4976,929484,,,
2026-10-01,TWT96U,tpex,_,,,,
2026-10-01,TWT96U,twse,4977,1225143,,,
2026-10-01,TWT96U,tpex,_,,,,
2026-10-01,TWT96U,twse,4989,1158008,,,
2026-10-01,TWT96U,tpex,_,,,,
2026-10-01,TWT96U,twse,4994,4418,,,
2026-10-01,TWT96U,tpex,_,,,,
2026-10-01,TWT96U,twse,4999,12007,,,
2026-10-01,TWT96U,tpex,_,,,,
2026-10-01,TWT96U,twse,5007,11605,,,
2026-10-01,TWT96U,tpex,_,,,,
2026-10-01,TWT96U,twse,5203,36118,,,
2026-10-01,TWT96U,tpex,_,,,,
2026-10-01,TWT96U,twse,5215,12777,,,
2026-10-01,TWT96U,tpex,_,,,,
2026-10-01,TWT96U,twse,5222,58207,,,
2026-10-01,TWT96U,tpex,_,,,,
2026-10-01,TWT96U,twse,5225,73289,,,
2026-10-01,TWT96U,tpex,_,,,,
2026-10-01,TWT96U,twse,5234,71977,,,
2026-10-01,TWT96U,tpex,_,,,,
2026-10-01,TWT96U,twse,5236,26243,,,
2026-10-01,TWT96U,tpex,_,,,,
2026-10-01,TWT96U,twse,5243,263346,,,
2026-10-01,TWT96U,tpex,_,,,,
2026-10-01,TWT96U,twse,5244,45915,,,
2026-10-01,TWT96U,tpex,_,,,,
2026-10-01,TWT96U,twse,5258,95407,,,
2026-10-01,TWT96U,tpex,_,,,,
2026-10-01,TWT96U,twse,5269,145429,,,
2026-10-01,TWT96U,tpex,_,,,,
2026-10-01,TWT96U,twse,5283,30537,,,
2026-10-01,TWT96U,tpex,_,,,,
2026-10-01,TWT96U,twse,5284,126678,,,
2026-10-01,TWT96U,tpex,_,,,,
2026-10-01,TWT96U,twse,5285,416442,,,
2026-10-01,TWT96U,tpex,_,,,,
2026-10-01,TWT96U,twse,5288,28445,,,
2026-10-01,TWT96U,tpex,_,,,,
2026-10-01,TWT96U,twse,5292,74444,,,
2026-10-01,TWT96U,tpex,_,,,,
2026-10-01,TWT96U,twse,5306,27041,,,
2026-10-01,TWT96U,tpex,_,,,,
2026-10-01,TWT96U,twse,5388,743103,,,
2026-10-01,TWT96U,tpex,_,,,,
2026-10-01,TWT96U,twse,5434,199332,,,
2026-10-01,TWT96U,tpex,_,,,,
2026-10-01,TWT96U,twse,5469,324635,,,
2026-10-01,TWT96U,tpex,_,,,,
2026-10-01,TWT96U,twse,5471,628457,,,
2026-10-01,TWT96U,tpex,_,,,,
2026-10-01,TWT96U,twse,5515,161575,,,
2026-10-01,TWT96U,tpex,_,,,,
2026-10-01,TWT96U,twse,5519,82919,,,
2026-10-01,TWT96U,tpex,_,,,,
2026-10-01,TWT96U,twse,5521,491811,,,
2026-10-01,TWT96U,tpex,_,,,,
2026-10-01,TWT96U,twse,5522,166414,,,
2026-10-01,TWT96U,tpex,_,,,,
2026-10-01,TWT96U,twse,5525,26418,,,
2026-10-01,TWT96U,tpex,_,,,,
2026-10-01,TWT96U,twse,5531,267836,,,
2026-10-01,TWT96U,tpex,_,,,,
2026-10-01,TWT96U,twse,5533,34015,,,
2026-10-01,TWT96U,tpex,_,,,,
2026-10-01,TWT96U,twse,5534,261897,,,
2026-10-01,TWT96U,tpex,_,,,,
2026-10-01,TWT96U,twse,5538,29772,,,
2026-10-01,TWT96U,tpex,_,,,,
2026-10-01,TWT96U,twse,5546,13648,,,
2026-10-01,TWT96U,tpex,_,,,,
2026-10-01,TWT96U,twse,5607,349697,,,
2026-10-01,TWT96U,tpex,_,,,,
2026-10-01,TWT96U,twse,5608,3737679,,,
2026-10-01,TWT96U,tpex,_,,,,
2026-10-01,TWT96U,twse,5706,27336,,,
2026-10-01,TWT96U,tpex,_,,,,
2026-10-01,TWT96U,twse,5871,2018593,,,
2026-10-01,TWT96U,tpex,_,,,,
2026-10-01,TWT96U,twse,5876,2345011,,,
2026-10-01,TWT96U,tpex,_,,,,
2026-10-01,TWT96U,twse,5880,6017854,,,
2026-10-01,TWT96U,tpex,_,,,,
2026-10-01,TWT96U,twse,5906,712,,,
2026-10-01,TWT96U,tpex,_,,,,
2026-10-01,TWT96U,twse,5907,105051,,,
2026-10-01,TWT96U,tpex,_,,,,
2026-10-01,TWT96U,twse,6005,1814892,,,
2026-10-01,TWT96U,tpex,_,,,,
2026-10-01,TWT96U,twse,6024,85638,,,
2026-10-01,TWT96U,tpex,_,,,,
2026-10-01,TWT96U,twse,6108,1017450,,,
2026-10-01,TWT96U,tpex,_,,,,
2026-10-01,TWT96U,twse,6112,705886,,,
2026-10-01,TWT96U,tpex,_,,,,
2026-10-01,TWT96U,twse,6115,53074,,,
2026-10-01,TWT96U,tpex,_,,,,
2026-10-01,TWT96U,twse,6116,11402232,,,
2026-10-01,TWT96U,tpex,_,,,,
2026-10-01,TWT96U,twse,6117,46443,,,
2026-10-01,TWT96U,tpex,_,,,,
2026-10-01,TWT96U,twse,6120,592966,,,
2026-10-01,TWT96U,tpex,_,,,,
2026-10-01,TWT96U,twse,6128,22563,,,
2026-10-01,TWT96U,tpex,_,,,,
2026-10-01,TWT96U,twse,6133,877995,,,
2026-10-01,TWT96U,tpex,_,,,,
2026-10-01,TWT96U,twse,6136,63478,,,
2026-10-01,TWT96U,tpex,_,,,,
2026-10-01,TWT96U,twse,6139,692548,,,
2026-10-01,TWT96U,tpex,_,,,,
2026-10-01,TWT96U,twse,6153,758990,,,
2026-10-01,TWT96U,tpex,_,,,,
2026-10-01,TWT96U,twse,6155,466457,,,
2026-10-01,TWT96U,tpex,_,,,,
2026-10-01,TWT96U,twse,6164,127921,,,
2026-10-01,TWT96U,tpex,_,,,,
2026-10-01,TWT96U,twse,6165,118626,,,
2026-10-01,TWT96U,tpex,_,,,,
2026-10-01,TWT96U,twse,6166,586470,,,
2026-10-01,TWT96U,tpex,_,,,,
2026-10-01,TWT96U,twse,6168,3139314,,,
2026-10-01,TWT96U,tpex,_,,,,
2026-10-01,TWT96U,twse,6176,829832,,,
2026-10-01,TWT96U,tpex,_,,,,
2026-10-01,TWT96U,twse,6177,552968,,,
2026-10-01,TWT96U,tpex,_,,,,
2026-10-01,TWT96U,twse,6183,8211,,,
2026-10-01,TWT96U,tpex,_,,,,
2026-10-01,TWT96U,twse,6184,45140,,,
2026-10-01,TWT96U,tpex,_,,,,
2026-10-01,TWT96U,twse,6189,109761,,,
2026-10-01,TWT96U,tpex,_,,,,
2026-10-01,TWT96U,twse,6191,402510,,,
2026-10-01,TWT96U,tpex,_,,,,
2026-10-01,TWT96U,twse,6192,35164,,,
2026-10-01,TWT96U,tpex,_,,,,
2026-10-01,TWT96U,twse,6196,425807,,,
2026-10-01,TWT96U,tpex,_,,,,
2026-10-01,TWT96U,twse,6197,450741,,,
2026-10-01,TWT96U,tpex,_,,,,
2026-10-01,TWT96U,twse,6201,8906,,,
2026-10-01,TWT96U,tpex,_,,,,
2026-10-01,TWT96U,twse,6202,333705,,,
2026-10-01,TWT96U,tpex,_,,,,
2026-10-01,TWT96U,twse,6205,335958,,,
2026-10-01,TWT96U,tpex,_,,,,
2026-10-01,TWT96U,twse,6206,325917,,,
2026-10-01,TWT96U,tpex,_,,,,
2026-10-01,TWT96U,twse,6209,3050340,,,
2026-10-01,TWT96U,tpex,_,,,,
2026-10-01,TWT96U,twse,6213,5212326,,,
2026-10-01,TWT96U,tpex,_,,,,
2026-10-01,TWT96U,twse,6214,918228,,,
2026-10-01,TWT96U,tpex,_,,,,
2026-10-01,TWT96U,twse,6215,207367,,,
2026-10-01,TWT96U,tpex,_,,,,
2026-10-01,TWT96U,twse,6216,40663,,,
2026-10-01,TWT96U,tpex,_,,,,
2026-10-01,TWT96U,twse,6224,597174,,,
2026-10-01,TWT96U,tpex,_,,,,
2026-10-01,TWT96U,twse,6226,7210028,,,
2026-10-01,TWT96U,tpex,_,,,,
2026-10-01,TWT96U,twse,6230,16883,,,
2026-10-01,TWT96U,tpex,_,,,,
2026-10-01,TWT96U,twse,6235,90070,,,
2026-10-01,TWT96U,tpex,_,,,,
2026-10-01,TWT96U,twse,6239,3740770,,,
2026-10-01,TWT96U,tpex,_,,,,
2026-10-01,TWT96U,twse,6243,225406,,,
2026-10-01,TWT96U,tpex,_,,,,
2026-10-01,TWT96U,twse,6257,2981364,,,
2026-10-01,TWT96U,tpex,_,,,,
2026-10-01,TWT96U,twse,6269,2083801,,,
2026-10-01,TWT96U,tpex,_,,,,
2026-10-01,TWT96U,twse,6271,1326657,,,
2026-10-01,TWT96U,tpex,_,,,,
2026-10-01,TWT96U,twse,6272,135505,,,
2026-10-01,TWT96U,tpex,_,,,,
2026-10-01,TWT96U,twse,6277,91087,,,
2026-10-01,TWT96U,tpex,_,,,,
2026-10-01,TWT96U,twse,6278,1927377,,,
2026-10-01,TWT96U,tpex,_,,,,
2026-10-01,TWT96U,twse,6281,10368,,,
2026-10-01,TWT96U,tpex,_,,,,
2026-10-01,TWT96U,twse,6282,1396719,,,
2026-10-01,TWT96U,tpex,_,,,,
2026-10-01,TWT96U,twse,6283,30177,,,
2026-10-01,TWT96U,tpex,_,,,,
2026-10-01,TWT96U,twse,6285,1051530,,,
2026-10-01,TWT96U,tpex,_,,,,
2026-10-01,TWT96U,twse,6405,186191,,,
2026-10-01,TWT96U,tpex,_,,,,
2026-10-01,TWT96U,twse,6409,128125,,,
2026-10-01,TWT96U,tpex,_,,,,
2026-10-01,TWT96U,twse,6412,157513,,,
2026-10-01,TWT96U,tpex,_,,,,
2026-10-01,TWT96U,twse,6414,392259,,,
2026-10-01,TWT96U,tpex,_,,,,
2026-10-01,TWT96U,twse,6415,892954,,,
2026-10-01,TWT96U,tpex,_,,,,
2026-10-01,TWT96U,twse,6416,282922,,,
2026-10-01,TWT96U,tpex,_,,,,
2026-10-01,TWT96U,twse,6426,1026651,,,
2026-10-01,TWT96U,tpex,_,,,,
2026-10-01,TWT96U,twse,6438,129361,,,
2026-10-01,TWT96U,tpex,_,,,,
2026-10-01,TWT96U,twse,6442,785952,,,
2026-10-01,TWT96U,tpex,_,,,,
2026-10-01,TWT96U,twse,6443,1770486,,,
2026-10-01,TWT96U,tpex,_,,,,
2026-10-01,TWT96U,twse,6446,1225617,,,
2026-10-01,TWT96U,tpex,_,,,,
2026-10-01,TWT96U,twse,6449,346861,,,
2026-10-01,TWT96U,tpex,_,,,,
2026-10-01,TWT96U,twse,6451,1314447,,,
2026-10-01,TWT96U,tpex,_,,,,
2026-10-01,TWT96U,twse,6456,1838449,,,
2026-10-01,TWT96U,tpex,_,,,,
2026-10-01,TWT96U,twse,6464,37996,,,
2026-10-01,TWT96U,tpex,_,,,,
2026-10-01,TWT96U,twse,6472,295507,,,
2026-10-01,TWT96U,tpex,_,,,,
2026-10-01,TWT96U,twse,6477,577796,,,
2026-10-01,TWT96U,tpex,_,,,,
2026-10-01,TWT96U,twse,6491,110301,,,
2026-10-01,TWT96U,tpex,_,,,,
2026-10-01,TWT96U,twse,6504,9322,,,
2026-10-01,TWT96U,tpex,_,,,,
2026-10-01,TWT96U,twse,6505,7479252,,,
2026-10-01,TWT96U,tpex,_,,,,
2026-10-01,TWT96U,twse,6515,167532,,,
2026-10-01,TWT96U,tpex,_,,,,
2026-10-01,TWT96U,twse,6525,378982,,,
2026-10-01,TWT96U,tpex,_,,,,
2026-10-01,TWT96U,twse,6526,333221,,,
2026-10-01,TWT96U,tpex,_,,,,
2026-10-01,TWT96U,twse,6531,1117100,,,
2026-10-01,TWT96U,tpex,_,,,,
2026-10-01,TWT96U,twse,6533,627504,,,
2026-10-01,TWT96U,tpex,_,,,,
2026-10-01,TWT96U,twse,6534,12293,,,
2026-10-01,TWT96U,tpex,_,,,,
2026-10-01,TWT96U,twse,6541,121488,,,
2026-10-01,TWT96U,tpex,_,,,,
2026-10-01,TWT96U,twse,6552,19311,,,
2026-10-01,TWT96U,tpex,_,,,,
2026-10-01,TWT96U,twse,6558,54711,,,
2026-10-01,TWT96U,tpex,_,,,,
2026-10-01,TWT96U,twse,6579,95727,,,
2026-10-01,TWT96U,tpex,_,,,,
2026-10-01,TWT96U,twse,6581,5256,,,
2026-10-01,TWT96U,tpex,_,,,,
2026-10-01,TWT96U,twse,6582,12306,,,
2026-10-01,TWT96U,tpex,_,,,,
2026-10-01,TWT96U,twse,6585,43685,,,
2026-10-01,TWT96U,tpex,_,,,,
2026-10-01,TWT96U,twse,6589,197568,,,
2026-10-01,TWT96U,tpex,_,,,,
2026-10-01,TWT96U,twse,6591,29357,,,
2026-10-01,TWT96U,tpex,_,,,,
2026-10-01,TWT96U,twse,6592,126378,,,
2026-10-01,TWT96U,tpex,_,,,,
2026-10-01,TWT96U,twse,6605,85921,,,
2026-10-01,TWT96U,tpex,_,,,,
2026-10-01,TWT96U,twse,6606,24780,,,
2026-10-01,TWT96U,tpex,_,,,,
2026-10-01,TWT96U,twse,6614,7842,,,
2026-10-01,TWT96U,tpex,_,,,,
2026-10-01,TWT96U,twse,6625,20253,,,
2026-10-01,TWT96U,tpex,_,,,,
2026-10-01,TWT96U,twse,6641,4878,,,
2026-10-01,TWT96U,tpex,_,,,,
2026-10-01,TWT96U,twse,6655,3150,,,
2026-10-01,TWT96U,tpex,_,,,,
2026-10-01,TWT96U,twse,6657,58476,,,
2026-10-01,TWT96U,tpex,_,,,,
2026-10-01,TWT96U,twse,6658,92530,,,
2026-10-01,TWT96U,tpex,_,,,,
2026-10-01,TWT96U,twse,6666,8948,,,
2026-10-01,TWT96U,tpex,_,,,,
2026-10-01,TWT96U,twse,6668,1020267,,,
2026-10-01,TWT96U,tpex,_,,,,
2026-10-01,TWT96U,twse,6669,1012712,,,
2026-10-01,TWT96U,tpex,_,,,,
2026-10-01,TWT96U,twse,6670,57133,,,
2026-10-01,TWT96U,tpex,_,,,,
2026-10-01,TWT96U,twse,6671,8269,,,
2026-10-01,TWT96U,tpex,_,,,,
2026-10-01,TWT96U,twse,6672,1678980,,,
2026-10-01,TWT96U,tpex,_,,,,
2026-10-01,TWT96U,twse,6674,60744,,,
2026-10-01,TWT96U,tpex,_,,,,
2026-10-01,TWT96U,twse,6689,192116,,,
2026-10-01,TWT96U,tpex,_,,,,
2026-10-01,TWT96U,twse,6691,201468,,,
2026-10-01,TWT96U,tpex,_,,,,
2026-10-01,TWT96U,twse,6695,117670,,,
2026-10-01,TWT96U,tpex,_,,,,
2026-10-01,TWT96U,twse,6698,37672,,,
2026-10-01,TWT96U,tpex,_,,,,
2026-10-01,TWT96U,twse,6706,1474733,,,
2026-10-01,TWT96U,tpex,_,,,,
2026-10-01,TWT96U,twse,6715,557376,,,
2026-10-01,TWT96U,tpex,_,,,,
2026-10-01,TWT96U,twse,6719,163681,,,
2026-10-01,TWT96U,tpex,_,,,,
2026-10-01,TWT96U,twse,6722,7218,,,
2026-10-01,TWT96U,tpex,_,,,,
2026-10-01,TWT96U,twse,6742,264758,,,
2026-10-01,TWT96U,tpex,_,,,,
2026-10-01,TWT96U,twse,6743,85860,,,
2026-10-01,TWT96U,tpex,_,,,,
2026-10-01,TWT96U,twse,6753,364011,,,
2026-10-01,TWT96U,tpex,_,,,,
2026-10-01,TWT96U,twse,6754,3051,,,
2026-10-01,TWT96U,tpex,_,,,,
2026-10-01,TWT96U,twse,6756,33999,,,
2026-10-01,TWT96U,tpex,_,,,,
2026-10-01,TWT96U,twse,6757,222882,,,
2026-10-01,TWT96U,tpex,_,,,,
2026-10-01,TWT96U,twse,6768,99771,,,
2026-10-01,TWT96U,tpex,_,,,,
2026-10-01,TWT96U,twse,6770,41613523,,,
2026-10-01,TWT96U,tpex,_,,,,
2026-10-01,TWT96U,twse,6771,12323,,,
2026-10-01,TWT96U,tpex,_,,,,
2026-10-01,TWT96U,twse,6776,22052,,,
2026-10-01,TWT96U,tpex,_,,,,
2026-10-01,TWT96U,twse,6781,130674,,,
2026-10-01,TWT96U,tpex,_,,,,
2026-10-01,TWT96U,twse,6782,157123,,,
2026-10-01,TWT96U,tpex,_,,,,
2026-10-01,TWT96U,twse,6789,403951,,,
2026-10-01,TWT96U,tpex,_,,,,
2026-10-01,TWT96U,twse,6790,32564,,,
2026-10-01,TWT96U,tpex,_,,,,
2026-10-01,TWT96U,twse,6792,9830,,,
2026-10-01,TWT96U,tpex,_,,,,
2026-10-01,TWT96U,twse,6794,9148,,,
2026-10-01,TWT96U,tpex,_,,,,
2026-10-01,TWT96U,twse,6796,24606,,,
2026-10-01,TWT96U,tpex,_,,,,
2026-10-01,TWT96U,twse,6799,61845,,,
2026-10-01,TWT96U,tpex,_,,,,
2026-10-01,TWT96U,twse,6805,503903,,,
2026-10-01,TWT96U,tpex,_,,,,
2026-10-01,TWT96U,twse,6807,2725,,,
2026-10-01,TWT96U,tpex,_,,,,
2026-10-01,TWT96U,twse,6830,705801,,,
2026-10-01,TWT96U,tpex,_,,,,
2026-10-01,TWT96U,twse,6831,283313,,,
2026-10-01,TWT96U,tpex,_,,,,
2026-10-01,TWT96U,twse,6834,1465915,,,
2026-10-01,TWT96U,tpex,_,,,,
2026-10-01,TWT96U,twse,6835,6009,,,
2026-10-01,TWT96U,tpex,_,,,,
2026-10-01,TWT96U,twse,6854,62874,,,
2026-10-01,TWT96U,tpex,_,,,,
2026-10-01,TWT96U,twse,6861,462587,,,
2026-10-01,TWT96U,tpex,_,,,,
2026-10-01,TWT96U,twse,6862,40794,,,
2026-10-01,TWT96U,tpex,_,,,,
2026-10-01,TWT96U,twse,6863,31785,,,
2026-10-01,TWT96U,tpex,_,,,,
2026-10-01,TWT96U,twse,6869,139206,,,
2026-10-01,TWT96U,tpex,_,,,,
2026-10-01,TWT96U,twse,6873,91506,,,
2026-10-01,TWT96U,tpex,_,,,,
2026-10-01,TWT96U,twse,6885,276442,,,
2026-10-01,TWT96U,tpex,_,,,,
2026-10-01,TWT96U,twse,6887,8623,,,
2026-10-01,TWT96U,tpex,_,,,,
2026-10-01,TWT96U,twse,6890,80718,,,
2026-10-01,TWT96U,tpex,_,,,,
2026-10-01,TWT96U,twse,6901,392773,,,
2026-10-01,TWT96U,tpex,_,,,,
2026-10-01,TWT96U,twse,6902,91167,,,
2026-10-01,TWT96U,tpex,_,,,,
2026-10-01,TWT96U,twse,6906,27442,,,
2026-10-01,TWT96U,tpex,_,,,,
2026-10-01,TWT96U,twse,6909,86385,,,
2026-10-01,TWT96U,tpex,_,,,,
2026-10-01,TWT96U,twse,6914,26752,,,
2026-10-01,TWT96U,tpex,_,,,,
2026-10-01,TWT96U,twse,6916,7556,,,
2026-10-01,TWT96U,tpex,_,,,,
2026-10-01,TWT96U,twse,6918,11725,,,
2026-10-01,TWT96U,tpex,_,,,,
2026-10-01,TWT96U,twse,6923,16227,,,
2026-10-01,TWT96U,tpex,_,,,,
2026-10-01,TWT96U,twse,6928,19357,,,
2026-10-01,TWT96U,tpex,_,,,,
2026-10-01,TWT96U,twse,6931,16245,,,
2026-10-01,TWT96U,tpex,_,,,,
2026-10-01,TWT96U,twse,6933,434679,,,
2026-10-01,TWT96U,tpex,_,,,,
2026-10-01,TWT96U,twse,6934,13050,,,
2026-10-01,TWT96U,tpex,_,,,,
2026-10-01,TWT96U,twse,6936,5799,,,
2026-10-01,TWT96U,tpex,_,,,,
2026-10-01,TWT96U,twse,6937,146345,,,
2026-10-01,TWT96U,tpex,_,,,,
2026-10-01,TWT96U,twse,6944,90194,,,
2026-10-01,TWT96U,tpex,_,,,,
2026-10-01,TWT96U,twse,6951,6754,,,
2026-10-01,TWT96U,tpex,_,,,,
2026-10-01,TWT96U,twse,6952,3927,,,
2026-10-01,TWT96U,tpex,_,,,,
2026-10-01,TWT96U,twse,6957,66028,,,
2026-10-01,TWT96U,tpex,_,,,,
2026-10-01,TWT96U,twse,6958,10046,,,
2026-10-01,TWT96U,tpex,_,,,,
2026-10-01,TWT96U,twse,6962,552664,,,
2026-10-01,TWT96U,tpex,_,,,,
2026-10-01,TWT96U,twse,6965,8575,,,
2026-10-01,TWT96U,tpex,_,,,,
2026-10-01,TWT96U,twse,6994,178780,,,
2026-10-01,TWT96U,tpex,_,,,,
2026-10-01,TWT96U,twse,7610,248414,,,
2026-10-01,TWT96U,tpex,_,,,,
2026-10-01,TWT96U,twse,7631,15990,,,
2026-10-01,TWT96U,tpex,_,,,,
2026-10-01,TWT96U,twse,7705,13540,,,
2026-10-01,TWT96U,tpex,_,,,,
2026-10-01,TWT96U,twse,7711,444725,,,
2026-10-01,TWT96U,tpex,_,,,,
2026-10-01,TWT96U,twse,7721,17430,,,
2026-10-01,TWT96U,tpex,_,,,,
2026-10-01,TWT96U,twse,7722,17054,,,
2026-10-01,TWT96U,tpex,_,,,,
2026-10-01,TWT96U,twse,7730,31447,,,
2026-10-01,TWT96U,tpex,_,,,,
2026-10-01,TWT96U,twse,7732,3237,,,
2026-10-01,TWT96U,tpex,_,,,,
2026-10-01,TWT96U,twse,7736,5637,,,
2026-10-01,TWT96U,tpex,_,,,,
2026-10-01,TWT96U,twse,7740,45849,,,
2026-10-01,TWT96U,tpex,_,,,,
2026-10-01,TWT96U,twse,7749,74708,,,
2026-10-01,TWT96U,tpex,_,,,,
2026-10-01,TWT96U,twse,7750,102064,,,
2026-10-01,TWT96U,tpex,_,,,,
2026-10-01,TWT96U,twse,7765,57547,,,
2026-10-01,TWT96U,tpex,_,,,,
2026-10-01,TWT96U,twse,7769,262056,,,
2026-10-01,TWT96U,tpex,_,,,,
2026-10-01,TWT96U,twse,7780,207604,,,
2026-10-01,TWT96U,tpex,_,,,,
2026-10-01,TWT96U,twse,7786,40923,,,
2026-10-01,TWT96U,tpex,_,,,,
2026-10-01,TWT96U,twse,7788,699019,,,
2026-10-01,TWT96U,tpex,_,,,,
2026-10-01,TWT96U,twse,7791,8778,,,
2026-10-01,TWT96U,tpex,_,,,,
2026-10-01,TWT96U,twse,7795,365491,,,
2026-10-01,TWT96U,tpex,_,,,,
2026-10-01,TWT96U,twse,7799,223788,,,
2026-10-01,TWT96U,tpex,_,,,,
2026-10-01,TWT96U,twse,7822,55493,,,
2026-10-01,TWT96U,tpex,_,,,,
2026-10-01,TWT96U,twse,7823,10334,,,
2026-10-01,TWT96U,tpex,_,,,,
2026-10-01,TWT96U,twse,8011,89661,,,
2026-10-01,TWT96U,tpex,_,,,,
2026-10-01,TWT96U,twse,8016,192663,,,
2026-10-01,TWT96U,tpex,_,,,,
2026-10-01,TWT96U,twse,8021,1939157,,,
2026-10-01,TWT96U,tpex,_,,,,
2026-10-01,TWT96U,twse,8028,1433137,,,
2026-10-01,TWT96U,tpex,_,,,,
2026-10-01,TWT96U,twse,8033,1628660,,,
2026-10-01,TWT96U,tpex,_,,,,
2026-10-01,TWT96U,twse,8039,7358203,,,
2026-10-01,TWT96U,tpex,_,,,,
2026-10-01,TWT96U,twse,8045,60155,,,
2026-10-01,TWT96U,tpex,_,,,,
2026-10-01,TWT96U,twse,8046,3598214,,,
2026-10-01,TWT96U,tpex,_,,,,
2026-10-01,TWT96U,twse,8070,999426,,,
2026-10-01,TWT96U,tpex,_,,,,
2026-10-01,TWT96U,twse,8072,58430,,,
2026-10-01,TWT96U,tpex,_,,,,
2026-10-01,TWT96U,twse,8081,98974,,,
2026-10-01,TWT96U,tpex,_,,,,
2026-10-01,TWT96U,twse,8103,1819696,,,
2026-10-01,TWT96U,tpex,_,,,,
2026-10-01,TWT96U,twse,8104,83156,,,
2026-10-01,TWT96U,tpex,_,,,,
2026-10-01,TWT96U,twse,8105,1307519,,,
2026-10-01,TWT96U,tpex,_,,,,
2026-10-01,TWT96U,twse,8110,2084936,,,
2026-10-01,TWT96U,tpex,_,,,,
2026-10-01,TWT96U,twse,8112,2271579,,,
2026-10-01,TWT96U,tpex,_,,,,
2026-10-01,TWT96U,twse,8114,122478,,,
2026-10-01,TWT96U,tpex,_,,,,
2026-10-01,TWT96U,twse,8131,563214,,,
2026-10-01,TWT96U,tpex,_,,,,
2026-10-01,TWT96U,twse,8150,9760698,,,
2026-10-01,TWT96U,tpex,_,,,,
2026-10-01,TWT96U,twse,8162,59209,,,
2026-10-01,TWT96U,tpex,_,,,,
2026-10-01,TWT96U,twse,8163,159408,,,
2026-10-01,TWT96U,tpex,_,,,,
2026-10-01,TWT96U,twse,8210,379014,,,
2026-10-01,TWT96U,tpex,_,,,,
2026-10-01,TWT96U,twse,8213,99903,,,
2026-10-01,TWT96U,tpex,_,,,,
2026-10-01,TWT96U,twse,8215,505566,,,
2026-10-01,TWT96U,tpex,_,,,,
2026-10-01,TWT96U,twse,8222,184134,,,
2026-10-01,TWT96U,tpex,_,,,,
2026-10-01,TWT96U,twse,8249,59092,,,
2026-10-01,TWT96U,tpex,_,,,,
2026-10-01,TWT96U,twse,8261,1231656,,,
2026-10-01,TWT96U,tpex,_,,,,
2026-10-01,TWT96U,twse,8271,766863,,,
2026-10-01,TWT96U,tpex,_,,,,
2026-10-01,TWT96U,twse,8341,43045,,,
2026-10-01,TWT96U,tpex,_,,,,
2026-10-01,TWT96U,twse,8367,5356,,,
2026-10-01,TWT96U,tpex,_,,,,
2026-10-01,TWT96U,twse,8374,103013,,,
2026-10-01,TWT96U,tpex,_,,,,
2026-10-01,TWT96U,twse,8404,103134,,,
2026-10-01,TWT96U,tpex,_,,,,
2026-10-01,TWT96U,twse,8411,26496,,,
2026-10-01,TWT96U,tpex,_,,,,
2026-10-01,TWT96U,twse,8422,1348421,,,
2026-10-01,TWT96U,tpex,_,,,,
2026-10-01,TWT96U,twse,8429,34830,,,
2026-10-01,TWT96U,tpex,_,,,,
2026-10-01,TWT96U,twse,8438,89541,,,
2026-10-01,TWT96U,tpex,_,,,,
2026-10-01,TWT96U,twse,8442,23027,,,
2026-10-01,TWT96U,tpex,_,,,,
2026-10-01,TWT96U,twse,8443,29791,,,
2026-10-01,TWT96U,tpex,_,,,,
2026-10-01,TWT96U,twse,8454,107635,,,
2026-10-01,TWT96U,tpex,_,,,,
2026-10-01,TWT96U,twse,8462,22297,,,
2026-10-01,TWT96U,tpex,_,,,,
2026-10-01,TWT96U,twse,8463,12424,,,
2026-10-01,TWT96U,tpex,_,,,,
2026-10-01,TWT96U,twse,8464,116115,,,
2026-10-01,TWT96U,tpex,_,,,,
2026-10-01,TWT96U,twse,8466,10294,,,
2026-10-01,TWT96U,tpex,_,,,,
2026-10-01,TWT96U,twse,8467,4411,,,
2026-10-01,TWT96U,tpex,_,,,,
2026-10-01,TWT96U,twse,8473,168066,,,
2026-10-01,TWT96U,tpex,_,,,,
2026-10-01,TWT96U,twse,8476,75090,,,
2026-10-01,TWT96U,tpex,_,,,,
2026-10-01,TWT96U,twse,8478,26887,,,
2026-10-01,TWT96U,tpex,_,,,,
2026-10-01,TWT96U,twse,8481,3541,,,
2026-10-01,TWT96U,tpex,_,,,,
2026-10-01,TWT96U,twse,8482,2427,,,
2026-10-01,TWT96U,tpex,_,,,,
2026-10-01,TWT96U,twse,8487,3332,,,
2026-10-01,TWT96U,tpex,_,,,,
2026-10-01,TWT96U,twse,8488,34265,,,
2026-10-01,TWT96U,tpex,_,,,,
2026-10-01,TWT96U,twse,8499,7951,,,
2026-10-01,TWT96U,tpex,_,,,,
2026-10-01,TWT96U,twse,8926,761757,,,
2026-10-01,TWT96U,tpex,_,,,,
2026-10-01,TWT96U,twse,8940,13201,,,
2026-10-01,TWT96U,tpex,_,,,,
2026-10-01,TWT96U,twse,8996,1172759,,,
2026-10-01,TWT96U,tpex,_,,,,
2026-10-01,TWT96U,twse,9103,160857,,,
2026-10-01,TWT96U,tpex,_,,,,
2026-10-01,TWT96U,twse,9105,5102517,,,
2026-10-01,TWT96U,tpex,_,,,,
2026-10-01,TWT96U,twse,911868,60761,,,
2026-10-01,TWT96U,tpex,_,,,,
2026-10-01,TWT96U,twse,912000,129702,,,
2026-10-01,TWT96U,tpex,_,,,,
2026-10-01,TWT96U,twse,9136,94033,,,
2026-10-01,TWT96U,tpex,_,,,,
2026-10-01,TWT96U,twse,9802,156150,,,
2026-10-01,TWT96U,tpex,_,,,,
2026-10-01,TWT96U,twse,9902,26217,,,
2026-10-01,TWT96U,tpex,_,,,,
2026-10-01,TWT96U,twse,9904,3673681,,,
2026-10-01,TWT96U,tpex,_,,,,
2026-10-01,TWT96U,twse,9905,32956,,,
2026-10-01,TWT96U,tpex,_,,,,
2026-10-01,TWT96U,twse,9906,21872,,,
2026-10-01,TWT96U,tpex,_,,,,
2026-10-01,TWT96U,twse,9907,446745,,,
2026-10-01,TWT96U,tpex,_,,,,
2026-10-01,TWT96U,twse,9908,37033,,,
2026-10-01,TWT96U,tpex,_,,,,
2026-10-01,TWT96U,twse,9910,354966,,,
2026-10-01,TWT96U,tpex,_,,,,
2026-10-01,TWT96U,twse,9911,57760,,,
2026-10-01,TWT96U,tpex,_,,,,
2026-10-01,TWT96U,twse,9914,657169,,,
2026-10-01,TWT96U,tpex,_,,,,
2026-10-01,TWT96U,twse,9917,100083,,,
2026-10-01,TWT96U,tpex,_,,,,
2026-10-01,TWT96U,twse,9918,5516,,,
2026-10-01,TWT96U,tpex,_,,,,
2026-10-01,TWT96U,twse,9919,58394,,,
2026-10-01,TWT96U,tpex,_,,,,
2026-10-01,TWT96U,twse,9921,662891,,,
2026-10-01,TWT96U,tpex,_,,,,
2026-10-01,TWT96U,twse,9924,36563,,,
2026-10-01,TWT96U,tpex,_,,,,
2026-10-01,TWT96U,twse,9925,289998,,,
2026-10-01,TWT96U,tpex,_,,,,
2026-10-01,TWT96U,twse,9926,3911,,,
2026-10-01,TWT96U,tpex,_,,,,
2026-10-01,TWT96U,twse,9927,28466,,,
2026-10-01,TWT96U,tpex,_,,,,
2026-10-01,TWT96U,twse,9928,14160,,,
2026-10-01,TWT96U,tpex,_,,,,
2026-10-01,TWT96U,twse,9930,30760,,,
2026-10-01,TWT96U,tpex,_,,,,
2026-10-01,TWT96U,twse,9931,5652,,,
2026-10-01,TWT96U,tpex,_,,,,
2026-10-01,TWT96U,twse,9933,659544,,,
2026-10-01,TWT96U,tpex,_,,,,
2026-10-01,TWT96U,twse,9934,227412,,,
2026-10-01,TWT96U,tpex,_,,,,
2026-10-01,TWT96U,twse,9935,97909,,,
2026-10-01,TWT96U,tpex,_,,,,
2026-10-01,TWT96U,twse,9937,11187,,,
2026-10-01,TWT96U,tpex,_,,,,
2026-10-01,TWT96U,twse,9938,302796,,,
2026-10-01,TWT96U,tpex,_,,,,
2026-10-01,TWT96U,twse,9939,203567,,,
2026-10-01,TWT96U,tpex,_,,,,
2026-10-01,TWT96U,twse,9940,93574,,,
2026-10-01,TWT96U,tpex,_,,,,
2026-10-01,TWT96U,twse,9941,361263,,,
2026-10-01,TWT96U,tpex,_,,,,
2026-10-01,TWT96U,twse,9942,19193,,,
2026-10-01,TWT96U,tpex,_,,,,
2026-10-01,TWT96U,twse,9943,14922,,,
2026-10-01,TWT96U,tpex,_,,,,
2026-10-01,TWT96U,twse,9944,9147,,,
2026-10-01,TWT96U,tpex,_,,,,
2026-10-01,TWT96U,twse,9945,1994944,,,
2026-10-01,TWT96U,tpex,_,,,,
2026-10-01,TWT96U,twse,9946,102167,,,
2026-10-01,TWT96U,tpex,_,,,,
2026-10-01,TWT96U,twse,9955,63571,,,
2026-10-01,TWT96U,tpex,_,,,,
2026-10-01,TWT96U,twse,9958,557135,,,
2026-10-01,TWT96U,tpex,_,,,,
2026-10-01,TWT92U,twse,00400A,,,,
2026-10-01,TWT92U,twse,00401A,,,,
2026-10-01,TWT92U,twse,00402A,,,,
2026-10-01,TWT92U,twse,00403A,,,,
2026-10-01,TWT92U,twse,00404A,,,,
2026-10-01,TWT92U,twse,00405A,,,,
2026-10-01,TWT92U,twse,00406A,,Y,,
2026-10-01,TWT92U,twse,00407A,,,,
2026-10-01,TWT92U,twse,00408A,,,,
2026-10-01,TWT92U,twse,00409A,,,,
2026-10-01,TWT92U,twse,00410A,,,,
2026-10-01,TWT92U,twse,0050,,,,
2026-10-01,TWT92U,twse,0051,,,,
2026-10-01,TWT92U,twse,0052,,,,
2026-10-01,TWT92U,twse,0053,,,,
2026-10-01,TWT92U,twse,0055,,,,
2026-10-01,TWT92U,twse,0056,,,,
2026-10-01,TWT92U,twse,0057,,,,
2026-10-01,TWT92U,twse,0061,,,,
2026-10-01,TWT92U,twse,006203,,,,
2026-10-01,TWT92U,twse,006204,,,,
2026-10-01,TWT92U,twse,006205,,,,
2026-10-01,TWT92U,twse,006206,,,,
2026-10-01,TWT92U,twse,006207,,,,
2026-10-01,TWT92U,twse,006208,,,,
2026-10-01,TWT92U,twse,00631L,,,,
2026-10-01,TWT92U,twse,00632R,,,,
2026-10-01,TWT92U,twse,00633L,,,,
2026-10-01,TWT92U,twse,00634R,,,,
2026-10-01,TWT92U,twse,00635U,,,,
2026-10-01,TWT92U,twse,00636,,,,
2026-10-01,TWT92U,twse,00637L,,,,
2026-10-01,TWT92U,twse,00638R,,,,
2026-10-01,TWT92U,twse,00639,,,,
2026-10-01,TWT92U,twse,00640L,,,,
2026-10-01,TWT92U,twse,00641R,,,,
2026-10-01,TWT92U,twse,00642U,,,,
2026-10-01,TWT92U,twse,00643,,,,
2026-10-01,TWT92U,twse,00645,,,,
2026-10-01,TWT92U,twse,00646,,,,
2026-10-01,TWT92U,twse,00647L,,,,
2026-10-01,TWT92U,twse,00648R,,,,
2026-10-01,TWT92U,twse,00650L,,,,
2026-10-01,TWT92U,twse,00651R,,,,
2026-10-01,TWT92U,twse,00652,,,,
2026-10-01,TWT92U,twse,00653L,,,,
2026-10-01,TWT92U,twse,00654R,,,,
2026-10-01,TWT92U,twse,00655L,,,,
2026-10-01,TWT92U,twse,00656R,,,,
2026-10-01,TWT92U,twse,00657,,,,
2026-10-01,TWT92U,twse,00660,,,,
2026-10-01,TWT92U,twse,00661,,,,
2026-10-01,TWT92U,twse,00662,,,,
2026-10-01,TWT92U,twse,00663L,,,,
2026-10-01,TWT92U,twse,00664R,,,,
2026-10-01,TWT92U,twse,00665L,,,,
2026-10-01,TWT92U,twse,00666R,,,,
2026-10-01,TWT92U,twse,00668,,,,
2026-10-01,TWT92U,twse,00669R,,,,
2026-10-01,TWT92U,twse,00670L,,,,
2026-10-01,TWT92U,twse,00671R,,,,
2026-10-01,TWT92U,twse,00673R,,,,
2026-10-01,TWT92U,twse,00674R,,,,
2026-10-01,TWT92U,twse,00675L,,,,
2026-10-01,TWT92U,twse,00676R,,,,
2026-10-01,TWT92U,twse,00678,,,,
2026-10-01,TWT92U,twse,00680L,,,,
2026-10-01,TWT92U,twse,00681R,,,,
2026-10-01,TWT92U,twse,00682U,,,,
2026-10-01,TWT92U,twse,00683L,,,,
2026-10-01,TWT92U,twse,00684R,,,,
2026-10-01,TWT92U,twse,00685L,,,,
2026-10-01,TWT92U,twse,00686R,,,,
2026-10-01,TWT92U,twse,00688L,,,,
2026-10-01,TWT92U,twse,00689R,,Y,,
2026-10-01,TWT92U,twse,00690,,,,
2026-10-01,TWT92U,twse,00692,,,,
2026-10-01,TWT92U,twse,00693U,,,,
2026-10-01,TWT92U,twse,00700,,,,
2026-10-01,TWT92U,twse,00701,,,,
2026-10-01,TWT92U,twse,00702,,,,
2026-10-01,TWT92U,twse,00703,,,,
2026-10-01,TWT92U,twse,00706L,,,,
2026-10-01,TWT92U,twse,00707R,,Y,,
2026-10-01,TWT92U,twse,00708L,,,,
2026-10-01,TWT92U,twse,00709,,,,
2026-10-01,TWT92U,twse,00710B,,,,
2026-10-01,TWT92U,twse,00711B,,,,
2026-10-01,TWT92U,twse,00712,,,,
2026-10-01,TWT92U,twse,00713,,,,
2026-10-01,TWT92U,twse,00714,,,,
2026-10-01,TWT92U,twse,00715L,,Y,,
2026-10-01,TWT92U,twse,00717,,,,
2026-10-01,TWT92U,twse,00728,,,,
2026-10-01,TWT92U,twse,00730,,,,
2026-10-01,TWT92U,twse,00731,,,,
2026-10-01,TWT92U,twse,00733,,,,
2026-10-01,TWT92U,twse,00735,,,,
2026-10-01,TWT92U,twse,00736,,,,
2026-10-01,TWT92U,twse,00737,,,,
2026-10-01,TWT92U,twse,00738U,,,,
2026-10-01,TWT92U,twse,00739,,,,
2026-10-01,TWT92U,twse,00752,,,,
2026-10-01,TWT92U,twse,00753L,,,,
2026-10-01,TWT92U,twse,00757,,,,
2026-10-01,TWT92U,twse,00762,,,,
2026-10-01,TWT92U,twse,00763U,,,,
2026-10-01,TWT92U,twse,00770,,,,
2026-10-01,TWT92U,twse,00771,,,,
2026-10-01,TWT92U,twse,00775B,,Y,,
2026-10-01,TWT92U,twse,00783,,,,
2026-10-01,TWT92U,twse,00830,,,,
2026-10-01,TWT92U,twse,00850,,,,
2026-10-01,TWT92U,twse,00851,,,,
2026-10-01,TWT92U,twse,00852L,,,,
2026-10-01,TWT92U,twse,00861,,,,
2026-10-01,TWT92U,twse,00865B,,,,
2026-10-01,TWT92U,twse,00875,,,,
2026-10-01,TWT92U,twse,00876,,,,
2026-10-01,TWT92U,twse,00878,,,,
2026-10-01,TWT92U,twse,00881,,,,
2026-10-01,TWT92U,twse,00882,,,,
2026-10-01,TWT92U,twse,00885,,,,
2026-10-01,TWT92U,twse,00891,,,,
2026-10-01,TWT92U,twse,00892,,,,
2026-10-01,TWT92U,twse,00893,,,,
2026-10-01,TWT92U,twse,00894,,,,
2026-10-01,TWT92U,twse,00895,,,,
2026-10-01,TWT92U,twse,00896,,,,
2026-10-01,TWT92U,twse,00897,,,,
2026-10-01,TWT92U,twse,00898,,,,
2026-10-01,TWT92U,twse,00899,,,,
2026-10-01,TWT92U,twse,00900,,,,
2026-10-01,TWT92U,twse,00901,,,,
2026-10-01,TWT92U,twse,00902,,,,
2026-10-01,TWT92U,twse,00903,,,,
2026-10-01,TWT92U,twse,00904,,,,
2026-10-01,TWT92U,twse,00905,,,,
2026-10-01,TWT92U,twse,00907,,,,
2026-10-01,TWT92U,twse,00908,,,,
2026-10-01,TWT92U,twse,00909,,,,
2026-10-01,TWT92U,twse,00910,,,,
2026-10-01,TWT92U,twse,00911,,,,
2026-10-01,TWT92U,twse,00912,,,,
2026-10-01,TWT92U,twse,00913,,,,
2026-10-01,TWT92U,twse,00915,,,,
2026-10-01,TWT92U,twse,00916,,,,
2026-10-01,TWT92U,twse,00917,,,,
2026-10-01,TWT92U,twse,00918,,,,
2026-10-01,TWT92U,twse,00919,,,,
2026-10-01,TWT92U,twse,00920,,,,
2026-10-01,TWT92U,twse,00921,,,,
2026-10-01,TWT92U,twse,00922,,,,
2026-10-01,TWT92U,twse,00923,,,,
2026-10-01,TWT92U,twse,00924,,,,
2026-10-01,TWT92U,twse,00926,,,,
2026-10-01,TWT92U,twse,00927,,,,
2026-10-01,TWT92U,twse,00929,,,,
2026-10-01,TWT92U,twse,00930,,,,
2026-10-01,TWT92U,twse,00932,,,,
2026-10-01,TWT92U,twse,00934,,,,
2026-10-01,TWT92U,twse,00935,,,,
2026-10-01,TWT92U,twse,00936,,,,
2026-10-01,TWT92U,twse,00938,,,,
2026-10-01,TWT92U,twse,00939,,Y,,
2026-10-01,TWT92U,twse,00940,,Y,,
2026-10-01,TWT92U,twse,00941,,,,
2026-10-01,TWT92U,twse,00943,,,,
2026-10-01,TWT92U,twse,00944,,,,
2026-10-01,TWT92U,twse,00945B,,,,
2026-10-01,TWT92U,twse,00946,,Y,,
2026-10-01,TWT92U,twse,00947,,,,
2026-10-01,TWT92U,twse,00949,,,,
2026-10-01,TWT92U,twse,00951,,,,
2026-10-01,TWT92U,twse,00952,,,,
2026-10-01,TWT92U,twse,00953B,,Y,,
2026-10-01,TWT92U,twse,00954,,,,
2026-10-01,TWT92U,twse,00956,,,,
2026-10-01,TWT92U,twse,00960,,,,
2026-10-01,TWT92U,twse,00961,,,,
2026-10-01,TWT92U,twse,00962,,,,
2026-10-01,TWT92U,twse,00963,,,,
2026-10-01,TWT92U,twse,00964,,,,
2026-10-01,TWT92U,twse,00965,,,,
2026-10-01,TWT92U,twse,00971,,,,
2026-10-01,TWT92U,twse,00972,,,,
2026-10-01,TWT92U,twse,009800,,,,
2026-10-01,TWT92U,twse,009801,,,,
2026-10-01,TWT92U,twse,009802,,,,
2026-10-01,TWT92U,twse,009803,,,,
2026-10-01,TWT92U,twse,009804,,,,
2026-10-01,TWT92U,twse,009805,,,,
2026-10-01,TWT92U,twse,009808,,,,
2026-10-01,TWT92U,twse,009809,,,,
2026-10-01,TWT92U,twse,00980A,,,,
2026-10-01,TWT92U,twse,009810,,,,
2026-10-01,TWT92U,twse,009811,,,,
2026-10-01,TWT92U,twse,009812,,,,
2026-10-01,TWT92U,twse,009813,,,,
2026-10-01,TWT92U,twse,009816,,,,
2026-10-01,TWT92U,twse,009817,,,,
2026-10-01,TWT92U,twse,009818,,,,
2026-10-01,TWT92U,twse,009819,,,,
2026-10-01,TWT92U,twse,00981A,,,,
2026-10-01,TWT92U,twse,00981T,,,,
2026-10-01,TWT92U,twse,009820,,,,
2026-10-01,TWT92U,twse,009821,,,,
2026-10-01,TWT92U,twse,009824,,,,
2026-10-01,TWT92U,twse,009826,,,,
2026-10-01,TWT92U,twse,009827,,,,
2026-10-01,TWT92U,twse,009828,,,,
2026-10-01,TWT92U,twse,009829,,,,
2026-10-01,TWT92U,twse,00982A,,,,
2026-10-01,TWT92U,twse,00982D,,,,
2026-10-01,TWT92U,twse,00982T,,,,
2026-10-01,TWT92U,twse,00983A,,,,
2026-10-01,TWT92U,twse,00983D,,,,
2026-10-01,TWT92U,twse,00984A,,,,
2026-10-01,TWT92U,twse,00984D,,Y,,
2026-10-01,TWT92U,twse,00985A,,,,
2026-10-01,TWT92U,twse,00985B,,Y,,
2026-10-01,TWT92U,twse,00986A,,,,
2026-10-01,TWT92U,twse,00987A,,,,
2026-10-01,TWT92U,twse,00988A,,,,
2026-10-01,TWT92U,twse,00989A,,,,
2026-10-01,TWT92U,twse,00990A,,,,
2026-10-01,TWT92U,twse,00991A,,,,
2026-10-01,TWT92U,twse,00991B,,,,
2026-10-01,TWT92U,twse,00992A,,,,
2026-10-01,TWT92U,twse,00993A,,,,
2026-10-01,TWT92U,twse,00994A,,,,
2026-10-01,TWT92U,twse,00995A,,,,
2026-10-01,TWT92U,twse,00996A,,,,
2026-10-01,TWT92U,twse,00997A,,,,
2026-10-01,TWT92U,twse,00999A,,,,
2026-10-01,TWT92U,twse,1101,,,,
2026-10-01,TWT92U,twse,1102,,,,
2026-10-01,TWT92U,twse,1103,,,,
2026-10-01,TWT92U,twse,1104,,,,
2026-10-01,TWT92U,twse,1108,,,,
2026-10-01,TWT92U,twse,1109,,,,
2026-10-01,TWT92U,twse,1110,,,,
2026-10-01,TWT92U,twse,1201,,,,
2026-10-01,TWT92U,twse,1203,,,,
2026-10-01,TWT92U,twse,1210,,,,
2026-10-01,TWT92U,twse,1215,,,,
2026-10-01,TWT92U,twse,1216,,,,
2026-10-01,TWT92U,twse,1217,,,,
2026-10-01,TWT92U,twse,1218,,,,
2026-10-01,TWT92U,twse,1219,,,,
2026-10-01,TWT92U,twse,1220,,,,
2026-10-01,TWT92U,twse,1225,,,,
2026-10-01,TWT92U,twse,1227,,,,
2026-10-01,TWT92U,twse,1229,,,,
2026-10-01,TWT92U,twse,1231,,,,
2026-10-01,TWT92U,twse,1232,,,,
2026-10-01,TWT92U,twse,1233,,,,
2026-10-01,TWT92U,twse,1234,,,,
2026-10-01,TWT92U,twse,1235,,,,
2026-10-01,TWT92U,twse,1236,,,,
2026-10-01,TWT92U,twse,1256,,,,
2026-10-01,TWT92U,twse,1301,,,,
2026-10-01,TWT92U,twse,1303,,,,
2026-10-01,TWT92U,twse,1304,,,,
2026-10-01,TWT92U,twse,1305,,,,
2026-10-01,TWT92U,twse,1307,,,,
2026-10-01,TWT92U,twse,1308,,,,
2026-10-01,TWT92U,twse,1309,,,,
2026-10-01,TWT92U,twse,1310,,,,
2026-10-01,TWT92U,twse,1312,,,,
2026-10-01,TWT92U,twse,1313,,,,
2026-10-01,TWT92U,twse,1314,,,,
2026-10-01,TWT92U,twse,1315,,,,
2026-10-01,TWT92U,twse,1316,,,,
2026-10-01,TWT92U,twse,1319,,,,
2026-10-01,TWT92U,twse,1321,,,,
2026-10-01,TWT92U,twse,1323,,,,
2026-10-01,TWT92U,twse,1324,,,,
2026-10-01,TWT92U,twse,1325,,,,
2026-10-01,TWT92U,twse,1326,,,,
2026-10-01,TWT92U,twse,1337,,,,
2026-10-01,TWT92U,twse,1338,,,,
2026-10-01,TWT92U,twse,1339,,,,
2026-10-01,TWT92U,twse,1340,,,,
2026-10-01,TWT92U,twse,1342,,,,
2026-10-01,TWT92U,twse,1402,,,,
2026-10-01,TWT92U,twse,1409,,,,
2026-10-01,TWT92U,twse,1410,,,,
2026-10-01,TWT92U,twse,1414,,,,
2026-10-01,TWT92U,twse,1416,,,,
2026-10-01,TWT92U,twse,1417,,,,
2026-10-01,TWT92U,twse,1418,,,,
2026-10-01,TWT92U,twse,1419,,,,
2026-10-01,TWT92U,twse,1423,,,,
2026-10-01,TWT92U,twse,1432,,,,
2026-10-01,TWT92U,twse,1434,,,,
2026-10-01,TWT92U,twse,1436,,,,
2026-10-01,TWT92U,twse,1437,,,,
2026-10-01,TWT92U,twse,1438,,,,
2026-10-01,TWT92U,twse,1439,,,,
2026-10-01,TWT92U,twse,1440,,,,
2026-10-01,TWT92U,twse,1442,,,,
2026-10-01,TWT92U,twse,1443,,,,
2026-10-01,TWT92U,twse,1444,,,,
2026-10-01,TWT92U,twse,1445,,,,
2026-10-01,TWT92U,twse,1446,,,,
2026-10-01,TWT92U,twse,1449,,,,
2026-10-01,TWT92U,twse,1451,,,,
2026-10-01,TWT92U,twse,1452,,,,
2026-10-01,TWT92U,twse,1453,,,,
2026-10-01,TWT92U,twse,1454,,,,
2026-10-01,TWT92U,twse,1455,,,,
2026-10-01,TWT92U,twse,1456,,,,
2026-10-01,TWT92U,twse,1457,,,,
2026-10-01,TWT92U,twse,1459,,,,
2026-10-01,TWT92U,twse,1463,,,,
2026-10-01,TWT92U,twse,1464,,,,
2026-10-01,TWT92U,twse,1465,,,,
2026-10-01,TWT92U,twse,1466,,,,
2026-10-01,TWT92U,twse,1467,,,,
2026-10-01,TWT92U,twse,1470,,,,
2026-10-01,TWT92U,twse,1472,,,,
2026-10-01,TWT92U,twse,1473,,,,
2026-10-01,TWT92U,twse,1474,,,,
2026-10-01,TWT92U,twse,1475,,,,
2026-10-01,TWT92U,twse,1476,,,,
2026-10-01,TWT92U,twse,1477,,,,
2026-10-01,TWT92U,twse,1503,,,,
2026-10-01,TWT92U,twse,1504,,,,
2026-10-01,TWT92U,twse,1513,,,,
2026-10-01,TWT92U,twse,1514,,,,
2026-10-01,TWT92U,twse,1515,,,,
2026-10-01,TWT92U,twse,1517,,,,
2026-10-01,TWT92U,twse,1519,,,,
2026-10-01,TWT92U,twse,1521,,,,
2026-10-01,TWT92U,twse,1522,,,,
2026-10-01,TWT92U,twse,1524,,,,
2026-10-01,TWT92U,twse,1525,,,,
2026-10-01,TWT92U,twse,1526,,,,
2026-10-01,TWT92U,twse,1527,,,,
2026-10-01,TWT92U,twse,1528,,,,
2026-10-01,TWT92U,twse,1529,,,,
2026-10-01,TWT92U,twse,1530,,,,
2026-10-01,TWT92U,twse,1531,,,,
2026-10-01,TWT92U,twse,1532,,,,
2026-10-01,TWT92U,twse,1533,,,,
2026-10-01,TWT92U,twse,1535,,,,
2026-10-01,TWT92U,twse,1536,,,,
2026-10-01,TWT92U,twse,1537,,,,
2026-10-01,TWT92U,twse,1539,,,,
2026-10-01,TWT92U,twse,1540,,,,
2026-10-01,TWT92U,twse,1541,,,,
2026-10-01,TWT92U,twse,1558,,,,
2026-10-01,TWT92U,twse,1560,,,,
2026-10-01,TWT92U,twse,1563,,,,
2026-10-01,TWT92U,twse,1568,,,,
2026-10-01,TWT92U,twse,1582,,,,
2026-10-01,TWT92U,twse,1583,,,,
2026-10-01,TWT92U,twse,1587,,,,
2026-10-01,TWT92U,twse,1590,,,,
2026-10-01,TWT92U,twse,1597,,,,
2026-10-01,TWT92U,twse,1598,,,,
2026-10-01,TWT92U,twse,1603,,,,
2026-10-01,TWT92U,twse,1604,,,,
2026-10-01,TWT92U,twse,1605,,,,
2026-10-01,TWT92U,twse,1608,,,,
2026-10-01,TWT92U,twse,1609,,,,
2026-10-01,TWT92U,twse,1611,,,,
2026-10-01,TWT92U,twse,1612,,,,
2026-10-01,TWT92U,twse,1614,,,,
2026-10-01,TWT92U,twse,1615,,,,
2026-10-01,TWT92U,twse,1616,,,,
2026-10-01,TWT92U,twse,1617,,,,
2026-10-01,TWT92U,twse,1618,,,,
2026-10-01,TWT92U,twse,1623,,,,
2026-10-01,TWT92U,twse,1626,,,,
2026-10-01,TWT92U,twse,1702,,,,
2026-10-01,TWT92U,twse,1707,,,,
2026-10-01,TWT92U,twse,1708,,,,
2026-10-01,TWT92U,twse,1709,,,,
2026-10-01,TWT92U,twse,1710,,,,
2026-10-01,TWT92U,twse,1711,,,,
2026-10-01,TWT92U,twse,1712,,,,
2026-10-01,TWT92U,twse,1713,,,,
2026-10-01,TWT92U,twse,1714,,,,
2026-10-01,TWT92U,twse,1717,,,,
2026-10-01,TWT92U,twse,1718,,,,
2026-10-01,TWT92U,twse,1720,,,,
2026-10-01,TWT92U,twse,1722,,,,
2026-10-01,TWT92U,twse,1723,,,,
2026-10-01,TWT92U,twse,1725,,,,
2026-10-01,TWT92U,twse,1726,,,,
2026-10-01,TWT92U,twse,1727,,,,
2026-10-01,TWT92U,twse,1730,,,,
2026-10-01,TWT92U,twse,1731,,,,
2026-10-01,TWT92U,twse,1732,,,,
2026-10-01,TWT92U,twse,1733,,,,
2026-10-01,TWT92U,twse,1734,,,,
2026-10-01,TWT92U,twse,1735,,,,
2026-10-01,TWT92U,twse,1736,,,,
2026-10-01,TWT92U,twse,1737,,,,
2026-10-01,TWT92U,twse,1752,,,,
2026-10-01,TWT92U,twse,1760,,,,
2026-10-01,TWT92U,twse,1762,,,,
2026-10-01,TWT92U,twse,1773,,,,
2026-10-01,TWT92U,twse,1776,,,,
2026-10-01,TWT92U,twse,1783,,,,
2026-10-01,TWT92U,twse,1786,,,,
2026-10-01,TWT92U,twse,1789,,,,
2026-10-01,TWT92U,twse,1795,,,,
2026-10-01,TWT92U,twse,1802,,,,
2026-10-01,TWT92U,twse,1805,,,,
2026-10-01,TWT92U,twse,1806,,,,
2026-10-01,TWT92U,twse,1808,,,,
2026-10-01,TWT92U,twse,1809,,,,
2026-10-01,TWT92U,twse,1810,,,,
2026-10-01,TWT92U,twse,1817,,,,
2026-10-01,TWT92U,twse,1903,,,,
2026-10-01,TWT92U,twse,1904,,,,
2026-10-01,TWT92U,twse,1905,,,,
2026-10-01,TWT92U,twse,1906,,,,
2026-10-01,TWT92U,twse,1907,,,,
2026-10-01,TWT92U,twse,1909,,,,
2026-10-01,TWT92U,twse,2002,,,,
2026-10-01,TWT92U,twse,2006,,,,
2026-10-01,TWT92U,twse,2008,,,,
2026-10-01,TWT92U,twse,2009,,,,
2026-10-01,TWT92U,twse,2010,,,,
2026-10-01,TWT92U,twse,2012,,,,
2026-10-01,TWT92U,twse,2013,,,,
2026-10-01,TWT92U,twse,2015,,,,
2026-10-01,TWT92U,twse,2017,,,,
2026-10-01,TWT92U,twse,2020,,,,
2026-10-01,TWT92U,twse,2023,,,,
2026-10-01,TWT92U,twse,2024,,,,
2026-10-01,TWT92U,twse,2025,,,,
2026-10-01,TWT92U,twse,2027,,,,
2026-10-01,TWT92U,twse,2028,,,,
2026-10-01,TWT92U,twse,2029,,,,
2026-10-01,TWT92U,twse,2030,,,,
2026-10-01,TWT92U,twse,2031,,,,
2026-10-01,TWT92U,twse,2032,,,,
2026-10-01,TWT92U,twse,2033,,,,
2026-10-01,TWT92U,twse,2034,,,,
2026-10-01,TWT92U,twse,2038,,,,
2026-10-01,TWT92U,twse,2049,,,,
2026-10-01,TWT92U,twse,2059,,,,
2026-10-01,TWT92U,twse,2062,,,,
2026-10-01,TWT92U,twse,2069,,,,
2026-10-01,TWT92U,twse,2101,,,,
2026-10-01,TWT92U,twse,2102,,,,
2026-10-01,TWT92U,twse,2103,,,,
2026-10-01,TWT92U,twse,2104,,,,
2026-10-01,TWT92U,twse,2105,,,,
2026-10-01,TWT92U,twse,2106,,,,
2026-10-01,TWT92U,twse,2107,,,,
2026-10-01,TWT92U,twse,2108,,,,
2026-10-01,TWT92U,twse,2109,,,,
2026-10-01,TWT92U,twse,2114,,,,
2026-10-01,TWT92U,twse,2115,,,,
2026-10-01,TWT92U,twse,2201,,,,
2026-10-01,TWT92U,twse,2204,,,,
2026-10-01,TWT92U,twse,2206,,,,
2026-10-01,TWT92U,twse,2207,,,,
2026-10-01,TWT92U,twse,2211,,,,
2026-10-01,TWT92U,twse,2228,,,,
2026-10-01,TWT92U,twse,2231,,,,
2026-10-01,TWT92U,twse,2233,,,,
2026-10-01,TWT92U,twse,2236,,,,
2026-10-01,TWT92U,twse,2239,,,,
2026-10-01,TWT92U,twse,2241,,,,
2026-10-01,TWT92U,twse,2243,,,,
2026-10-01,TWT92U,twse,2247,,,,
2026-10-01,TWT92U,twse,2248,,,,
2026-10-01,TWT92U,twse,2250,,,,
2026-10-01,TWT92U,twse,2254,,,,
2026-10-01,TWT92U,twse,2301,,,,
2026-10-01,TWT92U,twse,2302,,,,
2026-10-01,TWT92U,twse,2303,,,,
2026-10-01,TWT92U,twse,2305,,,,
2026-10-01,TWT92U,twse,2308,,,,
2026-10-01,TWT92U,twse,2312,,,,
2026-10-01,TWT92U,twse,2313,,,,
2026-10-01,TWT92U,twse,2316,,,,
2026-10-01,TWT92U,twse,2317,,,,
2026-10-01,TWT92U,twse,2324,,,,
2026-10-01,TWT92U,twse,2327,,,,
2026-10-01,TWT92U,twse,2328,,,,
2026-10-01,TWT92U,twse,2329,,,,
2026-10-01,TWT92U,twse,2330,,,,
2026-10-01,TWT92U,twse,2331,,,,
2026-10-01,TWT92U,twse,2332,,,,
2026-10-01,TWT92U,twse,2337,,,,
2026-10-01,TWT92U,twse,2338,,,,
2026-10-01,TWT92U,twse,2340,,,,
2026-10-01,TWT92U,twse,2342,,,,
2026-10-01,TWT92U,twse,2344,,,,
2026-10-01,TWT92U,twse,2345,,,,
2026-10-01,TWT92U,twse,2347,,,,
2026-10-01,TWT92U,twse,2348,,,,
2026-10-01,TWT92U,twse,2351,,,,
2026-10-01,TWT92U,twse,2352,,,,
2026-10-01,TWT92U,twse,2353,,,,
2026-10-01,TWT92U,twse,2354,,,,
2026-10-01,TWT92U,twse,2355,,,,
2026-10-01,TWT92U,twse,2356,,,,
2026-10-01,TWT92U,twse,2357,,,,
2026-10-01,TWT92U,twse,2359,,,,
2026-10-01,TWT92U,twse,2360,,,,
2026-10-01,TWT92U,twse,2362,,,,
2026-10-01,TWT92U,twse,2363,,,,
2026-10-01,TWT92U,twse,2364,,,,
2026-10-01,TWT92U,twse,2365,,,,
2026-10-01,TWT92U,twse,2367,,,,
2026-10-01,TWT92U,twse,2368,,,,
2026-10-01,TWT92U,twse,2369,,,,
2026-10-01,TWT92U,twse,2371,,,,
2026-10-01,TWT92U,twse,2373,,,,
2026-10-01,TWT92U,twse,2374,,,,
2026-10-01,TWT92U,twse,2375,,,,
2026-10-01,TWT92U,twse,2376,,,,
2026-10-01,TWT92U,twse,2377,,,,
2026-10-01,TWT92U,twse,2379,,,,
2026-10-01,TWT92U,twse,2382,,,,
2026-10-01,TWT92U,twse,2383,,,,
2026-10-01,TWT92U,twse,2385,,,,
2026-10-01,TWT92U,twse,2387,,,,
2026-10-01,TWT92U,twse,2388,,,,
2026-10-01,TWT92U,twse,2390,,,,
2026-10-01,TWT92U,twse,2392,,,,
2026-10-01,TWT92U,twse,2393,,,,
2026-10-01,TWT92U,twse,2395,,,,
2026-10-01,TWT92U,twse,2397,,,,
2026-10-01,TWT92U,twse,2399,,,,
2026-10-01,TWT92U,twse,2401,,,,
2026-10-01,TWT92U,twse,2402,,,,
2026-10-01,TWT92U,twse,2404,,,,
2026-10-01,TWT92U,twse,2405,,,,
2026-10-01,TWT92U,twse,2406,,,,
2026-10-01,TWT92U,twse,2408,,,,
2026-10-01,TWT92U,twse,2409,,,,
2026-10-01,TWT92U,twse,2412,,,,
2026-10-01,TWT92U,twse,2413,,,,
2026-10-01,TWT92U,twse,2414,,,,
2026-10-01,TWT92U,twse,2415,,,,
2026-10-01,TWT92U,twse,2417,,,,
2026-10-01,TWT92U,twse,2419,,,,
2026-10-01,TWT92U,twse,2420,,,,
2026-10-01,TWT92U,twse,2421,,,,
2026-10-01,TWT92U,twse,2423,,,,
2026-10-01,TWT92U,twse,2425,,,,
2026-10-01,TWT92U,twse,2426,,,,
2026-10-01,TWT92U,twse,2427,,,,
2026-10-01,TWT92U,twse,2428,,,,
2026-10-01,TWT92U,twse,2430,,,,
2026-10-01,TWT92U,twse,2432,,,,
2026-10-01,TWT92U,twse,2433,,,,
2026-10-01,TWT92U,twse,2434,,,,
2026-10-01,TWT92U,twse,2436,,,,
2026-10-01,TWT92U,twse,2439,,,,
2026-10-01,TWT92U,twse,2440,,,,
2026-10-01,TWT92U,twse,2441,,,,
2026-10-01,TWT92U,twse,2442,,,,
2026-10-01,TWT92U,twse,2449,,,,
2026-10-01,TWT92U,twse,2450,,,,
2026-10-01,TWT92U,twse,2451,,,,
2026-10-01,TWT92U,twse,2453,,,,
2026-10-01,TWT92U,twse,2454,,,,
2026-10-01,TWT92U,twse,2455,,,,
2026-10-01,TWT92U,twse,2457,,,,
2026-10-01,TWT92U,twse,2458,,,,
2026-10-01,TWT92U,twse,2459,,,,
2026-10-01,TWT92U,twse,2461,,,,
2026-10-01,TWT92U,twse,2462,,,,
2026-10-01,TWT92U,twse,2464,,,,
2026-10-01,TWT92U,twse,2465,,,,
2026-10-01,TWT92U,twse,2466,,,,
2026-10-01,TWT92U,twse,2467,,,,
2026-10-01,TWT92U,twse,2468,,,,
2026-10-01,TWT92U,twse,2471,,,,
2026-10-01,TWT92U,twse,2472,,,,
2026-10-01,TWT92U,twse,2474,,,,
2026-10-01,TWT92U,twse,2476,,,,
2026-10-01,TWT92U,twse,2477,,,,
2026-10-01,TWT92U,twse,2478,,,,
2026-10-01,TWT92U,twse,2480,,,,
2026-10-01,TWT92U,twse,2481,,,,
2026-10-01,TWT92U,twse,2482,,,,
2026-10-01,TWT92U,twse,2483,,,,
2026-10-01,TWT92U,twse,2484,,,,
2026-10-01,TWT92U,twse,2485,,,,
2026-10-01,TWT92U,twse,2486,,,,
2026-10-01,TWT92U,twse,2488,,,,
2026-10-01,TWT92U,twse,2489,,,,
2026-10-01,TWT92U,twse,2491,,,,
2026-10-01,TWT92U,twse,2492,,,,
2026-10-01,TWT92U,twse,2493,,,,
2026-10-01,TWT92U,twse,2495,,,,
2026-10-01,TWT92U,twse,2496,,,,
2026-10-01,TWT92U,twse,2497,,,,
2026-10-01,TWT92U,twse,2498,,,,
2026-10-01,TWT92U,twse,2501,,,,
2026-10-01,TWT92U,twse,2504,,,,
2026-10-01,TWT92U,twse,2505,,,,
2026-10-01,TWT92U,twse,2506,,,,
2026-10-01,TWT92U,twse,2509,,,,
2026-10-01,TWT92U,twse,2511,,,,
2026-10-01,TWT92U,twse,2514,,,,
2026-10-01,TWT92U,twse,2515,,,,
2026-10-01,TWT92U,twse,2520,,,,
2026-10-01,TWT92U,twse,2524,,,,
2026-10-01,TWT92U,twse,2527,,,,
2026-10-01,TWT92U,twse,2528,,,,
2026-10-01,TWT92U,twse,2530,,,,
2026-10-01,TWT92U,twse,2534,,,,
2026-10-01,TWT92U,twse,2535,,,,
2026-10-01,TWT92U,twse,2536,,,,
2026-10-01,TWT92U,twse,2537,,,,
2026-10-01,TWT92U,twse,2538,,,,
2026-10-01,TWT92U,twse,2539,,,,
2026-10-01,TWT92U,twse,2540,,,,
2026-10-01,TWT92U,twse,2542,,,,
2026-10-01,TWT92U,twse,2543,,,,
2026-10-01,TWT92U,twse,2545,,,,
2026-10-01,TWT92U,twse,2546,,,,
2026-10-01,TWT92U,twse,2547,,,,
2026-10-01,TWT92U,twse,2548,,,,
2026-10-01,TWT92U,twse,2597,,,,
2026-10-01,TWT92U,twse,2603,,,,
2026-10-01,TWT92U,twse,2605,,,,
2026-10-01,TWT92U,twse,2606,,,,
2026-10-01,TWT92U,twse,2607,,,,
2026-10-01,TWT92U,twse,2608,,,,
2026-10-01,TWT92U,twse,2609,,,,
2026-10-01,TWT92U,twse,2610,,,,
2026-10-01,TWT92U,twse,2611,,,,
2026-10-01,TWT92U,twse,2612,,,,
2026-10-01,TWT92U,twse,2613,,,,
2026-10-01,TWT92U,twse,2614,,Y,,
2026-10-01,TWT92U,twse,2615,,,,
2026-10-01,TWT92U,twse,2616,,,,
2026-10-01,TWT92U,twse,2617,,,,
2026-10-01,TWT92U,twse,2618,,,,
2026-10-01,TWT92U,twse,2630,,,,
2026-10-01,TWT92U,twse,2633,,,,
2026-10-01,TWT92U,twse,2634,,,,
2026-10-01,TWT92U,twse,2636,,,,
2026-10-01,TWT92U,twse,2637,,,,
2026-10-01,TWT92U,twse,2642,,,,
2026-10-01,TWT92U,twse,2645,,,,
2026-10-01,TWT92U,twse,2646,,,,
2026-10-01,TWT92U,twse,2701,,,,
2026-10-01,TWT92U,twse,2702,,,,
2026-10-01,TWT92U,twse,2704,,,,
2026-10-01,TWT92U,twse,2705,,,,
2026-10-01,TWT92U,twse,2706,,,,
2026-10-01,TWT92U,twse,2707,,,,
2026-10-01,TWT92U,twse,2722,,,,
2026-10-01,TWT92U,twse,2723,,,,
2026-10-01,TWT92U,twse,2727,,,,
2026-10-01,TWT92U,twse,2731,,,,
2026-10-01,TWT92U,twse,2739,,,,
2026-10-01,TWT92U,twse,2748,,,,
2026-10-01,TWT92U,twse,2753,,,,
2026-10-01,TWT92U,twse,2762,,,,
2026-10-01,TWT92U,twse,2801,,,,
2026-10-01,TWT92U,twse,2812,,,,
2026-10-01,TWT92U,twse,2816,,,,
2026-10-01,TWT92U,twse,2820,,,,
2026-10-01,TWT92U,twse,2832,,,,
2026-10-01,TWT92U,twse,2834,,,,
2026-10-01,TWT92U,twse,2836,,,,
2026-10-01,TWT92U,twse,2838,,,,
2026-10-01,TWT92U,twse,2845,,,,
2026-10-01,TWT92U,twse,2849,,,,
2026-10-01,TWT92U,twse,2850,,,,
2026-10-01,TWT92U,twse,2851,,,,
2026-10-01,TWT92U,twse,2852,,,,
2026-10-01,TWT92U,twse,2855,,,,
2026-10-01,TWT92U,twse,2880,,,,
2026-10-01,TWT92U,twse,2881,,,,
2026-10-01,TWT92U,twse,2882,,,,
2026-10-01,TWT92U,twse,2883,,,,
2026-10-01,TWT92U,twse,2884,,,,
2026-10-01,TWT92U,twse,2885,,,,
2026-10-01,TWT92U,twse,2886,,,,
2026-10-01,TWT92U,twse,2887,,,,
2026-10-01,TWT92U,twse,2889,,,,
2026-10-01,TWT92U,twse,2890,,Y,,
2026-10-01,TWT92U,twse,2891,,,,
2026-10-01,TWT92U,twse,2892,,,,
2026-10-01,TWT92U,twse,2897,,,,
2026-10-01,TWT92U,twse,2901,,,,
2026-10-01,TWT92U,twse,2903,,,,
2026-10-01,TWT92U,twse,2904,,,,
2026-10-01,TWT92U,twse,2905,,,,
2026-10-01,TWT92U,twse,2906,,,,
2026-10-01,TWT92U,twse,2908,,,,
2026-10-01,TWT92U,twse,2910,,,,
2026-10-01,TWT92U,twse,2911,,,,
2026-10-01,TWT92U,twse,2912,,,,
2026-10-01,TWT92U,twse,2913,,,,
2026-10-01,TWT92U,twse,2915,,,,
2026-10-01,TWT92U,twse,2929,,,,
2026-10-01,TWT92U,twse,2939,,,,
2026-10-01,TWT92U,twse,3002,,,,
2026-10-01,TWT92U,twse,3003,,,,
2026-10-01,TWT92U,twse,3004,,,,
2026-10-01,TWT92U,twse,3005,,,,
2026-10-01,TWT92U,twse,3006,,,,
2026-10-01,TWT92U,twse,3008,,,,
2026-10-01,TWT92U,twse,3010,,,,
2026-10-01,TWT92U,twse,3011,,,,
2026-10-01,TWT92U,twse,3013,,,,
2026-10-01,TWT92U,twse,3014,,,,
2026-10-01,TWT92U,twse,3015,,,,
2026-10-01,TWT92U,twse,3016,,,,
2026-10-01,TWT92U,twse,3017,,,,
2026-10-01,TWT92U,twse,3019,,,,
2026-10-01,TWT92U,twse,3021,,,,
2026-10-01,TWT92U,twse,3022,,,,
2026-10-01,TWT92U,twse,3023,,,,
2026-10-01,TWT92U,twse,3024,,,,
2026-10-01,TWT92U,twse,3025,,,,
2026-10-01,TWT92U,twse,3026,,,,
2026-10-01,TWT92U,twse,3027,,,,
2026-10-01,TWT92U,twse,3028,,,,
2026-10-01,TWT92U,twse,3029,,,,
2026-10-01,TWT92U,twse,3030,,,,
2026-10-01,TWT92U,twse,3031,,,,
2026-10-01,TWT92U,twse,3032,,,,
2026-10-01,TWT92U,twse,3033,,,,
2026-10-01,TWT92U,twse,3034,,,,
2026-10-01,TWT92U,twse,3035,,,,
2026-10-01,TWT92U,twse,3036,,,,
2026-10-01,TWT92U,twse,3037,,,,
2026-10-01,TWT92U,twse,3038,,,,
2026-10-01,TWT92U,twse,3040,,,,
2026-10-01,TWT92U,twse,3041,,,,
2026-10-01,TWT92U,twse,3042,,,,
2026-10-01,TWT92U,twse,3043,,,,
2026-10-01,TWT92U,twse,3044,,,,
2026-10-01,TWT92U,twse,3045,,,,
2026-10-01,TWT92U,twse,3046,,,,
2026-10-01,TWT92U,twse,3047,,,,
2026-10-01,TWT92U,twse,3048,,,,
2026-10-01,TWT92U,twse,3049,,,,
2026-10-01,TWT92U,twse,3050,,,,
2026-10-01,TWT92U,twse,3051,,,,
2026-10-01,TWT92U,twse,3052,,,,
2026-10-01,TWT92U,twse,3054,,,,
2026-10-01,TWT92U,twse,3055,,,,
2026-10-01,TWT92U,twse,3056,,,,
2026-10-01,TWT92U,twse,3059,,,,
2026-10-01,TWT92U,twse,3060,,,,
2026-10-01,TWT92U,twse,3062,,,,
2026-10-01,TWT92U,twse,3090,,,,
2026-10-01,TWT92U,twse,3092,,,,
2026-10-01,TWT92U,twse,3094,,,,
2026-10-01,TWT92U,twse,3130,,,,
2026-10-01,TWT92U,twse,3135,,,,
2026-10-01,TWT92U,twse,3138,,,,
2026-10-01,TWT92U,twse,3149,,,,
2026-10-01,TWT92U,twse,3150,,,,
2026-10-01,TWT92U,twse,3164,,,,
2026-10-01,TWT92U,twse,3167,,,,
2026-10-01,TWT92U,twse,3168,,,,
2026-10-01,TWT92U,twse,3189,,,,
2026-10-01,TWT92U,twse,3209,,,,
2026-10-01,TWT92U,twse,3229,,,,
2026-10-01,TWT92U,twse,3231,,,,
2026-10-01,TWT92U,twse,3257,,,,
2026-10-01,TWT92U,twse,3266,,,,
2026-10-01,TWT92U,twse,3296,,,,
2026-10-01,TWT92U,twse,3305,,,,
2026-10-01,TWT92U,twse,3308,,,,
2026-10-01,TWT92U,twse,3311,,,,
2026-10-01,TWT92U,twse,3312,,,,
2026-10-01,TWT92U,twse,3338,,,,
2026-10-01,TWT92U,twse,3346,,,,
2026-10-01,TWT92U,twse,3356,,,,
2026-10-01,TWT92U,twse,3376,,,,
2026-10-01,TWT92U,twse,3380,,,,
2026-10-01,TWT92U,twse,3406,,,,
2026-10-01,TWT92U,twse,3413,,,,
2026-10-01,TWT92U,twse,3416,,,,
2026-10-01,TWT92U,twse,3437,,,,
2026-10-01,TWT92U,twse,3443,,,,
2026-10-01,TWT92U,twse,3447,,,,
2026-10-01,TWT92U,twse,3450,,,,
2026-10-01,TWT92U,twse,3481,,,,
2026-10-01,TWT92U,twse,3501,,,,
2026-10-01,TWT92U,twse,3504,,,,
2026-10-01,TWT92U,twse,3515,,,,
2026-10-01,TWT92U,twse,3518,,,,
2026-10-01,TWT92U,twse,3528,,,,
2026-10-01,TWT92U,twse,3530,,,,
2026-10-01,TWT92U,twse,3532,,,,
2026-10-01,TWT92U,twse,3533,,,,
2026-10-01,TWT92U,twse,3535,,,,
2026-10-01,TWT92U,twse,3543,,,,
2026-10-01,TWT92U,twse,3545,,,,
2026-10-01,TWT92U,twse,3550,,,,
2026-10-01,TWT92U,twse,3557,,,,
2026-10-01,TWT92U,twse,3563,,,,
2026-10-01,TWT92U,twse,3583,,,,
2026-10-01,TWT92U,twse,3588,,,,
2026-10-01,TWT92U,twse,3591,,,,
2026-10-01,TWT92U,twse,3592,,,,
2026-10-01,TWT92U,twse,3596,,,,
2026-10-01,TWT92U,twse,3605,,,,
2026-10-01,TWT92U,twse,3607,,,,
2026-10-01,TWT92U,twse,3617,,,,
2026-10-01,TWT92U,twse,3622,,,,
2026-10-01,TWT92U,twse,3645,,,,
2026-10-01,TWT92U,twse,3652,,,,
2026-10-01,TWT92U,twse,3653,,,,
2026-10-01,TWT92U,twse,3661,,,,
2026-10-01,TWT92U,twse,3665,,,,
2026-10-01,TWT92U,twse,3669,,,,
2026-10-01,TWT92U,twse,3673,,,,
2026-10-01,TWT92U,twse,3679,,,,
2026-10-01,TWT92U,twse,3694,,,,
2026-10-01,TWT92U,twse,3701,,,,
2026-10-01,TWT92U,twse,3702,,,,
2026-10-01,TWT92U,twse,3703,,,,
2026-10-01,TWT92U,twse,3704,,,,
2026-10-01,TWT92U,twse,3705,,,,
2026-10-01,TWT92U,twse,3706,,,,
2026-10-01,TWT92U,twse,3708,,,,
2026-10-01,TWT92U,twse,3711,,,,
2026-10-01,TWT92U,twse,3712,,,,
2026-10-01,TWT92U,twse,3714,,,,
2026-10-01,TWT92U,twse,3715,,,,
2026-10-01,TWT92U,twse,3716,,,,
2026-10-01,TWT92U,twse,3717,,,,
2026-10-01,TWT92U,twse,4104,,,,
2026-10-01,TWT92U,twse,4106,,,,
2026-10-01,TWT92U,twse,4119,,,,
2026-10-01,TWT92U,twse,4133,,,,
2026-10-01,TWT92U,twse,4137,,,,
2026-10-01,TWT92U,twse,4142,,,,
2026-10-01,TWT92U,twse,4148,,,,
2026-10-01,TWT92U,twse,4155,,Y,,
2026-10-01,TWT92U,twse,4164,,,,
2026-10-01,TWT92U,twse,4190,,,,
2026-10-01,TWT92U,twse,4306,,,,
2026-10-01,TWT92U,twse,4414,,,,
2026-10-01,TWT92U,twse,4426,,,,
2026-10-01,TWT92U,twse,4438,,,,
2026-10-01,TWT92U,twse,4439,,,,
2026-10-01,TWT92U,twse,4440,,,,
2026-10-01,TWT92U,twse,4441,,,,
2026-10-01,TWT92U,twse,4526,,,,
2026-10-01,TWT92U,twse,4532,,,,
2026-10-01,TWT92U,twse,4536,,,,
2026-10-01,TWT92U,twse,4540,,,,
2026-10-01,TWT92U,twse,4545,,,,
2026-10-01,TWT92U,twse,4551,,,,
2026-10-01,TWT92U,twse,4552,,,,
2026-10-01,TWT92U,twse,4555,,,,
2026-10-01,TWT92U,twse,4557,,,,
2026-10-01,TWT92U,twse,4560,,,,
2026-10-01,TWT92U,twse,4562,,,,
2026-10-01,TWT92U,twse,4564,,,,
2026-10-01,TWT92U,twse,4566,,,,
2026-10-01,TWT92U,twse,4569,,,,
2026-10-01,TWT92U,twse,4571,,,,
2026-10-01,TWT92U,twse,4572,,,,
2026-10-01,TWT92U,twse,4576,,,,
2026-10-01,TWT92U,twse,4581,,,,
2026-10-01,TWT92U,twse,4583,,,,
2026-10-01,TWT92U,twse,4585,,,,
2026-10-01,TWT92U,twse,4588,,,,
2026-10-01,TWT92U,twse,4590,,,,
2026-10-01,TWT92U,twse,4720,,,,
2026-10-01,TWT92U,twse,4722,,,,
2026-10-01,TWT92U,twse,4736,,,,
2026-10-01,TWT92U,twse,4737,,,,
2026-10-01,TWT92U,twse,4739,,,,
2026-10-01,TWT92U,twse,4746,,,,
2026-10-01,TWT92U,twse,4755,,,,
2026-10-01,TWT92U,twse,4763,,,,
2026-10-01,TWT92U,twse,4764,,,,
2026-10-01,TWT92U,twse,4766,,,,
2026-10-01,TWT92U,twse,4770,,,,
2026-10-01,TWT92U,twse,4771,,,,
2026-10-01,TWT92U,twse,4807,,,,
2026-10-01,TWT92U,twse,4904,,,,
2026-10-01,TWT92U,twse,4906,,,,
2026-10-01,TWT92U,twse,4912,,,,
2026-10-01,TWT92U,twse,4915,,,,
2026-10-01,TWT92U,twse,4916,,,,
2026-10-01,TWT92U,twse,4919,,,,
2026-10-01,TWT92U,twse,4927,,,,
2026-10-01,TWT92U,twse,4930,,,,
2026-10-01,TWT92U,twse,4935,,,,
2026-10-01,TWT92U,twse,4938,,,,
2026-10-01,TWT92U,twse,4942,,,,
2026-10-01,TWT92U,twse,4949,,,,
2026-10-01,TWT92U,twse,4952,,,,
2026-10-01,TWT92U,twse,4956,,,,
2026-10-01,TWT92U,twse,4958,,,,
2026-10-01,TWT92U,twse,4960,,,,
2026-10-01,TWT92U,twse,4961,,,,
2026-10-01,TWT92U,twse,4967,,,,
2026-10-01,TWT92U,twse,4968,,,,
2026-10-01,TWT92U,twse,4976,,,,
2026-10-01,TWT92U,twse,4977,,,,
2026-10-01,TWT92U,twse,4989,,,,
2026-10-01,TWT92U,twse,4994,,,,
2026-10-01,TWT92U,twse,4999,,,,
2026-10-01,TWT92U,twse,5007,,,,
2026-10-01,TWT92U,twse,5203,,,,
2026-10-01,TWT92U,twse,5215,,,,
2026-10-01,TWT92U,twse,5222,,,,
2026-10-01,TWT92U,twse,5225,,,,
2026-10-01,TWT92U,twse,5234,,,,
2026-10-01,TWT92U,twse,5236,,,,
2026-10-01,TWT92U,twse,5243,,,,
2026-10-01,TWT92U,twse,5244,,,,
2026-10-01,TWT92U,twse,5258,,,,
2026-10-01,TWT92U,twse,5269,,,,
2026-10-01,TWT92U,twse,5283,,,,
2026-10-01,TWT92U,twse,5284,,,,
2026-10-01,TWT92U,twse,5285,,,,
2026-10-01,TWT92U,twse,5288,,,,
2026-10-01,TWT92U,twse,5292,,,,
2026-10-01,TWT92U,twse,5306,,,,
2026-10-01,TWT92U,twse,5388,,,,
2026-10-01,TWT92U,twse,5434,,,,
2026-10-01,TWT92U,twse,5469,,,,
2026-10-01,TWT92U,twse,5471,,,,
2026-10-01,TWT92U,twse,5515,,,,
2026-10-01,TWT92U,twse,5519,,,,
2026-10-01,TWT92U,twse,5521,,,,
2026-10-01,TWT92U,twse,5522,,,,
2026-10-01,TWT92U,twse,5525,,,,
2026-10-01,TWT92U,twse,5531,,,,
2026-10-01,TWT92U,twse,5533,,,,
2026-10-01,TWT92U,twse,5534,,,,
2026-10-01,TWT92U,twse,5538,,,,
2026-10-01,TWT92U,twse,5546,,,,
2026-10-01,TWT92U,twse,5607,,,,
2026-10-01,TWT92U,twse,5608,,,,
2026-10-01,TWT92U,twse,5706,,,,
2026-10-01,TWT92U,twse,5871,,,,
2026-10-01,TWT92U,twse,5876,,,,
2026-10-01,TWT92U,twse,5880,,,,
2026-10-01,TWT92U,twse,5906,,,,
2026-10-01,TWT92U,twse,5907,,,,
2026-10-01,TWT92U,twse,6005,,,,
2026-10-01,TWT92U,twse,6024,,,,
2026-10-01,TWT92U,twse,6108,,Y,,
2026-10-01,TWT92U,twse,6112,,,,
2026-10-01,TWT92U,twse,6115,,,,
2026-10-01,TWT92U,twse,6116,,,,
2026-10-01,TWT92U,twse,6117,,,,
2026-10-01,TWT92U,twse,6120,,,,
2026-10-01,TWT92U,twse,6128,,,,
2026-10-01,TWT92U,twse,6133,,,,
2026-10-01,TWT92U,twse,6136,,,,
2026-10-01,TWT92U,twse,6139,,,,
2026-10-01,TWT92U,twse,6153,,,,
2026-10-01,TWT92U,twse,6155,,,,
2026-10-01,TWT92U,twse,6164,,,,
2026-10-01,TWT92U,twse,6165,,,,
2026-10-01,TWT92U,twse,6166,,,,
2026-10-01,TWT92U,twse,6168,,,,
2026-10-01,TWT92U,twse,6176,,,,
2026-10-01,TWT92U,twse,6177,,,,
2026-10-01,TWT92U,twse,6183,,,,
2026-10-01,TWT92U,twse,6184,,,,
2026-10-01,TWT92U,twse,6189,,,,
2026-10-01,TWT92U,twse,6191,,,,
2026-10-01,TWT92U,twse,6192,,,,
2026-10-01,TWT92U,twse,6196,,,,
2026-10-01,TWT92U,twse,6197,,,,
2026-10-01,TWT92U,twse,6201,,,,
2026-10-01,TWT92U,twse,6202,,,,
2026-10-01,TWT92U,twse,6205,,,,
2026-10-01,TWT92U,twse,6206,,,,
2026-10-01,TWT92U,twse,6209,,,,
2026-10-01,TWT92U,twse,6213,,,,
2026-10-01,TWT92U,twse,6214,,,,
2026-10-01,TWT92U,twse,6215,,,,
2026-10-01,TWT92U,twse,6216,,,,
2026-10-01,TWT92U,twse,6224,,,,
2026-10-01,TWT92U,twse,6226,,,,
2026-10-01,TWT92U,twse,6230,,,,
2026-10-01,TWT92U,twse,6235,,,,
2026-10-01,TWT92U,twse,6239,,,,
2026-10-01,TWT92U,twse,6243,,,,
2026-10-01,TWT92U,twse,6257,,,,
2026-10-01,TWT92U,twse,6269,,,,
2026-10-01,TWT92U,twse,6271,,,,
2026-10-01,TWT92U,twse,6272,,,,
2026-10-01,TWT92U,twse,6277,,,,
2026-10-01,TWT92U,twse,6278,,,,
2026-10-01,TWT92U,twse,6281,,,,
2026-10-01,TWT92U,twse,6282,,,,
2026-10-01,TWT92U,twse,6283,,,,
2026-10-01,TWT92U,twse,6285,,,,
2026-10-01,TWT92U,twse,6405,,,,
2026-10-01,TWT92U,twse,6409,,,,
2026-10-01,TWT92U,twse,6412,,,,
2026-10-01,TWT92U,twse,6414,,,,
2026-10-01,TWT92U,twse,6415,,,,
2026-10-01,TWT92U,twse,6416,,,,
2026-10-01,TWT92U,twse,6426,,,,
2026-10-01,TWT92U,twse,6438,,,,
2026-10-01,TWT92U,twse,6442,,,,
2026-10-01,TWT92U,twse,6446,,,,
2026-10-01,TWT92U,twse,6449,,,,
2026-10-01,TWT92U,twse,6451,,,,
2026-10-01,TWT92U,twse,6456,,,,
2026-10-01,TWT92U,twse,6464,,,,
2026-10-01,TWT92U,twse,6472,,,,
2026-10-01,TWT92U,twse,6477,,,,
2026-10-01,TWT92U,twse,6491,,,,
2026-10-01,TWT92U,twse,6504,,,,
2026-10-01,TWT92U,twse,6505,,,,
2026-10-01,TWT92U,twse,6515,,,,
2026-10-01,TWT92U,twse,6525,,,,
2026-10-01,TWT92U,twse,6526,,,,
2026-10-01,TWT92U,twse,6531,,,,
2026-10-01,TWT92U,twse,6533,,,,
2026-10-01,TWT92U,twse,6534,,,,
2026-10-01,TWT92U,twse,6541,,,,
2026-10-01,TWT92U,twse,6552,,,,
2026-10-01,TWT92U,twse,6558,,,,
2026-10-01,TWT92U,twse,6579,,,,
2026-10-01,TWT92U,twse,6581,,,,
2026-10-01,TWT92U,twse,6582,,,,
2026-10-01,TWT92U,twse,6585,,,,
2026-10-01,TWT92U,twse,6589,,,,
2026-10-01,TWT92U,twse,6591,,,,
2026-10-01,TWT92U,twse,6592,,,,
2026-10-01,TWT92U,twse,6605,,,,
2026-10-01,TWT92U,twse,6606,,,,
2026-10-01,TWT92U,twse,6614,,,,
2026-10-01,TWT92U,twse,6625,,,,
2026-10-01,TWT92U,twse,6641,,,,
2026-10-01,TWT92U,twse,6655,,,,
2026-10-01,TWT92U,twse,6658,,,,
2026-10-01,TWT92U,twse,6666,,,,
2026-10-01,TWT92U,twse,6668,,,,
2026-10-01,TWT92U,twse,6669,,,,
2026-10-01,TWT92U,twse,6670,,,,
2026-10-01,TWT92U,twse,6671,,,,
2026-10-01,TWT92U,twse,6672,,,,
2026-10-01,TWT92U,twse,6674,,,,
2026-10-01,TWT92U,twse,6689,,,,
2026-10-01,TWT92U,twse,6691,,,,
2026-10-01,TWT92U,twse,6695,,,,
2026-10-01,TWT92U,twse,6698,,,,
2026-10-01,TWT92U,twse,6706,,,,
2026-10-01,TWT92U,twse,6715,,,,
2026-10-01,TWT92U,twse,6719,,,,
2026-10-01,TWT92U,twse,6722,,,,
2026-10-01,TWT92U,twse,6742,,,,
2026-10-01,TWT92U,twse,6743,,,,
2026-10-01,TWT92U,twse,6753,,,,
2026-10-01,TWT92U,twse,6754,,,,
2026-10-01,TWT92U,twse,6756,,,,
2026-10-01,TWT92U,twse,6757,,,,
2026-10-01,TWT92U,twse,6768,,,,
2026-10-01,TWT92U,twse,6770,,,,
2026-10-01,TWT92U,twse,6771,,,,
2026-10-01,TWT92U,twse,6776,,,,
2026-10-01,TWT92U,twse,6781,,,,
2026-10-01,TWT92U,twse,6782,,,,
2026-10-01,TWT92U,twse,6789,,,,
2026-10-01,TWT92U,twse,6790,,,,
2026-10-01,TWT92U,twse,6792,,,,
2026-10-01,TWT92U,twse,6794,,,,
2026-10-01,TWT92U,twse,6796,,,,
2026-10-01,TWT92U,twse,6799,,,,
2026-10-01,TWT92U,twse,6805,,,,
2026-10-01,TWT92U,twse,6807,,,,
2026-10-01,TWT92U,twse,6830,,,,
2026-10-01,TWT92U,twse,6831,,,,
2026-10-01,TWT92U,twse,6834,,Y,,
2026-10-01,TWT92U,twse,6835,,,,
2026-10-01,TWT92U,twse,6854,,,,
2026-10-01,TWT92U,twse,6861,,,,
2026-10-01,TWT92U,twse,6862,,,,
2026-10-01,TWT92U,twse,6863,,,,
2026-10-01,TWT92U,twse,6869,,,,
2026-10-01,TWT92U,twse,6873,,,,
2026-10-01,TWT92U,twse,6885,,,,
2026-10-01,TWT92U,twse,6887,,,,
2026-10-01,TWT92U,twse,6890,,,,
2026-10-01,TWT92U,twse,6901,,,,
2026-10-01,TWT92U,twse,6902,,,,
2026-10-01,TWT92U,twse,6906,,,,
2026-10-01,TWT92U,twse,6909,,,,
2026-10-01,TWT92U,twse,6914,,,,
2026-10-01,TWT92U,twse,6916,,,,
2026-10-01,TWT92U,twse,6918,,,,
2026-10-01,TWT92U,twse,6923,,,,
2026-10-01,TWT92U,twse,6928,,,,
2026-10-01,TWT92U,twse,6931,,,,
2026-10-01,TWT92U,twse,6933,,,,
2026-10-01,TWT92U,twse,6934,,,,
2026-10-01,TWT92U,twse,6936,,,,
2026-10-01,TWT92U,twse,6937,,,,
2026-10-01,TWT92U,twse,6944,,,,
2026-10-01,TWT92U,twse,6949,,,,
2026-10-01,TWT92U,twse,6951,,,,
2026-10-01,TWT92U,twse,6952,,,,
2026-10-01,TWT92U,twse,6957,,,,
2026-10-01,TWT92U,twse,6958,,,,
2026-10-01,TWT92U,twse,6962,,,,
2026-10-01,TWT92U,twse,6965,,,,
2026-10-01,TWT92U,twse,6994,,,,
2026-10-01,TWT92U,twse,7631,,,,
2026-10-01,TWT92U,twse,7705,,,,
2026-10-01,TWT92U,twse,7711,,,,
2026-10-01,TWT92U,twse,7721,,,,
2026-10-01,TWT92U,twse,7722,,,,
2026-10-01,TWT92U,twse,7730,,,,
2026-10-01,TWT92U,twse,7732,,,,
2026-10-01,TWT92U,twse,7736,,,,
2026-10-01,TWT92U,twse,7740,,,,
2026-10-01,TWT92U,twse,7749,,,,
2026-10-01,TWT92U,twse,7750,,,,
2026-10-01,TWT92U,twse,7765,,,,
2026-10-01,TWT92U,twse,7769,,,,
2026-10-01,TWT92U,twse,7780,,,,
2026-10-01,TWT92U,twse,7786,,,,
2026-10-01,TWT92U,twse,7788,,,,
2026-10-01,TWT92U,twse,7791,,,,
2026-10-01,TWT92U,twse,7795,,,,
2026-10-01,TWT92U,twse,7799,,,,
2026-10-01,TWT92U,twse,7823,,,,
2026-10-01,TWT92U,twse,8011,,,,
2026-10-01,TWT92U,twse,8016,,,,
2026-10-01,TWT92U,twse,8021,,Y,,
2026-10-01,TWT92U,twse,8028,,,,
2026-10-01,TWT92U,twse,8033,,,,
2026-10-01,TWT92U,twse,8039,,,,
2026-10-01,TWT92U,twse,8045,,,,
2026-10-01,TWT92U,twse,8046,,,,
2026-10-01,TWT92U,twse,8070,,,,
2026-10-01,TWT92U,twse,8072,,,,
2026-10-01,TWT92U,twse,8081,,,,
2026-10-01,TWT92U,twse,8103,,,,
2026-10-01,TWT92U,twse,8104,,,,
2026-10-01,TWT92U,twse,8105,,,,
2026-10-01,TWT92U,twse,8110,,,,
2026-10-01,TWT92U,twse,8112,,,,
2026-10-01,TWT92U,twse,8114,,,,
2026-10-01,TWT92U,twse,8131,,,,
2026-10-01,TWT92U,twse,8150,,,,
2026-10-01,TWT92U,twse,8162,,,,
2026-10-01,TWT92U,twse,8163,,,,
2026-10-01,TWT92U,twse,8210,,,,
2026-10-01,TWT92U,twse,8213,,,,
2026-10-01,TWT92U,twse,8215,,,,
2026-10-01,TWT92U,twse,8222,,,,
2026-10-01,TWT92U,twse,8249,,,,
2026-10-01,TWT92U,twse,8261,,,,
2026-10-01,TWT92U,twse,8271,,,,
2026-10-01,TWT92U,twse,8341,,,,
2026-10-01,TWT92U,twse,8367,,,,
2026-10-01,TWT92U,twse,8374,,,,
2026-10-01,TWT92U,twse,8404,,,,
2026-10-01,TWT92U,twse,8411,,,,
2026-10-01,TWT92U,twse,8422,,,,
2026-10-01,TWT92U,twse,8429,,,,
2026-10-01,TWT92U,twse,8438,,,,
2026-10-01,TWT92U,twse,8442,,,,
2026-10-01,TWT92U,twse,8454,,,,
2026-10-01,TWT92U,twse,8462,,,,
2026-10-01,TWT92U,twse,8463,,,,
2026-10-01,TWT92U,twse,8464,,,,
2026-10-01,TWT92U,twse,8466,,,,
2026-10-01,TWT92U,twse,8467,,,,
2026-10-01,TWT92U,twse,8473,,,,
2026-10-01,TWT92U,twse,8476,,,,
2026-10-01,TWT92U,twse,8478,,,,
2026-10-01,TWT92U,twse,8481,,,,
2026-10-01,TWT92U,twse,8482,,,,
2026-10-01,TWT92U,twse,8487,,,,
2026-10-01,TWT92U,twse,8488,,,,
2026-10-01,TWT92U,twse,8499,,,,
2026-10-01,TWT92U,twse,8926,,,,
2026-10-01,TWT92U,twse,8940,,,,
2026-10-01,TWT92U,twse,8996,,,,
2026-10-01,TWT92U,twse,9103,,,,
2026-10-01,TWT92U,twse,9105,,,,
2026-10-01,TWT92U,twse,912000,,,,
2026-10-01,TWT92U,twse,9136,,,,
2026-10-01,TWT92U,twse,9802,,,,
2026-10-01,TWT92U,twse,9902,,,,
2026-10-01,TWT92U,twse,9904,,,,
2026-10-01,TWT92U,twse,9905,,,,
2026-10-01,TWT92U,twse,9906,,,,
2026-10-01,TWT92U,twse,9907,,,,
2026-10-01,TWT92U,twse,9908,,,,
2026-10-01,TWT92U,twse,9910,,,,
2026-10-01,TWT92U,twse,9911,,,,
2026-10-01,TWT92U,twse,9914,,,,
2026-10-01,TWT92U,twse,9917,,,,
2026-10-01,TWT92U,twse,9918,,,,
2026-10-01,TWT92U,twse,9921,,,,
2026-10-01,TWT92U,twse,9924,,,,
2026-10-01,TWT92U,twse,9925,,,,
2026-10-01,TWT92U,twse,9926,,,,
2026-10-01,TWT92U,twse,9927,,,,
2026-10-01,TWT92U,twse,9928,,,,
2026-10-01,TWT92U,twse,9930,,,,
2026-10-01,TWT92U,twse,9931,,,,
2026-10-01,TWT92U,twse,9933,,,,
2026-10-01,TWT92U,twse,9934,,,,
2026-10-01,TWT92U,twse,9935,,,,
2026-10-01,TWT92U,twse,9937,,,,
2026-10-01,TWT92U,twse,9938,,,,
2026-10-01,TWT92U,twse,9939,,,,
2026-10-01,TWT92U,twse,9940,,,,
2026-10-01,TWT92U,twse,9941,,,,
2026-10-01,TWT92U,twse,9942,,,,
2026-10-01,TWT92U,twse,9943,,,,
2026-10-01,TWT92U,twse,9944,,,,
2026-10-01,TWT92U,twse,9945,,,,
2026-10-01,TWT92U,twse,9946,,,,
2026-10-01,TWT92U,twse,9955,,,,
2026-10-01,TWT92U,twse,9958,,,,
