date,broker_id,broker_name,buy_shares,sell_shares,net_shares,avg_buy_price,avg_sell_price
2026-05-07,1037,土銀花蓮,0,933,-933,,29.1
2026-05-07,104A,臺銀臺中,1000,0,1000,29.1,
2026-05-07,104C,臺銀高雄,1000,0,1000,29.15,
2026-05-07,104D,臺銀金山,4000,0,4000,29.1,
2026-05-07,1116,企銀屏東,4000,0,4000,29.15,
2026-05-07,1230,彰銀,2000,0,2000,29.45,
2026-05-07,126H,宏遠中和,0,3000,-3000,,29.25
2026-05-07,1440,美林,1000,0,1000,29.25,
2026-05-07,1470,台灣摩根,3000,0,3000,29.1833,
2026-05-07,1480,美商高盛,1000,17000,-16000,29.1,29.1206
2026-05-07,1590,花旗環球,5000,1000,4000,29.19,29.35
2026-05-07,1650,瑞銀,0,5000,-5000,,29.1
2026-05-07,2180,亞東,23000,0,23000,29.1652,
2026-05-07,5381,第一員林,30,0,30,29.2,
2026-05-07,538W,第一華江,0,4000,-4000,,29.1
2026-05-07,538j,第一安和,3000,0,3000,29.15,
2026-05-07,5850,統一,0,5000,-5000,,29.25
2026-05-07,5856,統一台中,2000,0,2000,29.2,
2026-05-07,5859,統一屏東,10,0,10,29.25,
2026-05-07,585D,統一新台中,1383,0,1383,29.1617,
2026-05-07,6012,?亞網路,15000,0,15000,29.1167,
2026-05-07,601d,?亞鑫豐,10000,0,10000,29.15,
2026-05-07,616K,中信託高,123,0,123,29.1,
2026-05-07,6620,口袋,101,0,101,29.2005,
2026-05-07,7008,兆豐三重,1000,0,1000,29.15,
2026-05-07,700f,兆豐鹿港,0,3000,-3000,,29.2
2026-05-07,779n,國票南京,1000,0,1000,29.25,
2026-05-07,845D,康和板橋,0,249,-249,,29.4
2026-05-07,845U,康和台北,0,16000,-16000,,29.25
2026-05-07,8560,新光,4000,0,4000,29.1375,
2026-05-07,8561,新光台中,0,2000,-2000,,29.45
2026-05-07,884C,玉山信義,60,0,60,29.25,
2026-05-07,884H,玉山新竹,103,0,103,29.25,
2026-05-07,884J,玉山大里,56,0,56,29.4,
2026-05-07,8882,國泰台中,2107,453,1654,29.1598,29.2
2026-05-07,8883,國泰松江,9,0,9,29.2,
2026-05-07,8884,國泰台南,100,0,100,29.1,
2026-05-07,8886,國泰新莊,50,0,50,29.2,
2026-05-07,8888,國泰敦南,3481,0,3481,29.1784,
2026-05-07,888A,國泰館前,18,0,18,29.2,
2026-05-07,888K,國泰板橋,18,1077,-1059,29.3,29.2464
2026-05-07,913U,群益崇德,163,0,163,29.2242,
2026-05-07,918C,群益古亭,0,9000,-9000,,29.1
2026-05-07,918L,群益建成,1000,0,1000,29.25,
2026-05-07,9205,凱基三重,0,94,-94,,29.2
2026-05-07,9208,凱基桃園,300,0,300,29.2333,
2026-05-07,921C,凱基民權,0,10,-10,,29.4
2026-05-07,9238,凱基士林,3000,0,3000,29.1333,
2026-05-07,9239,凱基市政,0,817,-817,,29.2802
2026-05-07,9268,凱基台北,14000,18000,-4000,29.1893,29.1139
2026-05-07,9305,華南新莊,1000,0,1000,29.1,
2026-05-07,9309,華南古亭,0,210,-210,,29.2
2026-05-07,9332,華南楠梓,30,0,30,29.4,
2026-05-07,9600,富邦,1000,0,1000,29.25,
2026-05-07,9608,富邦台東,0,16000,-16000,,29.2156
2026-05-07,9623,富邦台北,36,0,36,29.2,
2026-05-07,962C,富邦竹科,3100,0,3100,29.2,
2026-05-07,962E,富邦樹林,33000,0,33000,29.25,
2026-05-07,9661,富邦新店,2000,0,2000,29.2,
2026-05-07,966F,富邦左營,1000,0,1000,29.15,
2026-05-07,9692,富邦嘉義,0,94,-94,,29.225
2026-05-07,9693,富邦新營,2000,0,2000,29.175,
2026-05-07,980Q,元大南崁,140,0,140,29.2,
2026-05-07,981I,元大天母,160,0,160,29.2,
2026-05-07,981R,元大竹山,1000,0,1000,29.25,
2026-05-07,981U,元大華山,0,37000,-37000,,29.15
2026-05-07,981V,元大民雄,0,3,-3,,29.4
2026-05-07,981j,元大士林,0,10000,-10000,,29.15
2026-05-07,9825,元大新營,6000,0,6000,29.2417,
2026-05-07,982B,元大博愛,1000,0,1000,29.05,
2026-05-07,9837,元大北港,50,0,50,29.2,
2026-05-07,9852,元大永春,0,1000,-1000,,29.25
2026-05-07,9871,元大忠孝,0,1000,-1000,,29.1
2026-05-07,988B,元大桃園,45,0,45,29.1,
2026-05-07,9898,元大新莊,20000,0,20000,29.15,
2026-05-07,989G,元大大同,3000,0,3000,29.15,
2026-05-07,9A97,永豐新竹,1000,0,1000,29.1,
2026-05-07,9A99,永豐中壢,0,20,-20,,29.25
2026-05-07,9A9C,永豐員林,1500,0,1500,29.2333,
2026-05-07,9A9D,永豐忠孝,1000,0,1000,29.2,
2026-05-07,9A9M,永豐南投,80,0,80,29.325,
2026-05-07,9A9Y,永豐板盛,0,1050,-1050,,29.1524
2026-05-07,9B1h,台新台中,50,0,50,29.35,
2026-05-07,9B2C,台新潮州,0,32000,-32000,,29.25
2026-05-07,9B2L,台新北壢,0,779,-779,,29.25
2026-05-07,9B2b,台新板橋,0,500,-500,,29.2
2026-05-07,9B2l,台新大裕,0,33,-33,,29.25
2026-05-07,9B2m,台新成功,19,0,19,29.1474,
2026-05-07,9B2w,台新佳里,1000,0,1000,29.25,
2026-05-08,1045,臺銀新竹,4000,0,4000,29.05,
2026-05-08,104A,臺銀臺中,2000,1000,1000,28.95,29.05
2026-05-08,1230,彰銀,2000,0,2000,29.15,
2026-05-08,126H,宏遠中和,2000,3000,-1000,28.925,29.0
2026-05-08,1440,美林,0,1000,-1000,,28.85
2026-05-08,1470,台灣摩根,5000,0,5000,28.98,
2026-05-08,1480,美商高盛,2000,0,2000,29.05,
2026-05-08,1590,花旗環球,5000,0,5000,29.03,
2026-05-08,1650,瑞銀,0,6000,-6000,,29.0167
2026-05-08,538W,第一華江,0,6000,-6000,,29.025
2026-05-08,5855,統一台南,1000,0,1000,28.85,
2026-05-08,5859,統一屏東,10,0,10,29.05,
2026-05-08,585D,統一新台中,1200,0,1200,29.025,
2026-05-08,585U,統一南京,0,10000,-10000,,28.965
2026-05-08,6012,?亞網路,4000,0,4000,29.0,
2026-05-08,6160,中國信託,0,1000,-1000,,28.95
2026-05-08,616K,中信託高,0,5,-5,,31.35
2026-05-08,6210,新百王,500,0,500,29.0,
2026-05-08,6462,大昌安康,6000,0,6000,28.9,
2026-05-08,6620,口袋,100,0,100,29.05,
2026-05-08,8440,摩根大通,0,2000,-2000,,28.9
2026-05-08,845B,康和永和,0,4000,-4000,,28.9
2026-05-08,845D,康和板橋,0,250,-250,,29.8936
2026-05-08,8560,新光,57,2420,-2363,29.05,29.0329
2026-05-08,8561,新光台中,0,3000,-3000,,29.15
2026-05-08,884E,玉山城中,4096,0,4096,28.9762,
2026-05-08,884H,玉山新竹,618,5000,-4382,29.15,28.92
2026-05-08,8882,國泰台中,2200,653,1547,29.0772,29.2053
2026-05-08,8884,國泰台南,156,0,156,29.1821,
2026-05-08,8885,國泰桃園,49,0,49,29.1,
2026-05-08,8886,國泰新莊,100,0,100,29.0,
2026-05-08,8888,國泰敦南,6108,0,6108,28.9692,
2026-05-08,888K,國泰板橋,37,0,37,29.0014,
2026-05-08,913D,群益潭子,100,0,100,29.0,
2026-05-08,913Y,群益館前,250,0,250,29.25,
2026-05-08,9187,群益彰化,2000,0,2000,28.9,
2026-05-08,9205,凱基三重,1000,0,1000,28.95,
2026-05-08,9208,凱基桃園,2550,0,2550,28.9235,
2026-05-08,920H,凱基基隆,1000,0,1000,28.9,
2026-05-08,921C,凱基民權,1,12,-11,28.95,31.1
2026-05-08,922C,凱基屏東,25000,0,25000,28.96,
2026-05-08,9238,凱基士林,3000,0,3000,28.9333,
2026-05-08,9268,凱基台北,19000,19000,0,28.9263,29.0079
2026-05-08,9274,凱基鳳山,2000,0,2000,28.9,
2026-05-08,961F,富邦公益,1000,1000,0,29.0,29.05
2026-05-08,961H,富邦新板,1000,0,1000,29.0,
2026-05-08,9655,富邦板橋,2000,1000,1000,28.9,29.05
2026-05-08,9659,富邦高雄,1000,0,1000,29.0,
2026-05-08,9661,富邦新店,2000,0,2000,29.0,
2026-05-08,9693,富邦新營,1000,0,1000,29.0,
2026-05-08,981I,元大天母,1161,0,1161,28.8777,
2026-05-08,981U,元大華山,0,51000,-51000,,28.9078
2026-05-08,981e,元大佳里,1000,0,1000,29.0,
2026-05-08,981m,元大前金,0,1000,-1000,,28.85
2026-05-08,9825,元大新營,2000,0,2000,29.0,
2026-05-08,982B,元大博愛,1000,0,1000,29.0,
2026-05-08,9834,元大中壢,2000,0,2000,28.95,
2026-05-08,9837,元大北港,50,0,50,29.0,
2026-05-08,984H,元大景美,1000,0,1000,29.1,
2026-05-08,9856,元大花蓮,0,2000,-2000,,29.1
2026-05-08,9871,元大忠孝,0,1000,-1000,,29.0
2026-05-08,9884,元大斗信,0,1000,-1000,,28.9
2026-05-08,988B,元大桃園,2000,0,2000,28.9,
2026-05-08,989B,元大中港,0,2000,-2000,,29.0
2026-05-08,989g,元大嘉義,1000,0,1000,28.9,
2026-05-08,9A00,永豐金,2000,0,2000,28.9,
2026-05-08,9A9G,永豐天母,1000,0,1000,28.9,
2026-05-08,9A9N,永豐桃盛,0,5000,-5000,,29.0
2026-05-08,9A9a,永豐苓雅,1000,0,1000,28.9,
2026-05-08,9A9h,永豐台南,0,3,-3,,29.0
2026-05-08,9B15,台新松江,10000,0,10000,28.9,
2026-05-08,9B16,台新台南,2000,0,2000,28.9,
2026-05-08,9B2C,台新潮州,0,10000,-10000,,28.9
2026-05-11,1024,合庫嘉義,1000,0,1000,28.7,
2026-05-11,1040,臺銀,1000,0,1000,29.0,
2026-05-11,1042,臺銀臺南,1000,0,1000,29.0,
2026-05-11,126H,宏遠中和,0,7000,-7000,,28.8286
2026-05-11,126U,宏遠館前,150,0,150,28.7,
2026-05-11,1470,台灣摩根,1000,2000,-1000,28.75,28.7
2026-05-11,1480,美商高盛,3000,0,3000,29.0,
2026-05-11,1590,花旗環球,1000,0,1000,28.9,
2026-05-11,2180,亞東,35000,0,35000,28.8,
2026-05-11,538F,第一稻埕,0,3000,-3000,,28.8
2026-05-11,538W,第一華江,0,1000,-1000,,28.8
2026-05-11,538j,第一安和,1000,0,1000,28.7,
2026-05-11,5855,統一台南,1000,0,1000,28.7,
2026-05-11,5856,統一台中,1000,0,1000,28.8,
2026-05-11,5859,統一屏東,10,0,10,28.8,
2026-05-11,585D,統一新台中,1000,0,1000,28.7,
2026-05-11,6010,?亞,14000,0,14000,28.85,
2026-05-11,6012,?亞網路,11000,0,11000,28.7227,
2026-05-11,6167,中信松江,0,1000,-1000,,29.0
2026-05-11,6464,大昌新店,5000,0,5000,28.7,
2026-05-11,6913,德信新營,0,13000,-13000,,28.8192
2026-05-11,7795,國票南港,0,10000,-10000,,28.72
2026-05-11,779u,國票長城,1000,0,1000,28.7,
2026-05-11,8560,新光,6000,2000,4000,28.8083,28.9
2026-05-11,884E,玉山城中,3001,0,3001,28.8,
2026-05-11,884H,玉山新竹,41,0,41,28.95,
2026-05-11,8882,國泰台中,1000,1009,-9,28.7,28.9356
2026-05-11,8883,國泰松江,9,0,9,28.8,
2026-05-11,8886,國泰新莊,1000,0,1000,28.7,
2026-05-11,8888,國泰敦南,6594,0,6594,28.7628,
2026-05-11,888A,國泰館前,18,0,18,28.8,
2026-05-11,888K,國泰板橋,1000,73,927,28.8,29.0
2026-05-11,8900,法銀巴黎,2000,0,2000,28.775,
2026-05-11,9108,群益海山,0,11,-11,,29.0
2026-05-11,913D,群益潭子,50,0,50,29.0,
2026-05-11,913U,群益崇德,71,0,71,28.8296,
2026-05-11,913Y,群益館前,100,0,100,28.8,
2026-05-11,9187,群益彰化,44000,0,44000,28.8784,
2026-05-11,9208,凱基桃園,1000,0,1000,28.8,
2026-05-11,920H,凱基基隆,3000,0,3000,28.75,
2026-05-11,921E,凱基三峽,0,2000,-2000,,28.7
2026-05-11,922C,凱基屏東,500,500,0,28.7,28.7
2026-05-11,9236,凱基虎尾,100,0,100,28.9,
2026-05-11,9238,凱基士林,1000,0,1000,28.7,
2026-05-11,9268,凱基台北,2000,35000,-33000,28.75,28.8243
2026-05-11,9285,凱基中壢,1000,463,537,28.7,28.8
2026-05-11,9303,華南高雄,4,0,4,28.8,
2026-05-11,9604,富邦陽明,36,0,36,28.75,
2026-05-11,9608,富邦台東,0,10000,-10000,,28.75
2026-05-11,961H,富邦新板,1000,0,1000,28.75,
2026-05-11,961R,富邦南員,0,34000,-34000,,28.8471
2026-05-11,9621,富邦花蓮,20,0,20,28.8,
2026-05-11,9623,富邦台北,0,2000,-2000,,28.75
2026-05-11,962C,富邦竹科,2000,0,2000,28.775,
2026-05-11,9647,富邦新竹,8000,3000,5000,28.8875,28.8
2026-05-11,9654,富邦永和,1000,0,1000,28.75,
2026-05-11,981I,元大天母,162,0,162,28.8,
2026-05-11,981Q,元大太平,604,0,604,28.9255,
2026-05-11,981U,元大華山,0,69000,-69000,,28.8094
2026-05-11,981e,元大佳里,1000,0,1000,28.75,
2026-05-11,9825,元大新營,2000,0,2000,28.95,
2026-05-11,982B,元大博愛,1000,0,1000,28.7,
2026-05-11,9871,元大忠孝,10000,0,10000,28.75,
2026-05-11,9874,元大雙和,0,1250,-1250,,28.78
2026-05-11,9884,元大斗信,158,0,158,29.025,
2026-05-11,9899,元大淡水,1000,0,1000,28.75,
2026-05-11,989B,元大中港,1000,0,1000,28.7,
2026-05-11,989C,元大板橋,0,5250,-5250,,28.7
2026-05-11,989E,元大草屯,1000,0,1000,28.8,
2026-05-11,989I,元大蘆中,0,400,-400,,28.8
2026-05-11,989J,元大彰生,1000,0,1000,28.7,
2026-05-11,989P,元大敦南,0,2000,-2000,,28.7
2026-05-11,989W,元大站前,1000,0,1000,28.75,
2026-05-11,9A00,永豐金,5000,1000,4000,28.73,28.75
2026-05-11,9A99,永豐中壢,20000,0,20000,28.75,
2026-05-11,9A9C,永豐員林,2270,0,2270,28.8322,
2026-05-11,9A9W,永豐市政,48,0,48,28.8656,
2026-05-11,9B00,台新證券,2000,0,2000,28.725,
2026-05-11,9B1n,台新屏東,1000,0,1000,28.7,
2026-05-11,9B2C,台新潮州,0,8000,-8000,,28.7
2026-05-11,9B2i,台新中港,0,1000,-1000,,29.0
2026-05-11,9B2m,台新成功,10,0,10,28.8,
2026-05-11,9B2w,台新佳里,1000,0,1000,28.75,
2026-05-12,1040,臺銀,1000,0,1000,28.65,
2026-05-12,104A,臺銀臺中,0,3000,-3000,,28.65
2026-05-12,1440,美林,5000,2000,3000,28.62,28.6
2026-05-12,1470,台灣摩根,0,7000,-7000,,28.5786
2026-05-12,1480,美商高盛,1000,0,1000,28.6,
2026-05-12,1590,花旗環球,0,1000,-1000,,28.55
2026-05-12,1650,瑞銀,0,9000,-9000,,28.5611
2026-05-12,2180,亞東,19000,0,19000,28.5842,
2026-05-12,538W,第一華江,0,2000,-2000,,28.65
2026-05-12,5859,統一屏東,10,0,10,28.55,
2026-05-12,6010,?亞,15000,0,15000,28.57,
2026-05-12,6450,永全,195,0,195,28.65,
2026-05-12,6913,德信新營,0,11000,-11000,,28.5727
2026-05-12,7000,兆豐,0,6000,-6000,,28.5833
2026-05-12,8440,摩根大通,0,4000,-4000,,28.6125
2026-05-12,8561,新光台中,1000,0,1000,28.55,
2026-05-12,884J,玉山大里,0,5000,-5000,,28.6
2026-05-12,8880,國泰綜合,0,5000,-5000,,28.55
2026-05-12,8882,國泰台中,1108,300,808,28.5635,28.7
2026-05-12,8884,國泰台南,0,1000,-1000,,28.55
2026-05-12,8886,國泰新莊,20,0,20,28.65,
2026-05-12,8888,國泰敦南,2330,0,2330,28.5723,
2026-05-12,888A,國泰館前,20,0,20,28.55,
2026-05-12,8900,法銀巴黎,1000,0,1000,28.55,
2026-05-12,9108,群益海山,0,5,-5,,28.95
2026-05-12,913D,群益潭子,50,0,50,28.55,
2026-05-12,913U,群益崇德,78,0,78,28.5756,
2026-05-12,9187,群益彰化,25000,0,25000,28.612,
2026-05-12,918C,群益古亭,1000,0,1000,28.55,
2026-05-12,9208,凱基桃園,3113,0,3113,28.5984,
2026-05-12,920F,凱基站前,0,1,-1,,28.65
2026-05-12,920H,凱基基隆,2000,0,2000,28.55,
2026-05-12,9234,凱基竹北,35,0,35,28.65,
2026-05-12,9268,凱基台北,1000,56000,-55000,28.65,28.5946
2026-05-12,9274,凱基鳳山,2000,0,2000,28.6,
2026-05-12,9285,凱基中壢,1000,0,1000,28.65,
2026-05-12,9608,富邦台東,1000,10000,-9000,28.55,28.65
2026-05-12,961H,富邦新板,3000,0,3000,28.55,
2026-05-12,9621,富邦花蓮,0,3000,-3000,,28.5833
2026-05-12,9623,富邦台北,0,3000,-3000,,28.55
2026-05-12,962C,富邦竹科,1000,0,1000,28.6,
2026-05-12,962E,富邦樹林,0,3150,-3150,,28.6024
2026-05-12,9686,富邦宜蘭,0,219,-219,,28.65
2026-05-12,9801,元大松江,15000,0,15000,28.55,
2026-05-12,981G,元大彰化,100,0,100,28.65,
2026-05-12,981I,元大天母,22163,0,22163,28.6335,
2026-05-12,981Q,元大太平,200,0,200,28.7,
2026-05-12,981U,元大華山,4000,0,4000,28.65,
2026-05-12,981e,元大佳里,1000,0,1000,28.6,
2026-05-12,981p,元大松山,0,6000,-6000,,28.625
2026-05-12,981z,元大大統,56,0,56,28.55,
2026-05-12,982B,元大博愛,1000,0,1000,28.55,
2026-05-12,984H,元大景美,1000,0,1000,28.6,
2026-05-12,9856,元大花蓮,0,1000,-1000,,28.55
2026-05-12,9859,元大經國,0,1000,-1000,,28.6
2026-05-12,9871,元大忠孝,10000,1000,9000,28.6,28.6
2026-05-12,9878,元大金華,1000,0,1000,28.6,
2026-05-12,9898,元大新莊,0,800,-800,,28.55
2026-05-12,9A00,永豐金,1000,0,1000,28.55,
2026-05-12,9A9J,永豐板新,2000,0,2000,28.625,
2026-05-12,9A9S,永豐南京,0,5000,-5000,,28.65
2026-05-12,9A9g,永豐內湖,1000,0,1000,28.6,
2026-05-12,9B16,台新台南,0,13,-13,,28.6
2026-05-12,9B2m,台新成功,10,0,10,28.55,
2026-05-13,102C,合庫自強,1000,0,1000,28.45,
2026-05-13,104A,臺銀臺中,0,1000,-1000,,28.5
2026-05-13,1440,美林,5000,4000,1000,28.57,28.4
2026-05-13,1470,台灣摩根,0,1000,-1000,,28.6
2026-05-13,1590,花旗環球,1000,1000,0,28.6,28.4
2026-05-13,1650,瑞銀,0,3000,-3000,,28.5
2026-05-13,538W,第一華江,0,7000,-7000,,28.5786
2026-05-13,538j,第一安和,0,1000,-1000,,28.6
2026-05-13,5859,統一屏東,10,0,10,28.5,
2026-05-13,6010,?亞,10000,0,10000,28.475,
2026-05-13,6012,?亞網路,5000,125,4875,28.39,28.65
2026-05-13,601d,?亞鑫豐,100,0,100,28.6,
2026-05-13,700K,兆豐新營,0,1000,-1000,,28.55
2026-05-13,8440,摩根大通,1000,0,1000,28.6,
2026-05-13,8560,新光,43,0,43,28.6,
2026-05-13,8584,聯邦雙和,0,3000,-3000,,28.45
2026-05-13,884H,玉山新竹,61,0,61,28.65,
2026-05-13,8882,國泰台中,2100,2000,100,28.4571,28.5
2026-05-13,8883,國泰松江,112,0,112,28.5839,
2026-05-13,8884,國泰台南,260,0,260,28.5,
2026-05-13,8886,國泰新莊,100,0,100,28.5,
2026-05-13,8888,國泰敦南,1150,0,1150,28.3803,
2026-05-13,913D,群益潭子,50,0,50,28.486,
2026-05-13,913U,群益崇德,52,0,52,28.525,
2026-05-13,9186,群益新竹,0,53,-53,,28.6
2026-05-13,9187,群益彰化,20000,0,20000,28.45,
2026-05-13,9189,群益桃園,50,0,50,28.5,
2026-05-13,920C,凱基雙和,80,0,80,28.6,
2026-05-13,920G,凱基彰化,0,12,-12,,28.4
2026-05-13,9234,凱基竹北,0,10,-10,,28.6
2026-05-13,9268,凱基台北,1000,9000,-8000,28.3,28.4222
2026-05-13,9312,華南民權,3000,0,3000,28.6,
2026-05-13,9604,富邦陽明,29,650,-621,28.4,28.6
2026-05-13,961F,富邦公益,0,1000,-1000,,28.45
2026-05-13,961Y,富邦屏東,0,1000,-1000,,28.55
2026-05-13,9623,富邦台北,36,0,36,28.6,
2026-05-13,9816,元大新竹,0,5000,-5000,,28.56
2026-05-13,981Q,元大太平,732,0,732,28.6,
2026-05-13,9834,元大中壢,1000,0,1000,28.35,
2026-05-13,9852,元大永春,24,0,24,28.65,
2026-05-13,9856,元大花蓮,0,1000,-1000,,28.6
2026-05-13,9859,元大經國,1000,0,1000,28.55,
2026-05-13,9898,元大新莊,0,6657,-6657,,28.3707
2026-05-13,989B,元大中港,0,10000,-10000,,28.4
2026-05-13,989I,元大蘆中,1000,0,1000,28.5,
2026-05-13,989Q,元大汐止,0,600,-600,,28.6
2026-05-13,989e,元大中和,5000,0,5000,28.4,
2026-05-13,9A00,永豐金,1047,1000,47,28.4522,28.3
2026-05-13,9A9C,永豐員林,0,2000,-2000,,28.55
2026-05-13,9A9D,永豐忠孝,0,1,-1,,28.4
2026-05-13,9A9M,永豐南投,40,0,40,28.5,
2026-05-13,9A9W,永豐市政,22,0,22,28.4,
2026-05-13,9B2X,台新草屯,1000,0,1000,28.5,
2026-05-13,9B2m,台新成功,10,0,10,28.4,
2026-05-14,1040,臺銀,2000,4000,-2000,28.4,28.35
2026-05-14,1045,臺銀新竹,4000,0,4000,28.325,
2026-05-14,104A,臺銀臺中,2000,0,2000,28.25,
2026-05-14,1110,企銀,0,1571,-1571,,28.3228
2026-05-14,1440,美林,1000,0,1000,28.2,
2026-05-14,1470,台灣摩根,0,2000,-2000,,28.25
2026-05-14,1480,美商高盛,0,2000,-2000,,28.3
2026-05-14,1590,花旗環球,0,12000,-12000,,28.2792
2026-05-14,2180,亞東,63000,0,63000,28.3532,
2026-05-14,538W,第一華江,0,2000,-2000,,28.4
2026-05-14,538j,第一安和,1000,0,1000,28.2,
2026-05-14,5600,永興,1000,0,1000,28.2,
2026-05-14,5855,統一台南,1000,0,1000,28.15,
2026-05-14,5859,統一屏東,10,0,10,28.3,
2026-05-14,585D,統一新台中,4166,0,4166,28.256,
2026-05-14,5962,日茂南投,5000,0,5000,28.3,
2026-05-14,6010,?亞,15000,0,15000,28.3667,
2026-05-14,616K,中信託高,0,653,-653,,28.1
2026-05-14,7000,兆豐,0,14000,-14000,,28.3
2026-05-14,8440,摩根大通,0,3000,-3000,,28.3167
2026-05-14,8458,康和台南,1000,0,1000,28.3,
2026-05-14,8560,新光,43,8000,-7957,28.3,28.3
2026-05-14,884H,玉山新竹,58,0,58,28.3,
2026-05-14,884J,玉山大里,3,0,3,28.35,
2026-05-14,8882,國泰台中,2000,26,1974,28.25,28.7
2026-05-14,8884,國泰台南,102,0,102,28.3,
2026-05-14,8888,國泰敦南,2244,232,2012,28.4518,28.6
2026-05-14,888A,國泰館前,20,1000,-980,28.3,28.3
2026-05-14,888K,國泰板橋,18,0,18,28.1,
2026-05-14,913D,群益潭子,50,0,50,28.3,
2026-05-14,913U,群益崇德,90,0,90,28.2556,
2026-05-14,9187,群益彰化,2000,0,2000,28.4,
2026-05-14,918M,群益嘉義,10000,0,10000,28.2,
2026-05-14,918i,群益竹南,1000,0,1000,28.6,
2026-05-14,9208,凱基桃園,200,74,126,28.3,28.7
2026-05-14,920F,凱基站前,1124,0,1124,28.3445,
2026-05-14,920H,凱基基隆,3000,0,3000,28.3167,
2026-05-14,921C,凱基民權,3,3,0,28.1,28.35
2026-05-14,922C,凱基屏東,10467,0,10467,28.1955,
2026-05-14,9236,凱基虎尾,100,0,100,28.6,
2026-05-14,9238,凱基士林,3000,0,3000,28.3333,
2026-05-14,9268,凱基台北,17000,30000,-13000,28.4471,28.2933
2026-05-14,9608,富邦台東,0,9000,-9000,,28.5
2026-05-14,961F,富邦公益,0,1000,-1000,,28.3
2026-05-14,961Y,富邦屏東,1000,0,1000,28.35,
2026-05-14,962C,富邦竹科,2000,0,2000,28.325,
2026-05-14,9654,富邦永和,0,4000,-4000,,28.4625
2026-05-14,9659,富邦高雄,1000,0,1000,28.4,
2026-05-14,9661,富邦新店,1000,0,1000,28.2,
2026-05-14,9801,元大松江,25000,0,25000,28.35,
2026-05-14,981I,元大天母,19165,0,19165,28.3496,
2026-05-14,981U,元大華山,0,143000,-143000,,28.3178
2026-05-14,981j,元大士林,100,0,100,28.3,
2026-05-14,9837,元大北港,150,0,150,28.3,
2026-05-14,983i,元大大雅,92,0,92,28.6,
2026-05-14,9858,元大龍潭,25,0,25,28.1,
2026-05-14,9871,元大忠孝,30000,0,30000,28.2833,
2026-05-14,9889,元大員林,0,1000,-1000,,28.3
2026-05-14,9894,元大桃興,1000,0,1000,28.3,
2026-05-14,9898,元大新莊,0,2999,-2999,,28.3333
2026-05-14,989C,元大板橋,0,2000,-2000,,28.5
2026-05-14,989N,元大內湖,0,4000,-4000,,28.425
2026-05-14,989W,元大站前,18,0,18,28.1,
2026-05-14,989g,元大嘉義,1000,0,1000,28.25,
2026-05-14,9A00,永豐金,2000,4000,-2000,28.275,28.2875
2026-05-14,9A9A,永豐羅東,40,0,40,28.6,
2026-05-14,9A9G,永豐天母,2000,0,2000,28.25,
2026-05-14,9A9J,永豐板新,0,400,-400,,28.3
2026-05-14,9A9M,永豐南投,1000,0,1000,28.3,
2026-05-14,9A9a,永豐苓雅,1000,0,1000,28.3,
2026-05-14,9A9j,永豐嘉義,100,0,100,28.7,
2026-05-14,9B11,台新新營,450,0,450,28.1,
2026-05-14,9B15,台新松江,1000,0,1000,28.4,
2026-05-14,9B1h,台新台中,10000,0,10000,28.2,
2026-05-14,9B1n,台新屏東,1000,0,1000,28.25,
2026-05-14,9B2P,台新同大,100,0,100,28.3,
2026-05-14,9B2l,台新大裕,1000,0,1000,28.25,
2026-05-14,9B2m,台新成功,20,0,20,28.2,
2026-05-14,9B2r,台新城東,0,2000,-2000,,28.3
2026-05-15,1043,臺銀民權,0,2000,-2000,,28.2
2026-05-15,104A,臺銀臺中,2000,2000,0,28.25,28.15
2026-05-15,1440,美林,2000,13000,-11000,28.275,28.1038
2026-05-15,1480,美商高盛,0,2000,-2000,,28.1
2026-05-15,1590,花旗環球,1000,4000,-3000,28.2,28.25
2026-05-15,1650,瑞銀,0,3000,-3000,,28.15
2026-05-15,2180,亞東,6000,0,6000,28.1,
2026-05-15,5261,美好蘆洲,0,1,-1,,28.2
2026-05-15,5385,第一桃園,1000,0,1000,28.2,
2026-05-15,538W,第一華江,0,11000,-11000,,28.2091
2026-05-15,538j,第一安和,0,1000,-1000,,28.3
2026-05-15,5859,統一屏東,10,0,10,28.15,
2026-05-15,585D,統一新台中,1000,0,1000,28.05,
2026-05-15,585H,統一桃園,1000,0,1000,28.1,
2026-05-15,6010,?亞,15000,0,15000,28.15,
2026-05-15,601d,?亞鑫豐,6000,0,6000,28.1,
2026-05-15,6163,中信託永,2000,0,2000,28.05,
2026-05-15,616K,中信託高,1000,0,1000,28.05,
2026-05-15,700f,兆豐鹿港,0,4000,-4000,,28.2125
2026-05-15,779c,國票敦北,1000,1000,0,28.2,28.35
2026-05-15,779j,國票和平,0,188,-188,,28.2
2026-05-15,8440,摩根大通,0,1000,-1000,,28.05
2026-05-15,8560,新光,1035,0,1035,28.1034,
2026-05-15,8563,新光新竹,88,0,88,28.2,
2026-05-15,884A,玉山士林,200,0,200,28.2,
2026-05-15,884E,玉山城中,13000,0,13000,28.1192,
2026-05-15,884J,玉山大里,97,0,97,28.25,
2026-05-15,8880,國泰綜合,0,3000,-3000,,28.15
2026-05-15,8888,國泰敦南,5887,1000,4887,28.1482,28.1
2026-05-15,888A,國泰館前,5000,0,5000,28.04,
2026-05-15,9131,群益民權,0,2000,-2000,,28.2051
2026-05-15,913D,群益潭子,50,0,50,28.2,
2026-05-15,913U,群益崇德,23,0,23,28.2,
2026-05-15,9187,群益彰化,54000,3000,51000,28.2,28.2
2026-05-15,918i,群益竹南,0,1000,-1000,,28.1
2026-05-15,9208,凱基桃園,2200,0,2200,28.0864,
2026-05-15,920H,凱基基隆,1000,0,1000,28.15,
2026-05-15,922C,凱基屏東,20000,20500,-500,28.125,28.1271
2026-05-15,9238,凱基士林,2000,0,2000,28.1,
2026-05-15,9268,凱基台北,1000,20000,-19000,28.25,28.1325
2026-05-15,9276,凱基苗栗,1000,0,1000,28.05,
2026-05-15,9285,凱基中壢,2000,0,2000,28.175,
2026-05-15,9332,華南楠梓,30,0,30,28.2,
2026-05-15,9359,華南中正,0,161,-161,,28.2
2026-05-15,9608,富邦台東,1000,0,1000,28.1,
2026-05-15,9614,富邦基隆,35,0,35,28.2,
2026-05-15,961F,富邦公益,0,1000,-1000,,28.25
2026-05-15,961N,富邦青埔,0,30000,-30000,,28.0567
2026-05-15,961P,富邦和美,0,1000,-1000,,28.2
2026-05-15,961R,富邦南員,1000,0,1000,28.2,
2026-05-15,9625,富邦竹東,1000,0,1000,28.0,
2026-05-15,962C,富邦竹科,2000,0,2000,28.25,
2026-05-15,962E,富邦樹林,50000,0,50000,28.222,
2026-05-15,9636,富邦中壢,0,3000,-3000,,28.3
2026-05-15,9661,富邦新店,2000,0,2000,28.05,
2026-05-15,9800,元大,5000,5000,0,28.2,28.26
2026-05-15,9801,元大松江,34000,0,34000,28.2088,
2026-05-15,981I,元大天母,1000,0,1000,28.1,
2026-05-15,981Q,元大太平,625,0,625,28.225,
2026-05-15,981R,元大竹山,0,3400,-3400,,28.0676
2026-05-15,981U,元大華山,0,123000,-123000,,28.2069
2026-05-15,9825,元大新營,2000,0,2000,28.15,
2026-05-15,983M,元大木柵,0,87,-87,,28.2
2026-05-15,983Z,元大鳳山,8,0,8,28.2,
2026-05-15,9856,元大花蓮,0,2000,-2000,,28.15
2026-05-15,9869,元大新盛,2000,0,2000,28.075,
2026-05-15,9871,元大忠孝,5000,0,5000,28.1,
2026-05-15,9898,元大新莊,0,20000,-20000,,28.25
2026-05-15,9899,元大淡水,1000,0,1000,28.15,
2026-05-15,989B,元大中港,0,1,-1,,28.2
2026-05-15,989C,元大板橋,0,2000,-2000,,28.2
2026-05-15,989N,元大內湖,0,1000,-1000,,28.3
2026-05-15,9A00,永豐金,5000,1000,4000,28.15,28.05
2026-05-15,9A97,永豐新竹,1000,0,1000,28.05,
2026-05-15,9A9D,永豐忠孝,1000,0,1000,28.15,
2026-05-15,9A9J,永豐板新,1000,0,1000,28.1,
2026-05-15,9A9j,永豐嘉義,50,0,50,28.2,
2026-05-15,9B15,台新松江,2000,0,2000,28.0,
2026-05-15,9B1n,台新屏東,1000,0,1000,28.05,
2026-05-15,9B20,台新台北,20000,0,20000,28.26,
2026-05-15,9B2w,台新佳里,1000,0,1000,28.15,
2026-05-18,104A,臺銀臺中,2000,2000,0,28.225,28.275
2026-05-18,1440,美林,9000,0,9000,28.2,
2026-05-18,1470,台灣摩根,2000,0,2000,28.3,
2026-05-18,1590,花旗環球,0,2000,-2000,,28.175
2026-05-18,6010,?亞,5000,0,5000,28.2,
2026-05-18,6012,?亞網路,10000,0,10000,28.13,
2026-05-18,6160,中國信託,2000,0,2000,28.2,
2026-05-18,6210,新百王,3,0,3,28.2,
2026-05-18,6620,口袋,1000,0,1000,28.2,
2026-05-18,700f,兆豐鹿港,0,1000,-1000,,28.3
2026-05-18,8440,摩根大通,0,4000,-4000,,28.175
2026-05-18,884E,玉山城中,1000,0,1000,28.2,
2026-05-18,8880,國泰綜合,0,10000,-10000,,28.15
2026-05-18,8883,國泰松江,29,0,29,28.2034,
2026-05-18,913Y,群益館前,100,0,100,28.25,
2026-05-18,920A,凱基板橋,0,8000,-8000,,28.25
2026-05-18,920H,凱基基隆,1000,0,1000,28.15,
2026-05-18,9268,凱基台北,7000,5000,2000,28.2571,28.19
2026-05-18,9285,凱基中壢,3000,0,3000,28.1167,
2026-05-18,9288,凱基埔墘,10000,13000,-3000,28.15,28.1077
2026-05-18,9332,華南楠梓,30,0,30,28.2,
2026-05-18,961F,富邦公益,3000,3000,0,28.1667,28.3
2026-05-18,9623,富邦台北,0,1040,-1040,,28.2019
2026-05-18,9800,元大,0,2100,-2100,,28.1548
2026-05-18,9817,元大東泰,0,11,-11,,28.25
2026-05-18,981G,元大彰化,1200,0,1200,28.25,
2026-05-18,981Q,元大太平,51,0,51,28.25,
2026-05-18,981U,元大華山,0,26000,-26000,,28.2442
2026-05-18,9831,元大四維,0,200,-200,,28.25
2026-05-18,9871,元大忠孝,0,5,-5,,28.25
2026-05-18,9894,元大桃興,1000,0,1000,28.2,
2026-05-18,989C,元大板橋,0,300,-300,,28.2667
2026-05-18,989G,元大大同,2000,0,2000,28.225,
2026-05-18,9A00,永豐金,2000,0,2000,28.225,
2026-05-18,9A9A,永豐羅東,40,0,40,28.2,
2026-05-18,9A9L,永豐台中,1000,0,1000,28.2,
2026-05-18,9A9x,永豐桃園,3,0,3,28.25,
2026-05-18,9B1y,台新中壢,200,0,200,28.3,
2026-05-18,9B20,台新台北,14000,0,14000,28.2643,
2026-05-19,102G,合庫三重,0,2000,-2000,,28.35
2026-05-19,104A,臺銀臺中,8000,8000,0,28.3625,28.3125
2026-05-19,1440,美林,1000,0,1000,28.3,
2026-05-19,1470,台灣摩根,1000,0,1000,28.4,
2026-05-19,1560,港商野村,2000,0,2000,28.25,
2026-05-19,538W,第一華江,0,5000,-5000,,28.17
2026-05-19,538j,第一安和,0,3000,-3000,,28.4
2026-05-19,5600,永興,0,1000,-1000,,28.3
2026-05-19,5855,統一台南,0,3000,-3000,,28.4
2026-05-19,6010,?亞,5000,0,5000,28.35,
2026-05-19,6012,?亞網路,23000,0,23000,28.3152,
2026-05-19,6160,中國信託,3000,0,3000,28.3833,
2026-05-19,6620,口袋,0,3000,-3000,,28.3
2026-05-19,8440,摩根大通,1000,0,1000,28.35,
2026-05-19,845B,康和永和,0,2000,-2000,,28.3
2026-05-19,8560,新光,0,100,-100,,28.4
2026-05-19,8880,國泰綜合,0,5000,-5000,,28.35
2026-05-19,8882,國泰台中,0,99,-99,,28.7818
2026-05-19,8885,國泰桃園,1000,0,1000,28.35,
2026-05-19,8888,國泰敦南,50,0,50,29.0,
2026-05-19,918C,群益古亭,80,0,80,28.4,
2026-05-19,9268,凱基台北,5000,0,5000,28.31,
2026-05-19,9300,華南永昌,20,1001,-981,28.4,28.4001
2026-05-19,961F,富邦公益,7000,8000,-1000,28.3714,28.2812
2026-05-19,9655,富邦板橋,5000,0,5000,28.17,
2026-05-19,9693,富邦新營,0,2000,-2000,,28.425
2026-05-19,981U,元大華山,0,36000,-36000,,28.3292
2026-05-19,981h,元大屏生,15000,0,15000,28.3333,
2026-05-19,9831,元大四維,0,4000,-4000,,28.4
2026-05-19,984H,元大景美,1000,0,1000,28.25,
2026-05-19,9871,元大忠孝,5000,0,5000,28.35,
2026-05-19,989F,元大高雄,1,0,1,29.0,
2026-05-19,989N,元大內湖,0,6000,-6000,,28.4
2026-05-19,9A00,永豐金,1000,2000,-1000,28.45,28.375
2026-05-19,9B20,台新台北,7000,0,7000,28.3857,
2026-05-19,9B2w,台新佳里,49,0,49,28.55,
2026-05-20,104A,臺銀臺中,3000,4000,-1000,28.2667,28.25
2026-05-20,1470,台灣摩根,1000,0,1000,28.0,
2026-05-20,1480,美商高盛,0,1000,-1000,,28.1
2026-05-20,1590,花旗環球,0,3000,-3000,,28.1667
2026-05-20,585D,統一新台中,2,0,2,28.2,
2026-05-20,585H,統一桃園,1000,0,1000,28.0,
2026-05-20,6010,?亞,10000,0,10000,28.1,
2026-05-20,6012,?亞網路,3000,0,3000,28.0,
2026-05-20,6160,中國信託,3000,0,3000,28.2167,
2026-05-20,6210,新百王,497,0,497,28.1,
2026-05-20,700P,兆豐南京,0,338,-338,,28.1
2026-05-20,700a,兆豐忠孝,1000,0,1000,28.0,
2026-05-20,700r,兆豐寶成,2000,0,2000,28.0,
2026-05-20,779c,國票敦北,2000,2000,0,28.075,28.225
2026-05-20,8440,摩根大通,1000,1000,0,28.35,28.1
2026-05-20,845J,康和高雄,0,14,-14,,28.15
2026-05-20,8560,新光,4000,10000,-6000,28.1125,28.1
2026-05-20,8584,聯邦雙和,0,13000,-13000,,28.1385
2026-05-20,884H,玉山新竹,42,0,42,28.4,
2026-05-20,8882,國泰台中,1000,192,808,28.1,28.4521
2026-05-20,8888,國泰敦南,3260,0,3260,28.165,
2026-05-20,888A,國泰館前,54,4,50,28.3815,28.1
2026-05-20,913D,群益潭子,50,0,50,28.1,
2026-05-20,913U,群益崇德,50,0,50,28.1,
2026-05-20,913Y,群益館前,100,0,100,28.5,
2026-05-20,918D,群益東門,0,10000,-10000,,28.0
2026-05-20,9208,凱基桃園,200,0,200,28.1,
2026-05-20,920G,凱基彰化,0,2,-2,,28.2
2026-05-20,9234,凱基竹北,36,0,36,28.1,
2026-05-20,9268,凱基台北,3000,2000,1000,28.1,28.15
2026-05-20,9332,華南楠梓,50,0,50,28.1,
2026-05-20,961F,富邦公益,4000,4000,0,28.225,28.225
2026-05-20,9623,富邦台北,0,100,-100,,28.15
2026-05-20,962C,富邦竹科,1000,0,1000,28.15,
2026-05-20,965K,富邦台中,0,1000,-1000,,28.35
2026-05-20,965U,富邦彰化,0,12000,-12000,,28.1
2026-05-20,980h,元大台北,8000,0,8000,28.1312,
2026-05-20,9816,元大新竹,90,0,90,28.1,
2026-05-20,981y,元大善化,1000,0,1000,28.25,
2026-05-20,9859,元大經國,1000,0,1000,28.0,
2026-05-20,9869,元大新盛,0,274,-274,,28.1
2026-05-20,9871,元大忠孝,8000,0,8000,28.1,
2026-05-20,9884,元大斗信,117,0,117,28.1,
2026-05-20,988B,元大桃園,2000,0,2000,28.1,
2026-05-20,9898,元大新莊,0,2790,-2790,,28.1
2026-05-20,989P,元大敦南,0,1000,-1000,,28.35
2026-05-20,9A00,永豐金,3000,2000,1000,28.25,28.125
2026-05-20,9A9C,永豐員林,0,20,-20,,28.45
2026-05-20,9B1n,台新屏東,1000,0,1000,28.0,
2026-05-20,9B20,台新台北,176,0,176,28.1,
2026-05-20,9B25,台新五權,1000,0,1000,28.1,
2026-05-20,9B2m,台新成功,10,0,10,28.15,
2026-05-21,104A,臺銀臺中,2000,2000,0,28.5,28.375
2026-05-21,1440,美林,0,4000,-4000,,28.3
2026-05-21,538P,第一路竹,2000,0,2000,28.35,
2026-05-21,538W,第一華江,0,1000,-1000,,28.35
2026-05-21,6010,?亞,3000,0,3000,28.3,
2026-05-21,6012,?亞網路,153000,0,153000,28.3493,
2026-05-21,601d,?亞鑫豐,1000,0,1000,28.3,
2026-05-21,6160,中國信託,3000,0,3000,28.35,
2026-05-21,700P,兆豐南京,0,1000,-1000,,28.4
2026-05-21,700W,兆豐城中,8000,0,8000,28.3438,
2026-05-21,700h,兆豐三民,100,0,100,28.5,
2026-05-21,779c,國票敦北,1000,1000,0,28.2,28.35
2026-05-21,779u,國票長城,0,1000,-1000,,28.35
2026-05-21,8440,摩根大通,0,1000,-1000,,28.2
2026-05-21,845J,康和高雄,758,0,758,28.5,
2026-05-21,8560,新光,0,2000,-2000,,28.3
2026-05-21,8584,聯邦雙和,5000,1000,4000,28.35,28.25
2026-05-21,884H,玉山新竹,11,0,11,28.35,
2026-05-21,884J,玉山大里,44,0,44,28.35,
2026-05-21,8882,國泰台中,0,1152,-1152,,28.6539
2026-05-21,8888,國泰敦南,20,1521,-1501,28.35,28.5516
2026-05-21,918D,群益東門,0,2000,-2000,,28.3
2026-05-21,9208,凱基桃園,38,0,38,28.35,
2026-05-21,9268,凱基台北,13000,1000,12000,28.3923,28.35
2026-05-21,9300,華南永昌,0,1000,-1000,,28.5
2026-05-21,9377,華南虎尾,906,2000,-1094,28.95,28.25
2026-05-21,9608,富邦台東,0,13000,-13000,,28.3423
2026-05-21,961F,富邦公益,5000,6000,-1000,28.48,28.3917
2026-05-21,961M,富邦木柵,0,100,-100,,28.35
2026-05-21,962C,富邦竹科,1000,0,1000,28.3,
2026-05-21,9655,富邦板橋,15000,0,15000,28.31,
2026-05-21,981Q,元大太平,1300,0,1300,28.4231,
2026-05-21,981U,元大華山,0,171000,-171000,,28.35
2026-05-21,981z,元大大統,1000,0,1000,28.25,
2026-05-21,984C,元大新中,0,1,-1,,28.95
2026-05-21,9857,元大蘆洲,0,4000,-4000,,28.5
2026-05-21,9862,元大南京,0,1,-1,,28.35
2026-05-21,987A,元大楊梅,1000,1000,0,28.25,28.35
2026-05-21,989B,元大中港,0,2,-2,,28.35
2026-05-21,9B2P,台新同大,1000,0,1000,28.3,
2026-05-21,9B2r,台新城東,0,400,-400,,28.5
2026-05-22,1040,臺銀,1000,0,1000,28.25,
2026-05-22,1045,臺銀新竹,1,0,1,28.35,
2026-05-22,104A,臺銀臺中,3000,4000,-1000,28.5,28.4125
2026-05-22,1440,美林,0,4000,-4000,,28.35
2026-05-22,1470,台灣摩根,1000,0,1000,28.2,
2026-05-22,2180,亞東,0,1,-1,,28.35
2026-05-22,5383,第一高雄,50,0,50,28.3,
2026-05-22,538W,第一華江,0,1000,-1000,,28.5
2026-05-22,538j,第一安和,0,2000,-2000,,28.525
2026-05-22,5660,日進,0,1,-1,,28.3
2026-05-22,585W,統一金門,3000,0,3000,28.35,
2026-05-22,6010,?亞,5000,0,5000,28.35,
2026-05-22,6012,?亞網路,35000,0,35000,28.3314,
2026-05-22,601d,?亞鑫豐,9100,0,9100,28.4341,
2026-05-22,6160,中國信託,3000,0,3000,28.3167,
2026-05-22,7007,兆豐竹北,1000,0,1000,28.3,
2026-05-22,700J,兆豐公益,0,136,-136,,28.5
2026-05-22,700W,兆豐城中,4000,0,4000,28.35,
2026-05-22,779Z,國票安和,0,89000,-89000,,28.3669
2026-05-22,8440,摩根大通,1000,2000,-1000,28.3,28.25
2026-05-22,845D,康和板橋,121,0,121,28.3,
2026-05-22,884E,玉山城中,3000,0,3000,28.2833,
2026-05-22,884H,玉山新竹,53,0,53,28.5,
2026-05-22,8881,國泰高雄,100,0,100,28.5,
2026-05-22,8882,國泰台中,1007,307,700,28.351,28.5
2026-05-22,8888,國泰敦南,1123,0,1123,28.3219,
2026-05-22,888K,國泰板橋,18,0,18,28.5,
2026-05-22,9103,群益松山,0,12000,-12000,,28.325
2026-05-22,913U,群益崇德,20,0,20,28.3,
2026-05-22,918g,群益大甲,0,5250,-5250,,28.3381
2026-05-22,918x,群益延平,1000,1000,0,28.2,28.35
2026-05-22,9207,凱基永和,0,5000,-5000,,28.3
2026-05-22,9229,凱基中山,0,5000,-5000,,28.4
2026-05-22,922C,凱基屏東,50,0,50,28.3,
2026-05-22,9268,凱基台北,31000,10000,21000,28.3387,28.26
2026-05-22,9287,凱基內湖,1000,0,1000,28.35,
2026-05-22,9300,華南永昌,0,1000,-1000,,28.55
2026-05-22,9302,華南台中,1000,0,1000,28.45,
2026-05-22,9608,富邦台東,0,6000,-6000,,28.45
2026-05-22,961F,富邦公益,4000,5000,-1000,28.5,28.35
2026-05-22,961N,富邦青埔,30000,0,30000,28.43,
2026-05-22,9623,富邦台北,36,0,36,28.5,
2026-05-22,9800,元大,3000,3000,0,28.2,28.45
2026-05-22,983Z,元大鳳山,10,0,10,28.3,
2026-05-22,985C,元大鳳中,0,150,-150,,28.5
2026-05-22,9871,元大忠孝,15000,0,15000,28.35,
2026-05-22,9872,元大復北,0,2000,-2000,,28.3
2026-05-22,9896,元大台南,0,1000,-1000,,28.3
2026-05-22,9A9C,永豐員林,20,0,20,28.5,
2026-05-22,9A9J,永豐板新,1000,1000,0,28.2,28.45
2026-05-22,9B1n,台新屏東,1000,0,1000,28.35,
2026-05-22,9B2c,台新烏日,136,0,136,28.5,
2026-05-25,1020,合庫,5000,0,5000,28.2,
2026-05-25,1045,臺銀新竹,141,0,141,28.4,
2026-05-25,1440,美林,1000,3000,-2000,28.2,28.15
2026-05-25,5260,美好,2000,0,2000,28.3,
2026-05-25,538D,第一忠孝,0,1000,-1000,,28.25
2026-05-25,538P,第一路竹,2000,0,2000,28.3,
2026-05-25,5854,統一城中,1000,0,1000,28.3,
2026-05-25,585W,統一金門,1000,0,1000,28.25,
2026-05-25,6010,?亞,5000,0,5000,28.3,
2026-05-25,6012,?亞網路,66000,2000,64000,28.2902,28.25
2026-05-25,601d,?亞鑫豐,3000,0,3000,28.2167,
2026-05-25,779H,國票嘉義,1000,0,1000,28.25,
2026-05-25,779Z,國票安和,0,70000,-70000,,28.3
2026-05-25,845D,康和板橋,0,121,-121,,28.5033
2026-05-25,8560,新光,3000,0,3000,28.15,
2026-05-25,8846,玉山板橋,0,5000,-5000,,28.21
2026-05-25,884H,玉山新竹,122,0,122,28.3795,
2026-05-25,884J,玉山大里,103,0,103,28.5015,
2026-05-25,884M,玉山數位,1000,0,1000,28.25,
2026-05-25,8880,國泰綜合,0,2000,-2000,,28.2
2026-05-25,8882,國泰台中,2057,470,1587,28.2542,28.4819
2026-05-25,8883,國泰松江,102,0,102,28.4,
2026-05-25,8884,國泰台南,180,0,180,28.45,
2026-05-25,8888,國泰敦南,3130,88,3042,28.2596,28.4
2026-05-25,9108,群益海山,0,418,-418,,28.4055
2026-05-25,913H,群益屏東,1000,0,1000,28.2,
2026-05-25,9186,群益新竹,0,47,-47,,28.45
2026-05-25,920A,凱基板橋,71,0,71,28.4,
2026-05-25,920F,凱基站前,40,0,40,28.4,
2026-05-25,9268,凱基台北,6000,29000,-23000,28.35,28.2172
2026-05-25,9305,華南新莊,36,0,36,28.5,
2026-05-25,9312,華南民權,0,3000,-3000,,28.2667
2026-05-25,9332,華南楠梓,30,0,30,28.4,
2026-05-25,9604,富邦陽明,18,0,18,28.4,
2026-05-25,9608,富邦台東,0,10000,-10000,,28.325
2026-05-25,961F,富邦公益,2000,2000,0,28.25,28.35
2026-05-25,9655,富邦板橋,2000,0,2000,28.3,
2026-05-25,9661,富邦新店,1000,0,1000,28.2,
2026-05-25,9663,富邦敦南,0,50,-50,,28.35
2026-05-25,9667,富邦台南,0,185,-185,,28.5
2026-05-25,9686,富邦宜蘭,1000,0,1000,28.3,
2026-05-25,980C,元大斗六,0,1050,-1050,,28.2571
2026-05-25,981Q,元大太平,290,5000,-4710,28.5,28.25
2026-05-25,981U,元大華山,0,2000,-2000,,28.25
2026-05-25,983i,元大大雅,70,0,70,28.5,
2026-05-25,9871,元大忠孝,10000,0,10000,28.2,
2026-05-25,9894,元大桃興,0,1000,-1000,,28.2
2026-05-25,989F,元大高雄,0,1,-1,,28.5
2026-05-25,989I,元大蘆中,1000,0,1000,28.25,
2026-05-25,989L,元大成功,50,0,50,28.5,
2026-05-25,989g,元大嘉義,1000,0,1000,28.25,
2026-05-25,9A00,永豐金,2000,0,2000,28.225,
2026-05-25,9A9C,永豐員林,1000,10,990,28.25,28.45
2026-05-25,9B1n,台新屏東,1000,0,1000,28.2,
2026-05-25,9B28,台新北新,10000,0,10000,28.295,
2026-05-25,9B2q,台新屏新,1000,0,1000,28.2,
2026-05-26,1045,臺銀新竹,284,0,284,28.225,
2026-05-26,104A,臺銀臺中,3000,3000,0,28.2833,28.35
2026-05-26,1440,美林,2000,0,2000,28.2,
2026-05-26,1470,台灣摩根,1000,0,1000,28.25,
2026-05-26,1590,花旗環球,1000,0,1000,28.3,
2026-05-26,5263,美好泰山,500,0,500,28.25,
2026-05-26,538j,第一安和,0,1000,-1000,,28.5
2026-05-26,5600,永興,4000,0,4000,28.025,
2026-05-26,5852,統一敦南,0,5300,-5300,,28.2972
2026-05-26,6010,?亞,10000,0,10000,28.25,
2026-05-26,6012,?亞網路,105000,0,105000,28.249,
2026-05-26,601d,?亞鑫豐,6000,0,6000,28.2667,
2026-05-26,6114,中銀員林,0,2000,-2000,,28.25
2026-05-26,6210,新百王,3000,0,3000,28.05,
2026-05-26,6461,大昌樹林,0,400,-400,,28.2
2026-05-26,6462,大昌安康,1000,0,1000,28.2,
2026-05-26,700Z,兆豐高雄,0,5,-5,,28.2
2026-05-26,7795,國票南港,0,189,-189,,28.25
2026-05-26,779Z,國票安和,0,103000,-103000,,28.282
2026-05-26,779j,國票和平,51,0,51,28.4,
2026-05-26,8440,摩根大通,1000,0,1000,28.3,
2026-05-26,8560,新光,1000,100,900,28.35,28.25
2026-05-26,8563,新光新竹,0,1000,-1000,,28.2
2026-05-26,884E,玉山城中,6000,0,6000,28.4,
2026-05-26,884F,玉山桃園,0,2000,-2000,,28.2
2026-05-26,884H,玉山新竹,85,0,85,28.35,
2026-05-26,8880,國泰綜合,0,5000,-5000,,28.2
2026-05-26,8882,國泰台中,1000,0,1000,28.0,
2026-05-26,8888,國泰敦南,2124,0,2124,28.3898,
2026-05-26,888A,國泰館前,0,4,-4,,28.2
2026-05-26,888K,國泰板橋,5,0,5,28.4,
2026-05-26,913D,群益潭子,50,0,50,28.2,
2026-05-26,913Y,群益館前,100,0,100,28.2,
2026-05-26,918M,群益嘉義,10000,0,10000,28.0,
2026-05-26,918s,群益丹鳳,0,45000,-45000,,28.1033
2026-05-26,9233,凱基長庚,200,0,200,28.2,
2026-05-26,9234,凱基竹北,0,1000,-1000,,28.2
2026-05-26,9268,凱基台北,7000,10000,-3000,28.0357,28.365
2026-05-26,9305,華南新莊,36,0,36,28.25,
2026-05-26,9608,富邦台東,0,13000,-13000,,28.25
2026-05-26,961F,富邦公益,2000,4000,-2000,28.275,28.3375
2026-05-26,9623,富邦台北,0,1000,-1000,,28.5
2026-05-26,9625,富邦竹東,1000,0,1000,28.5,
2026-05-26,962C,富邦竹科,1000,0,1000,28.25,
2026-05-26,9667,富邦台南,0,15,-15,,28.2
2026-05-26,9686,富邦宜蘭,0,1000,-1000,,28.2
2026-05-26,9693,富邦新營,1000,1000,0,28.2,28.5
2026-05-26,9800,元大,4000,4000,0,28.1625,28.1125
2026-05-26,981U,元大華山,0,2000,-2000,,28.25
2026-05-26,982B,元大博愛,1000,160,840,28.05,28.375
2026-05-26,983j,元大仁愛,5,0,5,28.3,
2026-05-26,9852,元大永春,24,0,24,28.4,
2026-05-26,989Q,元大汐止,0,2289,-2289,,28.2036
2026-05-26,9A00,永豐金,4000,0,4000,28.2125,
2026-05-26,9A9B,永豐中和,2000,0,2000,28.3,
2026-05-26,9A9C,永豐員林,0,2,-2,,28.45
2026-05-26,9A9N,永豐桃盛,1000,0,1000,28.0,
2026-05-26,9A9g,永豐內湖,2000,0,2000,28.125,
2026-05-26,9B20,台新台北,23000,0,23000,28.4065,
2026-05-27,104A,臺銀臺中,2000,2000,0,28.25,28.275
2026-05-27,1440,美林,0,7000,-7000,,28.1857
2026-05-27,1470,台灣摩根,6000,0,6000,28.175,
2026-05-27,1650,瑞銀,0,3000,-3000,,28.15
2026-05-27,5260,美好,2000,0,2000,28.125,
2026-05-27,5852,統一敦南,0,1000,-1000,,28.3
2026-05-27,5859,統一屏東,0,14000,-14000,,28.1464
2026-05-27,6010,?亞,10000,0,10000,28.175,
2026-05-27,6012,?亞網路,15000,0,15000,28.15,
2026-05-27,601d,?亞鑫豐,6000,5000,1000,28.175,28.2
2026-05-27,6114,中銀員林,2000,0,2000,28.1,
2026-05-27,6462,大昌安康,6000,0,6000,28.2167,
2026-05-27,7005,兆豐中港,0,3000,-3000,,28.2167
2026-05-27,7007,兆豐竹北,0,1000,-1000,,28.2
2026-05-27,700W,兆豐城中,0,4000,-4000,,28.2
2026-05-27,700r,兆豐寶成,8000,0,8000,28.1812,
2026-05-27,779Z,國票安和,0,3000,-3000,,28.3
2026-05-27,8561,新光台中,2000,0,2000,28.15,
2026-05-27,8888,國泰敦南,1349,0,1349,28.2259,
2026-05-27,888A,國泰館前,0,4,-4,,28.2
2026-05-27,913D,群益潭子,4,0,4,28.2,
2026-05-27,920H,凱基基隆,1000,0,1000,28.1,
2026-05-27,9268,凱基台北,4000,8000,-4000,28.1875,28.2
2026-05-27,9604,富邦陽明,3000,0,3000,28.3,
2026-05-27,9608,富邦台東,0,15000,-15000,,28.1667
2026-05-27,961F,富邦公益,1000,1000,0,28.25,28.25
2026-05-27,9621,富邦花蓮,0,2250,-2250,,28.2556
2026-05-27,962C,富邦竹科,2000,0,2000,28.1,
2026-05-27,962D,富邦新莊,1000,0,1000,28.1,
2026-05-27,9636,富邦中壢,0,1000,-1000,,28.15
2026-05-27,9663,富邦敦南,1000,0,1000,28.1,
2026-05-27,9665,富邦桃園,450,0,450,28.3,
2026-05-27,981I,元大天母,0,549,-549,,28.3
2026-05-27,983M,元大木柵,0,13,-13,,28.3
2026-05-27,9856,元大花蓮,0,10000,-10000,,28.09
2026-05-27,9889,元大員林,0,1000,-1000,,28.15
2026-05-27,989G,元大大同,4000,0,4000,28.1875,
2026-05-27,989I,元大蘆中,0,1000,-1000,,28.2
2026-05-27,9A00,永豐金,3000,1000,2000,28.0833,28.1
2026-05-27,9B11,台新新營,23,0,23,28.3,
2026-05-27,9B13,台新三民,5000,0,5000,28.25,
2026-05-27,9B1h,台新台中,0,2000,-2000,,28.2
2026-05-27,9B2W,台新吉利,0,10,-10,,28.3
2026-05-28,1020,合庫,2000,0,2000,28.15,
2026-05-28,1440,美林,0,4000,-4000,,28.2125
2026-05-28,1470,台灣摩根,2000,0,2000,28.225,
2026-05-28,1590,花旗環球,2000,0,2000,28.275,
2026-05-28,1650,瑞銀,0,10000,-10000,,28.19
2026-05-28,2184,亞東新竹,0,100,-100,,28.25
2026-05-28,538F,第一稻埕,0,1000,-1000,,28.2
2026-05-28,538j,第一安和,1000,0,1000,28.1,
2026-05-28,6010,?亞,5000,0,5000,28.15,
2026-05-28,6012,?亞網路,112000,11000,101000,28.2219,28.2
2026-05-28,601d,?亞鑫豐,6000,0,6000,28.1917,
2026-05-28,6620,口袋,0,224,-224,,28.3
2026-05-28,779Z,國票安和,0,39000,-39000,,28.25
2026-05-28,779c,國票敦北,0,1,-1,,28.25
2026-05-28,8440,摩根大通,0,10000,-10000,,28.15
2026-05-28,8846,玉山板橋,100,0,100,28.25,
2026-05-28,884C,玉山信義,65,0,65,28.25,
2026-05-28,884H,玉山新竹,73,0,73,28.3,
2026-05-28,8882,國泰台中,6,0,6,28.3,
2026-05-28,8883,國泰松江,2000,0,2000,28.2,
2026-05-28,8885,國泰桃園,13,0,13,28.3,
2026-05-28,8888,國泰敦南,2211,0,2211,28.1369,
2026-05-28,888A,國泰館前,0,4,-4,,28.3
2026-05-28,918C,群益古亭,1000,0,1000,28.2,
2026-05-28,918E,群益南京,4000,0,4000,28.15,
2026-05-28,9205,凱基三重,1000,0,1000,28.15,
2026-05-28,920F,凱基站前,476,0,476,28.3,
2026-05-28,920H,凱基基隆,0,790,-790,,28.2778
2026-05-28,9268,凱基台北,6000,7000,-1000,28.2,28.1643
2026-05-28,9305,華南新莊,24,4,20,28.3417,28.3
2026-05-28,9307,華南大安,0,2000,-2000,,28.175
2026-05-28,9604,富邦陽明,4018,0,4018,28.1504,
2026-05-28,9608,富邦台東,0,43000,-43000,,28.25
2026-05-28,961F,富邦公益,1000,1000,0,28.2,28.2
2026-05-28,963A,富邦八德,0,2000,-2000,,28.15
2026-05-28,965K,富邦台中,0,3000,-3000,,28.15
2026-05-28,981F,元大福營,0,143,-143,,28.25
2026-05-28,9822,元大學府,0,15,-15,,28.3
2026-05-28,9834,元大中壢,7000,0,7000,28.25,
2026-05-28,983i,元大大雅,100,0,100,28.3,
2026-05-28,9858,元大龍潭,200,0,200,28.25,
2026-05-28,9896,元大台南,1000,0,1000,28.2,
2026-05-28,989B,元大中港,0,2000,-2000,,28.2
2026-05-28,989P,元大敦南,0,1000,-1000,,28.2
2026-05-28,989W,元大站前,0,1000,-1000,,28.2
2026-05-28,9A92,永豐萬盛,0,2000,-2000,,28.2
2026-05-28,9A9J,永豐板新,1000,11000,-10000,28.15,28.1227
2026-05-28,9A9U,永豐中正,0,2000,-2000,,28.225
2026-05-28,9A9g,永豐內湖,2000,0,2000,28.125,
2026-05-28,9B22,台新新店,0,5,-5,,28.5
2026-05-28,9B28,台新北新,0,10000,-10000,,28.15
2026-05-29,1040,臺銀,4000,0,4000,28.325,
2026-05-29,1042,臺銀臺南,2000,2000,0,28.325,28.3
2026-05-29,1043,臺銀民權,42000,0,42000,28.3381,
2026-05-29,104A,臺銀臺中,4000,4000,0,28.4,28.3125
2026-05-29,1440,美林,12000,4000,8000,28.3417,28.3375
2026-05-29,1470,台灣摩根,7000,1000,6000,28.3214,28.4
2026-05-29,1560,港商野村,1000,0,1000,28.4,
2026-05-29,1590,花旗環球,0,1000,-1000,,28.3
2026-05-29,1650,瑞銀,97000,2000,95000,28.3088,28.4
2026-05-29,538j,第一安和,0,2000,-2000,,28.425
2026-05-29,585W,統一金門,0,4000,-4000,,28.35
2026-05-29,6010,?亞,5000,0,5000,28.33,
2026-05-29,6012,?亞網路,187000,13000,174000,28.3318,28.35
2026-05-29,601d,?亞鑫豐,8000,0,8000,28.375,
2026-05-29,616K,中信託高,0,1000,-1000,,28.35
2026-05-29,6450,永全,2000,0,2000,28.4,
2026-05-29,700U,兆豐桃鶯,1000,0,1000,28.2,
2026-05-29,700a,兆豐忠孝,0,2000,-2000,,28.35
2026-05-29,779Z,國票安和,0,600000,-600000,,28.3347
2026-05-29,8440,摩根大通,33000,0,33000,28.2621,
2026-05-29,8561,新光台中,0,15000,-15000,,28.3
2026-05-29,8840,玉山,0,2000,-2000,,28.3
2026-05-29,884D,玉山左營,1000,0,1000,28.3,
2026-05-29,884J,玉山大里,4,0,4,28.3,
2026-05-29,884M,玉山數位,1000,0,1000,28.35,
2026-05-29,8882,國泰台中,50,0,50,28.6,
2026-05-29,8888,國泰敦南,106,0,106,28.4,
2026-05-29,888A,國泰館前,1000,4,996,28.35,28.3
2026-05-29,913R,群益北高,330,0,330,28.6,
2026-05-29,9208,凱基桃園,357,0,357,28.3,
2026-05-29,920F,凱基站前,3000,0,3000,28.35,
2026-05-29,920H,凱基基隆,0,1000,-1000,,28.35
2026-05-29,920M,凱基宜蘭,2000,0,2000,28.4,
2026-05-29,922C,凱基屏東,54000,0,54000,28.3463,
2026-05-29,9234,凱基竹北,0,1100,-1100,,28.3091
2026-05-29,9268,凱基台北,140000,7000,133000,28.3111,28.3786
2026-05-29,9274,凱基鳳山,2000,0,2000,28.4,
2026-05-29,9285,凱基中壢,2000,0,2000,28.3,
2026-05-29,9324,華南岡山,1000,1000,0,28.3,28.4
2026-05-29,9608,富邦台東,2000,39000,-37000,28.2,28.3
2026-05-29,961F,富邦公益,3000,5000,-2000,28.35,28.3
2026-05-29,9627,富邦內湖,0,1000,-1000,,28.3
2026-05-29,9686,富邦宜蘭,0,2,-2,,28.4
2026-05-29,9692,富邦嘉義,0,509,-509,,28.4
2026-05-29,9693,富邦新營,1000,0,1000,28.25,
2026-05-29,9800,元大,2000,2000,0,28.35,28.4
2026-05-29,9801,元大松江,0,2000,-2000,,28.35
2026-05-29,981Q,元大太平,0,2000,-2000,,28.35
2026-05-29,981y,元大善化,1000,0,1000,28.35,
2026-05-29,982B,元大博愛,0,45,-45,,28.6
2026-05-29,9837,元大北港,0,1000,-1000,,28.35
2026-05-29,983G,元大上新,0,3000,-3000,,28.3
2026-05-29,9872,元大復北,0,1000,-1000,,28.35
2026-05-29,9879,元大板三,0,357,-357,,28.3
2026-05-29,989B,元大中港,0,1000,-1000,,28.35
2026-05-29,989J,元大彰生,104000,0,104000,28.4,
2026-05-29,9A00,永豐金,3000,0,3000,28.3167,
2026-05-29,9A9C,永豐員林,0,830,-830,,28.4807
2026-05-29,9A9J,永豐板新,1000,0,1000,28.35,
2026-05-29,9A9W,永豐市政,0,11000,-11000,,28.35
2026-05-29,9A9g,永豐內湖,1000,0,1000,28.3,
2026-05-29,9B1y,台新中壢,2000,0,2000,28.25,
2026-06-01,1021,合庫台中,1000,0,1000,28.3,
2026-06-01,1043,臺銀民權,0,22000,-22000,,28.3
2026-06-01,104A,臺銀臺中,3000,3000,0,28.3833,28.4167
2026-06-01,126U,宏遠館前,2000,0,2000,28.35,
2026-06-01,1440,美林,0,11000,-11000,,28.3318
2026-06-01,1470,台灣摩根,1000,0,1000,28.35,
2026-06-01,1480,美商高盛,2000,0,2000,28.35,
2026-06-01,1590,花旗環球,2000,0,2000,28.4,
2026-06-01,1650,瑞銀,1000,2000,-1000,28.4,28.35
2026-06-01,2180,亞東,0,1,-1,,28.2
2026-06-01,5261,美好蘆洲,1000,0,1000,28.35,
2026-06-01,5383,第一高雄,5000,0,5000,28.35,
2026-06-01,538W,第一華江,0,6000,-6000,,28.4
2026-06-01,585D,統一新台中,2000,0,2000,28.3,
2026-06-01,6010,?亞,5000,0,5000,28.3,
2026-06-01,6012,?亞網路,383000,21000,362000,28.3513,28.35
2026-06-01,601d,?亞鑫豐,13000,0,13000,28.3692,
2026-06-01,616K,中信託高,8000,0,8000,28.3688,
2026-06-01,700g,兆豐南門,2000,0,2000,28.35,
2026-06-01,779Z,國票安和,0,385000,-385000,,28.3525
2026-06-01,8440,摩根大通,1000,0,1000,28.4,
2026-06-01,845U,康和台北,0,13000,-13000,,28.3423
2026-06-01,8560,新光,0,1000,-1000,,28.45
2026-06-01,8563,新光新竹,100,0,100,28.4,
2026-06-01,8840,玉山,0,8000,-8000,,28.4
2026-06-01,8842,玉山新莊,30,0,30,28.55,
2026-06-01,884J,玉山大里,4,0,4,28.35,
2026-06-01,8880,國泰綜合,0,18000,-18000,,28.3528
2026-06-01,8882,國泰台中,0,96,-96,,28.4
2026-06-01,8888,國泰敦南,1130,10000,-8870,28.2659,28.39
2026-06-01,888A,國泰館前,0,1004,-1004,,28.35
2026-06-01,9105,群益高盛,100,0,100,28.4,
2026-06-01,918C,群益古亭,0,1000,-1000,,28.35
2026-06-01,918F,群益新店,0,2100,-2100,,28.3048
2026-06-01,9202,凱基中港,1000,0,1000,28.25,
2026-06-01,920F,凱基站前,2000,100,1900,28.275,28.43
2026-06-01,920M,凱基宜蘭,1000,2000,-1000,28.35,28.25
2026-06-01,920N,凱基湖口,0,100,-100,,28.4
2026-06-01,9217,凱基松山,0,2000,-2000,,28.4
2026-06-01,9268,凱基台北,48000,5000,43000,28.3885,28.4
2026-06-01,9305,華南新莊,36,0,36,28.4,
2026-06-01,9604,富邦陽明,180,0,180,28.25,
2026-06-01,961F,富邦公益,2000,3000,-1000,28.4,28.4167
2026-06-01,9625,富邦竹東,1000,0,1000,28.35,
2026-06-01,9663,富邦敦南,2000,0,2000,28.3,
2026-06-01,9693,富邦新營,4000,0,4000,28.375,
2026-06-01,9697,富邦虎尾,2000,0,2000,28.35,
2026-06-01,981S,元大崇德,0,180,-180,,28.25
2026-06-01,981y,元大善化,0,1000,-1000,,28.35
2026-06-01,982B,元大博愛,0,2000,-2000,,28.35
2026-06-01,9834,元大中壢,4000,0,4000,28.275,
2026-06-01,9837,元大北港,1,0,1,28.2,
2026-06-01,9862,元大南京,1000,0,1000,28.35,
2026-06-01,9871,元大忠孝,10000,0,10000,28.3,
2026-06-01,9889,元大員林,1000,0,1000,28.35,
2026-06-01,989G,元大大同,4000,0,4000,28.35,
2026-06-01,989J,元大彰生,1000,0,1000,28.35,
2026-06-01,989g,元大嘉義,1000,0,1000,28.25,
2026-06-01,989j,元大樹林,2000,0,2000,28.375,
2026-06-01,9A00,永豐金,0,180,-180,,28.3
2026-06-01,9A9B,永豐中和,1000,0,1000,28.3,
2026-06-01,9A9C,永豐員林,180,0,180,28.3,
2026-06-01,9A9a,永豐苓雅,0,3000,-3000,,28.4
2026-06-01,9A9g,永豐內湖,2000,0,2000,28.3,
2026-06-01,9A9r,永豐北高,0,2000,-2000,,28.4
2026-06-01,9B13,台新三民,5000,0,5000,28.4,
2026-06-01,9B2N,台新虎尾,0,1000,-1000,,28.35
2026-06-01,9B2b,台新板橋,0,3000,-3000,,28.4
2026-06-02,102F,合庫西台,3000,0,3000,28.6,
2026-06-02,104A,臺銀臺中,4000,4000,0,28.65,28.55
2026-06-02,1260,宏遠,0,2000,-2000,,28.5
2026-06-02,126U,宏遠館前,0,2000,-2000,,28.6
2026-06-02,1440,美林,0,9000,-9000,,28.5444
2026-06-02,1480,美商高盛,3000,0,3000,28.6167,
2026-06-02,1590,花旗環球,0,1000,-1000,,28.55
2026-06-02,1650,瑞銀,0,1000,-1000,,28.45
2026-06-02,538j,第一安和,0,3000,-3000,,28.6
2026-06-02,585D,統一新台中,2000,0,2000,28.575,
2026-06-02,6010,?亞,5000,0,5000,28.55,
2026-06-02,6012,?亞網路,15000,0,15000,28.5167,
2026-06-02,6114,中銀員林,0,1000,-1000,,28.55
2026-06-02,6461,大昌樹林,405,0,405,28.5,
2026-06-02,7005,兆豐中港,2000,0,2000,28.45,
2026-06-02,7007,兆豐竹北,0,5000,-5000,,28.55
2026-06-02,700K,兆豐新營,210,0,210,28.4,
2026-06-02,700U,兆豐桃鶯,0,1000,-1000,,28.55
2026-06-02,779c,國票敦北,0,1000,-1000,,28.6
2026-06-02,8440,摩根大通,1000,0,1000,28.6,
2026-06-02,8459,康和嘉義,0,10000,-10000,,28.6
2026-06-02,845D,康和板橋,5,0,5,28.5,
2026-06-02,8560,新光,5000,3000,2000,28.6,28.5
2026-06-02,8846,玉山板橋,1000,0,1000,28.55,
2026-06-02,8880,國泰綜合,0,17000,-17000,,28.6088
2026-06-02,8881,國泰高雄,0,100,-100,,28.45
2026-06-02,8882,國泰台中,11,0,11,28.6,
2026-06-02,8888,國泰敦南,11,1200,-1189,28.5,28.5667
2026-06-02,9187,群益彰化,2000,0,2000,28.55,
2026-06-02,920H,凱基基隆,0,13114,-13114,,28.5581
2026-06-02,920M,凱基宜蘭,1000,0,1000,28.55,
2026-06-02,9268,凱基台北,6000,1000,5000,28.5417,28.65
2026-06-02,9300,華南永昌,0,1000,-1000,,28.65
2026-06-02,961F,富邦公益,4000,5000,-1000,28.625,28.55
2026-06-02,963A,富邦八德,0,140,-140,,28.65
2026-06-02,9647,富邦新竹,140,0,140,28.65,
2026-06-02,9663,富邦敦南,1000,0,1000,28.5,
2026-06-02,9676,富邦仁愛,0,3000,-3000,,28.5
2026-06-02,9686,富邦宜蘭,0,1,-1,,28.35
2026-06-02,9693,富邦新營,0,7000,-7000,,28.5786
2026-06-02,9801,元大松江,0,1000,-1000,,28.6
2026-06-02,980l,元大虎尾,2000,0,2000,28.55,
2026-06-02,981E,元大發財,0,5,-5,,28.5
2026-06-02,981Q,元大太平,0,1000,-1000,,28.6
2026-06-02,982B,元大博愛,0,1000,-1000,,28.65
2026-06-02,983B,元大林森,0,50,-50,,28.46
2026-06-02,983U,元大頭份,0,1000,-1000,,28.55
2026-06-02,9858,元大龍潭,1000,0,1000,28.45,
2026-06-02,9871,元大忠孝,30000,0,30000,28.5667,
2026-06-02,989E,元大草屯,1000,0,1000,28.5,
2026-06-02,989g,元大嘉義,1,0,1,28.35,
2026-06-02,989j,元大樹林,0,2000,-2000,,28.45
2026-06-02,9A00,永豐金,0,46,-46,,28.5
2026-06-02,9A69,永豐屏東,9000,0,9000,28.65,
2026-06-02,9A97,永豐新竹,0,1000,-1000,,28.6
2026-06-02,9A9C,永豐員林,0,350,-350,,28.5
2026-06-02,9A9g,永豐內湖,2000,0,2000,28.525,
2026-06-02,9B1h,台新台中,0,1000,-1000,,28.55
2026-06-02,9B2P,台新同大,0,1000,-1000,,28.5
2026-06-02,9B2a,台新松德,120,0,120,28.45,
2026-06-02,9B2c,台新烏日,103,0,103,28.6,
2026-06-03,1020,合庫,0,2000,-2000,,28.95
2026-06-03,102C,合庫自強,0,1000,-1000,,28.75
2026-06-03,1030,土銀,2000,0,2000,28.8,
2026-06-03,1043,臺銀民權,0,43000,-43000,,28.8733
2026-06-03,1045,臺銀新竹,4000,0,4000,28.9,
2026-06-03,104A,臺銀臺中,9000,9000,0,29.0056,28.9
2026-06-03,1233,彰銀台中,8000,0,8000,28.8562,
2026-06-03,1440,美林,0,11000,-11000,,28.8909
2026-06-03,1470,台灣摩根,1000,0,1000,29.0,
2026-06-03,1480,美商高盛,2000,0,2000,28.925,
2026-06-03,1650,瑞銀,2000,0,2000,29.0,
2026-06-03,2180,亞東,5375,0,5375,28.9754,
2026-06-03,5381,第一員林,30,0,30,29.0,
2026-06-03,538W,第一華江,0,50,-50,,29.0
2026-06-03,538j,第一安和,0,3000,-3000,,28.8667
2026-06-03,5850,統一,0,5118,-5118,,28.9931
2026-06-03,585D,統一新台中,1000,0,1000,29.0,
2026-06-03,6010,?亞,5000,0,5000,28.8,
2026-06-03,6012,?亞網路,12000,1000,11000,28.75,28.9
2026-06-03,6114,中銀員林,2000,0,2000,28.75,
2026-06-03,6164,中信託文,300,0,300,29.05,
2026-06-03,7005,兆豐中港,2000,0,2000,28.7,
2026-06-03,7007,兆豐竹北,0,10000,-10000,,28.875
2026-06-03,700K,兆豐新營,5000,0,5000,28.89,
2026-06-03,700a,兆豐忠孝,0,1000,-1000,,28.9
2026-06-03,700g,兆豐南門,4000,0,4000,29.0,
2026-06-03,7790,國票綜合,17,0,17,28.7,
2026-06-03,7792,國票北投,1000,0,1000,29.1,
2026-06-03,8560,新光,11000,0,11000,28.85,
2026-06-03,8562,新光高雄,5000,0,5000,28.95,
2026-06-03,8565,新光桃園,1000,0,1000,28.95,
2026-06-03,884M,玉山數位,0,1000,-1000,,28.8
2026-06-03,8880,國泰綜合,0,25000,-25000,,28.9
2026-06-03,8882,國泰台中,1000,420,580,28.9,29.0
2026-06-03,8883,國泰松江,200,0,200,29.0,
2026-06-03,8886,國泰新莊,1,0,1,28.65,
2026-06-03,8888,國泰敦南,1240,0,1240,28.8089,
2026-06-03,9108,群益海山,0,10,-10,,29.0
2026-06-03,9131,群益民權,1000,0,1000,28.8,
2026-06-03,918C,群益古亭,600,0,600,29.05,
2026-06-03,918E,群益南京,0,4000,-4000,,28.95
2026-06-03,918J,群益永和,0,168,-168,,29.0
2026-06-03,9208,凱基桃園,0,2000,-2000,,28.75
2026-06-03,920F,凱基站前,0,50,-50,,28.85
2026-06-03,920H,凱基基隆,0,1000,-1000,,29.05
2026-06-03,920M,凱基宜蘭,1000,1000,0,28.95,28.7
2026-06-03,921C,凱基民權,0,3,-3,,29.0
2026-06-03,9223,凱基豐中,1000,1000,0,29.0,28.9
2026-06-03,9227,凱基城中,0,48,-48,,29.05
2026-06-03,9268,凱基台北,2000,2000,0,28.8,28.85
2026-06-03,9285,凱基中壢,2000,0,2000,28.95,
2026-06-03,9300,華南永昌,0,9000,-9000,,28.9
2026-06-03,9312,華南民權,9000,0,9000,28.9778,
2026-06-03,9323,華南小港,627,0,627,29.05,
2026-06-03,9326,華南南京,1000,0,1000,29.05,
2026-06-03,961F,富邦公益,11000,12000,-1000,28.9545,28.8958
2026-06-03,9623,富邦台北,10000,0,10000,29.0,
2026-06-03,9661,富邦新店,1000,0,1000,28.8,
2026-06-03,9686,富邦宜蘭,0,1,-1,,28.65
2026-06-03,9693,富邦新營,0,4000,-4000,,28.8875
2026-06-03,9697,富邦虎尾,0,2000,-2000,,28.725
2026-06-03,981g,元大大里,11000,0,11000,28.9,
2026-06-03,981j,元大士林,0,3000,-3000,,28.9
2026-06-03,982B,元大博愛,0,80,-80,,28.875
2026-06-03,9833,元大敦化,300,0,300,29.0,
2026-06-03,983B,元大林森,0,43,-43,,29.0
2026-06-03,983j,元大仁愛,1000,0,1000,29.05,
2026-06-03,984C,元大新中,1000,0,1000,29.0,
2026-06-03,984H,元大景美,0,1000,-1000,,28.75
2026-06-03,9868,元大文心,189,0,189,28.8,
2026-06-03,9871,元大忠孝,20000,0,20000,28.875,
2026-06-03,9874,元大雙和,0,2000,-2000,,28.85
2026-06-03,9889,元大員林,0,1000,-1000,,28.7
2026-06-03,989G,元大大同,8000,0,8000,28.9875,
2026-06-03,989g,元大嘉義,1100,0,1100,28.9727,
2026-06-03,9A00,永豐金,0,1000,-1000,,29.0
2026-06-03,9A69,永豐屏東,6000,9000,-3000,28.95,29.0167
2026-06-03,9A9C,永豐員林,0,3219,-3219,,28.8248
2026-06-03,9A9L,永豐台中,0,1050,-1050,,28.9524
2026-06-03,9A9W,永豐市政,0,3000,-3000,,29.0167
2026-06-03,9A9g,永豐內湖,4000,0,4000,28.875,
2026-06-03,9A9i,永豐新店,0,15000,-15000,,29.0
2026-06-03,9B16,台新台南,0,2000,-2000,,29.0
2026-06-03,9B1y,台新中壢,1000,0,1000,28.85,
2026-06-03,9B21,台新九如,0,500,-500,,29.05
2026-06-03,9B28,台新北新,1000,0,1000,28.95,
2026-06-03,9B2B,台新永和,5000,0,5000,29.0,
2026-06-03,9B2N,台新虎尾,50,0,50,28.8,
2026-06-03,9B2a,台新松德,1,120,-119,28.7,29.05
2026-06-03,9B2b,台新板橋,0,150,-150,,29.05
2026-06-03,9B2l,台新大裕,8000,0,8000,28.7188,
2026-06-04,1040,臺銀,5000,4000,1000,29.25,28.95
2026-06-04,104A,臺銀臺中,2000,2000,0,29.25,29.075
2026-06-04,1440,美林,0,13000,-13000,,29.0731
2026-06-04,1480,美商高盛,83,0,83,29.05,
2026-06-04,1650,瑞銀,0,1000,-1000,,28.85
2026-06-04,538F,第一稻埕,0,112,-112,,29.05
2026-06-04,538j,第一安和,0,1000,-1000,,29.2
2026-06-04,6010,?亞,2000,0,2000,29.15,
2026-06-04,6012,?亞網路,52000,0,52000,28.95,
2026-06-04,6464,大昌新店,10000,0,10000,29.16,
2026-06-04,7005,兆豐中港,2000,0,2000,29.2,
2026-06-04,7007,兆豐竹北,0,10000,-10000,,29.075
2026-06-04,700B,兆豐板橋,0,1000,-1000,,29.0
2026-06-04,7790,國票綜合,0,17,-17,,29.0
2026-06-04,8440,摩根大通,0,1000,-1000,,29.0
2026-06-04,8847,玉山台南,1000,0,1000,29.1,
2026-06-04,884B,玉山台中,136,0,136,29.0,
2026-06-04,884D,玉山左營,15,0,15,29.0,
2026-06-04,884E,玉山城中,0,3000,-3000,,29.25
2026-06-04,8882,國泰台中,0,493,-493,,29.0
2026-06-04,8886,國泰新莊,210,0,210,28.9952,
2026-06-04,8888,國泰敦南,175,3000,-2825,29.1431,29.0
2026-06-04,888K,國泰板橋,10000,1000,9000,29.0,29.25
2026-06-04,9138,群益中港,1000,0,1000,29.2,
2026-06-04,913R,群益北高,0,3000,-3000,,29.25
2026-06-04,9189,群益桃園,50,0,50,28.9,
2026-06-04,9208,凱基桃園,0,1000,-1000,,29.2
2026-06-04,920H,凱基基隆,0,6140,-6140,,28.9313
2026-06-04,9268,凱基台北,3000,1000,2000,28.85,29.25
2026-06-04,9289,凱基興隆,1000,0,1000,29.15,
2026-06-04,9300,華南永昌,0,4000,-4000,,29.175
2026-06-04,9322,華南基隆,1000,0,1000,29.2,
2026-06-04,9326,華南南京,0,1000,-1000,,28.95
2026-06-04,9377,華南虎尾,50,0,50,28.9,
2026-06-04,961F,富邦公益,9000,10000,-1000,29.2056,29.11
2026-06-04,961N,富邦青埔,1000,0,1000,28.75,
2026-06-04,962C,富邦竹科,0,3000,-3000,,29.0333
2026-06-04,9676,富邦仁愛,8000,0,8000,29.1,
2026-06-04,9692,富邦嘉義,0,24,-24,,29.0
2026-06-04,9693,富邦新營,0,3000,-3000,,29.2
2026-06-04,981I,元大天母,0,2000,-2000,,29.0
2026-06-04,981g,元大大里,0,2100,-2100,,28.9952
2026-06-04,981j,元大士林,0,2000,-2000,,29.15
2026-06-04,982B,元大博愛,0,1000,-1000,,29.0
2026-06-04,984C,元大新中,0,1000,-1000,,28.75
2026-06-04,984K,元大館前,0,31000,-31000,,28.9
2026-06-04,9852,元大永春,0,300,-300,,29.0
2026-06-04,9857,元大蘆洲,0,1000,-1000,,29.1
2026-06-04,9871,元大忠孝,10000,0,10000,28.95,
2026-06-04,989W,元大站前,0,1000,-1000,,29.0
2026-06-04,9A00,永豐金,0,40,-40,,28.9
2026-06-04,9A69,永豐屏東,4000,0,4000,28.85,
2026-06-04,9A9C,永豐員林,0,1000,-1000,,29.05
2026-06-04,9A9i,永豐新店,0,10000,-10000,,29.025
2026-06-04,9B1y,台新中壢,0,2000,-2000,,28.85
2026-06-04,9B2B,台新永和,5000,0,5000,29.0,
2026-06-04,9B2L,台新北壢,0,2000,-2000,,29.1
2026-06-04,9B2N,台新虎尾,50,0,50,29.1,
2026-06-04,9B2a,台新松德,463,1,462,28.9944,29.0
2026-06-04,9B2l,台新大裕,1000,0,1000,29.2,
2026-06-04,9B2m,台新成功,0,5,-5,,29.2
2026-06-05,104A,臺銀臺中,2000,2000,0,29.225,29.2
2026-06-05,1440,美林,0,11000,-11000,,29.1091
2026-06-05,1470,台灣摩根,1000,0,1000,29.05,
2026-06-05,1480,美商高盛,0,5000,-5000,,29.15
2026-06-05,1650,瑞銀,1000,0,1000,29.05,
2026-06-05,5261,美好蘆洲,1000,1,999,29.1,29.0
2026-06-05,5383,第一高雄,24,0,24,29.05,
2026-06-05,585H,統一桃園,2000,0,2000,29.1,
2026-06-05,6010,?亞,10000,0,10000,29.125,
2026-06-05,6012,?亞網路,3000,50,2950,29.1,29.25
2026-06-05,601d,?亞鑫豐,1000,0,1000,29.25,
2026-06-05,6164,中信託文,0,300,-300,,29.0
2026-06-05,7007,兆豐竹北,0,2000,-2000,,29.1
2026-06-05,8882,國泰台中,473,0,473,29.05,
2026-06-05,8884,國泰台南,2000,0,2000,29.05,
2026-06-05,8886,國泰新莊,20,0,20,29.0,
2026-06-05,8888,國泰敦南,399,0,399,29.0475,
2026-06-05,888K,國泰板橋,1000,0,1000,29.15,
2026-06-05,9138,群益中港,4000,0,4000,29.1,
2026-06-05,9202,凱基中港,2000,1000,1000,29.075,29.2
2026-06-05,9207,凱基永和,3000,0,3000,29.15,
2026-06-05,9208,凱基桃園,0,2000,-2000,,29.075
2026-06-05,920A,凱基板橋,0,10000,-10000,,29.075
2026-06-05,922C,凱基屏東,24,0,24,29.05,
2026-06-05,9256,凱基南崁,3000,0,3000,29.1,
2026-06-05,9268,凱基台北,4000,2000,2000,29.2,29.15
2026-06-05,9287,凱基內湖,0,1000,-1000,,29.05
2026-06-05,961F,富邦公益,1000,1000,0,29.15,29.25
2026-06-05,962C,富邦竹科,0,2000,-2000,,29.175
2026-06-05,9647,富邦新竹,1000,0,1000,29.15,
2026-06-05,9665,富邦桃園,50,0,50,29.25,
2026-06-05,9693,富邦新營,1000,0,1000,29.15,
2026-06-05,981Q,元大太平,0,1000,-1000,,29.1
2026-06-05,982B,元大博愛,0,300,-300,,29.05
2026-06-05,9871,元大忠孝,2000,0,2000,29.2,
2026-06-05,987A,元大楊梅,15,0,15,29.0,
2026-06-05,9898,元大新莊,1000,0,1000,29.05,
2026-06-05,9A00,永豐金,1246,0,1246,29.1204,
2026-06-05,9A69,永豐屏東,5000,0,5000,29.05,
2026-06-05,9A9W,永豐市政,0,4000,-4000,,29.2
2026-06-05,9A9g,永豐內湖,2000,0,2000,29.125,
2026-06-05,9B1d,台新左楠,0,500,-500,,29.05
2026-06-05,9B1y,台新中壢,0,1000,-1000,,29.15
2026-06-05,9B28,台新北新,0,1000,-1000,,29.05
2026-06-05,9B2N,台新虎尾,0,100,-100,,29.05
2026-06-05,9B2l,台新大裕,0,8000,-8000,,29.1062
2026-06-08,1030,土銀,2000,0,2000,28.45,
2026-06-08,1040,臺銀,0,5000,-5000,,28.55
2026-06-08,1440,美林,0,9000,-9000,,28.5167
2026-06-08,1470,台灣摩根,1000,1000,0,28.2,28.95
2026-06-08,1480,美商高盛,2000,1000,1000,28.2,28.55
2026-06-08,1590,花旗環球,0,3000,-3000,,28.55
2026-06-08,1650,瑞銀,0,6741,-6741,,28.4538
2026-06-08,5260,美好,2000,0,2000,28.525,
2026-06-08,5261,美好蘆洲,0,2000,-2000,,28.55
2026-06-08,538j,第一安和,1000,0,1000,28.5,
2026-06-08,585D,統一新台中,0,4000,-4000,,28.225
2026-06-08,585H,統一桃園,1000,0,1000,28.4,
2026-06-08,6012,?亞網路,4000,0,4000,28.5,
2026-06-08,616K,中信託高,156,0,156,28.45,
2026-06-08,6380,光和,1000,0,1000,28.55,
2026-06-08,6620,口袋,0,800,-800,,28.5989
2026-06-08,700I,兆豐北高,0,1000,-1000,,28.55
2026-06-08,700c,兆豐民生,4000,0,4000,28.45,
2026-06-08,700r,兆豐寶成,5000,0,5000,28.95,
2026-06-08,8440,摩根大通,2000,1000,1000,28.6,28.5
2026-06-08,8560,新光,1000,0,1000,28.45,
2026-06-08,8563,新光新竹,87,0,87,28.5477,
2026-06-08,8843,玉山高雄,100,0,100,28.6,
2026-06-08,8846,玉山板橋,200,0,200,28.6,
2026-06-08,884M,玉山數位,0,1000,-1000,,28.55
2026-06-08,8882,國泰台中,500,0,500,28.71,
2026-06-08,8888,國泰敦南,3334,0,3334,28.5444,
2026-06-08,888A,國泰館前,0,4,-4,,28.55
2026-06-08,9138,群益中港,2000,0,2000,28.6,
2026-06-08,913D,群益潭子,1188,0,1188,28.5184,
2026-06-08,913R,群益北高,17,0,17,28.35,
2026-06-08,913U,群益崇德,20,0,20,28.6,
2026-06-08,913Y,群益館前,300,0,300,28.35,
2026-06-08,9202,凱基中港,7000,0,7000,28.5214,
2026-06-08,9212,凱基東港,200,0,200,28.6,
2026-06-08,9268,凱基台北,0,31000,-31000,,28.5145
2026-06-08,9283,凱基北門,0,48,-48,,28.55
2026-06-08,9305,華南新莊,15,0,15,28.6,
2026-06-08,961F,富邦公益,2000,2000,0,28.55,28.55
2026-06-08,962D,富邦新莊,1000,0,1000,28.55,
2026-06-08,9658,富邦建國,1000,0,1000,28.45,
2026-06-08,9661,富邦新店,1000,0,1000,28.6,
2026-06-08,9693,富邦新營,4000,0,4000,28.525,
2026-06-08,9800,元大,3000,3000,0,28.55,28.95
2026-06-08,981j,元大士林,50,2000,-1950,28.6,28.6
2026-06-08,983i,元大大雅,0,100,-100,,29.0
2026-06-08,989B,元大中港,0,6156,-6156,,28.5475
2026-06-08,989L,元大成功,50,0,50,28.6,
2026-06-08,989P,元大敦南,0,1000,-1000,,28.45
2026-06-08,989W,元大站前,18,0,18,28.35,
2026-06-08,9A00,永豐金,4000,0,4000,28.5125,
2026-06-08,9A69,永豐屏東,40000,0,40000,28.5225,
2026-06-08,9A9C,永豐員林,3000,0,3000,28.5167,
2026-06-08,9A9D,永豐忠孝,0,1,-1,,29.0
2026-06-08,9A9J,永豐板新,1000,1000,0,28.55,28.95
2026-06-08,9A9L,永豐台中,0,1000,-1000,,28.45
2026-06-08,9A9g,永豐內湖,1000,0,1000,28.45,
2026-06-08,9B15,台新松江,0,1000,-1000,,28.6
2026-06-08,9B1d,台新左楠,0,136,-136,,28.55
2026-06-08,9B1h,台新台中,2000,0,2000,28.55,
2026-06-08,9B2a,台新松德,0,249,-249,,28.759
2026-06-08,9B2i,台新中港,0,20000,-20000,,28.525
2026-06-09,102G,合庫三重,0,2000,-2000,,28.6
2026-06-09,104C,臺銀高雄,0,1,-1,,28.5
2026-06-09,1440,美林,0,9000,-9000,,28.7
2026-06-09,1470,台灣摩根,2000,0,2000,28.4,
2026-06-09,1480,美商高盛,0,2000,-2000,,28.65
2026-06-09,1590,花旗環球,1000,5000,-4000,28.65,28.65
2026-06-09,2180,亞東,0,49,-49,,28.95
2026-06-09,5381,第一員林,35,0,35,28.5,
2026-06-09,616K,中信託高,435,0,435,28.4977,
2026-06-09,700F,兆豐虎尾,2000,0,2000,28.65,
2026-06-09,700g,兆豐南門,0,4000,-4000,,28.625
2026-06-09,8440,摩根大通,0,7000,-7000,,28.5929
2026-06-09,8560,新光,2000,100,1900,28.65,28.2
2026-06-09,8843,玉山高雄,50,0,50,28.75,
2026-06-09,8888,國泰敦南,5,1000,-995,28.8,28.7
2026-06-09,888A,國泰館前,0,4,-4,,28.25
2026-06-09,9138,群益中港,1000,0,1000,28.7,
2026-06-09,918P,群益天母,2000,0,2000,28.475,
2026-06-09,920A,凱基板橋,7000,128,6872,28.6143,28.5
2026-06-09,920F,凱基站前,1000,0,1000,28.65,
2026-06-09,9268,凱基台北,1000,20000,-19000,28.45,28.59
2026-06-09,961F,富邦公益,4000,5000,-1000,28.7,28.63
2026-06-09,9693,富邦新營,2000,0,2000,28.6,
2026-06-09,9800,元大,0,6000,-6000,,28.35
2026-06-09,9801,元大松江,0,8000,-8000,,28.65
2026-06-09,9817,元大東泰,2000,0,2000,28.65,
2026-06-09,981E,元大發財,0,2000,-2000,,28.7
2026-06-09,981e,元大佳里,1000,0,1000,28.6,
2026-06-09,981j,元大士林,0,4000,-4000,,28.6625
2026-06-09,982B,元大博愛,0,5,-5,,28.8
2026-06-09,9837,元大北港,100,0,100,28.2,
2026-06-09,9862,元大南京,0,1000,-1000,,28.6
2026-06-09,9891,元大永和,49,0,49,28.95,
2026-06-09,9893,元大大天,0,337,-337,,28.5
2026-06-09,989B,元大中港,0,3000,-3000,,28.45
2026-06-09,989E,元大草屯,0,1000,-1000,,28.7
2026-06-09,989P,元大敦南,0,1000,-1000,,28.7
2026-06-09,9A00,永豐金,1000,0,1000,28.65,
2026-06-09,9A69,永豐屏東,52000,0,52000,28.6038,
2026-06-09,9A89,永豐敦北,0,100,-100,,28.75
2026-06-09,9A9g,永豐內湖,1000,0,1000,28.65,
2026-06-09,9B2P,台新同大,50,0,50,28.75,
2026-06-09,9B2l,台新大裕,0,1000,-1000,,28.65
2026-06-10,1042,臺銀臺南,0,1000,-1000,,28.65
2026-06-10,1440,美林,0,3000,-3000,,28.65
2026-06-10,1470,台灣摩根,1000,1000,0,28.7,28.7
2026-06-10,1480,美商高盛,2000,1000,1000,28.75,28.7
2026-06-10,1590,花旗環球,1000,0,1000,28.65,
2026-06-10,1650,瑞銀,0,6000,-6000,,28.7
2026-06-10,5261,美好蘆洲,1591,0,1591,28.6686,
2026-06-10,5855,統一台南,3000,0,3000,28.65,
2026-06-10,6012,?亞網路,7000,0,7000,28.6571,
2026-06-10,7005,兆豐中港,3000,0,3000,28.65,
2026-06-10,7007,兆豐竹北,0,2000,-2000,,28.65
2026-06-10,700c,兆豐民生,0,4000,-4000,,28.7
2026-06-10,700g,兆豐南門,0,2000,-2000,,28.65
2026-06-10,8440,摩根大通,0,3000,-3000,,28.5833
2026-06-10,845D,康和板橋,1,0,1,28.6,
2026-06-10,8560,新光,5034,0,5034,28.6801,
2026-06-10,8564,新光台南,0,1000,-1000,,28.7
2026-06-10,8584,聯邦雙和,0,10000,-10000,,28.65
2026-06-10,8843,玉山高雄,50,0,50,28.7,
2026-06-10,884J,玉山大里,45,0,45,28.7,
2026-06-10,8888,國泰敦南,609,0,609,28.6833,
2026-06-10,888A,國泰館前,0,4,-4,,28.65
2026-06-10,9137,群益士林,1000,0,1000,28.65,
2026-06-10,9138,群益中港,0,2000,-2000,,28.7
2026-06-10,913Y,群益館前,6,0,6,28.7,
2026-06-10,918P,群益天母,4000,0,4000,28.7,
2026-06-10,9200,凱基,0,3000,-3000,,28.6
2026-06-10,920F,凱基站前,1000,0,1000,28.65,
2026-06-10,920H,凱基基隆,4000,0,4000,28.75,
2026-06-10,9268,凱基台北,3000,14000,-11000,28.65,28.6536
2026-06-10,9300,華南永昌,0,1000,-1000,,28.8
2026-06-10,961F,富邦公益,3000,4000,-1000,28.75,28.7
2026-06-10,981g,元大大里,0,20000,-20000,,28.7
2026-06-10,981j,元大士林,0,11000,-11000,,28.7409
2026-06-10,982B,元大博愛,0,1000,-1000,,28.7
2026-06-10,9857,元大蘆洲,0,3132,-3132,,28.7
2026-06-10,9891,元大永和,0,4200,-4200,,28.7452
2026-06-10,9893,元大大天,0,1,-1,,28.6
2026-06-10,9898,元大新莊,0,1000,-1000,,28.65
2026-06-10,989P,元大敦南,0,2000,-2000,,28.65
2026-06-10,9A00,永豐金,12000,1000,11000,28.6792,28.65
2026-06-10,9A69,永豐屏東,48000,0,48000,28.6865,
2026-06-10,9A9C,永豐員林,0,999,-999,,28.7
2026-06-10,9A9g,永豐內湖,2000,0,2000,28.625,
2026-06-11,102F,合庫西台,0,1000,-1000,,29.15
2026-06-11,104A,臺銀臺中,1000,1000,0,29.0,28.8
2026-06-11,104C,臺銀高雄,0,370,-370,,29.0
2026-06-11,1116,企銀屏東,8000,0,8000,28.7875,
2026-06-11,1440,美林,2000,0,2000,28.825,
2026-06-11,1470,台灣摩根,6000,0,6000,29.0167,
2026-06-11,1480,美商高盛,1000,0,1000,28.6,
2026-06-11,1560,港商野村,0,1000,-1000,,28.65
2026-06-11,1590,花旗環球,4000,0,4000,29.0375,
2026-06-11,2180,亞東,0,2048,-2048,,28.8523
2026-06-11,538j,第一安和,0,4000,-4000,,28.8875
2026-06-11,585J,統一三重,850,0,850,29.0,
2026-06-11,6012,?亞網路,9000,0,9000,28.6556,
2026-06-11,7007,兆豐竹北,0,5000,-5000,,29.0
2026-06-11,700a,兆豐忠孝,0,1000,-1000,,28.8
2026-06-11,8440,摩根大通,3004,1000,2004,28.9667,28.65
2026-06-11,845D,康和板橋,406,0,406,29.0,
2026-06-11,884C,玉山信義,46,0,46,28.9239,
2026-06-11,8882,國泰台中,48,2000,-1952,28.6,29.075
2026-06-11,8884,國泰台南,107,1000,-893,28.7,28.65
2026-06-11,8888,國泰敦南,24,0,24,28.95,
2026-06-11,888A,國泰館前,0,4,-4,,28.65
2026-06-11,888K,國泰板橋,0,9000,-9000,,28.6
2026-06-11,918P,群益天母,1000,0,1000,28.6,
2026-06-11,9200,凱基,1000,0,1000,28.75,
2026-06-11,9202,凱基中港,0,1000,-1000,,28.7
2026-06-11,920A,凱基板橋,0,7000,-7000,,28.6214
2026-06-11,920F,凱基站前,1000,0,1000,28.6,
2026-06-11,920H,凱基基隆,0,4000,-4000,,28.65
2026-06-11,920M,凱基宜蘭,1000,0,1000,28.6,
2026-06-11,9268,凱基台北,8000,5000,3000,28.8312,28.76
2026-06-11,9300,華南永昌,0,7000,-7000,,29.0071
2026-06-11,9349,華南板橋,0,2875,-2875,,28.7913
2026-06-11,961F,富邦公益,12000,13000,-1000,28.95,28.8462
2026-06-11,9625,富邦竹東,0,1000,-1000,,28.7
2026-06-11,962C,富邦竹科,0,2000,-2000,,28.9
2026-06-11,9693,富邦新營,0,5000,-5000,,28.95
2026-06-11,9800,元大,2083,2000,83,28.648,28.875
2026-06-11,9801,元大松江,0,3000,-3000,,29.0167
2026-06-11,981R,元大竹山,1000,0,1000,29.0,
2026-06-11,983j,元大仁愛,0,4,-4,,29.0
2026-06-11,9857,元大蘆洲,0,18,-18,,28.95
2026-06-11,9868,元大文心,1000,0,1000,28.6,
2026-06-11,9871,元大忠孝,5000,1238,3762,29.0,28.6086
2026-06-11,9872,元大復北,0,3000,-3000,,28.6667
2026-06-11,9893,元大大天,0,1,-1,,29.0
2026-06-11,989E,元大草屯,0,3000,-3000,,28.6
2026-06-11,989P,元大敦南,0,2000,-2000,,29.0
2026-06-11,9A00,永豐金,7000,1000,6000,28.8643,29.15
2026-06-11,9A69,永豐屏東,36000,0,36000,28.675,
2026-06-11,9A9C,永豐員林,0,4000,-4000,,28.7625
2026-06-11,9A9N,永豐桃盛,0,10000,-10000,,28.7
2026-06-11,9A9W,永豐市政,0,5000,-5000,,28.75
2026-06-11,9B2i,台新中港,0,1000,-1000,,28.65
2026-06-11,9B2m,台新成功,0,10,-10,,29.0
2026-06-12,1045,臺銀新竹,0,8000,-8000,,29.6125
2026-06-12,104A,臺銀臺中,1000,1000,0,29.7,29.7
2026-06-12,1440,美林,7000,0,7000,29.6286,
2026-06-12,1470,台灣摩根,1000,0,1000,29.6,
2026-06-12,1560,港商野村,0,2000,-2000,,29.4
2026-06-12,1590,花旗環球,3000,0,3000,29.65,
2026-06-12,5260,美好,0,1000,-1000,,29.6
2026-06-12,538j,第一安和,0,1000,-1000,,29.25
2026-06-12,616K,中信託高,0,10000,-10000,,29.6
2026-06-12,6464,大昌新店,0,10000,-10000,,29.565
2026-06-12,7005,兆豐中港,0,4000,-4000,,29.6
2026-06-12,8458,康和台南,0,1000,-1000,,29.5
2026-06-12,845D,康和板橋,0,77,-77,,29.55
2026-06-12,8560,新光,0,2000,-2000,,29.6
2026-06-12,8562,新光高雄,1000,1000,0,29.4,29.35
2026-06-12,884E,玉山城中,13000,3000,10000,29.3385,29.3
2026-06-12,8882,國泰台中,0,1000,-1000,,29.65
2026-06-12,8888,國泰敦南,2100,2000,100,29.2648,29.55
2026-06-12,888K,國泰板橋,1000,0,1000,29.55,
2026-06-12,9131,群益民權,0,1000,-1000,,29.4
2026-06-12,918C,群益古亭,0,4000,-4000,,29.625
2026-06-12,918L,群益建成,1000,1000,0,29.25,29.55
2026-06-12,918M,群益嘉義,0,10000,-10000,,29.7
2026-06-12,918s,群益丹鳳,0,22,-22,,29.6
2026-06-12,9202,凱基中港,0,7000,-7000,,29.4214
2026-06-12,9208,凱基桃園,0,166,-166,,29.55
2026-06-12,920F,凱基站前,1000,0,1000,29.55,
2026-06-12,920V,凱基新店,0,2000,-2000,,29.6
2026-06-12,9215,凱基高美,50,0,50,29.6,
2026-06-12,9234,凱基竹北,0,35,-35,,29.55
2026-06-12,9268,凱基台北,3000,5000,-2000,29.2833,29.54
2026-06-12,9300,華南永昌,0,10000,-10000,,29.475
2026-06-12,9305,華南新莊,36,0,36,29.6,
2026-06-12,9307,華南大安,92,0,92,29.55,
2026-06-12,961F,富邦公益,11000,12000,-1000,29.5545,29.475
2026-06-12,962C,富邦竹科,0,7000,-7000,,29.5429
2026-06-12,962D,富邦新莊,0,1000,-1000,,29.65
2026-06-12,963A,富邦八德,0,1000,-1000,,29.6
2026-06-12,9676,富邦仁愛,0,1000,-1000,,29.5
2026-06-12,9693,富邦新營,0,3000,-3000,,29.5667
2026-06-12,9800,元大,1000,1000,0,29.7,29.55
2026-06-12,9801,元大松江,0,5000,-5000,,29.49
2026-06-12,981R,元大竹山,1000,0,1000,29.5,
2026-06-12,981g,元大大里,0,9000,-9000,,29.5222
2026-06-12,9859,元大經國,10000,0,10000,29.35,
2026-06-12,9868,元大文心,200,0,200,29.55,
2026-06-12,9872,元大復北,0,1000,-1000,,29.7
2026-06-12,9893,元大大天,0,1000,-1000,,29.6
2026-06-12,9A00,永豐金,3000,1000,2000,29.5667,29.2
2026-06-12,9A69,永豐屏東,60000,0,60000,29.6075,
2026-06-12,9A9B,永豐中和,0,4000,-4000,,29.6
2026-06-12,9A9C,永豐員林,0,1136,-1136,,29.644
2026-06-12,9B1g,台新高雄,122,0,122,29.5,
2026-06-12,9B1h,台新台中,0,10000,-10000,,29.355
2026-06-12,9B20,台新台北,20000,0,20000,29.4975,
2026-06-12,9B2B,台新永和,5000,0,5000,29.55,
2026-06-12,9B2N,台新虎尾,50,0,50,29.6,
2026-06-12,9B2a,台新松德,0,214,-214,,29.5215
2026-06-15,1020,合庫,0,1000,-1000,,29.65
2026-06-15,1030,土銀,0,1000,-1000,,29.75
2026-06-15,1045,臺銀新竹,28,0,28,29.6,
2026-06-15,1440,美林,1000,0,1000,29.6,
2026-06-15,1470,台灣摩根,0,4000,-4000,,29.6125
2026-06-15,1480,美商高盛,0,2000,-2000,,29.65
2026-06-15,1560,港商野村,0,1000,-1000,,29.65
2026-06-15,1590,花旗環球,3000,0,3000,29.6833,
2026-06-15,5260,美好,0,1000,-1000,,29.7
2026-06-15,5263,美好泰山,0,94,-94,,29.6
2026-06-15,585D,統一新台中,0,1160,-1160,,29.6362
2026-06-15,585m,統一竹南,397,0,397,29.5,
2026-06-15,6010,?亞,15000,0,15000,29.6,
2026-06-15,7007,兆豐竹北,0,6000,-6000,,29.6
2026-06-15,700D,兆豐西螺,0,2819,-2819,,29.5709
2026-06-15,700h,兆豐三民,0,100,-100,,29.5
2026-06-15,7033,致和府前,0,3000,-3000,,29.65
2026-06-15,8440,摩根大通,3100,0,3100,29.6516,
2026-06-15,845J,康和高雄,0,1000,-1000,,29.65
2026-06-15,8560,新光,2000,0,2000,29.625,
2026-06-15,8888,國泰敦南,917,0,917,29.5493,
2026-06-15,888A,國泰館前,0,4,-4,,29.5
2026-06-15,913U,群益崇德,20,0,20,29.5,
2026-06-15,918E,群益南京,0,2000,-2000,,29.65
2026-06-15,918s,群益丹鳳,0,28,-28,,29.6
2026-06-15,918z,群益宜蘭,5000,0,5000,29.65,
2026-06-15,9202,凱基中港,0,1000,-1000,,29.7
2026-06-15,9268,凱基台北,7000,15000,-8000,29.6857,29.6533
2026-06-15,9287,凱基內湖,1000,0,1000,29.65,
2026-06-15,9305,華南新莊,1000,0,1000,29.6,
2026-06-15,9608,富邦台東,7000,0,7000,29.5857,
2026-06-15,961F,富邦公益,1000,2000,-1000,29.7,29.75
2026-06-15,961H,富邦新板,0,2000,-2000,,29.7
2026-06-15,961Y,富邦屏東,1000,0,1000,29.6,
2026-06-15,963A,富邦八德,3000,0,3000,29.5833,
2026-06-15,9676,富邦仁愛,0,8000,-8000,,29.65
2026-06-15,9692,富邦嘉義,1000,1000,0,29.65,29.6
2026-06-15,981E,元大發財,10000,0,10000,29.625,
2026-06-15,981h,元大屏生,0,35000,-35000,,29.59
2026-06-15,983B,元大林森,0,150,-150,,29.65
2026-06-15,9871,元大忠孝,10000,107,9893,29.6,29.55
2026-06-15,9872,元大復北,0,1000,-1000,,29.7
2026-06-15,989G,元大大同,1000,0,1000,29.55,
2026-06-15,9A00,永豐金,11000,4000,7000,29.6591,29.55
2026-06-15,9A69,永豐屏東,5000,0,5000,29.55,
2026-06-15,9A9C,永豐員林,0,100,-100,,29.7
2026-06-15,9A9g,永豐內湖,1000,0,1000,29.6,
2026-06-15,9B2B,台新永和,5000,0,5000,29.65,
2026-06-15,9B2a,台新松德,100,0,100,29.5,
2026-06-16,1233,彰銀台中,0,4000,-4000,,29.6
2026-06-16,1440,美林,0,2000,-2000,,29.65
2026-06-16,1470,台灣摩根,4000,0,4000,29.675,
2026-06-16,1480,美商高盛,2000,2000,0,29.6,29.575
2026-06-16,1590,花旗環球,2000,0,2000,29.6,
2026-06-16,5260,美好,0,4000,-4000,,29.625
2026-06-16,585m,統一竹南,0,37,-37,,29.677
2026-06-16,6010,?亞,5000,0,5000,29.57,
2026-06-16,6620,口袋,1000,0,1000,29.55,
2026-06-16,6913,德信新營,0,2000,-2000,,29.7
2026-06-16,700K,兆豐新營,0,1000,-1000,,29.65
2026-06-16,700a,兆豐忠孝,22,0,22,29.5,
2026-06-16,7790,國票綜合,144,0,144,29.4885,
2026-06-16,779u,國票長城,0,1000,-1000,,29.6
2026-06-16,8560,新光,3000,0,3000,29.5833,
2026-06-16,8565,新光桃園,0,1000,-1000,,29.55
2026-06-16,8583,聯邦忠孝,0,136,-136,,29.55
2026-06-16,8847,玉山台南,0,1000,-1000,,29.65
2026-06-16,884A,玉山士林,0,3200,-3200,,29.5406
2026-06-16,8884,國泰台南,19,0,19,29.75,
2026-06-16,8888,國泰敦南,601,0,601,29.4585,
2026-06-16,888A,國泰館前,0,4,-4,,29.45
2026-06-16,9131,群益民權,120,0,120,29.4,
2026-06-16,913U,群益崇德,20,0,20,29.6,
2026-06-16,9208,凱基桃園,0,79,-79,,29.55
2026-06-16,9266,凱基新豐,0,2,-2,,29.6
2026-06-16,9268,凱基台北,2000,6000,-4000,29.625,29.6417
2026-06-16,9289,凱基興隆,0,1000,-1000,,29.55
2026-06-16,9305,華南新莊,35,0,35,29.45,
2026-06-16,9332,華南楠梓,20,0,20,29.55,
2026-06-16,961F,富邦公益,1000,2000,-1000,29.65,29.675
2026-06-16,962C,富邦竹科,0,2000,-2000,,29.55
2026-06-16,962D,富邦新莊,0,1000,-1000,,29.65
2026-06-16,965K,富邦台中,0,100,-100,,29.55
2026-06-16,966F,富邦左營,1000,0,1000,29.6,
2026-06-16,9800,元大,2000,0,2000,29.675,
2026-06-16,9801,元大松江,1000,0,1000,29.65,
2026-06-16,981C,元大路竹,1000,0,1000,29.65,
2026-06-16,981g,元大大里,0,3000,-3000,,29.6
2026-06-16,981i,元大西螺,2000,0,2000,29.575,
2026-06-16,9871,元大忠孝,4000,0,4000,29.55,
2026-06-16,989e,元大中和,0,2000,-2000,,29.65
2026-06-16,9A00,永豐金,17000,13000,4000,29.6088,29.55
2026-06-16,9A69,永豐屏東,10000,0,10000,29.55,
2026-06-16,9A89,永豐敦北,0,870,-870,,29.4396
2026-06-16,9A98,永豐大園,3000,0,3000,29.6,
2026-06-16,9A9g,永豐內湖,1000,0,1000,29.55,
2026-06-16,9B2B,台新永和,5000,0,5000,29.63,
2026-06-16,9B2H,台新信義,0,16000,-16000,,29.5938
2026-06-16,9B2a,台新松德,447,0,447,29.4605,
2026-06-17,104C,臺銀高雄,0,1,-1,,29.55
2026-06-17,1440,美林,1000,0,1000,29.55,
2026-06-17,1470,台灣摩根,1000,1000,0,29.55,29.5
2026-06-17,1480,美商高盛,0,3000,-3000,,29.5333
2026-06-17,6010,?亞,10000,0,10000,29.55,
2026-06-17,6160,中國信託,2000,0,2000,29.55,
2026-06-17,6380,光和,0,1000,-1000,,29.55
2026-06-17,6461,大昌樹林,1000,0,1000,29.55,
2026-06-17,6913,德信新營,0,11000,-11000,,29.5682
2026-06-17,700K,兆豐新營,0,210,-210,,29.45
2026-06-17,7790,國票綜合,37,0,37,29.45,
2026-06-17,8560,新光,1000,0,1000,29.55,
2026-06-17,8882,國泰台中,100,0,100,29.5,
2026-06-17,8888,國泰敦南,321,0,321,29.4782,
2026-06-17,888A,國泰館前,0,4,-4,,29.45
2026-06-17,8900,法銀巴黎,1000,0,1000,29.6,
2026-06-17,9138,群益中港,2000,0,2000,29.6,
2026-06-17,913U,群益崇德,20,0,20,29.55,
2026-06-17,918z,群益宜蘭,0,5000,-5000,,29.55
2026-06-17,920F,凱基站前,2000,0,2000,29.525,
2026-06-17,921S,凱基新莊,0,150,-150,,29.5
2026-06-17,9268,凱基台北,2000,6000,-4000,29.6,29.5583
2026-06-17,9287,凱基內湖,1000,0,1000,29.55,
2026-06-17,961F,富邦公益,1000,2000,-1000,29.6,29.575
2026-06-17,963A,富邦八德,0,19,-19,,29.55
2026-06-17,9666,富邦南屯,1000,0,1000,29.5,
2026-06-17,980Q,元大南崁,150,0,150,29.5,
2026-06-17,980d,元大沙鹿,0,1281,-1281,,29.539
2026-06-17,9813,元大中崙,1000,0,1000,29.5,
2026-06-17,981D,元大南投,0,3000,-3000,,29.55
2026-06-17,981h,元大屏生,0,20000,-20000,,29.5
2026-06-17,981i,元大西螺,0,2000,-2000,,29.55
2026-06-17,9857,元大蘆洲,1000,0,1000,29.6,
2026-06-17,9871,元大忠孝,26000,0,26000,29.5192,
2026-06-17,9889,元大員林,0,1000,-1000,,29.55
2026-06-17,989F,元大高雄,0,2,-2,,29.45
2026-06-17,9A00,永豐金,6000,3040,2960,29.55,29.5651
2026-06-17,9A69,永豐屏東,2000,0,2000,29.5,
2026-06-17,9A9g,永豐內湖,2000,0,2000,29.525,
2026-06-17,9A9r,永豐北高,0,5000,-5000,,29.55
2026-06-17,9B2a,台新松德,79,0,79,29.45,
2026-06-18,1440,美林,3000,0,3000,29.55,
2026-06-18,1470,台灣摩根,1000,1000,0,29.55,29.55
2026-06-18,1480,美商高盛,2000,0,2000,29.65,
2026-06-18,1590,花旗環球,0,3000,-3000,,29.5
2026-06-18,5263,美好泰山,0,50,-50,,29.5
2026-06-18,538A,第一新興,0,50,-50,,29.5
2026-06-18,6010,?亞,15000,0,15000,29.5667,
2026-06-18,6114,中銀員林,4000,0,4000,29.575,
2026-06-18,6160,中國信託,2000,0,2000,29.55,
2026-06-18,616K,中信託高,400,0,400,29.5,
2026-06-18,6461,大昌樹林,0,289,-289,,29.5
2026-06-18,6464,大昌新店,500,0,500,29.55,
2026-06-18,6912,德信中正,0,4000,-4000,,29.55
2026-06-18,6913,德信新營,0,1000,-1000,,29.6
2026-06-18,7006,兆豐台南,6000,0,6000,29.6,
2026-06-18,700V,兆豐新竹,4000,0,4000,29.5,
2026-06-18,7032,致和佳里,5000,0,5000,29.55,
2026-06-18,8440,摩根大通,1000,0,1000,29.6,
2026-06-18,8560,新光,1000,3000,-2000,29.55,29.6
2026-06-18,8561,新光台中,0,3000,-3000,,29.55
2026-06-18,8882,國泰台中,35,200,-165,29.5,29.55
2026-06-18,8888,國泰敦南,229,0,229,29.55,
2026-06-18,888K,國泰板橋,5000,2000,3000,29.5,29.5
2026-06-18,913U,群益崇德,30,0,30,29.5,
2026-06-18,920F,凱基站前,4000,0,4000,29.525,
2026-06-18,9268,凱基台北,0,27000,-27000,,29.5426
2026-06-18,9332,華南楠梓,30,0,30,29.5,
2026-06-18,9377,華南虎尾,0,1000,-1000,,29.55
2026-06-18,961F,富邦公益,5000,6000,-1000,29.61,29.6417
2026-06-18,9634,富邦羅東,97,0,97,29.55,
2026-06-18,9655,富邦板橋,329,0,329,29.5,
2026-06-18,9663,富邦敦南,0,1000,-1000,,29.55
2026-06-18,980u,元大府城,0,7000,-7000,,29.55
2026-06-18,981g,元大大里,0,2000,-2000,,29.55
2026-06-18,981h,元大屏生,0,20000,-20000,,29.4725
2026-06-18,9825,元大新營,0,9000,-9000,,29.6
2026-06-18,982B,元大博愛,0,400,-400,,29.5
2026-06-18,9857,元大蘆洲,1000,0,1000,29.6,
2026-06-18,9862,元大南京,0,2000,-2000,,29.55
2026-06-18,9871,元大忠孝,20000,0,20000,29.5,
2026-06-18,987A,元大楊梅,15,0,15,29.5,
2026-06-18,989d,元大北屯,0,1050,-1050,,29.5476
2026-06-18,9A00,永豐金,13000,6000,7000,29.5654,29.6
2026-06-18,9A69,永豐屏東,12000,0,12000,29.5,
2026-06-18,9A9C,永豐員林,0,1000,-1000,,29.6
2026-06-18,9A9W,永豐市政,0,4000,-4000,,29.5
2026-06-18,9A9g,永豐內湖,2000,0,2000,29.525,
2026-06-18,9A9i,永豐新店,0,2000,-2000,,29.5
2026-06-18,9B2a,台新松德,0,626,-626,,29.55
2026-06-22,1030,土銀,0,4000,-4000,,29.65
2026-06-22,1045,臺銀新竹,0,4000,-4000,,29.95
2026-06-22,1440,美林,1000,1000,0,29.9,29.65
2026-06-22,1470,台灣摩根,8000,0,8000,29.825,
2026-06-22,1650,瑞銀,14000,1000,13000,30.0643,29.65
2026-06-22,5856,統一台中,1000,0,1000,29.65,
2026-06-22,585m,統一竹南,0,360,-360,,29.8
2026-06-22,6010,?亞,5000,0,5000,29.65,
2026-06-22,6012,?亞網路,24000,0,24000,29.7812,
2026-06-22,601d,?亞鑫豐,2000,0,2000,29.75,
2026-06-22,6114,中銀員林,3000,5000,-2000,29.75,29.94
2026-06-22,6160,中國信託,3000,0,3000,29.8667,
2026-06-22,616K,中信託高,0,10550,-10550,,30.0209
2026-06-22,6912,德信中正,0,3000,-3000,,29.8667
2026-06-22,700a,兆豐忠孝,0,1000,-1000,,30.0
2026-06-22,7032,致和佳里,0,5000,-5000,,29.75
2026-06-22,7790,國票綜合,154,0,154,29.9,
2026-06-22,845D,康和板橋,4,0,4,29.6,
2026-06-22,8560,新光,3000,1000,2000,29.7667,30.0
2026-06-22,8882,國泰台中,0,226,-226,,29.9
2026-06-22,8887,國泰忠孝,3000,0,3000,29.9,
2026-06-22,8888,國泰敦南,0,71,-71,,29.9
2026-06-22,918C,群益古亭,12000,0,12000,29.9375,
2026-06-22,9205,凱基三重,0,1000,-1000,,29.8
2026-06-22,9207,凱基永和,0,4000,-4000,,29.825
2026-06-22,9208,凱基桃園,0,1000,-1000,,29.9
2026-06-22,9268,凱基台北,22000,17000,5000,29.9773,29.7765
2026-06-22,9300,華南永昌,0,5000,-5000,,30.0
2026-06-22,9359,華南中正,5000,2000,3000,29.74,29.75
2026-06-22,9608,富邦台東,0,8000,-8000,,29.7812
2026-06-22,961F,富邦公益,5000,6000,-1000,29.94,29.9583
2026-06-22,961Y,富邦屏東,0,3000,-3000,,29.9
2026-06-22,962C,富邦竹科,0,6000,-6000,,29.9
2026-06-22,9647,富邦新竹,0,27000,-27000,,29.8796
2026-06-22,965K,富邦台中,0,2000,-2000,,29.75
2026-06-22,9693,富邦新營,0,4000,-4000,,29.85
2026-06-22,9800,元大,19000,0,19000,29.8211,
2026-06-22,9801,元大松江,0,5000,-5000,,29.95
2026-06-22,980D,元大北府,0,1000,-1000,,30.0
2026-06-22,9816,元大新竹,1000,0,1000,29.7,
2026-06-22,981E,元大發財,0,10000,-10000,,29.775
2026-06-22,981R,元大竹山,1000,0,1000,29.95,
2026-06-22,9825,元大新營,0,7000,-7000,,30.0286
2026-06-22,982B,元大博愛,0,140,-140,,29.9
2026-06-22,984H,元大景美,5000,0,5000,29.89,
2026-06-22,9857,元大蘆洲,10000,0,10000,29.945,
2026-06-22,9862,元大南京,500,0,500,30.4,
2026-06-22,9868,元大文心,0,200,-200,,29.95
2026-06-22,9872,元大復北,0,1000,-1000,,29.9
2026-06-22,988C,元大三重,0,1000,-1000,,29.75
2026-06-22,989V,元大北重,0,3000,-3000,,29.95
2026-06-22,9A00,永豐金,0,5080,-5080,,29.9862
2026-06-22,9A9C,永豐員林,0,1000,-1000,,29.95
2026-06-22,9A9D,永豐忠孝,3000,0,3000,29.9,
2026-06-22,9A9X,永豐竹科,100,0,100,29.9,
2026-06-22,9A9i,永豐新店,0,5000,-5000,,29.85
2026-06-22,9B00,台新證券,1000,0,1000,29.9,
2026-06-22,9B20,台新台北,167,0,167,29.8141,
2026-06-22,9B23,台新三重,0,1,-1,,29.55
2026-06-22,9B27,台新林園,2000,2000,0,29.75,29.85
2026-06-22,9B2B,台新永和,10000,0,10000,29.875,
2026-06-22,9B2N,台新虎尾,50,0,50,30.4,
2026-06-22,9B2a,台新松德,657,0,657,29.8635,
2026-06-22,9B2u,台新世貿,3000,4,2996,29.9,29.6
2026-06-22,9B2w,台新佳里,0,4000,-4000,,30.0
2026-06-23,102F,合庫西台,1000,0,1000,29.75,
2026-06-23,104D,臺銀金山,0,89,-89,,29.75
2026-06-23,1470,台灣摩根,5000,1000,4000,29.99,29.75
2026-06-23,1560,港商野村,2000,0,2000,30.025,
2026-06-23,538B,第一新竹,0,3000,-3000,,30.0
2026-06-23,5600,永興,2000,0,2000,29.875,
2026-06-23,5853,統一中壢,1000,0,1000,30.0,
2026-06-23,5856,統一台中,0,1000,-1000,,30.0
2026-06-23,6010,?亞,5000,0,5000,29.85,
2026-06-23,6114,中銀員林,0,3000,-3000,,29.8
2026-06-23,6160,中國信託,3000,0,3000,29.9,
2026-06-23,6168,中信嘉義,1000,0,1000,30.0,
2026-06-23,616K,中信託高,0,22024,-22024,,29.9148
2026-06-23,6380,光和,0,1000,-1000,,30.05
2026-06-23,7005,兆豐中港,0,5000,-5000,,29.72
2026-06-23,700P,兆豐南京,89000,0,89000,29.8972,
2026-06-23,7790,國票綜合,496,0,496,29.95,
2026-06-23,8440,摩根大通,9014,0,9014,29.8225,
2026-06-23,8560,新光,0,2000,-2000,,29.95
2026-06-23,8563,新光新竹,56,0,56,29.95,
2026-06-23,8846,玉山板橋,0,1000,-1000,,29.75
2026-06-23,8849,玉山景美,1000,0,1000,29.75,
2026-06-23,8888,國泰敦南,21,0,21,30.15,
2026-06-23,9108,群益海山,5000,0,5000,30.05,
2026-06-23,9138,群益中港,0,5000,-5000,,30.0
2026-06-23,913D,群益潭子,89,0,89,29.75,
2026-06-23,9187,群益彰化,0,4000,-4000,,30.05
2026-06-23,918C,群益古亭,2000,0,2000,29.675,
2026-06-23,918c,群益鳳山,0,1000,-1000,,30.0
2026-06-23,922C,凱基屏東,0,15000,-15000,,30.05
2026-06-23,9234,凱基竹北,0,21,-21,,30.15
2026-06-23,9268,凱基台北,16000,9000,7000,29.8938,29.7944
2026-06-23,9300,華南永昌,0,4000,-4000,,29.975
2026-06-23,9331,華南鳳山,0,8000,-8000,,29.75
2026-06-23,9343,華南頭份,0,1000,-1000,,29.75
2026-06-23,9359,華南中正,0,3000,-3000,,30.0
2026-06-23,961F,富邦公益,11000,12000,-1000,30.0136,29.8958
2026-06-23,961K,富邦七賢,2000,0,2000,29.75,
2026-06-23,962C,富邦竹科,0,4000,-4000,,29.875
2026-06-23,9654,富邦永和,0,13000,-13000,,29.7654
2026-06-23,9659,富邦高雄,0,7000,-7000,,29.9
2026-06-23,9676,富邦仁愛,0,1000,-1000,,29.95
2026-06-23,9693,富邦新營,0,9000,-9000,,29.9
2026-06-23,9800,元大,4000,2000,2000,29.8875,30.025
2026-06-23,9801,元大松江,0,3000,-3000,,30.05
2026-06-23,981C,元大路竹,3000,0,3000,29.8,
2026-06-23,981j,元大士林,0,7000,-7000,,29.8357
2026-06-23,9825,元大新營,0,9000,-9000,,30.0
2026-06-23,983j,元大仁愛,0,14,-14,,30.0
2026-06-23,9867,元大民權,14000,0,14000,30.05,
2026-06-23,9872,元大復北,0,1000,-1000,,29.7
2026-06-23,9889,元大員林,0,1000,-1000,,30.05
2026-06-23,9893,元大大天,0,7000,-7000,,29.8929
2026-06-23,989L,元大成功,0,56,-56,,29.95
2026-06-23,9A8F,永豐敦南,0,1000,-1000,,30.0
2026-06-23,9A97,永豐新竹,0,1000,-1000,,30.05
2026-06-23,9A9C,永豐員林,1000,3496,-2496,29.75,29.9357
2026-06-23,9A9d,永豐古亭,0,1000,-1000,,30.0
2026-06-23,9A9i,永豐新店,0,5000,-5000,,30.0
2026-06-23,9A9r,永豐北高,0,6000,-6000,,30.0
2026-06-23,9B2B,台新永和,5000,0,5000,29.9,
2026-06-23,9B2N,台新虎尾,25,0,25,30.95,
2026-06-23,9B2a,台新松德,999,0,999,29.9,
2026-06-23,9B2l,台新大裕,0,1000,-1000,,30.05
2026-06-24,102F,合庫西台,0,1000,-1000,,29.95
2026-06-24,1440,美林,0,1000,-1000,,30.05
2026-06-24,1470,台灣摩根,2000,0,2000,30.075,
2026-06-24,1590,花旗環球,6000,0,6000,30.0083,
2026-06-24,1650,瑞銀,9000,0,9000,30.0722,
2026-06-24,2180,亞東,0,1000,-1000,,30.05
2026-06-24,526K,美好富順,2000,0,2000,30.05,
2026-06-24,5853,統一中壢,0,1000,-1000,,30.0
2026-06-24,6012,?亞網路,0,15000,-15000,,30.0167
2026-06-24,6160,中國信託,3000,0,3000,30.0,
2026-06-24,616K,中信託高,0,4000,-4000,,30.075
2026-06-24,7790,國票綜合,0,48,-48,,29.8
2026-06-24,779u,國票長城,0,1000,-1000,,30.0
2026-06-24,845D,康和板橋,10,0,10,29.8,
2026-06-24,8560,新光,1031,2000,-969,29.994,30.0
2026-06-24,8849,玉山景美,3000,0,3000,29.9667,
2026-06-24,8882,國泰台中,41,0,41,29.85,
2026-06-24,8883,國泰松江,72,0,72,29.8,
2026-06-24,9186,群益新竹,0,7,-7,,30.0
2026-06-24,9187,群益彰化,0,2000,-2000,,29.95
2026-06-24,918C,群益古亭,0,1000,-1000,,29.9
2026-06-24,9205,凱基三重,0,2000,-2000,,30.0
2026-06-24,9268,凱基台北,1000,5000,-4000,29.9,29.97
2026-06-24,9300,華南永昌,0,2000,-2000,,30.075
2026-06-24,9322,華南基隆,0,10,-10,,29.8
2026-06-24,9333,華南長虹,0,1000,-1000,,30.0
2026-06-24,9362,華南苗栗,6000,0,6000,30.05,
2026-06-24,961F,富邦公益,3000,4000,-1000,30.05,30.075
2026-06-24,9800,元大,37000,0,37000,30.0014,
2026-06-24,9801,元大松江,0,1000,-1000,,30.05
2026-06-24,980u,元大府城,0,4000,-4000,,30.0
2026-06-24,982B,元大博愛,0,100,-100,,29.8
2026-06-24,983V,元大竹南,0,3000,-3000,,30.0
2026-06-24,983f,元大竹東,0,1000,-1000,,29.9
2026-06-24,9872,元大復北,0,1000,-1000,,30.05
2026-06-24,989P,元大敦南,2000,0,2000,30.0,
2026-06-24,9A00,永豐金,1016,0,1016,29.9,
2026-06-24,9A97,永豐新竹,0,45,-45,,29.85
2026-06-24,9A9C,永豐員林,0,1000,-1000,,30.05
2026-06-24,9A9J,永豐板新,0,4000,-4000,,30.0
2026-06-24,9A9W,永豐市政,0,5000,-5000,,30.05
2026-06-24,9B13,台新三民,0,9000,-9000,,30.0167
2026-06-24,9B25,台新五權,0,1000,-1000,,30.1
2026-06-24,9B2a,台新松德,40,1000,-960,29.8,29.9
2026-06-24,9B2l,台新大裕,0,2000,-2000,,30.0
2026-06-25,1020,合庫,0,5000,-5000,,30.2
2026-06-25,1042,臺銀臺南,1000,0,1000,30.2,
2026-06-25,1116,企銀屏東,0,7000,-7000,,30.2
2026-06-25,1440,美林,0,2000,-2000,,30.225
2026-06-25,1470,台灣摩根,2000,1000,1000,30.225,30.2
2026-06-25,1590,花旗環球,1000,0,1000,30.2,
2026-06-25,1650,瑞銀,45000,0,45000,30.0933,
2026-06-25,585R,統一東湖,14000,14000,0,30.25,30.25
2026-06-25,601d,?亞鑫豐,0,31000,-31000,,30.2371
2026-06-25,616K,中信託高,0,14000,-14000,,30.1643
2026-06-25,6383,光和和美,0,2000,-2000,,30.2
2026-06-25,6461,大昌樹林,0,1000,-1000,,30.05
2026-06-25,7000,兆豐,0,3000,-3000,,30.05
2026-06-25,700a,兆豐忠孝,0,1000,-1000,,30.2
2026-06-25,703B,致和崇德,0,1000,-1000,,30.25
2026-06-25,7790,國票綜合,732,0,732,30.15,
2026-06-25,779c,國票敦北,10,0,10,30.15,
2026-06-25,845D,康和板橋,328,1,327,30.0,30.15
2026-06-25,8560,新光,0,1000,-1000,,30.2
2026-06-25,8561,新光台中,5,1000,-995,30.15,30.25
2026-06-25,8888,國泰敦南,21,294,-273,30.15,30.15
2026-06-25,920H,凱基基隆,1000,0,1000,30.2,
2026-06-25,9223,凱基豐中,1000,1000,0,30.25,30.2
2026-06-25,922C,凱基屏東,0,15000,-15000,,30.1833
2026-06-25,9256,凱基南崁,0,2000,-2000,,30.25
2026-06-25,9268,凱基台北,4000,5000,-1000,30.175,30.13
2026-06-25,9300,華南永昌,0,16000,-16000,,30.1844
2026-06-25,9303,華南高雄,10,0,10,29.85,
2026-06-25,9322,華南基隆,0,400,-400,,30.15
2026-06-25,961F,富邦公益,5000,7000,-2000,30.23,30.1357
2026-06-25,961H,富邦新板,0,12000,-12000,,30.1
2026-06-25,962C,富邦竹科,0,1000,-1000,,30.15
2026-06-25,9666,富邦南屯,0,5000,-5000,,30.15
2026-06-25,9693,富邦新營,0,5000,-5000,,30.21
2026-06-25,9800,元大,102000,0,102000,30.2049,
2026-06-25,9801,元大松江,0,6000,-6000,,30.15
2026-06-25,980D,元大北府,0,328,-328,,30.0
2026-06-25,981E,元大發財,5000,5000,0,30.15,30.2
2026-06-25,981h,元大屏生,0,10000,-10000,,30.16
2026-06-25,981r,元大屏南,0,719,-719,,30.1
2026-06-25,9825,元大新營,0,5000,-5000,,30.1
2026-06-25,9872,元大復北,0,2000,-2000,,30.05
2026-06-25,989P,元大敦南,18000,0,18000,30.1722,
2026-06-25,989d,元大北屯,2000,0,2000,30.05,
2026-06-25,989e,元大中和,0,5000,-5000,,30.1
2026-06-25,9A00,永豐金,3007,0,3007,30.0502,
2026-06-25,9A9C,永豐員林,40,2000,-1960,29.85,30.15
2026-06-25,9A9d,永豐古亭,0,1000,-1000,,30.15
2026-06-25,9A9r,永豐北高,104,0,104,30.15,
2026-06-25,9B11,台新新營,0,200,-200,,30.15
2026-06-25,9B13,台新三民,0,12000,-12000,,30.1125
2026-06-25,9B20,台新台北,0,3000,-3000,,30.2
2026-06-25,9B2N,台新虎尾,25,50,-25,30.15,29.85
2026-06-25,9B2a,台新松德,719,9,710,30.1,30.15
2026-06-26,1024,合庫嘉義,1000,0,1000,30.05,
2026-06-26,102G,合庫三重,2000,0,2000,30.2,
2026-06-26,1040,臺銀,0,16,-16,,29.9
2026-06-26,1440,美林,0,4000,-4000,,30.15
2026-06-26,1470,台灣摩根,0,8000,-8000,,30.1
2026-06-26,1590,花旗環球,0,3000,-3000,,30.1833
2026-06-26,1650,瑞銀,12000,0,12000,30.2167,
2026-06-26,2180,亞東,0,2017,-2017,,30.1046
2026-06-26,585Q,統一三多,1000,0,1000,30.1,
2026-06-26,601d,?亞鑫豐,0,14000,-14000,,30.2143
2026-06-26,616K,中信託高,0,2050,-2050,,30.2488
2026-06-26,6380,光和,0,1000,-1000,,30.1
2026-06-26,7003,兆豐台中,0,100,-100,,30.1
2026-06-26,700P,兆豐南京,61000,0,61000,30.1787,
2026-06-26,700V,兆豐新竹,45,0,45,29.95,
2026-06-26,7790,國票綜合,0,210,-210,,30.1002
2026-06-26,8440,摩根大通,2000,2000,0,30.2,30.2
2026-06-26,845J,康和高雄,1000,0,1000,30.15,
2026-06-26,8560,新光,0,4000,-4000,,30.125
2026-06-26,8561,新光台中,0,5,-5,,30.2
2026-06-26,8849,玉山景美,2000,0,2000,30.1,
2026-06-26,884J,玉山大里,50,0,50,30.2,
2026-06-26,8887,國泰忠孝,0,3000,-3000,,30.1
2026-06-26,8888,國泰敦南,190,0,190,30.0187,
2026-06-26,9200,凱基,0,1000,-1000,,30.2
2026-06-26,9208,凱基桃園,0,2000,-2000,,30.175
2026-06-26,920H,凱基基隆,0,1000,-1000,,30.2
2026-06-26,922C,凱基屏東,0,28000,-28000,,30.1571
2026-06-26,9268,凱基台北,12000,12000,0,30.2333,30.1333
2026-06-26,9285,凱基中壢,0,20000,-20000,,30.1
2026-06-26,9287,凱基內湖,0,2000,-2000,,30.2
2026-06-26,9300,華南永昌,0,3000,-3000,,30.2167
2026-06-26,961F,富邦公益,5000,5000,0,30.17,30.24
2026-06-26,962C,富邦竹科,0,3000,-3000,,30.15
2026-06-26,963A,富邦八德,0,3000,-3000,,30.1667
2026-06-26,9647,富邦新竹,0,1000,-1000,,30.15
2026-06-26,9692,富邦嘉義,1250,0,1250,30.06,
2026-06-26,9693,富邦新營,0,4000,-4000,,30.2
2026-06-26,9800,元大,78000,83,77917,30.1173,29.9
2026-06-26,981e,元大佳里,0,6000,-6000,,30.2
2026-06-26,981g,元大大里,0,6000,-6000,,30.05
2026-06-26,982B,元大博愛,0,1100,-1100,,30.1909
2026-06-26,983W,元大德芳,0,1050,-1050,,30.1
2026-06-26,984H,元大景美,0,5000,-5000,,30.1
2026-06-26,9871,元大忠孝,5000,0,5000,30.15,
2026-06-26,9872,元大復北,0,3000,-3000,,30.1333
2026-06-26,9894,元大桃興,0,1000,-1000,,30.1
2026-06-26,989B,元大中港,0,1000,-1000,,30.2
2026-06-26,989J,元大彰生,0,1000,-1000,,30.2
2026-06-26,989U,元大大甲,300,0,300,30.1167,
2026-06-26,9A00,永豐金,0,2000,-2000,,30.225
2026-06-26,9A97,永豐新竹,0,10000,-10000,,30.205
2026-06-26,9A9C,永豐員林,0,4000,-4000,,30.1
2026-06-26,9B16,台新台南,0,2000,-2000,,30.2
2026-06-26,9B20,台新台北,0,11000,-11000,,30.1682
2026-06-26,9B2N,台新虎尾,0,100,-100,,29.95
2026-06-26,9B2a,台新松德,0,1099,-1099,,30.1955
2026-06-26,9B2m,台新成功,0,5,-5,,30.65
2026-06-29,102F,合庫西台,0,1000,-1000,,30.1
2026-06-29,104A,臺銀臺中,2000,2000,0,30.2,30.125
2026-06-29,1440,美林,3000,0,3000,30.1,
2026-06-29,1470,台灣摩根,0,8000,-8000,,30.15
2026-06-29,1480,美商高盛,1000,0,1000,30.15,
2026-06-29,1590,花旗環球,0,7000,-7000,,30.1214
2026-06-29,1650,瑞銀,0,1000,-1000,,30.15
2026-06-29,2180,亞東,0,1,-1,,30.05
2026-06-29,5859,統一屏東,0,7000,-7000,,30.15
2026-06-29,585Q,統一三多,0,1000,-1000,,30.0
2026-06-29,6010,?亞,5000,0,5000,30.08,
2026-06-29,6012,?亞網路,5000,0,5000,30.0,
2026-06-29,700V,兆豐新竹,0,22,-22,,30.15
2026-06-29,700a,兆豐忠孝,0,250,-250,,30.05
2026-06-29,7790,國票綜合,87,0,87,30.05,
2026-06-29,8440,摩根大通,11000,1000,10000,30.1091,30.0
2026-06-29,845J,康和高雄,0,1000,-1000,,30.0
2026-06-29,8560,新光,0,2000,-2000,,30.1
2026-06-29,8846,玉山板橋,0,1000,-1000,,30.05
2026-06-29,8849,玉山景美,2000,0,2000,30.05,
2026-06-29,884M,玉山數位,5,0,5,30.1,
2026-06-29,8888,國泰敦南,22,0,22,30.15,
2026-06-29,913D,群益潭子,259,0,259,30.1,
2026-06-29,9187,群益彰化,0,16000,-16000,,30.05
2026-06-29,918C,群益古亭,0,14000,-14000,,30.2
2026-06-29,9208,凱基桃園,0,3000,-3000,,30.15
2026-06-29,9256,凱基南崁,29,0,29,29.85,
2026-06-29,9268,凱基台北,61000,1000,60000,30.1434,30.1
2026-06-29,9283,凱基北門,20,0,20,30.05,
2026-06-29,9300,華南永昌,0,2000,-2000,,30.2
2026-06-29,9302,華南台中,0,2000,-2000,,30.1
2026-06-29,961F,富邦公益,3000,4000,-1000,30.1667,30.1625
2026-06-29,9661,富邦新店,0,16000,-16000,,30.1
2026-06-29,9663,富邦敦南,0,1000,-1000,,30.1
2026-06-29,9692,富邦嘉義,100,0,100,30.05,
2026-06-29,9800,元大,45000,3000,42000,30.0478,30.15
2026-06-29,9801,元大松江,0,3028,-3028,,30.1803
2026-06-29,980h,元大台北,0,1,-1,,30.1
2026-06-29,980u,元大府城,0,2000,-2000,,30.05
2026-06-29,981y,元大善化,0,1000,-1000,,29.8
2026-06-29,9858,元大龍潭,60,0,60,30.05,
2026-06-29,989S,元大鹿港,0,12000,-12000,,29.8292
2026-06-29,9A00,永豐金,1000,0,1000,29.8,
2026-06-29,9A89,永豐敦北,0,30,-30,,30.0567
2026-06-29,9A97,永豐新竹,0,4000,-4000,,30.175
2026-06-29,9A9C,永豐員林,0,1000,-1000,,30.2
2026-06-29,9A9D,永豐忠孝,0,2000,-2000,,30.175
2026-06-29,9A9J,永豐板新,1000,1000,0,29.85,30.15
2026-06-29,9A9M,永豐南投,0,259,-259,,30.1
2026-06-29,9A9r,永豐北高,0,9000,-9000,,30.05
2026-06-29,9B1h,台新台中,0,1,-1,,29.85
2026-06-29,9B20,台新台北,0,4000,-4000,,30.1625
2026-06-29,9B2a,台新松德,10,0,10,30.05,
2026-06-29,9B2l,台新大裕,0,1000,-1000,,30.1
2026-06-29,9B2o,台新新興,0,6000,-6000,,30.2
2026-06-30,1020,合庫,0,2000,-2000,,30.2
2026-06-30,102F,合庫西台,4000,0,4000,30.15,
2026-06-30,104A,臺銀臺中,11000,14000,-3000,30.15,30.1643
2026-06-30,1116,企銀屏東,9000,2000,7000,30.15,30.15
2026-06-30,1233,彰銀台中,0,2000,-2000,,30.2
2026-06-30,1440,美林,3000,0,3000,30.1833,
2026-06-30,1470,台灣摩根,1000,8000,-7000,30.05,30.2
2026-06-30,1590,花旗環球,6000,0,6000,30.2083,
2026-06-30,1650,瑞銀,0,7000,-7000,,30.15
2026-06-30,5383,第一高雄,10000,0,10000,30.175,
2026-06-30,5854,統一城中,0,25,-25,,30.5
2026-06-30,601d,?亞鑫豐,3000,0,3000,30.2,
2026-06-30,616K,中信託高,22000,0,22000,30.2,
2026-06-30,7003,兆豐台中,4000,0,4000,30.15,
2026-06-30,700a,兆豐忠孝,0,19,-19,,30.4
2026-06-30,700c,兆豐民生,0,5000,-5000,,30.15
2026-06-30,8561,新光台中,0,14000,-14000,,30.1286
2026-06-30,8846,玉山板橋,0,1000,-1000,,30.05
2026-06-30,8849,玉山景美,2000,0,2000,30.2,
2026-06-30,8888,國泰敦南,188,0,188,30.1335,
2026-06-30,888A,國泰館前,0,4,-4,,30.1
2026-06-30,9187,群益彰化,2000,0,2000,30.15,
2026-06-30,918E,群益南京,0,2000,-2000,,30.2
2026-06-30,9208,凱基桃園,0,1270,-1270,,30.1787
2026-06-30,9268,凱基台北,8000,0,8000,30.15,
2026-06-30,9300,華南永昌,0,2000,-2000,,30.225
2026-06-30,961F,富邦公益,0,5000,-5000,,30.2
2026-06-30,962C,富邦竹科,0,1000,-1000,,30.2
2026-06-30,9647,富邦新竹,0,10000,-10000,,30.17
2026-06-30,9692,富邦嘉義,100,0,100,30.2,
2026-06-30,9800,元大,25000,0,25000,30.148,
2026-06-30,9801,元大松江,0,1000,-1000,,30.2
2026-06-30,981C,元大路竹,4000,0,4000,30.2,
2026-06-30,981Q,元大太平,0,1000,-1000,,30.2
2026-06-30,981S,元大崇德,0,3000,-3000,,30.15
2026-06-30,981h,元大屏生,0,20000,-20000,,30.17
2026-06-30,982B,元大博愛,0,100,-100,,30.2
2026-06-30,9834,元大中壢,0,1000,-1000,,30.15
2026-06-30,9852,元大永春,0,3000,-3000,,30.2
2026-06-30,9868,元大文心,500,0,500,30.1,
2026-06-30,9889,元大員林,0,5000,-5000,,30.2
2026-06-30,989I,元大蘆中,0,2,-2,,30.4
2026-06-30,989V,元大北重,0,173,-173,,30.1
2026-06-30,9A97,永豐新竹,0,1000,-1000,,30.2
2026-06-30,9A9A,永豐羅東,0,220,-220,,30.1
2026-06-30,9B00,台新證券,0,1000,-1000,,30.15
2026-06-30,9B16,台新台南,2000,0,2000,30.2,
2026-06-30,9B25,台新五權,0,1000,-1000,,30.05
2026-06-30,9B27,台新林園,2000,2000,0,30.2,30.2
2026-06-30,9B2M,台新彰化,0,3000,-3000,,30.2
2026-06-30,9B2N,台新虎尾,25,0,25,30.5,
2026-07-01,102F,合庫西台,5000,1000,4000,30.3,30.2
2026-07-01,104A,臺銀臺中,9000,10000,-1000,30.25,30.25
2026-07-01,1116,企銀屏東,20000,0,20000,30.2,
2026-07-01,111F,企銀北高,0,30,-30,,30.15
2026-07-01,1440,美林,1000,0,1000,30.25,
2026-07-01,1470,台灣摩根,1000,6000,-5000,30.2,30.2
2026-07-01,1590,花旗環球,7000,0,7000,30.2286,
2026-07-01,1650,瑞銀,5000,0,5000,30.17,
2026-07-01,5383,第一高雄,16000,0,16000,30.2,
2026-07-01,585Y,統一土城,0,3149,-3149,,30.1976
2026-07-01,601d,?亞鑫豐,8000,0,8000,30.2,
2026-07-01,616K,中信託高,6000,0,6000,30.2,
2026-07-01,7003,兆豐台中,5000,0,5000,30.3,
2026-07-01,700c,兆豐民生,0,227,-227,,30.25
2026-07-01,7790,國票綜合,402,0,402,30.15,
2026-07-01,845D,康和板橋,200,0,200,30.15,
2026-07-01,8560,新光,0,3000,-3000,,30.2
2026-07-01,8561,新光台中,0,17000,-17000,,30.2529
2026-07-01,8849,玉山景美,2000,0,2000,30.2,
2026-07-01,8881,國泰高雄,0,99,-99,,30.25
2026-07-01,8882,國泰台中,11,0,11,30.25,
2026-07-01,8888,國泰敦南,106,134,-28,30.15,30.25
2026-07-01,9187,群益彰化,0,5000,-5000,,30.2
2026-07-01,918C,群益古亭,0,101,-101,,30.25
2026-07-01,9217,凱基松山,0,1000,-1000,,30.2
2026-07-01,9268,凱基台北,1000,1000,0,30.2,30.25
2026-07-01,9300,華南永昌,0,2000,-2000,,30.225
2026-07-01,9362,華南苗栗,0,6000,-6000,,30.2
2026-07-01,961F,富邦公益,0,5000,-5000,,30.25
2026-07-01,961H,富邦新板,1,0,1,30.25,
2026-07-01,9647,富邦新竹,0,10000,-10000,,30.215
2026-07-01,9692,富邦嘉義,550,0,550,30.25,
2026-07-01,9693,富邦新營,0,1000,-1000,,30.2
2026-07-01,9800,元大,20000,0,20000,30.2075,
2026-07-01,9801,元大松江,1000,0,1000,30.25,
2026-07-01,980C,元大斗六,0,94,-94,,30.15
2026-07-01,9858,元大龍潭,98,0,98,30.15,
2026-07-01,989I,元大蘆中,0,500,-500,,30.15
2026-07-01,9A00,永豐金,0,3000,-3000,,30.15
2026-07-01,9A9D,永豐忠孝,0,1000,-1000,,30.2
2026-07-01,9A9J,永豐板新,1000,1000,0,30.25,30.25
2026-07-01,9B20,台新台北,0,2000,-2000,,30.2
2026-07-01,9B2a,台新松德,0,1,-1,,30.25
2026-07-01,9B2l,台新大裕,0,33,-33,,30.15
2026-07-01,9B2o,台新新興,0,30000,-30000,,30.2
2026-07-02,102F,合庫西台,6000,0,6000,30.175,
2026-07-02,104A,臺銀臺中,18000,18000,0,30.2694,30.1917
2026-07-02,1116,企銀屏東,5000,0,5000,30.2,
2026-07-02,1440,美林,1000,0,1000,30.3,
2026-07-02,1470,台灣摩根,3250,2000,1250,30.2423,30.15
2026-07-02,1480,美商高盛,0,5000,-5000,,30.17
2026-07-02,1590,花旗環球,1000,3000,-2000,30.25,30.3
2026-07-02,1650,瑞銀,0,1000,-1000,,30.15
2026-07-02,5383,第一高雄,8000,0,8000,30.2188,
2026-07-02,585D,統一新台中,350,0,350,30.2,
2026-07-02,6010,?亞,5000,0,5000,30.1,
2026-07-02,6012,?亞網路,5000,0,5000,30.1,
2026-07-02,616K,中信託高,6000,244,5756,30.1,30.95
2026-07-02,6210,新百王,0,10000,-10000,,30.2
2026-07-02,6460,大昌,0,15000,-15000,,30.2
2026-07-02,6620,口袋,0,4000,-4000,,30.15
2026-07-02,7003,兆豐台中,6000,0,6000,30.1917,
2026-07-02,8440,摩根大通,1000,2000,-1000,30.3,30.05
2026-07-02,845D,康和板橋,0,495,-495,,30.4
2026-07-02,845J,康和高雄,2000,0,2000,30.15,
2026-07-02,8560,新光,41,0,41,30.3,
2026-07-02,8561,新光台中,0,24000,-24000,,30.2333
2026-07-02,884A,玉山士林,0,3000,-3000,,30.1
2026-07-02,8882,國泰台中,0,1000,-1000,,30.3
2026-07-02,9187,群益彰化,2000,2000,0,30.2,30.3
2026-07-02,9215,凱基高美,0,41,-41,,30.3
2026-07-02,9268,凱基台北,12000,7000,5000,30.25,30.1429
2026-07-02,9300,華南永昌,0,2000,-2000,,30.325
2026-07-02,9303,華南高雄,500,0,500,30.4,
2026-07-02,9608,富邦台東,8000,0,8000,30.15,
2026-07-02,961F,富邦公益,0,5000,-5000,,30.31
2026-07-02,962D,富邦新莊,0,500,-500,,30.209
2026-07-02,9647,富邦新竹,0,15000,-15000,,30.15
2026-07-02,9693,富邦新營,0,2000,-2000,,30.35
2026-07-02,9800,元大,8000,0,8000,30.1562,
2026-07-02,981G,元大彰化,1000,0,1000,30.15,
2026-07-02,981g,元大大里,1000,0,1000,30.3,
2026-07-02,9837,元大北港,7000,0,7000,30.2,
2026-07-02,9867,元大民權,0,14000,-14000,,30.25
2026-07-02,9872,元大復北,0,1000,-1000,,30.2
2026-07-02,989F,元大高雄,0,5,-5,,30.4
2026-07-02,989N,元大內湖,1000,0,1000,30.2,
2026-07-02,989d,元大北屯,0,2000,-2000,,30.3
2026-07-02,9A00,永豐金,4000,0,4000,30.15,
2026-07-02,9A91,永豐松山,0,1000,-1000,,30.3
2026-07-02,9A9J,永豐板新,1000,1000,0,30.05,30.25
2026-07-02,9A9g,永豐內湖,144,0,144,30.2,
2026-07-02,9B20,台新台北,0,2000,-2000,,30.25
2026-07-02,9B2G,台新新竹,30000,0,30000,30.2667,
2026-07-03,1020,合庫,0,2000,-2000,,31.0
2026-07-03,102F,合庫西台,6000,1000,5000,30.5333,31.1
2026-07-03,104A,臺銀臺中,12000,12000,0,31.0417,30.325
2026-07-03,104C,臺銀高雄,0,1000,-1000,,31.05
2026-07-03,104D,臺銀金山,2000,0,2000,30.85,
2026-07-03,1440,美林,2000,0,2000,30.9,
2026-07-03,1470,台灣摩根,5000,250,4750,30.85,30.8
2026-07-03,1480,美商高盛,4100,0,4100,30.7439,
2026-07-03,1560,港商野村,10000,0,10000,30.67,
2026-07-03,1590,花旗環球,2000,0,2000,31.1,
2026-07-03,1650,瑞銀,0,12000,-12000,,31.0708
2026-07-03,526M,美好市政,0,1000,-1000,,31.1
2026-07-03,5384,第一台南,0,16,-16,,30.8
2026-07-03,585D,統一新台中,1000,0,1000,31.0,
2026-07-03,585H,統一桃園,30,0,30,31.0,
2026-07-03,585Y,統一土城,0,1,-1,,31.2
2026-07-03,6012,?亞網路,0,2,-2,,31.8
2026-07-03,6460,大昌,0,10000,-10000,,31.125
2026-07-03,7003,兆豐台中,6000,0,6000,30.7583,
2026-07-03,700V,兆豐新竹,0,23,-23,,31.8
2026-07-03,700h,兆豐三民,0,98,-98,,31.1
2026-07-03,700i,兆豐松德,11000,0,11000,30.6273,
2026-07-03,7790,國票綜合,883,0,883,30.8411,
2026-07-03,779H,國票嘉義,0,1000,-1000,,31.1
2026-07-03,8440,摩根大通,2000,1000,1000,30.675,30.3
2026-07-03,845D,康和板橋,0,75,-75,,31.0773
2026-07-03,845J,康和高雄,2000,0,2000,30.65,
2026-07-03,8560,新光,0,5000,-5000,,30.9
2026-07-03,8561,新光台中,7,16000,-15993,31.1,30.325
2026-07-03,8843,玉山高雄,0,200,-200,,30.45
2026-07-03,8849,玉山景美,1000,0,1000,31.1,
2026-07-03,884D,玉山左營,0,1000,-1000,,30.7
2026-07-03,884M,玉山數位,0,1000,-1000,,31.05
2026-07-03,8882,國泰台中,0,2000,-2000,,31.0
2026-07-03,8888,國泰敦南,31,3751,-3720,31.0032,30.8455
2026-07-03,888K,國泰板橋,0,2000,-2000,,31.1
2026-07-03,9138,群益中港,0,2000,-2000,,30.8
2026-07-03,913g,群益三重,1000,0,1000,31.1,
2026-07-03,9186,群益新竹,0,43,-43,,31.0
2026-07-03,9187,群益彰化,0,23000,-23000,,30.8152
2026-07-03,9188,群益三民,0,1000,-1000,,31.05
2026-07-03,918E,群益南京,0,3000,-3000,,31.0
2026-07-03,918M,群益嘉義,0,10000,-10000,,30.7
2026-07-03,9205,凱基三重,128000,0,128000,30.8441,
2026-07-03,9208,凱基桃園,0,2100,-2100,,30.9952
2026-07-03,920V,凱基新店,0,1000,-1000,,31.05
2026-07-03,9216,凱基信義,5000,0,5000,30.8,
2026-07-03,921E,凱基三峽,0,231,-231,,31.2
2026-07-03,9268,凱基台北,9000,4000,5000,30.7889,30.8875
2026-07-03,9300,華南永昌,0,23000,-23000,,30.8391
2026-07-03,9302,華南台中,0,1000,-1000,,31.0
2026-07-03,961C,富邦南京,0,1000,-1000,,30.5
2026-07-03,961F,富邦公益,0,8000,-8000,,30.4625
2026-07-03,961H,富邦新板,0,100,-100,,31.2
2026-07-03,962C,富邦竹科,0,7000,-7000,,30.8571
2026-07-03,9647,富邦新竹,0,14000,-14000,,31.1143
2026-07-03,9654,富邦永和,0,1000,-1000,,30.7
2026-07-03,965K,富邦台中,0,1000,-1000,,31.1
2026-07-03,965U,富邦彰化,0,5000,-5000,,30.6
2026-07-03,9692,富邦嘉義,70,1000,-930,31.1,30.65
2026-07-03,9693,富邦新營,1000,4000,-3000,30.75,31.05
2026-07-03,969C,富邦北港,0,100,-100,,30.5
2026-07-03,9800,元大,100,0,100,31.2,
2026-07-03,9801,元大松江,2000,1000,1000,30.875,31.1
2026-07-03,980l,元大虎尾,0,2000,-2000,,30.9
2026-07-03,981Q,元大太平,1000,0,1000,30.7,
2026-07-03,981g,元大大里,1000,1000,0,30.55,31.1
2026-07-03,981j,元大士林,0,2000,-2000,,31.15
2026-07-03,982B,元大博愛,0,140,-140,,30.9286
2026-07-03,9833,元大敦化,100,0,100,30.8,
2026-07-03,9837,元大北港,0,2000,-2000,,31.1
2026-07-03,983K,元大學甲,0,1000,-1000,,31.15
2026-07-03,984C,元大新中,0,100,-100,,31.0
2026-07-03,9852,元大永春,0,2000,-2000,,31.0
2026-07-03,9862,元大南京,0,300,-300,,30.8
2026-07-03,9889,元大員林,0,400,-400,,31.2
2026-07-03,989V,元大北重,0,171,-171,,31.2
2026-07-03,9A89,永豐敦北,0,1,-1,,31.0
2026-07-03,9A97,永豐新竹,0,2000,-2000,,30.325
2026-07-03,9A9C,永豐員林,0,1000,-1000,,31.0
2026-07-03,9A9g,永豐內湖,0,144,-144,,30.85
2026-07-03,9A9i,永豐新店,0,5000,-5000,,31.05
2026-07-03,9A9r,永豐北高,11000,50,10950,31.15,31.0
2026-07-03,9B00,台新證券,999,0,999,31.2,
2026-07-03,9B16,台新台南,0,2000,-2000,,31.05
2026-07-03,9B1g,台新高雄,4000,0,4000,31.075,
2026-07-03,9B2B,台新永和,10000,0,10000,31.1,
2026-07-03,9B2G,台新新竹,0,30000,-30000,,31.0433
2026-07-03,9B2M,台新彰化,0,2000,-2000,,31.0
2026-07-03,9B2N,台新虎尾,25,0,25,31.8,
2026-07-03,9B2a,台新松德,966,0,966,30.7759,
2026-07-03,9B2m,台新成功,0,15,-15,,30.9333
2026-07-03,9B2q,台新屏新,0,3000,-3000,,31.0
2026-07-06,1020,合庫,0,1000,-1000,,31.55
2026-07-06,102F,合庫西台,6000,1000,5000,31.7,31.65
2026-07-06,103A,土銀建國,1000,0,1000,31.8,
2026-07-06,104A,臺銀臺中,5000,8000,-3000,31.66,31.5625
2026-07-06,104C,臺銀高雄,2000,0,2000,31.5,
2026-07-06,126U,宏遠館前,0,150,-150,,31.6
2026-07-06,1440,美林,8000,0,8000,31.6562,
2026-07-06,1470,台灣摩根,8000,5000,3000,31.6562,31.59
2026-07-06,1480,美商高盛,20000,0,20000,31.615,
2026-07-06,1560,港商野村,11000,0,11000,31.7091,
2026-07-06,1650,瑞銀,6000,0,6000,31.7083,
2026-07-06,538E,第一自由,272,0,272,31.6816,
2026-07-06,5850,統一,1000,0,1000,31.75,
2026-07-06,5853,統一中壢,0,1005,-1005,,31.5502
2026-07-06,5854,統一城中,0,25,-25,,31.6
2026-07-06,585F,統一彰化,120,0,120,31.575,
2026-07-06,585H,統一桃園,16,0,16,31.5,
2026-07-06,6012,?亞網路,0,423,-423,,31.7297
2026-07-06,616K,中信託高,0,22000,-22000,,31.6568
2026-07-06,6450,永全,0,1000,-1000,,31.75
2026-07-06,7001,兆豐嘉義,1000,0,1000,31.4,
2026-07-06,7003,兆豐台中,8000,0,8000,31.5,
2026-07-06,7790,國票綜合,610,0,610,31.6381,
2026-07-06,7792,國票北投,0,1000,-1000,,31.7
2026-07-06,779J,國票北高,1000,0,1000,31.7,
2026-07-06,8440,摩根大通,7000,1000,6000,31.4929,31.7
2026-07-06,8458,康和台南,0,1000,-1000,,31.6
2026-07-06,845D,康和板橋,55,75,-20,31.5727,31.65
2026-07-06,845J,康和高雄,2000,0,2000,31.625,
2026-07-06,8560,新光,0,4000,-4000,,31.7
2026-07-06,8561,新光台中,0,16000,-16000,,31.3594
2026-07-06,8849,玉山景美,1000,0,1000,31.65,
2026-07-06,884B,玉山台中,118,0,118,31.6,
2026-07-06,8882,國泰台中,2000,7000,-5000,31.4,31.6071
2026-07-06,8888,國泰敦南,100,3254,-3154,31.6,31.65
2026-07-06,888A,國泰館前,5000,0,5000,31.74,
2026-07-06,9108,群益海山,0,2000,-2000,,31.6
2026-07-06,913I,群益萬華,1000,0,1000,31.55,
2026-07-06,913g,群益三重,0,1000,-1000,,31.4
2026-07-06,9187,群益彰化,0,7000,-7000,,31.7643
2026-07-06,9188,群益三民,0,4000,-4000,,31.6125
2026-07-06,918C,群益古亭,9000,0,9000,31.6667,
2026-07-06,918z,群益宜蘭,4000,0,4000,31.575,
2026-07-06,9200,凱基,1000,1000,0,31.6,31.7
2026-07-06,9202,凱基中港,8000,0,8000,31.4,
2026-07-06,9205,凱基三重,4000,0,4000,31.7,
2026-07-06,9207,凱基永和,3000,0,3000,31.7,
2026-07-06,9208,凱基桃園,1000,1120,-120,31.4,31.7741
2026-07-06,920C,凱基雙和,1000,0,1000,31.75,
2026-07-06,9234,凱基竹北,0,15,-15,,31.5
2026-07-06,9268,凱基台北,14000,0,14000,31.5714,
2026-07-06,9285,凱基中壢,0,1000,-1000,,31.6
2026-07-06,9300,華南永昌,0,15000,-15000,,31.63
2026-07-06,9305,華南新莊,4,0,4,31.75,
2026-07-06,9331,華南鳳山,100,0,100,31.65,
2026-07-06,9333,華南長虹,2000,0,2000,31.625,
2026-07-06,9608,富邦台東,5000,0,5000,31.6,
2026-07-06,961F,富邦公益,1000,8000,-7000,31.4,31.4375
2026-07-06,962C,富邦竹科,100,2000,-1900,31.15,31.6
2026-07-06,962D,富邦新莊,0,1000,-1000,,31.7
2026-07-06,963A,富邦八德,1000,0,1000,31.4,
2026-07-06,9647,富邦新竹,0,8000,-8000,,31.5625
2026-07-06,9658,富邦建國,0,1000,-1000,,31.7
2026-07-06,9661,富邦新店,0,1,-1,,31.5
2026-07-06,9666,富邦南屯,2000,0,2000,31.8,
2026-07-06,9692,富邦嘉義,250,0,250,31.66,
2026-07-06,9693,富邦新營,0,3000,-3000,,31.6667
2026-07-06,9800,元大,10000,100,9900,31.6,31.15
2026-07-06,9801,元大松江,0,1000,-1000,,31.75
2026-07-06,9817,元大東泰,1000,0,1000,31.55,
2026-07-06,981F,元大福營,1000,0,1000,31.4,
2026-07-06,981Q,元大太平,0,1000,-1000,,31.7
2026-07-06,981g,元大大里,0,79,-79,,31.6
2026-07-06,982B,元大博愛,0,200,-200,,31.7
2026-07-06,9837,元大北港,0,1000,-1000,,31.65
2026-07-06,9857,元大蘆洲,0,3000,-3000,,31.55
2026-07-06,9859,元大經國,32,0,32,31.75,
2026-07-06,985C,元大鳳中,1000,0,1000,31.7,
2026-07-06,989D,元大左營,1000,1000,0,31.4,31.7
2026-07-06,989d,元大北屯,0,1000,-1000,,31.55
2026-07-06,9A00,永豐金,2000,120,1880,31.7,31.45
2026-07-06,9A91,永豐松山,0,2000,-2000,,31.7
2026-07-06,9A98,永豐大園,3,0,3,31.6,
2026-07-06,9A99,永豐中壢,0,30000,-30000,,31.7
2026-07-06,9A9R,永豐信義,1000,0,1000,31.55,
2026-07-06,9A9X,永豐竹科,0,100,-100,,31.6
2026-07-06,9A9r,永豐北高,85,1000,-915,31.75,31.6
2026-07-06,9B00,台新證券,1,0,1,31.6,
2026-07-06,9B1g,台新高雄,0,100,-100,,31.7
2026-07-06,9B2N,台新虎尾,30,25,5,31.75,31.65
2026-07-06,9B2a,台新松德,59,1118,-1059,31.578,31.5106
2026-07-06,9B2m,台新成功,0,5,-5,,31.6
2026-07-06,9B2v,台新桃園,0,40,-40,,31.6688
2026-07-07,1024,合庫嘉義,3000,3000,0,31.3,30.8
2026-07-07,102F,合庫西台,9000,0,9000,31.2444,
2026-07-07,102G,合庫三重,0,2000,-2000,,31.275
2026-07-07,1034,土銀嘉義,1000,0,1000,30.7,
2026-07-07,104A,臺銀臺中,4000,0,4000,30.975,
2026-07-07,1440,美林,5000,0,5000,30.98,
2026-07-07,1470,台灣摩根,4000,12000,-8000,30.8375,31.0458
2026-07-07,1480,美商高盛,9000,0,9000,30.9611,
2026-07-07,1590,花旗環球,1000,2000,-1000,30.8,31.125
2026-07-07,1650,瑞銀,1000,1000,0,31.05,30.75
2026-07-07,5383,第一高雄,22,0,22,31.45,
2026-07-07,5850,統一,7,0,7,30.7,
2026-07-07,585D,統一新台中,100,0,100,31.45,
2026-07-07,585H,統一桃園,2020,0,2020,30.7005,
2026-07-07,6010,?亞,10000,0,10000,30.9,
2026-07-07,601d,?亞鑫豐,4000,1000,3000,30.975,30.7
2026-07-07,6114,中銀員林,4000,0,4000,31.175,
2026-07-07,6380,光和,0,480,-480,,31.05
2026-07-07,7001,兆豐嘉義,1000,0,1000,31.3,
2026-07-07,7003,兆豐台中,15000,0,15000,31.1467,
2026-07-07,700i,兆豐松德,0,11000,-11000,,31.3
2026-07-07,7790,國票綜合,0,806,-806,,30.8864
2026-07-07,8440,摩根大通,6000,8000,-2000,31.1917,31.1625
2026-07-07,8455,康和台中,0,1000,-1000,,31.35
2026-07-07,845J,康和高雄,0,6000,-6000,,31.2083
2026-07-07,8560,新光,3038,0,3038,30.8031,
2026-07-07,8561,新光台中,0,8007,-8007,,31.2495
2026-07-07,8843,玉山高雄,78,0,78,31.0,
2026-07-07,8847,玉山台南,0,1000,-1000,,31.3
2026-07-07,8849,玉山景美,2000,0,2000,30.8,
2026-07-07,884E,玉山城中,3000,0,3000,30.9,
2026-07-07,8888,國泰敦南,2431,1000,1431,31.0713,31.1
2026-07-07,888K,國泰板橋,0,2000,-2000,,30.7
2026-07-07,9108,群益海山,5000,3000,2000,31.05,30.85
2026-07-07,913I,群益萬華,0,1000,-1000,,30.8
2026-07-07,9187,群益彰化,7000,0,7000,31.1429,
2026-07-07,918C,群益古亭,4000,0,4000,30.975,
2026-07-07,9205,凱基三重,0,41000,-41000,,31.1317
2026-07-07,9208,凱基桃園,1000,2000,-1000,31.2,31.475
2026-07-07,922C,凱基屏東,22,0,22,31.0,
2026-07-07,9268,凱基台北,1000,27000,-26000,31.05,30.9481
2026-07-07,9333,華南長虹,1000,3000,-2000,31.1,30.8
2026-07-07,961F,富邦公益,1000,4000,-3000,31.55,30.825
2026-07-07,962C,富邦竹科,139,100,39,31.05,31.45
2026-07-07,962E,富邦樹林,1000,0,1000,31.35,
2026-07-07,9666,富邦南屯,0,2000,-2000,,31.25
2026-07-07,9692,富邦嘉義,880,0,880,31.1009,
2026-07-07,9693,富邦新營,5000,0,5000,30.8,
2026-07-07,9800,元大,13000,3000,10000,31.25,31.2667
2026-07-07,9801,元大松江,0,3000,-3000,,31.0
2026-07-07,9815,元大大灣,8000,0,8000,31.1875,
2026-07-07,9817,元大東泰,0,1000,-1000,,30.8
2026-07-07,981F,元大福營,0,1000,-1000,,30.75
2026-07-07,981L,元大莒光,1000,0,1000,31.45,
2026-07-07,981R,元大竹山,1000,1000,0,31.5,30.75
2026-07-07,981j,元大士林,3050,0,3050,31.2443,
2026-07-07,982B,元大博愛,0,230,-230,,31.4478
2026-07-07,9852,元大永春,6000,0,6000,31.15,
2026-07-07,9856,元大花蓮,0,1000,-1000,,31.35
2026-07-07,9868,元大文心,189,0,189,31.05,
2026-07-07,9874,元大雙和,1000,0,1000,31.0,
2026-07-07,989G,元大大同,1000,28,972,31.1,31.05
2026-07-07,989N,元大內湖,100,0,100,30.9,
2026-07-07,9A00,永豐金,4000,5000,-1000,30.85,31.15
2026-07-07,9A9C,永豐員林,0,3100,-3100,,31.0968
2026-07-07,9A9W,永豐市政,10000,0,10000,31.125,
2026-07-07,9A9r,永豐北高,0,139,-139,,31.05
2026-07-07,9B1g,台新高雄,0,4000,-4000,,30.7875
2026-07-07,9B27,台新林園,4000,3000,1000,31.2875,31.45
2026-07-07,9B2N,台新虎尾,0,55,-55,,30.9136
2026-07-07,9B2a,台新松德,0,131,-131,,30.8576
2026-07-08,102F,合庫西台,12000,0,12000,30.8917,
2026-07-08,104A,臺銀臺中,0,11000,-11000,,30.9045
2026-07-08,104C,臺銀高雄,1000,1,999,30.7,30.75
2026-07-08,1230,彰銀,11000,0,11000,31.0182,
2026-07-08,1440,美林,9000,4000,5000,30.9111,30.7875
2026-07-08,1470,台灣摩根,0,3000,-3000,,30.8
2026-07-08,1480,美商高盛,4001,0,4001,30.8375,
2026-07-08,1560,港商野村,0,1000,-1000,,30.75
2026-07-08,1590,花旗環球,0,1000,-1000,,30.7
2026-07-08,5850,統一,2000,0,2000,30.7,
2026-07-08,585D,統一新台中,120,0,120,30.75,
2026-07-08,6010,?亞,3000,0,3000,30.65,
2026-07-08,6380,光和,1423,0,1423,30.7203,
2026-07-08,7003,兆豐台中,3000,0,3000,30.9167,
2026-07-08,7790,國票綜合,0,147,-147,,30.8
2026-07-08,8440,摩根大通,4000,4000,0,30.75,30.825
2026-07-08,8561,新光台中,0,4000,-4000,,30.925
2026-07-08,8882,國泰台中,42,0,42,30.7,
2026-07-08,8888,國泰敦南,0,2935,-2935,,30.9011
2026-07-08,888A,國泰館前,0,2,-2,,30.65
2026-07-08,9187,群益彰化,2000,0,2000,30.7,
2026-07-08,918A,群益中壢,0,2000,-2000,,30.7
2026-07-08,9205,凱基三重,21000,3000,18000,30.8714,30.8833
2026-07-08,9268,凱基台北,1000,25000,-24000,30.7,30.824
2026-07-08,9333,華南長虹,1000,1000,0,30.7,30.9
2026-07-08,961C,富邦南京,0,1000,-1000,,31.0
2026-07-08,961F,富邦公益,0,18000,-18000,,30.9583
2026-07-08,961H,富邦新板,0,1,-1,,30.7
2026-07-08,962C,富邦竹科,0,120,-120,,30.7512
2026-07-08,9636,富邦中壢,300,0,300,30.8217,
2026-07-08,9658,富邦建國,0,1000,-1000,,30.95
2026-07-08,9692,富邦嘉義,100,0,100,30.8,
2026-07-08,9693,富邦新營,6000,0,6000,30.825,
2026-07-08,9800,元大,1000,1000,0,30.95,30.7
2026-07-08,9815,元大大灣,0,8000,-8000,,30.8
2026-07-08,981E,元大發財,0,2000,-2000,,30.65
2026-07-08,981g,元大大里,0,421,-421,,30.65
2026-07-08,9A00,永豐金,6000,2000,4000,30.7917,30.75
2026-07-08,9A9C,永豐員林,3000,2100,900,30.7833,30.9905
2026-07-08,9A9H,永豐新莊,0,42,-42,,30.7
2026-07-08,9A9W,永豐市政,3000,0,3000,30.8,
2026-07-08,9B1d,台新左楠,2000,0,2000,30.975,
2026-07-08,9B27,台新林園,0,1000,-1000,,30.85
2026-07-08,9B28,台新北新,1000,0,1000,30.85,
2026-07-08,9B2a,台新松德,805,23,782,30.85,30.8
2026-07-08,9B2g,台新中原,1,0,1,30.9,
2026-07-09,1020,合庫,10000,0,10000,30.95,
2026-07-09,102F,合庫西台,35000,0,35000,31.0271,
2026-07-09,104A,臺銀臺中,0,15000,-15000,,30.9133
2026-07-09,1440,美林,10000,3000,7000,30.79,30.75
2026-07-09,1470,台灣摩根,2000,1000,1000,30.75,30.8
2026-07-09,1480,美商高盛,6000,13000,-7000,30.75,30.7346
2026-07-09,1560,港商野村,11000,3000,8000,30.7,30.75
2026-07-09,5381,第一員林,0,100,-100,,30.95
2026-07-09,585R,統一東湖,0,8000,-8000,,31.0562
2026-07-09,5960,日茂,0,231,-231,,30.6
2026-07-09,6010,?亞,5000,0,5000,30.7,
2026-07-09,6012,?亞網路,0,12000,-12000,,30.7208
2026-07-09,6114,中銀員林,0,1000,-1000,,30.75
2026-07-09,616K,中信託高,0,30000,-30000,,30.8183
2026-07-09,6380,光和,1000,1000,0,30.75,31.0
2026-07-09,6464,大昌新店,0,389,-389,,30.6
2026-07-09,7003,兆豐台中,9000,0,9000,30.9056,
2026-07-09,8440,摩根大通,3000,4000,-1000,30.7667,30.9125
2026-07-09,8561,新光台中,0,1000,-1000,,31.1
2026-07-09,8843,玉山高雄,5,0,5,30.75,
2026-07-09,8882,國泰台中,1625,0,1625,30.7231,
2026-07-09,8888,國泰敦南,1,2000,-1999,30.7,30.975
2026-07-09,9108,群益海山,0,5000,-5000,,30.8
2026-07-09,9187,群益彰化,3000,3000,0,30.7167,30.9667
2026-07-09,9200,凱基,0,1000,-1000,,30.8
2026-07-09,9236,凱基虎尾,12000,0,12000,30.7375,
2026-07-09,9268,凱基台北,3000,20000,-17000,30.75,30.86
2026-07-09,961F,富邦公益,1000,3000,-2000,31.0,31.05
2026-07-09,961R,富邦南員,0,5,-5,,30.75
2026-07-09,965K,富邦台中,0,2000,-2000,,31.0
2026-07-09,9665,富邦桃園,0,1000,-1000,,30.75
2026-07-09,981Z,元大潮州,0,5,-5,,30.6
2026-07-09,9852,元大永春,9000,0,9000,30.7,
2026-07-09,989G,元大大同,1000,0,1000,30.7,
2026-07-09,989I,元大蘆中,0,1,-1,,30.7
2026-07-09,9A00,永豐金,15000,11000,4000,30.7567,30.7
2026-07-09,9A9C,永豐員林,2100,0,2100,30.7357,
2026-07-09,9B00,台新證券,0,1000,-1000,,30.95
2026-07-09,9B1h,台新台中,2000,0,2000,30.75,
2026-07-13,1020,合庫,10000,0,10000,30.6,
2026-07-13,102C,合庫自強,2000,0,2000,30.7,
2026-07-13,103A,土銀建國,0,1000,-1000,,30.45
2026-07-13,104A,臺銀臺中,5000,3000,2000,30.55,30.6167
2026-07-13,1230,彰銀,56000,18000,38000,30.4268,30.4389
2026-07-13,1440,美林,12000,0,12000,30.2417,
2026-07-13,1470,台灣摩根,16000,1000,15000,30.3312,30.3
2026-07-13,1480,美商高盛,7000,7000,0,30.3643,30.7429
2026-07-13,1560,港商野村,7000,7000,0,30.35,30.4714
2026-07-13,1590,花旗環球,1000,0,1000,30.55,
2026-07-13,1650,瑞銀,16000,16000,0,30.9125,30.2906
2026-07-13,2180,亞東,0,261,-261,,30.5
2026-07-13,5381,第一員林,0,28,-28,,30.4
2026-07-13,5850,統一,0,1000,-1000,,30.25
2026-07-13,585D,統一新台中,0,1000,-1000,,30.3
2026-07-13,585H,統一桃園,1032,0,1032,30.1047,
2026-07-13,585R,統一東湖,1000,55000,-54000,30.55,30.4855
2026-07-13,585g,統一平鎮,2000,2000,0,30.5,30.6
2026-07-13,6010,?亞,5000,0,5000,30.35,
2026-07-13,6012,?亞網路,5000,0,5000,30.15,
2026-07-13,601d,?亞鑫豐,4000,0,4000,30.15,
2026-07-13,616K,中信託高,0,4000,-4000,,30.975
2026-07-13,6462,大昌安康,0,32000,-32000,,30.2391
2026-07-13,7790,國票綜合,29,409,-380,30.3966,30.3132
2026-07-13,779H,國票嘉義,1000,0,1000,30.3,
2026-07-13,779J,國票北高,0,1000,-1000,,30.05
2026-07-13,8440,摩根大通,8000,6000,2000,30.5,30.3917
2026-07-13,845J,康和高雄,1000,0,1000,30.5,
2026-07-13,8843,玉山高雄,50,0,50,30.35,
2026-07-13,8849,玉山景美,2000,0,2000,30.4,
2026-07-13,884E,玉山城中,1000,0,1000,30.1,
2026-07-13,8882,國泰台中,17061,210,16851,30.544,30.6
2026-07-13,8888,國泰敦南,1288,100,1188,30.3811,30.3
2026-07-13,9187,群益彰化,18000,0,18000,30.2694,
2026-07-13,918C,群益古亭,0,22,-22,,30.3
2026-07-13,918M,群益嘉義,10000,1000,9000,30.1,30.7
2026-07-13,9200,凱基,1000,0,1000,30.3,
2026-07-13,9205,凱基三重,0,95000,-95000,,30.4026
2026-07-13,9207,凱基永和,6000,0,6000,30.35,
2026-07-13,9208,凱基桃園,210,0,210,30.6,
2026-07-13,9236,凱基虎尾,25000,5000,20000,30.64,30.3
2026-07-13,9268,凱基台北,26000,50000,-24000,30.3423,30.537
2026-07-13,9288,凱基埔墘,4000,0,4000,30.35,
2026-07-13,9333,華南長虹,2000,0,2000,30.6,
2026-07-13,9600,富邦,1000,0,1000,30.6,
2026-07-13,9604,富邦陽明,10000,10000,0,30.875,30.375
2026-07-13,963A,富邦八德,1000,0,1000,30.3,
2026-07-13,9647,富邦新竹,0,5000,-5000,,30.95
2026-07-13,9693,富邦新營,3000,0,3000,30.3,
2026-07-13,9800,元大,4000,4000,0,30.3875,30.5875
2026-07-13,981R,元大竹山,3000,0,3000,30.5167,
2026-07-13,981g,元大大里,0,2000,-2000,,30.425
2026-07-13,984H,元大景美,2000,0,2000,30.3,
2026-07-13,9857,元大蘆洲,4000,0,4000,30.35,
2026-07-13,9858,元大龍潭,3060,0,3060,30.4471,
2026-07-13,985C,元大鳳中,0,1000,-1000,,30.3
2026-07-13,9862,元大南京,200,0,200,30.5,
2026-07-13,9871,元大忠孝,25000,0,25000,30.34,
2026-07-13,989G,元大大同,1000,0,1000,30.3,
2026-07-13,9A00,永豐金,9100,29000,-19900,30.3934,30.3483
2026-07-13,9A9C,永豐員林,11000,0,11000,30.6182,
2026-07-13,9A9W,永豐市政,7000,0,7000,30.15,
2026-07-14,1040,臺銀,10000,0,10000,30.55,
2026-07-14,1042,臺銀臺南,0,1000,-1000,,30.45
2026-07-14,1045,臺銀新竹,1000,0,1000,30.45,
2026-07-14,104A,臺銀臺中,0,5000,-5000,,30.5
2026-07-14,1230,彰銀,34000,32000,2000,30.4074,30.4375
2026-07-14,1440,美林,13000,0,13000,30.3538,
2026-07-14,1470,台灣摩根,7000,5000,2000,30.3571,30.54
2026-07-14,1480,美商高盛,27130,3000,24130,30.4216,30.3167
2026-07-14,1560,港商野村,4000,0,4000,30.35,
2026-07-14,1590,花旗環球,4000,0,4000,30.4,
2026-07-14,1650,瑞銀,0,1000,-1000,,30.4
2026-07-14,5850,統一,10000,1000,9000,30.45,30.3
2026-07-14,585R,統一東湖,0,1000,-1000,,30.35
2026-07-14,6010,?亞,5000,0,5000,30.35,
2026-07-14,6012,?亞網路,10028,0,10028,30.4494,
2026-07-14,6163,中信託永,1000,0,1000,30.55,
2026-07-14,638D,光和高雄,2000,0,2000,30.3,
2026-07-14,6462,大昌安康,0,15000,-15000,,30.55
2026-07-14,700I,兆豐北高,0,287,-287,,30.4
2026-07-14,7790,國票綜合,0,121,-121,,30.2926
2026-07-14,8440,摩根大通,6000,7000,-1000,30.3417,30.4571
2026-07-14,845D,康和板橋,892,0,892,30.3494,
2026-07-14,845J,康和高雄,0,1000,-1000,,30.25
2026-07-14,8560,新光,0,8300,-8300,,30.4447
2026-07-14,8843,玉山高雄,25,0,25,30.45,
2026-07-14,8881,國泰高雄,40,0,40,30.45,
2026-07-14,8882,國泰台中,0,2000,-2000,,30.6
2026-07-14,8887,國泰忠孝,0,1000,-1000,,30.4
2026-07-14,8888,國泰敦南,2295,0,2295,30.3436,
2026-07-14,9137,群益士林,0,1000,-1000,,30.4
2026-07-14,9187,群益彰化,5000,5000,0,30.15,30.31
2026-07-14,9200,凱基,1000,0,1000,30.5,
2026-07-14,9205,凱基三重,0,14000,-14000,,30.475
2026-07-14,9208,凱基桃園,0,1000,-1000,,30.4
2026-07-14,9217,凱基松山,0,1000,-1000,,30.6
2026-07-14,9268,凱基台北,11000,41000,-30000,30.2864,30.4134
2026-07-14,9316,華南淡水,5000,0,5000,30.35,
2026-07-14,9332,華南楠梓,70,0,70,30.2714,
2026-07-14,9333,華南長虹,0,2000,-2000,,30.375
2026-07-14,961C,富邦南京,0,3000,-3000,,30.3
2026-07-14,961F,富邦公益,0,4000,-4000,,30.4625
2026-07-14,962C,富邦竹科,1000,0,1000,30.25,
2026-07-14,9692,富邦嘉義,19,0,19,30.45,
2026-07-14,9693,富邦新營,0,3000,-3000,,30.35
2026-07-14,9800,元大,6000,4000,2000,30.3833,30.425
2026-07-14,980l,元大虎尾,0,100,-100,,30.3
2026-07-14,981R,元大竹山,0,1000,-1000,,30.25
2026-07-14,981j,元大士林,0,5000,-5000,,30.32
2026-07-14,984E,元大南勢,0,15000,-15000,,30.2167
2026-07-14,9859,元大經國,0,32,-32,,30.45
2026-07-14,989L,元大成功,50,0,50,30.3,
2026-07-14,989V,元大北重,0,391,-391,,30.45
2026-07-14,9A00,永豐金,29020,11608,17412,30.5067,30.2268
2026-07-14,9A99,永豐中壢,400,0,400,30.375,
2026-07-14,9A9C,永豐員林,1000,1000,0,30.2,30.45
2026-07-14,9A9J,永豐板新,1000,1000,0,30.6,30.55
2026-07-14,9A9e,永豐高雄,0,218,-218,,30.25
2026-07-14,9A9g,永豐內湖,1000,0,1000,30.2,
2026-07-14,9B21,台新九如,100,0,100,30.3,
2026-07-14,9B28,台新北新,0,1000,-1000,,30.45
2026-07-14,9B2a,台新松德,0,12,-12,,30.4
2026-07-15,104A,臺銀臺中,0,11000,-11000,,30.55
2026-07-15,1230,彰銀,39000,30000,9000,30.6205,30.65
2026-07-15,1440,美林,21000,0,21000,30.5048,
2026-07-15,1470,台灣摩根,7000,7000,0,30.65,30.5643
2026-07-15,1480,美商高盛,7000,8000,-1000,30.3929,30.5688
2026-07-15,1560,港商野村,8000,0,8000,30.6312,
2026-07-15,1590,花旗環球,23000,0,23000,30.6848,
2026-07-15,1650,瑞銀,0,1000,-1000,,30.45
2026-07-15,5383,第一高雄,0,5000,-5000,,30.82
2026-07-15,5856,統一台中,10000,0,10000,30.85,
2026-07-15,585F,統一彰化,0,3120,-3120,,30.4282
2026-07-15,585m,統一竹南,6,0,6,30.55,
2026-07-15,6012,?亞網路,2000,0,2000,30.3,
2026-07-15,616K,中信託高,0,2090,-2090,,30.8022
2026-07-15,6462,大昌安康,0,34000,-34000,,30.5471
2026-07-15,779c,國票敦北,0,1,-1,,30.55
2026-07-15,8440,摩根大通,5000,0,5000,30.69,
2026-07-15,845D,康和板橋,136,0,136,30.55,
2026-07-15,8560,新光,2000,1000,1000,30.45,30.85
2026-07-15,8882,國泰台中,0,7000,-7000,,30.6286
2026-07-15,8886,國泰新莊,0,1144,-1144,,30.5937
2026-07-15,8888,國泰敦南,120,0,120,30.3,
2026-07-15,918E,群益南京,4000,0,4000,30.4,
2026-07-15,918M,群益嘉義,0,9000,-9000,,30.75
2026-07-15,9202,凱基中港,0,8000,-8000,,30.3625
2026-07-15,9268,凱基台北,29000,10000,19000,30.5276,30.495
2026-07-15,9300,華南永昌,0,1000,-1000,,30.5
2026-07-15,961F,富邦公益,0,29000,-29000,,30.6121
2026-07-15,961P,富邦和美,0,1000,-1000,,30.75
2026-07-15,9661,富邦新店,90,0,90,30.85,
2026-07-15,9693,富邦新營,0,6000,-6000,,30.7083
2026-07-15,9800,元大,10000,0,10000,30.695,
2026-07-15,9801,元大松江,0,2000,-2000,,30.625
2026-07-15,981R,元大竹山,0,1000,-1000,,30.4
2026-07-15,9837,元大北港,0,2000,-2000,,30.825
2026-07-15,9858,元大龍潭,1000,0,1000,30.35,
2026-07-15,989G,元大大同,1000,0,1000,30.4,
2026-07-15,9A00,永豐金,6000,0,6000,30.7583,
2026-07-15,9A79,永豐埔里,4000,0,4000,30.4375,
2026-07-15,9A9C,永豐員林,0,1000,-1000,,30.55
2026-07-15,9A9g,永豐內湖,1000,0,1000,30.4,
2026-07-15,9A9x,永豐桃園,3,0,3,30.55,
2026-07-16,102F,合庫西台,15000,0,15000,30.65,
2026-07-16,1045,臺銀新竹,36,0,36,30.85,
2026-07-16,104A,臺銀臺中,4000,0,4000,30.575,
2026-07-16,104C,臺銀高雄,0,315,-315,,30.5
2026-07-16,1230,彰銀,45000,0,45000,30.63,
2026-07-16,1440,美林,12000,0,12000,30.675,
2026-07-16,1470,台灣摩根,1000,0,1000,30.5,
2026-07-16,1480,美商高盛,1000,1000,0,30.7,30.6
2026-07-16,1590,花旗環球,1000,0,1000,30.85,
2026-07-16,1650,瑞銀,0,1000,-1000,,30.6
2026-07-16,585R,統一東湖,0,58000,-58000,,30.6371
2026-07-16,6012,?亞網路,5000,0,5000,30.5,
2026-07-16,6114,中銀員林,0,1000,-1000,,30.55
2026-07-16,7003,兆豐台中,21000,0,21000,30.6714,
2026-07-16,8440,摩根大通,1000,1000,0,30.4,30.8
2026-07-16,845D,康和板橋,277,0,277,30.5,
2026-07-16,8560,新光,2000,0,2000,30.5,
2026-07-16,8561,新光台中,0,10000,-10000,,30.7
2026-07-16,8843,玉山高雄,25,0,25,30.6,
2026-07-16,8846,玉山板橋,300,0,300,30.85,
2026-07-16,8887,國泰忠孝,51,0,51,30.6,
2026-07-16,8888,國泰敦南,10,0,10,30.6,
2026-07-16,913Y,群益館前,38,0,38,30.5,
2026-07-16,9187,群益彰化,5000,5000,0,30.35,30.66
2026-07-16,9200,凱基,2000,0,2000,30.55,
2026-07-16,920A,凱基板橋,1000,0,1000,30.55,
2026-07-16,9216,凱基信義,0,4000,-4000,,30.7
2026-07-16,9268,凱基台北,6000,15000,-9000,30.475,30.4933
2026-07-16,961F,富邦公益,1000,15000,-14000,30.6,30.6633
2026-07-16,962C,富邦竹科,1000,0,1000,30.45,
2026-07-16,9634,富邦羅東,0,97,-97,,30.6
2026-07-16,9692,富邦嘉義,100,0,100,30.699,
2026-07-16,9800,元大,1000,8000,-7000,30.7,30.3938
2026-07-16,9833,元大敦化,400,0,400,30.6,
2026-07-16,9858,元大龍潭,82,0,82,30.6,
2026-07-16,9859,元大經國,0,250,-250,,30.85
2026-07-16,989P,元大敦南,0,1000,-1000,,30.7
2026-07-16,9A00,永豐金,1000,0,1000,30.5,
2026-07-16,9A79,永豐埔里,0,4000,-4000,,30.55
2026-07-16,9B28,台新北新,1000,0,1000,30.45,
2026-07-16,9B2P,台新同大,50,0,50,30.6,
2026-07-16,9B2Z,台新安南,0,3000,-3000,,30.5
2026-07-16,9B2a,台新松德,0,707,-707,,30.6444
2026-07-17,1020,合庫,3000,0,3000,30.4,
2026-07-17,102F,合庫西台,6000,0,6000,30.5917,
2026-07-17,1230,彰銀,67000,0,67000,30.5612,
2026-07-17,1440,美林,14000,1000,13000,30.4321,30.65
2026-07-17,1470,台灣摩根,9000,0,9000,30.5722,
2026-07-17,1480,美商高盛,7000,1000,6000,30.4857,30.45
2026-07-17,1590,花旗環球,4000,3000,1000,30.65,30.35
2026-07-17,5050,大展,0,3000,-3000,,30.45
2026-07-17,5850,統一,0,2000,-2000,,30.65
2026-07-17,5855,統一台南,0,4000,-4000,,30.65
2026-07-17,5856,統一台中,0,3000,-3000,,30.5667
2026-07-17,585R,統一東湖,0,58000,-58000,,30.569
2026-07-17,6010,?亞,10000,0,10000,30.4,
2026-07-17,6160,中國信託,4000,0,4000,30.475,
2026-07-17,6168,中信嘉義,0,1000,-1000,,30.35
2026-07-17,7003,兆豐台中,3000,0,3000,30.65,
2026-07-17,700S,兆豐大同,450,0,450,30.6,
2026-07-17,7790,國票綜合,0,1,-1,,30.55
2026-07-17,8440,摩根大通,3000,2000,1000,30.4167,30.55
2026-07-17,845U,康和台北,0,14000,-14000,,30.4
2026-07-17,8560,新光,4000,0,4000,30.4,
2026-07-17,8880,國泰綜合,0,5000,-5000,,30.3
2026-07-17,8882,國泰台中,0,1000,-1000,,30.55
2026-07-17,8887,國泰忠孝,4,0,4,30.5,
2026-07-17,8888,國泰敦南,7,1000,-993,30.55,30.5
2026-07-17,8900,法銀巴黎,1000,0,1000,30.4,
2026-07-17,913D,群益潭子,100,0,100,30.4,
2026-07-17,918M,群益嘉義,5000,0,5000,30.3,
2026-07-17,918x,群益延平,0,450,-450,,30.6
2026-07-17,9200,凱基,1000,2000,-1000,30.55,30.375
2026-07-17,9207,凱基永和,0,8000,-8000,,30.375
2026-07-17,920F,凱基站前,1000,0,1000,30.4,
2026-07-17,9268,凱基台北,7000,4000,3000,30.3929,30.4625
2026-07-17,9272,凱基竹科,0,1000,-1000,,30.35
2026-07-17,9288,凱基埔墘,0,4000,-4000,,30.5
2026-07-17,961F,富邦公益,0,1000,-1000,,30.65
2026-07-17,962C,富邦竹科,0,1000,-1000,,30.35
2026-07-17,963A,富邦八德,0,2000,-2000,,30.4
2026-07-17,9693,富邦新營,0,2000,-2000,,30.65
2026-07-17,9800,元大,1000,1000,0,30.65,30.55
2026-07-17,984H,元大景美,0,4000,-4000,,30.425
2026-07-17,9857,元大蘆洲,0,4,-4,,30.5
2026-07-17,9A00,永豐金,1000,0,1000,30.5,
2026-07-17,9A97,永豐新竹,0,12000,-12000,,30.5083
2026-07-17,9A9C,永豐員林,0,3100,-3100,,30.4645
2026-07-17,9A9g,永豐內湖,1000,0,1000,30.3,
2026-07-17,9B00,台新證券,2000,0,2000,30.35,
2026-07-17,9B2a,台新松德,0,6,-6,,30.55
2026-07-17,9B2o,台新新興,0,10000,-10000,,30.55
2026-07-20,102F,合庫西台,4000,0,4000,30.8375,
2026-07-20,1034,土銀嘉義,0,1000,-1000,,31.0
2026-07-20,104A,臺銀臺中,0,7000,-7000,,31.0
2026-07-20,1116,企銀屏東,0,10000,-10000,,30.895
2026-07-20,1230,彰銀,44000,0,44000,30.8205,
2026-07-20,1440,美林,27000,0,27000,30.8574,
2026-07-20,1470,台灣摩根,38000,0,38000,30.8868,
2026-07-20,1480,美商高盛,9000,0,9000,30.7778,
2026-07-20,1560,港商野村,6000,2000,4000,31.0,30.7
2026-07-20,1590,花旗環球,2000,0,2000,30.6,
2026-07-20,1650,瑞銀,6000,0,6000,30.8,
2026-07-20,5383,第一高雄,0,29000,-29000,,30.8759
2026-07-20,5856,統一台中,0,1000,-1000,,31.15
2026-07-20,585R,統一東湖,0,37000,-37000,,30.75
2026-07-20,585m,統一竹南,0,6,-6,,31.0
2026-07-20,601d,?亞鑫豐,0,9000,-9000,,31.0333
2026-07-20,6160,中國信託,4000,0,4000,30.975,
2026-07-20,616K,中信託高,0,151,-151,,31.05
2026-07-20,6380,光和,0,3015,-3015,,31.0171
2026-07-20,7003,兆豐台中,4000,0,4000,30.85,
2026-07-20,700S,兆豐大同,2000,0,2000,30.7,
2026-07-20,7790,國票綜合,46,0,46,30.8,
2026-07-20,779n,國票南京,0,3000,-3000,,31.05
2026-07-20,8440,摩根大通,15400,0,15400,30.7065,
2026-07-20,845J,康和高雄,1000,0,1000,30.75,
2026-07-20,8560,新光,0,3000,-3000,,30.8333
2026-07-20,8561,新光台中,0,1000,-1000,,31.0
2026-07-20,8882,國泰台中,0,10000,-10000,,30.88
2026-07-20,8888,國泰敦南,3015,5000,-1985,30.8512,30.83
2026-07-20,9101,群益敦南,0,1000,-1000,,31.1
2026-07-20,9187,群益彰化,0,3000,-3000,,31.1
2026-07-20,918M,群益嘉義,0,5000,-5000,,30.75
2026-07-20,9200,凱基,4000,0,4000,30.6375,
2026-07-20,9207,凱基永和,8000,0,8000,31.125,
2026-07-20,9208,凱基桃園,0,1000,-1000,,30.7
2026-07-20,921M,凱基八德,0,2000,-2000,,30.6
2026-07-20,9238,凱基士林,0,2000,-2000,,30.975
2026-07-20,9268,凱基台北,37000,3000,34000,30.9932,30.7333
2026-07-20,9272,凱基竹科,0,50,-50,,30.8
2026-07-20,9300,華南永昌,0,7000,-7000,,31.0
2026-07-20,961F,富邦公益,6000,38000,-32000,30.7417,30.8316
2026-07-20,962C,富邦竹科,0,5019,-5019,,30.6812
2026-07-20,9636,富邦中壢,0,1,-1,,30.95
2026-07-20,9658,富邦建國,0,1000,-1000,,31.1
2026-07-20,9676,富邦仁愛,0,2000,-2000,,30.7
2026-07-20,9693,富邦新營,0,4000,-4000,,31.0625
2026-07-20,9800,元大,2000,1000,1000,30.675,31.05
2026-07-20,981C,元大路竹,0,1000,-1000,,31.0
2026-07-20,981I,元大天母,0,5000,-5000,,30.95
2026-07-20,9837,元大北港,0,2000,-2000,,30.775
2026-07-20,984K,元大館前,0,2000,-2000,,30.75
2026-07-20,9858,元大龍潭,0,4000,-4000,,30.7875
2026-07-20,9862,元大南京,0,100,-100,,31.0
2026-07-20,989P,元大敦南,0,1000,-1000,,31.05
2026-07-20,989Q,元大汐止,4,0,4,31.0,
2026-07-20,989m,元大信義,0,4000,-4000,,30.9875
2026-07-20,9A00,永豐金,2000,120,1880,30.725,30.7
2026-07-20,9A97,永豐新竹,0,4000,-4000,,30.6375
2026-07-20,9A9C,永豐員林,101,1654,-1553,30.9995,30.7687
2026-07-20,9A9W,永豐市政,2000,0,2000,30.6,
2026-07-20,9A9b,永豐虎尾,1000,1000,0,31.1,31.05
2026-07-20,9B20,台新台北,161,0,161,31.05,
2026-07-20,9B28,台新北新,0,1000,-1000,,30.85
2026-07-20,9B2M,台新彰化,0,5000,-5000,,31.0
2026-07-20,9B2a,台新松德,399,0,399,30.8764,
2026-07-20,9B2m,台新成功,0,10,-10,,31.05
2026-07-21,102F,合庫西台,9000,1000,8000,31.1389,31.05
2026-07-21,1040,臺銀,10000,0,10000,31.0,
2026-07-21,104A,臺銀臺中,0,49,-49,,31.05
2026-07-21,1116,企銀屏東,0,13000,-13000,,31.1192
2026-07-21,1230,彰銀,69000,4000,65000,31.0558,31.05
2026-07-21,1440,美林,20000,0,20000,31.11,
2026-07-21,1470,台灣摩根,37000,1000,36000,31.0986,30.9
2026-07-21,1480,美商高盛,66000,3000,63000,31.028,31.0667
2026-07-21,1560,港商野村,2000,0,2000,31.0,
2026-07-21,1590,花旗環球,3000,0,3000,31.0667,
2026-07-21,5383,第一高雄,0,51000,-51000,,31.1
2026-07-21,585D,統一新台中,1000,0,1000,31.1,
2026-07-21,585R,統一東湖,0,68000,-68000,,31.0147
2026-07-21,601d,?亞鑫豐,0,49000,-49000,,31.0316
2026-07-21,6160,中國信託,5000,0,5000,31.07,
2026-07-21,616K,中信託高,0,369,-369,,31.05
2026-07-21,6380,光和,0,775,-775,,31.05
2026-07-21,6460,大昌,0,5000,-5000,,31.0
2026-07-21,7003,兆豐台中,6000,1000,5000,31.1167,31.15
2026-07-21,700S,兆豐大同,2000,0,2000,31.0,
2026-07-21,7790,國票綜合,254,10000,-9746,31.05,31.1
2026-07-21,8440,摩根大通,3000,1000,2000,30.85,31.15
2026-07-21,845J,康和高雄,2000,0,2000,31.175,
2026-07-21,8560,新光,5000,0,5000,30.9,
2026-07-21,8882,國泰台中,196,5001,-4805,31.1,31.08
2026-07-21,8888,國泰敦南,17,3000,-2983,31.1,31.05
2026-07-21,888K,國泰板橋,270,0,270,31.05,
2026-07-21,9108,群益海山,0,10000,-10000,,31.05
2026-07-21,910D,群益市府,0,2000,-2000,,31.05
2026-07-21,9187,群益彰化,0,8000,-8000,,31.1625
2026-07-21,918K,群益東湖,0,1000,-1000,,31.15
2026-07-21,918u,群益瑞豐,500,0,500,31.05,
2026-07-21,9207,凱基永和,4000,0,4000,31.05,
2026-07-21,9238,凱基士林,0,3000,-3000,,31.1333
2026-07-21,9268,凱基台北,19000,11000,8000,31.0921,31.0182
2026-07-21,9274,凱基鳳山,1000,0,1000,31.15,
2026-07-21,9300,華南永昌,0,3000,-3000,,31.1667
2026-07-21,9308,華南麻豆,0,7000,-7000,,30.8857
2026-07-21,9386,華南東昇,1000,0,1000,30.9,
2026-07-21,961F,富邦公益,0,13000,-13000,,31.1192
2026-07-21,962C,富邦竹科,1000,0,1000,30.85,
2026-07-21,963A,富邦八德,1000,0,1000,31.15,
2026-07-21,9658,富邦建國,0,1000,-1000,,31.1
2026-07-21,9665,富邦桃園,0,1327,-1327,,31.0246
2026-07-21,9693,富邦新營,5000,1000,4000,31.02,31.2
2026-07-21,980a,元大中北,269,0,269,31.05,
2026-07-21,980d,元大沙鹿,14,0,14,31.1,
2026-07-21,981I,元大天母,0,5000,-5000,,31.1
2026-07-21,984H,元大景美,0,6000,-6000,,31.0917
2026-07-21,9862,元大南京,0,100,-100,,31.05
2026-07-21,9872,元大復北,0,100,-100,,31.0
2026-07-21,989P,元大敦南,0,1000,-1000,,31.2
2026-07-21,9A9C,永豐員林,201,0,201,31.0498,
2026-07-21,9B00,台新證券,5000,0,5000,31.15,
2026-07-21,9B1d,台新左楠,1000,0,1000,31.2,
2026-07-21,9B2o,台新新興,10000,0,10000,31.025,
2026-07-22,102F,合庫西台,13000,0,13000,31.15,
2026-07-22,1116,企銀屏東,0,32000,-32000,,31.1297
2026-07-22,1230,彰銀,62000,0,62000,31.2129,
2026-07-22,1440,美林,30000,0,30000,31.12,
2026-07-22,1470,台灣摩根,6000,19000,-13000,31.1583,31.0763
2026-07-22,1480,美商高盛,40000,3000,37000,31.1675,31.15
2026-07-22,1560,港商野村,2000,0,2000,31.1,
2026-07-22,1590,花旗環球,0,2000,-2000,,31.175
2026-07-22,5383,第一高雄,0,24000,-24000,,31.2062
2026-07-22,585Q,統一三多,0,3383,-3383,,31.0387
2026-07-22,585R,統一東湖,0,74000,-74000,,31.1932
2026-07-22,6012,?亞網路,454,0,454,30.95,
2026-07-22,6160,中國信託,5000,0,5000,31.16,
2026-07-22,7003,兆豐台中,14000,0,14000,31.1679,
2026-07-22,8440,摩根大通,4000,4000,0,31.125,31.175
2026-07-22,845D,康和板橋,0,55,-55,,30.95
2026-07-22,845J,康和高雄,1000,0,1000,31.25,
2026-07-22,8492,京城嘉義,1000,0,1000,31.1,
2026-07-22,8560,新光,5000,0,5000,31.05,
2026-07-22,8882,國泰台中,1000,2000,-1000,31.0,31.25
2026-07-22,8885,國泰桃園,2,0,2,31.5,
2026-07-22,8888,國泰敦南,100,0,100,31.2,
2026-07-22,9108,群益海山,5000,0,5000,31.25,
2026-07-22,910D,群益市府,0,2000,-2000,,31.25
2026-07-22,9187,群益彰化,0,2000,-2000,,31.225
2026-07-22,9200,凱基,0,3000,-3000,,31.1333
2026-07-22,920F,凱基站前,0,5000,-5000,,31.2
2026-07-22,9216,凱基信義,0,1000,-1000,,31.15
2026-07-22,921M,凱基八德,15000,0,15000,31.18,
2026-07-22,9268,凱基台北,22000,8000,14000,31.1523,31.125
2026-07-22,9274,凱基鳳山,12000,0,12000,31.1833,
2026-07-22,9300,華南永昌,0,2000,-2000,,31.275
2026-07-22,961F,富邦公益,0,4000,-4000,,31.225
2026-07-22,962C,富邦竹科,1000,0,1000,31.1,
2026-07-22,9658,富邦建國,0,1000,-1000,,31.25
2026-07-22,9692,富邦嘉義,50,0,50,31.5,
2026-07-22,9693,富邦新營,0,2000,-2000,,31.2
2026-07-22,9800,元大,5000,5000,0,31.12,31.16
2026-07-22,980D,元大北府,0,16,-16,,30.95
2026-07-22,980d,元大沙鹿,0,14,-14,,31.5
2026-07-22,9816,元大新竹,0,2000,-2000,,31.2
2026-07-22,981I,元大天母,0,5000,-5000,,31.25
2026-07-22,9869,元大新盛,2000,0,2000,31.1,
2026-07-22,9A00,永豐金,0,10000,-10000,,31.12
2026-07-22,9A69,永豐屏東,0,80000,-80000,,31.0669
2026-07-22,9A9N,永豐桃盛,10,0,10,31.5,
2026-07-22,9A9S,永豐南京,0,48,-48,,31.5
2026-07-22,9B2a,台新松德,0,95,-95,,31.2
2026-07-22,9B2l,台新大裕,0,4000,-4000,,31.05
2026-07-22,9B2m,台新成功,0,5,-5,,31.2
2026-07-22,9B2o,台新新興,53000,0,53000,31.0104,
2026-07-23,1043,臺銀民權,1000,0,1000,31.0,
2026-07-23,1230,彰銀,46000,0,46000,31.1598,
2026-07-23,1440,美林,10000,0,10000,31.0,
2026-07-23,1470,台灣摩根,2000,15000,-13000,31.05,31.0067
2026-07-23,1480,美商高盛,2005,0,2005,30.9998,
2026-07-23,1560,港商野村,3000,0,3000,31.1,
2026-07-23,1590,花旗環球,0,3000,-3000,,31.0
2026-07-23,1650,瑞銀,0,2000,-2000,,31.0
2026-07-23,538W,第一華江,0,3000,-3000,,31.0667
2026-07-23,585R,統一東湖,0,40000,-40000,,31.1575
2026-07-23,6010,?亞,5000,0,5000,31.0,
2026-07-23,6160,中國信託,5000,0,5000,31.12,
2026-07-23,8440,摩根大通,2000,1000,1000,31.1,31.1
2026-07-23,845J,康和高雄,0,1000,-1000,,31.15
2026-07-23,8560,新光,5000,0,5000,31.0,
2026-07-23,8885,國泰桃園,0,10,-10,,30.9
2026-07-23,8888,國泰敦南,0,1000,-1000,,31.2
2026-07-23,913Y,群益館前,5,0,5,30.9,
2026-07-23,9187,群益彰化,0,5000,-5000,,31.0
2026-07-23,918c,群益鳳山,15,0,15,31.15,
2026-07-23,9207,凱基永和,0,1000,-1000,,31.15
2026-07-23,9268,凱基台北,8000,13000,-5000,31.0188,31.0115
2026-07-23,9300,華南永昌,0,1022,-1022,,31.2478
2026-07-23,961F,富邦公益,4000,10000,-6000,31.175,31.165
2026-07-23,961Y,富邦屏東,4000,0,4000,31.0,
2026-07-23,9693,富邦新營,0,1000,-1000,,31.1
2026-07-23,9800,元大,2000,2000,0,31.05,31.05
2026-07-23,981I,元大天母,0,5000,-5000,,31.25
2026-07-23,989P,元大敦南,0,1000,-1000,,31.0
2026-07-23,9A00,永豐金,6000,0,6000,31.2,
2026-07-23,9A9X,永豐竹科,7,0,7,31.15,
2026-07-24,1040,臺銀,0,35,-35,,31.0
2026-07-24,1230,彰銀,66000,0,66000,31.0439,
2026-07-24,1440,美林,11000,0,11000,30.9,
2026-07-24,1470,台灣摩根,0,2000,-2000,,30.925
2026-07-24,1480,美商高盛,5125,2000,3125,30.8927,30.85
2026-07-24,1590,花旗環球,0,6000,-6000,,30.8833
2026-07-24,538W,第一華江,0,3000,-3000,,31.1
2026-07-24,585R,統一東湖,0,51000,-51000,,31.05
2026-07-24,6010,?亞,5000,0,5000,30.85,
2026-07-24,6380,光和,1000,0,1000,30.8,
2026-07-24,6462,大昌安康,0,10000,-10000,,30.85
2026-07-24,7790,國票綜合,0,1,-1,,30.95
2026-07-24,8440,摩根大通,2000,3000,-1000,30.85,30.95
2026-07-24,845J,康和高雄,0,1000,-1000,,30.9
2026-07-24,8888,國泰敦南,125,0,125,30.6,
2026-07-24,9187,群益彰化,6000,1000,5000,30.8583,30.9
2026-07-24,9200,凱基,1000,0,1000,30.9,
2026-07-24,921M,凱基八德,0,15000,-15000,,30.8467
2026-07-24,9268,凱基台北,9000,11000,-2000,30.9111,30.9
2026-07-24,9274,凱基鳳山,1000,0,1000,31.0,
2026-07-24,9291,凱基大安,1000,0,1000,30.9,
2026-07-24,9322,華南基隆,0,1000,-1000,,30.85
2026-07-24,9386,華南東昇,0,1000,-1000,,30.85
2026-07-24,961F,富邦公益,1000,14000,-13000,31.0,30.9429
2026-07-24,962E,富邦樹林,0,1000,-1000,,30.9
2026-07-24,9692,富邦嘉義,134,0,134,30.9254,
2026-07-24,9693,富邦新營,3000,0,3000,30.85,
2026-07-24,980u,元大府城,1,0,1,31.0,
2026-07-24,9869,元大新盛,0,2250,-2250,,30.7778
2026-07-24,9871,元大忠孝,5000,0,5000,30.85,
2026-07-24,9889,元大員林,0,5000,-5000,,31.0
2026-07-24,9A9C,永豐員林,102,0,102,30.95,
2026-07-24,9B2a,台新松德,0,201,-201,,30.9251
2026-07-24,9B2o,台新新興,12000,0,12000,30.8208,
2026-07-27,102F,合庫西台,0,1000,-1000,,30.8
2026-07-27,1230,彰銀,78000,0,78000,30.8103,
2026-07-27,1440,美林,26000,0,26000,30.7596,
2026-07-27,1470,台灣摩根,8000,3000,5000,30.825,30.7667
2026-07-27,1480,美商高盛,8000,0,8000,30.7438,
2026-07-27,1590,花旗環球,2000,0,2000,30.9,
2026-07-27,1650,瑞銀,8000,4000,4000,30.7375,30.875
2026-07-27,585R,統一東湖,0,64000,-64000,,30.8125
2026-07-27,585U,統一南京,2000,0,2000,30.9,
2026-07-27,6010,?亞,5000,0,5000,30.7,
2026-07-27,6012,?亞網路,5000,0,5000,30.6,
2026-07-27,7003,兆豐台中,280,0,280,30.8625,
2026-07-27,779m,國票中港,0,5000,-5000,,30.9
2026-07-27,8440,摩根大通,2000,29000,-27000,30.75,30.6776
2026-07-27,845J,康和高雄,0,2000,-2000,,30.8
2026-07-27,8492,京城嘉義,0,1000,-1000,,30.7
2026-07-27,8840,玉山,151,0,151,30.9,
2026-07-27,8882,國泰台中,1000,5000,-4000,30.55,30.83
2026-07-27,8888,國泰敦南,0,2581,-2581,,30.8
2026-07-27,9187,群益彰化,2000,2000,0,30.6,30.85
2026-07-27,9268,凱基台北,4000,10000,-6000,30.7125,30.625
2026-07-27,961F,富邦公益,200,20000,-19800,30.9,30.78
2026-07-27,9658,富邦建國,0,1000,-1000,,30.9
2026-07-27,9693,富邦新營,3000,0,3000,30.8167,
2026-07-27,9834,元大中壢,0,50,-50,,30.85
2026-07-27,9858,元大龍潭,0,1000,-1000,,30.75
2026-07-27,9859,元大經國,0,10000,-10000,,30.75
2026-07-27,9A69,永豐屏東,3000,0,3000,30.55,
2026-07-27,9A9J,永豐板新,1000,1000,0,30.65,30.9
2026-07-27,9A9g,永豐內湖,2000,0,2000,30.65,
2026-07-27,9B1d,台新左楠,1000,0,1000,30.7,
2026-07-28,102F,合庫西台,0,3000,-3000,,30.8
2026-07-28,1230,彰銀,110000,44000,66000,30.7941,30.8023
2026-07-28,1440,美林,7000,0,7000,30.7929,
2026-07-28,1470,台灣摩根,10000,10000,0,30.78,30.78
2026-07-28,1480,美商高盛,12000,1000,11000,30.775,30.8
2026-07-28,1560,港商野村,5000,0,5000,30.75,
2026-07-28,1590,花旗環球,1000,0,1000,30.9,
2026-07-28,1650,瑞銀,12000,3000,9000,30.8,30.85
2026-07-28,5855,統一台南,0,5000,-5000,,30.85
2026-07-28,585R,統一東湖,5000,62000,-57000,30.85,30.7823
2026-07-28,6010,?亞,5000,0,5000,30.73,
2026-07-28,6114,中銀員林,1000,5000,-4000,30.7,30.71
2026-07-28,7790,國票綜合,40,1,39,30.8,30.75
2026-07-28,779m,國票中港,0,3000,-3000,,30.9
2026-07-28,8381,安泰大發,0,1320,-1320,,30.8515
2026-07-28,8440,摩根大通,5000,15000,-10000,30.68,30.7133
2026-07-28,845D,康和板橋,408,0,408,30.7,
2026-07-28,8560,新光,6000,3001,2999,30.625,30.7833
2026-07-28,884M,玉山數位,5,0,5,30.75,
2026-07-28,8882,國泰台中,3000,3000,0,30.6333,30.8167
2026-07-28,8888,國泰敦南,1407,1000,407,30.8,30.8
2026-07-28,9200,凱基,1000,0,1000,30.7,
2026-07-28,9207,凱基永和,0,8000,-8000,,30.6812
2026-07-28,9208,凱基桃園,2000,1000,1000,30.675,30.6
2026-07-28,9238,凱基士林,0,4000,-4000,,30.8
2026-07-28,9268,凱基台北,6000,13000,-7000,30.8583,30.7808
2026-07-28,961F,富邦公益,0,8000,-8000,,30.7875
2026-07-28,962C,富邦竹科,0,3000,-3000,,30.75
2026-07-28,963A,富邦八德,0,1000,-1000,,30.6
2026-07-28,9658,富邦建國,0,2000,-2000,,30.65
2026-07-28,9676,富邦仁愛,0,87,-87,,30.7
2026-07-28,9693,富邦新營,6000,0,6000,30.725,
2026-07-28,9800,元大,1000,1000,0,30.75,30.8
2026-07-28,983G,元大上新,0,324,-324,,30.8
2026-07-28,984H,元大景美,0,3000,-3000,,30.7833
2026-07-28,989D,元大左營,1000,0,1000,30.75,
2026-07-28,989U,元大大甲,1000,0,1000,30.85,
2026-07-28,9A00,永豐金,11000,113,10887,30.7727,30.8
2026-07-28,9A97,永豐新竹,0,6000,-6000,,30.7667
2026-07-28,9A9J,永豐板新,0,3000,-3000,,30.8167
2026-07-28,9A9N,永豐桃盛,0,10,-10,,30.8
2026-07-28,9B2a,台新松德,0,4,-4,,30.75
2026-07-29,102C,合庫自強,0,2000,-2000,,30.975
2026-07-29,102F,合庫西台,0,1000,-1000,,30.9
2026-07-29,1034,土銀嘉義,0,1000,-1000,,31.15
2026-07-29,1230,彰銀,91000,40000,51000,31.006,30.98
2026-07-29,1440,美林,9000,0,9000,31.0222,
2026-07-29,1470,台灣摩根,45000,2000,43000,31.0211,31.0
2026-07-29,1480,美商高盛,15000,10000,5000,31.1767,30.915
2026-07-29,1560,港商野村,8000,0,8000,30.975,
2026-07-29,1590,花旗環球,12000,0,12000,30.9292,
2026-07-29,1650,瑞銀,20000,17000,3000,30.9975,30.8765
2026-07-29,5856,統一台中,0,1000,-1000,,31.2
2026-07-29,585R,統一東湖,2000,54000,-52000,31.05,31.0093
2026-07-29,6012,?亞網路,0,33000,-33000,,31.0258
2026-07-29,6380,光和,0,980,-980,,31.05
2026-07-29,7790,國票綜合,0,472,-472,,30.9374
2026-07-29,779n,國票南京,0,3000,-3000,,31.15
2026-07-29,8440,摩根大通,42500,8000,34500,30.9588,31.025
2026-07-29,8560,新光,0,3000,-3000,,31.0
2026-07-29,8840,玉山,1000,0,1000,31.1,
2026-07-29,8882,國泰台中,1000,4000,-3000,30.6,31.15
2026-07-29,8886,國泰新莊,0,4000,-4000,,30.9
2026-07-29,8888,國泰敦南,0,6000,-6000,,31.0917
2026-07-29,888A,國泰館前,5000,5000,0,31.1,31.1
2026-07-29,9200,凱基,2000,0,2000,30.95,
2026-07-29,9205,凱基三重,0,5050,-5050,,30.9015
2026-07-29,921S,凱基新莊,0,1000,-1000,,31.0
2026-07-29,9238,凱基士林,0,4000,-4000,,31.025
2026-07-29,9268,凱基台北,57000,10000,47000,30.8632,30.98
2026-07-29,9273,凱基竹東,2000,0,2000,30.9,
2026-07-29,9300,華南永昌,0,3000,-3000,,31.15
2026-07-29,9604,富邦陽明,0,20000,-20000,,30.6
2026-07-29,961F,富邦公益,4000,15000,-11000,31.075,31.09
2026-07-29,962C,富邦竹科,0,1000,-1000,,31.0
2026-07-29,9636,富邦中壢,1000,0,1000,31.0,
2026-07-29,9692,富邦嘉義,397,0,397,30.9508,
2026-07-29,9693,富邦新營,0,18000,-18000,,30.9694
2026-07-29,9800,元大,5000,0,5000,30.97,
2026-07-29,981j,元大士林,0,2000,-2000,,30.8
2026-07-29,981z,元大大統,0,2000,-2000,,30.8
2026-07-29,984H,元大景美,0,3000,-3000,,31.05
2026-07-29,9852,元大永春,0,5000,-5000,,31.1
2026-07-29,9858,元大龍潭,0,1000,-1000,,30.95
2026-07-29,988C,元大三重,0,1000,-1000,,31.1
2026-07-29,989D,元大左營,0,1000,-1000,,31.0
2026-07-29,989P,元大敦南,0,5000,-5000,,31.1
2026-07-29,989d,元大北屯,0,1000,-1000,,30.9
2026-07-29,989m,元大信義,0,1000,-1000,,31.05
2026-07-29,9A00,永豐金,3000,0,3000,31.0,
2026-07-29,9A69,永豐屏東,0,23000,-23000,,31.0543
2026-07-29,9A9J,永豐板新,0,9000,-9000,,30.9889
2026-07-29,9A9S,永豐南京,0,177,-177,,31.05
2026-07-29,9B2a,台新松德,1030,248,782,31.05,31.0046
2026-07-30,1020,合庫,0,2000,-2000,,31.4
2026-07-30,102E,合庫桃園,0,749,-749,,31.1
2026-07-30,102F,合庫西台,2000,0,2000,31.475,
2026-07-30,1042,臺銀臺南,1000,1000,0,31.5,31.25
2026-07-30,1043,臺銀民權,0,1000,-1000,,31.2
2026-07-30,1045,臺銀新竹,0,263,-263,,31.05
2026-07-30,1230,彰銀,106000,37000,69000,31.3854,31.3108
2026-07-30,1440,美林,23000,0,23000,31.4565,
2026-07-30,1470,台灣摩根,6000,2000,4000,31.4333,31.275
2026-07-30,1480,美商高盛,8161,0,8161,31.3338,
2026-07-30,1560,港商野村,27000,0,27000,31.3204,
2026-07-30,1590,花旗環球,2000,0,2000,31.325,
2026-07-30,1650,瑞銀,19000,16000,3000,31.2737,31.2812
2026-07-30,5856,統一台中,0,1000,-1000,,31.45
2026-07-30,585H,統一桃園,0,1,-1,,31.1
2026-07-30,585R,統一東湖,0,60000,-60000,,31.33
2026-07-30,6010,?亞,0,2000,-2000,,31.6
2026-07-30,601d,?亞鑫豐,0,2000,-2000,,31.5
2026-07-30,6460,大昌,0,1409,-1409,,31.2065
2026-07-30,700K,兆豐新營,0,1000,-1000,,31.5
2026-07-30,8440,摩根大通,34000,0,34000,31.3926,
2026-07-30,845D,康和板橋,299,0,299,31.1,
2026-07-30,845J,康和高雄,3000,0,3000,31.5167,
2026-07-30,8561,新光台中,0,3000,-3000,,31.35
2026-07-30,8562,新光高雄,0,2000,-2000,,31.35
2026-07-30,8840,玉山,3000,0,3000,31.35,
2026-07-30,8881,國泰高雄,502,0,502,31.4,
2026-07-30,8882,國泰台中,3000,10000,-7000,31.2667,31.54
2026-07-30,8888,國泰敦南,13,7288,-7275,31.4,31.4262
2026-07-30,8900,法銀巴黎,1000,0,1000,31.25,
2026-07-30,9100,群益,263,0,263,31.05,
2026-07-30,910D,群益市府,0,1000,-1000,,31.4
2026-07-30,9187,群益彰化,0,6000,-6000,,31.4
2026-07-30,9188,群益三民,0,1000,-1000,,31.4
2026-07-30,918E,群益南京,0,4000,-4000,,31.4
2026-07-30,9207,凱基永和,0,5000,-5000,,31.3
2026-07-30,9208,凱基桃園,0,2000,-2000,,31.55
2026-07-30,920F,凱基站前,0,333,-333,,31.4
2026-07-30,9238,凱基士林,0,1000,-1000,,31.2
2026-07-30,9268,凱基台北,23000,23000,0,31.1804,31.4261
2026-07-30,9287,凱基內湖,2000,0,2000,31.1,
2026-07-30,9300,華南永昌,0,10000,-10000,,31.425
2026-07-30,9303,華南高雄,0,1000,-1000,,31.3
2026-07-30,961F,富邦公益,0,13000,-13000,,31.3308
2026-07-30,9658,富邦建國,0,1000,-1000,,31.4
2026-07-30,9676,富邦仁愛,0,1000,-1000,,31.1
2026-07-30,9692,富邦嘉義,0,1000,-1000,,31.4
2026-07-30,9800,元大,4000,4000,0,31.3125,31.3125
2026-07-30,981G,元大彰化,0,2000,-2000,,31.05
2026-07-30,981j,元大士林,0,2000,-2000,,31.5
2026-07-30,9834,元大中壢,0,1000,-1000,,31.15
2026-07-30,983G,元大上新,0,376,-376,,31.4
2026-07-30,984H,元大景美,0,1000,-1000,,31.2
2026-07-30,984K,元大館前,0,3000,-3000,,31.3
2026-07-30,9857,元大蘆洲,1000,4000,-3000,31.6,31.5
2026-07-30,9858,元大龍潭,0,5000,-5000,,31.6
2026-07-30,9872,元大復北,0,5000,-5000,,31.25
2026-07-30,988B,元大桃園,0,10000,-10000,,31.5
2026-07-30,989P,元大敦南,0,3000,-3000,,31.45
2026-07-30,989Z,元大小港,1000,0,1000,31.5,
2026-07-30,989d,元大北屯,0,1000,-1000,,31.6
2026-07-30,9A00,永豐金,7000,13000,-6000,31.45,31.2769
2026-07-30,9A9J,永豐板新,1000,5000,-4000,31.3,31.2
2026-07-30,9B2a,台新松德,1191,0,1191,31.1675,
2026-07-30,9B2m,台新成功,0,10,-10,,31.4
2026-07-31,102F,合庫西台,0,2000,-2000,,31.4
2026-07-31,1040,臺銀,10000,0,10000,31.65,
2026-07-31,1042,臺銀臺南,1,0,1,31.75,
2026-07-31,1230,彰銀,109000,0,109000,31.6509,
2026-07-31,1440,美林,21000,5000,16000,31.5548,31.52
2026-07-31,1470,台灣摩根,18000,2000,16000,31.7,31.55
2026-07-31,1480,美商高盛,13000,2000,11000,31.6231,31.55
2026-07-31,1560,港商野村,2000,0,2000,31.4,
2026-07-31,1590,花旗環球,6000,0,6000,31.6333,
2026-07-31,1650,瑞銀,18000,20000,-2000,31.5917,31.6025
2026-07-31,2180,亞東,0,10000,-10000,,31.675
2026-07-31,526M,美好市政,0,1000,-1000,,31.75
2026-07-31,538E,第一自由,0,212,-212,,31.75
2026-07-31,5855,統一台南,0,4000,-4000,,31.75
2026-07-31,585R,統一東湖,0,103000,-103000,,31.6277
2026-07-31,6012,?亞網路,0,5000,-5000,,31.7
2026-07-31,7005,兆豐中港,0,1000,-1000,,31.6
2026-07-31,8440,摩根大通,0,2000,-2000,,31.6
2026-07-31,845D,康和板橋,62,0,62,31.5935,
2026-07-31,8560,新光,0,4000,-4000,,31.55
2026-07-31,8840,玉山,7000,0,7000,31.65,
2026-07-31,8882,國泰台中,0,100,-100,,31.65
2026-07-31,8883,國泰松江,0,13000,-13000,,31.6769
2026-07-31,8888,國泰敦南,23,1000,-977,31.7174,31.7
2026-07-31,888K,國泰板橋,1000,0,1000,31.7,
2026-07-31,913U,群益崇德,200,0,200,31.75,
2026-07-31,9187,群益彰化,0,2000,-2000,,31.7
2026-07-31,9200,凱基,1000,0,1000,31.7,
2026-07-31,921C,凱基民權,1,0,1,31.75,
2026-07-31,9268,凱基台北,20000,17000,3000,31.5475,31.5294
2026-07-31,9274,凱基鳳山,1000,0,1000,31.7,
2026-07-31,9287,凱基內湖,0,2000,-2000,,31.5
2026-07-31,9300,華南永昌,0,5000,-5000,,31.65
2026-07-31,9305,華南新莊,0,1,-1,,31.2
2026-07-31,9377,華南虎尾,0,6,-6,,31.75
2026-07-31,961F,富邦公益,200,11000,-10800,31.65,31.6227
2026-07-31,962C,富邦竹科,7000,0,7000,31.5429,
2026-07-31,9636,富邦中壢,10,0,10,31.75,
2026-07-31,9658,富邦建國,0,1000,-1000,,31.65
2026-07-31,9692,富邦嘉義,0,1000,-1000,,31.65
2026-07-31,9800,元大,1000,1000,0,31.5,31.65
2026-07-31,9813,元大中崙,0,1,-1,,31.7
2026-07-31,981L,元大莒光,1000,0,1000,31.55,
2026-07-31,981R,元大竹山,4000,0,4000,31.6,
2026-07-31,9831,元大四維,0,128,-128,,31.6
2026-07-31,9834,元大中壢,0,4,-4,,31.75
2026-07-31,9884,元大斗信,0,1000,-1000,,31.6
2026-07-31,989B,元大中港,100,0,100,31.65,
2026-07-31,989P,元大敦南,0,12000,-12000,,31.65
2026-07-31,989Z,元大小港,0,1000,-1000,,31.75
2026-07-31,9A69,永豐屏東,0,10000,-10000,,31.7
2026-07-31,9A8F,永豐敦南,1000,0,1000,31.5,
2026-07-31,9A9P,永豐竹北,1000,1000,0,31.8,31.55
2026-07-31,9B2a,台新松德,67,2202,-2135,31.6,31.6273
2026-07-31,9B2m,台新成功,0,10,-10,,31.7
2026-08-03,1042,臺銀臺南,1000,0,1000,31.35,
2026-08-03,1230,彰銀,140000,0,140000,31.3679,
2026-08-03,1440,美林,7000,27000,-20000,31.0786,31.1037
2026-08-03,1470,台灣摩根,1000,5000,-4000,31.05,31.34
2026-08-03,1480,美商高盛,0,7000,-7000,,31.3714
2026-08-03,1560,港商野村,0,1000,-1000,,31.65
2026-08-03,1590,花旗環球,18000,0,18000,31.325,
2026-08-03,1650,瑞銀,1000,33000,-32000,31.4,31.1576
2026-08-03,2180,亞東,0,4000,-4000,,31.7
2026-08-03,538j,第一安和,1000,0,1000,31.1,
2026-08-03,5850,統一,1000,0,1000,31.25,
2026-08-03,5851,統一高雄,1000,0,1000,31.1,
2026-08-03,585R,統一東湖,0,102000,-102000,,31.4098
2026-08-03,6012,?亞網路,20000,0,20000,31.05,
2026-08-03,6164,中信託文,1000,0,1000,31.7,
2026-08-03,6464,大昌新店,1105,0,1105,31.219,
2026-08-03,7008,兆豐三重,2000,0,2000,31.35,
2026-08-03,700K,兆豐新營,1000,0,1000,31.15,
2026-08-03,7790,國票綜合,0,5319,-5319,,31.1988
2026-08-03,779u,國票長城,0,1000,-1000,,31.2
2026-08-03,8440,摩根大通,0,30000,-30000,,31.12
2026-08-03,8458,康和台南,0,1000,-1000,,31.5
2026-08-03,845B,康和永和,26000,0,26000,31.1135,
2026-08-03,845J,康和高雄,0,3000,-3000,,31.05
2026-08-03,8880,國泰綜合,3000,0,3000,31.1,
2026-08-03,8888,國泰敦南,2020,0,2020,31.0792,
2026-08-03,9100,群益,0,20,-20,,31.5
2026-08-03,9108,群益海山,5000,0,5000,31.05,
2026-08-03,9187,群益彰化,4000,2000,2000,31.225,31.7
2026-08-03,918u,群益瑞豐,200,0,200,31.1,
2026-08-03,9200,凱基,0,5000,-5000,,31.13
2026-08-03,9268,凱基台北,1000,51000,-50000,31.1,31.1716
2026-08-03,9274,凱基鳳山,2000,0,2000,31.1,
2026-08-03,9287,凱基內湖,2000,0,2000,31.65,
2026-08-03,961F,富邦公益,3200,16000,-12800,31.1,31.2688
2026-08-03,962C,富邦竹科,4000,0,4000,31.075,
2026-08-03,963A,富邦八德,1000,0,1000,31.1,
2026-08-03,9647,富邦新竹,23000,0,23000,31.037,
2026-08-03,9658,富邦建國,0,1000,-1000,,31.7
2026-08-03,981h,元大屏生,100,0,100,31.3,
2026-08-03,981I,元大天母,0,5000,-5000,,31.2
2026-08-03,981R,元大竹山,2000,0,2000,31.15,
2026-08-03,9834,元大中壢,1000,0,1000,31.1,
2026-08-03,9862,元大南京,0,200,-200,,31.1
2026-08-03,989P,元大敦南,0,1000,-1000,,31.25
2026-08-03,9A00,永豐金,1000,12000,-11000,31.5,31.2
2026-08-03,9A69,永豐屏東,17000,0,17000,31.3676,
2026-08-03,9A9C,永豐員林,1000,0,1000,31.1,
2026-08-03,9A9x,永豐桃園,7000,0,7000,31.7,
2026-08-03,9B1d,台新左楠,0,4000,-4000,,31.05
2026-08-03,9B2a,台新松德,0,86,-86,,31.4
2026-08-03,9B2o,台新新興,18000,0,18000,31.05,
2026-08-03,9B2u,台新世貿,0,3000,-3000,,31.0
