date,broker_id,broker_name,buy_shares,sell_shares,net_shares,avg_buy_price,avg_sell_price
2026-05-07,1028,合庫彰化,1000,0,1000,18.0,
2026-05-07,102E,合庫桃園,2000,0,2000,18.075,
2026-05-07,102F,合庫西台,5000,0,5000,18.0,
2026-05-07,1043,臺銀民權,1,2082,-2081,18.0,18.082
2026-05-07,104C,臺銀高雄,0,3000,-3000,,18.2
2026-05-07,1114,企銀嘉義,5000,0,5000,18.02,
2026-05-07,1233,彰銀台中,0,5000,-5000,,18.15
2026-05-07,1260,宏遠,0,1000,-1000,,18.1069
2026-05-07,1440,美林,25000,0,25000,18.2,
2026-05-07,1470,台灣摩根,2000,0,2000,18.175,
2026-05-07,1480,美商高盛,12081,0,12081,18.0502,
2026-05-07,1560,港商野村,0,19000,-19000,,18.1263
2026-05-07,1590,花旗環球,2000,1000,1000,18.15,18.05
2026-05-07,1650,瑞銀,13000,0,13000,18.15,
2026-05-07,538C,第一光復,1,0,1,18.3,
2026-05-07,538D,第一忠孝,0,2000,-2000,,18.1
2026-05-07,5856,統一台中,0,5000,-5000,,18.15
2026-05-07,5859,統一屏東,10,0,10,18.0,
2026-05-07,585A,統一基隆,0,1,-1,,18.15
2026-05-07,585B,統一永和,1000,0,1000,18.15,
2026-05-07,585D,統一新台中,2000,0,2000,18.15,
2026-05-07,601d,?亞鑫豐,46,0,46,18.1,
2026-05-07,6160,中國信託,1000,0,1000,18.0,
2026-05-07,6380,光和,5000,0,5000,18.0,
2026-05-07,6461,大昌樹林,0,2000,-2000,,18.025
2026-05-07,6465,大昌桃園,0,1,-1,,18.15
2026-05-07,6620,口袋,1,0,1,18.3,
2026-05-07,7001,兆豐嘉義,1000,0,1000,18.0,
2026-05-07,700B,兆豐板橋,5000,0,5000,18.0,
2026-05-07,700F,兆豐虎尾,3000,1000,2000,18.2,18.15
2026-05-07,700G,兆豐麻豆,77,0,77,18.15,
2026-05-07,700H,兆豐東門,96,0,96,18.3,
2026-05-07,700M,兆豐桃園,3000,0,3000,18.1,
2026-05-07,700W,兆豐城中,1000,0,1000,18.0,
2026-05-07,700f,兆豐鹿港,0,1000,-1000,,18.15
2026-05-07,7035,致和東門,10,0,10,18.0,
2026-05-07,7790,國票綜合,1,0,1,18.0,
2026-05-07,779V,國票天祥,200,0,200,18.0,
2026-05-07,779Z,國票安和,1000,0,1000,18.15,
2026-05-07,8440,摩根大通,1000,3000,-2000,18.05,18.1
2026-05-07,8458,康和台南,1000,0,1000,18.0,
2026-05-07,8560,新光,30,0,30,18.0333,
2026-05-07,8561,新光台中,6,0,6,18.15,
2026-05-07,8563,新光新竹,0,1,-1,,18.2
2026-05-07,884B,玉山台中,1000,1000,0,18.0,18.0
2026-05-07,884D,玉山左營,1000,0,1000,18.05,
2026-05-07,884H,玉山新竹,0,325,-325,,18.0
2026-05-07,884M,玉山數位,0,2,-2,,18.15
2026-05-07,8881,國泰高雄,6064,5,6059,18.134,18.1
2026-05-07,8882,國泰台中,1000,5000,-4000,18.0,18.15
2026-05-07,8883,國泰松江,0,101,-101,,18.0589
2026-05-07,8885,國泰桃園,0,2,-2,,18.225
2026-05-07,8888,國泰敦南,2033,46002,-43969,18.0026,18.0652
2026-05-07,888A,國泰館前,0,1000,-1000,,18.05
2026-05-07,888K,國泰板橋,1000,0,1000,18.15,
2026-05-07,9100,群益,3000,0,3000,18.2,
2026-05-07,910D,群益市府,0,2000,-2000,,18.0
2026-05-07,913D,群益潭子,2000,0,2000,18.0,
2026-05-07,913H,群益屏東,0,1,-1,,18.1
2026-05-07,9184,群益台中,0,40000,-40000,,18.15
2026-05-07,9189,群益桃園,2000,0,2000,18.1,
2026-05-07,918W,群益忠孝,2000,0,2000,18.075,
2026-05-07,9202,凱基中港,2000,0,2000,18.15,
2026-05-07,9205,凱基三重,686,0,686,18.1219,
2026-05-07,920W,凱基大里,2000,0,2000,18.2,
2026-05-07,9211,凱基台南,500,0,500,18.2,
2026-05-07,9215,凱基高美,0,20001,-20001,,18.175
2026-05-07,9234,凱基竹北,10000,0,10000,18.0,
2026-05-07,9238,凱基士林,250,0,250,18.15,
2026-05-07,9268,凱基台北,18003,7000,11003,18.15,18.0714
2026-05-07,9278,凱基永康,0,4000,-4000,,18.025
2026-05-07,9300,華南永昌,50000,0,50000,18.118,
2026-05-07,9316,華南淡水,0,828,-828,,18.1902
2026-05-07,9317,華南林口,0,1,-1,,18.1
2026-05-07,9329,華南朴子,1,0,1,17.95,
2026-05-07,9359,華南中正,0,8000,-8000,,18.025
2026-05-07,9362,華南苗栗,0,20000,-20000,,18.1
2026-05-07,9363,華南彰化,1000,0,1000,18.0,
2026-05-07,9600,富邦,1000,0,1000,18.0,
2026-05-07,961F,富邦公益,2000,0,2000,18.15,
2026-05-07,961R,富邦南員,10000,10000,0,18.1,18.15
2026-05-07,961Y,富邦屏東,36,0,36,18.05,
2026-05-07,9623,富邦台北,100,0,100,18.1,
2026-05-07,9624,富邦竹北,0,2000,-2000,,18.1
2026-05-07,962B,富邦二林,1000,0,1000,18.0,
2026-05-07,962P,富邦頭份,0,4000,-4000,,18.1
2026-05-07,962Q,富邦北高,1000,0,1000,18.05,
2026-05-07,965U,富邦彰化,2,0,2,18.0,
2026-05-07,9665,富邦桃園,2000,0,2000,18.0,
2026-05-07,9666,富邦南屯,0,5000,-5000,,18.05
2026-05-07,9672,富邦員林,1000,0,1000,18.2,
2026-05-07,9800,元大,1000,1000,0,18.05,18.15
2026-05-07,980d,元大沙鹿,300,0,300,18.1,
2026-05-07,980u,元大府城,100,0,100,18.05,
2026-05-07,9812,元大台中,0,1000,-1000,,18.1
2026-05-07,981h,元大屏生,55,0,55,18.0818,
2026-05-07,981q,元大萬華,2000,0,2000,18.0,
2026-05-07,9829,元大永康,0,1,-1,,18.3
2026-05-07,9833,元大敦化,0,2000,-2000,,18.15
2026-05-07,9834,元大中壢,0,2,-2,,18.1
2026-05-07,984E,元大南勢,5000,0,5000,18.1,
2026-05-07,984H,元大景美,1000,1000,0,18.0,18.0
2026-05-07,9875,元大永寧,2000,0,2000,18.0,
2026-05-07,987A,元大楊梅,1000,1,999,18.0,18.1
2026-05-07,9888,元大鑫永,0,1,-1,,18.0
2026-05-07,9892,元大屏東,0,1,-1,,18.2
2026-05-07,989B,元大中港,0,1,-1,,18.2
2026-05-07,989C,元大板橋,3,0,3,18.25,
2026-05-07,989E,元大草屯,2000,1001,999,18.0,18.15
2026-05-07,989J,元大彰生,0,10096,-10096,,18.0116
2026-05-07,989S,元大鹿港,0,4050,-4050,,18.1257
2026-05-07,989W,元大站前,10,10000,-9990,18.15,18.0
2026-05-07,989j,元大樹林,1,0,1,18.25,
2026-05-07,9A00,永豐金,3000,2001,999,18.15,18.025
2026-05-07,9A9A,永豐羅東,1000,1000,0,18.0,18.2
2026-05-07,9A9C,永豐員林,2000,0,2000,18.0,
2026-05-07,9A9L,永豐台中,0,1,-1,,18.0
2026-05-07,9A9U,永豐中正,50,0,50,18.0,
2026-05-07,9A9Z,永豐復興,1,0,1,18.25,
2026-05-07,9A9e,永豐高雄,60,0,60,18.125,
2026-05-07,9A9g,永豐內湖,2000,0,2000,18.05,
2026-05-07,9A9s,永豐彰化,5000,0,5000,18.0,
2026-05-07,9B00,台新證券,2000,0,2000,18.2,
2026-05-07,9B16,台新台南,5000,0,5000,18.18,
2026-05-07,9B1d,台新左楠,0,60,-60,,18.05
2026-05-07,9B1h,台新台中,0,1001,-1001,,18.1499
2026-05-07,9B27,台新林園,2000,0,2000,18.05,
2026-05-07,9B2A,台新緯城,0,1,-1,,18.0
2026-05-07,9B2a,台新松德,1760,0,1760,18.0955,
2026-05-07,9B2b,台新板橋,0,4,-4,,18.075
2026-05-07,9B2i,台新中港,1000,0,1000,18.2,
2026-05-08,1020,合庫,2000,0,2000,18.175,
2026-05-08,1043,臺銀民權,0,1000,-1000,,18.1242
2026-05-08,104C,臺銀高雄,0,10000,-10000,,18.25
2026-05-08,1114,企銀嘉義,3000,0,3000,18.2,
2026-05-08,1440,美林,6000,7000,-1000,18.15,18.1786
2026-05-08,1470,台灣摩根,4000,5000,-1000,18.2,18.15
2026-05-08,1480,美商高盛,11000,19000,-8000,18.1773,18.1447
2026-05-08,1590,花旗環球,6000,20000,-14000,18.1917,18.1175
2026-05-08,1650,瑞銀,8000,2000,6000,18.25,18.2
2026-05-08,5382,第一台中,10000,0,10000,18.1,
2026-05-08,538E,第一自由,10000,0,10000,18.2,
2026-05-08,5852,統一敦南,0,12,-12,,18.1
2026-05-08,5855,統一台南,111,0,111,18.25,
2026-05-08,585D,統一新台中,0,4000,-4000,,18.15
2026-05-08,585I,統一員林,0,225,-225,,18.05
2026-05-08,6114,中銀員林,300,0,300,18.15,
2026-05-08,6160,中國信託,1000,0,1000,18.05,
2026-05-08,6380,光和,5000,0,5000,18.15,
2026-05-08,6620,口袋,1000,0,1000,18.05,
2026-05-08,7003,兆豐台中,0,3000,-3000,,18.3
2026-05-08,700H,兆豐東門,100,0,100,18.1,
2026-05-08,700W,兆豐城中,0,3000,-3000,,18.2333
2026-05-08,700f,兆豐鹿港,1000,2000,-1000,18.1,18.25
2026-05-08,7034,致和金華,1000,0,1000,18.25,
2026-05-08,7795,國票南港,1,0,1,18.35,
2026-05-08,779V,國票天祥,200,0,200,18.1,
2026-05-08,779Z,國票安和,1000,0,1000,18.15,
2026-05-08,779m,國票中港,25000,0,25000,18.224,
2026-05-08,8380,安泰,0,8000,-8000,,18.05
2026-05-08,8440,摩根大通,5000,6000,-1000,18.16,18.1833
2026-05-08,8458,康和台南,1000,0,1000,18.15,
2026-05-08,8560,新光,220,0,220,18.0548,
2026-05-08,8565,新光桃園,0,3000,-3000,,18.05
2026-05-08,8841,玉山雙和,1000,0,1000,18.15,
2026-05-08,884J,玉山大里,0,5,-5,,18.35
2026-05-08,8881,國泰高雄,1000,0,1000,18.15,
2026-05-08,8882,國泰台中,200,0,200,18.1,
2026-05-08,8885,國泰桃園,10000,298,9702,18.05,18.2
2026-05-08,8888,國泰敦南,3509,7002,-3493,18.1926,18.2
2026-05-08,888K,國泰板橋,130,0,130,18.2,
2026-05-08,888N,國泰新竹,1,0,1,18.35,
2026-05-08,913Y,群益館前,0,50,-50,,18.1
2026-05-08,918W,群益忠孝,2000,0,2000,18.3,
2026-05-08,918i,群益竹南,0,25000,-25000,,18.15
2026-05-08,9206,凱基高雄,0,1,-1,,18.25
2026-05-08,920M,凱基宜蘭,0,1000,-1000,,18.2
2026-05-08,921S,凱基新莊,1000,0,1000,18.25,
2026-05-08,9226,凱基汐止,19,0,19,18.1,
2026-05-08,9239,凱基市政,0,2001,-2001,,18.2
2026-05-08,9268,凱基台北,27001,13000,14001,18.2185,18.2038
2026-05-08,9272,凱基竹科,1000,0,1000,18.25,
2026-05-08,9285,凱基中壢,0,1000,-1000,,18.15
2026-05-08,9288,凱基埔墘,0,2,-2,,18.1
2026-05-08,9305,華南新莊,2000,0,2000,18.15,
2026-05-08,9306,華南台南,18,0,18,18.05,
2026-05-08,9316,華南淡水,1000,1181,-181,18.05,18.1591
2026-05-08,9329,華南朴子,29,0,29,18.1,
2026-05-08,9359,華南中正,0,10000,-10000,,18.25
2026-05-08,9377,華南虎尾,73,0,73,18.15,
2026-05-08,9608,富邦台東,20,0,20,18.1,
2026-05-08,9623,富邦台北,0,1000,-1000,,18.25
2026-05-08,9636,富邦中壢,60,0,60,18.2,
2026-05-08,9647,富邦新竹,1,0,1,18.35,
2026-05-08,9800,元大,1000,0,1000,18.3,
2026-05-08,981B,元大竹北,1,0,1,18.2,
2026-05-08,981C,元大路竹,0,1000,-1000,,18.1
2026-05-08,981g,元大大里,1000,3000,-2000,18.1,18.2333
2026-05-08,981h,元大屏生,1000,0,1000,18.1,
2026-05-08,982B,元大博愛,1,0,1,18.2,
2026-05-08,982C,元大六合,0,5,-5,,18.2
2026-05-08,984E,元大南勢,3000,0,3000,18.1,
2026-05-08,984K,元大館前,20000,0,20000,18.185,
2026-05-08,9868,元大文心,5000,0,5000,18.2,
2026-05-08,989D,元大左營,6,0,6,18.15,
2026-05-08,989J,元大彰生,5000,0,5000,18.1,
2026-05-08,9A00,永豐金,1,2000,-1999,18.35,18.225
2026-05-08,9A61,永豐鳳山,1000,0,1000,18.2,
2026-05-08,9A69,永豐屏東,100,2000,-1900,18.2,18.25
2026-05-08,9A89,永豐敦北,1,0,1,18.2,
2026-05-08,9A92,永豐萬盛,0,8000,-8000,,18.2
2026-05-08,9A98,永豐大園,0,3,-3,,18.0667
2026-05-08,9A9A,永豐羅東,0,7000,-7000,,18.2071
2026-05-08,9A9H,永豐新莊,0,10000,-10000,,18.25
2026-05-08,9A9J,永豐板新,1000,1000,0,18.15,18.3
2026-05-08,9A9Z,永豐復興,4,1000,-996,18.2,18.15
2026-05-08,9A9d,永豐古亭,0,1,-1,,18.25
2026-05-08,9B00,台新證券,0,6000,-6000,,18.2
2026-05-08,9B16,台新台南,1000,0,1000,18.15,
2026-05-08,9B20,台新台北,0,1,-1,,18.35
2026-05-08,9B2S,台新基隆,3000,0,3000,18.25,
2026-05-08,9B2X,台新草屯,2000,0,2000,18.15,
2026-05-08,9B2a,台新松德,178,1498,-1320,18.15,18.2499
2026-05-08,9B2l,台新大裕,1000,0,1000,18.1,
2026-05-11,102C,合庫自強,0,1,-1,,18.15
2026-05-11,1031,土銀台中,1000,0,1000,18.35,
2026-05-11,104A,臺銀臺中,0,1000,-1000,,18.3
2026-05-11,104C,臺銀高雄,0,1,-1,,18.35
2026-05-11,104D,臺銀金山,0,15000,-15000,,18.15
2026-05-11,1111,企銀台中,0,1000,-1000,,18.2
2026-05-11,1114,企銀嘉義,10000,0,10000,18.285,
2026-05-11,1260,宏遠,1000,0,1000,18.3,
2026-05-11,1440,美林,7000,2000,5000,18.15,18.25
2026-05-11,1470,台灣摩根,6000,0,6000,18.2917,
2026-05-11,1480,美商高盛,3000,1000,2000,18.2,18.35
2026-05-11,526K,美好富順,0,16000,-16000,,18.2
2026-05-11,5383,第一高雄,0,1,-1,,18.25
2026-05-11,5385,第一桃園,0,4000,-4000,,18.3
2026-05-11,5387,第一澎湖,0,1,-1,,18.15
2026-05-11,5850,統一,0,3,-3,,18.1
2026-05-11,5852,統一敦南,0,11000,-11000,,18.2773
2026-05-11,5855,統一台南,155,0,155,18.35,
2026-05-11,5859,統一屏東,10,0,10,18.05,
2026-05-11,585B,統一永和,0,1000,-1000,,18.2
2026-05-11,6110,台中銀,0,250,-250,,18.35
2026-05-11,6210,新百王,0,6000,-6000,,18.25
2026-05-11,7003,兆豐台中,0,30000,-30000,,18.3283
2026-05-11,700B,兆豐板橋,0,20250,-20250,,18.1907
2026-05-11,700J,兆豐公益,2,0,2,18.25,
2026-05-11,700M,兆豐桃園,3000,0,3000,18.25,
2026-05-11,700W,兆豐城中,0,1000,-1000,,18.35
2026-05-11,700f,兆豐鹿港,4000,0,4000,18.3,
2026-05-11,7790,國票綜合,191,0,191,18.1984,
2026-05-11,7795,國票南港,3,0,3,18.3,
2026-05-11,8440,摩根大通,1000,10000,-9000,18.3,18.27
2026-05-11,8458,康和台南,1000,0,1000,18.15,
2026-05-11,8560,新光,210,0,210,18.05,
2026-05-11,8561,新光台中,0,1,-1,,18.2
2026-05-11,8840,玉山,0,2000,-2000,,18.25
2026-05-11,884B,玉山台中,0,1000,-1000,,18.2
2026-05-11,884D,玉山左營,0,2000,-2000,,18.2
2026-05-11,884J,玉山大里,1001,0,1001,18.25,
2026-05-11,8884,國泰台南,2,3,-1,18.3,18.1
2026-05-11,8885,國泰桃園,0,47,-47,,18.3
2026-05-11,8886,國泰新莊,3,0,3,18.1,
2026-05-11,8888,國泰敦南,4033,5002,-969,18.2857,18.25
2026-05-11,913E,群益基隆,5000,0,5000,18.25,
2026-05-11,913R,群益北高,0,1,-1,,18.1
2026-05-11,913U,群益崇德,0,2000,-2000,,18.3
2026-05-11,9184,群益台中,0,10000,-10000,,18.3
2026-05-11,9185,群益台南,0,4000,-4000,,18.2
2026-05-11,918i,群益竹南,20000,0,20000,18.175,
2026-05-11,9200,凱基,10000,0,10000,18.265,
2026-05-11,9202,凱基中港,0,3000,-3000,,18.3
2026-05-11,9205,凱基三重,100,0,100,18.3,
2026-05-11,9206,凱基高雄,0,1,-1,,18.35
2026-05-11,9215,凱基高美,30000,0,30000,18.3,
2026-05-11,9217,凱基松山,0,8000,-8000,,18.3
2026-05-11,9233,凱基長庚,50000,0,50000,18.291,
2026-05-11,9239,凱基市政,0,2,-2,,18.35
2026-05-11,9266,凱基新豐,5000,0,5000,18.3,
2026-05-11,9268,凱基台北,1000,16000,-15000,18.15,18.3125
2026-05-11,9300,華南永昌,1000,0,1000,18.15,
2026-05-11,9331,華南鳳山,0,3000,-3000,,18.3
2026-05-11,9337,華南內壢,0,1000,-1000,,18.25
2026-05-11,9349,華南板橋,2000,0,2000,18.3,
2026-05-11,9363,華南彰化,0,2025,-2025,,18.2
2026-05-11,9608,富邦台東,20,0,20,18.2,
2026-05-11,961F,富邦公益,0,2000,-2000,,18.3
2026-05-11,9636,富邦中壢,0,1,-1,,18.15
2026-05-11,963A,富邦八德,0,1,-1,,18.35
2026-05-11,9654,富邦永和,0,1,-1,,18.1
2026-05-11,9657,富邦苗栗,0,800,-800,,18.2
2026-05-11,9658,富邦建國,17000,0,17000,18.2412,
2026-05-11,965K,富邦台中,0,1,-1,,18.25
2026-05-11,9667,富邦台南,0,3200,-3200,,18.2469
2026-05-11,966F,富邦左營,2,0,2,18.2,
2026-05-11,9676,富邦仁愛,0,1000,-1000,,18.25
2026-05-11,980Q,元大南崁,1,0,1,18.05,
2026-05-11,980d,元大沙鹿,200,5000,-4800,18.2,18.3
2026-05-11,981q,元大萬華,1000,0,1000,18.25,
2026-05-11,9833,元大敦化,0,13000,-13000,,18.2923
2026-05-11,9835,元大中山,0,1000,-1000,,18.15
2026-05-11,983G,元大上新,7000,0,7000,18.3071,
2026-05-11,984H,元大景美,1,0,1,18.1,
2026-05-11,9856,元大花蓮,0,1,-1,,18.2
2026-05-11,9875,元大永寧,1000,0,1000,18.35,
2026-05-11,9879,元大板三,0,1,-1,,18.15
2026-05-11,9894,元大桃興,2000,0,2000,18.2,
2026-05-11,989D,元大左營,3,0,3,18.15,
2026-05-11,989G,元大大同,100,0,100,18.35,
2026-05-11,989I,元大蘆中,0,121,-121,,18.2
2026-05-11,989J,元大彰生,0,10000,-10000,,18.275
2026-05-11,989S,元大鹿港,6000,0,6000,18.2083,
2026-05-11,989Y,元大基隆,10000,0,10000,18.275,
2026-05-11,9A00,永豐金,1,1,0,18.3,18.1
2026-05-11,9A61,永豐鳳山,0,2000,-2000,,18.25
2026-05-11,9A9A,永豐羅東,0,2064,-2064,,18.3242
2026-05-11,9A9U,永豐中正,2,0,2,18.3,
2026-05-11,9A9W,永豐市政,1,0,1,18.1,
2026-05-11,9A9Z,永豐復興,4,0,4,18.2,
2026-05-11,9A9a,永豐苓雅,1,0,1,18.2,
2026-05-11,9A9i,永豐新店,5000,1,4999,18.2,18.2
2026-05-11,9B00,台新證券,0,1,-1,,18.15
2026-05-11,9B1g,台新高雄,3000,1000,2000,18.35,18.3
2026-05-11,9B1h,台新台中,1,800,-799,18.3,18.2
2026-05-11,9B2a,台新松德,1536,0,1536,18.2,
2026-05-12,1020,合庫,0,2000,-2000,,18.75
2026-05-12,104A,臺銀臺中,0,2000,-2000,,18.6
2026-05-12,1261,宏遠民生,3000,0,3000,18.45,
2026-05-12,126X,宏遠新化,1000,1000,0,18.6,18.65
2026-05-12,1440,美林,4000,11000,-7000,18.9,18.45
2026-05-12,1470,台灣摩根,1000,1000,0,18.85,18.85
2026-05-12,1480,美商高盛,6000,26000,-20000,18.6917,18.4346
2026-05-12,1560,港商野村,15000,0,15000,18.85,
2026-05-12,1590,花旗環球,0,1000,-1000,,18.85
2026-05-12,1650,瑞銀,15000,0,15000,18.8367,
2026-05-12,5267,美好基隆,0,10000,-10000,,18.575
2026-05-12,5382,第一台中,30,20000,-19970,18.76,18.56
2026-05-12,538C,第一光復,2000,0,2000,18.85,
2026-05-12,538E,第一自由,0,9000,-9000,,18.7111
2026-05-12,5850,統一,26000,5001,20999,18.6808,18.83
2026-05-12,5852,統一敦南,20,18,2,18.4,18.4
2026-05-12,5858,統一嘉義,1000,0,1000,18.45,
2026-05-12,585J,統一三重,2000,0,2000,18.65,
2026-05-12,585Y,統一土城,1000,0,1000,18.6,
2026-05-12,6012,?亞網路,2000,10000,-8000,18.625,18.86
2026-05-12,601d,?亞鑫豐,3000,50,2950,18.65,19.0
2026-05-12,6160,中國信託,0,20000,-20000,,18.56
2026-05-12,6210,新百王,1000,0,1000,18.9,
2026-05-12,6460,大昌,5000,0,5000,18.4,
2026-05-12,6461,大昌樹林,1000,2000,-1000,18.45,18.575
2026-05-12,7003,兆豐台中,0,35000,-35000,,18.6286
2026-05-12,7005,兆豐中港,8000,0,8000,18.6438,
2026-05-12,700F,兆豐虎尾,5000,4000,1000,18.9,18.75
2026-05-12,700J,兆豐公益,2000,0,2000,18.5,
2026-05-12,700W,兆豐城中,0,1000,-1000,,18.85
2026-05-12,700Z,兆豐高雄,3000,0,3000,18.4,
2026-05-12,700a,兆豐忠孝,0,3000,-3000,,18.7
2026-05-12,700f,兆豐鹿港,0,6000,-6000,,18.8167
2026-05-12,700g,兆豐南門,0,10000,-10000,,18.9
2026-05-12,7035,致和東門,0,1000,-1000,,18.5
2026-05-12,7750,北城,2000,0,2000,18.45,
2026-05-12,7790,國票綜合,1,126,-125,18.85,18.95
2026-05-12,7795,國票南港,0,1000,-1000,,18.8
2026-05-12,779W,國票彰化,1000,0,1000,18.85,
2026-05-12,779e,國票南科,0,41000,-41000,,18.6768
2026-05-12,8440,摩根大通,53000,36000,17000,18.634,18.5389
2026-05-12,845A,康和內湖,0,2000,-2000,,18.8
2026-05-12,845D,康和板橋,1000,0,1000,18.75,
2026-05-12,845J,康和高雄,10000,0,10000,18.55,
2026-05-12,8560,新光,30000,8001,21999,18.5833,18.7937
2026-05-12,8561,新光台中,2511,2000,511,18.4009,18.85
2026-05-12,8562,新光高雄,2000,0,2000,18.8,
2026-05-12,8564,新光台南,1,0,1,18.8,
2026-05-12,8565,新光桃園,0,7000,-7000,,18.8857
2026-05-12,8840,玉山,0,1000,-1000,,18.7
2026-05-12,8841,玉山雙和,2000,0,2000,18.85,
2026-05-12,8843,玉山高雄,6000,6000,0,18.6167,18.85
2026-05-12,8849,玉山景美,0,3000,-3000,,18.7167
2026-05-12,884B,玉山台中,7000,0,7000,18.6643,
2026-05-12,884C,玉山信義,1000,0,1000,18.85,
2026-05-12,884F,玉山桃園,1000,4423,-3423,18.8,18.7357
2026-05-12,8884,國泰台南,0,1000,-1000,,18.95
2026-05-12,8885,國泰桃園,1,20261,-20260,18.45,18.7013
2026-05-12,8886,國泰新莊,0,300,-300,,18.75
2026-05-12,8887,國泰忠孝,10000,0,10000,18.84,
2026-05-12,8888,國泰敦南,2158,9165,-7007,18.4507,18.6665
2026-05-12,888A,國泰館前,1,1017,-1016,18.6,18.6763
2026-05-12,888K,國泰板橋,0,508,-508,,19.0
2026-05-12,9101,群益敦南,0,2000,-2000,,18.45
2026-05-12,910D,群益市府,0,1000,-1000,,18.8
2026-05-12,9135,群益東大,361,0,361,18.8,
2026-05-12,9138,群益中港,0,2000,-2000,,18.5
2026-05-12,913D,群益潭子,0,5000,-5000,,18.7
2026-05-12,913E,群益基隆,0,5000,-5000,,18.48
2026-05-12,913R,群益北高,0,2,-2,,18.5
2026-05-12,9184,群益台中,0,4000,-4000,,18.5
2026-05-12,9185,群益台南,10000,0,10000,18.6,
2026-05-12,918G,群益新莊,31000,0,31000,18.421,
2026-05-12,918W,群益忠孝,0,3000,-3000,,18.75
2026-05-12,918d,群益內湖,0,20,-20,,18.6625
2026-05-12,918i,群益竹南,0,1000,-1000,,18.6
2026-05-12,9200,凱基,11000,0,11000,18.6364,
2026-05-12,9205,凱基三重,1700,0,1700,18.8529,
2026-05-12,920C,凱基雙和,4000,0,4000,18.7125,
2026-05-12,920D,凱基市府,0,2000,-2000,,18.875
2026-05-12,9215,凱基高美,1000,90000,-89000,18.6,18.7361
2026-05-12,921C,凱基民權,55,0,55,18.9909,
2026-05-12,9223,凱基豐中,0,1000,-1000,,18.85
2026-05-12,9226,凱基汐止,0,22,-22,,18.6
2026-05-12,9229,凱基中山,0,3000,-3000,,18.9
2026-05-12,9234,凱基竹北,40000,1000,39000,18.475,18.7
2026-05-12,9237,凱基敦北,1000,0,1000,18.45,
2026-05-12,9268,凱基台北,44000,53000,-9000,18.7398,18.6198
2026-05-12,9300,華南永昌,5000,10070,-5070,18.85,18.4528
2026-05-12,9302,華南台中,76000,0,76000,18.8316,
2026-05-12,9303,華南高雄,10,0,10,18.45,
2026-05-12,9316,華南淡水,1000,8199,-7199,18.4,18.7719
2026-05-12,9332,華南楠梓,0,1,-1,,18.4
2026-05-12,9359,華南中正,0,19001,-19001,,18.5816
2026-05-12,9362,華南苗栗,0,1000,-1000,,18.55
2026-05-12,9616,富邦岡山,2000,4000,-2000,18.525,18.7
2026-05-12,961C,富邦南京,2000,0,2000,18.95,
2026-05-12,961H,富邦新板,13000,0,13000,18.4846,
2026-05-12,961K,富邦七賢,2,0,2,18.5,
2026-05-12,9623,富邦台北,20000,1000,19000,18.7,18.75
2026-05-12,9624,富邦竹北,0,3000,-3000,,18.7667
2026-05-12,962G,富邦斗六,0,1000,-1000,,18.8
2026-05-12,962Q,富邦北高,1000,0,1000,18.75,
2026-05-12,9654,富邦永和,0,1000,-1000,,18.85
2026-05-12,9655,富邦板橋,5000,1000,4000,18.68,18.8
2026-05-12,9658,富邦建國,2000,3000,-1000,18.85,18.55
2026-05-12,965K,富邦台中,10000,0,10000,18.925,
2026-05-12,965U,富邦彰化,0,1000,-1000,,18.75
2026-05-12,966F,富邦左營,0,1,-1,,18.45
2026-05-12,9672,富邦員林,1,0,1,18.45,
2026-05-12,9676,富邦仁愛,2000,0,2000,18.95,
2026-05-12,9800,元大,13000,12000,1000,18.7192,18.7542
2026-05-12,9801,元大松江,0,3000,-3000,,18.85
2026-05-12,980d,元大沙鹿,199,20000,-19801,18.9,18.5675
2026-05-12,9812,元大台中,0,10000,-10000,,18.7
2026-05-12,9817,元大東泰,0,2000,-2000,,18.9
2026-05-12,981G,元大彰化,0,2000,-2000,,18.95
2026-05-12,981N,元大金門,1000,0,1000,18.7,
2026-05-12,981Q,元大太平,9,0,9,18.85,
2026-05-12,981R,元大竹山,4000,0,4000,18.6,
2026-05-12,981Z,元大潮州,1000,0,1000,18.7,
2026-05-12,981g,元大大里,0,1000,-1000,,18.65
2026-05-12,982C,元大六合,0,1,-1,,18.6
2026-05-12,9833,元大敦化,4000,2000,2000,18.55,18.725
2026-05-12,9834,元大中壢,1000,0,1000,18.8,
2026-05-12,9838,元大豐原,0,1000,-1000,,18.85
2026-05-12,983i,元大大雅,4000,6000,-2000,18.825,18.7
2026-05-12,984K,元大館前,0,1,-1,,18.65
2026-05-12,9858,元大龍潭,1000,0,1000,18.85,
2026-05-12,9875,元大永寧,5000,0,5000,18.55,
2026-05-12,9884,元大斗信,1000,0,1000,18.7,
2026-05-12,988C,元大三重,0,2051,-2051,,18.8012
2026-05-12,9891,元大永和,0,10000,-10000,,18.44
2026-05-12,989A,元大北投,0,8001,-8001,,18.4
2026-05-12,989B,元大中港,10000,0,10000,18.85,
2026-05-12,989C,元大板橋,50,0,50,18.9,
2026-05-12,989D,元大左營,0,68,-68,,18.6301
2026-05-12,989F,元大高雄,20000,0,20000,18.5,
2026-05-12,989G,元大大同,4000,0,4000,18.6125,
2026-05-12,989L,元大成功,8000,0,8000,18.55,
2026-05-12,989Q,元大汐止,10000,0,10000,18.55,
2026-05-12,989S,元大鹿港,6000,0,6000,18.675,
2026-05-12,989W,元大站前,1000,148,852,18.4,18.8
2026-05-12,989Z,元大小港,1000,0,1000,18.4,
2026-05-12,9A00,永豐金,999,0,999,19.0,
2026-05-12,9A69,永豐屏東,3000,4000,-1000,18.35,18.6
2026-05-12,9A91,永豐松山,75,0,75,18.85,
2026-05-12,9A9A,永豐羅東,0,5000,-5000,,18.68
2026-05-12,9A9H,永豐新莊,488,0,488,18.6,
2026-05-12,9A9L,永豐台中,1000,102,898,18.55,18.7961
2026-05-12,9A9M,永豐南投,0,1,-1,,19.0
2026-05-12,9A9U,永豐中正,0,30,-30,,18.75
2026-05-12,9A9X,永豐竹科,0,10000,-10000,,18.925
2026-05-12,9A9Z,永豐復興,1,0,1,18.6,
2026-05-12,9A9a,永豐苓雅,1,1,0,18.6,18.45
2026-05-12,9A9g,永豐內湖,0,2000,-2000,,18.6
2026-05-12,9A9s,永豐彰化,0,3000,-3000,,18.9167
2026-05-12,9B00,台新證券,0,5256,-5256,,18.7972
2026-05-12,9B1g,台新高雄,0,1000,-1000,,18.8
2026-05-12,9B1h,台新台中,4000,2000,2000,18.65,18.45
2026-05-12,9B20,台新台北,0,1000,-1000,,18.55
2026-05-12,9B25,台新五權,2000,1000,1000,18.775,18.4
2026-05-12,9B2H,台新信義,2000,0,2000,18.425,
2026-05-12,9B2S,台新基隆,1000,2000,-1000,18.4,18.625
2026-05-12,9B2U,台新宜蘭,2000,4000,-2000,18.85,18.8
2026-05-12,9B2a,台新松德,1150,1976,-826,18.7499,18.7203
2026-05-12,9B2b,台新板橋,0,2,-2,,18.4
2026-05-12,9B2l,台新大裕,46000,3000,43000,18.663,18.7167
2026-05-12,9B2n,台新西松,6000,0,6000,18.7,
2026-05-12,9B2r,台新城東,6000,16000,-10000,18.4917,18.7375
2026-05-12,9B2w,台新佳里,0,1000,-1000,,18.75
2026-05-13,1031,土銀台中,1000,0,1000,18.45,
2026-05-13,1261,宏遠民生,1000,0,1000,18.45,
2026-05-13,1440,美林,0,18000,-18000,,18.475
2026-05-13,1470,台灣摩根,0,16000,-16000,,18.45
2026-05-13,1480,美商高盛,0,28000,-28000,,18.4464
2026-05-13,1560,港商野村,0,23000,-23000,,18.4326
2026-05-13,1590,花旗環球,1000,1000,0,18.4,18.4
2026-05-13,1650,瑞銀,0,17000,-17000,,18.4529
2026-05-13,5267,美好基隆,2000,0,2000,18.4,
2026-05-13,5384,第一台南,2000,2000,0,18.65,18.4
2026-05-13,5386,第一彰化,0,1000,-1000,,18.5
2026-05-13,538E,第一自由,0,2,-2,,18.65
2026-05-13,538W,第一華江,3000,0,3000,18.5,
2026-05-13,538j,第一安和,30,0,30,18.5,
2026-05-13,5850,統一,1000,15001,-14001,18.4,18.4
2026-05-13,5852,統一敦南,20,20,0,18.6,18.75
2026-05-13,585B,統一永和,0,3000,-3000,,18.4667
2026-05-13,585M,統一士林,0,3,-3,,18.55
2026-05-13,585g,統一平鎮,0,1,-1,,18.55
2026-05-13,601d,?亞鑫豐,5000,0,5000,18.51,
2026-05-13,6160,中國信託,2000,0,2000,18.475,
2026-05-13,6163,中信託永,932,0,932,18.5,
2026-05-13,6164,中信託文,0,10000,-10000,,18.45
2026-05-13,616A,中信中壢,0,1,-1,,18.5
2026-05-13,6210,新百王,4000,0,4000,18.45,
2026-05-13,6460,大昌,6000,0,6000,18.45,
2026-05-13,6461,大昌樹林,1000,0,1000,18.5,
2026-05-13,6464,大昌新店,2000,0,2000,18.5,
2026-05-13,7005,兆豐中港,8000,0,8000,18.5125,
2026-05-13,700G,兆豐麻豆,0,77,-77,,18.5
2026-05-13,700f,兆豐鹿港,6000,0,6000,18.475,
2026-05-13,700g,兆豐南門,0,200,-200,,18.5
2026-05-13,7790,國票綜合,5000,5069,-69,18.4,18.431
2026-05-13,7795,國票南港,1000,0,1000,18.5,
2026-05-13,779P,國票九鼎,0,10000,-10000,,18.5
2026-05-13,8440,摩根大通,0,52000,-52000,,18.4885
2026-05-13,845A,康和內湖,1000,0,1000,18.45,
2026-05-13,8561,新光台中,19000,2,18998,18.4316,18.5
2026-05-13,8562,新光高雄,1000,0,1000,18.55,
2026-05-13,8565,新光桃園,10,0,10,18.5,
2026-05-13,8840,玉山,1,0,1,18.75,
2026-05-13,8842,玉山新莊,0,1000,-1000,,18.4
2026-05-13,8843,玉山高雄,8000,0,8000,18.45,
2026-05-13,884F,玉山桃園,2000,0,2000,18.5,
2026-05-13,884H,玉山新竹,0,1,-1,,18.5
2026-05-13,884M,玉山數位,1000,0,1000,18.45,
2026-05-13,8883,國泰松江,1000,1,999,18.45,18.5
2026-05-13,8885,國泰桃園,10090,0,10090,18.4504,
2026-05-13,8887,國泰忠孝,1,0,1,18.75,
2026-05-13,8888,國泰敦南,3003,1,3002,18.4502,18.5
2026-05-13,888A,國泰館前,4000,2600,1400,18.45,18.5414
2026-05-13,918G,群益新莊,19000,0,19000,18.4474,
2026-05-13,918J,群益永和,33,0,33,18.5,
2026-05-13,918i,群益竹南,0,10000,-10000,,18.45
2026-05-13,9205,凱基三重,2000,0,2000,18.5,
2026-05-13,920F,凱基站前,5000,0,5000,18.55,
2026-05-13,9215,凱基高美,10000,0,10000,18.4,
2026-05-13,921C,凱基民權,30,0,30,18.65,
2026-05-13,9252,凱基嘉義,5000,0,5000,18.4,
2026-05-13,9268,凱基台北,2000,47000,-45000,18.65,18.5457
2026-05-13,9272,凱基竹科,0,1000,-1000,,18.4
2026-05-13,9296,凱基頭份,208,0,208,18.5481,
2026-05-13,9300,華南永昌,3000,1,2999,18.45,18.5
2026-05-13,9316,華南淡水,2000,1120,880,18.55,18.8232
2026-05-13,9343,華南頭份,9000,0,9000,18.45,
2026-05-13,9359,華南中正,0,5000,-5000,,18.55
2026-05-13,9363,華南彰化,1000,0,1000,18.5,
2026-05-13,9614,富邦基隆,1000,0,1000,18.5,
2026-05-13,961C,富邦南京,5000,2000,3000,18.5,18.425
2026-05-13,961H,富邦新板,9000,0,9000,18.6056,
2026-05-13,961Y,富邦屏東,0,36,-36,,18.5
2026-05-13,9624,富邦竹北,3155,0,3155,18.4683,
2026-05-13,9625,富邦竹東,1,0,1,18.65,
2026-05-13,962A,富邦南港,2000,0,2000,18.45,
2026-05-13,962D,富邦新莊,1000,0,1000,18.6,
2026-05-13,9654,富邦永和,1,0,1,18.75,
2026-05-13,9655,富邦板橋,1000,3000,-2000,18.55,18.4167
2026-05-13,9658,富邦建國,15000,0,15000,18.4167,
2026-05-13,965U,富邦彰化,0,2000,-2000,,18.6
2026-05-13,9661,富邦新店,0,2,-2,,18.55
2026-05-13,9665,富邦桃園,3000,0,3000,18.45,
2026-05-13,9666,富邦南屯,1000,0,1000,18.4,
2026-05-13,9672,富邦員林,1001,0,1001,18.5001,
2026-05-13,9692,富邦嘉義,10000,0,10000,18.4,
2026-05-13,9801,元大松江,10,0,10,18.55,
2026-05-13,980D,元大北府,6,0,6,18.55,
2026-05-13,980d,元大沙鹿,1000,0,1000,18.5,
2026-05-13,9812,元大台中,0,1000,-1000,,18.45
2026-05-13,9817,元大東泰,1000,0,1000,18.55,
2026-05-13,981G,元大彰化,6000,30000,-24000,18.6,18.425
2026-05-13,981N,元大金門,1000,0,1000,18.45,
2026-05-13,981Z,元大潮州,1000,0,1000,18.4,
2026-05-13,981e,元大佳里,300,0,300,18.5667,
2026-05-13,9833,元大敦化,0,13000,-13000,,18.4423
2026-05-13,9834,元大中壢,0,3000,-3000,,18.65
2026-05-13,983i,元大大雅,2000,0,2000,18.55,
2026-05-13,983j,元大仁愛,30,0,30,18.55,
2026-05-13,984E,元大南勢,4000,0,4000,18.45,
2026-05-13,9858,元大龍潭,1000,0,1000,18.4,
2026-05-13,9888,元大鑫永,5000,0,5000,18.5,
2026-05-13,9891,元大永和,10,0,10,18.65,
2026-05-13,989D,元大左營,0,1000,-1000,,18.4
2026-05-13,989E,元大草屯,11000,0,11000,18.45,
2026-05-13,989F,元大高雄,10000,0,10000,18.5,
2026-05-13,989G,元大大同,1000,0,1000,18.6,
2026-05-13,989S,元大鹿港,14000,0,14000,18.45,
2026-05-13,989Z,元大小港,1000,0,1000,18.55,
2026-05-13,989f,元大東港,0,1,-1,,18.5
2026-05-13,989g,元大嘉義,19,0,19,18.55,
2026-05-13,9A69,永豐屏東,4000,0,4000,18.45,
2026-05-13,9A91,永豐松山,2000,0,2000,18.4,
2026-05-13,9A9H,永豐新莊,10375,0,10375,18.8464,
2026-05-13,9A9J,永豐板新,0,13000,-13000,,18.5
2026-05-13,9A9L,永豐台中,1,0,1,18.65,
2026-05-13,9A9M,永豐南投,1000,0,1000,18.6,
2026-05-13,9A9S,永豐南京,0,1000,-1000,,18.45
2026-05-13,9A9W,永豐市政,5000,0,5000,18.6,
2026-05-13,9A9Z,永豐復興,1,0,1,18.65,
2026-05-13,9A9s,永豐彰化,3000,0,3000,18.4333,
2026-05-13,9B1d,台新左楠,0,10,-10,,18.5
2026-05-13,9B1h,台新台中,25000,0,25000,18.42,
2026-05-13,9B20,台新台北,0,1000,-1000,,18.4
2026-05-13,9B25,台新五權,1000,1000,0,18.55,18.65
2026-05-13,9B2D,台新大昌,0,8000,-8000,,18.4625
2026-05-13,9B2H,台新信義,0,1000,-1000,,18.45
2026-05-13,9B2a,台新松德,0,1150,-1150,,18.5968
2026-05-13,9B2b,台新板橋,0,1,-1,,18.75
2026-05-13,9B2l,台新大裕,16000,0,16000,18.4188,
2026-05-13,9B2m,台新成功,30,0,30,18.5,
2026-05-13,9B2r,台新城東,10001,0,10001,18.4,
2026-05-13,9B2v,台新桃園,1,0,1,18.5,
2026-05-13,9B2z,台新文心,1000,0,1000,18.45,
2026-05-14,1040,臺銀,1000,0,1000,18.5,
2026-05-14,104A,臺銀臺中,22000,0,22000,18.4591,
2026-05-14,104C,臺銀高雄,0,1,-1,,18.45
2026-05-14,1261,宏遠民生,1000,0,1000,18.35,
2026-05-14,1440,美林,0,7000,-7000,,18.35
2026-05-14,1470,台灣摩根,11000,0,11000,18.4909,
2026-05-14,1480,美商高盛,11000,14000,-3000,18.65,18.4786
2026-05-14,1560,港商野村,11000,21000,-10000,18.55,18.4857
2026-05-14,1590,花旗環球,0,13000,-13000,,18.4846
2026-05-14,1650,瑞銀,35000,1000,34000,18.5371,18.35
2026-05-14,538W,第一華江,0,2,-2,,18.45
2026-05-14,585B,統一永和,0,1000,-1000,,18.55
2026-05-14,585F,統一彰化,4000,0,4000,18.65,
2026-05-14,585M,統一士林,0,1,-1,,18.45
2026-05-14,6012,?亞網路,0,6000,-6000,,18.45
2026-05-14,6160,中國信託,1000,1000,0,18.6,18.55
2026-05-14,6210,新百王,3000,2000,1000,18.45,18.55
2026-05-14,6460,大昌,10000,0,10000,18.375,
2026-05-14,6461,大昌樹林,0,1000,-1000,,18.6
2026-05-14,700B,兆豐板橋,1000,0,1000,18.35,
2026-05-14,700f,兆豐鹿港,1000,1000,0,18.5,18.65
2026-05-14,700r,兆豐寶成,1000,0,1000,18.55,
2026-05-14,7790,國票綜合,3,0,3,18.4833,
2026-05-14,779E,國票南崁,2000,0,2000,18.65,
2026-05-14,779H,國票嘉義,0,1,-1,,18.45
2026-05-14,8440,摩根大通,17000,3000,14000,18.5324,18.5167
2026-05-14,845A,康和內湖,164,0,164,18.45,
2026-05-14,8560,新光,1,0,1,18.45,
2026-05-14,8561,新光台中,8,0,8,18.65,
2026-05-14,8565,新光桃園,10,0,10,18.4,
2026-05-14,8582,聯邦嘉義,0,1000,-1000,,18.6
2026-05-14,8843,玉山高雄,1000,9000,-8000,18.3,18.65
2026-05-14,8846,玉山板橋,0,2,-2,,18.45
2026-05-14,884F,玉山桃園,9,1033,-1024,18.45,18.6266
2026-05-14,884H,玉山新竹,0,2,-2,,18.4
2026-05-14,884J,玉山大里,1000,1000,0,18.4,18.45
2026-05-14,884M,玉山數位,0,1,-1,,18.45
2026-05-14,8882,國泰台中,1,1,0,19.5,18.7
2026-05-14,8888,國泰敦南,32,3005,-2973,19.45,18.3508
2026-05-14,9101,群益敦南,5000,730,4270,18.45,18.45
2026-05-14,913I,群益萬華,0,1,-1,,18.45
2026-05-14,9187,群益彰化,40000,0,40000,18.5,
2026-05-14,9189,群益桃園,1000,0,1000,18.45,
2026-05-14,918M,群益嘉義,3000,0,3000,18.5,
2026-05-14,918i,群益竹南,0,20000,-20000,,18.35
2026-05-14,9200,凱基,25000,0,25000,18.35,
2026-05-14,9215,凱基高美,0,67000,-67000,,18.5746
2026-05-14,9227,凱基城中,0,20000,-20000,,18.5
2026-05-14,9229,凱基中山,0,2000,-2000,,18.55
2026-05-14,9252,凱基嘉義,5000,0,5000,18.3,
2026-05-14,9268,凱基台北,18000,32000,-14000,18.4583,18.4328
2026-05-14,9278,凱基永康,0,3000,-3000,,18.3
2026-05-14,9300,華南永昌,0,3,-3,,18.7
2026-05-14,9316,華南淡水,1699,2309,-610,18.6266,18.6457
2026-05-14,9322,華南基隆,0,1000,-1000,,18.45
2026-05-14,9343,華南頭份,0,9000,-9000,,18.5
2026-05-14,9359,華南中正,0,5000,-5000,,18.4
2026-05-14,9366,華南豐原,1000,0,1000,18.55,
2026-05-14,9600,富邦,0,10,-10,,18.4
2026-05-14,9614,富邦基隆,1000,0,1000,18.45,
2026-05-14,9616,富邦岡山,0,1000,-1000,,18.55
2026-05-14,961C,富邦南京,2001,0,2001,18.5255,
2026-05-14,961F,富邦公益,2000,0,2000,18.55,
2026-05-14,961R,富邦南員,13000,8000,5000,18.65,18.4312
2026-05-14,9624,富邦竹北,0,1000,-1000,,18.55
2026-05-14,962E,富邦樹林,0,1362,-1362,,18.4867
2026-05-14,9654,富邦永和,0,7000,-7000,,18.55
2026-05-14,965K,富邦台中,0,7000,-7000,,18.55
2026-05-14,9672,富邦員林,0,10000,-10000,,18.455
2026-05-14,9676,富邦仁愛,0,2000,-2000,,18.45
2026-05-14,980K,元大竹科,0,1000,-1000,,18.5
2026-05-14,981y,元大善化,2000,0,2000,18.5,
2026-05-14,9834,元大中壢,8000,4000,4000,18.4625,18.45
2026-05-14,983W,元大德芳,30000,0,30000,18.6617,
2026-05-14,983i,元大大雅,2000,0,2000,18.55,
2026-05-14,984E,元大南勢,2000,0,2000,18.5,
2026-05-14,9853,元大南屯,9,0,9,18.4,
2026-05-14,9875,元大永寧,2000,0,2000,18.5,
2026-05-14,9889,元大員林,1000,0,1000,18.45,
2026-05-14,9894,元大桃興,0,2000,-2000,,18.65
2026-05-14,9898,元大新莊,0,1000,-1000,,18.5
2026-05-14,989B,元大中港,0,3,-3,,18.4333
2026-05-14,989D,元大左營,1,0,1,18.65,
2026-05-14,989E,元大草屯,10000,0,10000,18.45,
2026-05-14,989G,元大大同,1000,0,1000,18.35,
2026-05-14,989S,元大鹿港,6001,5000,1001,18.4917,18.3
2026-05-14,9A00,永豐金,1,3001,-3000,18.7,18.5
2026-05-14,9A91,永豐松山,1000,0,1000,18.3,
2026-05-14,9A92,永豐萬盛,0,1,-1,,18.7
2026-05-14,9A9A,永豐羅東,0,1000,-1000,,18.6
2026-05-14,9A9D,永豐忠孝,5000,0,5000,18.45,
2026-05-14,9A9J,永豐板新,0,27000,-27000,,18.65
2026-05-14,9A9Z,永豐復興,1,0,1,18.9,
2026-05-14,9A9a,永豐苓雅,4000,0,4000,18.35,
2026-05-14,9A9b,永豐虎尾,0,1,-1,,18.4
2026-05-14,9A9c,永豐永康,0,1,-1,,18.5
2026-05-14,9A9e,永豐高雄,36,0,36,18.45,
2026-05-14,9A9i,永豐新店,0,1,-1,,18.45
2026-05-14,9B00,台新證券,1,0,1,18.95,
2026-05-14,9B25,台新五權,2000,0,2000,18.45,
2026-05-14,9B2H,台新信義,0,1000,-1000,,18.35
2026-05-14,9B2W,台新吉利,1,0,1,18.7,
2026-05-14,9B2a,台新松德,495,0,495,18.45,
2026-05-14,9B2b,台新板橋,0,2,-2,,18.4
2026-05-14,9B2i,台新中港,1000,0,1000,18.35,
2026-05-14,9B2z,台新文心,1000,0,1000,18.45,
2026-05-15,104A,臺銀臺中,2219,6000,-3781,18.5056,18.4167
2026-05-15,104D,臺銀金山,3000,0,3000,18.4667,
2026-05-15,1114,企銀嘉義,2000,0,2000,18.55,
2026-05-15,1261,宏遠民生,6000,0,6000,18.3,
2026-05-15,1440,美林,0,9000,-9000,,18.4611
2026-05-15,1470,台灣摩根,6000,6000,0,18.5083,18.475
2026-05-15,1480,美商高盛,33001,1000,32001,18.4439,18.45
2026-05-15,1590,花旗環球,3000,3000,0,18.4833,18.2
2026-05-15,1650,瑞銀,0,39298,-39298,,18.3723
2026-05-15,2184,亞東新竹,1000,0,1000,18.25,
2026-05-15,5268,美好台南,0,1000,-1000,,18.4
2026-05-15,5384,第一台南,0,486,-486,,18.2524
2026-05-15,5385,第一桃園,2000,0,2000,18.25,
2026-05-15,538W,第一華江,2000,0,2000,18.45,
2026-05-15,538j,第一安和,50,0,50,18.5,
2026-05-15,585F,統一彰化,0,4000,-4000,,18.5
2026-05-15,6012,?亞網路,3000,0,3000,18.3333,
2026-05-15,601d,?亞鑫豐,9000,0,9000,18.2333,
2026-05-15,6115,中銀台北,1000,0,1000,18.3,
2026-05-15,611A,中銀豐原,1000,0,1000,18.3,
2026-05-15,6165,中信託新,1000,0,1000,18.4,
2026-05-15,6210,新百王,6076,2000,4076,18.281,18.5
2026-05-15,6460,大昌,5000,0,5000,18.4,
2026-05-15,7005,兆豐中港,13000,0,13000,18.2385,
2026-05-15,700B,兆豐板橋,1000,0,1000,18.25,
2026-05-15,700C,兆豐來福,4000,0,4000,18.4125,
2026-05-15,700H,兆豐東門,1000,0,1000,18.5,
2026-05-15,700f,兆豐鹿港,1000,0,1000,18.25,
2026-05-15,7790,國票綜合,0,3,-3,,18.3833
2026-05-15,779c,國票敦北,12000,0,12000,18.4625,
2026-05-15,779e,國票南科,0,10000,-10000,,18.45
2026-05-15,8440,摩根大通,3000,12000,-9000,18.4667,18.3375
2026-05-15,8492,京城嘉義,1000,0,1000,18.45,
2026-05-15,8560,新光,2000,1,1999,18.45,18.5
2026-05-15,8561,新光台中,7000,0,7000,18.2571,
2026-05-15,8565,新光桃園,3000,20,2980,18.3,18.55
2026-05-15,8842,玉山新莊,76,0,76,18.3,
2026-05-15,8843,玉山高雄,0,1,-1,,18.5
2026-05-15,884F,玉山桃園,24,0,24,18.3,
2026-05-15,8881,國泰高雄,0,1,-1,,18.65
2026-05-15,8882,國泰台中,1,0,1,18.55,
2026-05-15,8885,國泰桃園,0,1,-1,,18.65
2026-05-15,8886,國泰新莊,1,0,1,18.55,
2026-05-15,8887,國泰忠孝,1,0,1,18.5,
2026-05-15,8888,國泰敦南,6003,3,6000,18.3418,18.45
2026-05-15,888K,國泰板橋,1,1000,-999,18.65,18.4
2026-05-15,9184,群益台中,0,21000,-21000,,18.2381
2026-05-15,9187,群益彰化,20000,0,20000,18.45,
2026-05-15,9189,群益桃園,1000,0,1000,18.35,
2026-05-15,918J,群益永和,33,0,33,18.45,
2026-05-15,918W,群益忠孝,1000,0,1000,18.2,
2026-05-15,918i,群益竹南,0,24000,-24000,,18.4625
2026-05-15,9200,凱基,0,21000,-21000,,18.4
2026-05-15,920M,凱基宜蘭,1000,0,1000,18.2,
2026-05-15,9211,凱基台南,0,2000,-2000,,18.5
2026-05-15,9215,凱基高美,1000,5000,-4000,18.4,18.55
2026-05-15,921S,凱基新莊,0,1,-1,,18.25
2026-05-15,9227,凱基城中,0,10000,-10000,,18.5
2026-05-15,9229,凱基中山,2000,0,2000,18.25,
2026-05-15,9257,凱基林口,1000,0,1000,18.4,
2026-05-15,9268,凱基台北,12000,12000,0,18.4833,18.4
2026-05-15,9272,凱基竹科,0,3000,-3000,,18.25
2026-05-15,9300,華南永昌,29,0,29,18.1,
2026-05-15,9302,華南台中,1000,1025,-25,18.45,18.4902
2026-05-15,9303,華南高雄,11,0,11,18.45,
2026-05-15,9359,華南中正,0,7000,-7000,,18.5
2026-05-15,9363,華南彰化,10000,0,10000,18.45,
2026-05-15,9604,富邦陽明,0,1,-1,,18.55
2026-05-15,9616,富邦岡山,1000,0,1000,18.25,
2026-05-15,962B,富邦二林,0,3000,-3000,,18.2333
2026-05-15,962E,富邦樹林,0,1,-1,,18.2
2026-05-15,962G,富邦斗六,1,0,1,18.2,
2026-05-15,9658,富邦建國,1000,11000,-10000,18.5,18.5045
2026-05-15,965K,富邦台中,0,20000,-20000,,18.4625
2026-05-15,9663,富邦敦南,0,2000,-2000,,18.5
2026-05-15,9666,富邦南屯,0,1,-1,,18.1
2026-05-15,9693,富邦新營,1,0,1,18.55,
2026-05-15,9800,元大,0,20000,-20000,,18.5
2026-05-15,981G,元大彰化,2000,0,2000,18.3,
2026-05-15,981U,元大華山,1,0,1,18.65,
2026-05-15,981V,元大民雄,1,0,1,18.65,
2026-05-15,981g,元大大里,0,11000,-11000,,18.3
2026-05-15,9824,元大向上,5000,0,5000,18.51,
2026-05-15,983G,元大上新,27,0,27,18.55,
2026-05-15,983V,元大竹南,5000,0,5000,18.4,
2026-05-15,9853,元大南屯,2000,1000,1000,18.4,18.45
2026-05-15,985C,元大鳳中,1000,0,1000,18.45,
2026-05-15,985F,元大岡山,0,1,-1,,18.55
2026-05-15,989E,元大草屯,10000,0,10000,18.45,
2026-05-15,989S,元大鹿港,6000,0,6000,18.4917,
2026-05-15,989V,元大北重,454,0,454,18.25,
2026-05-15,9A89,永豐敦北,10,0,10,18.25,
2026-05-15,9A91,永豐松山,1000,0,1000,18.25,
2026-05-15,9A9D,永豐忠孝,0,5000,-5000,,18.45
2026-05-15,9A9H,永豐新莊,0,10000,-10000,,18.45
2026-05-15,9A9J,永豐板新,1000,1000,0,18.4,18.3
2026-05-15,9A9L,永豐台中,1000,0,1000,18.2,
2026-05-15,9A9U,永豐中正,20,0,20,18.3,
2026-05-15,9A9Z,永豐復興,1,0,1,18.65,
2026-05-15,9A9g,永豐內湖,0,1,-1,,18.45
2026-05-15,9A9h,永豐台南,1,0,1,18.65,
2026-05-15,9A9s,永豐彰化,1000,0,1000,18.4,
2026-05-15,9B00,台新證券,30000,3,29997,18.5,18.65
2026-05-15,9B1h,台新台中,15000,0,15000,18.4,
2026-05-15,9B25,台新五權,0,2000,-2000,,18.45
2026-05-15,9B2H,台新信義,14000,0,14000,18.5,
2026-05-15,9B2a,台新松德,0,195,-195,,18.3951
2026-05-15,9B2i,台新中港,1000,1000,0,18.3,18.25
2026-05-18,104A,臺銀臺中,2000,4000,-2000,18.05,18.325
2026-05-18,104D,臺銀金山,0,2000,-2000,,18.35
2026-05-18,1261,宏遠民生,4000,0,4000,18.275,
2026-05-18,1440,美林,10000,6000,4000,18.35,18.2917
2026-05-18,1470,台灣摩根,20000,0,20000,18.2325,
2026-05-18,1480,美商高盛,22000,2000,20000,18.3386,18.25
2026-05-18,1560,港商野村,0,1000,-1000,,18.1
2026-05-18,1590,花旗環球,0,3000,-3000,,18.3
2026-05-18,1650,瑞銀,34000,17000,17000,18.2044,18.0
2026-05-18,5261,美好蘆洲,0,1,-1,,18.1
2026-05-18,538W,第一華江,1000,0,1000,18.3,
2026-05-18,585c,統一仁愛,0,1,-1,,18.65
2026-05-18,601d,?亞鑫豐,5000,4,4996,18.01,18.65
2026-05-18,616K,中信託高,0,2000,-2000,,18.35
2026-05-18,6210,新百王,0,2076,-2076,,18.0537
2026-05-18,6460,大昌,2000,0,2000,18.15,
2026-05-18,6461,大昌樹林,1000,0,1000,18.25,
2026-05-18,6620,口袋,0,1,-1,,18.15
2026-05-18,7003,兆豐台中,0,48000,-48000,,18.2365
2026-05-18,7005,兆豐中港,7000,0,7000,18.0071,
2026-05-18,700B,兆豐板橋,2000,0,2000,18.05,
2026-05-18,700a,兆豐忠孝,3000,0,3000,18.25,
2026-05-18,7790,國票綜合,248,0,248,18.2,
2026-05-18,779m,國票中港,10000,0,10000,18.35,
2026-05-18,8440,摩根大通,3000,7000,-4000,18.25,18.15
2026-05-18,8458,康和台南,1000,1000,0,18.05,18.1
2026-05-18,8561,新光台中,4000,0,4000,17.975,
2026-05-18,8565,新光桃園,0,3000,-3000,,18.3
2026-05-18,8849,玉山景美,0,1000,-1000,,18.35
2026-05-18,8882,國泰台中,1,0,1,18.2,
2026-05-18,8885,國泰桃園,4000,100,3900,18.05,18.1
2026-05-18,8886,國泰新莊,1,0,1,18.1,
2026-05-18,8888,國泰敦南,5062,3369,1693,18.1482,18.1408
2026-05-18,8900,法銀巴黎,0,1000,-1000,,18.35
2026-05-18,9185,群益台南,5000,5000,0,17.95,18.35
2026-05-18,9189,群益桃園,0,2000,-2000,,18.2
2026-05-18,918J,群益永和,148,0,148,18.0274,
2026-05-18,918W,群益忠孝,1000,0,1000,18.3,
2026-05-18,918i,群益竹南,4000,0,4000,18.2,
2026-05-18,9209,凱基岡山,7000,0,7000,18.0,
2026-05-18,920D,凱基市府,1000,0,1000,18.0,
2026-05-18,9215,凱基高美,0,39000,-39000,,18.3
2026-05-18,9218,凱基大直,0,2,-2,,18.375
2026-05-18,9252,凱基嘉義,0,1,-1,,18.2
2026-05-18,9268,凱基台北,49000,29000,20000,18.2929,18.0534
2026-05-18,9300,華南永昌,0,5,-5,,18.15
2026-05-18,9302,華南台中,0,2000,-2000,,18.2
2026-05-18,9316,華南淡水,0,4,-4,,18.65
2026-05-18,9337,華南內壢,0,1,-1,,18.1
2026-05-18,9339,華南竹北,100,0,100,18.1,
2026-05-18,9349,華南板橋,2000,0,2000,18.35,
2026-05-18,9359,華南中正,0,14000,-14000,,18.2321
2026-05-18,9604,富邦陽明,0,1,-1,,18.1
2026-05-18,9616,富邦岡山,1000,1000,0,18.0,18.15
2026-05-18,961K,富邦七賢,68,0,68,18.2,
2026-05-18,961R,富邦南員,3000,0,3000,18.0,
2026-05-18,9624,富邦竹北,1000,0,1000,18.0,
2026-05-18,962G,富邦斗六,499,0,499,18.0,
2026-05-18,9654,富邦永和,0,15002,-15002,,18.2766
2026-05-18,965K,富邦台中,0,6000,-6000,,18.3167
2026-05-18,9665,富邦桃園,1,0,1,18.1,
2026-05-18,9801,元大松江,3000,0,3000,18.1,
2026-05-18,981C,元大路竹,100,0,100,18.15,
2026-05-18,981N,元大金門,0,1,-1,,18.2
2026-05-18,981U,元大華山,9000,0,9000,18.2944,
2026-05-18,9833,元大敦化,0,19000,-19000,,18.3184
2026-05-18,9834,元大中壢,3000,0,3000,18.2,
2026-05-18,9835,元大中山,0,200,-200,,18.15
2026-05-18,983Z,元大鳳山,2000,0,2000,18.3,
2026-05-18,9852,元大永春,0,1000,-1000,,18.3
2026-05-18,9853,元大南屯,10,0,10,18.65,
2026-05-18,9867,元大民權,0,2000,-2000,,18.35
2026-05-18,9869,元大新盛,0,1,-1,,18.15
2026-05-18,9889,元大員林,1000,0,1000,18.0,
2026-05-18,989G,元大大同,0,5000,-5000,,18.05
2026-05-18,989S,元大鹿港,17000,0,17000,18.2382,
2026-05-18,9A89,永豐敦北,20,0,20,18.1,
2026-05-18,9A9H,永豐新莊,1,0,1,18.1,
2026-05-18,9A9W,永豐市政,0,2000,-2000,,18.35
2026-05-18,9A9Y,永豐板盛,0,9000,-9000,,18.2833
2026-05-18,9A9Z,永豐復興,2,0,2,18.45,
2026-05-18,9A9h,永豐台南,1000,0,1000,18.35,
2026-05-18,9A9r,永豐北高,1,0,1,18.1,
2026-05-18,9B00,台新證券,4000,1129,2871,18.35,18.2886
2026-05-18,9B1g,台新高雄,0,50,-50,,18.1
2026-05-18,9B2a,台新松德,368,0,368,18.1707,
2026-05-18,9B2i,台新中港,0,1,-1,,18.1
2026-05-18,9B2l,台新大裕,1000,0,1000,18.1,
2026-05-18,9B2o,台新新興,0,680,-680,,18.0
2026-05-19,104A,臺銀臺中,0,16000,-16000,,18.4219
2026-05-19,1440,美林,5000,6000,-1000,18.45,18.4583
2026-05-19,1470,台灣摩根,4000,0,4000,18.4375,
2026-05-19,1480,美商高盛,31000,0,31000,18.5161,
2026-05-19,1590,花旗環球,1000,1000,0,18.45,18.4
2026-05-19,1650,瑞銀,12000,4000,8000,18.55,18.4625
2026-05-19,5261,美好蘆洲,0,3,-3,,18.4667
2026-05-19,5323,高橋內壢,0,4000,-4000,,18.6
2026-05-19,5385,第一桃園,0,2000,-2000,,18.55
2026-05-19,5850,統一,0,951,-951,,18.2479
2026-05-19,5852,統一敦南,0,20,-20,,18.35
2026-05-19,6010,?亞,0,10000,-10000,,18.45
2026-05-19,6012,?亞網路,0,5000,-5000,,18.43
2026-05-19,601d,?亞鑫豐,100,5000,-4900,18.45,18.41
2026-05-19,616K,中信託高,0,2000,-2000,,18.4
2026-05-19,6461,大昌樹林,0,1000,-1000,,18.6
2026-05-19,6620,口袋,0,1,-1,,18.35
2026-05-19,700J,兆豐公益,36000,0,36000,18.4722,
2026-05-19,700S,兆豐大同,0,107,-107,,18.55
2026-05-19,700Z,兆豐高雄,0,10000,-10000,,18.35
2026-05-19,700a,兆豐忠孝,1000,1000,0,18.4,18.5
2026-05-19,700f,兆豐鹿港,0,2002,-2002,,18.5248
2026-05-19,700h,兆豐三民,0,12000,-12000,,18.5
2026-05-19,779v,國票台中,6000,0,6000,18.45,
2026-05-19,8440,摩根大通,18000,0,18000,18.4278,
2026-05-19,845A,康和內湖,0,2000,-2000,,18.45
2026-05-19,845D,康和板橋,10002,0,10002,18.45,
2026-05-19,845J,康和高雄,2000,0,2000,18.425,
2026-05-19,845X,康和屏東,2000,0,2000,18.425,
2026-05-19,8564,新光台南,2000,0,2000,18.45,
2026-05-19,8842,玉山新莊,4,0,4,18.35,
2026-05-19,8849,玉山景美,0,1000,-1000,,18.5
2026-05-19,884B,玉山台中,7001,0,7001,18.6428,
2026-05-19,884F,玉山桃園,0,3025,-3025,,18.3996
2026-05-19,8882,國泰台中,0,1000,-1000,,18.4
2026-05-19,8884,國泰台南,0,6051,-6051,,18.5979
2026-05-19,8888,國泰敦南,2001,2,1999,18.375,18.4
2026-05-19,888A,國泰館前,1,0,1,18.75,
2026-05-19,888K,國泰板橋,0,14,-14,,18.45
2026-05-19,913D,群益潭子,0,5000,-5000,,18.4
2026-05-19,918W,群益忠孝,0,1000,-1000,,18.5
2026-05-19,918i,群益竹南,5000,5000,0,18.35,18.65
2026-05-19,920D,凱基市府,0,1000,-1000,,18.75
2026-05-19,920F,凱基站前,0,1000,-1000,,18.75
2026-05-19,9217,凱基松山,0,86,-86,,18.45
2026-05-19,9268,凱基台北,29000,3000,26000,18.5034,18.4833
2026-05-19,9287,凱基內湖,0,1,-1,,18.35
2026-05-19,9305,華南新莊,3000,0,3000,18.35,
2026-05-19,9316,華南淡水,2298,3102,-804,18.4112,18.5018
2026-05-19,9326,華南南京,0,5000,-5000,,18.45
2026-05-19,9331,華南鳳山,0,5,-5,,18.35
2026-05-19,9339,華南竹北,0,100,-100,,18.55
2026-05-19,9359,華南中正,0,14000,-14000,,18.5143
2026-05-19,9363,華南彰化,1000,0,1000,18.4,
2026-05-19,9616,富邦岡山,1000,1000,0,18.4,18.7
2026-05-19,9624,富邦竹北,0,2000,-2000,,18.575
2026-05-19,9654,富邦永和,0,11000,-11000,,18.45
2026-05-19,965K,富邦台中,0,4000,-4000,,18.4125
2026-05-19,9672,富邦員林,10000,0,10000,18.45,
2026-05-19,9697,富邦虎尾,0,1000,-1000,,18.4
2026-05-19,9800,元大,1000,2000,-1000,18.55,18.425
2026-05-19,980D,元大北府,0,1000,-1000,,18.45
2026-05-19,980d,元大沙鹿,1000,0,1000,18.5,
2026-05-19,981F,元大福營,0,275,-275,,18.5
2026-05-19,981N,元大金門,0,5000,-5000,,18.45
2026-05-19,981g,元大大里,0,1000,-1000,,18.5
2026-05-19,9824,元大向上,0,5000,-5000,,18.53
2026-05-19,9833,元大敦化,0,5000,-5000,,18.49
2026-05-19,983i,元大大雅,0,5000,-5000,,18.5
2026-05-19,984E,元大南勢,3000,0,3000,18.4,
2026-05-19,9856,元大花蓮,8000,0,8000,18.4,
2026-05-19,989C,元大板橋,0,50,-50,,18.3
2026-05-19,989S,元大鹿港,6000,0,6000,18.7167,
2026-05-19,989m,元大信義,2,0,2,18.7,
2026-05-19,9A00,永豐金,2000,3000,-1000,18.425,18.65
2026-05-19,9A9J,永豐板新,0,40000,-40000,,18.45
2026-05-19,9A9L,永豐台中,0,2000,-2000,,18.45
2026-05-19,9A9U,永豐中正,1,0,1,18.3,
2026-05-19,9A9Z,永豐復興,1,0,1,18.75,
2026-05-19,9A9s,永豐彰化,0,3000,-3000,,18.7
2026-05-19,9B16,台新台南,0,3000,-3000,,18.6
2026-05-19,9B1h,台新台中,25000,5000,20000,18.47,18.45
2026-05-19,9B2a,台新松德,1387,2,1385,18.3953,18.7
2026-05-19,9B2i,台新中港,1000,1000,0,18.65,18.4
2026-05-19,9B2r,台新城東,0,5000,-5000,,18.65
2026-05-19,9B2z,台新文心,0,1,-1,,18.55
2026-05-20,1021,合庫台中,2000,0,2000,18.5,
2026-05-20,102E,合庫桃園,0,2000,-2000,,18.55
2026-05-20,1260,宏遠,0,75,-75,,18.45
2026-05-20,1440,美林,0,1000,-1000,,18.55
2026-05-20,1470,台灣摩根,2000,1000,1000,18.5,18.5
2026-05-20,1480,美商高盛,2000,1000,1000,18.5,18.45
2026-05-20,1590,花旗環球,0,2000,-2000,,18.5
2026-05-20,1650,瑞銀,0,1000,-1000,,18.55
2026-05-20,5852,統一敦南,0,5000,-5000,,18.45
2026-05-20,616K,中信託高,0,5000,-5000,,18.51
2026-05-20,6950,福勝,1000,0,1000,18.55,
2026-05-20,700M,兆豐桃園,0,1002,-1002,,18.5
2026-05-20,700f,兆豐鹿港,0,15178,-15178,,18.4599
2026-05-20,7790,國票綜合,6,64,-58,18.5,18.5
2026-05-20,779v,國票台中,6000,6000,0,18.55,18.55
2026-05-20,8440,摩根大通,5000,2000,3000,18.49,18.525
2026-05-20,8560,新光,1000,0,1000,18.5,
2026-05-20,8561,新光台中,2000,0,2000,18.55,
2026-05-20,8843,玉山高雄,1,0,1,18.55,
2026-05-20,884F,玉山桃園,0,1000,-1000,,18.55
2026-05-20,8881,國泰高雄,1,0,1,18.5,
2026-05-20,8883,國泰松江,0,4,-4,,18.5
2026-05-20,8884,國泰台南,0,1,-1,,18.5
2026-05-20,8886,國泰新莊,2000,0,2000,18.6,
2026-05-20,8888,國泰敦南,121,520,-399,18.45,18.5145
2026-05-20,9101,群益敦南,2000,0,2000,18.5,
2026-05-20,913Y,群益館前,0,1000,-1000,,18.55
2026-05-20,918G,群益新莊,0,5000,-5000,,18.47
2026-05-20,918K,群益東湖,10000,0,10000,18.55,
2026-05-20,918W,群益忠孝,0,1000,-1000,,18.55
2026-05-20,918i,群益竹南,20000,0,20000,18.5,
2026-05-20,920W,凱基大里,0,2000,-2000,,18.55
2026-05-20,9215,凱基高美,0,2000,-2000,,18.6
2026-05-20,921M,凱基八德,0,1,-1,,18.9
2026-05-20,9223,凱基豐中,0,1000,-1000,,18.55
2026-05-20,9268,凱基台北,25000,14000,11000,18.516,18.4679
2026-05-20,9300,華南永昌,0,3000,-3000,,18.55
2026-05-20,9302,華南台中,2000,0,2000,18.55,
2026-05-20,9306,華南台南,36,0,36,18.5,
2026-05-20,9316,華南淡水,0,4001,-4001,,18.5376
2026-05-20,9331,華南鳳山,5000,0,5000,18.55,
2026-05-20,9616,富邦岡山,0,1000,-1000,,18.55
2026-05-20,9624,富邦竹北,0,2000,-2000,,18.525
2026-05-20,9697,富邦虎尾,0,2000,-2000,,18.45
2026-05-20,9801,元大松江,0,3000,-3000,,18.55
2026-05-20,980d,元大沙鹿,1000,0,1000,18.55,
2026-05-20,981g,元大大里,0,1000,-1000,,18.5
2026-05-20,9833,元大敦化,0,6000,-6000,,18.5333
2026-05-20,983G,元大上新,3000,0,3000,18.45,
2026-05-20,983N,元大大安,5000,0,5000,18.5,
2026-05-20,984E,元大南勢,2000,0,2000,18.45,
2026-05-20,9853,元大南屯,1,0,1,18.45,
2026-05-20,9856,元大花蓮,0,5000,-5000,,18.55
2026-05-20,985C,元大鳳中,2000,0,2000,18.45,
2026-05-20,9879,元大板三,0,1000,-1000,,18.55
2026-05-20,9884,元大斗信,0,664,-664,,18.5
2026-05-20,9898,元大新莊,0,2000,-2000,,18.55
2026-05-20,989J,元大彰生,91,0,91,18.45,
2026-05-20,989S,元大鹿港,6000,0,6000,18.5167,
2026-05-20,9A00,永豐金,30,2000,-1970,18.7683,18.525
2026-05-20,9A97,永豐新竹,0,1000,-1000,,18.5
2026-05-20,9A9J,永豐板新,0,10000,-10000,,18.55
2026-05-20,9A9N,永豐桃盛,0,9,-9,,18.5
2026-05-20,9A9U,永豐中正,1,0,1,18.45,
2026-05-20,9A9Z,永豐復興,1,0,1,18.75,
2026-05-20,9A9c,永豐永康,40,0,40,18.45,
2026-05-20,9B1g,台新高雄,5000,0,5000,18.55,
2026-05-20,9B2S,台新基隆,0,1000,-1000,,18.55
2026-05-20,9B2a,台新松德,1162,2002,-840,18.5,18.55
2026-05-20,9B2i,台新中港,0,1000,-1000,,18.55
2026-05-20,9B2r,台新城東,5000,0,5000,18.4,
2026-05-20,9B2y,台新花蓮,30,0,30,18.5,
2026-05-21,1025,合庫基隆,0,1,-1,,18.5
2026-05-21,1040,臺銀,0,1,-1,,18.55
2026-05-21,104A,臺銀臺中,0,1,-1,,18.5
2026-05-21,104C,臺銀高雄,600,0,600,18.55,
2026-05-21,1261,宏遠民生,1000,0,1000,18.5,
2026-05-21,1440,美林,1000,0,1000,18.55,
2026-05-21,1470,台灣摩根,4000,6000,-2000,18.525,18.5417
2026-05-21,5380,第一金證,0,1,-1,,18.5
2026-05-21,5381,第一員林,0,20000,-20000,,18.525
2026-05-21,5382,第一台中,0,16000,-16000,,18.55
2026-05-21,585R,統一東湖,2000,0,2000,18.5,
2026-05-21,6110,台中銀,1000,0,1000,18.5,
2026-05-21,6160,中國信託,1,0,1,18.5,
2026-05-21,6620,口袋,2,1,1,18.525,18.5
2026-05-21,700f,兆豐鹿港,0,19027,-19027,,18.5106
2026-05-21,7031,致和台北,1000,0,1000,18.5,
2026-05-21,7790,國票綜合,0,1,-1,,18.5
2026-05-21,7792,國票北投,2000,0,2000,18.55,
2026-05-21,779D,國票台南,4,0,4,18.6,
2026-05-21,779Z,國票安和,1000,0,1000,18.55,
2026-05-21,779v,國票台中,6027,6000,27,18.55,18.55
2026-05-21,8440,摩根大通,0,2000,-2000,,18.525
2026-05-21,845X,康和屏東,0,2000,-2000,,18.5
2026-05-21,8520,中農,60,0,60,18.55,
2026-05-21,8560,新光,8000,0,8000,18.5438,
2026-05-21,8561,新光台中,60,1,59,18.5,18.5
2026-05-21,8841,玉山雙和,0,5000,-5000,,18.5
2026-05-21,884B,玉山台中,1000,2000,-1000,18.55,18.5
2026-05-21,884D,玉山左營,0,1000,-1000,,18.55
2026-05-21,884F,玉山桃園,0,1,-1,,18.55
2026-05-21,884M,玉山數位,0,1,-1,,18.55
2026-05-21,8886,國泰新莊,10,0,10,18.6,
2026-05-21,8888,國泰敦南,1001,255,746,18.5,18.5508
2026-05-21,888K,國泰板橋,2,0,2,18.55,
2026-05-21,9101,群益敦南,0,7000,-7000,,18.55
2026-05-21,9131,群益民權,4000,0,4000,18.525,
2026-05-21,918G,群益新莊,0,3000,-3000,,18.5333
2026-05-21,918J,群益永和,157,0,157,18.5003,
2026-05-21,918i,群益竹南,10000,0,10000,18.525,
2026-05-21,918x,群益延平,1000,0,1000,18.5,
2026-05-21,9215,凱基高美,10000,0,10000,18.55,
2026-05-21,9268,凱基台北,5000,7000,-2000,18.55,18.55
2026-05-21,9297,凱基文心,0,1,-1,,18.5
2026-05-21,9300,華南永昌,0,1,-1,,18.55
2026-05-21,9316,華南淡水,1235,30,1205,18.504,18.6
2026-05-21,9322,華南基隆,0,16,-16,,18.55
2026-05-21,9326,華南南京,0,1,-1,,18.5
2026-05-21,9349,華南板橋,2000,0,2000,18.55,
2026-05-21,9600,富邦,0,2,-2,,18.5
2026-05-21,9608,富邦台東,20,0,20,18.6,
2026-05-21,961C,富邦南京,0,1,-1,,18.5
2026-05-21,961F,富邦公益,1000,0,1000,18.5,
2026-05-21,9623,富邦台北,0,1,-1,,18.55
2026-05-21,9627,富邦內湖,2000,0,2000,18.55,
2026-05-21,962E,富邦樹林,1000,0,1000,18.5,
2026-05-21,9647,富邦新竹,1000,0,1000,18.5,
2026-05-21,965K,富邦台中,10000,34,9966,18.53,18.55
2026-05-21,965U,富邦彰化,1000,0,1000,18.5,
2026-05-21,9661,富邦新店,0,431,-431,,18.5
2026-05-21,9666,富邦南屯,0,5000,-5000,,18.55
2026-05-21,9676,富邦仁愛,0,1000,-1000,,18.55
2026-05-21,9697,富邦虎尾,0,2000,-2000,,18.55
2026-05-21,980e,元大清水,0,1000,-1000,,18.55
2026-05-21,9833,元大敦化,5000,1000,4000,18.5,18.55
2026-05-21,984E,元大南勢,2000,0,2000,18.5,
2026-05-21,9853,元大南屯,9,0,9,18.55,
2026-05-21,9856,元大花蓮,0,250,-250,,18.55
2026-05-21,9872,元大復北,2000,0,2000,18.55,
2026-05-21,9891,元大永和,10,0,10,18.55,
2026-05-21,9896,元大台南,0,1,-1,,18.55
2026-05-21,989F,元大高雄,0,5,-5,,18.5
2026-05-21,989J,元大彰生,0,225,-225,,18.55
2026-05-21,989U,元大大甲,0,1000,-1000,,18.55
2026-05-21,989V,元大北重,2000,0,2000,18.55,
2026-05-21,989g,元大嘉義,1000,0,1000,18.65,
2026-05-21,9A00,永豐金,0,1,-1,,18.55
2026-05-21,9A61,永豐鳳山,2000,0,2000,18.55,
2026-05-21,9A9Z,永豐復興,1,0,1,18.55,
2026-05-21,9B1h,台新台中,17000,0,17000,18.5353,
2026-05-21,9B2a,台新松德,0,1000,-1000,,18.5
2026-05-21,9B2b,台新板橋,0,2,-2,,18.55
2026-05-21,9B2m,台新成功,94,0,94,18.5,
2026-05-21,9B2r,台新城東,0,1000,-1000,,18.65
2026-05-22,1021,合庫台中,1302,1000,302,18.5499,18.7
2026-05-22,1028,合庫彰化,5000,0,5000,18.55,
2026-05-22,1035,土銀新竹,2000,0,2000,18.45,
2026-05-22,1114,企銀嘉義,0,10000,-10000,,18.7
2026-05-22,1233,彰銀台中,0,5000,-5000,,18.7
2026-05-22,1260,宏遠,0,69,-69,,18.6
2026-05-22,1261,宏遠民生,1000,0,1000,18.45,
2026-05-22,1440,美林,4000,0,4000,18.55,
2026-05-22,1470,台灣摩根,4000,2571,1429,18.5125,18.489
2026-05-22,1480,美商高盛,0,1000,-1000,,18.6
2026-05-22,1650,瑞銀,2000,23000,-21000,18.525,18.5957
2026-05-22,2180,亞東,0,1,-1,,18.35
2026-05-22,2184,亞東新竹,2000,0,2000,18.55,
2026-05-22,5267,美好基隆,0,2000,-2000,,18.7
2026-05-22,5385,第一桃園,5000,0,5000,18.5,
2026-05-22,5386,第一彰化,5000,0,5000,18.45,
2026-05-22,538I,第一頭份,0,3000,-3000,,18.7
2026-05-22,538W,第一華江,0,5022,-5022,,18.4996
2026-05-22,5850,統一,0,1000,-1000,,18.55
2026-05-22,5855,統一台南,0,1,-1,,18.35
2026-05-22,585B,統一永和,0,2000,-2000,,18.5
2026-05-22,585U,統一南京,0,2000,-2000,,18.55
2026-05-22,6012,?亞網路,6,0,6,18.6,
2026-05-22,6110,台中銀,0,3000,-3000,,18.6
2026-05-22,6115,中銀台北,0,1000,-1000,,18.65
2026-05-22,6168,中信嘉義,2000,1,1999,18.55,18.5
2026-05-22,616K,中信託高,0,2000,-2000,,18.55
2026-05-22,6460,大昌,2000,0,2000,18.5,
2026-05-22,6461,大昌樹林,1000,0,1000,18.5,
2026-05-22,6620,口袋,11,14,-3,18.35,18.6
2026-05-22,7006,兆豐台南,1000,0,1000,18.55,
2026-05-22,7007,兆豐竹北,1000,0,1000,18.5,
2026-05-22,700f,兆豐鹿港,0,4000,-4000,,18.6625
2026-05-22,7790,國票綜合,3,0,3,18.4333,
2026-05-22,779D,國票台南,1000,0,1000,18.55,
2026-05-22,779v,國票台中,8000,6000,2000,18.6,18.55
2026-05-22,8440,摩根大通,1000,34000,-33000,18.6,18.5574
2026-05-22,8562,新光高雄,0,2000,-2000,,18.5
2026-05-22,8565,新光桃園,1,0,1,18.55,
2026-05-22,8840,玉山,0,2000,-2000,,18.6
2026-05-22,8842,玉山新莊,138,0,138,18.1,
2026-05-22,884B,玉山台中,10000,2000,8000,18.65,18.5
2026-05-22,884F,玉山桃園,0,3000,-3000,,18.5333
2026-05-22,8882,國泰台中,1,5030,-5029,18.6,18.6488
2026-05-22,8885,國泰桃園,0,14005,-14005,,18.5499
2026-05-22,8886,國泰新莊,1,1,0,18.55,18.55
2026-05-22,8888,國泰敦南,2005,1,2004,18.4753,18.55
2026-05-22,888K,國泰板橋,6,0,6,18.55,
2026-05-22,910D,群益市府,0,1,-1,,18.5
2026-05-22,9131,群益民權,0,2000,-2000,,18.65
2026-05-22,913Y,群益館前,0,1,-1,,18.55
2026-05-22,9184,群益台中,0,10000,-10000,,18.57
2026-05-22,918G,群益新莊,0,4000,-4000,,18.55
2026-05-22,918J,群益永和,283,0,283,18.1807,
2026-05-22,918i,群益竹南,0,4000,-4000,,18.6
2026-05-22,920G,凱基彰化,0,26,-26,,18.5
2026-05-22,9217,凱基松山,2000,0,2000,18.6,
2026-05-22,9234,凱基竹北,0,25000,-25000,,18.506
2026-05-22,9236,凱基虎尾,0,6,-6,,18.5
2026-05-22,9268,凱基台北,32001,28000,4001,18.5156,18.6
2026-05-22,9306,華南台南,0,1000,-1000,,18.65
2026-05-22,9316,華南淡水,1199,1100,99,18.4334,18.5545
2026-05-22,9614,富邦基隆,0,2000,-2000,,18.55
2026-05-22,961K,富邦七賢,4000,2000,2000,18.5,18.65
2026-05-22,961R,富邦南員,0,13000,-13000,,18.45
2026-05-22,961Z,富邦永康,1000,0,1000,18.5,
2026-05-22,9636,富邦中壢,1,1,0,18.55,18.55
2026-05-22,9647,富邦新竹,2000,0,2000,18.525,
2026-05-22,9658,富邦建國,0,1000,-1000,,18.45
2026-05-22,965K,富邦台中,2000,0,2000,18.55,
2026-05-22,9667,富邦台南,0,200,-200,,18.55
2026-05-22,9672,富邦員林,1000,0,1000,18.6,
2026-05-22,9676,富邦仁愛,0,1,-1,,18.35
2026-05-22,980d,元大沙鹿,0,2200,-2200,,18.5318
2026-05-22,981G,元大彰化,1000,0,1000,18.65,
2026-05-22,981I,元大天母,8,0,8,18.6,
2026-05-22,981g,元大大里,0,1000,-1000,,18.65
2026-05-22,981j,元大士林,1000,0,1000,18.55,
2026-05-22,984E,元大南勢,3000,0,3000,18.55,
2026-05-22,9856,元大花蓮,2000,0,2000,18.525,
2026-05-22,9857,元大蘆洲,0,1,-1,,18.45
2026-05-22,9858,元大龍潭,1,0,1,18.6,
2026-05-22,9871,元大忠孝,0,85,-85,,18.55
2026-05-22,9872,元大復北,1000,0,1000,18.55,
2026-05-22,9889,元大員林,100000,0,100000,18.634,
2026-05-22,9891,元大永和,5,0,5,18.55,
2026-05-22,9898,元大新莊,1,0,1,18.6,
2026-05-22,989B,元大中港,0,1000,-1000,,18.55
2026-05-22,989U,元大大甲,49,0,49,18.1,
2026-05-22,989V,元大北重,186,0,186,18.6,
2026-05-22,989W,元大站前,0,1000,-1000,,18.65
2026-05-22,989g,元大嘉義,10001,1000,9001,18.5,18.55
2026-05-22,9A00,永豐金,0,50,-50,,18.55
2026-05-22,9A69,永豐屏東,0,4000,-4000,,18.65
2026-05-22,9A9J,永豐板新,0,15000,-15000,,18.5333
2026-05-22,9A9L,永豐台中,1,0,1,18.1,
2026-05-22,9A9U,永豐中正,0,1001,-1001,,18.5
2026-05-22,9A9W,永豐市政,0,1,-1,,18.5
2026-05-22,9A9Z,永豐復興,3,0,3,18.55,
2026-05-22,9A9x,永豐桃園,2000,0,2000,18.55,
2026-05-22,9B13,台新三民,0,25,-25,,18.6
2026-05-22,9B1h,台新台中,30000,0,30000,18.54,
2026-05-22,9B22,台新新店,0,6000,-6000,,18.5
2026-05-22,9B28,台新北新,1000,0,1000,18.55,
2026-05-22,9B2D,台新大昌,0,1000,-1000,,18.5
2026-05-22,9B2H,台新信義,6000,0,6000,18.5,
2026-05-22,9B2P,台新同大,0,1,-1,,18.5
2026-05-22,9B2a,台新松德,86,28,58,18.4587,18.55
2026-05-22,9B2b,台新板橋,0,1,-1,,18.35
2026-05-22,9B2i,台新中港,0,1,-1,,18.55
2026-05-22,9B2l,台新大裕,0,1000,-1000,,18.55
2026-05-22,9B2o,台新新興,150,0,150,18.1,
2026-05-22,9B2q,台新屏新,0,3,-3,,18.4667
2026-05-22,9B2r,台新城東,4000,4000,0,18.45,18.65
2026-05-25,1021,合庫台中,48,0,48,18.5,
2026-05-25,1024,合庫嘉義,1000,0,1000,18.4,
2026-05-25,1025,合庫基隆,0,2000,-2000,,18.4
2026-05-25,1028,合庫彰化,5000,0,5000,18.45,
2026-05-25,102C,合庫自強,0,1000,-1000,,18.65
2026-05-25,1031,土銀台中,2000,0,2000,18.375,
2026-05-25,104A,臺銀臺中,1000,1000,0,18.7,18.6
2026-05-25,1111,企銀台中,2000,0,2000,18.6,
2026-05-25,1261,宏遠民生,1000,0,1000,18.35,
2026-05-25,1440,美林,1000,45000,-44000,18.6,18.4478
2026-05-25,1470,台灣摩根,1000,3000,-2000,18.7,18.4833
2026-05-25,1480,美商高盛,7082,11000,-3918,18.4023,18.4909
2026-05-25,1560,港商野村,0,14000,-14000,,18.5607
2026-05-25,1650,瑞銀,6000,0,6000,18.5667,
2026-05-25,5323,高橋內壢,2000,3000,-1000,18.4,18.6833
2026-05-25,538E,第一自由,1000,0,1000,18.45,
2026-05-25,538j,第一安和,50,0,50,18.55,
2026-05-25,5850,統一,4000,1,3999,18.45,18.5
2026-05-25,5852,統一敦南,61,0,61,18.5746,
2026-05-25,585m,統一竹南,0,10000,-10000,,18.6
2026-05-25,601d,?亞鑫豐,3000,0,3000,18.45,
2026-05-25,6110,台中銀,1000,1000,0,18.35,18.65
2026-05-25,6114,中銀員林,1000,0,1000,18.45,
2026-05-25,6115,中銀台北,1000,0,1000,18.35,
2026-05-25,6162,中信託忠,0,1000,-1000,,18.6
2026-05-25,616K,中信託高,0,3000,-3000,,18.6167
2026-05-25,6210,新百王,4000,4000,0,18.45,18.5
2026-05-25,6460,大昌,2000,0,2000,18.35,
2026-05-25,6461,大昌樹林,1000,2000,-1000,18.4,18.6
2026-05-25,6950,福勝,2000,0,2000,18.45,
2026-05-25,7005,兆豐中港,17000,0,17000,18.4265,
2026-05-25,7007,兆豐竹北,1000,0,1000,18.6,
2026-05-25,700I,兆豐北高,0,33,-33,,18.7
2026-05-25,700f,兆豐鹿港,0,1,-1,,18.55
2026-05-25,7790,國票綜合,0,189,-189,,18.5344
2026-05-25,779D,國票台南,10000,0,10000,18.75,
2026-05-25,779Z,國票安和,0,1,-1,,18.55
2026-05-25,779v,國票台中,8000,8000,0,18.7,18.7
2026-05-25,8440,摩根大通,15000,45000,-30000,18.67,18.4956
2026-05-25,8560,新光,9,0,9,18.6222,
2026-05-25,8561,新光台中,2000,0,2000,18.45,
2026-05-25,8562,新光高雄,1,0,1,18.55,
2026-05-25,8581,聯邦高雄,1,0,1,18.65,
2026-05-25,8843,玉山高雄,2,0,2,18.55,
2026-05-25,884B,玉山台中,10000,0,10000,18.375,
2026-05-25,884F,玉山桃園,1000,1000,0,18.4,18.5
2026-05-25,8882,國泰台中,1001,1017,-16,18.6,18.6
2026-05-25,8886,國泰新莊,1,0,1,18.55,
2026-05-25,8888,國泰敦南,2411,14003,-11592,18.4267,18.5
2026-05-25,888A,國泰館前,2,1,1,18.575,18.6
2026-05-25,888K,國泰板橋,36,2000,-1964,18.6944,18.6
2026-05-25,9101,群益敦南,0,10076,-10076,,18.4
2026-05-25,9131,群益民權,2000,4000,-2000,18.35,18.6
2026-05-25,913R,群益北高,0,1,-1,,18.6
2026-05-25,9184,群益台中,0,7000,-7000,,18.6
2026-05-25,918C,群益古亭,1,0,1,18.65,
2026-05-25,918G,群益新莊,0,10000,-10000,,18.75
2026-05-25,918X,群益台北,0,15000,-15000,,18.5
2026-05-25,918i,群益竹南,0,30000,-30000,,18.54
2026-05-25,9208,凱基桃園,2000,0,2000,18.5,
2026-05-25,920F,凱基站前,0,19000,-19000,,18.6737
2026-05-25,920G,凱基彰化,0,213,-213,,18.6
2026-05-25,9215,凱基高美,0,30000,-30000,,18.515
2026-05-25,9218,凱基大直,2000,0,2000,18.45,
2026-05-25,9233,凱基長庚,0,1000,-1000,,18.45
2026-05-25,9237,凱基敦北,0,1000,-1000,,18.65
2026-05-25,9239,凱基市政,0,10000,-10000,,18.45
2026-05-25,9255,凱基和平,0,3000,-3000,,18.7
2026-05-25,9268,凱基台北,51000,111001,-60001,18.6529,18.4631
2026-05-25,9274,凱基鳳山,3000,0,3000,18.5,
2026-05-25,9309,華南古亭,0,1,-1,,18.4
2026-05-25,9316,華南淡水,3396,4206,-810,18.4706,18.6714
2026-05-25,9326,華南南京,0,1,-1,,18.7
2026-05-25,9329,華南朴子,3000,0,3000,18.45,
2026-05-25,9363,華南彰化,0,50000,-50000,,18.65
2026-05-25,9377,華南虎尾,18,0,18,18.45,
2026-05-25,9600,富邦,0,10,-10,,18.4
2026-05-25,9604,富邦陽明,3000,0,3000,18.45,
2026-05-25,9614,富邦基隆,127000,0,127000,18.587,
2026-05-25,9616,富邦岡山,1000,1000,0,18.4,18.5
2026-05-25,961K,富邦七賢,2000,4000,-2000,18.45,18.625
2026-05-25,9623,富邦台北,1,0,1,18.55,
2026-05-25,962B,富邦二林,10,0,10,18.6,
2026-05-25,962D,富邦新莊,5000,0,5000,18.4,
2026-05-25,9654,富邦永和,105000,0,105000,18.481,
2026-05-25,9661,富邦新店,10000,0,10000,18.45,
2026-05-25,9676,富邦仁愛,6000,0,6000,18.5,
2026-05-25,9800,元大,3000,3000,0,18.45,18.55
2026-05-25,980e,元大清水,0,50,-50,,18.5
2026-05-25,980l,元大虎尾,0,820,-820,,18.6
2026-05-25,981C,元大路竹,3000,0,3000,18.55,
2026-05-25,981S,元大崇德,0,3000,-3000,,18.7
2026-05-25,981g,元大大里,0,1000,-1000,,18.6
2026-05-25,981h,元大屏生,10000,0,10000,18.75,
2026-05-25,9833,元大敦化,0,4000,-4000,,18.65
2026-05-25,9834,元大中壢,4000,0,4000,18.575,
2026-05-25,9835,元大中山,0,8000,-8000,,18.4
2026-05-25,983G,元大上新,14000,0,14000,18.6,
2026-05-25,983W,元大德芳,0,3000,-3000,,18.5
2026-05-25,983i,元大大雅,6000,0,6000,18.4,
2026-05-25,984H,元大景美,1,0,1,18.4,
2026-05-25,9853,元大南屯,3000,1000,2000,18.6,18.6
2026-05-25,9856,元大花蓮,21000,0,21000,18.581,
2026-05-25,9857,元大蘆洲,0,1138,-1138,,18.4243
2026-05-25,985C,元大鳳中,2000,0,2000,18.4,
2026-05-25,989B,元大中港,0,10000,-10000,,18.65
2026-05-25,989D,元大左營,25,0,25,18.6,
2026-05-25,989J,元大彰生,0,19000,-19000,,18.4868
2026-05-25,989L,元大成功,2000,0,2000,18.7,
2026-05-25,989N,元大內湖,10000,0,10000,18.415,
2026-05-25,989P,元大敦南,0,2000,-2000,,18.7
2026-05-25,989V,元大北重,7000,0,7000,18.3643,
2026-05-25,9A00,永豐金,2000,0,2000,18.65,
2026-05-25,9A69,永豐屏東,4000,4000,0,18.4,18.6
2026-05-25,9A9H,永豐新莊,0,10000,-10000,,18.63
2026-05-25,9A9M,永豐南投,0,1000,-1000,,18.7
2026-05-25,9A9W,永豐市政,0,2000,-2000,,18.65
2026-05-25,9A9Z,永豐復興,1,0,1,18.65,
2026-05-25,9A9e,永豐高雄,0,1,-1,,18.6
2026-05-25,9B00,台新證券,1000,510,490,18.65,18.5
2026-05-25,9B11,台新新營,2000,0,2000,18.4,
2026-05-25,9B16,台新台南,0,2000,-2000,,18.65
2026-05-25,9B19,台新新莊,10000,0,10000,18.5,
2026-05-25,9B1h,台新台中,31000,0,31000,18.5597,
2026-05-25,9B1y,台新中壢,0,1,-1,,18.6
2026-05-25,9B2D,台新大昌,1,0,1,18.55,
2026-05-25,9B2L,台新北壢,4000,0,4000,18.475,
2026-05-25,9B2S,台新基隆,1000,1000,0,18.4,18.7
2026-05-25,9B2a,台新松德,1710,252,1458,18.5931,18.55
2026-05-25,9B2b,台新板橋,0,2,-2,,18.6
2026-05-25,9B2i,台新中港,1000,0,1000,18.4,
2026-05-25,9B2l,台新大裕,0,10427,-10427,,18.648
2026-05-25,9B2n,台新西松,0,6000,-6000,,18.425
2026-05-25,9B2o,台新新興,87,0,87,18.4,
2026-05-25,9B2r,台新城東,0,9000,-9000,,18.65
2026-05-26,1040,臺銀,0,1000,-1000,,18.7
2026-05-26,1262,宏遠桃園,20000,0,20000,18.55,
2026-05-26,1440,美林,0,14000,-14000,,18.6464
2026-05-26,1470,台灣摩根,12000,2000,10000,18.6167,18.7
2026-05-26,1480,美商高盛,12000,5000,7000,18.5792,18.7
2026-05-26,1590,花旗環球,1000,0,1000,18.6,
2026-05-26,1650,瑞銀,2000,3000,-1000,18.6,18.6
2026-05-26,5260,美好,0,200,-200,,18.55
2026-05-26,5382,第一台中,0,5000,-5000,,18.7
2026-05-26,5386,第一彰化,0,1,-1,,18.7
2026-05-26,5387,第一澎湖,0,7047,-7047,,18.55
2026-05-26,538E,第一自由,1000,0,1000,18.6,
2026-05-26,538j,第一安和,10,0,10,18.6,
2026-05-26,5850,統一,0,4001,-4001,,18.7
2026-05-26,5852,統一敦南,0,31,-31,,18.7
2026-05-26,585B,統一永和,0,2000,-2000,,18.5
2026-05-26,6012,?亞網路,1000,0,1000,18.6,
2026-05-26,601d,?亞鑫豐,1,5000,-4999,18.6,18.6
2026-05-26,6110,台中銀,0,1042,-1042,,18.55
2026-05-26,6160,中國信託,2000,0,2000,18.55,
2026-05-26,6163,中信託永,0,2000,-2000,,18.5
2026-05-26,6164,中信託文,0,22000,-22000,,18.5
2026-05-26,6168,中信嘉義,1000,0,1000,18.55,
2026-05-26,6461,大昌樹林,1000,1000,0,18.55,18.8
2026-05-26,7005,兆豐中港,0,19000,-19000,,18.5763
2026-05-26,700M,兆豐桃園,0,1000,-1000,,18.5
2026-05-26,700Z,兆豐高雄,0,15000,-15000,,18.7
2026-05-26,700a,兆豐忠孝,0,3001,-3001,,18.7
2026-05-26,700b,兆豐中壢,50000,0,50000,18.5,
2026-05-26,700d,兆豐彰化,0,50,-50,,18.55
2026-05-26,700f,兆豐鹿港,1000,32000,-31000,18.55,18.5641
2026-05-26,7034,致和金華,1000,0,1000,18.7,
2026-05-26,7790,國票綜合,0,2,-2,,18.625
2026-05-26,779m,國票中港,20000,0,20000,18.5925,
2026-05-26,779v,國票台中,8000,8000,0,18.6,18.6
2026-05-26,8440,摩根大通,0,10000,-10000,,18.585
2026-05-26,8561,新光台中,2000,0,2000,18.5,
2026-05-26,8563,新光新竹,0,14,-14,,18.6
2026-05-26,8840,玉山,0,6000,-6000,,18.7
2026-05-26,8843,玉山高雄,10000,1,9999,18.72,18.55
2026-05-26,884D,玉山左營,3000,0,3000,18.55,
2026-05-26,884J,玉山大里,2000,1,1999,18.65,18.7
2026-05-26,884M,玉山數位,1,0,1,18.6,
2026-05-26,8881,國泰高雄,0,3000,-3000,,18.6
2026-05-26,8882,國泰台中,1000,0,1000,18.55,
2026-05-26,8888,國泰敦南,2271,0,2271,18.5561,
2026-05-26,9131,群益民權,2000,3000,-1000,18.5,18.7667
2026-05-26,9137,群益士林,5000,0,5000,18.8,
2026-05-26,9185,群益台南,0,34000,-34000,,18.6147
2026-05-26,918J,群益永和,284,0,284,18.6224,
2026-05-26,918L,群益建成,10000,0,10000,18.5,
2026-05-26,918W,群益忠孝,1000,1000,0,18.5,18.8
2026-05-26,9205,凱基三重,17,0,17,18.6,
2026-05-26,9208,凱基桃園,2000,0,2000,18.55,
2026-05-26,9211,凱基台南,0,20000,-20000,,18.6125
2026-05-26,9215,凱基高美,0,8000,-8000,,18.8
2026-05-26,9227,凱基城中,1,10000,-9999,18.7,18.55
2026-05-26,9268,凱基台北,19000,4025,14975,18.6316,18.6627
2026-05-26,9274,凱基鳳山,0,3000,-3000,,18.55
2026-05-26,9276,凱基苗栗,0,1000,-1000,,18.8
2026-05-26,9300,華南永昌,3,3000,-2997,18.6,18.55
2026-05-26,9306,華南台南,0,1000,-1000,,18.75
2026-05-26,9323,華南小港,1,0,1,18.7,
2026-05-26,9329,華南朴子,0,3000,-3000,,18.6
2026-05-26,9614,富邦基隆,73000,0,73000,18.6137,
2026-05-26,961F,富邦公益,0,2,-2,,18.55
2026-05-26,961K,富邦七賢,2000,0,2000,18.5,
2026-05-26,961N,富邦青埔,3000,0,3000,18.6,
2026-05-26,961P,富邦和美,511,0,511,18.55,
2026-05-26,9624,富邦竹北,0,69,-69,,18.7
2026-05-26,963L,富邦豐原,1000,0,1000,18.5,
2026-05-26,9654,富邦永和,13000,0,13000,18.5577,
2026-05-26,9655,富邦板橋,1000,0,1000,18.5,
2026-05-26,965K,富邦台中,1,2000,-1999,18.6,18.775
2026-05-26,9666,富邦南屯,5000,0,5000,18.5,
2026-05-26,9692,富邦嘉義,1,0,1,18.7,
2026-05-26,9800,元大,1000,1000,0,18.6,18.5
2026-05-26,981C,元大路竹,3000,0,3000,18.5,
2026-05-26,981e,元大佳里,3000,0,3000,18.5,
2026-05-26,981m,元大前金,0,1,-1,,18.55
2026-05-26,981y,元大善化,1000,0,1000,18.55,
2026-05-26,9829,元大永康,0,3050,-3050,,18.5508
2026-05-26,9834,元大中壢,3000,0,3000,18.5833,
2026-05-26,983i,元大大雅,0,3000,-3000,,18.6
2026-05-26,984E,元大南勢,1057,0,1057,18.7,
2026-05-26,984K,元大館前,2000,0,2000,18.5,
2026-05-26,9856,元大花蓮,8000,0,8000,18.6375,
2026-05-26,9862,元大南京,0,10000,-10000,,18.655
2026-05-26,9874,元大雙和,20,1,19,18.6,18.55
2026-05-26,989D,元大左營,1000,0,1000,18.5,
2026-05-26,989S,元大鹿港,2000,87000,-85000,18.5,18.5023
2026-05-26,989V,元大北重,4000,0,4000,18.55,
2026-05-26,9A00,永豐金,5000,1,4999,18.56,18.6
2026-05-26,9A99,永豐中壢,10000,0,10000,18.525,
2026-05-26,9A9K,永豐三重,3,0,3,18.6,
2026-05-26,9A9S,永豐南京,0,3,-3,,18.6
2026-05-26,9A9U,永豐中正,1,0,1,18.6,
2026-05-26,9A9Z,永豐復興,1,0,1,18.6,
2026-05-26,9A9r,永豐北高,0,1,-1,,18.6
2026-05-26,9B00,台新證券,4003,0,4003,18.55,
2026-05-26,9B1g,台新高雄,1000,0,1000,18.5,
2026-05-26,9B1h,台新台中,0,5000,-5000,,18.65
2026-05-26,9B2G,台新新竹,40000,0,40000,18.7,
2026-05-26,9B2a,台新松德,69,1710,-1641,18.7,18.6866
2026-05-26,9B2b,台新板橋,0,2,-2,,18.65
2026-05-26,9B2i,台新中港,0,4000,-4000,,18.675
2026-05-26,9B2w,台新佳里,0,1000,-1000,,18.75
2026-05-27,1020,合庫,1050,0,1050,18.1714,
2026-05-27,1042,臺銀臺南,3,0,3,18.5333,
2026-05-27,104A,臺銀臺中,2000,0,2000,18.3,
2026-05-27,1261,宏遠民生,1000,0,1000,18.35,
2026-05-27,126L,宏遠台中,0,129000,-129000,,18.2674
2026-05-27,1440,美林,2000,5000,-3000,18.325,18.5
2026-05-27,1470,台灣摩根,7000,2000,5000,18.4071,18.45
2026-05-27,1480,美商高盛,1000,0,1000,18.15,
2026-05-27,1650,瑞銀,84000,34000,50000,18.481,18.4765
2026-05-27,538B,第一新竹,0,1,-1,,18.6
2026-05-27,538E,第一自由,1000,0,1000,18.35,
2026-05-27,538j,第一安和,50,0,50,18.515,
2026-05-27,5850,統一,2000,0,2000,18.475,
2026-05-27,5852,統一敦南,0,12,-12,,18.5
2026-05-27,6012,?亞網路,9000,0,9000,18.3,
2026-05-27,601d,?亞鑫豐,10004,0,10004,18.2901,
2026-05-27,6160,中國信託,3000,0,3000,18.4,
2026-05-27,6210,新百王,4000,4001,-1,18.25,18.35
2026-05-27,6452,永全八德,0,15000,-15000,,18.45
2026-05-27,6461,大昌樹林,0,1,-1,,18.55
2026-05-27,6464,大昌新店,0,1,-1,,18.5
2026-05-27,6950,福勝,1000,0,1000,18.35,
2026-05-27,7005,兆豐中港,6000,0,6000,18.325,
2026-05-27,700Z,兆豐高雄,0,5000,-5000,,18.45
2026-05-27,700f,兆豐鹿港,1000,6025,-5025,18.35,18.3674
2026-05-27,7790,國票綜合,0,2,-2,,18.6
2026-05-27,779P,國票九鼎,0,1000,-1000,,18.6
2026-05-27,779X,國票中和,2000,0,2000,18.5,
2026-05-27,779Z,國票安和,1000,0,1000,18.3,
2026-05-27,779v,國票台中,0,1,-1,,18.45
2026-05-27,8440,摩根大通,0,36000,-36000,,18.4917
2026-05-27,8450,康和,0,14000,-14000,,18.3893
2026-05-27,8560,新光,18000,0,18000,18.5,
2026-05-27,8561,新光台中,12000,0,12000,18.3875,
2026-05-27,8562,新光高雄,1,0,1,18.5,
2026-05-27,8565,新光桃園,0,1,-1,,18.4
2026-05-27,8840,玉山,0,1,-1,,18.5
2026-05-27,8843,玉山高雄,6000,0,6000,18.425,
2026-05-27,884B,玉山台中,0,1000,-1000,,18.5
2026-05-27,884J,玉山大里,3000,0,3000,18.5333,
2026-05-27,8884,國泰台南,0,400,-400,,18.45
2026-05-27,8887,國泰忠孝,0,120,-120,,18.45
2026-05-27,8888,國泰敦南,8138,7001,1137,18.3779,18.4572
2026-05-27,888A,國泰館前,10007,0,10007,18.2503,
2026-05-27,9100,群益,40000,0,40000,18.4975,
2026-05-27,9105,群益高盛,19000,0,19000,18.45,
2026-05-27,913g,群益三重,1000,0,1000,18.3,
2026-05-27,9184,群益台中,0,3000,-3000,,18.5
2026-05-27,918J,群益永和,955,0,955,18.4807,
2026-05-27,9206,凱基高雄,2000,0,2000,18.375,
2026-05-27,9208,凱基桃園,4000,0,4000,18.475,
2026-05-27,9215,凱基高美,10000,3000,7000,18.35,18.55
2026-05-27,921C,凱基民權,30,0,30,18.5,
2026-05-27,921Y,凱基東勢,0,1,-1,,18.5
2026-05-27,9229,凱基中山,0,2000,-2000,,18.6
2026-05-27,9234,凱基竹北,3000,0,3000,18.35,
2026-05-27,9239,凱基市政,0,1,-1,,18.6
2026-05-27,9255,凱基和平,1,0,1,18.6,
2026-05-27,9257,凱基林口,0,3000,-3000,,18.4945
2026-05-27,9268,凱基台北,25000,50000,-25000,18.21,18.498
2026-05-27,9275,凱基三多,1000,0,1000,18.45,
2026-05-27,9276,凱基苗栗,0,17,-17,,18.6
2026-05-27,9283,凱基北門,0,3000,-3000,,18.55
2026-05-27,9296,凱基頭份,50,0,50,18.5,
2026-05-27,9302,華南台中,20000,0,20000,18.25,
2026-05-27,9316,華南淡水,3108,1354,1754,18.4178,18.5192
2026-05-27,9326,華南南京,0,1,-1,,18.6
2026-05-27,9331,華南鳳山,0,3000,-3000,,18.55
2026-05-27,9332,華南楠梓,1,0,1,18.5,
2026-05-27,9349,華南板橋,1000,0,1000,18.5,
2026-05-27,9362,華南苗栗,0,10000,-10000,,18.4
2026-05-27,9363,華南彰化,1000,0,1000,18.5,
2026-05-27,9616,富邦岡山,4000,4000,0,18.3125,18.45
2026-05-27,961C,富邦南京,0,1,-1,,18.45
2026-05-27,961K,富邦七賢,2000,0,2000,18.45,
2026-05-27,961M,富邦木柵,0,25,-25,,18.5
2026-05-27,961R,富邦南員,1000,1000,0,18.3,18.5
2026-05-27,9624,富邦竹北,1000,0,1000,18.35,
2026-05-27,9658,富邦建國,1,1000,-999,18.55,18.5
2026-05-27,9661,富邦新店,1,0,1,18.55,
2026-05-27,9666,富邦南屯,0,2000,-2000,,18.4
2026-05-27,9672,富邦員林,0,1,-1,,18.6
2026-05-27,9800,元大,1000,1000,0,18.5,18.55
2026-05-27,981B,元大竹北,3000,1,2999,18.3,18.55
2026-05-27,981C,元大路竹,0,10000,-10000,,18.5
2026-05-27,981e,元大佳里,7000,0,7000,18.5,
2026-05-27,981j,元大士林,0,27,-27,,18.6
2026-05-27,981q,元大萬華,966,0,966,18.45,
2026-05-27,981y,元大善化,1000,0,1000,18.45,
2026-05-27,982A,元大羅東,500,0,500,18.6,
2026-05-27,983M,元大木柵,0,2000,-2000,,18.45
2026-05-27,983V,元大竹南,1000,0,1000,18.2,
2026-05-27,983Z,元大鳳山,0,20,-20,,18.6
2026-05-27,983i,元大大雅,3000,0,3000,18.35,
2026-05-27,984K,元大館前,3000,0,3000,18.4,
2026-05-27,9852,元大永春,0,1,-1,,18.8
2026-05-27,9856,元大花蓮,1000,0,1000,18.5,
2026-05-27,9874,元大雙和,130,0,130,18.5385,
2026-05-27,9879,元大板三,1,7000,-6999,18.5,18.4714
2026-05-27,987A,元大楊梅,0,2000,-2000,,18.5
2026-05-27,988V,元大長庚,1000,0,1000,18.4,
2026-05-27,9891,元大永和,5,0,5,18.5,
2026-05-27,989J,元大彰生,1000,0,1000,18.3,
2026-05-27,989S,元大鹿港,0,20000,-20000,,18.5
2026-05-27,989V,元大北重,15000,0,15000,18.4833,
2026-05-27,989f,元大東港,0,2000,-2000,,18.475
2026-05-27,9A00,永豐金,3000,3001,-1,18.25,18.35
2026-05-27,9A69,永豐屏東,4000,0,4000,18.45,
2026-05-27,9A97,永豐新竹,0,2034,-2034,,18.3508
2026-05-27,9A98,永豐大園,2000,1,1999,18.45,18.6
2026-05-27,9A9L,永豐台中,2000,0,2000,18.2,
2026-05-27,9A9N,永豐桃盛,0,1,-1,,18.5
2026-05-27,9A9R,永豐信義,0,250,-250,,18.5
2026-05-27,9A9S,永豐南京,0,100,-100,,18.5
2026-05-27,9A9Z,永豐復興,1,0,1,18.5,
2026-05-27,9A9d,永豐古亭,0,20000,-20000,,18.4775
2026-05-27,9A9e,永豐高雄,20,0,20,18.45,
2026-05-27,9B00,台新證券,3452,0,3452,18.3986,
2026-05-27,9B1h,台新台中,17000,5000,12000,18.5265,18.3
2026-05-27,9B2L,台新北壢,9000,0,9000,18.4333,
2026-05-27,9B2S,台新基隆,0,1000,-1000,,18.5
2026-05-27,9B2a,台新松德,0,69,-69,,18.6
2026-05-27,9B2b,台新板橋,0,2,-2,,18.45
2026-05-27,9B2r,台新城東,10000,2000,8000,18.4,18.5
2026-05-28,1020,合庫,0,1000,-1000,,18.75
2026-05-28,1022,合庫台南,4000,0,4000,18.6,
2026-05-28,1031,土銀台中,0,1000,-1000,,18.75
2026-05-28,1042,臺銀臺南,1,0,1,18.7,
2026-05-28,104A,臺銀臺中,0,2000,-2000,,18.75
2026-05-28,104D,臺銀金山,0,3000,-3000,,18.55
2026-05-28,1119,企銀岡山,1000,0,1000,18.7,
2026-05-28,1233,彰銀台中,0,5000,-5000,,18.7
2026-05-28,1260,宏遠,1000,0,1000,18.7,
2026-05-28,126D,宏遠台南,100,0,100,18.6,
2026-05-28,126L,宏遠台中,0,6280,-6280,,18.5089
2026-05-28,1440,美林,3000,5000,-2000,18.5,18.69
2026-05-28,1470,台灣摩根,17000,2000,15000,18.7176,18.65
2026-05-28,1480,美商高盛,75000,4000,71000,18.6847,18.625
2026-05-28,1560,港商野村,3000,19000,-16000,18.6,18.7184
2026-05-28,1590,花旗環球,1000,0,1000,18.5,
2026-05-28,1650,瑞銀,53000,3000,50000,18.7642,18.7
2026-05-28,526A,美好中和,2,0,2,18.7,
2026-05-28,5385,第一桃園,0,3,-3,,18.65
2026-05-28,5386,第一彰化,0,5000,-5000,,18.55
2026-05-28,538B,第一新竹,0,4000,-4000,,18.65
2026-05-28,538E,第一自由,0,1023,-1023,,18.7
2026-05-28,538I,第一頭份,0,1,-1,,18.6
2026-05-28,538P,第一路竹,0,1,-1,,18.6
2026-05-28,5850,統一,0,2000,-2000,,18.7
2026-05-28,585P,統一板橋,2,0,2,18.75,
2026-05-28,585U,統一南京,4000,0,4000,18.775,
2026-05-28,6012,?亞網路,0,7002,-7002,,18.5001
2026-05-28,6115,中銀台北,0,1000,-1000,,18.95
2026-05-28,6165,中信託新,2000,2000,0,18.5,18.65
2026-05-28,6168,中信嘉義,0,3000,-3000,,18.9
2026-05-28,6210,新百王,7000,1,6999,18.8643,18.7
2026-05-28,6382,光和田中,0,1000,-1000,,18.9
2026-05-28,6460,大昌,1000,0,1000,18.6,
2026-05-28,6461,大昌樹林,1000,1001,-1,18.7,18.9497
2026-05-28,6620,口袋,2000,0,2000,18.6,
2026-05-28,6950,福勝,3000,0,3000,18.8167,
2026-05-28,7005,兆豐中港,0,2000,-2000,,18.95
2026-05-28,700Z,兆豐高雄,0,1,-1,,18.55
2026-05-28,700a,兆豐忠孝,0,3000,-3000,,18.75
2026-05-28,700f,兆豐鹿港,0,50000,-50000,,18.64
2026-05-28,7031,致和台北,0,1000,-1000,,18.7
2026-05-28,7750,北城,100,0,100,18.75,
2026-05-28,7790,國票綜合,1,0,1,18.7,
2026-05-28,779P,國票九鼎,0,20000,-20000,,18.7
2026-05-28,779V,國票天祥,1000,1,999,18.95,18.6
2026-05-28,779c,國票敦北,0,10000,-10000,,18.705
2026-05-28,779v,國票台中,8000,8000,0,18.55,18.65
2026-05-28,8440,摩根大通,40000,8000,32000,18.6712,18.6812
2026-05-28,8560,新光,2000,2000,0,18.55,18.95
2026-05-28,8561,新光台中,2001,0,2001,18.55,
2026-05-28,8562,新光高雄,0,2,-2,,18.7
2026-05-28,8843,玉山高雄,5000,0,5000,18.72,
2026-05-28,884F,玉山桃園,0,1000,-1000,,18.75
2026-05-28,884H,玉山新竹,1000,0,1000,18.6,
2026-05-28,884J,玉山大里,2000,0,2000,18.5,
2026-05-28,884M,玉山數位,0,1,-1,,18.6
2026-05-28,8882,國泰台中,0,5000,-5000,,18.7
2026-05-28,8883,國泰松江,3000,0,3000,18.7,
2026-05-28,8885,國泰桃園,0,1,-1,,18.7
2026-05-28,8886,國泰新莊,1,0,1,18.55,
2026-05-28,8888,國泰敦南,34,3742,-3708,18.6956,18.5597
2026-05-28,888A,國泰館前,0,6,-6,,18.6
2026-05-28,888K,國泰板橋,0,1,-1,,18.65
2026-05-28,9131,群益民權,2000,5000,-3000,18.7,18.84
2026-05-28,9135,群益東大,101,0,101,18.65,
2026-05-28,913R,群益北高,0,1,-1,,18.55
2026-05-28,918G,群益新莊,0,20000,-20000,,18.8125
2026-05-28,918W,群益忠孝,0,1000,-1000,,18.8
2026-05-28,9204,凱基台中,0,1559,-1559,,18.6321
2026-05-28,920D,凱基市府,1000,1000,0,18.55,18.95
2026-05-28,920F,凱基站前,0,5000,-5000,,18.95
2026-05-28,9215,凱基高美,0,19001,-19001,,18.7526
2026-05-28,921C,凱基民權,0,1,-1,,18.8
2026-05-28,9254,凱基科園,0,1000,-1000,,18.9
2026-05-28,9268,凱基台北,124001,12000,112001,18.652,18.675
2026-05-28,9291,凱基大安,11000,8000,3000,18.5045,18.7188
2026-05-28,9305,華南新莊,0,3,-3,,18.7
2026-05-28,9316,華南淡水,3495,4156,-661,18.6368,18.7392
2026-05-28,9326,華南南京,0,1,-1,,18.55
2026-05-28,9331,華南鳳山,2000,2000,0,18.65,18.7
2026-05-28,9363,華南彰化,0,1000,-1000,,18.8
2026-05-28,9600,富邦,0,2,-2,,18.75
2026-05-28,9604,富邦陽明,0,121,-121,,18.55
2026-05-28,9616,富邦岡山,1000,1000,0,18.7,18.9
2026-05-28,961F,富邦公益,0,1000,-1000,,18.9
2026-05-28,961H,富邦新板,0,5000,-5000,,18.6
2026-05-28,961K,富邦七賢,0,4000,-4000,,18.6
2026-05-28,961P,富邦和美,0,506,-506,,18.85
2026-05-28,961R,富邦南員,0,1,-1,,18.55
2026-05-28,961Y,富邦屏東,0,1,-1,,18.65
2026-05-28,9621,富邦花蓮,6000,0,6000,18.7583,
2026-05-28,9623,富邦台北,1000,4000,-3000,18.9,18.95
2026-05-28,9624,富邦竹北,122,1000,-878,18.55,18.65
2026-05-28,9625,富邦竹東,1,0,1,18.55,
2026-05-28,9627,富邦內湖,0,1,-1,,18.7
2026-05-28,962B,富邦二林,20000,20000,0,18.9,18.55
2026-05-28,962P,富邦頭份,0,3000,-3000,,18.6
2026-05-28,9636,富邦中壢,0,109,-109,,18.65
2026-05-28,9647,富邦新竹,6000,0,6000,18.7333,
2026-05-28,9654,富邦永和,17000,0,17000,18.7059,
2026-05-28,9658,富邦建國,0,4000,-4000,,18.7
2026-05-28,965K,富邦台中,0,8001,-8001,,18.575
2026-05-28,9666,富邦南屯,0,10001,-10001,,18.825
2026-05-28,9667,富邦台南,1,0,1,18.55,
2026-05-28,9676,富邦仁愛,0,20000,-20000,,18.65
2026-05-28,9686,富邦宜蘭,0,2,-2,,18.55
2026-05-28,9697,富邦虎尾,25000,0,25000,18.6,
2026-05-28,969C,富邦北港,1,0,1,18.55,
2026-05-28,9800,元大,2000,2000,0,18.675,18.65
2026-05-28,980C,元大斗六,0,10,-10,,18.75
2026-05-28,980K,元大竹科,150,0,150,18.7,
2026-05-28,980d,元大沙鹿,0,1000,-1000,,18.9
2026-05-28,980l,元大虎尾,0,5000,-5000,,18.8
2026-05-28,9812,元大台中,0,10000,-10000,,18.5
2026-05-28,9817,元大東泰,10000,11000,-1000,18.8,18.6727
2026-05-28,981B,元大竹北,6000,6000,0,18.7,18.9
2026-05-28,981C,元大路竹,4000,0,4000,18.95,
2026-05-28,981G,元大彰化,2000,4000,-2000,18.55,18.9
2026-05-28,981U,元大華山,0,5000,-5000,,18.9
2026-05-28,981g,元大大里,1000,0,1000,18.9,
2026-05-28,983W,元大德芳,0,30000,-30000,,18.6
2026-05-28,984K,元大館前,0,2000,-2000,,18.875
2026-05-28,9853,元大南屯,0,4000,-4000,,18.6
2026-05-28,9856,元大花蓮,1000,21000,-20000,18.55,18.7643
2026-05-28,9868,元大文心,0,5000,-5000,,18.5
2026-05-28,9869,元大新盛,0,34,-34,,18.7015
2026-05-28,9872,元大復北,0,1,-1,,18.6
2026-05-28,987A,元大楊梅,1000,0,1000,18.6,
2026-05-28,989B,元大中港,0,1,-1,,18.6
2026-05-28,989P,元大敦南,0,4000,-4000,,18.6
2026-05-28,989Q,元大汐止,0,10000,-10000,,18.7
2026-05-28,989S,元大鹿港,1000,2000,-1000,18.7,18.55
2026-05-28,989W,元大站前,0,1000,-1000,,18.8
2026-05-28,989d,元大北屯,0,1000,-1000,,18.6
2026-05-28,9A00,永豐金,21000,2000,19000,18.7714,18.8
2026-05-28,9A69,永豐屏東,0,4000,-4000,,18.7
2026-05-28,9A91,永豐松山,0,1,-1,,18.6
2026-05-28,9A9A,永豐羅東,1000,0,1000,18.55,
2026-05-28,9A9J,永豐板新,0,187,-187,,18.6992
2026-05-28,9A9Q,永豐豐原,0,10250,-10250,,18.7
2026-05-28,9A9W,永豐市政,0,6000,-6000,,18.7083
2026-05-28,9A9X,永豐竹科,10000,0,10000,18.7,
2026-05-28,9A9Z,永豐復興,1,0,1,18.85,
2026-05-28,9A9j,永豐嘉義,0,1,-1,,18.7
2026-05-28,9A9s,永豐彰化,0,4000,-4000,,18.85
2026-05-28,9B11,台新新營,0,1000,-1000,,18.9
2026-05-28,9B1d,台新左楠,0,1,-1,,18.55
2026-05-28,9B1g,台新高雄,1,0,1,18.55,
2026-05-28,9B1h,台新台中,0,5000,-5000,,18.75
2026-05-28,9B2L,台新北壢,1,0,1,18.6,
2026-05-28,9B2U,台新宜蘭,2000,2000,0,18.65,18.85
2026-05-28,9B2a,台新松德,1933,0,1933,18.7175,
2026-05-28,9B2i,台新中港,1000,3000,-2000,18.85,18.7667
2026-05-28,9B2m,台新成功,0,30,-30,,18.75
2026-05-28,9B2r,台新城東,0,10000,-10000,,18.625
2026-05-28,9B2w,台新佳里,0,1000,-1000,,18.9
2026-05-29,1021,合庫台中,0,2000,-2000,,19.0
2026-05-29,1024,合庫嘉義,0,1000,-1000,,19.1
2026-05-29,1043,臺銀民權,0,86,-86,,19.05
2026-05-29,104A,臺銀臺中,4000,0,4000,18.9375,
2026-05-29,1119,企銀岡山,0,1000,-1000,,18.9
2026-05-29,1262,宏遠桃園,2000,0,2000,18.9,
2026-05-29,1440,美林,0,4000,-4000,,19.025
2026-05-29,1470,台灣摩根,23000,6000,17000,19.05,18.95
2026-05-29,1480,美商高盛,23330,15000,8330,19.0086,18.96
2026-05-29,1590,花旗環球,0,18000,-18000,,18.9611
2026-05-29,1650,瑞銀,26000,6000,20000,19.0442,19.0333
2026-05-29,2180,亞東,1000,0,1000,19.05,
2026-05-29,526K,美好富順,0,1,-1,,19.0
2026-05-29,526M,美好市政,0,2,-2,,18.95
2026-05-29,5382,第一台中,5000,0,5000,19.15,
2026-05-29,5386,第一彰化,0,49,-49,,19.0
2026-05-29,5389,第一中山,7000,0,7000,18.95,
2026-05-29,5602,永興水湳,2000,0,2000,19.15,
2026-05-29,5660,日進,0,10000,-10000,,18.9
2026-05-29,5852,統一敦南,30,17,13,19.0,19.0
2026-05-29,5853,統一中壢,1000,0,1000,18.95,
2026-05-29,585M,統一士林,5000,0,5000,18.9,
2026-05-29,585U,統一南京,0,8000,-8000,,19.1625
2026-05-29,6012,?亞網路,0,1000,-1000,,18.9
2026-05-29,6114,中銀員林,1000,0,1000,18.95,
2026-05-29,6115,中銀台北,0,2000,-2000,,19.0
2026-05-29,6168,中信嘉義,0,3000,-3000,,18.95
2026-05-29,6210,新百王,3000,1,2999,18.9,19.0
2026-05-29,6381,光和溪湖,1000,0,1000,19.0,
2026-05-29,6460,大昌,0,1,-1,,18.9
2026-05-29,6461,大昌樹林,0,1000,-1000,,19.15
2026-05-29,6464,大昌新店,2000,0,2000,18.95,
2026-05-29,6465,大昌桃園,0,200,-200,,19.0
2026-05-29,6620,口袋,1000,0,1000,18.9,
2026-05-29,6910,德信,6000,0,6000,18.9667,
2026-05-29,7003,兆豐台中,0,5000,-5000,,18.95
2026-05-29,7005,兆豐中港,1,2000,-1999,18.95,19.0
2026-05-29,700B,兆豐板橋,1000,0,1000,18.9,
2026-05-29,700C,兆豐來福,4000,0,4000,19.0,
2026-05-29,700U,兆豐桃鶯,1000,0,1000,18.95,
2026-05-29,700f,兆豐鹿港,1000,10000,-9000,18.9,19.05
2026-05-29,7750,北城,240,0,240,18.95,
2026-05-29,7790,國票綜合,1,1001,-1000,19.05,19.1998
2026-05-29,7795,國票南港,0,1000,-1000,,18.95
2026-05-29,7798,國票內壢,1000,0,1000,18.85,
2026-05-29,779P,國票九鼎,0,70000,-70000,,19.0643
2026-05-29,779v,國票台中,0,5000,-5000,,19.0
2026-05-29,8440,摩根大通,15000,0,15000,19.0067,
2026-05-29,8455,康和台中,5000,0,5000,18.95,
2026-05-29,8492,京城嘉義,0,1000,-1000,,18.95
2026-05-29,8560,新光,1000,2001,-1001,19.05,19.05
2026-05-29,8561,新光台中,100,500,-400,19.05,18.95
2026-05-29,8842,玉山新莊,1000,1000,0,19.15,19.0
2026-05-29,8843,玉山高雄,0,16000,-16000,,19.0
2026-05-29,8849,玉山景美,0,2000,-2000,,19.075
2026-05-29,884B,玉山台中,11000,1000,10000,19.0182,18.9
2026-05-29,884D,玉山左營,0,3000,-3000,,19.05
2026-05-29,8882,國泰台中,2,0,2,18.95,
2026-05-29,8883,國泰松江,0,3000,-3000,,18.9
2026-05-29,8884,國泰台南,0,1000,-1000,,18.95
2026-05-29,8888,國泰敦南,3257,32337,-29080,18.9816,18.9104
2026-05-29,888K,國泰板橋,0,199,-199,,19.05
2026-05-29,9131,群益民權,0,2000,-2000,,18.95
2026-05-29,9183,群益高雄,2000,0,2000,18.9,
2026-05-29,918C,群益古亭,0,1400,-1400,,19.05
2026-05-29,918G,群益新莊,0,10000,-10000,,18.9
2026-05-29,918W,群益忠孝,0,1000,-1000,,19.15
2026-05-29,920D,凱基市府,0,3000,-3000,,18.9667
2026-05-29,920F,凱基站前,6000,1,5999,18.9,18.95
2026-05-29,9211,凱基台南,0,1,-1,,19.0
2026-05-29,9216,凱基信義,0,1000,-1000,,19.15
2026-05-29,921C,凱基民權,0,156,-156,,19.0
2026-05-29,9229,凱基中山,0,2000,-2000,,19.05
2026-05-29,9268,凱基台北,111000,25000,86000,18.9788,18.996
2026-05-29,9283,凱基北門,15000,15000,0,19.0267,18.85
2026-05-29,9291,凱基大安,0,2000,-2000,,19.05
2026-05-29,9296,凱基頭份,50,0,50,19.0,
2026-05-29,9300,華南永昌,0,1,-1,,18.85
2026-05-29,9306,華南台南,1000,0,1000,18.95,
2026-05-29,9316,華南淡水,3261,3000,261,18.9119,19.0333
2026-05-29,9322,華南基隆,3000,0,3000,19.2,
2026-05-29,9327,華南斗六,300,0,300,18.95,
2026-05-29,9331,華南鳳山,0,1000,-1000,,19.0
2026-05-29,9352,華南桃園,0,1,-1,,19.0
2026-05-29,9604,富邦陽明,0,3000,-3000,,18.95
2026-05-29,9616,富邦岡山,0,1000,-1000,,19.0
2026-05-29,961F,富邦公益,0,5000,-5000,,19.05
2026-05-29,962B,富邦二林,20000,20000,0,19.05,19.0125
2026-05-29,9654,富邦永和,0,1000,-1000,,19.0
2026-05-29,9658,富邦建國,3000,3000,0,18.95,19.1
2026-05-29,9659,富邦高雄,1000,0,1000,19.1,
2026-05-29,965K,富邦台中,1,0,1,19.0,
2026-05-29,965U,富邦彰化,100,0,100,19.0,
2026-05-29,9663,富邦敦南,0,1001,-1001,,18.95
2026-05-29,9667,富邦台南,0,1000,-1000,,19.0
2026-05-29,9676,富邦仁愛,4000,12000,-8000,19.1,19.0083
2026-05-29,9697,富邦虎尾,30000,0,30000,18.9833,
2026-05-29,980K,元大竹科,1000,0,1000,18.9,
2026-05-29,980a,元大中北,60,0,60,18.95,
2026-05-29,980l,元大虎尾,1000,0,1000,19.0,
2026-05-29,9817,元大東泰,2000,0,2000,19.1,
2026-05-29,981C,元大路竹,0,200,-200,,19.0
2026-05-29,981R,元大竹山,3000,0,3000,18.9167,
2026-05-29,981U,元大華山,0,5000,-5000,,19.15
2026-05-29,982B,元大博愛,0,510,-510,,18.9505
2026-05-29,9831,元大四維,7000,0,7000,18.9429,
2026-05-29,9834,元大中壢,7000,3001,3999,19.05,19.1
2026-05-29,983U,元大頭份,2000,0,2000,19.1,
2026-05-29,984K,元大館前,0,1000,-1000,,19.0
2026-05-29,9856,元大花蓮,0,20000,-20000,,19.0
2026-05-29,9857,元大蘆洲,710,0,710,18.997,
2026-05-29,9859,元大經國,2000,0,2000,18.95,
2026-05-29,9867,元大民權,5000,0,5000,19.0,
2026-05-29,9868,元大文心,1000,0,1000,18.95,
2026-05-29,9869,元大新盛,1000,1000,0,19.15,19.0
2026-05-29,9871,元大忠孝,0,5000,-5000,,18.97
2026-05-29,9875,元大永寧,5000,5000,0,18.95,18.95
2026-05-29,9878,元大金華,4000,0,4000,19.15,
2026-05-29,9879,元大板三,0,1000,-1000,,19.0
2026-05-29,987A,元大楊梅,0,1001,-1001,,19.0
2026-05-29,9889,元大員林,2000,0,2000,19.0,
2026-05-29,988V,元大長庚,1,0,1,19.0,
2026-05-29,989F,元大高雄,1000,0,1000,18.9,
2026-05-29,989Q,元大汐止,0,1,-1,,19.0
2026-05-29,989V,元大北重,499,0,499,18.95,
2026-05-29,989W,元大站前,0,975,-975,,18.9756
2026-05-29,989Y,元大基隆,0,1,-1,,19.0
2026-05-29,9A00,永豐金,1000,20001,-19001,18.95,19.0125
2026-05-29,9A61,永豐鳳山,0,2000,-2000,,19.1
2026-05-29,9A69,永豐屏東,0,4000,-4000,,18.9
2026-05-29,9A9G,永豐天母,500,0,500,19.0,
2026-05-29,9A9H,永豐新莊,10000,0,10000,18.95,
2026-05-29,9A9L,永豐台中,2000,0,2000,19.0,
2026-05-29,9A9P,永豐竹北,1000,0,1000,18.9,
2026-05-29,9A9U,永豐中正,0,1,-1,,19.0
2026-05-29,9A9X,永豐竹科,0,7000,-7000,,19.0
2026-05-29,9A9Z,永豐復興,1,0,1,18.95,
2026-05-29,9A9d,永豐古亭,1000,0,1000,18.9,
2026-05-29,9A9e,永豐高雄,30,1,29,19.0,19.0
2026-05-29,9B00,台新證券,1000,1121,-121,19.05,19.1784
2026-05-29,9B11,台新新營,0,4000,-4000,,19.025
2026-05-29,9B18,台新建北,0,1,-1,,19.0
2026-05-29,9B1g,台新高雄,2000,0,2000,19.0,
2026-05-29,9B1h,台新台中,0,1,-1,,19.0
2026-05-29,9B2G,台新新竹,2000,0,2000,19.15,
2026-05-29,9B2H,台新信義,5000,60,4940,19.0,19.0
2026-05-29,9B2L,台新北壢,0,2,-2,,19.0
2026-05-29,9B2M,台新彰化,1000,0,1000,18.9,
2026-05-29,9B2N,台新虎尾,4000,0,4000,19.0,
2026-05-29,9B2a,台新松德,593,1234,-641,19.0167,19.0398
2026-05-29,9B2i,台新中港,1000,2000,-1000,19.15,18.9
2026-05-29,9B2w,台新佳里,0,1000,-1000,,19.1
2026-06-01,1028,合庫彰化,2000,0,2000,18.725,
2026-06-01,1031,土銀台中,0,1002,-1002,,18.9499
2026-06-01,1040,臺銀,1000,0,1000,18.65,
2026-06-01,1043,臺銀民權,28,0,28,18.6643,
2026-06-01,104A,臺銀臺中,428,0,428,18.85,
2026-06-01,1440,美林,33000,5000,28000,18.853,18.82
2026-06-01,1470,台灣摩根,67000,3000,64000,18.8552,18.7833
2026-06-01,1480,美商高盛,13000,18000,-5000,18.7923,18.9889
2026-06-01,1560,港商野村,21000,0,21000,18.9881,
2026-06-01,1590,花旗環球,3000,0,3000,18.9667,
2026-06-01,1650,瑞銀,2000,5000,-3000,18.8,18.79
2026-06-01,2181,亞東板橋,0,3000,-3000,,18.8
2026-06-01,2184,亞東新竹,1000,0,1000,18.6,
2026-06-01,5261,美好蘆洲,0,5000,-5000,,18.95
2026-06-01,5384,第一台南,0,1000,-1000,,18.95
2026-06-01,5386,第一彰化,1000,1000,0,18.7,18.8
2026-06-01,5387,第一澎湖,2000,0,2000,18.7,
2026-06-01,538P,第一路竹,3000,3000,0,18.8,18.9
2026-06-01,5602,永興水湳,0,2000,-2000,,18.9
2026-06-01,5660,日進,0,1,-1,,18.8
2026-06-01,5852,統一敦南,10000,15,9985,18.8,18.7
2026-06-01,5858,統一嘉義,0,3000,-3000,,19.0
2026-06-01,585B,統一永和,0,1000,-1000,,18.7
2026-06-01,585E,統一新營,0,2,-2,,18.7
2026-06-01,601d,?亞鑫豐,0,99000,-99000,,18.6793
2026-06-01,6110,台中銀,20000,0,20000,18.65,
2026-06-01,6114,中銀員林,71,0,71,18.75,
2026-06-01,638A,光和嘉義,0,125,-125,,18.8
2026-06-01,6460,大昌,1000,350,650,18.75,18.75
2026-06-01,6461,大昌樹林,1000,0,1000,18.75,
2026-06-01,6620,口袋,100,2000,-1900,18.75,18.7
2026-06-01,6950,福勝,2000,0,2000,18.7,
2026-06-01,7005,兆豐中港,1000,1000,0,18.75,18.95
2026-06-01,700f,兆豐鹿港,0,2000,-2000,,19.0
2026-06-01,7750,北城,5000,0,5000,18.65,
2026-06-01,7790,國票綜合,4,1,3,18.9,18.85
2026-06-01,7791,國票台東,3000,0,3000,18.8,
2026-06-01,779D,國票台南,0,10000,-10000,,18.85
2026-06-01,779P,國票九鼎,0,1,-1,,18.95
2026-06-01,779V,國票天祥,0,1000,-1000,,18.75
2026-06-01,779v,國票台中,5000,5000,0,18.76,19.0
2026-06-01,8440,摩根大通,38000,12000,26000,18.7395,18.95
2026-06-01,845D,康和板橋,124,0,124,18.8,
2026-06-01,845E,康和澎湖,2000,10000,-8000,18.85,18.7
2026-06-01,8560,新光,5,0,5,18.7,
2026-06-01,8843,玉山高雄,7000,7000,0,18.7,18.95
2026-06-01,8846,玉山板橋,3000,0,3000,18.9,
2026-06-01,884B,玉山台中,4000,0,4000,18.95,
2026-06-01,884F,玉山桃園,2000,2000,0,18.725,18.825
2026-06-01,884H,玉山新竹,0,1000,-1000,,18.95
2026-06-01,884J,玉山大里,0,1000,-1000,,18.95
2026-06-01,8881,國泰高雄,6050,1,6049,18.8012,18.7
2026-06-01,8883,國泰松江,0,535,-535,,18.9
2026-06-01,8884,國泰台南,0,1000,-1000,,19.0
2026-06-01,8885,國泰桃園,0,5,-5,,18.9
2026-06-01,8886,國泰新莊,3000,0,3000,18.75,
2026-06-01,8888,國泰敦南,37,36487,-36450,18.9459,18.6993
2026-06-01,888A,國泰館前,0,3025,-3025,,18.7496
2026-06-01,9131,群益民權,0,1000,-1000,,18.9
2026-06-01,9135,群益東大,1000,0,1000,18.75,
2026-06-01,9136,群益西松,0,1,-1,,18.9
2026-06-01,9138,群益中港,0,2000,-2000,,18.95
2026-06-01,9187,群益彰化,1000,1000,0,18.7,18.95
2026-06-01,9189,群益桃園,3000,0,3000,18.95,
2026-06-01,918J,群益永和,1180,0,1180,18.7493,
2026-06-01,918W,群益忠孝,1000,0,1000,18.65,
2026-06-01,918i,群益竹南,4000,4000,0,18.65,18.95
2026-06-01,918x,群益延平,2000,2000,0,18.65,18.8
2026-06-01,920F,凱基站前,5000,5000,0,18.6,18.95
2026-06-01,920Z,凱基台東,1000,0,1000,18.8,
2026-06-01,9215,凱基高美,35000,20000,15000,18.6929,19.0
2026-06-01,9227,凱基城中,0,10000,-10000,,19.0
2026-06-01,9234,凱基竹北,29000,0,29000,18.9862,
2026-06-01,9268,凱基台北,87001,28000,59001,18.7908,18.8625
2026-06-01,9303,華南高雄,0,1000,-1000,,18.9
2026-06-01,9308,華南麻豆,1,0,1,18.7,
2026-06-01,9316,華南淡水,1000,785,215,18.65,18.8354
2026-06-01,9326,華南南京,0,1,-1,,18.8
2026-06-01,9331,華南鳳山,1000,5000,-4000,18.9,18.8
2026-06-01,9386,華南東昇,2000,0,2000,18.9,
2026-06-01,9600,富邦,1,0,1,18.7,
2026-06-01,9614,富邦基隆,0,36000,-36000,,18.7
2026-06-01,9616,富邦岡山,4000,4000,0,18.675,18.8
2026-06-01,961K,富邦七賢,2088,0,2088,18.6563,
2026-06-01,961P,富邦和美,391,0,391,18.65,
2026-06-01,9621,富邦花蓮,4000,4000,0,18.9375,18.7625
2026-06-01,9624,富邦竹北,1000,0,1000,18.65,
2026-06-01,9625,富邦竹東,0,2000,-2000,,18.95
2026-06-01,962A,富邦南港,0,1,-1,,18.8
2026-06-01,962J,富邦三峽,0,4000,-4000,,19.0
2026-06-01,9647,富邦新竹,2000,0,2000,18.8,
2026-06-01,9654,富邦永和,5000,0,5000,18.95,
2026-06-01,965U,富邦彰化,100,0,100,18.95,
2026-06-01,9661,富邦新店,5,0,5,18.7,
2026-06-01,9676,富邦仁愛,0,1000,-1000,,18.8
2026-06-01,9697,富邦虎尾,15000,0,15000,18.7,
2026-06-01,9800,元大,4000,4000,0,18.675,18.9
2026-06-01,980K,元大竹科,0,1,-1,,18.7
2026-06-01,980d,元大沙鹿,9000,6000,3000,18.8889,18.95
2026-06-01,9816,元大新竹,100,0,100,18.8,
2026-06-01,981C,元大路竹,2000,0,2000,18.65,
2026-06-01,981h,元大屏生,0,30000,-30000,,18.85
2026-06-01,982B,元大博愛,1,0,1,18.7,
2026-06-01,983i,元大大雅,0,5000,-5000,,18.93
2026-06-01,984K,元大館前,200,0,200,18.7975,
2026-06-01,9856,元大花蓮,2000,0,2000,18.825,
2026-06-01,9857,元大蘆洲,92,0,92,18.8,
2026-06-01,9868,元大文心,0,1000,-1000,,18.75
2026-06-01,9874,元大雙和,50,0,50,18.85,
2026-06-01,988B,元大桃園,0,12000,-12000,,18.8917
2026-06-01,988C,元大三重,1000,1001,-1,18.7,18.9999
2026-06-01,9899,元大淡水,60,0,60,18.75,
2026-06-01,989E,元大草屯,0,2085,-2085,,18.75
2026-06-01,989F,元大高雄,10000,0,10000,18.75,
2026-06-01,989I,元大蘆中,10000,0,10000,18.85,
2026-06-01,989J,元大彰生,2000,2000,0,18.7,18.8
2026-06-01,989P,元大敦南,2000,0,2000,18.75,
2026-06-01,989S,元大鹿港,0,3000,-3000,,18.75
2026-06-01,9A00,永豐金,2000,2000,0,18.8,18.825
2026-06-01,9A61,永豐鳳山,2000,0,2000,18.75,
2026-06-01,9A69,永豐屏東,3000,6000,-3000,18.7,18.85
2026-06-01,9A89,永豐敦北,2000,0,2000,18.6,
2026-06-01,9A91,永豐松山,1000,0,1000,18.8,
2026-06-01,9A9H,永豐新莊,10000,0,10000,18.95,
2026-06-01,9A9P,永豐竹北,1000,0,1000,18.7,
2026-06-01,9A9Y,永豐板盛,1000,1000,0,18.75,18.95
2026-06-01,9A9Z,永豐復興,1,0,1,18.9,
2026-06-01,9B20,台新台北,20000,0,20000,18.6875,
2026-06-01,9B25,台新五權,0,3000,-3000,,18.65
2026-06-01,9B2C,台新潮州,74,3000,-2926,18.65,18.65
2026-06-01,9B2D,台新大昌,0,6000,-6000,,18.8
2026-06-01,9B2G,台新新竹,0,2000,-2000,,18.95
2026-06-01,9B2L,台新北壢,0,1000,-1000,,18.8
2026-06-01,9B2P,台新同大,0,15000,-15000,,18.8
2026-06-01,9B2S,台新基隆,0,1000,-1000,,19.0
2026-06-01,9B2a,台新松德,326,1090,-764,18.9,18.7583
2026-06-01,9B2l,台新大裕,0,73001,-73001,,18.7021
2026-06-01,9B2z,台新文心,1000,2,998,18.8,18.675
2026-06-02,102E,合庫桃園,0,1000,-1000,,19.05
2026-06-02,102F,合庫西台,0,1000,-1000,,19.0
2026-06-02,1043,臺銀民權,0,28,-28,,18.95
2026-06-02,104A,臺銀臺中,1110,0,1110,18.9975,
2026-06-02,1114,企銀嘉義,0,5000,-5000,,19.0
2026-06-02,1262,宏遠桃園,0,1,-1,,19.0
2026-06-02,1440,美林,5000,0,5000,19.0,
2026-06-02,1470,台灣摩根,29000,18000,11000,19.0155,19.0111
2026-06-02,1480,美商高盛,36149,9000,27149,18.9666,18.9833
2026-06-02,1590,花旗環球,0,2000,-2000,,19.0
2026-06-02,1650,瑞銀,1000,0,1000,19.0,
2026-06-02,5261,美好蘆洲,1100,0,1100,19.0,
2026-06-02,5382,第一台中,5000,0,5000,19.05,
2026-06-02,5389,第一中山,3000,0,3000,19.0,
2026-06-02,538j,第一安和,0,97,-97,,19.0
2026-06-02,5851,統一高雄,0,25,-25,,18.9
2026-06-02,5852,統一敦南,0,10000,-10000,,18.95
2026-06-02,5858,統一嘉義,0,1000,-1000,,19.0
2026-06-02,585B,統一永和,0,1000,-1000,,19.0
2026-06-02,585J,統一三重,3000,0,3000,18.95,
2026-06-02,601d,?亞鑫豐,200,4000,-3800,19.0,19.05
2026-06-02,6160,中國信託,1000,0,1000,19.05,
2026-06-02,6168,中信嘉義,1000,0,1000,18.9,
2026-06-02,6461,大昌樹林,0,1000,-1000,,19.05
2026-06-02,6464,大昌新店,0,2000,-2000,,19.0
2026-06-02,700C,兆豐來福,1000,0,1000,19.0,
2026-06-02,700f,兆豐鹿港,0,14000,-14000,,19.0143
2026-06-02,7790,國票綜合,0,1,-1,,18.95
2026-06-02,779P,國票九鼎,0,1249,-1249,,19.04
2026-06-02,779c,國票敦北,0,7000,-7000,,19.0071
2026-06-02,779v,國票台中,0,3000,-3000,,19.05
2026-06-02,8440,摩根大通,21000,0,21000,18.9976,
2026-06-02,8455,康和台中,0,5000,-5000,,19.0
2026-06-02,845U,康和台北,2000,0,2000,19.0,
2026-06-02,8560,新光,28000,0,28000,18.9,
2026-06-02,8586,聯邦大業,5000,0,5000,19.0,
2026-06-02,8840,玉山,0,10000,-10000,,19.0
2026-06-02,8846,玉山板橋,0,1,-1,,18.95
2026-06-02,884F,玉山桃園,0,1,-1,,19.0
2026-06-02,8882,國泰台中,0,1000,-1000,,18.95
2026-06-02,8888,國泰敦南,37,1012,-975,18.9932,18.9999
2026-06-02,888A,國泰館前,5000,1,4999,19.0,19.0
2026-06-02,9100,群益,0,1,-1,,18.95
2026-06-02,9131,群益民權,0,2000,-2000,,19.05
2026-06-02,918G,群益新莊,0,14000,-14000,,19.0071
2026-06-02,918J,群益永和,1,0,1,18.9,
2026-06-02,918W,群益忠孝,0,1000,-1000,,19.05
2026-06-02,9200,凱基,20000,0,20000,19.0,
2026-06-02,9208,凱基桃園,2000,0,2000,18.9,
2026-06-02,920F,凱基站前,0,5000,-5000,,18.95
2026-06-02,920H,凱基基隆,0,2000,-2000,,19.0
2026-06-02,920M,凱基宜蘭,0,5000,-5000,,18.96
2026-06-02,9234,凱基竹北,20000,0,20000,19.0,
2026-06-02,9235,凱基永華,5000,0,5000,19.0,
2026-06-02,9268,凱基台北,18000,63000,-45000,19.0083,18.973
2026-06-02,9273,凱基竹東,0,1000,-1000,,19.0
2026-06-02,9316,華南淡水,0,1000,-1000,,19.05
2026-06-02,9319,華南鶯歌,0,1,-1,,18.95
2026-06-02,9369,華南三重,1000,1000,0,19.0,18.95
2026-06-02,9614,富邦基隆,0,29000,-29000,,18.9828
2026-06-02,961Y,富邦屏東,2000,0,2000,18.95,
2026-06-02,962J,富邦三峽,0,6000,-6000,,19.0
2026-06-02,962P,富邦頭份,10000,0,10000,19.01,
2026-06-02,9654,富邦永和,0,10001,-10001,,19.0
2026-06-02,9655,富邦板橋,0,1,-1,,18.95
2026-06-02,965K,富邦台中,0,1000,-1000,,19.0
2026-06-02,965U,富邦彰化,1050,0,1050,18.95,
2026-06-02,9661,富邦新店,1000,0,1000,18.95,
2026-06-02,9665,富邦桃園,0,1,-1,,18.95
2026-06-02,9667,富邦台南,0,1000,-1000,,19.0
2026-06-02,9672,富邦員林,10000,0,10000,19.0,
2026-06-02,9693,富邦新營,0,1000,-1000,,19.0
2026-06-02,9801,元大松江,100,0,100,19.0,
2026-06-02,980l,元大虎尾,0,1,-1,,18.95
2026-06-02,981g,元大大里,0,11000,-11000,,19.0409
2026-06-02,9829,元大永康,3000,0,3000,19.05,
2026-06-02,9834,元大中壢,3000,0,3000,18.9333,
2026-06-02,983i,元大大雅,0,7000,-7000,,18.9857
2026-06-02,984K,元大館前,0,90,-90,,18.9667
2026-06-02,9856,元大花蓮,3079,5000,-1921,19.0312,19.0
2026-06-02,9857,元大蘆洲,260,0,260,19.0,
2026-06-02,9867,元大民權,0,1000,-1000,,19.1
2026-06-02,987A,元大楊梅,100,0,100,18.95,
2026-06-02,9884,元大斗信,0,1,-1,,19.0
2026-06-02,9889,元大員林,10000,0,10000,18.9,
2026-06-02,989A,元大北投,1000,0,1000,18.95,
2026-06-02,989E,元大草屯,15000,0,15000,18.9667,
2026-06-02,989F,元大高雄,31000,0,31000,18.9677,
2026-06-02,989G,元大大同,2000,0,2000,19.05,
2026-06-02,989P,元大敦南,0,73,-73,,19.0
2026-06-02,989S,元大鹿港,0,2000,-2000,,18.975
2026-06-02,989g,元大嘉義,0,5190,-5190,,18.9789
2026-06-02,989j,元大樹林,0,1,-1,,18.9
2026-06-02,9A00,永豐金,1000,2001,-1001,18.9,19.0499
2026-06-02,9A97,永豐新竹,0,1000,-1000,,19.0
2026-06-02,9A98,永豐大園,0,10,-10,,19.0
2026-06-02,9A9J,永豐板新,0,164,-164,,19.0
2026-06-02,9A9L,永豐台中,0,550,-550,,18.95
2026-06-02,9A9Z,永豐復興,1,0,1,18.95,
2026-06-02,9A9e,永豐高雄,20,0,20,18.975,
2026-06-02,9B00,台新證券,0,286,-286,,18.9998
2026-06-02,9B1h,台新台中,0,48000,-48000,,18.925
2026-06-02,9B20,台新台北,25000,0,25000,19.03,
2026-06-02,9B25,台新五權,0,1000,-1000,,18.95
2026-06-02,9B27,台新林園,0,2,-2,,19.0
2026-06-02,9B2X,台新草屯,0,1000,-1000,,18.95
2026-06-02,9B2a,台新松德,742,159,583,18.9595,18.95
2026-06-02,9B2b,台新板橋,0,2000,-2000,,19.0
2026-06-02,9B2i,台新中港,0,1000,-1000,,19.0
2026-06-02,9B2l,台新大裕,0,5000,-5000,,19.0
2026-06-03,1020,合庫,0,50,-50,,19.15
2026-06-03,1021,合庫台中,2000,0,2000,19.4,
2026-06-03,1022,合庫台南,0,1,-1,,19.25
2026-06-03,1024,合庫嘉義,2000,0,2000,19.0,
2026-06-03,102E,合庫桃園,0,1000,-1000,,19.35
2026-06-03,1040,臺銀,1000,0,1000,19.45,
2026-06-03,104A,臺銀臺中,2000,5000,-3000,19.1,19.43
2026-06-03,104C,臺銀高雄,0,2000,-2000,,19.5
2026-06-03,126H,宏遠中和,0,5213,-5213,,19.2959
2026-06-03,126L,宏遠台中,0,2000,-2000,,19.5
2026-06-03,126U,宏遠館前,0,536,-536,,19.45
2026-06-03,1440,美林,8000,31000,-23000,19.1562,19.4468
2026-06-03,1470,台灣摩根,77000,9000,68000,19.3032,19.3
2026-06-03,1480,美商高盛,34033,28000,6033,19.2735,19.3679
2026-06-03,1560,港商野村,6000,6000,0,19.3,19.45
2026-06-03,1650,瑞銀,22000,9000,13000,19.1864,19.3778
2026-06-03,5261,美好蘆洲,1000,0,1000,19.0,
2026-06-03,526M,美好市政,0,4,-4,,19.225
2026-06-03,5386,第一彰化,0,20000,-20000,,19.5
2026-06-03,5389,第一中山,0,1,-1,,19.05
2026-06-03,5602,永興水湳,2000,0,2000,19.55,
2026-06-03,5850,統一,0,7000,-7000,,19.5
2026-06-03,5852,統一敦南,30,0,30,19.05,
2026-06-03,5853,統一中壢,0,1000,-1000,,19.2
2026-06-03,585B,統一永和,0,4000,-4000,,19.275
2026-06-03,585U,統一南京,0,6000,-6000,,19.3667
2026-06-03,585Y,統一土城,5000,1000,4000,19.4,19.3
2026-06-03,601d,?亞鑫豐,0,1200,-1200,,19.4833
2026-06-03,6110,台中銀,0,10000,-10000,,19.39
2026-06-03,6115,中銀台北,1110,3200,-2090,19.2905,19.3406
2026-06-03,6160,中國信託,0,198000,-198000,,19.3949
2026-06-03,6162,中信託忠,0,3000,-3000,,19.5
2026-06-03,6383,光和和美,0,9000,-9000,,19.3611
2026-06-03,6464,大昌新店,21000,0,21000,19.0,
2026-06-03,6465,大昌桃園,0,2,-2,,19.225
2026-06-03,6620,口袋,1000,0,1000,19.3,
2026-06-03,6910,德信,0,6000,-6000,,19.2
2026-06-03,6950,福勝,1000,0,1000,19.35,
2026-06-03,700C,兆豐來福,3000,0,3000,19.1833,
2026-06-03,700G,兆豐麻豆,313,0,313,19.4,
2026-06-03,700U,兆豐桃鶯,0,1000,-1000,,19.3
2026-06-03,700Z,兆豐高雄,5000,0,5000,19.33,
2026-06-03,700f,兆豐鹿港,2000,7000,-5000,19.5,19.3571
2026-06-03,700r,兆豐寶成,0,1000,-1000,,19.3
2026-06-03,7750,北城,10002,0,10002,19.35,
2026-06-03,7790,國票綜合,1,0,1,19.2,
2026-06-03,7791,國票台東,0,1000,-1000,,19.2
2026-06-03,779P,國票九鼎,0,4100,-4100,,19.228
2026-06-03,779u,國票長城,0,1,-1,,19.2
2026-06-03,779v,國票台中,0,27,-27,,19.4
2026-06-03,8440,摩根大通,18000,17000,1000,19.0583,19.4559
2026-06-03,8450,康和,0,13,-13,,19.2
2026-06-03,8456,康和新竹,500,0,500,19.4,
2026-06-03,845D,康和板橋,474,0,474,19.4,
2026-06-03,8520,中農,8000,0,8000,19.05,
2026-06-03,8560,新光,0,4001,-4001,,19.4999
2026-06-03,8561,新光台中,30640,1001,29639,19.27,19.4997
2026-06-03,8582,聯邦嘉義,0,1000,-1000,,19.4
2026-06-03,8586,聯邦大業,0,2000,-2000,,19.5
2026-06-03,8840,玉山,0,5000,-5000,,19.5
2026-06-03,8849,玉山景美,0,2000,-2000,,19.3
2026-06-03,884B,玉山台中,5000,0,5000,19.5,
2026-06-03,884F,玉山桃園,2000,1000,1000,19.375,19.4
2026-06-03,884J,玉山大里,0,10000,-10000,,19.5
2026-06-03,8882,國泰台中,1,1,0,19.4,19.05
2026-06-03,8885,國泰桃園,1,1,0,19.2,19.1
2026-06-03,8888,國泰敦南,34,7231,-7197,19.4029,19.1986
2026-06-03,888A,國泰館前,0,1,-1,,19.05
2026-06-03,888K,國泰板橋,3000,3000,0,19.2167,19.1667
2026-06-03,9100,群益,0,1362,-1362,,19.143
2026-06-03,9131,群益民權,2000,4000,-2000,19.3,19.45
2026-06-03,9135,群益東大,0,3100,-3100,,19.4484
2026-06-03,913Y,群益館前,0,1,-1,,19.2
2026-06-03,918W,群益忠孝,0,1000,-1000,,19.5
2026-06-03,918g,群益大甲,0,3000,-3000,,19.15
2026-06-03,918i,群益竹南,4000,0,4000,19.25,
2026-06-03,9202,凱基中港,2000,4000,-2000,19.35,19.4375
2026-06-03,9204,凱基台中,10000,0,10000,19.5,
2026-06-03,920D,凱基市府,0,1000,-1000,,19.45
2026-06-03,920Z,凱基台東,0,1000,-1000,,19.1
2026-06-03,9211,凱基台南,1000,0,1000,19.35,
2026-06-03,9215,凱基高美,0,25000,-25000,,19.38
2026-06-03,9218,凱基大直,1000,0,1000,19.0,
2026-06-03,921C,凱基民權,0,1000,-1000,,19.15
2026-06-03,9234,凱基竹北,0,1000,-1000,,19.5
2026-06-03,9268,凱基台北,19000,165000,-146000,19.2026,19.3876
2026-06-03,9300,華南永昌,3000,2000,1000,19.2167,19.3
2026-06-03,9316,華南淡水,100,0,100,19.2,
2026-06-03,9324,華南岡山,150000,0,150000,19.47,
2026-06-03,9329,華南朴子,0,4000,-4000,,19.5
2026-06-03,9386,華南東昇,0,2000,-2000,,19.225
2026-06-03,9600,富邦,0,685,-685,,19.4
2026-06-03,9604,富邦陽明,0,2000,-2000,,19.3
2026-06-03,9608,富邦台東,0,1000,-1000,,19.5
2026-06-03,9614,富邦基隆,0,35000,-35000,,19.0057
2026-06-03,961C,富邦南京,0,10000,-10000,,19.5
2026-06-03,961K,富邦七賢,0,10,-10,,19.2
2026-06-03,9623,富邦台北,0,5001,-5001,,19.0
2026-06-03,962G,富邦斗六,0,77,-77,,19.45
2026-06-03,9647,富邦新竹,1000,0,1000,19.2,
2026-06-03,9654,富邦永和,0,45004,-45004,,19.2544
2026-06-03,9655,富邦板橋,1000,1000,0,19.5,19.3
2026-06-03,9658,富邦建國,3000,3000,0,19.2667,19.45
2026-06-03,9659,富邦高雄,0,1,-1,,19.05
2026-06-03,965K,富邦台中,0,10000,-10000,,19.0
2026-06-03,965U,富邦彰化,1000,0,1000,19.3,
2026-06-03,9661,富邦新店,90,0,90,19.45,
2026-06-03,9666,富邦南屯,0,2,-2,,19.4
2026-06-03,9667,富邦台南,0,85,-85,,19.45
2026-06-03,9676,富邦仁愛,1000,4000,-3000,19.0,19.45
2026-06-03,9686,富邦宜蘭,1000,1000,0,19.5,19.5
2026-06-03,9693,富邦新營,0,1000,-1000,,19.5
2026-06-03,9800,元大,6000,6000,0,19.325,19.35
2026-06-03,980d,元大沙鹿,0,1000,-1000,,19.5
2026-06-03,9816,元大新竹,0,1100,-1100,,19.2864
2026-06-03,981B,元大竹北,3000,3000,0,19.25,19.45
2026-06-03,981C,元大路竹,0,1,-1,,19.25
2026-06-03,981G,元大彰化,0,2000,-2000,,19.5
2026-06-03,981N,元大金門,0,5000,-5000,,19.15
2026-06-03,981U,元大華山,0,5000,-5000,,19.37
2026-06-03,981Z,元大潮州,1000,0,1000,19.4,
2026-06-03,981g,元大大里,0,1000,-1000,,19.5
2026-06-03,981q,元大萬華,0,15000,-15000,,19.3
2026-06-03,982A,元大羅東,0,1,-1,,19.5
2026-06-03,982C,元大六合,1000,0,1000,19.35,
2026-06-03,983W,元大德芳,0,1000,-1000,,19.55
2026-06-03,984E,元大南勢,3000,0,3000,19.3,
2026-06-03,984K,元大館前,0,3110,-3110,,19.4486
2026-06-03,9852,元大永春,3000,24,2976,19.4333,19.1
2026-06-03,9856,元大花蓮,1000,0,1000,19.25,
2026-06-03,9857,元大蘆洲,0,5000,-5000,,19.4
2026-06-03,9878,元大金華,0,4000,-4000,,19.35
2026-06-03,987A,元大楊梅,20000,1,19999,19.3775,19.35
2026-06-03,9899,元大淡水,0,55,-55,,19.45
2026-06-03,989E,元大草屯,0,17641,-17641,,19.4698
2026-06-03,989F,元大高雄,0,1000,-1000,,19.3
2026-06-03,989L,元大成功,10000,0,10000,19.33,
2026-06-03,989S,元大鹿港,3000,214,2786,19.35,19.3533
2026-06-03,989U,元大大甲,0,50,-50,,19.15
2026-06-03,989W,元大站前,0,224,-224,,19.05
2026-06-03,989Z,元大小港,0,1000,-1000,,19.3
2026-06-03,9A00,永豐金,400,2201,-1801,19.2,19.4
2026-06-03,9A69,永豐屏東,0,2000,-2000,,19.25
2026-06-03,9A79,永豐埔里,1000,0,1000,19.55,
2026-06-03,9A8F,永豐敦南,0,1,-1,,19.2
2026-06-03,9A9D,永豐忠孝,1000,0,1000,19.5,
2026-06-03,9A9J,永豐板新,0,1,-1,,19.35
2026-06-03,9A9L,永豐台中,0,1000,-1000,,19.45
2026-06-03,9A9P,永豐竹北,1000,0,1000,19.4,
2026-06-03,9A9S,永豐南京,0,111,-111,,19.4
2026-06-03,9A9U,永豐中正,0,120,-120,,19.4
2026-06-03,9A9W,永豐市政,0,1000,-1000,,19.45
2026-06-03,9A9X,永豐竹科,0,10000,-10000,,19.5
2026-06-03,9A9e,永豐高雄,30,0,30,19.35,
2026-06-03,9A9g,永豐內湖,30000,0,30000,19.4467,
2026-06-03,9B00,台新證券,1000,101,899,19.05,19.35
2026-06-03,9B11,台新新營,0,5000,-5000,,19.2
2026-06-03,9B16,台新台南,19000,0,19000,19.3263,
2026-06-03,9B1g,台新高雄,0,1,-1,,19.45
2026-06-03,9B25,台新五權,1000,1000,0,19.55,19.15
2026-06-03,9B2P,台新同大,291000,0,291000,19.4426,
2026-06-03,9B2S,台新基隆,1000,0,1000,19.25,
2026-06-03,9B2U,台新宜蘭,2000,2000,0,19.3,19.5
2026-06-03,9B2a,台新松德,2870,758,2112,19.3405,19.2598
2026-06-03,9B2b,台新板橋,0,1,-1,,19.05
2026-06-03,9B2i,台新中港,2000,0,2000,19.175,
2026-06-03,9B2l,台新大裕,3000,15000,-12000,19.2833,19.4333
2026-06-03,9B2m,台新成功,5000,0,5000,19.0,
2026-06-03,9B2v,台新桃園,0,1000,-1000,,19.15
2026-06-03,9B2w,台新佳里,0,1,-1,,19.45
2026-06-04,1020,合庫,0,6000,-6000,,19.35
2026-06-04,1021,合庫台中,0,2000,-2000,,19.3
2026-06-04,1043,臺銀民權,28,0,28,19.35,
2026-06-04,1111,企銀台中,2000,0,2000,19.5,
2026-06-04,1118,企銀豐原,15000,0,15000,19.3667,
2026-06-04,1440,美林,4000,6000,-2000,19.3,19.3833
2026-06-04,1470,台灣摩根,3000,6000,-3000,19.35,19.4833
2026-06-04,1480,美商高盛,15000,8000,7000,19.32,19.5125
2026-06-04,1560,港商野村,0,1000,-1000,,19.3
2026-06-04,1650,瑞銀,4000,13000,-9000,19.3,19.5346
2026-06-04,2180,亞東,0,1000,-1000,,19.4
2026-06-04,5380,第一金證,6000,0,6000,19.3,
2026-06-04,538C,第一光復,2000,0,2000,19.45,
2026-06-04,5602,永興水湳,0,1000,-1000,,19.3
2026-06-04,5852,統一敦南,0,1030,-1030,,19.35
2026-06-04,5858,統一嘉義,100,0,100,19.35,
2026-06-04,585E,統一新營,0,3000,-3000,,19.4
2026-06-04,6115,中銀台北,100,0,100,19.3,
2026-06-04,6210,新百王,0,3000,-3000,,19.45
2026-06-04,6461,大昌樹林,1000,0,1000,19.3,
2026-06-04,7005,兆豐中港,5000,0,5000,19.3,
2026-06-04,700Z,兆豐高雄,1000,0,1000,19.45,
2026-06-04,700d,兆豐彰化,6000,0,6000,19.475,
2026-06-04,700f,兆豐鹿港,0,3000,-3000,,19.5
2026-06-04,7790,國票綜合,4002,1,4001,19.3,19.35
2026-06-04,779X,國票中和,1000,0,1000,19.3,
2026-06-04,779m,國票中港,15000,0,15000,19.48,
2026-06-04,779v,國票台中,3000,3000,0,19.3,19.5
2026-06-04,8440,摩根大通,1000,7000,-6000,19.3,19.5071
2026-06-04,845D,康和板橋,0,2,-2,,19.55
2026-06-04,8520,中農,2000,0,2000,19.4,
2026-06-04,8560,新光,1000,0,1000,19.45,
2026-06-04,8561,新光台中,1000,3000,-2000,19.3,19.6
2026-06-04,8562,新光高雄,0,1000,-1000,,19.6
2026-06-04,8564,新光台南,1,0,1,19.6,
2026-06-04,8586,聯邦大業,0,3000,-3000,,19.4
2026-06-04,8843,玉山高雄,3000,8000,-5000,19.3,19.4125
2026-06-04,8885,國泰桃園,0,1,-1,,19.35
2026-06-04,8888,國泰敦南,2,0,2,19.35,
2026-06-04,888A,國泰館前,0,6,-6,,19.3
2026-06-04,888K,國泰板橋,0,2000,-2000,,19.3
2026-06-04,9100,群益,2000,2000,0,19.425,19.4
2026-06-04,9105,群益高盛,0,1000,-1000,,19.5
2026-06-04,9131,群益民權,0,3,-3,,19.4
2026-06-04,9137,群益士林,200,0,200,19.3,
2026-06-04,918i,群益竹南,0,4000,-4000,,19.45
2026-06-04,918x,群益延平,1000,0,1000,19.35,
2026-06-04,9205,凱基三重,0,1000,-1000,,19.35
2026-06-04,920G,凱基彰化,4000,0,4000,19.4,
2026-06-04,920H,凱基基隆,0,1000,-1000,,19.5
2026-06-04,9217,凱基松山,0,2000,-2000,,19.45
2026-06-04,921C,凱基民權,0,1,-1,,19.35
2026-06-04,9229,凱基中山,1000,0,1000,19.45,
2026-06-04,922C,凱基屏東,2000,0,2000,19.45,
2026-06-04,9268,凱基台北,32000,20000,12000,19.3531,19.4775
2026-06-04,9281,凱基斗六,1,0,1,19.3,
2026-06-04,9316,華南淡水,1000,2000,-1000,19.55,19.6
2026-06-04,9332,華南楠梓,1000,0,1000,19.35,
2026-06-04,9349,華南板橋,2000,0,2000,19.5,
2026-06-04,9377,華南虎尾,0,1,-1,,19.35
2026-06-04,9604,富邦陽明,52,1,51,19.4,19.3
2026-06-04,9608,富邦台東,0,1000,-1000,,19.65
2026-06-04,961R,富邦南員,5000,2000,3000,19.35,19.35
2026-06-04,9623,富邦台北,2000,0,2000,19.5,
2026-06-04,9624,富邦竹北,1,0,1,19.4,
2026-06-04,9627,富邦內湖,6000,0,6000,19.2833,
2026-06-04,963L,富邦豐原,1,0,1,19.3,
2026-06-04,9647,富邦新竹,1000,0,1000,19.35,
2026-06-04,9654,富邦永和,0,77000,-77000,,19.3364
2026-06-04,965K,富邦台中,1010,0,1010,19.3005,
2026-06-04,965U,富邦彰化,1008,0,1008,19.4488,
2026-06-04,9661,富邦新店,0,1000,-1000,,19.6
2026-06-04,9663,富邦敦南,0,1000,-1000,,19.5
2026-06-04,9672,富邦員林,12000,0,12000,19.475,
2026-06-04,9676,富邦仁愛,1000,0,1000,19.35,
2026-06-04,9686,富邦宜蘭,0,1,-1,,19.35
2026-06-04,9800,元大,2000,2000,0,19.325,19.35
2026-06-04,9801,元大松江,100,0,100,19.3,
2026-06-04,980d,元大沙鹿,3000,0,3000,19.35,
2026-06-04,980w,元大西屯,10000,1000,9000,19.5,19.45
2026-06-04,981B,元大竹北,0,3000,-3000,,19.55
2026-06-04,981G,元大彰化,0,6000,-6000,,19.3
2026-06-04,981N,元大金門,0,6000,-6000,,19.4667
2026-06-04,981V,元大民雄,1000,0,1000,19.45,
2026-06-04,981h,元大屏生,1000,0,1000,19.4,
2026-06-04,981p,元大松山,0,2000,-2000,,19.65
2026-06-04,982A,元大羅東,0,499,-499,,19.4
2026-06-04,9833,元大敦化,2000,0,2000,19.375,
2026-06-04,9834,元大中壢,1000,1000,0,19.5,19.6
2026-06-04,983U,元大頭份,0,1,-1,,19.3
2026-06-04,983Z,元大鳳山,0,2000,-2000,,19.25
2026-06-04,983i,元大大雅,4000,0,4000,19.3,
2026-06-04,984E,元大南勢,3000,0,3000,19.3,
2026-06-04,9856,元大花蓮,11000,0,11000,19.4091,
2026-06-04,9858,元大龍潭,0,1,-1,,19.3
2026-06-04,9879,元大板三,0,6000,-6000,,19.35
2026-06-04,987A,元大楊梅,0,20001,-20001,,19.35
2026-06-04,9891,元大永和,2000,0,2000,19.45,
2026-06-04,9894,元大桃興,1,0,1,19.35,
2026-06-04,9897,元大土城,0,1,-1,,19.6
2026-06-04,989A,元大北投,1000,0,1000,19.3,
2026-06-04,989F,元大高雄,40000,0,40000,19.35,
2026-06-04,989S,元大鹿港,0,23000,-23000,,19.3696
2026-06-04,989d,元大北屯,0,20000,-20000,,19.3
2026-06-04,989g,元大嘉義,0,5000,-5000,,19.45
2026-06-04,9A00,永豐金,1002,11,991,19.5997,19.3545
2026-06-04,9A9J,永豐板新,1,1,0,19.55,19.35
2026-06-04,9A9X,永豐竹科,0,10173,-10173,,19.35
2026-06-04,9A9a,永豐苓雅,200,0,200,19.35,
2026-06-04,9A9e,永豐高雄,50,0,50,19.3,
2026-06-04,9A9g,永豐內湖,62000,0,62000,19.5266,
2026-06-04,9A9x,永豐桃園,2000,0,2000,19.55,
2026-06-04,9B00,台新證券,0,1900,-1900,,19.3
2026-06-04,9B1h,台新台中,0,3000,-3000,,19.35
2026-06-04,9B25,台新五權,0,1000,-1000,,19.35
2026-06-04,9B2M,台新彰化,1000,0,1000,19.35,
2026-06-04,9B2a,台新松德,1101,2326,-1225,19.35,19.3715
2026-06-04,9B2l,台新大裕,8000,14000,-6000,19.25,19.5929
2026-06-04,9B2z,台新文心,0,1000,-1000,,19.4
2026-06-05,1021,合庫台中,2000,0,2000,19.3,
2026-06-05,1043,臺銀民權,58,2,56,19.25,19.8
2026-06-05,1440,美林,12000,1000,11000,19.2125,19.45
2026-06-05,1470,台灣摩根,29000,15000,14000,19.2586,19.25
2026-06-05,1480,美商高盛,4000,5000,-1000,19.325,19.27
2026-06-05,1560,港商野村,1000,1000,0,19.35,19.3
2026-06-05,1650,瑞銀,8000,1000,7000,19.3,19.45
2026-06-05,5261,美好蘆洲,1000,1000,0,19.25,19.25
2026-06-05,5380,第一金證,10000,0,10000,19.275,
2026-06-05,5381,第一員林,3,0,3,19.25,
2026-06-05,538C,第一光復,2000,0,2000,19.25,
2026-06-05,538E,第一自由,1000,0,1000,19.25,
2026-06-05,538j,第一安和,0,1,-1,,19.25
2026-06-05,5602,永興水湳,0,1000,-1000,,19.2
2026-06-05,5604,永興大墩,4000,0,4000,19.35,
2026-06-05,5852,統一敦南,0,15,-15,,19.3
2026-06-05,601d,?亞鑫豐,4000,0,4000,19.275,
2026-06-05,6114,中銀員林,51,0,51,19.25,
2026-06-05,6115,中銀台北,100,0,100,19.25,
2026-06-05,6160,中國信託,2000,3001,-1001,19.125,19.25
2026-06-05,6461,大昌樹林,1000,0,1000,19.25,
2026-06-05,7007,兆豐竹北,1000,0,1000,19.3,
2026-06-05,700J,兆豐公益,50000,0,50000,19.338,
2026-06-05,700M,兆豐桃園,0,18000,-18000,,19.25
2026-06-05,700V,兆豐新竹,1,0,1,19.8,
2026-06-05,700b,兆豐中壢,0,50000,-50000,,19.285
2026-06-05,700d,兆豐彰化,1000,0,1000,19.2,
2026-06-05,700f,兆豐鹿港,0,30000,-30000,,19.2833
2026-06-05,700g,兆豐南門,0,12000,-12000,,19.25
2026-06-05,7790,國票綜合,1000,0,1000,19.25,
2026-06-05,7795,國票南港,0,1000,-1000,,19.4
2026-06-05,779c,國票敦北,0,1000,-1000,,19.25
2026-06-05,779v,國票台中,5000,0,5000,19.25,
2026-06-05,8440,摩根大通,16000,0,16000,19.2,
2026-06-05,8561,新光台中,5000,0,5000,19.3,
2026-06-05,8565,新光桃園,2000,1000,1000,19.275,19.35
2026-06-05,8841,玉山雙和,0,4000,-4000,,19.25
2026-06-05,8846,玉山板橋,1000,0,1000,19.35,
2026-06-05,884J,玉山大里,1,0,1,19.25,
2026-06-05,884M,玉山數位,0,8000,-8000,,19.2625
2026-06-05,8888,國泰敦南,4010,220,3790,19.2501,19.25
2026-06-05,888A,國泰館前,0,6,-6,,19.25
2026-06-05,888K,國泰板橋,44,0,44,19.2636,
2026-06-05,918i,群益竹南,4000,0,4000,19.25,
2026-06-05,9204,凱基台中,1000,0,1000,19.3,
2026-06-05,9206,凱基高雄,0,1000,-1000,,19.45
2026-06-05,920F,凱基站前,15000,1000,14000,19.25,19.25
2026-06-05,920G,凱基彰化,2000,0,2000,19.35,
2026-06-05,9229,凱基中山,0,1000,-1000,,19.25
2026-06-05,9268,凱基台北,45000,6000,39000,19.2744,19.375
2026-06-05,9300,華南永昌,1,0,1,19.8,
2026-06-05,9309,華南古亭,2000,0,2000,19.3,
2026-06-05,9316,華南淡水,200,3,197,19.25,19.85
2026-06-05,9332,華南楠梓,0,1,-1,,19.25
2026-06-05,9339,華南竹北,0,1000,-1000,,19.3
2026-06-05,9600,富邦,0,6,-6,,19.25
2026-06-05,9614,富邦基隆,0,51000,-51000,,19.2049
2026-06-05,961K,富邦七賢,0,2000,-2000,,19.35
2026-06-05,9636,富邦中壢,3,0,3,19.6667,
2026-06-05,9654,富邦永和,0,5000,-5000,,19.25
2026-06-05,965K,富邦台中,5000,6000,-1000,19.25,19.25
2026-06-05,9661,富邦新店,1000,0,1000,19.3,
2026-06-05,9665,富邦桃園,0,1000,-1000,,19.25
2026-06-05,9800,元大,2000,2000,0,19.4,19.325
2026-06-05,980d,元大沙鹿,6000,0,6000,19.2833,
2026-06-05,980w,元大西屯,0,10000,-10000,,19.15
2026-06-05,981D,元大南投,2000,0,2000,19.4,
2026-06-05,981U,元大華山,0,1000,-1000,,19.25
2026-06-05,981g,元大大里,1,0,1,19.3,
2026-06-05,9831,元大四維,0,1000,-1000,,19.25
2026-06-05,9833,元大敦化,0,2000,-2000,,19.275
2026-06-05,9834,元大中壢,3000,0,3000,19.1833,
2026-06-05,984E,元大南勢,5000,0,5000,19.2,
2026-06-05,9852,元大永春,0,1000,-1000,,19.35
2026-06-05,9853,元大南屯,0,1,-1,,19.25
2026-06-05,9867,元大民權,6000,0,6000,19.2,
2026-06-05,9875,元大永寧,1000,0,1000,19.3,
2026-06-05,9879,元大板三,0,1000,-1000,,19.3
2026-06-05,9897,元大土城,0,10000,-10000,,19.22
2026-06-05,989F,元大高雄,0,1000,-1000,,19.25
2026-06-05,989I,元大蘆中,1000,1000,0,19.4,19.35
2026-06-05,989J,元大彰生,0,1,-1,,19.8
2026-06-05,989L,元大成功,1000,0,1000,19.25,
2026-06-05,989P,元大敦南,0,138,-138,,19.25
2026-06-05,989S,元大鹿港,1000,0,1000,19.2,
2026-06-05,9A00,永豐金,0,1,-1,,19.25
2026-06-05,9A79,永豐埔里,0,1000,-1000,,19.25
2026-06-05,9A9C,永豐員林,0,4000,-4000,,19.25
2026-06-05,9A9D,永豐忠孝,0,1,-1,,19.25
2026-06-05,9A9P,永豐竹北,1000,0,1000,19.35,
2026-06-05,9A9X,永豐竹科,0,1,-1,,19.3
2026-06-05,9A9e,永豐高雄,20,0,20,19.25,
2026-06-05,9A9x,永豐桃園,3001,2000,1001,19.3002,19.3
2026-06-05,9B00,台新證券,0,26000,-26000,,19.3731
2026-06-05,9B2a,台新松德,4,1100,-1096,19.3,19.3409
2026-06-05,9B2i,台新中港,2000,0,2000,19.1,
2026-06-05,9B2l,台新大裕,16000,0,16000,19.1375,
2026-06-08,1021,合庫台中,2000,0,2000,18.75,
2026-06-08,1040,臺銀,1,0,1,18.5,
2026-06-08,1043,臺銀民權,210,1,209,19.0,19.55
2026-06-08,104A,臺銀臺中,1000,1000,0,18.9,18.9
2026-06-08,104C,臺銀高雄,1010,0,1010,19.0,
2026-06-08,1118,企銀豐原,20000,0,20000,18.725,
2026-06-08,1440,美林,26000,0,26000,18.8904,
2026-06-08,1470,台灣摩根,9000,10000,-1000,18.9222,18.93
2026-06-08,1480,美商高盛,33000,0,33000,18.8242,
2026-06-08,1560,港商野村,0,4000,-4000,,19.0
2026-06-08,1590,花旗環球,1000,3000,-2000,19.0,19.0
2026-06-08,1650,瑞銀,2000,4000,-2000,18.7,18.8875
2026-06-08,5261,美好蘆洲,2,0,2,18.65,
2026-06-08,5384,第一台南,0,1,-1,,19.1
2026-06-08,5385,第一桃園,0,1000,-1000,,18.8
2026-06-08,538j,第一安和,0,100,-100,,19.0
2026-06-08,5604,永興大墩,4000,0,4000,18.8125,
2026-06-08,5858,統一嘉義,1000,0,1000,18.75,
2026-06-08,585J,統一三重,0,13000,-13000,,18.8692
2026-06-08,585m,統一竹南,350,0,350,18.5029,
2026-06-08,601d,?亞鑫豐,0,1,-1,,19.0
2026-06-08,6163,中信託永,0,1000,-1000,,18.6
2026-06-08,6620,口袋,0,1000,-1000,,18.95
2026-06-08,6950,福勝,0,1000,-1000,,19.05
2026-06-08,7005,兆豐中港,3,0,3,18.5,
2026-06-08,700Z,兆豐高雄,0,2000,-2000,,18.85
2026-06-08,700c,兆豐民生,0,1,-1,,19.0
2026-06-08,700d,兆豐彰化,0,7000,-7000,,18.7643
2026-06-08,700f,兆豐鹿港,1000,0,1000,18.75,
2026-06-08,7790,國票綜合,0,3,-3,,18.9
2026-06-08,7791,國票台東,1000,0,1000,18.75,
2026-06-08,779W,國票彰化,0,1,-1,,18.65
2026-06-08,779m,國票中港,5000,0,5000,19.0,
2026-06-08,779v,國票台中,6000,3000,3000,18.8,19.05
2026-06-08,8440,摩根大通,22000,1000,21000,18.8341,18.9
2026-06-08,845D,康和板橋,0,77,-77,,19.0234
2026-06-08,845U,康和台北,0,2000,-2000,,18.575
2026-06-08,8520,中農,2000,10000,-8000,19.0,18.75
2026-06-08,8561,新光台中,8000,5000,3000,18.75,19.0
2026-06-08,8564,新光台南,1,0,1,19.0,
2026-06-08,8581,聯邦高雄,0,1,-1,,18.5
2026-06-08,8587,聯邦興中,1,0,1,19.0,
2026-06-08,884M,玉山數位,1,0,1,19.0,
2026-06-08,8881,國泰高雄,10,0,10,19.0,
2026-06-08,8885,國泰桃園,1,0,1,18.5,
2026-06-08,8887,國泰忠孝,0,10000,-10000,,18.785
2026-06-08,8888,國泰敦南,5000,23046,-18046,18.7,18.8807
2026-06-08,888K,國泰板橋,0,6000,-6000,,18.8667
2026-06-08,9100,群益,2000,2000,0,18.8,19.0
2026-06-08,910D,群益市府,1,0,1,19.6,
2026-06-08,9131,群益民權,2000,2000,0,18.55,18.75
2026-06-08,9187,群益彰化,0,1001,-1001,,18.7502
2026-06-08,918J,群益永和,25,0,25,19.0,
2026-06-08,918W,群益忠孝,1000,0,1000,18.75,
2026-06-08,9202,凱基中港,3000,3000,0,19.0,18.7
2026-06-08,9208,凱基桃園,2000,0,2000,18.7,
2026-06-08,920C,凱基雙和,0,4000,-4000,,18.6
2026-06-08,920F,凱基站前,10000,0,10000,18.8,
2026-06-08,9217,凱基松山,0,1000,-1000,,18.95
2026-06-08,9268,凱基台北,30000,31000,-1000,18.76,18.8645
2026-06-08,9316,華南淡水,200,3,197,19.0,19.3667
2026-06-08,9329,華南朴子,0,150,-150,,19.0
2026-06-08,9363,華南彰化,0,17000,-17000,,18.8
2026-06-08,9369,華南三重,1,0,1,19.0,
2026-06-08,9604,富邦陽明,55,0,55,19.0,
2026-06-08,9614,富邦基隆,0,14000,-14000,,18.7143
2026-06-08,9616,富邦岡山,1000,1000,0,18.6,18.85
2026-06-08,961Z,富邦永康,0,3000,-3000,,19.0
2026-06-08,9623,富邦台北,2,0,2,19.0,
2026-06-08,9627,富邦內湖,1000,0,1000,19.0,
2026-06-08,963L,富邦豐原,1,0,1,19.1,
2026-06-08,9647,富邦新竹,1000,0,1000,18.95,
2026-06-08,9655,富邦板橋,0,3000,-3000,,18.6
2026-06-08,9659,富邦高雄,0,1000,-1000,,18.7
2026-06-08,965K,富邦台中,19,0,19,18.9842,
2026-06-08,9693,富邦新營,1,0,1,18.95,
2026-06-08,9800,元大,3001,3000,1,18.8669,19.0167
2026-06-08,980K,元大竹科,15,0,15,19.1,
2026-06-08,980h,元大台北,16000,0,16000,19.0406,
2026-06-08,9812,元大台中,1,0,1,18.5,
2026-06-08,9816,元大新竹,1,0,1,19.25,
2026-06-08,9817,元大東泰,1000,0,1000,18.8,
2026-06-08,981G,元大彰化,0,196,-196,,19.0
2026-06-08,981S,元大崇德,6,0,6,18.5,
2026-06-08,981Z,元大潮州,0,1000,-1000,,18.75
2026-06-08,981y,元大善化,2000,0,2000,18.85,
2026-06-08,9834,元大中壢,2000,0,2000,18.6,
2026-06-08,9835,元大中山,1,0,1,19.0,
2026-06-08,983i,元大大雅,0,2000,-2000,,18.8
2026-06-08,984E,元大南勢,1000,0,1000,19.0,
2026-06-08,9852,元大永春,2000,0,2000,18.8,
2026-06-08,9856,元大花蓮,0,12000,-12000,,18.7167
2026-06-08,9869,元大新盛,1000,0,1000,18.85,
2026-06-08,9871,元大忠孝,0,350,-350,,18.5
2026-06-08,989A,元大北投,1000,0,1000,18.9,
2026-06-08,989E,元大草屯,0,3000,-3000,,18.7
2026-06-08,989P,元大敦南,2000,0,2000,18.725,
2026-06-08,989S,元大鹿港,0,6000,-6000,,18.725
2026-06-08,989U,元大大甲,1,0,1,18.5,
2026-06-08,989V,元大北重,1000,0,1000,18.8,
2026-06-08,989e,元大中和,1,0,1,19.25,
2026-06-08,9A00,永豐金,2001,2010,-9,19.0001,19.0975
2026-06-08,9A91,永豐松山,2,0,2,19.05,
2026-06-08,9A92,永豐萬盛,0,1,-1,,18.5
2026-06-08,9A98,永豐大園,4000,0,4000,18.75,
2026-06-08,9A9D,永豐忠孝,0,1,-1,,18.5
2026-06-08,9A9G,永豐天母,1,0,1,18.5,
2026-06-08,9A9S,永豐南京,0,11,-11,,19.0
2026-06-08,9A9U,永豐中正,0,1,-1,,18.65
2026-06-08,9A9c,永豐永康,0,1,-1,,19.0
2026-06-08,9A9e,永豐高雄,30,0,30,19.0,
2026-06-08,9A9h,永豐台南,0,4000,-4000,,19.075
2026-06-08,9B00,台新證券,0,14000,-14000,,18.8393
2026-06-08,9B15,台新松江,1,0,1,19.25,
2026-06-08,9B1g,台新高雄,1000,0,1000,18.75,
2026-06-08,9B1h,台新台中,0,3000,-3000,,18.8
2026-06-08,9B20,台新台北,0,2000,-2000,,18.8
2026-06-08,9B2H,台新信義,0,20000,-20000,,18.82
2026-06-08,9B2i,台新中港,1000,0,1000,18.7,
2026-06-08,9B2l,台新大裕,20000,0,20000,18.8875,
2026-06-09,1021,合庫台中,1150,1000,150,19.0065,18.9
2026-06-09,1040,臺銀,200,0,200,19.1,
2026-06-09,104A,臺銀臺中,3000,0,3000,18.9333,
2026-06-09,104C,臺銀高雄,0,1,-1,,19.0
2026-06-09,1118,企銀豐原,0,10000,-10000,,19.1
2026-06-09,1440,美林,10000,0,10000,19.03,
2026-06-09,1470,台灣摩根,15000,12000,3000,19.0667,19.0167
2026-06-09,1480,美商高盛,0,25000,-25000,,18.97
2026-06-09,1560,港商野村,7000,0,7000,19.0,
2026-06-09,1590,花旗環球,0,3000,-3000,,19.0333
2026-06-09,1650,瑞銀,0,2000,-2000,,18.95
2026-06-09,2184,亞東新竹,1000,0,1000,18.9,
2026-06-09,5261,美好蘆洲,98,0,98,19.05,
2026-06-09,5380,第一金證,15000,0,15000,18.95,
2026-06-09,5386,第一彰化,1100,0,1100,18.9318,
2026-06-09,5852,統一敦南,20,0,20,19.25,
2026-06-09,585B,統一永和,0,1,-1,,19.05
2026-06-09,601d,?亞鑫豐,100,0,100,19.0,
2026-06-09,6110,台中銀,40000,0,40000,18.9938,
2026-06-09,6460,大昌,0,1000,-1000,,19.05
2026-06-09,6620,口袋,0,1,-1,,19.05
2026-06-09,7005,兆豐中港,1000,0,1000,18.95,
2026-06-09,700Z,兆豐高雄,1000,0,1000,18.9,
2026-06-09,700b,兆豐中壢,0,2,-2,,19.0
2026-06-09,700f,兆豐鹿港,2000,0,2000,18.975,
2026-06-09,7790,國票綜合,21000,0,21000,19.0024,
2026-06-09,7791,國票台東,0,1000,-1000,,19.1
2026-06-09,779c,國票敦北,0,2,-2,,19.0
2026-06-09,779u,國票長城,0,5000,-5000,,19.0
2026-06-09,779v,國票台中,3000,2000,1000,18.9833,19.2
2026-06-09,8440,摩根大通,27000,2000,25000,19.0815,19.15
2026-06-09,845D,康和板橋,0,153,-153,,19.0
2026-06-09,8560,新光,0,2,-2,,19.0
2026-06-09,8561,新光台中,5000,2,4998,18.9,19.05
2026-06-09,8562,新光高雄,4000,0,4000,19.05,
2026-06-09,8843,玉山高雄,2000,0,2000,19.0,
2026-06-09,8846,玉山板橋,2000,0,2000,19.025,
2026-06-09,884B,玉山台中,40000,0,40000,18.95,
2026-06-09,884F,玉山桃園,2000,0,2000,19.0,
2026-06-09,884M,玉山數位,0,51,-51,,19.05
2026-06-09,8882,國泰台中,0,4,-4,,19.1
2026-06-09,8885,國泰桃園,1,0,1,19.05,
2026-06-09,8886,國泰新莊,1,0,1,19.2,
2026-06-09,8888,國泰敦南,6000,1356,4644,19.1,19.1737
2026-06-09,888A,國泰館前,0,6,-6,,19.05
2026-06-09,888K,國泰板橋,0,1,-1,,19.05
2026-06-09,9131,群益民權,6000,0,6000,19.0,
2026-06-09,9184,群益台中,199,0,199,19.2251,
2026-06-09,918G,群益新莊,0,2000,-2000,,18.9
2026-06-09,918J,群益永和,72,0,72,19.0458,
2026-06-09,918L,群益建成,2000,0,2000,19.0,
2026-06-09,9200,凱基,0,1000,-1000,,19.15
2026-06-09,9208,凱基桃園,2000,0,2000,19.0,
2026-06-09,920F,凱基站前,20000,0,20000,18.9875,
2026-06-09,9218,凱基大直,1,0,1,19.05,
2026-06-09,9223,凱基豐中,10000,0,10000,18.9,
2026-06-09,9234,凱基竹北,1000,0,1000,19.0,
2026-06-09,9236,凱基虎尾,0,2,-2,,19.0
2026-06-09,9254,凱基科園,0,1000,-1000,,18.9
2026-06-09,9266,凱基新豐,0,5000,-5000,,19.1
2026-06-09,9268,凱基台北,21000,12000,9000,19.0905,19.0708
2026-06-09,9296,凱基頭份,1000,0,1000,18.9,
2026-06-09,9300,華南永昌,0,85000,-85000,,19.0312
2026-06-09,9316,華南淡水,0,200,-200,,19.225
2026-06-09,9333,華南長虹,0,107,-107,,19.05
2026-06-09,9604,富邦陽明,55,0,55,19.0,
2026-06-09,961K,富邦七賢,68,0,68,19.05,
2026-06-09,961Y,富邦屏東,0,7000,-7000,,19.25
2026-06-09,961Z,富邦永康,0,4000,-4000,,19.075
2026-06-09,9623,富邦台北,0,1,-1,,19.05
2026-06-09,9624,富邦竹北,1001,1,1000,18.9503,19.05
2026-06-09,9636,富邦中壢,500,2,498,19.05,19.15
2026-06-09,9647,富邦新竹,5000,0,5000,19.03,
2026-06-09,965K,富邦台中,2000,0,2000,18.95,
2026-06-09,9661,富邦新店,1000,0,1000,19.0,
2026-06-09,9672,富邦員林,1000,0,1000,19.0,
2026-06-09,9692,富邦嘉義,10000,0,10000,18.95,
2026-06-09,9693,富邦新營,1000,1000,0,19.0,18.95
2026-06-09,9800,元大,1000,1000,0,19.05,18.95
2026-06-09,980C,元大斗六,10,0,10,19.05,
2026-06-09,980K,元大竹科,20,0,20,19.05,
2026-06-09,980d,元大沙鹿,8000,1,7999,19.0375,19.05
2026-06-09,980h,元大台北,1000,0,1000,18.9,
2026-06-09,9816,元大新竹,500,0,500,19.1,
2026-06-09,981R,元大竹山,2000,0,2000,19.0,
2026-06-09,9831,元大四維,1,0,1,19.0,
2026-06-09,9834,元大中壢,0,2000,-2000,,19.15
2026-06-09,983K,元大學甲,5000,0,5000,19.0,
2026-06-09,9852,元大永春,1000,0,1000,19.05,
2026-06-09,9856,元大花蓮,1000,0,1000,19.0,
2026-06-09,9867,元大民權,4000,0,4000,19.075,
2026-06-09,9872,元大復北,1000,0,1000,18.95,
2026-06-09,9874,元大雙和,100,0,100,19.05,
2026-06-09,9891,元大永和,1000,0,1000,19.0,
2026-06-09,989A,元大北投,0,2000,-2000,,19.05
2026-06-09,989C,元大板橋,5000,0,5000,18.94,
2026-06-09,989J,元大彰生,2000,0,2000,19.0,
2026-06-09,989L,元大成功,2000,12000,-10000,19.0,18.9
2026-06-09,989S,元大鹿港,1000,126000,-125000,19.05,18.9579
2026-06-09,989Y,元大基隆,1000,0,1000,19.05,
2026-06-09,9A00,永豐金,0,14001,-14001,,18.9
2026-06-09,9A99,永豐中壢,8000,0,8000,18.9,
2026-06-09,9A9J,永豐板新,1,0,1,19.25,
2026-06-09,9A9M,永豐南投,100,0,100,19.05,
2026-06-09,9A9W,永豐市政,0,5000,-5000,,19.0
2026-06-09,9A9Y,永豐板盛,4000,0,4000,18.95,
2026-06-09,9A9e,永豐高雄,20,0,20,19.05,
2026-06-09,9A9h,永豐台南,1,1000,-999,19.05,19.05
2026-06-09,9A9x,永豐桃園,0,119,-119,,19.25
2026-06-09,9B00,台新證券,1000,4400,-3400,19.0,19.05
2026-06-09,9B11,台新新營,2000,0,2000,19.075,
2026-06-09,9B1g,台新高雄,0,1,-1,,19.05
2026-06-09,9B2M,台新彰化,1000,0,1000,19.05,
2026-06-09,9B2S,台新基隆,0,1000,-1000,,18.95
2026-06-09,9B2a,台新松德,0,902,-902,,19.0691
2026-06-09,9B2i,台新中港,1000,0,1000,18.95,
2026-06-09,9B2l,台新大裕,4000,0,4000,19.05,
2026-06-09,9B2r,台新城東,1000,0,1000,18.9,
2026-06-10,1021,合庫台中,0,400,-400,,19.0
2026-06-10,104A,臺銀臺中,1,111,-110,19.0,18.9495
2026-06-10,1111,企銀台中,0,2000,-2000,,18.9
2026-06-10,1260,宏遠,1000,0,1000,18.95,
2026-06-10,1440,美林,24000,0,24000,19.0188,
2026-06-10,1470,台灣摩根,34000,7000,27000,19.0529,19.0
2026-06-10,1480,美商高盛,17000,2000,15000,18.9941,19.025
2026-06-10,1560,港商野村,41000,18769,22231,18.8598,19.1006
2026-06-10,1590,花旗環球,0,1000,-1000,,19.05
2026-06-10,1650,瑞銀,3000,0,3000,18.9667,
2026-06-10,5261,美好蘆洲,100,0,100,18.95,
2026-06-10,5381,第一員林,3,0,3,18.9,
2026-06-10,5386,第一彰化,0,1100,-1100,,19.0455
2026-06-10,5854,統一城中,0,20000,-20000,,18.875
2026-06-10,5858,統一嘉義,0,1000,-1000,,19.05
2026-06-10,585m,統一竹南,0,350,-350,,19.0006
2026-06-10,601d,?亞鑫豐,0,3000,-3000,,19.05
2026-06-10,6114,中銀員林,1000,0,1000,18.95,
2026-06-10,6160,中國信託,0,102739,-102739,,18.9627
2026-06-10,6461,大昌樹林,20000,0,20000,19.1025,
2026-06-10,6620,口袋,189,0,189,19.05,
2026-06-10,7000,兆豐,10000,1000,9000,18.9,19.0
2026-06-10,7005,兆豐中港,1000,7000,-6000,18.9,19.1
2026-06-10,700f,兆豐鹿港,2000,20001,-18001,18.9,18.9975
2026-06-10,700k,兆豐員林,1000,0,1000,18.9,
2026-06-10,7791,國票台東,2000,0,2000,19.025,
2026-06-10,779X,國票中和,5000,0,5000,18.95,
2026-06-10,779v,國票台中,1000,1000,0,18.85,19.05
2026-06-10,8440,摩根大通,44000,2000,42000,18.9966,19.025
2026-06-10,845D,康和板橋,0,180,-180,,18.925
2026-06-10,8560,新光,3000,3000,0,19.05,18.9
2026-06-10,8561,新光台中,400,0,400,18.95,
2026-06-10,8565,新光桃園,20,0,20,18.9,
2026-06-10,8840,玉山,10000,0,10000,18.9,
2026-06-10,884B,玉山台中,10000,0,10000,18.85,
2026-06-10,884F,玉山桃園,1000,1001,-1,18.9,19.1
2026-06-10,8881,國泰高雄,1001,1,1000,18.9,19.0
2026-06-10,8882,國泰台中,462,0,462,18.9539,
2026-06-10,8885,國泰桃園,0,34,-34,,19.2
2026-06-10,8886,國泰新莊,1,0,1,18.95,
2026-06-10,8888,國泰敦南,541,0,541,19.0119,
2026-06-10,888A,國泰館前,0,6,-6,,19.0
2026-06-10,888K,國泰板橋,0,1,-1,,18.95
2026-06-10,9131,群益民權,2000,2001,-1,18.9,19.1
2026-06-10,918G,群益新莊,0,2000,-2000,,19.075
2026-06-10,918J,群益永和,1179,0,1179,18.8598,
2026-06-10,9200,凱基,0,2000,-2000,,18.95
2026-06-10,9208,凱基桃園,2000,0,2000,18.85,
2026-06-10,920F,凱基站前,0,15000,-15000,,19.0
2026-06-10,920Z,凱基台東,1000,0,1000,19.0,
2026-06-10,921C,凱基民權,2,0,2,18.975,
2026-06-10,9268,凱基台北,53000,19000,34000,19.0009,19.0026
2026-06-10,9333,華南長虹,0,258,-258,,18.95
2026-06-10,9349,華南板橋,0,3,-3,,18.95
2026-06-10,9386,華南東昇,2000,0,2000,19.0,
2026-06-10,961F,富邦公益,0,2,-2,,18.85
2026-06-10,961K,富邦七賢,0,1,-1,,19.0
2026-06-10,961P,富邦和美,3000,0,3000,19.0,
2026-06-10,961Z,富邦永康,0,1000,-1000,,18.95
2026-06-10,9623,富邦台北,0,9500,-9500,,18.9289
2026-06-10,962D,富邦新莊,0,1000,-1000,,19.1
2026-06-10,963A,富邦八德,2000,0,2000,18.95,
2026-06-10,9647,富邦新竹,1000,0,1000,18.95,
2026-06-10,9658,富邦建國,10000,0,10000,19.05,
2026-06-10,9667,富邦台南,0,100,-100,,18.95
2026-06-10,980C,元大斗六,0,10,-10,,18.9
2026-06-10,980h,元大台北,9000,0,9000,18.95,
2026-06-10,981N,元大金門,0,5000,-5000,,19.05
2026-06-10,981Z,元大潮州,1000,0,1000,19.0,
2026-06-10,981g,元大大里,0,1000,-1000,,18.9
2026-06-10,982C,元大六合,0,1,-1,,19.0
2026-06-10,9833,元大敦化,0,2000,-2000,,19.05
2026-06-10,9854,元大興安,0,1000,-1000,,19.05
2026-06-10,9856,元大花蓮,0,1000,-1000,,19.05
2026-06-10,9857,元大蘆洲,180,0,180,18.95,
2026-06-10,985C,元大鳳中,0,1000,-1000,,19.1
2026-06-10,9889,元大員林,3000,0,3000,18.9,
2026-06-10,9891,元大永和,4000,0,4000,18.9,
2026-06-10,9898,元大新莊,1000,0,1000,18.85,
2026-06-10,989C,元大板橋,4000,0,4000,18.9,
2026-06-10,989J,元大彰生,3000,0,3000,19.0,
2026-06-10,989L,元大成功,2000,0,2000,18.85,
2026-06-10,989S,元大鹿港,0,60000,-60000,,18.925
2026-06-10,989U,元大大甲,0,10,-10,,18.95
2026-06-10,9A00,永豐金,1,0,1,19.0,
2026-06-10,9A9J,永豐板新,1,0,1,18.85,
2026-06-10,9A9S,永豐南京,1000,0,1000,19.0,
2026-06-10,9A9U,永豐中正,1,0,1,19.0,
2026-06-10,9A9Y,永豐板盛,0,4000,-4000,,19.15
2026-06-10,9A9Z,永豐復興,1,0,1,18.9,
2026-06-10,9A9e,永豐高雄,30,0,30,19.0,
2026-06-10,9A9h,永豐台南,0,2000,-2000,,19.1
2026-06-10,9B00,台新證券,3000,0,3000,18.8833,
2026-06-10,9B1h,台新台中,0,20000,-20000,,18.925
2026-06-10,9B2a,台新松德,1466,0,1466,19.0014,
2026-06-11,1043,臺銀民權,0,293,-293,,19.3
2026-06-11,1045,臺銀新竹,1000,0,1000,19.15,
2026-06-11,104A,臺銀臺中,1000,1000,0,19.15,19.25
2026-06-11,104C,臺銀高雄,0,1,-1,,19.3
2026-06-11,104D,臺銀金山,0,3000,-3000,,19.1833
2026-06-11,1118,企銀豐原,0,10000,-10000,,19.275
2026-06-11,1440,美林,30000,8000,22000,19.2083,19.05
2026-06-11,1470,台灣摩根,50000,10000,40000,19.201,19.2
2026-06-11,1480,美商高盛,14002,3000,11002,19.1607,19.1167
2026-06-11,1560,港商野村,30000,0,30000,19.1967,
2026-06-11,1590,花旗環球,4000,0,4000,19.1875,
2026-06-11,1650,瑞銀,23000,3000,20000,19.2,19.35
2026-06-11,5381,第一員林,0,1,-1,,19.2
2026-06-11,5384,第一台南,0,1000,-1000,,19.05
2026-06-11,5385,第一桃園,0,5000,-5000,,19.04
2026-06-11,538I,第一頭份,2000,0,2000,19.2,
2026-06-11,5852,統一敦南,0,20,-20,,19.15
2026-06-11,5856,統一台中,0,2000,-2000,,19.325
2026-06-11,5858,統一嘉義,0,1000,-1000,,19.25
2026-06-11,601d,?亞鑫豐,9000,0,9000,19.1667,
2026-06-11,6160,中國信託,0,293000,-293000,,19.1761
2026-06-11,6210,新百王,650,0,650,19.05,
2026-06-11,638A,光和嘉義,0,100,-100,,19.3
2026-06-11,6460,大昌,0,6000,-6000,,19.25
2026-06-11,6461,大昌樹林,0,2000,-2000,,19.275
2026-06-11,6620,口袋,0,1,-1,,19.05
2026-06-11,7005,兆豐中港,24000,0,24000,19.175,
2026-06-11,700F,兆豐虎尾,11000,0,11000,19.2182,
2026-06-11,700f,兆豐鹿港,5,2000,-1995,19.2,19.225
2026-06-11,700h,兆豐三民,0,4000,-4000,,19.175
2026-06-11,700w,兆豐新莊,0,3000,-3000,,19.2
2026-06-11,7030,致和,1000,0,1000,19.2,
2026-06-11,7031,致和台北,0,2000,-2000,,19.2
2026-06-11,7750,北城,4000,0,4000,19.0,
2026-06-11,7791,國票台東,0,1000,-1000,,19.2
2026-06-11,7795,國票南港,1,0,1,19.3,
2026-06-11,779v,國票台中,0,2000,-2000,,19.275
2026-06-11,8440,摩根大通,44900,14000,30900,19.1864,19.125
2026-06-11,8459,康和嘉義,77000,0,77000,19.1279,
2026-06-11,845D,康和板橋,0,188,-188,,19.3
2026-06-11,8560,新光,0,1,-1,,19.05
2026-06-11,8561,新光台中,5000,1400,3600,19.15,19.2643
2026-06-11,8562,新光高雄,2000,0,2000,19.275,
2026-06-11,8840,玉山,0,5000,-5000,,19.25
2026-06-11,8842,玉山新莊,0,2170,-2170,,19.1539
2026-06-11,8848,玉山嘉義,1000,0,1000,19.25,
2026-06-11,884E,玉山城中,6,0,6,19.6,
2026-06-11,884F,玉山桃園,1,2000,-1999,19.05,19.2
2026-06-11,884J,玉山大里,0,5000,-5000,,19.2
2026-06-11,8886,國泰新莊,2000,1,1999,19.25,19.3
2026-06-11,8888,國泰敦南,34,2000,-1966,19.2971,19.225
2026-06-11,888A,國泰館前,1000,0,1000,19.15,
2026-06-11,9100,群益,1000,0,1000,19.3,
2026-06-11,9131,群益民權,10000,12000,-2000,19.13,19.2417
2026-06-11,9137,群益士林,0,5000,-5000,,19.2
2026-06-11,9184,群益台中,0,99,-99,,19.0
2026-06-11,918B,群益板橋,1,0,1,19.2,
2026-06-11,918J,群益永和,0,1000,-1000,,19.15
2026-06-11,918W,群益忠孝,0,2000,-2000,,19.25
2026-06-11,9200,凱基,1000,0,1000,19.3,
2026-06-11,9206,凱基高雄,0,1000,-1000,,19.2
2026-06-11,920F,凱基站前,0,15000,-15000,,19.2167
2026-06-11,920M,凱基宜蘭,2000,0,2000,19.15,
2026-06-11,920W,凱基大里,2000,0,2000,19.325,
2026-06-11,920Z,凱基台東,0,1000,-1000,,19.25
2026-06-11,9218,凱基大直,0,3000,-3000,,19.1
2026-06-11,9223,凱基豐中,0,1000,-1000,,19.2
2026-06-11,9268,凱基台北,26000,34000,-8000,19.1923,19.2382
2026-06-11,9300,華南永昌,0,3,-3,,19.6
2026-06-11,9329,華南朴子,0,150,-150,,19.2
2026-06-11,9386,華南東昇,0,2000,-2000,,19.25
2026-06-11,9604,富邦陽明,0,1,-1,,19.0
2026-06-11,9608,富邦台東,0,1000,-1000,,19.35
2026-06-11,961Z,富邦永康,0,3,-3,,19.6
2026-06-11,9624,富邦竹北,280,0,280,19.3,
2026-06-11,9647,富邦新竹,0,1000,-1000,,19.1
2026-06-11,9654,富邦永和,0,5000,-5000,,19.2
2026-06-11,9658,富邦建國,0,3000,-3000,,19.15
2026-06-11,965U,富邦彰化,0,1000,-1000,,19.15
2026-06-11,9663,富邦敦南,0,1000,-1000,,19.25
2026-06-11,9692,富邦嘉義,0,1,-1,,19.3
2026-06-11,9800,元大,3000,3000,0,19.2333,19.15
2026-06-11,980h,元大台北,8000,12000,-4000,19.2062,19.2667
2026-06-11,9816,元大新竹,0,250,-250,,19.05
2026-06-11,9817,元大東泰,0,1000,-1000,,19.25
2026-06-11,981C,元大路竹,0,3000,-3000,,19.1
2026-06-11,981N,元大金門,0,2000,-2000,,19.15
2026-06-11,981g,元大大里,0,1000,-1000,,19.3
2026-06-11,982A,元大羅東,0,1,-1,,19.05
2026-06-11,982B,元大博愛,3000,0,3000,19.1333,
2026-06-11,9833,元大敦化,0,4000,-4000,,19.2125
2026-06-11,9834,元大中壢,1000,0,1000,19.35,
2026-06-11,983i,元大大雅,6000,0,6000,19.275,
2026-06-11,9859,元大經國,2000,0,2000,19.2,
2026-06-11,9867,元大民權,26000,0,26000,19.3135,
2026-06-11,9897,元大土城,10000,10000,0,19.235,19.27
2026-06-11,989C,元大板橋,44000,0,44000,19.2273,
2026-06-11,989L,元大成功,0,2000,-2000,,19.2
2026-06-11,989S,元大鹿港,0,42,-42,,19.3
2026-06-11,9A00,永豐金,0,1,-1,,19.0
2026-06-11,9A89,永豐敦北,3000,0,3000,19.25,
2026-06-11,9A98,永豐大園,5000,0,5000,19.2,
2026-06-11,9A99,永豐中壢,15000,0,15000,19.1167,
2026-06-11,9A9J,永豐板新,1000,1000,0,19.3,19.15
2026-06-11,9A9N,永豐桃盛,0,2,-2,,19.2
2026-06-11,9A9Z,永豐復興,0,4000,-4000,,19.2
2026-06-11,9A9a,永豐苓雅,1000,0,1000,19.15,
2026-06-11,9A9g,永豐內湖,1000,4000,-3000,19.3,19.2
2026-06-11,9A9h,永豐台南,0,6000,-6000,,19.25
2026-06-11,9B00,台新證券,10001,0,10001,19.15,
2026-06-11,9B11,台新新營,0,1000,-1000,,19.35
2026-06-11,9B16,台新台南,14000,0,14000,19.225,
2026-06-11,9B1h,台新台中,0,8000,-8000,,19.275
2026-06-11,9B21,台新九如,10000,0,10000,19.195,
2026-06-11,9B27,台新林園,5000,0,5000,19.2,
2026-06-11,9B2A,台新緯城,0,125,-125,,19.3
2026-06-11,9B2Z,台新安南,1000,0,1000,19.1,
2026-06-11,9B2a,台新松德,439,1466,-1027,19.1517,19.1293
2026-06-11,9B2c,台新烏日,1000,0,1000,19.15,
2026-06-11,9B2g,台新中原,2000,0,2000,19.3,
2026-06-11,9B2i,台新中港,0,4000,-4000,,19.1875
2026-06-11,9B2l,台新大裕,0,20000,-20000,,19.2675
2026-06-11,9B2r,台新城東,20000,1000,19000,19.3,19.25
2026-06-12,1021,合庫台中,0,2000,-2000,,19.6
2026-06-12,1023,合庫高雄,0,1000,-1000,,19.6
2026-06-12,104A,臺銀臺中,5100,2000,3100,19.2343,19.45
2026-06-12,1440,美林,19000,0,19000,19.3789,
2026-06-12,1470,台灣摩根,18000,63000,-45000,19.5,19.3548
2026-06-12,1480,美商高盛,6000,8000,-2000,19.2,19.325
2026-06-12,1590,花旗環球,3000,0,3000,19.25,
2026-06-12,1650,瑞銀,2000,1000,1000,19.55,19.55
2026-06-12,5261,美好蘆洲,1000,0,1000,19.4,
2026-06-12,5386,第一彰化,0,1,-1,,19.45
2026-06-12,5387,第一澎湖,6000,0,6000,19.4167,
2026-06-12,538C,第一光復,0,1001,-1001,,19.4998
2026-06-12,538E,第一自由,2000,0,2000,19.375,
2026-06-12,5604,永興大墩,4000,0,4000,19.5,
2026-06-12,5850,統一,0,1,-1,,19.2
2026-06-12,5852,統一敦南,45,1000,-955,19.4789,19.25
2026-06-12,5857,統一新竹,2000,1000,1000,19.2,19.55
2026-06-12,585I,統一員林,4000,0,4000,19.275,
2026-06-12,585M,統一士林,2000,0,2000,19.25,
2026-06-12,585Y,統一土城,0,1000,-1000,,19.4
2026-06-12,6160,中國信託,18000,252000,-234000,19.4028,19.2387
2026-06-12,6164,中信託文,0,1000,-1000,,19.5
2026-06-12,6210,新百王,335,0,335,19.25,
2026-06-12,6460,大昌,0,4,-4,,19.3
2026-06-12,6464,大昌新店,1000,0,1000,19.35,
2026-06-12,6620,口袋,1000,0,1000,19.25,
2026-06-12,7005,兆豐中港,16000,0,16000,19.2531,
2026-06-12,700C,兆豐來福,0,1000,-1000,,19.3
2026-06-12,700F,兆豐虎尾,0,1000,-1000,,19.3
2026-06-12,700S,兆豐大同,1000,0,1000,19.15,
2026-06-12,700Z,兆豐高雄,1000,1000,0,19.3,19.55
2026-06-12,700f,兆豐鹿港,0,1000,-1000,,19.5
2026-06-12,700h,兆豐三民,20000,0,20000,19.25,
2026-06-12,700s,兆豐岡山,1000,1000,0,19.6,19.35
2026-06-12,7790,國票綜合,6000,0,6000,19.15,
2026-06-12,779P,國票九鼎,0,66,-66,,19.5
2026-06-12,779v,國票台中,1000,1000,0,19.15,19.5
2026-06-12,8440,摩根大通,100000,3000,97000,19.3065,19.4667
2026-06-12,845J,康和高雄,2000,0,2000,19.2,
2026-06-12,8520,中農,29,0,29,19.9759,
2026-06-12,8560,新光,2001,5000,-2999,19.25,19.54
2026-06-12,8561,新光台中,3000,1000,2000,19.1833,19.65
2026-06-12,8564,新光台南,1,0,1,19.45,
2026-06-12,8840,玉山,0,1352,-1352,,19.5609
2026-06-12,8841,玉山雙和,2000,0,2000,19.15,
2026-06-12,8848,玉山嘉義,0,1000,-1000,,19.4
2026-06-12,884F,玉山桃園,2000,2001,-1,19.2,19.3001
2026-06-12,884J,玉山大里,0,1000,-1000,,19.3
2026-06-12,8881,國泰高雄,1000,1,999,19.5,19.25
2026-06-12,8884,國泰台南,1,0,1,19.45,
2026-06-12,8886,國泰新莊,0,1,-1,,19.3
2026-06-12,8887,國泰忠孝,0,2000,-2000,,19.4
2026-06-12,8888,國泰敦南,1000,2,998,19.5,19.375
2026-06-12,9100,群益,0,4000,-4000,,19.3
2026-06-12,9105,群益高盛,0,19000,-19000,,19.5
2026-06-12,9131,群益民權,4000,2000,2000,19.275,19.45
2026-06-12,9138,群益中港,2000,0,2000,19.15,
2026-06-12,913H,群益屏東,0,7000,-7000,,19.5
2026-06-12,9184,群益台中,10,0,10,19.3,
2026-06-12,9187,群益彰化,0,10000,-10000,,19.25
2026-06-12,918G,群益新莊,3000,0,3000,19.2,
2026-06-12,918J,群益永和,0,10,-10,,19.3
2026-06-12,918M,群益嘉義,1000,0,1000,19.25,
2026-06-12,918i,群益竹南,4000,8000,-4000,19.15,19.375
2026-06-12,918x,群益延平,3000,3000,0,19.15,19.2167
2026-06-12,920N,凱基湖口,9000,0,9000,19.3889,
2026-06-12,9211,凱基台南,10000,10000,0,19.64,19.25
2026-06-12,9215,凱基高美,25000,0,25000,19.23,
2026-06-12,9225,凱基內埔,1000,0,1000,19.25,
2026-06-12,9234,凱基竹北,3000,1000,2000,19.25,19.5
2026-06-12,9266,凱基新豐,3000,0,3000,19.35,
2026-06-12,9268,凱基台北,102000,46001,55999,19.2549,19.45
2026-06-12,9272,凱基竹科,0,5000,-5000,,19.5
2026-06-12,9274,凱基鳳山,3000,0,3000,19.25,
2026-06-12,9300,華南永昌,10000,0,10000,19.475,
2026-06-12,9302,華南台中,100,0,100,19.3,
2026-06-12,9306,華南台南,0,72,-72,,19.25
2026-06-12,9309,華南古亭,0,3000,-3000,,19.6
2026-06-12,9323,華南小港,0,1,-1,,19.25
2026-06-12,9331,華南鳳山,0,1,-1,,20.0
2026-06-12,9332,華南楠梓,8000,0,8000,19.225,
2026-06-12,9339,華南竹北,0,2000,-2000,,19.4
2026-06-12,9604,富邦陽明,51,0,51,19.45,
2026-06-12,961C,富邦南京,10000,0,10000,19.3,
2026-06-12,961K,富邦七賢,68,47000,-46932,19.3,19.234
2026-06-12,9627,富邦內湖,2000,2000,0,19.15,19.3
2026-06-12,962C,富邦竹科,1000,0,1000,19.5,
2026-06-12,965U,富邦彰化,0,2000,-2000,,19.5
2026-06-12,9661,富邦新店,30,2000,-1970,19.5,19.4
2026-06-12,9665,富邦桃園,0,1,-1,,19.45
2026-06-12,9800,元大,5000,5000,0,19.19,19.31
2026-06-12,9801,元大松江,0,168,-168,,19.3
2026-06-12,980d,元大沙鹿,2000,7000,-5000,19.6,19.55
2026-06-12,980h,元大台北,0,22000,-22000,,19.3477
2026-06-12,9813,元大中崙,11,0,11,19.5,
2026-06-12,9816,元大新竹,0,250,-250,,19.25
2026-06-12,981I,元大天母,2000,0,2000,19.375,
2026-06-12,981U,元大華山,0,1000,-1000,,19.35
2026-06-12,981Z,元大潮州,0,2000,-2000,,19.525
2026-06-12,982B,元大博愛,0,12,-12,,19.3167
2026-06-12,9833,元大敦化,0,9000,-9000,,19.4056
2026-06-12,983i,元大大雅,2000,0,2000,19.25,
2026-06-12,984E,元大南勢,5000,0,5000,19.2,
2026-06-12,9856,元大花蓮,40000,0,40000,19.3875,
2026-06-12,9872,元大復北,1000,0,1000,19.55,
2026-06-12,9875,元大永寧,2000,0,2000,19.25,
2026-06-12,987A,元大楊梅,6000,1,5999,19.2833,19.25
2026-06-12,9896,元大台南,2000,0,2000,19.2,
2026-06-12,989C,元大板橋,22000,8000,14000,19.35,19.3438
2026-06-12,989J,元大彰生,5000,0,5000,19.25,
2026-06-12,989L,元大成功,30,0,30,19.25,
2026-06-12,989S,元大鹿港,1000,0,1000,19.35,
2026-06-12,9A00,永豐金,1,1,0,19.2,19.45
2026-06-12,9A61,永豐鳳山,4000,0,4000,19.2,
2026-06-12,9A9N,永豐桃盛,1,1,0,19.45,19.3
2026-06-12,9A9P,永豐竹北,1000,0,1000,19.55,
2026-06-12,9A9U,永豐中正,0,1,-1,,19.45
2026-06-12,9A9e,永豐高雄,20,0,20,19.45,
2026-06-12,9A9g,永豐內湖,41000,0,41000,19.5402,
2026-06-12,9A9h,永豐台南,0,1,-1,,19.3
2026-06-12,9A9x,永豐桃園,0,2000,-2000,,19.6
2026-06-12,9B00,台新證券,0,9000,-9000,,19.65
2026-06-12,9B11,台新新營,0,1000,-1000,,19.45
2026-06-12,9B1h,台新台中,0,1000,-1000,,19.6
2026-06-12,9B27,台新林園,1000,0,1000,19.3,
2026-06-12,9B2S,台新基隆,1000,0,1000,19.15,
2026-06-12,9B2a,台新松德,356,339,17,19.45,19.4341
2026-06-12,9B2g,台新中原,1000,0,1000,19.3,
2026-06-12,9B2i,台新中港,100,2000,-1900,19.3,19.45
2026-06-12,9B2l,台新大裕,0,7000,-7000,,19.4929
2026-06-12,9B2u,台新世貿,4000,0,4000,19.425,
2026-06-15,104A,臺銀臺中,0,1000,-1000,,19.3
2026-06-15,126i,宏遠光隆,2000,0,2000,19.3,
2026-06-15,1440,美林,24000,1000,23000,19.3271,19.25
2026-06-15,1470,台灣摩根,4000,8000,-4000,19.3125,19.3188
2026-06-15,1480,美商高盛,1000,1002,-2,19.3,19.3006
2026-06-15,1560,港商野村,6000,2000,4000,19.3,19.3
2026-06-15,1590,花旗環球,2000,1000,1000,19.4,19.35
2026-06-15,1650,瑞銀,3000,0,3000,19.35,
2026-06-15,5266,美好中壢,4000,0,4000,19.3,
2026-06-15,5384,第一台南,10000,0,10000,19.25,
2026-06-15,5385,第一桃園,0,1000,-1000,,19.3
2026-06-15,5386,第一彰化,5000,0,5000,19.3,
2026-06-15,538E,第一自由,1000,0,1000,19.3,
2026-06-15,5858,統一嘉義,1000,0,1000,19.3,
2026-06-15,5859,統一屏東,0,50000,-50000,,19.3
2026-06-15,585Y,統一土城,0,1000,-1000,,19.3
2026-06-15,611A,中銀豐原,0,250,-250,,19.25
2026-06-15,6210,新百王,730,0,730,19.2795,
2026-06-15,6460,大昌,0,6,-6,,19.3167
2026-06-15,6465,大昌桃園,0,1,-1,,19.25
2026-06-15,6620,口袋,50,0,50,19.45,
2026-06-15,700C,兆豐來福,1000,0,1000,19.25,
2026-06-15,700Z,兆豐高雄,4000,0,4000,19.35,
2026-06-15,7750,北城,5000,0,5000,19.25,
2026-06-15,779E,國票南崁,0,6000,-6000,,19.3
2026-06-15,779G,國票新莊,1000,836,164,19.3,19.3212
2026-06-15,779H,國票嘉義,4000,0,4000,19.35,
2026-06-15,779P,國票九鼎,0,300,-300,,19.25
2026-06-15,779m,國票中港,8000,0,8000,19.3688,
2026-06-15,779z,國票博愛,0,1,-1,,19.25
2026-06-15,8440,摩根大通,15800,12000,3800,19.2867,19.3292
2026-06-15,8451,康和延平,0,25000,-25000,,19.33
2026-06-15,8459,康和嘉義,60,0,60,19.25,
2026-06-15,8520,中農,6000,0,6000,19.3,
2026-06-15,8560,新光,0,5001,-5001,,19.35
2026-06-15,8563,新光新竹,2000,0,2000,19.3,
2026-06-15,8565,新光桃園,10,0,10,19.25,
2026-06-15,8841,玉山雙和,3000,0,3000,19.35,
2026-06-15,8848,玉山嘉義,1000,0,1000,19.3,
2026-06-15,884B,玉山台中,0,1,-1,,19.45
2026-06-15,884C,玉山信義,0,1,-1,,19.35
2026-06-15,884F,玉山桃園,2000,1000,1000,19.25,19.4
2026-06-15,884J,玉山大里,0,1000,-1000,,19.4
2026-06-15,8881,國泰高雄,10,1,9,19.35,19.25
2026-06-15,8882,國泰台中,0,1,-1,,19.35
2026-06-15,8888,國泰敦南,33,5003,-4970,19.6439,19.4
2026-06-15,888A,國泰館前,1000,5000,-4000,19.25,19.3
2026-06-15,888K,國泰板橋,0,1,-1,,19.25
2026-06-15,9100,群益,1000,1000,0,19.4,19.25
2026-06-15,9131,群益民權,1000,1000,0,19.25,19.45
2026-06-15,913Y,群益館前,4,2,2,19.5625,19.35
2026-06-15,9184,群益台中,190,0,190,19.35,
2026-06-15,9187,群益彰化,0,10000,-10000,,19.3
2026-06-15,918G,群益新莊,3000,0,3000,19.3,
2026-06-15,920N,凱基湖口,2000,0,2000,19.35,
2026-06-15,920W,凱基大里,200,0,200,19.25,
2026-06-15,9234,凱基竹北,53000,0,53000,19.2906,
2026-06-15,9268,凱基台北,41000,15001,25999,19.3037,19.34
2026-06-15,9272,凱基竹科,0,5000,-5000,,19.38
2026-06-15,9296,凱基頭份,0,308,-308,,19.25
2026-06-15,9300,華南永昌,1,0,1,19.25,
2026-06-15,9316,華南淡水,100,265,-165,19.25,19.3862
2026-06-15,9326,華南南京,0,1,-1,,19.35
2026-06-15,9604,富邦陽明,52,1,51,19.3,19.45
2026-06-15,961R,富邦南員,3000,2000,1000,19.3,19.3
2026-06-15,961Z,富邦永康,0,2000,-2000,,19.3
2026-06-15,962P,富邦頭份,0,1,-1,,19.25
2026-06-15,9636,富邦中壢,1,0,1,19.45,
2026-06-15,9657,富邦苗栗,0,1,-1,,19.6
2026-06-15,9659,富邦高雄,0,2,-2,,19.25
2026-06-15,9677,富邦三重,0,1,-1,,19.25
2026-06-15,980a,元大中北,100,0,100,19.25,
2026-06-15,9817,元大東泰,0,2000,-2000,,19.35
2026-06-15,981C,元大路竹,5000,0,5000,19.3,
2026-06-15,981D,元大南投,0,2000,-2000,,19.4
2026-06-15,981Q,元大太平,0,3000,-3000,,19.35
2026-06-15,981R,元大竹山,1000,0,1000,19.3,
2026-06-15,981a,元大歸仁,0,2000,-2000,,19.325
2026-06-15,9833,元大敦化,0,5000,-5000,,19.31
2026-06-15,9852,元大永春,0,2000,-2000,,19.3
2026-06-15,9856,元大花蓮,45000,75,44925,19.3056,19.4
2026-06-15,987A,元大楊梅,5000,0,5000,19.3,
2026-06-15,9898,元大新莊,0,50000,-50000,,19.276
2026-06-15,989C,元大板橋,0,51000,-51000,,19.2745
2026-06-15,989L,元大成功,0,2000,-2000,,19.3
2026-06-15,989S,元大鹿港,3000,0,3000,19.35,
2026-06-15,989V,元大北重,150,0,150,19.4,
2026-06-15,9A00,永豐金,9000,1712,7288,19.35,19.2792
2026-06-15,9A9B,永豐中和,0,5,-5,,19.25
2026-06-15,9A9J,永豐板新,1001,1000,1,19.3,19.45
2026-06-15,9A9d,永豐古亭,1,0,1,19.45,
2026-06-15,9A9e,永豐高雄,30,0,30,19.25,
2026-06-15,9A9r,永豐北高,0,1,-1,,19.25
2026-06-15,9A9s,永豐彰化,0,75,-75,,19.4
2026-06-15,9A9x,永豐桃園,1,0,1,19.45,
2026-06-15,9B00,台新證券,0,1000,-1000,,19.4
2026-06-15,9B16,台新台南,0,5000,-5000,,19.3
2026-06-15,9B1n,台新屏東,1,0,1,19.45,
2026-06-15,9B2a,台新松德,787,456,331,19.25,19.3616
2026-06-16,104A,臺銀臺中,1000,0,1000,19.35,
2026-06-16,104D,臺銀金山,150,0,150,19.25,
2026-06-16,1440,美林,5000,6000,-1000,19.32,19.3
2026-06-16,1470,台灣摩根,3000,1000,2000,19.35,19.35
2026-06-16,1480,美商高盛,3000,3000,0,19.3,19.3
2026-06-16,1560,港商野村,2000,2000,0,19.35,19.25
2026-06-16,1590,花旗環球,3000,0,3000,19.2833,
2026-06-16,5263,美好泰山,1000,0,1000,19.35,
2026-06-16,5380,第一金證,5000,0,5000,19.25,
2026-06-16,5384,第一台南,6000,0,6000,19.25,
2026-06-16,6012,?亞網路,0,2,-2,,19.25
2026-06-16,601d,?亞鑫豐,2000,0,2000,19.25,
2026-06-16,611A,中銀豐原,0,1,-1,,19.4
2026-06-16,6160,中國信託,0,1,-1,,19.4
2026-06-16,6460,大昌,0,1,-1,,19.25
2026-06-16,7001,兆豐嘉義,0,1,-1,,19.25
2026-06-16,7003,兆豐台中,10000,0,10000,19.3,
2026-06-16,7005,兆豐中港,7000,0,7000,19.25,
2026-06-16,700F,兆豐虎尾,0,3000,-3000,,19.25
2026-06-16,700H,兆豐東門,1100,0,1100,19.3091,
2026-06-16,700f,兆豐鹿港,1000,835,165,19.3,19.25
2026-06-16,7790,國票綜合,0,1,-1,,19.25
2026-06-16,7791,國票台東,2000,0,2000,19.35,
2026-06-16,779H,國票嘉義,0,2000,-2000,,19.25
2026-06-16,779X,國票中和,1000,0,1000,19.3,
2026-06-16,8440,摩根大通,4000,9000,-5000,19.3,19.2944
2026-06-16,845D,康和板橋,2,11000,-10998,19.25,19.3
2026-06-16,8561,新光台中,50,0,50,19.25,
2026-06-16,8562,新光高雄,2000,2,1998,19.3,19.275
2026-06-16,8565,新光桃園,20,0,20,19.3,
2026-06-16,8882,國泰台中,1300,0,1300,19.3654,
2026-06-16,8888,國泰敦南,1002,1000,2,19.2503,19.25
2026-06-16,888A,國泰館前,0,6,-6,,19.25
2026-06-16,888K,國泰板橋,200,0,200,19.275,
2026-06-16,9108,群益海山,1000,0,1000,19.25,
2026-06-16,9131,群益民權,1000,1002,-2,19.3,19.4499
2026-06-16,918M,群益嘉義,60,0,60,19.3,
2026-06-16,9208,凱基桃園,3200,0,3200,19.2969,
2026-06-16,920H,凱基基隆,0,3000,-3000,,19.3
2026-06-16,921C,凱基民權,0,2,-2,,19.3
2026-06-16,9223,凱基豐中,0,7000,-7000,,19.35
2026-06-16,9234,凱基竹北,22000,0,22000,19.3,
2026-06-16,9268,凱基台北,1000,39000,-38000,19.3,19.2885
2026-06-16,9307,華南大安,60,0,60,19.3,
2026-06-16,9316,華南淡水,200,0,200,19.25,
2026-06-16,9377,華南虎尾,0,1,-1,,19.25
2026-06-16,9386,華南東昇,2000,0,2000,19.35,
2026-06-16,961C,富邦南京,0,5000,-5000,,19.3
2026-06-16,961F,富邦公益,0,1,-1,,19.3
2026-06-16,961Z,富邦永康,1000,0,1000,19.3,
2026-06-16,9624,富邦竹北,98,0,98,19.25,
2026-06-16,9627,富邦內湖,3000,0,3000,19.2667,
2026-06-16,962D,富邦新莊,3000,0,3000,19.3,
2026-06-16,9636,富邦中壢,0,1,-1,,19.3
2026-06-16,9647,富邦新竹,2000,1,1999,19.4,19.4
2026-06-16,9655,富邦板橋,0,250,-250,,19.2966
2026-06-16,9658,富邦建國,0,1,-1,,19.4
2026-06-16,965K,富邦台中,0,2000,-2000,,19.25
2026-06-16,9663,富邦敦南,1000,2000,-1000,19.3,19.3
2026-06-16,9667,富邦台南,0,1000,-1000,,19.35
2026-06-16,9692,富邦嘉義,19,0,19,19.25,
2026-06-16,9800,元大,2000,0,2000,19.375,
2026-06-16,980u,元大府城,5000,0,5000,19.4,
2026-06-16,9812,元大台中,0,98,-98,,19.4
2026-06-16,981C,元大路竹,0,3000,-3000,,19.35
2026-06-16,981D,元大南投,0,3000,-3000,,19.3
2026-06-16,981g,元大大里,1000,0,1000,19.3,
2026-06-16,9829,元大永康,0,255,-255,,19.25
2026-06-16,9833,元大敦化,0,17000,-17000,,19.3147
2026-06-16,9834,元大中壢,0,4000,-4000,,19.3
2026-06-16,9856,元大花蓮,5000,0,5000,19.32,
2026-06-16,985C,元大鳳中,3000,0,3000,19.3333,
2026-06-16,9862,元大南京,0,1,-1,,19.3
2026-06-16,9872,元大復北,2000,0,2000,19.275,
2026-06-16,9875,元大永寧,2000,0,2000,19.3,
2026-06-16,987A,元大楊梅,0,7000,-7000,,19.3643
2026-06-16,989E,元大草屯,3000,0,3000,19.35,
2026-06-16,989S,元大鹿港,6000,3000,3000,19.3333,19.3667
2026-06-16,9A00,永豐金,8000,2000,6000,19.2812,19.3
2026-06-16,9A89,永豐敦北,0,2000,-2000,,19.35
2026-06-16,9A92,永豐萬盛,0,1,-1,,19.3
2026-06-16,9A9s,永豐彰化,2,0,2,19.4,
2026-06-16,9B15,台新松江,1,0,1,19.25,
2026-06-16,9B22,台新新店,1000,0,1000,19.35,
2026-06-16,9B2L,台新北壢,0,1000,-1000,,19.3
2026-06-16,9B2P,台新同大,1000,0,1000,19.3,
2026-06-17,1043,臺銀民權,1000,0,1000,19.4,
2026-06-17,1440,美林,9000,1000,8000,19.4,19.4
2026-06-17,1470,台灣摩根,11000,1000,10000,19.4,19.35
2026-06-17,1480,美商高盛,2000,6000,-4000,19.3,19.3833
2026-06-17,1590,花旗環球,1000,0,1000,19.4,
2026-06-17,538C,第一光復,1000,2000,-1000,19.3,19.4
2026-06-17,585F,統一彰化,2000,0,2000,19.4,
2026-06-17,585I,統一員林,0,2000,-2000,,19.3
2026-06-17,6210,新百王,86,0,86,19.35,
2026-06-17,6464,大昌新店,0,86,-86,,19.35
2026-06-17,6620,口袋,11001,50,10951,19.4,19.3
2026-06-17,700C,兆豐來福,0,1000,-1000,,19.4
2026-06-17,700a,兆豐忠孝,0,2000,-2000,,19.35
2026-06-17,700f,兆豐鹿港,10000,0,10000,19.4,
2026-06-17,700h,兆豐三民,0,2001,-2001,,19.4499
2026-06-17,7791,國票台東,0,3000,-3000,,19.35
2026-06-17,779Z,國票安和,0,1000,-1000,,19.4
2026-06-17,8440,摩根大通,12000,4000,8000,19.3458,19.375
2026-06-17,8451,康和延平,0,5000,-5000,,19.4
2026-06-17,8459,康和嘉義,5000,0,5000,19.35,
2026-06-17,8520,中農,3000,0,3000,19.25,
2026-06-17,8560,新光,0,1,-1,,19.4
2026-06-17,8565,新光桃園,11,0,11,19.3136,
2026-06-17,8848,玉山嘉義,500,0,500,19.4,
2026-06-17,884B,玉山台中,2000,0,2000,19.35,
2026-06-17,8888,國泰敦南,35,1,34,19.4,19.4
2026-06-17,888A,國泰館前,0,20006,-20006,,19.3
2026-06-17,9100,群益,1000,1000,0,19.25,19.4
2026-06-17,9131,群益民權,1000,0,1000,19.3,
2026-06-17,9208,凱基桃園,3000,0,3000,19.35,
2026-06-17,920F,凱基站前,0,5000,-5000,,19.4
2026-06-17,920H,凱基基隆,0,9000,-9000,,19.3833
2026-06-17,9234,凱基竹北,9000,0,9000,19.35,
2026-06-17,9268,凱基台北,8000,14000,-6000,19.3125,19.2964
2026-06-17,9273,凱基竹東,1000,0,1000,19.4,
2026-06-17,9278,凱基永康,1,0,1,19.3,
2026-06-17,9300,華南永昌,2005,10000,-7995,19.3999,19.3
2026-06-17,9316,華南淡水,0,500,-500,,19.4
2026-06-17,9331,華南鳳山,0,1,-1,,19.35
2026-06-17,9332,華南楠梓,1000,0,1000,19.35,
2026-06-17,9359,華南中正,2000,0,2000,19.4,
2026-06-17,9377,華南虎尾,10,0,10,19.3,
2026-06-17,9625,富邦竹東,3000,0,3000,19.3333,
2026-06-17,9636,富邦中壢,0,1,-1,,19.35
2026-06-17,9647,富邦新竹,0,10000,-10000,,19.4
2026-06-17,9654,富邦永和,1,0,1,19.35,
2026-06-17,965K,富邦台中,0,8030,-8030,,19.3876
2026-06-17,965U,富邦彰化,0,4000,-4000,,19.4
2026-06-17,981i,元大西螺,0,5,-5,,19.4
2026-06-17,9833,元大敦化,0,3000,-3000,,19.3333
2026-06-17,983B,元大林森,0,1,-1,,19.4
2026-06-17,983W,元大德芳,46,0,46,19.3,
2026-06-17,9856,元大花蓮,18000,3000,15000,19.3167,19.35
2026-06-17,989J,元大彰生,0,10,-10,,19.3
2026-06-17,989P,元大敦南,0,5000,-5000,,19.4
2026-06-17,989S,元大鹿港,4000,9000,-5000,19.4,19.4
2026-06-17,9A00,永豐金,9000,1000,8000,19.3056,19.3
2026-06-17,9A9D,永豐忠孝,1,0,1,19.4,
2026-06-17,9A9P,永豐竹北,3000,0,3000,19.4,
2026-06-17,9B2Z,台新安南,0,1000,-1000,,19.3
2026-06-17,9B2a,台新松德,0,4,-4,,19.35
2026-06-17,9B2g,台新中原,1000,0,1000,19.35,
2026-06-17,9B2i,台新中港,0,1000,-1000,,19.35
2026-06-17,9B2l,台新大裕,0,2000,-2000,,19.375
2026-06-18,1230,彰銀,0,1000,-1000,,19.3
2026-06-18,1440,美林,3000,0,3000,19.3333,
2026-06-18,1470,台灣摩根,1500,3000,-1500,19.4333,19.3333
2026-06-18,1480,美商高盛,8006,0,8006,19.3937,
2026-06-18,1590,花旗環球,3000,3000,0,19.3,19.3
2026-06-18,5261,美好蘆洲,0,100,-100,,19.5
2026-06-18,5385,第一桃園,0,5000,-5000,,19.4
2026-06-18,5386,第一彰化,0,5000,-5000,,19.3
2026-06-18,538I,第一頭份,3000,0,3000,19.3167,
2026-06-18,538P,第一路竹,1000,0,1000,19.3,
2026-06-18,5604,永興大墩,8000,0,8000,19.4,
2026-06-18,585F,統一彰化,0,2000,-2000,,19.3
2026-06-18,601d,?亞鑫豐,6200,0,6200,19.3016,
2026-06-18,616K,中信託高,0,35000,-35000,,19.3314
2026-06-18,6210,新百王,0,19801,-19801,,19.398
2026-06-18,6460,大昌,0,6000,-6000,,19.3
2026-06-18,6464,大昌新店,0,16000,-16000,,19.2562
2026-06-18,6465,大昌桃園,0,1,-1,,19.35
2026-06-18,6620,口袋,0,2,-2,,19.35
2026-06-18,7005,兆豐中港,8000,0,8000,19.3125,
2026-06-18,700M,兆豐桃園,1000,0,1000,19.4,
2026-06-18,700S,兆豐大同,14000,0,14000,19.3357,
2026-06-18,700Z,兆豐高雄,2000,0,2000,19.25,
2026-06-18,779H,國票嘉義,0,1,-1,,19.4
2026-06-18,8440,摩根大通,8000,14000,-6000,19.375,19.3214
2026-06-18,8451,康和延平,0,12000,-12000,,19.3917
2026-06-18,845D,康和板橋,0,2,-2,,19.5
2026-06-18,8560,新光,1000,6,994,19.3,19.35
2026-06-18,8561,新光台中,0,4000,-4000,,19.35
2026-06-18,8565,新光桃園,30,0,30,19.3667,
2026-06-18,884F,玉山桃園,0,1000,-1000,,19.3
2026-06-18,8881,國泰高雄,1000,6000,-5000,19.3,19.3
2026-06-18,8882,國泰台中,6095,0,6095,19.3258,
2026-06-18,8884,國泰台南,1000,1,999,19.3,19.4
2026-06-18,8888,國泰敦南,1,2,-1,19.45,19.425
2026-06-18,888A,國泰館前,1,5000,-4999,19.35,19.35
2026-06-18,9100,群益,1000,1000,0,19.35,19.35
2026-06-18,9131,群益民權,5000,0,5000,19.4,
2026-06-18,913R,群益北高,0,1,-1,,19.35
2026-06-18,918G,群益新莊,3000,0,3000,19.35,
2026-06-18,918L,群益建成,10000,0,10000,19.3,
2026-06-18,9204,凱基台中,1000,0,1000,19.35,
2026-06-18,920N,凱基湖口,1000,0,1000,19.35,
2026-06-18,920W,凱基大里,0,2000,-2000,,19.3
2026-06-18,9223,凱基豐中,0,2000,-2000,,19.4
2026-06-18,9234,凱基竹北,37000,0,37000,19.3284,
2026-06-18,9268,凱基台北,15000,53000,-38000,19.3867,19.2925
2026-06-18,9288,凱基埔墘,0,298,-298,,19.5
2026-06-18,9291,凱基大安,1000,0,1000,19.3,
2026-06-18,9300,華南永昌,0,2000,-2000,,19.25
2026-06-18,9307,華南大安,4000,0,4000,19.3,
2026-06-18,9316,華南淡水,1000,399,601,19.3,19.5
2026-06-18,9377,華南虎尾,20,0,20,19.35,
2026-06-18,9604,富邦陽明,1052,0,1052,19.3049,
2026-06-18,961H,富邦新板,968,0,968,19.5,
2026-06-18,961P,富邦和美,778,0,778,19.3,
2026-06-18,9624,富邦竹北,1000,0,1000,19.3,
2026-06-18,9625,富邦竹東,1000,0,1000,19.4,
2026-06-18,962D,富邦新莊,3000,0,3000,19.3,
2026-06-18,9655,富邦板橋,1,0,1,19.45,
2026-06-18,965K,富邦台中,1000,0,1000,19.35,
2026-06-18,9692,富邦嘉義,0,1,-1,,19.35
2026-06-18,980d,元大沙鹿,2000,0,2000,19.35,
2026-06-18,980e,元大清水,100,0,100,19.35,
2026-06-18,981C,元大路竹,0,5000,-5000,,19.25
2026-06-18,981E,元大發財,0,1,-1,,19.5
2026-06-18,981F,元大福營,62,0,62,19.3,
2026-06-18,981R,元大竹山,1356,0,1356,19.35,
2026-06-18,981U,元大華山,0,2000,-2000,,19.4
2026-06-18,981V,元大民雄,200,0,200,19.4,
2026-06-18,981g,元大大里,0,1,-1,,19.4
2026-06-18,9831,元大四維,0,155,-155,,19.3968
2026-06-18,9833,元大敦化,0,7000,-7000,,19.3929
2026-06-18,983B,元大林森,0,1,-1,,19.4
2026-06-18,983W,元大德芳,100,0,100,19.3,
2026-06-18,983i,元大大雅,4000,0,4000,19.3,
2026-06-18,984E,元大南勢,3000,3,2997,19.3,19.35
2026-06-18,9853,元大南屯,0,1,-1,,19.4
2026-06-18,9856,元大花蓮,2000,0,2000,19.3,
2026-06-18,9859,元大經國,0,4000,-4000,,19.3
2026-06-18,986K,元大基孝,50000,0,50000,19.25,
2026-06-18,9872,元大復北,2000,0,2000,19.3,
2026-06-18,9874,元大雙和,1000,0,1000,19.3,
2026-06-18,9875,元大永寧,16000,0,16000,19.3375,
2026-06-18,9878,元大金華,100,0,100,19.4,
2026-06-18,9889,元大員林,7000,1,6999,19.3,19.35
2026-06-18,9891,元大永和,5,0,5,19.68,
2026-06-18,9899,元大淡水,120,0,120,19.325,
2026-06-18,989C,元大板橋,1000,15000,-14000,19.3,19.2733
2026-06-18,989J,元大彰生,1000,0,1000,19.35,
2026-06-18,989S,元大鹿港,4000,0,4000,19.45,
2026-06-18,989W,元大站前,0,1000,-1000,,19.25
2026-06-18,989Z,元大小港,0,4000,-4000,,19.2875
2026-06-18,9A00,永豐金,3000,14000,-11000,19.3,19.3643
2026-06-18,9A69,永豐屏東,2000,0,2000,19.3,
2026-06-18,9A89,永豐敦北,0,34,-34,,19.35
2026-06-18,9A92,永豐萬盛,3000,0,3000,19.35,
2026-06-18,9A97,永豐新竹,5000,0,5000,19.4,
2026-06-18,9A9J,永豐板新,0,15000,-15000,,19.35
2026-06-18,9A9P,永豐竹北,1000,0,1000,19.4,
2026-06-18,9B1h,台新台中,6000,20000,-14000,19.3,19.3
2026-06-18,9B2P,台新同大,1000,0,1000,19.35,
2026-06-18,9B2S,台新基隆,7000,0,7000,19.3,
2026-06-18,9B2a,台新松德,0,783,-783,,19.367
2026-06-18,9B2i,台新中港,0,100,-100,,19.35
2026-06-22,1031,土銀台中,1000,0,1000,19.15,
2026-06-22,104A,臺銀臺中,7000,0,7000,19.1714,
2026-06-22,104D,臺銀金山,2000,0,2000,19.2,
2026-06-22,1440,美林,18000,3000,15000,19.2194,19.2
2026-06-22,1470,台灣摩根,2000,11000,-9000,19.2,19.15
2026-06-22,1480,美商高盛,1000,10000,-9000,19.1,19.22
2026-06-22,1560,港商野村,0,2000,-2000,,19.25
2026-06-22,1650,瑞銀,0,1000,-1000,,19.3
2026-06-22,2184,亞東新竹,1000,0,1000,19.15,
2026-06-22,5380,第一金證,19000,0,19000,19.1395,
2026-06-22,538C,第一光復,3000,1000,2000,19.15,19.35
2026-06-22,538E,第一自由,2000,0,2000,19.15,
2026-06-22,538I,第一頭份,0,5000,-5000,,19.2
2026-06-22,5852,統一敦南,20,2000,-1980,19.45,19.2
2026-06-22,585F,統一彰化,5000,0,5000,19.25,
2026-06-22,601d,?亞鑫豐,0,2,-2,,19.325
2026-06-22,6110,台中銀,30000,2000,28000,19.2033,19.2
2026-06-22,6114,中銀員林,3000,0,3000,19.2,
2026-06-22,6160,中國信託,1000,2,998,19.15,19.275
2026-06-22,6210,新百王,0,6,-6,,19.4
2026-06-22,6460,大昌,2000,0,2000,19.15,
2026-06-22,7005,兆豐中港,6000,0,6000,19.2167,
2026-06-22,700C,兆豐來福,0,1000,-1000,,19.35
2026-06-22,700I,兆豐北高,5,0,5,19.43,
2026-06-22,700S,兆豐大同,0,14000,-14000,,19.1071
2026-06-22,700f,兆豐鹿港,1000,2000,-1000,19.15,19.275
2026-06-22,700h,兆豐三民,0,8000,-8000,,19.2
2026-06-22,700k,兆豐員林,1000,0,1000,19.25,
2026-06-22,8440,摩根大通,0,11000,-11000,,19.25
2026-06-22,8451,康和延平,0,38000,-38000,,19.1947
2026-06-22,845A,康和內湖,1000,0,1000,19.15,
2026-06-22,8520,中農,14000,0,14000,19.2143,
2026-06-22,8560,新光,0,2,-2,,19.25
2026-06-22,8561,新光台中,2000,0,2000,19.1,
2026-06-22,8563,新光新竹,0,2000,-2000,,19.25
2026-06-22,8580,聯邦,0,1,-1,,19.25
2026-06-22,8711,陽信石牌,2000,0,2000,19.25,
2026-06-22,8841,玉山雙和,1000,0,1000,19.25,
2026-06-22,884B,玉山台中,0,10000,-10000,,19.15
2026-06-22,884F,玉山桃園,1,0,1,19.45,
2026-06-22,884M,玉山數位,1,0,1,19.45,
2026-06-22,8882,國泰台中,1,0,1,19.45,
2026-06-22,8885,國泰桃園,0,1,-1,,19.25
2026-06-22,8887,國泰忠孝,0,1,-1,,19.25
2026-06-22,8888,國泰敦南,313,1002,-689,19.2583,19.3498
2026-06-22,888A,國泰館前,0,6,-6,,19.25
2026-06-22,9100,群益,1000,1000,0,19.3,19.3
2026-06-22,918W,群益忠孝,1000,0,1000,19.2,
2026-06-22,920F,凱基站前,10000,15,9985,19.125,19.45
2026-06-22,9231,凱基員林,0,1,-1,,19.4
2026-06-22,9234,凱基竹北,15000,0,15000,19.15,
2026-06-22,9236,凱基虎尾,1000,0,1000,19.2,
2026-06-22,9268,凱基台北,5000,54000,-49000,19.21,19.2065
2026-06-22,9288,凱基埔墘,0,64,-64,,19.3
2026-06-22,9289,凱基興隆,1000,0,1000,19.2,
2026-06-22,9307,華南大安,2000,0,2000,19.2,
2026-06-22,9316,華南淡水,3000,2402,598,19.1667,19.2937
2026-06-22,9326,華南南京,0,1,-1,,19.45
2026-06-22,9332,華南楠梓,1000,0,1000,19.15,
2026-06-22,9339,華南竹北,0,12000,-12000,,19.2
2026-06-22,9377,華南虎尾,20,0,20,19.25,
2026-06-22,961H,富邦新板,7,0,7,19.4,
2026-06-22,961R,富邦南員,0,5000,-5000,,19.25
2026-06-22,961Z,富邦永康,1000,0,1000,19.1,
2026-06-22,9623,富邦台北,0,1,-1,,19.3
2026-06-22,9625,富邦竹東,3000,0,3000,19.15,
2026-06-22,9627,富邦內湖,1000,0,1000,19.15,
2026-06-22,9647,富邦新竹,2000,0,2000,19.15,
2026-06-22,9654,富邦永和,2000,0,2000,19.2,
2026-06-22,9659,富邦高雄,1,0,1,19.45,
2026-06-22,965U,富邦彰化,100,0,100,19.25,
2026-06-22,9663,富邦敦南,2000,2000,0,19.2,19.15
2026-06-22,9665,富邦桃園,399,0,399,19.3,
2026-06-22,9800,元大,0,1000,-1000,,19.3
2026-06-22,980u,元大府城,1000,0,1000,19.2,
2026-06-22,980w,元大西屯,0,1000,-1000,,19.2
2026-06-22,981E,元大發財,0,1,-1,,19.25
2026-06-22,981R,元大竹山,1000,0,1000,19.15,
2026-06-22,9829,元大永康,0,1000,-1000,,19.2
2026-06-22,9831,元大四維,0,6000,-6000,,19.15
2026-06-22,9833,元大敦化,0,7000,-7000,,19.2857
2026-06-22,983i,元大大雅,2000,0,2000,19.3,
2026-06-22,984H,元大景美,1000,0,1000,19.15,
2026-06-22,984K,元大館前,0,20000,-20000,,19.17
2026-06-22,9856,元大花蓮,33000,0,33000,19.2318,
2026-06-22,9859,元大經國,0,2000,-2000,,19.3
2026-06-22,9872,元大復北,1000,0,1000,19.1,
2026-06-22,9896,元大台南,1000,0,1000,19.15,
2026-06-22,9898,元大新莊,22,0,22,19.45,
2026-06-22,989C,元大板橋,1001,1,1000,19.1503,19.3
2026-06-22,989F,元大高雄,10000,0,10000,19.15,
2026-06-22,989J,元大彰生,566,0,566,19.3,
2026-06-22,989L,元大成功,0,2000,-2000,,19.15
2026-06-22,989S,元大鹿港,4000,0,4000,19.3375,
2026-06-22,989V,元大北重,17000,0,17000,19.2882,
2026-06-22,989W,元大站前,51,0,51,19.25,
2026-06-22,989g,元大嘉義,3,0,3,19.45,
2026-06-22,989j,元大樹林,1,0,1,19.25,
2026-06-22,9A00,永豐金,0,2,-2,,19.325
2026-06-22,9A79,永豐埔里,0,7000,-7000,,19.15
2026-06-22,9A89,永豐敦北,0,1000,-1000,,19.1
2026-06-22,9A9J,永豐板新,1,0,1,19.4,
2026-06-22,9A9e,永豐高雄,0,1000,-1000,,19.25
2026-06-22,9A9s,永豐彰化,6000,0,6000,19.2833,
2026-06-22,9B00,台新證券,1000,2000,-1000,19.15,19.15
2026-06-22,9B11,台新新營,0,4000,-4000,,19.3125
2026-06-22,9B1h,台新台中,3000,0,3000,19.1333,
2026-06-22,9B22,台新新店,0,1000,-1000,,19.2
2026-06-22,9B2A,台新緯城,0,1,-1,,19.4
2026-06-22,9B2g,台新中原,0,3000,-3000,,19.25
2026-06-22,9B2m,台新成功,0,1,-1,,19.25
2026-06-23,1021,合庫台中,3000,0,3000,19.05,
2026-06-23,1022,合庫台南,0,5000,-5000,,19.2
2026-06-23,102C,合庫自強,0,4000,-4000,,19.075
2026-06-23,1043,臺銀民權,28,0,28,19.25,
2026-06-23,104C,臺銀高雄,0,313,-313,,19.1
2026-06-23,1230,彰銀,0,6000,-6000,,19.05
2026-06-23,1262,宏遠桃園,0,2000,-2000,,19.05
2026-06-23,1440,美林,4000,0,4000,19.15,
2026-06-23,1470,台灣摩根,21000,3000,18000,19.0738,19.15
2026-06-23,1480,美商高盛,2000,5000,-3000,19.1,19.13
2026-06-23,1560,港商野村,2000,14000,-12000,19.15,19.1071
2026-06-23,1590,花旗環球,1000,0,1000,19.15,
2026-06-23,5261,美好蘆洲,0,200,-200,,19.2
2026-06-23,5262,美好楊梅,0,1,-1,,19.45
2026-06-23,5380,第一金證,17000,0,17000,19.0529,
2026-06-23,5382,第一台中,1,0,1,19.2,
2026-06-23,538C,第一光復,1000,0,1000,19.1,
2026-06-23,538E,第一自由,2002,0,2002,19.0501,
2026-06-23,538I,第一頭份,0,1,-1,,19.25
2026-06-23,5852,統一敦南,0,40,-40,,19.15
2026-06-23,5856,統一台中,0,3000,-3000,,19.05
2026-06-23,5858,統一嘉義,1000,0,1000,19.05,
2026-06-23,585F,統一彰化,0,5000,-5000,,19.05
2026-06-23,585Y,統一土城,0,3000,-3000,,19.0
2026-06-23,585Z,統一松江,0,1,-1,,19.2
2026-06-23,6012,?亞網路,0,1,-1,,19.2
2026-06-23,601d,?亞鑫豐,2000,0,2000,19.05,
2026-06-23,6110,台中銀,3000,0,3000,19.05,
2026-06-23,6160,中國信託,53,0,53,19.2,
2026-06-23,6161,中信三重,0,1000,-1000,,19.05
2026-06-23,6461,大昌樹林,1000,0,1000,19.05,
2026-06-23,7005,兆豐中港,9000,1000,8000,19.0556,19.1
2026-06-23,700C,兆豐來福,1000,0,1000,19.05,
2026-06-23,700F,兆豐虎尾,0,6000,-6000,,19.05
2026-06-23,700Z,兆豐高雄,1000,0,1000,19.05,
2026-06-23,700d,兆豐彰化,2000,0,2000,19.05,
2026-06-23,700f,兆豐鹿港,1000,3,997,19.05,19.2333
2026-06-23,700w,兆豐新莊,0,10000,-10000,,19.15
2026-06-23,7790,國票綜合,2000,0,2000,19.05,
2026-06-23,779Z,國票安和,0,2000,-2000,,19.1
2026-06-23,779v,國票台中,1000,0,1000,19.05,
2026-06-23,8440,摩根大通,1000,41000,-40000,19.05,19.1085
2026-06-23,8451,康和延平,0,20000,-20000,,19.05
2026-06-23,845D,康和板橋,388,0,388,19.1,
2026-06-23,8520,中農,7000,0,7000,19.0857,
2026-06-23,8561,新光台中,3000,2000,1000,19.05,19.1
2026-06-23,8582,聯邦嘉義,1000,0,1000,19.05,
2026-06-23,8586,聯邦大業,1,0,1,19.2,
2026-06-23,8711,陽信石牌,2000,0,2000,19.15,
2026-06-23,8840,玉山,0,5000,-5000,,19.1
2026-06-23,8841,玉山雙和,1000,0,1000,19.1,
2026-06-23,884B,玉山台中,0,16000,-16000,,19.05
2026-06-23,884F,玉山桃園,1000,0,1000,19.2,
2026-06-23,884J,玉山大里,10000,0,10000,19.05,
2026-06-23,8884,國泰台南,0,1,-1,,19.2
2026-06-23,8888,國泰敦南,5003,1000,4003,19.11,19.0
2026-06-23,888K,國泰板橋,0,1,-1,,19.2
2026-06-23,9100,群益,1000,1000,0,19.2,19.05
2026-06-23,910D,群益市府,0,2000,-2000,,19.05
2026-06-23,9131,群益民權,2000,2000,0,19.05,19.2
2026-06-23,9184,群益台中,40,0,40,19.2,
2026-06-23,9204,凱基台中,0,10000,-10000,,19.05
2026-06-23,920D,凱基市府,1000,0,1000,19.05,
2026-06-23,920F,凱基站前,10000,0,10000,19.125,
2026-06-23,9211,凱基台南,1,0,1,19.2,
2026-06-23,9234,凱基竹北,10000,0,10000,19.15,
2026-06-23,9268,凱基台北,18002,41000,-22998,19.0917,19.0878
2026-06-23,9288,凱基埔墘,0,1000,-1000,,19.1
2026-06-23,9300,華南永昌,0,10000,-10000,,19.05
2026-06-23,9302,華南台中,3000,0,3000,19.1,
2026-06-23,9316,華南淡水,1036,107,929,19.1017,19.2187
2026-06-23,9359,華南中正,13000,0,13000,19.05,
2026-06-23,9363,華南彰化,0,18000,-18000,,19.1
2026-06-23,961C,富邦南京,0,25,-25,,19.25
2026-06-23,961Z,富邦永康,1000,0,1000,19.1,
2026-06-23,9624,富邦竹北,80,0,80,19.2,
2026-06-23,9627,富邦內湖,1000,0,1000,19.05,
2026-06-23,962C,富邦竹科,0,1,-1,,19.15
2026-06-23,9636,富邦中壢,0,1,-1,,19.2
2026-06-23,9654,富邦永和,11000,0,11000,19.0591,
2026-06-23,9697,富邦虎尾,0,1,-1,,19.2
2026-06-23,980d,元大沙鹿,1000,1,999,19.15,19.2
2026-06-23,981I,元大天母,1000,0,1000,19.05,
2026-06-23,981U,元大華山,0,1,-1,,19.2
2026-06-23,981p,元大松山,1000,0,1000,19.05,
2026-06-23,9833,元大敦化,0,2000,-2000,,19.175
2026-06-23,9838,元大豐原,10000,0,10000,19.05,
2026-06-23,983f,元大竹東,0,1,-1,,19.2
2026-06-23,983j,元大仁愛,30,0,30,19.2,
2026-06-23,984H,元大景美,1000,0,1000,19.05,
2026-06-23,9856,元大花蓮,29000,0,29000,19.1397,
2026-06-23,9872,元大復北,1000,0,1000,19.15,
2026-06-23,9874,元大雙和,100,0,100,19.2,
2026-06-23,9894,元大桃興,1,0,1,19.2,
2026-06-23,989C,元大板橋,2000,1000,1000,19.05,19.05
2026-06-23,989E,元大草屯,2000,0,2000,19.1,
2026-06-23,989F,元大高雄,10000,0,10000,19.05,
2026-06-23,989J,元大彰生,9,0,9,19.45,
2026-06-23,989S,元大鹿港,3000,0,3000,19.1,
2026-06-23,9A89,永豐敦北,2000,0,2000,19.1,
2026-06-23,9A92,永豐萬盛,0,3000,-3000,,19.15
2026-06-23,9A9L,永豐台中,0,4000,-4000,,19.1
2026-06-23,9A9e,永豐高雄,5000,0,5000,19.1,
2026-06-23,9A9g,永豐內湖,0,3000,-3000,,19.1333
2026-06-23,9A9q,永豐潮州,0,75,-75,,19.1
2026-06-23,9A9x,永豐桃園,0,2000,-2000,,19.05
2026-06-23,9B00,台新證券,1000,0,1000,19.1,
2026-06-23,9B16,台新台南,0,3000,-3000,,19.15
2026-06-23,9B2A,台新緯城,1000,0,1000,19.2,
2026-06-23,9B2P,台新同大,11000,0,11000,19.15,
2026-06-23,9B2W,台新吉利,0,5000,-5000,,19.05
2026-06-23,9B2i,台新中港,2000,0,2000,19.075,
2026-06-24,1043,臺銀民權,108,0,108,19.15,
2026-06-24,104A,臺銀臺中,5000,0,5000,19.05,
2026-06-24,1440,美林,1000,0,1000,19.15,
2026-06-24,1470,台灣摩根,6000,1500,4500,19.1167,19.0667
2026-06-24,1480,美商高盛,3000,0,3000,19.1,
2026-06-24,1560,港商野村,8000,0,8000,19.05,
2026-06-24,1590,花旗環球,1000,0,1000,19.1,
2026-06-24,1650,瑞銀,1000,0,1000,19.1,
2026-06-24,5261,美好蘆洲,100,0,100,19.0,
2026-06-24,5381,第一員林,1000,0,1000,19.1,
2026-06-24,5385,第一桃園,0,9000,-9000,,19.15
2026-06-24,538D,第一忠孝,2000,0,2000,19.1,
2026-06-24,5855,統一台南,0,552,-552,,19.0
2026-06-24,585F,統一彰化,0,2000,-2000,,19.15
2026-06-24,6115,中銀台北,0,1000,-1000,,19.1
2026-06-24,6210,新百王,3418,103,3315,19.0535,19.4
2026-06-24,6464,大昌新店,0,1,-1,,19.0
2026-06-24,6912,德信中正,0,10000,-10000,,19.05
2026-06-24,7005,兆豐中港,2000,0,2000,19.05,
2026-06-24,700H,兆豐東門,100,0,100,19.4,
2026-06-24,700J,兆豐公益,86,0,86,19.0,
2026-06-24,700Z,兆豐高雄,1000,0,1000,19.05,
2026-06-24,700w,兆豐新莊,0,10000,-10000,,19.1
2026-06-24,779H,國票嘉義,0,1000,-1000,,19.05
2026-06-24,8440,摩根大通,15000,2000,13000,19.05,19.1
2026-06-24,845A,康和內湖,2000,0,2000,19.075,
2026-06-24,845D,康和板橋,236,19,217,19.0,19.2
2026-06-24,845X,康和屏東,1000,0,1000,19.1,
2026-06-24,8520,中農,7000,0,7000,19.0643,
2026-06-24,8562,新光高雄,5,0,5,19.15,
2026-06-24,8840,玉山,0,5000,-5000,,19.12
2026-06-24,8841,玉山雙和,0,2000,-2000,,19.1
2026-06-24,8881,國泰高雄,0,1001,-1001,,19.1
2026-06-24,8882,國泰台中,1000,0,1000,19.1,
2026-06-24,8886,國泰新莊,105,0,105,19.0,
2026-06-24,8888,國泰敦南,120,8,112,19.0,19.1437
2026-06-24,913D,群益潭子,2000,0,2000,19.1,
2026-06-24,9184,群益台中,20,0,20,19.2,
2026-06-24,918J,群益永和,2002,0,2002,19.075,
2026-06-24,918g,群益大甲,162,0,162,19.15,
2026-06-24,918i,群益竹南,0,30000,-30000,,19.0533
2026-06-24,9208,凱基桃園,1000,0,1000,19.05,
2026-06-24,9215,凱基高美,0,1,-1,,19.0
2026-06-24,9234,凱基竹北,29000,0,29000,19.0655,
2026-06-24,9266,凱基新豐,1,0,1,19.4,
2026-06-24,9268,凱基台北,10001,5000,5001,19.145,19.11
2026-06-24,9275,凱基三多,1000,0,1000,19.1,
2026-06-24,9285,凱基中壢,0,1,-1,,19.0
2026-06-24,9316,華南淡水,100,0,100,19.0,
2026-06-24,9377,華南虎尾,7,0,7,19.15,
2026-06-24,9627,富邦內湖,0,1,-1,,19.2
2026-06-24,9654,富邦永和,10000,0,10000,19.05,
2026-06-24,9665,富邦桃園,20,1,19,19.15,19.45
2026-06-24,9667,富邦台南,0,1,-1,,19.15
2026-06-24,9800,元大,1000,0,1000,19.05,
2026-06-24,9801,元大松江,0,513,-513,,19.15
2026-06-24,981F,元大福營,5000,0,5000,19.06,
2026-06-24,981V,元大民雄,1000,0,1000,19.05,
2026-06-24,981Z,元大潮州,1000,0,1000,19.05,
2026-06-24,981q,元大萬華,1000,0,1000,19.05,
2026-06-24,982B,元大博愛,0,7000,-7000,,19.05
2026-06-24,9833,元大敦化,12000,3000,9000,19.1,19.1
2026-06-24,983U,元大頭份,1000,0,1000,19.05,
2026-06-24,9856,元大花蓮,1000,0,1000,19.05,
2026-06-24,985C,元大鳳中,0,1,-1,,19.15
2026-06-24,9867,元大民權,0,52000,-52000,,19.0577
2026-06-24,9871,元大忠孝,0,339,-339,,19.15
2026-06-24,9897,元大土城,121,0,121,19.15,
2026-06-24,989C,元大板橋,3000,0,3000,19.05,
2026-06-24,989F,元大高雄,10000,0,10000,19.05,
2026-06-24,989g,元大嘉義,0,7000,-7000,,19.05
2026-06-24,9A00,永豐金,1,0,1,19.45,
2026-06-24,9A9L,永豐台中,0,1000,-1000,,19.1
2026-06-24,9A9Y,永豐板盛,0,1,-1,,19.15
2026-06-24,9A9h,永豐台南,0,3000,-3000,,19.05
2026-06-24,9A9s,永豐彰化,0,1,-1,,19.15
2026-06-24,9B1h,台新台中,2000,0,2000,19.05,
2026-06-24,9B28,台新北新,1,0,1,19.4,
2026-06-24,9B2D,台新大昌,2,0,2,19.15,
2026-06-24,9B2L,台新北壢,1,0,1,19.15,
2026-06-24,9B2N,台新虎尾,1000,0,1000,19.05,
2026-06-24,9B2a,台新松德,108,0,108,19.0,
2026-06-24,9B2i,台新中港,0,2000,-2000,,19.1
2026-06-24,9B2o,台新新興,219,0,219,19.15,
2026-06-25,1040,臺銀,0,2000,-2000,,19.15
2026-06-25,1114,企銀嘉義,0,3000,-3000,,19.15
2026-06-25,1440,美林,1000,1000,0,19.15,19.15
2026-06-25,1470,台灣摩根,11000,2000,9000,19.15,19.125
2026-06-25,1480,美商高盛,1000,0,1000,19.1,
2026-06-25,1590,花旗環球,1000,0,1000,19.15,
2026-06-25,1650,瑞銀,2000,0,2000,19.15,
2026-06-25,5261,美好蘆洲,0,100,-100,,19.2
2026-06-25,538D,第一忠孝,0,2000,-2000,,19.1
2026-06-25,6210,新百王,0,20000,-20000,,19.115
2026-06-25,6464,大昌新店,0,23000,-23000,,19.15
2026-06-25,6620,口袋,0,4,-4,,19.15
2026-06-25,7005,兆豐中港,0,17000,-17000,,19.15
2026-06-25,700G,兆豐麻豆,354,0,354,19.191,
2026-06-25,700a,兆豐忠孝,1000,0,1000,19.15,
2026-06-25,700f,兆豐鹿港,0,101,-101,,19.2
2026-06-25,700h,兆豐三民,0,10000,-10000,,19.2
2026-06-25,7034,致和金華,1000,0,1000,19.2,
2026-06-25,7791,國票台東,2000,0,2000,19.1,
2026-06-25,779D,國票台南,0,1,-1,,19.15
2026-06-25,779P,國票九鼎,0,1000,-1000,,19.1
2026-06-25,8440,摩根大通,22000,0,22000,19.1205,
2026-06-25,845D,康和板橋,80,0,80,19.05,
2026-06-25,8560,新光,0,1,-1,,19.15
2026-06-25,8561,新光台中,5000,0,5000,19.15,
2026-06-25,8563,新光新竹,0,2,-2,,19.2
2026-06-25,8565,新光桃園,1,0,1,19.2,
2026-06-25,8711,陽信石牌,0,2000,-2000,,19.15
2026-06-25,884M,玉山數位,0,86,-86,,19.15
2026-06-25,8882,國泰台中,1,0,1,19.15,
2026-06-25,8888,國泰敦南,4154,1115,3039,19.1355,19.1552
2026-06-25,913R,群益北高,0,5,-5,,19.15
2026-06-25,9184,群益台中,40,0,40,19.2,
2026-06-25,9187,群益彰化,0,4000,-4000,,19.15
2026-06-25,918g,群益大甲,54,0,54,19.15,
2026-06-25,9208,凱基桃園,0,2000,-2000,,19.15
2026-06-25,920F,凱基站前,0,5000,-5000,,19.2
2026-06-25,920Z,凱基台東,1000,0,1000,19.1,
2026-06-25,9268,凱基台北,13001,2000,11001,19.15,19.15
2026-06-25,9302,華南台中,0,50,-50,,19.2
2026-06-25,9303,華南高雄,0,1,-1,,19.2
2026-06-25,9307,華南大安,11000,11000,0,19.15,19.15
2026-06-25,9316,華南淡水,100,54,46,19.05,19.25
2026-06-25,9333,華南長虹,0,1000,-1000,,19.15
2026-06-25,9339,華南竹北,0,300,-300,,19.05
2026-06-25,9377,華南虎尾,13,0,13,19.15,
2026-06-25,9386,華南東昇,2000,0,2000,19.1,
2026-06-25,961Y,富邦屏東,1,0,1,19.2,
2026-06-25,9623,富邦台北,0,3000,-3000,,19.15
2026-06-25,9667,富邦台南,2000,0,2000,19.1,
2026-06-25,9672,富邦員林,0,2000,-2000,,19.15
2026-06-25,980D,元大北府,0,1,-1,,19.15
2026-06-25,980d,元大沙鹿,5000,10000,-5000,19.2,19.1
2026-06-25,981g,元大大里,1000,0,1000,19.2,
2026-06-25,981j,元大士林,1,0,1,19.25,
2026-06-25,982C,元大六合,0,34,-34,,19.15
2026-06-25,9833,元大敦化,0,8000,-8000,,19.1312
2026-06-25,9837,元大北港,5000,0,5000,19.1,
2026-06-25,983U,元大頭份,1000,0,1000,19.1,
2026-06-25,983i,元大大雅,0,2000,-2000,,19.15
2026-06-25,9856,元大花蓮,5000,0,5000,19.2,
2026-06-25,9857,元大蘆洲,1000,0,1000,19.1,
2026-06-25,9872,元大復北,3000,0,3000,19.15,
2026-06-25,9874,元大雙和,100,0,100,19.2,
2026-06-25,9879,元大板三,0,1,-1,,19.2
2026-06-25,9884,元大斗信,53,0,53,19.25,
2026-06-25,9892,元大屏東,37000,0,37000,19.15,
2026-06-25,989D,元大左營,0,1000,-1000,,19.15
2026-06-25,989Z,元大小港,1,0,1,19.2,
2026-06-25,9A00,永豐金,1000,1,999,19.1,19.15
2026-06-25,9A9H,永豐新莊,0,6000,-6000,,19.15
2026-06-25,9A9L,永豐台中,1,0,1,19.2,
2026-06-25,9A9U,永豐中正,0,1,-1,,19.2
2026-06-25,9A9W,永豐市政,2000,0,2000,19.2,
2026-06-25,9B23,台新三重,1,0,1,19.05,
2026-06-25,9B2a,台新松德,0,97,-97,,19.2
2026-06-25,9B2l,台新大裕,0,1,-1,,19.15
2026-06-26,1022,合庫台南,1000,0,1000,19.05,
2026-06-26,1024,合庫嘉義,0,2000,-2000,,19.05
2026-06-26,1043,臺銀民權,100,0,100,19.1,
2026-06-26,104A,臺銀臺中,1000,0,1000,19.0,
2026-06-26,1114,企銀嘉義,0,2000,-2000,,19.05
2026-06-26,111A,企銀民雄,11000,0,11000,18.9,
2026-06-26,1261,宏遠民生,1000,0,1000,18.9,
2026-06-26,1440,美林,1000,12000,-11000,18.9,19.0
2026-06-26,1470,台灣摩根,16000,1000,15000,18.9688,18.9
2026-06-26,1480,美商高盛,3000,1000,2000,19.0333,18.9
2026-06-26,1590,花旗環球,0,5000,-5000,,19.03
2026-06-26,1650,瑞銀,0,14000,-14000,,18.9857
2026-06-26,5261,美好蘆洲,10,0,10,18.9,
2026-06-26,5380,第一金證,40000,0,40000,18.975,
2026-06-26,5385,第一桃園,0,7000,-7000,,18.95
2026-06-26,538P,第一路竹,2513,0,2513,18.9408,
2026-06-26,5858,統一嘉義,1000,0,1000,18.9,
2026-06-26,6110,台中銀,2000,0,2000,19.05,
2026-06-26,6164,中信託文,0,1000,-1000,,19.05
2026-06-26,6210,新百王,0,34091,-34091,,18.9759
2026-06-26,6460,大昌,1000,0,1000,18.9,
2026-06-26,6461,大昌樹林,1000,0,1000,18.9,
2026-06-26,7005,兆豐中港,3000,0,3000,18.9,
2026-06-26,700C,兆豐來福,2000,0,2000,19.05,
2026-06-26,700G,兆豐麻豆,365,0,365,19.1,
2026-06-26,700a,兆豐忠孝,0,1000,-1000,,18.95
2026-06-26,700f,兆豐鹿港,20000,3000,17000,18.9,18.9167
2026-06-26,7034,致和金華,0,1000,-1000,,19.05
2026-06-26,779Z,國票安和,0,1000,-1000,,18.95
2026-06-26,779m,國票中港,3000,0,3000,19.0,
2026-06-26,8440,摩根大通,32000,23000,9000,18.9641,19.0217
2026-06-26,8459,康和嘉義,70,0,70,19.0,
2026-06-26,845D,康和板橋,0,54,-54,,19.05
2026-06-26,845E,康和澎湖,0,2000,-2000,,18.85
2026-06-26,845X,康和屏東,1000,0,1000,19.0,
2026-06-26,8520,中農,2000,7000,-5000,18.9,18.9571
2026-06-26,8560,新光,3000,57000,-54000,18.9,18.9149
2026-06-26,8561,新光台中,7000,48409,-41409,18.9,18.9
2026-06-26,8565,新光桃園,3020,1,3019,18.8834,18.95
2026-06-26,8840,玉山,4000,0,4000,18.9,
2026-06-26,8841,玉山雙和,0,4000,-4000,,18.9
2026-06-26,8842,玉山新莊,1000,0,1000,18.9,
2026-06-26,8849,玉山景美,2001,0,2001,19.05,
2026-06-26,884B,玉山台中,30000,0,30000,19.0,
2026-06-26,884F,玉山桃園,1000,2000,-1000,18.9,19.025
2026-06-26,884M,玉山數位,2,0,2,19.1,
2026-06-26,8882,國泰台中,600,0,600,18.925,
2026-06-26,8883,國泰松江,1,0,1,18.95,
2026-06-26,8888,國泰敦南,5502,25001,-19499,18.9364,19.0
2026-06-26,888K,國泰板橋,300,0,300,19.0,
2026-06-26,9100,群益,1000,1000,0,18.9,18.9
2026-06-26,9131,群益民權,2000,0,2000,19.0,
2026-06-26,9184,群益台中,84,0,84,19.0738,
2026-06-26,918D,群益東門,2000,0,2000,18.9,
2026-06-26,918J,群益永和,12588,0,12588,18.9452,
2026-06-26,918W,群益忠孝,1000,2000,-1000,18.9,19.05
2026-06-26,918g,群益大甲,55,0,55,19.0,
2026-06-26,918i,群益竹南,0,56000,-56000,,18.9
2026-06-26,9200,凱基,0,1000,-1000,,19.1
2026-06-26,920G,凱基彰化,0,4000,-4000,,19.1
2026-06-26,9211,凱基台南,8000,0,8000,19.15,
2026-06-26,9227,凱基城中,0,10000,-10000,,18.9
2026-06-26,9234,凱基竹北,2000,0,2000,18.95,
2026-06-26,9268,凱基台北,12001,31000,-18999,18.9,19.0065
2026-06-26,9302,華南台中,20000,0,20000,18.9,
2026-06-26,9329,華南朴子,0,2000,-2000,,19.1
2026-06-26,9362,華南苗栗,0,3000,-3000,,18.9
2026-06-26,9623,富邦台北,60,0,60,18.9,
2026-06-26,9627,富邦內湖,1000,0,1000,18.95,
2026-06-26,963A,富邦八德,2000,0,2000,18.95,
2026-06-26,963L,富邦豐原,0,1,-1,,19.0
2026-06-26,9658,富邦建國,1000,0,1000,18.9,
2026-06-26,9676,富邦仁愛,1000,0,1000,19.0,
2026-06-26,9677,富邦三重,1000,0,1000,18.9,
2026-06-26,9697,富邦虎尾,3000,0,3000,18.9,
2026-06-26,9800,元大,2000,2000,0,18.95,19.0
2026-06-26,980d,元大沙鹿,6000,0,6000,19.0667,
2026-06-26,9813,元大中崙,0,10,-10,,18.9
2026-06-26,981F,元大福營,4000,0,4000,18.95,
2026-06-26,981G,元大彰化,0,70,-70,,19.165
2026-06-26,981Q,元大太平,0,1,-1,,19.2
2026-06-26,981R,元大竹山,492,0,492,18.9,
2026-06-26,981V,元大民雄,0,200,-200,,19.1
2026-06-26,981q,元大萬華,2000,0,2000,18.9,
2026-06-26,981y,元大善化,4000,0,4000,19.075,
2026-06-26,9833,元大敦化,0,11000,-11000,,18.9136
2026-06-26,9838,元大豐原,0,10000,-10000,,18.9
2026-06-26,983U,元大頭份,3000,0,3000,19.0167,
2026-06-26,984E,元大南勢,3000,0,3000,18.9,
2026-06-26,984H,元大景美,2000,0,2000,18.9,
2026-06-26,9852,元大永春,0,10,-10,,19.0
2026-06-26,9854,元大興安,1000,0,1000,18.9,
2026-06-26,9856,元大花蓮,6000,1000,5000,19.05,19.05
2026-06-26,9868,元大文心,0,6000,-6000,,18.9167
2026-06-26,9872,元大復北,1000,0,1000,18.9,
2026-06-26,9875,元大永寧,6000,0,6000,19.05,
2026-06-26,9891,元大永和,120,60,60,19.0958,18.9917
2026-06-26,9896,元大台南,100,0,100,19.1,
2026-06-26,989A,元大北投,1000,0,1000,18.9,
2026-06-26,989C,元大板橋,3000,0,3000,18.9667,
2026-06-26,989E,元大草屯,28000,0,28000,18.9143,
2026-06-26,989F,元大高雄,1,0,1,19.15,
2026-06-26,989J,元大彰生,0,4297,-4297,,18.9466
2026-06-26,989S,元大鹿港,39000,0,39000,18.9077,
2026-06-26,9A00,永豐金,1001,1001,0,18.9001,19.0501
2026-06-26,9A8F,永豐敦南,9,0,9,18.95,
2026-06-26,9A91,永豐松山,2000,0,2000,18.9,
2026-06-26,9A92,永豐萬盛,1,0,1,19.15,
2026-06-26,9A9Z,永豐復興,1,0,1,18.95,
2026-06-26,9A9d,永豐古亭,1,0,1,19.05,
2026-06-26,9B1h,台新台中,0,2000,-2000,,18.9
2026-06-26,9B2U,台新宜蘭,8000,0,8000,18.9,
2026-06-26,9B2a,台新松德,0,11,-11,,19.15
2026-06-26,9B2g,台新中原,6000,0,6000,18.9,
2026-06-26,9B2o,台新新興,219,0,219,19.0482,
2026-06-29,104A,臺銀臺中,0,1,-1,,19.0
2026-06-29,104C,臺銀高雄,0,1,-1,,19.1
2026-06-29,1440,美林,4000,0,4000,19.0875,
2026-06-29,1470,台灣摩根,8000,1000,7000,19.0938,19.1
2026-06-29,1480,美商高盛,3200,1000,2200,19.0719,19.05
2026-06-29,1590,花旗環球,0,4000,-4000,,19.1
2026-06-29,1650,瑞銀,0,4000,-4000,,19.1125
2026-06-29,5261,美好蘆洲,100,1100,-1000,18.9,19.0091
2026-06-29,538P,第一路竹,19,0,19,19.0,
2026-06-29,5604,永興大墩,7000,0,7000,19.1857,
2026-06-29,5859,統一屏東,0,50,-50,,19.0
2026-06-29,585F,統一彰化,10000,0,10000,19.1,
2026-06-29,585c,統一仁愛,0,1,-1,,19.1
2026-06-29,6012,?亞網路,1000,0,1000,19.05,
2026-06-29,6210,新百王,0,1001,-1001,,19.1
2026-06-29,6460,大昌,5000,0,5000,19.0,
2026-06-29,6461,大昌樹林,1000,1000,0,19.05,19.15
2026-06-29,6620,口袋,0,12000,-12000,,19.05
2026-06-29,7006,兆豐台南,0,3000,-3000,,19.0667
2026-06-29,700Z,兆豐高雄,0,1000,-1000,,19.1
2026-06-29,700f,兆豐鹿港,0,4489,-4489,,19.0782
2026-06-29,7790,國票綜合,3,0,3,18.9667,
2026-06-29,8380,安泰,0,1,-1,,18.95
2026-06-29,8440,摩根大通,12000,3000,9000,19.0875,19.1333
2026-06-29,8560,新光,1,0,1,19.1,
2026-06-29,8561,新光台中,0,5000,-5000,,19.1
2026-06-29,8847,玉山台南,3001,0,3001,19.0,
2026-06-29,884F,玉山桃園,0,1000,-1000,,19.05
2026-06-29,884M,玉山數位,0,1,-1,,19.1
2026-06-29,8881,國泰高雄,6,0,6,19.1,
2026-06-29,8882,國泰台中,1000,0,1000,19.2,
2026-06-29,8885,國泰桃園,529,0,529,18.9,
2026-06-29,8886,國泰新莊,0,1,-1,,19.0
2026-06-29,8888,國泰敦南,106,1002,-896,19.0962,19.05
2026-06-29,888A,國泰館前,0,1,-1,,18.95
2026-06-29,888K,國泰板橋,11,1,10,19.1,18.95
2026-06-29,9101,群益敦南,0,1000,-1000,,19.05
2026-06-29,9131,群益民權,0,2000,-2000,,19.15
2026-06-29,9184,群益台中,66,0,66,19.1136,
2026-06-29,918J,群益永和,244,0,244,18.9,
2026-06-29,918W,群益忠孝,1000,0,1000,19.0,
2026-06-29,918g,群益大甲,4000,0,4000,19.1,
2026-06-29,9204,凱基台中,463,0,463,19.0,
2026-06-29,9206,凱基高雄,1000,0,1000,18.9,
2026-06-29,920F,凱基站前,0,2000,-2000,,19.15
2026-06-29,920H,凱基基隆,0,1000,-1000,,19.1
2026-06-29,920M,凱基宜蘭,0,1000,-1000,,19.1
2026-06-29,9215,凱基高美,0,16000,-16000,,19.1375
2026-06-29,9229,凱基中山,0,494,-494,,18.9
2026-06-29,9268,凱基台北,15000,1000,14000,19.0667,19.05
2026-06-29,9303,華南高雄,1000,0,1000,19.0,
2026-06-29,9309,華南古亭,0,1,-1,,19.0
2026-06-29,9325,華南忠孝,0,10,-10,,19.2
2026-06-29,9329,華南朴子,0,8000,-8000,,19.1
2026-06-29,9377,華南虎尾,20,0,20,19.0,
2026-06-29,9600,富邦,0,1,-1,,19.05
2026-06-29,961C,富邦南京,0,25,-25,,19.1
2026-06-29,9621,富邦花蓮,0,4000,-4000,,19.0625
2026-06-29,962E,富邦樹林,0,1000,-1000,,19.05
2026-06-29,9665,富邦桃園,0,1,-1,,19.1
2026-06-29,9693,富邦新營,0,1,-1,,19.0
2026-06-29,980d,元大沙鹿,5000,0,5000,19.05,
2026-06-29,980u,元大府城,2000,0,2000,19.0,
2026-06-29,9813,元大中崙,0,1,-1,,19.0
2026-06-29,981D,元大南投,0,4000,-4000,,19.05
2026-06-29,981G,元大彰化,0,51,-51,,19.1
2026-06-29,981g,元大大里,0,2000,-2000,,19.1
2026-06-29,9831,元大四維,1000,0,1000,19.05,
2026-06-29,984H,元大景美,1000,0,1000,19.1,
2026-06-29,9856,元大花蓮,6000,0,6000,19.0667,
2026-06-29,986K,元大基孝,3000,0,3000,19.1,
2026-06-29,9879,元大板三,1,0,1,18.9,
2026-06-29,9891,元大永和,5,0,5,19.1,
2026-06-29,989C,元大板橋,0,2000,-2000,,19.1
2026-06-29,989J,元大彰生,0,1001,-1001,,19.0999
2026-06-29,989S,元大鹿港,0,878,-878,,19.0
2026-06-29,9A00,永豐金,61,400,-339,18.9016,18.9
2026-06-29,9A8F,永豐敦南,0,1000,-1000,,19.1
2026-06-29,9A9c,永豐永康,0,2,-2,,19.0
2026-06-29,9B16,台新台南,3000,0,3000,19.15,
2026-06-29,9B1h,台新台中,10000,1000,9000,19.1,19.1
2026-06-29,9B2L,台新北壢,0,12000,-12000,,19.0
2026-06-29,9B2U,台新宜蘭,0,4000,-4000,,19.075
2026-06-29,9B2a,台新松德,680,0,680,18.9637,
2026-06-29,9B2m,台新成功,0,1000,-1000,,18.9
2026-06-30,1043,臺銀民權,1000,0,1000,19.1,
2026-06-30,104A,臺銀臺中,1000,25,975,19.05,19.2
2026-06-30,126U,宏遠館前,0,1000,-1000,,19.1
2026-06-30,1440,美林,0,1000,-1000,,19.1
2026-06-30,1470,台灣摩根,36000,6000,30000,19.0458,19.1333
2026-06-30,1480,美商高盛,22000,0,22000,19.0659,
2026-06-30,1590,花旗環球,4000,0,4000,19.1,
2026-06-30,1650,瑞銀,4000,0,4000,19.0,
2026-06-30,2184,亞東新竹,1000,0,1000,19.05,
2026-06-30,5260,美好,0,1,-1,,19.1
2026-06-30,5382,第一台中,27000,0,27000,19.05,
2026-06-30,5384,第一台南,1000,0,1000,19.05,
2026-06-30,538I,第一頭份,5000,5000,0,19.0,19.1
2026-06-30,5856,統一台中,3000,0,3000,19.1,
2026-06-30,6160,中國信託,0,220000,-220000,,19.0318
2026-06-30,6163,中信託永,6000,0,6000,19.15,
2026-06-30,6461,大昌樹林,1000,0,1000,19.15,
2026-06-30,6464,大昌新店,0,1000,-1000,,19.1
2026-06-30,7005,兆豐中港,1000,0,1000,19.0,
2026-06-30,700C,兆豐來福,1000,0,1000,19.05,
2026-06-30,700Z,兆豐高雄,4000,0,4000,19.15,
2026-06-30,700f,兆豐鹿港,1000,14029,-13029,19.05,19.1002
2026-06-30,7790,國票綜合,0,3,-3,,19.1333
2026-06-30,779G,國票新莊,1000,0,1000,19.15,
2026-06-30,779X,國票中和,1000,0,1000,19.1,
2026-06-30,779v,國票台中,1000,0,1000,19.05,
2026-06-30,8440,摩根大通,3000,11000,-8000,19.0333,19.15
2026-06-30,845D,康和板橋,0,66,-66,,19.1508
2026-06-30,8561,新光台中,0,16000,-16000,,19.1
2026-06-30,8563,新光新竹,25000,0,25000,19.0,
2026-06-30,8586,聯邦大業,1,0,1,19.2,
2026-06-30,8847,玉山台南,0,3000,-3000,,19.05
2026-06-30,884D,玉山左營,1000,0,1000,19.0,
2026-06-30,884F,玉山桃園,0,2000,-2000,,19.05
2026-06-30,884M,玉山數位,1000,0,1000,19.05,
2026-06-30,8882,國泰台中,2,0,2,19.1,
2026-06-30,8883,國泰松江,0,1,-1,,19.15
2026-06-30,8884,國泰台南,1000,0,1000,19.1,
2026-06-30,8886,國泰新莊,1000,1,999,19.0,19.05
2026-06-30,8888,國泰敦南,80,222,-142,19.175,19.1991
2026-06-30,888A,國泰館前,0,6,-6,,19.15
2026-06-30,9108,群益海山,2000,0,2000,19.2,
2026-06-30,9131,群益民權,2000,0,2000,19.0,
2026-06-30,918B,群益板橋,0,1,-1,,19.05
2026-06-30,918J,群益永和,1462,0,1462,19.0253,
2026-06-30,918i,群益竹南,10000,0,10000,19.05,
2026-06-30,9208,凱基桃園,2000,0,2000,19.1,
2026-06-30,920H,凱基基隆,0,5000,-5000,,19.05
2026-06-30,9233,凱基長庚,1000,0,1000,19.0,
2026-06-30,9234,凱基竹北,27000,0,27000,19.05,
2026-06-30,9268,凱基台北,22000,1000,21000,19.0136,19.1
2026-06-30,9272,凱基竹科,0,3000,-3000,,19.05
2026-06-30,9289,凱基興隆,1000,0,1000,19.1,
2026-06-30,9331,華南鳳山,1000,0,1000,19.0,
2026-06-30,9359,華南中正,8,0,8,19.125,
2026-06-30,9377,華南虎尾,10,0,10,19.15,
2026-06-30,9600,富邦,10,0,10,19.1,
2026-06-30,9604,富邦陽明,1055,0,1055,19.0052,
2026-06-30,961K,富邦七賢,5000,0,5000,19.1,
2026-06-30,9621,富邦花蓮,0,1000,-1000,,19.1
2026-06-30,9627,富邦內湖,2000,0,2000,19.025,
2026-06-30,965K,富邦台中,10000,0,10000,19.05,
2026-06-30,9665,富邦桃園,30,0,30,19.15,
2026-06-30,9667,富邦台南,0,2000,-2000,,19.2
2026-06-30,980l,元大虎尾,1000,1000,0,19.25,19.25
2026-06-30,9812,元大台中,1000,0,1000,19.1,
2026-06-30,981I,元大天母,12,0,12,19.2,
2026-06-30,981L,元大莒光,1000,0,1000,19.15,
2026-06-30,981U,元大華山,0,1000,-1000,,19.15
2026-06-30,981i,元大西螺,146,0,146,19.15,
2026-06-30,981m,元大前金,2000,0,2000,19.1,
2026-06-30,981p,元大松山,0,1,-1,,19.1
2026-06-30,982B,元大博愛,1000,0,1000,19.0,
2026-06-30,9831,元大四維,10000,0,10000,19.05,
2026-06-30,9833,元大敦化,0,1000,-1000,,19.05
2026-06-30,9834,元大中壢,5000,0,5000,19.1,
2026-06-30,9838,元大豐原,1000,0,1000,19.0,
2026-06-30,984C,元大新中,35,0,35,19.2,
2026-06-30,984E,元大南勢,3000,0,3000,19.1,
2026-06-30,9853,元大南屯,5000,0,5000,19.1,
2026-06-30,9856,元大花蓮,2000,0,2000,19.05,
2026-06-30,9868,元大文心,5000,0,5000,19.14,
2026-06-30,9872,元大復北,1000,0,1000,19.0,
2026-06-30,9874,元大雙和,1000,100,900,19.0,19.1
2026-06-30,9879,元大板三,2000,0,2000,19.15,
2026-06-30,9891,元大永和,360,180,180,19.1861,19.1722
2026-06-30,989C,元大板橋,1000,0,1000,19.0,
2026-06-30,989E,元大草屯,10000,0,10000,19.0,
2026-06-30,989G,元大大同,94,0,94,19.15,
2026-06-30,989S,元大鹿港,3000,0,3000,19.05,
2026-06-30,989V,元大北重,3000,0,3000,19.1,
2026-06-30,9A00,永豐金,1,0,1,19.1,
2026-06-30,9A8F,永豐敦南,0,29,-29,,19.15
2026-06-30,9A9H,永豐新莊,0,10000,-10000,,19.05
2026-06-30,9A9J,永豐板新,1000,1000,0,19.15,19.25
2026-06-30,9A9S,永豐南京,0,16,-16,,19.2
2026-06-30,9A9W,永豐市政,1000,0,1000,19.0,
2026-06-30,9A9a,永豐苓雅,1000,0,1000,19.1,
2026-06-30,9A9d,永豐古亭,1,0,1,19.1,
2026-06-30,9A9e,永豐高雄,51,0,51,19.151,
2026-06-30,9A9h,永豐台南,1,0,1,19.15,
2026-06-30,9B16,台新台南,0,7000,-7000,,19.1357
2026-06-30,9B1h,台新台中,2000,0,2000,19.05,
2026-06-30,9B25,台新五權,1000,0,1000,19.0,
2026-06-30,9B2D,台新大昌,2,0,2,19.15,
2026-06-30,9B2P,台新同大,5000,0,5000,19.05,
2026-06-30,9B2a,台新松德,0,680,-680,,19.1035
2026-06-30,9B2l,台新大裕,2000,0,2000,19.075,
2026-06-30,9B2m,台新成功,1000,0,1000,19.25,
2026-07-01,1021,合庫台中,3000,2100,900,19.2333,19.4024
2026-07-01,1024,合庫嘉義,0,1000,-1000,,19.6
2026-07-01,1028,合庫彰化,0,3000,-3000,,19.55
2026-07-01,103B,土銀彰化,0,1000,-1000,,19.6
2026-07-01,1040,臺銀,0,1000,-1000,,19.2
2026-07-01,1043,臺銀民權,0,2136,-2136,,19.5936
2026-07-01,104A,臺銀臺中,0,2000,-2000,,19.75
2026-07-01,104C,臺銀高雄,0,1,-1,,21.0
2026-07-01,104D,臺銀金山,0,2000,-2000,,19.7
2026-07-01,1113,企銀九如,1000,0,1000,19.7,
2026-07-01,1119,企銀岡山,78000,78000,0,19.2449,19.6532
2026-07-01,1260,宏遠,0,1,-1,,19.65
2026-07-01,1440,美林,14000,2000,12000,19.5286,19.7
2026-07-01,1470,台灣摩根,102000,4000,98000,19.5642,19.575
2026-07-01,1480,美商高盛,52184,12000,40184,19.4767,19.575
2026-07-01,1560,港商野村,18000,4000,14000,19.6333,19.6
2026-07-01,1590,花旗環球,7000,1000,6000,19.5071,19.6
2026-07-01,1650,瑞銀,7000,15000,-8000,19.6571,19.65
2026-07-01,5261,美好蘆洲,0,310,-310,,19.9715
2026-07-01,5262,美好楊梅,0,2000,-2000,,19.625
2026-07-01,5321,高橋龍潭,0,5000,-5000,,19.55
2026-07-01,5382,第一台中,0,10000,-10000,,19.2
2026-07-01,5384,第一台南,1000,0,1000,19.6,
2026-07-01,538C,第一光復,1000,0,1000,19.55,
2026-07-01,538E,第一自由,0,6000,-6000,,19.55
2026-07-01,538I,第一頭份,0,1000,-1000,,19.75
2026-07-01,5857,統一新竹,0,1000,-1000,,19.55
2026-07-01,5858,統一嘉義,0,2000,-2000,,19.45
2026-07-01,585B,統一永和,2000,0,2000,19.2,
2026-07-01,585F,統一彰化,2000,0,2000,19.55,
2026-07-01,6012,?亞網路,0,1000,-1000,,19.55
2026-07-01,6114,中銀員林,1000,0,1000,19.65,
2026-07-01,6160,中國信託,170010,176000,-5990,19.61,19.5219
2026-07-01,6163,中信託永,0,6000,-6000,,19.5
2026-07-01,6164,中信託文,0,1000,-1000,,19.55
2026-07-01,616K,中信託高,3000,0,3000,19.6,
2026-07-01,6210,新百王,0,218,-218,,19.5491
2026-07-01,6380,光和,0,1000,-1000,,19.7
2026-07-01,6383,光和和美,0,4000,-4000,,19.7
2026-07-01,6460,大昌,6000,2000,4000,19.7,19.7
2026-07-01,6461,大昌樹林,0,3000,-3000,,19.2667
2026-07-01,6463,大昌新竹,0,57,-57,,21.0
2026-07-01,6620,口袋,0,11000,-11000,,19.3727
2026-07-01,7003,兆豐台中,1000,0,1000,19.5,
2026-07-01,7005,兆豐中港,0,5000,-5000,,19.65
2026-07-01,700C,兆豐來福,0,5000,-5000,,19.43
2026-07-01,700Z,兆豐高雄,0,4000,-4000,,19.6125
2026-07-01,700d,兆豐彰化,0,2000,-2000,,19.75
2026-07-01,700f,兆豐鹿港,0,2000,-2000,,19.45
2026-07-01,700k,兆豐員林,0,2000,-2000,,19.175
2026-07-01,7031,致和台北,0,2000,-2000,,19.525
2026-07-01,7790,國票綜合,99,14000,-13901,19.6444,19.6321
2026-07-01,7791,國票台東,0,4000,-4000,,19.5125
2026-07-01,7795,國票南港,0,1000,-1000,,19.6
2026-07-01,779m,國票中港,10000,0,10000,19.7,
2026-07-01,779u,國票長城,0,2000,-2000,,19.65
2026-07-01,779v,國票台中,0,4000,-4000,,19.5375
2026-07-01,8380,安泰,0,1,-1,,19.3
2026-07-01,8440,摩根大通,36000,36000,0,19.4736,19.5097
2026-07-01,845D,康和板橋,0,565,-565,,21.0
2026-07-01,845E,康和澎湖,0,5000,-5000,,19.2
2026-07-01,8520,中農,1031,0,1031,19.197,
2026-07-01,8560,新光,0,28000,-28000,,19.6839
2026-07-01,8561,新光台中,11000,1000,10000,19.7,19.35
2026-07-01,8565,新光桃園,0,6000,-6000,,19.7
2026-07-01,8582,聯邦嘉義,0,1000,-1000,,19.6
2026-07-01,8840,玉山,1000,0,1000,19.6,
2026-07-01,8841,玉山雙和,2000,0,2000,19.7,
2026-07-01,8847,玉山台南,1,0,1,19.6,
2026-07-01,8849,玉山景美,0,2000,-2000,,19.5
2026-07-01,884E,玉山城中,0,466,-466,,19.6203
2026-07-01,884F,玉山桃園,0,1000,-1000,,19.4
2026-07-01,884J,玉山大里,2000,20000,-18000,19.65,19.625
2026-07-01,8882,國泰台中,20,8000,-7980,19.65,19.5875
2026-07-01,8883,國泰松江,35000,0,35000,19.3114,
2026-07-01,8884,國泰台南,0,1000,-1000,,19.3
2026-07-01,8886,國泰新莊,0,1000,-1000,,19.1
2026-07-01,8887,國泰忠孝,1,0,1,19.35,
2026-07-01,8888,國泰敦南,3011,4645,-1634,19.6978,19.5876
2026-07-01,9100,群益,2,0,2,19.3,
2026-07-01,9131,群益民權,1000,7025,-6025,19.55,19.4649
2026-07-01,9136,群益西松,0,1000,-1000,,19.6
2026-07-01,913R,群益北高,1046,0,1046,21.0,
2026-07-01,9184,群益台中,150,0,150,19.55,
2026-07-01,9186,群益新竹,0,313,-313,,19.1
2026-07-01,918G,群益新莊,0,33,-33,,19.1
2026-07-01,918J,群益永和,35,0,35,19.1,
2026-07-01,918K,群益東湖,0,9,-9,,19.6
2026-07-01,918i,群益竹南,0,50000,-50000,,19.603
2026-07-01,9204,凱基台中,0,1,-1,,21.0
2026-07-01,9208,凱基桃園,0,2000,-2000,,19.65
2026-07-01,920F,凱基站前,0,23000,-23000,,19.337
2026-07-01,920Z,凱基台東,0,1000,-1000,,19.6
2026-07-01,9215,凱基高美,0,9000,-9000,,19.2
2026-07-01,921M,凱基八德,1000,0,1000,19.7,
2026-07-01,9227,凱基城中,0,10000,-10000,,19.65
2026-07-01,9252,凱基嘉義,3000,0,3000,19.7,
2026-07-01,9257,凱基林口,300,0,300,19.6,
2026-07-01,9268,凱基台北,112000,96000,16000,19.567,19.5052
2026-07-01,9274,凱基鳳山,0,3000,-3000,,19.45
2026-07-01,9289,凱基興隆,0,1000,-1000,,19.7
2026-07-01,9316,華南淡水,101,4200,-4099,19.1535,19.5845
2026-07-01,9326,華南南京,1105,0,1105,19.3785,
2026-07-01,9327,華南斗六,0,155,-155,,19.7
2026-07-01,9329,華南朴子,0,2000,-2000,,19.7
2026-07-01,9331,華南鳳山,0,1000,-1000,,19.4
2026-07-01,9349,華南板橋,0,4000,-4000,,19.65
2026-07-01,9366,華南豐原,0,140,-140,,19.65
2026-07-01,9386,華南東昇,0,4000,-4000,,19.5
2026-07-01,9600,富邦,4000,0,4000,19.7,
2026-07-01,9604,富邦陽明,1,158,-157,19.35,20.0943
2026-07-01,9614,富邦基隆,0,1,-1,,19.1
2026-07-01,961F,富邦公益,1000,1000,0,19.7,19.6
2026-07-01,961M,富邦木柵,0,22000,-22000,,19.4818
2026-07-01,961P,富邦和美,0,10000,-10000,,19.7
2026-07-01,961Z,富邦永康,0,5000,-5000,,19.25
2026-07-01,9621,富邦花蓮,0,100,-100,,21.0
2026-07-01,9627,富邦內湖,0,2000,-2000,,19.7
2026-07-01,962B,富邦二林,0,2000,-2000,,19.6
2026-07-01,963A,富邦八德,0,4001,-4001,,19.4
2026-07-01,9654,富邦永和,0,20000,-20000,,19.675
2026-07-01,9655,富邦板橋,2000,2000,0,19.7,19.65
2026-07-01,965K,富邦台中,10000,2000,8000,19.2,19.4
2026-07-01,9665,富邦桃園,0,1000,-1000,,19.5
2026-07-01,9667,富邦台南,0,250,-250,,19.15
2026-07-01,9676,富邦仁愛,165,0,165,19.5303,
2026-07-01,9692,富邦嘉義,0,30000,-30000,,19.65
2026-07-01,9697,富邦虎尾,0,3010,-3010,,19.6047
2026-07-01,9800,元大,5000,6000,-1000,19.66,19.6833
2026-07-01,980D,元大北府,0,1000,-1000,,19.6
2026-07-01,980d,元大沙鹿,1000,5000,-4000,19.65,19.65
2026-07-01,980l,元大虎尾,0,1000,-1000,,19.65
2026-07-01,9812,元大台中,0,5000,-5000,,19.6
2026-07-01,9817,元大東泰,6,0,6,19.65,
2026-07-01,981B,元大竹北,0,3000,-3000,,19.6
2026-07-01,981D,元大南投,0,331,-331,,19.65
2026-07-01,981G,元大彰化,0,2000,-2000,,19.55
2026-07-01,981Q,元大太平,0,1000,-1000,,19.6
2026-07-01,981U,元大華山,0,2000,-2000,,19.425
2026-07-01,981Z,元大潮州,0,2000,-2000,,19.6
2026-07-01,981g,元大大里,0,1000,-1000,,19.7
2026-07-01,9831,元大四維,2000,0,2000,19.7,
2026-07-01,9833,元大敦化,0,10000,-10000,,19.58
2026-07-01,983Z,元大鳳山,0,1000,-1000,,19.6
2026-07-01,983f,元大竹東,0,1000,-1000,,19.65
2026-07-01,984H,元大景美,0,1000,-1000,,19.45
2026-07-01,9856,元大花蓮,0,113000,-113000,,19.6465
2026-07-01,9859,元大經國,4000,0,4000,19.7,
2026-07-01,9869,元大新盛,2000,0,2000,19.7,
2026-07-01,9875,元大永寧,0,6000,-6000,,19.625
2026-07-01,9893,元大大天,1000,0,1000,19.7,
2026-07-01,989C,元大板橋,0,9000,-9000,,19.5
2026-07-01,989G,元大大同,0,2000,-2000,,19.6
2026-07-01,989Q,元大汐止,11,0,11,19.7,
2026-07-01,989S,元大鹿港,120,6000,-5880,19.5,19.5333
2026-07-01,989V,元大北重,21000,0,21000,19.7,
2026-07-01,989X,元大三民,1,1,0,19.7,19.6
2026-07-01,989Y,元大基隆,3000,0,3000,19.7,
2026-07-01,989g,元大嘉義,0,20,-20,,19.65
2026-07-01,9A00,永豐金,322750,4110,318640,19.6112,19.5644
2026-07-01,9A61,永豐鳳山,0,6000,-6000,,19.35
2026-07-01,9A69,永豐屏東,0,5000,-5000,,19.59
2026-07-01,9A9S,永豐南京,0,60,-60,,21.0
2026-07-01,9A9W,永豐市政,15,1000,-985,19.65,19.65
2026-07-01,9A9e,永豐高雄,20,0,20,19.5,
2026-07-01,9A9h,永豐台南,0,5000,-5000,,19.3
2026-07-01,9A9r,永豐北高,600,0,600,19.65,
2026-07-01,9B00,台新證券,0,1000,-1000,,19.5
2026-07-01,9B11,台新新營,0,1000,-1000,,19.6
2026-07-01,9B1g,台新高雄,0,2000,-2000,,19.675
2026-07-01,9B1h,台新台中,1000,26000,-25000,19.7,19.5538
2026-07-01,9B21,台新九如,0,10000,-10000,,19.2
2026-07-01,9B22,台新新店,1000,1000,0,19.65,19.7
2026-07-01,9B25,台新五權,2000,0,2000,19.675,
2026-07-01,9B27,台新林園,0,3000,-3000,,19.35
2026-07-01,9B2A,台新緯城,1000,0,1000,19.45,
2026-07-01,9B2C,台新潮州,73,0,73,19.1,
2026-07-01,9B2G,台新新竹,0,2000,-2000,,19.5
2026-07-01,9B2H,台新信義,22010,0,22010,19.659,
2026-07-01,9B2S,台新基隆,0,2000,-2000,,19.6
2026-07-01,9B2a,台新松德,548,0,548,19.454,
2026-07-01,9B2c,台新烏日,0,1,-1,,19.3
2026-07-01,9B2g,台新中原,3,0,3,19.7,
2026-07-01,9B2i,台新中港,0,1000,-1000,,19.7
2026-07-02,1020,合庫,1000,0,1000,19.9,
2026-07-02,1021,合庫台中,0,3000,-3000,,19.9
2026-07-02,1025,合庫基隆,5000,5000,0,19.78,19.89
2026-07-02,1030,土銀,1000,0,1000,19.95,
2026-07-02,1045,臺銀新竹,2000,0,2000,19.85,
2026-07-02,104A,臺銀臺中,0,3000,-3000,,20.15
2026-07-02,1119,企銀岡山,258000,0,258000,20.1267,
2026-07-02,1233,彰銀台中,0,1000,-1000,,20.15
2026-07-02,1260,宏遠,0,4000,-4000,,19.9125
2026-07-02,1262,宏遠桃園,10000,0,10000,20.05,
2026-07-02,126U,宏遠館前,0,1000,-1000,,20.2
2026-07-02,1440,美林,0,22000,-22000,,20.0682
2026-07-02,1470,台灣摩根,39000,27000,12000,19.8205,19.8981
2026-07-02,1480,美商高盛,52000,57000,-5000,19.7365,20.007
2026-07-02,1560,港商野村,132000,3000,129000,19.6674,19.9
2026-07-02,1590,花旗環球,1000,3000,-2000,19.95,20.05
2026-07-02,1650,瑞銀,23000,81000,-58000,20.1152,19.9969
2026-07-02,2187,亞東台中,2000,0,2000,20.025,
2026-07-02,5262,美好楊梅,0,2000,-2000,,20.0
2026-07-02,5263,美好泰山,0,1000,-1000,,19.9
2026-07-02,5265,美好苗栗,2000,0,2000,19.7,
2026-07-02,5380,第一金證,200000,0,200000,20.0582,
2026-07-02,5383,第一高雄,3150,0,3150,20.0405,
2026-07-02,5384,第一台南,3000,2000,1000,19.8833,20.05
2026-07-02,538C,第一光復,2000,4000,-2000,19.9,20.1625
2026-07-02,538D,第一忠孝,2000,0,2000,20.3,
2026-07-02,5850,統一,2000,1000,1000,19.925,20.05
2026-07-02,5852,統一敦南,3000,3000,0,19.9833,20.05
2026-07-02,5856,統一台中,0,2000,-2000,,20.1
2026-07-02,5858,統一嘉義,1000,0,1000,19.95,
2026-07-02,585B,統一永和,2000,0,2000,19.85,
2026-07-02,585F,統一彰化,5000,0,5000,19.96,
2026-07-02,585J,統一三重,3000,3000,0,20.1,19.9
2026-07-02,585R,統一東湖,0,2000,-2000,,20.15
2026-07-02,585c,統一仁愛,0,1,-1,,19.95
2026-07-02,6012,?亞網路,0,677,-677,,20.05
2026-07-02,601d,?亞鑫豐,5000,10100,-5100,19.68,20.0005
2026-07-02,6110,台中銀,0,2000,-2000,,20.0
2026-07-02,6114,中銀員林,2000,2000,0,19.85,20.35
2026-07-02,6115,中銀台北,0,436,-436,,19.85
2026-07-02,6210,新百王,6000,6000,0,19.875,19.65
2026-07-02,6381,光和溪湖,1000,0,1000,19.9,
2026-07-02,6464,大昌新店,25000,12000,13000,19.93,20.1
2026-07-02,6620,口袋,2000,1000,1000,20.025,20.2
2026-07-02,6913,德信新營,1000,0,1000,19.9,
2026-07-02,6950,福勝,1000,1000,0,20.0,19.9
2026-07-02,7000,兆豐,0,10000,-10000,,19.99
2026-07-02,7005,兆豐中港,21000,30000,-9000,19.6857,19.9783
2026-07-02,700C,兆豐來福,0,3000,-3000,,20.0667
2026-07-02,700F,兆豐虎尾,5000,3000,2000,19.7,20.0
2026-07-02,700J,兆豐公益,20000,0,20000,19.825,
2026-07-02,700W,兆豐城中,0,3000,-3000,,20.2
2026-07-02,700Z,兆豐高雄,1000,1000,0,19.85,20.2
2026-07-02,700a,兆豐忠孝,2000,0,2000,19.85,
2026-07-02,700d,兆豐彰化,1000,0,1000,19.7,
2026-07-02,700f,兆豐鹿港,17000,199000,-182000,19.9029,19.6505
2026-07-02,700i,兆豐松德,2505,0,2505,20.1329,
2026-07-02,700k,兆豐員林,0,5,-5,,19.8
2026-07-02,7034,致和金華,1000,0,1000,19.95,
2026-07-02,7750,北城,10000,0,10000,19.8,
2026-07-02,7790,國票綜合,6100,5099,1001,19.968,20.0957
2026-07-02,7792,國票北投,0,1000,-1000,,20.0
2026-07-02,7795,國票南港,1000,0,1000,20.0,
2026-07-02,779r,國票桃園,0,30000,-30000,,20.2
2026-07-02,779u,國票長城,0,1000,-1000,,20.1
2026-07-02,8440,摩根大通,68000,96000,-28000,19.7897,20.0682
2026-07-02,8459,康和嘉義,0,129,-129,,20.1
2026-07-02,845A,康和內湖,0,1000,-1000,,20.15
2026-07-02,8520,中農,2000,0,2000,20.0,
2026-07-02,8560,新光,10030,68000,-57970,19.9151,20.2493
2026-07-02,8561,新光台中,0,2000,-2000,,20.275
2026-07-02,8562,新光高雄,18,0,18,19.85,
2026-07-02,8563,新光新竹,0,80,-80,,20.0506
2026-07-02,8565,新光桃園,5009,29000,-23991,19.85,20.2241
2026-07-02,8586,聯邦大業,0,5000,-5000,,20.2
2026-07-02,8840,玉山,0,14001,-14001,,20.0
2026-07-02,8841,玉山雙和,1000,2000,-1000,19.85,20.2
2026-07-02,8842,玉山新莊,6000,3000,3000,19.8667,20.0167
2026-07-02,8848,玉山嘉義,0,1500,-1500,,19.7833
2026-07-02,8849,玉山景美,0,2000,-2000,,20.125
2026-07-02,884B,玉山台中,4000,2000,2000,20.2375,20.175
2026-07-02,884F,玉山桃園,7000,7000,0,20.0,20.1357
2026-07-02,884H,玉山新竹,2000,0,2000,19.9,
2026-07-02,884J,玉山大里,16000,17000,-1000,19.875,20.0794
2026-07-02,884M,玉山數位,1000,0,1000,19.8,
2026-07-02,8881,國泰高雄,897,1,896,20.048,20.1
2026-07-02,8882,國泰台中,1000,1000,0,19.95,20.3
2026-07-02,8886,國泰新莊,1000,0,1000,19.9,
2026-07-02,8887,國泰忠孝,3000,0,3000,19.9167,
2026-07-02,8888,國泰敦南,4002,5011,-1009,19.925,20.1997
2026-07-02,888A,國泰館前,1,6,-5,19.85,19.85
2026-07-02,888K,國泰板橋,4000,0,4000,19.975,
2026-07-02,9100,群益,61000,60000,1000,20.1951,19.9467
2026-07-02,9131,群益民權,8000,8000,0,19.7625,19.9312
2026-07-02,9135,群益東大,4000,1862,2138,19.9125,19.9157
2026-07-02,913H,群益屏東,1000,1000,0,19.65,19.85
2026-07-02,913R,群益北高,0,1046,-1046,,19.825
2026-07-02,9183,群益高雄,15000,0,15000,19.8833,
2026-07-02,9184,群益台中,6000,0,6000,19.9,
2026-07-02,9185,群益台南,1000,0,1000,19.9,
2026-07-02,9189,群益桃園,0,5000,-5000,,20.2
2026-07-02,918P,群益天母,150,0,150,20.05,
2026-07-02,918W,群益忠孝,0,1000,-1000,,20.0
2026-07-02,918g,群益大甲,3000,2,2998,19.8,19.85
2026-07-02,9202,凱基中港,1000,3000,-2000,19.95,20.2
2026-07-02,920D,凱基市府,1000,2000,-1000,19.85,20.375
2026-07-02,920F,凱基站前,0,3000,-3000,,19.8
2026-07-02,920G,凱基彰化,2000,0,2000,19.875,
2026-07-02,920M,凱基宜蘭,9000,1,8999,20.1,19.85
2026-07-02,920V,凱基新店,0,2000,-2000,,19.8
2026-07-02,9211,凱基台南,0,1000,-1000,,20.0
2026-07-02,921C,凱基民權,0,1000,-1000,,20.1
2026-07-02,921E,凱基三峽,100,0,100,20.05,
2026-07-02,921S,凱基新莊,5000,0,5000,20.0,
2026-07-02,9223,凱基豐中,0,2000,-2000,,20.025
2026-07-02,9233,凱基長庚,0,1000,-1000,,20.15
2026-07-02,9234,凱基竹北,10,2000,-1990,19.85,19.975
2026-07-02,9238,凱基士林,2000,0,2000,20.05,
2026-07-02,9268,凱基台北,222000,65000,157000,19.8063,20.0331
2026-07-02,9287,凱基內湖,4000,0,4000,19.7,
2026-07-02,9314,華南嘉義,0,1,-1,,20.05
2026-07-02,9316,華南淡水,1000,1221,-221,19.7,20.0202
2026-07-02,9324,華南岡山,0,150000,-150000,,19.7553
2026-07-02,9326,華南南京,4595,6000,-1405,20.049,19.9583
2026-07-02,9327,華南斗六,138,0,138,19.8,
2026-07-02,9329,華南朴子,1000,10000,-9000,19.9,19.925
2026-07-02,9363,華南彰化,4000,3000,1000,20.0375,19.85
2026-07-02,9604,富邦陽明,0,10101,-10101,,20.1987
2026-07-02,9608,富邦台東,0,200,-200,,20.2
2026-07-02,961C,富邦南京,7000,0,7000,20.0429,
2026-07-02,961F,富邦公益,0,1000,-1000,,19.8
2026-07-02,961H,富邦新板,1201,0,1201,19.8085,
2026-07-02,961K,富邦七賢,2000,5000,-3000,20.4,19.8
2026-07-02,961R,富邦南員,1001,0,1001,19.95,
2026-07-02,9621,富邦花蓮,1100,0,1100,20.0773,
2026-07-02,9625,富邦竹東,1000,0,1000,20.0,
2026-07-02,9627,富邦內湖,2000,1000,1000,19.7,20.2
2026-07-02,962B,富邦二林,0,217,-217,,19.85
2026-07-02,962C,富邦竹科,523,0,523,19.85,
2026-07-02,962G,富邦斗六,40,0,40,19.85,
2026-07-02,9634,富邦羅東,0,2000,-2000,,20.2
2026-07-02,963L,富邦豐原,80,0,80,19.8,
2026-07-02,9654,富邦永和,0,33000,-33000,,20.1394
2026-07-02,9655,富邦板橋,13000,201,12799,19.7423,20.05
2026-07-02,9658,富邦建國,0,1,-1,,20.2
2026-07-02,9659,富邦高雄,1000,0,1000,20.25,
2026-07-02,965K,富邦台中,3000,0,3000,19.9,
2026-07-02,965U,富邦彰化,1000,0,1000,20.0,
2026-07-02,9667,富邦台南,1000,0,1000,19.75,
2026-07-02,9676,富邦仁愛,840,0,840,20.0052,
2026-07-02,9677,富邦三重,5000,0,5000,19.67,
2026-07-02,9800,元大,17000,17000,0,19.8676,19.9559
2026-07-02,980K,元大竹科,0,1000,-1000,,19.9
2026-07-02,980R,元大信安,4000,3000,1000,20.075,19.8667
2026-07-02,980d,元大沙鹿,1000,1000,0,19.9,20.2
2026-07-02,980w,元大西屯,11000,2000,9000,20.1,20.05
2026-07-02,9814,元大大益,1000,1000,0,19.65,20.35
2026-07-02,9817,元大東泰,10,0,10,20.1,
2026-07-02,981C,元大路竹,10000,15000,-5000,19.9,20.0167
2026-07-02,981D,元大南投,2000,10169,-8169,20.1,20.0418
2026-07-02,981F,元大福營,1000,2000,-1000,20.2,19.95
2026-07-02,981G,元大彰化,61000,0,61000,19.8582,
2026-07-02,981R,元大竹山,0,1952,-1952,,20.0037
2026-07-02,981U,元大華山,0,2000,-2000,,20.025
2026-07-02,981a,元大歸仁,3000,0,3000,19.7,
2026-07-02,981g,元大大里,0,2000,-2000,,20.35
2026-07-02,981h,元大屏生,0,2000,-2000,,20.15
2026-07-02,981i,元大西螺,10000,0,10000,19.85,
2026-07-02,981m,元大前金,950,0,950,19.8452,
2026-07-02,981q,元大萬華,1000,0,1000,19.95,
2026-07-02,981z,元大大統,0,1000,-1000,,20.1
2026-07-02,9824,元大向上,3000,3000,0,19.9333,20.1
2026-07-02,9833,元大敦化,0,2000,-2000,,20.0
2026-07-02,9834,元大中壢,1000,0,1000,19.7,
2026-07-02,9838,元大豐原,3050,9000,-5950,20.1811,20.0611
2026-07-02,983Z,元大鳳山,1000,0,1000,19.85,
2026-07-02,983f,元大竹東,2000,0,2000,19.825,
2026-07-02,983i,元大大雅,2000,4000,-2000,19.9,20.15
2026-07-02,984C,元大新中,10000,0,10000,20.175,
2026-07-02,984E,元大南勢,1000,1400,-400,19.9,19.9929
2026-07-02,984H,元大景美,2000,0,2000,19.85,
2026-07-02,9852,元大永春,4000,1000,3000,19.6625,20.1
2026-07-02,9854,元大興安,0,1000,-1000,,20.0
2026-07-02,9856,元大花蓮,20000,85000,-65000,20.1,20.0324
2026-07-02,9857,元大蘆洲,2000,0,2000,19.8,
2026-07-02,9867,元大民權,2000,0,2000,19.875,
2026-07-02,9868,元大文心,0,5000,-5000,,20.05
2026-07-02,9869,元大新盛,20,2000,-1980,19.85,19.95
2026-07-02,986K,元大基孝,2000,0,2000,19.8,
2026-07-02,9875,元大永寧,6000,8000,-2000,20.0583,19.9688
2026-07-02,9878,元大金華,1000,1000,0,20.2,19.85
2026-07-02,9879,元大板三,1000,0,1000,19.9,
2026-07-02,9884,元大斗信,2040,0,2040,19.801,
2026-07-02,9889,元大員林,3000,3000,0,19.85,20.05
2026-07-02,988C,元大三重,5000,0,5000,19.97,
2026-07-02,9891,元大永和,20,0,20,20.2,
2026-07-02,9893,元大大天,0,1000,-1000,,20.2
2026-07-02,9897,元大土城,0,115,-115,,20.2
2026-07-02,9898,元大新莊,4000,0,4000,19.9125,
2026-07-02,989E,元大草屯,1000,5000,-4000,19.75,20.05
2026-07-02,989F,元大高雄,1000,0,1000,19.85,
2026-07-02,989J,元大彰生,3000,0,3000,19.85,
2026-07-02,989L,元大成功,18000,9000,9000,20.2,19.8444
2026-07-02,989S,元大鹿港,200,1090,-890,20.0,20.1917
2026-07-02,989U,元大大甲,0,1000,-1000,,20.0
2026-07-02,989W,元大站前,1200,0,1200,19.775,
2026-07-02,989Y,元大基隆,2000,0,2000,19.7,
2026-07-02,989e,元大中和,2000,0,2000,19.85,
2026-07-02,9A00,永豐金,605000,6002,598998,20.1962,20.0833
2026-07-02,9A61,永豐鳳山,0,1000,-1000,,20.15
2026-07-02,9A89,永豐敦北,10000,0,10000,19.775,
2026-07-02,9A8F,永豐敦南,12000,3921,8079,19.9417,19.9138
2026-07-02,9A91,永豐松山,3000,1000,2000,19.95,20.1
2026-07-02,9A92,永豐萬盛,10000,0,10000,19.7,
2026-07-02,9A97,永豐新竹,21000,0,21000,19.7524,
2026-07-02,9A9C,永豐員林,2000,0,2000,19.9,
2026-07-02,9A9D,永豐忠孝,0,1001,-1001,,19.85
2026-07-02,9A9H,永豐新莊,5000,0,5000,19.9,
2026-07-02,9A9L,永豐台中,30,10,20,19.85,19.85
2026-07-02,9A9U,永豐中正,3000,0,3000,19.95,
2026-07-02,9A9W,永豐市政,0,1000,-1000,,20.0
2026-07-02,9A9h,永豐台南,200,6000,-5800,19.85,19.9667
2026-07-02,9A9j,永豐嘉義,2000,0,2000,19.9,
2026-07-02,9A9r,永豐北高,2,1000,-998,20.1,19.9
2026-07-02,9A9s,永豐彰化,0,599000,-599000,,20.2
2026-07-02,9B00,台新證券,5000,0,5000,19.8,
2026-07-02,9B11,台新新營,0,4000,-4000,,19.975
2026-07-02,9B15,台新松江,100,0,100,20.05,
2026-07-02,9B1g,台新高雄,1000,1000,0,19.65,19.95
2026-07-02,9B1h,台新台中,1000,1000,0,20.05,20.0
2026-07-02,9B25,台新五權,1000,2000,-1000,20.0,19.85
2026-07-02,9B2A,台新緯城,1000,0,1000,19.85,
2026-07-02,9B2B,台新永和,2000,0,2000,20.05,
2026-07-02,9B2D,台新大昌,2,0,2,19.95,
2026-07-02,9B2P,台新同大,0,291000,-291000,,19.734
2026-07-02,9B2Q,台新敦南,5000,0,5000,19.82,
2026-07-02,9B2S,台新基隆,3000,2000,1000,19.8667,20.1
2026-07-02,9B2U,台新宜蘭,5000,8000,-3000,19.88,20.175
2026-07-02,9B2Z,台新安南,0,1000,-1000,,20.2
2026-07-02,9B2a,台新松德,1753,548,1205,19.85,19.9776
2026-07-02,9B2l,台新大裕,1000,22000,-21000,20.0,20.0341
2026-07-02,9B2r,台新城東,40,0,40,20.1,
2026-07-03,1020,合庫,2000,3000,-1000,20.5,20.5667
2026-07-03,1024,合庫嘉義,0,1000,-1000,,20.4
2026-07-03,1028,合庫彰化,0,48,-48,,20.8
2026-07-03,102F,合庫西台,3000,0,3000,20.3,
2026-07-03,1030,土銀,0,2000,-2000,,20.6
2026-07-03,103B,土銀彰化,0,15000,-15000,,20.5
2026-07-03,1040,臺銀,49,0,49,20.6,
2026-07-03,1042,臺銀臺南,12000,0,12000,20.5167,
2026-07-03,104A,臺銀臺中,0,27000,-27000,,20.5
2026-07-03,104C,臺銀高雄,1000,0,1000,20.05,
2026-07-03,104D,臺銀金山,1000,1,999,20.5,20.45
2026-07-03,1110,企銀,0,1000,-1000,,20.6
2026-07-03,1111,企銀台中,0,2000,-2000,,20.6
2026-07-03,1117,企銀竹北,1000,0,1000,20.5,
2026-07-03,1119,企銀岡山,10000,0,10000,20.4,
2026-07-03,1232,彰銀七賢,4000,0,4000,20.5,
2026-07-03,1260,宏遠,1000,0,1000,20.4,
2026-07-03,1261,宏遠民生,0,30000,-30000,,20.575
2026-07-03,126D,宏遠台南,1000,0,1000,20.5,
2026-07-03,126H,宏遠中和,1000,1000,0,20.35,20.7
2026-07-03,1440,美林,34000,0,34000,20.4338,
2026-07-03,1470,台灣摩根,10000,76000,-66000,20.47,20.4855
2026-07-03,1480,美商高盛,45206,81000,-35794,20.5535,20.5414
2026-07-03,1560,港商野村,23000,3000,20000,20.587,20.4
2026-07-03,1590,花旗環球,2000,1000,1000,20.5,20.45
2026-07-03,1650,瑞銀,14000,6000,8000,20.5857,20.5
2026-07-03,2181,亞東板橋,0,1000,-1000,,20.25
2026-07-03,2184,亞東新竹,3000,0,3000,20.5,
2026-07-03,2187,亞東台中,6068,8000,-1932,20.1056,20.375
2026-07-03,5262,美好楊梅,0,2000,-2000,,20.65
2026-07-03,5266,美好中壢,1000,4000,-3000,20.45,20.45
2026-07-03,5267,美好基隆,2000,0,2000,20.5,
2026-07-03,5320,高橋,5000,0,5000,20.6,
2026-07-03,5323,高橋內壢,0,16000,-16000,,20.7
2026-07-03,5381,第一員林,5000,0,5000,20.37,
2026-07-03,5382,第一台中,0,10000,-10000,,20.55
2026-07-03,5383,第一高雄,1000,150,850,20.75,20.6
2026-07-03,5384,第一台南,0,16000,-16000,,20.5
2026-07-03,5385,第一桃園,2000,0,2000,20.5,
2026-07-03,5386,第一彰化,0,1000,-1000,,20.55
2026-07-03,538A,第一新興,0,100,-100,,20.65
2026-07-03,538D,第一忠孝,1000,1000,0,20.45,20.65
2026-07-03,538E,第一自由,0,2000,-2000,,20.55
2026-07-03,538N,第一豐原,35,0,35,20.6857,
2026-07-03,538P,第一路竹,3000,0,3000,20.4333,
2026-07-03,538Y,第一中壢,8000,0,8000,20.4,
2026-07-03,5600,永興,1000,0,1000,20.5,
2026-07-03,5602,永興水湳,1000,0,1000,20.6,
2026-07-03,5850,統一,0,1000,-1000,,20.5
2026-07-03,5852,統一敦南,2025,2000,25,20.3531,20.5
2026-07-03,5854,統一城中,1,0,1,20.3,
2026-07-03,5855,統一台南,0,1000,-1000,,20.4
2026-07-03,5856,統一台中,0,4000,-4000,,20.625
2026-07-03,5858,統一嘉義,10000,6000,4000,20.47,20.7167
2026-07-03,585F,統一彰化,28000,200,27800,20.6107,20.6
2026-07-03,585R,統一東湖,1000,0,1000,20.5,
2026-07-03,585c,統一仁愛,0,4,-4,,20.525
2026-07-03,585g,統一平鎮,10000,0,10000,20.55,
2026-07-03,5960,日茂,2000,0,2000,20.6,
2026-07-03,601d,?亞鑫豐,0,10000,-10000,,20.645
2026-07-03,6114,中銀員林,5200,5030,170,20.4904,20.4334
2026-07-03,6160,中國信託,300000,0,300000,20.604,
2026-07-03,6163,中信託永,10000,0,10000,20.5,
2026-07-03,6164,中信託文,5000,0,5000,20.55,
2026-07-03,6165,中信託新,0,3000,-3000,,20.45
2026-07-03,6167,中信松江,0,1,-1,,20.6
2026-07-03,6210,新百王,2000,1000,1000,20.15,20.45
2026-07-03,638A,光和嘉義,0,192,-192,,21.0
2026-07-03,6450,永全,1000,0,1000,20.55,
2026-07-03,6460,大昌,0,4000,-4000,,20.625
2026-07-03,6462,大昌安康,16000,0,16000,20.5,
2026-07-03,6464,大昌新店,8000,7000,1000,20.4438,20.6
2026-07-03,6620,口袋,5000,0,5000,20.6,
2026-07-03,7000,兆豐,0,5000,-5000,,20.38
2026-07-03,7005,兆豐中港,0,18000,-18000,,20.5833
2026-07-03,7006,兆豐台南,1000,13000,-12000,20.35,20.5962
2026-07-03,7007,兆豐竹北,0,5000,-5000,,20.6
2026-07-03,700B,兆豐板橋,0,24000,-24000,,20.5188
2026-07-03,700C,兆豐來福,0,1000,-1000,,20.5
2026-07-03,700I,兆豐北高,0,1000,-1000,,20.45
2026-07-03,700M,兆豐桃園,0,4000,-4000,,20.7
2026-07-03,700P,兆豐南京,2000,0,2000,20.625,
2026-07-03,700W,兆豐城中,10000,0,10000,20.6,
2026-07-03,700Z,兆豐高雄,0,17000,-17000,,20.5147
2026-07-03,700a,兆豐忠孝,1000,3000,-2000,20.5,20.55
2026-07-03,700d,兆豐彰化,3000,5000,-2000,20.6167,20.63
2026-07-03,700f,兆豐鹿港,2000,62000,-60000,20.425,20.4992
2026-07-03,700i,兆豐松德,150,0,150,20.69,
2026-07-03,700k,兆豐員林,0,1000,-1000,,20.4
2026-07-03,700r,兆豐寶成,1000,0,1000,20.45,
2026-07-03,700w,兆豐新莊,6000,0,6000,20.5,
2026-07-03,7750,北城,10000,0,10000,20.4,
2026-07-03,7790,國票綜合,1,19600,-19599,20.6,20.5205
2026-07-03,7795,國票南港,0,1000,-1000,,20.55
2026-07-03,779P,國票九鼎,0,5000,-5000,,20.56
2026-07-03,779Z,國票安和,0,3000,-3000,,20.7
2026-07-03,779v,國票台中,0,5000,-5000,,20.7
2026-07-03,8380,安泰,0,1,-1,,20.5
2026-07-03,8381,安泰大發,1000,0,1000,20.5,
2026-07-03,8440,摩根大通,111000,10000,101000,20.4932,20.505
2026-07-03,8451,康和延平,2,0,2,20.55,
2026-07-03,8456,康和新竹,2000,0,2000,20.525,
2026-07-03,8459,康和嘉義,1000,0,1000,20.45,
2026-07-03,845A,康和內湖,0,1000,-1000,,20.6
2026-07-03,845F,康和仁愛,4000,84,3916,20.475,20.8
2026-07-03,845U,康和台北,0,9,-9,,20.8
2026-07-03,8520,中農,1000,0,1000,20.5,
2026-07-03,8560,新光,11000,34001,-23001,20.3773,20.5515
2026-07-03,8561,新光台中,25000,11000,14000,20.556,20.4455
2026-07-03,8562,新光高雄,15000,126,14874,20.4,20.3
2026-07-03,8563,新光新竹,500,100,400,20.65,20.7
2026-07-03,8564,新光台南,0,1,-1,,20.65
2026-07-03,8565,新光桃園,30,4000,-3970,20.6,20.4
2026-07-03,8580,聯邦,1000,0,1000,20.6,
2026-07-03,8582,聯邦嘉義,1000,1000,0,20.5,20.7
2026-07-03,8588,聯邦台南,1,0,1,20.3,
2026-07-03,8711,陽信石牌,2000,0,2000,20.5,
2026-07-03,8840,玉山,2000,10000,-8000,20.7,20.65
2026-07-03,8841,玉山雙和,1000,0,1000,20.45,
2026-07-03,8842,玉山新莊,1000,3000,-2000,20.5,20.55
2026-07-03,8843,玉山高雄,100,2000,-1900,20.35,20.5
2026-07-03,8846,玉山板橋,1001,0,1001,20.5502,
2026-07-03,8849,玉山景美,0,2000,-2000,,20.45
2026-07-03,884B,玉山台中,8000,15000,-7000,20.4,20.3
2026-07-03,884C,玉山信義,67,0,67,20.6,
2026-07-03,884D,玉山左營,0,72000,-72000,,20.4792
2026-07-03,884F,玉山桃園,0,2000,-2000,,20.4
2026-07-03,884H,玉山新竹,1000,0,1000,20.45,
2026-07-03,884J,玉山大里,2000,2000,0,20.575,20.575
2026-07-03,8882,國泰台中,1013,2001,-988,20.4026,20.575
2026-07-03,8883,國泰松江,5000,0,5000,20.19,
2026-07-03,8884,國泰台南,0,20875,-20875,,20.6
2026-07-03,8886,國泰新莊,1000,0,1000,20.5,
2026-07-03,8888,國泰敦南,20200,18437,1763,20.5936,20.4223
2026-07-03,888K,國泰板橋,0,300,-300,,20.6
2026-07-03,9100,群益,24000,2,23998,20.5,20.7
2026-07-03,9101,群益敦南,0,1000,-1000,,20.55
2026-07-03,9131,群益民權,0,2000,-2000,,20.45
2026-07-03,9135,群益東大,28000,1205,26795,20.5411,20.516
2026-07-03,913D,群益潭子,2000,2000,0,20.4,20.5
2026-07-03,9183,群益高雄,1000,0,1000,20.5,
2026-07-03,9184,群益台中,3000,2000,1000,20.5,20.575
2026-07-03,9187,群益彰化,0,1000,-1000,,20.6
2026-07-03,918D,群益東門,2000,0,2000,20.5,
2026-07-03,918G,群益新莊,1000,1000,0,20.6,20.6
2026-07-03,918K,群益東湖,1000,1000,0,20.35,20.35
2026-07-03,918L,群益建成,1000,0,1000,20.55,
2026-07-03,918M,群益嘉義,50,0,50,20.8,
2026-07-03,918P,群益天母,250,0,250,20.7894,
2026-07-03,918W,群益忠孝,0,1000,-1000,,20.5
2026-07-03,918i,群益竹南,0,53000,-53000,,20.3943
2026-07-03,9202,凱基中港,0,52000,-52000,,20.5462
2026-07-03,920D,凱基市府,0,2000,-2000,,20.625
2026-07-03,920F,凱基站前,2000,0,2000,20.5,
2026-07-03,920G,凱基彰化,12000,2000,10000,20.4417,20.475
2026-07-03,920M,凱基宜蘭,0,9000,-9000,,20.5
2026-07-03,9211,凱基台南,0,4000,-4000,,20.55
2026-07-03,921G,凱基五股,0,1042,-1042,,20.5
2026-07-03,921S,凱基新莊,7000,1,6999,20.3071,20.8
2026-07-03,9223,凱基豐中,0,1000,-1000,,20.7
2026-07-03,9227,凱基城中,100,0,100,20.65,
2026-07-03,922C,凱基屏東,0,2000,-2000,,20.45
2026-07-03,9233,凱基長庚,0,187623,-187623,,20.4829
2026-07-03,9234,凱基竹北,0,10000,-10000,,20.7
2026-07-03,9235,凱基永華,20000,0,20000,20.55,
2026-07-03,9237,凱基敦北,0,4000,-4000,,20.55
2026-07-03,9255,凱基和平,0,1200,-1200,,20.7833
2026-07-03,9257,凱基林口,10000,10000,0,20.64,20.545
2026-07-03,9268,凱基台北,183000,76000,107000,20.4702,20.527
2026-07-03,9274,凱基鳳山,1000,0,1000,20.5,
2026-07-03,9283,凱基北門,0,100,-100,,20.65
2026-07-03,9287,凱基內湖,0,4000,-4000,,20.5
2026-07-03,9300,華南永昌,25000,0,25000,20.45,
2026-07-03,9302,華南台中,0,2000,-2000,,20.5
2026-07-03,9303,華南高雄,2000,0,2000,20.45,
2026-07-03,9307,華南大安,0,59,-59,,20.65
2026-07-03,9324,華南岡山,0,3085,-3085,,20.5691
2026-07-03,9326,華南南京,10080,0,10080,20.5869,
2026-07-03,9327,華南斗六,1001,0,1001,21.0559,
2026-07-03,9329,華南朴子,0,2137,-2137,,20.766
2026-07-03,9332,華南楠梓,2000,2000,0,20.5,20.6
2026-07-03,9339,華南竹北,0,2000,-2000,,20.45
2026-07-03,9349,華南板橋,0,3000,-3000,,20.5333
2026-07-03,9363,華南彰化,1000,4000,-3000,20.55,20.55
2026-07-03,9600,富邦,0,3000,-3000,,20.7
2026-07-03,9604,富邦陽明,2000,4110,-2110,20.5,20.5262
2026-07-03,9608,富邦台東,0,100,-100,,20.8
2026-07-03,961F,富邦公益,0,1000,-1000,,20.55
2026-07-03,961H,富邦新板,0,200,-200,,20.65
2026-07-03,961K,富邦七賢,1000,2000,-1000,20.05,20.55
2026-07-03,961M,富邦木柵,0,8000,-8000,,20.55
2026-07-03,961R,富邦南員,0,5000,-5000,,20.51
2026-07-03,9624,富邦竹北,0,500,-500,,20.8
2026-07-03,9625,富邦竹東,0,1005,-1005,,20.602
2026-07-03,9627,富邦內湖,0,8000,-8000,,20.575
2026-07-03,962B,富邦二林,1000,10000,-9000,20.4,20.505
2026-07-03,962C,富邦竹科,1,523,-522,20.5,20.5
2026-07-03,963L,富邦豐原,0,80,-80,,20.3
2026-07-03,9654,富邦永和,5000,0,5000,20.51,
2026-07-03,9655,富邦板橋,1,29000,-28999,21.0,20.4948
2026-07-03,9658,富邦建國,2000,2000,0,20.4,20.55
2026-07-03,9659,富邦高雄,1,1000,-999,20.5,20.5
2026-07-03,965K,富邦台中,0,3000,-3000,,20.7
2026-07-03,965U,富邦彰化,50,1,49,20.35,20.6
2026-07-03,9661,富邦新店,0,2000,-2000,,20.325
2026-07-03,9666,富邦南屯,2000,2000,0,20.65,20.75
2026-07-03,9667,富邦台南,1000,1000,0,20.55,20.45
2026-07-03,966F,富邦左營,0,101,-101,,20.55
2026-07-03,9672,富邦員林,1000,0,1000,20.6,
2026-07-03,9676,富邦仁愛,1150,0,1150,20.3934,
2026-07-03,9677,富邦三重,36000,0,36000,20.5,
2026-07-03,9686,富邦宜蘭,2000,0,2000,20.35,
2026-07-03,9692,富邦嘉義,1000,0,1000,20.45,
2026-07-03,9697,富邦虎尾,0,5,-5,,20.65
2026-07-03,9800,元大,3000,3000,0,20.5667,20.5
2026-07-03,980R,元大信安,0,1000,-1000,,20.25
2026-07-03,980d,元大沙鹿,0,9000,-9000,,20.5167
2026-07-03,980u,元大府城,0,8000,-8000,,20.55
2026-07-03,980w,元大西屯,0,6000,-6000,,20.55
2026-07-03,9813,元大中崙,5000,8000,-3000,20.55,20.7188
2026-07-03,9814,元大大益,0,1000,-1000,,20.45
2026-07-03,9815,元大大灣,5000,0,5000,20.5,
2026-07-03,9817,元大東泰,2500,0,2500,20.57,
2026-07-03,981C,元大路竹,10000,5000,5000,20.525,20.5
2026-07-03,981N,元大金門,100,0,100,20.7,
2026-07-03,981U,元大華山,0,2000,-2000,,20.425
2026-07-03,981V,元大民雄,0,2000,-2000,,20.55
2026-07-03,981g,元大大里,0,3000,-3000,,20.45
2026-07-03,981h,元大屏生,0,2000,-2000,,20.55
2026-07-03,981i,元大西螺,0,16000,-16000,,20.3438
2026-07-03,981m,元大前金,2000,0,2000,20.45,
2026-07-03,981p,元大松山,10000,4000,6000,20.45,20.675
2026-07-03,981q,元大萬華,5000,0,5000,20.6,
2026-07-03,9824,元大向上,0,5000,-5000,,20.2
2026-07-03,9825,元大新營,889,3000,-2111,20.6244,20.55
2026-07-03,9829,元大永康,0,3000,-3000,,20.55
2026-07-03,982A,元大羅東,0,1,-1,,20.5
2026-07-03,982B,元大博愛,10,0,10,20.6,
2026-07-03,9833,元大敦化,0,2000,-2000,,20.5
2026-07-03,9834,元大中壢,6000,6000,0,20.6917,20.6
2026-07-03,9835,元大中山,1000,0,1000,20.75,
2026-07-03,9838,元大豐原,0,27000,-27000,,20.5333
2026-07-03,983G,元大上新,0,17000,-17000,,20.5147
2026-07-03,983N,元大大安,0,4,-4,,20.35
2026-07-03,983V,元大竹南,0,1000,-1000,,20.5
2026-07-03,983Z,元大鳳山,20000,0,20000,20.5225,
2026-07-03,983i,元大大雅,0,6000,-6000,,20.5333
2026-07-03,984C,元大新中,0,7000,-7000,,20.6
2026-07-03,9853,元大南屯,18000,5000,13000,20.5472,20.5
2026-07-03,9856,元大花蓮,0,10000,-10000,,20.565
2026-07-03,9857,元大蘆洲,4000,2000,2000,20.5,20.5
2026-07-03,9858,元大龍潭,0,2000,-2000,,20.55
2026-07-03,9862,元大南京,1000,0,1000,20.55,
2026-07-03,9863,元大和平,4000,0,4000,20.475,
2026-07-03,986K,元大基孝,0,50000,-50000,,20.4
2026-07-03,9871,元大忠孝,0,1000,-1000,,20.7
2026-07-03,9872,元大復北,11000,0,11000,20.4727,
2026-07-03,9874,元大雙和,1000,0,1000,20.5,
2026-07-03,9875,元大永寧,150,7000,-6850,20.6,20.5714
2026-07-03,987A,元大楊梅,7000,4000,3000,20.6071,20.6
2026-07-03,9884,元大斗信,7000,25,6975,20.6286,20.65
2026-07-03,9889,元大員林,1000,7000,-6000,20.4,20.4857
2026-07-03,988C,元大三重,10000,0,10000,20.575,
2026-07-03,9891,元大永和,40,0,40,20.55,
2026-07-03,9896,元大台南,0,3000,-3000,,20.5
2026-07-03,9897,元大土城,0,53,-53,,20.65
2026-07-03,9898,元大新莊,5100,0,5100,20.502,
2026-07-03,9899,元大淡水,0,1,-1,,20.35
2026-07-03,989C,元大板橋,2000,0,2000,20.4,
2026-07-03,989D,元大左營,100000,0,100000,20.486,
2026-07-03,989E,元大草屯,0,1000,-1000,,20.5
2026-07-03,989F,元大高雄,10,0,10,20.7,
2026-07-03,989J,元大彰生,3000,12000,-9000,20.4167,20.7083
2026-07-03,989L,元大成功,9000,0,9000,20.7,
2026-07-03,989S,元大鹿港,20000,10200,9800,20.465,20.4875
2026-07-03,989U,元大大甲,0,2000,-2000,,20.5
2026-07-03,989V,元大北重,15000,0,15000,20.5067,
2026-07-03,989Y,元大基隆,0,1000,-1000,,20.45
2026-07-03,989Z,元大小港,0,5000,-5000,,20.5083
2026-07-03,989j,元大樹林,30000,0,30000,20.5167,
2026-07-03,9A00,永豐金,2,1000,-998,20.65,20.6
2026-07-03,9A61,永豐鳳山,0,1001,-1001,,20.7497
2026-07-03,9A8F,永豐敦南,5000,10000,-5000,20.65,20.55
2026-07-03,9A91,永豐松山,1,4000,-3999,20.6,20.55
2026-07-03,9A97,永豐新竹,5000,0,5000,20.57,
2026-07-03,9A98,永豐大園,13010,0,13010,20.4808,
2026-07-03,9A9H,永豐新莊,6000,1000,5000,20.2833,20.5
2026-07-03,9A9L,永豐台中,5000,30,4970,20.48,20.3
2026-07-03,9A9R,永豐信義,0,300,-300,,20.4997
2026-07-03,9A9W,永豐市政,0,1001,-1001,,20.5
2026-07-03,9A9Z,永豐復興,0,6127,-6127,,20.6734
2026-07-03,9A9b,永豐虎尾,1000,0,1000,20.7,
2026-07-03,9A9d,永豐古亭,0,42002,-42002,,20.5345
2026-07-03,9A9e,永豐高雄,1000,0,1000,20.6,
2026-07-03,9A9h,永豐台南,0,4000,-4000,,20.625
2026-07-03,9A9i,永豐新店,0,101,-101,,20.6129
2026-07-03,9A9j,永豐嘉義,2000,8,1992,20.5,20.625
2026-07-03,9A9r,永豐北高,200,0,200,20.8,
2026-07-03,9B00,台新證券,51000,0,51000,20.4961,
2026-07-03,9B16,台新台南,0,24000,-24000,,20.5
2026-07-03,9B1d,台新左楠,1000,0,1000,20.55,
2026-07-03,9B1g,台新高雄,1000,1000,0,20.5,20.7
2026-07-03,9B1h,台新台中,22000,13000,9000,20.5,20.6615
2026-07-03,9B20,台新台北,1000,0,1000,20.5,
2026-07-03,9B25,台新五權,1000,0,1000,20.5,
2026-07-03,9B27,台新林園,1000,0,1000,20.5,
2026-07-03,9B28,台新北新,0,1000,-1000,,20.55
2026-07-03,9B2A,台新緯城,0,5000,-5000,,20.35
2026-07-03,9B2C,台新潮州,1000,1000,0,20.65,20.4
2026-07-03,9B2S,台新基隆,1000,1000,0,20.5,20.7
2026-07-03,9B2U,台新宜蘭,1000,3000,-2000,20.45,20.3
2026-07-03,9B2Z,台新安南,0,1000,-1000,,20.5
2026-07-03,9B2a,台新松德,2726,1753,973,20.5399,20.4772
2026-07-03,9B2c,台新烏日,1000,0,1000,20.45,
2026-07-03,9B2l,台新大裕,2000,20125,-18125,20.525,20.5118
2026-07-03,9B2y,台新花蓮,1,0,1,20.65,
2026-07-03,9B2z,台新文心,10000,10000,0,20.2,20.485
2026-07-06,1022,合庫台南,10000,4000,6000,19.09,19.35
2026-07-06,1028,合庫彰化,1000,0,1000,19.0,
2026-07-06,102F,合庫西台,5000,3000,2000,19.05,19.3
2026-07-06,1043,臺銀民權,213,0,213,19.1195,
2026-07-06,104A,臺銀臺中,44000,2000,42000,19.2648,19.225
2026-07-06,104C,臺銀高雄,0,1010,-1010,,19.0505
2026-07-06,104D,臺銀金山,0,1000,-1000,,19.2
2026-07-06,1117,企銀竹北,0,1000,-1000,,19.05
2026-07-06,126D,宏遠台南,0,1000,-1000,,19.35
2026-07-06,1440,美林,19000,12000,7000,19.0368,19.2542
2026-07-06,1470,台灣摩根,5000,52000,-47000,19.13,19.0163
2026-07-06,1480,美商高盛,12390,23000,-10610,19.1944,19.0826
2026-07-06,1560,港商野村,0,11000,-11000,,19.1
2026-07-06,1650,瑞銀,18000,11000,7000,19.1972,19.3
2026-07-06,2184,亞東新竹,1000,1000,0,19.0,19.05
2026-07-06,5261,美好蘆洲,500,346,154,19.07,19.4445
2026-07-06,5267,美好基隆,0,2000,-2000,,19.05
2026-07-06,5320,高橋,1000,0,1000,19.25,
2026-07-06,5381,第一員林,5000,0,5000,19.0,
2026-07-06,5384,第一台南,5000,3000,2000,18.9,19.1667
2026-07-06,538C,第一光復,58000,1000,57000,19.1448,19.35
2026-07-06,5600,永興,0,1000,-1000,,19.35
2026-07-06,5850,統一,7000,1000,6000,19.2571,19.0
2026-07-06,5854,統一城中,1000,0,1000,19.0,
2026-07-06,5858,統一嘉義,2000,10000,-8000,18.975,19.23
2026-07-06,585F,統一彰化,0,10000,-10000,,19.05
2026-07-06,585J,統一三重,6000,6000,0,19.0833,19.2667
2026-07-06,585R,統一東湖,0,1000,-1000,,19.4
2026-07-06,585Z,統一松江,1000,0,1000,18.9,
2026-07-06,585c,統一仁愛,0,1,-1,,19.15
2026-07-06,5960,日茂,0,2000,-2000,,19.0
2026-07-06,6012,?亞網路,1000,0,1000,18.95,
2026-07-06,601d,?亞鑫豐,14000,0,14000,18.9786,
2026-07-06,6110,台中銀,40000,0,40000,18.9625,
2026-07-06,6114,中銀員林,0,2000,-2000,,19.125
2026-07-06,6160,中國信託,10000,0,10000,19.055,
2026-07-06,6161,中信三重,1000,0,1000,19.05,
2026-07-06,6164,中信託文,1000,0,1000,18.9,
2026-07-06,616K,中信託高,3266,0,3266,18.9041,
2026-07-06,6210,新百王,8000,3000,5000,19.1312,19.0
2026-07-06,6380,光和,5000,0,5000,19.05,
2026-07-06,6460,大昌,3000,0,3000,19.0667,
2026-07-06,6461,大昌樹林,1000,0,1000,19.1,
2026-07-06,6462,大昌安康,0,16000,-16000,,19.15
2026-07-06,6464,大昌新店,7000,0,7000,19.0,
2026-07-06,6620,口袋,1000,1000,0,19.0,18.9
2026-07-06,6913,德信新營,1000,0,1000,19.0,
2026-07-06,7005,兆豐中港,38000,0,38000,18.9895,
2026-07-06,700B,兆豐板橋,5000,0,5000,19.06,
2026-07-06,700C,兆豐來福,2000,0,2000,19.05,
2026-07-06,700H,兆豐東門,0,6200,-6200,,19.2968
2026-07-06,700I,兆豐北高,1000,0,1000,19.0,
2026-07-06,700M,兆豐桃園,0,5000,-5000,,19.25
2026-07-06,700Z,兆豐高雄,0,1000,-1000,,19.3
2026-07-06,700a,兆豐忠孝,0,1000,-1000,,19.3
2026-07-06,700d,兆豐彰化,3000,3000,0,19.1,19.05
2026-07-06,700f,兆豐鹿港,55000,2000,53000,19.2027,19.4
2026-07-06,700i,兆豐松德,0,2655,-2655,,19.0637
2026-07-06,700k,兆豐員林,2000,0,2000,18.95,
2026-07-06,7032,致和佳里,1000,0,1000,18.95,
2026-07-06,7790,國票綜合,12000,1,11999,18.925,19.15
2026-07-06,7795,國票南港,1000,0,1000,18.9,
2026-07-06,779P,國票九鼎,3000,0,3000,19.05,
2026-07-06,779V,國票天祥,3000,0,3000,19.05,
2026-07-06,779n,國票南京,1000,0,1000,19.05,
2026-07-06,8440,摩根大通,19000,47000,-28000,19.0342,18.9979
2026-07-06,845A,康和內湖,1000,0,1000,18.9,
2026-07-06,845F,康和仁愛,0,4000,-4000,,19.2125
2026-07-06,845U,康和台北,0,1,-1,,19.15
2026-07-06,8560,新光,91001,10000,81001,19.0264,19.08
2026-07-06,8561,新光台中,42000,1001,40999,18.9821,19.1998
2026-07-06,8563,新光新竹,0,100,-100,,19.0
2026-07-06,8565,新光桃園,10032,0,10032,19.0498,
2026-07-06,8840,玉山,5000,0,5000,19.05,
2026-07-06,8841,玉山雙和,0,1000,-1000,,18.9
2026-07-06,8842,玉山新莊,1000,0,1000,19.2,
2026-07-06,8846,玉山板橋,100,0,100,19.15,
2026-07-06,884B,玉山台中,1000,0,1000,18.9,
2026-07-06,884C,玉山信義,1000,0,1000,18.95,
2026-07-06,884F,玉山桃園,1000,0,1000,19.3,
2026-07-06,884H,玉山新竹,0,3000,-3000,,19.3
2026-07-06,884J,玉山大里,11000,2000,9000,19.0045,19.25
2026-07-06,8881,國泰高雄,0,52000,-52000,,19.05
2026-07-06,8883,國泰松江,1000,0,1000,19.0,
2026-07-06,8886,國泰新莊,1001,0,1001,19.0,
2026-07-06,8887,國泰忠孝,100,3000,-2900,19.0,18.85
2026-07-06,8888,國泰敦南,4466,22007,-17541,19.0516,19.0069
2026-07-06,888A,國泰館前,0,6,-6,,19.15
2026-07-06,888K,國泰板橋,4001,0,4001,18.9125,
2026-07-06,9100,群益,0,24000,-24000,,19.05
2026-07-06,9131,群益民權,4000,2000,2000,18.975,19.25
2026-07-06,9134,群益開元,0,2000,-2000,,19.0
2026-07-06,9135,群益東大,5000,26000,-21000,18.92,19.1942
2026-07-06,9183,群益高雄,11000,5000,6000,19.2,18.9
2026-07-06,9185,群益台南,7000,0,7000,18.95,
2026-07-06,918A,群益中壢,3000,0,3000,19.0333,
2026-07-06,918D,群益東門,0,2000,-2000,,19.4
2026-07-06,918M,群益嘉義,0,50,-50,,19.0
2026-07-06,918P,群益天母,0,133,-133,,19.05
2026-07-06,918W,群益忠孝,2000,0,2000,18.9,
2026-07-06,918g,群益大甲,55,0,55,19.05,
2026-07-06,918i,群益竹南,30000,0,30000,19.0,
2026-07-06,9200,凱基,0,45000,-45000,,19.0611
2026-07-06,9202,凱基中港,0,17000,-17000,,19.0941
2026-07-06,9205,凱基三重,100,0,100,19.0675,
2026-07-06,9206,凱基高雄,100,0,100,19.19,
2026-07-06,920D,凱基市府,2000,0,2000,19.05,
2026-07-06,9211,凱基台南,5000,0,5000,19.3,
2026-07-06,9215,凱基高美,40000,0,40000,19.1125,
2026-07-06,921C,凱基民權,1,0,1,19.4,
2026-07-06,921S,凱基新莊,5000,0,5000,19.3,
2026-07-06,9226,凱基汐止,13,0,13,19.15,
2026-07-06,9227,凱基城中,0,100,-100,,18.95
2026-07-06,922C,凱基屏東,2000,0,2000,19.0,
2026-07-06,9233,凱基長庚,1000,0,1000,18.95,
2026-07-06,9239,凱基市政,1000,0,1000,19.05,
2026-07-06,9268,凱基台北,20000,45000,-25000,19.085,19.0711
2026-07-06,9302,華南台中,2000,0,2000,19.2,
2026-07-06,9307,華南大安,60,0,60,19.2,
2026-07-06,9322,華南基隆,3000,0,3000,19.1167,
2026-07-06,9326,華南南京,0,7780,-7780,,19.0579
2026-07-06,9329,華南朴子,1000,0,1000,19.0,
2026-07-06,9363,華南彰化,2000,0,2000,19.125,
2026-07-06,9604,富邦陽明,3145,0,3145,19.1988,
2026-07-06,9608,富邦台東,100,0,100,18.99,
2026-07-06,961K,富邦七賢,68,1000,-932,19.0,19.3
2026-07-06,961M,富邦木柵,30000,0,30000,19.1667,
2026-07-06,961P,富邦和美,958,0,958,19.5,
2026-07-06,9623,富邦台北,0,1000,-1000,,19.0
2026-07-06,9624,富邦竹北,100,0,100,19.0,
2026-07-06,9625,富邦竹東,3000,0,3000,19.2,
2026-07-06,9627,富邦內湖,2000,1000,1000,18.95,19.2
2026-07-06,962A,富邦南港,1,0,1,19.2,
2026-07-06,962C,富邦竹科,585,0,585,19.1,
2026-07-06,962P,富邦頭份,2000,0,2000,19.0,
2026-07-06,9636,富邦中壢,5000,0,5000,19.0,
2026-07-06,963L,富邦豐原,0,2,-2,,19.5
2026-07-06,9647,富邦新竹,9000,0,9000,19.1167,
2026-07-06,9654,富邦永和,10000,2000,8000,18.9,19.4
2026-07-06,965K,富邦台中,20000,0,20000,19.225,
2026-07-06,965U,富邦彰化,2000,0,2000,18.95,
2026-07-06,9661,富邦新店,1000,10000,-9000,19.1,19.225
2026-07-06,9667,富邦台南,6000,0,6000,19.225,
2026-07-06,9672,富邦員林,6000,0,6000,19.0917,
2026-07-06,9676,富邦仁愛,0,2155,-2155,,19.0824
2026-07-06,9692,富邦嘉義,1,0,1,19.2,
2026-07-06,9800,元大,20000,19000,1000,19.0625,19.0421
2026-07-06,9801,元大松江,1000,0,1000,19.1,
2026-07-06,980D,元大北府,5000,0,5000,18.9,
2026-07-06,980d,元大沙鹿,1000,0,1000,19.15,
2026-07-06,980w,元大西屯,6000,5000,1000,19.3333,19.1
2026-07-06,9815,元大大灣,0,5000,-5000,,19.2
2026-07-06,9817,元大東泰,0,2000,-2000,,19.2
2026-07-06,981B,元大竹北,3000,0,3000,19.1,
2026-07-06,981C,元大路竹,0,7000,-7000,,18.95
2026-07-06,981F,元大福營,8000,0,8000,19.0,
2026-07-06,981G,元大彰化,10000,0,10000,19.18,
2026-07-06,981I,元大天母,1000,0,1000,18.9,
2026-07-06,981R,元大竹山,2000,0,2000,18.875,
2026-07-06,981g,元大大里,0,1,-1,,19.5
2026-07-06,981m,元大前金,0,6000,-6000,,19.2
2026-07-06,981p,元大松山,100,10000,-9900,19.05,19.15
2026-07-06,981q,元大萬華,0,5000,-5000,,19.0
2026-07-06,9825,元大新營,1355,0,1355,19.328,
2026-07-06,9829,元大永康,2000,0,2000,18.95,
2026-07-06,9833,元大敦化,0,6000,-6000,,19.1083
2026-07-06,9835,元大中山,0,1000,-1000,,19.2
2026-07-06,9838,元大豐原,53,0,53,19.033,
2026-07-06,983f,元大竹東,1000,0,1000,19.05,
2026-07-06,983i,元大大雅,17000,0,17000,19.0147,
2026-07-06,983j,元大仁愛,30,0,30,19.15,
2026-07-06,984C,元大新中,10000,0,10000,19.05,
2026-07-06,9856,元大花蓮,1000,0,1000,19.05,
2026-07-06,9857,元大蘆洲,2000,0,2000,18.9,
2026-07-06,9862,元大南京,1000,0,1000,19.0,
2026-07-06,9863,元大和平,1000,0,1000,19.3,
2026-07-06,9867,元大民權,2000,0,2000,19.05,
2026-07-06,9875,元大永寧,23000,0,23000,18.9717,
2026-07-06,9878,元大金華,1,0,1,19.5,
2026-07-06,987A,元大楊梅,5000,0,5000,19.14,
2026-07-06,9884,元大斗信,3000,0,3000,18.9333,
2026-07-06,9889,元大員林,3000,1,2999,19.0,19.15
2026-07-06,9891,元大永和,234,420,-186,19.2372,19.1381
2026-07-06,9896,元大台南,1000,0,1000,19.2,
2026-07-06,9897,元大土城,10000,0,10000,19.2,
2026-07-06,9898,元大新莊,0,4000,-4000,,19.1
2026-07-06,989C,元大板橋,26000,0,26000,18.9885,
2026-07-06,989F,元大高雄,0,10,-10,,19.0
2026-07-06,989G,元大大同,2000,0,2000,19.3,
2026-07-06,989J,元大彰生,0,3000,-3000,,19.0333
2026-07-06,989L,元大成功,11000,27000,-16000,19.2364,18.9609
2026-07-06,989S,元大鹿港,32000,30,31970,18.9969,19.0
2026-07-06,989V,元大北重,2000,0,2000,18.925,
2026-07-06,9A00,永豐金,1000,599000,-598000,19.0,19.05
2026-07-06,9A69,永豐屏東,1000,1000,0,19.05,19.2
2026-07-06,9A89,永豐敦北,40,4000,-3960,18.95,19.35
2026-07-06,9A8F,永豐敦南,0,10009,-10009,,19.0501
2026-07-06,9A91,永豐松山,1000,0,1000,19.05,
2026-07-06,9A97,永豐新竹,0,20000,-20000,,18.8875
2026-07-06,9A9H,永豐新莊,6000,0,6000,19.15,
2026-07-06,9A9J,永豐板新,5001,430000,-424999,19.05,19.0536
2026-07-06,9A9L,永豐台中,0,4800,-4800,,19.1915
2026-07-06,9A9M,永豐南投,5000,0,5000,19.05,
2026-07-06,9A9S,永豐南京,1000,0,1000,19.2,
2026-07-06,9A9W,永豐市政,3000,0,3000,18.9333,
2026-07-06,9A9Z,永豐復興,0,1017,-1017,,19.1975
2026-07-06,9A9d,永豐古亭,0,1,-1,,19.15
2026-07-06,9A9e,永豐高雄,20,0,20,19.15,
2026-07-06,9A9h,永豐台南,0,60,-60,,19.35
2026-07-06,9A9r,永豐北高,0,600,-600,,19.0
2026-07-06,9A9s,永豐彰化,599002,0,599002,19.05,
2026-07-06,9B00,台新證券,0,1025,-1025,,19.202
2026-07-06,9B11,台新新營,1000,0,1000,18.9,
2026-07-06,9B15,台新松江,0,100,-100,,19.3
2026-07-06,9B1d,台新左楠,0,1000,-1000,,18.95
2026-07-06,9B1h,台新台中,29000,1000,28000,19.1034,19.05
2026-07-06,9B1y,台新中壢,3001,0,3001,18.9668,
2026-07-06,9B20,台新台北,10000,55000,-45000,19.0,19.0282
2026-07-06,9B27,台新林園,1000,0,1000,19.15,
2026-07-06,9B2B,台新永和,1000,0,1000,19.3,
2026-07-06,9B2D,台新大昌,1,0,1,19.0,
2026-07-06,9B2H,台新信義,2000,0,2000,19.0,
2026-07-06,9B2N,台新虎尾,53,0,53,19.0,
2026-07-06,9B2S,台新基隆,2000,1000,1000,18.975,19.4
2026-07-06,9B2U,台新宜蘭,10000,0,10000,18.925,
2026-07-06,9B2a,台新松德,2100,2726,-626,18.8714,19.3373
2026-07-06,9B2g,台新中原,7000,0,7000,19.1143,
2026-07-06,9B2i,台新中港,1000,1000,0,19.05,19.05
2026-07-06,9B2l,台新大裕,4000,0,4000,18.9,
2026-07-06,9B2m,台新成功,0,1000,-1000,,18.95
2026-07-06,9B2w,台新佳里,1000,0,1000,18.9,
2026-07-07,1022,合庫台南,4000,2000,2000,18.9,18.85
2026-07-07,1031,土銀台中,1000,0,1000,18.8,
2026-07-07,1043,臺銀民權,212,0,212,18.7,
2026-07-07,104A,臺銀臺中,12000,10000,2000,18.8375,18.7
2026-07-07,104C,臺銀高雄,0,1,-1,,18.8
2026-07-07,104D,臺銀金山,100,0,100,18.9,
2026-07-07,1261,宏遠民生,2000,0,2000,18.725,
2026-07-07,1262,宏遠桃園,0,10000,-10000,,18.7
2026-07-07,126X,宏遠新化,16000,0,16000,18.9,
2026-07-07,1440,美林,6000,3000,3000,18.8167,18.9
2026-07-07,1470,台灣摩根,15000,1000,14000,18.7633,18.8
2026-07-07,1480,美商高盛,18181,12004,6177,18.8435,18.825
2026-07-07,1560,港商野村,0,10000,-10000,,18.825
2026-07-07,1590,花旗環球,1000,1000,0,18.75,18.8
2026-07-07,1650,瑞銀,3000,1000,2000,18.8333,18.85
2026-07-07,5261,美好蘆洲,46,0,46,18.8,
2026-07-07,5383,第一高雄,1000,1,999,18.8,18.7
2026-07-07,538I,第一頭份,2000,0,2000,18.7,
2026-07-07,538Y,第一中壢,0,4000,-4000,,18.775
2026-07-07,5850,統一,1000,5000,-4000,18.8,18.9
2026-07-07,5858,統一嘉義,1000,0,1000,18.85,
2026-07-07,585E,統一新營,2000,0,2000,18.7,
2026-07-07,585F,統一彰化,0,32000,-32000,,18.8203
2026-07-07,585S,統一宜蘭,1000,0,1000,18.85,
2026-07-07,6012,?亞網路,250,0,250,18.8,
2026-07-07,601d,?亞鑫豐,3000,0,3000,18.75,
2026-07-07,6161,中信三重,1000,0,1000,18.8,
2026-07-07,6210,新百王,1000,0,1000,18.9,
2026-07-07,6451,永全南崁,2000,0,2000,19.0,
2026-07-07,6464,大昌新店,10000,33000,-23000,18.8,18.8
2026-07-07,6915,德信和平,2000,0,2000,18.9,
2026-07-07,7005,兆豐中港,5000,0,5000,18.75,
2026-07-07,7006,兆豐台南,0,1000,-1000,,18.7
2026-07-07,700B,兆豐板橋,3000,0,3000,18.8,
2026-07-07,700H,兆豐東門,20,0,20,18.9,
2026-07-07,700J,兆豐公益,0,20000,-20000,,18.75
2026-07-07,700M,兆豐桃園,4000,1,3999,18.9,19.0
2026-07-07,700N,兆豐埔墘,1,0,1,19.0,
2026-07-07,700Z,兆豐高雄,1000,0,1000,18.75,
2026-07-07,700a,兆豐忠孝,3000,0,3000,18.75,
2026-07-07,700d,兆豐彰化,2000,0,2000,18.8,
2026-07-07,700f,兆豐鹿港,3000,0,3000,18.7667,
2026-07-07,7032,致和佳里,0,1000,-1000,,18.8
2026-07-07,7034,致和金華,0,1000,-1000,,18.7
2026-07-07,779G,國票新莊,0,2000,-2000,,18.75
2026-07-07,779r,國票桃園,10000,0,10000,18.7,
2026-07-07,8440,摩根大通,26000,24000,2000,18.8212,18.8438
2026-07-07,8458,康和台南,0,3000,-3000,,18.8
2026-07-07,8560,新光,8000,1,7999,18.8,18.75
2026-07-07,8561,新光台中,3134,0,3134,18.75,
2026-07-07,8580,聯邦,0,1000,-1000,,18.9
2026-07-07,8840,玉山,3000,1000,2000,19.0,18.7
2026-07-07,8841,玉山雙和,0,1000,-1000,,18.8
2026-07-07,884D,玉山左營,1000,0,1000,18.75,
2026-07-07,884F,玉山桃園,0,1000,-1000,,18.8
2026-07-07,884J,玉山大里,5000,0,5000,18.75,
2026-07-07,884M,玉山數位,0,1000,-1000,,18.8
2026-07-07,8882,國泰台中,4118,0,4118,18.8164,
2026-07-07,8886,國泰新莊,1000,0,1000,18.9,
2026-07-07,8888,國泰敦南,2,2,0,18.9,18.875
2026-07-07,888A,國泰館前,0,6,-6,,18.75
2026-07-07,888K,國泰板橋,0,18000,-18000,,18.7194
2026-07-07,9135,群益東大,3000,0,3000,18.7667,
2026-07-07,9183,群益高雄,2000,0,2000,18.85,
2026-07-07,9188,群益三民,3000,3000,0,18.75,18.85
2026-07-07,918L,群益建成,10000,0,10000,18.8,
2026-07-07,918g,群益大甲,56,0,56,18.75,
2026-07-07,918i,群益竹南,10000,0,10000,18.85,
2026-07-07,9200,凱基,1000,0,1000,18.75,
2026-07-07,9202,凱基中港,1000,6000,-5000,18.7,18.825
2026-07-07,9205,凱基三重,100,100,0,18.875,18.75
2026-07-07,920A,凱基板橋,1000,0,1000,18.85,
2026-07-07,920G,凱基彰化,0,6000,-6000,,18.8
2026-07-07,920H,凱基基隆,0,4000,-4000,,18.75
2026-07-07,920N,凱基湖口,0,8000,-8000,,18.8188
2026-07-07,9215,凱基高美,20000,0,20000,18.75,
2026-07-07,921S,凱基新莊,3000,0,3000,18.8,
2026-07-07,9223,凱基豐中,1000,0,1000,18.75,
2026-07-07,9268,凱基台北,9000,51000,-42000,18.7944,18.8265
2026-07-07,9300,華南永昌,1,5000,-4999,18.8,18.7
2026-07-07,9302,華南台中,2001,0,2001,18.8001,
2026-07-07,9322,華南基隆,0,1000,-1000,,18.7
2026-07-07,9326,華南南京,3000,0,3000,19.0,
2026-07-07,9386,華南東昇,2000,0,2000,18.7,
2026-07-07,9604,富邦陽明,55,0,55,18.7418,
2026-07-07,961Y,富邦屏東,1000,0,1000,18.8,
2026-07-07,962B,富邦二林,0,25,-25,,18.8
2026-07-07,962C,富邦竹科,0,226,-226,,18.8
2026-07-07,962G,富邦斗六,74,0,74,18.75,
2026-07-07,963A,富邦八德,4000,0,4000,18.7,
2026-07-07,9655,富邦板橋,0,4000,-4000,,18.875
2026-07-07,9658,富邦建國,0,10000,-10000,,18.85
2026-07-07,965K,富邦台中,0,10000,-10000,,18.755
2026-07-07,965U,富邦彰化,1000,108,892,18.85,18.8
2026-07-07,9661,富邦新店,0,1000,-1000,,18.9
2026-07-07,9667,富邦台南,1,0,1,19.0,
2026-07-07,9672,富邦員林,1000,0,1000,18.8,
2026-07-07,9692,富邦嘉義,0,381,-381,,18.8948
2026-07-07,9697,富邦虎尾,3000,0,3000,18.75,
2026-07-07,9800,元大,1000,0,1000,18.95,
2026-07-07,9801,元大松江,1000,0,1000,18.8,
2026-07-07,980D,元大北府,5000,0,5000,18.75,
2026-07-07,980d,元大沙鹿,5000,0,5000,19.0,
2026-07-07,9817,元大東泰,0,400,-400,,18.75
2026-07-07,981C,元大路竹,0,3000,-3000,,18.75
2026-07-07,981j,元大士林,0,1,-1,,18.75
2026-07-07,981p,元大松山,2000,0,2000,18.8,
2026-07-07,981z,元大大統,1000,0,1000,18.75,
2026-07-07,982B,元大博愛,0,10,-10,,18.7
2026-07-07,9831,元大四維,1000,0,1000,18.75,
2026-07-07,9837,元大北港,0,5000,-5000,,18.75
2026-07-07,9838,元大豐原,2000,0,2000,18.75,
2026-07-07,983i,元大大雅,4000,0,4000,18.75,
2026-07-07,984E,元大南勢,3000,0,3000,18.75,
2026-07-07,9853,元大南屯,0,3000,-3000,,18.9
2026-07-07,9856,元大花蓮,0,1000,-1000,,18.75
2026-07-07,9858,元大龍潭,1000,0,1000,18.9,
2026-07-07,986K,元大基孝,0,3000,-3000,,18.9
2026-07-07,9871,元大忠孝,0,3000,-3000,,18.8
2026-07-07,9872,元大復北,1000,11000,-10000,18.75,18.9
2026-07-07,9875,元大永寧,0,22000,-22000,,18.9205
2026-07-07,987A,元大楊梅,8000,0,8000,18.9062,
2026-07-07,9889,元大員林,0,5000,-5000,,18.8
2026-07-07,988C,元大三重,1000,0,1000,18.75,
2026-07-07,988V,元大長庚,1,0,1,19.0,
2026-07-07,9891,元大永和,120,234,-114,18.8792,18.7893
2026-07-07,9896,元大台南,100,0,100,18.8,
2026-07-07,9897,元大土城,5000,0,5000,18.8,
2026-07-07,989C,元大板橋,2000,0,2000,18.775,
2026-07-07,989E,元大草屯,10000,0,10000,18.75,
2026-07-07,989L,元大成功,0,1000,-1000,,18.75
2026-07-07,989S,元大鹿港,6000,3000,3000,18.8,18.8
2026-07-07,989V,元大北重,3000,0,3000,18.75,
2026-07-07,989W,元大站前,50,75,-25,18.8,18.75
2026-07-07,989a,元大苑裡,0,1,-1,,18.75
2026-07-07,9A00,永豐金,0,1000,-1000,,18.8
2026-07-07,9A89,永豐敦北,74,0,74,18.85,
2026-07-07,9A9A,永豐羅東,1000,1000,0,18.7,18.85
2026-07-07,9A9L,永豐台中,0,200,-200,,18.7325
2026-07-07,9A9W,永豐市政,1,0,1,18.8,
2026-07-07,9A9X,永豐竹科,268,0,268,18.75,
2026-07-07,9A9h,永豐台南,0,140,-140,,18.7264
2026-07-07,9B00,台新證券,22000,0,22000,18.8455,
2026-07-07,9B1h,台新台中,2000,6000,-4000,18.775,18.725
2026-07-07,9B1y,台新中壢,0,1,-1,,19.0
2026-07-07,9B2N,台新虎尾,1000,0,1000,18.75,
2026-07-07,9B2Q,台新敦南,3000,0,3000,18.8167,
2026-07-07,9B2S,台新基隆,0,1000,-1000,,18.8
2026-07-07,9B2a,台新松德,2,100,-98,18.8,18.9555
2026-07-07,9B2l,台新大裕,18000,0,18000,18.8111,
2026-07-07,9B2m,台新成功,50,1000,-950,18.9,18.8
2026-07-07,9B2w,台新佳里,1000,0,1000,18.8,
2026-07-08,1031,土銀台中,2000,0,2000,18.6,
2026-07-08,1040,臺銀,1000,0,1000,18.4,
2026-07-08,104A,臺銀臺中,2058,8000,-5942,18.407,18.425
2026-07-08,104C,臺銀高雄,1000,0,1000,18.5,
2026-07-08,1113,企銀九如,0,1000,-1000,,18.45
2026-07-08,1261,宏遠民生,10000,0,10000,18.49,
2026-07-08,1440,美林,0,25000,-25000,,18.566
2026-07-08,1470,台灣摩根,0,15000,-15000,,18.5233
2026-07-08,1480,美商高盛,9000,1000,8000,18.4889,18.6
2026-07-08,1560,港商野村,0,14000,-14000,,18.6107
2026-07-08,1590,花旗環球,0,1000,-1000,,18.5
2026-07-08,1650,瑞銀,0,40854,-40854,,18.5897
2026-07-08,5261,美好蘆洲,1000,662,338,18.5,18.6289
2026-07-08,5262,美好楊梅,0,10000,-10000,,18.5
2026-07-08,5320,高橋,3000,0,3000,18.5333,
2026-07-08,5381,第一員林,2,0,2,18.5,
2026-07-08,5382,第一台中,0,132000,-132000,,18.4621
2026-07-08,5387,第一澎湖,2000,0,2000,18.5,
2026-07-08,538I,第一頭份,0,1,-1,,18.45
2026-07-08,538Y,第一中壢,0,4000,-4000,,18.55
2026-07-08,5660,日進,1000,0,1000,18.5,
2026-07-08,5858,統一嘉義,1000,0,1000,18.4,
2026-07-08,585B,統一永和,2000,0,2000,18.55,
2026-07-08,6012,?亞網路,1000,0,1000,18.5,
2026-07-08,601d,?亞鑫豐,10000,0,10000,18.85,
2026-07-08,6110,台中銀,20000,0,20000,18.45,
2026-07-08,6160,中國信託,4000,0,4000,18.5625,
2026-07-08,616K,中信託高,20000,0,20000,18.5,
2026-07-08,6210,新百王,6000,0,6000,18.4,
2026-07-08,638A,光和嘉義,59,0,59,18.5,
2026-07-08,6450,永全,0,1000,-1000,,18.7
2026-07-08,6464,大昌新店,20000,0,20000,18.45,
2026-07-08,6950,福勝,0,3000,-3000,,18.55
2026-07-08,700B,兆豐板橋,6000,0,6000,18.4833,
2026-07-08,700K,兆豐新營,0,2000,-2000,,18.45
2026-07-08,700f,兆豐鹿港,21000,303,20697,18.4643,18.4
2026-07-08,779D,國票台南,10000,0,10000,18.46,
2026-07-08,779r,國票桃園,2000,0,2000,18.65,
2026-07-08,8381,安泰大發,0,1000,-1000,,18.45
2026-07-08,8440,摩根大通,12000,27000,-15000,18.6125,18.6981
2026-07-08,845D,康和板橋,850,0,850,18.4,
2026-07-08,845J,康和高雄,0,2000,-2000,,18.65
2026-07-08,8520,中農,5000,0,5000,18.5,
2026-07-08,8560,新光,139,0,139,18.4511,
2026-07-08,8561,新光台中,22200,40869,-18669,18.5959,18.5021
2026-07-08,8563,新光新竹,1000,0,1000,18.4,
2026-07-08,8565,新光桃園,10,0,10,18.5,
2026-07-08,8840,玉山,2000,0,2000,18.5,
2026-07-08,8846,玉山板橋,1000,0,1000,18.5,
2026-07-08,884D,玉山左營,1000,0,1000,18.7,
2026-07-08,884J,玉山大里,5000,0,5000,18.5,
2026-07-08,8885,國泰桃園,537,0,537,18.6,
2026-07-08,8886,國泰新莊,30,0,30,18.45,
2026-07-08,8888,國泰敦南,1251,1260,-9,18.5599,18.4103
2026-07-08,888A,國泰館前,5,0,5,18.6,
2026-07-08,888K,國泰板橋,1000,0,1000,18.4,
2026-07-08,9135,群益東大,0,9000,-9000,,18.5
2026-07-08,913U,群益崇德,1,0,1,18.4,
2026-07-08,918J,群益永和,1000,0,1000,18.45,
2026-07-08,918L,群益建成,20000,0,20000,18.4,
2026-07-08,918P,群益天母,0,267,-267,,18.45
2026-07-08,918g,群益大甲,56,0,56,18.5,
2026-07-08,918i,群益竹南,10000,0,10000,18.5,
2026-07-08,9202,凱基中港,1000,0,1000,18.45,
2026-07-08,9205,凱基三重,301,100,201,18.5429,18.55
2026-07-08,9206,凱基高雄,0,100,-100,,18.7
2026-07-08,920D,凱基市府,2000,0,2000,18.525,
2026-07-08,920F,凱基站前,15000,0,15000,18.4833,
2026-07-08,9215,凱基高美,20000,0,20000,18.525,
2026-07-08,921S,凱基新莊,0,10000,-10000,,18.45
2026-07-08,9233,凱基長庚,1000,0,1000,18.4,
2026-07-08,9268,凱基台北,13000,55000,-42000,18.4885,18.5491
2026-07-08,9274,凱基鳳山,0,1000,-1000,,18.6
2026-07-08,9302,華南台中,40000,0,40000,18.55,
2026-07-08,9307,華南大安,60,0,60,18.7,
2026-07-08,9319,華南鶯歌,2,0,2,18.65,
2026-07-08,9329,華南朴子,102,0,102,18.45,
2026-07-08,9332,華南楠梓,300,0,300,18.5,
2026-07-08,9604,富邦陽明,56,0,56,18.4089,
2026-07-08,9616,富邦岡山,1000,0,1000,18.5,
2026-07-08,961C,富邦南京,5025,0,5025,18.5005,
2026-07-08,961F,富邦公益,1000,0,1000,18.65,
2026-07-08,961R,富邦南員,1000,0,1000,18.5,
2026-07-08,9623,富邦台北,2000,0,2000,18.45,
2026-07-08,962B,富邦二林,1000,0,1000,18.55,
2026-07-08,962C,富邦竹科,2000,0,2000,18.4,
2026-07-08,962G,富邦斗六,1000,0,1000,18.4,
2026-07-08,9647,富邦新竹,1000,0,1000,18.5,
2026-07-08,9667,富邦台南,0,1000,-1000,,18.5
2026-07-08,9672,富邦員林,5000,0,5000,18.58,
2026-07-08,9692,富邦嘉義,0,469,-469,,18.5
2026-07-08,9697,富邦虎尾,4000,0,4000,18.575,
2026-07-08,9800,元大,4000,5000,-1000,18.5,18.69
2026-07-08,980d,元大沙鹿,5000,20000,-15000,18.5,18.53
2026-07-08,981A,元大三峽,2,0,2,18.6,
2026-07-08,981F,元大福營,2000,0,2000,18.5,
2026-07-08,981G,元大彰化,5151,0,5151,18.5874,
2026-07-08,981R,元大竹山,2000,0,2000,18.5,
2026-07-08,981h,元大屏生,20000,0,20000,18.475,
2026-07-08,981p,元大松山,1000,0,1000,18.5,
2026-07-08,9834,元大中壢,0,30000,-30000,,18.45
2026-07-08,9854,元大興安,1000,0,1000,18.4,
2026-07-08,9867,元大民權,10000,0,10000,18.75,
2026-07-08,9875,元大永寧,3000,0,3000,18.45,
2026-07-08,987A,元大楊梅,1000,1000,0,18.85,18.65
2026-07-08,9889,元大員林,1000,0,1000,18.6,
2026-07-08,988C,元大三重,0,10000,-10000,,18.425
2026-07-08,9891,元大永和,112,120,-8,18.4978,18.4917
2026-07-08,989C,元大板橋,6010,0,6010,18.5335,
2026-07-08,989P,元大敦南,3000,0,3000,18.5667,
2026-07-08,989S,元大鹿港,30000,6000,24000,18.6,18.6333
2026-07-08,9A00,永豐金,9200,0,9200,18.4478,
2026-07-08,9A89,永豐敦北,75,0,75,18.7,
2026-07-08,9A92,永豐萬盛,0,1,-1,,18.45
2026-07-08,9A9A,永豐羅東,4000,0,4000,18.6125,
2026-07-08,9A9J,永豐板新,1000,1000,0,18.7,18.8
2026-07-08,9A9W,永豐市政,3114,0,3114,18.5142,
2026-07-08,9A9h,永豐台南,0,3000,-3000,,18.55
2026-07-08,9A9s,永豐彰化,1000,0,1000,18.5,
2026-07-08,9B16,台新台南,3000,0,3000,18.55,
2026-07-08,9B1h,台新台中,1000,0,1000,18.45,
2026-07-08,9B1n,台新屏東,1000,0,1000,18.55,
2026-07-08,9B22,台新新店,0,1000,-1000,,18.45
2026-07-08,9B25,台新五權,2000,0,2000,18.45,
2026-07-08,9B2H,台新信義,2000,0,2000,18.5,
2026-07-08,9B2a,台新松德,0,2,-2,,18.9
2026-07-08,9B2i,台新中港,1000,0,1000,18.5,
2026-07-08,9B2l,台新大裕,5000,0,5000,18.55,
2026-07-08,9B2m,台新成功,50,0,50,18.65,
2026-07-08,9B2w,台新佳里,1000,0,1000,18.6,
2026-07-08,9B2z,台新文心,250,0,250,18.6,
2026-07-09,1021,合庫台中,0,2000,-2000,,18.4
2026-07-09,1028,合庫彰化,1000,0,1000,18.3,
2026-07-09,1030,土銀,0,1000,-1000,,18.35
2026-07-09,1040,臺銀,0,1,-1,,18.3
2026-07-09,104A,臺銀臺中,0,10000,-10000,,18.3
2026-07-09,1261,宏遠民生,1000,0,1000,18.3,
2026-07-09,1440,美林,0,10000,-10000,,18.31
2026-07-09,1470,台灣摩根,7000,1000,6000,18.35,18.35
2026-07-09,1480,美商高盛,7096,2000,5096,18.3289,18.325
2026-07-09,1560,港商野村,0,2000,-2000,,18.375
2026-07-09,1650,瑞銀,0,15000,-15000,,18.3733
2026-07-09,2184,亞東新竹,1000,0,1000,18.3,
2026-07-09,5261,美好蘆洲,138,26,112,18.35,18.6
2026-07-09,5381,第一員林,2,0,2,18.2,
2026-07-09,5386,第一彰化,0,200,-200,,18.3
2026-07-09,538C,第一光復,1000,0,1000,18.35,
2026-07-09,538I,第一頭份,0,1,-1,,18.3
2026-07-09,6012,?亞網路,1000,0,1000,18.35,
2026-07-09,601d,?亞鑫豐,100,0,100,18.2,
2026-07-09,6110,台中銀,20000,10000,10000,18.325,18.35
2026-07-09,6160,中國信託,1000,0,1000,18.35,
2026-07-09,6165,中信託新,2000,0,2000,18.4,
2026-07-09,6210,新百王,3000,100,2900,18.3,18.45
2026-07-09,638A,光和嘉義,57,0,57,18.4,
2026-07-09,6461,大昌樹林,1000,0,1000,18.35,
2026-07-09,6950,福勝,0,2000,-2000,,18.3
2026-07-09,7003,兆豐台中,2,0,2,18.5,
2026-07-09,7005,兆豐中港,2000,0,2000,18.25,
2026-07-09,700B,兆豐板橋,2000,0,2000,18.325,
2026-07-09,700G,兆豐麻豆,152,0,152,18.2,
2026-07-09,700Z,兆豐高雄,1000,0,1000,18.3,
2026-07-09,700f,兆豐鹿港,18000,0,18000,18.3361,
2026-07-09,700g,兆豐南門,0,1,-1,,18.45
2026-07-09,700w,兆豐新莊,0,4000,-4000,,18.35
2026-07-09,7790,國票綜合,10,0,10,18.4,
2026-07-09,779X,國票中和,0,5000,-5000,,18.25
2026-07-09,8440,摩根大通,14000,16000,-2000,18.3679,18.3625
2026-07-09,845D,康和板橋,0,147,-147,,18.45
2026-07-09,8520,中農,2000,0,2000,18.35,
2026-07-09,8560,新光,4020,0,4020,18.3493,
2026-07-09,8561,新光台中,10000,2148,7852,18.315,18.3957
2026-07-09,8565,新光桃園,11,0,11,18.35,
2026-07-09,8846,玉山板橋,1151,0,1151,18.3131,
2026-07-09,884C,玉山信義,1000,0,1000,18.4,
2026-07-09,884F,玉山桃園,76,0,76,18.35,
2026-07-09,8885,國泰桃園,547,0,547,18.2645,
2026-07-09,8886,國泰新莊,28,2000,-1972,18.5929,18.3
2026-07-09,8888,國泰敦南,2253,26,2227,18.3102,18.4
2026-07-09,888A,國泰館前,6,0,6,18.4,
2026-07-09,888K,國泰板橋,1,0,1,18.5,
2026-07-09,9100,群益,0,3893,-3893,,18.2771
2026-07-09,9105,群益高盛,1,0,1,18.4,
2026-07-09,9135,群益東大,1000,4000,-3000,18.35,18.3625
2026-07-09,918D,群益東門,0,3000,-3000,,18.35
2026-07-09,918K,群益東湖,1,0,1,18.2,
2026-07-09,918g,群益大甲,57,0,57,18.35,
2026-07-09,918i,群益竹南,5000,0,5000,18.35,
2026-07-09,9200,凱基,0,2000,-2000,,18.325
2026-07-09,9205,凱基三重,300,300,0,18.25,18.35
2026-07-09,920D,凱基市府,1000,0,1000,18.3,
2026-07-09,920G,凱基彰化,0,6000,-6000,,18.3
2026-07-09,921C,凱基民權,30,0,30,18.45,
2026-07-09,921E,凱基三峽,0,100,-100,,18.35
2026-07-09,9226,凱基汐止,17,0,17,18.4,
2026-07-09,9236,凱基虎尾,2000,0,2000,18.35,
2026-07-09,9237,凱基敦北,1000,0,1000,18.35,
2026-07-09,9268,凱基台北,4000,67000,-63000,18.3125,18.3343
2026-07-09,9300,華南永昌,0,5000,-5000,,18.32
2026-07-09,9327,華南斗六,1000,0,1000,18.3,
2026-07-09,9329,華南朴子,229,0,229,18.4157,
2026-07-09,9608,富邦台東,100,0,100,18.2,
2026-07-09,961F,富邦公益,1000,0,1000,18.3,
2026-07-09,961H,富邦新板,0,1,-1,,18.6
2026-07-09,961R,富邦南員,2000,0,2000,18.25,
2026-07-09,9623,富邦台北,1,0,1,18.4,
2026-07-09,9624,富邦竹北,10000,0,10000,18.3,
2026-07-09,962C,富邦竹科,0,251,-251,,18.3906
2026-07-09,962D,富邦新莊,0,4000,-4000,,18.35
2026-07-09,9647,富邦新竹,1000,0,1000,18.35,
2026-07-09,965K,富邦台中,0,2000,-2000,,18.35
2026-07-09,9666,富邦南屯,1000,50,950,18.4,18.4
2026-07-09,9672,富邦員林,5000,0,5000,18.42,
2026-07-09,9692,富邦嘉義,0,150,-150,,18.3
2026-07-09,9697,富邦虎尾,2000,0,2000,18.35,
2026-07-09,9801,元大松江,3000,0,3000,18.35,
2026-07-09,980d,元大沙鹿,1000,0,1000,18.35,
2026-07-09,981C,元大路竹,0,2,-2,,18.35
2026-07-09,981L,元大莒光,0,1000,-1000,,18.4
2026-07-09,981R,元大竹山,2000,0,2000,18.4,
2026-07-09,981a,元大歸仁,0,3000,-3000,,18.4
2026-07-09,984E,元大南勢,2000,0,2000,18.35,
2026-07-09,9852,元大永春,1000,0,1000,18.3,
2026-07-09,9856,元大花蓮,1000,1000,0,18.35,18.35
2026-07-09,9858,元大龍潭,1000,0,1000,18.3,
2026-07-09,9862,元大南京,1000,0,1000,18.35,
2026-07-09,9863,元大和平,0,3000,-3000,,18.35
2026-07-09,9875,元大永寧,4000,0,4000,18.35,
2026-07-09,987A,元大楊梅,2000,0,2000,18.4155,
2026-07-09,988C,元大三重,0,5000,-5000,,18.35
2026-07-09,9891,元大永和,138,112,26,18.3826,18.3777
2026-07-09,9894,元大桃興,19000,0,19000,18.35,
2026-07-09,989B,元大中港,2000,0,2000,18.35,
2026-07-09,989C,元大板橋,9000,3002,5998,18.35,18.3
2026-07-09,989P,元大敦南,1000,0,1000,18.35,
2026-07-09,989S,元大鹿港,0,9000,-9000,,18.35
2026-07-09,989V,元大北重,22000,0,22000,18.3386,
2026-07-09,989Z,元大小港,2124,0,2124,18.3177,
2026-07-09,989g,元大嘉義,1000,0,1000,18.3,
2026-07-09,9A00,永豐金,3001,0,3001,18.35,
2026-07-09,9A89,永豐敦北,76,6000,-5924,18.45,18.35
2026-07-09,9A9A,永豐羅東,2000,0,2000,18.325,
2026-07-09,9A9J,永豐板新,0,5000,-5000,,18.35
2026-07-09,9A9W,永豐市政,2727,0,2727,18.3133,
2026-07-09,9A9c,永豐永康,60,0,60,18.45,
2026-07-09,9A9h,永豐台南,0,3000,-3000,,18.35
2026-07-09,9B1g,台新高雄,0,1,-1,,18.35
2026-07-09,9B1h,台新台中,1000,5000,-4000,18.3,18.3
2026-07-09,9B2i,台新中港,1000,0,1000,18.25,
2026-07-13,1020,合庫,0,1,-1,,18.95
2026-07-13,1022,合庫台南,0,2000,-2000,,19.05
2026-07-13,104A,臺銀臺中,0,2000,-2000,,18.75
2026-07-13,104C,臺銀高雄,3000,0,3000,18.9667,
2026-07-13,104D,臺銀金山,0,1,-1,,18.7
2026-07-13,1440,美林,10000,18000,-8000,18.85,18.8833
2026-07-13,1470,台灣摩根,14000,1000,13000,18.8464,18.8
2026-07-13,1480,美商高盛,13096,16262,-3166,18.8035,18.7958
2026-07-13,1560,港商野村,13000,2000,11000,18.8308,18.75
2026-07-13,1590,花旗環球,1000,0,1000,18.8,
2026-07-13,2184,亞東新竹,0,2000,-2000,,18.9
2026-07-13,5261,美好蘆洲,0,350,-350,,18.8394
2026-07-13,5385,第一桃園,0,1,-1,,18.85
2026-07-13,538I,第一頭份,0,1,-1,,18.85
2026-07-13,538j,第一安和,0,50,-50,,18.75
2026-07-13,5660,日進,1000,0,1000,18.95,
2026-07-13,5850,統一,1000,0,1000,18.9,
2026-07-13,6012,?亞網路,2000,0,2000,18.6,
2026-07-13,601d,?亞鑫豐,9000,0,9000,18.8,
2026-07-13,6160,中國信託,2,0,2,18.7,
2026-07-13,6161,中信三重,0,2000,-2000,,18.85
2026-07-13,616A,中信中壢,0,1,-1,,18.85
2026-07-13,6210,新百王,0,7000,-7000,,19.0
2026-07-13,6461,大昌樹林,0,2000,-2000,,18.825
2026-07-13,6464,大昌新店,0,20000,-20000,,18.9375
2026-07-13,7003,兆豐台中,0,1000,-1000,,18.85
2026-07-13,700C,兆豐來福,0,3000,-3000,,18.8333
2026-07-13,700P,兆豐南京,0,2000,-2000,,18.8
2026-07-13,700Z,兆豐高雄,0,2000,-2000,,18.725
2026-07-13,700f,兆豐鹿港,1000,2000,-1000,18.55,18.875
2026-07-13,700i,兆豐松德,1000,0,1000,18.8,
2026-07-13,7790,國票綜合,26,46,-20,18.8231,18.7
2026-07-13,779D,國票台南,0,10001,-10001,,18.9
2026-07-13,779J,國票北高,0,2,-2,,18.85
2026-07-13,779Z,國票安和,0,1000,-1000,,18.85
2026-07-13,779m,國票中港,22000,0,22000,18.8432,
2026-07-13,8440,摩根大通,71000,3000,68000,18.8155,18.8833
2026-07-13,845D,康和板橋,46,26,20,18.7,18.95
2026-07-13,8560,新光,0,3008,-3008,,18.8498
2026-07-13,8561,新光台中,15071,11000,4071,18.8031,18.8273
2026-07-13,8840,玉山,4000,0,4000,18.8375,
2026-07-13,8846,玉山板橋,0,1,-1,,18.8
2026-07-13,8882,國泰台中,0,10,-10,,18.8
2026-07-13,8883,國泰松江,5,1,4,18.9,19.0
2026-07-13,8888,國泰敦南,2129,3004,-875,18.9243,18.8999
2026-07-13,888A,國泰館前,0,6,-6,,18.75
2026-07-13,9131,群益民權,2000,2000,0,18.75,18.95
2026-07-13,913I,群益萬華,0,1,-1,,18.75
2026-07-13,913R,群益北高,2000,0,2000,18.8,
2026-07-13,9185,群益台南,0,5000,-5000,,18.8
2026-07-13,918E,群益南京,15000,0,15000,18.9,
2026-07-13,918K,群益東湖,1000,1000,0,18.8,18.8
2026-07-13,918e,群益大安,1000,0,1000,18.85,
2026-07-13,918i,群益竹南,0,15000,-15000,,19.0
2026-07-13,918z,群益宜蘭,2000,2000,0,18.65,18.7
2026-07-13,9200,凱基,1000,0,1000,18.85,
2026-07-13,920D,凱基市府,0,2000,-2000,,18.975
2026-07-13,920F,凱基站前,0,15000,-15000,,18.8033
2026-07-13,9215,凱基高美,0,20000,-20000,,18.85
2026-07-13,9218,凱基大直,0,1,-1,,18.7
2026-07-13,921S,凱基新莊,0,5000,-5000,,18.8
2026-07-13,9233,凱基長庚,0,1000,-1000,,18.9
2026-07-13,9234,凱基竹北,0,9000,-9000,,19.1
2026-07-13,9268,凱基台北,54000,51000,3000,18.85,18.8912
2026-07-13,9296,凱基頭份,0,1000,-1000,,18.85
2026-07-13,9326,華南南京,3000,0,3000,19.0,
2026-07-13,9600,富邦,1000,0,1000,18.8,
2026-07-13,9604,富邦陽明,550,1,549,18.7636,18.7
2026-07-13,9616,富邦岡山,0,1000,-1000,,18.8
2026-07-13,961F,富邦公益,0,2000,-2000,,18.85
2026-07-13,9627,富邦內湖,0,3000,-3000,,18.9667
2026-07-13,962A,富邦南港,3000,0,3000,18.8,
2026-07-13,962C,富邦竹科,0,109,-109,,18.75
2026-07-13,962E,富邦樹林,0,1000,-1000,,18.8
2026-07-13,962G,富邦斗六,0,1000,-1000,,18.9
2026-07-13,962P,富邦頭份,0,2000,-2000,,19.0
2026-07-13,965K,富邦台中,0,12000,-12000,,18.8333
2026-07-13,965U,富邦彰化,100,0,100,18.85,
2026-07-13,9661,富邦新店,0,2000,-2000,,19.0
2026-07-13,9665,富邦桃園,0,5000,-5000,,18.8
2026-07-13,9667,富邦台南,0,251,-251,,18.7504
2026-07-13,9672,富邦員林,0,3000,-3000,,18.8
2026-07-13,9676,富邦仁愛,2002,0,2002,18.9997,
2026-07-13,9692,富邦嘉義,50,0,50,19.0,
2026-07-13,969C,富邦北港,0,1000,-1000,,19.1
2026-07-13,9801,元大松江,0,3000,-3000,,18.85
2026-07-13,981C,元大路竹,0,5000,-5000,,18.85
2026-07-13,981a,元大歸仁,2000,0,2000,18.9,
2026-07-13,981h,元大屏生,0,20000,-20000,,18.875
2026-07-13,9825,元大新營,0,1000,-1000,,18.85
2026-07-13,983V,元大竹南,0,69,-69,,18.75
2026-07-13,983f,元大竹東,0,11000,-11000,,19.05
2026-07-13,984E,元大南勢,2000,2000,0,18.825,18.8
2026-07-13,9879,元大板三,1000,0,1000,18.65,
2026-07-13,987A,元大楊梅,2000,0,2000,19.025,
2026-07-13,9889,元大員林,0,3000,-3000,,18.95
2026-07-13,988C,元大三重,0,1000,-1000,,19.05
2026-07-13,9891,元大永和,0,38,-38,,18.75
2026-07-13,989A,元大北投,61001,0,61001,18.9852,
2026-07-13,989C,元大板橋,0,17000,-17000,,18.7676
2026-07-13,989G,元大大同,1000,0,1000,18.95,
2026-07-13,989L,元大成功,19000,0,19000,19.0,
2026-07-13,989V,元大北重,0,2000,-2000,,18.8
2026-07-13,989X,元大三民,0,2,-2,,18.75
2026-07-13,989g,元大嘉義,0,1000,-1000,,18.9
2026-07-13,9A00,永豐金,24160,23002,1158,18.8917,18.8
2026-07-13,9A61,永豐鳳山,0,1000,-1000,,18.65
2026-07-13,9A8F,永豐敦南,0,1000,-1000,,18.8
2026-07-13,9A92,永豐萬盛,26,0,26,18.95,
2026-07-13,9A9A,永豐羅東,0,6000,-6000,,18.7833
2026-07-13,9A9J,永豐板新,1000,1000,0,18.55,18.65
2026-07-13,9A9L,永豐台中,2,20,-18,18.7,18.75
2026-07-13,9A9W,永豐市政,0,1000,-1000,,19.0
2026-07-13,9A9s,永豐彰化,0,1000,-1000,,18.8
2026-07-13,9B00,台新證券,2000,0,2000,19.05,
2026-07-13,9B11,台新新營,0,1000,-1000,,18.8
2026-07-13,9B16,台新台南,0,3000,-3000,,18.55
2026-07-13,9B1g,台新高雄,0,1000,-1000,,18.8
2026-07-13,9B1y,台新中壢,0,1000,-1000,,18.8
2026-07-13,9B25,台新五權,4000,2000,2000,18.9625,18.9
2026-07-13,9B2H,台新信義,0,4000,-4000,,19.0
2026-07-13,9B2g,台新中原,0,2000,-2000,,18.85
2026-07-13,9B2i,台新中港,0,3000,-3000,,18.8167
2026-07-13,9B2l,台新大裕,5000,0,5000,18.75,
2026-07-14,1020,合庫,0,5000,-5000,,18.5
2026-07-14,1021,合庫台中,0,10000,-10000,,18.5
2026-07-14,1022,合庫台南,2000,2000,0,18.55,18.6
2026-07-14,1028,合庫彰化,1000,0,1000,18.5,
2026-07-14,102F,合庫西台,182,0,182,18.65,
2026-07-14,104A,臺銀臺中,1110,0,1110,18.6,
2026-07-14,104D,臺銀金山,0,3000,-3000,,18.55
2026-07-14,126U,宏遠館前,100,0,100,18.75,
2026-07-14,1440,美林,0,7000,-7000,,18.6
2026-07-14,1470,台灣摩根,7000,2000,5000,18.6071,18.625
2026-07-14,1480,美商高盛,30000,5000,25000,18.5717,18.59
2026-07-14,1560,港商野村,9000,0,9000,18.5611,
2026-07-14,1590,花旗環球,8000,0,8000,18.6375,
2026-07-14,1650,瑞銀,1000,0,1000,18.7,
2026-07-14,5261,美好蘆洲,0,300,-300,,18.75
2026-07-14,5386,第一彰化,0,76,-76,,18.75
2026-07-14,538C,第一光復,0,56000,-56000,,18.5527
2026-07-14,538I,第一頭份,0,1,-1,,18.65
2026-07-14,5850,統一,8000,6000,2000,18.5938,18.55
2026-07-14,6160,中國信託,2000,0,2000,18.55,
2026-07-14,6161,中信三重,8,0,8,18.7,
2026-07-14,6210,新百王,3000,1000,2000,18.55,18.55
2026-07-14,6461,大昌樹林,2000,0,2000,18.55,
2026-07-14,6620,口袋,0,100,-100,,18.65
2026-07-14,700B,兆豐板橋,1000,0,1000,18.5,
2026-07-14,700f,兆豐鹿港,0,6000,-6000,,18.5583
2026-07-14,7790,國票綜合,0,956,-956,,18.6028
2026-07-14,779m,國票中港,6000,0,6000,18.675,
2026-07-14,8440,摩根大通,44000,30000,14000,18.575,18.6233
2026-07-14,845D,康和板橋,818,361,457,18.6,18.75
2026-07-14,8560,新光,450,0,450,18.75,
2026-07-14,8561,新光台中,0,3000,-3000,,18.6
2026-07-14,884J,玉山大里,5001,0,5001,18.5,
2026-07-14,8882,國泰台中,0,1,-1,,18.75
2026-07-14,8886,國泰新莊,10,0,10,18.6,
2026-07-14,8888,國泰敦南,253,1000,-747,18.75,18.55
2026-07-14,888A,國泰館前,1000,0,1000,18.6,
2026-07-14,9131,群益民權,2000,1000,1000,18.55,18.7
2026-07-14,9135,群益東大,1000,1000,0,18.6,18.65
2026-07-14,913R,群益北高,1,0,1,18.75,
2026-07-14,9185,群益台南,0,2000,-2000,,18.55
2026-07-14,9187,群益彰化,1,0,1,18.75,
2026-07-14,918i,群益竹南,0,10000,-10000,,18.6
2026-07-14,9200,凱基,1000,0,1000,18.6,
2026-07-14,920H,凱基基隆,0,6000,-6000,,18.625
2026-07-14,9215,凱基高美,20000,0,20000,18.55,
2026-07-14,9236,凱基虎尾,0,10,-10,,18.65
2026-07-14,9268,凱基台北,25000,21000,4000,18.566,18.6286
2026-07-14,9300,華南永昌,1000,0,1000,18.55,
2026-07-14,9306,華南台南,3000,0,3000,18.7,
2026-07-14,9307,華南大安,0,9000,-9000,,18.55
2026-07-14,9337,華南內壢,0,25000,-25000,,18.6
2026-07-14,961F,富邦公益,1,0,1,18.75,
2026-07-14,961N,富邦青埔,1,0,1,18.75,
2026-07-14,961R,富邦南員,0,2000,-2000,,18.5
2026-07-14,961Z,富邦永康,0,2000,-2000,,18.575
2026-07-14,9621,富邦花蓮,0,2000,-2000,,18.55
2026-07-14,9623,富邦台北,25000,3000,22000,18.64,18.55
2026-07-14,9627,富邦內湖,2000,0,2000,18.625,
2026-07-14,962A,富邦南港,1000,0,1000,18.65,
2026-07-14,9658,富邦建國,0,1000,-1000,,18.5
2026-07-14,965K,富邦台中,5000,16000,-11000,18.6,18.5656
2026-07-14,965U,富邦彰化,0,1000,-1000,,18.6
2026-07-14,9661,富邦新店,0,2000,-2000,,18.65
2026-07-14,9672,富邦員林,9000,0,9000,18.5889,
2026-07-14,9676,富邦仁愛,0,2000,-2000,,18.7
2026-07-14,9677,富邦三重,1000,0,1000,18.55,
2026-07-14,9692,富邦嘉義,0,50,-50,,18.65
2026-07-14,9697,富邦虎尾,0,1000,-1000,,18.6
2026-07-14,9800,元大,5000,3000,2000,18.61,18.8333
2026-07-14,9801,元大松江,0,9000,-9000,,18.4889
2026-07-14,9812,元大台中,0,1,-1,,18.75
2026-07-14,981C,元大路竹,8000,8000,0,18.6,18.6312
2026-07-14,981G,元大彰化,0,1050,-1050,,18.6071
2026-07-14,981I,元大天母,1000,0,1000,18.5,
2026-07-14,981a,元大歸仁,0,2000,-2000,,18.55
2026-07-14,982B,元大博愛,0,8,-8,,18.7
2026-07-14,9853,元大南屯,0,3000,-3000,,18.55
2026-07-14,9857,元大蘆洲,0,1001,-1001,,18.6501
2026-07-14,9858,元大龍潭,1000,0,1000,18.55,
2026-07-14,985C,元大鳳中,0,5000,-5000,,18.55
2026-07-14,9875,元大永寧,3000,0,3000,18.55,
2026-07-14,987A,元大楊梅,2000,0,2000,18.575,
2026-07-14,989C,元大板橋,10000,0,10000,18.575,
2026-07-14,989I,元大蘆中,0,1,-1,,18.65
2026-07-14,989S,元大鹿港,1000,0,1000,18.5,
2026-07-14,989V,元大北重,0,4000,-4000,,18.6
2026-07-14,9A00,永豐金,17000,11000,6000,18.6,18.6091
2026-07-14,9A9D,永豐忠孝,1000,0,1000,18.65,
2026-07-14,9A9J,永豐板新,1000,1000,0,18.65,18.95
2026-07-14,9A9L,永豐台中,0,20,-20,,18.65
2026-07-14,9A9h,永豐台南,0,5000,-5000,,18.7
2026-07-14,9B00,台新證券,0,1000,-1000,,18.55
2026-07-14,9B1h,台新台中,12000,0,12000,18.6,
2026-07-14,9B25,台新五權,0,2000,-2000,,18.525
2026-07-14,9B2D,台新大昌,7000,0,7000,18.5714,
2026-07-14,9B2g,台新中原,0,1000,-1000,,18.55
2026-07-14,9B2i,台新中港,2000,2000,0,18.625,18.6
2026-07-14,9B2l,台新大裕,5000,0,5000,18.5,
2026-07-15,104D,臺銀金山,100,1000,-900,18.95,18.7
2026-07-15,1440,美林,10000,12000,-2000,18.72,18.7833
2026-07-15,1470,台灣摩根,9000,1000,8000,18.75,18.85
2026-07-15,1480,美商高盛,18000,5000,13000,18.7389,18.71
2026-07-15,1590,花旗環球,9000,0,9000,18.8,
2026-07-15,1650,瑞銀,0,13000,-13000,,18.7115
2026-07-15,2187,亞東台中,0,68,-68,,18.7
2026-07-15,5382,第一台中,0,39000,-39000,,18.7308
2026-07-15,5389,第一中山,10000,0,10000,18.8,
2026-07-15,538I,第一頭份,0,1,-1,,18.75
2026-07-15,601d,?亞鑫豐,0,2,-2,,18.825
2026-07-15,6114,中銀員林,8000,0,8000,18.8,
2026-07-15,6160,中國信託,0,1,-1,,18.95
2026-07-15,6210,新百王,0,3000,-3000,,18.85
2026-07-15,6620,口袋,1,0,1,18.95,
2026-07-15,700C,兆豐來福,3000,0,3000,18.7667,
2026-07-15,700J,兆豐公益,6000,0,6000,18.85,
2026-07-15,700K,兆豐新營,0,1000,-1000,,18.8
2026-07-15,8440,摩根大通,18000,8000,10000,18.775,18.8
2026-07-15,845D,康和板橋,2,101,-99,18.75,18.95
2026-07-15,8520,中農,10000,0,10000,18.7,
2026-07-15,8561,新光台中,5000,6000,-1000,18.65,18.7667
2026-07-15,8840,玉山,0,1,-1,,18.7
2026-07-15,884F,玉山桃園,0,77,-77,,18.8487
2026-07-15,8882,國泰台中,0,3000,-3000,,18.7
2026-07-15,8883,國泰松江,0,2,-2,,19.0
2026-07-15,8886,國泰新莊,1,0,1,18.95,
2026-07-15,8888,國泰敦南,52,0,52,18.85,
2026-07-15,888A,國泰館前,0,6,-6,,18.75
2026-07-15,888K,國泰板橋,1,0,1,18.95,
2026-07-15,9131,群益民權,1000,3000,-2000,18.65,18.8333
2026-07-15,9215,凱基高美,10000,10000,0,18.7,18.8
2026-07-15,9268,凱基台北,22000,33000,-11000,18.7318,18.7621
2026-07-15,9302,華南台中,0,3000,-3000,,18.7
2026-07-15,9307,華南大安,0,10,-10,,18.7
2026-07-15,9319,華南鶯歌,10000,0,10000,18.6,
2026-07-15,9608,富邦台東,0,101,-101,,18.851
2026-07-15,961K,富邦七賢,2000,0,2000,18.7,
2026-07-15,9627,富邦內湖,0,1000,-1000,,18.85
2026-07-15,965K,富邦台中,5000,0,5000,18.8,
2026-07-15,9676,富邦仁愛,0,1000,-1000,,18.75
2026-07-15,9800,元大,10000,1000,9000,18.815,18.7
2026-07-15,9812,元大台中,273,0,273,18.7,
2026-07-15,981R,元大竹山,0,194,-194,,18.7
2026-07-15,9834,元大中壢,0,1,-1,,18.95
2026-07-15,9835,元大中山,0,8000,-8000,,18.7
2026-07-15,9874,元大雙和,50,0,50,18.85,
2026-07-15,9888,元大鑫永,0,5000,-5000,,18.75
2026-07-15,988C,元大三重,1,0,1,18.9,
2026-07-15,9896,元大台南,82,0,82,18.8427,
2026-07-15,989C,元大板橋,0,15000,-15000,,18.6167
2026-07-15,9A91,永豐松山,1000,0,1000,18.75,
2026-07-15,9A9J,永豐板新,1,0,1,19.0,
2026-07-15,9A9h,永豐台南,0,10000,-10000,,18.8
2026-07-15,9B1h,台新台中,1,0,1,19.0,
2026-07-15,9B1n,台新屏東,0,1000,-1000,,18.8
2026-07-15,9B25,台新五權,2000,0,2000,18.825,
2026-07-15,9B2B,台新永和,0,1000,-1000,,18.75
2026-07-15,9B2l,台新大裕,20000,5000,15000,18.7125,18.7
2026-07-16,104A,臺銀臺中,12000,12000,0,18.875,18.7625
2026-07-16,111E,企銀桃園,0,1,-1,,18.65
2026-07-16,1440,美林,1000,21000,-20000,18.95,18.7952
2026-07-16,1470,台灣摩根,7000,2000,5000,18.8214,18.9
2026-07-16,1480,美商高盛,9000,0,9000,18.8722,
2026-07-16,1590,花旗環球,1000,0,1000,18.85,
2026-07-16,5261,美好蘆洲,1,0,1,18.65,
2026-07-16,585Y,統一土城,10000,0,10000,18.85,
2026-07-16,601d,?亞鑫豐,0,5031,-5031,,19.0006
2026-07-16,6210,新百王,4000,1000,3000,18.75,18.75
2026-07-16,6464,大昌新店,0,53,-53,,19.0
2026-07-16,7005,兆豐中港,0,1,-1,,18.8
2026-07-16,700f,兆豐鹿港,1000,0,1000,18.75,
2026-07-16,7790,國票綜合,3,1,2,18.8,18.6
2026-07-16,779m,國票中港,6000,0,6000,18.95,
2026-07-16,8440,摩根大通,1000,4000,-3000,18.75,18.7875
2026-07-16,845D,康和板橋,0,448,-448,,18.8494
2026-07-16,8561,新光台中,1000,2000,-1000,18.8,18.9
2026-07-16,8847,玉山台南,899,0,899,18.85,
2026-07-16,884C,玉山信義,0,1,-1,,19.0
2026-07-16,884M,玉山數位,0,1,-1,,18.85
2026-07-16,8882,國泰台中,0,1000,-1000,,18.75
2026-07-16,8883,國泰松江,0,2,-2,,19.0
2026-07-16,8888,國泰敦南,81,1001,-920,18.9426,18.8002
2026-07-16,888A,國泰館前,0,6,-6,,18.6
2026-07-16,9185,群益台南,4000,0,4000,18.8,
2026-07-16,918g,群益大甲,1,0,1,19.0,
2026-07-16,918i,群益竹南,4000,0,4000,18.7,
2026-07-16,9200,凱基,1000,0,1000,18.85,
2026-07-16,9215,凱基高美,0,10000,-10000,,18.9
2026-07-16,9218,凱基大直,0,2000,-2000,,18.75
2026-07-16,9266,凱基新豐,0,1,-1,,19.0
2026-07-16,9268,凱基台北,14000,14000,0,18.8321,18.8393
2026-07-16,9604,富邦陽明,0,55,-55,,18.8
2026-07-16,961H,富邦新板,0,1,-1,,18.5
2026-07-16,961R,富邦南員,2000,1000,1000,18.725,18.85
2026-07-16,9627,富邦內湖,0,1000,-1000,,18.95
2026-07-16,962C,富邦竹科,3008,0,3008,18.7994,
2026-07-16,9654,富邦永和,0,10,-10,,18.55
2026-07-16,965U,富邦彰化,0,2000,-2000,,18.75
2026-07-16,9676,富邦仁愛,2,2,0,18.8,18.95
2026-07-16,9692,富邦嘉義,0,67,-67,,18.55
2026-07-16,9800,元大,4000,0,4000,18.85,
2026-07-16,9801,元大松江,1000,0,1000,18.75,
2026-07-16,980C,元大斗六,0,2000,-2000,,18.85
2026-07-16,980D,元大北府,2000,0,2000,18.75,
2026-07-16,981F,元大福營,53,9000,-8947,19.0,18.8333
2026-07-16,983Z,元大鳳山,0,1000,-1000,,18.9
2026-07-16,984K,元大館前,0,1500,-1500,,18.85
2026-07-16,9863,元大和平,0,2000,-2000,,18.7
2026-07-16,9874,元大雙和,50,0,50,18.8,
2026-07-16,9892,元大屏東,1,0,1,18.8,
2026-07-16,989N,元大內湖,77,0,77,18.55,
2026-07-16,989S,元大鹿港,4000,0,4000,18.9875,
2026-07-16,989U,元大大甲,2,0,2,19.0,
2026-07-16,989W,元大站前,2000,0,2000,18.8,
2026-07-16,9A00,永豐金,1000,0,1000,18.8,
2026-07-16,9A61,永豐鳳山,1000,0,1000,18.75,
2026-07-16,9A9A,永豐羅東,2,0,2,19.0,
2026-07-16,9A9J,永豐板新,1000,1000,0,18.75,18.85
2026-07-16,9A9h,永豐台南,0,5000,-5000,,18.9
2026-07-16,9A9s,永豐彰化,2,0,2,18.95,
2026-07-16,9B16,台新台南,0,1000,-1000,,18.75
2026-07-16,9B25,台新五權,0,4000,-4000,,18.8
2026-07-16,9B2M,台新彰化,2000,0,2000,18.8,
2026-07-16,9B2N,台新虎尾,0,1000,-1000,,18.85
2026-07-16,9B2W,台新吉利,3000,0,3000,18.7667,
2026-07-16,9B2l,台新大裕,5000,0,5000,18.75,
2026-07-16,9B2m,台新成功,0,1000,-1000,,18.95
2026-07-17,1021,合庫台中,0,20000,-20000,,18.4
2026-07-17,1022,合庫台南,2000,0,2000,18.55,
2026-07-17,1028,合庫彰化,1000,0,1000,18.55,
2026-07-17,102A,合庫新竹,301,0,301,18.6,
2026-07-17,104A,臺銀臺中,2000,110,1890,18.525,18.575
2026-07-17,1118,企銀豐原,25000,0,25000,18.4,
2026-07-17,1261,宏遠民生,4000,0,4000,18.525,
2026-07-17,1440,美林,1000,9000,-8000,18.45,18.5167
2026-07-17,1470,台灣摩根,20000,8000,12000,18.4475,18.5125
2026-07-17,1480,美商高盛,23000,2000,21000,18.4935,18.5
2026-07-17,1560,港商野村,0,9000,-9000,,18.5111
2026-07-17,1590,花旗環球,8000,0,8000,18.4438,
2026-07-17,1650,瑞銀,1000,25000,-24000,18.45,18.574
2026-07-17,538C,第一光復,1000,0,1000,18.35,
2026-07-17,5856,統一台中,2000,0,2000,18.5,
2026-07-17,5858,統一嘉義,1000,0,1000,18.5,
2026-07-17,6160,中國信託,1000,0,1000,18.45,
2026-07-17,6210,新百王,3000,1000,2000,18.4,18.7
2026-07-17,6620,口袋,0,86,-86,,18.6
2026-07-17,700B,兆豐板橋,2000,0,2000,18.4,
2026-07-17,700C,兆豐來福,2000,0,2000,18.375,
2026-07-17,700G,兆豐麻豆,72,0,72,18.55,
2026-07-17,700W,兆豐城中,7000,0,7000,18.4286,
2026-07-17,700d,兆豐彰化,2000,0,2000,18.4,
2026-07-17,700f,兆豐鹿港,18000,3000,15000,18.4861,18.4
2026-07-17,7790,國票綜合,0,3,-3,,18.75
2026-07-17,779m,國票中港,10000,0,10000,18.45,
2026-07-17,779v,國票台中,1000,0,1000,18.5,
2026-07-17,8440,摩根大通,17000,50000,-33000,18.4882,18.422
2026-07-17,845D,康和板橋,0,316,-316,,18.5973
2026-07-17,8520,中農,0,10000,-10000,,18.55
2026-07-17,8561,新光台中,2000,4000,-2000,18.5,18.625
2026-07-17,8565,新光桃園,20,0,20,18.6,
2026-07-17,8843,玉山高雄,0,1,-1,,18.5
2026-07-17,8847,玉山台南,1001,0,1001,18.6499,
2026-07-17,8885,國泰桃園,0,1,-1,,18.75
2026-07-17,8886,國泰新莊,1001,13000,-11999,18.6999,18.4115
2026-07-17,8888,國泰敦南,1051,101,950,18.4574,18.501
2026-07-17,888K,國泰板橋,1,1000,-999,18.75,18.4
2026-07-17,9100,群益,1000,0,1000,18.4,
2026-07-17,9131,群益民權,2000,0,2000,18.5,
2026-07-17,9183,群益高雄,10000,10000,0,18.575,18.4
2026-07-17,9185,群益台南,4000,0,4000,18.55,
2026-07-17,918J,群益永和,1000,0,1000,18.35,
2026-07-17,918L,群益建成,10000,0,10000,18.55,
2026-07-17,918e,群益大安,0,1000,-1000,,18.45
2026-07-17,918i,群益竹南,6000,6000,0,18.6,18.4
2026-07-17,920D,凱基市府,4000,0,4000,18.4,
2026-07-17,920H,凱基基隆,0,3500,-3500,,18.4658
2026-07-17,9215,凱基高美,10000,18000,-8000,18.4,18.4222
2026-07-17,921C,凱基民權,1,0,1,18.6,
2026-07-17,9234,凱基竹北,0,11000,-11000,,18.5045
2026-07-17,9268,凱基台北,14000,51000,-37000,18.5214,18.5206
2026-07-17,9300,華南永昌,0,5000,-5000,,18.7
2026-07-17,961M,富邦木柵,20000,0,20000,18.475,
2026-07-17,961R,富邦南員,4000,1000,3000,18.55,18.5
2026-07-17,961Z,富邦永康,0,1000,-1000,,18.35
2026-07-17,9623,富邦台北,10000,0,10000,18.475,
2026-07-17,9627,富邦內湖,1000,0,1000,18.45,
2026-07-17,962C,富邦竹科,2000,0,2000,18.45,
2026-07-17,9658,富邦建國,1000,29000,-28000,18.4,18.45
2026-07-17,965K,富邦台中,0,12000,-12000,,18.4875
2026-07-17,9672,富邦員林,1000,0,1000,18.45,
2026-07-17,9686,富邦宜蘭,2000,0,2000,18.5,
2026-07-17,9697,富邦虎尾,0,5000,-5000,,18.4
2026-07-17,9801,元大松江,1000,0,1000,18.6,
2026-07-17,980D,元大北府,2000,0,2000,18.45,
2026-07-17,980K,元大竹科,30,0,30,18.65,
2026-07-17,9817,元大東泰,0,100,-100,,18.5
2026-07-17,981E,元大發財,1,0,1,18.6,
2026-07-17,981U,元大華山,0,2000,-2000,,18.6
2026-07-17,981g,元大大里,1,1000,-999,18.6,18.55
2026-07-17,9831,元大四維,0,4000,-4000,,18.4
2026-07-17,9833,元大敦化,10000,1000,9000,18.675,18.4
2026-07-17,9838,元大豐原,0,1,-1,,18.55
2026-07-17,983B,元大林森,1,0,1,18.6,
2026-07-17,983W,元大德芳,0,5000,-5000,,18.7
2026-07-17,984E,元大南勢,3000,0,3000,18.5,
2026-07-17,984H,元大景美,2000,0,2000,18.4,
2026-07-17,9858,元大龍潭,1000,0,1000,18.55,
2026-07-17,985C,元大鳳中,6000,0,6000,18.55,
2026-07-17,9872,元大復北,0,2000,-2000,,18.45
2026-07-17,9874,元大雙和,100,0,100,18.55,
2026-07-17,9875,元大永寧,2000,0,2000,18.45,
2026-07-17,987A,元大楊梅,5000,0,5000,18.4,
2026-07-17,9889,元大員林,2,0,2,18.6,
2026-07-17,988C,元大三重,2,0,2,18.625,
2026-07-17,9894,元大桃興,6000,0,6000,18.4333,
2026-07-17,989C,元大板橋,5000,0,5000,18.45,
2026-07-17,989G,元大大同,1,0,1,18.75,
2026-07-17,989S,元大鹿港,4000,0,4000,18.65,
2026-07-17,989W,元大站前,50,0,50,18.6,
2026-07-17,989f,元大東港,7,0,7,18.6,
2026-07-17,9A00,永豐金,8000,5000,3000,18.4,18.45
2026-07-17,9A91,永豐松山,2000,0,2000,18.425,
2026-07-17,9A9X,永豐竹科,201,0,201,18.5,
2026-07-17,9B00,台新證券,1,2000,-1999,18.6,18.55
2026-07-17,9B1h,台新台中,1001,1000,1,18.4001,18.4
2026-07-17,9B2U,台新宜蘭,7000,0,7000,18.35,
2026-07-17,9B2a,台新松德,322,0,322,18.55,
2026-07-17,9B2i,台新中港,1000,4000,-3000,18.55,18.4375
2026-07-17,9B2l,台新大裕,10000,3000,7000,18.45,18.35
2026-07-17,9B2m,台新成功,50,0,50,18.6,
2026-07-17,9B2z,台新文心,1,0,1,18.75,
2026-07-20,1022,合庫台南,0,2000,-2000,,18.8
2026-07-20,1028,合庫彰化,9000,0,9000,18.75,
2026-07-20,104A,臺銀臺中,20000,0,20000,18.8,
2026-07-20,104D,臺銀金山,0,3000,-3000,,18.7
2026-07-20,1118,企銀豐原,0,20000,-20000,,18.8425
2026-07-20,1440,美林,21000,3000,18000,18.7976,18.8333
2026-07-20,1470,台灣摩根,48000,11000,37000,18.8698,18.6773
2026-07-20,1480,美商高盛,32000,3170,28830,18.7609,18.5872
2026-07-20,1560,港商野村,8000,0,8000,18.85,
2026-07-20,1590,花旗環球,4000,0,4000,18.65,
2026-07-20,1650,瑞銀,12000,22000,-10000,18.825,18.7614
2026-07-20,5382,第一台中,0,5000,-5000,,18.95
2026-07-20,538C,第一光復,4000,1000,3000,18.8,18.65
2026-07-20,538P,第一路竹,1000,0,1000,18.95,
2026-07-20,5856,統一台中,0,1000,-1000,,18.9
2026-07-20,601d,?亞鑫豐,0,100,-100,,18.8
2026-07-20,6164,中信託文,5000,0,5000,18.8,
2026-07-20,6210,新百王,0,10000,-10000,,18.75
2026-07-20,6461,大昌樹林,0,1000,-1000,,18.8
2026-07-20,700M,兆豐桃園,0,1,-1,,18.95
2026-07-20,700R,兆豐小港,0,1000,-1000,,18.7
2026-07-20,700W,兆豐城中,0,5000,-5000,,18.75
2026-07-20,700d,兆豐彰化,0,2000,-2000,,18.9
2026-07-20,700f,兆豐鹿港,0,13435,-13435,,18.8718
2026-07-20,7790,國票綜合,1,0,1,18.65,
2026-07-20,779Z,國票安和,99,0,99,18.8,
2026-07-20,779n,國票南京,0,1000,-1000,,18.75
2026-07-20,779v,國票台中,1000,2000,-1000,18.5,18.75
2026-07-20,8440,摩根大通,23000,18000,5000,18.6935,18.6028
2026-07-20,845D,康和板橋,0,1,-1,,19.0
2026-07-20,8520,中農,0,1000,-1000,,18.95
2026-07-20,8561,新光台中,0,10000,-10000,,18.845
2026-07-20,8563,新光新竹,2,0,2,18.95,
2026-07-20,8564,新光台南,1,0,1,19.0,
2026-07-20,8565,新光桃園,1,0,1,18.8,
2026-07-20,8584,聯邦雙和,1,0,1,18.6,
2026-07-20,8840,玉山,0,5000,-5000,,18.8
2026-07-20,884C,玉山信義,1,0,1,19.0,
2026-07-20,8882,國泰台中,0,3000,-3000,,18.8
2026-07-20,8888,國泰敦南,177,2003,-1826,18.9698,18.7999
2026-07-20,888A,國泰館前,4,0,4,19.0,
2026-07-20,888K,國泰板橋,2000,0,2000,18.7,
2026-07-20,9131,群益民權,0,4000,-4000,,18.8
2026-07-20,9136,群益西松,250,0,250,18.95,
2026-07-20,913U,群益崇德,0,11000,-11000,,18.8273
2026-07-20,913Y,群益館前,2,0,2,18.8,
2026-07-20,9183,群益高雄,0,10000,-10000,,18.55
2026-07-20,918G,群益新莊,1,0,1,18.8,
2026-07-20,918W,群益忠孝,0,1000,-1000,,18.85
2026-07-20,918i,群益竹南,0,9000,-9000,,18.7333
2026-07-20,9200,凱基,1000,0,1000,18.7,
2026-07-20,920D,凱基市府,0,5000,-5000,,18.85
2026-07-20,9215,凱基高美,0,57000,-57000,,18.814
2026-07-20,921C,凱基民權,1,0,1,18.65,
2026-07-20,9226,凱基汐止,0,5,-5,,19.0
2026-07-20,9238,凱基士林,0,2000,-2000,,18.9
2026-07-20,9252,凱基嘉義,0,10000,-10000,,18.9
2026-07-20,9268,凱基台北,102000,20000,82000,18.8495,18.5875
2026-07-20,9274,凱基鳳山,0,1000,-1000,,18.75
2026-07-20,9300,華南永昌,0,5000,-5000,,18.75
2026-07-20,9302,華南台中,1000,0,1000,18.55,
2026-07-20,9363,華南彰化,0,250,-250,,18.75
2026-07-20,9386,華南東昇,0,2000,-2000,,18.95
2026-07-20,9604,富邦陽明,0,1,-1,,18.65
2026-07-20,961C,富邦南京,0,5000,-5000,,18.6
2026-07-20,961H,富邦新板,0,2000,-2000,,18.8
2026-07-20,961P,富邦和美,1000,0,1000,18.85,
2026-07-20,961R,富邦南員,3000,6000,-3000,18.8333,18.8667
2026-07-20,961Y,富邦屏東,0,1000,-1000,,18.95
2026-07-20,9627,富邦內湖,0,2000,-2000,,18.95
2026-07-20,962C,富邦竹科,0,8,-8,,19.0
2026-07-20,962P,富邦頭份,0,23000,-23000,,18.8435
2026-07-20,965K,富邦台中,0,10000,-10000,,18.81
2026-07-20,9661,富邦新店,0,2000,-2000,,18.7
2026-07-20,9665,富邦桃園,0,5440,-5440,,18.796
2026-07-20,9692,富邦嘉義,1,0,1,19.45,
2026-07-20,9800,元大,5000,4000,1000,18.76,18.8625
2026-07-20,981F,元大福營,25000,9000,16000,18.79,18.8333
2026-07-20,981G,元大彰化,200,284,-84,18.95,18.75
2026-07-20,981Q,元大太平,1,0,1,19.0,
2026-07-20,981g,元大大里,0,3000,-3000,,18.75
2026-07-20,9831,元大四維,0,1,-1,,18.8
2026-07-20,9833,元大敦化,8000,2000,6000,18.95,18.8
2026-07-20,983W,元大德芳,0,4000,-4000,,18.75
2026-07-20,9857,元大蘆洲,0,1000,-1000,,18.8
2026-07-20,9872,元大復北,0,2000,-2000,,18.85
2026-07-20,9874,元大雙和,0,1000,-1000,,18.75
2026-07-20,9878,元大金華,0,2000,-2000,,18.8
2026-07-20,987A,元大楊梅,1000,0,1000,18.85,
2026-07-20,9894,元大桃興,0,40000,-40000,,18.5875
2026-07-20,989E,元大草屯,10000,0,10000,18.75,
2026-07-20,989N,元大內湖,0,5000,-5000,,18.8
2026-07-20,989S,元大鹿港,4000,24000,-20000,18.8,18.8583
2026-07-20,989V,元大北重,0,3,-3,,19.45
2026-07-20,989f,元大東港,30,0,30,18.95,
2026-07-20,9A00,永豐金,2000,3020,-1020,18.575,18.8179
2026-07-20,9A61,永豐鳳山,0,3000,-3000,,18.9333
2026-07-20,9A8F,永豐敦南,1,0,1,18.8,
2026-07-20,9A9A,永豐羅東,0,1000,-1000,,18.7
2026-07-20,9A9L,永豐台中,1,10,-9,18.8,19.0
2026-07-20,9A9d,永豐古亭,1,0,1,19.0,
2026-07-20,9A9h,永豐台南,0,20000,-20000,,18.85
2026-07-20,9B1h,台新台中,1002,0,1002,18.9996,
2026-07-20,9B20,台新台北,118000,0,118000,18.6297,
2026-07-20,9B25,台新五權,5000,0,5000,18.82,
2026-07-20,9B2U,台新宜蘭,0,4000,-4000,,18.65
2026-07-20,9B2a,台新松德,7224,20,7204,18.8279,18.94
2026-07-20,9B2i,台新中港,0,11000,-11000,,18.65
2026-07-20,9B2l,台新大裕,0,6000,-6000,,18.8417
2026-07-20,9B2z,台新文心,0,250,-250,,18.6006
2026-07-21,1022,合庫台南,0,8000,-8000,,19.325
2026-07-21,1024,合庫嘉義,0,1000,-1000,,19.5
2026-07-21,1028,合庫彰化,600,0,600,19.4,
2026-07-21,1043,臺銀民權,0,415,-415,,19.3249
2026-07-21,104A,臺銀臺中,0,2000,-2000,,19.25
2026-07-21,104C,臺銀高雄,0,3000,-3000,,19.5
2026-07-21,1118,企銀豐原,0,5000,-5000,,18.9
2026-07-21,1440,美林,7000,6000,1000,18.95,19.3333
2026-07-21,1470,台灣摩根,42000,5000,37000,19.4048,19.34
2026-07-21,1480,美商高盛,25300,0,25300,19.4443,
2026-07-21,1560,港商野村,11000,0,11000,19.1318,
2026-07-21,1650,瑞銀,0,8000,-8000,,19.4312
2026-07-21,5261,美好蘆洲,0,101,-101,,19.0
2026-07-21,526A,美好中和,0,2,-2,,19.5
2026-07-21,526K,美好富順,1000,1000,0,19.15,19.35
2026-07-21,5382,第一台中,0,6000,-6000,,18.9
2026-07-21,5389,第一中山,2000,0,2000,19.45,
2026-07-21,538C,第一光復,4000,0,4000,19.4,
2026-07-21,5850,統一,4000,0,4000,19.3375,
2026-07-21,5854,統一城中,0,1000,-1000,,19.35
2026-07-21,585B,統一永和,0,2000,-2000,,19.4
2026-07-21,585J,統一三重,1000,0,1000,19.45,
2026-07-21,585Y,統一土城,0,10000,-10000,,19.45
2026-07-21,601d,?亞鑫豐,3000,7168,-4168,19.4,19.2535
2026-07-21,6110,台中銀,0,5000,-5000,,19.45
2026-07-21,6165,中信託新,0,3000,-3000,,19.4
2026-07-21,6167,中信松江,2000,0,2000,19.4,
2026-07-21,616A,中信中壢,1,0,1,18.95,
2026-07-21,6381,光和溪湖,1000,0,1000,19.0,
2026-07-21,6460,大昌,0,1000,-1000,,19.35
2026-07-21,6464,大昌新店,0,10000,-10000,,19.5
2026-07-21,6620,口袋,1,0,1,18.8,
2026-07-21,6913,德信新營,0,2000,-2000,,19.5
2026-07-21,7007,兆豐竹北,0,5000,-5000,,19.5
2026-07-21,700B,兆豐板橋,0,1000,-1000,,19.0
2026-07-21,700G,兆豐麻豆,0,1172,-1172,,19.4
2026-07-21,700J,兆豐公益,47000,0,47000,19.4702,
2026-07-21,700a,兆豐忠孝,0,3000,-3000,,19.4
2026-07-21,700f,兆豐鹿港,0,8245,-8245,,19.3745
2026-07-21,700g,兆豐南門,1000,0,1000,19.45,
2026-07-21,700r,兆豐寶成,0,1000,-1000,,19.4
2026-07-21,7790,國票綜合,1,6000,-5999,19.0,19.4083
2026-07-21,7795,國票南港,0,1000,-1000,,19.45
2026-07-21,779D,國票台南,0,15000,-15000,,19.2667
2026-07-21,779V,國票天祥,1000,0,1000,19.45,
2026-07-21,779e,國票南科,0,1000,-1000,,19.5
2026-07-21,779m,國票中港,11000,0,11000,19.4227,
2026-07-21,8440,摩根大通,17000,10000,7000,18.9353,19.4
2026-07-21,845A,康和內湖,0,1000,-1000,,19.5
2026-07-21,845D,康和板橋,97,0,97,19.3495,
2026-07-21,8492,京城嘉義,0,1,-1,,19.35
2026-07-21,8560,新光,0,6000,-6000,,19.425
2026-07-21,8561,新光台中,0,13000,-13000,,19.2192
2026-07-21,8563,新光新竹,0,1156,-1156,,19.4325
2026-07-21,8565,新光桃園,0,3000,-3000,,19.45
2026-07-21,8582,聯邦嘉義,0,1000,-1000,,19.45
2026-07-21,8840,玉山,0,5000,-5000,,19.45
2026-07-21,8841,玉山雙和,0,3000,-3000,,19.4
2026-07-21,8842,玉山新莊,0,1000,-1000,,19.5
2026-07-21,8846,玉山板橋,0,2000,-2000,,19.4
2026-07-21,884B,玉山台中,10000,0,10000,19.45,
2026-07-21,884J,玉山大里,0,15000,-15000,,19.1667
2026-07-21,8882,國泰台中,0,1000,-1000,,19.0
2026-07-21,8888,國泰敦南,3076,3301,-225,19.3935,19.4105
2026-07-21,9131,群益民權,0,4000,-4000,,19.35
2026-07-21,9135,群益東大,1000,1000,0,18.85,19.4
2026-07-21,913U,群益崇德,0,10000,-10000,,19.26
2026-07-21,918A,群益中壢,0,1000,-1000,,19.35
2026-07-21,918W,群益忠孝,0,1000,-1000,,19.45
2026-07-21,918g,群益大甲,0,4000,-4000,,19.35
2026-07-21,918i,群益竹南,0,10000,-10000,,19.4
2026-07-21,9206,凱基高雄,0,1001,-1001,,19.4499
2026-07-21,9208,凱基桃園,0,400,-400,,19.3
2026-07-21,920D,凱基市府,0,7000,-7000,,19.2143
2026-07-21,920W,凱基大里,0,2000,-2000,,19.5
2026-07-21,9215,凱基高美,0,5000,-5000,,19.0
2026-07-21,921J,凱基土城,5,0,5,19.4,
2026-07-21,9223,凱基豐中,1,0,1,18.95,
2026-07-21,9226,凱基汐止,0,25,-25,,19.35
2026-07-21,9233,凱基長庚,0,1000,-1000,,19.3
2026-07-21,9237,凱基敦北,0,1000,-1000,,19.45
2026-07-21,9268,凱基台北,125000,0,125000,19.3016,
2026-07-21,9291,凱基大安,0,2000,-2000,,19.45
2026-07-21,9300,華南永昌,0,1001,-1001,,19.3996
2026-07-21,9326,華南南京,0,5000,-5000,,19.45
2026-07-21,9329,華南朴子,1000,4000,-3000,19.0,19.45
2026-07-21,9332,華南楠梓,0,2001,-2001,,19.4998
2026-07-21,9337,華南內壢,0,1,-1,,18.95
2026-07-21,9363,華南彰化,0,1300,-1300,,18.9615
2026-07-21,9377,華南虎尾,0,20,-20,,19.35
2026-07-21,9604,富邦陽明,0,5052,-5052,,19.4698
2026-07-21,961C,富邦南京,0,6000,-6000,,19.45
2026-07-21,961H,富邦新板,0,1,-1,,19.35
2026-07-21,961R,富邦南員,0,2000,-2000,,19.075
2026-07-21,9623,富邦台北,0,60,-60,,19.4
2026-07-21,9627,富邦內湖,0,1000,-1000,,18.95
2026-07-21,962G,富邦斗六,0,18,-18,,19.5
2026-07-21,962P,富邦頭份,0,3000,-3000,,19.5
2026-07-21,9647,富邦新竹,1000,3000,-2000,19.0,19.4
2026-07-21,9654,富邦永和,0,10000,-10000,,19.4
2026-07-21,9659,富邦高雄,0,2000,-2000,,19.4
2026-07-21,965U,富邦彰化,0,4000,-4000,,18.95
2026-07-21,9661,富邦新店,6090,0,6090,19.4007,
2026-07-21,9666,富邦南屯,0,2000,-2000,,18.975
2026-07-21,9676,富邦仁愛,1000,0,1000,19.45,
2026-07-21,9692,富邦嘉義,0,1000,-1000,,19.45
2026-07-21,9697,富邦虎尾,0,5000,-5000,,19.3
2026-07-21,9800,元大,1000,2000,-1000,19.5,19.275
2026-07-21,9812,元大台中,0,5000,-5000,,19.5
2026-07-21,981B,元大竹北,0,3000,-3000,,19.4
2026-07-21,981F,元大福營,1000,435,565,19.2,19.4
2026-07-21,981G,元大彰化,0,4000,-4000,,19.25
2026-07-21,981R,元大竹山,0,2000,-2000,,19.025
2026-07-21,981V,元大民雄,5000,0,5000,19.16,
2026-07-21,981a,元大歸仁,0,1,-1,,18.8
2026-07-21,981g,元大大里,0,1000,-1000,,19.2
2026-07-21,981p,元大松山,0,100,-100,,19.4
2026-07-21,9822,元大學府,15,0,15,19.5,
2026-07-21,983K,元大學甲,0,5000,-5000,,19.5
2026-07-21,984C,元大新中,2000,0,2000,19.35,
2026-07-21,984E,元大南勢,1000,1000,0,19.45,19.4
2026-07-21,9859,元大經國,1000,0,1000,19.45,
2026-07-21,9862,元大南京,0,3000,-3000,,19.35
2026-07-21,9891,元大永和,0,7000,-7000,,19.4
2026-07-21,9899,元大淡水,0,1,-1,,19.4
2026-07-21,989B,元大中港,0,2000,-2000,,19.45
2026-07-21,989C,元大板橋,0,10000,-10000,,19.415
2026-07-21,989E,元大草屯,10000,0,10000,19.4,
2026-07-21,989N,元大內湖,0,5000,-5000,,18.95
2026-07-21,989Q,元大汐止,6,0,6,19.4,
2026-07-21,989S,元大鹿港,5000,0,5000,19.19,
2026-07-21,989V,元大北重,0,932,-932,,19.45
2026-07-21,9A00,永豐金,0,110,-110,,19.3455
2026-07-21,9A89,永豐敦北,0,2000,-2000,,19.15
2026-07-21,9A8F,永豐敦南,0,1000,-1000,,19.5
2026-07-21,9A91,永豐松山,20000,0,20000,19.445,
2026-07-21,9A92,永豐萬盛,1,26,-25,18.95,19.35
2026-07-21,9A98,永豐大園,0,1,-1,,19.3
2026-07-21,9A9A,永豐羅東,0,6000,-6000,,19.0
2026-07-21,9A9D,永豐忠孝,0,5,-5,,18.95
2026-07-21,9A9H,永豐新莊,0,10000,-10000,,19.4
2026-07-21,9A9L,永豐台中,0,10,-10,,19.3
2026-07-21,9A9Q,永豐豐原,1000,0,1000,18.9,
2026-07-21,9A9R,永豐信義,0,1000,-1000,,19.0
2026-07-21,9A9W,永豐市政,0,7002,-7002,,19.4785
2026-07-21,9A9h,永豐台南,0,10000,-10000,,19.175
2026-07-21,9A9j,永豐嘉義,0,2000,-2000,,19.375
2026-07-21,9A9x,永豐桃園,1,1000,-999,19.4,19.4
2026-07-21,9B00,台新證券,165,2000,-1835,19.4,19.4
2026-07-21,9B11,台新新營,0,1000,-1000,,19.4
2026-07-21,9B16,台新台南,8000,0,8000,19.45,
2026-07-21,9B1d,台新左楠,1000,0,1000,19.35,
2026-07-21,9B20,台新台北,17000,0,17000,19.0735,
2026-07-21,9B22,台新新店,0,1000,-1000,,19.45
2026-07-21,9B25,台新五權,5000,0,5000,19.34,
2026-07-21,9B2A,台新緯城,2000,0,2000,19.4,
2026-07-21,9B2D,台新大昌,1,0,1,19.3,
2026-07-21,9B2H,台新信義,0,1000,-1000,,19.4
2026-07-21,9B2S,台新基隆,0,1000,-1000,,19.4
2026-07-21,9B2a,台新松德,4803,1000,3803,19.3506,18.85
2026-07-21,9B2i,台新中港,2000,0,2000,19.4,
2026-07-21,9B2l,台新大裕,0,12000,-12000,,19.3208
2026-07-21,9B2m,台新成功,0,100,-100,,19.35
2026-07-21,9B2w,台新佳里,0,3000,-3000,,19.3333
2026-07-22,104A,臺銀臺中,8000,0,8000,19.3438,
2026-07-22,1440,美林,8000,12000,-4000,19.3375,19.2333
2026-07-22,1470,台灣摩根,29000,10000,19000,19.2879,19.35
2026-07-22,1480,美商高盛,16110,12081,4029,19.3483,19.2341
2026-07-22,1560,港商野村,0,11000,-11000,,19.4182
2026-07-22,1590,花旗環球,0,2000,-2000,,19.35
2026-07-22,5382,第一台中,0,18000,-18000,,19.3611
2026-07-22,538W,第一華江,0,2,-2,,19.15
2026-07-22,585Z,統一松江,0,1000,-1000,,19.4
2026-07-22,601d,?亞鑫豐,1,0,1,19.3,
2026-07-22,6110,台中銀,0,1000,-1000,,19.4
2026-07-22,6160,中國信託,0,400,-400,,19.4
2026-07-22,6164,中信託文,9000,0,9000,19.2389,
2026-07-22,6165,中信託新,1000,0,1000,19.2,
2026-07-22,616K,中信託高,0,151,-151,,19.1
2026-07-22,6464,大昌新店,0,2000,-2000,,19.5
2026-07-22,6620,口袋,259,0,259,19.2508,
2026-07-22,7005,兆豐中港,3000,0,3000,19.15,
2026-07-22,700B,兆豐板橋,1000,1000,0,19.15,19.45
2026-07-22,700J,兆豐公益,12000,0,12000,19.3708,
2026-07-22,700f,兆豐鹿港,1000,0,1000,19.25,
2026-07-22,700h,兆豐三民,20000,0,20000,19.3,
2026-07-22,7790,國票綜合,1002,1,1001,19.1999,19.55
2026-07-22,779V,國票天祥,0,1000,-1000,,19.35
2026-07-22,779Z,國票安和,0,1000,-1000,,19.2
2026-07-22,8440,摩根大通,6000,20000,-14000,19.25,19.3725
2026-07-22,845D,康和板橋,340,0,340,19.2485,
2026-07-22,8561,新光台中,6000,2000,4000,19.3,19.5
2026-07-22,8562,新光高雄,0,15000,-15000,,19.34
2026-07-22,8565,新光桃園,0,150,-150,,19.227
2026-07-22,8849,玉山景美,1,0,1,19.4,
2026-07-22,8888,國泰敦南,52,3011,-2959,19.5442,19.4003
2026-07-22,888K,國泰板橋,0,2000,-2000,,19.35
2026-07-22,9131,群益民權,2000,0,2000,19.3,
2026-07-22,913U,群益崇德,0,2000,-2000,,19.5
2026-07-22,918F,群益新店,2000,0,2000,19.25,
2026-07-22,9215,凱基高美,15000,0,15000,19.35,
2026-07-22,921C,凱基民權,0,1000,-1000,,19.4
2026-07-22,9268,凱基台北,21000,6000,15000,19.2905,19.275
2026-07-22,9276,凱基苗栗,0,1000,-1000,,19.25
2026-07-22,9300,華南永昌,0,1,-1,,19.4
2026-07-22,9314,華南嘉義,0,1,-1,,19.4
2026-07-22,9316,華南淡水,1,0,1,19.35,
2026-07-22,9363,華南彰化,0,1000,-1000,,19.35
2026-07-22,9377,華南虎尾,0,20,-20,,19.3
2026-07-22,9604,富邦陽明,52,0,52,19.25,
2026-07-22,9616,富邦岡山,0,1,-1,,18.85
2026-07-22,961K,富邦七賢,0,1,-1,,19.4
2026-07-22,961P,富邦和美,1,1000,-999,18.85,19.2
2026-07-22,961Z,富邦永康,1000,0,1000,19.25,
2026-07-22,9624,富邦竹北,80,0,80,19.35,
2026-07-22,962B,富邦二林,0,1000,-1000,,19.3
2026-07-22,965U,富邦彰化,0,1,-1,,19.3
2026-07-22,9661,富邦新店,0,2000,-2000,,19.375
2026-07-22,9667,富邦台南,0,1000,-1000,,19.35
2026-07-22,9672,富邦員林,0,12000,-12000,,19.2667
2026-07-22,9676,富邦仁愛,0,1000,-1000,,19.25
2026-07-22,9800,元大,2000,2000,0,19.3,19.4
2026-07-22,980w,元大西屯,1000,0,1000,19.4,
2026-07-22,981C,元大路竹,5000,10000,-5000,19.39,19.18
2026-07-22,981D,元大南投,0,3000,-3000,,19.35
2026-07-22,981S,元大崇德,1000,0,1000,19.4,
2026-07-22,9833,元大敦化,18000,0,18000,19.4444,
2026-07-22,984E,元大南勢,2000,0,2000,19.35,
2026-07-22,9875,元大永寧,2000,0,2000,19.25,
2026-07-22,9884,元大斗信,3000,1000,2000,19.45,19.25
2026-07-22,989E,元大草屯,10000,0,10000,19.4,
2026-07-22,989S,元大鹿港,5000,6000,-1000,19.4,19.275
2026-07-22,9A00,永豐金,0,8000,-8000,,19.2688
2026-07-22,9A61,永豐鳳山,1000,1000,0,19.15,19.4
2026-07-22,9A99,永豐中壢,0,1,-1,,19.4
2026-07-22,9A9J,永豐板新,0,15000,-15000,,19.25
2026-07-22,9A9Q,永豐豐原,1,0,1,19.45,
2026-07-22,9A9U,永豐中正,0,10,-10,,19.4
2026-07-22,9A9e,永豐高雄,3,0,3,19.2,
2026-07-22,9B00,台新證券,1000,5000,-4000,19.2,19.4
2026-07-22,9B1h,台新台中,4000,1000,3000,19.225,19.4
2026-07-22,9B20,台新台北,15000,0,15000,19.25,
2026-07-22,9B22,台新新店,0,1000,-1000,,19.4
2026-07-22,9B25,台新五權,0,6000,-6000,,19.3083
2026-07-22,9B2B,台新永和,0,600,-600,,19.25
2026-07-22,9B2D,台新大昌,1,0,1,19.4,
2026-07-22,9B2W,台新吉利,0,1000,-1000,,19.4
2026-07-22,9B2a,台新松德,571,3043,-2472,19.3435,19.3034
2026-07-22,9B2i,台新中港,5000,0,5000,19.28,
2026-07-22,9B2l,台新大裕,4000,35000,-31000,19.15,19.3
2026-07-23,1043,臺銀民權,0,10,-10,,19.35
2026-07-23,104A,臺銀臺中,4000,1000,3000,19.3,19.3
2026-07-23,1262,宏遠桃園,0,2000,-2000,,19.3
2026-07-23,1440,美林,0,8000,-8000,,19.3125
2026-07-23,1470,台灣摩根,15000,3000,12000,19.3567,19.35
2026-07-23,1480,美商高盛,1222,17000,-15778,19.2818,19.3235
2026-07-23,1560,港商野村,0,1000,-1000,,19.25
2026-07-23,1590,花旗環球,0,4000,-4000,,19.3875
2026-07-23,1650,瑞銀,12000,14000,-2000,19.2667,19.4143
2026-07-23,5320,高橋,0,1000,-1000,,19.5
2026-07-23,5380,第一金證,43779,0,43779,19.3966,
2026-07-23,5382,第一台中,0,10000,-10000,,19.32
2026-07-23,6114,中銀員林,0,1000,-1000,,19.2
2026-07-23,6164,中信託文,2000,0,2000,19.2,
2026-07-23,6165,中信託新,0,2000,-2000,,19.3
2026-07-23,6461,大昌樹林,0,14000,-14000,,19.35
2026-07-23,7003,兆豐台中,0,2000,-2000,,19.45
2026-07-23,700G,兆豐麻豆,0,85,-85,,19.35
2026-07-23,700J,兆豐公益,10000,0,10000,19.385,
2026-07-23,700M,兆豐桃園,0,4000,-4000,,19.2
2026-07-23,700W,兆豐城中,2000,0,2000,19.325,
2026-07-23,700f,兆豐鹿港,2000,0,2000,19.3,
2026-07-23,700h,兆豐三民,0,6,-6,,19.25
2026-07-23,7790,國票綜合,4,18,-14,19.2,19.2
2026-07-23,8440,摩根大通,2000,19000,-17000,19.225,19.3079
2026-07-23,8560,新光,10,172,-162,19.2,19.4209
2026-07-23,8561,新光台中,0,3000,-3000,,19.25
2026-07-23,8563,新光新竹,1,0,1,19.35,
2026-07-23,8843,玉山高雄,100,0,100,19.35,
2026-07-23,8888,國泰敦南,1052,3000,-1948,19.3522,19.4
2026-07-23,888K,國泰板橋,0,2000,-2000,,19.3
2026-07-23,9131,群益民權,2000,2000,0,19.25,19.4
2026-07-23,9135,群益東大,1000,0,1000,19.2,
2026-07-23,918i,群益竹南,0,20000,-20000,,19.25
2026-07-23,918u,群益瑞豐,0,1000,-1000,,19.35
2026-07-23,9202,凱基中港,0,1000,-1000,,19.45
2026-07-23,920D,凱基市府,2000,0,2000,19.4,
2026-07-23,920N,凱基湖口,0,1000,-1000,,19.2
2026-07-23,9215,凱基高美,10000,0,10000,19.25,
2026-07-23,9239,凱基市政,1000,0,1000,19.45,
2026-07-23,9268,凱基台北,21000,29000,-8000,19.3048,19.2862
2026-07-23,9302,華南台中,0,3,-3,,19.2667
2026-07-23,9306,華南台南,6000,0,6000,19.25,
2026-07-23,9326,華南南京,0,5000,-5000,,19.3
2026-07-23,9329,華南朴子,0,255,-255,,19.2
2026-07-23,961K,富邦七賢,43,0,43,19.2349,
2026-07-23,961P,富邦和美,1000,0,1000,19.3,
2026-07-23,9623,富邦台北,2000,0,2000,19.25,
2026-07-23,9634,富邦羅東,1,0,1,19.4,
2026-07-23,9647,富邦新竹,0,4000,-4000,,19.425
2026-07-23,9672,富邦員林,1000,1000,0,19.2,19.3
2026-07-23,9697,富邦虎尾,0,200,-200,,19.4
2026-07-23,980D,元大北府,5000,0,5000,19.35,
2026-07-23,981C,元大路竹,0,5000,-5000,,19.4
2026-07-23,981G,元大彰化,0,257,-257,,19.3907
2026-07-23,986K,元大基孝,0,1000,-1000,,19.35
2026-07-23,9872,元大復北,0,1000,-1000,,19.35
2026-07-23,987A,元大楊梅,2000,0,2000,19.3,
2026-07-23,9889,元大員林,50000,0,50000,19.295,
2026-07-23,988V,元大長庚,0,2000,-2000,,19.25
2026-07-23,9894,元大桃興,0,19000,-19000,,19.3
2026-07-23,989V,元大北重,0,2000,-2000,,19.45
2026-07-23,989W,元大站前,1000,0,1000,19.3,
2026-07-23,989f,元大東港,30,0,30,19.35,
2026-07-23,9A00,永豐金,2000,360,1640,19.4,19.3778
2026-07-23,9A8F,永豐敦南,72,0,72,19.45,
2026-07-23,9B1h,台新台中,1000,0,1000,19.2,
2026-07-23,9B25,台新五權,1000,0,1000,19.3,
2026-07-23,9B2A,台新緯城,0,2000,-2000,,19.3
2026-07-23,9B2B,台新永和,0,1000,-1000,,19.4
2026-07-23,9B2D,台新大昌,1,0,1,19.35,
2026-07-23,9B2a,台新松德,51,0,51,19.2059,
2026-07-23,9B2l,台新大裕,5000,0,5000,19.2,
2026-07-24,104A,臺銀臺中,0,1000,-1000,,19.45
2026-07-24,1260,宏遠,17000,0,17000,19.55,
2026-07-24,1440,美林,0,6000,-6000,,19.4833
2026-07-24,1470,台灣摩根,7000,3000,4000,19.6143,19.5333
2026-07-24,1480,美商高盛,20001,7000,13001,19.46,19.4643
2026-07-24,1560,港商野村,0,18000,-18000,,19.5306
2026-07-24,1590,花旗環球,0,7000,-7000,,19.5
2026-07-24,5382,第一台中,0,4000,-4000,,19.65
2026-07-24,5383,第一高雄,0,1000,-1000,,19.5
2026-07-24,5389,第一中山,0,2000,-2000,,19.6
2026-07-24,538C,第一光復,0,1000,-1000,,19.65
2026-07-24,538I,第一頭份,0,1000,-1000,,19.55
2026-07-24,5850,統一,5000,5000,0,19.59,19.4
2026-07-24,5856,統一台中,0,2000,-2000,,19.65
2026-07-24,585I,統一員林,0,2000,-2000,,19.45
2026-07-24,585M,統一士林,2000,0,2000,19.45,
2026-07-24,6114,中銀員林,0,3000,-3000,,19.55
2026-07-24,6164,中信託文,36000,0,36000,19.5556,
2026-07-24,6460,大昌,0,1000,-1000,,19.45
2026-07-24,6461,大昌樹林,0,1000,-1000,,19.65
2026-07-24,6620,口袋,1001,1000,1,19.5499,19.4
2026-07-24,7003,兆豐台中,0,6000,-6000,,19.5083
2026-07-24,700J,兆豐公益,9000,8000,1000,19.6389,19.575
2026-07-24,700d,兆豐彰化,0,2000,-2000,,19.65
2026-07-24,700f,兆豐鹿港,2000,1000,1000,19.425,19.65
2026-07-24,700h,兆豐三民,0,13000,-13000,,19.6231
2026-07-24,7034,致和金華,1000,0,1000,19.4,
2026-07-24,7790,國票綜合,0,1000,-1000,,19.65
2026-07-24,779D,國票台南,0,15000,-15000,,19.5833
2026-07-24,779X,國票中和,8,0,8,19.5375,
2026-07-24,8440,摩根大通,64000,8000,56000,19.482,19.525
2026-07-24,845D,康和板橋,0,3,-3,,19.5
2026-07-24,8520,中農,0,5000,-5000,,19.4
2026-07-24,8560,新光,0,15000,-15000,,19.6467
2026-07-24,8561,新光台中,0,1,-1,,19.45
2026-07-24,8565,新光桃園,2000,2000,0,19.5,19.65
2026-07-24,884M,玉山數位,1,0,1,19.45,
2026-07-24,8881,國泰高雄,0,3000,-3000,,19.5667
2026-07-24,8882,國泰台中,0,1000,-1000,,19.45
2026-07-24,8888,國泰敦南,73,1,72,19.5678,19.45
2026-07-24,888K,國泰板橋,0,2000,-2000,,19.4
2026-07-24,9105,群益高盛,0,1,-1,,19.5
2026-07-24,9108,群益海山,1000,0,1000,19.55,
2026-07-24,9135,群益東大,1000,0,1000,19.35,
2026-07-24,9184,群益台中,0,50,-50,,19.45
2026-07-24,918E,群益南京,11000,0,11000,19.45,
2026-07-24,918J,群益永和,0,1000,-1000,,19.45
2026-07-24,918M,群益嘉義,1000,0,1000,19.7,
2026-07-24,918W,群益忠孝,0,1000,-1000,,19.55
2026-07-24,918i,群益竹南,0,20000,-20000,,19.5975
2026-07-24,920D,凱基市府,25000,0,25000,19.57,
2026-07-24,920F,凱基站前,1,0,1,19.5,
2026-07-24,920G,凱基彰化,4000,0,4000,19.5375,
2026-07-24,920H,凱基基隆,0,4000,-4000,,19.4
2026-07-24,9215,凱基高美,10000,10000,0,19.35,19.65
2026-07-24,921C,凱基民權,1,0,1,19.5,
2026-07-24,9233,凱基長庚,0,1000,-1000,,19.55
2026-07-24,9234,凱基竹北,0,7000,-7000,,19.5
2026-07-24,9268,凱基台北,83000,2000,81000,19.5102,19.5
2026-07-24,9302,華南台中,0,1,-1,,19.6
2026-07-24,9326,華南南京,0,1,-1,,19.3
2026-07-24,9337,華南內壢,1000,0,1000,19.5,
2026-07-24,9377,華南虎尾,0,20,-20,,19.6
2026-07-24,961C,富邦南京,0,39,-39,,19.6
2026-07-24,961H,富邦新板,0,60000,-60000,,19.4092
2026-07-24,961M,富邦木柵,0,1,-1,,19.5
2026-07-24,961P,富邦和美,0,1000,-1000,,19.4
2026-07-24,961R,富邦南員,0,1000,-1000,,19.55
2026-07-24,9621,富邦花蓮,0,1000,-1000,,19.45
2026-07-24,9623,富邦台北,7000,0,7000,19.5,
2026-07-24,9625,富邦竹東,0,1000,-1000,,19.4
2026-07-24,962A,富邦南港,0,3000,-3000,,19.4
2026-07-24,962B,富邦二林,0,1000,-1000,,19.45
2026-07-24,962D,富邦新莊,4000,0,4000,19.6,
2026-07-24,9636,富邦中壢,1000,1001,-1,19.45,19.4
2026-07-24,963L,富邦豐原,5000,0,5000,19.65,
2026-07-24,9647,富邦新竹,0,5000,-5000,,19.52
2026-07-24,9654,富邦永和,0,2000,-2000,,19.55
2026-07-24,965K,富邦台中,0,1,-1,,19.45
2026-07-24,9665,富邦桃園,1,0,1,19.5,
2026-07-24,9672,富邦員林,1000,0,1000,19.45,
2026-07-24,9686,富邦宜蘭,1000,0,1000,19.45,
2026-07-24,9697,富邦虎尾,0,45,-45,,19.5
2026-07-24,9800,元大,1000,1000,0,19.6,19.45
2026-07-24,9801,元大松江,0,5000,-5000,,19.5
2026-07-24,980w,元大西屯,0,1000,-1000,,19.65
2026-07-24,9812,元大台中,0,10000,-10000,,19.45
2026-07-24,981F,元大福營,0,1000,-1000,,19.5
2026-07-24,981G,元大彰化,0,200,-200,,19.45
2026-07-24,981V,元大民雄,5000,0,5000,19.65,
2026-07-24,9834,元大中壢,1000,0,1000,19.45,
2026-07-24,983G,元大上新,0,6000,-6000,,19.65
2026-07-24,983Z,元大鳳山,20000,0,20000,19.45,
2026-07-24,987A,元大楊梅,0,4000,-4000,,19.5
2026-07-24,9884,元大斗信,0,1,-1,,19.6
2026-07-24,9892,元大屏東,2000,0,2000,19.45,
2026-07-24,9897,元大土城,0,15000,-15000,,19.5
2026-07-24,989A,元大北投,1000,10000,-9000,19.5,19.4
2026-07-24,989B,元大中港,7000,0,7000,19.3,
2026-07-24,989C,元大板橋,0,15000,-15000,,19.53
2026-07-24,989S,元大鹿港,5000,0,5000,19.55,
2026-07-24,9A91,永豐松山,0,2000,-2000,,19.6
2026-07-24,9A9K,永豐三重,0,13000,-13000,,19.55
2026-07-24,9A9L,永豐台中,0,20,-20,,19.45
2026-07-24,9A9Q,永豐豐原,5000,6000,-1000,19.5,19.4
2026-07-24,9A9X,永豐竹科,2000,2001,-1,19.4,19.6499
2026-07-24,9A9e,永豐高雄,21,0,21,19.5,
2026-07-24,9B00,台新證券,7000,1,6999,19.65,19.5
2026-07-24,9B25,台新五權,0,5000,-5000,,19.46
2026-07-24,9B28,台新北新,4000,4000,0,19.6,19.4
2026-07-24,9B2D,台新大昌,1,0,1,19.5,
2026-07-24,9B2E,台新城中,1,0,1,19.45,
2026-07-24,9B2N,台新虎尾,0,51,-51,,19.6
2026-07-24,9B2U,台新宜蘭,0,5000,-5000,,19.62
2026-07-24,9B2a,台新松德,330,1,329,19.477,19.5
2026-07-24,9B2i,台新中港,0,2000,-2000,,19.45
2026-07-24,9B2l,台新大裕,0,1000,-1000,,19.65
2026-07-24,9B2y,台新花蓮,0,4000,-4000,,19.4
2026-07-27,1031,土銀台中,1000,0,1000,19.25,
2026-07-27,104A,臺銀臺中,2000,0,2000,19.35,
2026-07-27,1260,宏遠,25000,0,25000,19.464,
2026-07-27,126X,宏遠新化,0,16000,-16000,,19.2812
2026-07-27,1440,美林,5000,4000,1000,19.45,19.3625
2026-07-27,1470,台灣摩根,20000,1000,19000,19.385,19.35
2026-07-27,1480,美商高盛,8046,19863,-11817,19.3743,19.4601
2026-07-27,1560,港商野村,0,19000,-19000,,19.4526
2026-07-27,1590,花旗環球,2000,0,2000,19.475,
2026-07-27,1650,瑞銀,3000,15000,-12000,19.4333,19.4467
2026-07-27,5858,統一嘉義,1000,0,1000,19.25,
2026-07-27,6164,中信託文,2000,0,2000,19.3,
2026-07-27,638A,光和嘉義,0,58,-58,,19.25
2026-07-27,6460,大昌,4000,0,4000,19.35,
2026-07-27,6620,口袋,1,0,1,19.35,
2026-07-27,700B,兆豐板橋,0,1000,-1000,,19.55
2026-07-27,700C,兆豐來福,1000,0,1000,19.35,
2026-07-27,700J,兆豐公益,11000,0,11000,19.3909,
2026-07-27,700r,兆豐寶成,0,1000,-1000,,19.3
2026-07-27,7790,國票綜合,1,0,1,19.35,
2026-07-27,8440,摩根大通,2000,14000,-12000,19.425,19.3571
2026-07-27,8520,中農,0,5000,-5000,,19.4
2026-07-27,8560,新光,20,0,20,19.5,
2026-07-27,8561,新光台中,20000,0,20000,19.5,
2026-07-27,8565,新光桃園,0,20000,-20000,,19.345
2026-07-27,884B,玉山台中,0,1000,-1000,,19.5
2026-07-27,8881,國泰高雄,0,1000,-1000,,19.35
2026-07-27,8882,國泰台中,2,0,2,19.425,
2026-07-27,8884,國泰台南,1,0,1,19.35,
2026-07-27,8886,國泰新莊,2,0,2,19.5,
2026-07-27,8888,國泰敦南,54,7001,-6947,19.4481,19.3072
2026-07-27,888K,國泰板橋,1,0,1,19.5,
2026-07-27,9100,群益,1000,1000,0,19.35,19.35
2026-07-27,910D,群益市府,1,0,1,19.5,
2026-07-27,9184,群益台中,0,50,-50,,19.35
2026-07-27,918C,群益古亭,0,1000,-1000,,19.4
2026-07-27,918i,群益竹南,6000,0,6000,19.4333,
2026-07-27,9200,凱基,2000,0,2000,19.375,
2026-07-27,9205,凱基三重,0,54,-54,,19.35
2026-07-27,920D,凱基市府,15000,0,15000,19.3733,
2026-07-27,9215,凱基高美,10000,1000,9000,19.3,19.4
2026-07-27,9233,凱基長庚,0,1000,-1000,,19.5
2026-07-27,9268,凱基台北,2000,27000,-25000,19.35,19.4019
2026-07-27,9300,華南永昌,0,5000,-5000,,19.4
2026-07-27,9302,華南台中,1,0,1,19.45,
2026-07-27,9306,華南台南,2000,0,2000,19.25,
2026-07-27,9326,華南南京,1000,1000,0,19.6,19.25
2026-07-27,9329,華南朴子,0,4026,-4026,,19.4006
2026-07-27,9337,華南內壢,0,1000,-1000,,19.25
2026-07-27,9604,富邦陽明,0,1,-1,,19.5
2026-07-27,961F,富邦公益,810,0,810,19.45,
2026-07-27,961R,富邦南員,0,1000,-1000,,19.45
2026-07-27,962P,富邦頭份,0,1000,-1000,,19.5
2026-07-27,9659,富邦高雄,1,0,1,19.5,
2026-07-27,9667,富邦台南,0,2000,-2000,,19.4
2026-07-27,9676,富邦仁愛,1,0,1,19.25,
2026-07-27,9692,富邦嘉義,1000,1,999,19.35,19.25
2026-07-27,9800,元大,1000,1000,0,19.25,19.5
2026-07-27,981E,元大發財,1000,0,1000,19.35,
2026-07-27,981R,元大竹山,1,0,1,19.5,
2026-07-27,9834,元大中壢,0,1000,-1000,,19.35
2026-07-27,9835,元大中山,0,2,-2,,19.5
2026-07-27,983W,元大德芳,14000,3000,11000,19.3036,19.4
2026-07-27,9854,元大興安,2000,0,2000,19.45,
2026-07-27,9889,元大員林,50000,0,50000,19.4,
2026-07-27,989B,元大中港,0,8000,-8000,,19.4
2026-07-27,989C,元大板橋,1001,0,1001,19.35,
2026-07-27,989F,元大高雄,0,18,-18,,19.25
2026-07-27,989d,元大北屯,1,0,1,19.45,
2026-07-27,989f,元大東港,100,0,100,19.35,
2026-07-27,9A00,永豐金,0,21,-21,,19.3476
2026-07-27,9A9J,永豐板新,1000,1000,0,19.5,19.6
2026-07-27,9A9U,永豐中正,2000,0,2000,19.3,
2026-07-27,9A9e,永豐高雄,2030,0,2030,19.2993,
2026-07-27,9A9h,永豐台南,0,5000,-5000,,19.5
2026-07-27,9B1h,台新台中,2000,2000,0,19.4,19.45
2026-07-27,9B20,台新台北,0,30000,-30000,,19.4
2026-07-27,9B2D,台新大昌,1,0,1,19.35,
2026-07-27,9B2S,台新基隆,1000,1000,0,19.35,19.6
2026-07-27,9B2W,台新吉利,0,2000,-2000,,19.25
2026-07-27,9B2a,台新松德,18,1000,-982,19.35,19.4
2026-07-27,9B2i,台新中港,1000,0,1000,19.3,
2026-07-27,9B2z,台新文心,1,0,1,19.5,
2026-07-28,1028,合庫彰化,0,2000,-2000,,19.25
2026-07-28,1043,臺銀民權,45,0,45,19.3,
2026-07-28,104A,臺銀臺中,1000,0,1000,19.2,
2026-07-28,1440,美林,24000,2000,22000,19.1812,19.2
2026-07-28,1470,台灣摩根,35000,2000,33000,19.1957,19.15
2026-07-28,1480,美商高盛,37104,3000,34104,19.1795,19.3333
2026-07-28,1560,港商野村,7000,0,7000,19.05,
2026-07-28,1590,花旗環球,2000,0,2000,19.175,
2026-07-28,5261,美好蘆洲,1300,1458,-158,19.05,19.2482
2026-07-28,5380,第一金證,0,16000,-16000,,19.2562
2026-07-28,5386,第一彰化,1000,0,1000,19.25,
2026-07-28,538A,第一新興,0,78000,-78000,,19.1109
2026-07-28,6012,?亞網路,0,1,-1,,19.25
2026-07-28,6160,中國信託,0,4284,-4284,,19.1634
2026-07-28,6164,中信託文,3000,0,3000,19.1167,
2026-07-28,6380,光和,0,5000,-5000,,19.2
2026-07-28,6461,大昌樹林,1000,0,1000,19.2,
2026-07-28,700B,兆豐板橋,1000,0,1000,19.15,
2026-07-28,700C,兆豐來福,0,4000,-4000,,19.175
2026-07-28,700J,兆豐公益,4000,2,3998,19.325,19.35
2026-07-28,700f,兆豐鹿港,0,26001,-26001,,19.3
2026-07-28,700h,兆豐三民,0,7000,-7000,,19.3
2026-07-28,700r,兆豐寶成,0,1000,-1000,,19.3
2026-07-28,7790,國票綜合,0,138,-138,,19.3884
2026-07-28,779m,國票中港,10000,10000,0,19.29,19.3
2026-07-28,8440,摩根大通,54000,22000,32000,19.1343,19.1455
2026-07-28,845D,康和板橋,0,515,-515,,19.35
2026-07-28,8560,新光,5000,0,5000,19.2,
2026-07-28,8561,新光台中,30000,0,30000,19.235,
2026-07-28,8846,玉山板橋,1,0,1,19.3,
2026-07-28,884F,玉山桃園,1,0,1,19.35,
2026-07-28,884M,玉山數位,1,0,1,19.3,
2026-07-28,8882,國泰台中,1,3000,-2999,19.2,19.2
2026-07-28,8888,國泰敦南,238,12001,-11763,19.3382,19.075
2026-07-28,9100,群益,1000,1000,0,19.2,19.1
2026-07-28,9131,群益民權,4000,4000,0,19.05,19.275
2026-07-28,9184,群益台中,1,0,1,19.3,
2026-07-28,918F,群益新店,1000,0,1000,19.2,
2026-07-28,918i,群益竹南,5000,0,5000,19.2,
2026-07-28,9200,凱基,0,1000,-1000,,19.2
2026-07-28,9202,凱基中港,0,18000,-18000,,19.2194
2026-07-28,9205,凱基三重,0,44,-44,,19.3
2026-07-28,920H,凱基基隆,0,1000,-1000,,19.2
2026-07-28,9215,凱基高美,0,11000,-11000,,19.3091
2026-07-28,9217,凱基松山,0,22000,-22000,,19.1023
2026-07-28,9227,凱基城中,0,9000,-9000,,19.25
2026-07-28,9234,凱基竹北,0,1000,-1000,,19.2
2026-07-28,9268,凱基台北,37000,16000,21000,19.1919,19.2438
2026-07-28,9283,凱基北門,0,2,-2,,19.35
2026-07-28,9306,華南台南,6000,0,6000,19.15,
2026-07-28,9329,華南朴子,0,100,-100,,19.15
2026-07-28,9332,華南楠梓,0,2000,-2000,,19.1
2026-07-28,9363,華南彰化,0,200,-200,,19.1
2026-07-28,9377,華南虎尾,0,30,-30,,19.3
2026-07-28,9604,富邦陽明,0,1,-1,,19.2
2026-07-28,9614,富邦基隆,0,7000,-7000,,19.2
2026-07-28,961H,富邦新板,54,0,54,19.0,
2026-07-28,9623,富邦台北,0,5000,-5000,,19.2
2026-07-28,962A,富邦南港,0,1000,-1000,,19.2
2026-07-28,9654,富邦永和,2,0,2,19.275,
2026-07-28,9658,富邦建國,1000,0,1000,19.2,
2026-07-28,9677,富邦三重,0,5000,-5000,,19.2
2026-07-28,9800,元大,11000,3000,8000,19.1136,19.1833
2026-07-28,9801,元大松江,0,3000,-3000,,19.2
2026-07-28,981B,元大竹北,1,0,1,19.3,
2026-07-28,981V,元大民雄,2000,0,2000,19.35,
2026-07-28,981z,元大大統,320,0,320,19.35,
2026-07-28,9833,元大敦化,1000,0,1000,19.2,
2026-07-28,9834,元大中壢,6000,0,6000,19.3,
2026-07-28,984E,元大南勢,2000,0,2000,19.15,
2026-07-28,9867,元大民權,1000,0,1000,19.15,
2026-07-28,9872,元大復北,0,1000,-1000,,19.2
2026-07-28,9879,元大板三,495,0,495,19.35,
2026-07-28,9888,元大鑫永,53,0,53,19.1047,
2026-07-28,9889,元大員林,73,0,73,19.35,
2026-07-28,988C,元大三重,1,0,1,19.3,
2026-07-28,9894,元大桃興,0,13000,-13000,,19.2
2026-07-28,989A,元大北投,0,2000,-2000,,19.1
2026-07-28,989E,元大草屯,0,5000,-5000,,19.25
2026-07-28,989L,元大成功,8,0,8,19.35,
2026-07-28,989S,元大鹿港,3185,0,3185,19.1145,
2026-07-28,989U,元大大甲,0,25,-25,,19.4
2026-07-28,989W,元大站前,117,0,117,19.35,
2026-07-28,989d,元大北屯,1,0,1,19.35,
2026-07-28,9A00,永豐金,12030,1,12029,19.2826,19.2
2026-07-28,9A97,永豐新竹,0,5000,-5000,,19.14
2026-07-28,9A9D,永豐忠孝,0,2,-2,,19.325
2026-07-28,9A9J,永豐板新,1,0,1,19.3,
2026-07-28,9A9R,永豐信義,0,1000,-1000,,19.2
2026-07-28,9A9b,永豐虎尾,0,1000,-1000,,19.25
2026-07-28,9A9e,永豐高雄,23,0,23,19.3,
2026-07-28,9B00,台新證券,2000,10000,-8000,19.275,19.35
2026-07-28,9B23,台新三重,0,1,-1,,19.35
2026-07-28,9B27,台新林園,0,2000,-2000,,19.225
2026-07-28,9B2D,台新大昌,2,0,2,19.325,
2026-07-28,9B2E,台新城中,1,0,1,19.15,
2026-07-28,9B2G,台新新竹,40000,0,40000,19.25,
2026-07-28,9B2M,台新彰化,1000,0,1000,19.05,
2026-07-28,9B2Q,台新敦南,0,6000,-6000,,19.15
2026-07-28,9B2U,台新宜蘭,1,0,1,19.35,
2026-07-28,9B2a,台新松德,0,7255,-7255,,19.0123
2026-07-28,9B2i,台新中港,3000,0,3000,19.0833,
2026-07-28,9B2l,台新大裕,6000,0,6000,19.0333,
2026-07-28,9B2z,台新文心,1,0,1,19.35,
2026-07-29,1022,合庫台南,6000,1000,5000,19.1583,19.2
2026-07-29,1040,臺銀,0,2000,-2000,,19.35
2026-07-29,104A,臺銀臺中,2000,4000,-2000,18.95,18.8
2026-07-29,1440,美林,38000,26000,12000,19.2395,19.0827
2026-07-29,1470,台灣摩根,34000,4000,30000,19.1971,19.1625
2026-07-29,1480,美商高盛,19000,25000,-6000,19.2368,19.066
2026-07-29,1560,港商野村,24000,11000,13000,19.2958,18.9409
2026-07-29,1590,花旗環球,13000,0,13000,19.1077,
2026-07-29,1650,瑞銀,40000,23000,17000,19.1612,19.05
2026-07-29,5261,美好蘆洲,0,7,-7,,20.0
2026-07-29,526K,美好富順,0,3000,-3000,,19.2
2026-07-29,5380,第一金證,11000,84000,-73000,19.2864,19.2833
2026-07-29,5381,第一員林,0,10000,-10000,,19.25
2026-07-29,5383,第一高雄,0,4000,-4000,,18.8
2026-07-29,5385,第一桃園,0,2000,-2000,,19.35
2026-07-29,5386,第一彰化,0,124,-124,,19.2
2026-07-29,538N,第一豐原,20,0,20,19.2,
2026-07-29,5856,統一台中,2000,0,2000,18.95,
2026-07-29,585B,統一永和,0,2000,-2000,,18.9
2026-07-29,601d,?亞鑫豐,1,0,1,19.2,
2026-07-29,6110,台中銀,32000,0,32000,18.9562,
2026-07-29,6160,中國信託,3000,0,3000,19.0833,
2026-07-29,6164,中信託文,13000,0,13000,18.9692,
2026-07-29,6620,口袋,0,258,-258,,19.2
2026-07-29,6950,福勝,1000,0,1000,19.4,
2026-07-29,7003,兆豐台中,0,10000,-10000,,19.28
2026-07-29,700B,兆豐板橋,2000,0,2000,19.05,
2026-07-29,700C,兆豐來福,0,23000,-23000,,19.2978
2026-07-29,700U,兆豐桃鶯,1,0,1,19.2,
2026-07-29,700f,兆豐鹿港,0,1000,-1000,,19.15
2026-07-29,700h,兆豐三民,1,0,1,19.4,
2026-07-29,700j,兆豐大安,0,2001,-2001,,18.9001
2026-07-29,7750,北城,1000,1000,0,19.05,19.2
2026-07-29,7790,國票綜合,1,0,1,19.2,
2026-07-29,779Z,國票安和,0,1000,-1000,,19.0
2026-07-29,8440,摩根大通,55100,53000,2100,19.2445,19.1028
2026-07-29,845D,康和板橋,0,235,-235,,19.6187
2026-07-29,8560,新光,15030,0,15030,19.017,
2026-07-29,8561,新光台中,20001,10000,10001,19.1375,18.95
2026-07-29,8840,玉山,4000,0,4000,19.375,
2026-07-29,8849,玉山景美,3000,0,3000,19.05,
2026-07-29,884M,玉山數位,2,0,2,19.2,
2026-07-29,8881,國泰高雄,0,1000,-1000,,19.2
2026-07-29,8882,國泰台中,0,11,-11,,19.2
2026-07-29,8886,國泰新莊,0,5000,-5000,,18.9
2026-07-29,8888,國泰敦南,51,7000,-6949,19.3951,19.2286
2026-07-29,888K,國泰板橋,0,1,-1,,19.2
2026-07-29,9100,群益,2000,2000,0,19.2,19.3
2026-07-29,9105,群益高盛,1000,0,1000,19.25,
2026-07-29,9131,群益民權,6000,8000,-2000,19.0833,19.2875
2026-07-29,9135,群益東大,2000,0,2000,19.15,
2026-07-29,9183,群益高雄,3000,12000,-9000,18.8,19.25
2026-07-29,918i,群益竹南,0,10000,-10000,,19.3
2026-07-29,9200,凱基,2000,0,2000,19.225,
2026-07-29,9206,凱基高雄,0,1000,-1000,,19.3
2026-07-29,920H,凱基基隆,0,1,-1,,19.2
2026-07-29,9215,凱基高美,0,13000,-13000,,19.4
2026-07-29,9234,凱基竹北,1,40000,-39999,19.2,19.3375
2026-07-29,9239,凱基市政,0,3000,-3000,,19.3
2026-07-29,9268,凱基台北,63000,5000,58000,19.254,19.22
2026-07-29,9303,華南高雄,0,1000,-1000,,19.35
2026-07-29,9306,華南台南,6000,0,6000,19.0,
2026-07-29,9328,華南潮州,1,0,1,19.2,
2026-07-29,9329,華南朴子,2000,0,2000,19.1,
2026-07-29,9331,華南鳳山,129,0,129,20.0,
2026-07-29,9377,華南虎尾,0,20,-20,,19.4
2026-07-29,9604,富邦陽明,0,32,-32,,19.4
2026-07-29,961C,富邦南京,0,1000,-1000,,19.0
2026-07-29,9623,富邦台北,5000,0,5000,19.15,
2026-07-29,9625,富邦竹東,0,1000,-1000,,18.95
2026-07-29,962P,富邦頭份,0,2000,-2000,,18.95
2026-07-29,963L,富邦豐原,0,5000,-5000,,19.35
2026-07-29,9658,富邦建國,1000,0,1000,19.05,
2026-07-29,965K,富邦台中,0,11000,-11000,,19.0409
2026-07-29,9686,富邦宜蘭,0,2000,-2000,,19.05
2026-07-29,9692,富邦嘉義,0,3000,-3000,,19.4
2026-07-29,9697,富邦虎尾,0,5000,-5000,,19.2
2026-07-29,9800,元大,5000,8000,-3000,19.09,19.2062
2026-07-29,980D,元大北府,5000,0,5000,18.9,
2026-07-29,981D,元大南投,2000,0,2000,19.25,
2026-07-29,981G,元大彰化,0,2000,-2000,,18.9
2026-07-29,981V,元大民雄,3000,0,3000,19.4,
2026-07-29,981g,元大大里,0,1000,-1000,,19.25
2026-07-29,981p,元大松山,0,4000,-4000,,19.25
2026-07-29,981y,元大善化,0,1,-1,,19.3
2026-07-29,9833,元大敦化,6000,0,6000,19.2917,
2026-07-29,9834,元大中壢,0,1000,-1000,,19.05
2026-07-29,984C,元大新中,0,10000,-10000,,19.32
2026-07-29,984E,元大南勢,5000,0,5000,19.05,
2026-07-29,984H,元大景美,1,0,1,19.4,
2026-07-29,9854,元大興安,1000,0,1000,19.25,
2026-07-29,9875,元大永寧,0,2000,-2000,,19.1
2026-07-29,9889,元大員林,50000,0,50000,19.34,
2026-07-29,988V,元大長庚,0,2000,-2000,,19.15
2026-07-29,9898,元大新莊,0,1000,-1000,,19.3
2026-07-29,989L,元大成功,30,0,30,19.2,
2026-07-29,989S,元大鹿港,0,4000,-4000,,19.15
2026-07-29,989V,元大北重,0,1000,-1000,,18.9
2026-07-29,989W,元大站前,0,5000,-5000,,19.3
2026-07-29,9A00,永豐金,4000,2020,1980,19.1375,19.2
2026-07-29,9A61,永豐鳳山,0,1,-1,,19.2
2026-07-29,9A9D,永豐忠孝,2000,0,2000,19.05,
2026-07-29,9A9H,永豐新莊,0,10000,-10000,,19.35
2026-07-29,9A9L,永豐台中,1,20,-19,20.0,19.2
2026-07-29,9A9R,永豐信義,0,1000,-1000,,19.1
2026-07-29,9A9i,永豐新店,1,0,1,19.3,
2026-07-29,9B00,台新證券,1000,0,1000,19.0,
2026-07-29,9B20,台新台北,0,20000,-20000,,19.0
2026-07-29,9B2D,台新大昌,1,0,1,19.2,
2026-07-29,9B2S,台新基隆,1000,0,1000,19.0,
2026-07-29,9B2U,台新宜蘭,2000,2000,0,18.9,19.15
2026-07-29,9B2a,台新松德,329,0,329,19.2,
2026-07-29,9B2l,台新大裕,0,2000,-2000,,19.275
2026-07-29,9B2r,台新城東,30,0,30,19.2,
2026-07-30,1028,合庫彰化,0,20000,-20000,,19.26
2026-07-30,1040,臺銀,0,15000,-15000,,19.1
2026-07-30,104A,臺銀臺中,2000,2000,0,19.2,19.1
2026-07-30,1440,美林,4000,0,4000,19.275,
2026-07-30,1470,台灣摩根,30000,4000,26000,19.1583,19.275
2026-07-30,1480,美商高盛,30031,3000,27031,19.2382,19.1333
2026-07-30,1560,港商野村,12000,14000,-2000,19.3083,19.1
2026-07-30,1590,花旗環球,1000,0,1000,19.2,
2026-07-30,1650,瑞銀,18000,11000,7000,19.1722,19.1545
2026-07-30,5381,第一員林,1000,0,1000,19.35,
2026-07-30,5385,第一桃園,0,3000,-3000,,19.3
2026-07-30,5386,第一彰化,0,100,-100,,19.1
2026-07-30,538A,第一新興,0,1000,-1000,,19.2
2026-07-30,538I,第一頭份,0,1000,-1000,,19.3
2026-07-30,538W,第一華江,1100,1000,100,19.2818,19.25
2026-07-30,585J,統一三重,0,1025,-1025,,19.25
2026-07-30,6110,台中銀,0,2000,-2000,,19.35
2026-07-30,6114,中銀員林,0,3000,-3000,,19.15
2026-07-30,6115,中銀台北,0,1000,-1000,,19.2
2026-07-30,6383,光和和美,0,1000,-1000,,19.35
2026-07-30,6620,口袋,1001,0,1001,19.3499,
2026-07-30,6950,福勝,0,2000,-2000,,19.2
2026-07-30,700C,兆豐來福,0,1000,-1000,,19.2
2026-07-30,700J,兆豐公益,3000,0,3000,19.2833,
2026-07-30,700f,兆豐鹿港,1,1000,-999,19.3,19.3
2026-07-30,700p,兆豐復興,0,10000,-10000,,19.1
2026-07-30,7790,國票綜合,2,0,2,19.2,
2026-07-30,779m,國票中港,10000,14000,-4000,19.35,19.1
2026-07-30,8440,摩根大通,2000,1000,1000,19.25,19.2
2026-07-30,845A,康和內湖,0,1000,-1000,,19.35
2026-07-30,845D,康和板橋,25,0,25,19.25,
2026-07-30,8560,新光,0,1,-1,,19.25
2026-07-30,8561,新光台中,0,8000,-8000,,19.1562
2026-07-30,8840,玉山,1000,0,1000,19.15,
2026-07-30,884M,玉山數位,0,1,-1,,19.1
2026-07-30,8881,國泰高雄,0,1000,-1000,,19.35
2026-07-30,8882,國泰台中,2000,1,1999,19.15,19.15
2026-07-30,8886,國泰新莊,0,2000,-2000,,19.25
2026-07-30,8888,國泰敦南,50,2058,-2008,19.25,19.248
2026-07-30,9100,群益,1000,1000,0,19.35,19.15
2026-07-30,9131,群益民權,4000,6000,-2000,19.075,19.2667
2026-07-30,9135,群益東大,5000,3000,2000,19.19,19.05
2026-07-30,918G,群益新莊,0,5000,-5000,,19.2
2026-07-30,918J,群益永和,1,0,1,19.3,
2026-07-30,918i,群益竹南,0,2000,-2000,,19.225
2026-07-30,9200,凱基,1000,1000,0,19.2,19.25
2026-07-30,9204,凱基台中,1000,0,1000,19.25,
2026-07-30,920H,凱基基隆,0,3000,-3000,,19.25
2026-07-30,9217,凱基松山,0,1000,-1000,,19.1
2026-07-30,9268,凱基台北,23000,21000,2000,19.1522,19.1738
2026-07-30,9322,華南基隆,0,1,-1,,19.1
2026-07-30,9329,華南朴子,0,3000,-3000,,19.2667
2026-07-30,9604,富邦陽明,0,1003,-1003,,19.2501
2026-07-30,961F,富邦公益,0,1,-1,,19.1
2026-07-30,961P,富邦和美,0,5000,-5000,,19.1
2026-07-30,9621,富邦花蓮,0,100,-100,,19.2
2026-07-30,962C,富邦竹科,0,1,-1,,19.2
2026-07-30,962D,富邦新莊,2000,0,2000,19.3,
2026-07-30,9636,富邦中壢,1,0,1,19.3,
2026-07-30,9647,富邦新竹,0,4000,-4000,,19.275
2026-07-30,965K,富邦台中,3000,7000,-4000,19.1333,19.1
2026-07-30,965U,富邦彰化,1000,1000,0,19.2,19.4
2026-07-30,9666,富邦南屯,0,11000,-11000,,19.25
2026-07-30,9672,富邦員林,0,2000,-2000,,19.3
2026-07-30,9677,富邦三重,0,3000,-3000,,19.4
2026-07-30,9800,元大,0,4000,-4000,,19.05
2026-07-30,981D,元大南投,0,1000,-1000,,19.3
2026-07-30,981V,元大民雄,4000,0,4000,19.2875,
2026-07-30,981e,元大佳里,0,1000,-1000,,19.2
2026-07-30,9853,元大南屯,0,8000,-8000,,19.15
2026-07-30,985C,元大鳳中,1000,0,1000,19.05,
2026-07-30,9872,元大復北,0,1000,-1000,,19.3
2026-07-30,9889,元大員林,50000,0,50000,19.1,
2026-07-30,989E,元大草屯,10000,0,10000,19.25,
2026-07-30,989J,元大彰生,4000,0,4000,19.1,
2026-07-30,989P,元大敦南,0,1,-1,,19.1
2026-07-30,989S,元大鹿港,0,1000,-1000,,19.2
2026-07-30,9A00,永豐金,1,619,-618,19.2,19.2
2026-07-30,9A61,永豐鳳山,0,1000,-1000,,19.2
2026-07-30,9A9D,永豐忠孝,8000,1,7999,19.15,19.1
2026-07-30,9A9H,永豐新莊,0,1000,-1000,,19.35
2026-07-30,9A9L,永豐台中,0,20,-20,,19.25
2026-07-30,9A9R,永豐信義,0,1000,-1000,,19.35
2026-07-30,9A9U,永豐中正,0,2000,-2000,,19.1
2026-07-30,9A9b,永豐虎尾,0,1000,-1000,,19.35
2026-07-30,9A9e,永豐高雄,3,0,3,19.1,
2026-07-30,9A9h,永豐台南,1,0,1,19.2,
2026-07-30,9A9j,永豐嘉義,0,1000,-1000,,19.4
2026-07-30,9B00,台新證券,0,2000,-2000,,19.25
2026-07-30,9B1h,台新台中,2000,2000,0,19.35,19.35
2026-07-30,9B2C,台新潮州,0,2000,-2000,,19.1
2026-07-30,9B2N,台新虎尾,0,2000,-2000,,19.225
2026-07-30,9B2S,台新基隆,0,1000,-1000,,19.4
2026-07-30,9B2a,台新松德,717,2,715,19.2,19.225
2026-07-30,9B2z,台新文心,1,0,1,19.25,
2026-07-31,104A,臺銀臺中,0,2000,-2000,,19.65
2026-07-31,104C,臺銀高雄,0,101,-101,,19.5
2026-07-31,1110,企銀,0,1000,-1000,,19.75
2026-07-31,1440,美林,0,5000,-5000,,19.7
2026-07-31,1470,台灣摩根,16000,1000,15000,19.6812,19.65
2026-07-31,1480,美商高盛,24000,6000,18000,19.6771,19.6583
2026-07-31,1590,花旗環球,8000,0,8000,19.6938,
2026-07-31,1650,瑞銀,8000,8000,0,19.65,19.5812
2026-07-31,5321,高橋龍潭,0,5000,-5000,,19.65
2026-07-31,5382,第一台中,0,9000,-9000,,19.6778
2026-07-31,5386,第一彰化,0,100,-100,,19.65
2026-07-31,538C,第一光復,1000,1000,0,19.55,19.75
2026-07-31,538I,第一頭份,0,1000,-1000,,19.6
2026-07-31,5856,統一台中,0,2000,-2000,,19.65
2026-07-31,5858,統一嘉義,0,5000,-5000,,19.55
2026-07-31,585E,統一新營,0,2000,-2000,,19.7
2026-07-31,585J,統一三重,1000,0,1000,19.8,
2026-07-31,601d,?亞鑫豐,9000,0,9000,19.7222,
2026-07-31,638A,光和嘉義,0,73,-73,,19.75
2026-07-31,6461,大昌樹林,0,1000,-1000,,19.75
2026-07-31,700B,兆豐板橋,0,1000,-1000,,19.6
2026-07-31,700F,兆豐虎尾,0,2000,-2000,,19.7
2026-07-31,700I,兆豐北高,10,0,10,19.7,
2026-07-31,700J,兆豐公益,3000,0,3000,19.7667,
2026-07-31,700d,兆豐彰化,0,1000,-1000,,19.7
2026-07-31,700f,兆豐鹿港,0,2500,-2500,,19.73
2026-07-31,7790,國票綜合,31,2000,-1969,19.6903,19.75
2026-07-31,8440,摩根大通,3000,1000,2000,19.45,19.6
2026-07-31,8456,康和新竹,0,2000,-2000,,19.525
2026-07-31,845D,康和板橋,51,0,51,19.5,
2026-07-31,8560,新光,0,10000,-10000,,19.695
2026-07-31,8561,新光台中,10000,0,10000,19.8,
2026-07-31,8562,新光高雄,5,0,5,19.7,
2026-07-31,8565,新光桃園,51,7000,-6949,19.75,19.7
2026-07-31,8840,玉山,0,5000,-5000,,19.5
2026-07-31,884B,玉山台中,0,1000,-1000,,19.7
2026-07-31,884J,玉山大里,0,5000,-5000,,19.8
2026-07-31,884M,玉山數位,0,1,-1,,19.65
2026-07-31,8882,國泰台中,0,1000,-1000,,19.45
2026-07-31,8884,國泰台南,1,0,1,19.65,
2026-07-31,8888,國泰敦南,75,3000,-2925,19.594,19.45
2026-07-31,888A,國泰館前,1,0,1,19.65,
2026-07-31,9100,群益,1000,1000,0,19.7,19.65
2026-07-31,9131,群益民權,0,4000,-4000,,19.55
2026-07-31,9135,群益東大,7000,0,7000,19.55,
2026-07-31,913U,群益崇德,0,2000,-2000,,19.7
2026-07-31,9183,群益高雄,0,3000,-3000,,19.5
2026-07-31,9184,群益台中,0,50,-50,,19.6
2026-07-31,918D,群益東門,1000,0,1000,19.6,
2026-07-31,918i,群益竹南,0,1000,-1000,,19.75
2026-07-31,9200,凱基,1000,0,1000,19.85,
2026-07-31,9205,凱基三重,0,5000,-5000,,19.7
2026-07-31,9208,凱基桃園,0,2025,-2025,,19.6994
2026-07-31,9212,凱基東港,0,1000,-1000,,19.65
2026-07-31,9215,凱基高美,40000,0,40000,19.5825,
2026-07-31,9234,凱基竹北,2,0,2,19.65,
2026-07-31,9268,凱基台北,10000,4000,6000,19.66,19.6875
2026-07-31,9300,華南永昌,1,0,1,19.7,
2026-07-31,9302,華南台中,22000,1,21999,19.7114,19.65
2026-07-31,9305,華南新莊,1,0,1,19.7,
2026-07-31,9307,華南大安,0,30,-30,,19.65
2026-07-31,9322,華南基隆,0,10000,-10000,,19.75
2026-07-31,9329,華南朴子,0,74,-74,,19.75
2026-07-31,9363,華南彰化,0,100,-100,,19.65
2026-07-31,9604,富邦陽明,0,3032,-3032,,19.65
2026-07-31,961K,富邦七賢,0,2000,-2000,,19.65
2026-07-31,961P,富邦和美,0,20,-20,,19.8
2026-07-31,9625,富邦竹東,0,4000,-4000,,19.75
2026-07-31,962B,富邦二林,0,1000,-1000,,19.7
2026-07-31,963A,富邦八德,2000,0,2000,19.7,
2026-07-31,9647,富邦新竹,0,7000,-7000,,19.75
2026-07-31,965K,富邦台中,2750,0,2750,19.7364,
2026-07-31,965U,富邦彰化,0,1000,-1000,,19.7
2026-07-31,9676,富邦仁愛,3000,3000,0,19.7833,19.6
2026-07-31,9697,富邦虎尾,0,2000,-2000,,19.8
2026-07-31,9800,元大,5000,2000,3000,19.67,19.65
2026-07-31,980D,元大北府,0,2000,-2000,,19.8
2026-07-31,981E,元大發財,0,1000,-1000,,19.75
2026-07-31,981a,元大歸仁,0,4000,-4000,,19.65
2026-07-31,981g,元大大里,4,0,4,19.7,
2026-07-31,981p,元大松山,0,1000,-1000,,19.65
2026-07-31,982B,元大博愛,31,0,31,19.7339,
2026-07-31,9833,元大敦化,26000,0,26000,19.625,
2026-07-31,9838,元大豐原,0,2000,-2000,,19.7
2026-07-31,983G,元大上新,0,1000,-1000,,19.85
2026-07-31,983U,元大頭份,0,2000,-2000,,19.65
2026-07-31,984E,元大南勢,1000,1000,0,19.8,19.7
2026-07-31,9872,元大復北,0,1000,-1000,,19.65
2026-07-31,9875,元大永寧,0,5000,-5000,,19.6
2026-07-31,989G,元大大同,0,1000,-1000,,19.65
2026-07-31,989e,元大中和,0,2000,-2000,,19.8
2026-07-31,9A00,永豐金,5,3000,-2995,19.7,19.55
2026-07-31,9A61,永豐鳳山,0,1000,-1000,,19.75
2026-07-31,9A89,永豐敦北,0,3000,-3000,,19.75
2026-07-31,9A9H,永豐新莊,0,9000,-9000,,19.65
2026-07-31,9A9J,永豐板新,1000,1000,0,19.5,19.45
2026-07-31,9A9X,永豐竹科,0,5000,-5000,,19.55
2026-07-31,9A9e,永豐高雄,1030,0,1030,19.6015,
2026-07-31,9A9j,永豐嘉義,0,1000,-1000,,19.6
2026-07-31,9A9r,永豐北高,0,199,-199,,19.6756
2026-07-31,9B00,台新證券,0,5165,-5165,,19.5064
2026-07-31,9B11,台新新營,0,1000,-1000,,19.6
2026-07-31,9B1h,台新台中,0,1000,-1000,,19.8
2026-07-31,9B25,台新五權,1000,0,1000,19.75,
2026-07-31,9B2B,台新永和,0,400,-400,,19.7
2026-07-31,9B2D,台新大昌,1,0,1,19.75,
2026-07-31,9B2P,台新同大,0,228,-228,,19.7
2026-07-31,9B2S,台新基隆,1000,1000,0,19.6,19.8
2026-07-31,9B2a,台新松德,1046,3001,-1955,19.6582,19.5834
2026-07-31,9B2i,台新中港,0,1000,-1000,,19.75
2026-07-31,9B2r,台新城東,5,0,5,19.7,
2026-07-31,9B2z,台新文心,0,1,-1,,19.65
